v -0.133048 0.328270 -0.163017
v 0.137946 0.327123 -0.166437
v -0.294487 -0.519657 0.017938
v 0.294814 -0.520017 0.018199
v 0.000492 -0.418481 0.707718
v -0.000804 0.117110 0.361576
v 0.000070 -0.090442 -0.405861
v -0.001030 0.406364 -0.711678
v 0.296682 0.060825 -0.268747
v 0.302880 0.021356 0.282766
v -0.297636 0.060369 -0.269122
v -0.300517 0.024200 0.283521
v 0.020003 0.521670 -0.174416
v -0.073049 0.210254 -0.012691
v -0.203617 0.658285 -0.413413
v -0.256485 0.176424 -0.245056
v -0.269581 0.079555 0.069466
v 0.070491 0.210784 -0.013157
v 0.205019 0.658794 -0.413176
v 0.253425 0.177873 -0.244471
v 0.272645 0.077029 0.068386
v -0.001208 -0.563817 0.017561
v -0.213541 -0.634203 0.421073
v -0.172747 -0.493444 -0.295127
v -0.330042 -0.114306 -0.131185
v -0.320460 -0.158025 0.193888
v 0.212566 -0.635711 0.421415
v 0.173125 -0.493372 -0.295078
v 0.329726 -0.115529 -0.131919
v 0.320928 -0.160563 0.193699
v -0.000031 -0.015455 0.704855
v 0.310002 -0.182984 0.562779
v -0.309984 -0.182894 0.562792
v 0.203620 0.054763 0.389140
v -0.203427 0.054889 0.390265
v -0.000119 0.010171 -0.663733
v 0.186519 -0.005851 -0.369408
v -0.186168 -0.006205 -0.368418
v 0.307518 0.192805 -0.600655
v -0.307553 0.191194 -0.599486
v 0.306977 0.063113 -0.003835
v -0.304215 0.069543 -0.003215
v -0.056283 0.449480 -0.168035
v -0.091732 0.266074 -0.128834
v -0.171933 0.472170 -0.247700
v -0.197876 0.275441 -0.200618
v -0.184139 0.190027 -0.087120
v 0.080499 0.445065 -0.172764
v 0.093983 0.266220 -0.129964
v 0.180546 0.471549 -0.251661
v 0.198196 0.275279 -0.201382
v 0.184446 0.189758 -0.087856
v -0.173672 -0.601236 0.015401
v -0.234583 -0.499656 0.178830
v -0.325297 -0.748162 -0.154696
v -0.361378 -0.363106 -0.070525
v -0.313393 -0.339724 0.105852
v 0.172794 -0.601064 0.015507
v 0.234403 -0.502223 0.179125
v 0.325619 -0.747749 -0.154846
v 0.362179 -0.363071 -0.071311
v 0.315033 -0.340205 0.105263
v -0.129994 -0.633176 0.676379
v 0.132136 -0.633127 0.677268
v -0.000020 -0.218102 0.768015
v 0.192721 -0.337711 0.698267
v -0.191993 -0.338173 0.698146
v -0.047032 0.152202 0.191168
v 0.044421 0.152379 0.190666
v 0.000111 0.095210 0.551811
v 0.094887 0.101177 0.396296
v -0.095683 0.101222 0.396680
v -0.064512 -0.237409 -0.368427
v 0.064515 -0.237065 -0.367991
v 0.000472 0.012143 -0.477204
v 0.083725 -0.034309 -0.393748
v -0.083584 -0.035537 -0.393263
v -0.134211 0.603746 -0.618492
v 0.134561 0.603723 -0.618416
v -0.002167 0.181128 -0.791169
v 0.199837 0.317882 -0.741181
v -0.202114 0.317725 -0.740560
v 0.309146 0.094680 -0.269817
v 0.288631 0.016912 -0.193853
v 0.261418 0.031342 -0.326685
v 0.294073 0.107467 -0.398081
v 0.308601 0.059611 -0.153469
v 0.295267 0.040260 0.195229
v 0.310053 -0.020211 0.260272
v 0.302805 -0.061785 0.392080
v 0.275620 0.018214 0.339880
v 0.307583 0.059257 0.160612
v -0.310513 0.093443 -0.270484
v -0.289369 0.016672 -0.194407
v -0.261541 0.031153 -0.326194
v -0.294406 0.106704 -0.397742
v -0.308512 0.060167 -0.154004
v -0.292752 0.044204 0.196926
v -0.307879 -0.019159 0.260068
v -0.301576 -0.060670 0.392743
v -0.273886 0.020089 0.341069
v -0.305330 0.064497 0.161983
v -0.015048 0.373105 -0.144317
v -0.051999 0.578502 -0.252843
v 0.029332 0.375286 -0.145068
v 0.077506 0.580978 -0.264015
v -0.175977 0.157228 0.043270
v -0.001891 0.214338 -0.036514
v -0.148784 0.130791 0.211790
v -0.322559 0.463521 -0.337165
v 0.001586 0.696609 -0.426133
v -0.277009 0.444396 -0.538071
v -0.266047 0.103110 -0.083413
v -0.282425 0.246575 -0.406028
v -0.317793 0.035316 -0.116730
v -0.248631 0.074703 0.224490
v -0.309921 0.030803 0.049897
v 0.175400 0.157420 0.041627
v 0.147297 0.131374 0.210279
v 0.322012 0.461434 -0.339093
v 0.276707 0.445459 -0.538291
v 0.264736 0.104469 -0.083676
v 0.281808 0.248165 -0.405934
v 0.318882 0.034671 -0.116329
v 0.249154 0.074595 0.222174
v 0.313529 0.023623 0.050137
v -0.100260 -0.595751 0.211813
v -0.083524 -0.607570 -0.157098
v 0.090034 -0.582883 0.218559
v 0.083477 -0.607476 -0.157162
v -0.296572 -0.384942 0.308598
v -0.000544 -0.606187 0.465044
v -0.327016 -0.464448 0.561693
v -0.333062 -0.344285 -0.249363
v 0.000101 -0.441621 -0.284868
v -0.189160 -0.185051 -0.325615
v -0.328351 -0.126485 0.023411
v -0.258190 -0.075024 -0.251154
v -0.293873 0.085538 -0.054579
v -0.319720 -0.205286 0.379757
v -0.295574 0.054530 0.098739
v 0.296840 -0.385879 0.308458
v 0.326313 -0.464045 0.560583
v 0.332935 -0.344086 -0.249376
v 0.189305 -0.184327 -0.325772
v 0.330625 -0.127987 0.022147
v 0.258061 -0.074614 -0.251474
v 0.295315 0.078915 -0.056294
v 0.321853 -0.204692 0.379421
v 0.300658 0.051034 0.096722
v 0.185859 -0.101447 0.690227
v -0.186079 -0.101252 0.690047
v 0.148061 0.041507 0.586052
v -0.147674 0.041842 0.585883
v 0.255534 -0.030592 0.508781
v -0.254883 -0.029903 0.509088
v 0.127808 0.011893 -0.526964
v -0.126807 0.011743 -0.526007
v 0.216204 0.068718 -0.734467
v -0.216801 0.068180 -0.733171
v 0.245978 0.058586 -0.501815
v -0.245712 0.057926 -0.500698
v -0.101328 0.387055 -0.158809
v -0.112142 0.300980 -0.145546
v -0.143155 0.391902 -0.190866
v -0.164313 0.306822 -0.179638
v -0.147374 0.254250 -0.144713
v 0.111745 0.384858 -0.164118
v 0.116760 0.300050 -0.147688
v 0.150102 0.390484 -0.195742
v 0.166955 0.305961 -0.181849
v 0.148687 0.253758 -0.146106
v -0.250136 -0.581196 0.017918
v -0.262729 -0.499309 0.083322
v -0.321632 -0.616064 -0.042893
v -0.333617 -0.469651 -0.023589
v -0.303771 -0.434096 0.057388
v 0.250119 -0.581724 0.018363
v 0.262698 -0.500783 0.083765
v 0.322144 -0.615137 -0.043144
v 0.333844 -0.469357 -0.024022
v 0.304675 -0.434616 0.057169
v -0.056570 -0.495011 0.692735
v 0.058034 -0.495052 0.692602
v 0.000348 -0.325826 0.729403
v 0.088441 -0.389410 0.710330
v -0.087571 -0.389501 0.710584
v -0.024094 0.123290 0.289336
v 0.021714 0.123512 0.289159
v -0.000260 0.116530 0.456283
v 0.041023 0.113631 0.383385
v -0.042163 0.113683 0.383467
v -0.025998 -0.149936 -0.396331
v 0.026151 -0.149687 -0.396312
v 0.000105 -0.019993 -0.424936
v 0.038021 -0.066701 -0.404997
v -0.038096 -0.067936 -0.404963
v -0.056455 0.492123 -0.672859
v 0.055638 0.492188 -0.672805
v -0.001681 0.304147 -0.757887
v 0.088913 0.371281 -0.726588
v -0.091380 0.371143 -0.726873
v 0.306520 0.076006 -0.271159
v 0.291166 0.042675 -0.234589
v 0.283354 0.049970 -0.296187
v 0.296245 0.077300 -0.323043
v 0.303892 0.058378 -0.218404
v 0.299296 0.033589 0.246531
v 0.308084 0.016215 0.282521
v 0.301657 -0.011658 0.328851
v 0.292645 0.013832 0.307189
v 0.308387 0.045878 0.236603
v -0.307700 0.075166 -0.271874
v -0.292156 0.042443 -0.234996
v -0.283841 0.049582 -0.296185
v -0.296872 0.076678 -0.323228
v -0.305107 0.058010 -0.219191
v -0.296647 0.037262 0.248004
v -0.306740 0.018209 0.283097
v -0.299675 -0.009682 0.329505
v -0.290588 0.016542 0.308500
v -0.305285 0.048793 0.236001
v -0.006323 0.509217 -0.170179
v 0.046239 0.503706 -0.173433
v 0.009065 0.501159 -0.170855
v 0.005593 0.530458 -0.178387
v 0.024645 0.503866 -0.171454
v 0.035729 0.536140 -0.189777
v -0.077265 0.231300 -0.097445
v -0.065436 0.185949 0.090241
v -0.033217 0.261110 -0.115617
v -0.125345 0.190205 0.017894
v -0.029436 0.214137 -0.032272
v -0.122188 0.186912 0.110993
v -0.215500 0.569375 -0.321075
v -0.189082 0.673951 -0.514750
v -0.132977 0.640566 -0.335050
v -0.431441 0.620839 -0.382121
v -0.152029 0.818091 -0.426035
v -0.278620 0.582522 -0.480672
v -0.226328 0.231401 -0.223557
v -0.288153 0.129567 -0.260291
v -0.248869 0.308170 -0.300108
v -0.261032 0.136082 -0.163256
v -0.265582 0.221976 -0.326079
v -0.294572 0.088669 -0.179878
v -0.227656 0.131898 -0.011320
v -0.291244 0.047920 0.142467
v -0.228471 0.119970 0.061335
v -0.268330 0.085665 -0.006289
v -0.264876 0.078623 0.145778
v -0.301529 0.035709 0.070091
v 0.075936 0.232359 -0.098348
v 0.062571 0.185994 0.089768
v 0.034003 0.261499 -0.115490
v 0.026220 0.214148 -0.032088
v 0.123730 0.190866 0.016677
v 0.119695 0.187983 0.109872
v 0.221739 0.569325 -0.323331
v 0.189054 0.674510 -0.514422
v 0.142625 0.641304 -0.339301
v 0.148736 0.816277 -0.424454
v 0.431591 0.620561 -0.380485
v 0.278656 0.583261 -0.480282
v 0.224959 0.232037 -0.223105
v 0.285191 0.132941 -0.259701
v 0.248186 0.308482 -0.299844
v 0.257904 0.139024 -0.163141
v 0.265038 0.223763 -0.325377
v 0.289335 0.098060 -0.179296
v 0.228960 0.131028 -0.012160
v 0.292123 0.046215 0.139164
v 0.229255 0.118917 0.059936
v 0.269836 0.083509 -0.006625
v 0.266058 0.077397 0.143628
v 0.308170 0.026178 0.071500
v -0.089758 -0.580433 0.015806
v 0.087861 -0.580413 0.016629
v -0.046958 -0.576494 0.114544
v -0.049086 -0.554062 -0.073518
v 0.042978 -0.575719 0.115552
v 0.048309 -0.553510 -0.073527
v -0.217197 -0.529201 0.297691
v -0.182256 -0.811370 0.574021
v -0.141978 -0.575606 0.329014
v -0.270147 -0.508846 0.372108
v -0.103205 -0.655715 0.452917
v -0.315878 -0.637349 0.515515
v -0.250284 -0.731562 -0.282664
v -0.112519 -0.347635 -0.325449
v -0.123971 -0.621117 -0.247718
v -0.272743 -0.461994 -0.292367
v -0.081935 -0.461396 -0.286867
v -0.190296 -0.329294 -0.314456
v -0.361720 -0.227967 -0.104746
v -0.298552 -0.031366 -0.157949
v -0.335053 -0.222462 -0.183866
v -0.339929 -0.115399 -0.055920
v -0.298670 -0.106852 -0.197879
v -0.310655 -0.020363 -0.089102
v -0.320027 -0.246793 0.152387
v -0.314146 -0.080435 0.230048
v -0.314019 -0.269150 0.248430
v -0.322208 -0.138835 0.106561
v -0.318700 -0.184465 0.285748
v -0.312288 -0.050942 0.145459
v 0.216409 -0.532167 0.298451
v 0.183215 -0.811348 0.574013
v 0.139526 -0.578324 0.330361
v 0.102154 -0.656731 0.453601
v 0.269631 -0.510214 0.372107
v 0.315452 -0.637729 0.514442
v 0.250838 -0.731419 -0.282583
v 0.112783 -0.347375 -0.325494
v 0.124425 -0.621179 -0.247822
v 0.082254 -0.461248 -0.286928
v 0.273077 -0.461575 -0.292210
v 0.190358 -0.328935 -0.314488
v 0.359719 -0.230067 -0.105769
v 0.297623 -0.031067 -0.157663
v 0.335177 -0.222659 -0.184547
v 0.341490 -0.116654 -0.057046
v 0.298645 -0.106488 -0.198170
v 0.310568 -0.022733 -0.089698
v 0.320999 -0.248018 0.151986
v 0.315330 -0.083375 0.229766
v 0.315475 -0.269675 0.247993
v 0.324084 -0.140292 0.105738
v 0.320134 -0.185359 0.285465
v 0.314658 -0.053616 0.144640
v -0.000138 -0.109614 0.774782
v 0.000121 0.052813 0.635489
v 0.093228 -0.059213 0.715580
v -0.093374 -0.059113 0.715471
v 0.084022 0.019199 0.656667
v -0.083923 0.019365 0.656519
v 0.268242 -0.263518 0.643483
v 0.311415 -0.117203 0.472612
v 0.312933 -0.307200 0.562505
v 0.325395 -0.204961 0.474006
v 0.262837 -0.144521 0.638004
v 0.286773 -0.093999 0.545918
v -0.268206 -0.263730 0.643659
v -0.310893 -0.116640 0.472986
v -0.312940 -0.307376 0.562891
v -0.325219 -0.204811 0.474304
v -0.262964 -0.144398 0.637819
v -0.286522 -0.093520 0.545979
v 0.150689 0.080019 0.397204
v 0.245692 0.032821 0.368447
v 0.176471 0.090028 0.305551
v 0.226500 0.065896 0.303257
v 0.178506 0.046476 0.482645
v 0.228020 0.017240 0.455826
v -0.151514 0.079855 0.398850
v -0.244702 0.033646 0.369473
v -0.177254 0.089703 0.307180
v -0.225575 0.066120 0.304132
v -0.178460 0.046866 0.483323
v -0.227624 0.018010 0.456616
v 0.000395 0.003652 -0.561764
v -0.001666 0.070215 -0.757798
v 0.079889 0.000685 -0.604522
v -0.078547 0.002785 -0.603483
v 0.103052 0.031883 -0.709647
v -0.103640 0.030485 -0.710401
v 0.134785 -0.015193 -0.380142
v 0.229550 0.010780 -0.352012
v 0.176785 -0.066292 -0.328974
v 0.216375 -0.031375 -0.300300
v 0.159325 0.009446 -0.446549
v 0.211489 0.024988 -0.433642
v -0.134412 -0.015872 -0.379131
v -0.229491 0.010252 -0.351377
v -0.177269 -0.068013 -0.328898
v -0.216333 -0.032353 -0.299985
v -0.158781 0.009212 -0.445364
v -0.211019 0.024488 -0.432702
v 0.294350 0.250146 -0.709014
v 0.294457 0.148421 -0.488845
v 0.287076 0.311503 -0.580796
v 0.291474 0.236245 -0.494237
v 0.301849 0.125610 -0.703832
v 0.289341 0.106529 -0.567704
v -0.295083 0.249235 -0.707794
v -0.294836 0.147372 -0.488283
v -0.287464 0.310043 -0.580256
v -0.292035 0.234790 -0.494067
v -0.301900 0.124799 -0.702249
v -0.289207 0.105615 -0.566421
v 0.309531 0.064142 -0.081646
v 0.306065 0.061587 0.077559
v 0.315459 0.039873 -0.057453
v 0.313084 0.037005 0.024176
v 0.299146 0.085835 -0.031829
v 0.296786 0.087922 0.046769
v -0.308438 0.067457 -0.081612
v -0.302350 0.067660 0.078504
v -0.313601 0.044441 -0.057757
v -0.310032 0.043531 0.024323
v -0.297045 0.094109 -0.030801
v -0.291348 0.096622 0.048665
v -0.073454 0.359399 -0.149195
v -0.103911 0.463066 -0.197463
v -0.028410 0.431924 -0.158382
v -0.045687 0.516399 -0.194719
v -0.138244 0.222831 -0.108281
v -0.051827 0.320193 -0.135347
v -0.130703 0.202421 -0.056375
v -0.192993 0.382443 -0.229697
v -0.119524 0.539917 -0.257528
v -0.259492 0.482233 -0.294499
v -0.185106 0.218681 -0.144472
v -0.230280 0.363127 -0.265206
v -0.224200 0.181836 -0.150387
v -0.181199 0.170357 -0.026655
v -0.226608 0.150411 -0.080512
v 0.085601 0.357164 -0.151231
v 0.120642 0.460867 -0.204874
v 0.052809 0.424707 -0.159136
v 0.080226 0.515821 -0.206205
v 0.138397 0.222886 -0.109138
v 0.060281 0.319575 -0.135944
v 0.129899 0.203020 -0.057285
v 0.196383 0.381769 -0.231838
v 0.136070 0.540463 -0.263689
v 0.262102 0.481285 -0.295964
v 0.185408 0.218461 -0.145128
v 0.230417 0.362573 -0.265567
v 0.222920 0.181764 -0.150595
v 0.181327 0.170052 -0.027781
v 0.226298 0.150712 -0.080928
v -0.205785 -0.541571 0.093573
v -0.229177 -0.745906 -0.031014
v -0.132357 -0.567119 0.104362
v -0.125262 -0.657235 -0.062586
v -0.281200 -0.428543 0.145892
v -0.171814 -0.550546 0.202730
v -0.267099 -0.450032 0.250769
v -0.367808 -0.535109 -0.119766
v -0.161585 -0.790650 -0.163090
v -0.358148 -0.572119 -0.239664
v -0.333323 -0.345529 0.018263
v -0.360938 -0.376728 -0.163540
v -0.349707 -0.232069 -0.021330
v -0.300540 -0.352061 0.201527
v -0.329512 -0.237272 0.063834
v 0.204689 -0.544810 0.095025
v 0.230089 -0.745674 -0.031003
v 0.129640 -0.568856 0.105952
v 0.125189 -0.656880 -0.062345
v 0.281929 -0.429624 0.145799
v 0.171171 -0.557036 0.203476
v 0.267140 -0.451710 0.250829
v 0.368221 -0.534123 -0.120258
v 0.161790 -0.791040 -0.162525
v 0.358173 -0.571054 -0.239550
v 0.334661 -0.345818 0.017558
v 0.360860 -0.376704 -0.164074
v 0.351138 -0.232815 -0.022316
v 0.301354 -0.353012 0.201220
v 0.331361 -0.237946 0.062990
v 0.000775 -0.545599 0.670393
v -0.180313 -0.489673 0.695102
v -0.056788 -0.629146 0.590118
v -0.286914 -0.638242 0.673921
v 0.181884 -0.489148 0.694831
v 0.057195 -0.630052 0.590483
v 0.288435 -0.637371 0.672270
v 0.098463 -0.271089 0.733576
v -0.098147 -0.271087 0.733674
v 0.098281 -0.159400 0.747223
v -0.098414 -0.159340 0.747249
v 0.287726 -0.417039 0.658147
v 0.194958 -0.207724 0.704543
v -0.287145 -0.417771 0.658772
v -0.194973 -0.207826 0.704593
v -0.001355 0.152895 0.186874
v -0.072865 0.119889 0.297614
v -0.021141 0.183662 0.079838
v -0.096918 0.147979 0.201310
v 0.070774 0.120521 0.296676
v 0.018113 0.183709 0.079703
v 0.094760 0.148329 0.200298
v 0.059677 0.105988 0.494827
v -0.059812 0.105811 0.494710
v 0.073568 0.073880 0.584078
v -0.073245 0.074083 0.583897
v 0.123188 0.110568 0.302268
v 0.121123 0.078119 0.497366
v -0.124508 0.110326 0.303564
v -0.121228 0.078356 0.497851
v 0.000150 -0.236072 -0.391192
v -0.078401 -0.136305 -0.377927
v -0.037324 -0.342734 -0.338733
v -0.127830 -0.223231 -0.345586
v 0.078462 -0.135479 -0.378060
v 0.037639 -0.342661 -0.338862
v 0.127837 -0.222765 -0.345305
v 0.045275 0.003220 -0.437251
v -0.044698 0.002862 -0.436778
v 0.059057 0.008949 -0.508257
v -0.058108 0.008856 -0.507683
v 0.130529 -0.105987 -0.356795
v 0.100713 0.006564 -0.445375
v -0.130566 -0.107247 -0.356736
v -0.099948 0.006349 -0.444462
v 0.000269 0.620022 -0.625229
v -0.167798 0.458249 -0.674590
v -0.070562 0.687864 -0.526372
v -0.224759 0.533355 -0.589621
v 0.166721 0.458312 -0.674562
v 0.070910 0.687803 -0.526218
v 0.224371 0.533822 -0.589684
v 0.113843 0.245287 -0.792188
v -0.119240 0.246242 -0.799899
v 0.120973 0.115377 -0.800567
v -0.123772 0.114456 -0.801012
v 0.250085 0.391204 -0.648825
v 0.235812 0.179718 -0.797534
v -0.250809 0.390330 -0.648206
v -0.238268 0.179360 -0.796157
v 0.302849 0.109460 -0.336502
v 0.317107 0.064235 -0.208414
v 0.287989 0.158955 -0.336353
v 0.312923 0.069636 -0.195862
v 0.274908 0.019233 -0.257922
v 0.298606 0.048492 -0.171603
v 0.274581 -0.022317 -0.217817
v 0.297243 0.035585 -0.127233
v 0.278079 0.066748 -0.367644
v 0.250908 -0.006789 -0.280750
v 0.250981 0.046709 -0.406188
v 0.292815 0.167120 -0.410594
v 0.277167 0.088408 -0.455412
v 0.317803 0.050066 -0.136109
v 0.301456 0.070166 -0.103726
v 0.285183 0.034504 0.265997
v 0.306003 0.042301 0.179227
v 0.277903 0.053297 0.211202
v 0.306024 0.034257 0.124683
v 0.310057 -0.050625 0.328779
v 0.304856 0.060160 0.218914
v 0.316504 -0.110171 0.312886
v 0.305622 0.021348 0.182243
v 0.288578 -0.016089 0.374305
v 0.316297 -0.123767 0.393569
v 0.286293 -0.053577 0.452824
v 0.264094 0.046650 0.289321
v 0.265409 -0.004764 0.418814
v 0.310775 0.040495 0.104211
v 0.298881 0.078027 0.132206
v -0.304667 0.108346 -0.336906
v -0.316969 0.063900 -0.209139
v -0.289554 0.157547 -0.336688
v -0.316372 0.062100 -0.197257
v -0.275392 0.018946 -0.258062
v -0.299075 0.048576 -0.171998
v -0.274958 -0.022754 -0.217946
v -0.297300 0.037124 -0.127322
v -0.278416 0.066370 -0.367258
v -0.250976 -0.006894 -0.280341
v -0.250888 0.046357 -0.405365
v -0.293839 0.165796 -0.410614
v -0.277359 0.087443 -0.454726
v -0.317091 0.050401 -0.137068
v -0.300686 0.070788 -0.103383
v -0.283134 0.037322 0.267786
v -0.302669 0.046974 0.179705
v -0.276077 0.055265 0.213207
v -0.302396 0.040293 0.125157
v -0.307998 -0.050016 0.328974
v -0.301809 0.064081 0.219819
v -0.315103 -0.109032 0.313166
v -0.301839 0.023808 0.182882
v -0.286660 -0.014617 0.374957
v -0.314783 -0.123439 0.393914
v -0.285504 -0.052569 0.453381
v -0.262640 0.047918 0.290921
v -0.264487 -0.003624 0.419802
v -0.307440 0.046717 0.104613
v -0.293964 0.082419 0.133805
v 0.008488 0.397245 -0.149545
v -0.006944 0.277071 -0.121709
v 0.014018 0.588856 -0.250952
v -0.043093 0.658506 -0.331858
v 0.008495 0.277445 -0.121745
v 0.056181 0.658556 -0.337738
v -0.168364 0.148731 0.125008
v -0.217400 0.112336 0.137848
v -0.198753 0.102893 0.219555
v -0.344158 0.489750 -0.438928
v -0.273132 0.357516 -0.387182
v -0.284585 0.349614 -0.476845
v -0.303101 0.046621 -0.094370
v -0.308370 0.028469 -0.007632
v -0.313705 0.027798 -0.032224
v 0.167254 0.149838 0.123384
v 0.215985 0.112819 0.135524
v 0.197614 0.103775 0.217138
v 0.343276 0.490491 -0.440691
v 0.273321 0.358468 -0.387452
v 0.284274 0.351055 -0.477204
v 0.298019 0.059260 -0.095755
v 0.309315 0.023976 -0.006980
v 0.316488 0.022480 -0.031629
v -0.002561 -0.585913 0.223590
v -0.050318 -0.595921 0.339272
v -0.000062 -0.521393 -0.156216
v -0.043324 -0.522090 -0.227521
v 0.046709 -0.595487 0.340223
v 0.043506 -0.522205 -0.227636
v -0.306594 -0.434106 0.428180
v -0.314268 -0.298368 0.351695
v -0.320341 -0.318067 0.460003
v -0.261758 -0.266376 -0.297037
v -0.291761 -0.187078 -0.248088
v -0.233807 -0.131839 -0.292843
v -0.311725 -0.016109 -0.015592
v -0.310192 -0.026880 0.062870
v -0.288350 0.096110 0.018214
v 0.306297 -0.434483 0.427664
v 0.315098 -0.298503 0.351296
v 0.320315 -0.318189 0.459515
v 0.261870 -0.265918 -0.296996
v 0.291489 -0.186768 -0.247969
v 0.233554 -0.131097 -0.292786
v 0.314422 -0.020586 -0.017261
v 0.314896 -0.026172 0.061272
v 0.294579 0.087875 0.015351
v 0.167898 -0.019208 0.647246
v 0.238708 -0.058708 0.607744
v -0.167744 -0.019006 0.646990
v -0.238457 -0.058392 0.607493
v 0.210136 0.003373 0.556772
v -0.209842 0.003963 0.556923
v 0.173090 0.014875 -0.630783
v 0.194644 0.029343 -0.526649
v -0.171902 0.014480 -0.629696
v -0.194068 0.028979 -0.525523
v 0.248781 0.057316 -0.619990
v -0.247390 0.057313 -0.618176
v -0.119832 0.354504 -0.161241
v -0.123121 0.316314 -0.154171
v -0.136365 0.356662 -0.173045
v -0.147092 0.319053 -0.170155
v -0.139009 0.295007 -0.156466
v 0.126593 0.353043 -0.165593
v 0.128126 0.315220 -0.157174
v 0.142302 0.355250 -0.177498
v 0.150901 0.318033 -0.173006
v 0.141955 0.294181 -0.158892
v -0.277586 -0.551202 0.018616
v -0.279328 -0.508827 0.045775
v -0.303134 -0.555865 -0.009103
v -0.313068 -0.501986 -0.000185
v -0.299158 -0.480005 0.034994
v 0.277626 -0.551740 0.018818
v 0.279452 -0.509790 0.046277
v 0.303593 -0.555801 -0.009111
v 0.313596 -0.502059 -0.000248
v 0.299467 -0.480635 0.035149
v -0.024153 -0.451417 0.701197
v 0.025285 -0.451456 0.700906
v 0.000433 -0.377565 0.716491
v 0.039601 -0.406058 0.709793
v -0.038530 -0.406046 0.709921
v -0.011538 0.118695 0.330312
v 0.009642 0.118754 0.330199
v -0.000588 0.115895 0.401448
v 0.017347 0.116298 0.372336
v -0.018691 0.116242 0.372712
v -0.010947 -0.116205 -0.401694
v 0.010984 -0.116044 -0.401689
v 0.000044 -0.058905 -0.412556
v 0.017073 -0.080249 -0.406656
v -0.016982 -0.080815 -0.406559
v -0.025136 0.443745 -0.694707
v 0.023683 0.443899 -0.694746
v -0.001221 0.360799 -0.732708
v 0.038613 0.391708 -0.718294
v -0.040622 0.391529 -0.718428
v 0.301354 0.067923 -0.270112
v 0.294058 0.052656 -0.253521
v 0.291269 0.056569 -0.281064
v 0.296249 0.067338 -0.292142
v 0.299976 0.059579 -0.246605
v 0.301564 0.028478 0.268919
v 0.306052 0.020448 0.284618
v 0.302210 0.008216 0.303200
v 0.298768 0.016503 0.293376
v 0.305710 0.032996 0.263573
v -0.302555 0.067228 -0.270621
v -0.294907 0.052327 -0.253849
v -0.291951 0.056213 -0.281377
v -0.297271 0.066847 -0.292424
v -0.301132 0.059057 -0.247132
v -0.298766 0.031815 0.269785
v -0.304138 0.023032 0.285199
v -0.300028 0.010624 0.303798
v -0.296386 0.019358 0.294361
v -0.303285 0.036149 0.264300
v 0.007863 0.519197 -0.172517
v 0.032391 0.517895 -0.174688
v 0.014217 0.516790 -0.172579
v 0.013724 0.527126 -0.176151
v 0.024111 0.517011 -0.173271
v 0.027267 0.527973 -0.179981
v -0.074118 0.218199 -0.061798
v -0.071121 0.200570 0.038982
v -0.046927 0.224939 -0.081125
v -0.099449 0.202990 0.002774
v -0.048936 0.212962 -0.025036
v -0.098363 0.201933 0.050694
v -0.223866 0.620070 -0.365079
v -0.210378 0.695393 -0.463456
v -0.174686 0.670638 -0.378149
v -0.287951 0.629586 -0.396736
v -0.217025 0.793872 -0.423358
v -0.231276 0.628209 -0.446822
v -0.241247 0.204847 -0.234725
v -0.273090 0.151291 -0.253479
v -0.247842 0.235722 -0.274079
v -0.258359 0.155556 -0.203875
v -0.258470 0.199414 -0.285995
v -0.275246 0.131917 -0.212457
v -0.250581 0.104064 0.029206
v -0.282891 0.060511 0.107584
v -0.253719 0.099586 0.067442
v -0.268729 0.081774 0.031475
v -0.269076 0.078805 0.107552
v -0.285987 0.057279 0.070708
v 0.071678 0.218820 -0.062583
v 0.068115 0.200880 0.038456
v 0.044720 0.225257 -0.080842
v 0.046150 0.213231 -0.024891
v 0.097276 0.203509 0.001867
v 0.095351 0.202310 0.049697
v 0.227882 0.620215 -0.366185
v 0.210383 0.696317 -0.463342
v 0.177359 0.671250 -0.379640
v 0.216364 0.796467 -0.424089
v 0.289463 0.629183 -0.396250
v 0.232260 0.628732 -0.446057
v 0.239097 0.205927 -0.234027
v 0.269570 0.153259 -0.253118
v 0.246879 0.237226 -0.273377
v 0.254868 0.157531 -0.203553
v 0.256876 0.201207 -0.285304
v 0.271064 0.135872 -0.212005
v 0.253582 0.102292 0.028608
v 0.285199 0.057555 0.105706
v 0.257690 0.097289 0.066621
v 0.271255 0.079289 0.030805
v 0.271030 0.076842 0.105794
v 0.288817 0.053867 0.069574
v -0.046099 -0.569430 0.017311
v 0.043974 -0.568871 0.017575
v -0.023933 -0.571800 0.065814
v -0.024383 -0.553476 -0.029848
v 0.020828 -0.571468 0.066062
v 0.022830 -0.553119 -0.029817
v -0.214262 -0.554092 0.370405
v -0.216258 -0.767358 0.466294
v -0.171936 -0.583439 0.386581
v -0.250090 -0.570215 0.403759
v -0.159682 -0.668574 0.436838
v -0.269811 -0.662138 0.461342
v -0.209044 -0.595866 -0.289420
v -0.141091 -0.413697 -0.307920
v -0.152131 -0.569629 -0.278197
v -0.224279 -0.491219 -0.297982
v -0.125450 -0.479673 -0.290545
v -0.184578 -0.410495 -0.306223
v -0.352786 -0.162328 -0.118308
v -0.311685 -0.070013 -0.144203
v -0.334862 -0.165494 -0.156095
v -0.343210 -0.108338 -0.093773
v -0.315371 -0.114038 -0.166113
v -0.321289 -0.067649 -0.109206
v -0.321453 -0.201284 0.173755
v -0.317449 -0.118024 0.212735
v -0.319212 -0.212919 0.220276
v -0.321251 -0.147243 0.149584
v -0.319346 -0.171025 0.239416
v -0.317518 -0.104809 0.169226
v 0.212703 -0.556898 0.371525
v 0.215736 -0.767168 0.466180
v 0.170135 -0.585206 0.387805
v 0.158430 -0.669655 0.437516
v 0.249246 -0.571576 0.404393
v 0.269202 -0.662898 0.460841
v 0.209739 -0.595866 -0.289495
v 0.141253 -0.413621 -0.307689
v 0.152591 -0.569659 -0.278155
v 0.125654 -0.479623 -0.290658
v 0.224659 -0.491117 -0.297939
v 0.184923 -0.410399 -0.306164
v 0.351082 -0.165228 -0.119425
v 0.311480 -0.071057 -0.144668
v 0.334484 -0.166367 -0.156781
v 0.343383 -0.110197 -0.094750
v 0.315512 -0.113749 -0.166570
v 0.321204 -0.069153 -0.109774
v 0.322010 -0.203189 0.173460
v 0.318490 -0.120405 0.212433
v 0.320101 -0.214354 0.220001
v 0.322183 -0.149537 0.149179
v 0.320079 -0.173004 0.239256
v 0.318818 -0.107277 0.168748
v -0.000099 -0.060345 0.735588
v 0.000028 0.022362 0.672239
v 0.046178 -0.037149 0.715429
v -0.046328 -0.037085 0.715348
v 0.043850 0.003286 0.684205
v -0.043857 0.003367 0.684081
v 0.293064 -0.222655 0.604933
v 0.316973 -0.147170 0.518437
v 0.310920 -0.241269 0.562872
v 0.323855 -0.195726 0.520346
v 0.290099 -0.165145 0.602464
v 0.300923 -0.134413 0.557220
v -0.293116 -0.222674 0.604924
v -0.316954 -0.146824 0.518676
v -0.310875 -0.241360 0.563014
v -0.323934 -0.195556 0.520518
v -0.290085 -0.165092 0.602324
v -0.300817 -0.134112 0.557206
v 0.178195 0.067344 0.394782
v 0.226063 0.043058 0.380021
v 0.191095 0.072003 0.350044
v 0.215649 0.060106 0.346015
v 0.191140 0.050120 0.434158
v 0.215231 0.036882 0.423709
v -0.178355 0.067351 0.395918
v -0.225426 0.043526 0.380966
v -0.191985 0.071597 0.352562
v -0.215538 0.060074 0.347732
v -0.190727 0.050387 0.434716
v -0.214612 0.037388 0.424260
v 0.000443 -0.003320 -0.612903
v -0.000905 0.035389 -0.712963
v 0.043663 0.001871 -0.636754
v -0.043229 0.000492 -0.637210
v 0.048675 0.022307 -0.686557
v -0.049628 0.018491 -0.689113
v 0.161178 -0.010037 -0.374451
v 0.209361 0.001613 -0.361875
v 0.177323 -0.024875 -0.340808
v 0.200643 -0.016371 -0.332637
v 0.173001 0.003137 -0.407281
v 0.197880 0.009808 -0.400930
v -0.160714 -0.010620 -0.373421
v -0.209199 0.001040 -0.361030
v -0.177093 -0.025895 -0.340190
v -0.200337 -0.017188 -0.331837
v -0.172573 0.002698 -0.406234
v -0.197520 0.009320 -0.399912
v 0.312940 0.218952 -0.662071
v 0.299542 0.170113 -0.542055
v 0.298977 0.249825 -0.595484
v 0.297447 0.218387 -0.544323
v 0.315996 0.159745 -0.659435
v 0.307763 0.142438 -0.593122
v -0.313427 0.217339 -0.661154
v -0.299927 0.168646 -0.541256
v -0.299047 0.248301 -0.594561
v -0.297840 0.216929 -0.543842
v -0.315866 0.158402 -0.657852
v -0.308035 0.140733 -0.592217
v 0.308194 0.063900 -0.043278
v 0.306197 0.062419 0.036516
v 0.311344 0.051271 -0.030140
v 0.310386 0.050169 0.010095
v 0.303359 0.075733 -0.017827
v 0.302252 0.075341 0.021774
v -0.306419 0.069226 -0.042897
v -0.302920 0.069019 0.037389
v -0.309182 0.056708 -0.029969
v -0.307437 0.056345 0.010496
v -0.300907 0.083130 -0.017076
v -0.298543 0.082994 0.022927
v -0.080194 0.418278 -0.163427
v -0.029289 0.482358 -0.169639
v -0.064658 0.405974 -0.158237
v -0.076623 0.457872 -0.178157
v -0.040721 0.441373 -0.162349
v -0.047829 0.488390 -0.178248
v -0.101430 0.283904 -0.137601
v -0.083533 0.248023 -0.117079
v -0.082257 0.312243 -0.139597
v -0.114117 0.241941 -0.120976
v -0.071586 0.292992 -0.132155
v -0.108199 0.227765 -0.103825
v -0.154752 0.430074 -0.216846
v -0.193626 0.518721 -0.282109
v -0.135516 0.467635 -0.221793
v -0.186246 0.429944 -0.239629
v -0.148955 0.508852 -0.254020
v -0.212983 0.477088 -0.272125
v -0.181888 0.292403 -0.189755
v -0.211871 0.254869 -0.212096
v -0.196011 0.330477 -0.216794
v -0.187304 0.241305 -0.172602
v -0.212741 0.315730 -0.231272
v -0.204827 0.222308 -0.179496
v -0.163859 0.219474 -0.120697
v -0.205442 0.160760 -0.050344
v -0.161764 0.206650 -0.095732
v -0.185030 0.203069 -0.115556
v -0.182804 0.179218 -0.057798
v -0.205629 0.171412 -0.082316
v 0.096251 0.415754 -0.167955
v 0.062734 0.476260 -0.173541
v 0.082153 0.403042 -0.160778
v 0.097845 0.454425 -0.185316
v 0.066050 0.434904 -0.164658
v 0.079043 0.484185 -0.185722
v 0.105056 0.283420 -0.139239
v 0.083914 0.248739 -0.118031
v 0.089221 0.311268 -0.141083
v 0.114648 0.242217 -0.122011
v 0.076773 0.292684 -0.133108
v 0.107747 0.228310 -0.104808
v 0.163142 0.428996 -0.221626
v 0.201587 0.518696 -0.285267
v 0.148120 0.466425 -0.227845
v 0.191891 0.429114 -0.242719
v 0.161252 0.508814 -0.258866
v 0.218207 0.476640 -0.274646
v 0.183255 0.291842 -0.191264
v 0.211310 0.255158 -0.212099
v 0.197717 0.330090 -0.218329
v 0.187490 0.241116 -0.173327
v 0.213185 0.315620 -0.231975
v 0.204290 0.222717 -0.179467
v 0.164636 0.219021 -0.121461
v 0.205963 0.160373 -0.051141
v 0.162059 0.206502 -0.096623
v 0.185272 0.202921 -0.116372
v 0.183166 0.179038 -0.058674
v 0.205825 0.171327 -0.082969
v -0.214105 -0.599246 0.017209
v -0.132389 -0.591344 0.013751
v -0.192232 -0.559618 0.046290
v -0.197536 -0.655973 -0.013444
v -0.153662 -0.565912 0.049721
v -0.152025 -0.636077 -0.020952
v -0.247539 -0.495791 0.128008
v -0.224227 -0.510726 0.235096
v -0.219609 -0.521759 0.137981
v -0.259914 -0.466448 0.163270
v -0.205083 -0.527586 0.191929
v -0.250610 -0.476008 0.216445
v -0.336642 -0.691455 -0.089126
v -0.288596 -0.762637 -0.222088
v -0.281160 -0.769854 -0.089334
v -0.358852 -0.640861 -0.140185
v -0.252916 -0.794395 -0.158142
v -0.350470 -0.678736 -0.208214
v -0.348961 -0.422533 -0.047895
v -0.366712 -0.296141 -0.089418
v -0.364218 -0.442530 -0.095468
v -0.346843 -0.353374 -0.025331
v -0.366743 -0.372571 -0.116813
v -0.357882 -0.293249 -0.045610
v -0.308576 -0.386922 0.081539
v -0.317144 -0.293134 0.129731
v -0.298715 -0.386313 0.126668
v -0.322509 -0.340555 0.061498
v -0.305904 -0.343521 0.152371
v -0.323774 -0.289919 0.084737
v 0.213784 -0.599447 0.017415
v 0.131162 -0.591150 0.014307
v 0.190825 -0.560966 0.047193
v 0.197531 -0.655849 -0.013301
v 0.151599 -0.567266 0.050950
v 0.151500 -0.635809 -0.020692
v 0.247618 -0.497630 0.128287
v 0.224003 -0.513586 0.235642
v 0.219160 -0.524745 0.138573
v 0.260202 -0.468273 0.163563
v 0.204577 -0.531455 0.192719
v 0.250789 -0.477861 0.216577
v 0.336980 -0.690412 -0.089342
v 0.288965 -0.762362 -0.222023
v 0.281883 -0.769360 -0.089436
v 0.359178 -0.639809 -0.140492
v 0.253605 -0.794184 -0.157977
v 0.350625 -0.678164 -0.208393
v 0.349853 -0.422185 -0.048579
v 0.366680 -0.296766 -0.090385
v 0.364443 -0.441986 -0.096063
v 0.348279 -0.353462 -0.026155
v 0.366660 -0.372649 -0.117531
v 0.360069 -0.293270 -0.046714
v 0.310001 -0.387376 0.081090
v 0.318953 -0.293576 0.129045
v 0.299870 -0.387029 0.126375
v 0.324078 -0.340945 0.060810
v 0.307238 -0.344176 0.152002
v 0.325632 -0.290318 0.083986
v -0.093187 -0.551171 0.684029
v -0.156138 -0.759603 0.670968
v -0.063092 -0.579298 0.666717
v -0.162592 -0.569924 0.691660
v -0.088402 -0.653972 0.643079
v -0.216391 -0.685226 0.701153
v 0.095162 -0.551070 0.684707
v 0.158689 -0.758949 0.672537
v 0.064437 -0.579802 0.666830
v 0.165128 -0.569426 0.692475
v 0.089467 -0.654148 0.644548
v 0.220171 -0.684569 0.700798
v 0.000178 -0.271475 0.744650
v 0.000006 -0.169888 0.824845
v 0.049272 -0.244025 0.748992
v -0.049241 -0.243891 0.749261
v 0.049854 -0.189697 0.769637
v -0.049848 -0.189753 0.769749
v 0.140787 -0.367219 0.707248
v 0.237112 -0.302257 0.677458
v 0.189037 -0.411070 0.695091
v 0.146784 -0.301828 0.717572
v 0.240951 -0.376877 0.680487
v 0.194023 -0.270236 0.701580
v -0.139926 -0.367491 0.707392
v -0.237002 -0.302478 0.677714
v -0.188228 -0.411439 0.695526
v -0.146197 -0.302098 0.717402
v -0.240222 -0.377382 0.680682
v -0.193870 -0.270414 0.701683
v -0.035945 0.137245 0.240785
v -0.056988 0.168382 0.140748
v -0.023869 0.152771 0.187949
v -0.060025 0.135842 0.244631
v -0.033808 0.168227 0.136292
v -0.071448 0.150909 0.195722
v 0.033606 0.137364 0.240617
v 0.054228 0.168590 0.140291
v 0.021173 0.152715 0.187903
v 0.057797 0.136094 0.244150
v 0.031009 0.168278 0.135950
v 0.068979 0.151305 0.195060
v -0.000019 0.109270 0.506551
v 0.000133 0.076539 0.594827
v 0.032529 0.102567 0.527758
v -0.032384 0.102646 0.527684
v 0.035728 0.085455 0.570648
v -0.035467 0.085564 0.570526
v 0.067202 0.108560 0.391254
v 0.123025 0.091405 0.398482
v 0.082870 0.110824 0.346303
v 0.078374 0.101627 0.444349
v 0.109649 0.104337 0.349027
v 0.107515 0.090661 0.447131
v -0.068260 0.108744 0.391559
v -0.123625 0.091392 0.398920
v -0.084059 0.110920 0.346472
v -0.078867 0.101563 0.444465
v -0.110701 0.104201 0.349828
v -0.107912 0.090654 0.447443
v -0.044091 -0.190274 -0.386347
v -0.087156 -0.289670 -0.346594
v -0.033065 -0.236163 -0.386581
v -0.072846 -0.186409 -0.373416
v -0.052702 -0.289541 -0.358914
v -0.096174 -0.233019 -0.355915
v 0.044170 -0.189981 -0.386310
v 0.087344 -0.289380 -0.346358
v 0.033443 -0.236027 -0.386570
v 0.072907 -0.185922 -0.373235
v 0.052991 -0.289283 -0.358901
v 0.096139 -0.232576 -0.355583
v 0.000255 0.004844 -0.445968
v 0.000417 0.008250 -0.516611
v 0.024401 0.010570 -0.458209
v -0.023660 0.010486 -0.457896
v 0.027988 0.010174 -0.494216
v -0.027133 0.010290 -0.493922
v 0.060528 -0.051079 -0.400488
v 0.108709 -0.022599 -0.386565
v 0.081790 -0.084996 -0.384596
v 0.064434 -0.011647 -0.415380
v 0.105925 -0.068676 -0.374697
v 0.090389 -0.004896 -0.413897
v -0.060532 -0.052793 -0.400509
v -0.108372 -0.023306 -0.385651
v -0.081747 -0.086078 -0.384321
v -0.064122 -0.012338 -0.414805
v -0.106090 -0.070309 -0.374664
v -0.089810 -0.005096 -0.412932
v -0.093134 0.546270 -0.647883
v -0.160048 0.633977 -0.566197
v -0.067547 0.611658 -0.620287
v -0.154266 0.532936 -0.649559
v -0.101180 0.649197 -0.572693
v -0.190709 0.580452 -0.614262
v 0.092759 0.546226 -0.647961
v 0.160066 0.634199 -0.565969
v 0.067982 0.611677 -0.620270
v 0.153842 0.533003 -0.649677
v 0.101334 0.649107 -0.572638
v 0.190933 0.580591 -0.614256
v -0.002072 0.243257 -0.780178
v -0.002045 0.121967 -0.783432
v 0.057551 0.211994 -0.791906
v -0.061952 0.211799 -0.795300
v 0.059285 0.150279 -0.794171
v -0.063497 0.148367 -0.798444
v 0.144078 0.346747 -0.736050
v 0.252131 0.285007 -0.734293
v 0.180788 0.386845 -0.703687
v 0.164963 0.282392 -0.783214
v 0.229106 0.355691 -0.697252
v 0.224689 0.249185 -0.787451
v -0.146305 0.346603 -0.736015
v -0.254369 0.284470 -0.733705
v -0.182288 0.386618 -0.703262
v -0.167968 0.282480 -0.782550
v -0.230510 0.355179 -0.696627
v -0.227426 0.249141 -0.785382
v 0.309846 0.084431 -0.271272
v 0.298575 0.113066 -0.265325
v 0.306271 0.103833 -0.304168
v 0.314172 0.075431 -0.238092
v 0.297715 0.124604 -0.302146
v 0.313316 0.080982 -0.234023
v 0.289234 0.031076 -0.214394
v 0.290614 -0.002028 -0.174175
v 0.282050 0.016256 -0.225836
v 0.293902 0.034850 -0.182220
v 0.282384 -0.002598 -0.205953
v 0.294153 0.022633 -0.161179
v 0.273516 0.041288 -0.311648
v 0.246919 0.020960 -0.340337
v 0.268086 0.024513 -0.291230
v 0.269241 0.048859 -0.348052
v 0.255200 0.013035 -0.304048
v 0.255735 0.039022 -0.364740
v 0.295345 0.090813 -0.358553
v 0.293118 0.127266 -0.441267
v 0.299049 0.110809 -0.367667
v 0.287281 0.085820 -0.384570
v 0.295990 0.134331 -0.406887
v 0.287090 0.099728 -0.427512
v 0.306802 0.058387 -0.186992
v 0.309364 0.062013 -0.118445
v 0.312468 0.059720 -0.180050
v 0.303445 0.056807 -0.162306
v 0.313106 0.057343 -0.144907
v 0.305003 0.063222 -0.128296
v 0.297044 0.037282 0.221499
v 0.293742 0.042923 0.167744
v 0.290208 0.038861 0.230577
v 0.301377 0.039381 0.187084
v 0.287469 0.045072 0.203519
v 0.300790 0.038526 0.160217
v 0.308719 0.002714 0.273358
v 0.312361 -0.049453 0.245725
v 0.310785 -0.037612 0.295607
v 0.306840 0.025724 0.239628
v 0.313425 -0.065162 0.284775
v 0.307898 0.001278 0.222680
v 0.301535 -0.035770 0.358260
v 0.305830 -0.089157 0.430154
v 0.307460 -0.058625 0.360952
v 0.295388 -0.037269 0.385170
v 0.310030 -0.090419 0.394890
v 0.296239 -0.059718 0.422907
v 0.285149 0.014443 0.322965
v 0.262661 0.024471 0.355433
v 0.280563 0.027497 0.302609
v 0.281871 0.002097 0.359099
v 0.270065 0.032839 0.316983
v 0.270235 0.007237 0.377995
v 0.308581 0.054695 0.200936
v 0.306516 0.060721 0.119088
v 0.308445 0.049163 0.170790
v 0.305064 0.066205 0.191672
v 0.308602 0.050404 0.131430
v 0.304461 0.070835 0.148329
v -0.311159 0.083498 -0.272044
v -0.300532 0.110588 -0.265926
v -0.307712 0.102895 -0.304614
v -0.315086 0.074577 -0.239014
v -0.299469 0.123147 -0.302633
v -0.314179 0.079132 -0.234676
v -0.289985 0.030837 -0.214708
v -0.291597 -0.003099 -0.175031
v -0.282622 0.015867 -0.226197
v -0.294640 0.034818 -0.182533
v -0.283237 -0.003297 -0.206472
v -0.294707 0.022419 -0.161760
v -0.273793 0.041118 -0.311520
v -0.246947 0.020593 -0.339633
v -0.268216 0.024434 -0.290975
v -0.269310 0.048556 -0.347627
v -0.255237 0.012794 -0.303558
v -0.255723 0.038792 -0.364010
v -0.295794 0.090031 -0.358593
v -0.293276 0.126336 -0.440655
v -0.300312 0.109820 -0.367785
v -0.287008 0.085277 -0.384182
v -0.296618 0.133341 -0.406633
v -0.287010 0.099016 -0.426931
v -0.307358 0.058294 -0.187740
v -0.308961 0.063541 -0.118541
v -0.312510 0.059869 -0.180813
v -0.303788 0.057319 -0.162670
v -0.312919 0.058134 -0.145522
v -0.304615 0.063906 -0.128266
v -0.294589 0.041205 0.223333
v -0.291218 0.046623 0.169475
v -0.287857 0.042206 0.232276
v -0.298403 0.043893 0.188231
v -0.285066 0.048156 0.205084
v -0.297563 0.043451 0.161168
v -0.306652 0.001828 0.272312
v -0.310518 -0.047028 0.245906
v -0.308807 -0.037144 0.295397
v -0.304075 0.025910 0.238736
v -0.311569 -0.064065 0.284848
v -0.305234 0.003791 0.222747
v -0.300026 -0.034042 0.359065
v -0.304802 -0.088418 0.430578
v -0.305668 -0.057815 0.361271
v -0.293934 -0.035869 0.385861
v -0.308782 -0.089701 0.395280
v -0.294978 -0.058761 0.423411
v -0.283256 0.016781 0.324399
v -0.261218 0.025729 0.356468
v -0.278765 0.029885 0.304278
v -0.280149 0.003897 0.360175
v -0.268224 0.034544 0.318088
v -0.268976 0.008679 0.379195
v -0.306520 0.059180 0.201969
v -0.303185 0.066364 0.120134
v -0.305857 0.054015 0.171680
v -0.303125 0.070550 0.192790
v -0.305996 0.056038 0.132502
v -0.300964 0.076041 0.149643
v -0.000389 0.450608 -0.161676
v -0.025248 0.312064 -0.129970
v -0.020071 0.410454 -0.153069
v -0.032535 0.347148 -0.139497
v -0.001353 0.390949 -0.148048
v -0.011035 0.326524 -0.133183
v -0.018231 0.551478 -0.211124
v -0.090024 0.607567 -0.293716
v -0.048609 0.543907 -0.219456
v -0.086414 0.563621 -0.257000
v -0.018229 0.585658 -0.247247
v -0.050672 0.618689 -0.289173
v 0.023156 0.460784 -0.163953
v 0.032163 0.312833 -0.130161
v 0.039995 0.409528 -0.153669
v 0.044197 0.347148 -0.139992
v 0.017622 0.393693 -0.148846
v 0.019250 0.327623 -0.133529
v 0.054632 0.557269 -0.228277
v 0.106985 0.608511 -0.301276
v 0.080658 0.546180 -0.233476
v 0.107969 0.564829 -0.266023
v 0.045938 0.588200 -0.259296
v 0.069954 0.619651 -0.299037
v -0.150650 0.174435 0.031462
v -0.201956 0.139108 0.053097
v -0.153544 0.179807 -0.006148
v -0.179030 0.162944 0.006717
v -0.172219 0.152735 0.082704
v -0.197792 0.134503 0.091309
v -0.014486 0.214270 -0.035602
v 0.010889 0.214293 -0.035616
v -0.009955 0.198876 0.022183
v 0.006585 0.198987 0.022193
v -0.005219 0.230590 -0.095383
v 0.001100 0.230614 -0.095373
v -0.135360 0.156252 0.162039
v -0.162965 0.108859 0.260503
v -0.123124 0.141439 0.206652
v -0.137040 0.119832 0.257054
v -0.159963 0.141497 0.168003
v -0.174077 0.117214 0.216254
v -0.446103 0.561758 -0.336798
v -0.247958 0.396209 -0.326257
v -0.307853 0.483517 -0.313696
v -0.250193 0.419969 -0.301658
v -0.403309 0.493123 -0.374557
v -0.279887 0.425781 -0.370237
v -0.070958 0.714362 -0.425780
v 0.072673 0.714581 -0.425739
v -0.036907 0.699301 -0.475126
v 0.037960 0.699267 -0.475022
v -0.026580 0.686202 -0.379296
v 0.034090 0.686565 -0.380533
v -0.281835 0.514355 -0.511419
v -0.278277 0.375758 -0.560897
v -0.255494 0.488823 -0.565058
v -0.262939 0.419091 -0.592749
v -0.301124 0.468680 -0.487782
v -0.282518 0.399065 -0.510448
v -0.263688 0.117997 -0.123034
v -0.267618 0.092449 -0.044484
v -0.244862 0.142187 -0.118214
v -0.246551 0.128100 -0.080929
v -0.285243 0.075455 -0.087705
v -0.287966 0.063189 -0.046186
v -0.275245 0.239103 -0.365590
v -0.287545 0.244976 -0.448483
v -0.283015 0.197789 -0.371897
v -0.288412 0.203051 -0.410497
v -0.277109 0.297877 -0.397898
v -0.283473 0.297846 -0.441383
v -0.316343 0.042251 -0.148111
v -0.317970 0.033797 -0.086797
v -0.320048 0.043614 -0.158196
v -0.319412 0.038101 -0.128190
v -0.314955 0.033618 -0.105078
v -0.315591 0.030115 -0.074515
v -0.258222 0.077218 0.184998
v -0.236639 0.071211 0.263281
v -0.265379 0.064242 0.220744
v -0.257640 0.060774 0.260787
v -0.234181 0.092244 0.182278
v -0.223985 0.088346 0.222468
v -0.307504 0.031495 0.060939
v -0.311757 0.031695 0.038477
v -0.306825 0.035185 0.088490
v -0.309179 0.035975 0.078003
v -0.309808 0.028255 0.021391
v -0.312109 0.028097 0.009481
v 0.149385 0.174918 0.030042
v 0.201507 0.138976 0.051534
v 0.152605 0.180262 -0.007292
v 0.178570 0.163024 0.005569
v 0.171278 0.153316 0.080975
v 0.196608 0.134760 0.089413
v 0.133605 0.157075 0.160803
v 0.161602 0.109646 0.258454
v 0.121202 0.141898 0.205598
v 0.135450 0.120185 0.255715
v 0.158665 0.142334 0.166461
v 0.172549 0.118207 0.214072
v 0.445823 0.557521 -0.336131
v 0.248345 0.395119 -0.326027
v 0.308524 0.481768 -0.314433
v 0.249897 0.418837 -0.301867
v 0.399437 0.490376 -0.384234
v 0.280037 0.425064 -0.371939
v 0.281721 0.515158 -0.511163
v 0.277838 0.377027 -0.561253
v 0.255307 0.489666 -0.565251
v 0.262507 0.420090 -0.592952
v 0.300923 0.469994 -0.488005
v 0.282349 0.400705 -0.510347
v 0.261360 0.120311 -0.123185
v 0.267748 0.091695 -0.044648
v 0.243455 0.143159 -0.118404
v 0.246005 0.128081 -0.081219
v 0.282343 0.080172 -0.088343
v 0.286450 0.065079 -0.046834
v 0.274685 0.240784 -0.365028
v 0.287171 0.246471 -0.448504
v 0.282251 0.199492 -0.371554
v 0.287602 0.204824 -0.410208
v 0.277000 0.299249 -0.397810
v 0.283083 0.299164 -0.441524
v 0.307347 0.060573 -0.147429
v 0.318787 0.029619 -0.086422
v 0.320358 0.046324 -0.157129
v 0.320404 0.037872 -0.127159
v 0.315494 0.033416 -0.105110
v 0.317618 0.026934 -0.074151
v 0.259801 0.076432 0.183185
v 0.236948 0.071277 0.261255
v 0.267128 0.063298 0.218794
v 0.259214 0.060082 0.259266
v 0.233462 0.092600 0.179708
v 0.223184 0.088908 0.219852
v 0.310822 0.024172 0.060969
v 0.315220 0.024508 0.038589
v 0.310415 0.028346 0.088356
v 0.312798 0.029263 0.077871
v 0.312803 0.021404 0.022004
v 0.315307 0.021505 0.010068
v -0.071216 -0.581966 0.163989
v -0.117826 -0.580487 0.271151
v -0.113908 -0.575857 0.158788
v -0.135519 -0.570875 0.210198
v -0.049981 -0.587695 0.220782
v -0.073563 -0.589761 0.276503
v -0.071654 -0.572037 -0.114918
v -0.098775 -0.631003 -0.203490
v -0.100643 -0.647667 -0.110113
v -0.106888 -0.700148 -0.160639
v -0.051480 -0.539647 -0.156673
v -0.067492 -0.558540 -0.195880
v 0.065849 -0.579161 0.166380
v 0.114243 -0.582235 0.273080
v 0.110118 -0.576255 0.161145
v 0.137052 -0.585973 0.209746
v 0.043906 -0.584319 0.222864
v 0.068328 -0.587462 0.278811
v 0.071410 -0.571571 -0.115013
v 0.098999 -0.631089 -0.203656
v 0.100617 -0.647170 -0.110114
v 0.106692 -0.700381 -0.160793
v 0.051465 -0.539523 -0.156918
v 0.067595 -0.558561 -0.196043
v -0.284558 -0.445918 0.340198
v -0.306546 -0.326082 0.277848
v -0.283063 -0.420236 0.281432
v -0.297823 -0.365455 0.253385
v -0.299817 -0.408368 0.366710
v -0.306894 -0.343817 0.332090
v -0.053071 -0.620820 0.462707
v 0.051966 -0.620376 0.463274
v -0.030361 -0.596214 0.529783
v 0.030555 -0.595988 0.530115
v -0.026399 -0.604608 0.401660
v 0.024002 -0.604956 0.401914
v -0.317665 -0.553525 0.545967
v -0.320915 -0.381111 0.564055
v -0.322965 -0.556625 0.622474
v -0.317283 -0.450640 0.619212
v -0.315796 -0.456022 0.493459
v -0.320580 -0.385726 0.506799
v -0.313282 -0.408419 -0.277428
v -0.336774 -0.281400 -0.215759
v -0.347620 -0.448516 -0.246874
v -0.352185 -0.368278 -0.209825
v -0.297104 -0.309293 -0.274805
v -0.312753 -0.257718 -0.248659
v -0.040649 -0.447004 -0.285322
v 0.040955 -0.447057 -0.285330
v -0.019449 -0.394436 -0.312431
v 0.019755 -0.394395 -0.312434
v -0.020951 -0.484040 -0.256641
v 0.021249 -0.484152 -0.256631
v -0.191883 -0.253292 -0.321672
v -0.183180 -0.124609 -0.326848
v -0.159081 -0.207480 -0.335608
v -0.157943 -0.146093 -0.340023
v -0.227329 -0.221956 -0.316429
v -0.214790 -0.159081 -0.311769
v -0.334111 -0.121126 -0.016813
v -0.324274 -0.132238 0.064528
v -0.338695 -0.177812 0.001791
v -0.330990 -0.182497 0.043380
v -0.321498 -0.070827 0.003883
v -0.319125 -0.075973 0.043710
v -0.279381 -0.093602 -0.226152
v -0.235470 -0.051180 -0.273035
v -0.266204 -0.045227 -0.231506
v -0.249615 -0.031423 -0.258865
v -0.272870 -0.127796 -0.248579
v -0.247582 -0.103729 -0.271639
v -0.301746 0.030418 -0.071054
v -0.294401 0.091347 -0.042790
v -0.295471 0.069458 -0.089947
v -0.296782 0.079151 -0.078744
v -0.301503 0.037936 -0.034879
v -0.291117 0.094298 -0.018903
v -0.318922 -0.196454 0.332586
v -0.321864 -0.208582 0.426995
v -0.318104 -0.155579 0.344772
v -0.318743 -0.162027 0.388636
v -0.318311 -0.251431 0.367501
v -0.320484 -0.258821 0.418094
v -0.304285 0.001986 0.122273
v -0.290111 0.092709 0.073928
v -0.298991 0.038182 0.140777
v -0.291967 0.085294 0.116326
v -0.301484 0.019223 0.080972
v -0.287686 0.087210 0.057588
v 0.284461 -0.447049 0.340070
v 0.307477 -0.326650 0.277609
v 0.283014 -0.421457 0.281412
v 0.297581 -0.366998 0.253410
v 0.300066 -0.408908 0.366445
v 0.307579 -0.344246 0.331807
v 0.316872 -0.553474 0.544776
v 0.320927 -0.380710 0.563455
v 0.323372 -0.556134 0.621209
v 0.317559 -0.449866 0.618366
v 0.315504 -0.456112 0.492750
v 0.320448 -0.385638 0.506112
v 0.313390 -0.408172 -0.277219
v 0.336669 -0.281186 -0.216033
v 0.347561 -0.447948 -0.246823
v 0.352091 -0.368058 -0.210128
v 0.297125 -0.308966 -0.274782
v 0.312552 -0.257540 -0.248673
v 0.191959 -0.252774 -0.321584
v 0.183006 -0.123595 -0.326965
v 0.159117 -0.206886 -0.335618
v 0.157936 -0.145227 -0.340181
v 0.227457 -0.221290 -0.316373
v 0.214761 -0.158309 -0.311912
v 0.336439 -0.122486 -0.018009
v 0.326723 -0.133292 0.063440
v 0.340903 -0.178587 0.000647
v 0.333023 -0.183419 0.042328
v 0.324046 -0.073398 0.002355
v 0.321939 -0.077799 0.042339
v 0.279145 -0.093068 -0.226251
v 0.235192 -0.050069 -0.272951
v 0.265633 -0.044819 -0.231515
v 0.249237 -0.030779 -0.258951
v 0.272727 -0.127226 -0.248677
v 0.247294 -0.103061 -0.271780
v 0.303157 0.024334 -0.072403
v 0.296697 0.084265 -0.044279
v 0.295661 0.062856 -0.090704
v 0.298003 0.076089 -0.079560
v 0.304327 0.029963 -0.036953
v 0.294851 0.085686 -0.021462
v 0.321024 -0.196256 0.332228
v 0.323072 -0.208293 0.426703
v 0.319725 -0.155944 0.344498
v 0.320403 -0.161984 0.388327
v 0.319933 -0.251047 0.367114
v 0.321285 -0.258686 0.417688
v 0.308434 -0.000379 0.120934
v 0.295501 0.085965 0.071700
v 0.303581 0.035471 0.139417
v 0.297014 0.080535 0.114615
v 0.306313 0.017005 0.078991
v 0.294067 0.085110 0.054527
v 0.140374 -0.080355 0.706828
v 0.227271 -0.122971 0.667130
v 0.144432 -0.129618 0.720139
v 0.191242 -0.152011 0.700005
v 0.176864 -0.057874 0.670913
v 0.216760 -0.078262 0.651385
v -0.140503 -0.080215 0.706624
v -0.227474 -0.122844 0.666927
v -0.144563 -0.129505 0.720056
v -0.191397 -0.151935 0.699931
v -0.176953 -0.057604 0.670747
v -0.216816 -0.078006 0.651175
v 0.119328 0.032267 0.624289
v 0.165959 0.044422 0.535713
v 0.111723 0.059076 0.589452
v 0.135610 0.062716 0.545719
v 0.158454 0.014005 0.619158
v 0.181270 0.022547 0.574773
v -0.119066 0.032490 0.624110
v -0.165708 0.044817 0.535901
v -0.111345 0.059358 0.589230
v -0.135206 0.062953 0.545467
v -0.158177 0.014258 0.618952
v -0.180914 0.022984 0.574761
v 0.271030 -0.059831 0.529570
v 0.242134 -0.004839 0.485025
v 0.272962 -0.043598 0.481696
v 0.260332 -0.017613 0.462048
v 0.250510 -0.043425 0.559101
v 0.234481 -0.014763 0.533921
v -0.270499 -0.059300 0.529706
v -0.241633 -0.004036 0.485593
v -0.271993 -0.042867 0.481971
v -0.259526 -0.016704 0.462660
v -0.250047 -0.042934 0.559089
v -0.234079 -0.014151 0.534192
v 0.106923 0.007716 -0.566543
v 0.144811 0.012478 -0.486581
v 0.092758 0.008789 -0.519454
v 0.112887 0.009241 -0.483929
v 0.146941 0.014047 -0.575334
v 0.162428 0.018634 -0.529601
v -0.105777 0.007987 -0.565727
v -0.143968 0.012347 -0.485500
v -0.091710 0.008903 -0.518713
v -0.111974 0.009356 -0.483006
v -0.145905 0.013855 -0.574283
v -0.161622 0.018501 -0.528628
v 0.160177 0.047269 -0.726885
v 0.266896 0.094488 -0.729474
v 0.173390 0.089661 -0.773694
v 0.231229 0.117696 -0.775699
v 0.197127 0.032778 -0.685302
v 0.244970 0.054927 -0.685191
v -0.160383 0.047213 -0.725767
v -0.267376 0.093817 -0.728131
v -0.174878 0.089373 -0.772631
v -0.232927 0.117222 -0.774389
v -0.196800 0.032301 -0.684136
v -0.244387 0.054290 -0.683727
v 0.227372 0.040789 -0.467438
v 0.266907 0.079926 -0.535731
v 0.247547 0.053692 -0.451595
v 0.263671 0.074282 -0.480660
v 0.222829 0.043095 -0.517419
v 0.246668 0.060025 -0.557773
v -0.227001 0.040266 -0.466398
v -0.266559 0.079175 -0.534538
v -0.247402 0.053072 -0.450633
v -0.263667 0.073448 -0.479737
v -0.222429 0.042629 -0.516155
v -0.246035 0.059596 -0.556300
v -0.106079 0.343632 -0.153498
v -0.119237 0.394712 -0.166568
v -0.086473 0.374144 -0.154614
v -0.099713 0.427517 -0.172166
v -0.129456 0.275357 -0.145607
v -0.093499 0.328961 -0.146676
v -0.121169 0.257799 -0.134235
v -0.155910 0.350716 -0.187735
v -0.125228 0.430228 -0.192118
v -0.168224 0.387864 -0.211124
v -0.154583 0.277395 -0.161151
v -0.176438 0.341806 -0.202410
v -0.170689 0.259610 -0.166498
v -0.142533 0.237038 -0.127443
v -0.166022 0.236025 -0.144120
v 0.113662 0.342179 -0.156817
v 0.127453 0.392307 -0.173981
v 0.098284 0.372053 -0.158005
v 0.113135 0.424960 -0.179052
v 0.131779 0.274778 -0.147344
v 0.101363 0.327716 -0.148975
v 0.122663 0.257593 -0.135532
v 0.160521 0.349660 -0.191062
v 0.136241 0.428213 -0.198962
v 0.173434 0.387014 -0.214368
v 0.156216 0.276580 -0.163092
v 0.179687 0.340967 -0.204748
v 0.171524 0.259013 -0.167887
v 0.143302 0.236774 -0.128384
v 0.166739 0.235455 -0.145158
v -0.255997 -0.534750 0.048976
v -0.281641 -0.607273 -0.009967
v -0.226964 -0.550334 0.046144
v -0.244147 -0.647110 -0.009012
v -0.284804 -0.469030 0.072643
v -0.236659 -0.523644 0.089355
v -0.271522 -0.464297 0.115260
v -0.330370 -0.539426 -0.037904
v -0.292093 -0.692269 -0.035238
v -0.352000 -0.590969 -0.083313
v -0.317486 -0.447351 0.017180
v -0.353131 -0.500805 -0.068425
v -0.333700 -0.405279 -0.003813
v -0.292008 -0.427976 0.099660
v -0.320044 -0.393249 0.038638
v 0.255997 -0.535809 0.049471
v 0.281755 -0.607273 -0.009840
v 0.226721 -0.551496 0.046754
v 0.244240 -0.647032 -0.008900
v 0.285318 -0.469961 0.072808
v 0.236130 -0.525890 0.090202
v 0.271753 -0.465825 0.115587
v 0.331231 -0.538990 -0.038263
v 0.292727 -0.691848 -0.035244
v 0.352206 -0.589729 -0.083715
v 0.318415 -0.447465 0.016784
v 0.353147 -0.499956 -0.068862
v 0.334638 -0.405260 -0.004471
v 0.292344 -0.429031 0.099763
v 0.321592 -0.393441 0.037998
v 0.000683 -0.492869 0.691985
v -0.075904 -0.445247 0.702177
v -0.030082 -0.532366 0.681672
v -0.116694 -0.497401 0.694478
v 0.077168 -0.445291 0.701700
v 0.031459 -0.532684 0.681422
v 0.118434 -0.497081 0.694796
v 0.045374 -0.354583 0.720745
v -0.044598 -0.354593 0.720862
v 0.048709 -0.298664 0.736086
v -0.048080 -0.298824 0.735937
v 0.132670 -0.433167 0.700716
v 0.094945 -0.330256 0.721352
v -0.131480 -0.433447 0.700915
v -0.094162 -0.330513 0.721187
v -0.001238 0.123766 0.287560
v -0.033881 0.117779 0.335627
v -0.012707 0.137866 0.238640
v -0.047893 0.122166 0.293271
v 0.032083 0.117952 0.335261
v 0.010171 0.137786 0.238599
v 0.045684 0.122439 0.292889
v 0.022591 0.114446 0.421877
v -0.023429 0.114371 0.422011
v 0.028327 0.113351 0.479881
v -0.028569 0.113160 0.479802
v 0.056686 0.115273 0.341397
v 0.049622 0.109626 0.436075
v -0.058211 0.115344 0.341586
v -0.050273 0.109685 0.436449
v 0.000074 -0.151192 -0.400302
v -0.033594 -0.109904 -0.398294
v -0.014872 -0.190979 -0.396003
v -0.052057 -0.145308 -0.387541
v 0.033663 -0.109075 -0.398500
v 0.015021 -0.191059 -0.396143
v 0.052143 -0.144657 -0.387684
v 0.019567 -0.041380 -0.415935
v -0.019302 -0.041743 -0.415897
v 0.021406 -0.005948 -0.432016
v -0.021067 -0.006197 -0.431803
v 0.057449 -0.098568 -0.392428
v 0.040840 -0.023365 -0.416407
v -0.057395 -0.099666 -0.392280
v -0.040593 -0.023964 -0.416114
v -0.000453 0.496803 -0.672099
v -0.075961 0.431728 -0.698328
v -0.031200 0.554182 -0.648489
v -0.112847 0.479057 -0.674396
v 0.074501 0.431875 -0.698266
v 0.030974 0.554357 -0.648606
v 0.111966 0.479062 -0.674419
v 0.046491 0.335452 -0.744419
v -0.049503 0.335416 -0.745035
v 0.052769 0.274864 -0.771391
v -0.056611 0.275079 -0.773351
v 0.127946 0.412403 -0.702376
v 0.101909 0.309310 -0.759041
v -0.129530 0.412224 -0.702295
v -0.105305 0.309587 -0.760824
v 0.302238 0.078039 -0.298502
v 0.305736 0.065881 -0.243414
v 0.306187 0.089768 -0.302426
v 0.311147 0.071215 -0.241041
v 0.287086 0.044841 -0.264876
v 0.297709 0.051780 -0.225252
v 0.283823 0.031583 -0.245962
v 0.295348 0.043715 -0.203865
v 0.289366 0.063718 -0.311422
v 0.278494 0.035372 -0.277945
v 0.280359 0.057376 -0.330162
v 0.301576 0.091967 -0.331404
v 0.288047 0.073507 -0.345926
v 0.310746 0.062526 -0.213304
v 0.301036 0.053040 -0.194716
v 0.295868 0.025190 0.277076
v 0.304165 0.037562 0.239640
v 0.292957 0.032402 0.255309
v 0.302661 0.039243 0.213825
v 0.305952 -0.000742 0.306724
v 0.310740 0.043819 0.268145
v 0.308339 -0.016239 0.303152
v 0.308718 0.046703 0.258701
v 0.296986 0.001843 0.320602
v 0.305833 -0.028972 0.331140
v 0.295930 -0.016365 0.351314
v 0.288922 0.024710 0.288724
v 0.290372 0.000019 0.339406
v 0.307057 0.044972 0.207498
v 0.307460 0.056474 0.231917
v -0.303271 0.077312 -0.298971
v -0.307001 0.065272 -0.244192
v -0.307561 0.088925 -0.302968
v -0.312071 0.070518 -0.241876
v -0.287811 0.044565 -0.265108
v -0.298626 0.051322 -0.225833
v -0.284410 0.031384 -0.246100
v -0.296081 0.043554 -0.204189
v -0.289851 0.063301 -0.311484
v -0.278873 0.035112 -0.277919
v -0.280766 0.057295 -0.330004
v -0.302750 0.091154 -0.331680
v -0.288209 0.073177 -0.345783
v -0.311722 0.062154 -0.214230
v -0.301714 0.052839 -0.195324
v -0.293369 0.028445 0.278507
v -0.301334 0.041250 0.240633
v -0.290483 0.035749 0.256849
v -0.299659 0.043334 0.214737
v -0.303870 0.001359 0.307292
v -0.309701 0.045920 0.267166
v -0.306382 -0.015421 0.303167
v -0.305944 0.037675 0.253260
v -0.294881 0.004144 0.321556
v -0.303956 -0.027543 0.331580
v -0.293981 -0.014603 0.351965
v -0.286864 0.027693 0.290484
v -0.288433 0.002141 0.340497
v -0.303923 0.049032 0.207767
v -0.306333 0.060888 0.233639
v 0.003758 0.513569 -0.171375
v 0.000679 0.522660 -0.173015
v -0.014472 0.485060 -0.167598
v -0.011552 0.518014 -0.171916
v 0.034896 0.505875 -0.171563
v 0.042292 0.523209 -0.180068
v 0.049642 0.470140 -0.168006
v 0.059393 0.509877 -0.182259
v 0.017325 0.505978 -0.171869
v -0.003307 0.485104 -0.167936
v 0.009640 0.462634 -0.164429
v 0.019677 0.539018 -0.192321
v -0.008944 0.527505 -0.176990
v 0.006329 0.552595 -0.209110
v 0.035518 0.472516 -0.166233
v 0.016568 0.465475 -0.165032
v 0.058654 0.531677 -0.202663
v 0.029294 0.560148 -0.221376
v -0.053587 0.247275 -0.108438
v -0.101352 0.208906 -0.040044
v -0.061738 0.271015 -0.123291
v -0.103862 0.215973 -0.078651
v -0.047409 0.199396 0.030035
v -0.093253 0.192779 0.100697
v -0.041934 0.184036 0.083677
v -0.082219 0.168664 0.147405
v -0.025670 0.228834 -0.092106
v -0.042486 0.292913 -0.126807
v -0.017786 0.271303 -0.119591
v -0.124375 0.188564 0.062647
v -0.127664 0.195246 -0.022103
v -0.148521 0.170966 0.073292
v -0.027392 0.198983 0.024570
v -0.013096 0.230281 -0.094808
v -0.109055 0.165879 0.155021
v -0.148937 0.170829 0.119559
v -0.172815 0.606874 -0.330495
v -0.289902 0.585581 -0.350818
v -0.162826 0.554916 -0.289721
v -0.250303 0.529632 -0.308595
v -0.197210 0.796654 -0.483989
v -0.223897 0.621648 -0.498632
v -0.138328 0.695770 -0.523121
v -0.205604 0.600100 -0.552782
v -0.142413 0.714938 -0.379361
v -0.127338 0.585635 -0.293858
v -0.091134 0.658110 -0.334622
v -0.355492 0.629790 -0.430929
v -0.330854 0.543875 -0.331050
v -0.443208 0.579970 -0.427215
v -0.111267 0.734755 -0.476478
v -0.087665 0.708287 -0.379435
v -0.245049 0.556769 -0.533121
v -0.333997 0.544136 -0.462793
v -0.237942 0.269413 -0.260468
v -0.241199 0.180115 -0.195122
v -0.226423 0.296122 -0.245867
v -0.222927 0.202328 -0.187027
v -0.273327 0.169152 -0.294278
v -0.290526 0.109729 -0.220641
v -0.287942 0.145559 -0.299069
v -0.303181 0.092758 -0.228026
v -0.258266 0.265447 -0.314133
v -0.240015 0.342335 -0.283267
v -0.261240 0.340115 -0.342675
v -0.278360 0.112092 -0.171139
v -0.242832 0.159775 -0.156236
v -0.281755 0.092609 -0.129647
v -0.276581 0.184870 -0.334130
v -0.267945 0.286936 -0.355805
v -0.308047 0.069493 -0.189028
v -0.298533 0.068439 -0.137970
v -0.228405 0.125349 0.024389
v -0.248583 0.109953 -0.007804
v -0.205018 0.152026 -0.017445
v -0.226986 0.140350 -0.046139
v -0.277770 0.063878 0.143957
v -0.298117 0.040545 0.107612
v -0.282558 0.054312 0.176190
v -0.297973 0.041842 0.134537
v -0.254295 0.096054 0.106298
v -0.204118 0.144893 0.016929
v -0.224815 0.115791 0.099205
v -0.288302 0.055207 0.033251
v -0.247645 0.117578 -0.044295
v -0.288640 0.057714 -0.005980
v -0.271526 0.065387 0.181268
v -0.246489 0.093759 0.144623
v -0.303836 0.036237 0.098854
v -0.307152 0.029901 0.032671
v 0.053379 0.248023 -0.108472
v 0.099632 0.209445 -0.041251
v 0.064339 0.271437 -0.123832
v 0.102604 0.216837 -0.079547
v 0.044346 0.199581 0.029890
v 0.090156 0.193077 0.099880
v 0.039055 0.184273 0.083357
v 0.079561 0.168865 0.146477
v 0.023165 0.228803 -0.091556
v 0.047423 0.293424 -0.126899
v 0.019117 0.271740 -0.119572
v 0.024186 0.199144 0.024535
v 0.009341 0.230349 -0.094809
v 0.122468 0.189336 0.061545
v 0.126353 0.195779 -0.023191
v 0.147050 0.171890 0.071814
v 0.106475 0.166306 0.153891
v 0.147548 0.172240 0.118368
v 0.180704 0.607127 -0.333606
v 0.293014 0.585188 -0.351277
v 0.173722 0.555151 -0.293998
v 0.254873 0.528957 -0.310268
v 0.196188 0.797509 -0.483996
v 0.224216 0.622354 -0.498342
v 0.138327 0.695912 -0.522870
v 0.205601 0.600576 -0.552762
v 0.146838 0.715309 -0.381305
v 0.141335 0.586307 -0.299637
v 0.102704 0.658574 -0.340008
v 0.111158 0.734376 -0.475978
v 0.093555 0.708256 -0.381618
v 0.355262 0.630243 -0.429414
v 0.332533 0.542797 -0.331302
v 0.443451 0.582351 -0.426295
v 0.244919 0.557521 -0.532926
v 0.333899 0.545308 -0.462764
v 0.237065 0.270038 -0.260165
v 0.238431 0.180609 -0.194826
v 0.226130 0.296120 -0.246062
v 0.221580 0.202537 -0.186659
v 0.270682 0.170669 -0.293872
v 0.286394 0.116437 -0.219914
v 0.285653 0.147205 -0.298620
v 0.300080 0.098631 -0.227203
v 0.257500 0.266438 -0.313743
v 0.239966 0.341841 -0.283322
v 0.261593 0.340408 -0.342625
v 0.274216 0.117827 -0.171012
v 0.240761 0.160885 -0.156204
v 0.278072 0.098843 -0.129943
v 0.274939 0.186156 -0.333645
v 0.268045 0.288045 -0.355521
v 0.302878 0.081111 -0.187912
v 0.294017 0.077685 -0.138140
v 0.230145 0.124171 0.023341
v 0.250368 0.108591 -0.008407
v 0.205859 0.151389 -0.018422
v 0.227624 0.139653 -0.046807
v 0.278861 0.062287 0.141392
v 0.304332 0.032027 0.108130
v 0.284620 0.051904 0.174142
v 0.301891 0.035975 0.133914
v 0.254566 0.094662 0.104335
v 0.204695 0.144292 0.015676
v 0.223823 0.115659 0.097047
v 0.290457 0.052107 0.032603
v 0.248008 0.116926 -0.044749
v 0.290344 0.053701 -0.005661
v 0.273261 0.064053 0.179314
v 0.244278 0.094133 0.141374
v 0.307331 0.029399 0.098302
v 0.310242 0.022910 0.033266
v -0.068259 -0.573923 0.063367
v -0.068698 -0.575246 -0.028238
v -0.111874 -0.571784 0.056952
v -0.110490 -0.604712 -0.026212
v 0.065346 -0.573746 0.064351
v 0.067521 -0.574416 -0.028095
v 0.109112 -0.572516 0.058612
v 0.109784 -0.603947 -0.025945
v -0.002001 -0.576024 0.116380
v -0.090695 -0.574521 0.110355
v -0.025329 -0.581426 0.167984
v -0.000481 -0.538521 -0.074347
v -0.089620 -0.598698 -0.070165
v -0.026526 -0.532726 -0.116256
v 0.087250 -0.574234 0.111921
v 0.020455 -0.580306 0.168634
v 0.089179 -0.597752 -0.070026
v 0.026163 -0.532589 -0.116273
v -0.182642 -0.556951 0.316465
v -0.243757 -0.521384 0.338096
v -0.193072 -0.539349 0.251188
v -0.244834 -0.493343 0.274648
v -0.128116 -0.771719 0.498653
v -0.276108 -0.768241 0.545592
v -0.093673 -0.753724 0.607303
v -0.246373 -0.764125 0.648410
v -0.125049 -0.599241 0.395329
v -0.157034 -0.562290 0.263465
v -0.097377 -0.587821 0.335959
v -0.283973 -0.563222 0.437750
v -0.265680 -0.473217 0.309535
v -0.291831 -0.480179 0.402619
v -0.077663 -0.671098 0.523664
v -0.076359 -0.605474 0.399689
v -0.312747 -0.684210 0.609973
v -0.305393 -0.520674 0.470616
v -0.176546 -0.695228 -0.279289
v -0.278405 -0.593409 -0.302603
v -0.214139 -0.782836 -0.229103
v -0.319458 -0.667868 -0.271774
v -0.099053 -0.408005 -0.309097
v -0.151240 -0.343312 -0.320070
v -0.074592 -0.346238 -0.331531
v -0.122102 -0.285042 -0.337160
v -0.105072 -0.532197 -0.265965
v -0.127860 -0.737610 -0.225472
v -0.083533 -0.560888 -0.233429
v -0.227877 -0.392075 -0.301879
v -0.323741 -0.528698 -0.280340
v -0.266922 -0.356840 -0.291897
v -0.058871 -0.399862 -0.310714
v -0.062640 -0.501099 -0.259337
v -0.157117 -0.273499 -0.329189
v -0.227999 -0.302958 -0.307572
v -0.349204 -0.228838 -0.145185
v -0.359327 -0.162808 -0.079010
v -0.360174 -0.299415 -0.132675
v -0.363113 -0.227922 -0.063417
v -0.299101 -0.068349 -0.176663
v -0.306485 -0.027829 -0.124700
v -0.287231 -0.028487 -0.188385
v -0.298134 0.002973 -0.142089
v -0.317355 -0.159364 -0.190941
v -0.349662 -0.295983 -0.175297
v -0.317258 -0.207325 -0.218938
v -0.325280 -0.065589 -0.072520
v -0.349846 -0.171011 -0.039076
v -0.324205 -0.067471 -0.035065
v -0.283954 -0.060279 -0.206092
v -0.296366 -0.146821 -0.221808
v -0.301373 0.015972 -0.107178
v -0.312387 -0.016499 -0.052994
v -0.316562 -0.256405 0.199388
v -0.323113 -0.193163 0.129055
v -0.311812 -0.300290 0.176783
v -0.324071 -0.240800 0.107404
v -0.317802 -0.131428 0.256588
v -0.313233 -0.065284 0.187754
v -0.314847 -0.095623 0.271902
v -0.308802 -0.028889 0.205593
v -0.317287 -0.226597 0.268356
v -0.308174 -0.311396 0.226145
v -0.313039 -0.283723 0.299228
v -0.317472 -0.093258 0.126451
v -0.326326 -0.186982 0.085657
v -0.317618 -0.083868 0.084596
v -0.317683 -0.144950 0.300753
v -0.317127 -0.239930 0.317462
v -0.306868 -0.012487 0.164050
v -0.310688 -0.038533 0.103787
v 0.181206 -0.560685 0.317477
v 0.242978 -0.523456 0.338613
v 0.192243 -0.543880 0.252051
v 0.244488 -0.495526 0.274934
v 0.128120 -0.771491 0.499300
v 0.275275 -0.768576 0.544140
v 0.094196 -0.754469 0.607989
v 0.247510 -0.764325 0.646928
v 0.122817 -0.600545 0.396502
v 0.155887 -0.568026 0.264365
v 0.094207 -0.590020 0.337160
v 0.077391 -0.671501 0.524181
v 0.073928 -0.606715 0.400322
v 0.283364 -0.564052 0.437297
v 0.265473 -0.474842 0.309702
v 0.291476 -0.480991 0.402286
v 0.312943 -0.684621 0.608443
v 0.304970 -0.521132 0.469870
v 0.177266 -0.695282 -0.279653
v 0.279167 -0.593367 -0.302687
v 0.214804 -0.782858 -0.228956
v 0.319781 -0.667532 -0.271534
v 0.099408 -0.407981 -0.308999
v 0.151653 -0.342881 -0.320154
v 0.074993 -0.345982 -0.331692
v 0.122122 -0.284610 -0.337136
v 0.105245 -0.532393 -0.266142
v 0.128288 -0.737821 -0.226140
v 0.083988 -0.561001 -0.233492
v 0.059265 -0.399825 -0.310685
v 0.062863 -0.501296 -0.259439
v 0.227989 -0.391877 -0.301707
v 0.323972 -0.528240 -0.280112
v 0.267009 -0.356507 -0.291865
v 0.157205 -0.273023 -0.329210
v 0.227958 -0.302773 -0.307451
v 0.348915 -0.229761 -0.146086
v 0.359997 -0.163934 -0.080232
v 0.359327 -0.300166 -0.133387
v 0.365335 -0.227962 -0.064646
v 0.298822 -0.068107 -0.176742
v 0.306083 -0.028742 -0.124795
v 0.286470 -0.028002 -0.188041
v 0.297196 0.003594 -0.141393
v 0.318022 -0.158807 -0.191511
v 0.349363 -0.296219 -0.175845
v 0.317494 -0.207072 -0.219346
v 0.326085 -0.068096 -0.073670
v 0.351833 -0.171726 -0.040308
v 0.326226 -0.069855 -0.036235
v 0.283568 -0.059827 -0.206049
v 0.296398 -0.146257 -0.221951
v 0.301032 0.013525 -0.107348
v 0.313941 -0.020868 -0.054326
v 0.317926 -0.257213 0.198986
v 0.324632 -0.194305 0.128431
v 0.313667 -0.300650 0.176185
v 0.325727 -0.241488 0.106673
v 0.318602 -0.133698 0.256421
v 0.314855 -0.068360 0.187261
v 0.315856 -0.097922 0.271656
v 0.311113 -0.031791 0.205159
v 0.318846 -0.227122 0.267964
v 0.309816 -0.311721 0.225679
v 0.314456 -0.283967 0.298860
v 0.319700 -0.094920 0.125658
v 0.328228 -0.187901 0.084797
v 0.320778 -0.084504 0.083423
v 0.318984 -0.146196 0.300554
v 0.319099 -0.239736 0.317037
v 0.309961 -0.015451 0.163241
v 0.314771 -0.038880 0.102479
v 0.048404 -0.083743 0.746060
v -0.048608 -0.083703 0.745967
v 0.052398 -0.132897 0.786597
v -0.052594 -0.132811 0.786436
v 0.041369 0.036744 0.649534
v -0.041215 0.036824 0.649433
v 0.038608 0.063646 0.611227
v -0.038333 0.063731 0.611110
v 0.088684 -0.017113 0.687603
v 0.097576 -0.106067 0.740831
v 0.133350 -0.037750 0.682760
v -0.088738 -0.016917 0.687499
v -0.097743 -0.105988 0.740742
v -0.133411 -0.037524 0.682621
v 0.078948 0.049141 0.621835
v 0.126555 0.000152 0.655559
v -0.078669 0.049302 0.621663
v -0.126473 0.000388 0.655406
v 0.294867 -0.288405 0.605935
v 0.266756 -0.199956 0.642326
v 0.275441 -0.334518 0.648501
v 0.234425 -0.235735 0.676067
v 0.321537 -0.157257 0.475808
v 0.302729 -0.107203 0.510556
v 0.314715 -0.123285 0.433237
v 0.298652 -0.083198 0.464681
v 0.323397 -0.253133 0.517799
v 0.304448 -0.362579 0.611169
v 0.320859 -0.317233 0.513070
v 0.320933 -0.162831 0.432062
v 0.323669 -0.259598 0.468336
v 0.280254 -0.117250 0.593838
v 0.233342 -0.175388 0.675114
v 0.251412 -0.098481 0.625174
v 0.287193 -0.073256 0.497973
v 0.266326 -0.077158 0.579269
v -0.294496 -0.288800 0.606008
v -0.266836 -0.200029 0.642208
v -0.275388 -0.334950 0.648962
v -0.234459 -0.235849 0.676082
v -0.321003 -0.157043 0.476069
v -0.302486 -0.106596 0.510855
v -0.313762 -0.122751 0.433667
v -0.298198 -0.082276 0.465262
v -0.323505 -0.253129 0.518106
v -0.304463 -0.363130 0.611721
v -0.320849 -0.317343 0.513504
v -0.319900 -0.162759 0.432358
v -0.323628 -0.259540 0.468701
v -0.280206 -0.117015 0.593690
v -0.233594 -0.175407 0.675017
v -0.251374 -0.098244 0.624949
v -0.286625 -0.072517 0.498318
v -0.266111 -0.076752 0.579145
v 0.164180 0.084220 0.350765
v 0.164532 0.064012 0.441515
v 0.136956 0.095148 0.350661
v 0.136671 0.077762 0.446212
v 0.237752 0.049233 0.339716
v 0.236457 0.025002 0.410311
v 0.255639 0.040232 0.329313
v 0.254903 0.014982 0.395013
v 0.202790 0.077618 0.305933
v 0.149828 0.101515 0.304102
v 0.187351 0.097038 0.260608
v 0.247302 0.055441 0.297734
v 0.212551 0.083947 0.261536
v 0.204439 0.031227 0.470499
v 0.150550 0.062338 0.491749
v 0.193860 0.026569 0.521551
v 0.248373 0.005070 0.438354
v 0.219369 0.009952 0.504487
v -0.165293 0.083849 0.352952
v -0.164605 0.064121 0.442326
v -0.137785 0.095113 0.351683
v -0.136686 0.077868 0.446476
v -0.236619 0.049669 0.340540
v -0.235966 0.025773 0.411458
v -0.254386 0.041169 0.330637
v -0.253982 0.016052 0.396063
v -0.202504 0.077662 0.306910
v -0.150880 0.101215 0.305620
v -0.188858 0.096030 0.263140
v -0.245919 0.056070 0.298804
v -0.213359 0.083211 0.264014
v -0.204204 0.031786 0.471177
v -0.150576 0.062595 0.492304
v -0.193780 0.027155 0.522124
v -0.248110 0.006075 0.439663
v -0.219762 0.010865 0.505809
v 0.037309 0.002280 -0.584263
v -0.036544 0.002319 -0.584048
v 0.032244 0.006483 -0.536395
v -0.031368 0.006548 -0.536202
v 0.053489 0.051758 -0.735002
v -0.056097 0.046009 -0.740385
v 0.057376 0.095008 -0.773308
v -0.061560 0.088739 -0.781840
v 0.092363 0.007358 -0.658305
v 0.068050 0.005650 -0.553235
v 0.125619 0.005788 -0.620213
v -0.091694 0.007236 -0.658009
v -0.067003 0.006196 -0.552681
v -0.124412 0.005944 -0.619300
v 0.113041 0.067203 -0.758954
v 0.144157 0.018537 -0.674793
v -0.114978 0.065096 -0.760680
v -0.143442 0.018481 -0.673880
v 0.153358 -0.035300 -0.350952
v 0.146068 -0.000475 -0.410839
v 0.129500 -0.049609 -0.362607
v 0.117910 -0.001507 -0.412391
v 0.221577 -0.008130 -0.324859
v 0.220077 0.018636 -0.391506
v 0.239791 0.002027 -0.315274
v 0.239362 0.028583 -0.379426
v 0.196661 -0.045898 -0.312843
v 0.155069 -0.087568 -0.344321
v 0.204218 -0.099861 -0.310879
v 0.234655 -0.018353 -0.289951
v 0.221207 -0.075045 -0.292123
v 0.186653 0.015875 -0.441983
v 0.130329 0.005994 -0.447552
v 0.175276 0.019133 -0.485048
v 0.232904 0.035613 -0.421656
v 0.202951 0.028922 -0.478633
v -0.153333 -0.036531 -0.350347
v -0.145388 -0.000768 -0.409835
v -0.129468 -0.051139 -0.362104
v -0.117295 -0.001852 -0.411328
v -0.221498 -0.008637 -0.324141
v -0.219946 0.018078 -0.390492
v -0.239816 0.001629 -0.314679
v -0.239221 0.028218 -0.378694
v -0.196835 -0.047289 -0.312577
v -0.155251 -0.088743 -0.344125
v -0.204487 -0.101116 -0.310910
v -0.234676 -0.018958 -0.289505
v -0.221644 -0.076619 -0.292359
v -0.186249 0.015534 -0.440927
v -0.129492 0.006145 -0.446361
v -0.174754 0.018755 -0.483868
v -0.232647 0.035098 -0.420683
v -0.202602 0.028456 -0.477544
v 0.295199 0.284028 -0.645048
v 0.307318 0.183500 -0.719692
v 0.269736 0.320177 -0.679169
v 0.274294 0.214282 -0.763809
v 0.294721 0.189082 -0.495114
v 0.294055 0.129859 -0.529465
v 0.293870 0.160939 -0.449149
v 0.288129 0.115140 -0.475222
v 0.291253 0.273305 -0.538194
v 0.273839 0.350720 -0.618119
v 0.284973 0.333929 -0.525832
v 0.291336 0.200735 -0.451385
v 0.286951 0.290076 -0.487608
v 0.301926 0.112666 -0.636371
v 0.278755 0.148476 -0.759207
v 0.280784 0.081910 -0.668532
v 0.280089 0.098920 -0.507438
v 0.274669 0.081584 -0.598886
v -0.296151 0.282653 -0.644719
v -0.307828 0.182523 -0.718325
v -0.270346 0.319199 -0.678107
v -0.276082 0.213668 -0.762354
v -0.295399 0.187550 -0.494687
v -0.294343 0.128650 -0.528546
v -0.294418 0.159870 -0.448706
v -0.288307 0.114079 -0.474489
v -0.291526 0.271814 -0.537756
v -0.274383 0.349579 -0.617567
v -0.285266 0.332498 -0.525817
v -0.291940 0.199310 -0.451239
v -0.287437 0.288569 -0.487421
v -0.301337 0.111681 -0.634722
v -0.279878 0.147839 -0.757733
v -0.280342 0.081225 -0.667035
v -0.280407 0.097815 -0.506584
v -0.273501 0.081355 -0.597068
v 0.312502 0.053112 -0.069711
v 0.305339 0.075867 -0.056547
v 0.313302 0.055108 -0.108055
v 0.305482 0.071750 -0.093329
v 0.309670 0.050009 0.050759
v 0.301859 0.073898 0.062766
v 0.309218 0.050239 0.091348
v 0.302584 0.071859 0.104775
v 0.314191 0.037543 -0.016651
v 0.316742 0.044040 -0.097518
v 0.317695 0.024529 -0.044466
v 0.311909 0.038457 0.064595
v 0.316643 0.022816 -0.002460
v 0.297783 0.088569 0.006511
v 0.300663 0.079855 -0.068567
v 0.295872 0.088548 -0.007553
v 0.296914 0.084140 0.088811
v 0.295313 0.088930 0.031119
v -0.311084 0.056907 -0.069843
v -0.303979 0.081672 -0.056255
v -0.312704 0.057300 -0.108522
v -0.304748 0.072977 -0.092882
v -0.306308 0.056252 0.051248
v -0.297507 0.080824 0.064009
v -0.305852 0.056296 0.092038
v -0.298438 0.077492 0.106227
v -0.311655 0.043179 -0.016849
v -0.315915 0.046562 -0.098034
v -0.315140 0.029416 -0.044982
v -0.308923 0.044869 0.064942
v -0.313694 0.029619 -0.002844
v -0.294052 0.098607 0.008014
v -0.299460 0.083881 -0.067755
v -0.291639 0.098306 -0.005620
v -0.291135 0.090156 0.090730
v -0.289308 0.098353 0.033225
v -0.051666 0.392589 -0.152916
v -0.061800 0.341979 -0.142733
v -0.076923 0.492704 -0.198829
v -0.110940 0.499721 -0.225791
v -0.041017 0.374049 -0.146992
v -0.081312 0.526039 -0.225483
v -0.134126 0.211207 -0.085264
v -0.159127 0.196060 -0.068969
v -0.156382 0.187062 -0.039492
v -0.217170 0.429534 -0.260766
v -0.214384 0.375164 -0.247519
v -0.238129 0.429246 -0.281541
v -0.204737 0.200854 -0.146443
v -0.205407 0.184780 -0.114085
v -0.225357 0.164626 -0.115116
v 0.069257 0.388887 -0.154607
v 0.072928 0.340323 -0.144011
v 0.101384 0.490972 -0.207167
v 0.128426 0.499355 -0.232314
v 0.056399 0.372122 -0.147782
v 0.105629 0.526539 -0.234533
v 0.133956 0.211498 -0.086190
v 0.159099 0.196011 -0.069894
v 0.155938 0.187281 -0.040456
v 0.220011 0.428893 -0.262588
v 0.215968 0.374632 -0.248701
v 0.238835 0.428533 -0.282300
v 0.204547 0.201390 -0.146664
v 0.205332 0.184849 -0.114564
v 0.224751 0.164558 -0.115433
v -0.170710 -0.555400 0.098566
v -0.187576 -0.542819 0.146330
v -0.172308 -0.706235 -0.052426
v -0.203765 -0.790913 -0.091277
v -0.152204 -0.560450 0.153318
v -0.126284 -0.750748 -0.095744
v -0.272744 -0.435597 0.196163
v -0.290850 -0.391342 0.174793
v -0.285511 -0.402377 0.226253
v -0.366460 -0.561550 -0.177249
v -0.367465 -0.459324 -0.145926
v -0.363406 -0.465385 -0.199021
v -0.343208 -0.291350 -0.002038
v -0.332117 -0.289767 0.041105
v -0.337717 -0.234945 0.021103
v 0.169218 -0.558797 0.100040
v 0.186669 -0.547111 0.147323
v 0.172533 -0.706075 -0.052096
v 0.204414 -0.790822 -0.091045
v 0.150685 -0.565819 0.154616
v 0.126665 -0.750072 -0.095262
v 0.273016 -0.437196 0.196193
v 0.291792 -0.392252 0.174564
v 0.285888 -0.403637 0.226255
v 0.366352 -0.560450 -0.177402
v 0.367403 -0.458722 -0.146373
v 0.363245 -0.464741 -0.199199
v 0.344687 -0.291799 -0.002871
v 0.333556 -0.290298 0.040388
v 0.339342 -0.235669 0.020154
v -0.033429 -0.569158 0.638924
v 0.034761 -0.569348 0.639175
v -0.238961 -0.562868 0.698139
v -0.242930 -0.463066 0.688062
v 0.000754 -0.559478 0.590327
v -0.291823 -0.517213 0.667601
v 0.241422 -0.561910 0.697865
v 0.244440 -0.462279 0.687779
v 0.292747 -0.516208 0.666362
v 0.098667 -0.214474 0.741732
v 0.147579 -0.240927 0.722284
v -0.098351 -0.214737 0.741111
v -0.147507 -0.240913 0.722386
v 0.146543 -0.183594 0.723980
v -0.146711 -0.183474 0.724016
v -0.012171 0.168155 0.133886
v 0.009231 0.168075 0.134041
v -0.085097 0.132840 0.248934
v -0.098512 0.116472 0.300934
v -0.001598 0.183605 0.078740
v -0.110867 0.128053 0.253123
v 0.083099 0.133568 0.248054
v 0.096714 0.116916 0.299705
v 0.109102 0.128133 0.252083
v 0.067519 0.093451 0.542746
v 0.090902 0.093336 0.499314
v -0.067284 0.093555 0.542551
v -0.090969 0.093337 0.499446
v 0.102589 0.079830 0.548866
v -0.102253 0.079994 0.548635
v -0.018086 -0.285902 -0.375506
v 0.018568 -0.285816 -0.375594
v -0.101727 -0.177738 -0.362028
v -0.104833 -0.123416 -0.367884
v 0.000190 -0.340956 -0.342376
v -0.130285 -0.164167 -0.351364
v 0.101779 -0.176959 -0.362007
v 0.104899 -0.122580 -0.367872
v 0.130370 -0.163370 -0.351324
v 0.051593 0.011725 -0.468827
v 0.071901 0.006847 -0.441686
v -0.050703 0.011732 -0.468180
v -0.071152 0.006541 -0.440868
v 0.081516 0.009202 -0.477839
v -0.080643 0.009352 -0.477048
v -0.035465 0.661472 -0.581827
v 0.036157 0.661254 -0.581706
v -0.209576 0.508120 -0.646701
v -0.217425 0.429850 -0.669577
v 0.000348 0.687533 -0.529453
v -0.241157 0.465211 -0.625130
v 0.208894 0.508190 -0.646827
v 0.216423 0.430299 -0.670075
v 0.240744 0.466059 -0.625506
v 0.123308 0.177532 -0.819821
v 0.180235 0.214261 -0.816558
v -0.127237 0.177873 -0.820464
v -0.183677 0.214496 -0.815666
v 0.181232 0.146488 -0.807894
v -0.184023 0.146454 -0.806816
v 0.297360 0.132995 -0.337524
v 0.296638 0.136669 -0.372128
v 0.318236 0.062995 -0.202883
v 0.316854 0.057266 -0.173129
v 0.290732 0.166472 -0.373190
v 0.321956 0.049398 -0.166072
v 0.273393 0.000463 -0.237573
v 0.264142 0.006166 -0.269761
v 0.297314 0.044458 -0.149061
v 0.300824 0.058195 -0.138174
v 0.262360 -0.014597 -0.248176
v 0.298727 0.063987 -0.114037
v 0.265951 0.057600 -0.387866
v 0.276801 0.077419 -0.409141
v 0.264019 0.066269 -0.431924
v 0.281939 0.043855 0.240343
v 0.276139 0.039579 0.278124
v 0.305486 0.038675 0.151519
v 0.308642 0.042585 0.142507
v 0.272547 0.051495 0.250671
v 0.309394 0.035215 0.115206
v 0.313646 -0.077850 0.322559
v 0.312699 -0.086372 0.359175
v 0.301418 0.061472 0.203229
v 0.301689 0.070177 0.175956
v 0.316648 -0.119288 0.353505
v 0.299798 0.072949 0.159079
v 0.287041 -0.034237 0.411888
v 0.278739 -0.012000 0.397241
v 0.275264 -0.027583 0.437506
v -0.298872 0.131511 -0.337979
v -0.298299 0.134944 -0.372544
v -0.317875 0.062796 -0.204042
v -0.316901 0.057026 -0.174174
v -0.292050 0.164906 -0.373451
v -0.322373 0.046795 -0.167827
v -0.273800 0.000387 -0.237474
v -0.264451 0.005804 -0.269725
v -0.297351 0.044105 -0.149339
v -0.300605 0.058271 -0.138420
v -0.262584 -0.015020 -0.248112
v -0.297970 0.063334 -0.114181
v -0.265842 0.057073 -0.387364
v -0.276677 0.076814 -0.408632
v -0.263795 0.065720 -0.431158
v -0.280021 0.046410 0.242254
v -0.274356 0.041742 0.279903
v -0.302094 0.043990 0.152195
v -0.305496 0.047952 0.142973
v -0.270879 0.053082 0.252596
v -0.305789 0.041425 0.115435
v -0.311769 -0.077152 0.322700
v -0.310815 -0.086012 0.359371
v -0.298019 0.064441 0.203558
v -0.298249 0.074232 0.177219
v -0.315058 -0.118696 0.353806
v -0.293741 0.074819 0.160421
v -0.285459 -0.033145 0.412325
v -0.277088 -0.010748 0.397843
v -0.274225 -0.026507 0.438201
v -0.000222 0.334300 -0.135143
v 0.009075 0.334981 -0.135355
v 0.000842 0.279004 -0.122419
v -0.009773 0.624052 -0.276887
v 0.030487 0.622537 -0.292541
v 0.006820 0.656084 -0.333008
v -0.191446 0.130190 0.131350
v -0.183606 0.124774 0.173078
v -0.208296 0.108391 0.177831
v -0.295082 0.432562 -0.416104
v -0.287982 0.420090 -0.464550
v -0.281770 0.359354 -0.431379
v -0.308157 0.030515 -0.049569
v -0.312604 0.029148 -0.061908
v -0.311279 0.027149 -0.019722
v 0.190219 0.130871 0.129283
v 0.182432 0.125588 0.171058
v 0.207397 0.108980 0.175548
v 0.294461 0.433239 -0.417932
v 0.287643 0.422045 -0.464689
v 0.282003 0.360688 -0.431612
v 0.302570 0.040434 -0.051851
v 0.315236 0.025621 -0.061386
v 0.313865 0.021816 -0.018820
v -0.026195 -0.591095 0.280320
v 0.021289 -0.590111 0.281165
v -0.001820 -0.597021 0.340755
v -0.024657 -0.520747 -0.193620
v 0.024867 -0.520653 -0.193656
v 0.000073 -0.508723 -0.225877
v -0.310284 -0.362093 0.388558
v -0.315528 -0.377630 0.447073
v -0.317626 -0.310582 0.405512
v -0.282476 -0.226668 -0.275233
v -0.250606 -0.191069 -0.297712
v -0.263473 -0.160893 -0.272489
v -0.310619 -0.019259 0.022973
v -0.300480 0.038459 0.002232
v -0.299793 0.032864 0.040817
v 0.310467 -0.362391 0.388164
v 0.315198 -0.377919 0.446554
v 0.317275 -0.311003 0.405084
v 0.282298 -0.226351 -0.275180
v 0.250366 -0.190494 -0.297668
v 0.263180 -0.160522 -0.272467
v 0.314157 -0.022581 0.021224
v 0.304430 0.031807 -0.000141
v 0.304697 0.029193 0.038592
v 0.205846 -0.038945 0.631121
v 0.194292 -0.005216 0.606009
v 0.224999 -0.024858 0.585219
v -0.205679 -0.038659 0.630893
v -0.193977 -0.004904 0.605808
v -0.224621 -0.024407 0.585124
v 0.185206 0.025239 -0.577601
v 0.214712 0.033790 -0.630839
v 0.218943 0.041318 -0.571820
v -0.184236 0.025002 -0.576300
v -0.213477 0.033462 -0.629474
v -0.218050 0.040978 -0.570440
f 1 647 644
f 1 644 643
f 1 643 645
f 1 645 646
f 1 646 647
f 2 649 652
f 6 672 670
f 12 702 699
f 11 696 695
f 8 679 681
f 4 662 659
f 4 659 658
f 4 658 660
f 4 660 661
f 4 661 662
f 5 666 665
f 3 654 657
f 7 673 677
f 9 685 686
f 10 692 688
f 12 701 698
f 6 669 668
f 2 650 648
f 8 682 678
f 11 697 693
f 6 671 669
f 12 700 701
f 11 694 697
f 8 680 682
f 2 651 650
f 10 690 689
f 5 663 664
f 3 655 653
f 7 676 674
f 9 687 684
f 10 691 690
f 5 667 663
f 3 656 655
f 7 675 676
f 9 683 687
f 6 668 672
f 2 648 649
f 8 678 679
f 11 693 696
f 12 698 702
f 10 688 691
f 5 665 667
f 3 657 656
f 7 677 675
f 9 686 683
f 5 664 666
f 3 653 654
f 7 674 673
f 9 684 685
f 10 689 692
f 6 670 671
f 12 699 700
f 11 695 694
f 8 681 680
f 2 652 651
f 35 837 838
f 18 735 736
f 19 742 741
f 40 868 867
f 42 880 879
f 34 832 831
f 33 827 828
f 25 778 780
f 36 844 846
f 20 749 747
f 32 819 820
f 23 765 767
f 24 773 771
f 37 850 849
f 41 876 875
f 34 833 834
f 33 826 825
f 25 779 777
f 36 845 843
f 20 748 750
f 17 729 727
f 14 711 709
f 13 706 703
f 15 718 715
f 16 724 721
f 18 737 733
f 35 839 835
f 42 882 878
f 40 870 866
f 19 744 740
f 30 807 805
f 27 789 787
f 22 762 758
f 28 797 793
f 29 802 799
f 32 821 817
f 23 766 763
f 24 774 770
f 37 852 848
f 41 874 872
f 35 838 836
f 18 736 734
f 19 741 739
f 40 867 865
f 42 879 877
f 34 831 829
f 33 828 824
f 25 780 776
f 36 846 842
f 20 747 745
f 32 820 818
f 23 767 764
f 24 771 769
f 37 849 847
f 41 875 871
f 34 834 830
f 33 825 823
f 25 777 775
f 36 843 841
f 20 750 746
f 14 714 710
f 13 707 704
f 15 719 716
f 16 725 722
f 17 732 728
f 21 755 752
f 31 814 811
f 26 784 781
f 38 857 853
f 39 862 860
f 27 792 788
f 22 759 757
f 28 796 794
f 29 803 800
f 30 810 806
f 31 815 812
f 26 785 782
f 38 856 854
f 39 863 859
f 21 754 751
f 14 712 714
f 13 705 707
f 15 717 719
f 16 723 725
f 17 730 732
f 21 753 755
f 31 816 814
f 26 786 784
f 38 858 857
f 39 861 862
f 27 791 792
f 22 761 759
f 28 795 796
f 29 801 803
f 30 808 810
f 31 813 815
f 26 783 785
f 38 855 856
f 39 864 863
f 21 756 754
f 14 709 712
f 13 703 705
f 15 715 717
f 16 721 723
f 17 727 730
f 21 751 753
f 31 812 816
f 26 782 786
f 38 854 858
f 39 859 861
f 27 787 791
f 22 758 761
f 28 793 795
f 29 799 801
f 30 805 808
f 31 811 813
f 26 781 783
f 38 853 855
f 39 860 864
f 21 752 756
f 17 728 731
f 14 710 713
f 13 704 708
f 15 716 720
f 16 722 726
f 18 734 738
f 35 836 840
f 42 877 881
f 40 865 869
f 19 739 743
f 30 806 809
f 27 788 790
f 22 757 760
f 28 794 798
f 29 800 804
f 32 818 822
f 23 764 768
f 24 769 772
f 37 847 851
f 41 871 873
f 35 835 837
f 18 733 735
f 19 740 742
f 40 866 868
f 42 878 880
f 34 830 832
f 33 823 827
f 25 775 778
f 36 841 844
f 20 746 749
f 32 817 819
f 23 763 765
f 24 770 773
f 37 848 850
f 41 872 876
f 34 829 833
f 33 824 826
f 25 776 779
f 36 842 845
f 20 745 748
f 17 731 729
f 14 713 711
f 13 708 706
f 15 720 718
f 16 726 724
f 18 738 737
f 35 840 839
f 42 881 882
f 40 869 870
f 19 743 744
f 30 809 807
f 27 790 789
f 22 760 762
f 28 798 797
f 29 804 802
f 32 822 821
f 23 768 766
f 24 772 774
f 37 851 852
f 41 873 874
f 107 1269 1270
f 103 1245 1246
f 104 1252 1251
f 110 1288 1287
f 113 1306 1305
f 118 1336 1335
f 154 1551 1552
f 141 1473 1474
f 162 1599 1600
f 121 1354 1353
f 142 1479 1480
f 129 1401 1402
f 130 1408 1407
f 144 1492 1491
f 146 1504 1503
f 151 1533 1534
f 131 1414 1413
f 136 1444 1443
f 161 1594 1593
f 126 1383 1384
f 116 1323 1324
f 108 1275 1276
f 106 1263 1264
f 112 1299 1300
f 115 1317 1318
f 119 1341 1342
f 156 1564 1563
f 139 1462 1461
f 160 1588 1587
f 120 1347 1348
f 149 1521 1522
f 132 1420 1419
f 128 1395 1396
f 145 1497 1498
f 148 1515 1516
f 155 1557 1558
f 133 1425 1426
f 134 1431 1432
f 157 1570 1569
f 124 1372 1371
f 109 1282 1281
f 105 1258 1257
f 111 1294 1293
f 114 1312 1311
f 117 1330 1329
f 125 1378 1377
f 152 1540 1539
f 137 1449 1450
f 158 1575 1576
f 123 1365 1366
f 143 1486 1485
f 127 1390 1389
f 135 1437 1438
f 147 1510 1509
f 150 1528 1527
f 153 1546 1545
f 140 1468 1467
f 138 1455 1456
f 159 1581 1582
f 122 1359 1360
f 107 1272 1271
f 103 1248 1247
f 104 1253 1254
f 110 1289 1290
f 113 1307 1308
f 118 1337 1338
f 154 1554 1553
f 141 1476 1475
f 162 1602 1601
f 121 1355 1356
f 142 1482 1481
f 129 1404 1403
f 130 1409 1410
f 144 1493 1494
f 146 1505 1506
f 151 1536 1535
f 131 1415 1416
f 136 1445 1446
f 161 1595 1596
f 126 1386 1385
f 47 909 907
f 44 891 889
f 43 886 883
f 45 898 895
f 46 904 901
f 49 922 919
f 72 1060 1057
f 102 1240 1237
f 96 1204 1201
f 79 1102 1099
f 62 999 997
f 59 981 979
f 58 976 973
f 60 988 985
f 61 994 991
f 66 1024 1021
f 54 952 949
f 73 1066 1063
f 85 1138 1135
f 92 1179 1177
f 101 1233 1231
f 69 1041 1039
f 50 927 925
f 82 1119 1117
f 97 1209 1207
f 71 1053 1051
f 100 1228 1225
f 94 1192 1189
f 80 1108 1105
f 51 933 931
f 90 1167 1165
f 63 1005 1003
f 55 957 955
f 76 1083 1081
f 87 1150 1147
f 91 1174 1171
f 67 1029 1027
f 56 963 961
f 75 1077 1075
f 83 1126 1123
f 68 1036 1033
f 48 915 913
f 78 1095 1093
f 93 1185 1183
f 98 1216 1213
f 88 1155 1153
f 65 1018 1015
f 57 970 967
f 77 1090 1087
f 86 1143 1141
f 64 1012 1009
f 53 945 943
f 74 1071 1069
f 84 1131 1129
f 89 1162 1159
f 70 1047 1045
f 99 1221 1219
f 95 1197 1195
f 81 1114 1111
f 52 940 937
f 109 1284 1280
f 105 1260 1256
f 111 1296 1292
f 114 1314 1310
f 117 1332 1328
f 125 1380 1376
f 152 1542 1538
f 137 1451 1447
f 158 1577 1573
f 123 1367 1363
f 143 1488 1484
f 127 1392 1388
f 135 1439 1435
f 147 1512 1508
f 150 1530 1526
f 153 1548 1544
f 140 1470 1466
f 138 1457 1453
f 159 1583 1579
f 122 1361 1357
f 107 1270 1268
f 103 1246 1244
f 104 1251 1249
f 110 1287 1285
f 113 1305 1303
f 118 1335 1333
f 154 1552 1550
f 141 1474 1472
f 162 1600 1598
f 121 1353 1351
f 142 1480 1478
f 129 1402 1400
f 130 1407 1405
f 144 1491 1489
f 146 1503 1501
f 151 1534 1532
f 131 1413 1411
f 136 1443 1441
f 161 1593 1591
f 126 1384 1382
f 116 1324 1322
f 108 1276 1274
f 106 1264 1262
f 112 1300 1298
f 115 1318 1316
f 119 1342 1340
f 156 1563 1561
f 139 1461 1459
f 160 1587 1585
f 120 1348 1346
f 149 1522 1520
f 132 1419 1417
f 128 1396 1394
f 145 1498 1496
f 148 1516 1514
f 155 1558 1556
f 133 1426 1424
f 134 1432 1430
f 157 1569 1567
f 124 1371 1369
f 109 1281 1279
f 105 1257 1255
f 111 1293 1291
f 114 1311 1309
f 117 1329 1327
f 125 1377 1375
f 152 1539 1537
f 137 1450 1448
f 158 1576 1574
f 123 1366 1364
f 143 1485 1483
f 127 1389 1387
f 135 1438 1436
f 147 1509 1507
f 150 1527 1525
f 153 1545 1543
f 140 1467 1465
f 138 1456 1454
f 159 1582 1580
f 122 1360 1358
f 107 1271 1267
f 103 1247 1243
f 104 1254 1250
f 110 1290 1286
f 113 1308 1304
f 118 1338 1334
f 154 1553 1549
f 141 1475 1471
f 162 1601 1597
f 121 1356 1352
f 142 1481 1477
f 129 1403 1399
f 130 1410 1406
f 144 1494 1490
f 146 1506 1502
f 151 1535 1531
f 131 1416 1412
f 136 1446 1442
f 161 1596 1592
f 126 1385 1381
f 44 894 890
f 43 887 884
f 45 899 896
f 46 905 902
f 47 912 908
f 52 941 938
f 70 1050 1046
f 99 1224 1220
f 95 1200 1196
f 81 1115 1112
f 59 984 980
f 58 977 974
f 60 989 986
f 61 995 992
f 62 1002 998
f 65 1019 1016
f 57 971 968
f 77 1091 1088
f 86 1146 1142
f 88 1158 1154
f 98 1217 1214
f 68 1037 1034
f 48 918 914
f 78 1098 1094
f 93 1188 1184
f 69 1044 1040
f 101 1236 1232
f 97 1212 1208
f 82 1122 1118
f 50 930 926
f 89 1163 1160
f 64 1013 1010
f 53 948 944
f 74 1074 1070
f 84 1134 1130
f 90 1170 1166
f 63 1008 1004
f 55 960 956
f 76 1086 1082
f 87 1151 1148
f 72 1061 1058
f 49 923 920
f 79 1103 1100
f 96 1205 1202
f 102 1241 1238
f 91 1175 1172
f 67 1032 1028
f 56 966 962
f 75 1080 1076
f 83 1127 1124
f 66 1025 1022
f 54 953 950
f 73 1067 1064
f 85 1139 1136
f 92 1182 1178
f 71 1056 1052
f 100 1229 1226
f 94 1193 1190
f 80 1109 1106
f 51 936 932
f 116 1325 1321
f 108 1277 1273
f 106 1265 1261
f 112 1301 1297
f 115 1319 1315
f 119 1343 1339
f 156 1566 1562
f 139 1464 1460
f 160 1590 1586
f 120 1349 1345
f 149 1523 1519
f 132 1422 1418
f 128 1397 1393
f 145 1499 1495
f 148 1517 1513
f 155 1559 1555
f 133 1427 1423
f 134 1433 1429
f 157 1572 1568
f 124 1374 1370
f 44 892 894
f 43 885 887
f 45 897 899
f 46 903 905
f 47 910 912
f 52 939 941
f 70 1048 1050
f 99 1222 1224
f 95 1198 1200
f 81 1113 1115
f 59 982 984
f 58 975 977
f 60 987 989
f 61 993 995
f 62 1000 1002
f 65 1017 1019
f 57 969 971
f 77 1089 1091
f 86 1144 1146
f 88 1156 1158
f 98 1215 1217
f 68 1035 1037
f 48 916 918
f 78 1096 1098
f 93 1186 1188
f 69 1042 1044
f 101 1234 1236
f 97 1210 1212
f 82 1120 1122
f 50 928 930
f 89 1161 1163
f 64 1011 1013
f 53 946 948
f 74 1072 1074
f 84 1132 1134
f 90 1168 1170
f 63 1006 1008
f 55 958 960
f 76 1084 1086
f 87 1149 1151
f 72 1059 1061
f 49 921 923
f 79 1101 1103
f 96 1203 1205
f 102 1239 1241
f 91 1173 1175
f 67 1030 1032
f 56 964 966
f 75 1078 1080
f 83 1125 1127
f 66 1023 1025
f 54 951 953
f 73 1065 1067
f 85 1137 1139
f 92 1180 1182
f 71 1054 1056
f 100 1227 1229
f 94 1191 1193
f 80 1107 1109
f 51 934 936
f 116 1326 1325
f 108 1278 1277
f 106 1266 1265
f 112 1302 1301
f 115 1320 1319
f 119 1344 1343
f 156 1565 1566
f 139 1463 1464
f 160 1589 1590
f 120 1350 1349
f 149 1524 1523
f 132 1421 1422
f 128 1398 1397
f 145 1500 1499
f 148 1518 1517
f 155 1560 1559
f 133 1428 1427
f 134 1434 1433
f 157 1571 1572
f 124 1373 1374
f 44 889 892
f 43 883 885
f 45 895 897
f 46 901 903
f 47 907 910
f 52 937 939
f 70 1045 1048
f 99 1219 1222
f 95 1195 1198
f 81 1111 1113
f 59 979 982
f 58 973 975
f 60 985 987
f 61 991 993
f 62 997 1000
f 65 1015 1017
f 57 967 969
f 77 1087 1089
f 86 1141 1144
f 88 1153 1156
f 98 1213 1215
f 68 1033 1035
f 48 913 916
f 78 1093 1096
f 93 1183 1186
f 69 1039 1042
f 101 1231 1234
f 97 1207 1210
f 82 1117 1120
f 50 925 928
f 89 1159 1161
f 64 1009 1011
f 53 943 946
f 74 1069 1072
f 84 1129 1132
f 90 1165 1168
f 63 1003 1006
f 55 955 958
f 76 1081 1084
f 87 1147 1149
f 72 1057 1059
f 49 919 921
f 79 1099 1101
f 96 1201 1203
f 102 1237 1239
f 91 1171 1173
f 67 1027 1030
f 56 961 964
f 75 1075 1078
f 83 1123 1125
f 66 1021 1023
f 54 949 951
f 73 1063 1065
f 85 1135 1137
f 92 1177 1180
f 71 1051 1054
f 100 1225 1227
f 94 1189 1191
f 80 1105 1107
f 51 931 934
f 116 1322 1326
f 108 1274 1278
f 106 1262 1266
f 112 1298 1302
f 115 1316 1320
f 119 1340 1344
f 156 1561 1565
f 139 1459 1463
f 160 1585 1589
f 120 1346 1350
f 149 1520 1524
f 132 1417 1421
f 128 1394 1398
f 145 1496 1500
f 148 1514 1518
f 155 1556 1560
f 133 1424 1428
f 134 1430 1434
f 157 1567 1571
f 124 1369 1373
f 47 908 911
f 44 890 893
f 43 884 888
f 45 896 900
f 46 902 906
f 49 920 924
f 72 1058 1062
f 102 1238 1242
f 96 1202 1206
f 79 1100 1104
f 62 998 1001
f 59 980 983
f 58 974 978
f 60 986 990
f 61 992 996
f 66 1022 1026
f 54 950 954
f 73 1064 1068
f 85 1136 1140
f 92 1178 1181
f 101 1232 1235
f 69 1040 1043
f 50 926 929
f 82 1118 1121
f 97 1208 1211
f 71 1052 1055
f 100 1226 1230
f 94 1190 1194
f 80 1106 1110
f 51 932 935
f 90 1166 1169
f 63 1004 1007
f 55 956 959
f 76 1082 1085
f 87 1148 1152
f 91 1172 1176
f 67 1028 1031
f 56 962 965
f 75 1076 1079
f 83 1124 1128
f 68 1034 1038
f 48 914 917
f 78 1094 1097
f 93 1184 1187
f 98 1214 1218
f 88 1154 1157
f 65 1016 1020
f 57 968 972
f 77 1088 1092
f 86 1142 1145
f 64 1010 1014
f 53 944 947
f 74 1070 1073
f 84 1130 1133
f 89 1160 1164
f 70 1046 1049
f 99 1220 1223
f 95 1196 1199
f 81 1112 1116
f 52 938 942
f 109 1279 1283
f 105 1255 1259
f 111 1291 1295
f 114 1309 1313
f 117 1327 1331
f 125 1375 1379
f 152 1537 1541
f 137 1448 1452
f 158 1574 1578
f 123 1364 1368
f 143 1483 1487
f 127 1387 1391
f 135 1436 1440
f 147 1507 1511
f 150 1525 1529
f 153 1543 1547
f 140 1465 1469
f 138 1454 1458
f 159 1580 1584
f 122 1358 1362
f 107 1267 1269
f 103 1243 1245
f 104 1250 1252
f 110 1286 1288
f 113 1304 1306
f 118 1334 1336
f 154 1549 1551
f 141 1471 1473
f 162 1597 1599
f 121 1352 1354
f 142 1477 1479
f 129 1399 1401
f 130 1406 1408
f 144 1490 1492
f 146 1502 1504
f 151 1531 1533
f 131 1412 1414
f 136 1442 1444
f 161 1592 1594
f 126 1381 1383
f 116 1321 1323
f 108 1273 1275
f 106 1261 1263
f 112 1297 1299
f 115 1315 1317
f 119 1339 1341
f 156 1562 1564
f 139 1460 1462
f 160 1586 1588
f 120 1345 1347
f 149 1519 1521
f 132 1418 1420
f 128 1393 1395
f 145 1495 1497
f 148 1513 1515
f 155 1555 1557
f 133 1423 1425
f 134 1429 1431
f 157 1568 1570
f 124 1370 1372
f 109 1280 1282
f 105 1256 1258
f 111 1292 1294
f 114 1310 1312
f 117 1328 1330
f 125 1376 1378
f 152 1538 1540
f 137 1447 1449
f 158 1573 1575
f 123 1363 1365
f 143 1484 1486
f 127 1388 1390
f 135 1435 1437
f 147 1508 1510
f 150 1526 1528
f 153 1544 1546
f 140 1466 1468
f 138 1453 1455
f 159 1579 1581
f 122 1357 1359
f 107 1268 1272
f 103 1244 1248
f 104 1249 1253
f 110 1285 1289
f 113 1303 1307
f 118 1333 1337
f 154 1550 1554
f 141 1472 1476
f 162 1598 1602
f 121 1351 1355
f 142 1478 1482
f 129 1400 1404
f 130 1405 1409
f 144 1489 1493
f 146 1501 1505
f 151 1532 1536
f 131 1411 1415
f 136 1441 1445
f 161 1591 1595
f 126 1382 1386
f 47 911 909
f 44 893 891
f 43 888 886
f 45 900 898
f 46 906 904
f 49 924 922
f 72 1062 1060
f 102 1242 1240
f 96 1206 1204
f 79 1104 1102
f 62 1001 999
f 59 983 981
f 58 978 976
f 60 990 988
f 61 996 994
f 66 1026 1024
f 54 954 952
f 73 1068 1066
f 85 1140 1138
f 92 1181 1179
f 101 1235 1233
f 69 1043 1041
f 50 929 927
f 82 1121 1119
f 97 1211 1209
f 71 1055 1053
f 100 1230 1228
f 94 1194 1192
f 80 1110 1108
f 51 935 933
f 90 1169 1167
f 63 1007 1005
f 55 959 957
f 76 1085 1083
f 87 1152 1150
f 91 1176 1174
f 67 1031 1029
f 56 965 963
f 75 1079 1077
f 83 1128 1126
f 68 1038 1036
f 48 917 915
f 78 1097 1095
f 93 1187 1185
f 98 1218 1216
f 88 1157 1155
f 65 1020 1018
f 57 972 970
f 77 1092 1090
f 86 1145 1143
f 64 1014 1012
f 53 947 945
f 74 1073 1071
f 84 1133 1131
f 89 1164 1162
f 70 1049 1047
f 99 1223 1221
f 95 1199 1197
f 81 1116 1114
f 52 942 940
f 109 1283 1284
f 105 1259 1260
f 111 1295 1296
f 114 1313 1314
f 117 1331 1332
f 125 1379 1380
f 152 1541 1542
f 137 1452 1451
f 158 1578 1577
f 123 1368 1367
f 143 1487 1488
f 127 1391 1392
f 135 1440 1439
f 147 1511 1512
f 150 1529 1530
f 153 1547 1548
f 140 1469 1470
f 138 1458 1457
f 159 1584 1583
f 122 1362 1361
f 407 1609 1616
f 403 1605 1608
f 404 1611 1606
f 410 1614 1612
f 413 1617 1615
f 422 1631 1624
f 486 1688 1692
f 573 1775 1782
f 561 1763 1765
f 512 1719 1714
f 452 1654 1661
f 448 1650 1653
f 449 1656 1651
f 455 1659 1657
f 458 1662 1660
f 470 1672 1675
f 437 1646 1639
f 494 1706 1696
f 531 1735 1733
f 539 1741 1751
f 568 1770 1779
f 478 1680 1683
f 419 1621 1626
f 509 1711 1721
f 554 1756 1766
f 482 1684 1689
f 576 1780 1778
f 558 1767 1760
f 516 1722 1718
f 425 1627 1629
f 542 1744 1747
f 463 1668 1665
f 434 1636 1641
f 497 1699 1704
f 528 1730 1737
f 546 1748 1750
f 464 1666 1676
f 440 1642 1644
f 500 1705 1702
f 524 1736 1726
f 479 1691 1681
f 418 1623 1620
f 508 1713 1710
f 553 1764 1755
f 569 1781 1771
f 538 1749 1740
f 471 1677 1673
f 443 1645 1647
f 501 1703 1707
f 523 1725 1734
f 467 1674 1669
f 433 1638 1635
f 493 1695 1698
f 527 1732 1729
f 543 1752 1745
f 485 1690 1687
f 572 1777 1774
f 557 1759 1762
f 515 1717 1720
f 428 1630 1632
f 591 2191 2189
f 587 1885 1883
f 588 1901 1903
f 594 2279 2281
f 597 2315 2317
f 600 2171 2173
f 634 2160 2158
f 619 2016 2012
f 639 2214 2210
f 602 1919 1924
f 624 2137 2135
f 608 1978 1973
f 610 1991 1996
f 627 2225 2227
f 630 2302 2304
f 635 2178 2176
f 615 2153 2155
f 617 2009 2014
f 637 2207 2212
f 604 1926 1922
f 416 1857 1864
f 408 1803 1810
f 406 1786 1795
f 412 1822 1831
f 415 1840 1849
f 424 1876 1887
f 492 2182 2193
f 582 2312 2321
f 565 2276 2285
f 514 1898 1907
f 461 2091 2098
f 453 2037 2044
f 451 1952 1961
f 457 2056 2067
f 460 2074 2083
f 475 2128 2139
f 439 1966 1975
f 496 1988 1997
f 533 2222 2231
f 551 2293 2298
f 579 2185 2190
f 483 1879 1884
f 426 1893 1900
f 521 2271 2278
f 566 2307 2314
f 489 2163 2170
f 578 2150 2159
f 560 2006 2015
f 518 2204 2213
f 429 1911 1918
f 547 2131 2136
f 465 1969 1977
f 441 1983 1990
f 504 2217 2224
f 537 2290 2301
f 550 2168 2177
f 476 2145 2152
f 444 2001 2008
f 502 2199 2206
f 526 1916 1925
f 481 1808 1817
f 420 1789 1797
f 510 1825 1833
f 555 1843 1851
f 571 1862 1871
f 540 1933 1941
f 473 2110 2119
f 447 2020 2029
f 507 2236 2247
f 534 2257 2262
f 469 2042 2051
f 435 1947 1954
f 498 2059 2064
f 529 2077 2085
f 545 2096 2105
f 487 2113 2121
f 574 2023 2031
f 562 2239 2244
f 520 2254 2265
f 432 1930 1939
f 589 1818 1814
f 583 1798 1793
f 586 1834 1829
f 593 1852 1847
f 596 1872 1868
f 599 1942 1937
f 633 2120 2124
f 620 2030 2034
f 640 2248 2250
f 603 2263 2261
f 622 2052 2050
f 607 1955 1960
f 612 2065 2063
f 626 2086 2081
f 629 2106 2102
f 631 2122 2117
f 614 2032 2027
f 618 2245 2243
f 641 2266 2268
f 605 1940 1944
f 409 1813 1804
f 405 1792 1785
f 411 1828 1821
f 414 1846 1839
f 417 1867 1858
f 431 1936 1929
f 488 2123 2114
f 575 2033 2024
f 563 2249 2240
f 519 2260 2253
f 454 2049 2038
f 450 1959 1951
f 456 2062 2055
f 459 2080 2073
f 462 2101 2092
f 472 2116 2109
f 446 2026 2019
f 506 2242 2235
f 535 2267 2258
f 541 1943 1934
f 570 1869 1861
f 480 1815 1807
f 421 1799 1790
f 511 1835 1826
f 556 1853 1844
f 484 1889 1880
f 580 2195 2186
f 567 2319 2308
f 522 2283 2272
f 427 1905 1894
f 544 2103 2095
f 468 2046 2041
f 436 1957 1948
f 499 2069 2060
f 530 2087 2078
f 548 2141 2132
f 466 1979 1970
f 442 1993 1984
f 505 2229 2218
f 536 2296 2289
f 491 2188 2181
f 423 1882 1875
f 513 1902 1897
f 564 2280 2275
f 581 2316 2311
f 549 2172 2167
f 477 2157 2146
f 445 2011 2002
f 503 2209 2200
f 525 1923 1915
f 474 2134 2127
f 438 1972 1965
f 495 1995 1987
f 532 2226 2221
f 552 2303 2294
f 490 2175 2164
f 577 2154 2149
f 559 2013 2005
f 517 2211 2203
f 430 1921 1912
f 590 1865 1870
f 584 1811 1816
f 585 1796 1800
f 592 1832 1836
f 595 1850 1854
f 598 1888 1890
f 636 2194 2196
f 621 2322 2320
f 642 2286 2284
f 601 1908 1906
f 623 2099 2104
f 611 2045 2047
f 609 1962 1958
f 625 2068 2070
f 628 2084 2088
f 632 2140 2142
f 613 1976 1980
f 616 1998 1994
f 638 2232 2230
f 606 2299 2297
f 407 2330 2329
f 403 2324 2323
f 404 2325 2326
f 410 2332 2333
f 413 2335 2336
f 422 2344 2345
f 486 2410 2409
f 573 2497 2496
f 561 2486 2485
f 512 2434 2435
f 452 2375 2374
f 448 2369 2368
f 449 2370 2371
f 455 2377 2378
f 458 2380 2381
f 470 2393 2392
f 437 2359 2360
f 494 2415 2416
f 531 2455 2456
f 539 2461 2460
f 568 2489 2488
f 478 2399 2398
f 419 2341 2340
f 509 2431 2430
f 554 2476 2475
f 482 2405 2404
f 576 2500 2501
f 558 2481 2482
f 516 2439 2440
f 425 2348 2347
f 542 2465 2464
f 463 2383 2384
f 434 2356 2355
f 497 2420 2419
f 528 2452 2451
f 546 2471 2470
f 464 2386 2385
f 440 2363 2362
f 500 2422 2423
f 524 2445 2446
f 479 2400 2401
f 418 2338 2339
f 508 2428 2429
f 553 2473 2474
f 569 2490 2491
f 538 2458 2459
f 471 2394 2395
f 443 2366 2365
f 501 2425 2424
f 523 2444 2443
f 467 2389 2390
f 433 2353 2354
f 493 2414 2413
f 527 2449 2450
f 543 2466 2467
f 485 2407 2408
f 572 2494 2495
f 557 2480 2479
f 515 2438 2437
f 428 2351 2350
f 591 2510 2511
f 587 2504 2505
f 588 2508 2507
f 594 2514 2513
f 597 2517 2516
f 600 2520 2519
f 634 2554 2556
f 619 2539 2540
f 639 2560 2561
f 602 2523 2521
f 624 2543 2544
f 608 2527 2529
f 610 2532 2530
f 627 2547 2546
f 630 2550 2549
f 635 2552 2553
f 615 2535 2534
f 617 2538 2536
f 637 2558 2557
f 604 2524 2525
f 167 1607 647
f 164 1603 644
f 163 1604 643
f 165 1610 645
f 166 1613 646
f 169 1622 649
f 192 1686 672
f 222 1773 702
f 216 1761 696
f 199 1712 679
f 182 1652 662
f 179 1648 659
f 178 1649 658
f 180 1655 660
f 181 1658 661
f 186 1670 666
f 174 1637 654
f 193 1694 673
f 205 1731 685
f 212 1739 692
f 221 1768 701
f 189 1678 669
f 170 1619 650
f 202 1709 682
f 217 1754 697
f 191 1682 671
f 220 1776 700
f 214 1758 694
f 200 1716 680
f 171 1625 651
f 210 1742 690
f 183 1663 663
f 175 1634 655
f 196 1697 676
f 207 1728 687
f 211 1746 691
f 187 1664 667
f 176 1640 656
f 195 1700 675
f 203 1724 683
f 188 1679 668
f 168 1618 648
f 198 1708 678
f 213 1753 693
f 218 1769 698
f 208 1738 688
f 185 1671 665
f 177 1643 657
f 197 1701 677
f 206 1723 686
f 184 1667 664
f 173 1633 653
f 194 1693 674
f 204 1727 684
f 209 1743 689
f 190 1685 670
f 219 1772 699
f 215 1757 695
f 201 1715 681
f 172 1628 652
f 357 2187 837
f 255 1881 735
f 262 1899 742
f 388 2277 868
f 400 2313 880
f 352 2169 832
f 347 2156 827
f 298 2010 778
f 364 2208 844
f 269 1917 749
f 339 2133 819
f 285 1971 765
f 293 1989 773
f 370 2223 850
f 396 2300 876
f 353 2174 833
f 346 2151 826
f 299 2007 779
f 365 2205 845
f 268 1920 748
f 249 1855 729
f 231 1801 711
f 226 1784 706
f 238 1820 718
f 244 1838 724
f 257 1874 737
f 359 2180 839
f 402 2310 882
f 390 2274 870
f 264 1896 744
f 327 2089 807
f 309 2035 789
f 282 1950 762
f 317 2054 797
f 322 2072 802
f 341 2126 821
f 286 1964 766
f 294 1986 774
f 372 2220 852
f 394 2291 874
f 358 2183 838
f 256 1877 736
f 261 1891 741
f 387 2269 867
f 399 2305 879
f 351 2161 831
f 348 2148 828
f 300 2004 780
f 366 2202 846
f 267 1909 747
f 340 2129 820
f 287 1967 767
f 291 1981 771
f 369 2215 849
f 395 2288 875
f 354 2166 834
f 345 2143 825
f 297 1999 777
f 363 2197 843
f 270 1914 750
f 234 1806 714
f 227 1787 707
f 239 1823 719
f 245 1841 725
f 252 1860 732
f 275 1931 755
f 334 2108 814
f 304 2018 784
f 377 2234 857
f 382 2255 862
f 312 2040 792
f 279 1945 759
f 316 2057 796
f 323 2075 803
f 330 2094 810
f 335 2111 815
f 305 2021 785
f 376 2237 856
f 383 2252 863
f 274 1928 754
f 232 1812 712
f 225 1791 705
f 237 1827 717
f 243 1845 723
f 250 1866 730
f 273 1935 753
f 336 2118 816
f 306 2028 786
f 378 2246 858
f 381 2259 861
f 311 2048 791
f 281 1953 761
f 315 2061 795
f 321 2079 801
f 328 2100 808
f 333 2115 813
f 303 2025 783
f 375 2241 855
f 384 2264 864
f 276 1938 756
f 229 1802 709
f 223 1783 703
f 235 1819 715
f 241 1837 721
f 247 1856 727
f 271 1927 751
f 332 2112 812
f 302 2022 782
f 374 2238 854
f 379 2251 859
f 307 2036 787
f 278 1949 758
f 313 2053 793
f 319 2071 799
f 325 2090 805
f 331 2107 811
f 301 2017 781
f 373 2233 853
f 380 2256 860
f 272 1932 752
f 248 1859 728
f 230 1805 710
f 224 1788 704
f 236 1824 716
f 242 1842 722
f 254 1878 734
f 356 2184 836
f 397 2306 877
f 385 2270 865
f 259 1892 739
f 326 2093 806
f 308 2039 788
f 277 1946 757
f 314 2058 794
f 320 2076 800
f 338 2130 818
f 284 1968 764
f 289 1982 769
f 367 2216 847
f 391 2287 871
f 355 2179 835
f 253 1873 733
f 260 1895 740
f 386 2273 866
f 398 2309 878
f 350 2165 830
f 343 2144 823
f 295 2000 775
f 361 2198 841
f 266 1913 746
f 337 2125 817
f 283 1963 763
f 290 1985 770
f 368 2219 848
f 392 2292 872
f 349 2162 829
f 344 2147 824
f 296 2003 776
f 362 2201 842
f 265 1910 745
f 251 1863 731
f 233 1809 713
f 228 1794 708
f 240 1830 720
f 246 1848 726
f 258 1886 738
f 360 2192 840
f 401 2318 881
f 389 2282 869
f 263 1904 743
f 329 2097 809
f 310 2043 790
f 280 1956 760
f 318 2066 798
f 324 2082 804
f 342 2138 822
f 288 1974 768
f 292 1992 772
f 371 2228 851
f 393 2295 873
f 409 2331 1269
f 405 2327 1245
f 411 2328 1252
f 414 2334 1288
f 417 2337 1306
f 431 2346 1336
f 488 2412 1551
f 575 2499 1473
f 563 2487 1599
f 519 2436 1354
f 454 2376 1479
f 450 2372 1401
f 456 2373 1408
f 459 2379 1492
f 462 2382 1504
f 472 2396 1533
f 446 2361 1414
f 506 2418 1444
f 535 2457 1594
f 541 2463 1383
f 570 2492 1323
f 480 2402 1275
f 421 2343 1263
f 511 2433 1299
f 556 2478 1317
f 484 2406 1341
f 580 2502 1564
f 567 2484 1462
f 522 2442 1588
f 427 2349 1347
f 544 2468 1521
f 468 2387 1420
f 436 2358 1395
f 499 2421 1497
f 530 2454 1515
f 548 2472 1557
f 466 2388 1425
f 442 2364 1431
f 505 2426 1570
f 536 2448 1372
f 491 2403 1282
f 423 2342 1258
f 513 2432 1294
f 564 2477 1312
f 581 2493 1330
f 549 2462 1378
f 477 2397 1540
f 445 2367 1449
f 503 2427 1575
f 525 2447 1365
f 474 2391 1486
f 438 2357 1390
f 495 2417 1437
f 532 2453 1510
f 552 2469 1528
f 490 2411 1546
f 577 2498 1468
f 559 2483 1455
f 517 2441 1581
f 430 2352 1359
f 590 2509 1272
f 584 2503 1248
f 585 2506 1253
f 592 2512 1289
f 595 2515 1307
f 598 2518 1337
f 636 2555 1554
f 621 2541 1476
f 642 2562 1602
f 601 2522 1355
f 623 2542 1482
f 611 2528 1404
f 609 2531 1409
f 625 2545 1493
f 628 2548 1505
f 632 2551 1536
f 613 2533 1415
f 616 2537 1445
f 638 2559 1595
f 606 2526 1386
f 407 1616 909
f 403 1608 891
f 404 1606 886
f 410 1612 898
f 413 1615 904
f 422 1624 922
f 486 1692 1060
f 573 1782 1240
f 561 1765 1204
f 512 1714 1102
f 452 1661 999
f 448 1653 981
f 449 1651 976
f 455 1657 988
f 458 1660 994
f 470 1675 1024
f 437 1639 952
f 494 1696 1066
f 531 1733 1138
f 539 1751 1179
f 568 1779 1233
f 478 1683 1041
f 419 1626 927
f 509 1721 1119
f 554 1766 1209
f 482 1689 1053
f 576 1778 1228
f 558 1760 1192
f 516 1718 1108
f 425 1629 933
f 542 1747 1167
f 463 1665 1005
f 434 1641 957
f 497 1704 1083
f 528 1737 1150
f 546 1750 1174
f 464 1676 1029
f 440 1644 963
f 500 1702 1077
f 524 1726 1126
f 479 1681 1036
f 418 1620 915
f 508 1710 1095
f 553 1755 1185
f 569 1771 1216
f 538 1740 1155
f 471 1673 1018
f 443 1647 970
f 501 1707 1090
f 523 1734 1143
f 467 1669 1012
f 433 1635 945
f 493 1698 1071
f 527 1729 1131
f 543 1745 1162
f 485 1687 1047
f 572 1774 1221
f 557 1762 1197
f 515 1720 1114
f 428 1632 940
f 591 2189 1284
f 587 1883 1260
f 588 1903 1296
f 594 2281 1314
f 597 2317 1332
f 600 2173 1380
f 634 2158 1542
f 619 2012 1451
f 639 2210 1577
f 602 1924 1367
f 624 2135 1488
f 608 1973 1392
f 610 1996 1439
f 627 2227 1512
f 630 2304 1530
f 635 2176 1548
f 615 2155 1470
f 617 2014 1457
f 637 2212 1583
f 604 1922 1361
f 416 1864 1270
f 408 1810 1246
f 406 1795 1251
f 412 1831 1287
f 415 1849 1305
f 424 1887 1335
f 492 2193 1552
f 582 2321 1474
f 565 2285 1600
f 514 1907 1353
f 461 2098 1480
f 453 2044 1402
f 451 1961 1407
f 457 2067 1491
f 460 2083 1503
f 475 2139 1534
f 439 1975 1413
f 496 1997 1443
f 533 2231 1593
f 551 2298 1384
f 579 2190 1324
f 483 1884 1276
f 426 1900 1264
f 521 2278 1300
f 566 2314 1318
f 489 2170 1342
f 578 2159 1563
f 560 2015 1461
f 518 2213 1587
f 429 1918 1348
f 547 2136 1522
f 465 1977 1419
f 441 1990 1396
f 504 2224 1498
f 537 2301 1516
f 550 2177 1558
f 476 2152 1426
f 444 2008 1432
f 502 2206 1569
f 526 1925 1371
f 481 1817 1281
f 420 1797 1257
f 510 1833 1293
f 555 1851 1311
f 571 1871 1329
f 540 1941 1377
f 473 2119 1539
f 447 2029 1450
f 507 2247 1576
f 534 2262 1366
f 469 2051 1485
f 435 1954 1389
f 498 2064 1438
f 529 2085 1509
f 545 2105 1527
f 487 2121 1545
f 574 2031 1467
f 562 2244 1456
f 520 2265 1582
f 432 1939 1360
f 589 1814 1271
f 583 1793 1247
f 586 1829 1254
f 593 1847 1290
f 596 1868 1308
f 599 1937 1338
f 633 2124 1553
f 620 2034 1475
f 640 2250 1601
f 603 2261 1356
f 622 2050 1481
f 607 1960 1403
f 612 2063 1410
f 626 2081 1494
f 629 2102 1506
f 631 2117 1535
f 614 2027 1416
f 618 2243 1446
f 641 2268 1596
f 605 1944 1385
f 409 1804 894
f 405 1785 887
f 411 1821 899
f 414 1839 905
f 417 1858 912
f 431 1929 941
f 488 2114 1050
f 575 2024 1224
f 563 2240 1200
f 519 2253 1115
f 454 2038 984
f 450 1951 977
f 456 2055 989
f 459 2073 995
f 462 2092 1002
f 472 2109 1019
f 446 2019 971
f 506 2235 1091
f 535 2258 1146
f 541 1934 1158
f 570 1861 1217
f 480 1807 1037
f 421 1790 918
f 511 1826 1098
f 556 1844 1188
f 484 1880 1044
f 580 2186 1236
f 567 2308 1212
f 522 2272 1122
f 427 1894 930
f 544 2095 1163
f 468 2041 1013
f 436 1948 948
f 499 2060 1074
f 530 2078 1134
f 548 2132 1170
f 466 1970 1008
f 442 1984 960
f 505 2218 1086
f 536 2289 1151
f 491 2181 1061
f 423 1875 923
f 513 1897 1103
f 564 2275 1205
f 581 2311 1241
f 549 2167 1175
f 477 2146 1032
f 445 2002 966
f 503 2200 1080
f 525 1915 1127
f 474 2127 1025
f 438 1965 953
f 495 1987 1067
f 532 2221 1139
f 552 2294 1182
f 490 2164 1056
f 577 2149 1229
f 559 2005 1193
f 517 2203 1109
f 430 1912 936
f 590 1870 1325
f 584 1816 1277
f 585 1800 1265
f 592 1836 1301
f 595 1854 1319
f 598 1890 1343
f 636 2196 1566
f 621 2320 1464
f 642 2284 1590
f 601 1906 1349
f 623 2104 1523
f 611 2047 1422
f 609 1958 1397
f 625 2070 1499
f 628 2088 1517
f 632 2142 1559
f 613 1980 1427
f 616 1994 1433
f 638 2230 1572
f 606 2297 1374
f 407 2329 892
f 403 2323 885
f 404 2326 897
f 410 2333 903
f 413 2336 910
f 422 2345 939
f 486 2409 1048
f 573 2496 1222
f 561 2485 1198
f 512 2435 1113
f 452 2374 982
f 448 2368 975
f 449 2371 987
f 455 2378 993
f 458 2381 1000
f 470 2392 1017
f 437 2360 969
f 494 2416 1089
f 531 2456 1144
f 539 2460 1156
f 568 2488 1215
f 478 2398 1035
f 419 2340 916
f 509 2430 1096
f 554 2475 1186
f 482 2404 1042
f 576 2501 1234
f 558 2482 1210
f 516 2440 1120
f 425 2347 928
f 542 2464 1161
f 463 2384 1011
f 434 2355 946
f 497 2419 1072
f 528 2451 1132
f 546 2470 1168
f 464 2385 1006
f 440 2362 958
f 500 2423 1084
f 524 2446 1149
f 479 2401 1059
f 418 2339 921
f 508 2429 1101
f 553 2474 1203
f 569 2491 1239
f 538 2459 1173
f 471 2395 1030
f 443 2365 964
f 501 2424 1078
f 523 2443 1125
f 467 2390 1023
f 433 2354 951
f 493 2413 1065
f 527 2450 1137
f 543 2467 1180
f 485 2408 1054
f 572 2495 1227
f 557 2479 1191
f 515 2437 1107
f 428 2350 934
f 591 2511 1326
f 587 2505 1278
f 588 2507 1266
f 594 2513 1302
f 597 2516 1320
f 600 2519 1344
f 634 2556 1565
f 619 2540 1463
f 639 2561 1589
f 602 2521 1350
f 624 2544 1524
f 608 2529 1421
f 610 2530 1398
f 627 2546 1500
f 630 2549 1518
f 635 2553 1560
f 615 2534 1428
f 617 2536 1434
f 637 2557 1571
f 604 2525 1373
f 164 1609 889
f 163 1605 883
f 165 1611 895
f 166 1614 901
f 167 1617 907
f 172 1631 937
f 190 1688 1045
f 219 1775 1219
f 215 1763 1195
f 201 1719 1111
f 179 1654 979
f 178 1650 973
f 180 1656 985
f 181 1659 991
f 182 1662 997
f 185 1672 1015
f 177 1646 967
f 197 1706 1087
f 206 1735 1141
f 208 1741 1153
f 218 1770 1213
f 188 1680 1033
f 168 1621 913
f 198 1711 1093
f 213 1756 1183
f 189 1684 1039
f 221 1780 1231
f 217 1767 1207
f 202 1722 1117
f 170 1627 925
f 209 1744 1159
f 184 1668 1009
f 173 1636 943
f 194 1699 1069
f 204 1730 1129
f 210 1748 1165
f 183 1666 1003
f 175 1642 955
f 196 1705 1081
f 207 1736 1147
f 192 1691 1057
f 169 1623 919
f 199 1713 1099
f 216 1764 1201
f 222 1781 1237
f 211 1749 1171
f 187 1677 1027
f 176 1645 961
f 195 1703 1075
f 203 1725 1123
f 186 1674 1021
f 174 1638 949
f 193 1695 1063
f 205 1732 1135
f 212 1752 1177
f 191 1690 1051
f 220 1777 1225
f 214 1759 1189
f 200 1717 1105
f 171 1630 931
f 358 2191 1322
f 256 1885 1274
f 261 1901 1262
f 387 2279 1298
f 399 2315 1316
f 351 2171 1340
f 348 2160 1561
f 300 2016 1459
f 366 2214 1585
f 267 1919 1346
f 340 2137 1520
f 287 1978 1417
f 291 1991 1394
f 369 2225 1496
f 395 2302 1514
f 354 2178 1556
f 345 2153 1424
f 297 2009 1430
f 363 2207 1567
f 270 1926 1369
f 247 1857 908
f 229 1803 890
f 223 1786 884
f 235 1822 896
f 241 1840 902
f 253 1876 920
f 355 2182 1058
f 398 2312 1238
f 386 2276 1202
f 260 1898 1100
f 325 2091 998
f 307 2037 980
f 278 1952 974
f 313 2056 986
f 319 2074 992
f 337 2128 1022
f 283 1966 950
f 290 1988 1064
f 368 2222 1136
f 392 2293 1178
f 356 2185 1232
f 254 1879 1040
f 259 1893 926
f 385 2271 1118
f 397 2307 1208
f 349 2163 1052
f 344 2150 1226
f 296 2006 1190
f 362 2204 1106
f 265 1911 932
f 338 2131 1166
f 284 1969 1004
f 289 1983 956
f 367 2217 1082
f 391 2290 1148
f 350 2168 1172
f 343 2145 1028
f 295 2001 962
f 361 2199 1076
f 266 1916 1124
f 230 1808 1034
f 224 1789 914
f 236 1825 1094
f 242 1843 1184
f 248 1862 1214
f 272 1933 1154
f 331 2110 1016
f 301 2020 968
f 373 2236 1088
f 380 2257 1142
f 308 2042 1010
f 277 1947 944
f 314 2059 1070
f 320 2077 1130
f 326 2096 1160
f 332 2113 1046
f 302 2023 1220
f 374 2239 1196
f 379 2254 1112
f 271 1930 938
f 234 1818 1279
f 227 1798 1255
f 239 1834 1291
f 245 1852 1309
f 252 1872 1327
f 275 1942 1375
f 334 2120 1537
f 304 2030 1448
f 377 2248 1574
f 382 2263 1364
f 312 2052 1483
f 279 1955 1387
f 316 2065 1436
f 323 2086 1507
f 330 2106 1525
f 335 2122 1543
f 305 2032 1465
f 376 2245 1454
f 383 2266 1580
f 274 1940 1358
f 232 1813 1267
f 225 1792 1243
f 237 1828 1250
f 243 1846 1286
f 250 1867 1304
f 273 1936 1334
f 336 2123 1549
f 306 2033 1471
f 378 2249 1597
f 381 2260 1352
f 311 2049 1477
f 281 1959 1399
f 315 2062 1406
f 321 2080 1490
f 328 2101 1502
f 333 2116 1531
f 303 2026 1412
f 375 2242 1442
f 384 2267 1592
f 276 1943 1381
f 251 1869 1321
f 233 1815 1273
f 228 1799 1261
f 240 1835 1297
f 246 1853 1315
f 258 1889 1339
f 360 2195 1562
f 401 2319 1460
f 389 2283 1586
f 263 1905 1345
f 329 2103 1519
f 310 2046 1418
f 280 1957 1393
f 318 2069 1495
f 324 2087 1513
f 342 2141 1555
f 288 1979 1423
f 292 1993 1429
f 371 2229 1568
f 393 2296 1370
f 357 2188 1280
f 255 1882 1256
f 262 1902 1292
f 388 2280 1310
f 400 2316 1328
f 352 2172 1376
f 347 2157 1538
f 298 2011 1447
f 364 2209 1573
f 269 1923 1363
f 339 2134 1484
f 285 1972 1388
f 293 1995 1435
f 370 2226 1508
f 396 2303 1526
f 353 2175 1544
f 346 2154 1466
f 299 2013 1453
f 365 2211 1579
f 268 1921 1357
f 249 1865 1268
f 231 1811 1244
f 226 1796 1249
f 238 1832 1285
f 244 1850 1303
f 257 1888 1333
f 359 2194 1550
f 402 2322 1472
f 390 2286 1598
f 264 1908 1351
f 327 2099 1478
f 309 2045 1400
f 282 1962 1405
f 317 2068 1489
f 322 2084 1501
f 341 2140 1532
f 286 1976 1411
f 294 1998 1441
f 372 2232 1591
f 394 2299 1382
f 416 2330 911
f 408 2324 893
f 406 2325 888
f 412 2332 900
f 415 2335 906
f 424 2344 924
f 492 2410 1062
f 582 2497 1242
f 565 2486 1206
f 514 2434 1104
f 461 2375 1001
f 453 2369 983
f 451 2370 978
f 457 2377 990
f 460 2380 996
f 475 2393 1026
f 439 2359 954
f 496 2415 1068
f 533 2455 1140
f 551 2461 1181
f 579 2489 1235
f 483 2399 1043
f 426 2341 929
f 521 2431 1121
f 566 2476 1211
f 489 2405 1055
f 578 2500 1230
f 560 2481 1194
f 518 2439 1110
f 429 2348 935
f 547 2465 1169
f 465 2383 1007
f 441 2356 959
f 504 2420 1085
f 537 2452 1152
f 550 2471 1176
f 476 2386 1031
f 444 2363 965
f 502 2422 1079
f 526 2445 1128
f 481 2400 1038
f 420 2338 917
f 510 2428 1097
f 555 2473 1187
f 571 2490 1218
f 540 2458 1157
f 473 2394 1020
f 447 2366 972
f 507 2425 1092
f 534 2444 1145
f 469 2389 1014
f 435 2353 947
f 498 2414 1073
f 529 2449 1133
f 545 2466 1164
f 487 2407 1049
f 574 2494 1223
f 562 2480 1199
f 520 2438 1116
f 432 2351 942
f 589 2510 1283
f 583 2504 1259
f 586 2508 1295
f 593 2514 1313
f 596 2517 1331
f 599 2520 1379
f 633 2554 1541
f 620 2539 1452
f 640 2560 1578
f 603 2523 1368
f 622 2543 1487
f 607 2527 1391
f 612 2532 1440
f 626 2547 1511
f 629 2550 1529
f 631 2552 1547
f 614 2535 1469
f 618 2538 1458
f 641 2558 1584
f 605 2524 1362
f 164 1607 1609
f 163 1603 1605
f 165 1604 1611
f 166 1610 1614
f 167 1613 1617
f 172 1622 1631
f 190 1686 1688
f 219 1773 1775
f 215 1761 1763
f 201 1712 1719
f 179 1652 1654
f 178 1648 1650
f 180 1649 1656
f 181 1655 1659
f 182 1658 1662
f 185 1670 1672
f 177 1637 1646
f 197 1694 1706
f 206 1731 1735
f 208 1739 1741
f 218 1768 1770
f 188 1678 1680
f 168 1619 1621
f 198 1709 1711
f 213 1754 1756
f 189 1682 1684
f 221 1776 1780
f 217 1758 1767
f 202 1716 1722
f 170 1625 1627
f 209 1742 1744
f 184 1663 1668
f 173 1634 1636
f 194 1697 1699
f 204 1728 1730
f 210 1746 1748
f 183 1664 1666
f 175 1640 1642
f 196 1700 1705
f 207 1724 1736
f 192 1679 1691
f 169 1618 1623
f 199 1708 1713
f 216 1753 1764
f 222 1769 1781
f 211 1738 1749
f 187 1671 1677
f 176 1643 1645
f 195 1701 1703
f 203 1723 1725
f 186 1667 1674
f 174 1633 1638
f 193 1693 1695
f 205 1727 1732
f 212 1743 1752
f 191 1685 1690
f 220 1772 1777
f 214 1757 1759
f 200 1715 1717
f 171 1628 1630
f 358 2187 2191
f 256 1881 1885
f 261 1899 1901
f 387 2277 2279
f 399 2313 2315
f 351 2169 2171
f 348 2156 2160
f 300 2010 2016
f 366 2208 2214
f 267 1917 1919
f 340 2133 2137
f 287 1971 1978
f 291 1989 1991
f 369 2223 2225
f 395 2300 2302
f 354 2174 2178
f 345 2151 2153
f 297 2007 2009
f 363 2205 2207
f 270 1920 1926
f 247 1855 1857
f 229 1801 1803
f 223 1784 1786
f 235 1820 1822
f 241 1838 1840
f 253 1874 1876
f 355 2180 2182
f 398 2310 2312
f 386 2274 2276
f 260 1896 1898
f 325 2089 2091
f 307 2035 2037
f 278 1950 1952
f 313 2054 2056
f 319 2072 2074
f 337 2126 2128
f 283 1964 1966
f 290 1986 1988
f 368 2220 2222
f 392 2291 2293
f 356 2183 2185
f 254 1877 1879
f 259 1891 1893
f 385 2269 2271
f 397 2305 2307
f 349 2161 2163
f 344 2148 2150
f 296 2004 2006
f 362 2202 2204
f 265 1909 1911
f 338 2129 2131
f 284 1967 1969
f 289 1981 1983
f 367 2215 2217
f 391 2288 2290
f 350 2166 2168
f 343 2143 2145
f 295 1999 2001
f 361 2197 2199
f 266 1914 1916
f 230 1806 1808
f 224 1787 1789
f 236 1823 1825
f 242 1841 1843
f 248 1860 1862
f 272 1931 1933
f 331 2108 2110
f 301 2018 2020
f 373 2234 2236
f 380 2255 2257
f 308 2040 2042
f 277 1945 1947
f 314 2057 2059
f 320 2075 2077
f 326 2094 2096
f 332 2111 2113
f 302 2021 2023
f 374 2237 2239
f 379 2252 2254
f 271 1928 1930
f 234 1812 1818
f 227 1791 1798
f 239 1827 1834
f 245 1845 1852
f 252 1866 1872
f 275 1935 1942
f 334 2118 2120
f 304 2028 2030
f 377 2246 2248
f 382 2259 2263
f 312 2048 2052
f 279 1953 1955
f 316 2061 2065
f 323 2079 2086
f 330 2100 2106
f 335 2115 2122
f 305 2025 2032
f 376 2241 2245
f 383 2264 2266
f 274 1938 1940
f 232 1802 1813
f 225 1783 1792
f 237 1819 1828
f 243 1837 1846
f 250 1856 1867
f 273 1927 1936
f 336 2112 2123
f 306 2022 2033
f 378 2238 2249
f 381 2251 2260
f 311 2036 2049
f 281 1949 1959
f 315 2053 2062
f 321 2071 2080
f 328 2090 2101
f 333 2107 2116
f 303 2017 2026
f 375 2233 2242
f 384 2256 2267
f 276 1932 1943
f 251 1859 1869
f 233 1805 1815
f 228 1788 1799
f 240 1824 1835
f 246 1842 1853
f 258 1878 1889
f 360 2184 2195
f 401 2306 2319
f 389 2270 2283
f 263 1892 1905
f 329 2093 2103
f 310 2039 2046
f 280 1946 1957
f 318 2058 2069
f 324 2076 2087
f 342 2130 2141
f 288 1968 1979
f 292 1982 1993
f 371 2216 2229
f 393 2287 2296
f 357 2179 2188
f 255 1873 1882
f 262 1895 1902
f 388 2273 2280
f 400 2309 2316
f 352 2165 2172
f 347 2144 2157
f 298 2000 2011
f 364 2198 2209
f 269 1913 1923
f 339 2125 2134
f 285 1963 1972
f 293 1985 1995
f 370 2219 2226
f 396 2292 2303
f 353 2162 2175
f 346 2147 2154
f 299 2003 2013
f 365 2201 2211
f 268 1910 1921
f 249 1863 1865
f 231 1809 1811
f 226 1794 1796
f 238 1830 1832
f 244 1848 1850
f 257 1886 1888
f 359 2192 2194
f 402 2318 2322
f 390 2282 2286
f 264 1904 1908
f 327 2097 2099
f 309 2043 2045
f 282 1956 1962
f 317 2066 2068
f 322 2082 2084
f 341 2138 2140
f 286 1974 1976
f 294 1992 1998
f 372 2228 2232
f 394 2295 2299
f 416 2331 2330
f 408 2327 2324
f 406 2328 2325
f 412 2334 2332
f 415 2337 2335
f 424 2346 2344
f 492 2412 2410
f 582 2499 2497
f 565 2487 2486
f 514 2436 2434
f 461 2376 2375
f 453 2372 2369
f 451 2373 2370
f 457 2379 2377
f 460 2382 2380
f 475 2396 2393
f 439 2361 2359
f 496 2418 2415
f 533 2457 2455
f 551 2463 2461
f 579 2492 2489
f 483 2402 2399
f 426 2343 2341
f 521 2433 2431
f 566 2478 2476
f 489 2406 2405
f 578 2502 2500
f 560 2484 2481
f 518 2442 2439
f 429 2349 2348
f 547 2468 2465
f 465 2387 2383
f 441 2358 2356
f 504 2421 2420
f 537 2454 2452
f 550 2472 2471
f 476 2388 2386
f 444 2364 2363
f 502 2426 2422
f 526 2448 2445
f 481 2403 2400
f 420 2342 2338
f 510 2432 2428
f 555 2477 2473
f 571 2493 2490
f 540 2462 2458
f 473 2397 2394
f 447 2367 2366
f 507 2427 2425
f 534 2447 2444
f 469 2391 2389
f 435 2357 2353
f 498 2417 2414
f 529 2453 2449
f 545 2469 2466
f 487 2411 2407
f 574 2498 2494
f 562 2483 2480
f 520 2441 2438
f 432 2352 2351
f 589 2509 2510
f 583 2503 2504
f 586 2506 2508
f 593 2512 2514
f 596 2515 2517
f 599 2518 2520
f 633 2555 2554
f 620 2541 2539
f 640 2562 2560
f 603 2522 2523
f 622 2542 2543
f 607 2528 2527
f 612 2531 2532
f 626 2545 2547
f 629 2548 2550
f 631 2551 2552
f 614 2533 2535
f 618 2537 2538
f 641 2559 2558
f 605 2526 2524
f 164 644 1607
f 163 643 1603
f 165 645 1604
f 166 646 1610
f 167 647 1613
f 172 652 1622
f 190 670 1686
f 219 699 1773
f 215 695 1761
f 201 681 1712
f 179 659 1652
f 178 658 1648
f 180 660 1649
f 181 661 1655
f 182 662 1658
f 185 665 1670
f 177 657 1637
f 197 677 1694
f 206 686 1731
f 208 688 1739
f 218 698 1768
f 188 668 1678
f 168 648 1619
f 198 678 1709
f 213 693 1754
f 189 669 1682
f 221 701 1776
f 217 697 1758
f 202 682 1716
f 170 650 1625
f 209 689 1742
f 184 664 1663
f 173 653 1634
f 194 674 1697
f 204 684 1728
f 210 690 1746
f 183 663 1664
f 175 655 1640
f 196 676 1700
f 207 687 1724
f 192 672 1679
f 169 649 1618
f 199 679 1708
f 216 696 1753
f 222 702 1769
f 211 691 1738
f 187 667 1671
f 176 656 1643
f 195 675 1701
f 203 683 1723
f 186 666 1667
f 174 654 1633
f 193 673 1693
f 205 685 1727
f 212 692 1743
f 191 671 1685
f 220 700 1772
f 214 694 1757
f 200 680 1715
f 171 651 1628
f 358 838 2187
f 256 736 1881
f 261 741 1899
f 387 867 2277
f 399 879 2313
f 351 831 2169
f 348 828 2156
f 300 780 2010
f 366 846 2208
f 267 747 1917
f 340 820 2133
f 287 767 1971
f 291 771 1989
f 369 849 2223
f 395 875 2300
f 354 834 2174
f 345 825 2151
f 297 777 2007
f 363 843 2205
f 270 750 1920
f 247 727 1855
f 229 709 1801
f 223 703 1784
f 235 715 1820
f 241 721 1838
f 253 733 1874
f 355 835 2180
f 398 878 2310
f 386 866 2274
f 260 740 1896
f 325 805 2089
f 307 787 2035
f 278 758 1950
f 313 793 2054
f 319 799 2072
f 337 817 2126
f 283 763 1964
f 290 770 1986
f 368 848 2220
f 392 872 2291
f 356 836 2183
f 254 734 1877
f 259 739 1891
f 385 865 2269
f 397 877 2305
f 349 829 2161
f 344 824 2148
f 296 776 2004
f 362 842 2202
f 265 745 1909
f 338 818 2129
f 284 764 1967
f 289 769 1981
f 367 847 2215
f 391 871 2288
f 350 830 2166
f 343 823 2143
f 295 775 1999
f 361 841 2197
f 266 746 1914
f 230 710 1806
f 224 704 1787
f 236 716 1823
f 242 722 1841
f 248 728 1860
f 272 752 1931
f 331 811 2108
f 301 781 2018
f 373 853 2234
f 380 860 2255
f 308 788 2040
f 277 757 1945
f 314 794 2057
f 320 800 2075
f 326 806 2094
f 332 812 2111
f 302 782 2021
f 374 854 2237
f 379 859 2252
f 271 751 1928
f 234 714 1812
f 227 707 1791
f 239 719 1827
f 245 725 1845
f 252 732 1866
f 275 755 1935
f 334 814 2118
f 304 784 2028
f 377 857 2246
f 382 862 2259
f 312 792 2048
f 279 759 1953
f 316 796 2061
f 323 803 2079
f 330 810 2100
f 335 815 2115
f 305 785 2025
f 376 856 2241
f 383 863 2264
f 274 754 1938
f 232 712 1802
f 225 705 1783
f 237 717 1819
f 243 723 1837
f 250 730 1856
f 273 753 1927
f 336 816 2112
f 306 786 2022
f 378 858 2238
f 381 861 2251
f 311 791 2036
f 281 761 1949
f 315 795 2053
f 321 801 2071
f 328 808 2090
f 333 813 2107
f 303 783 2017
f 375 855 2233
f 384 864 2256
f 276 756 1932
f 251 731 1859
f 233 713 1805
f 228 708 1788
f 240 720 1824
f 246 726 1842
f 258 738 1878
f 360 840 2184
f 401 881 2306
f 389 869 2270
f 263 743 1892
f 329 809 2093
f 310 790 2039
f 280 760 1946
f 318 798 2058
f 324 804 2076
f 342 822 2130
f 288 768 1968
f 292 772 1982
f 371 851 2216
f 393 873 2287
f 357 837 2179
f 255 735 1873
f 262 742 1895
f 388 868 2273
f 400 880 2309
f 352 832 2165
f 347 827 2144
f 298 778 2000
f 364 844 2198
f 269 749 1913
f 339 819 2125
f 285 765 1963
f 293 773 1985
f 370 850 2219
f 396 876 2292
f 353 833 2162
f 346 826 2147
f 299 779 2003
f 365 845 2201
f 268 748 1910
f 249 729 1863
f 231 711 1809
f 226 706 1794
f 238 718 1830
f 244 724 1848
f 257 737 1886
f 359 839 2192
f 402 882 2318
f 390 870 2282
f 264 744 1904
f 327 807 2097
f 309 789 2043
f 282 762 1956
f 317 797 2066
f 322 802 2082
f 341 821 2138
f 286 766 1974
f 294 774 1992
f 372 852 2228
f 394 874 2295
f 416 1270 2331
f 408 1246 2327
f 406 1251 2328
f 412 1287 2334
f 415 1305 2337
f 424 1335 2346
f 492 1552 2412
f 582 1474 2499
f 565 1600 2487
f 514 1353 2436
f 461 1480 2376
f 453 1402 2372
f 451 1407 2373
f 457 1491 2379
f 460 1503 2382
f 475 1534 2396
f 439 1413 2361
f 496 1443 2418
f 533 1593 2457
f 551 1384 2463
f 579 1324 2492
f 483 1276 2402
f 426 1264 2343
f 521 1300 2433
f 566 1318 2478
f 489 1342 2406
f 578 1563 2502
f 560 1461 2484
f 518 1587 2442
f 429 1348 2349
f 547 1522 2468
f 465 1419 2387
f 441 1396 2358
f 504 1498 2421
f 537 1516 2454
f 550 1558 2472
f 476 1426 2388
f 444 1432 2364
f 502 1569 2426
f 526 1371 2448
f 481 1281 2403
f 420 1257 2342
f 510 1293 2432
f 555 1311 2477
f 571 1329 2493
f 540 1377 2462
f 473 1539 2397
f 447 1450 2367
f 507 1576 2427
f 534 1366 2447
f 469 1485 2391
f 435 1389 2357
f 498 1438 2417
f 529 1509 2453
f 545 1527 2469
f 487 1545 2411
f 574 1467 2498
f 562 1456 2483
f 520 1582 2441
f 432 1360 2352
f 589 1271 2509
f 583 1247 2503
f 586 1254 2506
f 593 1290 2512
f 596 1308 2515
f 599 1338 2518
f 633 1553 2555
f 620 1475 2541
f 640 1601 2562
f 603 1356 2522
f 622 1481 2542
f 607 1403 2528
f 612 1410 2531
f 626 1494 2545
f 629 1506 2548
f 631 1535 2551
f 614 1416 2533
f 618 1446 2537
f 641 1596 2559
f 605 1385 2526
f 167 907 1616
f 164 889 1608
f 163 883 1606
f 165 895 1612
f 166 901 1615
f 169 919 1624
f 192 1057 1692
f 222 1237 1782
f 216 1201 1765
f 199 1099 1714
f 182 997 1661
f 179 979 1653
f 178 973 1651
f 180 985 1657
f 181 991 1660
f 186 1021 1675
f 174 949 1639
f 193 1063 1696
f 205 1135 1733
f 212 1177 1751
f 221 1231 1779
f 189 1039 1683
f 170 925 1626
f 202 1117 1721
f 217 1207 1766
f 191 1051 1689
f 220 1225 1778
f 214 1189 1760
f 200 1105 1718
f 171 931 1629
f 210 1165 1747
f 183 1003 1665
f 175 955 1641
f 196 1081 1704
f 207 1147 1737
f 211 1171 1750
f 187 1027 1676
f 176 961 1644
f 195 1075 1702
f 203 1123 1726
f 188 1033 1681
f 168 913 1620
f 198 1093 1710
f 213 1183 1755
f 218 1213 1771
f 208 1153 1740
f 185 1015 1673
f 177 967 1647
f 197 1087 1707
f 206 1141 1734
f 184 1009 1669
f 173 943 1635
f 194 1069 1698
f 204 1129 1729
f 209 1159 1745
f 190 1045 1687
f 219 1219 1774
f 215 1195 1762
f 201 1111 1720
f 172 937 1632
f 357 1280 2189
f 255 1256 1883
f 262 1292 1903
f 388 1310 2281
f 400 1328 2317
f 352 1376 2173
f 347 1538 2158
f 298 1447 2012
f 364 1573 2210
f 269 1363 1924
f 339 1484 2135
f 285 1388 1973
f 293 1435 1996
f 370 1508 2227
f 396 1526 2304
f 353 1544 2176
f 346 1466 2155
f 299 1453 2014
f 365 1579 2212
f 268 1357 1922
f 249 1268 1864
f 231 1244 1810
f 226 1249 1795
f 238 1285 1831
f 244 1303 1849
f 257 1333 1887
f 359 1550 2193
f 402 1472 2321
f 390 1598 2285
f 264 1351 1907
f 327 1478 2098
f 309 1400 2044
f 282 1405 1961
f 317 1489 2067
f 322 1501 2083
f 341 1532 2139
f 286 1411 1975
f 294 1441 1997
f 372 1591 2231
f 394 1382 2298
f 358 1322 2190
f 256 1274 1884
f 261 1262 1900
f 387 1298 2278
f 399 1316 2314
f 351 1340 2170
f 348 1561 2159
f 300 1459 2015
f 366 1585 2213
f 267 1346 1918
f 340 1520 2136
f 287 1417 1977
f 291 1394 1990
f 369 1496 2224
f 395 1514 2301
f 354 1556 2177
f 345 1424 2152
f 297 1430 2008
f 363 1567 2206
f 270 1369 1925
f 234 1279 1817
f 227 1255 1797
f 239 1291 1833
f 245 1309 1851
f 252 1327 1871
f 275 1375 1941
f 334 1537 2119
f 304 1448 2029
f 377 1574 2247
f 382 1364 2262
f 312 1483 2051
f 279 1387 1954
f 316 1436 2064
f 323 1507 2085
f 330 1525 2105
f 335 1543 2121
f 305 1465 2031
f 376 1454 2244
f 383 1580 2265
f 274 1358 1939
f 232 1267 1814
f 225 1243 1793
f 237 1250 1829
f 243 1286 1847
f 250 1304 1868
f 273 1334 1937
f 336 1549 2124
f 306 1471 2034
f 378 1597 2250
f 381 1352 2261
f 311 1477 2050
f 281 1399 1960
f 315 1406 2063
f 321 1490 2081
f 328 1502 2102
f 333 1531 2117
f 303 1412 2027
f 375 1442 2243
f 384 1592 2268
f 276 1381 1944
f 229 890 1804
f 223 884 1785
f 235 896 1821
f 241 902 1839
f 247 908 1858
f 271 938 1929
f 332 1046 2114
f 302 1220 2024
f 374 1196 2240
f 379 1112 2253
f 307 980 2038
f 278 974 1951
f 313 986 2055
f 319 992 2073
f 325 998 2092
f 331 1016 2109
f 301 968 2019
f 373 1088 2235
f 380 1142 2258
f 272 1154 1934
f 248 1214 1861
f 230 1034 1807
f 224 914 1790
f 236 1094 1826
f 242 1184 1844
f 254 1040 1880
f 356 1232 2186
f 397 1208 2308
f 385 1118 2272
f 259 926 1894
f 326 1160 2095
f 308 1010 2041
f 277 944 1948
f 314 1070 2060
f 320 1130 2078
f 338 1166 2132
f 284 1004 1970
f 289 956 1984
f 367 1082 2218
f 391 1148 2289
f 355 1058 2181
f 253 920 1875
f 260 1100 1897
f 386 1202 2275
f 398 1238 2311
f 350 1172 2167
f 343 1028 2146
f 295 962 2002
f 361 1076 2200
f 266 1124 1915
f 337 1022 2127
f 283 950 1965
f 290 1064 1987
f 368 1136 2221
f 392 1178 2294
f 349 1052 2164
f 344 1226 2149
f 296 1190 2005
f 362 1106 2203
f 265 932 1912
f 251 1321 1870
f 233 1273 1816
f 228 1261 1800
f 240 1297 1836
f 246 1315 1854
f 258 1339 1890
f 360 1562 2196
f 401 1460 2320
f 389 1586 2284
f 263 1345 1906
f 329 1519 2104
f 310 1418 2047
f 280 1393 1958
f 318 1495 2070
f 324 1513 2088
f 342 1555 2142
f 288 1423 1980
f 292 1429 1994
f 371 1568 2230
f 393 1370 2297
f 409 894 2329
f 405 887 2323
f 411 899 2326
f 414 905 2333
f 417 912 2336
f 431 941 2345
f 488 1050 2409
f 575 1224 2496
f 563 1200 2485
f 519 1115 2435
f 454 984 2374
f 450 977 2368
f 456 989 2371
f 459 995 2378
f 462 1002 2381
f 472 1019 2392
f 446 971 2360
f 506 1091 2416
f 535 1146 2456
f 541 1158 2460
f 570 1217 2488
f 480 1037 2398
f 421 918 2340
f 511 1098 2430
f 556 1188 2475
f 484 1044 2404
f 580 1236 2501
f 567 1212 2482
f 522 1122 2440
f 427 930 2347
f 544 1163 2464
f 468 1013 2384
f 436 948 2355
f 499 1074 2419
f 530 1134 2451
f 548 1170 2470
f 466 1008 2385
f 442 960 2362
f 505 1086 2423
f 536 1151 2446
f 491 1061 2401
f 423 923 2339
f 513 1103 2429
f 564 1205 2474
f 581 1241 2491
f 549 1175 2459
f 477 1032 2395
f 445 966 2365
f 503 1080 2424
f 525 1127 2443
f 474 1025 2390
f 438 953 2354
f 495 1067 2413
f 532 1139 2450
f 552 1182 2467
f 490 1056 2408
f 577 1229 2495
f 559 1193 2479
f 517 1109 2437
f 430 936 2350
f 590 1325 2511
f 584 1277 2505
f 585 1265 2507
f 592 1301 2513
f 595 1319 2516
f 598 1343 2519
f 636 1566 2556
f 621 1464 2540
f 642 1590 2561
f 601 1349 2521
f 623 1523 2544
f 611 1422 2529
f 609 1397 2530
f 625 1499 2546
f 628 1517 2549
f 632 1559 2553
f 613 1427 2534
f 616 1433 2536
f 638 1572 2557
f 606 1374 2525
f 407 892 1609
f 403 885 1605
f 404 897 1611
f 410 903 1614
f 413 910 1617
f 422 939 1631
f 486 1048 1688
f 573 1222 1775
f 561 1198 1763
f 512 1113 1719
f 452 982 1654
f 448 975 1650
f 449 987 1656
f 455 993 1659
f 458 1000 1662
f 470 1017 1672
f 437 969 1646
f 494 1089 1706
f 531 1144 1735
f 539 1156 1741
f 568 1215 1770
f 478 1035 1680
f 419 916 1621
f 509 1096 1711
f 554 1186 1756
f 482 1042 1684
f 576 1234 1780
f 558 1210 1767
f 516 1120 1722
f 425 928 1627
f 542 1161 1744
f 463 1011 1668
f 434 946 1636
f 497 1072 1699
f 528 1132 1730
f 546 1168 1748
f 464 1006 1666
f 440 958 1642
f 500 1084 1705
f 524 1149 1736
f 479 1059 1691
f 418 921 1623
f 508 1101 1713
f 553 1203 1764
f 569 1239 1781
f 538 1173 1749
f 471 1030 1677
f 443 964 1645
f 501 1078 1703
f 523 1125 1725
f 467 1023 1674
f 433 951 1638
f 493 1065 1695
f 527 1137 1732
f 543 1180 1752
f 485 1054 1690
f 572 1227 1777
f 557 1191 1759
f 515 1107 1717
f 428 934 1630
f 591 1326 2191
f 587 1278 1885
f 588 1266 1901
f 594 1302 2279
f 597 1320 2315
f 600 1344 2171
f 634 1565 2160
f 619 1463 2016
f 639 1589 2214
f 602 1350 1919
f 624 1524 2137
f 608 1421 1978
f 610 1398 1991
f 627 1500 2225
f 630 1518 2302
f 635 1560 2178
f 615 1428 2153
f 617 1434 2009
f 637 1571 2207
f 604 1373 1926
f 416 911 1857
f 408 893 1803
f 406 888 1786
f 412 900 1822
f 415 906 1840
f 424 924 1876
f 492 1062 2182
f 582 1242 2312
f 565 1206 2276
f 514 1104 1898
f 461 1001 2091
f 453 983 2037
f 451 978 1952
f 457 990 2056
f 460 996 2074
f 475 1026 2128
f 439 954 1966
f 496 1068 1988
f 533 1140 2222
f 551 1181 2293
f 579 1235 2185
f 483 1043 1879
f 426 929 1893
f 521 1121 2271
f 566 1211 2307
f 489 1055 2163
f 578 1230 2150
f 560 1194 2006
f 518 1110 2204
f 429 935 1911
f 547 1169 2131
f 465 1007 1969
f 441 959 1983
f 504 1085 2217
f 537 1152 2290
f 550 1176 2168
f 476 1031 2145
f 444 965 2001
f 502 1079 2199
f 526 1128 1916
f 481 1038 1808
f 420 917 1789
f 510 1097 1825
f 555 1187 1843
f 571 1218 1862
f 540 1157 1933
f 473 1020 2110
f 447 972 2020
f 507 1092 2236
f 534 1145 2257
f 469 1014 2042
f 435 947 1947
f 498 1073 2059
f 529 1133 2077
f 545 1164 2096
f 487 1049 2113
f 574 1223 2023
f 562 1199 2239
f 520 1116 2254
f 432 942 1930
f 589 1283 1818
f 583 1259 1798
f 586 1295 1834
f 593 1313 1852
f 596 1331 1872
f 599 1379 1942
f 633 1541 2120
f 620 1452 2030
f 640 1578 2248
f 603 1368 2263
f 622 1487 2052
f 607 1391 1955
f 612 1440 2065
f 626 1511 2086
f 629 1529 2106
f 631 1547 2122
f 614 1469 2032
f 618 1458 2245
f 641 1584 2266
f 605 1362 1940
f 409 1269 1813
f 405 1245 1792
f 411 1252 1828
f 414 1288 1846
f 417 1306 1867
f 431 1336 1936
f 488 1551 2123
f 575 1473 2033
f 563 1599 2249
f 519 1354 2260
f 454 1479 2049
f 450 1401 1959
f 456 1408 2062
f 459 1492 2080
f 462 1504 2101
f 472 1533 2116
f 446 1414 2026
f 506 1444 2242
f 535 1594 2267
f 541 1383 1943
f 570 1323 1869
f 480 1275 1815
f 421 1263 1799
f 511 1299 1835
f 556 1317 1853
f 484 1341 1889
f 580 1564 2195
f 567 1462 2319
f 522 1588 2283
f 427 1347 1905
f 544 1521 2103
f 468 1420 2046
f 436 1395 1957
f 499 1497 2069
f 530 1515 2087
f 548 1557 2141
f 466 1425 1979
f 442 1431 1993
f 505 1570 2229
f 536 1372 2296
f 491 1282 2188
f 423 1258 1882
f 513 1294 1902
f 564 1312 2280
f 581 1330 2316
f 549 1378 2172
f 477 1540 2157
f 445 1449 2011
f 503 1575 2209
f 525 1365 1923
f 474 1486 2134
f 438 1390 1972
f 495 1437 1995
f 532 1510 2226
f 552 1528 2303
f 490 1546 2175
f 577 1468 2154
f 559 1455 2013
f 517 1581 2211
f 430 1359 1921
f 590 1272 1865
f 584 1248 1811
f 585 1253 1796
f 592 1289 1832
f 595 1307 1850
f 598 1337 1888
f 636 1554 2194
f 621 1476 2322
f 642 1602 2286
f 601 1355 1908
f 623 1482 2099
f 611 1404 2045
f 609 1409 1962
f 625 1493 2068
f 628 1505 2084
f 632 1536 2140
f 613 1415 1976
f 616 1445 1998
f 638 1595 2232
f 606 1386 2299
f 407 909 2330
f 403 891 2324
f 404 886 2325
f 410 898 2332
f 413 904 2335
f 422 922 2344
f 486 1060 2410
f 573 1240 2497
f 561 1204 2486
f 512 1102 2434
f 452 999 2375
f 448 981 2369
f 449 976 2370
f 455 988 2377
f 458 994 2380
f 470 1024 2393
f 437 952 2359
f 494 1066 2415
f 531 1138 2455
f 539 1179 2461
f 568 1233 2489
f 478 1041 2399
f 419 927 2341
f 509 1119 2431
f 554 1209 2476
f 482 1053 2405
f 576 1228 2500
f 558 1192 2481
f 516 1108 2439
f 425 933 2348
f 542 1167 2465
f 463 1005 2383
f 434 957 2356
f 497 1083 2420
f 528 1150 2452
f 546 1174 2471
f 464 1029 2386
f 440 963 2363
f 500 1077 2422
f 524 1126 2445
f 479 1036 2400
f 418 915 2338
f 508 1095 2428
f 553 1185 2473
f 569 1216 2490
f 538 1155 2458
f 471 1018 2394
f 443 970 2366
f 501 1090 2425
f 523 1143 2444
f 467 1012 2389
f 433 945 2353
f 493 1071 2414
f 527 1131 2449
f 543 1162 2466
f 485 1047 2407
f 572 1221 2494
f 557 1197 2480
f 515 1114 2438
f 428 940 2351
f 591 1284 2510
f 587 1260 2504
f 588 1296 2508
f 594 1314 2514
f 597 1332 2517
f 600 1380 2520
f 634 1542 2554
f 619 1451 2539
f 639 1577 2560
f 602 1367 2523
f 624 1488 2543
f 608 1392 2527
f 610 1439 2532
f 627 1512 2547
f 630 1530 2550
f 635 1548 2552
f 615 1470 2535
f 617 1457 2538
f 637 1583 2558
f 604 1361 2524
f 167 1616 1607
f 164 1608 1603
f 163 1606 1604
f 165 1612 1610
f 166 1615 1613
f 169 1624 1622
f 192 1692 1686
f 222 1782 1773
f 216 1765 1761
f 199 1714 1712
f 182 1661 1652
f 179 1653 1648
f 178 1651 1649
f 180 1657 1655
f 181 1660 1658
f 186 1675 1670
f 174 1639 1637
f 193 1696 1694
f 205 1733 1731
f 212 1751 1739
f 221 1779 1768
f 189 1683 1678
f 170 1626 1619
f 202 1721 1709
f 217 1766 1754
f 191 1689 1682
f 220 1778 1776
f 214 1760 1758
f 200 1718 1716
f 171 1629 1625
f 210 1747 1742
f 183 1665 1663
f 175 1641 1634
f 196 1704 1697
f 207 1737 1728
f 211 1750 1746
f 187 1676 1664
f 176 1644 1640
f 195 1702 1700
f 203 1726 1724
f 188 1681 1679
f 168 1620 1618
f 198 1710 1708
f 213 1755 1753
f 218 1771 1769
f 208 1740 1738
f 185 1673 1671
f 177 1647 1643
f 197 1707 1701
f 206 1734 1723
f 184 1669 1667
f 173 1635 1633
f 194 1698 1693
f 204 1729 1727
f 209 1745 1743
f 190 1687 1685
f 219 1774 1772
f 215 1762 1757
f 201 1720 1715
f 172 1632 1628
f 357 2189 2187
f 255 1883 1881
f 262 1903 1899
f 388 2281 2277
f 400 2317 2313
f 352 2173 2169
f 347 2158 2156
f 298 2012 2010
f 364 2210 2208
f 269 1924 1917
f 339 2135 2133
f 285 1973 1971
f 293 1996 1989
f 370 2227 2223
f 396 2304 2300
f 353 2176 2174
f 346 2155 2151
f 299 2014 2007
f 365 2212 2205
f 268 1922 1920
f 249 1864 1855
f 231 1810 1801
f 226 1795 1784
f 238 1831 1820
f 244 1849 1838
f 257 1887 1874
f 359 2193 2180
f 402 2321 2310
f 390 2285 2274
f 264 1907 1896
f 327 2098 2089
f 309 2044 2035
f 282 1961 1950
f 317 2067 2054
f 322 2083 2072
f 341 2139 2126
f 286 1975 1964
f 294 1997 1986
f 372 2231 2220
f 394 2298 2291
f 358 2190 2183
f 256 1884 1877
f 261 1900 1891
f 387 2278 2269
f 399 2314 2305
f 351 2170 2161
f 348 2159 2148
f 300 2015 2004
f 366 2213 2202
f 267 1918 1909
f 340 2136 2129
f 287 1977 1967
f 291 1990 1981
f 369 2224 2215
f 395 2301 2288
f 354 2177 2166
f 345 2152 2143
f 297 2008 1999
f 363 2206 2197
f 270 1925 1914
f 234 1817 1806
f 227 1797 1787
f 239 1833 1823
f 245 1851 1841
f 252 1871 1860
f 275 1941 1931
f 334 2119 2108
f 304 2029 2018
f 377 2247 2234
f 382 2262 2255
f 312 2051 2040
f 279 1954 1945
f 316 2064 2057
f 323 2085 2075
f 330 2105 2094
f 335 2121 2111
f 305 2031 2021
f 376 2244 2237
f 383 2265 2252
f 274 1939 1928
f 232 1814 1812
f 225 1793 1791
f 237 1829 1827
f 243 1847 1845
f 250 1868 1866
f 273 1937 1935
f 336 2124 2118
f 306 2034 2028
f 378 2250 2246
f 381 2261 2259
f 311 2050 2048
f 281 1960 1953
f 315 2063 2061
f 321 2081 2079
f 328 2102 2100
f 333 2117 2115
f 303 2027 2025
f 375 2243 2241
f 384 2268 2264
f 276 1944 1938
f 229 1804 1802
f 223 1785 1783
f 235 1821 1819
f 241 1839 1837
f 247 1858 1856
f 271 1929 1927
f 332 2114 2112
f 302 2024 2022
f 374 2240 2238
f 379 2253 2251
f 307 2038 2036
f 278 1951 1949
f 313 2055 2053
f 319 2073 2071
f 325 2092 2090
f 331 2109 2107
f 301 2019 2017
f 373 2235 2233
f 380 2258 2256
f 272 1934 1932
f 248 1861 1859
f 230 1807 1805
f 224 1790 1788
f 236 1826 1824
f 242 1844 1842
f 254 1880 1878
f 356 2186 2184
f 397 2308 2306
f 385 2272 2270
f 259 1894 1892
f 326 2095 2093
f 308 2041 2039
f 277 1948 1946
f 314 2060 2058
f 320 2078 2076
f 338 2132 2130
f 284 1970 1968
f 289 1984 1982
f 367 2218 2216
f 391 2289 2287
f 355 2181 2179
f 253 1875 1873
f 260 1897 1895
f 386 2275 2273
f 398 2311 2309
f 350 2167 2165
f 343 2146 2144
f 295 2002 2000
f 361 2200 2198
f 266 1915 1913
f 337 2127 2125
f 283 1965 1963
f 290 1987 1985
f 368 2221 2219
f 392 2294 2292
f 349 2164 2162
f 344 2149 2147
f 296 2005 2003
f 362 2203 2201
f 265 1912 1910
f 251 1870 1863
f 233 1816 1809
f 228 1800 1794
f 240 1836 1830
f 246 1854 1848
f 258 1890 1886
f 360 2196 2192
f 401 2320 2318
f 389 2284 2282
f 263 1906 1904
f 329 2104 2097
f 310 2047 2043
f 280 1958 1956
f 318 2070 2066
f 324 2088 2082
f 342 2142 2138
f 288 1980 1974
f 292 1994 1992
f 371 2230 2228
f 393 2297 2295
f 409 2329 2331
f 405 2323 2327
f 411 2326 2328
f 414 2333 2334
f 417 2336 2337
f 431 2345 2346
f 488 2409 2412
f 575 2496 2499
f 563 2485 2487
f 519 2435 2436
f 454 2374 2376
f 450 2368 2372
f 456 2371 2373
f 459 2378 2379
f 462 2381 2382
f 472 2392 2396
f 446 2360 2361
f 506 2416 2418
f 535 2456 2457
f 541 2460 2463
f 570 2488 2492
f 480 2398 2402
f 421 2340 2343
f 511 2430 2433
f 556 2475 2478
f 484 2404 2406
f 580 2501 2502
f 567 2482 2484
f 522 2440 2442
f 427 2347 2349
f 544 2464 2468
f 468 2384 2387
f 436 2355 2358
f 499 2419 2421
f 530 2451 2454
f 548 2470 2472
f 466 2385 2388
f 442 2362 2364
f 505 2423 2426
f 536 2446 2448
f 491 2401 2403
f 423 2339 2342
f 513 2429 2432
f 564 2474 2477
f 581 2491 2493
f 549 2459 2462
f 477 2395 2397
f 445 2365 2367
f 503 2424 2427
f 525 2443 2447
f 474 2390 2391
f 438 2354 2357
f 495 2413 2417
f 532 2450 2453
f 552 2467 2469
f 490 2408 2411
f 577 2495 2498
f 559 2479 2483
f 517 2437 2441
f 430 2350 2352
f 590 2511 2509
f 584 2505 2503
f 585 2507 2506
f 592 2513 2512
f 595 2516 2515
f 598 2519 2518
f 636 2556 2555
f 621 2540 2541
f 642 2561 2562
f 601 2521 2522
f 623 2544 2542
f 611 2529 2528
f 609 2530 2531
f 625 2546 2545
f 628 2549 2548
f 632 2553 2551
f 613 2534 2533
f 616 2536 2537
f 638 2557 2559
f 606 2525 2526
f 1607 644 647
f 1603 643 644
f 1604 645 643
f 1610 646 645
f 1613 647 646
f 1622 652 649
f 1686 670 672
f 1773 699 702
f 1761 695 696
f 1712 681 679
f 1652 659 662
f 1648 658 659
f 1649 660 658
f 1655 661 660
f 1658 662 661
f 1670 665 666
f 1637 657 654
f 1694 677 673
f 1731 686 685
f 1739 688 692
f 1768 698 701
f 1678 668 669
f 1619 648 650
f 1709 678 682
f 1754 693 697
f 1682 669 671
f 1776 701 700
f 1758 697 694
f 1716 682 680
f 1625 650 651
f 1742 689 690
f 1663 664 663
f 1634 653 655
f 1697 674 676
f 1728 684 687
f 1746 690 691
f 1664 663 667
f 1640 655 656
f 1700 676 675
f 1724 687 683
f 1679 672 668
f 1618 649 648
f 1708 679 678
f 1753 696 693
f 1769 702 698
f 1738 691 688
f 1671 667 665
f 1643 656 657
f 1701 675 677
f 1723 683 686
f 1667 666 664
f 1633 654 653
f 1693 673 674
f 1727 685 684
f 1743 692 689
f 1685 671 670
f 1772 700 699
f 1757 694 695
f 1715 680 681
f 1628 651 652
f 2187 838 837
f 1881 736 735
f 1899 741 742
f 2277 867 868
f 2313 879 880
f 2169 831 832
f 2156 828 827
f 2010 780 778
f 2208 846 844
f 1917 747 749
f 2133 820 819
f 1971 767 765
f 1989 771 773
f 2223 849 850
f 2300 875 876
f 2174 834 833
f 2151 825 826
f 2007 777 779
f 2205 843 845
f 1920 750 748
f 1855 727 729
f 1801 709 711
f 1784 703 706
f 1820 715 718
f 1838 721 724
f 1874 733 737
f 2180 835 839
f 2310 878 882
f 2274 866 870
f 1896 740 744
f 2089 805 807
f 2035 787 789
f 1950 758 762
f 2054 793 797
f 2072 799 802
f 2126 817 821
f 1964 763 766
f 1986 770 774
f 2220 848 852
f 2291 872 874
f 2183 836 838
f 1877 734 736
f 1891 739 741
f 2269 865 867
f 2305 877 879
f 2161 829 831
f 2148 824 828
f 2004 776 780
f 2202 842 846
f 1909 745 747
f 2129 818 820
f 1967 764 767
f 1981 769 771
f 2215 847 849
f 2288 871 875
f 2166 830 834
f 2143 823 825
f 1999 775 777
f 2197 841 843
f 1914 746 750
f 1806 710 714
f 1787 704 707
f 1823 716 719
f 1841 722 725
f 1860 728 732
f 1931 752 755
f 2108 811 814
f 2018 781 784
f 2234 853 857
f 2255 860 862
f 2040 788 792
f 1945 757 759
f 2057 794 796
f 2075 800 803
f 2094 806 810
f 2111 812 815
f 2021 782 785
f 2237 854 856
f 2252 859 863
f 1928 751 754
f 1812 714 712
f 1791 707 705
f 1827 719 717
f 1845 725 723
f 1866 732 730
f 1935 755 753
f 2118 814 816
f 2028 784 786
f 2246 857 858
f 2259 862 861
f 2048 792 791
f 1953 759 761
f 2061 796 795
f 2079 803 801
f 2100 810 808
f 2115 815 813
f 2025 785 783
f 2241 856 855
f 2264 863 864
f 1938 754 756
f 1802 712 709
f 1783 705 703
f 1819 717 715
f 1837 723 721
f 1856 730 727
f 1927 753 751
f 2112 816 812
f 2022 786 782
f 2238 858 854
f 2251 861 859
f 2036 791 787
f 1949 761 758
f 2053 795 793
f 2071 801 799
f 2090 808 805
f 2107 813 811
f 2017 783 781
f 2233 855 853
f 2256 864 860
f 1932 756 752
f 1859 731 728
f 1805 713 710
f 1788 708 704
f 1824 720 716
f 1842 726 722
f 1878 738 734
f 2184 840 836
f 2306 881 877
f 2270 869 865
f 1892 743 739
f 2093 809 806
f 2039 790 788
f 1946 760 757
f 2058 798 794
f 2076 804 800
f 2130 822 818
f 1968 768 764
f 1982 772 769
f 2216 851 847
f 2287 873 871
f 2179 837 835
f 1873 735 733
f 1895 742 740
f 2273 868 866
f 2309 880 878
f 2165 832 830
f 2144 827 823
f 2000 778 775
f 2198 844 841
f 1913 749 746
f 2125 819 817
f 1963 765 763
f 1985 773 770
f 2219 850 848
f 2292 876 872
f 2162 833 829
f 2147 826 824
f 2003 779 776
f 2201 845 842
f 1910 748 745
f 1863 729 731
f 1809 711 713
f 1794 706 708
f 1830 718 720
f 1848 724 726
f 1886 737 738
f 2192 839 840
f 2318 882 881
f 2282 870 869
f 1904 744 743
f 2097 807 809
f 2043 789 790
f 1956 762 760
f 2066 797 798
f 2082 802 804
f 2138 821 822
f 1974 766 768
f 1992 774 772
f 2228 852 851
f 2295 874 873
f 2331 1270 1269
f 2327 1246 1245
f 2328 1251 1252
f 2334 1287 1288
f 2337 1305 1306
f 2346 1335 1336
f 2412 1552 1551
f 2499 1474 1473
f 2487 1600 1599
f 2436 1353 1354
f 2376 1480 1479
f 2372 1402 1401
f 2373 1407 1408
f 2379 1491 1492
f 2382 1503 1504
f 2396 1534 1533
f 2361 1413 1414
f 2418 1443 1444
f 2457 1593 1594
f 2463 1384 1383
f 2492 1324 1323
f 2402 1276 1275
f 2343 1264 1263
f 2433 1300 1299
f 2478 1318 1317
f 2406 1342 1341
f 2502 1563 1564
f 2484 1461 1462
f 2442 1587 1588
f 2349 1348 1347
f 2468 1522 1521
f 2387 1419 1420
f 2358 1396 1395
f 2421 1498 1497
f 2454 1516 1515
f 2472 1558 1557
f 2388 1426 1425
f 2364 1432 1431
f 2426 1569 1570
f 2448 1371 1372
f 2403 1281 1282
f 2342 1257 1258
f 2432 1293 1294
f 2477 1311 1312
f 2493 1329 1330
f 2462 1377 1378
f 2397 1539 1540
f 2367 1450 1449
f 2427 1576 1575
f 2447 1366 1365
f 2391 1485 1486
f 2357 1389 1390
f 2417 1438 1437
f 2453 1509 1510
f 2469 1527 1528
f 2411 1545 1546
f 2498 1467 1468
f 2483 1456 1455
f 2441 1582 1581
f 2352 1360 1359
f 2509 1271 1272
f 2503 1247 1248
f 2506 1254 1253
f 2512 1290 1289
f 2515 1308 1307
f 2518 1338 1337
f 2555 1553 1554
f 2541 1475 1476
f 2562 1601 1602
f 2522 1356 1355
f 2542 1481 1482
f 2528 1403 1404
f 2531 1410 1409
f 2545 1494 1493
f 2548 1506 1505
f 2551 1535 1536
f 2533 1416 1415
f 2537 1446 1445
f 2559 1596 1595
f 2526 1385 1386
f 1616 907 909
f 1608 889 891
f 1606 883 886
f 1612 895 898
f 1615 901 904
f 1624 919 922
f 1692 1057 1060
f 1782 1237 1240
f 1765 1201 1204
f 1714 1099 1102
f 1661 997 999
f 1653 979 981
f 1651 973 976
f 1657 985 988
f 1660 991 994
f 1675 1021 1024
f 1639 949 952
f 1696 1063 1066
f 1733 1135 1138
f 1751 1177 1179
f 1779 1231 1233
f 1683 1039 1041
f 1626 925 927
f 1721 1117 1119
f 1766 1207 1209
f 1689 1051 1053
f 1778 1225 1228
f 1760 1189 1192
f 1718 1105 1108
f 1629 931 933
f 1747 1165 1167
f 1665 1003 1005
f 1641 955 957
f 1704 1081 1083
f 1737 1147 1150
f 1750 1171 1174
f 1676 1027 1029
f 1644 961 963
f 1702 1075 1077
f 1726 1123 1126
f 1681 1033 1036
f 1620 913 915
f 1710 1093 1095
f 1755 1183 1185
f 1771 1213 1216
f 1740 1153 1155
f 1673 1015 1018
f 1647 967 970
f 1707 1087 1090
f 1734 1141 1143
f 1669 1009 1012
f 1635 943 945
f 1698 1069 1071
f 1729 1129 1131
f 1745 1159 1162
f 1687 1045 1047
f 1774 1219 1221
f 1762 1195 1197
f 1720 1111 1114
f 1632 937 940
f 2189 1280 1284
f 1883 1256 1260
f 1903 1292 1296
f 2281 1310 1314
f 2317 1328 1332
f 2173 1376 1380
f 2158 1538 1542
f 2012 1447 1451
f 2210 1573 1577
f 1924 1363 1367
f 2135 1484 1488
f 1973 1388 1392
f 1996 1435 1439
f 2227 1508 1512
f 2304 1526 1530
f 2176 1544 1548
f 2155 1466 1470
f 2014 1453 1457
f 2212 1579 1583
f 1922 1357 1361
f 1864 1268 1270
f 1810 1244 1246
f 1795 1249 1251
f 1831 1285 1287
f 1849 1303 1305
f 1887 1333 1335
f 2193 1550 1552
f 2321 1472 1474
f 2285 1598 1600
f 1907 1351 1353
f 2098 1478 1480
f 2044 1400 1402
f 1961 1405 1407
f 2067 1489 1491
f 2083 1501 1503
f 2139 1532 1534
f 1975 1411 1413
f 1997 1441 1443
f 2231 1591 1593
f 2298 1382 1384
f 2190 1322 1324
f 1884 1274 1276
f 1900 1262 1264
f 2278 1298 1300
f 2314 1316 1318
f 2170 1340 1342
f 2159 1561 1563
f 2015 1459 1461
f 2213 1585 1587
f 1918 1346 1348
f 2136 1520 1522
f 1977 1417 1419
f 1990 1394 1396
f 2224 1496 1498
f 2301 1514 1516
f 2177 1556 1558
f 2152 1424 1426
f 2008 1430 1432
f 2206 1567 1569
f 1925 1369 1371
f 1817 1279 1281
f 1797 1255 1257
f 1833 1291 1293
f 1851 1309 1311
f 1871 1327 1329
f 1941 1375 1377
f 2119 1537 1539
f 2029 1448 1450
f 2247 1574 1576
f 2262 1364 1366
f 2051 1483 1485
f 1954 1387 1389
f 2064 1436 1438
f 2085 1507 1509
f 2105 1525 1527
f 2121 1543 1545
f 2031 1465 1467
f 2244 1454 1456
f 2265 1580 1582
f 1939 1358 1360
f 1814 1267 1271
f 1793 1243 1247
f 1829 1250 1254
f 1847 1286 1290
f 1868 1304 1308
f 1937 1334 1338
f 2124 1549 1553
f 2034 1471 1475
f 2250 1597 1601
f 2261 1352 1356
f 2050 1477 1481
f 1960 1399 1403
f 2063 1406 1410
f 2081 1490 1494
f 2102 1502 1506
f 2117 1531 1535
f 2027 1412 1416
f 2243 1442 1446
f 2268 1592 1596
f 1944 1381 1385
f 1804 890 894
f 1785 884 887
f 1821 896 899
f 1839 902 905
f 1858 908 912
f 1929 938 941
f 2114 1046 1050
f 2024 1220 1224
f 2240 1196 1200
f 2253 1112 1115
f 2038 980 984
f 1951 974 977
f 2055 986 989
f 2073 992 995
f 2092 998 1002
f 2109 1016 1019
f 2019 968 971
f 2235 1088 1091
f 2258 1142 1146
f 1934 1154 1158
f 1861 1214 1217
f 1807 1034 1037
f 1790 914 918
f 1826 1094 1098
f 1844 1184 1188
f 1880 1040 1044
f 2186 1232 1236
f 2308 1208 1212
f 2272 1118 1122
f 1894 926 930
f 2095 1160 1163
f 2041 1010 1013
f 1948 944 948
f 2060 1070 1074
f 2078 1130 1134
f 2132 1166 1170
f 1970 1004 1008
f 1984 956 960
f 2218 1082 1086
f 2289 1148 1151
f 2181 1058 1061
f 1875 920 923
f 1897 1100 1103
f 2275 1202 1205
f 2311 1238 1241
f 2167 1172 1175
f 2146 1028 1032
f 2002 962 966
f 2200 1076 1080
f 1915 1124 1127
f 2127 1022 1025
f 1965 950 953
f 1987 1064 1067
f 2221 1136 1139
f 2294 1178 1182
f 2164 1052 1056
f 2149 1226 1229
f 2005 1190 1193
f 2203 1106 1109
f 1912 932 936
f 1870 1321 1325
f 1816 1273 1277
f 1800 1261 1265
f 1836 1297 1301
f 1854 1315 1319
f 1890 1339 1343
f 2196 1562 1566
f 2320 1460 1464
f 2284 1586 1590
f 1906 1345 1349
f 2104 1519 1523
f 2047 1418 1422
f 1958 1393 1397
f 2070 1495 1499
f 2088 1513 1517
f 2142 1555 1559
f 1980 1423 1427
f 1994 1429 1433
f 2230 1568 1572
f 2297 1370 1374
f 2329 894 892
f 2323 887 885
f 2326 899 897
f 2333 905 903
f 2336 912 910
f 2345 941 939
f 2409 1050 1048
f 2496 1224 1222
f 2485 1200 1198
f 2435 1115 1113
f 2374 984 982
f 2368 977 975
f 2371 989 987
f 2378 995 993
f 2381 1002 1000
f 2392 1019 1017
f 2360 971 969
f 2416 1091 1089
f 2456 1146 1144
f 2460 1158 1156
f 2488 1217 1215
f 2398 1037 1035
f 2340 918 916
f 2430 1098 1096
f 2475 1188 1186
f 2404 1044 1042
f 2501 1236 1234
f 2482 1212 1210
f 2440 1122 1120
f 2347 930 928
f 2464 1163 1161
f 2384 1013 1011
f 2355 948 946
f 2419 1074 1072
f 2451 1134 1132
f 2470 1170 1168
f 2385 1008 1006
f 2362 960 958
f 2423 1086 1084
f 2446 1151 1149
f 2401 1061 1059
f 2339 923 921
f 2429 1103 1101
f 2474 1205 1203
f 2491 1241 1239
f 2459 1175 1173
f 2395 1032 1030
f 2365 966 964
f 2424 1080 1078
f 2443 1127 1125
f 2390 1025 1023
f 2354 953 951
f 2413 1067 1065
f 2450 1139 1137
f 2467 1182 1180
f 2408 1056 1054
f 2495 1229 1227
f 2479 1193 1191
f 2437 1109 1107
f 2350 936 934
f 2511 1325 1326
f 2505 1277 1278
f 2507 1265 1266
f 2513 1301 1302
f 2516 1319 1320
f 2519 1343 1344
f 2556 1566 1565
f 2540 1464 1463
f 2561 1590 1589
f 2521 1349 1350
f 2544 1523 1524
f 2529 1422 1421
f 2530 1397 1398
f 2546 1499 1500
f 2549 1517 1518
f 2553 1559 1560
f 2534 1427 1428
f 2536 1433 1434
f 2557 1572 1571
f 2525 1374 1373
f 1609 892 889
f 1605 885 883
f 1611 897 895
f 1614 903 901
f 1617 910 907
f 1631 939 937
f 1688 1048 1045
f 1775 1222 1219
f 1763 1198 1195
f 1719 1113 1111
f 1654 982 979
f 1650 975 973
f 1656 987 985
f 1659 993 991
f 1662 1000 997
f 1672 1017 1015
f 1646 969 967
f 1706 1089 1087
f 1735 1144 1141
f 1741 1156 1153
f 1770 1215 1213
f 1680 1035 1033
f 1621 916 913
f 1711 1096 1093
f 1756 1186 1183
f 1684 1042 1039
f 1780 1234 1231
f 1767 1210 1207
f 1722 1120 1117
f 1627 928 925
f 1744 1161 1159
f 1668 1011 1009
f 1636 946 943
f 1699 1072 1069
f 1730 1132 1129
f 1748 1168 1165
f 1666 1006 1003
f 1642 958 955
f 1705 1084 1081
f 1736 1149 1147
f 1691 1059 1057
f 1623 921 919
f 1713 1101 1099
f 1764 1203 1201
f 1781 1239 1237
f 1749 1173 1171
f 1677 1030 1027
f 1645 964 961
f 1703 1078 1075
f 1725 1125 1123
f 1674 1023 1021
f 1638 951 949
f 1695 1065 1063
f 1732 1137 1135
f 1752 1180 1177
f 1690 1054 1051
f 1777 1227 1225
f 1759 1191 1189
f 1717 1107 1105
f 1630 934 931
f 2191 1326 1322
f 1885 1278 1274
f 1901 1266 1262
f 2279 1302 1298
f 2315 1320 1316
f 2171 1344 1340
f 2160 1565 1561
f 2016 1463 1459
f 2214 1589 1585
f 1919 1350 1346
f 2137 1524 1520
f 1978 1421 1417
f 1991 1398 1394
f 2225 1500 1496
f 2302 1518 1514
f 2178 1560 1556
f 2153 1428 1424
f 2009 1434 1430
f 2207 1571 1567
f 1926 1373 1369
f 1857 911 908
f 1803 893 890
f 1786 888 884
f 1822 900 896
f 1840 906 902
f 1876 924 920
f 2182 1062 1058
f 2312 1242 1238
f 2276 1206 1202
f 1898 1104 1100
f 2091 1001 998
f 2037 983 980
f 1952 978 974
f 2056 990 986
f 2074 996 992
f 2128 1026 1022
f 1966 954 950
f 1988 1068 1064
f 2222 1140 1136
f 2293 1181 1178
f 2185 1235 1232
f 1879 1043 1040
f 1893 929 926
f 2271 1121 1118
f 2307 1211 1208
f 2163 1055 1052
f 2150 1230 1226
f 2006 1194 1190
f 2204 1110 1106
f 1911 935 932
f 2131 1169 1166
f 1969 1007 1004
f 1983 959 956
f 2217 1085 1082
f 2290 1152 1148
f 2168 1176 1172
f 2145 1031 1028
f 2001 965 962
f 2199 1079 1076
f 1916 1128 1124
f 1808 1038 1034
f 1789 917 914
f 1825 1097 1094
f 1843 1187 1184
f 1862 1218 1214
f 1933 1157 1154
f 2110 1020 1016
f 2020 972 968
f 2236 1092 1088
f 2257 1145 1142
f 2042 1014 1010
f 1947 947 944
f 2059 1073 1070
f 2077 1133 1130
f 2096 1164 1160
f 2113 1049 1046
f 2023 1223 1220
f 2239 1199 1196
f 2254 1116 1112
f 1930 942 938
f 1818 1283 1279
f 1798 1259 1255
f 1834 1295 1291
f 1852 1313 1309
f 1872 1331 1327
f 1942 1379 1375
f 2120 1541 1537
f 2030 1452 1448
f 2248 1578 1574
f 2263 1368 1364
f 2052 1487 1483
f 1955 1391 1387
f 2065 1440 1436
f 2086 1511 1507
f 2106 1529 1525
f 2122 1547 1543
f 2032 1469 1465
f 2245 1458 1454
f 2266 1584 1580
f 1940 1362 1358
f 1813 1269 1267
f 1792 1245 1243
f 1828 1252 1250
f 1846 1288 1286
f 1867 1306 1304
f 1936 1336 1334
f 2123 1551 1549
f 2033 1473 1471
f 2249 1599 1597
f 2260 1354 1352
f 2049 1479 1477
f 1959 1401 1399
f 2062 1408 1406
f 2080 1492 1490
f 2101 1504 1502
f 2116 1533 1531
f 2026 1414 1412
f 2242 1444 1442
f 2267 1594 1592
f 1943 1383 1381
f 1869 1323 1321
f 1815 1275 1273
f 1799 1263 1261
f 1835 1299 1297
f 1853 1317 1315
f 1889 1341 1339
f 2195 1564 1562
f 2319 1462 1460
f 2283 1588 1586
f 1905 1347 1345
f 2103 1521 1519
f 2046 1420 1418
f 1957 1395 1393
f 2069 1497 1495
f 2087 1515 1513
f 2141 1557 1555
f 1979 1425 1423
f 1993 1431 1429
f 2229 1570 1568
f 2296 1372 1370
f 2188 1282 1280
f 1882 1258 1256
f 1902 1294 1292
f 2280 1312 1310
f 2316 1330 1328
f 2172 1378 1376
f 2157 1540 1538
f 2011 1449 1447
f 2209 1575 1573
f 1923 1365 1363
f 2134 1486 1484
f 1972 1390 1388
f 1995 1437 1435
f 2226 1510 1508
f 2303 1528 1526
f 2175 1546 1544
f 2154 1468 1466
f 2013 1455 1453
f 2211 1581 1579
f 1921 1359 1357
f 1865 1272 1268
f 1811 1248 1244
f 1796 1253 1249
f 1832 1289 1285
f 1850 1307 1303
f 1888 1337 1333
f 2194 1554 1550
f 2322 1476 1472
f 2286 1602 1598
f 1908 1355 1351
f 2099 1482 1478
f 2045 1404 1400
f 1962 1409 1405
f 2068 1493 1489
f 2084 1505 1501
f 2140 1536 1532
f 1976 1415 1411
f 1998 1445 1441
f 2232 1595 1591
f 2299 1386 1382
f 2330 909 911
f 2324 891 893
f 2325 886 888
f 2332 898 900
f 2335 904 906
f 2344 922 924
f 2410 1060 1062
f 2497 1240 1242
f 2486 1204 1206
f 2434 1102 1104
f 2375 999 1001
f 2369 981 983
f 2370 976 978
f 2377 988 990
f 2380 994 996
f 2393 1024 1026
f 2359 952 954
f 2415 1066 1068
f 2455 1138 1140
f 2461 1179 1181
f 2489 1233 1235
f 2399 1041 1043
f 2341 927 929
f 2431 1119 1121
f 2476 1209 1211
f 2405 1053 1055
f 2500 1228 1230
f 2481 1192 1194
f 2439 1108 1110
f 2348 933 935
f 2465 1167 1169
f 2383 1005 1007
f 2356 957 959
f 2420 1083 1085
f 2452 1150 1152
f 2471 1174 1176
f 2386 1029 1031
f 2363 963 965
f 2422 1077 1079
f 2445 1126 1128
f 2400 1036 1038
f 2338 915 917
f 2428 1095 1097
f 2473 1185 1187
f 2490 1216 1218
f 2458 1155 1157
f 2394 1018 1020
f 2366 970 972
f 2425 1090 1092
f 2444 1143 1145
f 2389 1012 1014
f 2353 945 947
f 2414 1071 1073
f 2449 1131 1133
f 2466 1162 1164
f 2407 1047 1049
f 2494 1221 1223
f 2480 1197 1199
f 2438 1114 1116
f 2351 940 942
f 2510 1284 1283
f 2504 1260 1259
f 2508 1296 1295
f 2514 1314 1313
f 2517 1332 1331
f 2520 1380 1379
f 2554 1542 1541
f 2539 1451 1452
f 2560 1577 1578
f 2523 1367 1368
f 2543 1488 1487
f 2527 1392 1391
f 2532 1439 1440
f 2547 1512 1511
f 2550 1530 1529
f 2552 1548 1547
f 2535 1470 1469
f 2538 1457 1458
f 2558 1583 1584
f 2524 1361 1362
f 1607 1616 1609
f 1603 1608 1605
f 1604 1606 1611
f 1610 1612 1614
f 1613 1615 1617
f 1622 1624 1631
f 1686 1692 1688
f 1773 1782 1775
f 1761 1765 1763
f 1712 1714 1719
f 1652 1661 1654
f 1648 1653 1650
f 1649 1651 1656
f 1655 1657 1659
f 1658 1660 1662
f 1670 1675 1672
f 1637 1639 1646
f 1694 1696 1706
f 1731 1733 1735
f 1739 1751 1741
f 1768 1779 1770
f 1678 1683 1680
f 1619 1626 1621
f 1709 1721 1711
f 1754 1766 1756
f 1682 1689 1684
f 1776 1778 1780
f 1758 1760 1767
f 1716 1718 1722
f 1625 1629 1627
f 1742 1747 1744
f 1663 1665 1668
f 1634 1641 1636
f 1697 1704 1699
f 1728 1737 1730
f 1746 1750 1748
f 1664 1676 1666
f 1640 1644 1642
f 1700 1702 1705
f 1724 1726 1736
f 1679 1681 1691
f 1618 1620 1623
f 1708 1710 1713
f 1753 1755 1764
f 1769 1771 1781
f 1738 1740 1749
f 1671 1673 1677
f 1643 1647 1645
f 1701 1707 1703
f 1723 1734 1725
f 1667 1669 1674
f 1633 1635 1638
f 1693 1698 1695
f 1727 1729 1732
f 1743 1745 1752
f 1685 1687 1690
f 1772 1774 1777
f 1757 1762 1759
f 1715 1720 1717
f 1628 1632 1630
f 2187 2189 2191
f 1881 1883 1885
f 1899 1903 1901
f 2277 2281 2279
f 2313 2317 2315
f 2169 2173 2171
f 2156 2158 2160
f 2010 2012 2016
f 2208 2210 2214
f 1917 1924 1919
f 2133 2135 2137
f 1971 1973 1978
f 1989 1996 1991
f 2223 2227 2225
f 2300 2304 2302
f 2174 2176 2178
f 2151 2155 2153
f 2007 2014 2009
f 2205 2212 2207
f 1920 1922 1926
f 1855 1864 1857
f 1801 1810 1803
f 1784 1795 1786
f 1820 1831 1822
f 1838 1849 1840
f 1874 1887 1876
f 2180 2193 2182
f 2310 2321 2312
f 2274 2285 2276
f 1896 1907 1898
f 2089 2098 2091
f 2035 2044 2037
f 1950 1961 1952
f 2054 2067 2056
f 2072 2083 2074
f 2126 2139 2128
f 1964 1975 1966
f 1986 1997 1988
f 2220 2231 2222
f 2291 2298 2293
f 2183 2190 2185
f 1877 1884 1879
f 1891 1900 1893
f 2269 2278 2271
f 2305 2314 2307
f 2161 2170 2163
f 2148 2159 2150
f 2004 2015 2006
f 2202 2213 2204
f 1909 1918 1911
f 2129 2136 2131
f 1967 1977 1969
f 1981 1990 1983
f 2215 2224 2217
f 2288 2301 2290
f 2166 2177 2168
f 2143 2152 2145
f 1999 2008 2001
f 2197 2206 2199
f 1914 1925 1916
f 1806 1817 1808
f 1787 1797 1789
f 1823 1833 1825
f 1841 1851 1843
f 1860 1871 1862
f 1931 1941 1933
f 2108 2119 2110
f 2018 2029 2020
f 2234 2247 2236
f 2255 2262 2257
f 2040 2051 2042
f 1945 1954 1947
f 2057 2064 2059
f 2075 2085 2077
f 2094 2105 2096
f 2111 2121 2113
f 2021 2031 2023
f 2237 2244 2239
f 2252 2265 2254
f 1928 1939 1930
f 1812 1814 1818
f 1791 1793 1798
f 1827 1829 1834
f 1845 1847 1852
f 1866 1868 1872
f 1935 1937 1942
f 2118 2124 2120
f 2028 2034 2030
f 2246 2250 2248
f 2259 2261 2263
f 2048 2050 2052
f 1953 1960 1955
f 2061 2063 2065
f 2079 2081 2086
f 2100 2102 2106
f 2115 2117 2122
f 2025 2027 2032
f 2241 2243 2245
f 2264 2268 2266
f 1938 1944 1940
f 1802 1804 1813
f 1783 1785 1792
f 1819 1821 1828
f 1837 1839 1846
f 1856 1858 1867
f 1927 1929 1936
f 2112 2114 2123
f 2022 2024 2033
f 2238 2240 2249
f 2251 2253 2260
f 2036 2038 2049
f 1949 1951 1959
f 2053 2055 2062
f 2071 2073 2080
f 2090 2092 2101
f 2107 2109 2116
f 2017 2019 2026
f 2233 2235 2242
f 2256 2258 2267
f 1932 1934 1943
f 1859 1861 1869
f 1805 1807 1815
f 1788 1790 1799
f 1824 1826 1835
f 1842 1844 1853
f 1878 1880 1889
f 2184 2186 2195
f 2306 2308 2319
f 2270 2272 2283
f 1892 1894 1905
f 2093 2095 2103
f 2039 2041 2046
f 1946 1948 1957
f 2058 2060 2069
f 2076 2078 2087
f 2130 2132 2141
f 1968 1970 1979
f 1982 1984 1993
f 2216 2218 2229
f 2287 2289 2296
f 2179 2181 2188
f 1873 1875 1882
f 1895 1897 1902
f 2273 2275 2280
f 2309 2311 2316
f 2165 2167 2172
f 2144 2146 2157
f 2000 2002 2011
f 2198 2200 2209
f 1913 1915 1923
f 2125 2127 2134
f 1963 1965 1972
f 1985 1987 1995
f 2219 2221 2226
f 2292 2294 2303
f 2162 2164 2175
f 2147 2149 2154
f 2003 2005 2013
f 2201 2203 2211
f 1910 1912 1921
f 1863 1870 1865
f 1809 1816 1811
f 1794 1800 1796
f 1830 1836 1832
f 1848 1854 1850
f 1886 1890 1888
f 2192 2196 2194
f 2318 2320 2322
f 2282 2284 2286
f 1904 1906 1908
f 2097 2104 2099
f 2043 2047 2045
f 1956 1958 1962
f 2066 2070 2068
f 2082 2088 2084
f 2138 2142 2140
f 1974 1980 1976
f 1992 1994 1998
f 2228 2230 2232
f 2295 2297 2299
f 2331 2329 2330
f 2327 2323 2324
f 2328 2326 2325
f 2334 2333 2332
f 2337 2336 2335
f 2346 2345 2344
f 2412 2409 2410
f 2499 2496 2497
f 2487 2485 2486
f 2436 2435 2434
f 2376 2374 2375
f 2372 2368 2369
f 2373 2371 2370
f 2379 2378 2377
f 2382 2381 2380
f 2396 2392 2393
f 2361 2360 2359
f 2418 2416 2415
f 2457 2456 2455
f 2463 2460 2461
f 2492 2488 2489
f 2402 2398 2399
f 2343 2340 2341
f 2433 2430 2431
f 2478 2475 2476
f 2406 2404 2405
f 2502 2501 2500
f 2484 2482 2481
f 2442 2440 2439
f 2349 2347 2348
f 2468 2464 2465
f 2387 2384 2383
f 2358 2355 2356
f 2421 2419 2420
f 2454 2451 2452
f 2472 2470 2471
f 2388 2385 2386
f 2364 2362 2363
f 2426 2423 2422
f 2448 2446 2445
f 2403 2401 2400
f 2342 2339 2338
f 2432 2429 2428
f 2477 2474 2473
f 2493 2491 2490
f 2462 2459 2458
f 2397 2395 2394
f 2367 2365 2366
f 2427 2424 2425
f 2447 2443 2444
f 2391 2390 2389
f 2357 2354 2353
f 2417 2413 2414
f 2453 2450 2449
f 2469 2467 2466
f 2411 2408 2407
f 2498 2495 2494
f 2483 2479 2480
f 2441 2437 2438
f 2352 2350 2351
f 2509 2511 2510
f 2503 2505 2504
f 2506 2507 2508
f 2512 2513 2514
f 2515 2516 2517
f 2518 2519 2520
f 2555 2556 2554
f 2541 2540 2539
f 2562 2561 2560
f 2522 2521 2523
f 2542 2544 2543
f 2528 2529 2527
f 2531 2530 2532
f 2545 2546 2547
f 2548 2549 2550
f 2551 2553 2552
f 2533 2534 2535
f 2537 2536 2538
f 2559 2557 2558
f 2526 2525 2524