v -0.133393 0.328144 -0.163233
v 0.138455 0.326928 -0.166708
v -0.294392 -0.519503 0.018226
v 0.294746 -0.519841 0.018248
v 0.000560 -0.418655 0.707498
v -0.000823 0.117160 0.360930
v 0.000056 -0.090351 -0.405885
v -0.000913 0.406276 -0.711899
v 0.296562 0.060777 -0.268952
v 0.302545 0.021483 0.282657
v -0.297289 0.060360 -0.269337
v -0.300171 0.024290 0.283402
v 0.020042 0.521150 -0.174827
v -0.073436 0.210169 -0.012362
v -0.203716 0.658177 -0.413471
v -0.256325 0.176545 -0.245523
v -0.269292 0.080391 0.069080
v 0.070966 0.210523 -0.012888
v 0.204979 0.658891 -0.412993
v 0.253321 0.178423 -0.244818
v 0.272596 0.077819 0.068266
v -0.001177 -0.563807 0.017621
v -0.213867 -0.634104 0.421066
v -0.172680 -0.493390 -0.294875
v -0.330022 -0.114643 -0.131583
v -0.320288 -0.158125 0.194104
v 0.212793 -0.635535 0.421468
v 0.173099 -0.493281 -0.295017
v 0.329664 -0.115903 -0.132283
v 0.320842 -0.160657 0.193872
v -0.000034 -0.015563 0.704936
v 0.309811 -0.183040 0.563014
v -0.309797 -0.182928 0.563073
v 0.203369 0.054907 0.388970
v -0.203195 0.055050 0.390102
v -0.000189 0.010063 -0.663611
v 0.186517 -0.005763 -0.369426
v -0.186264 -0.006249 -0.368409
v 0.307516 0.192702 -0.600762
v -0.307683 0.191286 -0.599716
v 0.306657 0.063331 -0.003942
v -0.304168 0.069759 -0.003407
v -0.056616 0.448840 -0.167996
v -0.092156 0.265660 -0.128878
v -0.172388 0.471860 -0.248109
v -0.198045 0.275559 -0.200891
v -0.183999 0.190127 -0.087384
v 0.080846 0.444571 -0.172804
v 0.094466 0.265680 -0.129914
v 0.181100 0.471255 -0.252051
v 0.198265 0.275301 -0.201690
v 0.184476 0.189970 -0.088123
v -0.173922 -0.601148 0.015405
v -0.234524 -0.499695 0.178909
v -0.325410 -0.748055 -0.154801
v -0.361329 -0.362744 -0.070496
v -0.313412 -0.339667 0.106003
v 0.172923 -0.601587 0.016014
v 0.234162 -0.502489 0.179450
v 0.325680 -0.747662 -0.154907
v 0.362330 -0.362679 -0.071390
v 0.315003 -0.340114 0.105416
v -0.129890 -0.633239 0.676460
v 0.132151 -0.632994 0.676917
v 0.000092 -0.218225 0.767826
v 0.192777 -0.337795 0.698431
v -0.192044 -0.338156 0.698376
v -0.047032 0.152244 0.190836
v 0.044465 0.152393 0.190469
v 0.000073 0.095147 0.551950
v 0.094934 0.101306 0.396431
v -0.095413 0.101297 0.396191
v -0.064434 -0.237119 -0.368451
v 0.064551 -0.236927 -0.368160
v 0.000417 0.012317 -0.477253
v 0.083898 -0.034161 -0.393704
v -0.083707 -0.035274 -0.393164
v -0.134363 0.603809 -0.618501
v 0.134555 0.603784 -0.618492
v -0.002072 0.181106 -0.791287
v 0.199899 0.317888 -0.741223
v -0.202013 0.317597 -0.740444
v 0.309003 0.094911 -0.270223
v 0.288525 0.016432 -0.194268
v 0.261136 0.031155 -0.326865
v 0.293997 0.107635 -0.398171
v 0.308155 0.059503 -0.153658
v 0.294675 0.040700 0.194840
v 0.309537 -0.020583 0.260443
v 0.302612 -0.061871 0.392263
v 0.275349 0.018469 0.339754
v 0.307354 0.059434 0.160776
v -0.310428 0.093529 -0.270820
v -0.289218 0.015854 -0.194770
v -0.261263 0.030939 -0.326448
v -0.294239 0.106964 -0.397835
v -0.308090 0.060165 -0.154110
v -0.292137 0.044545 0.196364
v -0.307589 -0.019783 0.260126
v -0.301240 -0.060816 0.392687
v -0.273608 0.020261 0.341045
v -0.304580 0.064844 0.162172
v -0.015274 0.372134 -0.144176
v -0.052041 0.578501 -0.253067
v 0.029680 0.374227 -0.144848
v 0.077916 0.580745 -0.264762
v -0.175424 0.157512 0.043069
v -0.001804 0.214364 -0.036276
v -0.148590 0.130943 0.211452
v -0.322454 0.463518 -0.337181
v 0.001617 0.696513 -0.426014
v -0.277023 0.444306 -0.537996
v -0.266037 0.103558 -0.083823
v -0.282316 0.247068 -0.405991
v -0.318237 0.035610 -0.117353
v -0.248263 0.075224 0.224317
v -0.309716 0.031396 0.049513
v 0.174648 0.157735 0.041651
v 0.147012 0.131748 0.209900
v 0.321932 0.461442 -0.339239
v 0.276793 0.445465 -0.538178
v 0.264506 0.105368 -0.084161
v 0.281773 0.248530 -0.405897
v 0.318959 0.035122 -0.116641
v 0.248724 0.074963 0.221968
v 0.313273 0.024202 0.049879
v -0.100411 -0.595632 0.211896
v -0.083478 -0.607586 -0.157184
v 0.090035 -0.582673 0.218742
v 0.083505 -0.607472 -0.157287
v -0.296527 -0.384913 0.308771
v -0.000540 -0.606292 0.465226
v -0.327125 -0.464509 0.561980
v -0.332931 -0.344091 -0.249425
v 0.000146 -0.441828 -0.284801
v -0.189098 -0.185409 -0.325482
v -0.327998 -0.126841 0.023331
v -0.258274 -0.075244 -0.251390
v -0.294626 0.085811 -0.055137
v -0.319628 -0.205331 0.380052
v -0.295467 0.054908 0.098665
v 0.296698 -0.385922 0.308589
v 0.326641 -0.464112 0.560980
v 0.332841 -0.343894 -0.249495
v 0.189037 -0.184670 -0.325437
v 0.330369 -0.128175 0.022140
v 0.258223 -0.074792 -0.251585
v 0.295341 0.078905 -0.056774
v 0.321625 -0.204896 0.379697
v 0.300710 0.050835 0.096795
v 0.185785 -0.101508 0.690411
v -0.185927 -0.101370 0.690210
v 0.148065 0.041503 0.586194
v -0.147651 0.041777 0.586011
v 0.255473 -0.030496 0.508985
v -0.254793 -0.029812 0.509255
v 0.127797 0.011772 -0.526891
v -0.126862 0.011836 -0.525905
v 0.216419 0.068753 -0.734390
v -0.216998 0.068218 -0.733081
v 0.245760 0.058729 -0.501808
v -0.245414 0.058140 -0.500629
v -0.101545 0.386705 -0.158528
v -0.112707 0.300612 -0.145583
v -0.143580 0.391543 -0.191436
v -0.164703 0.306746 -0.179970
v -0.147583 0.254121 -0.144997
v 0.112181 0.384562 -0.164080
v 0.117437 0.299755 -0.147716
v 0.150695 0.390184 -0.196046
v 0.167310 0.306025 -0.182097
v 0.148692 0.253644 -0.146311
v -0.250206 -0.581059 0.018091
v -0.262781 -0.499121 0.083311
v -0.321860 -0.615618 -0.042952
v -0.333383 -0.469297 -0.023548
v -0.303613 -0.433961 0.057581
v 0.250204 -0.581481 0.018241
v 0.262708 -0.500719 0.083850
v 0.322131 -0.614968 -0.043086
v 0.333533 -0.469114 -0.023839
v 0.304332 -0.434543 0.057415
v -0.056587 -0.495082 0.692723
v 0.058030 -0.494981 0.692742
v 0.000295 -0.326027 0.729241
v 0.088340 -0.389543 0.710202
v -0.087434 -0.389671 0.710330
v -0.024011 0.123375 0.289326
v 0.021727 0.123482 0.289002
v -0.000298 0.116589 0.456377
v 0.040896 0.113838 0.382833
v -0.042087 0.113757 0.382950
v -0.025976 -0.149761 -0.396179
v 0.026138 -0.149437 -0.396441
v 0.000120 -0.019903 -0.425023
v 0.038204 -0.066954 -0.405028
v -0.038077 -0.067811 -0.404930
v -0.056464 0.491950 -0.672711
v 0.055605 0.492165 -0.672943
v -0.001741 0.304149 -0.758017
v 0.088871 0.371190 -0.726375
v -0.091284 0.371127 -0.726987
v 0.306478 0.076125 -0.271376
v 0.291000 0.042324 -0.234941
v 0.283042 0.049685 -0.296437
v 0.296109 0.077387 -0.323276
v 0.303748 0.058478 -0.218634
v 0.298893 0.033866 0.246326
v 0.307742 0.016267 0.282504
v 0.301361 -0.011555 0.328868
v 0.292494 0.014039 0.307125
v 0.308258 0.046267 0.236553
v -0.307709 0.075513 -0.272034
v -0.291682 0.042212 -0.235217
v -0.283523 0.049288 -0.296502
v -0.296879 0.076837 -0.323458
v -0.304727 0.058293 -0.219238
v -0.296163 0.037485 0.247594
v -0.306408 0.018238 0.283013
v -0.299266 -0.009807 0.329416
v -0.290312 0.016605 0.308315
v -0.304686 0.048925 0.235726
v -0.006407 0.508329 -0.170449
v 0.046420 0.502899 -0.173868
v 0.009176 0.500825 -0.171058
v 0.005562 0.530455 -0.179027
v 0.024567 0.503505 -0.171724
v 0.036025 0.536344 -0.190609
v -0.077736 0.231153 -0.097306
v -0.065645 0.185756 0.090203
v -0.033463 0.260580 -0.115509
v -0.125474 0.190150 0.018042
v -0.029639 0.213885 -0.032100
v -0.122483 0.186918 0.110899
v -0.215724 0.569235 -0.321248
v -0.189167 0.673955 -0.514699
v -0.133113 0.640521 -0.335211
v -0.431294 0.620832 -0.381890
v -0.152056 0.818069 -0.425956
v -0.278664 0.582493 -0.480645
v -0.226457 0.231601 -0.224003
v -0.287766 0.130353 -0.260718
v -0.248823 0.308360 -0.300398
v -0.261013 0.136731 -0.163657
v -0.265736 0.222173 -0.326379
v -0.294503 0.089650 -0.180466
v -0.227295 0.132534 -0.011629
v -0.290498 0.048728 0.141852
v -0.228458 0.120274 0.061182
v -0.268305 0.086039 -0.006559
v -0.264381 0.079222 0.145387
v -0.302914 0.034573 0.070676
v 0.076514 0.231803 -0.098273
v 0.062790 0.185861 0.089720
v 0.034428 0.261117 -0.115403
v 0.026653 0.214101 -0.031971
v 0.123876 0.190813 0.016967
v 0.119985 0.188109 0.109943
v 0.222171 0.569137 -0.323536
v 0.189138 0.674473 -0.514555
v 0.142750 0.641210 -0.339352
v 0.148749 0.816223 -0.424330
v 0.431699 0.620437 -0.380418
v 0.278880 0.583232 -0.480166
v 0.225229 0.232228 -0.223522
v 0.284759 0.133152 -0.260141
v 0.248540 0.308667 -0.300122
v 0.257620 0.139613 -0.163581
v 0.265098 0.224132 -0.325629
v 0.288996 0.098867 -0.179847
v 0.228836 0.131580 -0.012321
v 0.291702 0.046935 0.138776
v 0.228929 0.119510 0.059696
v 0.269679 0.084372 -0.006973
v 0.265829 0.077944 0.143444
v 0.308972 0.026546 0.071504
v -0.089844 -0.580624 0.015992
v 0.087899 -0.580485 0.016687
v -0.047029 -0.576652 0.114789
v -0.049108 -0.554072 -0.073615
v 0.042918 -0.575830 0.115759
v 0.048333 -0.553490 -0.073582
v -0.217177 -0.529404 0.297822
v -0.182305 -0.811367 0.574033
v -0.142094 -0.575648 0.328980
v -0.269917 -0.509108 0.372138
v -0.103374 -0.656011 0.452845
v -0.315918 -0.637252 0.515644
v -0.250426 -0.731429 -0.282670
v -0.112491 -0.347566 -0.325348
v -0.124074 -0.621045 -0.247692
v -0.272639 -0.461681 -0.292241
v -0.081849 -0.461348 -0.286727
v -0.190073 -0.329302 -0.314293
v -0.360807 -0.228111 -0.104887
v -0.298260 -0.031660 -0.158403
v -0.335024 -0.222508 -0.184068
v -0.340136 -0.115222 -0.056163
v -0.298564 -0.107283 -0.198246
v -0.310266 -0.020322 -0.089402
v -0.320103 -0.246724 0.152543
v -0.313907 -0.080681 0.230241
v -0.314068 -0.269126 0.248631
v -0.322080 -0.138922 0.106659
v -0.318603 -0.184503 0.286004
v -0.312011 -0.051305 0.145707
v 0.216323 -0.532378 0.298498
v 0.183207 -0.811336 0.573977
v 0.139766 -0.578266 0.330427
v 0.102167 -0.656703 0.453586
v 0.269584 -0.510346 0.372186
v 0.315452 -0.637673 0.514542
v 0.250883 -0.731274 -0.282502
v 0.112671 -0.347352 -0.325197
v 0.124369 -0.621209 -0.247989
v 0.082166 -0.461269 -0.286704
v 0.272788 -0.461361 -0.292031
v 0.190246 -0.328830 -0.314320
v 0.359729 -0.229727 -0.105901
v 0.297702 -0.031365 -0.158022
v 0.335031 -0.222542 -0.184635
v 0.341530 -0.116725 -0.057277
v 0.298624 -0.106916 -0.198428
v 0.310625 -0.022903 -0.090061
v 0.321098 -0.247911 0.152101
v 0.315094 -0.083773 0.229983
v 0.315451 -0.269591 0.248204
v 0.323940 -0.140361 0.105850
v 0.320046 -0.185443 0.285699
v 0.314455 -0.053904 0.144825
v -0.000101 -0.109687 0.774832
v 0.000122 0.052692 0.635671
v 0.093186 -0.059359 0.715677
v -0.093330 -0.059239 0.715564
v 0.084017 0.019031 0.656805
v -0.083889 0.019216 0.656672
v 0.268141 -0.263593 0.643618
v 0.311401 -0.117187 0.472896
v 0.312686 -0.307163 0.562656
v 0.325625 -0.204924 0.474326
v 0.262703 -0.144645 0.638208
v 0.286707 -0.094012 0.546150
v -0.268035 -0.263836 0.643759
v -0.310832 -0.116635 0.473308
v -0.312680 -0.307483 0.563022
v -0.325388 -0.204842 0.474668
v -0.262794 -0.144523 0.638041
v -0.286435 -0.093520 0.546259
v 0.150567 0.080022 0.397097
v 0.245426 0.033024 0.368311
v 0.176178 0.090332 0.305148
v 0.226184 0.066181 0.303143
v 0.178332 0.046540 0.482601
v 0.227921 0.017427 0.455844
v -0.151296 0.079990 0.398447
v -0.244420 0.033885 0.369430
v -0.177108 0.089806 0.307102
v -0.225132 0.066433 0.303940
v -0.178236 0.046948 0.483195
v -0.227539 0.018215 0.456706
v 0.000386 0.003594 -0.561684
v -0.001636 0.070108 -0.757905
v 0.080000 0.000458 -0.604417
v -0.078699 0.002692 -0.603323
v 0.103296 0.031865 -0.709684
v -0.103787 0.030503 -0.710289
v 0.135080 -0.015193 -0.380132
v 0.229347 0.010592 -0.352227
v 0.176981 -0.066194 -0.328943
v 0.216403 -0.031182 -0.300212
v 0.159333 0.009425 -0.446580
v 0.211182 0.024915 -0.433785
v -0.134680 -0.015724 -0.379121
v -0.229265 0.010127 -0.351555
v -0.177213 -0.067943 -0.328933
v -0.216565 -0.032302 -0.299889
v -0.158696 0.009193 -0.445431
v -0.210821 0.024473 -0.432811
v 0.294352 0.250204 -0.708993
v 0.294331 0.148683 -0.488877
v 0.286908 0.311562 -0.580601
v 0.291336 0.236547 -0.494183
v 0.301912 0.125716 -0.703720
v 0.289295 0.106759 -0.567633
v -0.295091 0.249266 -0.707884
v -0.294781 0.147387 -0.488431
v -0.287416 0.310213 -0.580188
v -0.291748 0.235256 -0.493800
v -0.301919 0.124817 -0.702253
v -0.289170 0.105695 -0.566402
v 0.309422 0.064049 -0.081807
v 0.305672 0.061784 0.077465
v 0.315151 0.040367 -0.057687
v 0.312597 0.037729 0.024008
v 0.299016 0.085998 -0.032059
v 0.296711 0.088098 0.046865
v -0.308815 0.067760 -0.081897
v -0.302039 0.068010 0.078500
v -0.313330 0.044293 -0.057979
v -0.309618 0.043876 0.024122
v -0.297396 0.094054 -0.031108
v -0.291245 0.096766 0.048407
v -0.073624 0.358773 -0.149084
v -0.103995 0.462748 -0.197602
v -0.028665 0.430550 -0.158420
v -0.045941 0.515856 -0.195176
v -0.138431 0.222618 -0.108450
v -0.052112 0.319451 -0.135249
v -0.130931 0.202373 -0.056312
v -0.193430 0.382322 -0.230090
v -0.119720 0.539728 -0.257785
v -0.259647 0.482128 -0.294725
v -0.185174 0.218552 -0.144871
v -0.230432 0.363209 -0.265377
v -0.224117 0.182126 -0.150818
v -0.180940 0.170561 -0.026856
v -0.225976 0.151710 -0.080845
v 0.085952 0.356739 -0.151263
v 0.121093 0.460695 -0.204936
v 0.052960 0.424072 -0.159031
v 0.080397 0.515678 -0.206180
v 0.138638 0.222619 -0.109296
v 0.060645 0.318811 -0.135957
v 0.130097 0.202807 -0.057245
v 0.196926 0.381680 -0.232235
v 0.136554 0.540218 -0.264040
v 0.262247 0.481250 -0.296028
v 0.185350 0.218484 -0.145503
v 0.230737 0.362715 -0.265907
v 0.222770 0.182358 -0.150983
v 0.181165 0.170280 -0.027868
v 0.226127 0.151671 -0.081317
v -0.205866 -0.541680 0.093890
v -0.229315 -0.745858 -0.031035
v -0.132275 -0.567228 0.104636
v -0.125281 -0.657335 -0.062568
v -0.280763 -0.428727 0.146164
v -0.171864 -0.550557 0.202968
v -0.266840 -0.450250 0.250908
v -0.368051 -0.534704 -0.119786
v -0.161603 -0.790644 -0.163120
v -0.358128 -0.571635 -0.239668
v -0.333141 -0.345401 0.018398
v -0.360954 -0.376395 -0.163594
v -0.349715 -0.231954 -0.021335
v -0.300507 -0.352066 0.201665
v -0.329390 -0.237201 0.063900
v 0.205005 -0.544363 0.094895
v 0.230276 -0.745555 -0.030938
v 0.129839 -0.568882 0.106132
v 0.125071 -0.656766 -0.062398
v 0.281510 -0.429896 0.146108
v 0.171293 -0.557008 0.203531
v 0.266908 -0.451929 0.251075
v 0.368474 -0.533763 -0.120400
v 0.161768 -0.791042 -0.162539
v 0.358128 -0.570553 -0.239497
v 0.334533 -0.345662 0.017676
v 0.360697 -0.376338 -0.164104
v 0.351370 -0.232452 -0.022397
v 0.301287 -0.353014 0.201409
v 0.331170 -0.237911 0.063077
v 0.000857 -0.545382 0.670905
v -0.180210 -0.489703 0.695070
v -0.056925 -0.629056 0.590163
v -0.286784 -0.638206 0.673929
v 0.181787 -0.489283 0.694732
v 0.057237 -0.630067 0.590658
v 0.288472 -0.637308 0.672198
v 0.098471 -0.271101 0.733704
v -0.098140 -0.271209 0.733788
v 0.098248 -0.159408 0.747498
v -0.098263 -0.159472 0.747180
v 0.287591 -0.417032 0.658279
v 0.194768 -0.207824 0.704637
v -0.287022 -0.417774 0.658929
v -0.194857 -0.207908 0.704634
v -0.001301 0.153062 0.186675
v -0.072753 0.120060 0.297047
v -0.021161 0.183713 0.079886
v -0.096968 0.147921 0.200923
v 0.070804 0.120237 0.296326
v 0.018211 0.183807 0.079787
v 0.094692 0.148413 0.199954
v 0.059660 0.105816 0.494603
v -0.059830 0.106026 0.494781
v 0.073608 0.073827 0.584173
v -0.073311 0.073930 0.584041
v 0.122893 0.111024 0.301774
v 0.121044 0.078098 0.497401
v -0.124300 0.110543 0.302858
v -0.121193 0.078488 0.497889
v 0.000155 -0.235572 -0.391256
v -0.078511 -0.136471 -0.377858
v -0.037240 -0.342485 -0.338834
v -0.127830 -0.223484 -0.345175
v 0.078509 -0.135586 -0.377816
v 0.037611 -0.342425 -0.338764
v 0.127902 -0.222891 -0.345226
v 0.045418 0.003323 -0.437387
v -0.044805 0.002928 -0.436821
v 0.059045 0.008700 -0.508325
v -0.058206 0.008931 -0.507736
v 0.130673 -0.106096 -0.356749
v 0.100860 0.006547 -0.445440
v -0.130654 -0.107230 -0.356596
v -0.100047 0.006512 -0.444375
v 0.000210 0.619996 -0.625256
v -0.167729 0.458197 -0.674496
v -0.070552 0.687882 -0.526338
v -0.224655 0.533354 -0.589645
v 0.166817 0.458488 -0.674795
v 0.070861 0.687880 -0.526231
v 0.224643 0.533975 -0.589954
v 0.114166 0.245302 -0.792864
v -0.119594 0.246220 -0.801371
v 0.121111 0.115423 -0.800284
v -0.123959 0.114418 -0.801053
v 0.250136 0.391240 -0.648939
v 0.235942 0.179733 -0.797419
v -0.250856 0.390396 -0.648327
v -0.238480 0.179344 -0.796053
v 0.302964 0.109808 -0.336543
v 0.316597 0.064797 -0.208448
v 0.287743 0.159523 -0.336442
v 0.312609 0.070101 -0.196385
v 0.274734 0.018998 -0.258206
v 0.298489 0.048166 -0.172035
v 0.274367 -0.022299 -0.217849
v 0.297232 0.035111 -0.127738
v 0.277850 0.066645 -0.367864
v 0.250688 -0.006858 -0.280817
v 0.250759 0.046661 -0.406297
v 0.292509 0.167734 -0.410452
v 0.277020 0.088505 -0.455442
v 0.317605 0.050164 -0.136437
v 0.301324 0.069681 -0.104015
v 0.284767 0.034800 0.265775
v 0.305599 0.042730 0.179095
v 0.277754 0.053680 0.211154
v 0.305676 0.034658 0.124460
v 0.309389 -0.051230 0.328851
v 0.304448 0.060477 0.219297
v 0.316471 -0.110351 0.313180
v 0.305434 0.021181 0.182383
v 0.288176 -0.016052 0.374267
v 0.315986 -0.123994 0.393806
v 0.286111 -0.053523 0.452953
v 0.264036 0.046947 0.289529
v 0.265242 -0.004604 0.418863
v 0.310417 0.041023 0.104100
v 0.298936 0.078196 0.132327
v -0.304343 0.108511 -0.337090
v -0.316244 0.064718 -0.209209
v -0.289435 0.158196 -0.336740
v -0.317418 0.061185 -0.198142
v -0.275160 0.018492 -0.258315
v -0.298833 0.048116 -0.172356
v -0.274703 -0.022656 -0.218016
v -0.297472 0.036199 -0.127775
v -0.277899 0.066241 -0.367448
v -0.250877 -0.006971 -0.280342
v -0.250464 0.046248 -0.405598
v -0.293501 0.166225 -0.410578
v -0.277309 0.087631 -0.454789
v -0.317351 0.050605 -0.137467
v -0.300893 0.070425 -0.103758
v -0.282771 0.037596 0.267614
v -0.302601 0.047509 0.179920
v -0.275548 0.055754 0.212899
v -0.301858 0.040986 0.124722
v -0.307586 -0.050435 0.328919
v -0.301499 0.063568 0.219998
v -0.314815 -0.109249 0.313305
v -0.302064 0.023327 0.183140
v -0.286344 -0.014595 0.374854
v -0.314490 -0.123664 0.394086
v -0.285141 -0.052587 0.453407
v -0.262442 0.048348 0.291144
v -0.264203 -0.003466 0.419763
v -0.307063 0.047297 0.104476
v -0.294715 0.083026 0.134232
v 0.008521 0.396072 -0.149236
v -0.007058 0.276608 -0.121598
v 0.014080 0.588912 -0.250784
v -0.043235 0.658653 -0.332183
v 0.008667 0.276944 -0.121704
v 0.056381 0.658525 -0.337761
v -0.168624 0.149043 0.124934
v -0.216889 0.112763 0.137561
v -0.198466 0.103223 0.219307
v -0.344143 0.489774 -0.438981
v -0.272793 0.357742 -0.387426
v -0.284702 0.349778 -0.476830
v -0.303528 0.047446 -0.095038
v -0.308707 0.028713 -0.007953
v -0.313924 0.028349 -0.032385
v 0.167432 0.149966 0.123359
v 0.215779 0.113106 0.135236
v 0.197401 0.103941 0.217031
v 0.343303 0.490528 -0.440752
v 0.273194 0.358450 -0.387783
v 0.284433 0.351222 -0.477080
v 0.298028 0.059464 -0.096167
v 0.309860 0.023860 -0.007470
v 0.316468 0.022955 -0.031923
v -0.002676 -0.585902 0.223724
v -0.050326 -0.595888 0.339179
v -0.000011 -0.521313 -0.156436
v -0.043258 -0.522217 -0.227630
v 0.046636 -0.595828 0.340101
v 0.043478 -0.522106 -0.227702
v -0.306352 -0.434270 0.428342
v -0.314173 -0.298437 0.351916
v -0.320434 -0.318132 0.460262
v -0.261842 -0.266122 -0.297188
v -0.291522 -0.187308 -0.248013
v -0.233777 -0.132042 -0.292837
v -0.311884 -0.016252 -0.015884
v -0.310087 -0.026545 0.062796
v -0.288604 0.096461 0.018034
v 0.306112 -0.434711 0.427792
v 0.314956 -0.298665 0.351524
v 0.320132 -0.318272 0.459759
v 0.261712 -0.265853 -0.297019
v 0.291300 -0.187135 -0.248164
v 0.233529 -0.131236 -0.292857
v 0.314422 -0.020457 -0.017545
v 0.314959 -0.025600 0.061349
v 0.294360 0.088032 0.015146
v 0.167862 -0.019374 0.647411
v 0.238624 -0.058788 0.607942
v -0.167674 -0.019099 0.647143
v -0.238346 -0.058455 0.607693
v 0.210061 0.003424 0.556919
v -0.209812 0.004009 0.557126
v 0.173090 0.014908 -0.630668
v 0.194560 0.029414 -0.526703
v -0.172259 0.014445 -0.629520
v -0.193946 0.029119 -0.525517
v 0.248740 0.057477 -0.619946
v -0.247663 0.057232 -0.618169
v -0.120084 0.354317 -0.161288
v -0.123501 0.316083 -0.154297
v -0.136660 0.356378 -0.173404
v -0.147526 0.319027 -0.170487
v -0.139336 0.294921 -0.156758
v 0.127276 0.352577 -0.165962
v 0.128610 0.314913 -0.157299
v 0.142699 0.354907 -0.177591
v 0.151301 0.317938 -0.173304
v 0.142421 0.293981 -0.159102
v -0.277514 -0.551071 0.018681
v -0.279126 -0.508840 0.046150
v -0.303277 -0.555708 -0.009019
v -0.313050 -0.501778 -0.000010
v -0.298755 -0.480032 0.035360
v 0.277702 -0.551545 0.018870
v 0.279421 -0.509622 0.046351
v 0.303619 -0.555663 -0.009050
v 0.313534 -0.501903 -0.000117
v 0.299203 -0.480540 0.035314
v -0.024072 -0.451675 0.700828
v 0.025295 -0.451570 0.700846
v 0.000444 -0.377732 0.716262
v 0.039542 -0.406100 0.709862
v -0.038486 -0.406294 0.709586
v -0.011531 0.118610 0.330080
v 0.009580 0.118560 0.329851
v -0.000576 0.115904 0.400936
v 0.017252 0.116262 0.371917
v -0.018732 0.116294 0.371996
v -0.010886 -0.115999 -0.401708
v 0.011010 -0.116030 -0.401642
v 0.000134 -0.058988 -0.412689
v 0.017080 -0.080383 -0.406598
v -0.016966 -0.080741 -0.406611
v -0.025217 0.443778 -0.694826
v 0.023648 0.443695 -0.694712
v -0.001255 0.360719 -0.732840
v 0.038545 0.391521 -0.718101
v -0.040721 0.391504 -0.718363
v 0.301291 0.067920 -0.270335
v 0.293868 0.052539 -0.253739
v 0.290955 0.056491 -0.281333
v 0.296126 0.067366 -0.292397
v 0.299848 0.059557 -0.246804
v 0.301166 0.028630 0.268604
v 0.305794 0.020544 0.284549
v 0.301923 0.008298 0.302999
v 0.298462 0.016621 0.293410
v 0.305367 0.033123 0.263334
v -0.302317 0.067462 -0.270823
v -0.294599 0.052243 -0.254151
v -0.291628 0.056075 -0.281653
v -0.296970 0.066877 -0.292679
v -0.300851 0.059202 -0.247329
v -0.298516 0.031986 0.269701
v -0.303706 0.023037 0.284986
v -0.299630 0.010653 0.303708
v -0.296080 0.019392 0.294201
v -0.302816 0.036289 0.264156
v 0.007871 0.518598 -0.172868
v 0.032472 0.517304 -0.175152
v 0.014224 0.516060 -0.172876
v 0.013776 0.526870 -0.176649
v 0.024075 0.516290 -0.173619
v 0.027399 0.527753 -0.180526
v -0.074472 0.217990 -0.061444
v -0.071317 0.200674 0.039157
v -0.047425 0.224665 -0.080802
v -0.099760 0.202956 0.002895
v -0.049209 0.212833 -0.024714
v -0.098521 0.201841 0.050646
v -0.224113 0.620000 -0.365215
v -0.210406 0.695435 -0.463486
v -0.174703 0.670471 -0.378186
v -0.288053 0.629598 -0.396711
v -0.216970 0.793809 -0.423293
v -0.231730 0.628238 -0.446756
v -0.241253 0.205013 -0.235153
v -0.272650 0.151479 -0.253995
v -0.248185 0.236012 -0.274422
v -0.258328 0.156055 -0.204261
v -0.258700 0.199750 -0.286342
v -0.274985 0.132755 -0.212868
v -0.249881 0.105004 0.028801
v -0.282521 0.061167 0.107192
v -0.253544 0.100216 0.067081
v -0.268591 0.082371 0.031230
v -0.268908 0.079458 0.107318
v -0.285922 0.057951 0.070421
v 0.072295 0.218481 -0.062220
v 0.068506 0.200826 0.038606
v 0.045229 0.224971 -0.080414
v 0.046545 0.213143 -0.024743
v 0.097552 0.203493 0.002031
v 0.095774 0.202384 0.049963
v 0.228088 0.620065 -0.366249
v 0.210474 0.696325 -0.463272
v 0.177475 0.671314 -0.379584
v 0.216286 0.796513 -0.424068
v 0.289606 0.629119 -0.396235
v 0.232130 0.628520 -0.445849
v 0.239233 0.206179 -0.234413
v 0.269185 0.153883 -0.253489
v 0.247007 0.237468 -0.273651
v 0.254688 0.158117 -0.203917
v 0.256865 0.201568 -0.285550
v 0.270899 0.136623 -0.212418
v 0.253767 0.102886 0.028487
v 0.284932 0.058357 0.105461
v 0.257773 0.097832 0.066561
v 0.271029 0.080237 0.030496
v 0.270924 0.077495 0.105649
v 0.288922 0.054518 0.069485
v -0.046104 -0.569445 0.017346
v 0.043971 -0.568890 0.017635
v -0.023974 -0.571791 0.065949
v -0.024385 -0.553451 -0.029835
v 0.020919 -0.571551 0.066211
v 0.022844 -0.553063 -0.029761
v -0.214568 -0.554050 0.370659
v -0.216288 -0.767306 0.466302
v -0.172252 -0.583038 0.386511
v -0.250348 -0.570147 0.404101
v -0.159912 -0.668495 0.436769
v -0.270021 -0.661938 0.461396
v -0.209153 -0.595702 -0.289353
v -0.140845 -0.413722 -0.307606
v -0.152133 -0.569559 -0.278027
v -0.224214 -0.491101 -0.297829
v -0.125246 -0.479642 -0.290424
v -0.184486 -0.410493 -0.305997
v -0.352757 -0.162170 -0.118499
v -0.311656 -0.070695 -0.144558
v -0.334782 -0.165538 -0.156306
v -0.343237 -0.108295 -0.093970
v -0.315384 -0.114308 -0.166473
v -0.321160 -0.067816 -0.109533
v -0.321374 -0.201327 0.173919
v -0.317370 -0.117988 0.212950
v -0.319199 -0.212929 0.220486
v -0.321132 -0.147330 0.149772
v -0.319261 -0.171041 0.239636
v -0.317384 -0.104858 0.169412
v 0.213140 -0.556704 0.371595
v 0.215680 -0.767365 0.466132
v 0.170290 -0.585121 0.387794
v 0.158648 -0.669466 0.437559
v 0.249494 -0.571657 0.404266
v 0.269185 -0.662925 0.460883
v 0.209700 -0.595899 -0.289481
v 0.141207 -0.413533 -0.307611
v 0.152607 -0.569596 -0.278153
v 0.125579 -0.479686 -0.290401
v 0.224645 -0.491015 -0.297956
v 0.184795 -0.410224 -0.306145
v 0.351057 -0.164964 -0.119598
v 0.311487 -0.071475 -0.144997
v 0.334657 -0.166159 -0.157017
v 0.343433 -0.110004 -0.095009
v 0.315257 -0.114572 -0.166925
v 0.321290 -0.069351 -0.110193
v 0.321973 -0.203194 0.173657
v 0.318410 -0.120637 0.212642
v 0.320031 -0.214348 0.220209
v 0.322097 -0.149590 0.149303
v 0.320047 -0.173035 0.239412
v 0.318742 -0.107473 0.168910
v -0.000079 -0.060445 0.735648
v 0.000030 0.022248 0.672358
v 0.046177 -0.037271 0.715502
v -0.046295 -0.037216 0.715432
v 0.043857 0.003179 0.684294
v -0.043852 0.003235 0.684204
v 0.292947 -0.222685 0.605150
v 0.317033 -0.147125 0.518801
v 0.310870 -0.241338 0.563115
v 0.323850 -0.195679 0.520653
v 0.289909 -0.165263 0.602696
v 0.300753 -0.134483 0.557427
v -0.292913 -0.222773 0.605166
v -0.316963 -0.146775 0.519042
v -0.310769 -0.241421 0.563294
v -0.323909 -0.195554 0.520870
v -0.289938 -0.165169 0.602594
v -0.300630 -0.134177 0.557471
v 0.177991 0.067473 0.394575
v 0.225731 0.043263 0.379745
v 0.191068 0.072170 0.350152
v 0.215565 0.060280 0.346156
v 0.190881 0.050191 0.434025
v 0.214959 0.037034 0.423490
v -0.178242 0.067432 0.395784
v -0.225054 0.043734 0.380752
v -0.191861 0.071731 0.352463
v -0.215367 0.060238 0.347712
v -0.190499 0.050526 0.434521
v -0.214368 0.037575 0.424144
v 0.000357 -0.003565 -0.612827
v -0.000919 0.035283 -0.712966
v 0.043685 0.001839 -0.636582
v -0.043357 0.000338 -0.637088
v 0.048763 0.022214 -0.686534
v -0.049758 0.018480 -0.689003
v 0.161353 -0.010011 -0.374503
v 0.209275 0.001527 -0.361879
v 0.177560 -0.024790 -0.340852
v 0.200619 -0.016241 -0.332544
v 0.172935 0.003273 -0.407361
v 0.197792 0.009757 -0.400989
v -0.160926 -0.010579 -0.373417
v -0.209105 0.000979 -0.361085
v -0.177418 -0.025714 -0.340034
v -0.200488 -0.017042 -0.331713
v -0.172558 0.002976 -0.406211
v -0.197458 0.009325 -0.399962
v 0.312962 0.219079 -0.662074
v 0.299506 0.170230 -0.542065
v 0.298655 0.249943 -0.595309
v 0.297144 0.218701 -0.544215
v 0.316081 0.159879 -0.659348
v 0.307711 0.142592 -0.593009
v -0.313401 0.217407 -0.661177
v -0.299861 0.168803 -0.541330
v -0.298942 0.248471 -0.594583
v -0.297542 0.217184 -0.543716
v -0.315895 0.158481 -0.657943
v -0.307873 0.141105 -0.591967
v 0.308002 0.064024 -0.043467
v 0.305816 0.062628 0.036418
v 0.311001 0.051542 -0.030303
v 0.309882 0.050625 0.009983
v 0.303136 0.075690 -0.018045
v 0.302063 0.075577 0.021775
v -0.306370 0.069308 -0.043234
v -0.302612 0.069224 0.037221
v -0.308951 0.056718 -0.030171
v -0.307126 0.056571 0.010328
v -0.300948 0.083011 -0.017348
v -0.298557 0.083253 0.022753
v -0.080406 0.417940 -0.163088
v -0.029513 0.481590 -0.169658
v -0.064989 0.405363 -0.158234
v -0.076803 0.457558 -0.177895
v -0.040928 0.440649 -0.162288
v -0.047961 0.487988 -0.178165
v -0.101697 0.283474 -0.137701
v -0.084100 0.247832 -0.116936
v -0.082585 0.311738 -0.139554
v -0.114562 0.241654 -0.121006
v -0.071984 0.292521 -0.132239
v -0.108822 0.227398 -0.103756
v -0.155355 0.429699 -0.217582
v -0.194036 0.518556 -0.282384
v -0.135941 0.467349 -0.222265
v -0.186730 0.429632 -0.240122
v -0.149260 0.508762 -0.254169
v -0.213329 0.476926 -0.272464
v -0.182244 0.292489 -0.190205
v -0.211931 0.255030 -0.212415
v -0.196382 0.330497 -0.217274
v -0.187463 0.241225 -0.173063
v -0.212980 0.315963 -0.231662
v -0.204782 0.222332 -0.179817
v -0.163987 0.219320 -0.120904
v -0.205182 0.161159 -0.050621
v -0.161784 0.206421 -0.095957
v -0.184943 0.203219 -0.115918
v -0.182712 0.179416 -0.057980
v -0.205345 0.172015 -0.082606
v 0.096570 0.415391 -0.167861
v 0.063097 0.475648 -0.173714
v 0.082653 0.402416 -0.160977
v 0.098182 0.454185 -0.185264
v 0.066369 0.434233 -0.164681
v 0.079278 0.483873 -0.185800
v 0.105436 0.283007 -0.139307
v 0.084508 0.248105 -0.118018
v 0.089593 0.310756 -0.141201
v 0.115061 0.241635 -0.122038
v 0.077136 0.292246 -0.133136
v 0.108305 0.227822 -0.104782
v 0.163853 0.428600 -0.222090
v 0.202017 0.518302 -0.285523
v 0.148636 0.466268 -0.228060
v 0.192386 0.428934 -0.243139
v 0.161650 0.508499 -0.259148
v 0.218768 0.476261 -0.274973
v 0.183654 0.291980 -0.191601
v 0.211533 0.255195 -0.212428
v 0.197948 0.330031 -0.218487
v 0.187531 0.241149 -0.173660
v 0.213445 0.315666 -0.232304
v 0.204182 0.222422 -0.179956
v 0.164489 0.219159 -0.121753
v 0.205959 0.160666 -0.051402
v 0.162168 0.206378 -0.096810
v 0.185279 0.203164 -0.116621
v 0.183102 0.179193 -0.058823
v 0.205815 0.171756 -0.083254
v -0.214301 -0.599035 0.017189
v -0.132634 -0.591194 0.013895
v -0.192410 -0.559422 0.046386
v -0.197725 -0.655923 -0.013434
v -0.153925 -0.565717 0.049725
v -0.152112 -0.635931 -0.020992
v -0.247454 -0.495849 0.128139
v -0.224214 -0.510901 0.235245
v -0.219618 -0.521815 0.138127
v -0.259675 -0.466572 0.163498
v -0.205207 -0.527482 0.192113
v -0.250459 -0.475998 0.216570
v -0.336703 -0.691173 -0.089160
v -0.288630 -0.762601 -0.222099
v -0.281273 -0.769740 -0.089409
v -0.358977 -0.640502 -0.140261
v -0.252964 -0.794377 -0.158153
v -0.350520 -0.678527 -0.208326
v -0.349398 -0.422120 -0.047959
v -0.366753 -0.295734 -0.089458
v -0.364311 -0.442102 -0.095450
v -0.346774 -0.353185 -0.025315
v -0.366762 -0.372196 -0.116838
v -0.358184 -0.292914 -0.045661
v -0.308670 -0.386748 0.081624
v -0.317210 -0.293014 0.129852
v -0.298736 -0.386238 0.126785
v -0.322429 -0.340486 0.061615
v -0.305882 -0.343497 0.152573
v -0.323745 -0.289762 0.084829
v 0.213929 -0.599508 0.017582
v 0.131191 -0.590849 0.014274
v 0.191331 -0.560671 0.047090
v 0.197651 -0.655975 -0.013041
v 0.151813 -0.566943 0.050951
v 0.151599 -0.635828 -0.020615
v 0.247407 -0.497872 0.128569
v 0.223680 -0.514037 0.235795
v 0.219010 -0.524792 0.138932
v 0.259744 -0.468540 0.163856
v 0.204533 -0.531496 0.192864
v 0.250318 -0.478251 0.216919
v 0.337155 -0.690167 -0.089474
v 0.289014 -0.762319 -0.222022
v 0.282048 -0.769363 -0.089419
v 0.359308 -0.639417 -0.140604
v 0.253648 -0.794173 -0.157981
v 0.350680 -0.677945 -0.208408
v 0.350039 -0.421886 -0.048554
v 0.366734 -0.296339 -0.090444
v 0.364665 -0.441612 -0.096147
v 0.348356 -0.353200 -0.026154
v 0.366729 -0.372207 -0.117578
v 0.360183 -0.292904 -0.046784
v 0.309957 -0.387283 0.081256
v 0.319008 -0.293501 0.129169
v 0.299869 -0.386956 0.126447
v 0.324048 -0.340861 0.060946
v 0.307207 -0.344138 0.152085
v 0.325595 -0.290220 0.084081
v -0.093179 -0.551143 0.684118
v -0.156095 -0.759603 0.670938
v -0.063036 -0.579153 0.666852
v -0.162578 -0.569926 0.691661
v -0.088413 -0.653918 0.642899
v -0.216364 -0.685258 0.701303
v 0.094917 -0.551094 0.684233
v 0.158976 -0.758943 0.672653
v 0.064473 -0.579593 0.667125
v 0.164782 -0.569519 0.691547
v 0.089430 -0.654147 0.644929
v 0.220210 -0.684562 0.700642
v 0.000147 -0.271637 0.744589
v -0.000082 -0.169896 0.824889
v 0.049306 -0.244013 0.749042
v -0.049048 -0.244045 0.749009
v 0.049751 -0.189831 0.769603
v -0.049756 -0.189818 0.769608
v 0.140666 -0.367388 0.707193
v 0.236936 -0.302285 0.677437
v 0.188817 -0.411173 0.694930
v 0.146698 -0.301933 0.717672
v 0.240838 -0.376949 0.680564
v 0.193924 -0.270295 0.701646
v -0.139857 -0.367618 0.707341
v -0.236818 -0.302575 0.677831
v -0.187864 -0.411571 0.695274
v -0.146151 -0.302147 0.717592
v -0.240199 -0.377411 0.680907
v -0.193681 -0.270520 0.701748
v -0.035989 0.137330 0.240731
v -0.057049 0.168371 0.140554
v -0.023859 0.152855 0.187780
v -0.060079 0.135698 0.244444
v -0.033912 0.168303 0.136157
v -0.071391 0.150990 0.195457
v 0.033473 0.137484 0.240301
v 0.054348 0.168565 0.140190
v 0.021188 0.152986 0.187633
v 0.057799 0.135860 0.243904
v 0.031128 0.168367 0.135831
v 0.069011 0.151255 0.194809
v -0.000065 0.109214 0.506631
v 0.000137 0.076478 0.595012
v 0.032473 0.102610 0.527848
v -0.032426 0.102548 0.527782
v 0.035741 0.085459 0.570766
v -0.035520 0.085461 0.570719
v 0.067192 0.108903 0.391164
v 0.122656 0.091589 0.397672
v 0.082630 0.111192 0.345567
v 0.078364 0.101669 0.444297
v 0.109480 0.104469 0.348644
v 0.107429 0.090601 0.446930
v -0.068139 0.108734 0.391211
v -0.123200 0.091571 0.398071
v -0.083991 0.110802 0.346191
v -0.078786 0.101745 0.444319
v -0.110436 0.104306 0.349186
v -0.107797 0.090782 0.447224
v -0.044150 -0.190055 -0.386416
v -0.087126 -0.289561 -0.346411
v -0.033147 -0.235697 -0.386722
v -0.072876 -0.186479 -0.373146
v -0.052641 -0.289153 -0.358997
v -0.096072 -0.233067 -0.355577
v 0.044256 -0.189715 -0.386480
v 0.087234 -0.289410 -0.346091
v 0.033376 -0.235438 -0.386682
v 0.072941 -0.185990 -0.373131
v 0.052974 -0.288953 -0.359228
v 0.096193 -0.232695 -0.355415
v 0.000271 0.004890 -0.446037
v 0.000426 0.008154 -0.516542
v 0.024426 0.010782 -0.458225
v -0.023709 0.010642 -0.457950
v 0.028102 0.010172 -0.494184
v -0.027206 0.010104 -0.493924
v 0.060693 -0.051118 -0.400615
v 0.108904 -0.022542 -0.386574
v 0.081809 -0.084709 -0.384323
v 0.064647 -0.011486 -0.415513
v 0.106126 -0.068683 -0.374578
v 0.090609 -0.004860 -0.414048
v -0.060595 -0.052561 -0.400535
v -0.108510 -0.023211 -0.385768
v -0.081903 -0.086205 -0.384309
v -0.064176 -0.012222 -0.414801
v -0.106108 -0.070148 -0.374482
v -0.089907 -0.005077 -0.413036
v -0.093048 0.546245 -0.647959
v -0.159935 0.633936 -0.566050
v -0.067610 0.611675 -0.620288
v -0.154238 0.533002 -0.649563
v -0.101111 0.649139 -0.572757
v -0.190933 0.580609 -0.614315
v 0.092781 0.546313 -0.648019
v 0.159936 0.634161 -0.565992
v 0.067888 0.611641 -0.620284
v 0.153817 0.532977 -0.649721
v 0.101330 0.649149 -0.572617
v 0.190903 0.580788 -0.614350
v -0.002024 0.243192 -0.780225
v -0.001990 0.121901 -0.783600
v 0.057659 0.212062 -0.791745
v -0.061968 0.211898 -0.795061
v 0.059379 0.150122 -0.794573
v -0.063544 0.148288 -0.798845
v 0.144115 0.346674 -0.736006
v 0.252108 0.285054 -0.734145
v 0.180700 0.386899 -0.703630
v 0.165158 0.282379 -0.783321
v 0.229113 0.355683 -0.697228
v 0.224785 0.249139 -0.787219
v -0.146462 0.346642 -0.736174
v -0.254360 0.284487 -0.733672
v -0.182437 0.386708 -0.703486
v -0.167932 0.282358 -0.782464
v -0.230431 0.355081 -0.696537
v -0.227589 0.249118 -0.785231
v 0.309714 0.084685 -0.271585
v 0.298236 0.113455 -0.265654
v 0.306279 0.103986 -0.304289
v 0.313992 0.075814 -0.238446
v 0.297345 0.125282 -0.302296
v 0.313245 0.080840 -0.234645
v 0.288943 0.030639 -0.214728
v 0.290366 -0.002140 -0.174450
v 0.281875 0.015815 -0.226226
v 0.293694 0.034105 -0.182697
v 0.282412 -0.003299 -0.206402
v 0.293982 0.021883 -0.161751
v 0.273129 0.041073 -0.311958
v 0.246578 0.020690 -0.340469
v 0.267639 0.024215 -0.291605
v 0.268973 0.048760 -0.348353
v 0.254905 0.012969 -0.304163
v 0.255409 0.038830 -0.364966
v 0.295260 0.090859 -0.358758
v 0.292970 0.127382 -0.441284
v 0.298984 0.111178 -0.367722
v 0.287109 0.085782 -0.384695
v 0.295996 0.134632 -0.406928
v 0.287040 0.099789 -0.427651
v 0.306560 0.058337 -0.187300
v 0.309028 0.061789 -0.118481
v 0.312135 0.059876 -0.180242
v 0.303289 0.056591 -0.162441
v 0.312895 0.057356 -0.145122
v 0.304737 0.062845 -0.128386
v 0.296687 0.037698 0.221320
v 0.293407 0.043286 0.167510
v 0.289599 0.039264 0.230055
v 0.300773 0.039790 0.186636
v 0.287103 0.045512 0.203088
v 0.300218 0.038949 0.159787
v 0.308205 0.002378 0.273400
v 0.312016 -0.049653 0.245973
v 0.310225 -0.038267 0.295591
v 0.306339 0.025758 0.239797
v 0.312965 -0.065653 0.285000
v 0.307531 0.001414 0.222924
v 0.301285 -0.035764 0.358375
v 0.305639 -0.089226 0.430343
v 0.306907 -0.059125 0.360921
v 0.295215 -0.037232 0.385314
v 0.309816 -0.090612 0.395082
v 0.296172 -0.059625 0.423147
v 0.284839 0.014679 0.322879
v 0.262455 0.024717 0.355441
v 0.280367 0.027815 0.302616
v 0.281538 0.002258 0.359043
v 0.269893 0.033183 0.317018
v 0.270027 0.007437 0.377998
v 0.308228 0.054916 0.200904
v 0.306141 0.060938 0.119044
v 0.308196 0.049503 0.170824
v 0.304877 0.066483 0.191806
v 0.308267 0.050765 0.131415
v 0.304200 0.071102 0.148446
v -0.311004 0.083788 -0.272233
v -0.300344 0.111032 -0.266274
v -0.307576 0.102831 -0.304863
v -0.315082 0.074789 -0.239242
v -0.299237 0.123476 -0.302871
v -0.314173 0.079751 -0.235046
v -0.289566 0.030409 -0.215058
v -0.291323 -0.003227 -0.175250
v -0.282423 0.015391 -0.226465
v -0.294253 0.033915 -0.183079
v -0.282907 -0.003654 -0.206744
v -0.294575 0.021554 -0.162176
v -0.273450 0.040742 -0.311746
v -0.246600 0.020301 -0.339955
v -0.267972 0.023908 -0.291372
v -0.269020 0.048481 -0.347901
v -0.255088 0.012691 -0.303745
v -0.255361 0.038490 -0.364362
v -0.295769 0.090189 -0.358693
v -0.293148 0.126544 -0.440774
v -0.300026 0.110087 -0.367896
v -0.286833 0.085331 -0.384335
v -0.296309 0.133665 -0.406748
v -0.286971 0.099190 -0.427037
v -0.306957 0.058475 -0.187796
v -0.308829 0.063500 -0.118805
v -0.311964 0.060259 -0.180922
v -0.303443 0.056896 -0.162823
v -0.312609 0.058242 -0.145768
v -0.304586 0.063690 -0.128564
v -0.293889 0.041473 0.222546
v -0.291054 0.046869 0.169324
v -0.287269 0.042497 0.231714
v -0.297853 0.044311 0.187779
v -0.284725 0.048483 0.204857
v -0.297034 0.043947 0.160708
v -0.306374 0.001517 0.272325
v -0.310213 -0.047816 0.246034
v -0.308422 -0.037612 0.295410
v -0.303947 0.025285 0.238816
v -0.311243 -0.064495 0.284945
v -0.305070 0.002911 0.223013
v -0.299573 -0.034382 0.358852
v -0.305108 -0.088119 0.431005
v -0.305267 -0.058175 0.361169
v -0.293601 -0.035945 0.385785
v -0.308579 -0.089800 0.395492
v -0.295036 -0.058609 0.423659
v -0.282955 0.016919 0.324287
v -0.260959 0.026018 0.356488
v -0.278431 0.030073 0.304176
v -0.279801 0.004037 0.360065
v -0.268015 0.034829 0.318262
v -0.268835 0.008937 0.379326
v -0.305789 0.059535 0.201893
v -0.302607 0.066533 0.120234
v -0.305419 0.054563 0.171796
v -0.301630 0.070277 0.192906
v -0.305262 0.056440 0.132355
v -0.300010 0.075546 0.149834
v -0.000619 0.449045 -0.161308
v -0.025529 0.311406 -0.129930
v -0.020276 0.409276 -0.153086
v -0.032790 0.346350 -0.139368
v -0.001484 0.389830 -0.147909
v -0.011203 0.325690 -0.133089
v -0.018383 0.551602 -0.211753
v -0.090145 0.607490 -0.293943
v -0.048745 0.543824 -0.219827
v -0.086613 0.563473 -0.257336
v -0.018239 0.585677 -0.247165
v -0.050767 0.618752 -0.289509
v 0.023229 0.459281 -0.163760
v 0.032577 0.312088 -0.129980
v 0.040445 0.407839 -0.153582
v 0.044627 0.346098 -0.139909
v 0.017732 0.392656 -0.148596
v 0.019496 0.326926 -0.133314
v 0.054835 0.557198 -0.228830
v 0.107183 0.608541 -0.301501
v 0.080992 0.546077 -0.233848
v 0.108112 0.564869 -0.266064
v 0.046152 0.588215 -0.259394
v 0.070205 0.619596 -0.299250
v -0.150492 0.174488 0.031457
v -0.201387 0.139554 0.052992
v -0.153305 0.179965 -0.006123
v -0.178549 0.163285 0.006649
v -0.171898 0.152943 0.082498
v -0.196962 0.134943 0.091058
v -0.014590 0.214330 -0.035341
v 0.011091 0.214414 -0.035306
v -0.009969 0.198959 0.022253
v 0.006715 0.199033 0.022310
v -0.005167 0.230403 -0.095179
v 0.001287 0.230427 -0.095198
v -0.135427 0.156256 0.161880
v -0.162606 0.109252 0.259930
v -0.122960 0.141397 0.206461
v -0.136875 0.119931 0.256748
v -0.159885 0.141568 0.167780
v -0.173583 0.117723 0.215670
v -0.446031 0.561620 -0.336633
v -0.248196 0.396328 -0.326229
v -0.307844 0.483431 -0.313805
v -0.249914 0.420132 -0.301720
v -0.403286 0.493032 -0.374509
v -0.279955 0.425814 -0.370234
v -0.070938 0.714203 -0.425485
v 0.072715 0.714670 -0.425613
v -0.036943 0.699278 -0.474992
v 0.038003 0.699199 -0.474898
v -0.026586 0.686531 -0.379476
v 0.034147 0.686429 -0.380473
v -0.281884 0.514204 -0.511213
v -0.278193 0.375850 -0.560776
v -0.255482 0.488829 -0.564972
v -0.262839 0.419085 -0.592497
v -0.301238 0.468684 -0.487767
v -0.282593 0.399206 -0.510543
v -0.263645 0.118756 -0.123512
v -0.267505 0.092988 -0.044841
v -0.244685 0.142846 -0.118593
v -0.246145 0.128949 -0.081358
v -0.285434 0.075905 -0.088168
v -0.287809 0.064124 -0.046693
v -0.275209 0.239306 -0.365738
v -0.287473 0.245447 -0.448314
v -0.282979 0.198301 -0.372020
v -0.288297 0.203652 -0.410307
v -0.277342 0.298147 -0.398003
v -0.283454 0.298124 -0.441380
v -0.316989 0.041961 -0.148720
v -0.317233 0.032590 -0.087282
v -0.319930 0.043162 -0.159109
v -0.319706 0.038241 -0.128741
v -0.316073 0.034232 -0.105387
v -0.315992 0.030686 -0.074812
v -0.257956 0.077716 0.184810
v -0.236158 0.071613 0.263010
v -0.264783 0.064875 0.220390
v -0.257368 0.061266 0.260871
v -0.233894 0.092635 0.182055
v -0.223480 0.088820 0.222137
v -0.307190 0.031941 0.060473
v -0.311311 0.032061 0.038155
v -0.306437 0.035980 0.088077
v -0.308847 0.036901 0.077695
v -0.309777 0.028640 0.020967
v -0.311943 0.028637 0.009206
v 0.149224 0.174953 0.030172
v 0.201028 0.139349 0.051428
v 0.152492 0.180275 -0.007242
v 0.178288 0.163287 0.005503
v 0.170766 0.153462 0.080946
v 0.196120 0.135084 0.089276
v 0.133537 0.157329 0.160572
v 0.161358 0.109911 0.258205
v 0.121007 0.142130 0.205151
v 0.135214 0.120708 0.255142
v 0.158373 0.142580 0.166096
v 0.172247 0.118536 0.213756
v 0.445843 0.557451 -0.336095
v 0.248210 0.395165 -0.326159
v 0.308556 0.481675 -0.314489
v 0.249871 0.418703 -0.302005
v 0.399405 0.490282 -0.384265
v 0.280031 0.425178 -0.372103
v 0.281849 0.515189 -0.511263
v 0.277826 0.377135 -0.561074
v 0.255304 0.489709 -0.565178
v 0.262425 0.420067 -0.592869
v 0.300957 0.469924 -0.488078
v 0.282338 0.400728 -0.510480
v 0.260988 0.121689 -0.123744
v 0.267649 0.092416 -0.045105
v 0.243154 0.144069 -0.118842
v 0.245658 0.129320 -0.081713
v 0.281894 0.081800 -0.088972
v 0.286617 0.065335 -0.047106
v 0.274726 0.241017 -0.365178
v 0.286939 0.246831 -0.448423
v 0.281854 0.199835 -0.371700
v 0.287405 0.205148 -0.410158
v 0.277116 0.299420 -0.397963
v 0.283204 0.299518 -0.441431
v 0.306700 0.062330 -0.147771
v 0.318857 0.030197 -0.086668
v 0.320349 0.046258 -0.157797
v 0.320360 0.038192 -0.127593
v 0.315695 0.033844 -0.105424
v 0.317670 0.027504 -0.074434
v 0.259442 0.076845 0.182974
v 0.236465 0.071627 0.261021
v 0.266697 0.063744 0.218614
v 0.258838 0.060411 0.259236
v 0.233236 0.092849 0.179499
v 0.222678 0.089386 0.219522
v 0.311023 0.024728 0.060797
v 0.314867 0.025117 0.038426
v 0.310185 0.028895 0.088123
v 0.312529 0.029801 0.077744
v 0.312679 0.021765 0.021602
v 0.315136 0.021935 0.009775
v -0.071316 -0.582055 0.164125
v -0.117770 -0.580362 0.271248
v -0.113995 -0.575563 0.158913
v -0.135585 -0.570834 0.210349
v -0.049919 -0.587661 0.220785
v -0.073725 -0.589748 0.276591
v -0.071617 -0.572013 -0.115046
v -0.098942 -0.630927 -0.203509
v -0.100586 -0.647735 -0.110278
v -0.106852 -0.700141 -0.160757
v -0.051544 -0.539543 -0.156949
v -0.067664 -0.558344 -0.196148
v 0.065838 -0.578946 0.166550
v 0.114318 -0.582105 0.273333
v 0.110279 -0.576234 0.161310
v 0.137241 -0.586035 0.209849
v 0.043959 -0.584273 0.222992
v 0.068462 -0.587544 0.278925
v 0.071519 -0.571525 -0.115086
v 0.099084 -0.631052 -0.203708
v 0.100469 -0.647326 -0.110220
v 0.106717 -0.700361 -0.160850
v 0.051539 -0.539429 -0.157034
v 0.067721 -0.558458 -0.196352
v -0.284476 -0.445997 0.340302
v -0.306595 -0.326111 0.278071
v -0.282783 -0.420405 0.281587
v -0.297462 -0.365699 0.253670
v -0.299506 -0.408478 0.366857
v -0.306704 -0.343969 0.332284
v -0.053077 -0.620622 0.462792
v 0.052061 -0.620427 0.463357
v -0.030360 -0.596161 0.529919
v 0.030607 -0.595970 0.530195
v -0.026373 -0.604858 0.401587
v 0.023991 -0.604713 0.402005
v -0.317823 -0.553550 0.546203
v -0.320972 -0.381188 0.564276
v -0.322922 -0.556606 0.622630
v -0.317230 -0.450662 0.619393
v -0.315415 -0.456123 0.493602
v -0.320642 -0.385764 0.507008
v -0.313217 -0.408293 -0.277481
v -0.336756 -0.281219 -0.215862
v -0.347556 -0.448197 -0.246952
v -0.352142 -0.367968 -0.209917
v -0.297045 -0.309149 -0.274880
v -0.312619 -0.257666 -0.248683
v -0.040542 -0.447109 -0.285168
v 0.040834 -0.447086 -0.285149
v -0.019414 -0.394306 -0.312478
v 0.019751 -0.394261 -0.312447
v -0.020834 -0.484072 -0.256718
v 0.021089 -0.484138 -0.256660
v -0.191910 -0.253371 -0.321529
v -0.183156 -0.124746 -0.326814
v -0.159053 -0.207555 -0.335469
v -0.157975 -0.146239 -0.340005
v -0.227484 -0.221613 -0.316733
v -0.214921 -0.159119 -0.311946
v -0.333827 -0.121461 -0.016937
v -0.324117 -0.132312 0.064557
v -0.338675 -0.177838 0.001695
v -0.330839 -0.182538 0.043375
v -0.321192 -0.071193 0.003660
v -0.318746 -0.076360 0.043654
v -0.279268 -0.093816 -0.226271
v -0.235637 -0.051061 -0.272894
v -0.265975 -0.045257 -0.231590
v -0.249542 -0.031368 -0.258893
v -0.272716 -0.128020 -0.248690
v -0.247570 -0.103932 -0.271727
v -0.302349 0.029810 -0.071594
v -0.294905 0.091227 -0.043132
v -0.295896 0.069543 -0.090218
v -0.297261 0.078793 -0.079186
v -0.301882 0.037559 -0.035296
v -0.291573 0.094447 -0.019000
v -0.318732 -0.196555 0.332891
v -0.321918 -0.208588 0.427335
v -0.317879 -0.155739 0.345022
v -0.318564 -0.162157 0.388913
v -0.318346 -0.251365 0.367760
v -0.320537 -0.258799 0.418370
v -0.304378 0.001845 0.122419
v -0.290042 0.092973 0.073757
v -0.299074 0.038157 0.140966
v -0.290908 0.084785 0.116508
v -0.301233 0.019278 0.081027
v -0.286921 0.089672 0.057427
v 0.284370 -0.447088 0.340219
v 0.307303 -0.326797 0.277815
v 0.282922 -0.421675 0.281596
v 0.297540 -0.366983 0.253543
v 0.299609 -0.409116 0.366540
v 0.307517 -0.344355 0.331940
v 0.316979 -0.553445 0.544898
v 0.321027 -0.380770 0.563691
v 0.323308 -0.556118 0.621250
v 0.317494 -0.449902 0.618475
v 0.315107 -0.456172 0.492828
v 0.320209 -0.385699 0.506307
v 0.313231 -0.408066 -0.277277
v 0.336591 -0.281128 -0.216200
v 0.347476 -0.447696 -0.246905
v 0.352030 -0.367759 -0.210208
v 0.296962 -0.308915 -0.274817
v 0.312458 -0.257505 -0.248814
v 0.191968 -0.252731 -0.321604
v 0.183013 -0.123627 -0.326862
v 0.159098 -0.207004 -0.335453
v 0.157931 -0.145339 -0.340055
v 0.227433 -0.221153 -0.316668
v 0.214740 -0.158355 -0.311827
v 0.335951 -0.122943 -0.018162
v 0.326376 -0.133584 0.063511
v 0.340685 -0.178713 0.000617
v 0.332817 -0.183503 0.042387
v 0.323786 -0.073558 0.002220
v 0.321746 -0.077835 0.042341
v 0.279115 -0.093194 -0.226323
v 0.235355 -0.050115 -0.273028
v 0.265680 -0.044761 -0.231487
v 0.249315 -0.030821 -0.259015
v 0.272634 -0.127430 -0.248776
v 0.247355 -0.103147 -0.271772
v 0.303506 0.023929 -0.072924
v 0.296618 0.084300 -0.044623
v 0.295681 0.063500 -0.091203
v 0.297891 0.075688 -0.079941
v 0.304379 0.029973 -0.037301
v 0.294729 0.085728 -0.021789
v 0.320824 -0.196439 0.332516
v 0.323101 -0.208383 0.426992
v 0.319512 -0.156219 0.344748
v 0.320206 -0.162171 0.388624
v 0.319854 -0.251150 0.367337
v 0.321321 -0.258731 0.417966
v 0.308229 -0.000517 0.121077
v 0.295504 0.086116 0.071816
v 0.303433 0.035560 0.139590
v 0.297162 0.080674 0.114719
v 0.306226 0.016951 0.079166
v 0.293973 0.085330 0.054601
v 0.140274 -0.080492 0.706930
v 0.227162 -0.123076 0.667301
v 0.144252 -0.129792 0.720178
v 0.191059 -0.152123 0.700133
v 0.176794 -0.057995 0.671073
v 0.216662 -0.078356 0.651561
v -0.140427 -0.080345 0.706763
v -0.227292 -0.122936 0.667101
v -0.144502 -0.129659 0.720137
v -0.191264 -0.152032 0.700058
v -0.176848 -0.057735 0.670899
v -0.216686 -0.078117 0.651361
v 0.119324 0.032119 0.624463
v 0.165954 0.044488 0.535889
v 0.111737 0.059014 0.589570
v 0.135586 0.062775 0.545809
v 0.158445 0.013870 0.619333
v 0.181268 0.022553 0.574963
v -0.119041 0.032382 0.624283
v -0.165692 0.044857 0.536073
v -0.111376 0.059219 0.589370
v -0.135251 0.062978 0.545736
v -0.158115 0.014188 0.619096
v -0.180855 0.022947 0.574859
v 0.271004 -0.059818 0.529827
v 0.242055 -0.004682 0.485134
v 0.272782 -0.043560 0.481824
v 0.260157 -0.017479 0.462113
v 0.250480 -0.043407 0.559366
v 0.234399 -0.014708 0.534084
v -0.270441 -0.059221 0.529945
v -0.241569 -0.003869 0.485783
v -0.271968 -0.042757 0.482196
v -0.259466 -0.016565 0.462838
v -0.249987 -0.042890 0.559306
v -0.234083 -0.014038 0.534449
v 0.106827 0.007703 -0.566600
v 0.144708 0.012460 -0.486588
v 0.092749 0.008703 -0.519490
v 0.113080 0.009247 -0.483932
v 0.146881 0.013983 -0.575147
v 0.162401 0.018685 -0.529660
v -0.105805 0.008100 -0.565599
v -0.143937 0.012250 -0.485616
v -0.091779 0.009058 -0.518667
v -0.112217 0.009205 -0.483000
v -0.145911 0.013966 -0.574161
v -0.161596 0.018510 -0.528572
v 0.160428 0.047317 -0.726851
v 0.267067 0.094552 -0.729390
v 0.173616 0.089602 -0.773627
v 0.231432 0.117693 -0.775551
v 0.197419 0.032830 -0.685254
v 0.245169 0.054986 -0.685044
v -0.160598 0.047181 -0.725679
v -0.267498 0.093878 -0.728039
v -0.175101 0.089301 -0.772527
v -0.233132 0.117222 -0.774324
v -0.197088 0.032332 -0.683994
v -0.244748 0.054429 -0.683584
v 0.227154 0.040855 -0.467517
v 0.266811 0.080028 -0.535778
v 0.247298 0.053711 -0.451674
v 0.263594 0.074332 -0.480681
v 0.222809 0.043244 -0.517331
v 0.246619 0.060197 -0.557676
v -0.226845 0.040318 -0.466582
v -0.266538 0.079314 -0.534512
v -0.247013 0.053158 -0.450772
v -0.263569 0.073512 -0.479812
v -0.222210 0.042810 -0.516192
v -0.245637 0.059939 -0.556179
v -0.106386 0.343295 -0.153463
v -0.119298 0.394467 -0.166630
v -0.086763 0.373610 -0.154619
v -0.099851 0.427310 -0.171841
v -0.129635 0.275147 -0.145680
v -0.093912 0.328660 -0.146656
v -0.121391 0.257533 -0.134343
v -0.156300 0.350474 -0.188205
v -0.125330 0.430074 -0.192191
v -0.168619 0.387661 -0.211440
v -0.154821 0.277362 -0.161363
v -0.176898 0.341679 -0.202828
v -0.170848 0.259530 -0.166954
v -0.142695 0.236832 -0.127705
v -0.166159 0.235849 -0.144534
v 0.114260 0.341786 -0.156959
v 0.127936 0.392090 -0.173899
v 0.098744 0.371578 -0.158060
v 0.113578 0.424673 -0.179026
v 0.132080 0.274455 -0.147472
v 0.101892 0.327251 -0.149104
v 0.122951 0.257245 -0.135626
v 0.160931 0.349530 -0.191398
v 0.136646 0.428030 -0.199108
v 0.174119 0.386676 -0.214952
v 0.156375 0.276605 -0.163164
v 0.180117 0.340986 -0.205113
v 0.171464 0.259049 -0.168147
v 0.143370 0.236636 -0.128684
v 0.166629 0.235520 -0.145539
v -0.256197 -0.534411 0.048828
v -0.281583 -0.607064 -0.009927
v -0.227384 -0.550092 0.046188
v -0.244268 -0.646795 -0.008976
v -0.284588 -0.469032 0.072911
v -0.236623 -0.523621 0.089518
v -0.271339 -0.464429 0.115531
v -0.330365 -0.539063 -0.037921
v -0.292251 -0.692195 -0.035215
v -0.352218 -0.590529 -0.083395
v -0.317345 -0.447131 0.017278
v -0.353670 -0.500417 -0.068518
v -0.333555 -0.405006 -0.003790
v -0.291521 -0.428108 0.099982
v -0.319947 -0.393089 0.038726
v 0.255961 -0.535720 0.049590
v 0.281846 -0.607057 -0.009867
v 0.226940 -0.551252 0.046758
v 0.244485 -0.646877 -0.008888
v 0.285058 -0.469948 0.073012
v 0.236246 -0.525714 0.090366
v 0.271648 -0.465876 0.115753
v 0.331294 -0.538780 -0.038198
v 0.292830 -0.691604 -0.035281
v 0.352238 -0.589355 -0.083741
v 0.317837 -0.447417 0.017033
v 0.353512 -0.499691 -0.068910
v 0.334507 -0.405056 -0.004307
v 0.292187 -0.429002 0.099942
v 0.321351 -0.393358 0.038203
v 0.000701 -0.493076 0.691787
v -0.075822 -0.445496 0.701695
v -0.029976 -0.532734 0.681365
v -0.116697 -0.497406 0.694505
v 0.077025 -0.445392 0.701556
v 0.031522 -0.532733 0.681428
v 0.118306 -0.497120 0.694581
v 0.045387 -0.354744 0.720573
v -0.044593 -0.354840 0.720539
v 0.048674 -0.298761 0.736168
v -0.048174 -0.298780 0.736259
v 0.132510 -0.433299 0.700600
v 0.094782 -0.330491 0.721185
v -0.131340 -0.433566 0.700715
v -0.094134 -0.330618 0.721222
v -0.001167 0.123899 0.287512
v -0.033760 0.117985 0.335004
v -0.012806 0.138040 0.238422
v -0.047839 0.122213 0.293040
v 0.031966 0.117881 0.334843
v 0.010221 0.138052 0.238384
v 0.045641 0.122253 0.292478
v 0.022556 0.114397 0.421587
v -0.023443 0.114507 0.421677
v 0.028259 0.113192 0.479681
v -0.028586 0.113299 0.479854
v 0.056608 0.115588 0.340740
v 0.049562 0.109850 0.436178
v -0.058118 0.115454 0.341136
v -0.050163 0.109688 0.435899
v 0.000033 -0.150839 -0.400269
v -0.033623 -0.109807 -0.398263
v -0.014847 -0.190697 -0.396140
v -0.052091 -0.145259 -0.387534
v 0.033703 -0.109276 -0.398158
v 0.015008 -0.190507 -0.396214
v 0.052159 -0.144779 -0.387426
v 0.019528 -0.041180 -0.416055
v -0.019347 -0.041868 -0.415969
v 0.021517 -0.005857 -0.432113
v -0.021137 -0.006147 -0.431821
v 0.057454 -0.098627 -0.392272
v 0.040958 -0.023113 -0.416533
v -0.057449 -0.099659 -0.392272
v -0.040722 -0.023914 -0.416112
v -0.000464 0.496705 -0.672132
v -0.075994 0.431588 -0.698203
v -0.031160 0.554318 -0.648642
v -0.112787 0.478885 -0.674253
v 0.074417 0.431696 -0.698143
v 0.031011 0.554360 -0.648719
v 0.111904 0.479084 -0.674352
v 0.046523 0.335424 -0.744506
v -0.049532 0.335398 -0.745262
v 0.052766 0.274925 -0.771133
v -0.056704 0.275085 -0.773634
v 0.127819 0.412351 -0.702246
v 0.101996 0.309342 -0.759274
v -0.129479 0.412247 -0.702306
v -0.105311 0.309503 -0.761058
v 0.302057 0.078134 -0.298713
v 0.305750 0.066001 -0.243692
v 0.306235 0.089860 -0.302638
v 0.311055 0.071463 -0.241213
v 0.286802 0.044636 -0.265164
v 0.297487 0.051503 -0.225527
v 0.283546 0.031251 -0.246255
v 0.295105 0.043264 -0.204192
v 0.289085 0.063606 -0.311667
v 0.278210 0.035038 -0.278244
v 0.280059 0.057211 -0.330427
v 0.301691 0.092030 -0.331570
v 0.287743 0.073511 -0.346143
v 0.310570 0.062889 -0.213437
v 0.300781 0.052747 -0.195072
v 0.295523 0.025422 0.276927
v 0.303790 0.037818 0.239438
v 0.292435 0.032685 0.254953
v 0.302225 0.039557 0.213555
v 0.305651 -0.000700 0.306590
v 0.310477 0.043813 0.268001
v 0.307830 -0.016511 0.303155
v 0.308016 0.046539 0.258365
v 0.296684 0.001893 0.320542
v 0.305614 -0.028853 0.331305
v 0.295638 -0.016260 0.351315
v 0.288616 0.025040 0.288679
v 0.290021 0.000168 0.339345
v 0.306656 0.045301 0.207370
v 0.307130 0.056861 0.232225
v -0.303174 0.077527 -0.299100
v -0.307056 0.065506 -0.244367
v -0.307435 0.089021 -0.303172
v -0.312297 0.070859 -0.241995
v -0.287373 0.044280 -0.265351
v -0.298138 0.051293 -0.225971
v -0.284138 0.031078 -0.246424
v -0.295702 0.043151 -0.204553
v -0.289674 0.063185 -0.311737
v -0.278564 0.034708 -0.278236
v -0.280281 0.056876 -0.330217
v -0.302647 0.091274 -0.331842
v -0.288035 0.073060 -0.345993
v -0.311244 0.062778 -0.214216
v -0.301449 0.052671 -0.195495
v -0.293099 0.028589 0.278369
v -0.300890 0.041458 0.240234
v -0.290098 0.036031 0.256619
v -0.299303 0.043694 0.214556
v -0.303537 0.001237 0.307116
v -0.309197 0.046035 0.267016
v -0.306083 -0.015539 0.303185
v -0.305697 0.037051 0.252946
v -0.294565 0.004153 0.321430
v -0.303592 -0.027740 0.331499
v -0.293678 -0.014634 0.351917
v -0.286464 0.027798 0.290264
v -0.288059 0.002179 0.340320
v -0.303455 0.049398 0.207663
v -0.305781 0.060545 0.233088
v 0.003813 0.512768 -0.171654
v 0.000619 0.522245 -0.173409
v -0.014652 0.483739 -0.167599
v -0.011801 0.517348 -0.172197
v 0.034894 0.504959 -0.171918
v 0.042519 0.522879 -0.180537
v 0.049870 0.468956 -0.168198
v 0.059695 0.509385 -0.182679
v 0.017301 0.505618 -0.172086
v -0.003239 0.484174 -0.167931
v 0.009521 0.461486 -0.164194
v 0.019753 0.539057 -0.192895
v -0.009095 0.527359 -0.177574
v 0.006334 0.552790 -0.209659
v 0.035667 0.471361 -0.166248
v 0.016513 0.464369 -0.164823
v 0.058899 0.531562 -0.203010
v 0.029501 0.560352 -0.221894
v -0.054045 0.246994 -0.108240
v -0.101664 0.208742 -0.039811
v -0.062248 0.270556 -0.123259
v -0.104501 0.215722 -0.078446
v -0.047641 0.199502 0.030120
v -0.093424 0.192949 0.100721
v -0.042152 0.184145 0.083645
v -0.082279 0.168722 0.147140
v -0.026033 0.228573 -0.091847
v -0.042803 0.292352 -0.126707
v -0.018002 0.270783 -0.119454
v -0.124648 0.188466 0.062565
v -0.127760 0.195252 -0.021894
v -0.148441 0.170961 0.073146
v -0.027458 0.199165 0.024755
v -0.013272 0.230054 -0.094599
v -0.108946 0.165657 0.154706
v -0.149256 0.170702 0.119443
v -0.173012 0.606749 -0.330634
v -0.290127 0.585511 -0.350785
v -0.163175 0.554774 -0.290001
v -0.250605 0.529424 -0.308754
v -0.197222 0.796705 -0.483967
v -0.223765 0.621584 -0.498705
v -0.138238 0.695935 -0.523214
v -0.205580 0.600050 -0.552767
v -0.142621 0.714890 -0.379587
v -0.127549 0.585489 -0.294027
v -0.091331 0.658038 -0.334949
v -0.355905 0.629730 -0.430909
v -0.330906 0.543883 -0.331076
v -0.443285 0.579955 -0.427197
v -0.111243 0.734830 -0.476420
v -0.087838 0.708272 -0.379600
v -0.244894 0.556755 -0.533038
v -0.334060 0.544184 -0.462882
v -0.238361 0.269867 -0.260699
v -0.241208 0.180486 -0.195494
v -0.226608 0.296309 -0.246263
v -0.223045 0.202405 -0.187319
v -0.272929 0.169285 -0.294678
v -0.290181 0.111148 -0.221094
v -0.287558 0.145748 -0.299428
v -0.302967 0.093661 -0.228636
v -0.258222 0.265559 -0.314495
v -0.240334 0.342373 -0.283391
v -0.261146 0.340333 -0.342949
v -0.278218 0.112886 -0.171668
v -0.242917 0.160328 -0.156605
v -0.281802 0.093483 -0.130083
v -0.276572 0.185083 -0.334342
v -0.268429 0.287210 -0.355818
v -0.307863 0.070008 -0.189733
v -0.298616 0.069755 -0.138535
v -0.228057 0.125846 0.024095
v -0.248149 0.110721 -0.008155
v -0.204826 0.152318 -0.017708
v -0.226615 0.140940 -0.046412
v -0.277010 0.064638 0.143383
v -0.298514 0.040188 0.107773
v -0.282190 0.054738 0.176043
v -0.297446 0.042455 0.134164
v -0.254606 0.096233 0.106152
v -0.203746 0.145312 0.016765
v -0.224505 0.116148 0.098957
v -0.288423 0.055730 0.032980
v -0.247328 0.118293 -0.044644
v -0.288809 0.058102 -0.006314
v -0.270904 0.066027 0.180862
v -0.246457 0.093945 0.144399
v -0.303123 0.036870 0.098201
v -0.307562 0.029996 0.032541
v 0.053928 0.247631 -0.108308
v 0.099973 0.209336 -0.040844
v 0.064748 0.270971 -0.123903
v 0.103176 0.216432 -0.079460
v 0.044646 0.199626 0.029938
v 0.090254 0.193060 0.099882
v 0.039206 0.184326 0.083387
v 0.079595 0.169009 0.146438
v 0.023496 0.228552 -0.091273
v 0.047699 0.292773 -0.126934
v 0.019387 0.271255 -0.119578
v 0.024444 0.199144 0.024652
v 0.009617 0.230116 -0.094642
v 0.122621 0.189314 0.061545
v 0.126450 0.195736 -0.022964
v 0.146986 0.171802 0.071880
v 0.106495 0.166374 0.153664
v 0.147776 0.172323 0.118270
v 0.180914 0.607212 -0.333697
v 0.293239 0.585073 -0.351362
v 0.174162 0.554961 -0.294242
v 0.255038 0.528916 -0.310426
v 0.196205 0.797571 -0.483990
v 0.224323 0.622393 -0.498360
v 0.138238 0.695986 -0.522929
v 0.205633 0.600566 -0.552778
v 0.146924 0.715318 -0.381498
v 0.141547 0.586155 -0.299840
v 0.102817 0.658557 -0.340138
v 0.111142 0.734440 -0.475908
v 0.093611 0.708279 -0.381683
v 0.355846 0.630198 -0.429542
v 0.332746 0.542478 -0.331442
v 0.443508 0.582215 -0.426331
v 0.245121 0.557510 -0.532928
v 0.334098 0.545230 -0.462698
v 0.237310 0.270282 -0.260384
v 0.238198 0.180909 -0.195243
v 0.226319 0.296344 -0.246286
v 0.221248 0.202455 -0.187153
v 0.270457 0.171013 -0.294201
v 0.286014 0.116911 -0.220395
v 0.285432 0.147479 -0.299015
v 0.299555 0.099341 -0.227587
v 0.257828 0.266740 -0.313886
v 0.240104 0.342003 -0.283520
v 0.261384 0.340469 -0.342970
v 0.273935 0.118141 -0.171474
v 0.240527 0.161431 -0.156641
v 0.277841 0.099451 -0.130379
v 0.274777 0.186482 -0.333850
v 0.268201 0.288316 -0.355571
v 0.302409 0.082143 -0.188302
v 0.293669 0.078502 -0.138465
v 0.229913 0.124692 0.023238
v 0.249941 0.109445 -0.008698
v 0.205595 0.151830 -0.018619
v 0.227492 0.140380 -0.046995
v 0.278583 0.062839 0.141141
v 0.304498 0.032360 0.108251
v 0.284028 0.052520 0.173824
v 0.301685 0.036283 0.133741
v 0.254637 0.095021 0.104220
v 0.204173 0.144804 0.015552
v 0.223656 0.116003 0.096912
v 0.290661 0.052772 0.032350
v 0.247902 0.117714 -0.045079
v 0.290577 0.054179 -0.005986
v 0.272869 0.064452 0.178962
v 0.244185 0.094428 0.141248
v 0.307435 0.029877 0.098159
v 0.310231 0.023274 0.032883
v -0.068310 -0.573978 0.063524
v -0.068755 -0.575222 -0.028219
v -0.112037 -0.571523 0.056866
v -0.110664 -0.604581 -0.026143
v 0.065391 -0.573821 0.064420
v 0.067587 -0.574426 -0.028085
v 0.109328 -0.572444 0.058578
v 0.109784 -0.603885 -0.025967
v -0.001998 -0.576306 0.116642
v -0.090808 -0.574480 0.110390
v -0.025409 -0.581548 0.168169
v -0.000494 -0.538497 -0.074405
v -0.089611 -0.598670 -0.070121
v -0.026548 -0.532705 -0.116378
v 0.087261 -0.574273 0.112055
v 0.020399 -0.580455 0.168973
v 0.089290 -0.597758 -0.070116
v 0.026142 -0.532546 -0.116402
v -0.182794 -0.557058 0.316634
v -0.243724 -0.521501 0.338202
v -0.193093 -0.539634 0.251374
v -0.244638 -0.493496 0.274730
v -0.128061 -0.771555 0.498646
v -0.276153 -0.768159 0.545709
v -0.093685 -0.753717 0.607331
v -0.246374 -0.764070 0.648430
v -0.125138 -0.599038 0.395335
v -0.157211 -0.562266 0.263586
v -0.097600 -0.587626 0.336095
v -0.283878 -0.563287 0.437791
v -0.265472 -0.473338 0.309687
v -0.291616 -0.480270 0.402707
v -0.077544 -0.671165 0.523634
v -0.076427 -0.605373 0.399767
v -0.312786 -0.684042 0.610032
v -0.305277 -0.520795 0.470705
v -0.176797 -0.695018 -0.279706
v -0.278627 -0.593274 -0.302747
v -0.214192 -0.782810 -0.229126
v -0.319456 -0.667754 -0.271698
v -0.099021 -0.407982 -0.308772
v -0.151157 -0.343239 -0.319972
v -0.074647 -0.346057 -0.331744
v -0.121983 -0.285080 -0.337018
v -0.104922 -0.532323 -0.265950
v -0.127913 -0.737539 -0.225776
v -0.083569 -0.560930 -0.233391
v -0.227771 -0.392081 -0.301646
v -0.323791 -0.528406 -0.280317
v -0.266872 -0.356695 -0.291891
v -0.058831 -0.399827 -0.310660
v -0.062544 -0.501299 -0.259360
v -0.156975 -0.273639 -0.329005
v -0.227797 -0.303125 -0.307424
v -0.348856 -0.228853 -0.145319
v -0.359341 -0.162515 -0.079155
v -0.359853 -0.299229 -0.132716
v -0.364189 -0.227292 -0.063570
v -0.299091 -0.068778 -0.177037
v -0.306424 -0.028101 -0.125145
v -0.286806 -0.028439 -0.188567
v -0.297889 0.002862 -0.142424
v -0.317313 -0.159534 -0.191160
v -0.349522 -0.295830 -0.175393
v -0.317307 -0.207378 -0.219066
v -0.325249 -0.065802 -0.072850
v -0.350140 -0.170779 -0.039169
v -0.324238 -0.067631 -0.035210
v -0.283879 -0.060763 -0.206409
v -0.296211 -0.147079 -0.221902
v -0.301621 0.015193 -0.107702
v -0.312613 -0.017062 -0.053335
v -0.316683 -0.256349 0.199584
v -0.323160 -0.193084 0.129192
v -0.311919 -0.300177 0.176923
v -0.324066 -0.240641 0.107498
v -0.317539 -0.131692 0.256889
v -0.313022 -0.065379 0.187995
v -0.314579 -0.095890 0.272075
v -0.308677 -0.029572 0.205793
v -0.317325 -0.226540 0.268584
v -0.308304 -0.311317 0.226309
v -0.313029 -0.283778 0.299479
v -0.317297 -0.093422 0.126571
v -0.326129 -0.187027 0.085781
v -0.317356 -0.084003 0.084655
v -0.317536 -0.145067 0.301005
v -0.317111 -0.239921 0.317728
v -0.306870 -0.012879 0.164301
v -0.310561 -0.038645 0.103842
v 0.181345 -0.560647 0.317564
v 0.243134 -0.523522 0.338693
v 0.192241 -0.543895 0.252155
v 0.244358 -0.495743 0.275131
v 0.128019 -0.771646 0.499273
v 0.275263 -0.768529 0.544224
v 0.094264 -0.754477 0.607982
v 0.247592 -0.764353 0.646879
v 0.122967 -0.600575 0.396526
v 0.156013 -0.568035 0.264535
v 0.094246 -0.589857 0.337115
v 0.077362 -0.671528 0.524179
v 0.074025 -0.606462 0.400399
v 0.283369 -0.564173 0.437409
v 0.265302 -0.474961 0.309830
v 0.291383 -0.481126 0.402323
v 0.312925 -0.684557 0.608562
v 0.304840 -0.521225 0.470003
v 0.177435 -0.695106 -0.279689
v 0.279038 -0.593257 -0.302407
v 0.214883 -0.782826 -0.228977
v 0.319870 -0.667383 -0.271501
v 0.099303 -0.407843 -0.308725
v 0.151406 -0.342951 -0.319913
v 0.074806 -0.345955 -0.331469
v 0.122230 -0.284644 -0.336967
v 0.105189 -0.532339 -0.266075
v 0.128378 -0.737770 -0.226292
v 0.083749 -0.561077 -0.233486
v 0.059096 -0.399681 -0.310639
v 0.062774 -0.501344 -0.259292
v 0.227941 -0.391717 -0.301671
v 0.324118 -0.528032 -0.280195
v 0.267022 -0.356347 -0.291944
v 0.157243 -0.273038 -0.329100
v 0.227906 -0.302671 -0.307431
v 0.348614 -0.229647 -0.146166
v 0.359888 -0.163734 -0.080387
v 0.359251 -0.299873 -0.133471
v 0.365365 -0.227688 -0.064736
v 0.298775 -0.068647 -0.177000
v 0.306136 -0.029051 -0.125299
v 0.286349 -0.027877 -0.188165
v 0.297101 0.003391 -0.141832
v 0.318212 -0.158595 -0.191737
v 0.349323 -0.296012 -0.175969
v 0.317427 -0.207046 -0.219466
v 0.326183 -0.068347 -0.073950
v 0.352205 -0.171337 -0.040385
v 0.326031 -0.070479 -0.036582
v 0.283689 -0.060374 -0.206379
v 0.296270 -0.146667 -0.222155
v 0.301474 0.012991 -0.107979
v 0.314124 -0.021067 -0.054674
v 0.317907 -0.257168 0.199145
v 0.324571 -0.194369 0.128578
v 0.313659 -0.300580 0.176340
v 0.325653 -0.241461 0.106806
v 0.318432 -0.134083 0.256695
v 0.314652 -0.068707 0.187496
v 0.315818 -0.098060 0.271917
v 0.310890 -0.032029 0.205391
v 0.318843 -0.227119 0.268178
v 0.309707 -0.311757 0.225878
v 0.314321 -0.284051 0.299092
v 0.319514 -0.095077 0.125729
v 0.327986 -0.188006 0.084915
v 0.320459 -0.084865 0.083522
v 0.318837 -0.146442 0.300775
v 0.319034 -0.239786 0.317267
v 0.309661 -0.015678 0.163413
v 0.314532 -0.039192 0.102552
v 0.048393 -0.083845 0.746102
v -0.048590 -0.083804 0.746039
v 0.052365 -0.132956 0.786683
v -0.052570 -0.132969 0.786470
v 0.041378 0.036595 0.649678
v -0.041217 0.036702 0.649606
v 0.038637 0.063554 0.611392
v -0.038370 0.063630 0.611321
v 0.088677 -0.017235 0.687701
v 0.097485 -0.106235 0.740878
v 0.133306 -0.037893 0.682892
v -0.088702 -0.017079 0.687610
v -0.097701 -0.106138 0.740785
v -0.133344 -0.037669 0.682757
v 0.078964 0.048988 0.621987
v 0.126537 -0.000015 0.655715
v -0.078687 0.049163 0.621823
v -0.126415 0.000255 0.655565
v 0.294633 -0.288531 0.606048
v 0.266612 -0.200030 0.642488
v 0.275243 -0.334596 0.648516
v 0.234275 -0.235760 0.676106
v 0.321676 -0.157227 0.476131
v 0.302775 -0.107160 0.510851
v 0.314601 -0.123302 0.433537
v 0.298432 -0.083212 0.464859
v 0.323471 -0.253108 0.518080
v 0.304432 -0.362702 0.611314
v 0.320898 -0.317272 0.513330
v 0.320976 -0.162864 0.432342
v 0.323871 -0.259554 0.468619
v 0.280121 -0.117337 0.594068
v 0.233251 -0.175472 0.675263
v 0.251274 -0.098576 0.625355
v 0.287197 -0.073181 0.498249
v 0.266267 -0.077182 0.579490
v -0.294431 -0.288840 0.606270
v -0.266673 -0.200111 0.642409
v -0.275008 -0.335065 0.648969
v -0.234278 -0.235946 0.676167
v -0.321203 -0.156969 0.476461
v -0.302516 -0.106573 0.511187
v -0.313563 -0.122892 0.433878
v -0.297757 -0.082379 0.465296
v -0.323594 -0.253133 0.518394
v -0.304250 -0.363160 0.611907
v -0.320958 -0.317397 0.513803
v -0.319926 -0.162750 0.432697
v -0.323747 -0.259562 0.469009
v -0.280068 -0.117064 0.593982
v -0.233421 -0.175452 0.675130
v -0.251247 -0.098323 0.625192
v -0.286665 -0.072426 0.498607
v -0.266003 -0.076756 0.579415
v 0.163813 0.084440 0.350391
v 0.164244 0.064070 0.441216
v 0.136641 0.095433 0.350168
v 0.136246 0.077833 0.445596
v 0.237709 0.049363 0.339827
v 0.236322 0.025192 0.410326
v 0.255617 0.040442 0.329495
v 0.254644 0.015171 0.394925
v 0.202488 0.077865 0.305811
v 0.149496 0.101796 0.303700
v 0.187083 0.097387 0.260320
v 0.247162 0.055708 0.297851
v 0.212295 0.084223 0.261390
v 0.204254 0.031335 0.470436
v 0.150436 0.062383 0.491762
v 0.193853 0.026678 0.521723
v 0.248162 0.005243 0.438325
v 0.219380 0.010123 0.504722
v -0.165013 0.083962 0.352618
v -0.164423 0.064261 0.442032
v -0.137540 0.095243 0.351120
v -0.136481 0.077958 0.446120
v -0.236545 0.049853 0.340736
v -0.235670 0.026000 0.411322
v -0.254158 0.041430 0.330746
v -0.253876 0.016301 0.396233
v -0.202128 0.077866 0.306750
v -0.150616 0.101421 0.305130
v -0.188248 0.096462 0.262668
v -0.245385 0.056474 0.298509
v -0.213043 0.083486 0.263899
v -0.204096 0.031948 0.471227
v -0.150456 0.062701 0.492238
v -0.193795 0.027268 0.522331
v -0.248296 0.006317 0.440077
v -0.220012 0.011149 0.506305
v 0.037419 0.002300 -0.584208
v -0.036652 0.002153 -0.584040
v 0.032187 0.006346 -0.536385
v -0.031352 0.006599 -0.536142
v 0.053645 0.051547 -0.735168
v -0.056227 0.045984 -0.740286
v 0.057533 0.094798 -0.773630
v -0.061609 0.088776 -0.781779
v 0.092532 0.007302 -0.658236
v 0.068063 0.005739 -0.553239
v 0.125671 0.005815 -0.620034
v -0.091851 0.007233 -0.657931
v -0.067041 0.006270 -0.552581
v -0.124692 0.005878 -0.619168
v 0.113298 0.067048 -0.759016
v 0.144391 0.018436 -0.674846
v -0.115155 0.065050 -0.760521
v -0.143666 0.018521 -0.673748
v 0.153636 -0.035193 -0.350926
v 0.146171 -0.000441 -0.410922
v 0.129549 -0.049487 -0.362431
v 0.118192 -0.001587 -0.412470
v 0.221517 -0.007955 -0.324790
v 0.219907 0.018556 -0.391692
v 0.239581 0.001878 -0.315369
v 0.239101 0.028500 -0.379587
v 0.196788 -0.045761 -0.312795
v 0.155241 -0.087572 -0.344185
v 0.204421 -0.100012 -0.310840
v 0.234641 -0.018348 -0.289942
v 0.221298 -0.075172 -0.292112
v 0.186570 0.015921 -0.442020
v 0.130353 0.005989 -0.447612
v 0.175084 0.019126 -0.485010
v 0.232584 0.035543 -0.421726
v 0.202942 0.028892 -0.478722
v -0.153573 -0.036480 -0.350367
v -0.145548 -0.000612 -0.409781
v -0.129606 -0.050952 -0.362120
v -0.117467 -0.001642 -0.411233
v -0.221552 -0.008524 -0.324070
v -0.219625 0.017958 -0.390828
v -0.239699 0.001541 -0.314755
v -0.238954 0.028043 -0.378843
v -0.196967 -0.047159 -0.312573
v -0.155347 -0.088670 -0.344080
v -0.204589 -0.101178 -0.310842
v -0.234745 -0.019057 -0.289586
v -0.221719 -0.076578 -0.292292
v -0.186091 0.015568 -0.440992
v -0.129656 0.005907 -0.446569
v -0.174468 0.018854 -0.483949
v -0.232297 0.035019 -0.420948
v -0.202553 0.028502 -0.477697
v 0.295158 0.284065 -0.645225
v 0.307295 0.183563 -0.719661
v 0.269733 0.320269 -0.679176
v 0.274424 0.214272 -0.763727
v 0.294571 0.189352 -0.495022
v 0.293901 0.130037 -0.529389
v 0.293689 0.161413 -0.449051
v 0.288048 0.115301 -0.475214
v 0.291000 0.273497 -0.537958
v 0.273660 0.350737 -0.618022
v 0.284929 0.334078 -0.525817
v 0.291173 0.201081 -0.451260
v 0.286991 0.290280 -0.487508
v 0.301918 0.112730 -0.636302
v 0.278898 0.148573 -0.759104
v 0.280874 0.082031 -0.668383
v 0.279940 0.099093 -0.507442
v 0.274648 0.081725 -0.598858
v -0.296078 0.282712 -0.644756
v -0.307832 0.182458 -0.718323
v -0.270386 0.319252 -0.678134
v -0.276176 0.213639 -0.762233
v -0.294997 0.188053 -0.494540
v -0.294235 0.128742 -0.528600
v -0.294115 0.160218 -0.448742
v -0.288393 0.114278 -0.474531
v -0.291404 0.272080 -0.537622
v -0.274347 0.349625 -0.617561
v -0.285297 0.332682 -0.525545
v -0.291631 0.199737 -0.451044
v -0.287336 0.288853 -0.487263
v -0.301431 0.111847 -0.634693
v -0.279962 0.147829 -0.757597
v -0.280493 0.081456 -0.666852
v -0.280262 0.098030 -0.506545
v -0.273712 0.081264 -0.597116
v 0.312198 0.053306 -0.069875
v 0.305268 0.075936 -0.056693
v 0.312956 0.055224 -0.108253
v 0.305487 0.071210 -0.093474
v 0.309048 0.050335 0.050581
v 0.301711 0.074144 0.062720
v 0.308511 0.050669 0.091190
v 0.302308 0.071805 0.104803
v 0.313824 0.038070 -0.016898
v 0.316322 0.044543 -0.097746
v 0.317702 0.025113 -0.044679
v 0.311453 0.038999 0.064381
v 0.316452 0.023310 -0.002638
v 0.297602 0.088789 0.006423
v 0.300676 0.079540 -0.068768
v 0.295719 0.088722 -0.007793
v 0.297011 0.084300 0.088926
v 0.295140 0.089132 0.031050
v -0.310970 0.057038 -0.070062
v -0.304229 0.081592 -0.056404
v -0.312569 0.057417 -0.108799
v -0.304945 0.072871 -0.093124
v -0.305932 0.056695 0.051161
v -0.297389 0.080964 0.064017
v -0.305393 0.056734 0.091975
v -0.298151 0.077486 0.106279
v -0.311338 0.043307 -0.016886
v -0.315258 0.046649 -0.098395
v -0.315186 0.029736 -0.044946
v -0.308348 0.045464 0.064725
v -0.313211 0.029454 -0.002791
v -0.294184 0.098499 0.007580
v -0.299853 0.083524 -0.068062
v -0.291913 0.098383 -0.005919
v -0.291744 0.090713 0.090807
v -0.289443 0.098311 0.033014
v -0.051965 0.391703 -0.152922
v -0.062230 0.341259 -0.142641
v -0.077275 0.492358 -0.199075
v -0.111145 0.499582 -0.225828
v -0.041295 0.373205 -0.146911
v -0.081477 0.525910 -0.225692
v -0.134584 0.210955 -0.085313
v -0.159177 0.196043 -0.069122
v -0.156262 0.187071 -0.039644
v -0.217480 0.429303 -0.261181
v -0.214787 0.375113 -0.247861
v -0.238135 0.429412 -0.281566
v -0.204536 0.200876 -0.146853
v -0.205215 0.185046 -0.114479
v -0.225126 0.165080 -0.115545
v 0.069499 0.388231 -0.154411
v 0.073297 0.339602 -0.143947
v 0.101640 0.490809 -0.207101
v 0.128876 0.499214 -0.232385
v 0.056887 0.370795 -0.147773
v 0.105902 0.526356 -0.234565
v 0.134234 0.211298 -0.086259
v 0.159273 0.196109 -0.070015
v 0.155958 0.187270 -0.040578
v 0.220418 0.428735 -0.262952
v 0.216313 0.374569 -0.249053
v 0.238886 0.428564 -0.282441
v 0.204198 0.201060 -0.147210
v 0.205233 0.185202 -0.114973
v 0.224546 0.165499 -0.115864
v -0.170873 -0.555632 0.098656
v -0.187571 -0.542866 0.146497
v -0.172415 -0.706175 -0.052427
v -0.203858 -0.790908 -0.091247
v -0.152038 -0.560441 0.153635
v -0.126301 -0.750773 -0.095651
v -0.272341 -0.435859 0.196412
v -0.290815 -0.391339 0.174949
v -0.285272 -0.402543 0.226500
v -0.366427 -0.561066 -0.177235
v -0.367480 -0.458910 -0.145928
v -0.363343 -0.464973 -0.199031
v -0.343225 -0.291198 -0.001971
v -0.331969 -0.289661 0.041242
v -0.337515 -0.234927 0.021123
v 0.169338 -0.558660 0.099981
v 0.186714 -0.547013 0.147439
v 0.172566 -0.705881 -0.052257
v 0.204465 -0.790897 -0.090959
v 0.150887 -0.565741 0.154584
v 0.126655 -0.750161 -0.095203
v 0.272791 -0.437318 0.196496
v 0.291696 -0.392317 0.174713
v 0.285627 -0.403799 0.226435
v 0.366293 -0.560038 -0.177442
v 0.367399 -0.458332 -0.146429
v 0.363147 -0.464346 -0.199235
v 0.344648 -0.291623 -0.002859
v 0.333413 -0.290208 0.040467
v 0.339309 -0.235564 0.020183
v -0.033453 -0.569015 0.638903
v 0.034788 -0.569480 0.639463
v -0.238919 -0.562784 0.698285
v -0.243029 -0.463083 0.688273
v 0.000616 -0.559395 0.590413
v -0.291695 -0.517188 0.667602
v 0.241320 -0.562189 0.697825
v 0.244299 -0.462465 0.687883
v 0.292687 -0.516239 0.666464
v 0.098508 -0.214667 0.741397
v 0.147523 -0.240971 0.722409
v -0.098302 -0.214767 0.741260
v -0.147405 -0.241086 0.722458
v 0.146471 -0.183662 0.723957
v -0.146599 -0.183646 0.724010
v -0.012088 0.168327 0.133784
v 0.009278 0.168350 0.133801
v -0.085113 0.133097 0.248611
v -0.098341 0.116526 0.300383
v -0.001482 0.183633 0.078616
v -0.110856 0.127843 0.252913
v 0.083043 0.133366 0.247761
v 0.096735 0.116736 0.299620
v 0.108981 0.128472 0.251645
v 0.067518 0.093501 0.542804
v 0.090839 0.093167 0.499254
v -0.067333 0.093473 0.542710
v -0.091004 0.093562 0.499591
v 0.102569 0.079811 0.548939
v -0.102294 0.079938 0.548812
v -0.018167 -0.285366 -0.375862
v 0.018564 -0.285259 -0.375967
v -0.101781 -0.177887 -0.361824
v -0.104865 -0.123700 -0.367750
v 0.000172 -0.340527 -0.342609
v -0.130377 -0.164206 -0.351234
v 0.101831 -0.177178 -0.361766
v 0.104859 -0.122478 -0.367811
v 0.130393 -0.163482 -0.351281
v 0.051674 0.011861 -0.468781
v 0.072070 0.006882 -0.441717
v -0.050780 0.011782 -0.468192
v -0.071250 0.006553 -0.440926
v 0.081518 0.009137 -0.477834
v -0.080799 0.009219 -0.477086
v -0.035568 0.661486 -0.581832
v 0.036087 0.661244 -0.581647
v -0.209530 0.508117 -0.646623
v -0.217248 0.429763 -0.669529
v 0.000303 0.687572 -0.529487
v -0.241386 0.465346 -0.625238
v 0.208813 0.508221 -0.646965
v 0.216386 0.430280 -0.670139
v 0.240686 0.466042 -0.625548
v 0.123557 0.177664 -0.819866
v 0.180380 0.214344 -0.816483
v -0.127403 0.177874 -0.820886
v -0.183794 0.214362 -0.815552
v 0.181545 0.146473 -0.808011
v -0.184204 0.146410 -0.806670
v 0.297020 0.133397 -0.337673
v 0.296350 0.137301 -0.372103
v 0.317548 0.063661 -0.203339
v 0.316457 0.057475 -0.173342
v 0.290451 0.167080 -0.373143
v 0.321979 0.049146 -0.166574
v 0.273207 0.000081 -0.237804
v 0.263883 0.005782 -0.270127
v 0.297031 0.043628 -0.149471
v 0.300580 0.057642 -0.138451
v 0.262253 -0.014881 -0.248312
v 0.298385 0.063173 -0.114504
v 0.265696 0.057381 -0.388139
v 0.276588 0.077384 -0.409287
v 0.263729 0.066234 -0.431951
v 0.281547 0.044163 0.240104
v 0.275898 0.039861 0.278033
v 0.305038 0.039081 0.151318
v 0.308134 0.042974 0.142238
v 0.272348 0.051814 0.250731
v 0.308986 0.035614 0.115008
v 0.313309 -0.078197 0.322669
v 0.312167 -0.086933 0.359212
v 0.301249 0.061909 0.203584
v 0.301640 0.070375 0.176169
v 0.316671 -0.119259 0.353757
v 0.299678 0.073135 0.159166
v 0.286596 -0.034280 0.411805
v 0.278511 -0.011861 0.397302
v 0.275054 -0.027509 0.437604
v -0.298520 0.132152 -0.337967
v -0.298012 0.135494 -0.372562
v -0.316652 0.063154 -0.204654
v -0.316367 0.057430 -0.174298
v -0.291820 0.165396 -0.373508
v -0.322337 0.046892 -0.168185
v -0.273632 -0.000231 -0.237902
v -0.264152 0.005789 -0.269802
v -0.297345 0.043490 -0.149777
v -0.300545 0.057623 -0.138677
v -0.262624 -0.015051 -0.248221
v -0.298194 0.062911 -0.114661
v -0.265449 0.057019 -0.387551
v -0.276455 0.076796 -0.408713
v -0.263449 0.065715 -0.431198
v -0.279523 0.046752 0.242014
v -0.274059 0.042021 0.279818
v -0.301656 0.044565 0.151946
v -0.304907 0.048614 0.142923
v -0.270426 0.053607 0.252472
v -0.305376 0.042130 0.115223
v -0.311312 -0.077722 0.322686
v -0.310421 -0.086362 0.359402
v -0.297779 0.064546 0.204082
v -0.297487 0.073863 0.177431
v -0.314850 -0.118870 0.353932
v -0.294988 0.076583 0.160733
v -0.285319 -0.033030 0.412417
v -0.276697 -0.010621 0.397740
v -0.273873 -0.026460 0.438132
v -0.000159 0.333567 -0.134921
v 0.009187 0.334186 -0.135053
v 0.000868 0.278530 -0.122312
v -0.009708 0.623962 -0.276446
v 0.030755 0.622612 -0.292655
v 0.006930 0.656134 -0.333101
v -0.191078 0.130564 0.131136
v -0.183448 0.125056 0.172812
v -0.208092 0.108666 0.177636
v -0.295053 0.432544 -0.416134
v -0.288169 0.420212 -0.464702
v -0.281720 0.359523 -0.431500
v -0.308648 0.031112 -0.050149
v -0.313389 0.029566 -0.062247
v -0.311538 0.027715 -0.020054
v 0.189971 0.131118 0.129150
v 0.182113 0.125907 0.170757
v 0.206949 0.109304 0.175265
v 0.294530 0.433408 -0.418018
v 0.287674 0.422056 -0.464834
v 0.281862 0.360837 -0.431730
v 0.303114 0.040093 -0.052300
v 0.315406 0.026099 -0.061818
v 0.313802 0.022151 -0.019281
v -0.026170 -0.591122 0.280343
v 0.021389 -0.590302 0.281122
v -0.001800 -0.597062 0.340725
v -0.024681 -0.520589 -0.193818
v 0.024882 -0.520622 -0.193909
v 0.000094 -0.508728 -0.226118
v -0.309871 -0.362286 0.388715
v -0.315105 -0.377874 0.447285
v -0.317282 -0.310753 0.405717
v -0.282366 -0.226531 -0.275241
v -0.250620 -0.190819 -0.297931
v -0.263317 -0.161209 -0.272557
v -0.310590 -0.018990 0.022895
v -0.300637 0.038183 0.001941
v -0.299691 0.033140 0.040689
v 0.310246 -0.362544 0.388308
v 0.314859 -0.378086 0.446700
v 0.317136 -0.311129 0.405272
v 0.282218 -0.226355 -0.275267
v 0.250498 -0.190317 -0.297894
v 0.263008 -0.160791 -0.272533
v 0.314107 -0.021915 0.021154
v 0.304430 0.032207 -0.000274
v 0.304688 0.029612 0.038529
v 0.205782 -0.039077 0.631297
v 0.194266 -0.005331 0.606185
v 0.224938 -0.024900 0.585443
v -0.205598 -0.038753 0.631055
v -0.193912 -0.004948 0.605955
v -0.224542 -0.024441 0.585278
v 0.185073 0.025411 -0.577470
v 0.214642 0.033994 -0.630732
v 0.218864 0.041443 -0.571759
v -0.184272 0.025100 -0.576235
v -0.213753 0.033573 -0.629213
v -0.218036 0.041095 -0.570329
f 1 647 644
f 1 644 643
f 1 643 645
f 1 645 646
f 1 646 647
f 2 649 652
f 6 672 670
f 12 702 699
f 11 696 695
f 8 679 681
f 4 662 659
f 4 659 658
f 4 658 660
f 4 660 661
f 4 661 662
f 5 666 665
f 3 654 657
f 7 673 677
f 9 685 686
f 10 692 688
f 12 701 698
f 6 669 668
f 2 650 648
f 8 682 678
f 11 697 693
f 6 671 669
f 12 700 701
f 11 694 697
f 8 680 682
f 2 651 650
f 10 690 689
f 5 663 664
f 3 655 653
f 7 676 674
f 9 687 684
f 10 691 690
f 5 667 663
f 3 656 655
f 7 675 676
f 9 683 687
f 6 668 672
f 2 648 649
f 8 678 679
f 11 693 696
f 12 698 702
f 10 688 691
f 5 665 667
f 3 657 656
f 7 677 675
f 9 686 683
f 5 664 666
f 3 653 654
f 7 674 673
f 9 684 685
f 10 689 692
f 6 670 671
f 12 699 700
f 11 695 694
f 8 681 680
f 2 652 651
f 35 837 838
f 18 735 736
f 19 742 741
f 40 868 867
f 42 880 879
f 34 832 831
f 33 827 828
f 25 778 780
f 36 844 846
f 20 749 747
f 32 819 820
f 23 765 767
f 24 773 771
f 37 850 849
f 41 876 875
f 34 833 834
f 33 826 825
f 25 779 777
f 36 845 843
f 20 748 750
f 17 729 727
f 14 711 709
f 13 706 703
f 15 718 715
f 16 724 721
f 18 737 733
f 35 839 835
f 42 882 878
f 40 870 866
f 19 744 740
f 30 807 805
f 27 789 787
f 22 762 758
f 28 797 793
f 29 802 799
f 32 821 817
f 23 766 763
f 24 774 770
f 37 852 848
f 41 874 872
f 35 838 836
f 18 736 734
f 19 741 739
f 40 867 865
f 42 879 877
f 34 831 829
f 33 828 824
f 25 780 776
f 36 846 842
f 20 747 745
f 32 820 818
f 23 767 764
f 24 771 769
f 37 849 847
f 41 875 871
f 34 834 830
f 33 825 823
f 25 777 775
f 36 843 841
f 20 750 746
f 14 714 710
f 13 707 704
f 15 719 716
f 16 725 722
f 17 732 728
f 21 755 752
f 31 814 811
f 26 784 781
f 38 857 853
f 39 862 860
f 27 792 788
f 22 759 757
f 28 796 794
f 29 803 800
f 30 810 806
f 31 815 812
f 26 785 782
f 38 856 854
f 39 863 859
f 21 754 751
f 14 712 714
f 13 705 707
f 15 717 719
f 16 723 725
f 17 730 732
f 21 753 755
f 31 816 814
f 26 786 784
f 38 858 857
f 39 861 862
f 27 791 792
f 22 761 759
f 28 795 796
f 29 801 803
f 30 808 810
f 31 813 815
f 26 783 785
f 38 855 856
f 39 864 863
f 21 756 754
f 14 709 712
f 13 703 705
f 15 715 717
f 16 721 723
f 17 727 730
f 21 751 753
f 31 812 816
f 26 782 786
f 38 854 858
f 39 859 861
f 27 787 791
f 22 758 761
f 28 793 795
f 29 799 801
f 30 805 808
f 31 811 813
f 26 781 783
f 38 853 855
f 39 860 864
f 21 752 756
f 17 728 731
f 14 710 713
f 13 704 708
f 15 716 720
f 16 722 726
f 18 734 738
f 35 836 840
f 42 877 881
f 40 865 869
f 19 739 743
f 30 806 809
f 27 788 790
f 22 757 760
f 28 794 798
f 29 800 804
f 32 818 822
f 23 764 768
f 24 769 772
f 37 847 851
f 41 871 873
f 35 835 837
f 18 733 735
f 19 740 742
f 40 866 868
f 42 878 880
f 34 830 832
f 33 823 827
f 25 775 778
f 36 841 844
f 20 746 749
f 32 817 819
f 23 763 765
f 24 770 773
f 37 848 850
f 41 872 876
f 34 829 833
f 33 824 826
f 25 776 779
f 36 842 845
f 20 745 748
f 17 731 729
f 14 713 711
f 13 708 706
f 15 720 718
f 16 726 724
f 18 738 737
f 35 840 839
f 42 881 882
f 40 869 870
f 19 743 744
f 30 809 807
f 27 790 789
f 22 760 762
f 28 798 797
f 29 804 802
f 32 822 821
f 23 768 766
f 24 772 774
f 37 851 852
f 41 873 874
f 107 1269 1270
f 103 1245 1246
f 104 1252 1251
f 110 1288 1287
f 113 1306 1305
f 118 1336 1335
f 154 1551 1552
f 141 1473 1474
f 162 1599 1600
f 121 1354 1353
f 142 1479 1480
f 129 1401 1402
f 130 1408 1407
f 144 1492 1491
f 146 1504 1503
f 151 1533 1534
f 131 1414 1413
f 136 1444 1443
f 161 1594 1593
f 126 1383 1384
f 116 1323 1324
f 108 1275 1276
f 106 1263 1264
f 112 1299 1300
f 115 1317 1318
f 119 1341 1342
f 156 1564 1563
f 139 1462 1461
f 160 1588 1587
f 120 1347 1348
f 149 1521 1522
f 132 1420 1419
f 128 1395 1396
f 145 1497 1498
f 148 1515 1516
f 155 1557 1558
f 133 1425 1426
f 134 1431 1432
f 157 1570 1569
f 124 1372 1371
f 109 1282 1281
f 105 1258 1257
f 111 1294 1293
f 114 1312 1311
f 117 1330 1329
f 125 1378 1377
f 152 1540 1539
f 137 1449 1450
f 158 1575 1576
f 123 1365 1366
f 143 1486 1485
f 127 1390 1389
f 135 1437 1438
f 147 1510 1509
f 150 1528 1527
f 153 1546 1545
f 140 1468 1467
f 138 1455 1456
f 159 1581 1582
f 122 1359 1360
f 107 1272 1271
f 103 1248 1247
f 104 1253 1254
f 110 1289 1290
f 113 1307 1308
f 118 1337 1338
f 154 1554 1553
f 141 1476 1475
f 162 1602 1601
f 121 1355 1356
f 142 1482 1481
f 129 1404 1403
f 130 1409 1410
f 144 1493 1494
f 146 1505 1506
f 151 1536 1535
f 131 1415 1416
f 136 1445 1446
f 161 1595 1596
f 126 1386 1385
f 47 909 907
f 44 891 889
f 43 886 883
f 45 898 895
f 46 904 901
f 49 922 919
f 72 1060 1057
f 102 1240 1237
f 96 1204 1201
f 79 1102 1099
f 62 999 997
f 59 981 979
f 58 976 973
f 60 988 985
f 61 994 991
f 66 1024 1021
f 54 952 949
f 73 1066 1063
f 85 1138 1135
f 92 1179 1177
f 101 1233 1231
f 69 1041 1039
f 50 927 925
f 82 1119 1117
f 97 1209 1207
f 71 1053 1051
f 100 1228 1225
f 94 1192 1189
f 80 1108 1105
f 51 933 931
f 90 1167 1165
f 63 1005 1003
f 55 957 955
f 76 1083 1081
f 87 1150 1147
f 91 1174 1171
f 67 1029 1027
f 56 963 961
f 75 1077 1075
f 83 1126 1123
f 68 1036 1033
f 48 915 913
f 78 1095 1093
f 93 1185 1183
f 98 1216 1213
f 88 1155 1153
f 65 1018 1015
f 57 970 967
f 77 1090 1087
f 86 1143 1141
f 64 1012 1009
f 53 945 943
f 74 1071 1069
f 84 1131 1129
f 89 1162 1159
f 70 1047 1045
f 99 1221 1219
f 95 1197 1195
f 81 1114 1111
f 52 940 937
f 109 1284 1280
f 105 1260 1256
f 111 1296 1292
f 114 1314 1310
f 117 1332 1328
f 125 1380 1376
f 152 1542 1538
f 137 1451 1447
f 158 1577 1573
f 123 1367 1363
f 143 1488 1484
f 127 1392 1388
f 135 1439 1435
f 147 1512 1508
f 150 1530 1526
f 153 1548 1544
f 140 1470 1466
f 138 1457 1453
f 159 1583 1579
f 122 1361 1357
f 107 1270 1268
f 103 1246 1244
f 104 1251 1249
f 110 1287 1285
f 113 1305 1303
f 118 1335 1333
f 154 1552 1550
f 141 1474 1472
f 162 1600 1598
f 121 1353 1351
f 142 1480 1478
f 129 1402 1400
f 130 1407 1405
f 144 1491 1489
f 146 1503 1501
f 151 1534 1532
f 131 1413 1411
f 136 1443 1441
f 161 1593 1591
f 126 1384 1382
f 116 1324 1322
f 108 1276 1274
f 106 1264 1262
f 112 1300 1298
f 115 1318 1316
f 119 1342 1340
f 156 1563 1561
f 139 1461 1459
f 160 1587 1585
f 120 1348 1346
f 149 1522 1520
f 132 1419 1417
f 128 1396 1394
f 145 1498 1496
f 148 1516 1514
f 155 1558 1556
f 133 1426 1424
f 134 1432 1430
f 157 1569 1567
f 124 1371 1369
f 109 1281 1279
f 105 1257 1255
f 111 1293 1291
f 114 1311 1309
f 117 1329 1327
f 125 1377 1375
f 152 1539 1537
f 137 1450 1448
f 158 1576 1574
f 123 1366 1364
f 143 1485 1483
f 127 1389 1387
f 135 1438 1436
f 147 1509 1507
f 150 1527 1525
f 153 1545 1543
f 140 1467 1465
f 138 1456 1454
f 159 1582 1580
f 122 1360 1358
f 107 1271 1267
f 103 1247 1243
f 104 1254 1250
f 110 1290 1286
f 113 1308 1304
f 118 1338 1334
f 154 1553 1549
f 141 1475 1471
f 162 1601 1597
f 121 1356 1352
f 142 1481 1477
f 129 1403 1399
f 130 1410 1406
f 144 1494 1490
f 146 1506 1502
f 151 1535 1531
f 131 1416 1412
f 136 1446 1442
f 161 1596 1592
f 126 1385 1381
f 44 894 890
f 43 887 884
f 45 899 896
f 46 905 902
f 47 912 908
f 52 941 938
f 70 1050 1046
f 99 1224 1220
f 95 1200 1196
f 81 1115 1112
f 59 984 980
f 58 977 974
f 60 989 986
f 61 995 992
f 62 1002 998
f 65 1019 1016
f 57 971 968
f 77 1091 1088
f 86 1146 1142
f 88 1158 1154
f 98 1217 1214
f 68 1037 1034
f 48 918 914
f 78 1098 1094
f 93 1188 1184
f 69 1044 1040
f 101 1236 1232
f 97 1212 1208
f 82 1122 1118
f 50 930 926
f 89 1163 1160
f 64 1013 1010
f 53 948 944
f 74 1074 1070
f 84 1134 1130
f 90 1170 1166
f 63 1008 1004
f 55 960 956
f 76 1086 1082
f 87 1151 1148
f 72 1061 1058
f 49 923 920
f 79 1103 1100
f 96 1205 1202
f 102 1241 1238
f 91 1175 1172
f 67 1032 1028
f 56 966 962
f 75 1080 1076
f 83 1127 1124
f 66 1025 1022
f 54 953 950
f 73 1067 1064
f 85 1139 1136
f 92 1182 1178
f 71 1056 1052
f 100 1229 1226
f 94 1193 1190
f 80 1109 1106
f 51 936 932
f 116 1325 1321
f 108 1277 1273
f 106 1265 1261
f 112 1301 1297
f 115 1319 1315
f 119 1343 1339
f 156 1566 1562
f 139 1464 1460
f 160 1590 1586
f 120 1349 1345
f 149 1523 1519
f 132 1422 1418
f 128 1397 1393
f 145 1499 1495
f 148 1517 1513
f 155 1559 1555
f 133 1427 1423
f 134 1433 1429
f 157 1572 1568
f 124 1374 1370
f 44 892 894
f 43 885 887
f 45 897 899
f 46 903 905
f 47 910 912
f 52 939 941
f 70 1048 1050
f 99 1222 1224
f 95 1198 1200
f 81 1113 1115
f 59 982 984
f 58 975 977
f 60 987 989
f 61 993 995
f 62 1000 1002
f 65 1017 1019
f 57 969 971
f 77 1089 1091
f 86 1144 1146
f 88 1156 1158
f 98 1215 1217
f 68 1035 1037
f 48 916 918
f 78 1096 1098
f 93 1186 1188
f 69 1042 1044
f 101 1234 1236
f 97 1210 1212
f 82 1120 1122
f 50 928 930
f 89 1161 1163
f 64 1011 1013
f 53 946 948
f 74 1072 1074
f 84 1132 1134
f 90 1168 1170
f 63 1006 1008
f 55 958 960
f 76 1084 1086
f 87 1149 1151
f 72 1059 1061
f 49 921 923
f 79 1101 1103
f 96 1203 1205
f 102 1239 1241
f 91 1173 1175
f 67 1030 1032
f 56 964 966
f 75 1078 1080
f 83 1125 1127
f 66 1023 1025
f 54 951 953
f 73 1065 1067
f 85 1137 1139
f 92 1180 1182
f 71 1054 1056
f 100 1227 1229
f 94 1191 1193
f 80 1107 1109
f 51 934 936
f 116 1326 1325
f 108 1278 1277
f 106 1266 1265
f 112 1302 1301
f 115 1320 1319
f 119 1344 1343
f 156 1565 1566
f 139 1463 1464
f 160 1589 1590
f 120 1350 1349
f 149 1524 1523
f 132 1421 1422
f 128 1398 1397
f 145 1500 1499
f 148 1518 1517
f 155 1560 1559
f 133 1428 1427
f 134 1434 1433
f 157 1571 1572
f 124 1373 1374
f 44 889 892
f 43 883 885
f 45 895 897
f 46 901 903
f 47 907 910
f 52 937 939
f 70 1045 1048
f 99 1219 1222
f 95 1195 1198
f 81 1111 1113
f 59 979 982
f 58 973 975
f 60 985 987
f 61 991 993
f 62 997 1000
f 65 1015 1017
f 57 967 969
f 77 1087 1089
f 86 1141 1144
f 88 1153 1156
f 98 1213 1215
f 68 1033 1035
f 48 913 916
f 78 1093 1096
f 93 1183 1186
f 69 1039 1042
f 101 1231 1234
f 97 1207 1210
f 82 1117 1120
f 50 925 928
f 89 1159 1161
f 64 1009 1011
f 53 943 946
f 74 1069 1072
f 84 1129 1132
f 90 1165 1168
f 63 1003 1006
f 55 955 958
f 76 1081 1084
f 87 1147 1149
f 72 1057 1059
f 49 919 921
f 79 1099 1101
f 96 1201 1203
f 102 1237 1239
f 91 1171 1173
f 67 1027 1030
f 56 961 964
f 75 1075 1078
f 83 1123 1125
f 66 1021 1023
f 54 949 951
f 73 1063 1065
f 85 1135 1137
f 92 1177 1180
f 71 1051 1054
f 100 1225 1227
f 94 1189 1191
f 80 1105 1107
f 51 931 934
f 116 1322 1326
f 108 1274 1278
f 106 1262 1266
f 112 1298 1302
f 115 1316 1320
f 119 1340 1344
f 156 1561 1565
f 139 1459 1463
f 160 1585 1589
f 120 1346 1350
f 149 1520 1524
f 132 1417 1421
f 128 1394 1398
f 145 1496 1500
f 148 1514 1518
f 155 1556 1560
f 133 1424 1428
f 134 1430 1434
f 157 1567 1571
f 124 1369 1373
f 47 908 911
f 44 890 893
f 43 884 888
f 45 896 900
f 46 902 906
f 49 920 924
f 72 1058 1062
f 102 1238 1242
f 96 1202 1206
f 79 1100 1104
f 62 998 1001
f 59 980 983
f 58 974 978
f 60 986 990
f 61 992 996
f 66 1022 1026
f 54 950 954
f 73 1064 1068
f 85 1136 1140
f 92 1178 1181
f 101 1232 1235
f 69 1040 1043
f 50 926 929
f 82 1118 1121
f 97 1208 1211
f 71 1052 1055
f 100 1226 1230
f 94 1190 1194
f 80 1106 1110
f 51 932 935
f 90 1166 1169
f 63 1004 1007
f 55 956 959
f 76 1082 1085
f 87 1148 1152
f 91 1172 1176
f 67 1028 1031
f 56 962 965
f 75 1076 1079
f 83 1124 1128
f 68 1034 1038
f 48 914 917
f 78 1094 1097
f 93 1184 1187
f 98 1214 1218
f 88 1154 1157
f 65 1016 1020
f 57 968 972
f 77 1088 1092
f 86 1142 1145
f 64 1010 1014
f 53 944 947
f 74 1070 1073
f 84 1130 1133
f 89 1160 1164
f 70 1046 1049
f 99 1220 1223
f 95 1196 1199
f 81 1112 1116
f 52 938 942
f 109 1279 1283
f 105 1255 1259
f 111 1291 1295
f 114 1309 1313
f 117 1327 1331
f 125 1375 1379
f 152 1537 1541
f 137 1448 1452
f 158 1574 1578
f 123 1364 1368
f 143 1483 1487
f 127 1387 1391
f 135 1436 1440
f 147 1507 1511
f 150 1525 1529
f 153 1543 1547
f 140 1465 1469
f 138 1454 1458
f 159 1580 1584
f 122 1358 1362
f 107 1267 1269
f 103 1243 1245
f 104 1250 1252
f 110 1286 1288
f 113 1304 1306
f 118 1334 1336
f 154 1549 1551
f 141 1471 1473
f 162 1597 1599
f 121 1352 1354
f 142 1477 1479
f 129 1399 1401
f 130 1406 1408
f 144 1490 1492
f 146 1502 1504
f 151 1531 1533
f 131 1412 1414
f 136 1442 1444
f 161 1592 1594
f 126 1381 1383
f 116 1321 1323
f 108 1273 1275
f 106 1261 1263
f 112 1297 1299
f 115 1315 1317
f 119 1339 1341
f 156 1562 1564
f 139 1460 1462
f 160 1586 1588
f 120 1345 1347
f 149 1519 1521
f 132 1418 1420
f 128 1393 1395
f 145 1495 1497
f 148 1513 1515
f 155 1555 1557
f 133 1423 1425
f 134 1429 1431
f 157 1568 1570
f 124 1370 1372
f 109 1280 1282
f 105 1256 1258
f 111 1292 1294
f 114 1310 1312
f 117 1328 1330
f 125 1376 1378
f 152 1538 1540
f 137 1447 1449
f 158 1573 1575
f 123 1363 1365
f 143 1484 1486
f 127 1388 1390
f 135 1435 1437
f 147 1508 1510
f 150 1526 1528
f 153 1544 1546
f 140 1466 1468
f 138 1453 1455
f 159 1579 1581
f 122 1357 1359
f 107 1268 1272
f 103 1244 1248
f 104 1249 1253
f 110 1285 1289
f 113 1303 1307
f 118 1333 1337
f 154 1550 1554
f 141 1472 1476
f 162 1598 1602
f 121 1351 1355
f 142 1478 1482
f 129 1400 1404
f 130 1405 1409
f 144 1489 1493
f 146 1501 1505
f 151 1532 1536
f 131 1411 1415
f 136 1441 1445
f 161 1591 1595
f 126 1382 1386
f 47 911 909
f 44 893 891
f 43 888 886
f 45 900 898
f 46 906 904
f 49 924 922
f 72 1062 1060
f 102 1242 1240
f 96 1206 1204
f 79 1104 1102
f 62 1001 999
f 59 983 981
f 58 978 976
f 60 990 988
f 61 996 994
f 66 1026 1024
f 54 954 952
f 73 1068 1066
f 85 1140 1138
f 92 1181 1179
f 101 1235 1233
f 69 1043 1041
f 50 929 927
f 82 1121 1119
f 97 1211 1209
f 71 1055 1053
f 100 1230 1228
f 94 1194 1192
f 80 1110 1108
f 51 935 933
f 90 1169 1167
f 63 1007 1005
f 55 959 957
f 76 1085 1083
f 87 1152 1150
f 91 1176 1174
f 67 1031 1029
f 56 965 963
f 75 1079 1077
f 83 1128 1126
f 68 1038 1036
f 48 917 915
f 78 1097 1095
f 93 1187 1185
f 98 1218 1216
f 88 1157 1155
f 65 1020 1018
f 57 972 970
f 77 1092 1090
f 86 1145 1143
f 64 1014 1012
f 53 947 945
f 74 1073 1071
f 84 1133 1131
f 89 1164 1162
f 70 1049 1047
f 99 1223 1221
f 95 1199 1197
f 81 1116 1114
f 52 942 940
f 109 1283 1284
f 105 1259 1260
f 111 1295 1296
f 114 1313 1314
f 117 1331 1332
f 125 1379 1380
f 152 1541 1542
f 137 1452 1451
f 158 1578 1577
f 123 1368 1367
f 143 1487 1488
f 127 1391 1392
f 135 1440 1439
f 147 1511 1512
f 150 1529 1530
f 153 1547 1548
f 140 1469 1470
f 138 1458 1457
f 159 1584 1583
f 122 1362 1361
f 407 1609 1616
f 403 1605 1608
f 404 1611 1606
f 410 1614 1612
f 413 1617 1615
f 422 1631 1624
f 486 1688 1692
f 573 1775 1782
f 561 1763 1765
f 512 1719 1714
f 452 1654 1661
f 448 1650 1653
f 449 1656 1651
f 455 1659 1657
f 458 1662 1660
f 470 1672 1675
f 437 1646 1639
f 494 1706 1696
f 531 1735 1733
f 539 1741 1751
f 568 1770 1779
f 478 1680 1683
f 419 1621 1626
f 509 1711 1721
f 554 1756 1766
f 482 1684 1689
f 576 1780 1778
f 558 1767 1760
f 516 1722 1718
f 425 1627 1629
f 542 1744 1747
f 463 1668 1665
f 434 1636 1641
f 497 1699 1704
f 528 1730 1737
f 546 1748 1750
f 464 1666 1676
f 440 1642 1644
f 500 1705 1702
f 524 1736 1726
f 479 1691 1681
f 418 1623 1620
f 508 1713 1710
f 553 1764 1755
f 569 1781 1771
f 538 1749 1740
f 471 1677 1673
f 443 1645 1647
f 501 1703 1707
f 523 1725 1734
f 467 1674 1669
f 433 1638 1635
f 493 1695 1698
f 527 1732 1729
f 543 1752 1745
f 485 1690 1687
f 572 1777 1774
f 557 1759 1762
f 515 1717 1720
f 428 1630 1632
f 591 2191 2189
f 587 1885 1883
f 588 1901 1903
f 594 2279 2281
f 597 2315 2317
f 600 2171 2173
f 634 2160 2158
f 619 2016 2012
f 639 2214 2210
f 602 1919 1924
f 624 2137 2135
f 608 1978 1973
f 610 1991 1996
f 627 2225 2227
f 630 2302 2304
f 635 2178 2176
f 615 2153 2155
f 617 2009 2014
f 637 2207 2212
f 604 1926 1922
f 416 1857 1864
f 408 1803 1810
f 406 1786 1795
f 412 1822 1831
f 415 1840 1849
f 424 1876 1887
f 492 2182 2193
f 582 2312 2321
f 565 2276 2285
f 514 1898 1907
f 461 2091 2098
f 453 2037 2044
f 451 1952 1961
f 457 2056 2067
f 460 2074 2083
f 475 2128 2139
f 439 1966 1975
f 496 1988 1997
f 533 2222 2231
f 551 2293 2298
f 579 2185 2190
f 483 1879 1884
f 426 1893 1900
f 521 2271 2278
f 566 2307 2314
f 489 2163 2170
f 578 2150 2159
f 560 2006 2015
f 518 2204 2213
f 429 1911 1918
f 547 2131 2136
f 465 1969 1977
f 441 1983 1990
f 504 2217 2224
f 537 2290 2301
f 550 2168 2177
f 476 2145 2152
f 444 2001 2008
f 502 2199 2206
f 526 1916 1925
f 481 1808 1817
f 420 1789 1797
f 510 1825 1833
f 555 1843 1851
f 571 1862 1871
f 540 1933 1941
f 473 2110 2119
f 447 2020 2029
f 507 2236 2247
f 534 2257 2262
f 469 2042 2051
f 435 1947 1954
f 498 2059 2064
f 529 2077 2085
f 545 2096 2105
f 487 2113 2121
f 574 2023 2031
f 562 2239 2244
f 520 2254 2265
f 432 1930 1939
f 589 1818 1814
f 583 1798 1793
f 586 1834 1829
f 593 1852 1847
f 596 1872 1868
f 599 1942 1937
f 633 2120 2124
f 620 2030 2034
f 640 2248 2250
f 603 2263 2261
f 622 2052 2050
f 607 1955 1960
f 612 2065 2063
f 626 2086 2081
f 629 2106 2102
f 631 2122 2117
f 614 2032 2027
f 618 2245 2243
f 641 2266 2268
f 605 1940 1944
f 409 1813 1804
f 405 1792 1785
f 411 1828 1821
f 414 1846 1839
f 417 1867 1858
f 431 1936 1929
f 488 2123 2114
f 575 2033 2024
f 563 2249 2240
f 519 2260 2253
f 454 2049 2038
f 450 1959 1951
f 456 2062 2055
f 459 2080 2073
f 462 2101 2092
f 472 2116 2109
f 446 2026 2019
f 506 2242 2235
f 535 2267 2258
f 541 1943 1934
f 570 1869 1861
f 480 1815 1807
f 421 1799 1790
f 511 1835 1826
f 556 1853 1844
f 484 1889 1880
f 580 2195 2186
f 567 2319 2308
f 522 2283 2272
f 427 1905 1894
f 544 2103 2095
f 468 2046 2041
f 436 1957 1948
f 499 2069 2060
f 530 2087 2078
f 548 2141 2132
f 466 1979 1970
f 442 1993 1984
f 505 2229 2218
f 536 2296 2289
f 491 2188 2181
f 423 1882 1875
f 513 1902 1897
f 564 2280 2275
f 581 2316 2311
f 549 2172 2167
f 477 2157 2146
f 445 2011 2002
f 503 2209 2200
f 525 1923 1915
f 474 2134 2127
f 438 1972 1965
f 495 1995 1987
f 532 2226 2221
f 552 2303 2294
f 490 2175 2164
f 577 2154 2149
f 559 2013 2005
f 517 2211 2203
f 430 1921 1912
f 590 1865 1870
f 584 1811 1816
f 585 1796 1800
f 592 1832 1836
f 595 1850 1854
f 598 1888 1890
f 636 2194 2196
f 621 2322 2320
f 642 2286 2284
f 601 1908 1906
f 623 2099 2104
f 611 2045 2047
f 609 1962 1958
f 625 2068 2070
f 628 2084 2088
f 632 2140 2142
f 613 1976 1980
f 616 1998 1994
f 638 2232 2230
f 606 2299 2297
f 407 2330 2329
f 403 2324 2323
f 404 2325 2326
f 410 2332 2333
f 413 2335 2336
f 422 2344 2345
f 486 2410 2409
f 573 2497 2496
f 561 2486 2485
f 512 2434 2435
f 452 2375 2374
f 448 2369 2368
f 449 2370 2371
f 455 2377 2378
f 458 2380 2381
f 470 2393 2392
f 437 2359 2360
f 494 2415 2416
f 531 2455 2456
f 539 2461 2460
f 568 2489 2488
f 478 2399 2398
f 419 2341 2340
f 509 2431 2430
f 554 2476 2475
f 482 2405 2404
f 576 2500 2501
f 558 2481 2482
f 516 2439 2440
f 425 2348 2347
f 542 2465 2464
f 463 2383 2384
f 434 2356 2355
f 497 2420 2419
f 528 2452 2451
f 546 2471 2470
f 464 2386 2385
f 440 2363 2362
f 500 2422 2423
f 524 2445 2446
f 479 2400 2401
f 418 2338 2339
f 508 2428 2429
f 553 2473 2474
f 569 2490 2491
f 538 2458 2459
f 471 2394 2395
f 443 2366 2365
f 501 2425 2424
f 523 2444 2443
f 467 2389 2390
f 433 2353 2354
f 493 2414 2413
f 527 2449 2450
f 543 2466 2467
f 485 2407 2408
f 572 2494 2495
f 557 2480 2479
f 515 2438 2437
f 428 2351 2350
f 591 2510 2511
f 587 2504 2505
f 588 2508 2507
f 594 2514 2513
f 597 2517 2516
f 600 2520 2519
f 634 2554 2556
f 619 2539 2540
f 639 2560 2561
f 602 2523 2521
f 624 2543 2544
f 608 2527 2529
f 610 2532 2530
f 627 2547 2546
f 630 2550 2549
f 635 2552 2553
f 615 2535 2534
f 617 2538 2536
f 637 2558 2557
f 604 2524 2525
f 167 1607 647
f 164 1603 644
f 163 1604 643
f 165 1610 645
f 166 1613 646
f 169 1622 649
f 192 1686 672
f 222 1773 702
f 216 1761 696
f 199 1712 679
f 182 1652 662
f 179 1648 659
f 178 1649 658
f 180 1655 660
f 181 1658 661
f 186 1670 666
f 174 1637 654
f 193 1694 673
f 205 1731 685
f 212 1739 692
f 221 1768 701
f 189 1678 669
f 170 1619 650
f 202 1709 682
f 217 1754 697
f 191 1682 671
f 220 1776 700
f 214 1758 694
f 200 1716 680
f 171 1625 651
f 210 1742 690
f 183 1663 663
f 175 1634 655
f 196 1697 676
f 207 1728 687
f 211 1746 691
f 187 1664 667
f 176 1640 656
f 195 1700 675
f 203 1724 683
f 188 1679 668
f 168 1618 648
f 198 1708 678
f 213 1753 693
f 218 1769 698
f 208 1738 688
f 185 1671 665
f 177 1643 657
f 197 1701 677
f 206 1723 686
f 184 1667 664
f 173 1633 653
f 194 1693 674
f 204 1727 684
f 209 1743 689
f 190 1685 670
f 219 1772 699
f 215 1757 695
f 201 1715 681
f 172 1628 652
f 357 2187 837
f 255 1881 735
f 262 1899 742
f 388 2277 868
f 400 2313 880
f 352 2169 832
f 347 2156 827
f 298 2010 778
f 364 2208 844
f 269 1917 749
f 339 2133 819
f 285 1971 765
f 293 1989 773
f 370 2223 850
f 396 2300 876
f 353 2174 833
f 346 2151 826
f 299 2007 779
f 365 2205 845
f 268 1920 748
f 249 1855 729
f 231 1801 711
f 226 1784 706
f 238 1820 718
f 244 1838 724
f 257 1874 737
f 359 2180 839
f 402 2310 882
f 390 2274 870
f 264 1896 744
f 327 2089 807
f 309 2035 789
f 282 1950 762
f 317 2054 797
f 322 2072 802
f 341 2126 821
f 286 1964 766
f 294 1986 774
f 372 2220 852
f 394 2291 874
f 358 2183 838
f 256 1877 736
f 261 1891 741
f 387 2269 867
f 399 2305 879
f 351 2161 831
f 348 2148 828
f 300 2004 780
f 366 2202 846
f 267 1909 747
f 340 2129 820
f 287 1967 767
f 291 1981 771
f 369 2215 849
f 395 2288 875
f 354 2166 834
f 345 2143 825
f 297 1999 777
f 363 2197 843
f 270 1914 750
f 234 1806 714
f 227 1787 707
f 239 1823 719
f 245 1841 725
f 252 1860 732
f 275 1931 755
f 334 2108 814
f 304 2018 784
f 377 2234 857
f 382 2255 862
f 312 2040 792
f 279 1945 759
f 316 2057 796
f 323 2075 803
f 330 2094 810
f 335 2111 815
f 305 2021 785
f 376 2237 856
f 383 2252 863
f 274 1928 754
f 232 1812 712
f 225 1791 705
f 237 1827 717
f 243 1845 723
f 250 1866 730
f 273 1935 753
f 336 2118 816
f 306 2028 786
f 378 2246 858
f 381 2259 861
f 311 2048 791
f 281 1953 761
f 315 2061 795
f 321 2079 801
f 328 2100 808
f 333 2115 813
f 303 2025 783
f 375 2241 855
f 384 2264 864
f 276 1938 756
f 229 1802 709
f 223 1783 703
f 235 1819 715
f 241 1837 721
f 247 1856 727
f 271 1927 751
f 332 2112 812
f 302 2022 782
f 374 2238 854
f 379 2251 859
f 307 2036 787
f 278 1949 758
f 313 2053 793
f 319 2071 799
f 325 2090 805
f 331 2107 811
f 301 2017 781
f 373 2233 853
f 380 2256 860
f 272 1932 752
f 248 1859 728
f 230 1805 710
f 224 1788 704
f 236 1824 716
f 242 1842 722
f 254 1878 734
f 356 2184 836
f 397 2306 877
f 385 2270 865
f 259 1892 739
f 326 2093 806
f 308 2039 788
f 277 1946 757
f 314 2058 794
f 320 2076 800
f 338 2130 818
f 284 1968 764
f 289 1982 769
f 367 2216 847
f 391 2287 871
f 355 2179 835
f 253 1873 733
f 260 1895 740
f 386 2273 866
f 398 2309 878
f 350 2165 830
f 343 2144 823
f 295 2000 775
f 361 2198 841
f 266 1913 746
f 337 2125 817
f 283 1963 763
f 290 1985 770
f 368 2219 848
f 392 2292 872
f 349 2162 829
f 344 2147 824
f 296 2003 776
f 362 2201 842
f 265 1910 745
f 251 1863 731
f 233 1809 713
f 228 1794 708
f 240 1830 720
f 246 1848 726
f 258 1886 738
f 360 2192 840
f 401 2318 881
f 389 2282 869
f 263 1904 743
f 329 2097 809
f 310 2043 790
f 280 1956 760
f 318 2066 798
f 324 2082 804
f 342 2138 822
f 288 1974 768
f 292 1992 772
f 371 2228 851
f 393 2295 873
f 409 2331 1269
f 405 2327 1245
f 411 2328 1252
f 414 2334 1288
f 417 2337 1306
f 431 2346 1336
f 488 2412 1551
f 575 2499 1473
f 563 2487 1599
f 519 2436 1354
f 454 2376 1479
f 450 2372 1401
f 456 2373 1408
f 459 2379 1492
f 462 2382 1504
f 472 2396 1533
f 446 2361 1414
f 506 2418 1444
f 535 2457 1594
f 541 2463 1383
f 570 2492 1323
f 480 2402 1275
f 421 2343 1263
f 511 2433 1299
f 556 2478 1317
f 484 2406 1341
f 580 2502 1564
f 567 2484 1462
f 522 2442 1588
f 427 2349 1347
f 544 2468 1521
f 468 2387 1420
f 436 2358 1395
f 499 2421 1497
f 530 2454 1515
f 548 2472 1557
f 466 2388 1425
f 442 2364 1431
f 505 2426 1570
f 536 2448 1372
f 491 2403 1282
f 423 2342 1258
f 513 2432 1294
f 564 2477 1312
f 581 2493 1330
f 549 2462 1378
f 477 2397 1540
f 445 2367 1449
f 503 2427 1575
f 525 2447 1365
f 474 2391 1486
f 438 2357 1390
f 495 2417 1437
f 532 2453 1510
f 552 2469 1528
f 490 2411 1546
f 577 2498 1468
f 559 2483 1455
f 517 2441 1581
f 430 2352 1359
f 590 2509 1272
f 584 2503 1248
f 585 2506 1253
f 592 2512 1289
f 595 2515 1307
f 598 2518 1337
f 636 2555 1554
f 621 2541 1476
f 642 2562 1602
f 601 2522 1355
f 623 2542 1482
f 611 2528 1404
f 609 2531 1409
f 625 2545 1493
f 628 2548 1505
f 632 2551 1536
f 613 2533 1415
f 616 2537 1445
f 638 2559 1595
f 606 2526 1386
f 407 1616 909
f 403 1608 891
f 404 1606 886
f 410 1612 898
f 413 1615 904
f 422 1624 922
f 486 1692 1060
f 573 1782 1240
f 561 1765 1204
f 512 1714 1102
f 452 1661 999
f 448 1653 981
f 449 1651 976
f 455 1657 988
f 458 1660 994
f 470 1675 1024
f 437 1639 952
f 494 1696 1066
f 531 1733 1138
f 539 1751 1179
f 568 1779 1233
f 478 1683 1041
f 419 1626 927
f 509 1721 1119
f 554 1766 1209
f 482 1689 1053
f 576 1778 1228
f 558 1760 1192
f 516 1718 1108
f 425 1629 933
f 542 1747 1167
f 463 1665 1005
f 434 1641 957
f 497 1704 1083
f 528 1737 1150
f 546 1750 1174
f 464 1676 1029
f 440 1644 963
f 500 1702 1077
f 524 1726 1126
f 479 1681 1036
f 418 1620 915
f 508 1710 1095
f 553 1755 1185
f 569 1771 1216
f 538 1740 1155
f 471 1673 1018
f 443 1647 970
f 501 1707 1090
f 523 1734 1143
f 467 1669 1012
f 433 1635 945
f 493 1698 1071
f 527 1729 1131
f 543 1745 1162
f 485 1687 1047
f 572 1774 1221
f 557 1762 1197
f 515 1720 1114
f 428 1632 940
f 591 2189 1284
f 587 1883 1260
f 588 1903 1296
f 594 2281 1314
f 597 2317 1332
f 600 2173 1380
f 634 2158 1542
f 619 2012 1451
f 639 2210 1577
f 602 1924 1367
f 624 2135 1488
f 608 1973 1392
f 610 1996 1439
f 627 2227 1512
f 630 2304 1530
f 635 2176 1548
f 615 2155 1470
f 617 2014 1457
f 637 2212 1583
f 604 1922 1361
f 416 1864 1270
f 408 1810 1246
f 406 1795 1251
f 412 1831 1287
f 415 1849 1305
f 424 1887 1335
f 492 2193 1552
f 582 2321 1474
f 565 2285 1600
f 514 1907 1353
f 461 2098 1480
f 453 2044 1402
f 451 1961 1407
f 457 2067 1491
f 460 2083 1503
f 475 2139 1534
f 439 1975 1413
f 496 1997 1443
f 533 2231 1593
f 551 2298 1384
f 579 2190 1324
f 483 1884 1276
f 426 1900 1264
f 521 2278 1300
f 566 2314 1318
f 489 2170 1342
f 578 2159 1563
f 560 2015 1461
f 518 2213 1587
f 429 1918 1348
f 547 2136 1522
f 465 1977 1419
f 441 1990 1396
f 504 2224 1498
f 537 2301 1516
f 550 2177 1558
f 476 2152 1426
f 444 2008 1432
f 502 2206 1569
f 526 1925 1371
f 481 1817 1281
f 420 1797 1257
f 510 1833 1293
f 555 1851 1311
f 571 1871 1329
f 540 1941 1377
f 473 2119 1539
f 447 2029 1450
f 507 2247 1576
f 534 2262 1366
f 469 2051 1485
f 435 1954 1389
f 498 2064 1438
f 529 2085 1509
f 545 2105 1527
f 487 2121 1545
f 574 2031 1467
f 562 2244 1456
f 520 2265 1582
f 432 1939 1360
f 589 1814 1271
f 583 1793 1247
f 586 1829 1254
f 593 1847 1290
f 596 1868 1308
f 599 1937 1338
f 633 2124 1553
f 620 2034 1475
f 640 2250 1601
f 603 2261 1356
f 622 2050 1481
f 607 1960 1403
f 612 2063 1410
f 626 2081 1494
f 629 2102 1506
f 631 2117 1535
f 614 2027 1416
f 618 2243 1446
f 641 2268 1596
f 605 1944 1385
f 409 1804 894
f 405 1785 887
f 411 1821 899
f 414 1839 905
f 417 1858 912
f 431 1929 941
f 488 2114 1050
f 575 2024 1224
f 563 2240 1200
f 519 2253 1115
f 454 2038 984
f 450 1951 977
f 456 2055 989
f 459 2073 995
f 462 2092 1002
f 472 2109 1019
f 446 2019 971
f 506 2235 1091
f 535 2258 1146
f 541 1934 1158
f 570 1861 1217
f 480 1807 1037
f 421 1790 918
f 511 1826 1098
f 556 1844 1188
f 484 1880 1044
f 580 2186 1236
f 567 2308 1212
f 522 2272 1122
f 427 1894 930
f 544 2095 1163
f 468 2041 1013
f 436 1948 948
f 499 2060 1074
f 530 2078 1134
f 548 2132 1170
f 466 1970 1008
f 442 1984 960
f 505 2218 1086
f 536 2289 1151
f 491 2181 1061
f 423 1875 923
f 513 1897 1103
f 564 2275 1205
f 581 2311 1241
f 549 2167 1175
f 477 2146 1032
f 445 2002 966
f 503 2200 1080
f 525 1915 1127
f 474 2127 1025
f 438 1965 953
f 495 1987 1067
f 532 2221 1139
f 552 2294 1182
f 490 2164 1056
f 577 2149 1229
f 559 2005 1193
f 517 2203 1109
f 430 1912 936
f 590 1870 1325
f 584 1816 1277
f 585 1800 1265
f 592 1836 1301
f 595 1854 1319
f 598 1890 1343
f 636 2196 1566
f 621 2320 1464
f 642 2284 1590
f 601 1906 1349
f 623 2104 1523
f 611 2047 1422
f 609 1958 1397
f 625 2070 1499
f 628 2088 1517
f 632 2142 1559
f 613 1980 1427
f 616 1994 1433
f 638 2230 1572
f 606 2297 1374
f 407 2329 892
f 403 2323 885
f 404 2326 897
f 410 2333 903
f 413 2336 910
f 422 2345 939
f 486 2409 1048
f 573 2496 1222
f 561 2485 1198
f 512 2435 1113
f 452 2374 982
f 448 2368 975
f 449 2371 987
f 455 2378 993
f 458 2381 1000
f 470 2392 1017
f 437 2360 969
f 494 2416 1089
f 531 2456 1144
f 539 2460 1156
f 568 2488 1215
f 478 2398 1035
f 419 2340 916
f 509 2430 1096
f 554 2475 1186
f 482 2404 1042
f 576 2501 1234
f 558 2482 1210
f 516 2440 1120
f 425 2347 928
f 542 2464 1161
f 463 2384 1011
f 434 2355 946
f 497 2419 1072
f 528 2451 1132
f 546 2470 1168
f 464 2385 1006
f 440 2362 958
f 500 2423 1084
f 524 2446 1149
f 479 2401 1059
f 418 2339 921
f 508 2429 1101
f 553 2474 1203
f 569 2491 1239
f 538 2459 1173
f 471 2395 1030
f 443 2365 964
f 501 2424 1078
f 523 2443 1125
f 467 2390 1023
f 433 2354 951
f 493 2413 1065
f 527 2450 1137
f 543 2467 1180
f 485 2408 1054
f 572 2495 1227
f 557 2479 1191
f 515 2437 1107
f 428 2350 934
f 591 2511 1326
f 587 2505 1278
f 588 2507 1266
f 594 2513 1302
f 597 2516 1320
f 600 2519 1344
f 634 2556 1565
f 619 2540 1463
f 639 2561 1589
f 602 2521 1350
f 624 2544 1524
f 608 2529 1421
f 610 2530 1398
f 627 2546 1500
f 630 2549 1518
f 635 2553 1560
f 615 2534 1428
f 617 2536 1434
f 637 2557 1571
f 604 2525 1373
f 164 1609 889
f 163 1605 883
f 165 1611 895
f 166 1614 901
f 167 1617 907
f 172 1631 937
f 190 1688 1045
f 219 1775 1219
f 215 1763 1195
f 201 1719 1111
f 179 1654 979
f 178 1650 973
f 180 1656 985
f 181 1659 991
f 182 1662 997
f 185 1672 1015
f 177 1646 967
f 197 1706 1087
f 206 1735 1141
f 208 1741 1153
f 218 1770 1213
f 188 1680 1033
f 168 1621 913
f 198 1711 1093
f 213 1756 1183
f 189 1684 1039
f 221 1780 1231
f 217 1767 1207
f 202 1722 1117
f 170 1627 925
f 209 1744 1159
f 184 1668 1009
f 173 1636 943
f 194 1699 1069
f 204 1730 1129
f 210 1748 1165
f 183 1666 1003
f 175 1642 955
f 196 1705 1081
f 207 1736 1147
f 192 1691 1057
f 169 1623 919
f 199 1713 1099
f 216 1764 1201
f 222 1781 1237
f 211 1749 1171
f 187 1677 1027
f 176 1645 961
f 195 1703 1075
f 203 1725 1123
f 186 1674 1021
f 174 1638 949
f 193 1695 1063
f 205 1732 1135
f 212 1752 1177
f 191 1690 1051
f 220 1777 1225
f 214 1759 1189
f 200 1717 1105
f 171 1630 931
f 358 2191 1322
f 256 1885 1274
f 261 1901 1262
f 387 2279 1298
f 399 2315 1316
f 351 2171 1340
f 348 2160 1561
f 300 2016 1459
f 366 2214 1585
f 267 1919 1346
f 340 2137 1520
f 287 1978 1417
f 291 1991 1394
f 369 2225 1496
f 395 2302 1514
f 354 2178 1556
f 345 2153 1424
f 297 2009 1430
f 363 2207 1567
f 270 1926 1369
f 247 1857 908
f 229 1803 890
f 223 1786 884
f 235 1822 896
f 241 1840 902
f 253 1876 920
f 355 2182 1058
f 398 2312 1238
f 386 2276 1202
f 260 1898 1100
f 325 2091 998
f 307 2037 980
f 278 1952 974
f 313 2056 986
f 319 2074 992
f 337 2128 1022
f 283 1966 950
f 290 1988 1064
f 368 2222 1136
f 392 2293 1178
f 356 2185 1232
f 254 1879 1040
f 259 1893 926
f 385 2271 1118
f 397 2307 1208
f 349 2163 1052
f 344 2150 1226
f 296 2006 1190
f 362 2204 1106
f 265 1911 932
f 338 2131 1166
f 284 1969 1004
f 289 1983 956
f 367 2217 1082
f 391 2290 1148
f 350 2168 1172
f 343 2145 1028
f 295 2001 962
f 361 2199 1076
f 266 1916 1124
f 230 1808 1034
f 224 1789 914
f 236 1825 1094
f 242 1843 1184
f 248 1862 1214
f 272 1933 1154
f 331 2110 1016
f 301 2020 968
f 373 2236 1088
f 380 2257 1142
f 308 2042 1010
f 277 1947 944
f 314 2059 1070
f 320 2077 1130
f 326 2096 1160
f 332 2113 1046
f 302 2023 1220
f 374 2239 1196
f 379 2254 1112
f 271 1930 938
f 234 1818 1279
f 227 1798 1255
f 239 1834 1291
f 245 1852 1309
f 252 1872 1327
f 275 1942 1375
f 334 2120 1537
f 304 2030 1448
f 377 2248 1574
f 382 2263 1364
f 312 2052 1483
f 279 1955 1387
f 316 2065 1436
f 323 2086 1507
f 330 2106 1525
f 335 2122 1543
f 305 2032 1465
f 376 2245 1454
f 383 2266 1580
f 274 1940 1358
f 232 1813 1267
f 225 1792 1243
f 237 1828 1250
f 243 1846 1286
f 250 1867 1304
f 273 1936 1334
f 336 2123 1549
f 306 2033 1471
f 378 2249 1597
f 381 2260 1352
f 311 2049 1477
f 281 1959 1399
f 315 2062 1406
f 321 2080 1490
f 328 2101 1502
f 333 2116 1531
f 303 2026 1412
f 375 2242 1442
f 384 2267 1592
f 276 1943 1381
f 251 1869 1321
f 233 1815 1273
f 228 1799 1261
f 240 1835 1297
f 246 1853 1315
f 258 1889 1339
f 360 2195 1562
f 401 2319 1460
f 389 2283 1586
f 263 1905 1345
f 329 2103 1519
f 310 2046 1418
f 280 1957 1393
f 318 2069 1495
f 324 2087 1513
f 342 2141 1555
f 288 1979 1423
f 292 1993 1429
f 371 2229 1568
f 393 2296 1370
f 357 2188 1280
f 255 1882 1256
f 262 1902 1292
f 388 2280 1310
f 400 2316 1328
f 352 2172 1376
f 347 2157 1538
f 298 2011 1447
f 364 2209 1573
f 269 1923 1363
f 339 2134 1484
f 285 1972 1388
f 293 1995 1435
f 370 2226 1508
f 396 2303 1526
f 353 2175 1544
f 346 2154 1466
f 299 2013 1453
f 365 2211 1579
f 268 1921 1357
f 249 1865 1268
f 231 1811 1244
f 226 1796 1249
f 238 1832 1285
f 244 1850 1303
f 257 1888 1333
f 359 2194 1550
f 402 2322 1472
f 390 2286 1598
f 264 1908 1351
f 327 2099 1478
f 309 2045 1400
f 282 1962 1405
f 317 2068 1489
f 322 2084 1501
f 341 2140 1532
f 286 1976 1411
f 294 1998 1441
f 372 2232 1591
f 394 2299 1382
f 416 2330 911
f 408 2324 893
f 406 2325 888
f 412 2332 900
f 415 2335 906
f 424 2344 924
f 492 2410 1062
f 582 2497 1242
f 565 2486 1206
f 514 2434 1104
f 461 2375 1001
f 453 2369 983
f 451 2370 978
f 457 2377 990
f 460 2380 996
f 475 2393 1026
f 439 2359 954
f 496 2415 1068
f 533 2455 1140
f 551 2461 1181
f 579 2489 1235
f 483 2399 1043
f 426 2341 929
f 521 2431 1121
f 566 2476 1211
f 489 2405 1055
f 578 2500 1230
f 560 2481 1194
f 518 2439 1110
f 429 2348 935
f 547 2465 1169
f 465 2383 1007
f 441 2356 959
f 504 2420 1085
f 537 2452 1152
f 550 2471 1176
f 476 2386 1031
f 444 2363 965
f 502 2422 1079
f 526 2445 1128
f 481 2400 1038
f 420 2338 917
f 510 2428 1097
f 555 2473 1187
f 571 2490 1218
f 540 2458 1157
f 473 2394 1020
f 447 2366 972
f 507 2425 1092
f 534 2444 1145
f 469 2389 1014
f 435 2353 947
f 498 2414 1073
f 529 2449 1133
f 545 2466 1164
f 487 2407 1049
f 574 2494 1223
f 562 2480 1199
f 520 2438 1116
f 432 2351 942
f 589 2510 1283
f 583 2504 1259
f 586 2508 1295
f 593 2514 1313
f 596 2517 1331
f 599 2520 1379
f 633 2554 1541
f 620 2539 1452
f 640 2560 1578
f 603 2523 1368
f 622 2543 1487
f 607 2527 1391
f 612 2532 1440
f 626 2547 1511
f 629 2550 1529
f 631 2552 1547
f 614 2535 1469
f 618 2538 1458
f 641 2558 1584
f 605 2524 1362
f 164 1607 1609
f 163 1603 1605
f 165 1604 1611
f 166 1610 1614
f 167 1613 1617
f 172 1622 1631
f 190 1686 1688
f 219 1773 1775
f 215 1761 1763
f 201 1712 1719
f 179 1652 1654
f 178 1648 1650
f 180 1649 1656
f 181 1655 1659
f 182 1658 1662
f 185 1670 1672
f 177 1637 1646
f 197 1694 1706
f 206 1731 1735
f 208 1739 1741
f 218 1768 1770
f 188 1678 1680
f 168 1619 1621
f 198 1709 1711
f 213 1754 1756
f 189 1682 1684
f 221 1776 1780
f 217 1758 1767
f 202 1716 1722
f 170 1625 1627
f 209 1742 1744
f 184 1663 1668
f 173 1634 1636
f 194 1697 1699
f 204 1728 1730
f 210 1746 1748
f 183 1664 1666
f 175 1640 1642
f 196 1700 1705
f 207 1724 1736
f 192 1679 1691
f 169 1618 1623
f 199 1708 1713
f 216 1753 1764
f 222 1769 1781
f 211 1738 1749
f 187 1671 1677
f 176 1643 1645
f 195 1701 1703
f 203 1723 1725
f 186 1667 1674
f 174 1633 1638
f 193 1693 1695
f 205 1727 1732
f 212 1743 1752
f 191 1685 1690
f 220 1772 1777
f 214 1757 1759
f 200 1715 1717
f 171 1628 1630
f 358 2187 2191
f 256 1881 1885
f 261 1899 1901
f 387 2277 2279
f 399 2313 2315
f 351 2169 2171
f 348 2156 2160
f 300 2010 2016
f 366 2208 2214
f 267 1917 1919
f 340 2133 2137
f 287 1971 1978
f 291 1989 1991
f 369 2223 2225
f 395 2300 2302
f 354 2174 2178
f 345 2151 2153
f 297 2007 2009
f 363 2205 2207
f 270 1920 1926
f 247 1855 1857
f 229 1801 1803
f 223 1784 1786
f 235 1820 1822
f 241 1838 1840
f 253 1874 1876
f 355 2180 2182
f 398 2310 2312
f 386 2274 2276
f 260 1896 1898
f 325 2089 2091
f 307 2035 2037
f 278 1950 1952
f 313 2054 2056
f 319 2072 2074
f 337 2126 2128
f 283 1964 1966
f 290 1986 1988
f 368 2220 2222
f 392 2291 2293
f 356 2183 2185
f 254 1877 1879
f 259 1891 1893
f 385 2269 2271
f 397 2305 2307
f 349 2161 2163
f 344 2148 2150
f 296 2004 2006
f 362 2202 2204
f 265 1909 1911
f 338 2129 2131
f 284 1967 1969
f 289 1981 1983
f 367 2215 2217
f 391 2288 2290
f 350 2166 2168
f 343 2143 2145
f 295 1999 2001
f 361 2197 2199
f 266 1914 1916
f 230 1806 1808
f 224 1787 1789
f 236 1823 1825
f 242 1841 1843
f 248 1860 1862
f 272 1931 1933
f 331 2108 2110
f 301 2018 2020
f 373 2234 2236
f 380 2255 2257
f 308 2040 2042
f 277 1945 1947
f 314 2057 2059
f 320 2075 2077
f 326 2094 2096
f 332 2111 2113
f 302 2021 2023
f 374 2237 2239
f 379 2252 2254
f 271 1928 1930
f 234 1812 1818
f 227 1791 1798
f 239 1827 1834
f 245 1845 1852
f 252 1866 1872
f 275 1935 1942
f 334 2118 2120
f 304 2028 2030
f 377 2246 2248
f 382 2259 2263
f 312 2048 2052
f 279 1953 1955
f 316 2061 2065
f 323 2079 2086
f 330 2100 2106
f 335 2115 2122
f 305 2025 2032
f 376 2241 2245
f 383 2264 2266
f 274 1938 1940
f 232 1802 1813
f 225 1783 1792
f 237 1819 1828
f 243 1837 1846
f 250 1856 1867
f 273 1927 1936
f 336 2112 2123
f 306 2022 2033
f 378 2238 2249
f 381 2251 2260
f 311 2036 2049
f 281 1949 1959
f 315 2053 2062
f 321 2071 2080
f 328 2090 2101
f 333 2107 2116
f 303 2017 2026
f 375 2233 2242
f 384 2256 2267
f 276 1932 1943
f 251 1859 1869
f 233 1805 1815
f 228 1788 1799
f 240 1824 1835
f 246 1842 1853
f 258 1878 1889
f 360 2184 2195
f 401 2306 2319
f 389 2270 2283
f 263 1892 1905
f 329 2093 2103
f 310 2039 2046
f 280 1946 1957
f 318 2058 2069
f 324 2076 2087
f 342 2130 2141
f 288 1968 1979
f 292 1982 1993
f 371 2216 2229
f 393 2287 2296
f 357 2179 2188
f 255 1873 1882
f 262 1895 1902
f 388 2273 2280
f 400 2309 2316
f 352 2165 2172
f 347 2144 2157
f 298 2000 2011
f 364 2198 2209
f 269 1913 1923
f 339 2125 2134
f 285 1963 1972
f 293 1985 1995
f 370 2219 2226
f 396 2292 2303
f 353 2162 2175
f 346 2147 2154
f 299 2003 2013
f 365 2201 2211
f 268 1910 1921
f 249 1863 1865
f 231 1809 1811
f 226 1794 1796
f 238 1830 1832
f 244 1848 1850
f 257 1886 1888
f 359 2192 2194
f 402 2318 2322
f 390 2282 2286
f 264 1904 1908
f 327 2097 2099
f 309 2043 2045
f 282 1956 1962
f 317 2066 2068
f 322 2082 2084
f 341 2138 2140
f 286 1974 1976
f 294 1992 1998
f 372 2228 2232
f 394 2295 2299
f 416 2331 2330
f 408 2327 2324
f 406 2328 2325
f 412 2334 2332
f 415 2337 2335
f 424 2346 2344
f 492 2412 2410
f 582 2499 2497
f 565 2487 2486
f 514 2436 2434
f 461 2376 2375
f 453 2372 2369
f 451 2373 2370
f 457 2379 2377
f 460 2382 2380
f 475 2396 2393
f 439 2361 2359
f 496 2418 2415
f 533 2457 2455
f 551 2463 2461
f 579 2492 2489
f 483 2402 2399
f 426 2343 2341
f 521 2433 2431
f 566 2478 2476
f 489 2406 2405
f 578 2502 2500
f 560 2484 2481
f 518 2442 2439
f 429 2349 2348
f 547 2468 2465
f 465 2387 2383
f 441 2358 2356
f 504 2421 2420
f 537 2454 2452
f 550 2472 2471
f 476 2388 2386
f 444 2364 2363
f 502 2426 2422
f 526 2448 2445
f 481 2403 2400
f 420 2342 2338
f 510 2432 2428
f 555 2477 2473
f 571 2493 2490
f 540 2462 2458
f 473 2397 2394
f 447 2367 2366
f 507 2427 2425
f 534 2447 2444
f 469 2391 2389
f 435 2357 2353
f 498 2417 2414
f 529 2453 2449
f 545 2469 2466
f 487 2411 2407
f 574 2498 2494
f 562 2483 2480
f 520 2441 2438
f 432 2352 2351
f 589 2509 2510
f 583 2503 2504
f 586 2506 2508
f 593 2512 2514
f 596 2515 2517
f 599 2518 2520
f 633 2555 2554
f 620 2541 2539
f 640 2562 2560
f 603 2522 2523
f 622 2542 2543
f 607 2528 2527
f 612 2531 2532
f 626 2545 2547
f 629 2548 2550
f 631 2551 2552
f 614 2533 2535
f 618 2537 2538
f 641 2559 2558
f 605 2526 2524
f 164 644 1607
f 163 643 1603
f 165 645 1604
f 166 646 1610
f 167 647 1613
f 172 652 1622
f 190 670 1686
f 219 699 1773
f 215 695 1761
f 201 681 1712
f 179 659 1652
f 178 658 1648
f 180 660 1649
f 181 661 1655
f 182 662 1658
f 185 665 1670
f 177 657 1637
f 197 677 1694
f 206 686 1731
f 208 688 1739
f 218 698 1768
f 188 668 1678
f 168 648 1619
f 198 678 1709
f 213 693 1754
f 189 669 1682
f 221 701 1776
f 217 697 1758
f 202 682 1716
f 170 650 1625
f 209 689 1742
f 184 664 1663
f 173 653 1634
f 194 674 1697
f 204 684 1728
f 210 690 1746
f 183 663 1664
f 175 655 1640
f 196 676 1700
f 207 687 1724
f 192 672 1679
f 169 649 1618
f 199 679 1708
f 216 696 1753
f 222 702 1769
f 211 691 1738
f 187 667 1671
f 176 656 1643
f 195 675 1701
f 203 683 1723
f 186 666 1667
f 174 654 1633
f 193 673 1693
f 205 685 1727
f 212 692 1743
f 191 671 1685
f 220 700 1772
f 214 694 1757
f 200 680 1715
f 171 651 1628
f 358 838 2187
f 256 736 1881
f 261 741 1899
f 387 867 2277
f 399 879 2313
f 351 831 2169
f 348 828 2156
f 300 780 2010
f 366 846 2208
f 267 747 1917
f 340 820 2133
f 287 767 1971
f 291 771 1989
f 369 849 2223
f 395 875 2300
f 354 834 2174
f 345 825 2151
f 297 777 2007
f 363 843 2205
f 270 750 1920
f 247 727 1855
f 229 709 1801
f 223 703 1784
f 235 715 1820
f 241 721 1838
f 253 733 1874
f 355 835 2180
f 398 878 2310
f 386 866 2274
f 260 740 1896
f 325 805 2089
f 307 787 2035
f 278 758 1950
f 313 793 2054
f 319 799 2072
f 337 817 2126
f 283 763 1964
f 290 770 1986
f 368 848 2220
f 392 872 2291
f 356 836 2183
f 254 734 1877
f 259 739 1891
f 385 865 2269
f 397 877 2305
f 349 829 2161
f 344 824 2148
f 296 776 2004
f 362 842 2202
f 265 745 1909
f 338 818 2129
f 284 764 1967
f 289 769 1981
f 367 847 2215
f 391 871 2288
f 350 830 2166
f 343 823 2143
f 295 775 1999
f 361 841 2197
f 266 746 1914
f 230 710 1806
f 224 704 1787
f 236 716 1823
f 242 722 1841
f 248 728 1860
f 272 752 1931
f 331 811 2108
f 301 781 2018
f 373 853 2234
f 380 860 2255
f 308 788 2040
f 277 757 1945
f 314 794 2057
f 320 800 2075
f 326 806 2094
f 332 812 2111
f 302 782 2021
f 374 854 2237
f 379 859 2252
f 271 751 1928
f 234 714 1812
f 227 707 1791
f 239 719 1827
f 245 725 1845
f 252 732 1866
f 275 755 1935
f 334 814 2118
f 304 784 2028
f 377 857 2246
f 382 862 2259
f 312 792 2048
f 279 759 1953
f 316 796 2061
f 323 803 2079
f 330 810 2100
f 335 815 2115
f 305 785 2025
f 376 856 2241
f 383 863 2264
f 274 754 1938
f 232 712 1802
f 225 705 1783
f 237 717 1819
f 243 723 1837
f 250 730 1856
f 273 753 1927
f 336 816 2112
f 306 786 2022
f 378 858 2238
f 381 861 2251
f 311 791 2036
f 281 761 1949
f 315 795 2053
f 321 801 2071
f 328 808 2090
f 333 813 2107
f 303 783 2017
f 375 855 2233
f 384 864 2256
f 276 756 1932
f 251 731 1859
f 233 713 1805
f 228 708 1788
f 240 720 1824
f 246 726 1842
f 258 738 1878
f 360 840 2184
f 401 881 2306
f 389 869 2270
f 263 743 1892
f 329 809 2093
f 310 790 2039
f 280 760 1946
f 318 798 2058
f 324 804 2076
f 342 822 2130
f 288 768 1968
f 292 772 1982
f 371 851 2216
f 393 873 2287
f 357 837 2179
f 255 735 1873
f 262 742 1895
f 388 868 2273
f 400 880 2309
f 352 832 2165
f 347 827 2144
f 298 778 2000
f 364 844 2198
f 269 749 1913
f 339 819 2125
f 285 765 1963
f 293 773 1985
f 370 850 2219
f 396 876 2292
f 353 833 2162
f 346 826 2147
f 299 779 2003
f 365 845 2201
f 268 748 1910
f 249 729 1863
f 231 711 1809
f 226 706 1794
f 238 718 1830
f 244 724 1848
f 257 737 1886
f 359 839 2192
f 402 882 2318
f 390 870 2282
f 264 744 1904
f 327 807 2097
f 309 789 2043
f 282 762 1956
f 317 797 2066
f 322 802 2082
f 341 821 2138
f 286 766 1974
f 294 774 1992
f 372 852 2228
f 394 874 2295
f 416 1270 2331
f 408 1246 2327
f 406 1251 2328
f 412 1287 2334
f 415 1305 2337
f 424 1335 2346
f 492 1552 2412
f 582 1474 2499
f 565 1600 2487
f 514 1353 2436
f 461 1480 2376
f 453 1402 2372
f 451 1407 2373
f 457 1491 2379
f 460 1503 2382
f 475 1534 2396
f 439 1413 2361
f 496 1443 2418
f 533 1593 2457
f 551 1384 2463
f 579 1324 2492
f 483 1276 2402
f 426 1264 2343
f 521 1300 2433
f 566 1318 2478
f 489 1342 2406
f 578 1563 2502
f 560 1461 2484
f 518 1587 2442
f 429 1348 2349
f 547 1522 2468
f 465 1419 2387
f 441 1396 2358
f 504 1498 2421
f 537 1516 2454
f 550 1558 2472
f 476 1426 2388
f 444 1432 2364
f 502 1569 2426
f 526 1371 2448
f 481 1281 2403
f 420 1257 2342
f 510 1293 2432
f 555 1311 2477
f 571 1329 2493
f 540 1377 2462
f 473 1539 2397
f 447 1450 2367
f 507 1576 2427
f 534 1366 2447
f 469 1485 2391
f 435 1389 2357
f 498 1438 2417
f 529 1509 2453
f 545 1527 2469
f 487 1545 2411
f 574 1467 2498
f 562 1456 2483
f 520 1582 2441
f 432 1360 2352
f 589 1271 2509
f 583 1247 2503
f 586 1254 2506
f 593 1290 2512
f 596 1308 2515
f 599 1338 2518
f 633 1553 2555
f 620 1475 2541
f 640 1601 2562
f 603 1356 2522
f 622 1481 2542
f 607 1403 2528
f 612 1410 2531
f 626 1494 2545
f 629 1506 2548
f 631 1535 2551
f 614 1416 2533
f 618 1446 2537
f 641 1596 2559
f 605 1385 2526
f 167 907 1616
f 164 889 1608
f 163 883 1606
f 165 895 1612
f 166 901 1615
f 169 919 1624
f 192 1057 1692
f 222 1237 1782
f 216 1201 1765
f 199 1099 1714
f 182 997 1661
f 179 979 1653
f 178 973 1651
f 180 985 1657
f 181 991 1660
f 186 1021 1675
f 174 949 1639
f 193 1063 1696
f 205 1135 1733
f 212 1177 1751
f 221 1231 1779
f 189 1039 1683
f 170 925 1626
f 202 1117 1721
f 217 1207 1766
f 191 1051 1689
f 220 1225 1778
f 214 1189 1760
f 200 1105 1718
f 171 931 1629
f 210 1165 1747
f 183 1003 1665
f 175 955 1641
f 196 1081 1704
f 207 1147 1737
f 211 1171 1750
f 187 1027 1676
f 176 961 1644
f 195 1075 1702
f 203 1123 1726
f 188 1033 1681
f 168 913 1620
f 198 1093 1710
f 213 1183 1755
f 218 1213 1771
f 208 1153 1740
f 185 1015 1673
f 177 967 1647
f 197 1087 1707
f 206 1141 1734
f 184 1009 1669
f 173 943 1635
f 194 1069 1698
f 204 1129 1729
f 209 1159 1745
f 190 1045 1687
f 219 1219 1774
f 215 1195 1762
f 201 1111 1720
f 172 937 1632
f 357 1280 2189
f 255 1256 1883
f 262 1292 1903
f 388 1310 2281
f 400 1328 2317
f 352 1376 2173
f 347 1538 2158
f 298 1447 2012
f 364 1573 2210
f 269 1363 1924
f 339 1484 2135
f 285 1388 1973
f 293 1435 1996
f 370 1508 2227
f 396 1526 2304
f 353 1544 2176
f 346 1466 2155
f 299 1453 2014
f 365 1579 2212
f 268 1357 1922
f 249 1268 1864
f 231 1244 1810
f 226 1249 1795
f 238 1285 1831
f 244 1303 1849
f 257 1333 1887
f 359 1550 2193
f 402 1472 2321
f 390 1598 2285
f 264 1351 1907
f 327 1478 2098
f 309 1400 2044
f 282 1405 1961
f 317 1489 2067
f 322 1501 2083
f 341 1532 2139
f 286 1411 1975
f 294 1441 1997
f 372 1591 2231
f 394 1382 2298
f 358 1322 2190
f 256 1274 1884
f 261 1262 1900
f 387 1298 2278
f 399 1316 2314
f 351 1340 2170
f 348 1561 2159
f 300 1459 2015
f 366 1585 2213
f 267 1346 1918
f 340 1520 2136
f 287 1417 1977
f 291 1394 1990
f 369 1496 2224
f 395 1514 2301
f 354 1556 2177
f 345 1424 2152
f 297 1430 2008
f 363 1567 2206
f 270 1369 1925
f 234 1279 1817
f 227 1255 1797
f 239 1291 1833
f 245 1309 1851
f 252 1327 1871
f 275 1375 1941
f 334 1537 2119
f 304 1448 2029
f 377 1574 2247
f 382 1364 2262
f 312 1483 2051
f 279 1387 1954
f 316 1436 2064
f 323 1507 2085
f 330 1525 2105
f 335 1543 2121
f 305 1465 2031
f 376 1454 2244
f 383 1580 2265
f 274 1358 1939
f 232 1267 1814
f 225 1243 1793
f 237 1250 1829
f 243 1286 1847
f 250 1304 1868
f 273 1334 1937
f 336 1549 2124
f 306 1471 2034
f 378 1597 2250
f 381 1352 2261
f 311 1477 2050
f 281 1399 1960
f 315 1406 2063
f 321 1490 2081
f 328 1502 2102
f 333 1531 2117
f 303 1412 2027
f 375 1442 2243
f 384 1592 2268
f 276 1381 1944
f 229 890 1804
f 223 884 1785
f 235 896 1821
f 241 902 1839
f 247 908 1858
f 271 938 1929
f 332 1046 2114
f 302 1220 2024
f 374 1196 2240
f 379 1112 2253
f 307 980 2038
f 278 974 1951
f 313 986 2055
f 319 992 2073
f 325 998 2092
f 331 1016 2109
f 301 968 2019
f 373 1088 2235
f 380 1142 2258
f 272 1154 1934
f 248 1214 1861
f 230 1034 1807
f 224 914 1790
f 236 1094 1826
f 242 1184 1844
f 254 1040 1880
f 356 1232 2186
f 397 1208 2308
f 385 1118 2272
f 259 926 1894
f 326 1160 2095
f 308 1010 2041
f 277 944 1948
f 314 1070 2060
f 320 1130 2078
f 338 1166 2132
f 284 1004 1970
f 289 956 1984
f 367 1082 2218
f 391 1148 2289
f 355 1058 2181
f 253 920 1875
f 260 1100 1897
f 386 1202 2275
f 398 1238 2311
f 350 1172 2167
f 343 1028 2146
f 295 962 2002
f 361 1076 2200
f 266 1124 1915
f 337 1022 2127
f 283 950 1965
f 290 1064 1987
f 368 1136 2221
f 392 1178 2294
f 349 1052 2164
f 344 1226 2149
f 296 1190 2005
f 362 1106 2203
f 265 932 1912
f 251 1321 1870
f 233 1273 1816
f 228 1261 1800
f 240 1297 1836
f 246 1315 1854
f 258 1339 1890
f 360 1562 2196
f 401 1460 2320
f 389 1586 2284
f 263 1345 1906
f 329 1519 2104
f 310 1418 2047
f 280 1393 1958
f 318 1495 2070
f 324 1513 2088
f 342 1555 2142
f 288 1423 1980
f 292 1429 1994
f 371 1568 2230
f 393 1370 2297
f 409 894 2329
f 405 887 2323
f 411 899 2326
f 414 905 2333
f 417 912 2336
f 431 941 2345
f 488 1050 2409
f 575 1224 2496
f 563 1200 2485
f 519 1115 2435
f 454 984 2374
f 450 977 2368
f 456 989 2371
f 459 995 2378
f 462 1002 2381
f 472 1019 2392
f 446 971 2360
f 506 1091 2416
f 535 1146 2456
f 541 1158 2460
f 570 1217 2488
f 480 1037 2398
f 421 918 2340
f 511 1098 2430
f 556 1188 2475
f 484 1044 2404
f 580 1236 2501
f 567 1212 2482
f 522 1122 2440
f 427 930 2347
f 544 1163 2464
f 468 1013 2384
f 436 948 2355
f 499 1074 2419
f 530 1134 2451
f 548 1170 2470
f 466 1008 2385
f 442 960 2362
f 505 1086 2423
f 536 1151 2446
f 491 1061 2401
f 423 923 2339
f 513 1103 2429
f 564 1205 2474
f 581 1241 2491
f 549 1175 2459
f 477 1032 2395
f 445 966 2365
f 503 1080 2424
f 525 1127 2443
f 474 1025 2390
f 438 953 2354
f 495 1067 2413
f 532 1139 2450
f 552 1182 2467
f 490 1056 2408
f 577 1229 2495
f 559 1193 2479
f 517 1109 2437
f 430 936 2350
f 590 1325 2511
f 584 1277 2505
f 585 1265 2507
f 592 1301 2513
f 595 1319 2516
f 598 1343 2519
f 636 1566 2556
f 621 1464 2540
f 642 1590 2561
f 601 1349 2521
f 623 1523 2544
f 611 1422 2529
f 609 1397 2530
f 625 1499 2546
f 628 1517 2549
f 632 1559 2553
f 613 1427 2534
f 616 1433 2536
f 638 1572 2557
f 606 1374 2525
f 407 892 1609
f 403 885 1605
f 404 897 1611
f 410 903 1614
f 413 910 1617
f 422 939 1631
f 486 1048 1688
f 573 1222 1775
f 561 1198 1763
f 512 1113 1719
f 452 982 1654
f 448 975 1650
f 449 987 1656
f 455 993 1659
f 458 1000 1662
f 470 1017 1672
f 437 969 1646
f 494 1089 1706
f 531 1144 1735
f 539 1156 1741
f 568 1215 1770
f 478 1035 1680
f 419 916 1621
f 509 1096 1711
f 554 1186 1756
f 482 1042 1684
f 576 1234 1780
f 558 1210 1767
f 516 1120 1722
f 425 928 1627
f 542 1161 1744
f 463 1011 1668
f 434 946 1636
f 497 1072 1699
f 528 1132 1730
f 546 1168 1748
f 464 1006 1666
f 440 958 1642
f 500 1084 1705
f 524 1149 1736
f 479 1059 1691
f 418 921 1623
f 508 1101 1713
f 553 1203 1764
f 569 1239 1781
f 538 1173 1749
f 471 1030 1677
f 443 964 1645
f 501 1078 1703
f 523 1125 1725
f 467 1023 1674
f 433 951 1638
f 493 1065 1695
f 527 1137 1732
f 543 1180 1752
f 485 1054 1690
f 572 1227 1777
f 557 1191 1759
f 515 1107 1717
f 428 934 1630
f 591 1326 2191
f 587 1278 1885
f 588 1266 1901
f 594 1302 2279
f 597 1320 2315
f 600 1344 2171
f 634 1565 2160
f 619 1463 2016
f 639 1589 2214
f 602 1350 1919
f 624 1524 2137
f 608 1421 1978
f 610 1398 1991
f 627 1500 2225
f 630 1518 2302
f 635 1560 2178
f 615 1428 2153
f 617 1434 2009
f 637 1571 2207
f 604 1373 1926
f 416 911 1857
f 408 893 1803
f 406 888 1786
f 412 900 1822
f 415 906 1840
f 424 924 1876
f 492 1062 2182
f 582 1242 2312
f 565 1206 2276
f 514 1104 1898
f 461 1001 2091
f 453 983 2037
f 451 978 1952
f 457 990 2056
f 460 996 2074
f 475 1026 2128
f 439 954 1966
f 496 1068 1988
f 533 1140 2222
f 551 1181 2293
f 579 1235 2185
f 483 1043 1879
f 426 929 1893
f 521 1121 2271
f 566 1211 2307
f 489 1055 2163
f 578 1230 2150
f 560 1194 2006
f 518 1110 2204
f 429 935 1911
f 547 1169 2131
f 465 1007 1969
f 441 959 1983
f 504 1085 2217
f 537 1152 2290
f 550 1176 2168
f 476 1031 2145
f 444 965 2001
f 502 1079 2199
f 526 1128 1916
f 481 1038 1808
f 420 917 1789
f 510 1097 1825
f 555 1187 1843
f 571 1218 1862
f 540 1157 1933
f 473 1020 2110
f 447 972 2020
f 507 1092 2236
f 534 1145 2257
f 469 1014 2042
f 435 947 1947
f 498 1073 2059
f 529 1133 2077
f 545 1164 2096
f 487 1049 2113
f 574 1223 2023
f 562 1199 2239
f 520 1116 2254
f 432 942 1930
f 589 1283 1818
f 583 1259 1798
f 586 1295 1834
f 593 1313 1852
f 596 1331 1872
f 599 1379 1942
f 633 1541 2120
f 620 1452 2030
f 640 1578 2248
f 603 1368 2263
f 622 1487 2052
f 607 1391 1955
f 612 1440 2065
f 626 1511 2086
f 629 1529 2106
f 631 1547 2122
f 614 1469 2032
f 618 1458 2245
f 641 1584 2266
f 605 1362 1940
f 409 1269 1813
f 405 1245 1792
f 411 1252 1828
f 414 1288 1846
f 417 1306 1867
f 431 1336 1936
f 488 1551 2123
f 575 1473 2033
f 563 1599 2249
f 519 1354 2260
f 454 1479 2049
f 450 1401 1959
f 456 1408 2062
f 459 1492 2080
f 462 1504 2101
f 472 1533 2116
f 446 1414 2026
f 506 1444 2242
f 535 1594 2267
f 541 1383 1943
f 570 1323 1869
f 480 1275 1815
f 421 1263 1799
f 511 1299 1835
f 556 1317 1853
f 484 1341 1889
f 580 1564 2195
f 567 1462 2319
f 522 1588 2283
f 427 1347 1905
f 544 1521 2103
f 468 1420 2046
f 436 1395 1957
f 499 1497 2069
f 530 1515 2087
f 548 1557 2141
f 466 1425 1979
f 442 1431 1993
f 505 1570 2229
f 536 1372 2296
f 491 1282 2188
f 423 1258 1882
f 513 1294 1902
f 564 1312 2280
f 581 1330 2316
f 549 1378 2172
f 477 1540 2157
f 445 1449 2011
f 503 1575 2209
f 525 1365 1923
f 474 1486 2134
f 438 1390 1972
f 495 1437 1995
f 532 1510 2226
f 552 1528 2303
f 490 1546 2175
f 577 1468 2154
f 559 1455 2013
f 517 1581 2211
f 430 1359 1921
f 590 1272 1865
f 584 1248 1811
f 585 1253 1796
f 592 1289 1832
f 595 1307 1850
f 598 1337 1888
f 636 1554 2194
f 621 1476 2322
f 642 1602 2286
f 601 1355 1908
f 623 1482 2099
f 611 1404 2045
f 609 1409 1962
f 625 1493 2068
f 628 1505 2084
f 632 1536 2140
f 613 1415 1976
f 616 1445 1998
f 638 1595 2232
f 606 1386 2299
f 407 909 2330
f 403 891 2324
f 404 886 2325
f 410 898 2332
f 413 904 2335
f 422 922 2344
f 486 1060 2410
f 573 1240 2497
f 561 1204 2486
f 512 1102 2434
f 452 999 2375
f 448 981 2369
f 449 976 2370
f 455 988 2377
f 458 994 2380
f 470 1024 2393
f 437 952 2359
f 494 1066 2415
f 531 1138 2455
f 539 1179 2461
f 568 1233 2489
f 478 1041 2399
f 419 927 2341
f 509 1119 2431
f 554 1209 2476
f 482 1053 2405
f 576 1228 2500
f 558 1192 2481
f 516 1108 2439
f 425 933 2348
f 542 1167 2465
f 463 1005 2383
f 434 957 2356
f 497 1083 2420
f 528 1150 2452
f 546 1174 2471
f 464 1029 2386
f 440 963 2363
f 500 1077 2422
f 524 1126 2445
f 479 1036 2400
f 418 915 2338
f 508 1095 2428
f 553 1185 2473
f 569 1216 2490
f 538 1155 2458
f 471 1018 2394
f 443 970 2366
f 501 1090 2425
f 523 1143 2444
f 467 1012 2389
f 433 945 2353
f 493 1071 2414
f 527 1131 2449
f 543 1162 2466
f 485 1047 2407
f 572 1221 2494
f 557 1197 2480
f 515 1114 2438
f 428 940 2351
f 591 1284 2510
f 587 1260 2504
f 588 1296 2508
f 594 1314 2514
f 597 1332 2517
f 600 1380 2520
f 634 1542 2554
f 619 1451 2539
f 639 1577 2560
f 602 1367 2523
f 624 1488 2543
f 608 1392 2527
f 610 1439 2532
f 627 1512 2547
f 630 1530 2550
f 635 1548 2552
f 615 1470 2535
f 617 1457 2538
f 637 1583 2558
f 604 1361 2524
f 167 1616 1607
f 164 1608 1603
f 163 1606 1604
f 165 1612 1610
f 166 1615 1613
f 169 1624 1622
f 192 1692 1686
f 222 1782 1773
f 216 1765 1761
f 199 1714 1712
f 182 1661 1652
f 179 1653 1648
f 178 1651 1649
f 180 1657 1655
f 181 1660 1658
f 186 1675 1670
f 174 1639 1637
f 193 1696 1694
f 205 1733 1731
f 212 1751 1739
f 221 1779 1768
f 189 1683 1678
f 170 1626 1619
f 202 1721 1709
f 217 1766 1754
f 191 1689 1682
f 220 1778 1776
f 214 1760 1758
f 200 1718 1716
f 171 1629 1625
f 210 1747 1742
f 183 1665 1663
f 175 1641 1634
f 196 1704 1697
f 207 1737 1728
f 211 1750 1746
f 187 1676 1664
f 176 1644 1640
f 195 1702 1700
f 203 1726 1724
f 188 1681 1679
f 168 1620 1618
f 198 1710 1708
f 213 1755 1753
f 218 1771 1769
f 208 1740 1738
f 185 1673 1671
f 177 1647 1643
f 197 1707 1701
f 206 1734 1723
f 184 1669 1667
f 173 1635 1633
f 194 1698 1693
f 204 1729 1727
f 209 1745 1743
f 190 1687 1685
f 219 1774 1772
f 215 1762 1757
f 201 1720 1715
f 172 1632 1628
f 357 2189 2187
f 255 1883 1881
f 262 1903 1899
f 388 2281 2277
f 400 2317 2313
f 352 2173 2169
f 347 2158 2156
f 298 2012 2010
f 364 2210 2208
f 269 1924 1917
f 339 2135 2133
f 285 1973 1971
f 293 1996 1989
f 370 2227 2223
f 396 2304 2300
f 353 2176 2174
f 346 2155 2151
f 299 2014 2007
f 365 2212 2205
f 268 1922 1920
f 249 1864 1855
f 231 1810 1801
f 226 1795 1784
f 238 1831 1820
f 244 1849 1838
f 257 1887 1874
f 359 2193 2180
f 402 2321 2310
f 390 2285 2274
f 264 1907 1896
f 327 2098 2089
f 309 2044 2035
f 282 1961 1950
f 317 2067 2054
f 322 2083 2072
f 341 2139 2126
f 286 1975 1964
f 294 1997 1986
f 372 2231 2220
f 394 2298 2291
f 358 2190 2183
f 256 1884 1877
f 261 1900 1891
f 387 2278 2269
f 399 2314 2305
f 351 2170 2161
f 348 2159 2148
f 300 2015 2004
f 366 2213 2202
f 267 1918 1909
f 340 2136 2129
f 287 1977 1967
f 291 1990 1981
f 369 2224 2215
f 395 2301 2288
f 354 2177 2166
f 345 2152 2143
f 297 2008 1999
f 363 2206 2197
f 270 1925 1914
f 234 1817 1806
f 227 1797 1787
f 239 1833 1823
f 245 1851 1841
f 252 1871 1860
f 275 1941 1931
f 334 2119 2108
f 304 2029 2018
f 377 2247 2234
f 382 2262 2255
f 312 2051 2040
f 279 1954 1945
f 316 2064 2057
f 323 2085 2075
f 330 2105 2094
f 335 2121 2111
f 305 2031 2021
f 376 2244 2237
f 383 2265 2252
f 274 1939 1928
f 232 1814 1812
f 225 1793 1791
f 237 1829 1827
f 243 1847 1845
f 250 1868 1866
f 273 1937 1935
f 336 2124 2118
f 306 2034 2028
f 378 2250 2246
f 381 2261 2259
f 311 2050 2048
f 281 1960 1953
f 315 2063 2061
f 321 2081 2079
f 328 2102 2100
f 333 2117 2115
f 303 2027 2025
f 375 2243 2241
f 384 2268 2264
f 276 1944 1938
f 229 1804 1802
f 223 1785 1783
f 235 1821 1819
f 241 1839 1837
f 247 1858 1856
f 271 1929 1927
f 332 2114 2112
f 302 2024 2022
f 374 2240 2238
f 379 2253 2251
f 307 2038 2036
f 278 1951 1949
f 313 2055 2053
f 319 2073 2071
f 325 2092 2090
f 331 2109 2107
f 301 2019 2017
f 373 2235 2233
f 380 2258 2256
f 272 1934 1932
f 248 1861 1859
f 230 1807 1805
f 224 1790 1788
f 236 1826 1824
f 242 1844 1842
f 254 1880 1878
f 356 2186 2184
f 397 2308 2306
f 385 2272 2270
f 259 1894 1892
f 326 2095 2093
f 308 2041 2039
f 277 1948 1946
f 314 2060 2058
f 320 2078 2076
f 338 2132 2130
f 284 1970 1968
f 289 1984 1982
f 367 2218 2216
f 391 2289 2287
f 355 2181 2179
f 253 1875 1873
f 260 1897 1895
f 386 2275 2273
f 398 2311 2309
f 350 2167 2165
f 343 2146 2144
f 295 2002 2000
f 361 2200 2198
f 266 1915 1913
f 337 2127 2125
f 283 1965 1963
f 290 1987 1985
f 368 2221 2219
f 392 2294 2292
f 349 2164 2162
f 344 2149 2147
f 296 2005 2003
f 362 2203 2201
f 265 1912 1910
f 251 1870 1863
f 233 1816 1809
f 228 1800 1794
f 240 1836 1830
f 246 1854 1848
f 258 1890 1886
f 360 2196 2192
f 401 2320 2318
f 389 2284 2282
f 263 1906 1904
f 329 2104 2097
f 310 2047 2043
f 280 1958 1956
f 318 2070 2066
f 324 2088 2082
f 342 2142 2138
f 288 1980 1974
f 292 1994 1992
f 371 2230 2228
f 393 2297 2295
f 409 2329 2331
f 405 2323 2327
f 411 2326 2328
f 414 2333 2334
f 417 2336 2337
f 431 2345 2346
f 488 2409 2412
f 575 2496 2499
f 563 2485 2487
f 519 2435 2436
f 454 2374 2376
f 450 2368 2372
f 456 2371 2373
f 459 2378 2379
f 462 2381 2382
f 472 2392 2396
f 446 2360 2361
f 506 2416 2418
f 535 2456 2457
f 541 2460 2463
f 570 2488 2492
f 480 2398 2402
f 421 2340 2343
f 511 2430 2433
f 556 2475 2478
f 484 2404 2406
f 580 2501 2502
f 567 2482 2484
f 522 2440 2442
f 427 2347 2349
f 544 2464 2468
f 468 2384 2387
f 436 2355 2358
f 499 2419 2421
f 530 2451 2454
f 548 2470 2472
f 466 2385 2388
f 442 2362 2364
f 505 2423 2426
f 536 2446 2448
f 491 2401 2403
f 423 2339 2342
f 513 2429 2432
f 564 2474 2477
f 581 2491 2493
f 549 2459 2462
f 477 2395 2397
f 445 2365 2367
f 503 2424 2427
f 525 2443 2447
f 474 2390 2391
f 438 2354 2357
f 495 2413 2417
f 532 2450 2453
f 552 2467 2469
f 490 2408 2411
f 577 2495 2498
f 559 2479 2483
f 517 2437 2441
f 430 2350 2352
f 590 2511 2509
f 584 2505 2503
f 585 2507 2506
f 592 2513 2512
f 595 2516 2515
f 598 2519 2518
f 636 2556 2555
f 621 2540 2541
f 642 2561 2562
f 601 2521 2522
f 623 2544 2542
f 611 2529 2528
f 609 2530 2531
f 625 2546 2545
f 628 2549 2548
f 632 2553 2551
f 613 2534 2533
f 616 2536 2537
f 638 2557 2559
f 606 2525 2526
f 1607 644 647
f 1603 643 644
f 1604 645 643
f 1610 646 645
f 1613 647 646
f 1622 652 649
f 1686 670 672
f 1773 699 702
f 1761 695 696
f 1712 681 679
f 1652 659 662
f 1648 658 659
f 1649 660 658
f 1655 661 660
f 1658 662 661
f 1670 665 666
f 1637 657 654
f 1694 677 673
f 1731 686 685
f 1739 688 692
f 1768 698 701
f 1678 668 669
f 1619 648 650
f 1709 678 682
f 1754 693 697
f 1682 669 671
f 1776 701 700
f 1758 697 694
f 1716 682 680
f 1625 650 651
f 1742 689 690
f 1663 664 663
f 1634 653 655
f 1697 674 676
f 1728 684 687
f 1746 690 691
f 1664 663 667
f 1640 655 656
f 1700 676 675
f 1724 687 683
f 1679 672 668
f 1618 649 648
f 1708 679 678
f 1753 696 693
f 1769 702 698
f 1738 691 688
f 1671 667 665
f 1643 656 657
f 1701 675 677
f 1723 683 686
f 1667 666 664
f 1633 654 653
f 1693 673 674
f 1727 685 684
f 1743 692 689
f 1685 671 670
f 1772 700 699
f 1757 694 695
f 1715 680 681
f 1628 651 652
f 2187 838 837
f 1881 736 735
f 1899 741 742
f 2277 867 868
f 2313 879 880
f 2169 831 832
f 2156 828 827
f 2010 780 778
f 2208 846 844
f 1917 747 749
f 2133 820 819
f 1971 767 765
f 1989 771 773
f 2223 849 850
f 2300 875 876
f 2174 834 833
f 2151 825 826
f 2007 777 779
f 2205 843 845
f 1920 750 748
f 1855 727 729
f 1801 709 711
f 1784 703 706
f 1820 715 718
f 1838 721 724
f 1874 733 737
f 2180 835 839
f 2310 878 882
f 2274 866 870
f 1896 740 744
f 2089 805 807
f 2035 787 789
f 1950 758 762
f 2054 793 797
f 2072 799 802
f 2126 817 821
f 1964 763 766
f 1986 770 774
f 2220 848 852
f 2291 872 874
f 2183 836 838
f 1877 734 736
f 1891 739 741
f 2269 865 867
f 2305 877 879
f 2161 829 831
f 2148 824 828
f 2004 776 780
f 2202 842 846
f 1909 745 747
f 2129 818 820
f 1967 764 767
f 1981 769 771
f 2215 847 849
f 2288 871 875
f 2166 830 834
f 2143 823 825
f 1999 775 777
f 2197 841 843
f 1914 746 750
f 1806 710 714
f 1787 704 707
f 1823 716 719
f 1841 722 725
f 1860 728 732
f 1931 752 755
f 2108 811 814
f 2018 781 784
f 2234 853 857
f 2255 860 862
f 2040 788 792
f 1945 757 759
f 2057 794 796
f 2075 800 803
f 2094 806 810
f 2111 812 815
f 2021 782 785
f 2237 854 856
f 2252 859 863
f 1928 751 754
f 1812 714 712
f 1791 707 705
f 1827 719 717
f 1845 725 723
f 1866 732 730
f 1935 755 753
f 2118 814 816
f 2028 784 786
f 2246 857 858
f 2259 862 861
f 2048 792 791
f 1953 759 761
f 2061 796 795
f 2079 803 801
f 2100 810 808
f 2115 815 813
f 2025 785 783
f 2241 856 855
f 2264 863 864
f 1938 754 756
f 1802 712 709
f 1783 705 703
f 1819 717 715
f 1837 723 721
f 1856 730 727
f 1927 753 751
f 2112 816 812
f 2022 786 782
f 2238 858 854
f 2251 861 859
f 2036 791 787
f 1949 761 758
f 2053 795 793
f 2071 801 799
f 2090 808 805
f 2107 813 811
f 2017 783 781
f 2233 855 853
f 2256 864 860
f 1932 756 752
f 1859 731 728
f 1805 713 710
f 1788 708 704
f 1824 720 716
f 1842 726 722
f 1878 738 734
f 2184 840 836
f 2306 881 877
f 2270 869 865
f 1892 743 739
f 2093 809 806
f 2039 790 788
f 1946 760 757
f 2058 798 794
f 2076 804 800
f 2130 822 818
f 1968 768 764
f 1982 772 769
f 2216 851 847
f 2287 873 871
f 2179 837 835
f 1873 735 733
f 1895 742 740
f 2273 868 866
f 2309 880 878
f 2165 832 830
f 2144 827 823
f 2000 778 775
f 2198 844 841
f 1913 749 746
f 2125 819 817
f 1963 765 763
f 1985 773 770
f 2219 850 848
f 2292 876 872
f 2162 833 829
f 2147 826 824
f 2003 779 776
f 2201 845 842
f 1910 748 745
f 1863 729 731
f 1809 711 713
f 1794 706 708
f 1830 718 720
f 1848 724 726
f 1886 737 738
f 2192 839 840
f 2318 882 881
f 2282 870 869
f 1904 744 743
f 2097 807 809
f 2043 789 790
f 1956 762 760
f 2066 797 798
f 2082 802 804
f 2138 821 822
f 1974 766 768
f 1992 774 772
f 2228 852 851
f 2295 874 873
f 2331 1270 1269
f 2327 1246 1245
f 2328 1251 1252
f 2334 1287 1288
f 2337 1305 1306
f 2346 1335 1336
f 2412 1552 1551
f 2499 1474 1473
f 2487 1600 1599
f 2436 1353 1354
f 2376 1480 1479
f 2372 1402 1401
f 2373 1407 1408
f 2379 1491 1492
f 2382 1503 1504
f 2396 1534 1533
f 2361 1413 1414
f 2418 1443 1444
f 2457 1593 1594
f 2463 1384 1383
f 2492 1324 1323
f 2402 1276 1275
f 2343 1264 1263
f 2433 1300 1299
f 2478 1318 1317
f 2406 1342 1341
f 2502 1563 1564
f 2484 1461 1462
f 2442 1587 1588
f 2349 1348 1347
f 2468 1522 1521
f 2387 1419 1420
f 2358 1396 1395
f 2421 1498 1497
f 2454 1516 1515
f 2472 1558 1557
f 2388 1426 1425
f 2364 1432 1431
f 2426 1569 1570
f 2448 1371 1372
f 2403 1281 1282
f 2342 1257 1258
f 2432 1293 1294
f 2477 1311 1312
f 2493 1329 1330
f 2462 1377 1378
f 2397 1539 1540
f 2367 1450 1449
f 2427 1576 1575
f 2447 1366 1365
f 2391 1485 1486
f 2357 1389 1390
f 2417 1438 1437
f 2453 1509 1510
f 2469 1527 1528
f 2411 1545 1546
f 2498 1467 1468
f 2483 1456 1455
f 2441 1582 1581
f 2352 1360 1359
f 2509 1271 1272
f 2503 1247 1248
f 2506 1254 1253
f 2512 1290 1289
f 2515 1308 1307
f 2518 1338 1337
f 2555 1553 1554
f 2541 1475 1476
f 2562 1601 1602
f 2522 1356 1355
f 2542 1481 1482
f 2528 1403 1404
f 2531 1410 1409
f 2545 1494 1493
f 2548 1506 1505
f 2551 1535 1536
f 2533 1416 1415
f 2537 1446 1445
f 2559 1596 1595
f 2526 1385 1386
f 1616 907 909
f 1608 889 891
f 1606 883 886
f 1612 895 898
f 1615 901 904
f 1624 919 922
f 1692 1057 1060
f 1782 1237 1240
f 1765 1201 1204
f 1714 1099 1102
f 1661 997 999
f 1653 979 981
f 1651 973 976
f 1657 985 988
f 1660 991 994
f 1675 1021 1024
f 1639 949 952
f 1696 1063 1066
f 1733 1135 1138
f 1751 1177 1179
f 1779 1231 1233
f 1683 1039 1041
f 1626 925 927
f 1721 1117 1119
f 1766 1207 1209
f 1689 1051 1053
f 1778 1225 1228
f 1760 1189 1192
f 1718 1105 1108
f 1629 931 933
f 1747 1165 1167
f 1665 1003 1005
f 1641 955 957
f 1704 1081 1083
f 1737 1147 1150
f 1750 1171 1174
f 1676 1027 1029
f 1644 961 963
f 1702 1075 1077
f 1726 1123 1126
f 1681 1033 1036
f 1620 913 915
f 1710 1093 1095
f 1755 1183 1185
f 1771 1213 1216
f 1740 1153 1155
f 1673 1015 1018
f 1647 967 970
f 1707 1087 1090
f 1734 1141 1143
f 1669 1009 1012
f 1635 943 945
f 1698 1069 1071
f 1729 1129 1131
f 1745 1159 1162
f 1687 1045 1047
f 1774 1219 1221
f 1762 1195 1197
f 1720 1111 1114
f 1632 937 940
f 2189 1280 1284
f 1883 1256 1260
f 1903 1292 1296
f 2281 1310 1314
f 2317 1328 1332
f 2173 1376 1380
f 2158 1538 1542
f 2012 1447 1451
f 2210 1573 1577
f 1924 1363 1367
f 2135 1484 1488
f 1973 1388 1392
f 1996 1435 1439
f 2227 1508 1512
f 2304 1526 1530
f 2176 1544 1548
f 2155 1466 1470
f 2014 1453 1457
f 2212 1579 1583
f 1922 1357 1361
f 1864 1268 1270
f 1810 1244 1246
f 1795 1249 1251
f 1831 1285 1287
f 1849 1303 1305
f 1887 1333 1335
f 2193 1550 1552
f 2321 1472 1474
f 2285 1598 1600
f 1907 1351 1353
f 2098 1478 1480
f 2044 1400 1402
f 1961 1405 1407
f 2067 1489 1491
f 2083 1501 1503
f 2139 1532 1534
f 1975 1411 1413
f 1997 1441 1443
f 2231 1591 1593
f 2298 1382 1384
f 2190 1322 1324
f 1884 1274 1276
f 1900 1262 1264
f 2278 1298 1300
f 2314 1316 1318
f 2170 1340 1342
f 2159 1561 1563
f 2015 1459 1461
f 2213 1585 1587
f 1918 1346 1348
f 2136 1520 1522
f 1977 1417 1419
f 1990 1394 1396
f 2224 1496 1498
f 2301 1514 1516
f 2177 1556 1558
f 2152 1424 1426
f 2008 1430 1432
f 2206 1567 1569
f 1925 1369 1371
f 1817 1279 1281
f 1797 1255 1257
f 1833 1291 1293
f 1851 1309 1311
f 1871 1327 1329
f 1941 1375 1377
f 2119 1537 1539
f 2029 1448 1450
f 2247 1574 1576
f 2262 1364 1366
f 2051 1483 1485
f 1954 1387 1389
f 2064 1436 1438
f 2085 1507 1509
f 2105 1525 1527
f 2121 1543 1545
f 2031 1465 1467
f 2244 1454 1456
f 2265 1580 1582
f 1939 1358 1360
f 1814 1267 1271
f 1793 1243 1247
f 1829 1250 1254
f 1847 1286 1290
f 1868 1304 1308
f 1937 1334 1338
f 2124 1549 1553
f 2034 1471 1475
f 2250 1597 1601
f 2261 1352 1356
f 2050 1477 1481
f 1960 1399 1403
f 2063 1406 1410
f 2081 1490 1494
f 2102 1502 1506
f 2117 1531 1535
f 2027 1412 1416
f 2243 1442 1446
f 2268 1592 1596
f 1944 1381 1385
f 1804 890 894
f 1785 884 887
f 1821 896 899
f 1839 902 905
f 1858 908 912
f 1929 938 941
f 2114 1046 1050
f 2024 1220 1224
f 2240 1196 1200
f 2253 1112 1115
f 2038 980 984
f 1951 974 977
f 2055 986 989
f 2073 992 995
f 2092 998 1002
f 2109 1016 1019
f 2019 968 971
f 2235 1088 1091
f 2258 1142 1146
f 1934 1154 1158
f 1861 1214 1217
f 1807 1034 1037
f 1790 914 918
f 1826 1094 1098
f 1844 1184 1188
f 1880 1040 1044
f 2186 1232 1236
f 2308 1208 1212
f 2272 1118 1122
f 1894 926 930
f 2095 1160 1163
f 2041 1010 1013
f 1948 944 948
f 2060 1070 1074
f 2078 1130 1134
f 2132 1166 1170
f 1970 1004 1008
f 1984 956 960
f 2218 1082 1086
f 2289 1148 1151
f 2181 1058 1061
f 1875 920 923
f 1897 1100 1103
f 2275 1202 1205
f 2311 1238 1241
f 2167 1172 1175
f 2146 1028 1032
f 2002 962 966
f 2200 1076 1080
f 1915 1124 1127
f 2127 1022 1025
f 1965 950 953
f 1987 1064 1067
f 2221 1136 1139
f 2294 1178 1182
f 2164 1052 1056
f 2149 1226 1229
f 2005 1190 1193
f 2203 1106 1109
f 1912 932 936
f 1870 1321 1325
f 1816 1273 1277
f 1800 1261 1265
f 1836 1297 1301
f 1854 1315 1319
f 1890 1339 1343
f 2196 1562 1566
f 2320 1460 1464
f 2284 1586 1590
f 1906 1345 1349
f 2104 1519 1523
f 2047 1418 1422
f 1958 1393 1397
f 2070 1495 1499
f 2088 1513 1517
f 2142 1555 1559
f 1980 1423 1427
f 1994 1429 1433
f 2230 1568 1572
f 2297 1370 1374
f 2329 894 892
f 2323 887 885
f 2326 899 897
f 2333 905 903
f 2336 912 910
f 2345 941 939
f 2409 1050 1048
f 2496 1224 1222
f 2485 1200 1198
f 2435 1115 1113
f 2374 984 982
f 2368 977 975
f 2371 989 987
f 2378 995 993
f 2381 1002 1000
f 2392 1019 1017
f 2360 971 969
f 2416 1091 1089
f 2456 1146 1144
f 2460 1158 1156
f 2488 1217 1215
f 2398 1037 1035
f 2340 918 916
f 2430 1098 1096
f 2475 1188 1186
f 2404 1044 1042
f 2501 1236 1234
f 2482 1212 1210
f 2440 1122 1120
f 2347 930 928
f 2464 1163 1161
f 2384 1013 1011
f 2355 948 946
f 2419 1074 1072
f 2451 1134 1132
f 2470 1170 1168
f 2385 1008 1006
f 2362 960 958
f 2423 1086 1084
f 2446 1151 1149
f 2401 1061 1059
f 2339 923 921
f 2429 1103 1101
f 2474 1205 1203
f 2491 1241 1239
f 2459 1175 1173
f 2395 1032 1030
f 2365 966 964
f 2424 1080 1078
f 2443 1127 1125
f 2390 1025 1023
f 2354 953 951
f 2413 1067 1065
f 2450 1139 1137
f 2467 1182 1180
f 2408 1056 1054
f 2495 1229 1227
f 2479 1193 1191
f 2437 1109 1107
f 2350 936 934
f 2511 1325 1326
f 2505 1277 1278
f 2507 1265 1266
f 2513 1301 1302
f 2516 1319 1320
f 2519 1343 1344
f 2556 1566 1565
f 2540 1464 1463
f 2561 1590 1589
f 2521 1349 1350
f 2544 1523 1524
f 2529 1422 1421
f 2530 1397 1398
f 2546 1499 1500
f 2549 1517 1518
f 2553 1559 1560
f 2534 1427 1428
f 2536 1433 1434
f 2557 1572 1571
f 2525 1374 1373
f 1609 892 889
f 1605 885 883
f 1611 897 895
f 1614 903 901
f 1617 910 907
f 1631 939 937
f 1688 1048 1045
f 1775 1222 1219
f 1763 1198 1195
f 1719 1113 1111
f 1654 982 979
f 1650 975 973
f 1656 987 985
f 1659 993 991
f 1662 1000 997
f 1672 1017 1015
f 1646 969 967
f 1706 1089 1087
f 1735 1144 1141
f 1741 1156 1153
f 1770 1215 1213
f 1680 1035 1033
f 1621 916 913
f 1711 1096 1093
f 1756 1186 1183
f 1684 1042 1039
f 1780 1234 1231
f 1767 1210 1207
f 1722 1120 1117
f 1627 928 925
f 1744 1161 1159
f 1668 1011 1009
f 1636 946 943
f 1699 1072 1069
f 1730 1132 1129
f 1748 1168 1165
f 1666 1006 1003
f 1642 958 955
f 1705 1084 1081
f 1736 1149 1147
f 1691 1059 1057
f 1623 921 919
f 1713 1101 1099
f 1764 1203 1201
f 1781 1239 1237
f 1749 1173 1171
f 1677 1030 1027
f 1645 964 961
f 1703 1078 1075
f 1725 1125 1123
f 1674 1023 1021
f 1638 951 949
f 1695 1065 1063
f 1732 1137 1135
f 1752 1180 1177
f 1690 1054 1051
f 1777 1227 1225
f 1759 1191 1189
f 1717 1107 1105
f 1630 934 931
f 2191 1326 1322
f 1885 1278 1274
f 1901 1266 1262
f 2279 1302 1298
f 2315 1320 1316
f 2171 1344 1340
f 2160 1565 1561
f 2016 1463 1459
f 2214 1589 1585
f 1919 1350 1346
f 2137 1524 1520
f 1978 1421 1417
f 1991 1398 1394
f 2225 1500 1496
f 2302 1518 1514
f 2178 1560 1556
f 2153 1428 1424
f 2009 1434 1430
f 2207 1571 1567
f 1926 1373 1369
f 1857 911 908
f 1803 893 890
f 1786 888 884
f 1822 900 896
f 1840 906 902
f 1876 924 920
f 2182 1062 1058
f 2312 1242 1238
f 2276 1206 1202
f 1898 1104 1100
f 2091 1001 998
f 2037 983 980
f 1952 978 974
f 2056 990 986
f 2074 996 992
f 2128 1026 1022
f 1966 954 950
f 1988 1068 1064
f 2222 1140 1136
f 2293 1181 1178
f 2185 1235 1232
f 1879 1043 1040
f 1893 929 926
f 2271 1121 1118
f 2307 1211 1208
f 2163 1055 1052
f 2150 1230 1226
f 2006 1194 1190
f 2204 1110 1106
f 1911 935 932
f 2131 1169 1166
f 1969 1007 1004
f 1983 959 956
f 2217 1085 1082
f 2290 1152 1148
f 2168 1176 1172
f 2145 1031 1028
f 2001 965 962
f 2199 1079 1076
f 1916 1128 1124
f 1808 1038 1034
f 1789 917 914
f 1825 1097 1094
f 1843 1187 1184
f 1862 1218 1214
f 1933 1157 1154
f 2110 1020 1016
f 2020 972 968
f 2236 1092 1088
f 2257 1145 1142
f 2042 1014 1010
f 1947 947 944
f 2059 1073 1070
f 2077 1133 1130
f 2096 1164 1160
f 2113 1049 1046
f 2023 1223 1220
f 2239 1199 1196
f 2254 1116 1112
f 1930 942 938
f 1818 1283 1279
f 1798 1259 1255
f 1834 1295 1291
f 1852 1313 1309
f 1872 1331 1327
f 1942 1379 1375
f 2120 1541 1537
f 2030 1452 1448
f 2248 1578 1574
f 2263 1368 1364
f 2052 1487 1483
f 1955 1391 1387
f 2065 1440 1436
f 2086 1511 1507
f 2106 1529 1525
f 2122 1547 1543
f 2032 1469 1465
f 2245 1458 1454
f 2266 1584 1580
f 1940 1362 1358
f 1813 1269 1267
f 1792 1245 1243
f 1828 1252 1250
f 1846 1288 1286
f 1867 1306 1304
f 1936 1336 1334
f 2123 1551 1549
f 2033 1473 1471
f 2249 1599 1597
f 2260 1354 1352
f 2049 1479 1477
f 1959 1401 1399
f 2062 1408 1406
f 2080 1492 1490
f 2101 1504 1502
f 2116 1533 1531
f 2026 1414 1412
f 2242 1444 1442
f 2267 1594 1592
f 1943 1383 1381
f 1869 1323 1321
f 1815 1275 1273
f 1799 1263 1261
f 1835 1299 1297
f 1853 1317 1315
f 1889 1341 1339
f 2195 1564 1562
f 2319 1462 1460
f 2283 1588 1586
f 1905 1347 1345
f 2103 1521 1519
f 2046 1420 1418
f 1957 1395 1393
f 2069 1497 1495
f 2087 1515 1513
f 2141 1557 1555
f 1979 1425 1423
f 1993 1431 1429
f 2229 1570 1568
f 2296 1372 1370
f 2188 1282 1280
f 1882 1258 1256
f 1902 1294 1292
f 2280 1312 1310
f 2316 1330 1328
f 2172 1378 1376
f 2157 1540 1538
f 2011 1449 1447
f 2209 1575 1573
f 1923 1365 1363
f 2134 1486 1484
f 1972 1390 1388
f 1995 1437 1435
f 2226 1510 1508
f 2303 1528 1526
f 2175 1546 1544
f 2154 1468 1466
f 2013 1455 1453
f 2211 1581 1579
f 1921 1359 1357
f 1865 1272 1268
f 1811 1248 1244
f 1796 1253 1249
f 1832 1289 1285
f 1850 1307 1303
f 1888 1337 1333
f 2194 1554 1550
f 2322 1476 1472
f 2286 1602 1598
f 1908 1355 1351
f 2099 1482 1478
f 2045 1404 1400
f 1962 1409 1405
f 2068 1493 1489
f 2084 1505 1501
f 2140 1536 1532
f 1976 1415 1411
f 1998 1445 1441
f 2232 1595 1591
f 2299 1386 1382
f 2330 909 911
f 2324 891 893
f 2325 886 888
f 2332 898 900
f 2335 904 906
f 2344 922 924
f 2410 1060 1062
f 2497 1240 1242
f 2486 1204 1206
f 2434 1102 1104
f 2375 999 1001
f 2369 981 983
f 2370 976 978
f 2377 988 990
f 2380 994 996
f 2393 1024 1026
f 2359 952 954
f 2415 1066 1068
f 2455 1138 1140
f 2461 1179 1181
f 2489 1233 1235
f 2399 1041 1043
f 2341 927 929
f 2431 1119 1121
f 2476 1209 1211
f 2405 1053 1055
f 2500 1228 1230
f 2481 1192 1194
f 2439 1108 1110
f 2348 933 935
f 2465 1167 1169
f 2383 1005 1007
f 2356 957 959
f 2420 1083 1085
f 2452 1150 1152
f 2471 1174 1176
f 2386 1029 1031
f 2363 963 965
f 2422 1077 1079
f 2445 1126 1128
f 2400 1036 1038
f 2338 915 917
f 2428 1095 1097
f 2473 1185 1187
f 2490 1216 1218
f 2458 1155 1157
f 2394 1018 1020
f 2366 970 972
f 2425 1090 1092
f 2444 1143 1145
f 2389 1012 1014
f 2353 945 947
f 2414 1071 1073
f 2449 1131 1133
f 2466 1162 1164
f 2407 1047 1049
f 2494 1221 1223
f 2480 1197 1199
f 2438 1114 1116
f 2351 940 942
f 2510 1284 1283
f 2504 1260 1259
f 2508 1296 1295
f 2514 1314 1313
f 2517 1332 1331
f 2520 1380 1379
f 2554 1542 1541
f 2539 1451 1452
f 2560 1577 1578
f 2523 1367 1368
f 2543 1488 1487
f 2527 1392 1391
f 2532 1439 1440
f 2547 1512 1511
f 2550 1530 1529
f 2552 1548 1547
f 2535 1470 1469
f 2538 1457 1458
f 2558 1583 1584
f 2524 1361 1362
f 1607 1616 1609
f 1603 1608 1605
f 1604 1606 1611
f 1610 1612 1614
f 1613 1615 1617
f 1622 1624 1631
f 1686 1692 1688
f 1773 1782 1775
f 1761 1765 1763
f 1712 1714 1719
f 1652 1661 1654
f 1648 1653 1650
f 1649 1651 1656
f 1655 1657 1659
f 1658 1660 1662
f 1670 1675 1672
f 1637 1639 1646
f 1694 1696 1706
f 1731 1733 1735
f 1739 1751 1741
f 1768 1779 1770
f 1678 1683 1680
f 1619 1626 1621
f 1709 1721 1711
f 1754 1766 1756
f 1682 1689 1684
f 1776 1778 1780
f 1758 1760 1767
f 1716 1718 1722
f 1625 1629 1627
f 1742 1747 1744
f 1663 1665 1668
f 1634 1641 1636
f 1697 1704 1699
f 1728 1737 1730
f 1746 1750 1748
f 1664 1676 1666
f 1640 1644 1642
f 1700 1702 1705
f 1724 1726 1736
f 1679 1681 1691
f 1618 1620 1623
f 1708 1710 1713
f 1753 1755 1764
f 1769 1771 1781
f 1738 1740 1749
f 1671 1673 1677
f 1643 1647 1645
f 1701 1707 1703
f 1723 1734 1725
f 1667 1669 1674
f 1633 1635 1638
f 1693 1698 1695
f 1727 1729 1732
f 1743 1745 1752
f 1685 1687 1690
f 1772 1774 1777
f 1757 1762 1759
f 1715 1720 1717
f 1628 1632 1630
f 2187 2189 2191
f 1881 1883 1885
f 1899 1903 1901
f 2277 2281 2279
f 2313 2317 2315
f 2169 2173 2171
f 2156 2158 2160
f 2010 2012 2016
f 2208 2210 2214
f 1917 1924 1919
f 2133 2135 2137
f 1971 1973 1978
f 1989 1996 1991
f 2223 2227 2225
f 2300 2304 2302
f 2174 2176 2178
f 2151 2155 2153
f 2007 2014 2009
f 2205 2212 2207
f 1920 1922 1926
f 1855 1864 1857
f 1801 1810 1803
f 1784 1795 1786
f 1820 1831 1822
f 1838 1849 1840
f 1874 1887 1876
f 2180 2193 2182
f 2310 2321 2312
f 2274 2285 2276
f 1896 1907 1898
f 2089 2098 2091
f 2035 2044 2037
f 1950 1961 1952
f 2054 2067 2056
f 2072 2083 2074
f 2126 2139 2128
f 1964 1975 1966
f 1986 1997 1988
f 2220 2231 2222
f 2291 2298 2293
f 2183 2190 2185
f 1877 1884 1879
f 1891 1900 1893
f 2269 2278 2271
f 2305 2314 2307
f 2161 2170 2163
f 2148 2159 2150
f 2004 2015 2006
f 2202 2213 2204
f 1909 1918 1911
f 2129 2136 2131
f 1967 1977 1969
f 1981 1990 1983
f 2215 2224 2217
f 2288 2301 2290
f 2166 2177 2168
f 2143 2152 2145
f 1999 2008 2001
f 2197 2206 2199
f 1914 1925 1916
f 1806 1817 1808
f 1787 1797 1789
f 1823 1833 1825
f 1841 1851 1843
f 1860 1871 1862
f 1931 1941 1933
f 2108 2119 2110
f 2018 2029 2020
f 2234 2247 2236
f 2255 2262 2257
f 2040 2051 2042
f 1945 1954 1947
f 2057 2064 2059
f 2075 2085 2077
f 2094 2105 2096
f 2111 2121 2113
f 2021 2031 2023
f 2237 2244 2239
f 2252 2265 2254
f 1928 1939 1930
f 1812 1814 1818
f 1791 1793 1798
f 1827 1829 1834
f 1845 1847 1852
f 1866 1868 1872
f 1935 1937 1942
f 2118 2124 2120
f 2028 2034 2030
f 2246 2250 2248
f 2259 2261 2263
f 2048 2050 2052
f 1953 1960 1955
f 2061 2063 2065
f 2079 2081 2086
f 2100 2102 2106
f 2115 2117 2122
f 2025 2027 2032
f 2241 2243 2245
f 2264 2268 2266
f 1938 1944 1940
f 1802 1804 1813
f 1783 1785 1792
f 1819 1821 1828
f 1837 1839 1846
f 1856 1858 1867
f 1927 1929 1936
f 2112 2114 2123
f 2022 2024 2033
f 2238 2240 2249
f 2251 2253 2260
f 2036 2038 2049
f 1949 1951 1959
f 2053 2055 2062
f 2071 2073 2080
f 2090 2092 2101
f 2107 2109 2116
f 2017 2019 2026
f 2233 2235 2242
f 2256 2258 2267
f 1932 1934 1943
f 1859 1861 1869
f 1805 1807 1815
f 1788 1790 1799
f 1824 1826 1835
f 1842 1844 1853
f 1878 1880 1889
f 2184 2186 2195
f 2306 2308 2319
f 2270 2272 2283
f 1892 1894 1905
f 2093 2095 2103
f 2039 2041 2046
f 1946 1948 1957
f 2058 2060 2069
f 2076 2078 2087
f 2130 2132 2141
f 1968 1970 1979
f 1982 1984 1993
f 2216 2218 2229
f 2287 2289 2296
f 2179 2181 2188
f 1873 1875 1882
f 1895 1897 1902
f 2273 2275 2280
f 2309 2311 2316
f 2165 2167 2172
f 2144 2146 2157
f 2000 2002 2011
f 2198 2200 2209
f 1913 1915 1923
f 2125 2127 2134
f 1963 1965 1972
f 1985 1987 1995
f 2219 2221 2226
f 2292 2294 2303
f 2162 2164 2175
f 2147 2149 2154
f 2003 2005 2013
f 2201 2203 2211
f 1910 1912 1921
f 1863 1870 1865
f 1809 1816 1811
f 1794 1800 1796
f 1830 1836 1832
f 1848 1854 1850
f 1886 1890 1888
f 2192 2196 2194
f 2318 2320 2322
f 2282 2284 2286
f 1904 1906 1908
f 2097 2104 2099
f 2043 2047 2045
f 1956 1958 1962
f 2066 2070 2068
f 2082 2088 2084
f 2138 2142 2140
f 1974 1980 1976
f 1992 1994 1998
f 2228 2230 2232
f 2295 2297 2299
f 2331 2329 2330
f 2327 2323 2324
f 2328 2326 2325
f 2334 2333 2332
f 2337 2336 2335
f 2346 2345 2344
f 2412 2409 2410
f 2499 2496 2497
f 2487 2485 2486
f 2436 2435 2434
f 2376 2374 2375
f 2372 2368 2369
f 2373 2371 2370
f 2379 2378 2377
f 2382 2381 2380
f 2396 2392 2393
f 2361 2360 2359
f 2418 2416 2415
f 2457 2456 2455
f 2463 2460 2461
f 2492 2488 2489
f 2402 2398 2399
f 2343 2340 2341
f 2433 2430 2431
f 2478 2475 2476
f 2406 2404 2405
f 2502 2501 2500
f 2484 2482 2481
f 2442 2440 2439
f 2349 2347 2348
f 2468 2464 2465
f 2387 2384 2383
f 2358 2355 2356
f 2421 2419 2420
f 2454 2451 2452
f 2472 2470 2471
f 2388 2385 2386
f 2364 2362 2363
f 2426 2423 2422
f 2448 2446 2445
f 2403 2401 2400
f 2342 2339 2338
f 2432 2429 2428
f 2477 2474 2473
f 2493 2491 2490
f 2462 2459 2458
f 2397 2395 2394
f 2367 2365 2366
f 2427 2424 2425
f 2447 2443 2444
f 2391 2390 2389
f 2357 2354 2353
f 2417 2413 2414
f 2453 2450 2449
f 2469 2467 2466
f 2411 2408 2407
f 2498 2495 2494
f 2483 2479 2480
f 2441 2437 2438
f 2352 2350 2351
f 2509 2511 2510
f 2503 2505 2504
f 2506 2507 2508
f 2512 2513 2514
f 2515 2516 2517
f 2518 2519 2520
f 2555 2556 2554
f 2541 2540 2539
f 2562 2561 2560
f 2522 2521 2523
f 2542 2544 2543
f 2528 2529 2527
f 2531 2530 2532
f 2545 2546 2547
f 2548 2549 2550
f 2551 2553 2552
f 2533 2534 2535
f 2537 2536 2538
f 2559 2557 2558
f 2526 2525 2524