v -0.103000 0.347299 -0.150282
v 0.105085 0.347500 -0.154349
v -0.291612 -0.552542 0.001328
v 0.291637 -0.547710 0.004153
v 0.000397 -0.415568 0.710936
v 0.000432 0.116177 0.392651
v -0.000728 -0.088216 -0.406687
v 0.000377 0.413066 -0.710049
v 0.345418 0.040455 -0.248885
v 0.367901 0.011573 0.254550
v -0.346651 0.041647 -0.249357
v -0.370372 0.015903 0.254251
v 0.035002 0.582092 -0.146427
v -0.052900 0.212900 -0.021281
v -0.204203 0.664109 -0.416050
v -0.266650 0.136702 -0.202749
v -0.311561 0.046793 0.102287
v 0.048913 0.214848 -0.020553
v 0.205087 0.662653 -0.416545
v 0.265209 0.136661 -0.205392
v 0.311240 0.042550 0.097440
v -0.000127 -0.568166 0.009460
v -0.205866 -0.634609 0.419401
v -0.167204 -0.504112 -0.292400
v -0.334572 -0.100000 -0.112193
v -0.334701 -0.151030 0.180406
v 0.206453 -0.634777 0.418554
v 0.170418 -0.503891 -0.292751
v 0.333359 -0.108508 -0.113378
v 0.336275 -0.151070 0.180015
v 0.000714 0.002591 0.689648
v 0.310837 -0.174039 0.553878
v -0.310784 -0.174841 0.552915
v 0.220682 0.039918 0.401187
v -0.218972 0.040603 0.402193
v 0.000178 0.012319 -0.663965
v 0.186756 0.005431 -0.372799
v -0.184912 0.004438 -0.371221
v 0.307323 0.186491 -0.600879
v -0.307973 0.183164 -0.597991
v 0.391338 0.041862 0.018917
v -0.393584 0.047246 0.019880
v -0.025868 0.520164 -0.161026
v -0.059029 0.301567 -0.132185
v -0.146985 0.482670 -0.228660
v -0.179515 0.253678 -0.171966
v -0.174410 0.175010 -0.065749
v 0.041964 0.522455 -0.165906
v 0.061936 0.305033 -0.133174
v 0.150952 0.482055 -0.230761
v 0.178579 0.257118 -0.172557
v 0.176484 0.175642 -0.068912
v -0.167587 -0.619148 0.002320
v -0.223553 -0.507469 0.153324
v -0.318962 -0.754131 -0.159657
v -0.358322 -0.386232 -0.073311
v -0.310701 -0.352253 0.094186
v 0.167526 -0.619902 0.003265
v 0.224694 -0.507775 0.156868
v 0.320204 -0.753066 -0.158476
v 0.359954 -0.387158 -0.073015
v 0.312413 -0.350760 0.094551
v -0.129821 -0.634901 0.677793
v 0.131235 -0.635597 0.678893
v -0.000306 -0.212986 0.768629
v 0.193499 -0.335240 0.699277
v -0.196158 -0.333999 0.698933
v -0.044505 0.142192 0.219745
v 0.041601 0.145144 0.217671
v 0.000113 0.100135 0.540933
v 0.098576 0.099233 0.420074
v -0.098558 0.098640 0.419728
v -0.063509 -0.250077 -0.368123
v 0.063123 -0.249511 -0.368886
v -0.000112 0.011359 -0.478326
v 0.078101 -0.035986 -0.395981
v -0.077994 -0.035763 -0.394808
v -0.133553 0.603343 -0.617308
v 0.133411 0.603773 -0.618127
v -0.000379 0.188012 -0.785953
v 0.198331 0.323678 -0.737759
v -0.198468 0.321601 -0.738641
v 0.340928 0.036173 -0.236424
v 0.334377 0.035707 -0.169576
v 0.286784 0.048177 -0.318211
v 0.310800 0.079944 -0.392346
v 0.385425 0.038659 -0.122084
v 0.370149 -0.007673 0.206206
v 0.355439 -0.009613 0.221374
v 0.331123 -0.050517 0.365236
v 0.320908 -0.009720 0.334225
v 0.382958 0.025691 0.149637
v -0.342886 0.032591 -0.237007
v -0.334420 0.040222 -0.168196
v -0.285788 0.052059 -0.318584
v -0.312132 0.076490 -0.391507
v -0.387781 0.041333 -0.120353
v -0.372112 0.000153 0.205957
v -0.356140 -0.011709 0.224908
v -0.331214 -0.051557 0.366119
v -0.325841 -0.009029 0.333154
v -0.385128 0.033163 0.149102
v 0.011042 0.466277 -0.167765
v -0.020440 0.555985 -0.189757
v -0.021967 0.493725 -0.185637
v 0.043091 0.554150 -0.199385
v -0.174269 0.150067 0.061777
v -0.009042 0.219527 -0.037702
v -0.152561 0.118226 0.241796
v -0.321396 0.468085 -0.330697
v 0.001125 0.694258 -0.417446
v -0.273932 0.443300 -0.542677
v -0.298161 0.066378 -0.036658
v -0.284808 0.212433 -0.395179
v -0.367742 0.016252 -0.067531
v -0.281299 0.041650 0.244364
v -0.380650 0.014298 0.073407
v 0.178475 0.149995 0.057379
v 0.152961 0.118484 0.239255
v 0.321240 0.467913 -0.330647
v 0.274198 0.445374 -0.542767
v 0.294822 0.066894 -0.041443
v 0.283946 0.215621 -0.395690
v 0.369681 0.015988 -0.069127
v 0.279469 0.041605 0.242389
v 0.379401 0.007084 0.071935
v -0.091224 -0.593623 0.191479
v -0.084967 -0.617154 -0.141190
v 0.087258 -0.582617 0.193204
v 0.086041 -0.616343 -0.144049
v -0.295533 -0.383519 0.298666
v 0.000897 -0.603740 0.455352
v -0.324169 -0.464358 0.558911
v -0.332188 -0.352159 -0.252793
v 0.001232 -0.455743 -0.274724
v -0.185968 -0.183687 -0.327859
v -0.342885 -0.120781 0.031192
v -0.258744 -0.046216 -0.240835
v -0.368917 0.047033 -0.029934
v -0.329875 -0.195564 0.361411
v -0.373212 0.041715 0.096323
v 0.296658 -0.383036 0.298646
v 0.324399 -0.466715 0.560438
v 0.332516 -0.352040 -0.252625
v 0.186308 -0.182457 -0.329688
v 0.344683 -0.126271 0.026301
v 0.259440 -0.045620 -0.240777
v 0.370670 0.037447 -0.033573
v 0.331645 -0.192045 0.359190
v 0.370871 0.035517 0.094357
v 0.185530 -0.087227 0.684406
v -0.184760 -0.085045 0.683446
v 0.143892 0.050784 0.570823
v -0.143446 0.049169 0.571700
v 0.264360 -0.028473 0.497684
v -0.264393 -0.030296 0.497305
v 0.123388 0.012521 -0.529401
v -0.123153 0.012366 -0.528546
v 0.209364 0.068569 -0.738480
v -0.207322 0.066277 -0.736544
v 0.253770 0.057154 -0.507355
v -0.250890 0.057053 -0.502054
v -0.070165 0.423790 -0.163138
v -0.079758 0.329525 -0.143951
v -0.115048 0.408213 -0.177443
v -0.139031 0.307109 -0.158562
v -0.121575 0.258743 -0.128725
v 0.075840 0.427039 -0.164436
v 0.083445 0.332441 -0.143391
v 0.118650 0.409038 -0.178291
v 0.138906 0.308186 -0.160105
v 0.122981 0.259539 -0.132283
v -0.243600 -0.613304 0.003183
v -0.255039 -0.519366 0.059054
v -0.319966 -0.661368 -0.051422
v -0.332609 -0.501268 -0.033059
v -0.300976 -0.455318 0.042461
v 0.244870 -0.609888 0.004800
v 0.255401 -0.518543 0.062932
v 0.318702 -0.655250 -0.051374
v 0.332021 -0.499172 -0.032352
v 0.302845 -0.457350 0.043576
v -0.057912 -0.491914 0.697601
v 0.059510 -0.492053 0.695652
v -0.000011 -0.320689 0.733220
v 0.089679 -0.386627 0.713330
v -0.088586 -0.385556 0.712902
v -0.023328 0.119494 0.324220
v 0.021307 0.119305 0.322156
v 0.001340 0.114698 0.466621
v 0.041366 0.112896 0.409992
v -0.042649 0.112685 0.413569
v -0.024775 -0.158262 -0.396596
v 0.024194 -0.156008 -0.396894
v -0.000261 -0.018348 -0.425583
v 0.034982 -0.065296 -0.406272
v -0.036227 -0.065285 -0.405035
v -0.055675 0.497036 -0.671571
v 0.056767 0.497467 -0.672109
v 0.000516 0.311237 -0.755378
v 0.089920 0.377786 -0.723929
v -0.089620 0.377744 -0.724830
v 0.359052 0.023737 -0.251421
v 0.345543 0.046414 -0.212776
v 0.322965 0.052764 -0.282689
v 0.330629 0.046622 -0.310768
v 0.364866 0.036020 -0.191329
v 0.371234 0.002793 0.236542
v 0.366314 0.015007 0.242740
v 0.356205 -0.007155 0.298191
v 0.356368 -0.003917 0.290584
v 0.376297 0.017038 0.210038
v -0.354293 0.028836 -0.248597
v -0.346710 0.046814 -0.212176
v -0.323622 0.051737 -0.282153
v -0.334159 0.042578 -0.311296
v -0.365974 0.038592 -0.191664
v -0.372475 0.008172 0.232893
v -0.364063 0.018651 0.239260
v -0.353160 -0.003860 0.298167
v -0.356397 -0.000256 0.289327
v -0.377631 0.024072 0.206902
v 0.003463 0.576025 -0.120825
v 0.018977 0.579756 -0.126842
v 0.011960 0.565350 -0.152928
v 0.010624 0.584744 -0.116623
v -0.006073 0.564732 -0.144546
v 0.015570 0.585843 -0.113980
v -0.049830 0.254054 -0.104717
v -0.054289 0.178430 0.104138
v -0.008876 0.294993 -0.133149
v -0.111868 0.196543 0.025095
v -0.010907 0.213249 -0.037875
v -0.109053 0.180396 0.130183
v -0.193860 0.572892 -0.309201
v -0.186271 0.673576 -0.516670
v -0.115835 0.630110 -0.312227
v -0.395872 0.632137 -0.396341
v -0.153552 0.818187 -0.427600
v -0.267487 0.583460 -0.489766
v -0.220306 0.196998 -0.187577
v -0.311218 0.080984 -0.219846
v -0.240707 0.280587 -0.275233
v -0.281160 0.096207 -0.115171
v -0.265825 0.177701 -0.299729
v -0.326965 0.048865 -0.126462
v -0.243215 0.105440 0.018601
v -0.367208 0.001364 0.171357
v -0.242039 0.097634 0.087338
v -0.307221 0.054002 0.033101
v -0.301779 0.044440 0.172040
v -0.364747 0.009726 0.099731
v 0.047750 0.256621 -0.108003
v 0.051636 0.182996 0.104036
v 0.002571 0.304109 -0.133388
v 0.005023 0.218362 -0.042820
v 0.112808 0.197367 0.019970
v 0.109518 0.182031 0.127943
v 0.197756 0.572310 -0.309907
v 0.186274 0.674732 -0.517079
v 0.124124 0.629966 -0.315599
v 0.151338 0.817970 -0.425434
v 0.393867 0.631978 -0.396081
v 0.267920 0.583246 -0.487893
v 0.219548 0.200457 -0.188748
v 0.308903 0.083983 -0.222234
v 0.240224 0.283183 -0.277757
v 0.279321 0.095632 -0.117199
v 0.267326 0.183264 -0.299497
v 0.323583 0.055656 -0.130951
v 0.244249 0.102104 0.015649
v 0.363655 -0.004832 0.166092
v 0.243487 0.096791 0.082466
v 0.307574 0.049440 0.029280
v 0.302354 0.042209 0.167522
v 0.363796 0.004984 0.096935
v -0.088392 -0.588127 0.005049
v 0.088476 -0.587613 0.005365
v -0.043392 -0.576442 0.093725
v -0.050062 -0.564803 -0.063639
v 0.043057 -0.575942 0.092879
v 0.051226 -0.564454 -0.063595
v -0.205477 -0.531310 0.284470
v -0.182247 -0.811274 0.573714
v -0.132751 -0.579134 0.315168
v -0.264033 -0.510493 0.366613
v -0.101236 -0.653476 0.448630
v -0.313940 -0.641670 0.514131
v -0.242662 -0.735365 -0.280996
v -0.111936 -0.359131 -0.324635
v -0.119034 -0.631216 -0.238618
v -0.269996 -0.470813 -0.295229
v -0.079499 -0.473164 -0.279890
v -0.186651 -0.336329 -0.315955
v -0.364246 -0.236542 -0.098562
v -0.317015 0.000485 -0.128435
v -0.338003 -0.220790 -0.178399
v -0.342746 -0.113840 -0.039964
v -0.301615 -0.078570 -0.180651
v -0.336744 -0.009098 -0.061251
v -0.321362 -0.246955 0.144249
v -0.344339 -0.069221 0.206783
v -0.318369 -0.265816 0.236875
v -0.338234 -0.133953 0.101720
v -0.331214 -0.174877 0.268075
v -0.350382 -0.042336 0.133292
v 0.206384 -0.531602 0.284460
v 0.184320 -0.810811 0.573864
v 0.133194 -0.578783 0.314621
v 0.101356 -0.650158 0.448520
v 0.264787 -0.509918 0.366517
v 0.314400 -0.642974 0.515096
v 0.246476 -0.734191 -0.281167
v 0.111560 -0.358463 -0.324823
v 0.121926 -0.630703 -0.241998
v 0.082690 -0.474019 -0.279197
v 0.269708 -0.471383 -0.294471
v 0.190241 -0.335302 -0.315757
v 0.363607 -0.240639 -0.099155
v 0.317044 -0.004913 -0.130346
v 0.337332 -0.222139 -0.178361
v 0.347020 -0.119893 -0.041969
v 0.302166 -0.082574 -0.181257
v 0.338744 -0.017872 -0.064223
v 0.324210 -0.245133 0.141099
v 0.346998 -0.064078 0.200690
v 0.320803 -0.263669 0.235466
v 0.340872 -0.137209 0.099318
v 0.332524 -0.171961 0.265925
v 0.350322 -0.047738 0.132220
v -0.000130 -0.099667 0.764865
v 0.000293 0.063977 0.614327
v 0.092200 -0.042711 0.704427
v -0.091932 -0.042377 0.704610
v 0.081340 0.035807 0.638686
v -0.080428 0.035327 0.639592
v 0.269778 -0.256337 0.641854
v 0.317982 -0.109655 0.450568
v 0.314176 -0.302408 0.558850
v 0.327121 -0.196775 0.458935
v 0.263308 -0.133367 0.632244
v 0.288762 -0.086226 0.530304
v -0.270927 -0.255929 0.641758
v -0.317772 -0.108529 0.452263
v -0.315657 -0.303132 0.559125
v -0.325438 -0.198200 0.459275
v -0.263396 -0.132119 0.632080
v -0.288924 -0.087117 0.531254
v 0.160935 0.073559 0.418802
v 0.271720 0.007979 0.370519
v 0.192202 0.074109 0.332013
v 0.250193 0.040025 0.318502
v 0.185580 0.045206 0.487119
v 0.242481 0.007092 0.453287
v -0.158571 0.072968 0.418329
v -0.276269 0.009021 0.373636
v -0.189951 0.074701 0.334288
v -0.253882 0.039055 0.322798
v -0.184724 0.045018 0.487562
v -0.243869 0.007788 0.454914
v -0.000791 0.001897 -0.563115
v 0.000057 0.076327 -0.752765
v 0.075074 -0.000896 -0.607530
v -0.074645 0.000713 -0.605513
v 0.097473 0.033118 -0.709584
v -0.096112 0.030582 -0.711748
v 0.128286 -0.012563 -0.385634
v 0.241404 0.032014 -0.350218
v 0.172043 -0.059995 -0.332303
v 0.219997 -0.015912 -0.303672
v 0.155560 0.016082 -0.448903
v 0.218322 0.035541 -0.437955
v -0.127498 -0.015391 -0.383747
v -0.240165 0.030561 -0.349878
v -0.171916 -0.061388 -0.333758
v -0.219556 -0.017970 -0.303734
v -0.156137 0.014084 -0.445752
v -0.215476 0.035944 -0.431949
v 0.293698 0.253169 -0.707439
v 0.302217 0.129049 -0.488279
v 0.289742 0.306448 -0.582886
v 0.295953 0.216619 -0.492314
v 0.300430 0.124954 -0.708813
v 0.291479 0.101906 -0.571484
v -0.294812 0.250231 -0.707448
v -0.304757 0.125756 -0.486886
v -0.288914 0.304034 -0.581814
v -0.296070 0.212718 -0.492388
v -0.299690 0.120600 -0.706123
v -0.289542 0.099691 -0.566572
v 0.393729 0.043732 -0.050722
v 0.388977 0.034776 0.085484
v 0.387447 0.025834 -0.023861
v 0.388398 0.023808 0.044887
v 0.387358 0.053222 -0.007662
v 0.383843 0.049030 0.058586
v -0.395426 0.048572 -0.047757
v -0.391276 0.040702 0.087359
v -0.386811 0.030197 -0.022608
v -0.390284 0.028354 0.047001
v -0.390066 0.062365 -0.004908
v -0.387349 0.054860 0.061569
v -0.035086 0.419773 -0.159473
v -0.075621 0.494659 -0.182621
v 0.007228 0.521180 -0.167260
v -0.021410 0.563480 -0.145648
v -0.111070 0.227708 -0.101364
v -0.016592 0.383706 -0.154638
v -0.106337 0.207926 -0.055496
v -0.171774 0.382051 -0.209470
v -0.091471 0.545472 -0.225558
v -0.243859 0.486273 -0.283385
v -0.174459 0.202454 -0.115098
v -0.217421 0.350083 -0.242678
v -0.227625 0.148220 -0.110722
v -0.175325 0.156438 -0.009506
v -0.237540 0.120672 -0.043853
v 0.043799 0.424055 -0.158781
v 0.086916 0.491709 -0.186904
v 0.011507 0.520303 -0.167747
v 0.053482 0.549747 -0.163063
v 0.113783 0.231784 -0.103327
v 0.020851 0.388099 -0.155973
v 0.110158 0.210337 -0.059465
v 0.171539 0.383229 -0.208254
v 0.104151 0.543415 -0.230785
v 0.243722 0.486555 -0.283218
v 0.173730 0.204885 -0.117645
v 0.216326 0.350867 -0.243183
v 0.227267 0.149852 -0.113303
v 0.176878 0.157664 -0.016173
v 0.237277 0.119703 -0.048199
v -0.193667 -0.553248 0.062118
v -0.224958 -0.755314 -0.038866
v -0.124213 -0.567829 0.073587
v -0.128402 -0.665069 -0.061965
v -0.273928 -0.440458 0.126419
v -0.161255 -0.554639 0.177424
v -0.258982 -0.453377 0.237568
v -0.361432 -0.569948 -0.127367
v -0.162911 -0.791022 -0.159881
v -0.351484 -0.588977 -0.250375
v -0.333259 -0.363579 0.011456
v -0.363298 -0.394851 -0.168172
v -0.348312 -0.242864 -0.018333
v -0.296579 -0.356829 0.189868
v -0.333996 -0.240277 0.059880
v 0.194130 -0.552487 0.065020
v 0.226869 -0.754632 -0.038400
v 0.124375 -0.569275 0.076425
v 0.127698 -0.664424 -0.061882
v 0.275662 -0.439551 0.128869
v 0.160880 -0.558165 0.175145
v 0.261349 -0.453848 0.237302
v 0.364372 -0.568583 -0.125889
v 0.162727 -0.791496 -0.159584
v 0.353662 -0.588526 -0.247460
v 0.334145 -0.363845 0.010697
v 0.362766 -0.396287 -0.167260
v 0.352111 -0.244035 -0.020194
v 0.297505 -0.356041 0.189818
v 0.337854 -0.242638 0.058912
v 0.002099 -0.552123 0.661773
v -0.183360 -0.489289 0.698568
v -0.056450 -0.629820 0.585967
v -0.287137 -0.640456 0.674192
v 0.182444 -0.489312 0.696554
v 0.057548 -0.633254 0.584038
v 0.286498 -0.641349 0.673367
v 0.099414 -0.267048 0.732351
v -0.098798 -0.265655 0.732597
v 0.100149 -0.149567 0.746786
v -0.099446 -0.148734 0.746854
v 0.287333 -0.419531 0.658998
v 0.197328 -0.199373 0.703311
v -0.288094 -0.416874 0.658348
v -0.196238 -0.197711 0.703630
v -0.002940 0.143730 0.215993
v -0.073205 0.114599 0.329907
v -0.018694 0.178419 0.095396
v -0.093802 0.136681 0.230459
v 0.070480 0.116010 0.327143
v 0.010745 0.179560 0.091720
v 0.093158 0.139254 0.228048
v 0.056799 0.105469 0.492849
v -0.056974 0.106092 0.495160
v 0.069876 0.081675 0.567666
v -0.069738 0.081211 0.568630
v 0.130156 0.100224 0.335923
v 0.123203 0.080781 0.501530
v -0.129395 0.099558 0.336511
v -0.121306 0.079758 0.499579
v -0.000127 -0.258391 -0.384468
v -0.075360 -0.137264 -0.381280
v -0.036629 -0.360429 -0.330126
v -0.125585 -0.226871 -0.350661
v 0.074371 -0.135728 -0.379849
v 0.037785 -0.360598 -0.330681
v 0.126307 -0.227165 -0.350293
v 0.042095 0.002326 -0.438365
v -0.042554 0.001825 -0.437927
v 0.054617 0.008787 -0.510623
v -0.054954 0.009874 -0.509345
v 0.124617 -0.103296 -0.359903
v 0.094745 0.009812 -0.447555
v -0.125377 -0.105167 -0.359473
v -0.094945 0.009381 -0.445177
v 0.000559 0.620644 -0.624513
v -0.165538 0.460704 -0.674043
v -0.069662 0.686615 -0.525110
v -0.222754 0.535773 -0.592819
v 0.166947 0.462829 -0.672613
v 0.071236 0.687529 -0.524785
v 0.222594 0.537833 -0.592992
v 0.113189 0.252765 -0.784099
v -0.111279 0.250636 -0.790686
v 0.114302 0.125879 -0.785846
v -0.115259 0.115945 -0.804264
v 0.249612 0.392779 -0.648250
v 0.232037 0.184991 -0.800285
v -0.249549 0.392831 -0.649294
v -0.231688 0.182023 -0.800231
v 0.329464 0.057650 -0.320585
v 0.366694 0.022303 -0.173452
v 0.303066 0.107973 -0.313724
v 0.355782 0.020358 -0.147554
v 0.310737 0.041483 -0.242478
v 0.371972 0.046954 -0.145116
v 0.293061 0.009572 -0.200765
v 0.358091 0.033439 -0.100977
v 0.303510 0.063635 -0.362003
v 0.268021 0.020450 -0.272773
v 0.267129 0.055630 -0.405953
v 0.303775 0.128316 -0.403774
v 0.289439 0.080572 -0.456309
v 0.381498 0.024016 -0.096384
v 0.388521 0.051673 -0.075917
v 0.348106 -0.007343 0.267878
v 0.381638 0.007222 0.176872
v 0.335656 0.004305 0.229068
v 0.377817 -0.001402 0.138601
v 0.345996 -0.033544 0.293222
v 0.371997 0.027459 0.183914
v 0.339556 -0.088836 0.281972
v 0.363716 0.013984 0.157309
v 0.329685 -0.022453 0.353145
v 0.332384 -0.107820 0.366903
v 0.303881 -0.053040 0.435625
v 0.304513 0.006759 0.297404
v 0.289061 -0.018286 0.409605
v 0.387477 0.015660 0.111903
v 0.378952 0.037604 0.123170
v -0.331672 0.050723 -0.321177
v -0.368783 0.024783 -0.173186
v -0.305731 0.107844 -0.313248
v -0.357788 0.022151 -0.148509
v -0.310248 0.046269 -0.240085
v -0.374258 0.051060 -0.143609
v -0.292974 0.012582 -0.199040
v -0.358152 0.044427 -0.097377
v -0.302979 0.063567 -0.362871
v -0.266126 0.022529 -0.272687
v -0.263981 0.054289 -0.403825
v -0.305496 0.124968 -0.401041
v -0.289596 0.079312 -0.454688
v -0.381957 0.026477 -0.095709
v -0.387849 0.058519 -0.073607
v -0.352563 -0.003062 0.267607
v -0.383283 0.014771 0.175623
v -0.344537 0.002710 0.234538
v -0.380347 0.007142 0.140850
v -0.346432 -0.034077 0.295562
v -0.373922 0.031644 0.184304
v -0.339700 -0.092294 0.285314
v -0.364454 0.017359 0.159472
v -0.329656 -0.019491 0.354307
v -0.332560 -0.111756 0.369893
v -0.305688 -0.050720 0.435139
v -0.311660 0.006171 0.300458
v -0.292680 -0.015856 0.409987
v -0.388640 0.022813 0.112568
v -0.380300 0.044742 0.124834
v -0.014152 0.488122 -0.162024
v -0.000990 0.319394 -0.123106
v 0.010449 0.556920 -0.186207
v -0.035860 0.632690 -0.303101
v -0.015599 0.324828 -0.131840
v 0.045947 0.632788 -0.304542
v -0.170391 0.143306 0.150799
v -0.235087 0.091987 0.166846
v -0.216700 0.082874 0.249409
v -0.343854 0.495628 -0.441537
v -0.272981 0.339595 -0.374599
v -0.283350 0.336651 -0.474896
v -0.347455 0.021576 -0.041033
v -0.357966 0.014643 0.029871
v -0.376787 0.017884 0.005832
v 0.171526 0.142583 0.144225
v 0.236159 0.091478 0.159872
v 0.216313 0.083695 0.243568
v 0.345045 0.495794 -0.440841
v 0.273101 0.342184 -0.375118
v 0.282173 0.338992 -0.475196
v 0.343889 0.028332 -0.045253
v 0.356405 0.014159 0.027249
v 0.374935 0.013960 0.003283
v -0.000435 -0.584223 0.201029
v -0.046046 -0.593475 0.325103
v 0.000928 -0.532872 -0.130875
v -0.043320 -0.532494 -0.209835
v 0.045868 -0.593045 0.323122
v 0.045062 -0.532114 -0.210783
v -0.309587 -0.431572 0.423280
v -0.320409 -0.293603 0.341978
v -0.324265 -0.312502 0.452423
v -0.259197 -0.269451 -0.298156
v -0.292419 -0.175556 -0.245110
v -0.231326 -0.117193 -0.291748
v -0.349184 -0.015389 0.004026
v -0.352604 -0.024631 0.067947
v -0.374177 0.051599 0.035562
v 0.307702 -0.432513 0.422300
v 0.321281 -0.288797 0.338661
v 0.324795 -0.310978 0.452395
v 0.257422 -0.270212 -0.296590
v 0.295164 -0.175450 -0.245618
v 0.232170 -0.118673 -0.290514
v 0.347403 -0.021509 -0.000351
v 0.352084 -0.030268 0.062084
v 0.373421 0.046985 0.032046
v 0.164302 -0.002472 0.633835
v 0.238395 -0.047438 0.597247
v -0.165044 -0.002700 0.635878
v -0.235819 -0.049014 0.593754
v 0.210340 0.006330 0.546668
v -0.209029 0.005483 0.543919
v 0.164583 0.014787 -0.633182
v 0.196638 0.029726 -0.534211
v -0.162486 0.013173 -0.631771
v -0.191551 0.028775 -0.528764
v 0.246761 0.055791 -0.628100
v -0.241904 0.054198 -0.620919
v -0.089099 0.381395 -0.155561
v -0.092064 0.339176 -0.147271
v -0.106885 0.375991 -0.156780
v -0.120411 0.329141 -0.153024
v -0.110296 0.307340 -0.143358
v 0.091926 0.383912 -0.158337
v 0.094877 0.341738 -0.148926
v 0.109758 0.375434 -0.163301
v 0.121210 0.330467 -0.156474
v 0.111158 0.307850 -0.145847
v -0.273310 -0.584996 0.000594
v -0.273097 -0.536742 0.025391
v -0.302149 -0.595885 -0.021538
v -0.311039 -0.535967 -0.012784
v -0.296519 -0.508642 0.017393
v 0.273337 -0.581077 0.003666
v 0.275094 -0.533748 0.028532
v 0.300363 -0.589128 -0.019892
v 0.310931 -0.531506 -0.010643
v 0.295255 -0.504547 0.021301
v -0.024325 -0.448859 0.705142
v 0.025404 -0.448217 0.704131
v 0.001257 -0.374405 0.719116
v 0.039875 -0.402295 0.712731
v -0.039349 -0.403167 0.711966
v -0.010991 0.116985 0.363998
v 0.009947 0.117356 0.363621
v -0.000126 0.116138 0.427662
v 0.018065 0.116120 0.405373
v -0.018690 0.115399 0.402523
v -0.010988 -0.117369 -0.402582
v 0.010086 -0.116432 -0.403056
v -0.000978 -0.054464 -0.413109
v 0.015700 -0.078402 -0.408019
v -0.016196 -0.078183 -0.407161
v -0.024835 0.451246 -0.693783
v 0.025721 0.450173 -0.692960
v 0.000129 0.367687 -0.730553
v 0.041008 0.396663 -0.716323
v -0.037778 0.398274 -0.717159
v 0.350220 0.033560 -0.250916
v 0.346104 0.044886 -0.233062
v 0.336042 0.047176 -0.264033
v 0.338321 0.041373 -0.276073
v 0.353392 0.037023 -0.223032
v 0.370272 0.008424 0.247125
v 0.366929 0.014897 0.249913
v 0.363228 0.008780 0.273987
v 0.365272 0.005409 0.270881
v 0.372277 0.014077 0.234823
v -0.351370 0.035484 -0.249666
v -0.346805 0.044368 -0.232957
v -0.337058 0.046789 -0.264486
v -0.340801 0.041317 -0.275589
v -0.355510 0.038105 -0.224260
v -0.372288 0.011647 0.245091
v -0.367727 0.022486 0.248963
v -0.364042 0.014072 0.272977
v -0.365964 0.008404 0.269538
v -0.374297 0.020845 0.233714
v -0.024549 0.595887 -0.095282
v 0.012844 0.585123 -0.122558
v 0.004982 0.578921 -0.138949
v -0.018111 0.585534 -0.119437
v 0.005970 0.587359 -0.123491
v 0.004417 0.585201 -0.117479
v -0.046250 0.229072 -0.077505
v -0.054082 0.196548 0.042517
v -0.023551 0.233603 -0.109602
v -0.079701 0.209558 0.001791
v -0.029821 0.213469 -0.037021
v -0.081841 0.198409 0.058452
v -0.207915 0.621420 -0.360467
v -0.208467 0.695836 -0.468708
v -0.170757 0.668243 -0.368550
v -0.270062 0.629264 -0.403546
v -0.218850 0.793396 -0.427655
v -0.229478 0.629465 -0.455017
v -0.243074 0.165664 -0.195083
v -0.289581 0.105758 -0.211112
v -0.243663 0.195373 -0.242259
v -0.272706 0.114867 -0.157819
v -0.264087 0.157426 -0.250853
v -0.296719 0.089876 -0.164527
v -0.278036 0.074064 0.060982
v -0.341184 0.021999 0.139239
v -0.276703 0.072469 0.094807
v -0.310662 0.049530 0.067046
v -0.308690 0.045551 0.136120
v -0.341830 0.024029 0.104114
v 0.043937 0.230114 -0.078963
v 0.052022 0.199131 0.042117
v 0.016449 0.239249 -0.097429
v 0.022857 0.218785 -0.034297
v 0.078880 0.210713 -0.000338
v 0.080937 0.200679 0.057629
v 0.211664 0.621153 -0.362166
v 0.209105 0.696990 -0.467253
v 0.171743 0.666834 -0.370366
v 0.218107 0.793186 -0.426311
v 0.271030 0.629002 -0.404118
v 0.228285 0.627948 -0.454771
v 0.241778 0.169528 -0.196956
v 0.289119 0.110064 -0.214165
v 0.244068 0.200089 -0.243069
v 0.271219 0.116425 -0.160293
v 0.264557 0.160012 -0.252928
v 0.295016 0.092287 -0.168528
v 0.280150 0.069816 0.059528
v 0.340484 0.016616 0.134397
v 0.279127 0.069055 0.092631
v 0.310664 0.045063 0.063880
v 0.309573 0.041365 0.133266
v 0.342405 0.017033 0.101135
v -0.044954 -0.574682 0.008148
v 0.044906 -0.573772 0.007733
v -0.021886 -0.573956 0.049539
v -0.023521 -0.562014 -0.028293
v 0.021808 -0.572353 0.048714
v 0.024429 -0.561659 -0.028322
v -0.200097 -0.555966 0.364133
v -0.215479 -0.767897 0.466320
v -0.160179 -0.583034 0.381188
v -0.239408 -0.572112 0.399747
v -0.154692 -0.666872 0.434534
v -0.266013 -0.664779 0.458640
v -0.202229 -0.604881 -0.289217
v -0.138740 -0.424891 -0.305600
v -0.147172 -0.581516 -0.271728
v -0.219815 -0.500395 -0.298851
v -0.122914 -0.490851 -0.285951
v -0.181704 -0.419908 -0.306346
v -0.355809 -0.162909 -0.105269
v -0.319785 -0.042885 -0.117645
v -0.338506 -0.157479 -0.144304
v -0.342149 -0.107906 -0.076049
v -0.319824 -0.090892 -0.146886
v -0.328996 -0.048985 -0.082356
v -0.329399 -0.198255 0.163528
v -0.339272 -0.106191 0.196377
v -0.327356 -0.208382 0.207884
v -0.336419 -0.141383 0.139834
v -0.332958 -0.162683 0.223849
v -0.342500 -0.096019 0.156410
v 0.201897 -0.555507 0.365434
v 0.215298 -0.767521 0.466288
v 0.161079 -0.581760 0.379974
v 0.155021 -0.666730 0.432973
v 0.242590 -0.573676 0.400364
v 0.266341 -0.665665 0.459550
v 0.204575 -0.605366 -0.287640
v 0.139523 -0.425315 -0.305762
v 0.149655 -0.580832 -0.274048
v 0.123992 -0.491852 -0.286094
v 0.220741 -0.500425 -0.299545
v 0.183304 -0.420107 -0.306436
v 0.349613 -0.170510 -0.106723
v 0.319721 -0.049924 -0.119555
v 0.336241 -0.163284 -0.144732
v 0.343292 -0.113485 -0.076781
v 0.319512 -0.097165 -0.148579
v 0.331278 -0.056859 -0.085257
v 0.330792 -0.199364 0.162948
v 0.342014 -0.107028 0.192581
v 0.328421 -0.206440 0.207776
v 0.339277 -0.143478 0.139524
v 0.334930 -0.160320 0.221498
v 0.341677 -0.097767 0.153454
v -0.000106 -0.043407 0.725014
v 0.000667 0.037675 0.652365
v 0.045412 -0.018892 0.702919
v -0.045354 -0.019011 0.702619
v 0.042951 0.022109 0.667947
v -0.042153 0.021606 0.668013
v 0.295341 -0.214726 0.601520
v 0.315103 -0.141290 0.500552
v 0.313765 -0.234056 0.556395
v 0.321669 -0.188712 0.507564
v 0.292616 -0.153924 0.597205
v 0.301410 -0.126199 0.543671
v -0.295912 -0.213663 0.600571
v -0.313693 -0.141811 0.500742
v -0.313909 -0.234955 0.556593
v -0.318693 -0.190939 0.506313
v -0.293667 -0.154176 0.596400
v -0.301083 -0.126486 0.546146
v 0.191128 0.057033 0.411842
v 0.246662 0.023104 0.387844
v 0.206862 0.056470 0.367697
v 0.235133 0.040320 0.358873
v 0.204510 0.041529 0.444240
v 0.231519 0.024121 0.429202
v -0.189573 0.056719 0.411421
v -0.248632 0.023798 0.389055
v -0.205884 0.056557 0.370311
v -0.237029 0.038682 0.361869
v -0.202403 0.042301 0.443168
v -0.232015 0.024198 0.430132
v -0.000066 -0.002517 -0.613835
v 0.000016 0.036703 -0.713013
v 0.040854 0.001823 -0.638254
v -0.040478 0.002910 -0.637471
v 0.046046 0.022708 -0.687663
v -0.045610 0.019386 -0.689774
v 0.157253 -0.006362 -0.379689
v 0.215252 0.017089 -0.362374
v 0.174929 -0.019138 -0.347466
v 0.201948 -0.003106 -0.336263
v 0.171836 0.012748 -0.409522
v 0.201041 0.023334 -0.402256
v -0.156432 -0.006161 -0.378654
v -0.214271 0.016793 -0.361765
v -0.174911 -0.019334 -0.345715
v -0.201521 -0.004723 -0.336463
v -0.170185 0.012121 -0.407830
v -0.200673 0.019969 -0.401383
v 0.313159 0.218174 -0.662519
v 0.303072 0.158253 -0.542308
v 0.304237 0.242389 -0.598422
v 0.301494 0.205881 -0.544946
v 0.315550 0.158374 -0.661424
v 0.304433 0.139221 -0.593217
v -0.313699 0.213555 -0.661036
v -0.303843 0.154143 -0.540150
v -0.301857 0.240146 -0.596050
v -0.301321 0.202710 -0.543099
v -0.314804 0.153534 -0.658182
v -0.304393 0.135104 -0.589608
v 0.392320 0.043228 -0.015872
v 0.390277 0.038924 0.052179
v 0.390428 0.034983 -0.002753
v 0.390747 0.032644 0.031463
v 0.389891 0.049113 0.004947
v 0.388302 0.047604 0.038986
v -0.396005 0.048693 -0.014000
v -0.393470 0.044996 0.054072
v -0.392737 0.040178 -0.000390
v -0.392920 0.038402 0.033522
v -0.392886 0.055572 0.007370
v -0.392478 0.052571 0.041403
v -0.047469 0.471773 -0.166261
v -0.009793 0.555450 -0.143657
v -0.027662 0.475838 -0.165272
v -0.047036 0.508680 -0.168030
v -0.007004 0.523919 -0.161188
v -0.026305 0.550747 -0.148759
v -0.068588 0.316773 -0.137814
v -0.053195 0.280721 -0.121923
v -0.046425 0.359786 -0.148796
v -0.081707 0.261572 -0.120346
v -0.036266 0.341729 -0.143636
v -0.077215 0.246411 -0.106921
v -0.127627 0.444020 -0.200534
v -0.168999 0.524997 -0.264643
v -0.106588 0.486510 -0.204003
v -0.162121 0.437057 -0.221101
v -0.122645 0.519540 -0.232013
v -0.191219 0.482956 -0.257230
v -0.158684 0.281457 -0.164698
v -0.199063 0.224615 -0.179368
v -0.175161 0.319964 -0.193033
v -0.174054 0.223744 -0.142639
v -0.194640 0.296356 -0.204337
v -0.198878 0.196377 -0.144194
v -0.144473 0.213627 -0.101939
v -0.207367 0.138615 -0.024548
v -0.141424 0.199485 -0.081804
v -0.174073 0.187428 -0.089824
v -0.174632 0.164929 -0.038916
v -0.205795 0.146769 -0.053303
v 0.054961 0.478957 -0.169795
v 0.032070 0.550121 -0.148894
v 0.038529 0.483897 -0.167564
v 0.063880 0.504162 -0.173393
v 0.026667 0.524247 -0.163735
v 0.050562 0.538862 -0.160214
v 0.072706 0.321091 -0.138921
v 0.053521 0.283393 -0.124378
v 0.051814 0.364854 -0.147814
v 0.085671 0.266004 -0.121682
v 0.041163 0.345629 -0.144204
v 0.080021 0.249277 -0.109236
v 0.132239 0.443663 -0.203465
v 0.174788 0.525073 -0.266507
v 0.114911 0.485543 -0.206841
v 0.164235 0.437042 -0.222084
v 0.129970 0.518940 -0.234456
v 0.192996 0.483379 -0.257500
v 0.160105 0.282952 -0.166346
v 0.198698 0.229855 -0.181038
v 0.174345 0.322331 -0.192490
v 0.174189 0.225247 -0.144067
v 0.193276 0.300809 -0.204637
v 0.198225 0.199078 -0.146234
v 0.145912 0.215248 -0.105626
v 0.209655 0.137491 -0.028365
v 0.144797 0.201790 -0.084155
v 0.176037 0.188675 -0.093595
v 0.176437 0.165254 -0.044256
v 0.207577 0.146768 -0.057168
v -0.208382 -0.626026 0.002834
v -0.128728 -0.604685 0.002210
v -0.181170 -0.585244 0.028921
v -0.193830 -0.674724 -0.021209
v -0.146131 -0.583879 0.031462
v -0.150891 -0.647835 -0.027322
v -0.235787 -0.508754 0.101138
v -0.212992 -0.514627 0.216101
v -0.208468 -0.530566 0.109061
v -0.251025 -0.476439 0.142001
v -0.193329 -0.531424 0.165300
v -0.240926 -0.481723 0.197379
v -0.325965 -0.720463 -0.098364
v -0.284828 -0.763579 -0.224821
v -0.273665 -0.775258 -0.095923
v -0.355011 -0.675192 -0.149662
v -0.249567 -0.794905 -0.159813
v -0.342514 -0.689785 -0.215222
v -0.347216 -0.450259 -0.054240
v -0.362056 -0.312784 -0.087806
v -0.360066 -0.472231 -0.099772
v -0.345568 -0.374823 -0.029049
v -0.365931 -0.394728 -0.120251
v -0.353895 -0.310709 -0.044971
v -0.305905 -0.403528 0.067935
v -0.316146 -0.298486 0.119975
v -0.296107 -0.400169 0.110072
v -0.321092 -0.355416 0.053541
v -0.302917 -0.349832 0.140241
v -0.323220 -0.298661 0.077531
v 0.208013 -0.624164 0.005149
v 0.129805 -0.603445 0.002616
v 0.182028 -0.584122 0.029942
v 0.194860 -0.672619 -0.020506
v 0.145422 -0.582442 0.031161
v 0.151460 -0.647550 -0.027440
v 0.239103 -0.508698 0.104398
v 0.213376 -0.516964 0.217122
v 0.209694 -0.532840 0.111410
v 0.251912 -0.476473 0.142944
v 0.194502 -0.534033 0.167297
v 0.242913 -0.481476 0.199823
v 0.326879 -0.715617 -0.095812
v 0.285864 -0.763164 -0.223805
v 0.274722 -0.774038 -0.095063
v 0.355606 -0.671320 -0.147565
v 0.250934 -0.794396 -0.159312
v 0.344382 -0.688019 -0.213661
v 0.347621 -0.448908 -0.053201
v 0.365247 -0.315151 -0.088283
v 0.359038 -0.470085 -0.099473
v 0.348272 -0.373260 -0.030007
v 0.364539 -0.394754 -0.119025
v 0.355514 -0.312400 -0.045475
v 0.307051 -0.402824 0.069759
v 0.318301 -0.298030 0.119853
v 0.295847 -0.397842 0.113039
v 0.322462 -0.354573 0.053321
v 0.303369 -0.350599 0.139169
v 0.325448 -0.298160 0.076828
v -0.093899 -0.551724 0.686360
v -0.155931 -0.760641 0.669720
v -0.062215 -0.581010 0.663473
v -0.163194 -0.571040 0.694175
v -0.087666 -0.654963 0.641802
v -0.216902 -0.687483 0.700422
v 0.096610 -0.550948 0.686800
v 0.158089 -0.759308 0.672391
v 0.064025 -0.580807 0.663677
v 0.164822 -0.570345 0.694642
v 0.088384 -0.656444 0.643023
v 0.217846 -0.685918 0.701043
v 0.000022 -0.266110 0.746877
v 0.000363 -0.169158 0.826574
v 0.049687 -0.238687 0.750512
v -0.049913 -0.238873 0.750811
v 0.050817 -0.183573 0.771080
v -0.050400 -0.183103 0.770473
v 0.142550 -0.365133 0.709034
v 0.238051 -0.298384 0.676370
v 0.188629 -0.410039 0.696087
v 0.146436 -0.299515 0.715388
v 0.241545 -0.376583 0.680158
v 0.195005 -0.264727 0.700575
v -0.142226 -0.365098 0.708658
v -0.238284 -0.297256 0.676476
v -0.189489 -0.408938 0.696857
v -0.146928 -0.297122 0.715429
v -0.240855 -0.374649 0.679473
v -0.195610 -0.264069 0.700515
v -0.035788 0.128424 0.274499
v -0.051803 0.158024 0.164824
v -0.021189 0.144386 0.216885
v -0.058678 0.124563 0.278237
v -0.029783 0.159239 0.160815
v -0.069200 0.139656 0.225823
v 0.031076 0.128525 0.273017
v 0.046826 0.161993 0.162491
v 0.018448 0.144602 0.215511
v 0.056086 0.127396 0.274958
v 0.025961 0.161671 0.156555
v 0.065551 0.142747 0.222405
v 0.000583 0.109989 0.504583
v 0.000149 0.083776 0.576755
v 0.030508 0.103711 0.518986
v -0.030017 0.103801 0.520343
v 0.033412 0.092549 0.556365
v -0.033327 0.091033 0.556862
v 0.069138 0.107344 0.416696
v 0.130994 0.086998 0.426065
v 0.085269 0.106869 0.374597
v 0.079689 0.102164 0.457985
v 0.114523 0.098730 0.378708
v 0.112299 0.091158 0.461914
v -0.069609 0.106952 0.417456
v -0.128103 0.087251 0.421623
v -0.086323 0.106338 0.376406
v -0.079576 0.103327 0.460129
v -0.115114 0.097559 0.379075
v -0.110268 0.090901 0.461709
v -0.042937 -0.203089 -0.385808
v -0.086174 -0.302608 -0.345242
v -0.032994 -0.255967 -0.381612
v -0.071130 -0.193381 -0.376546
v -0.051248 -0.306610 -0.353720
v -0.093789 -0.240293 -0.358631
v 0.043285 -0.201992 -0.385343
v 0.086505 -0.301070 -0.347355
v 0.032109 -0.257019 -0.381191
v 0.072064 -0.191710 -0.376163
v 0.053010 -0.307569 -0.353520
v 0.096482 -0.241110 -0.363750
v -0.000679 0.004284 -0.446903
v 0.001495 0.009683 -0.518286
v 0.022558 0.009722 -0.459404
v -0.023284 0.010075 -0.459200
v 0.025074 0.011336 -0.495090
v -0.026774 0.010094 -0.495304
v 0.055388 -0.050879 -0.402367
v 0.102334 -0.022747 -0.390821
v 0.075970 -0.081585 -0.386606
v 0.059917 -0.012614 -0.416316
v 0.100611 -0.068101 -0.377104
v 0.084170 -0.005009 -0.417369
v -0.056604 -0.051684 -0.401103
v -0.101006 -0.023803 -0.388526
v -0.076591 -0.084102 -0.385937
v -0.059906 -0.012604 -0.415708
v -0.099748 -0.068535 -0.377361
v -0.083966 -0.005922 -0.415304
v -0.091974 0.547975 -0.647492
v -0.159492 0.635735 -0.567631
v -0.066470 0.611114 -0.619878
v -0.151126 0.533036 -0.648082
v -0.100380 0.648353 -0.573608
v -0.188674 0.580457 -0.615203
v 0.094048 0.550838 -0.649447
v 0.158687 0.634804 -0.566211
v 0.067349 0.611212 -0.619583
v 0.152203 0.534564 -0.646689
v 0.101240 0.649731 -0.572150
v 0.189561 0.582475 -0.613684
v 0.000292 0.249606 -0.776766
v 0.000604 0.126729 -0.779822
v 0.056306 0.219090 -0.783599
v -0.056249 0.217695 -0.789642
v 0.057166 0.157823 -0.785085
v -0.057214 0.154022 -0.792284
v 0.144640 0.353043 -0.733272
v 0.250074 0.290383 -0.731528
v 0.180440 0.391007 -0.701752
v 0.162925 0.289625 -0.776822
v 0.227677 0.359996 -0.695012
v 0.222180 0.256152 -0.783870
v -0.143787 0.352921 -0.733568
v -0.251700 0.287988 -0.733627
v -0.179463 0.391317 -0.701608
v -0.161154 0.288603 -0.776330
v -0.228153 0.357963 -0.697016
v -0.221370 0.253944 -0.786777
v 0.344056 0.024594 -0.239072
v 0.326893 0.058992 -0.229098
v 0.333119 0.046208 -0.278610
v 0.354381 0.023066 -0.201374
v 0.322443 0.070588 -0.274146
v 0.348332 0.028372 -0.192570
v 0.341632 0.043379 -0.191283
v 0.325657 0.019204 -0.149548
v 0.321353 0.036759 -0.206642
v 0.354889 0.045002 -0.156005
v 0.313256 0.023982 -0.184163
v 0.346315 0.033735 -0.135776
v 0.305449 0.053168 -0.300873
v 0.264313 0.041967 -0.335147
v 0.297445 0.044904 -0.277772
v 0.295927 0.059206 -0.341483
v 0.276813 0.038790 -0.295642
v 0.275499 0.052321 -0.361278
v 0.320436 0.060116 -0.350804
v 0.305888 0.102364 -0.439368
v 0.320587 0.069607 -0.356965
v 0.307459 0.068775 -0.379482
v 0.310214 0.099427 -0.401778
v 0.301369 0.083368 -0.425910
v 0.376261 0.036071 -0.156667
v 0.390765 0.041132 -0.085881
v 0.377216 0.028564 -0.145531
v 0.381402 0.045638 -0.133812
v 0.384445 0.030977 -0.109221
v 0.387911 0.047518 -0.098880
v 0.371527 -0.003123 0.223864
v 0.365619 -0.005779 0.185782
v 0.360820 -0.007871 0.237786
v 0.376752 -0.000651 0.190991
v 0.358362 -0.009319 0.219125
v 0.374867 -0.003118 0.172454
v 0.361771 0.008563 0.232247
v 0.350803 -0.034667 0.212873
v 0.351555 -0.021400 0.258623
v 0.364090 0.017787 0.200734
v 0.346310 -0.045215 0.248449
v 0.358652 0.003747 0.187824
v 0.342085 -0.026669 0.327974
v 0.322658 -0.079211 0.405872
v 0.338144 -0.043101 0.329254
v 0.329801 -0.033743 0.360234
v 0.330788 -0.075288 0.365927
v 0.319148 -0.054758 0.400085
v 0.342730 -0.009084 0.312187
v 0.298520 -0.004500 0.354050
v 0.336786 -0.007150 0.299951
v 0.325791 -0.015578 0.345457
v 0.313468 -0.002540 0.316665
v 0.304787 -0.013010 0.369426
v 0.379981 0.020703 0.180796
v 0.385897 0.030217 0.118329
v 0.383116 0.017168 0.162473
v 0.378408 0.029633 0.167044
v 0.385396 0.021313 0.131501
v 0.381855 0.033767 0.136934
v -0.352129 0.024806 -0.244017
v -0.329229 0.054380 -0.228679
v -0.339119 0.038152 -0.280256
v -0.357494 0.022725 -0.203972
v -0.323604 0.064122 -0.274509
v -0.351803 0.025076 -0.192255
v -0.342239 0.048174 -0.190910
v -0.325786 0.026310 -0.147341
v -0.322719 0.043391 -0.203617
v -0.355317 0.048439 -0.155604
v -0.313232 0.028445 -0.182814
v -0.347557 0.042462 -0.132401
v -0.306685 0.055793 -0.299400
v -0.263108 0.042681 -0.334738
v -0.299371 0.051434 -0.278245
v -0.295163 0.058262 -0.341708
v -0.275903 0.039849 -0.294899
v -0.273278 0.052301 -0.359196
v -0.322118 0.055293 -0.350739
v -0.306159 0.100574 -0.437777
v -0.322508 0.061540 -0.357496
v -0.309123 0.067289 -0.378551
v -0.312111 0.094978 -0.398923
v -0.301618 0.081925 -0.424610
v -0.378882 0.038887 -0.157574
v -0.392634 0.045227 -0.084417
v -0.380309 0.031419 -0.146077
v -0.383512 0.047278 -0.132107
v -0.386465 0.033685 -0.108711
v -0.390166 0.051061 -0.096067
v -0.372735 0.004295 0.220426
v -0.370411 -0.000582 0.189627
v -0.363439 -0.001474 0.237602
v -0.378985 0.006307 0.189691
v -0.363139 -0.002261 0.222987
v -0.377772 0.002438 0.174181
v -0.360890 0.013089 0.229523
v -0.351196 -0.037875 0.216769
v -0.350709 -0.020988 0.259003
v -0.365268 0.016966 0.201761
v -0.347762 -0.049953 0.253403
v -0.360006 0.000311 0.191653
v -0.342080 -0.026350 0.328929
v -0.323484 -0.079394 0.407368
v -0.339015 -0.043456 0.330137
v -0.330695 -0.030841 0.360538
v -0.331631 -0.075797 0.367682
v -0.320348 -0.054142 0.401309
v -0.342615 -0.006571 0.310447
v -0.302714 -0.002905 0.356076
v -0.339274 -0.005348 0.299311
v -0.328203 -0.012960 0.344710
v -0.320182 -0.003113 0.319159
v -0.308652 -0.011341 0.371134
v -0.382187 0.028524 0.178698
v -0.388115 0.036032 0.119685
v -0.385081 0.023803 0.161798
v -0.380058 0.035190 0.167379
v -0.388485 0.028597 0.131253
v -0.383306 0.039611 0.137882
v 0.018631 0.541664 -0.168999
v -0.000097 0.373938 -0.148848
v 0.018281 0.516796 -0.179117
v 0.002869 0.427648 -0.165360
v 0.004293 0.481384 -0.162278
v 0.002184 0.392984 -0.146140
v 0.003157 0.572425 -0.141319
v -0.062772 0.584614 -0.255126
v -0.020333 0.562660 -0.160737
v -0.052280 0.553744 -0.208639
v -0.004624 0.559639 -0.186474
v -0.031755 0.586930 -0.245679
v -0.017119 0.533899 -0.168154
v -0.005666 0.386704 -0.157181
v -0.004333 0.511738 -0.177507
v 0.001145 0.435697 -0.169798
v -0.025886 0.498038 -0.176243
v -0.015869 0.405865 -0.157172
v 0.029338 0.561187 -0.157558
v 0.079252 0.585782 -0.260517
v 0.052637 0.553672 -0.178025
v 0.074903 0.553728 -0.218894
v 0.025538 0.556226 -0.191658
v 0.046666 0.585671 -0.249615
v -0.143891 0.174772 0.044394
v -0.208474 0.123149 0.076331
v -0.141286 0.177896 0.002741
v -0.174942 0.151956 0.023897
v -0.174220 0.147524 0.106029
v -0.205967 0.121505 0.114913
v -0.007508 0.215633 -0.035019
v -0.005293 0.217962 -0.042246
v -0.009028 0.198751 0.028599
v -0.000727 0.198241 0.027166
v -0.008937 0.251843 -0.092297
v -0.020208 0.249416 -0.103429
v -0.131274 0.147194 0.188137
v -0.172092 0.093458 0.291003
v -0.122932 0.129253 0.236712
v -0.141904 0.107416 0.289544
v -0.161978 0.131880 0.196098
v -0.183409 0.101484 0.247061
v -0.452277 0.583467 -0.345396
v -0.239613 0.384651 -0.310768
v -0.300938 0.488694 -0.307532
v -0.242486 0.414682 -0.287858
v -0.423459 0.508177 -0.372011
v -0.277179 0.421648 -0.361158
v -0.068572 0.712889 -0.420762
v 0.070479 0.712617 -0.419251
v -0.035236 0.702179 -0.473544
v 0.037346 0.702013 -0.472684
v -0.024895 0.670209 -0.360941
v 0.030739 0.670727 -0.361612
v -0.274931 0.515190 -0.517841
v -0.278059 0.371277 -0.563537
v -0.252512 0.490403 -0.569650
v -0.261993 0.419697 -0.596377
v -0.297438 0.468412 -0.490788
v -0.282367 0.394301 -0.510919
v -0.289746 0.079659 -0.075096
v -0.303729 0.059935 -0.001897
v -0.262848 0.103482 -0.072489
v -0.269105 0.092783 -0.038698
v -0.324929 0.041465 -0.037269
v -0.332715 0.034121 -0.000123
v -0.274778 0.197905 -0.347303
v -0.289846 0.215654 -0.442628
v -0.290527 0.154421 -0.353516
v -0.296121 0.164667 -0.398691
v -0.275778 0.270965 -0.386126
v -0.282762 0.275310 -0.436470
v -0.354386 0.018734 -0.091709
v -0.379566 0.022519 -0.044718
v -0.362969 0.018449 -0.106281
v -0.375862 0.020883 -0.082875
v -0.360754 0.016565 -0.052821
v -0.373622 0.016857 -0.029393
v -0.293727 0.041981 0.209490
v -0.267726 0.038921 0.282213
v -0.314761 0.019980 0.241298
v -0.298590 0.021489 0.275199
v -0.261312 0.063702 0.209761
v -0.250236 0.061331 0.248516
v -0.374384 0.009330 0.087317
v -0.386075 0.020752 0.061035
v -0.380501 0.010842 0.107119
v -0.386014 0.017931 0.093617
v -0.371501 0.013148 0.052418
v -0.379298 0.017080 0.040046
v 0.144836 0.177663 0.039518
v 0.210693 0.123918 0.070287
v 0.143347 0.179578 -0.003003
v 0.178310 0.152058 0.018711
v 0.176360 0.148598 0.098396
v 0.208608 0.121236 0.112506
v 0.131431 0.147934 0.184470
v 0.172943 0.093560 0.287003
v 0.121559 0.130915 0.234942
v 0.141217 0.106480 0.287230
v 0.161498 0.131583 0.190129
v 0.184596 0.102568 0.239492
v 0.451247 0.584761 -0.344694
v 0.241214 0.383195 -0.311570
v 0.298840 0.489775 -0.306677
v 0.241872 0.414315 -0.286207
v 0.425616 0.510174 -0.371601
v 0.278629 0.421871 -0.362195
v 0.276323 0.517121 -0.517938
v 0.277725 0.373589 -0.563933
v 0.252161 0.492232 -0.570361
v 0.260615 0.420371 -0.597265
v 0.298066 0.469614 -0.491992
v 0.282267 0.395762 -0.510846
v 0.288271 0.078333 -0.077052
v 0.302258 0.056608 -0.005140
v 0.259595 0.104037 -0.077390
v 0.266246 0.091104 -0.042111
v 0.321122 0.045360 -0.040980
v 0.329314 0.034152 -0.003702
v 0.275015 0.203993 -0.348088
v 0.290497 0.220650 -0.443610
v 0.287262 0.156306 -0.355248
v 0.293618 0.167785 -0.401724
v 0.274951 0.273345 -0.386826
v 0.283645 0.277951 -0.435504
v 0.351015 0.027001 -0.095851
v 0.379386 0.018713 -0.045933
v 0.363851 0.019074 -0.106720
v 0.376929 0.017947 -0.082619
v 0.358788 0.018512 -0.055079
v 0.373966 0.014583 -0.031129
v 0.293311 0.042383 0.204168
v 0.265595 0.041309 0.279447
v 0.308398 0.022450 0.235436
v 0.294691 0.022645 0.272917
v 0.262162 0.064856 0.205552
v 0.249159 0.062525 0.244056
v 0.373411 0.004592 0.084670
v 0.385713 0.014856 0.058164
v 0.379250 0.003456 0.105407
v 0.384805 0.010944 0.091819
v 0.370452 0.009500 0.050145
v 0.377529 0.012215 0.038248
v -0.065433 -0.580867 0.139796
v -0.109817 -0.585068 0.252251
v -0.106133 -0.574873 0.132678
v -0.127861 -0.573016 0.185342
v -0.046834 -0.586908 0.199606
v -0.069293 -0.590069 0.256723
v -0.074152 -0.581420 -0.099944
v -0.098564 -0.638780 -0.191479
v -0.104208 -0.655454 -0.101458
v -0.108296 -0.706737 -0.149680
v -0.052790 -0.551053 -0.132697
v -0.068320 -0.567749 -0.176359
v 0.064142 -0.578032 0.140950
v 0.110344 -0.587038 0.249290
v 0.104867 -0.573781 0.131971
v 0.127999 -0.582664 0.183076
v 0.042803 -0.583232 0.199331
v 0.066294 -0.588721 0.258260
v 0.074599 -0.583220 -0.101693
v 0.097820 -0.638936 -0.193725
v 0.103728 -0.655682 -0.101938
v 0.107918 -0.707613 -0.151702
v 0.054550 -0.552512 -0.134252
v 0.069704 -0.570085 -0.177621
v -0.280326 -0.445874 0.332146
v -0.307319 -0.322943 0.267196
v -0.277776 -0.422623 0.271646
v -0.294339 -0.367344 0.242692
v -0.300300 -0.407057 0.359556
v -0.308556 -0.340347 0.323119
v -0.050142 -0.619267 0.455119
v 0.053831 -0.612598 0.455286
v -0.030000 -0.597820 0.521496
v 0.030182 -0.599683 0.520552
v -0.024681 -0.599486 0.389965
v 0.024447 -0.597871 0.389404
v -0.318443 -0.554637 0.545140
v -0.318767 -0.378596 0.560021
v -0.322780 -0.558338 0.623399
v -0.317635 -0.449700 0.619231
v -0.318955 -0.456423 0.491012
v -0.322427 -0.384044 0.502420
v -0.307417 -0.416334 -0.281102
v -0.336977 -0.284718 -0.215810
v -0.344251 -0.463550 -0.253519
v -0.353086 -0.381746 -0.214185
v -0.294542 -0.312178 -0.276479
v -0.312323 -0.257269 -0.248538
v -0.039209 -0.461635 -0.275062
v 0.041904 -0.459725 -0.275532
v -0.018261 -0.409421 -0.303377
v 0.019765 -0.411430 -0.304123
v -0.020591 -0.494228 -0.240804
v 0.023276 -0.495164 -0.244794
v -0.188713 -0.257629 -0.324626
v -0.178026 -0.117527 -0.329504
v -0.156142 -0.209208 -0.339431
v -0.153297 -0.142528 -0.343785
v -0.221003 -0.225471 -0.315128
v -0.209822 -0.150476 -0.313276
v -0.343510 -0.117986 -0.004907
v -0.341232 -0.126340 0.066799
v -0.344338 -0.180346 0.006957
v -0.339400 -0.182700 0.045398
v -0.343503 -0.063845 0.018268
v -0.344321 -0.069180 0.050595
v -0.280570 -0.061528 -0.210332
v -0.237904 -0.031241 -0.272134
v -0.273921 -0.012904 -0.219044
v -0.258930 -0.006759 -0.253742
v -0.273264 -0.106275 -0.241224
v -0.246752 -0.083808 -0.267432
v -0.352091 0.019962 -0.045235
v -0.383288 0.062733 -0.016578
v -0.363184 0.043049 -0.063765
v -0.381172 0.060042 -0.051464
v -0.357809 0.021480 -0.012471
v -0.371860 0.051145 0.003086
v -0.331945 -0.185879 0.315098
v -0.330094 -0.198876 0.411184
v -0.334616 -0.143150 0.322533
v -0.332693 -0.149334 0.366326
v -0.325605 -0.242948 0.352821
v -0.326801 -0.250988 0.405113
v -0.361581 0.002678 0.113584
v -0.381511 0.051076 0.080337
v -0.368866 0.031784 0.127718
v -0.378151 0.046135 0.111638
v -0.363399 0.009353 0.082168
v -0.375433 0.046393 0.066656
v 0.282883 -0.445065 0.332192
v 0.307623 -0.322498 0.268624
v 0.278909 -0.422382 0.270941
v 0.295336 -0.366112 0.242466
v 0.299375 -0.407000 0.359922
v 0.309705 -0.339062 0.323064
v 0.318832 -0.557642 0.546040
v 0.318647 -0.379860 0.560725
v 0.323006 -0.561854 0.622390
v 0.318074 -0.453845 0.619601
v 0.316596 -0.456184 0.490283
v 0.322246 -0.382366 0.502243
v 0.308266 -0.418518 -0.280127
v 0.337592 -0.285873 -0.215248
v 0.345483 -0.464241 -0.252820
v 0.352731 -0.382366 -0.213258
v 0.295774 -0.313336 -0.276820
v 0.313547 -0.256959 -0.249005
v 0.189191 -0.256549 -0.324971
v 0.178363 -0.116926 -0.329033
v 0.156687 -0.207524 -0.339793
v 0.154296 -0.140775 -0.343448
v 0.222482 -0.224852 -0.316184
v 0.211101 -0.154111 -0.312566
v 0.346586 -0.123508 -0.007712
v 0.342593 -0.132009 0.062468
v 0.347860 -0.183850 0.005127
v 0.343132 -0.185611 0.041909
v 0.343168 -0.071538 0.012805
v 0.346056 -0.077444 0.045833
v 0.282817 -0.067077 -0.213043
v 0.239057 -0.029562 -0.270993
v 0.274411 -0.015273 -0.219663
v 0.260686 -0.006862 -0.254124
v 0.274614 -0.107013 -0.240887
v 0.247237 -0.082648 -0.267540
v 0.354444 0.015612 -0.047022
v 0.383579 0.052831 -0.020257
v 0.367030 0.035178 -0.066946
v 0.385869 0.052841 -0.053407
v 0.358779 0.015589 -0.014877
v 0.371946 0.043386 -0.001804
v 0.332656 -0.182250 0.312152
v 0.329122 -0.197994 0.408206
v 0.337538 -0.139677 0.317212
v 0.332938 -0.146971 0.364465
v 0.328565 -0.239410 0.351485
v 0.327375 -0.248550 0.403405
v 0.360752 -0.002640 0.112097
v 0.378188 0.045784 0.077468
v 0.368692 0.028215 0.128138
v 0.375856 0.038798 0.109004
v 0.361561 0.005819 0.078452
v 0.371774 0.042741 0.061838
v 0.139660 -0.065564 0.697801
v 0.227475 -0.110245 0.662517
v 0.145442 -0.116692 0.716744
v 0.193114 -0.139369 0.698103
v 0.174971 -0.041193 0.661619
v 0.214476 -0.064384 0.643824
v -0.138950 -0.064177 0.697828
v -0.226965 -0.107995 0.660709
v -0.145813 -0.115670 0.715931
v -0.192273 -0.137829 0.697184
v -0.175170 -0.040913 0.661695
v -0.215491 -0.062907 0.642378
v 0.115158 0.045574 0.607615
v 0.166584 0.048625 0.530994
v 0.106468 0.066891 0.572288
v 0.132990 0.068400 0.539222
v 0.154049 0.025882 0.603045
v 0.178877 0.029059 0.561953
v -0.115280 0.046340 0.608446
v -0.164162 0.046637 0.528194
v -0.107038 0.067674 0.574254
v -0.132051 0.066432 0.537028
v -0.153762 0.027373 0.605222
v -0.176346 0.026536 0.559503
v 0.277308 -0.054899 0.515204
v 0.253279 -0.008296 0.478170
v 0.286660 -0.042903 0.467387
v 0.276646 -0.022071 0.452143
v 0.253876 -0.035583 0.547438
v 0.240397 -0.011074 0.524766
v -0.276524 -0.056188 0.514717
v -0.254933 -0.007748 0.479885
v -0.287702 -0.042552 0.467782
v -0.278795 -0.021362 0.452178
v -0.251134 -0.038554 0.544787
v -0.239281 -0.012438 0.524311
v 0.100711 0.006763 -0.570440
v 0.140979 0.015586 -0.489097
v 0.088128 0.009408 -0.523011
v 0.107158 0.011630 -0.487301
v 0.140329 0.011676 -0.579621
v 0.160169 0.020062 -0.536036
v -0.102214 0.006096 -0.568275
v -0.140440 0.014111 -0.488632
v -0.087326 0.009035 -0.521241
v -0.109394 0.011352 -0.485105
v -0.141168 0.012038 -0.576521
v -0.157755 0.018036 -0.531463
v 0.153225 0.047143 -0.729918
v 0.262474 0.094267 -0.734934
v 0.167895 0.090766 -0.777426
v 0.226035 0.119873 -0.779555
v 0.189628 0.031740 -0.688233
v 0.238342 0.053026 -0.689923
v -0.150762 0.046802 -0.728122
v -0.260704 0.090812 -0.732271
v -0.164912 0.089011 -0.776216
v -0.224043 0.117386 -0.777470
v -0.185754 0.029663 -0.686000
v -0.235725 0.050471 -0.686134
v 0.237108 0.046007 -0.472082
v 0.271760 0.077477 -0.541594
v 0.259668 0.057154 -0.455119
v 0.273321 0.072018 -0.484588
v 0.227013 0.044545 -0.523716
v 0.250679 0.059062 -0.564678
v -0.231201 0.045051 -0.468148
v -0.271483 0.073350 -0.535955
v -0.255780 0.056137 -0.451467
v -0.272101 0.071940 -0.480842
v -0.224631 0.041293 -0.519491
v -0.245860 0.058010 -0.559646
v -0.073427 0.377757 -0.152685
v -0.091459 0.418171 -0.167462
v -0.050542 0.424562 -0.161071
v -0.070343 0.463854 -0.172824
v -0.100230 0.291351 -0.135880
v -0.058276 0.372540 -0.150883
v -0.089961 0.276412 -0.129036
v -0.129683 0.359655 -0.169039
v -0.097087 0.453711 -0.183287
v -0.143606 0.395712 -0.192555
v -0.128610 0.279341 -0.141396
v -0.152454 0.341378 -0.181445
v -0.149754 0.251479 -0.142095
v -0.116126 0.242115 -0.116374
v -0.146824 0.230455 -0.121722
v 0.077721 0.381391 -0.154321
v 0.096510 0.419420 -0.169876
v 0.058662 0.429569 -0.161152
v 0.079291 0.462670 -0.174349
v 0.102690 0.293226 -0.138799
v 0.063723 0.376860 -0.151099
v 0.093049 0.279902 -0.131426
v 0.129703 0.360637 -0.169698
v 0.104065 0.452579 -0.185187
v 0.144001 0.396441 -0.191609
v 0.129472 0.280418 -0.144359
v 0.152473 0.343117 -0.180054
v 0.151201 0.252210 -0.144367
v 0.118187 0.245000 -0.119000
v 0.147085 0.231499 -0.124264
v -0.247644 -0.562171 0.027129
v -0.278800 -0.645117 -0.021424
v -0.215109 -0.579049 0.026649
v -0.240968 -0.681585 -0.014191
v -0.279299 -0.491487 0.052166
v -0.224475 -0.541596 0.062840
v -0.263012 -0.479613 0.094097
v -0.329706 -0.579933 -0.047825
v -0.283381 -0.723991 -0.045537
v -0.349064 -0.633383 -0.091859
v -0.315778 -0.475060 0.004294
v -0.348639 -0.535398 -0.075705
v -0.333155 -0.430804 -0.012732
v -0.285443 -0.445506 0.082132
v -0.317681 -0.415125 0.027059
v 0.247946 -0.559982 0.028890
v 0.279377 -0.641013 -0.019375
v 0.217078 -0.576801 0.028344
v 0.240707 -0.678324 -0.013701
v 0.279931 -0.489668 0.055254
v 0.225930 -0.539814 0.065117
v 0.263878 -0.479030 0.095469
v 0.328998 -0.574003 -0.046955
v 0.284309 -0.720522 -0.044121
v 0.349924 -0.628619 -0.089807
v 0.316380 -0.472845 0.006365
v 0.348819 -0.531884 -0.074770
v 0.332756 -0.427494 -0.010968
v 0.286888 -0.443915 0.084645
v 0.319576 -0.412420 0.028552
v 0.000464 -0.491499 0.694509
v -0.078014 -0.442898 0.705913
v -0.029019 -0.533475 0.681614
v -0.118644 -0.497007 0.698326
v 0.077936 -0.442278 0.704474
v 0.032410 -0.531793 0.681575
v 0.119726 -0.495892 0.696993
v 0.045475 -0.350164 0.723270
v -0.044878 -0.351913 0.723895
v 0.048804 -0.295437 0.736691
v -0.048040 -0.295213 0.736298
v 0.133770 -0.431252 0.702690
v 0.095497 -0.326835 0.722183
v -0.134392 -0.430930 0.704406
v -0.095109 -0.327606 0.722018
v -0.000659 0.121558 0.319547
v -0.034094 0.114665 0.371467
v -0.012149 0.129096 0.271867
v -0.047702 0.117319 0.327008
v 0.032726 0.115278 0.367202
v 0.009328 0.130321 0.270894
v 0.045277 0.116283 0.326650
v 0.023704 0.116018 0.444435
v -0.023051 0.115049 0.444137
v 0.027417 0.112693 0.482872
v -0.026332 0.112239 0.484108
v 0.057168 0.112107 0.371441
v 0.049815 0.109673 0.451621
v -0.058921 0.112032 0.374000
v -0.049615 0.109886 0.453781
v -0.000427 -0.160449 -0.398552
v -0.032538 -0.110534 -0.398260
v -0.014207 -0.207831 -0.393726
v -0.049741 -0.149669 -0.389261
v 0.031185 -0.109379 -0.399984
v 0.014384 -0.206073 -0.394917
v 0.048916 -0.147594 -0.389545
v 0.017259 -0.038170 -0.415683
v -0.018243 -0.037716 -0.416862
v 0.019017 -0.005932 -0.432931
v -0.020422 -0.005744 -0.433060
v 0.052900 -0.097094 -0.394229
v 0.037078 -0.023647 -0.416857
v -0.053856 -0.100756 -0.394964
v -0.037795 -0.022992 -0.416665
v 0.000957 0.502258 -0.671932
v -0.074190 0.437230 -0.696266
v -0.029840 0.557695 -0.648297
v -0.111464 0.482960 -0.673283
v 0.075882 0.439593 -0.697511
v 0.031407 0.557693 -0.648078
v 0.112182 0.483455 -0.672909
v 0.047988 0.342064 -0.741911
v -0.047037 0.341743 -0.743340
v 0.052704 0.282824 -0.766510
v -0.052154 0.280826 -0.771149
v 0.128698 0.417519 -0.700208
v 0.102143 0.316841 -0.754781
v -0.127564 0.416478 -0.700166
v -0.102050 0.315985 -0.758610
v 0.343905 0.033063 -0.283808
v 0.360229 0.028529 -0.217325
v 0.343011 0.028316 -0.285687
v 0.359971 0.022153 -0.210389
v 0.334567 0.050872 -0.247451
v 0.357002 0.042680 -0.199343
v 0.329699 0.046623 -0.226981
v 0.357819 0.045276 -0.178851
v 0.326663 0.051088 -0.297569
v 0.316721 0.049446 -0.264648
v 0.311871 0.057124 -0.320997
v 0.333092 0.041963 -0.320802
v 0.315941 0.057620 -0.338004
v 0.368441 0.028129 -0.182524
v 0.368786 0.042147 -0.166894
v 0.364409 -0.000250 0.262424
v 0.375075 0.010370 0.222084
v 0.362014 -0.004568 0.251538
v 0.377540 0.003467 0.207434
v 0.360579 0.009229 0.268877
v 0.371623 0.017821 0.225412
v 0.356237 -0.000426 0.265347
v 0.368374 0.019579 0.213653
v 0.356756 -0.001789 0.297491
v 0.350372 -0.015901 0.297631
v 0.344410 -0.014635 0.324037
v 0.351921 -0.005347 0.281171
v 0.342854 -0.011191 0.320499
v 0.379875 0.012498 0.193724
v 0.374203 0.023184 0.197550
v -0.346279 0.033128 -0.282877
v -0.360098 0.033330 -0.218240
v -0.347019 0.027554 -0.284724
v -0.360939 0.026123 -0.212072
v -0.333143 0.049331 -0.246497
v -0.358650 0.044292 -0.201981
v -0.329644 0.049316 -0.225532
v -0.361750 0.049497 -0.178600
v -0.328769 0.049629 -0.297789
v -0.317601 0.051581 -0.261514
v -0.312245 0.056539 -0.319443
v -0.340033 0.033721 -0.322062
v -0.318883 0.056207 -0.336953
v -0.369435 0.031192 -0.183127
v -0.372237 0.045647 -0.167280
v -0.365690 0.004713 0.260158
v -0.376878 0.016243 0.218906
v -0.365443 0.001358 0.250060
v -0.378867 0.010954 0.205416
v -0.360143 0.011015 0.269476
v -0.371144 0.025960 0.223156
v -0.354821 -0.004218 0.264805
v -0.369598 0.026280 0.211346
v -0.357712 0.001487 0.294668
v -0.350029 -0.014517 0.296918
v -0.343270 -0.013768 0.325955
v -0.355201 -0.002192 0.279552
v -0.342981 -0.008631 0.320441
v -0.381369 0.019727 0.190947
v -0.376665 0.030691 0.196327
v 0.007465 0.576161 -0.137747
v 0.005266 0.587428 -0.110847
v 0.011104 0.558307 -0.147477
v 0.004637 0.590610 -0.106287
v 0.006562 0.576048 -0.133259
v 0.018185 0.585855 -0.112695
v 0.014791 0.552011 -0.148504
v 0.038462 0.570728 -0.131089
v -0.001771 0.570776 -0.149177
v 0.015474 0.552584 -0.158877
v 0.000105 0.549237 -0.163596
v 0.005932 0.579804 -0.125058
v 0.014200 0.594071 -0.108929
v 0.010462 0.568435 -0.142940
v -0.001345 0.546163 -0.156584
v -0.016251 0.541331 -0.163375
v 0.035282 0.567707 -0.141702
v 0.014433 0.567214 -0.147310
v -0.027501 0.276521 -0.122704
v -0.076278 0.217496 -0.048219
v -0.031303 0.313853 -0.134205
v -0.074570 0.230927 -0.088395
v -0.034998 0.195580 0.033172
v -0.079159 0.178223 0.114825
v -0.032881 0.176917 0.100374
v -0.075362 0.158126 0.169372
v -0.003786 0.232299 -0.121860
v -0.011530 0.345302 -0.145533
v 0.001634 0.307536 -0.130365
v -0.113428 0.198174 0.079021
v -0.108243 0.201083 -0.020481
v -0.146010 0.178380 0.094319
v -0.017211 0.196828 0.029957
v 0.017253 0.230016 -0.101667
v -0.102413 0.155602 0.179419
v -0.140617 0.165156 0.142170
v -0.152031 0.604182 -0.313941
v -0.268382 0.591365 -0.349847
v -0.137672 0.557286 -0.268345
v -0.230766 0.535004 -0.298598
v -0.195186 0.796712 -0.484868
v -0.219658 0.622669 -0.504296
v -0.138473 0.694601 -0.522914
v -0.203638 0.601887 -0.555168
v -0.136507 0.707461 -0.368520
v -0.100762 0.578265 -0.263103
v -0.078445 0.639318 -0.307777
v -0.324337 0.624478 -0.444849
v -0.315121 0.554072 -0.330141
v -0.436542 0.598385 -0.433230
v -0.109741 0.734408 -0.475168
v -0.082747 0.695343 -0.364555
v -0.238731 0.557975 -0.538524
v -0.325105 0.548972 -0.470189
v -0.227130 0.236043 -0.230889
v -0.248494 0.143019 -0.151786
v -0.212234 0.270919 -0.218097
v -0.224279 0.169911 -0.147449
v -0.286359 0.124910 -0.258304
v -0.317127 0.065088 -0.173734
v -0.307082 0.094734 -0.266431
v -0.335530 0.044853 -0.183332
v -0.253279 0.229629 -0.288805
v -0.229238 0.323202 -0.259808
v -0.256380 0.317999 -0.325980
v -0.306232 0.068245 -0.118645
v -0.255135 0.122881 -0.112007
v -0.314882 0.055913 -0.077530
v -0.287242 0.141017 -0.306818
v -0.262567 0.253325 -0.336192
v -0.344070 0.032319 -0.136142
v -0.338077 0.029675 -0.080968
v -0.243188 0.100917 0.052459
v -0.277145 0.077461 0.028740
v -0.208842 0.131328 0.006023
v -0.240967 0.112047 -0.012543
v -0.335808 0.021016 0.172814
v -0.368849 0.005254 0.135823
v -0.358558 -0.000270 0.204308
v -0.375040 0.001989 0.155257
v -0.272987 0.070332 0.131726
v -0.209154 0.126060 0.040182
v -0.239556 0.094845 0.124865
v -0.341289 0.025636 0.070380
v -0.273854 0.084000 -0.005028
v -0.337209 0.029663 0.034922
v -0.329339 0.019640 0.207153
v -0.268227 0.067460 0.169690
v -0.375779 0.005752 0.122690
v -0.360855 0.012602 0.064433
v 0.024001 0.282138 -0.121738
v 0.077190 0.217934 -0.051831
v 0.031799 0.318283 -0.135569
v 0.076410 0.231635 -0.088833
v 0.027280 0.200961 0.030880
v 0.077965 0.184216 0.115745
v 0.029018 0.181791 0.095638
v 0.073562 0.161926 0.169186
v -0.007364 0.247290 -0.111175
v 0.009688 0.352880 -0.148127
v -0.009963 0.318258 -0.136285
v 0.011025 0.197747 0.026995
v -0.015111 0.245537 -0.111294
v 0.113757 0.196850 0.073049
v 0.110384 0.202777 -0.024309
v 0.146060 0.179134 0.088949
v 0.101232 0.157258 0.176629
v 0.141558 0.166667 0.137316
v 0.158677 0.604373 -0.316595
v 0.269044 0.591194 -0.350557
v 0.145322 0.556588 -0.271690
v 0.232165 0.535978 -0.299229
v 0.195583 0.795973 -0.484870
v 0.218432 0.623332 -0.504435
v 0.137130 0.695080 -0.520851
v 0.203117 0.602528 -0.556420
v 0.139462 0.706315 -0.371271
v 0.112527 0.577715 -0.268871
v 0.086363 0.638381 -0.311517
v 0.110435 0.734855 -0.475316
v 0.087674 0.694477 -0.365979
v 0.323141 0.624386 -0.445557
v 0.315399 0.553110 -0.329899
v 0.436882 0.598651 -0.432546
v 0.239609 0.559018 -0.538765
v 0.323866 0.547918 -0.470208
v 0.226199 0.239917 -0.232312
v 0.247387 0.144171 -0.154029
v 0.210760 0.273439 -0.216981
v 0.222757 0.172229 -0.149134
v 0.284189 0.127419 -0.260531
v 0.316005 0.067266 -0.175571
v 0.304246 0.096883 -0.267846
v 0.333051 0.047617 -0.184125
v 0.252845 0.231614 -0.290417
v 0.228197 0.324901 -0.261255
v 0.255989 0.319334 -0.325529
v 0.302569 0.076216 -0.123905
v 0.253791 0.121314 -0.114676
v 0.312301 0.057464 -0.079627
v 0.285669 0.142909 -0.308572
v 0.264222 0.257508 -0.337598
v 0.342327 0.033702 -0.137801
v 0.334892 0.040308 -0.085754
v 0.244541 0.098730 0.049323
v 0.276506 0.074876 0.024676
v 0.210396 0.131864 0.001109
v 0.242435 0.107533 -0.016075
v 0.335119 0.016177 0.169156
v 0.365244 -0.000004 0.131611
v 0.353054 -0.004223 0.198448
v 0.370462 -0.003246 0.152188
v 0.274951 0.068716 0.127236
v 0.210814 0.126686 0.034089
v 0.241109 0.095155 0.118722
v 0.339671 0.022409 0.065974
v 0.272050 0.082373 -0.009794
v 0.335800 0.027090 0.031536
v 0.325719 0.017357 0.203742
v 0.270465 0.066959 0.164571
v 0.373282 -0.000467 0.118230
v 0.360238 0.008861 0.061983
v -0.065695 -0.577482 0.046626
v -0.069082 -0.583381 -0.029348
v -0.107210 -0.579779 0.037645
v -0.111822 -0.613279 -0.030826
v 0.064597 -0.576057 0.046027
v 0.069725 -0.582683 -0.029568
v 0.105982 -0.581001 0.039047
v 0.112817 -0.611835 -0.030900
v -0.000124 -0.575937 0.095570
v -0.085206 -0.576127 0.086087
v -0.021589 -0.581053 0.145045
v 0.000824 -0.548847 -0.061995
v -0.093053 -0.606468 -0.065676
v -0.026691 -0.544212 -0.096420
v 0.083737 -0.574182 0.085872
v 0.021659 -0.579149 0.144503
v 0.093375 -0.606091 -0.066440
v 0.028717 -0.544210 -0.097607
v -0.170727 -0.560668 0.304124
v -0.233541 -0.522929 0.330074
v -0.182216 -0.541111 0.230654
v -0.235300 -0.497029 0.259999
v -0.127991 -0.771953 0.499534
v -0.275459 -0.768709 0.544890
v -0.092751 -0.754258 0.606216
v -0.246525 -0.764393 0.647971
v -0.117676 -0.596290 0.386690
v -0.148352 -0.564639 0.243362
v -0.091151 -0.590118 0.322489
v -0.282515 -0.563057 0.435231
v -0.258575 -0.474057 0.300180
v -0.289416 -0.479483 0.397192
v -0.077559 -0.669111 0.519662
v -0.072350 -0.602808 0.388490
v -0.312119 -0.685830 0.609578
v -0.306683 -0.521868 0.468571
v -0.166727 -0.704657 -0.271086
v -0.268095 -0.599240 -0.302574
v -0.211642 -0.783587 -0.226900
v -0.311603 -0.673433 -0.276818
v -0.097474 -0.420824 -0.304681
v -0.148722 -0.352019 -0.321703
v -0.072933 -0.361300 -0.327397
v -0.119896 -0.294240 -0.339581
v -0.103277 -0.544330 -0.258191
v -0.125858 -0.741663 -0.215680
v -0.083454 -0.570497 -0.219687
v -0.225117 -0.398921 -0.302892
v -0.316152 -0.538589 -0.285615
v -0.262620 -0.363523 -0.293753
v -0.057384 -0.414261 -0.302573
v -0.061545 -0.512370 -0.247160
v -0.154380 -0.278223 -0.332574
v -0.223862 -0.307201 -0.308966
v -0.352881 -0.231952 -0.139507
v -0.352194 -0.171906 -0.067421
v -0.363669 -0.312434 -0.131547
v -0.355316 -0.242006 -0.057723
v -0.305118 -0.034262 -0.151810
v -0.326732 -0.003222 -0.093903
v -0.303747 0.006765 -0.163584
v -0.336420 0.024059 -0.111845
v -0.319503 -0.145982 -0.178611
v -0.351676 -0.304242 -0.174475
v -0.317631 -0.201381 -0.213866
v -0.336213 -0.052719 -0.047991
v -0.348123 -0.178165 -0.030995
v -0.340883 -0.058183 -0.015392
v -0.288418 -0.021881 -0.184599
v -0.297827 -0.127217 -0.211958
v -0.345397 0.021252 -0.079102
v -0.343922 -0.011446 -0.027645
v -0.318974 -0.255312 0.188650
v -0.331521 -0.190052 0.123603
v -0.311820 -0.302630 0.166577
v -0.327010 -0.241310 0.101803
v -0.337084 -0.121561 0.235501
v -0.347567 -0.055585 0.169375
v -0.344371 -0.082242 0.245649
v -0.353304 -0.024433 0.181641
v -0.326505 -0.220333 0.254778
v -0.307070 -0.310406 0.214942
v -0.317379 -0.279107 0.288712
v -0.344355 -0.085042 0.119637
v -0.335273 -0.185697 0.082627
v -0.344427 -0.075175 0.084676
v -0.337352 -0.132537 0.279667
v -0.325385 -0.232186 0.303161
v -0.357732 -0.008498 0.146560
v -0.352643 -0.032499 0.099090
v 0.171535 -0.559869 0.302949
v 0.235173 -0.523157 0.330462
v 0.182568 -0.544389 0.232310
v 0.236629 -0.497361 0.261611
v 0.129559 -0.770833 0.497397
v 0.274533 -0.769324 0.545027
v 0.094522 -0.757315 0.605202
v 0.246882 -0.764637 0.647120
v 0.117519 -0.595201 0.387472
v 0.147660 -0.568291 0.244265
v 0.090903 -0.588846 0.318835
v 0.078336 -0.669050 0.519751
v 0.071154 -0.601622 0.388781
v 0.282039 -0.564694 0.436160
v 0.258848 -0.475637 0.299776
v 0.291030 -0.480834 0.398921
v 0.311930 -0.687738 0.608997
v 0.306942 -0.522678 0.467637
v 0.171025 -0.704730 -0.273745
v 0.269927 -0.600715 -0.303167
v 0.213436 -0.783313 -0.227626
v 0.313323 -0.672246 -0.275202
v 0.098401 -0.421962 -0.305218
v 0.149365 -0.351553 -0.320724
v 0.074085 -0.360466 -0.327265
v 0.120777 -0.294151 -0.339259
v 0.103895 -0.544968 -0.259305
v 0.126239 -0.741474 -0.218952
v 0.084183 -0.570992 -0.221099
v 0.059785 -0.414638 -0.303684
v 0.063479 -0.513367 -0.248730
v 0.226015 -0.399965 -0.303337
v 0.316982 -0.541074 -0.284012
v 0.263831 -0.364359 -0.293623
v 0.155815 -0.279693 -0.331592
v 0.225694 -0.307577 -0.309149
v 0.350486 -0.236156 -0.139666
v 0.359848 -0.174541 -0.070225
v 0.362130 -0.314636 -0.131641
v 0.362559 -0.244296 -0.059276
v 0.306182 -0.037975 -0.151539
v 0.329044 -0.012058 -0.097275
v 0.306440 0.002285 -0.165219
v 0.337820 0.016038 -0.115296
v 0.320620 -0.148741 -0.180333
v 0.352165 -0.306208 -0.174043
v 0.319842 -0.201684 -0.214503
v 0.337622 -0.062900 -0.052059
v 0.354272 -0.180201 -0.032914
v 0.341779 -0.066855 -0.019490
v 0.289658 -0.024414 -0.184543
v 0.299546 -0.129448 -0.212612
v 0.348240 0.012747 -0.082280
v 0.343676 -0.019699 -0.031719
v 0.320645 -0.254990 0.188106
v 0.333691 -0.193184 0.120031
v 0.312926 -0.302361 0.165152
v 0.329508 -0.243394 0.098677
v 0.340650 -0.116158 0.231595
v 0.348915 -0.055680 0.167523
v 0.343357 -0.077083 0.239889
v 0.354500 -0.022786 0.176265
v 0.326217 -0.217915 0.253728
v 0.309333 -0.311064 0.215628
v 0.318370 -0.276697 0.286675
v 0.344478 -0.087105 0.116162
v 0.338828 -0.187820 0.079629
v 0.346043 -0.079951 0.078768
v 0.338399 -0.128875 0.274365
v 0.326175 -0.229712 0.301701
v 0.357873 -0.011911 0.144585
v 0.352531 -0.037963 0.096886
v 0.048158 -0.069259 0.736419
v -0.048355 -0.069437 0.736141
v 0.052548 -0.123623 0.779156
v -0.053754 -0.124555 0.780529
v 0.039870 0.052113 0.630788
v -0.039106 0.052108 0.631669
v 0.036717 0.075368 0.593754
v -0.036177 0.074459 0.593915
v 0.086829 0.000996 0.673179
v 0.097808 -0.092704 0.733221
v 0.131147 -0.020420 0.670730
v -0.086319 0.000762 0.673434
v -0.097965 -0.092860 0.733951
v -0.131144 -0.020606 0.670966
v 0.075220 0.062417 0.603848
v 0.123436 0.017341 0.640317
v -0.075051 0.061518 0.604219
v -0.122807 0.016638 0.641292
v 0.297064 -0.282520 0.603774
v 0.268384 -0.189658 0.641094
v 0.275245 -0.332072 0.647202
v 0.235534 -0.227089 0.675510
v 0.323348 -0.149577 0.456492
v 0.305726 -0.101186 0.492274
v 0.325820 -0.110866 0.409348
v 0.311597 -0.077343 0.444272
v 0.322158 -0.247531 0.507922
v 0.304558 -0.361503 0.610687
v 0.323335 -0.312306 0.507675
v 0.328987 -0.150684 0.410120
v 0.326940 -0.251939 0.456358
v 0.279417 -0.107297 0.582571
v 0.233986 -0.164065 0.672410
v 0.249898 -0.087882 0.616125
v 0.295450 -0.070455 0.480557
v 0.265675 -0.069581 0.565291
v -0.297199 -0.282482 0.602400
v -0.269204 -0.188891 0.638850
v -0.275318 -0.331019 0.646654
v -0.236233 -0.227208 0.674350
v -0.322046 -0.150277 0.456959
v -0.305103 -0.102128 0.492294
v -0.325448 -0.112115 0.410224
v -0.311511 -0.076757 0.444741
v -0.319713 -0.249152 0.506645
v -0.304506 -0.359914 0.608921
v -0.321996 -0.313779 0.506848
v -0.328590 -0.152737 0.412928
v -0.324708 -0.253898 0.457421
v -0.279540 -0.107162 0.583534
v -0.235185 -0.162537 0.671984
v -0.250219 -0.085659 0.616585
v -0.296246 -0.068858 0.481209
v -0.265297 -0.069864 0.564751
v 0.177083 0.071605 0.375101
v 0.174515 0.061217 0.456188
v 0.146138 0.085662 0.378701
v 0.142847 0.077026 0.462208
v 0.262153 0.022952 0.347541
v 0.257044 0.008241 0.412041
v 0.287781 0.007469 0.333660
v 0.281225 -0.004405 0.391278
v 0.221312 0.058053 0.326758
v 0.161041 0.087597 0.334106
v 0.205687 0.079204 0.286697
v 0.278337 0.022420 0.308712
v 0.235903 0.059498 0.285932
v 0.216077 0.025453 0.473617
v 0.154322 0.063715 0.497148
v 0.197815 0.027641 0.517599
v 0.265962 -0.007710 0.432508
v 0.226480 0.007852 0.499109
v -0.175183 0.071997 0.376504
v -0.171972 0.059418 0.453338
v -0.144582 0.086145 0.378929
v -0.140769 0.075966 0.458867
v -0.265872 0.022852 0.351010
v -0.259872 0.009070 0.412530
v -0.292979 0.007675 0.335307
v -0.284778 -0.004096 0.393113
v -0.221621 0.056667 0.329694
v -0.158961 0.088611 0.335747
v -0.203806 0.077497 0.291218
v -0.282583 0.019941 0.311995
v -0.236837 0.056992 0.290571
v -0.214538 0.025444 0.471735
v -0.152322 0.063325 0.495585
v -0.196396 0.025820 0.514989
v -0.270126 -0.005037 0.434444
v -0.226372 0.007375 0.498957
v 0.034248 0.000787 -0.586351
v -0.033576 0.000618 -0.585898
v 0.030178 0.006145 -0.537733
v -0.030776 0.006105 -0.537478
v 0.051024 0.055786 -0.732689
v -0.050888 0.047520 -0.740938
v 0.055203 0.101921 -0.766115
v -0.054846 0.096279 -0.773943
v 0.086472 0.007034 -0.660413
v 0.063872 0.003983 -0.556499
v 0.119117 0.005569 -0.623586
v -0.085309 0.007364 -0.659227
v -0.064171 0.004733 -0.555077
v -0.117146 0.004177 -0.621192
v 0.106875 0.072595 -0.753878
v 0.136508 0.017449 -0.678145
v -0.107133 0.064935 -0.763545
v -0.134890 0.017782 -0.675700
v 0.147923 -0.033048 -0.355820
v 0.141915 0.003654 -0.415228
v 0.123465 -0.049814 -0.366980
v 0.110896 0.001480 -0.416129
v 0.228948 0.011218 -0.325514
v 0.229437 0.033450 -0.392965
v 0.254988 0.026646 -0.310468
v 0.255068 0.044157 -0.378436
v 0.194906 -0.035641 -0.315533
v 0.149313 -0.081624 -0.346467
v 0.201956 -0.089743 -0.311336
v 0.243839 0.003588 -0.288724
v 0.220218 -0.057986 -0.291017
v 0.189413 0.024286 -0.446274
v 0.123914 0.012242 -0.450174
v 0.174281 0.022146 -0.490129
v 0.245344 0.047182 -0.423708
v 0.207889 0.034231 -0.484210
v -0.147574 -0.035362 -0.356301
v -0.140332 0.004872 -0.413125
v -0.122847 -0.050086 -0.366548
v -0.112082 -0.001707 -0.414974
v -0.228289 0.010442 -0.324300
v -0.225395 0.031887 -0.390565
v -0.253016 0.026824 -0.310739
v -0.250853 0.043748 -0.377796
v -0.195615 -0.039843 -0.317871
v -0.149743 -0.083837 -0.346178
v -0.199818 -0.089799 -0.312851
v -0.244167 0.001680 -0.289176
v -0.219129 -0.060268 -0.291941
v -0.185114 0.022771 -0.442775
v -0.125218 0.009589 -0.449264
v -0.173569 0.021224 -0.485929
v -0.241294 0.044644 -0.419889
v -0.205181 0.031648 -0.479929
v 0.294987 0.282553 -0.645581
v 0.306693 0.185551 -0.721630
v 0.269262 0.321797 -0.677597
v 0.272433 0.219394 -0.763802
v 0.302515 0.168012 -0.493716
v 0.299813 0.120231 -0.532046
v 0.303678 0.131521 -0.446590
v 0.297704 0.101002 -0.475395
v 0.293969 0.261839 -0.539056
v 0.273998 0.350147 -0.620052
v 0.285839 0.325456 -0.525826
v 0.297350 0.171790 -0.446848
v 0.288486 0.273117 -0.485877
v 0.300224 0.110753 -0.638917
v 0.276569 0.151107 -0.762946
v 0.277466 0.080648 -0.675174
v 0.287400 0.091346 -0.511421
v 0.273237 0.079583 -0.603749
v -0.296613 0.280400 -0.644928
v -0.307579 0.180941 -0.720721
v -0.269519 0.320153 -0.678683
v -0.273863 0.215724 -0.764363
v -0.301535 0.164828 -0.491372
v -0.298849 0.118525 -0.527425
v -0.305550 0.130329 -0.443603
v -0.298426 0.098822 -0.473596
v -0.293808 0.258705 -0.537856
v -0.275236 0.348147 -0.618493
v -0.285465 0.323091 -0.526273
v -0.299481 0.169640 -0.445280
v -0.288226 0.270514 -0.486244
v -0.296351 0.106490 -0.635220
v -0.276319 0.146823 -0.761748
v -0.275006 0.076476 -0.669460
v -0.286707 0.090892 -0.506546
v -0.271663 0.077270 -0.598893
v 0.390829 0.034686 -0.037681
v 0.391331 0.050664 -0.028520
v 0.389951 0.032949 -0.072937
v 0.391784 0.049647 -0.063925
v 0.390666 0.029906 0.065300
v 0.387469 0.043723 0.071987
v 0.389682 0.025875 0.098717
v 0.385239 0.037744 0.104357
v 0.387925 0.024935 0.010391
v 0.386530 0.024459 -0.059290
v 0.381127 0.018673 -0.010624
v 0.389850 0.020112 0.077845
v 0.384755 0.017318 0.023918
v 0.384393 0.051496 0.025151
v 0.388651 0.053272 -0.041268
v 0.380591 0.051767 0.012339
v 0.382231 0.043246 0.091219
v 0.379515 0.051439 0.044637
v -0.392580 0.039079 -0.036273
v -0.393898 0.058297 -0.026805
v -0.390406 0.036711 -0.072310
v -0.393810 0.055058 -0.060750
v -0.393031 0.035741 0.066989
v -0.390387 0.049031 0.073826
v -0.390566 0.032357 0.099943
v -0.387026 0.044316 0.106930
v -0.388840 0.030127 0.012862
v -0.385665 0.028806 -0.058704
v -0.381434 0.023425 -0.008933
v -0.390098 0.026418 0.080983
v -0.385511 0.023385 0.026756
v -0.388841 0.059902 0.028895
v -0.389811 0.062344 -0.039246
v -0.384241 0.061537 0.016866
v -0.384672 0.049094 0.093487
v -0.383932 0.057840 0.048534
v -0.012632 0.472537 -0.168219
v -0.023526 0.406929 -0.159523
v -0.051432 0.530999 -0.172283
v -0.085290 0.520653 -0.199383
v -0.000796 0.461285 -0.172306
v -0.054031 0.546315 -0.185832
v -0.107604 0.216576 -0.082837
v -0.141346 0.190926 -0.057990
v -0.139649 0.182512 -0.032216
v -0.198378 0.430558 -0.243551
v -0.197140 0.366886 -0.227638
v -0.228760 0.424426 -0.267876
v -0.202024 0.176978 -0.112256
v -0.203531 0.160649 -0.081747
v -0.233543 0.133151 -0.076469
v 0.026131 0.476698 -0.167078
v 0.032141 0.411345 -0.157814
v 0.070725 0.523878 -0.179793
v 0.094486 0.517647 -0.205169
v 0.012942 0.463062 -0.169588
v 0.075271 0.540083 -0.196525
v 0.111712 0.220640 -0.084837
v 0.144049 0.192922 -0.063552
v 0.142948 0.183839 -0.036155
v 0.199630 0.431076 -0.243610
v 0.197593 0.369574 -0.225230
v 0.228668 0.426223 -0.264723
v 0.200081 0.176579 -0.114305
v 0.203556 0.159848 -0.085591
v 0.232445 0.132784 -0.079425
v -0.160881 -0.560688 0.064752
v -0.174952 -0.548475 0.115863
v -0.172303 -0.716094 -0.054272
v -0.203029 -0.790921 -0.093589
v -0.142039 -0.563072 0.124260
v -0.131986 -0.754391 -0.091071
v -0.265307 -0.443226 0.178716
v -0.285724 -0.399603 0.159267
v -0.279521 -0.407166 0.213722
v -0.366779 -0.593801 -0.188901
v -0.366628 -0.486301 -0.153023
v -0.364429 -0.488798 -0.209267
v -0.343209 -0.305954 -0.004705
v -0.334698 -0.301859 0.036547
v -0.341259 -0.241857 0.021001
v 0.161088 -0.561640 0.067472
v 0.176785 -0.547873 0.113884
v 0.172901 -0.715265 -0.054530
v 0.204873 -0.790782 -0.094016
v 0.142159 -0.566221 0.124563
v 0.131960 -0.752989 -0.091498
v 0.266925 -0.443020 0.180089
v 0.284311 -0.398672 0.161143
v 0.281678 -0.406858 0.213316
v 0.366287 -0.591570 -0.186802
v 0.366691 -0.486455 -0.151961
v 0.365636 -0.490581 -0.207797
v 0.344152 -0.305478 -0.004391
v 0.335350 -0.300262 0.036070
v 0.344371 -0.242737 0.019865
v -0.033416 -0.571457 0.632258
v 0.035414 -0.571134 0.631140
v -0.239724 -0.564464 0.698069
v -0.243081 -0.462919 0.686985
v 0.000926 -0.563098 0.583302
v -0.292642 -0.518163 0.667368
v 0.239622 -0.565419 0.698066
v 0.242818 -0.464643 0.687880
v 0.292190 -0.521898 0.667914
v 0.100303 -0.206871 0.742326
v 0.149822 -0.233438 0.722542
v -0.100433 -0.207059 0.741422
v -0.149632 -0.232912 0.722664
v 0.147964 -0.174131 0.722278
v -0.147346 -0.172569 0.722856
v -0.012831 0.160468 0.156242
v 0.007271 0.160781 0.155826
v -0.085198 0.123170 0.280268
v -0.100541 0.109404 0.331559
v -0.003660 0.179072 0.093138
v -0.112114 0.116707 0.285780
v 0.083257 0.125567 0.278304
v 0.098950 0.110243 0.330403
v 0.111722 0.118751 0.284499
v 0.064023 0.095781 0.530229
v 0.089988 0.097114 0.499404
v -0.063744 0.095535 0.532368
v -0.089061 0.095871 0.501607
v 0.098777 0.084257 0.537453
v -0.098179 0.084166 0.538967
v -0.016882 -0.309375 -0.359101
v 0.017696 -0.308562 -0.358221
v -0.099696 -0.180920 -0.366889
v -0.099763 -0.121576 -0.370181
v 0.001604 -0.360183 -0.332264
v -0.126908 -0.164166 -0.356038
v 0.100076 -0.179441 -0.367896
v 0.101028 -0.119507 -0.369515
v 0.127097 -0.163381 -0.355887
v 0.047721 0.010270 -0.471430
v 0.065788 0.005790 -0.444287
v -0.048582 0.011678 -0.470746
v -0.067842 0.005672 -0.443605
v 0.077230 0.010599 -0.480684
v -0.076130 0.011336 -0.477509
v -0.036028 0.662175 -0.581258
v 0.036004 0.660981 -0.581122
v -0.207879 0.509917 -0.646469
v -0.215391 0.432609 -0.669100
v 0.000675 0.687059 -0.528714
v -0.239926 0.469455 -0.627860
v 0.209530 0.509985 -0.645727
v 0.215913 0.434218 -0.668182
v 0.239905 0.467934 -0.626031
v 0.115820 0.187231 -0.797222
v 0.177007 0.221054 -0.816479
v -0.116684 0.182410 -0.815593
v -0.173898 0.219052 -0.817476
v 0.176085 0.151257 -0.812752
v -0.173670 0.147938 -0.811561
v 0.318057 0.081340 -0.318831
v 0.314166 0.092400 -0.360214
v 0.363033 0.019545 -0.161593
v 0.374578 0.022644 -0.134446
v 0.303157 0.121108 -0.358545
v 0.369862 0.018550 -0.119966
v 0.301708 0.032161 -0.219205
v 0.288894 0.034054 -0.257069
v 0.367898 0.045270 -0.122231
v 0.382614 0.050583 -0.110172
v 0.281429 0.014661 -0.236314
v 0.382704 0.052152 -0.087579
v 0.285251 0.060437 -0.384913
v 0.294702 0.071241 -0.407688
v 0.279182 0.066878 -0.433382
v 0.343360 -0.005745 0.250557
v 0.328701 -0.003048 0.283815
v 0.380910 0.002352 0.158391
v 0.385827 0.011548 0.145046
v 0.321440 0.006339 0.261898
v 0.383029 0.006994 0.125658
v 0.343051 -0.057781 0.287558
v 0.336279 -0.066897 0.325104
v 0.368463 0.027478 0.168907
v 0.375275 0.032681 0.153448
v 0.336435 -0.099974 0.324428
v 0.373572 0.034143 0.138701
v 0.316261 -0.036118 0.392861
v 0.310230 -0.023400 0.382394
v 0.298554 -0.031715 0.423778
v -0.320476 0.075123 -0.317577
v -0.315254 0.085971 -0.359728
v -0.364666 0.021839 -0.162132
v -0.376954 0.024378 -0.133888
v -0.305845 0.117456 -0.357365
v -0.370360 0.020982 -0.121005
v -0.301575 0.034690 -0.218426
v -0.288872 0.037188 -0.255959
v -0.368082 0.052468 -0.119376
v -0.383128 0.055127 -0.107628
v -0.280047 0.017344 -0.235448
v -0.374523 0.054465 -0.085414
v -0.284862 0.062498 -0.383423
v -0.293462 0.069587 -0.405111
v -0.277685 0.067461 -0.431331
v -0.351671 -0.003391 0.253436
v -0.335980 -0.002561 0.285236
v -0.382668 0.010061 0.158226
v -0.386777 0.018693 0.144526
v -0.332076 0.001507 0.267896
v -0.384679 0.014249 0.126827
v -0.343660 -0.057982 0.289173
v -0.337140 -0.070065 0.330319
v -0.368702 0.026751 0.171706
v -0.376708 0.037214 0.155716
v -0.337570 -0.104045 0.326988
v -0.373987 0.040089 0.143218
v -0.315893 -0.034364 0.392790
v -0.312859 -0.020450 0.384187
v -0.299702 -0.031351 0.424182
v -0.007605 0.405394 -0.144335
v -0.015956 0.409341 -0.149481
v -0.012729 0.327420 -0.124383
v -0.005877 0.586375 -0.243710
v 0.019458 0.585255 -0.245218
v 0.004985 0.626553 -0.302231
v -0.202061 0.116038 0.158223
v -0.195103 0.108137 0.202839
v -0.228017 0.087094 0.205883
v -0.292611 0.429512 -0.411148
v -0.285549 0.415853 -0.463018
v -0.281062 0.344833 -0.425300
v -0.353352 0.018021 -0.005525
v -0.365779 0.014475 -0.016021
v -0.368374 0.015483 0.018349
v 0.203695 0.117129 0.152707
v 0.195245 0.111460 0.195889
v 0.229350 0.086976 0.202732
v 0.293874 0.429239 -0.413050
v 0.287476 0.414950 -0.463257
v 0.279891 0.346667 -0.424818
v 0.351380 0.021080 -0.008498
v 0.365305 0.012918 -0.016969
v 0.367507 0.011964 0.016590
v -0.024106 -0.588300 0.259950
v 0.021681 -0.588612 0.260137
v -0.001055 -0.592702 0.323717
v -0.024160 -0.532257 -0.169740
v 0.026178 -0.532494 -0.170716
v 0.001312 -0.519350 -0.207771
v -0.314267 -0.359414 0.380930
v -0.319049 -0.375335 0.441428
v -0.322149 -0.305051 0.396507
v -0.281406 -0.222984 -0.275741
v -0.246962 -0.186193 -0.297784
v -0.262185 -0.148248 -0.270185
v -0.351016 -0.019429 0.035971
v -0.360265 0.027578 0.020935
v -0.362911 0.015966 0.052269
v 0.313985 -0.357180 0.380565
v 0.318178 -0.373086 0.440763
v 0.323559 -0.301672 0.395598
v 0.281728 -0.224198 -0.275268
v 0.245698 -0.189314 -0.294369
v 0.263347 -0.148209 -0.269489
v 0.350310 -0.025683 0.030762
v 0.360877 0.012693 0.015847
v 0.361299 0.010320 0.045988
v 0.203104 -0.024798 0.620451
v 0.190181 0.003428 0.590306
v 0.222982 -0.018133 0.571114
v -0.202918 -0.025987 0.618252
v -0.188580 0.003031 0.589329
v -0.221956 -0.017819 0.569860
v 0.183587 0.023838 -0.584110
v 0.207889 0.034336 -0.635531
v 0.219072 0.040985 -0.578293
v -0.179624 0.023883 -0.577463
v -0.204210 0.031956 -0.631549
v -0.216227 0.038988 -0.572153
f 1 647 644
f 1 644 643
f 1 643 645
f 1 645 646
f 1 646 647
f 2 649 652
f 6 672 670
f 12 702 699
f 11 696 695
f 8 679 681
f 4 662 659
f 4 659 658
f 4 658 660
f 4 660 661
f 4 661 662
f 5 666 665
f 3 654 657
f 7 673 677
f 9 685 686
f 10 692 688
f 12 701 698
f 6 669 668
f 2 650 648
f 8 682 678
f 11 697 693
f 6 671 669
f 12 700 701
f 11 694 697
f 8 680 682
f 2 651 650
f 10 690 689
f 5 663 664
f 3 655 653
f 7 676 674
f 9 687 684
f 10 691 690
f 5 667 663
f 3 656 655
f 7 675 676
f 9 683 687
f 6 668 672
f 2 648 649
f 8 678 679
f 11 693 696
f 12 698 702
f 10 688 691
f 5 665 667
f 3 657 656
f 7 677 675
f 9 686 683
f 5 664 666
f 3 653 654
f 7 674 673
f 9 684 685
f 10 689 692
f 6 670 671
f 12 699 700
f 11 695 694
f 8 681 680
f 2 652 651
f 35 837 838
f 18 735 736
f 19 742 741
f 40 868 867
f 42 880 879
f 34 832 831
f 33 827 828
f 25 778 780
f 36 844 846
f 20 749 747
f 32 819 820
f 23 765 767
f 24 773 771
f 37 850 849
f 41 876 875
f 34 833 834
f 33 826 825
f 25 779 777
f 36 845 843
f 20 748 750
f 17 729 727
f 14 711 709
f 13 706 703
f 15 718 715
f 16 724 721
f 18 737 733
f 35 839 835
f 42 882 878
f 40 870 866
f 19 744 740
f 30 807 805
f 27 789 787
f 22 762 758
f 28 797 793
f 29 802 799
f 32 821 817
f 23 766 763
f 24 774 770
f 37 852 848
f 41 874 872
f 35 838 836
f 18 736 734
f 19 741 739
f 40 867 865
f 42 879 877
f 34 831 829
f 33 828 824
f 25 780 776
f 36 846 842
f 20 747 745
f 32 820 818
f 23 767 764
f 24 771 769
f 37 849 847
f 41 875 871
f 34 834 830
f 33 825 823
f 25 777 775
f 36 843 841
f 20 750 746
f 14 714 710
f 13 707 704
f 15 719 716
f 16 725 722
f 17 732 728
f 21 755 752
f 31 814 811
f 26 784 781
f 38 857 853
f 39 862 860
f 27 792 788
f 22 759 757
f 28 796 794
f 29 803 800
f 30 810 806
f 31 815 812
f 26 785 782
f 38 856 854
f 39 863 859
f 21 754 751
f 14 712 714
f 13 705 707
f 15 717 719
f 16 723 725
f 17 730 732
f 21 753 755
f 31 816 814
f 26 786 784
f 38 858 857
f 39 861 862
f 27 791 792
f 22 761 759
f 28 795 796
f 29 801 803
f 30 808 810
f 31 813 815
f 26 783 785
f 38 855 856
f 39 864 863
f 21 756 754
f 14 709 712
f 13 703 705
f 15 715 717
f 16 721 723
f 17 727 730
f 21 751 753
f 31 812 816
f 26 782 786
f 38 854 858
f 39 859 861
f 27 787 791
f 22 758 761
f 28 793 795
f 29 799 801
f 30 805 808
f 31 811 813
f 26 781 783
f 38 853 855
f 39 860 864
f 21 752 756
f 17 728 731
f 14 710 713
f 13 704 708
f 15 716 720
f 16 722 726
f 18 734 738
f 35 836 840
f 42 877 881
f 40 865 869
f 19 739 743
f 30 806 809
f 27 788 790
f 22 757 760
f 28 794 798
f 29 800 804
f 32 818 822
f 23 764 768
f 24 769 772
f 37 847 851
f 41 871 873
f 35 835 837
f 18 733 735
f 19 740 742
f 40 866 868
f 42 878 880
f 34 830 832
f 33 823 827
f 25 775 778
f 36 841 844
f 20 746 749
f 32 817 819
f 23 763 765
f 24 770 773
f 37 848 850
f 41 872 876
f 34 829 833
f 33 824 826
f 25 776 779
f 36 842 845
f 20 745 748
f 17 731 729
f 14 713 711
f 13 708 706
f 15 720 718
f 16 726 724
f 18 738 737
f 35 840 839
f 42 881 882
f 40 869 870
f 19 743 744
f 30 809 807
f 27 790 789
f 22 760 762
f 28 798 797
f 29 804 802
f 32 822 821
f 23 768 766
f 24 772 774
f 37 851 852
f 41 873 874
f 107 1269 1270
f 103 1245 1246
f 104 1252 1251
f 110 1288 1287
f 113 1306 1305
f 118 1336 1335
f 154 1551 1552
f 141 1473 1474
f 162 1599 1600
f 121 1354 1353
f 142 1479 1480
f 129 1401 1402
f 130 1408 1407
f 144 1492 1491
f 146 1504 1503
f 151 1533 1534
f 131 1414 1413
f 136 1444 1443
f 161 1594 1593
f 126 1383 1384
f 116 1323 1324
f 108 1275 1276
f 106 1263 1264
f 112 1299 1300
f 115 1317 1318
f 119 1341 1342
f 156 1564 1563
f 139 1462 1461
f 160 1588 1587
f 120 1347 1348
f 149 1521 1522
f 132 1420 1419
f 128 1395 1396
f 145 1497 1498
f 148 1515 1516
f 155 1557 1558
f 133 1425 1426
f 134 1431 1432
f 157 1570 1569
f 124 1372 1371
f 109 1282 1281
f 105 1258 1257
f 111 1294 1293
f 114 1312 1311
f 117 1330 1329
f 125 1378 1377
f 152 1540 1539
f 137 1449 1450
f 158 1575 1576
f 123 1365 1366
f 143 1486 1485
f 127 1390 1389
f 135 1437 1438
f 147 1510 1509
f 150 1528 1527
f 153 1546 1545
f 140 1468 1467
f 138 1455 1456
f 159 1581 1582
f 122 1359 1360
f 107 1272 1271
f 103 1248 1247
f 104 1253 1254
f 110 1289 1290
f 113 1307 1308
f 118 1337 1338
f 154 1554 1553
f 141 1476 1475
f 162 1602 1601
f 121 1355 1356
f 142 1482 1481
f 129 1404 1403
f 130 1409 1410
f 144 1493 1494
f 146 1505 1506
f 151 1536 1535
f 131 1415 1416
f 136 1445 1446
f 161 1595 1596
f 126 1386 1385
f 47 909 907
f 44 891 889
f 43 886 883
f 45 898 895
f 46 904 901
f 49 922 919
f 72 1060 1057
f 102 1240 1237
f 96 1204 1201
f 79 1102 1099
f 62 999 997
f 59 981 979
f 58 976 973
f 60 988 985
f 61 994 991
f 66 1024 1021
f 54 952 949
f 73 1066 1063
f 85 1138 1135
f 92 1179 1177
f 101 1233 1231
f 69 1041 1039
f 50 927 925
f 82 1119 1117
f 97 1209 1207
f 71 1053 1051
f 100 1228 1225
f 94 1192 1189
f 80 1108 1105
f 51 933 931
f 90 1167 1165
f 63 1005 1003
f 55 957 955
f 76 1083 1081
f 87 1150 1147
f 91 1174 1171
f 67 1029 1027
f 56 963 961
f 75 1077 1075
f 83 1126 1123
f 68 1036 1033
f 48 915 913
f 78 1095 1093
f 93 1185 1183
f 98 1216 1213
f 88 1155 1153
f 65 1018 1015
f 57 970 967
f 77 1090 1087
f 86 1143 1141
f 64 1012 1009
f 53 945 943
f 74 1071 1069
f 84 1131 1129
f 89 1162 1159
f 70 1047 1045
f 99 1221 1219
f 95 1197 1195
f 81 1114 1111
f 52 940 937
f 109 1284 1280
f 105 1260 1256
f 111 1296 1292
f 114 1314 1310
f 117 1332 1328
f 125 1380 1376
f 152 1542 1538
f 137 1451 1447
f 158 1577 1573
f 123 1367 1363
f 143 1488 1484
f 127 1392 1388
f 135 1439 1435
f 147 1512 1508
f 150 1530 1526
f 153 1548 1544
f 140 1470 1466
f 138 1457 1453
f 159 1583 1579
f 122 1361 1357
f 107 1270 1268
f 103 1246 1244
f 104 1251 1249
f 110 1287 1285
f 113 1305 1303
f 118 1335 1333
f 154 1552 1550
f 141 1474 1472
f 162 1600 1598
f 121 1353 1351
f 142 1480 1478
f 129 1402 1400
f 130 1407 1405
f 144 1491 1489
f 146 1503 1501
f 151 1534 1532
f 131 1413 1411
f 136 1443 1441
f 161 1593 1591
f 126 1384 1382
f 116 1324 1322
f 108 1276 1274
f 106 1264 1262
f 112 1300 1298
f 115 1318 1316
f 119 1342 1340
f 156 1563 1561
f 139 1461 1459
f 160 1587 1585
f 120 1348 1346
f 149 1522 1520
f 132 1419 1417
f 128 1396 1394
f 145 1498 1496
f 148 1516 1514
f 155 1558 1556
f 133 1426 1424
f 134 1432 1430
f 157 1569 1567
f 124 1371 1369
f 109 1281 1279
f 105 1257 1255
f 111 1293 1291
f 114 1311 1309
f 117 1329 1327
f 125 1377 1375
f 152 1539 1537
f 137 1450 1448
f 158 1576 1574
f 123 1366 1364
f 143 1485 1483
f 127 1389 1387
f 135 1438 1436
f 147 1509 1507
f 150 1527 1525
f 153 1545 1543
f 140 1467 1465
f 138 1456 1454
f 159 1582 1580
f 122 1360 1358
f 107 1271 1267
f 103 1247 1243
f 104 1254 1250
f 110 1290 1286
f 113 1308 1304
f 118 1338 1334
f 154 1553 1549
f 141 1475 1471
f 162 1601 1597
f 121 1356 1352
f 142 1481 1477
f 129 1403 1399
f 130 1410 1406
f 144 1494 1490
f 146 1506 1502
f 151 1535 1531
f 131 1416 1412
f 136 1446 1442
f 161 1596 1592
f 126 1385 1381
f 44 894 890
f 43 887 884
f 45 899 896
f 46 905 902
f 47 912 908
f 52 941 938
f 70 1050 1046
f 99 1224 1220
f 95 1200 1196
f 81 1115 1112
f 59 984 980
f 58 977 974
f 60 989 986
f 61 995 992
f 62 1002 998
f 65 1019 1016
f 57 971 968
f 77 1091 1088
f 86 1146 1142
f 88 1158 1154
f 98 1217 1214
f 68 1037 1034
f 48 918 914
f 78 1098 1094
f 93 1188 1184
f 69 1044 1040
f 101 1236 1232
f 97 1212 1208
f 82 1122 1118
f 50 930 926
f 89 1163 1160
f 64 1013 1010
f 53 948 944
f 74 1074 1070
f 84 1134 1130
f 90 1170 1166
f 63 1008 1004
f 55 960 956
f 76 1086 1082
f 87 1151 1148
f 72 1061 1058
f 49 923 920
f 79 1103 1100
f 96 1205 1202
f 102 1241 1238
f 91 1175 1172
f 67 1032 1028
f 56 966 962
f 75 1080 1076
f 83 1127 1124
f 66 1025 1022
f 54 953 950
f 73 1067 1064
f 85 1139 1136
f 92 1182 1178
f 71 1056 1052
f 100 1229 1226
f 94 1193 1190
f 80 1109 1106
f 51 936 932
f 116 1325 1321
f 108 1277 1273
f 106 1265 1261
f 112 1301 1297
f 115 1319 1315
f 119 1343 1339
f 156 1566 1562
f 139 1464 1460
f 160 1590 1586
f 120 1349 1345
f 149 1523 1519
f 132 1422 1418
f 128 1397 1393
f 145 1499 1495
f 148 1517 1513
f 155 1559 1555
f 133 1427 1423
f 134 1433 1429
f 157 1572 1568
f 124 1374 1370
f 44 892 894
f 43 885 887
f 45 897 899
f 46 903 905
f 47 910 912
f 52 939 941
f 70 1048 1050
f 99 1222 1224
f 95 1198 1200
f 81 1113 1115
f 59 982 984
f 58 975 977
f 60 987 989
f 61 993 995
f 62 1000 1002
f 65 1017 1019
f 57 969 971
f 77 1089 1091
f 86 1144 1146
f 88 1156 1158
f 98 1215 1217
f 68 1035 1037
f 48 916 918
f 78 1096 1098
f 93 1186 1188
f 69 1042 1044
f 101 1234 1236
f 97 1210 1212
f 82 1120 1122
f 50 928 930
f 89 1161 1163
f 64 1011 1013
f 53 946 948
f 74 1072 1074
f 84 1132 1134
f 90 1168 1170
f 63 1006 1008
f 55 958 960
f 76 1084 1086
f 87 1149 1151
f 72 1059 1061
f 49 921 923
f 79 1101 1103
f 96 1203 1205
f 102 1239 1241
f 91 1173 1175
f 67 1030 1032
f 56 964 966
f 75 1078 1080
f 83 1125 1127
f 66 1023 1025
f 54 951 953
f 73 1065 1067
f 85 1137 1139
f 92 1180 1182
f 71 1054 1056
f 100 1227 1229
f 94 1191 1193
f 80 1107 1109
f 51 934 936
f 116 1326 1325
f 108 1278 1277
f 106 1266 1265
f 112 1302 1301
f 115 1320 1319
f 119 1344 1343
f 156 1565 1566
f 139 1463 1464
f 160 1589 1590
f 120 1350 1349
f 149 1524 1523
f 132 1421 1422
f 128 1398 1397
f 145 1500 1499
f 148 1518 1517
f 155 1560 1559
f 133 1428 1427
f 134 1434 1433
f 157 1571 1572
f 124 1373 1374
f 44 889 892
f 43 883 885
f 45 895 897
f 46 901 903
f 47 907 910
f 52 937 939
f 70 1045 1048
f 99 1219 1222
f 95 1195 1198
f 81 1111 1113
f 59 979 982
f 58 973 975
f 60 985 987
f 61 991 993
f 62 997 1000
f 65 1015 1017
f 57 967 969
f 77 1087 1089
f 86 1141 1144
f 88 1153 1156
f 98 1213 1215
f 68 1033 1035
f 48 913 916
f 78 1093 1096
f 93 1183 1186
f 69 1039 1042
f 101 1231 1234
f 97 1207 1210
f 82 1117 1120
f 50 925 928
f 89 1159 1161
f 64 1009 1011
f 53 943 946
f 74 1069 1072
f 84 1129 1132
f 90 1165 1168
f 63 1003 1006
f 55 955 958
f 76 1081 1084
f 87 1147 1149
f 72 1057 1059
f 49 919 921
f 79 1099 1101
f 96 1201 1203
f 102 1237 1239
f 91 1171 1173
f 67 1027 1030
f 56 961 964
f 75 1075 1078
f 83 1123 1125
f 66 1021 1023
f 54 949 951
f 73 1063 1065
f 85 1135 1137
f 92 1177 1180
f 71 1051 1054
f 100 1225 1227
f 94 1189 1191
f 80 1105 1107
f 51 931 934
f 116 1322 1326
f 108 1274 1278
f 106 1262 1266
f 112 1298 1302
f 115 1316 1320
f 119 1340 1344
f 156 1561 1565
f 139 1459 1463
f 160 1585 1589
f 120 1346 1350
f 149 1520 1524
f 132 1417 1421
f 128 1394 1398
f 145 1496 1500
f 148 1514 1518
f 155 1556 1560
f 133 1424 1428
f 134 1430 1434
f 157 1567 1571
f 124 1369 1373
f 47 908 911
f 44 890 893
f 43 884 888
f 45 896 900
f 46 902 906
f 49 920 924
f 72 1058 1062
f 102 1238 1242
f 96 1202 1206
f 79 1100 1104
f 62 998 1001
f 59 980 983
f 58 974 978
f 60 986 990
f 61 992 996
f 66 1022 1026
f 54 950 954
f 73 1064 1068
f 85 1136 1140
f 92 1178 1181
f 101 1232 1235
f 69 1040 1043
f 50 926 929
f 82 1118 1121
f 97 1208 1211
f 71 1052 1055
f 100 1226 1230
f 94 1190 1194
f 80 1106 1110
f 51 932 935
f 90 1166 1169
f 63 1004 1007
f 55 956 959
f 76 1082 1085
f 87 1148 1152
f 91 1172 1176
f 67 1028 1031
f 56 962 965
f 75 1076 1079
f 83 1124 1128
f 68 1034 1038
f 48 914 917
f 78 1094 1097
f 93 1184 1187
f 98 1214 1218
f 88 1154 1157
f 65 1016 1020
f 57 968 972
f 77 1088 1092
f 86 1142 1145
f 64 1010 1014
f 53 944 947
f 74 1070 1073
f 84 1130 1133
f 89 1160 1164
f 70 1046 1049
f 99 1220 1223
f 95 1196 1199
f 81 1112 1116
f 52 938 942
f 109 1279 1283
f 105 1255 1259
f 111 1291 1295
f 114 1309 1313
f 117 1327 1331
f 125 1375 1379
f 152 1537 1541
f 137 1448 1452
f 158 1574 1578
f 123 1364 1368
f 143 1483 1487
f 127 1387 1391
f 135 1436 1440
f 147 1507 1511
f 150 1525 1529
f 153 1543 1547
f 140 1465 1469
f 138 1454 1458
f 159 1580 1584
f 122 1358 1362
f 107 1267 1269
f 103 1243 1245
f 104 1250 1252
f 110 1286 1288
f 113 1304 1306
f 118 1334 1336
f 154 1549 1551
f 141 1471 1473
f 162 1597 1599
f 121 1352 1354
f 142 1477 1479
f 129 1399 1401
f 130 1406 1408
f 144 1490 1492
f 146 1502 1504
f 151 1531 1533
f 131 1412 1414
f 136 1442 1444
f 161 1592 1594
f 126 1381 1383
f 116 1321 1323
f 108 1273 1275
f 106 1261 1263
f 112 1297 1299
f 115 1315 1317
f 119 1339 1341
f 156 1562 1564
f 139 1460 1462
f 160 1586 1588
f 120 1345 1347
f 149 1519 1521
f 132 1418 1420
f 128 1393 1395
f 145 1495 1497
f 148 1513 1515
f 155 1555 1557
f 133 1423 1425
f 134 1429 1431
f 157 1568 1570
f 124 1370 1372
f 109 1280 1282
f 105 1256 1258
f 111 1292 1294
f 114 1310 1312
f 117 1328 1330
f 125 1376 1378
f 152 1538 1540
f 137 1447 1449
f 158 1573 1575
f 123 1363 1365
f 143 1484 1486
f 127 1388 1390
f 135 1435 1437
f 147 1508 1510
f 150 1526 1528
f 153 1544 1546
f 140 1466 1468
f 138 1453 1455
f 159 1579 1581
f 122 1357 1359
f 107 1268 1272
f 103 1244 1248
f 104 1249 1253
f 110 1285 1289
f 113 1303 1307
f 118 1333 1337
f 154 1550 1554
f 141 1472 1476
f 162 1598 1602
f 121 1351 1355
f 142 1478 1482
f 129 1400 1404
f 130 1405 1409
f 144 1489 1493
f 146 1501 1505
f 151 1532 1536
f 131 1411 1415
f 136 1441 1445
f 161 1591 1595
f 126 1382 1386
f 47 911 909
f 44 893 891
f 43 888 886
f 45 900 898
f 46 906 904
f 49 924 922
f 72 1062 1060
f 102 1242 1240
f 96 1206 1204
f 79 1104 1102
f 62 1001 999
f 59 983 981
f 58 978 976
f 60 990 988
f 61 996 994
f 66 1026 1024
f 54 954 952
f 73 1068 1066
f 85 1140 1138
f 92 1181 1179
f 101 1235 1233
f 69 1043 1041
f 50 929 927
f 82 1121 1119
f 97 1211 1209
f 71 1055 1053
f 100 1230 1228
f 94 1194 1192
f 80 1110 1108
f 51 935 933
f 90 1169 1167
f 63 1007 1005
f 55 959 957
f 76 1085 1083
f 87 1152 1150
f 91 1176 1174
f 67 1031 1029
f 56 965 963
f 75 1079 1077
f 83 1128 1126
f 68 1038 1036
f 48 917 915
f 78 1097 1095
f 93 1187 1185
f 98 1218 1216
f 88 1157 1155
f 65 1020 1018
f 57 972 970
f 77 1092 1090
f 86 1145 1143
f 64 1014 1012
f 53 947 945
f 74 1073 1071
f 84 1133 1131
f 89 1164 1162
f 70 1049 1047
f 99 1223 1221
f 95 1199 1197
f 81 1116 1114
f 52 942 940
f 109 1283 1284
f 105 1259 1260
f 111 1295 1296
f 114 1313 1314
f 117 1331 1332
f 125 1379 1380
f 152 1541 1542
f 137 1452 1451
f 158 1578 1577
f 123 1368 1367
f 143 1487 1488
f 127 1391 1392
f 135 1440 1439
f 147 1511 1512
f 150 1529 1530
f 153 1547 1548
f 140 1469 1470
f 138 1458 1457
f 159 1584 1583
f 122 1362 1361
f 407 1609 1616
f 403 1605 1608
f 404 1611 1606
f 410 1614 1612
f 413 1617 1615
f 422 1631 1624
f 486 1688 1692
f 573 1775 1782
f 561 1763 1765
f 512 1719 1714
f 452 1654 1661
f 448 1650 1653
f 449 1656 1651
f 455 1659 1657
f 458 1662 1660
f 470 1672 1675
f 437 1646 1639
f 494 1706 1696
f 531 1735 1733
f 539 1741 1751
f 568 1770 1779
f 478 1680 1683
f 419 1621 1626
f 509 1711 1721
f 554 1756 1766
f 482 1684 1689
f 576 1780 1778
f 558 1767 1760
f 516 1722 1718
f 425 1627 1629
f 542 1744 1747
f 463 1668 1665
f 434 1636 1641
f 497 1699 1704
f 528 1730 1737
f 546 1748 1750
f 464 1666 1676
f 440 1642 1644
f 500 1705 1702
f 524 1736 1726
f 479 1691 1681
f 418 1623 1620
f 508 1713 1710
f 553 1764 1755
f 569 1781 1771
f 538 1749 1740
f 471 1677 1673
f 443 1645 1647
f 501 1703 1707
f 523 1725 1734
f 467 1674 1669
f 433 1638 1635
f 493 1695 1698
f 527 1732 1729
f 543 1752 1745
f 485 1690 1687
f 572 1777 1774
f 557 1759 1762
f 515 1717 1720
f 428 1630 1632
f 591 2191 2189
f 587 1885 1883
f 588 1901 1903
f 594 2279 2281
f 597 2315 2317
f 600 2171 2173
f 634 2160 2158
f 619 2016 2012
f 639 2214 2210
f 602 1919 1924
f 624 2137 2135
f 608 1978 1973
f 610 1991 1996
f 627 2225 2227
f 630 2302 2304
f 635 2178 2176
f 615 2153 2155
f 617 2009 2014
f 637 2207 2212
f 604 1926 1922
f 416 1857 1864
f 408 1803 1810
f 406 1786 1795
f 412 1822 1831
f 415 1840 1849
f 424 1876 1887
f 492 2182 2193
f 582 2312 2321
f 565 2276 2285
f 514 1898 1907
f 461 2091 2098
f 453 2037 2044
f 451 1952 1961
f 457 2056 2067
f 460 2074 2083
f 475 2128 2139
f 439 1966 1975
f 496 1988 1997
f 533 2222 2231
f 551 2293 2298
f 579 2185 2190
f 483 1879 1884
f 426 1893 1900
f 521 2271 2278
f 566 2307 2314
f 489 2163 2170
f 578 2150 2159
f 560 2006 2015
f 518 2204 2213
f 429 1911 1918
f 547 2131 2136
f 465 1969 1977
f 441 1983 1990
f 504 2217 2224
f 537 2290 2301
f 550 2168 2177
f 476 2145 2152
f 444 2001 2008
f 502 2199 2206
f 526 1916 1925
f 481 1808 1817
f 420 1789 1797
f 510 1825 1833
f 555 1843 1851
f 571 1862 1871
f 540 1933 1941
f 473 2110 2119
f 447 2020 2029
f 507 2236 2247
f 534 2257 2262
f 469 2042 2051
f 435 1947 1954
f 498 2059 2064
f 529 2077 2085
f 545 2096 2105
f 487 2113 2121
f 574 2023 2031
f 562 2239 2244
f 520 2254 2265
f 432 1930 1939
f 589 1818 1814
f 583 1798 1793
f 586 1834 1829
f 593 1852 1847
f 596 1872 1868
f 599 1942 1937
f 633 2120 2124
f 620 2030 2034
f 640 2248 2250
f 603 2263 2261
f 622 2052 2050
f 607 1955 1960
f 612 2065 2063
f 626 2086 2081
f 629 2106 2102
f 631 2122 2117
f 614 2032 2027
f 618 2245 2243
f 641 2266 2268
f 605 1940 1944
f 409 1813 1804
f 405 1792 1785
f 411 1828 1821
f 414 1846 1839
f 417 1867 1858
f 431 1936 1929
f 488 2123 2114
f 575 2033 2024
f 563 2249 2240
f 519 2260 2253
f 454 2049 2038
f 450 1959 1951
f 456 2062 2055
f 459 2080 2073
f 462 2101 2092
f 472 2116 2109
f 446 2026 2019
f 506 2242 2235
f 535 2267 2258
f 541 1943 1934
f 570 1869 1861
f 480 1815 1807
f 421 1799 1790
f 511 1835 1826
f 556 1853 1844
f 484 1889 1880
f 580 2195 2186
f 567 2319 2308
f 522 2283 2272
f 427 1905 1894
f 544 2103 2095
f 468 2046 2041
f 436 1957 1948
f 499 2069 2060
f 530 2087 2078
f 548 2141 2132
f 466 1979 1970
f 442 1993 1984
f 505 2229 2218
f 536 2296 2289
f 491 2188 2181
f 423 1882 1875
f 513 1902 1897
f 564 2280 2275
f 581 2316 2311
f 549 2172 2167
f 477 2157 2146
f 445 2011 2002
f 503 2209 2200
f 525 1923 1915
f 474 2134 2127
f 438 1972 1965
f 495 1995 1987
f 532 2226 2221
f 552 2303 2294
f 490 2175 2164
f 577 2154 2149
f 559 2013 2005
f 517 2211 2203
f 430 1921 1912
f 590 1865 1870
f 584 1811 1816
f 585 1796 1800
f 592 1832 1836
f 595 1850 1854
f 598 1888 1890
f 636 2194 2196
f 621 2322 2320
f 642 2286 2284
f 601 1908 1906
f 623 2099 2104
f 611 2045 2047
f 609 1962 1958
f 625 2068 2070
f 628 2084 2088
f 632 2140 2142
f 613 1976 1980
f 616 1998 1994
f 638 2232 2230
f 606 2299 2297
f 407 2330 2329
f 403 2324 2323
f 404 2325 2326
f 410 2332 2333
f 413 2335 2336
f 422 2344 2345
f 486 2410 2409
f 573 2497 2496
f 561 2486 2485
f 512 2434 2435
f 452 2375 2374
f 448 2369 2368
f 449 2370 2371
f 455 2377 2378
f 458 2380 2381
f 470 2393 2392
f 437 2359 2360
f 494 2415 2416
f 531 2455 2456
f 539 2461 2460
f 568 2489 2488
f 478 2399 2398
f 419 2341 2340
f 509 2431 2430
f 554 2476 2475
f 482 2405 2404
f 576 2500 2501
f 558 2481 2482
f 516 2439 2440
f 425 2348 2347
f 542 2465 2464
f 463 2383 2384
f 434 2356 2355
f 497 2420 2419
f 528 2452 2451
f 546 2471 2470
f 464 2386 2385
f 440 2363 2362
f 500 2422 2423
f 524 2445 2446
f 479 2400 2401
f 418 2338 2339
f 508 2428 2429
f 553 2473 2474
f 569 2490 2491
f 538 2458 2459
f 471 2394 2395
f 443 2366 2365
f 501 2425 2424
f 523 2444 2443
f 467 2389 2390
f 433 2353 2354
f 493 2414 2413
f 527 2449 2450
f 543 2466 2467
f 485 2407 2408
f 572 2494 2495
f 557 2480 2479
f 515 2438 2437
f 428 2351 2350
f 591 2510 2511
f 587 2504 2505
f 588 2508 2507
f 594 2514 2513
f 597 2517 2516
f 600 2520 2519
f 634 2554 2556
f 619 2539 2540
f 639 2560 2561
f 602 2523 2521
f 624 2543 2544
f 608 2527 2529
f 610 2532 2530
f 627 2547 2546
f 630 2550 2549
f 635 2552 2553
f 615 2535 2534
f 617 2538 2536
f 637 2558 2557
f 604 2524 2525
f 167 1607 647
f 164 1603 644
f 163 1604 643
f 165 1610 645
f 166 1613 646
f 169 1622 649
f 192 1686 672
f 222 1773 702
f 216 1761 696
f 199 1712 679
f 182 1652 662
f 179 1648 659
f 178 1649 658
f 180 1655 660
f 181 1658 661
f 186 1670 666
f 174 1637 654
f 193 1694 673
f 205 1731 685
f 212 1739 692
f 221 1768 701
f 189 1678 669
f 170 1619 650
f 202 1709 682
f 217 1754 697
f 191 1682 671
f 220 1776 700
f 214 1758 694
f 200 1716 680
f 171 1625 651
f 210 1742 690
f 183 1663 663
f 175 1634 655
f 196 1697 676
f 207 1728 687
f 211 1746 691
f 187 1664 667
f 176 1640 656
f 195 1700 675
f 203 1724 683
f 188 1679 668
f 168 1618 648
f 198 1708 678
f 213 1753 693
f 218 1769 698
f 208 1738 688
f 185 1671 665
f 177 1643 657
f 197 1701 677
f 206 1723 686
f 184 1667 664
f 173 1633 653
f 194 1693 674
f 204 1727 684
f 209 1743 689
f 190 1685 670
f 219 1772 699
f 215 1757 695
f 201 1715 681
f 172 1628 652
f 357 2187 837
f 255 1881 735
f 262 1899 742
f 388 2277 868
f 400 2313 880
f 352 2169 832
f 347 2156 827
f 298 2010 778
f 364 2208 844
f 269 1917 749
f 339 2133 819
f 285 1971 765
f 293 1989 773
f 370 2223 850
f 396 2300 876
f 353 2174 833
f 346 2151 826
f 299 2007 779
f 365 2205 845
f 268 1920 748
f 249 1855 729
f 231 1801 711
f 226 1784 706
f 238 1820 718
f 244 1838 724
f 257 1874 737
f 359 2180 839
f 402 2310 882
f 390 2274 870
f 264 1896 744
f 327 2089 807
f 309 2035 789
f 282 1950 762
f 317 2054 797
f 322 2072 802
f 341 2126 821
f 286 1964 766
f 294 1986 774
f 372 2220 852
f 394 2291 874
f 358 2183 838
f 256 1877 736
f 261 1891 741
f 387 2269 867
f 399 2305 879
f 351 2161 831
f 348 2148 828
f 300 2004 780
f 366 2202 846
f 267 1909 747
f 340 2129 820
f 287 1967 767
f 291 1981 771
f 369 2215 849
f 395 2288 875
f 354 2166 834
f 345 2143 825
f 297 1999 777
f 363 2197 843
f 270 1914 750
f 234 1806 714
f 227 1787 707
f 239 1823 719
f 245 1841 725
f 252 1860 732
f 275 1931 755
f 334 2108 814
f 304 2018 784
f 377 2234 857
f 382 2255 862
f 312 2040 792
f 279 1945 759
f 316 2057 796
f 323 2075 803
f 330 2094 810
f 335 2111 815
f 305 2021 785
f 376 2237 856
f 383 2252 863
f 274 1928 754
f 232 1812 712
f 225 1791 705
f 237 1827 717
f 243 1845 723
f 250 1866 730
f 273 1935 753
f 336 2118 816
f 306 2028 786
f 378 2246 858
f 381 2259 861
f 311 2048 791
f 281 1953 761
f 315 2061 795
f 321 2079 801
f 328 2100 808
f 333 2115 813
f 303 2025 783
f 375 2241 855
f 384 2264 864
f 276 1938 756
f 229 1802 709
f 223 1783 703
f 235 1819 715
f 241 1837 721
f 247 1856 727
f 271 1927 751
f 332 2112 812
f 302 2022 782
f 374 2238 854
f 379 2251 859
f 307 2036 787
f 278 1949 758
f 313 2053 793
f 319 2071 799
f 325 2090 805
f 331 2107 811
f 301 2017 781
f 373 2233 853
f 380 2256 860
f 272 1932 752
f 248 1859 728
f 230 1805 710
f 224 1788 704
f 236 1824 716
f 242 1842 722
f 254 1878 734
f 356 2184 836
f 397 2306 877
f 385 2270 865
f 259 1892 739
f 326 2093 806
f 308 2039 788
f 277 1946 757
f 314 2058 794
f 320 2076 800
f 338 2130 818
f 284 1968 764
f 289 1982 769
f 367 2216 847
f 391 2287 871
f 355 2179 835
f 253 1873 733
f 260 1895 740
f 386 2273 866
f 398 2309 878
f 350 2165 830
f 343 2144 823
f 295 2000 775
f 361 2198 841
f 266 1913 746
f 337 2125 817
f 283 1963 763
f 290 1985 770
f 368 2219 848
f 392 2292 872
f 349 2162 829
f 344 2147 824
f 296 2003 776
f 362 2201 842
f 265 1910 745
f 251 1863 731
f 233 1809 713
f 228 1794 708
f 240 1830 720
f 246 1848 726
f 258 1886 738
f 360 2192 840
f 401 2318 881
f 389 2282 869
f 263 1904 743
f 329 2097 809
f 310 2043 790
f 280 1956 760
f 318 2066 798
f 324 2082 804
f 342 2138 822
f 288 1974 768
f 292 1992 772
f 371 2228 851
f 393 2295 873
f 409 2331 1269
f 405 2327 1245
f 411 2328 1252
f 414 2334 1288
f 417 2337 1306
f 431 2346 1336
f 488 2412 1551
f 575 2499 1473
f 563 2487 1599
f 519 2436 1354
f 454 2376 1479
f 450 2372 1401
f 456 2373 1408
f 459 2379 1492
f 462 2382 1504
f 472 2396 1533
f 446 2361 1414
f 506 2418 1444
f 535 2457 1594
f 541 2463 1383
f 570 2492 1323
f 480 2402 1275
f 421 2343 1263
f 511 2433 1299
f 556 2478 1317
f 484 2406 1341
f 580 2502 1564
f 567 2484 1462
f 522 2442 1588
f 427 2349 1347
f 544 2468 1521
f 468 2387 1420
f 436 2358 1395
f 499 2421 1497
f 530 2454 1515
f 548 2472 1557
f 466 2388 1425
f 442 2364 1431
f 505 2426 1570
f 536 2448 1372
f 491 2403 1282
f 423 2342 1258
f 513 2432 1294
f 564 2477 1312
f 581 2493 1330
f 549 2462 1378
f 477 2397 1540
f 445 2367 1449
f 503 2427 1575
f 525 2447 1365
f 474 2391 1486
f 438 2357 1390
f 495 2417 1437
f 532 2453 1510
f 552 2469 1528
f 490 2411 1546
f 577 2498 1468
f 559 2483 1455
f 517 2441 1581
f 430 2352 1359
f 590 2509 1272
f 584 2503 1248
f 585 2506 1253
f 592 2512 1289
f 595 2515 1307
f 598 2518 1337
f 636 2555 1554
f 621 2541 1476
f 642 2562 1602
f 601 2522 1355
f 623 2542 1482
f 611 2528 1404
f 609 2531 1409
f 625 2545 1493
f 628 2548 1505
f 632 2551 1536
f 613 2533 1415
f 616 2537 1445
f 638 2559 1595
f 606 2526 1386
f 407 1616 909
f 403 1608 891
f 404 1606 886
f 410 1612 898
f 413 1615 904
f 422 1624 922
f 486 1692 1060
f 573 1782 1240
f 561 1765 1204
f 512 1714 1102
f 452 1661 999
f 448 1653 981
f 449 1651 976
f 455 1657 988
f 458 1660 994
f 470 1675 1024
f 437 1639 952
f 494 1696 1066
f 531 1733 1138
f 539 1751 1179
f 568 1779 1233
f 478 1683 1041
f 419 1626 927
f 509 1721 1119
f 554 1766 1209
f 482 1689 1053
f 576 1778 1228
f 558 1760 1192
f 516 1718 1108
f 425 1629 933
f 542 1747 1167
f 463 1665 1005
f 434 1641 957
f 497 1704 1083
f 528 1737 1150
f 546 1750 1174
f 464 1676 1029
f 440 1644 963
f 500 1702 1077
f 524 1726 1126
f 479 1681 1036
f 418 1620 915
f 508 1710 1095
f 553 1755 1185
f 569 1771 1216
f 538 1740 1155
f 471 1673 1018
f 443 1647 970
f 501 1707 1090
f 523 1734 1143
f 467 1669 1012
f 433 1635 945
f 493 1698 1071
f 527 1729 1131
f 543 1745 1162
f 485 1687 1047
f 572 1774 1221
f 557 1762 1197
f 515 1720 1114
f 428 1632 940
f 591 2189 1284
f 587 1883 1260
f 588 1903 1296
f 594 2281 1314
f 597 2317 1332
f 600 2173 1380
f 634 2158 1542
f 619 2012 1451
f 639 2210 1577
f 602 1924 1367
f 624 2135 1488
f 608 1973 1392
f 610 1996 1439
f 627 2227 1512
f 630 2304 1530
f 635 2176 1548
f 615 2155 1470
f 617 2014 1457
f 637 2212 1583
f 604 1922 1361
f 416 1864 1270
f 408 1810 1246
f 406 1795 1251
f 412 1831 1287
f 415 1849 1305
f 424 1887 1335
f 492 2193 1552
f 582 2321 1474
f 565 2285 1600
f 514 1907 1353
f 461 2098 1480
f 453 2044 1402
f 451 1961 1407
f 457 2067 1491
f 460 2083 1503
f 475 2139 1534
f 439 1975 1413
f 496 1997 1443
f 533 2231 1593
f 551 2298 1384
f 579 2190 1324
f 483 1884 1276
f 426 1900 1264
f 521 2278 1300
f 566 2314 1318
f 489 2170 1342
f 578 2159 1563
f 560 2015 1461
f 518 2213 1587
f 429 1918 1348
f 547 2136 1522
f 465 1977 1419
f 441 1990 1396
f 504 2224 1498
f 537 2301 1516
f 550 2177 1558
f 476 2152 1426
f 444 2008 1432
f 502 2206 1569
f 526 1925 1371
f 481 1817 1281
f 420 1797 1257
f 510 1833 1293
f 555 1851 1311
f 571 1871 1329
f 540 1941 1377
f 473 2119 1539
f 447 2029 1450
f 507 2247 1576
f 534 2262 1366
f 469 2051 1485
f 435 1954 1389
f 498 2064 1438
f 529 2085 1509
f 545 2105 1527
f 487 2121 1545
f 574 2031 1467
f 562 2244 1456
f 520 2265 1582
f 432 1939 1360
f 589 1814 1271
f 583 1793 1247
f 586 1829 1254
f 593 1847 1290
f 596 1868 1308
f 599 1937 1338
f 633 2124 1553
f 620 2034 1475
f 640 2250 1601
f 603 2261 1356
f 622 2050 1481
f 607 1960 1403
f 612 2063 1410
f 626 2081 1494
f 629 2102 1506
f 631 2117 1535
f 614 2027 1416
f 618 2243 1446
f 641 2268 1596
f 605 1944 1385
f 409 1804 894
f 405 1785 887
f 411 1821 899
f 414 1839 905
f 417 1858 912
f 431 1929 941
f 488 2114 1050
f 575 2024 1224
f 563 2240 1200
f 519 2253 1115
f 454 2038 984
f 450 1951 977
f 456 2055 989
f 459 2073 995
f 462 2092 1002
f 472 2109 1019
f 446 2019 971
f 506 2235 1091
f 535 2258 1146
f 541 1934 1158
f 570 1861 1217
f 480 1807 1037
f 421 1790 918
f 511 1826 1098
f 556 1844 1188
f 484 1880 1044
f 580 2186 1236
f 567 2308 1212
f 522 2272 1122
f 427 1894 930
f 544 2095 1163
f 468 2041 1013
f 436 1948 948
f 499 2060 1074
f 530 2078 1134
f 548 2132 1170
f 466 1970 1008
f 442 1984 960
f 505 2218 1086
f 536 2289 1151
f 491 2181 1061
f 423 1875 923
f 513 1897 1103
f 564 2275 1205
f 581 2311 1241
f 549 2167 1175
f 477 2146 1032
f 445 2002 966
f 503 2200 1080
f 525 1915 1127
f 474 2127 1025
f 438 1965 953
f 495 1987 1067
f 532 2221 1139
f 552 2294 1182
f 490 2164 1056
f 577 2149 1229
f 559 2005 1193
f 517 2203 1109
f 430 1912 936
f 590 1870 1325
f 584 1816 1277
f 585 1800 1265
f 592 1836 1301
f 595 1854 1319
f 598 1890 1343
f 636 2196 1566
f 621 2320 1464
f 642 2284 1590
f 601 1906 1349
f 623 2104 1523
f 611 2047 1422
f 609 1958 1397
f 625 2070 1499
f 628 2088 1517
f 632 2142 1559
f 613 1980 1427
f 616 1994 1433
f 638 2230 1572
f 606 2297 1374
f 407 2329 892
f 403 2323 885
f 404 2326 897
f 410 2333 903
f 413 2336 910
f 422 2345 939
f 486 2409 1048
f 573 2496 1222
f 561 2485 1198
f 512 2435 1113
f 452 2374 982
f 448 2368 975
f 449 2371 987
f 455 2378 993
f 458 2381 1000
f 470 2392 1017
f 437 2360 969
f 494 2416 1089
f 531 2456 1144
f 539 2460 1156
f 568 2488 1215
f 478 2398 1035
f 419 2340 916
f 509 2430 1096
f 554 2475 1186
f 482 2404 1042
f 576 2501 1234
f 558 2482 1210
f 516 2440 1120
f 425 2347 928
f 542 2464 1161
f 463 2384 1011
f 434 2355 946
f 497 2419 1072
f 528 2451 1132
f 546 2470 1168
f 464 2385 1006
f 440 2362 958
f 500 2423 1084
f 524 2446 1149
f 479 2401 1059
f 418 2339 921
f 508 2429 1101
f 553 2474 1203
f 569 2491 1239
f 538 2459 1173
f 471 2395 1030
f 443 2365 964
f 501 2424 1078
f 523 2443 1125
f 467 2390 1023
f 433 2354 951
f 493 2413 1065
f 527 2450 1137
f 543 2467 1180
f 485 2408 1054
f 572 2495 1227
f 557 2479 1191
f 515 2437 1107
f 428 2350 934
f 591 2511 1326
f 587 2505 1278
f 588 2507 1266
f 594 2513 1302
f 597 2516 1320
f 600 2519 1344
f 634 2556 1565
f 619 2540 1463
f 639 2561 1589
f 602 2521 1350
f 624 2544 1524
f 608 2529 1421
f 610 2530 1398
f 627 2546 1500
f 630 2549 1518
f 635 2553 1560
f 615 2534 1428
f 617 2536 1434
f 637 2557 1571
f 604 2525 1373
f 164 1609 889
f 163 1605 883
f 165 1611 895
f 166 1614 901
f 167 1617 907
f 172 1631 937
f 190 1688 1045
f 219 1775 1219
f 215 1763 1195
f 201 1719 1111
f 179 1654 979
f 178 1650 973
f 180 1656 985
f 181 1659 991
f 182 1662 997
f 185 1672 1015
f 177 1646 967
f 197 1706 1087
f 206 1735 1141
f 208 1741 1153
f 218 1770 1213
f 188 1680 1033
f 168 1621 913
f 198 1711 1093
f 213 1756 1183
f 189 1684 1039
f 221 1780 1231
f 217 1767 1207
f 202 1722 1117
f 170 1627 925
f 209 1744 1159
f 184 1668 1009
f 173 1636 943
f 194 1699 1069
f 204 1730 1129
f 210 1748 1165
f 183 1666 1003
f 175 1642 955
f 196 1705 1081
f 207 1736 1147
f 192 1691 1057
f 169 1623 919
f 199 1713 1099
f 216 1764 1201
f 222 1781 1237
f 211 1749 1171
f 187 1677 1027
f 176 1645 961
f 195 1703 1075
f 203 1725 1123
f 186 1674 1021
f 174 1638 949
f 193 1695 1063
f 205 1732 1135
f 212 1752 1177
f 191 1690 1051
f 220 1777 1225
f 214 1759 1189
f 200 1717 1105
f 171 1630 931
f 358 2191 1322
f 256 1885 1274
f 261 1901 1262
f 387 2279 1298
f 399 2315 1316
f 351 2171 1340
f 348 2160 1561
f 300 2016 1459
f 366 2214 1585
f 267 1919 1346
f 340 2137 1520
f 287 1978 1417
f 291 1991 1394
f 369 2225 1496
f 395 2302 1514
f 354 2178 1556
f 345 2153 1424
f 297 2009 1430
f 363 2207 1567
f 270 1926 1369
f 247 1857 908
f 229 1803 890
f 223 1786 884
f 235 1822 896
f 241 1840 902
f 253 1876 920
f 355 2182 1058
f 398 2312 1238
f 386 2276 1202
f 260 1898 1100
f 325 2091 998
f 307 2037 980
f 278 1952 974
f 313 2056 986
f 319 2074 992
f 337 2128 1022
f 283 1966 950
f 290 1988 1064
f 368 2222 1136
f 392 2293 1178
f 356 2185 1232
f 254 1879 1040
f 259 1893 926
f 385 2271 1118
f 397 2307 1208
f 349 2163 1052
f 344 2150 1226
f 296 2006 1190
f 362 2204 1106
f 265 1911 932
f 338 2131 1166
f 284 1969 1004
f 289 1983 956
f 367 2217 1082
f 391 2290 1148
f 350 2168 1172
f 343 2145 1028
f 295 2001 962
f 361 2199 1076
f 266 1916 1124
f 230 1808 1034
f 224 1789 914
f 236 1825 1094
f 242 1843 1184
f 248 1862 1214
f 272 1933 1154
f 331 2110 1016
f 301 2020 968
f 373 2236 1088
f 380 2257 1142
f 308 2042 1010
f 277 1947 944
f 314 2059 1070
f 320 2077 1130
f 326 2096 1160
f 332 2113 1046
f 302 2023 1220
f 374 2239 1196
f 379 2254 1112
f 271 1930 938
f 234 1818 1279
f 227 1798 1255
f 239 1834 1291
f 245 1852 1309
f 252 1872 1327
f 275 1942 1375
f 334 2120 1537
f 304 2030 1448
f 377 2248 1574
f 382 2263 1364
f 312 2052 1483
f 279 1955 1387
f 316 2065 1436
f 323 2086 1507
f 330 2106 1525
f 335 2122 1543
f 305 2032 1465
f 376 2245 1454
f 383 2266 1580
f 274 1940 1358
f 232 1813 1267
f 225 1792 1243
f 237 1828 1250
f 243 1846 1286
f 250 1867 1304
f 273 1936 1334
f 336 2123 1549
f 306 2033 1471
f 378 2249 1597
f 381 2260 1352
f 311 2049 1477
f 281 1959 1399
f 315 2062 1406
f 321 2080 1490
f 328 2101 1502
f 333 2116 1531
f 303 2026 1412
f 375 2242 1442
f 384 2267 1592
f 276 1943 1381
f 251 1869 1321
f 233 1815 1273
f 228 1799 1261
f 240 1835 1297
f 246 1853 1315
f 258 1889 1339
f 360 2195 1562
f 401 2319 1460
f 389 2283 1586
f 263 1905 1345
f 329 2103 1519
f 310 2046 1418
f 280 1957 1393
f 318 2069 1495
f 324 2087 1513
f 342 2141 1555
f 288 1979 1423
f 292 1993 1429
f 371 2229 1568
f 393 2296 1370
f 357 2188 1280
f 255 1882 1256
f 262 1902 1292
f 388 2280 1310
f 400 2316 1328
f 352 2172 1376
f 347 2157 1538
f 298 2011 1447
f 364 2209 1573
f 269 1923 1363
f 339 2134 1484
f 285 1972 1388
f 293 1995 1435
f 370 2226 1508
f 396 2303 1526
f 353 2175 1544
f 346 2154 1466
f 299 2013 1453
f 365 2211 1579
f 268 1921 1357
f 249 1865 1268
f 231 1811 1244
f 226 1796 1249
f 238 1832 1285
f 244 1850 1303
f 257 1888 1333
f 359 2194 1550
f 402 2322 1472
f 390 2286 1598
f 264 1908 1351
f 327 2099 1478
f 309 2045 1400
f 282 1962 1405
f 317 2068 1489
f 322 2084 1501
f 341 2140 1532
f 286 1976 1411
f 294 1998 1441
f 372 2232 1591
f 394 2299 1382
f 416 2330 911
f 408 2324 893
f 406 2325 888
f 412 2332 900
f 415 2335 906
f 424 2344 924
f 492 2410 1062
f 582 2497 1242
f 565 2486 1206
f 514 2434 1104
f 461 2375 1001
f 453 2369 983
f 451 2370 978
f 457 2377 990
f 460 2380 996
f 475 2393 1026
f 439 2359 954
f 496 2415 1068
f 533 2455 1140
f 551 2461 1181
f 579 2489 1235
f 483 2399 1043
f 426 2341 929
f 521 2431 1121
f 566 2476 1211
f 489 2405 1055
f 578 2500 1230
f 560 2481 1194
f 518 2439 1110
f 429 2348 935
f 547 2465 1169
f 465 2383 1007
f 441 2356 959
f 504 2420 1085
f 537 2452 1152
f 550 2471 1176
f 476 2386 1031
f 444 2363 965
f 502 2422 1079
f 526 2445 1128
f 481 2400 1038
f 420 2338 917
f 510 2428 1097
f 555 2473 1187
f 571 2490 1218
f 540 2458 1157
f 473 2394 1020
f 447 2366 972
f 507 2425 1092
f 534 2444 1145
f 469 2389 1014
f 435 2353 947
f 498 2414 1073
f 529 2449 1133
f 545 2466 1164
f 487 2407 1049
f 574 2494 1223
f 562 2480 1199
f 520 2438 1116
f 432 2351 942
f 589 2510 1283
f 583 2504 1259
f 586 2508 1295
f 593 2514 1313
f 596 2517 1331
f 599 2520 1379
f 633 2554 1541
f 620 2539 1452
f 640 2560 1578
f 603 2523 1368
f 622 2543 1487
f 607 2527 1391
f 612 2532 1440
f 626 2547 1511
f 629 2550 1529
f 631 2552 1547
f 614 2535 1469
f 618 2538 1458
f 641 2558 1584
f 605 2524 1362
f 164 1607 1609
f 163 1603 1605
f 165 1604 1611
f 166 1610 1614
f 167 1613 1617
f 172 1622 1631
f 190 1686 1688
f 219 1773 1775
f 215 1761 1763
f 201 1712 1719
f 179 1652 1654
f 178 1648 1650
f 180 1649 1656
f 181 1655 1659
f 182 1658 1662
f 185 1670 1672
f 177 1637 1646
f 197 1694 1706
f 206 1731 1735
f 208 1739 1741
f 218 1768 1770
f 188 1678 1680
f 168 1619 1621
f 198 1709 1711
f 213 1754 1756
f 189 1682 1684
f 221 1776 1780
f 217 1758 1767
f 202 1716 1722
f 170 1625 1627
f 209 1742 1744
f 184 1663 1668
f 173 1634 1636
f 194 1697 1699
f 204 1728 1730
f 210 1746 1748
f 183 1664 1666
f 175 1640 1642
f 196 1700 1705
f 207 1724 1736
f 192 1679 1691
f 169 1618 1623
f 199 1708 1713
f 216 1753 1764
f 222 1769 1781
f 211 1738 1749
f 187 1671 1677
f 176 1643 1645
f 195 1701 1703
f 203 1723 1725
f 186 1667 1674
f 174 1633 1638
f 193 1693 1695
f 205 1727 1732
f 212 1743 1752
f 191 1685 1690
f 220 1772 1777
f 214 1757 1759
f 200 1715 1717
f 171 1628 1630
f 358 2187 2191
f 256 1881 1885
f 261 1899 1901
f 387 2277 2279
f 399 2313 2315
f 351 2169 2171
f 348 2156 2160
f 300 2010 2016
f 366 2208 2214
f 267 1917 1919
f 340 2133 2137
f 287 1971 1978
f 291 1989 1991
f 369 2223 2225
f 395 2300 2302
f 354 2174 2178
f 345 2151 2153
f 297 2007 2009
f 363 2205 2207
f 270 1920 1926
f 247 1855 1857
f 229 1801 1803
f 223 1784 1786
f 235 1820 1822
f 241 1838 1840
f 253 1874 1876
f 355 2180 2182
f 398 2310 2312
f 386 2274 2276
f 260 1896 1898
f 325 2089 2091
f 307 2035 2037
f 278 1950 1952
f 313 2054 2056
f 319 2072 2074
f 337 2126 2128
f 283 1964 1966
f 290 1986 1988
f 368 2220 2222
f 392 2291 2293
f 356 2183 2185
f 254 1877 1879
f 259 1891 1893
f 385 2269 2271
f 397 2305 2307
f 349 2161 2163
f 344 2148 2150
f 296 2004 2006
f 362 2202 2204
f 265 1909 1911
f 338 2129 2131
f 284 1967 1969
f 289 1981 1983
f 367 2215 2217
f 391 2288 2290
f 350 2166 2168
f 343 2143 2145
f 295 1999 2001
f 361 2197 2199
f 266 1914 1916
f 230 1806 1808
f 224 1787 1789
f 236 1823 1825
f 242 1841 1843
f 248 1860 1862
f 272 1931 1933
f 331 2108 2110
f 301 2018 2020
f 373 2234 2236
f 380 2255 2257
f 308 2040 2042
f 277 1945 1947
f 314 2057 2059
f 320 2075 2077
f 326 2094 2096
f 332 2111 2113
f 302 2021 2023
f 374 2237 2239
f 379 2252 2254
f 271 1928 1930
f 234 1812 1818
f 227 1791 1798
f 239 1827 1834
f 245 1845 1852
f 252 1866 1872
f 275 1935 1942
f 334 2118 2120
f 304 2028 2030
f 377 2246 2248
f 382 2259 2263
f 312 2048 2052
f 279 1953 1955
f 316 2061 2065
f 323 2079 2086
f 330 2100 2106
f 335 2115 2122
f 305 2025 2032
f 376 2241 2245
f 383 2264 2266
f 274 1938 1940
f 232 1802 1813
f 225 1783 1792
f 237 1819 1828
f 243 1837 1846
f 250 1856 1867
f 273 1927 1936
f 336 2112 2123
f 306 2022 2033
f 378 2238 2249
f 381 2251 2260
f 311 2036 2049
f 281 1949 1959
f 315 2053 2062
f 321 2071 2080
f 328 2090 2101
f 333 2107 2116
f 303 2017 2026
f 375 2233 2242
f 384 2256 2267
f 276 1932 1943
f 251 1859 1869
f 233 1805 1815
f 228 1788 1799
f 240 1824 1835
f 246 1842 1853
f 258 1878 1889
f 360 2184 2195
f 401 2306 2319
f 389 2270 2283
f 263 1892 1905
f 329 2093 2103
f 310 2039 2046
f 280 1946 1957
f 318 2058 2069
f 324 2076 2087
f 342 2130 2141
f 288 1968 1979
f 292 1982 1993
f 371 2216 2229
f 393 2287 2296
f 357 2179 2188
f 255 1873 1882
f 262 1895 1902
f 388 2273 2280
f 400 2309 2316
f 352 2165 2172
f 347 2144 2157
f 298 2000 2011
f 364 2198 2209
f 269 1913 1923
f 339 2125 2134
f 285 1963 1972
f 293 1985 1995
f 370 2219 2226
f 396 2292 2303
f 353 2162 2175
f 346 2147 2154
f 299 2003 2013
f 365 2201 2211
f 268 1910 1921
f 249 1863 1865
f 231 1809 1811
f 226 1794 1796
f 238 1830 1832
f 244 1848 1850
f 257 1886 1888
f 359 2192 2194
f 402 2318 2322
f 390 2282 2286
f 264 1904 1908
f 327 2097 2099
f 309 2043 2045
f 282 1956 1962
f 317 2066 2068
f 322 2082 2084
f 341 2138 2140
f 286 1974 1976
f 294 1992 1998
f 372 2228 2232
f 394 2295 2299
f 416 2331 2330
f 408 2327 2324
f 406 2328 2325
f 412 2334 2332
f 415 2337 2335
f 424 2346 2344
f 492 2412 2410
f 582 2499 2497
f 565 2487 2486
f 514 2436 2434
f 461 2376 2375
f 453 2372 2369
f 451 2373 2370
f 457 2379 2377
f 460 2382 2380
f 475 2396 2393
f 439 2361 2359
f 496 2418 2415
f 533 2457 2455
f 551 2463 2461
f 579 2492 2489
f 483 2402 2399
f 426 2343 2341
f 521 2433 2431
f 566 2478 2476
f 489 2406 2405
f 578 2502 2500
f 560 2484 2481
f 518 2442 2439
f 429 2349 2348
f 547 2468 2465
f 465 2387 2383
f 441 2358 2356
f 504 2421 2420
f 537 2454 2452
f 550 2472 2471
f 476 2388 2386
f 444 2364 2363
f 502 2426 2422
f 526 2448 2445
f 481 2403 2400
f 420 2342 2338
f 510 2432 2428
f 555 2477 2473
f 571 2493 2490
f 540 2462 2458
f 473 2397 2394
f 447 2367 2366
f 507 2427 2425
f 534 2447 2444
f 469 2391 2389
f 435 2357 2353
f 498 2417 2414
f 529 2453 2449
f 545 2469 2466
f 487 2411 2407
f 574 2498 2494
f 562 2483 2480
f 520 2441 2438
f 432 2352 2351
f 589 2509 2510
f 583 2503 2504
f 586 2506 2508
f 593 2512 2514
f 596 2515 2517
f 599 2518 2520
f 633 2555 2554
f 620 2541 2539
f 640 2562 2560
f 603 2522 2523
f 622 2542 2543
f 607 2528 2527
f 612 2531 2532
f 626 2545 2547
f 629 2548 2550
f 631 2551 2552
f 614 2533 2535
f 618 2537 2538
f 641 2559 2558
f 605 2526 2524
f 164 644 1607
f 163 643 1603
f 165 645 1604
f 166 646 1610
f 167 647 1613
f 172 652 1622
f 190 670 1686
f 219 699 1773
f 215 695 1761
f 201 681 1712
f 179 659 1652
f 178 658 1648
f 180 660 1649
f 181 661 1655
f 182 662 1658
f 185 665 1670
f 177 657 1637
f 197 677 1694
f 206 686 1731
f 208 688 1739
f 218 698 1768
f 188 668 1678
f 168 648 1619
f 198 678 1709
f 213 693 1754
f 189 669 1682
f 221 701 1776
f 217 697 1758
f 202 682 1716
f 170 650 1625
f 209 689 1742
f 184 664 1663
f 173 653 1634
f 194 674 1697
f 204 684 1728
f 210 690 1746
f 183 663 1664
f 175 655 1640
f 196 676 1700
f 207 687 1724
f 192 672 1679
f 169 649 1618
f 199 679 1708
f 216 696 1753
f 222 702 1769
f 211 691 1738
f 187 667 1671
f 176 656 1643
f 195 675 1701
f 203 683 1723
f 186 666 1667
f 174 654 1633
f 193 673 1693
f 205 685 1727
f 212 692 1743
f 191 671 1685
f 220 700 1772
f 214 694 1757
f 200 680 1715
f 171 651 1628
f 358 838 2187
f 256 736 1881
f 261 741 1899
f 387 867 2277
f 399 879 2313
f 351 831 2169
f 348 828 2156
f 300 780 2010
f 366 846 2208
f 267 747 1917
f 340 820 2133
f 287 767 1971
f 291 771 1989
f 369 849 2223
f 395 875 2300
f 354 834 2174
f 345 825 2151
f 297 777 2007
f 363 843 2205
f 270 750 1920
f 247 727 1855
f 229 709 1801
f 223 703 1784
f 235 715 1820
f 241 721 1838
f 253 733 1874
f 355 835 2180
f 398 878 2310
f 386 866 2274
f 260 740 1896
f 325 805 2089
f 307 787 2035
f 278 758 1950
f 313 793 2054
f 319 799 2072
f 337 817 2126
f 283 763 1964
f 290 770 1986
f 368 848 2220
f 392 872 2291
f 356 836 2183
f 254 734 1877
f 259 739 1891
f 385 865 2269
f 397 877 2305
f 349 829 2161
f 344 824 2148
f 296 776 2004
f 362 842 2202
f 265 745 1909
f 338 818 2129
f 284 764 1967
f 289 769 1981
f 367 847 2215
f 391 871 2288
f 350 830 2166
f 343 823 2143
f 295 775 1999
f 361 841 2197
f 266 746 1914
f 230 710 1806
f 224 704 1787
f 236 716 1823
f 242 722 1841
f 248 728 1860
f 272 752 1931
f 331 811 2108
f 301 781 2018
f 373 853 2234
f 380 860 2255
f 308 788 2040
f 277 757 1945
f 314 794 2057
f 320 800 2075
f 326 806 2094
f 332 812 2111
f 302 782 2021
f 374 854 2237
f 379 859 2252
f 271 751 1928
f 234 714 1812
f 227 707 1791
f 239 719 1827
f 245 725 1845
f 252 732 1866
f 275 755 1935
f 334 814 2118
f 304 784 2028
f 377 857 2246
f 382 862 2259
f 312 792 2048
f 279 759 1953
f 316 796 2061
f 323 803 2079
f 330 810 2100
f 335 815 2115
f 305 785 2025
f 376 856 2241
f 383 863 2264
f 274 754 1938
f 232 712 1802
f 225 705 1783
f 237 717 1819
f 243 723 1837
f 250 730 1856
f 273 753 1927
f 336 816 2112
f 306 786 2022
f 378 858 2238
f 381 861 2251
f 311 791 2036
f 281 761 1949
f 315 795 2053
f 321 801 2071
f 328 808 2090
f 333 813 2107
f 303 783 2017
f 375 855 2233
f 384 864 2256
f 276 756 1932
f 251 731 1859
f 233 713 1805
f 228 708 1788
f 240 720 1824
f 246 726 1842
f 258 738 1878
f 360 840 2184
f 401 881 2306
f 389 869 2270
f 263 743 1892
f 329 809 2093
f 310 790 2039
f 280 760 1946
f 318 798 2058
f 324 804 2076
f 342 822 2130
f 288 768 1968
f 292 772 1982
f 371 851 2216
f 393 873 2287
f 357 837 2179
f 255 735 1873
f 262 742 1895
f 388 868 2273
f 400 880 2309
f 352 832 2165
f 347 827 2144
f 298 778 2000
f 364 844 2198
f 269 749 1913
f 339 819 2125
f 285 765 1963
f 293 773 1985
f 370 850 2219
f 396 876 2292
f 353 833 2162
f 346 826 2147
f 299 779 2003
f 365 845 2201
f 268 748 1910
f 249 729 1863
f 231 711 1809
f 226 706 1794
f 238 718 1830
f 244 724 1848
f 257 737 1886
f 359 839 2192
f 402 882 2318
f 390 870 2282
f 264 744 1904
f 327 807 2097
f 309 789 2043
f 282 762 1956
f 317 797 2066
f 322 802 2082
f 341 821 2138
f 286 766 1974
f 294 774 1992
f 372 852 2228
f 394 874 2295
f 416 1270 2331
f 408 1246 2327
f 406 1251 2328
f 412 1287 2334
f 415 1305 2337
f 424 1335 2346
f 492 1552 2412
f 582 1474 2499
f 565 1600 2487
f 514 1353 2436
f 461 1480 2376
f 453 1402 2372
f 451 1407 2373
f 457 1491 2379
f 460 1503 2382
f 475 1534 2396
f 439 1413 2361
f 496 1443 2418
f 533 1593 2457
f 551 1384 2463
f 579 1324 2492
f 483 1276 2402
f 426 1264 2343
f 521 1300 2433
f 566 1318 2478
f 489 1342 2406
f 578 1563 2502
f 560 1461 2484
f 518 1587 2442
f 429 1348 2349
f 547 1522 2468
f 465 1419 2387
f 441 1396 2358
f 504 1498 2421
f 537 1516 2454
f 550 1558 2472
f 476 1426 2388
f 444 1432 2364
f 502 1569 2426
f 526 1371 2448
f 481 1281 2403
f 420 1257 2342
f 510 1293 2432
f 555 1311 2477
f 571 1329 2493
f 540 1377 2462
f 473 1539 2397
f 447 1450 2367
f 507 1576 2427
f 534 1366 2447
f 469 1485 2391
f 435 1389 2357
f 498 1438 2417
f 529 1509 2453
f 545 1527 2469
f 487 1545 2411
f 574 1467 2498
f 562 1456 2483
f 520 1582 2441
f 432 1360 2352
f 589 1271 2509
f 583 1247 2503
f 586 1254 2506
f 593 1290 2512
f 596 1308 2515
f 599 1338 2518
f 633 1553 2555
f 620 1475 2541
f 640 1601 2562
f 603 1356 2522
f 622 1481 2542
f 607 1403 2528
f 612 1410 2531
f 626 1494 2545
f 629 1506 2548
f 631 1535 2551
f 614 1416 2533
f 618 1446 2537
f 641 1596 2559
f 605 1385 2526
f 167 907 1616
f 164 889 1608
f 163 883 1606
f 165 895 1612
f 166 901 1615
f 169 919 1624
f 192 1057 1692
f 222 1237 1782
f 216 1201 1765
f 199 1099 1714
f 182 997 1661
f 179 979 1653
f 178 973 1651
f 180 985 1657
f 181 991 1660
f 186 1021 1675
f 174 949 1639
f 193 1063 1696
f 205 1135 1733
f 212 1177 1751
f 221 1231 1779
f 189 1039 1683
f 170 925 1626
f 202 1117 1721
f 217 1207 1766
f 191 1051 1689
f 220 1225 1778
f 214 1189 1760
f 200 1105 1718
f 171 931 1629
f 210 1165 1747
f 183 1003 1665
f 175 955 1641
f 196 1081 1704
f 207 1147 1737
f 211 1171 1750
f 187 1027 1676
f 176 961 1644
f 195 1075 1702
f 203 1123 1726
f 188 1033 1681
f 168 913 1620
f 198 1093 1710
f 213 1183 1755
f 218 1213 1771
f 208 1153 1740
f 185 1015 1673
f 177 967 1647
f 197 1087 1707
f 206 1141 1734
f 184 1009 1669
f 173 943 1635
f 194 1069 1698
f 204 1129 1729
f 209 1159 1745
f 190 1045 1687
f 219 1219 1774
f 215 1195 1762
f 201 1111 1720
f 172 937 1632
f 357 1280 2189
f 255 1256 1883
f 262 1292 1903
f 388 1310 2281
f 400 1328 2317
f 352 1376 2173
f 347 1538 2158
f 298 1447 2012
f 364 1573 2210
f 269 1363 1924
f 339 1484 2135
f 285 1388 1973
f 293 1435 1996
f 370 1508 2227
f 396 1526 2304
f 353 1544 2176
f 346 1466 2155
f 299 1453 2014
f 365 1579 2212
f 268 1357 1922
f 249 1268 1864
f 231 1244 1810
f 226 1249 1795
f 238 1285 1831
f 244 1303 1849
f 257 1333 1887
f 359 1550 2193
f 402 1472 2321
f 390 1598 2285
f 264 1351 1907
f 327 1478 2098
f 309 1400 2044
f 282 1405 1961
f 317 1489 2067
f 322 1501 2083
f 341 1532 2139
f 286 1411 1975
f 294 1441 1997
f 372 1591 2231
f 394 1382 2298
f 358 1322 2190
f 256 1274 1884
f 261 1262 1900
f 387 1298 2278
f 399 1316 2314
f 351 1340 2170
f 348 1561 2159
f 300 1459 2015
f 366 1585 2213
f 267 1346 1918
f 340 1520 2136
f 287 1417 1977
f 291 1394 1990
f 369 1496 2224
f 395 1514 2301
f 354 1556 2177
f 345 1424 2152
f 297 1430 2008
f 363 1567 2206
f 270 1369 1925
f 234 1279 1817
f 227 1255 1797
f 239 1291 1833
f 245 1309 1851
f 252 1327 1871
f 275 1375 1941
f 334 1537 2119
f 304 1448 2029
f 377 1574 2247
f 382 1364 2262
f 312 1483 2051
f 279 1387 1954
f 316 1436 2064
f 323 1507 2085
f 330 1525 2105
f 335 1543 2121
f 305 1465 2031
f 376 1454 2244
f 383 1580 2265
f 274 1358 1939
f 232 1267 1814
f 225 1243 1793
f 237 1250 1829
f 243 1286 1847
f 250 1304 1868
f 273 1334 1937
f 336 1549 2124
f 306 1471 2034
f 378 1597 2250
f 381 1352 2261
f 311 1477 2050
f 281 1399 1960
f 315 1406 2063
f 321 1490 2081
f 328 1502 2102
f 333 1531 2117
f 303 1412 2027
f 375 1442 2243
f 384 1592 2268
f 276 1381 1944
f 229 890 1804
f 223 884 1785
f 235 896 1821
f 241 902 1839
f 247 908 1858
f 271 938 1929
f 332 1046 2114
f 302 1220 2024
f 374 1196 2240
f 379 1112 2253
f 307 980 2038
f 278 974 1951
f 313 986 2055
f 319 992 2073
f 325 998 2092
f 331 1016 2109
f 301 968 2019
f 373 1088 2235
f 380 1142 2258
f 272 1154 1934
f 248 1214 1861
f 230 1034 1807
f 224 914 1790
f 236 1094 1826
f 242 1184 1844
f 254 1040 1880
f 356 1232 2186
f 397 1208 2308
f 385 1118 2272
f 259 926 1894
f 326 1160 2095
f 308 1010 2041
f 277 944 1948
f 314 1070 2060
f 320 1130 2078
f 338 1166 2132
f 284 1004 1970
f 289 956 1984
f 367 1082 2218
f 391 1148 2289
f 355 1058 2181
f 253 920 1875
f 260 1100 1897
f 386 1202 2275
f 398 1238 2311
f 350 1172 2167
f 343 1028 2146
f 295 962 2002
f 361 1076 2200
f 266 1124 1915
f 337 1022 2127
f 283 950 1965
f 290 1064 1987
f 368 1136 2221
f 392 1178 2294
f 349 1052 2164
f 344 1226 2149
f 296 1190 2005
f 362 1106 2203
f 265 932 1912
f 251 1321 1870
f 233 1273 1816
f 228 1261 1800
f 240 1297 1836
f 246 1315 1854
f 258 1339 1890
f 360 1562 2196
f 401 1460 2320
f 389 1586 2284
f 263 1345 1906
f 329 1519 2104
f 310 1418 2047
f 280 1393 1958
f 318 1495 2070
f 324 1513 2088
f 342 1555 2142
f 288 1423 1980
f 292 1429 1994
f 371 1568 2230
f 393 1370 2297
f 409 894 2329
f 405 887 2323
f 411 899 2326
f 414 905 2333
f 417 912 2336
f 431 941 2345
f 488 1050 2409
f 575 1224 2496
f 563 1200 2485
f 519 1115 2435
f 454 984 2374
f 450 977 2368
f 456 989 2371
f 459 995 2378
f 462 1002 2381
f 472 1019 2392
f 446 971 2360
f 506 1091 2416
f 535 1146 2456
f 541 1158 2460
f 570 1217 2488
f 480 1037 2398
f 421 918 2340
f 511 1098 2430
f 556 1188 2475
f 484 1044 2404
f 580 1236 2501
f 567 1212 2482
f 522 1122 2440
f 427 930 2347
f 544 1163 2464
f 468 1013 2384
f 436 948 2355
f 499 1074 2419
f 530 1134 2451
f 548 1170 2470
f 466 1008 2385
f 442 960 2362
f 505 1086 2423
f 536 1151 2446
f 491 1061 2401
f 423 923 2339
f 513 1103 2429
f 564 1205 2474
f 581 1241 2491
f 549 1175 2459
f 477 1032 2395
f 445 966 2365
f 503 1080 2424
f 525 1127 2443
f 474 1025 2390
f 438 953 2354
f 495 1067 2413
f 532 1139 2450
f 552 1182 2467
f 490 1056 2408
f 577 1229 2495
f 559 1193 2479
f 517 1109 2437
f 430 936 2350
f 590 1325 2511
f 584 1277 2505
f 585 1265 2507
f 592 1301 2513
f 595 1319 2516
f 598 1343 2519
f 636 1566 2556
f 621 1464 2540
f 642 1590 2561
f 601 1349 2521
f 623 1523 2544
f 611 1422 2529
f 609 1397 2530
f 625 1499 2546
f 628 1517 2549
f 632 1559 2553
f 613 1427 2534
f 616 1433 2536
f 638 1572 2557
f 606 1374 2525
f 407 892 1609
f 403 885 1605
f 404 897 1611
f 410 903 1614
f 413 910 1617
f 422 939 1631
f 486 1048 1688
f 573 1222 1775
f 561 1198 1763
f 512 1113 1719
f 452 982 1654
f 448 975 1650
f 449 987 1656
f 455 993 1659
f 458 1000 1662
f 470 1017 1672
f 437 969 1646
f 494 1089 1706
f 531 1144 1735
f 539 1156 1741
f 568 1215 1770
f 478 1035 1680
f 419 916 1621
f 509 1096 1711
f 554 1186 1756
f 482 1042 1684
f 576 1234 1780
f 558 1210 1767
f 516 1120 1722
f 425 928 1627
f 542 1161 1744
f 463 1011 1668
f 434 946 1636
f 497 1072 1699
f 528 1132 1730
f 546 1168 1748
f 464 1006 1666
f 440 958 1642
f 500 1084 1705
f 524 1149 1736
f 479 1059 1691
f 418 921 1623
f 508 1101 1713
f 553 1203 1764
f 569 1239 1781
f 538 1173 1749
f 471 1030 1677
f 443 964 1645
f 501 1078 1703
f 523 1125 1725
f 467 1023 1674
f 433 951 1638
f 493 1065 1695
f 527 1137 1732
f 543 1180 1752
f 485 1054 1690
f 572 1227 1777
f 557 1191 1759
f 515 1107 1717
f 428 934 1630
f 591 1326 2191
f 587 1278 1885
f 588 1266 1901
f 594 1302 2279
f 597 1320 2315
f 600 1344 2171
f 634 1565 2160
f 619 1463 2016
f 639 1589 2214
f 602 1350 1919
f 624 1524 2137
f 608 1421 1978
f 610 1398 1991
f 627 1500 2225
f 630 1518 2302
f 635 1560 2178
f 615 1428 2153
f 617 1434 2009
f 637 1571 2207
f 604 1373 1926
f 416 911 1857
f 408 893 1803
f 406 888 1786
f 412 900 1822
f 415 906 1840
f 424 924 1876
f 492 1062 2182
f 582 1242 2312
f 565 1206 2276
f 514 1104 1898
f 461 1001 2091
f 453 983 2037
f 451 978 1952
f 457 990 2056
f 460 996 2074
f 475 1026 2128
f 439 954 1966
f 496 1068 1988
f 533 1140 2222
f 551 1181 2293
f 579 1235 2185
f 483 1043 1879
f 426 929 1893
f 521 1121 2271
f 566 1211 2307
f 489 1055 2163
f 578 1230 2150
f 560 1194 2006
f 518 1110 2204
f 429 935 1911
f 547 1169 2131
f 465 1007 1969
f 441 959 1983
f 504 1085 2217
f 537 1152 2290
f 550 1176 2168
f 476 1031 2145
f 444 965 2001
f 502 1079 2199
f 526 1128 1916
f 481 1038 1808
f 420 917 1789
f 510 1097 1825
f 555 1187 1843
f 571 1218 1862
f 540 1157 1933
f 473 1020 2110
f 447 972 2020
f 507 1092 2236
f 534 1145 2257
f 469 1014 2042
f 435 947 1947
f 498 1073 2059
f 529 1133 2077
f 545 1164 2096
f 487 1049 2113
f 574 1223 2023
f 562 1199 2239
f 520 1116 2254
f 432 942 1930
f 589 1283 1818
f 583 1259 1798
f 586 1295 1834
f 593 1313 1852
f 596 1331 1872
f 599 1379 1942
f 633 1541 2120
f 620 1452 2030
f 640 1578 2248
f 603 1368 2263
f 622 1487 2052
f 607 1391 1955
f 612 1440 2065
f 626 1511 2086
f 629 1529 2106
f 631 1547 2122
f 614 1469 2032
f 618 1458 2245
f 641 1584 2266
f 605 1362 1940
f 409 1269 1813
f 405 1245 1792
f 411 1252 1828
f 414 1288 1846
f 417 1306 1867
f 431 1336 1936
f 488 1551 2123
f 575 1473 2033
f 563 1599 2249
f 519 1354 2260
f 454 1479 2049
f 450 1401 1959
f 456 1408 2062
f 459 1492 2080
f 462 1504 2101
f 472 1533 2116
f 446 1414 2026
f 506 1444 2242
f 535 1594 2267
f 541 1383 1943
f 570 1323 1869
f 480 1275 1815
f 421 1263 1799
f 511 1299 1835
f 556 1317 1853
f 484 1341 1889
f 580 1564 2195
f 567 1462 2319
f 522 1588 2283
f 427 1347 1905
f 544 1521 2103
f 468 1420 2046
f 436 1395 1957
f 499 1497 2069
f 530 1515 2087
f 548 1557 2141
f 466 1425 1979
f 442 1431 1993
f 505 1570 2229
f 536 1372 2296
f 491 1282 2188
f 423 1258 1882
f 513 1294 1902
f 564 1312 2280
f 581 1330 2316
f 549 1378 2172
f 477 1540 2157
f 445 1449 2011
f 503 1575 2209
f 525 1365 1923
f 474 1486 2134
f 438 1390 1972
f 495 1437 1995
f 532 1510 2226
f 552 1528 2303
f 490 1546 2175
f 577 1468 2154
f 559 1455 2013
f 517 1581 2211
f 430 1359 1921
f 590 1272 1865
f 584 1248 1811
f 585 1253 1796
f 592 1289 1832
f 595 1307 1850
f 598 1337 1888
f 636 1554 2194
f 621 1476 2322
f 642 1602 2286
f 601 1355 1908
f 623 1482 2099
f 611 1404 2045
f 609 1409 1962
f 625 1493 2068
f 628 1505 2084
f 632 1536 2140
f 613 1415 1976
f 616 1445 1998
f 638 1595 2232
f 606 1386 2299
f 407 909 2330
f 403 891 2324
f 404 886 2325
f 410 898 2332
f 413 904 2335
f 422 922 2344
f 486 1060 2410
f 573 1240 2497
f 561 1204 2486
f 512 1102 2434
f 452 999 2375
f 448 981 2369
f 449 976 2370
f 455 988 2377
f 458 994 2380
f 470 1024 2393
f 437 952 2359
f 494 1066 2415
f 531 1138 2455
f 539 1179 2461
f 568 1233 2489
f 478 1041 2399
f 419 927 2341
f 509 1119 2431
f 554 1209 2476
f 482 1053 2405
f 576 1228 2500
f 558 1192 2481
f 516 1108 2439
f 425 933 2348
f 542 1167 2465
f 463 1005 2383
f 434 957 2356
f 497 1083 2420
f 528 1150 2452
f 546 1174 2471
f 464 1029 2386
f 440 963 2363
f 500 1077 2422
f 524 1126 2445
f 479 1036 2400
f 418 915 2338
f 508 1095 2428
f 553 1185 2473
f 569 1216 2490
f 538 1155 2458
f 471 1018 2394
f 443 970 2366
f 501 1090 2425
f 523 1143 2444
f 467 1012 2389
f 433 945 2353
f 493 1071 2414
f 527 1131 2449
f 543 1162 2466
f 485 1047 2407
f 572 1221 2494
f 557 1197 2480
f 515 1114 2438
f 428 940 2351
f 591 1284 2510
f 587 1260 2504
f 588 1296 2508
f 594 1314 2514
f 597 1332 2517
f 600 1380 2520
f 634 1542 2554
f 619 1451 2539
f 639 1577 2560
f 602 1367 2523
f 624 1488 2543
f 608 1392 2527
f 610 1439 2532
f 627 1512 2547
f 630 1530 2550
f 635 1548 2552
f 615 1470 2535
f 617 1457 2538
f 637 1583 2558
f 604 1361 2524
f 167 1616 1607
f 164 1608 1603
f 163 1606 1604
f 165 1612 1610
f 166 1615 1613
f 169 1624 1622
f 192 1692 1686
f 222 1782 1773
f 216 1765 1761
f 199 1714 1712
f 182 1661 1652
f 179 1653 1648
f 178 1651 1649
f 180 1657 1655
f 181 1660 1658
f 186 1675 1670
f 174 1639 1637
f 193 1696 1694
f 205 1733 1731
f 212 1751 1739
f 221 1779 1768
f 189 1683 1678
f 170 1626 1619
f 202 1721 1709
f 217 1766 1754
f 191 1689 1682
f 220 1778 1776
f 214 1760 1758
f 200 1718 1716
f 171 1629 1625
f 210 1747 1742
f 183 1665 1663
f 175 1641 1634
f 196 1704 1697
f 207 1737 1728
f 211 1750 1746
f 187 1676 1664
f 176 1644 1640
f 195 1702 1700
f 203 1726 1724
f 188 1681 1679
f 168 1620 1618
f 198 1710 1708
f 213 1755 1753
f 218 1771 1769
f 208 1740 1738
f 185 1673 1671
f 177 1647 1643
f 197 1707 1701
f 206 1734 1723
f 184 1669 1667
f 173 1635 1633
f 194 1698 1693
f 204 1729 1727
f 209 1745 1743
f 190 1687 1685
f 219 1774 1772
f 215 1762 1757
f 201 1720 1715
f 172 1632 1628
f 357 2189 2187
f 255 1883 1881
f 262 1903 1899
f 388 2281 2277
f 400 2317 2313
f 352 2173 2169
f 347 2158 2156
f 298 2012 2010
f 364 2210 2208
f 269 1924 1917
f 339 2135 2133
f 285 1973 1971
f 293 1996 1989
f 370 2227 2223
f 396 2304 2300
f 353 2176 2174
f 346 2155 2151
f 299 2014 2007
f 365 2212 2205
f 268 1922 1920
f 249 1864 1855
f 231 1810 1801
f 226 1795 1784
f 238 1831 1820
f 244 1849 1838
f 257 1887 1874
f 359 2193 2180
f 402 2321 2310
f 390 2285 2274
f 264 1907 1896
f 327 2098 2089
f 309 2044 2035
f 282 1961 1950
f 317 2067 2054
f 322 2083 2072
f 341 2139 2126
f 286 1975 1964
f 294 1997 1986
f 372 2231 2220
f 394 2298 2291
f 358 2190 2183
f 256 1884 1877
f 261 1900 1891
f 387 2278 2269
f 399 2314 2305
f 351 2170 2161
f 348 2159 2148
f 300 2015 2004
f 366 2213 2202
f 267 1918 1909
f 340 2136 2129
f 287 1977 1967
f 291 1990 1981
f 369 2224 2215
f 395 2301 2288
f 354 2177 2166
f 345 2152 2143
f 297 2008 1999
f 363 2206 2197
f 270 1925 1914
f 234 1817 1806
f 227 1797 1787
f 239 1833 1823
f 245 1851 1841
f 252 1871 1860
f 275 1941 1931
f 334 2119 2108
f 304 2029 2018
f 377 2247 2234
f 382 2262 2255
f 312 2051 2040
f 279 1954 1945
f 316 2064 2057
f 323 2085 2075
f 330 2105 2094
f 335 2121 2111
f 305 2031 2021
f 376 2244 2237
f 383 2265 2252
f 274 1939 1928
f 232 1814 1812
f 225 1793 1791
f 237 1829 1827
f 243 1847 1845
f 250 1868 1866
f 273 1937 1935
f 336 2124 2118
f 306 2034 2028
f 378 2250 2246
f 381 2261 2259
f 311 2050 2048
f 281 1960 1953
f 315 2063 2061
f 321 2081 2079
f 328 2102 2100
f 333 2117 2115
f 303 2027 2025
f 375 2243 2241
f 384 2268 2264
f 276 1944 1938
f 229 1804 1802
f 223 1785 1783
f 235 1821 1819
f 241 1839 1837
f 247 1858 1856
f 271 1929 1927
f 332 2114 2112
f 302 2024 2022
f 374 2240 2238
f 379 2253 2251
f 307 2038 2036
f 278 1951 1949
f 313 2055 2053
f 319 2073 2071
f 325 2092 2090
f 331 2109 2107
f 301 2019 2017
f 373 2235 2233
f 380 2258 2256
f 272 1934 1932
f 248 1861 1859
f 230 1807 1805
f 224 1790 1788
f 236 1826 1824
f 242 1844 1842
f 254 1880 1878
f 356 2186 2184
f 397 2308 2306
f 385 2272 2270
f 259 1894 1892
f 326 2095 2093
f 308 2041 2039
f 277 1948 1946
f 314 2060 2058
f 320 2078 2076
f 338 2132 2130
f 284 1970 1968
f 289 1984 1982
f 367 2218 2216
f 391 2289 2287
f 355 2181 2179
f 253 1875 1873
f 260 1897 1895
f 386 2275 2273
f 398 2311 2309
f 350 2167 2165
f 343 2146 2144
f 295 2002 2000
f 361 2200 2198
f 266 1915 1913
f 337 2127 2125
f 283 1965 1963
f 290 1987 1985
f 368 2221 2219
f 392 2294 2292
f 349 2164 2162
f 344 2149 2147
f 296 2005 2003
f 362 2203 2201
f 265 1912 1910
f 251 1870 1863
f 233 1816 1809
f 228 1800 1794
f 240 1836 1830
f 246 1854 1848
f 258 1890 1886
f 360 2196 2192
f 401 2320 2318
f 389 2284 2282
f 263 1906 1904
f 329 2104 2097
f 310 2047 2043
f 280 1958 1956
f 318 2070 2066
f 324 2088 2082
f 342 2142 2138
f 288 1980 1974
f 292 1994 1992
f 371 2230 2228
f 393 2297 2295
f 409 2329 2331
f 405 2323 2327
f 411 2326 2328
f 414 2333 2334
f 417 2336 2337
f 431 2345 2346
f 488 2409 2412
f 575 2496 2499
f 563 2485 2487
f 519 2435 2436
f 454 2374 2376
f 450 2368 2372
f 456 2371 2373
f 459 2378 2379
f 462 2381 2382
f 472 2392 2396
f 446 2360 2361
f 506 2416 2418
f 535 2456 2457
f 541 2460 2463
f 570 2488 2492
f 480 2398 2402
f 421 2340 2343
f 511 2430 2433
f 556 2475 2478
f 484 2404 2406
f 580 2501 2502
f 567 2482 2484
f 522 2440 2442
f 427 2347 2349
f 544 2464 2468
f 468 2384 2387
f 436 2355 2358
f 499 2419 2421
f 530 2451 2454
f 548 2470 2472
f 466 2385 2388
f 442 2362 2364
f 505 2423 2426
f 536 2446 2448
f 491 2401 2403
f 423 2339 2342
f 513 2429 2432
f 564 2474 2477
f 581 2491 2493
f 549 2459 2462
f 477 2395 2397
f 445 2365 2367
f 503 2424 2427
f 525 2443 2447
f 474 2390 2391
f 438 2354 2357
f 495 2413 2417
f 532 2450 2453
f 552 2467 2469
f 490 2408 2411
f 577 2495 2498
f 559 2479 2483
f 517 2437 2441
f 430 2350 2352
f 590 2511 2509
f 584 2505 2503
f 585 2507 2506
f 592 2513 2512
f 595 2516 2515
f 598 2519 2518
f 636 2556 2555
f 621 2540 2541
f 642 2561 2562
f 601 2521 2522
f 623 2544 2542
f 611 2529 2528
f 609 2530 2531
f 625 2546 2545
f 628 2549 2548
f 632 2553 2551
f 613 2534 2533
f 616 2536 2537
f 638 2557 2559
f 606 2525 2526
f 1607 644 647
f 1603 643 644
f 1604 645 643
f 1610 646 645
f 1613 647 646
f 1622 652 649
f 1686 670 672
f 1773 699 702
f 1761 695 696
f 1712 681 679
f 1652 659 662
f 1648 658 659
f 1649 660 658
f 1655 661 660
f 1658 662 661
f 1670 665 666
f 1637 657 654
f 1694 677 673
f 1731 686 685
f 1739 688 692
f 1768 698 701
f 1678 668 669
f 1619 648 650
f 1709 678 682
f 1754 693 697
f 1682 669 671
f 1776 701 700
f 1758 697 694
f 1716 682 680
f 1625 650 651
f 1742 689 690
f 1663 664 663
f 1634 653 655
f 1697 674 676
f 1728 684 687
f 1746 690 691
f 1664 663 667
f 1640 655 656
f 1700 676 675
f 1724 687 683
f 1679 672 668
f 1618 649 648
f 1708 679 678
f 1753 696 693
f 1769 702 698
f 1738 691 688
f 1671 667 665
f 1643 656 657
f 1701 675 677
f 1723 683 686
f 1667 666 664
f 1633 654 653
f 1693 673 674
f 1727 685 684
f 1743 692 689
f 1685 671 670
f 1772 700 699
f 1757 694 695
f 1715 680 681
f 1628 651 652
f 2187 838 837
f 1881 736 735
f 1899 741 742
f 2277 867 868
f 2313 879 880
f 2169 831 832
f 2156 828 827
f 2010 780 778
f 2208 846 844
f 1917 747 749
f 2133 820 819
f 1971 767 765
f 1989 771 773
f 2223 849 850
f 2300 875 876
f 2174 834 833
f 2151 825 826
f 2007 777 779
f 2205 843 845
f 1920 750 748
f 1855 727 729
f 1801 709 711
f 1784 703 706
f 1820 715 718
f 1838 721 724
f 1874 733 737
f 2180 835 839
f 2310 878 882
f 2274 866 870
f 1896 740 744
f 2089 805 807
f 2035 787 789
f 1950 758 762
f 2054 793 797
f 2072 799 802
f 2126 817 821
f 1964 763 766
f 1986 770 774
f 2220 848 852
f 2291 872 874
f 2183 836 838
f 1877 734 736
f 1891 739 741
f 2269 865 867
f 2305 877 879
f 2161 829 831
f 2148 824 828
f 2004 776 780
f 2202 842 846
f 1909 745 747
f 2129 818 820
f 1967 764 767
f 1981 769 771
f 2215 847 849
f 2288 871 875
f 2166 830 834
f 2143 823 825
f 1999 775 777
f 2197 841 843
f 1914 746 750
f 1806 710 714
f 1787 704 707
f 1823 716 719
f 1841 722 725
f 1860 728 732
f 1931 752 755
f 2108 811 814
f 2018 781 784
f 2234 853 857
f 2255 860 862
f 2040 788 792
f 1945 757 759
f 2057 794 796
f 2075 800 803
f 2094 806 810
f 2111 812 815
f 2021 782 785
f 2237 854 856
f 2252 859 863
f 1928 751 754
f 1812 714 712
f 1791 707 705
f 1827 719 717
f 1845 725 723
f 1866 732 730
f 1935 755 753
f 2118 814 816
f 2028 784 786
f 2246 857 858
f 2259 862 861
f 2048 792 791
f 1953 759 761
f 2061 796 795
f 2079 803 801
f 2100 810 808
f 2115 815 813
f 2025 785 783
f 2241 856 855
f 2264 863 864
f 1938 754 756
f 1802 712 709
f 1783 705 703
f 1819 717 715
f 1837 723 721
f 1856 730 727
f 1927 753 751
f 2112 816 812
f 2022 786 782
f 2238 858 854
f 2251 861 859
f 2036 791 787
f 1949 761 758
f 2053 795 793
f 2071 801 799
f 2090 808 805
f 2107 813 811
f 2017 783 781
f 2233 855 853
f 2256 864 860
f 1932 756 752
f 1859 731 728
f 1805 713 710
f 1788 708 704
f 1824 720 716
f 1842 726 722
f 1878 738 734
f 2184 840 836
f 2306 881 877
f 2270 869 865
f 1892 743 739
f 2093 809 806
f 2039 790 788
f 1946 760 757
f 2058 798 794
f 2076 804 800
f 2130 822 818
f 1968 768 764
f 1982 772 769
f 2216 851 847
f 2287 873 871
f 2179 837 835
f 1873 735 733
f 1895 742 740
f 2273 868 866
f 2309 880 878
f 2165 832 830
f 2144 827 823
f 2000 778 775
f 2198 844 841
f 1913 749 746
f 2125 819 817
f 1963 765 763
f 1985 773 770
f 2219 850 848
f 2292 876 872
f 2162 833 829
f 2147 826 824
f 2003 779 776
f 2201 845 842
f 1910 748 745
f 1863 729 731
f 1809 711 713
f 1794 706 708
f 1830 718 720
f 1848 724 726
f 1886 737 738
f 2192 839 840
f 2318 882 881
f 2282 870 869
f 1904 744 743
f 2097 807 809
f 2043 789 790
f 1956 762 760
f 2066 797 798
f 2082 802 804
f 2138 821 822
f 1974 766 768
f 1992 774 772
f 2228 852 851
f 2295 874 873
f 2331 1270 1269
f 2327 1246 1245
f 2328 1251 1252
f 2334 1287 1288
f 2337 1305 1306
f 2346 1335 1336
f 2412 1552 1551
f 2499 1474 1473
f 2487 1600 1599
f 2436 1353 1354
f 2376 1480 1479
f 2372 1402 1401
f 2373 1407 1408
f 2379 1491 1492
f 2382 1503 1504
f 2396 1534 1533
f 2361 1413 1414
f 2418 1443 1444
f 2457 1593 1594
f 2463 1384 1383
f 2492 1324 1323
f 2402 1276 1275
f 2343 1264 1263
f 2433 1300 1299
f 2478 1318 1317
f 2406 1342 1341
f 2502 1563 1564
f 2484 1461 1462
f 2442 1587 1588
f 2349 1348 1347
f 2468 1522 1521
f 2387 1419 1420
f 2358 1396 1395
f 2421 1498 1497
f 2454 1516 1515
f 2472 1558 1557
f 2388 1426 1425
f 2364 1432 1431
f 2426 1569 1570
f 2448 1371 1372
f 2403 1281 1282
f 2342 1257 1258
f 2432 1293 1294
f 2477 1311 1312
f 2493 1329 1330
f 2462 1377 1378
f 2397 1539 1540
f 2367 1450 1449
f 2427 1576 1575
f 2447 1366 1365
f 2391 1485 1486
f 2357 1389 1390
f 2417 1438 1437
f 2453 1509 1510
f 2469 1527 1528
f 2411 1545 1546
f 2498 1467 1468
f 2483 1456 1455
f 2441 1582 1581
f 2352 1360 1359
f 2509 1271 1272
f 2503 1247 1248
f 2506 1254 1253
f 2512 1290 1289
f 2515 1308 1307
f 2518 1338 1337
f 2555 1553 1554
f 2541 1475 1476
f 2562 1601 1602
f 2522 1356 1355
f 2542 1481 1482
f 2528 1403 1404
f 2531 1410 1409
f 2545 1494 1493
f 2548 1506 1505
f 2551 1535 1536
f 2533 1416 1415
f 2537 1446 1445
f 2559 1596 1595
f 2526 1385 1386
f 1616 907 909
f 1608 889 891
f 1606 883 886
f 1612 895 898
f 1615 901 904
f 1624 919 922
f 1692 1057 1060
f 1782 1237 1240
f 1765 1201 1204
f 1714 1099 1102
f 1661 997 999
f 1653 979 981
f 1651 973 976
f 1657 985 988
f 1660 991 994
f 1675 1021 1024
f 1639 949 952
f 1696 1063 1066
f 1733 1135 1138
f 1751 1177 1179
f 1779 1231 1233
f 1683 1039 1041
f 1626 925 927
f 1721 1117 1119
f 1766 1207 1209
f 1689 1051 1053
f 1778 1225 1228
f 1760 1189 1192
f 1718 1105 1108
f 1629 931 933
f 1747 1165 1167
f 1665 1003 1005
f 1641 955 957
f 1704 1081 1083
f 1737 1147 1150
f 1750 1171 1174
f 1676 1027 1029
f 1644 961 963
f 1702 1075 1077
f 1726 1123 1126
f 1681 1033 1036
f 1620 913 915
f 1710 1093 1095
f 1755 1183 1185
f 1771 1213 1216
f 1740 1153 1155
f 1673 1015 1018
f 1647 967 970
f 1707 1087 1090
f 1734 1141 1143
f 1669 1009 1012
f 1635 943 945
f 1698 1069 1071
f 1729 1129 1131
f 1745 1159 1162
f 1687 1045 1047
f 1774 1219 1221
f 1762 1195 1197
f 1720 1111 1114
f 1632 937 940
f 2189 1280 1284
f 1883 1256 1260
f 1903 1292 1296
f 2281 1310 1314
f 2317 1328 1332
f 2173 1376 1380
f 2158 1538 1542
f 2012 1447 1451
f 2210 1573 1577
f 1924 1363 1367
f 2135 1484 1488
f 1973 1388 1392
f 1996 1435 1439
f 2227 1508 1512
f 2304 1526 1530
f 2176 1544 1548
f 2155 1466 1470
f 2014 1453 1457
f 2212 1579 1583
f 1922 1357 1361
f 1864 1268 1270
f 1810 1244 1246
f 1795 1249 1251
f 1831 1285 1287
f 1849 1303 1305
f 1887 1333 1335
f 2193 1550 1552
f 2321 1472 1474
f 2285 1598 1600
f 1907 1351 1353
f 2098 1478 1480
f 2044 1400 1402
f 1961 1405 1407
f 2067 1489 1491
f 2083 1501 1503
f 2139 1532 1534
f 1975 1411 1413
f 1997 1441 1443
f 2231 1591 1593
f 2298 1382 1384
f 2190 1322 1324
f 1884 1274 1276
f 1900 1262 1264
f 2278 1298 1300
f 2314 1316 1318
f 2170 1340 1342
f 2159 1561 1563
f 2015 1459 1461
f 2213 1585 1587
f 1918 1346 1348
f 2136 1520 1522
f 1977 1417 1419
f 1990 1394 1396
f 2224 1496 1498
f 2301 1514 1516
f 2177 1556 1558
f 2152 1424 1426
f 2008 1430 1432
f 2206 1567 1569
f 1925 1369 1371
f 1817 1279 1281
f 1797 1255 1257
f 1833 1291 1293
f 1851 1309 1311
f 1871 1327 1329
f 1941 1375 1377
f 2119 1537 1539
f 2029 1448 1450
f 2247 1574 1576
f 2262 1364 1366
f 2051 1483 1485
f 1954 1387 1389
f 2064 1436 1438
f 2085 1507 1509
f 2105 1525 1527
f 2121 1543 1545
f 2031 1465 1467
f 2244 1454 1456
f 2265 1580 1582
f 1939 1358 1360
f 1814 1267 1271
f 1793 1243 1247
f 1829 1250 1254
f 1847 1286 1290
f 1868 1304 1308
f 1937 1334 1338
f 2124 1549 1553
f 2034 1471 1475
f 2250 1597 1601
f 2261 1352 1356
f 2050 1477 1481
f 1960 1399 1403
f 2063 1406 1410
f 2081 1490 1494
f 2102 1502 1506
f 2117 1531 1535
f 2027 1412 1416
f 2243 1442 1446
f 2268 1592 1596
f 1944 1381 1385
f 1804 890 894
f 1785 884 887
f 1821 896 899
f 1839 902 905
f 1858 908 912
f 1929 938 941
f 2114 1046 1050
f 2024 1220 1224
f 2240 1196 1200
f 2253 1112 1115
f 2038 980 984
f 1951 974 977
f 2055 986 989
f 2073 992 995
f 2092 998 1002
f 2109 1016 1019
f 2019 968 971
f 2235 1088 1091
f 2258 1142 1146
f 1934 1154 1158
f 1861 1214 1217
f 1807 1034 1037
f 1790 914 918
f 1826 1094 1098
f 1844 1184 1188
f 1880 1040 1044
f 2186 1232 1236
f 2308 1208 1212
f 2272 1118 1122
f 1894 926 930
f 2095 1160 1163
f 2041 1010 1013
f 1948 944 948
f 2060 1070 1074
f 2078 1130 1134
f 2132 1166 1170
f 1970 1004 1008
f 1984 956 960
f 2218 1082 1086
f 2289 1148 1151
f 2181 1058 1061
f 1875 920 923
f 1897 1100 1103
f 2275 1202 1205
f 2311 1238 1241
f 2167 1172 1175
f 2146 1028 1032
f 2002 962 966
f 2200 1076 1080
f 1915 1124 1127
f 2127 1022 1025
f 1965 950 953
f 1987 1064 1067
f 2221 1136 1139
f 2294 1178 1182
f 2164 1052 1056
f 2149 1226 1229
f 2005 1190 1193
f 2203 1106 1109
f 1912 932 936
f 1870 1321 1325
f 1816 1273 1277
f 1800 1261 1265
f 1836 1297 1301
f 1854 1315 1319
f 1890 1339 1343
f 2196 1562 1566
f 2320 1460 1464
f 2284 1586 1590
f 1906 1345 1349
f 2104 1519 1523
f 2047 1418 1422
f 1958 1393 1397
f 2070 1495 1499
f 2088 1513 1517
f 2142 1555 1559
f 1980 1423 1427
f 1994 1429 1433
f 2230 1568 1572
f 2297 1370 1374
f 2329 894 892
f 2323 887 885
f 2326 899 897
f 2333 905 903
f 2336 912 910
f 2345 941 939
f 2409 1050 1048
f 2496 1224 1222
f 2485 1200 1198
f 2435 1115 1113
f 2374 984 982
f 2368 977 975
f 2371 989 987
f 2378 995 993
f 2381 1002 1000
f 2392 1019 1017
f 2360 971 969
f 2416 1091 1089
f 2456 1146 1144
f 2460 1158 1156
f 2488 1217 1215
f 2398 1037 1035
f 2340 918 916
f 2430 1098 1096
f 2475 1188 1186
f 2404 1044 1042
f 2501 1236 1234
f 2482 1212 1210
f 2440 1122 1120
f 2347 930 928
f 2464 1163 1161
f 2384 1013 1011
f 2355 948 946
f 2419 1074 1072
f 2451 1134 1132
f 2470 1170 1168
f 2385 1008 1006
f 2362 960 958
f 2423 1086 1084
f 2446 1151 1149
f 2401 1061 1059
f 2339 923 921
f 2429 1103 1101
f 2474 1205 1203
f 2491 1241 1239
f 2459 1175 1173
f 2395 1032 1030
f 2365 966 964
f 2424 1080 1078
f 2443 1127 1125
f 2390 1025 1023
f 2354 953 951
f 2413 1067 1065
f 2450 1139 1137
f 2467 1182 1180
f 2408 1056 1054
f 2495 1229 1227
f 2479 1193 1191
f 2437 1109 1107
f 2350 936 934
f 2511 1325 1326
f 2505 1277 1278
f 2507 1265 1266
f 2513 1301 1302
f 2516 1319 1320
f 2519 1343 1344
f 2556 1566 1565
f 2540 1464 1463
f 2561 1590 1589
f 2521 1349 1350
f 2544 1523 1524
f 2529 1422 1421
f 2530 1397 1398
f 2546 1499 1500
f 2549 1517 1518
f 2553 1559 1560
f 2534 1427 1428
f 2536 1433 1434
f 2557 1572 1571
f 2525 1374 1373
f 1609 892 889
f 1605 885 883
f 1611 897 895
f 1614 903 901
f 1617 910 907
f 1631 939 937
f 1688 1048 1045
f 1775 1222 1219
f 1763 1198 1195
f 1719 1113 1111
f 1654 982 979
f 1650 975 973
f 1656 987 985
f 1659 993 991
f 1662 1000 997
f 1672 1017 1015
f 1646 969 967
f 1706 1089 1087
f 1735 1144 1141
f 1741 1156 1153
f 1770 1215 1213
f 1680 1035 1033
f 1621 916 913
f 1711 1096 1093
f 1756 1186 1183
f 1684 1042 1039
f 1780 1234 1231
f 1767 1210 1207
f 1722 1120 1117
f 1627 928 925
f 1744 1161 1159
f 1668 1011 1009
f 1636 946 943
f 1699 1072 1069
f 1730 1132 1129
f 1748 1168 1165
f 1666 1006 1003
f 1642 958 955
f 1705 1084 1081
f 1736 1149 1147
f 1691 1059 1057
f 1623 921 919
f 1713 1101 1099
f 1764 1203 1201
f 1781 1239 1237
f 1749 1173 1171
f 1677 1030 1027
f 1645 964 961
f 1703 1078 1075
f 1725 1125 1123
f 1674 1023 1021
f 1638 951 949
f 1695 1065 1063
f 1732 1137 1135
f 1752 1180 1177
f 1690 1054 1051
f 1777 1227 1225
f 1759 1191 1189
f 1717 1107 1105
f 1630 934 931
f 2191 1326 1322
f 1885 1278 1274
f 1901 1266 1262
f 2279 1302 1298
f 2315 1320 1316
f 2171 1344 1340
f 2160 1565 1561
f 2016 1463 1459
f 2214 1589 1585
f 1919 1350 1346
f 2137 1524 1520
f 1978 1421 1417
f 1991 1398 1394
f 2225 1500 1496
f 2302 1518 1514
f 2178 1560 1556
f 2153 1428 1424
f 2009 1434 1430
f 2207 1571 1567
f 1926 1373 1369
f 1857 911 908
f 1803 893 890
f 1786 888 884
f 1822 900 896
f 1840 906 902
f 1876 924 920
f 2182 1062 1058
f 2312 1242 1238
f 2276 1206 1202
f 1898 1104 1100
f 2091 1001 998
f 2037 983 980
f 1952 978 974
f 2056 990 986
f 2074 996 992
f 2128 1026 1022
f 1966 954 950
f 1988 1068 1064
f 2222 1140 1136
f 2293 1181 1178
f 2185 1235 1232
f 1879 1043 1040
f 1893 929 926
f 2271 1121 1118
f 2307 1211 1208
f 2163 1055 1052
f 2150 1230 1226
f 2006 1194 1190
f 2204 1110 1106
f 1911 935 932
f 2131 1169 1166
f 1969 1007 1004
f 1983 959 956
f 2217 1085 1082
f 2290 1152 1148
f 2168 1176 1172
f 2145 1031 1028
f 2001 965 962
f 2199 1079 1076
f 1916 1128 1124
f 1808 1038 1034
f 1789 917 914
f 1825 1097 1094
f 1843 1187 1184
f 1862 1218 1214
f 1933 1157 1154
f 2110 1020 1016
f 2020 972 968
f 2236 1092 1088
f 2257 1145 1142
f 2042 1014 1010
f 1947 947 944
f 2059 1073 1070
f 2077 1133 1130
f 2096 1164 1160
f 2113 1049 1046
f 2023 1223 1220
f 2239 1199 1196
f 2254 1116 1112
f 1930 942 938
f 1818 1283 1279
f 1798 1259 1255
f 1834 1295 1291
f 1852 1313 1309
f 1872 1331 1327
f 1942 1379 1375
f 2120 1541 1537
f 2030 1452 1448
f 2248 1578 1574
f 2263 1368 1364
f 2052 1487 1483
f 1955 1391 1387
f 2065 1440 1436
f 2086 1511 1507
f 2106 1529 1525
f 2122 1547 1543
f 2032 1469 1465
f 2245 1458 1454
f 2266 1584 1580
f 1940 1362 1358
f 1813 1269 1267
f 1792 1245 1243
f 1828 1252 1250
f 1846 1288 1286
f 1867 1306 1304
f 1936 1336 1334
f 2123 1551 1549
f 2033 1473 1471
f 2249 1599 1597
f 2260 1354 1352
f 2049 1479 1477
f 1959 1401 1399
f 2062 1408 1406
f 2080 1492 1490
f 2101 1504 1502
f 2116 1533 1531
f 2026 1414 1412
f 2242 1444 1442
f 2267 1594 1592
f 1943 1383 1381
f 1869 1323 1321
f 1815 1275 1273
f 1799 1263 1261
f 1835 1299 1297
f 1853 1317 1315
f 1889 1341 1339
f 2195 1564 1562
f 2319 1462 1460
f 2283 1588 1586
f 1905 1347 1345
f 2103 1521 1519
f 2046 1420 1418
f 1957 1395 1393
f 2069 1497 1495
f 2087 1515 1513
f 2141 1557 1555
f 1979 1425 1423
f 1993 1431 1429
f 2229 1570 1568
f 2296 1372 1370
f 2188 1282 1280
f 1882 1258 1256
f 1902 1294 1292
f 2280 1312 1310
f 2316 1330 1328
f 2172 1378 1376
f 2157 1540 1538
f 2011 1449 1447
f 2209 1575 1573
f 1923 1365 1363
f 2134 1486 1484
f 1972 1390 1388
f 1995 1437 1435
f 2226 1510 1508
f 2303 1528 1526
f 2175 1546 1544
f 2154 1468 1466
f 2013 1455 1453
f 2211 1581 1579
f 1921 1359 1357
f 1865 1272 1268
f 1811 1248 1244
f 1796 1253 1249
f 1832 1289 1285
f 1850 1307 1303
f 1888 1337 1333
f 2194 1554 1550
f 2322 1476 1472
f 2286 1602 1598
f 1908 1355 1351
f 2099 1482 1478
f 2045 1404 1400
f 1962 1409 1405
f 2068 1493 1489
f 2084 1505 1501
f 2140 1536 1532
f 1976 1415 1411
f 1998 1445 1441
f 2232 1595 1591
f 2299 1386 1382
f 2330 909 911
f 2324 891 893
f 2325 886 888
f 2332 898 900
f 2335 904 906
f 2344 922 924
f 2410 1060 1062
f 2497 1240 1242
f 2486 1204 1206
f 2434 1102 1104
f 2375 999 1001
f 2369 981 983
f 2370 976 978
f 2377 988 990
f 2380 994 996
f 2393 1024 1026
f 2359 952 954
f 2415 1066 1068
f 2455 1138 1140
f 2461 1179 1181
f 2489 1233 1235
f 2399 1041 1043
f 2341 927 929
f 2431 1119 1121
f 2476 1209 1211
f 2405 1053 1055
f 2500 1228 1230
f 2481 1192 1194
f 2439 1108 1110
f 2348 933 935
f 2465 1167 1169
f 2383 1005 1007
f 2356 957 959
f 2420 1083 1085
f 2452 1150 1152
f 2471 1174 1176
f 2386 1029 1031
f 2363 963 965
f 2422 1077 1079
f 2445 1126 1128
f 2400 1036 1038
f 2338 915 917
f 2428 1095 1097
f 2473 1185 1187
f 2490 1216 1218
f 2458 1155 1157
f 2394 1018 1020
f 2366 970 972
f 2425 1090 1092
f 2444 1143 1145
f 2389 1012 1014
f 2353 945 947
f 2414 1071 1073
f 2449 1131 1133
f 2466 1162 1164
f 2407 1047 1049
f 2494 1221 1223
f 2480 1197 1199
f 2438 1114 1116
f 2351 940 942
f 2510 1284 1283
f 2504 1260 1259
f 2508 1296 1295
f 2514 1314 1313
f 2517 1332 1331
f 2520 1380 1379
f 2554 1542 1541
f 2539 1451 1452
f 2560 1577 1578
f 2523 1367 1368
f 2543 1488 1487
f 2527 1392 1391
f 2532 1439 1440
f 2547 1512 1511
f 2550 1530 1529
f 2552 1548 1547
f 2535 1470 1469
f 2538 1457 1458
f 2558 1583 1584
f 2524 1361 1362
f 1607 1616 1609
f 1603 1608 1605
f 1604 1606 1611
f 1610 1612 1614
f 1613 1615 1617
f 1622 1624 1631
f 1686 1692 1688
f 1773 1782 1775
f 1761 1765 1763
f 1712 1714 1719
f 1652 1661 1654
f 1648 1653 1650
f 1649 1651 1656
f 1655 1657 1659
f 1658 1660 1662
f 1670 1675 1672
f 1637 1639 1646
f 1694 1696 1706
f 1731 1733 1735
f 1739 1751 1741
f 1768 1779 1770
f 1678 1683 1680
f 1619 1626 1621
f 1709 1721 1711
f 1754 1766 1756
f 1682 1689 1684
f 1776 1778 1780
f 1758 1760 1767
f 1716 1718 1722
f 1625 1629 1627
f 1742 1747 1744
f 1663 1665 1668
f 1634 1641 1636
f 1697 1704 1699
f 1728 1737 1730
f 1746 1750 1748
f 1664 1676 1666
f 1640 1644 1642
f 1700 1702 1705
f 1724 1726 1736
f 1679 1681 1691
f 1618 1620 1623
f 1708 1710 1713
f 1753 1755 1764
f 1769 1771 1781
f 1738 1740 1749
f 1671 1673 1677
f 1643 1647 1645
f 1701 1707 1703
f 1723 1734 1725
f 1667 1669 1674
f 1633 1635 1638
f 1693 1698 1695
f 1727 1729 1732
f 1743 1745 1752
f 1685 1687 1690
f 1772 1774 1777
f 1757 1762 1759
f 1715 1720 1717
f 1628 1632 1630
f 2187 2189 2191
f 1881 1883 1885
f 1899 1903 1901
f 2277 2281 2279
f 2313 2317 2315
f 2169 2173 2171
f 2156 2158 2160
f 2010 2012 2016
f 2208 2210 2214
f 1917 1924 1919
f 2133 2135 2137
f 1971 1973 1978
f 1989 1996 1991
f 2223 2227 2225
f 2300 2304 2302
f 2174 2176 2178
f 2151 2155 2153
f 2007 2014 2009
f 2205 2212 2207
f 1920 1922 1926
f 1855 1864 1857
f 1801 1810 1803
f 1784 1795 1786
f 1820 1831 1822
f 1838 1849 1840
f 1874 1887 1876
f 2180 2193 2182
f 2310 2321 2312
f 2274 2285 2276
f 1896 1907 1898
f 2089 2098 2091
f 2035 2044 2037
f 1950 1961 1952
f 2054 2067 2056
f 2072 2083 2074
f 2126 2139 2128
f 1964 1975 1966
f 1986 1997 1988
f 2220 2231 2222
f 2291 2298 2293
f 2183 2190 2185
f 1877 1884 1879
f 1891 1900 1893
f 2269 2278 2271
f 2305 2314 2307
f 2161 2170 2163
f 2148 2159 2150
f 2004 2015 2006
f 2202 2213 2204
f 1909 1918 1911
f 2129 2136 2131
f 1967 1977 1969
f 1981 1990 1983
f 2215 2224 2217
f 2288 2301 2290
f 2166 2177 2168
f 2143 2152 2145
f 1999 2008 2001
f 2197 2206 2199
f 1914 1925 1916
f 1806 1817 1808
f 1787 1797 1789
f 1823 1833 1825
f 1841 1851 1843
f 1860 1871 1862
f 1931 1941 1933
f 2108 2119 2110
f 2018 2029 2020
f 2234 2247 2236
f 2255 2262 2257
f 2040 2051 2042
f 1945 1954 1947
f 2057 2064 2059
f 2075 2085 2077
f 2094 2105 2096
f 2111 2121 2113
f 2021 2031 2023
f 2237 2244 2239
f 2252 2265 2254
f 1928 1939 1930
f 1812 1814 1818
f 1791 1793 1798
f 1827 1829 1834
f 1845 1847 1852
f 1866 1868 1872
f 1935 1937 1942
f 2118 2124 2120
f 2028 2034 2030
f 2246 2250 2248
f 2259 2261 2263
f 2048 2050 2052
f 1953 1960 1955
f 2061 2063 2065
f 2079 2081 2086
f 2100 2102 2106
f 2115 2117 2122
f 2025 2027 2032
f 2241 2243 2245
f 2264 2268 2266
f 1938 1944 1940
f 1802 1804 1813
f 1783 1785 1792
f 1819 1821 1828
f 1837 1839 1846
f 1856 1858 1867
f 1927 1929 1936
f 2112 2114 2123
f 2022 2024 2033
f 2238 2240 2249
f 2251 2253 2260
f 2036 2038 2049
f 1949 1951 1959
f 2053 2055 2062
f 2071 2073 2080
f 2090 2092 2101
f 2107 2109 2116
f 2017 2019 2026
f 2233 2235 2242
f 2256 2258 2267
f 1932 1934 1943
f 1859 1861 1869
f 1805 1807 1815
f 1788 1790 1799
f 1824 1826 1835
f 1842 1844 1853
f 1878 1880 1889
f 2184 2186 2195
f 2306 2308 2319
f 2270 2272 2283
f 1892 1894 1905
f 2093 2095 2103
f 2039 2041 2046
f 1946 1948 1957
f 2058 2060 2069
f 2076 2078 2087
f 2130 2132 2141
f 1968 1970 1979
f 1982 1984 1993
f 2216 2218 2229
f 2287 2289 2296
f 2179 2181 2188
f 1873 1875 1882
f 1895 1897 1902
f 2273 2275 2280
f 2309 2311 2316
f 2165 2167 2172
f 2144 2146 2157
f 2000 2002 2011
f 2198 2200 2209
f 1913 1915 1923
f 2125 2127 2134
f 1963 1965 1972
f 1985 1987 1995
f 2219 2221 2226
f 2292 2294 2303
f 2162 2164 2175
f 2147 2149 2154
f 2003 2005 2013
f 2201 2203 2211
f 1910 1912 1921
f 1863 1870 1865
f 1809 1816 1811
f 1794 1800 1796
f 1830 1836 1832
f 1848 1854 1850
f 1886 1890 1888
f 2192 2196 2194
f 2318 2320 2322
f 2282 2284 2286
f 1904 1906 1908
f 2097 2104 2099
f 2043 2047 2045
f 1956 1958 1962
f 2066 2070 2068
f 2082 2088 2084
f 2138 2142 2140
f 1974 1980 1976
f 1992 1994 1998
f 2228 2230 2232
f 2295 2297 2299
f 2331 2329 2330
f 2327 2323 2324
f 2328 2326 2325
f 2334 2333 2332
f 2337 2336 2335
f 2346 2345 2344
f 2412 2409 2410
f 2499 2496 2497
f 2487 2485 2486
f 2436 2435 2434
f 2376 2374 2375
f 2372 2368 2369
f 2373 2371 2370
f 2379 2378 2377
f 2382 2381 2380
f 2396 2392 2393
f 2361 2360 2359
f 2418 2416 2415
f 2457 2456 2455
f 2463 2460 2461
f 2492 2488 2489
f 2402 2398 2399
f 2343 2340 2341
f 2433 2430 2431
f 2478 2475 2476
f 2406 2404 2405
f 2502 2501 2500
f 2484 2482 2481
f 2442 2440 2439
f 2349 2347 2348
f 2468 2464 2465
f 2387 2384 2383
f 2358 2355 2356
f 2421 2419 2420
f 2454 2451 2452
f 2472 2470 2471
f 2388 2385 2386
f 2364 2362 2363
f 2426 2423 2422
f 2448 2446 2445
f 2403 2401 2400
f 2342 2339 2338
f 2432 2429 2428
f 2477 2474 2473
f 2493 2491 2490
f 2462 2459 2458
f 2397 2395 2394
f 2367 2365 2366
f 2427 2424 2425
f 2447 2443 2444
f 2391 2390 2389
f 2357 2354 2353
f 2417 2413 2414
f 2453 2450 2449
f 2469 2467 2466
f 2411 2408 2407
f 2498 2495 2494
f 2483 2479 2480
f 2441 2437 2438
f 2352 2350 2351
f 2509 2511 2510
f 2503 2505 2504
f 2506 2507 2508
f 2512 2513 2514
f 2515 2516 2517
f 2518 2519 2520
f 2555 2556 2554
f 2541 2540 2539
f 2562 2561 2560
f 2522 2521 2523
f 2542 2544 2543
f 2528 2529 2527
f 2531 2530 2532
f 2545 2546 2547
f 2548 2549 2550
f 2551 2553 2552
f 2533 2534 2535
f 2537 2536 2538
f 2559 2557 2558
f 2526 2525 2524