v -0.133680 0.327966 -0.163413
v 0.138839 0.326702 -0.166900
v -0.294185 -0.519350 0.018341
v 0.294599 -0.519760 0.018360
v 0.000552 -0.418798 0.707318
v -0.000796 0.117152 0.360671
v 0.000072 -0.090479 -0.405786
v -0.001002 0.406126 -0.711583
v 0.296297 0.060710 -0.269129
v 0.302377 0.021564 0.282538
v -0.297048 0.060326 -0.269488
v -0.299902 0.024373 0.283232
v 0.020068 0.520770 -0.175132
v -0.073723 0.210083 -0.012208
v -0.203618 0.658205 -0.413378
v -0.256068 0.176690 -0.245989
v -0.268975 0.080778 0.068842
v 0.071287 0.210448 -0.012617
v 0.204907 0.658913 -0.412808
v 0.253242 0.178659 -0.245130
v 0.272573 0.078258 0.068078
v -0.001161 -0.563759 0.017653
v -0.214049 -0.634036 0.421020
v -0.172656 -0.493316 -0.294781
v -0.329855 -0.114757 -0.131774
v -0.320233 -0.158213 0.194286
v 0.212974 -0.635419 0.421456
v 0.173007 -0.493226 -0.294812
v 0.329601 -0.116067 -0.132484
v 0.320771 -0.160688 0.194015
v -0.000029 -0.015685 0.705020
v 0.309732 -0.183067 0.563190
v -0.309703 -0.182979 0.563291
v 0.203192 0.055014 0.388840
v -0.202948 0.055150 0.389926
v -0.000193 0.010037 -0.663567
v 0.186610 -0.005668 -0.369401
v -0.186371 -0.006161 -0.368400
v 0.307592 0.192760 -0.600834
v -0.307720 0.191309 -0.599838
v 0.306421 0.063487 -0.004033
v -0.303984 0.069786 -0.003529
v -0.056697 0.448431 -0.167890
v -0.092448 0.265419 -0.128830
v -0.172736 0.471628 -0.248407
v -0.198214 0.275500 -0.201203
v -0.183875 0.190404 -0.087566
v 0.081039 0.444289 -0.172797
v 0.094817 0.265366 -0.129885
v 0.181502 0.471004 -0.252308
v 0.198419 0.275260 -0.201880
v 0.184371 0.190242 -0.088274
v -0.174037 -0.601095 0.015460
v -0.234371 -0.499863 0.179101
v -0.325437 -0.748001 -0.154826
v -0.361474 -0.362489 -0.070517
v -0.313428 -0.339576 0.106070
v 0.173105 -0.601482 0.015969
v 0.233952 -0.502687 0.179699
v 0.325730 -0.747613 -0.154959
v 0.362414 -0.362405 -0.071418
v 0.314997 -0.340025 0.105512
v -0.129918 -0.633109 0.676319
v 0.132113 -0.632932 0.676902
v 0.000060 -0.218282 0.767721
v 0.192713 -0.337810 0.698532
v -0.192057 -0.338174 0.698565
v -0.047039 0.152325 0.190653
v 0.044535 0.152544 0.190260
v 0.000065 0.095109 0.552042
v 0.094565 0.101454 0.395568
v -0.095278 0.101440 0.395709
v -0.064539 -0.236804 -0.368903
v 0.064621 -0.236648 -0.368373
v 0.000401 0.012223 -0.477257
v 0.083997 -0.033896 -0.393694
v -0.083776 -0.034987 -0.393270
v -0.134335 0.603805 -0.618500
v 0.134491 0.603710 -0.618491
v -0.002069 0.181193 -0.790956
v 0.199973 0.317906 -0.741302
v -0.202203 0.317630 -0.740628
v 0.308920 0.095073 -0.270454
v 0.288404 0.015984 -0.194550
v 0.260934 0.030877 -0.327110
v 0.294061 0.107747 -0.398230
v 0.307783 0.059390 -0.153830
v 0.294303 0.041053 0.194511
v 0.309260 -0.020833 0.260513
v 0.302393 -0.061974 0.392271
v 0.275204 0.018653 0.339799
v 0.307109 0.059668 0.160778
v -0.310532 0.094102 -0.270984
v -0.288928 0.015535 -0.194919
v -0.260976 0.030524 -0.326723
v -0.294133 0.107109 -0.397918
v -0.307741 0.059837 -0.154494
v -0.291562 0.044944 0.195867
v -0.307381 -0.020477 0.260166
v -0.301061 -0.060872 0.392733
v -0.273495 0.020463 0.341085
v -0.304375 0.064870 0.162142
v -0.015495 0.371163 -0.143942
v -0.052281 0.578446 -0.253478
v 0.029881 0.373334 -0.144720
v 0.078145 0.580711 -0.265142
v -0.175177 0.157692 0.043024
v -0.001727 0.214356 -0.036114
v -0.148421 0.131182 0.211138
v -0.322486 0.463422 -0.337234
v 0.001640 0.696364 -0.425853
v -0.277043 0.444337 -0.537917
v -0.266004 0.104298 -0.084144
v -0.282394 0.247415 -0.405963
v -0.318206 0.035846 -0.117552
v -0.247954 0.075516 0.224184
v -0.309603 0.031710 0.049367
v 0.174446 0.157925 0.041637
v 0.146802 0.131994 0.209598
v 0.321960 0.461431 -0.339244
v 0.276799 0.445451 -0.538125
v 0.264255 0.106242 -0.084542
v 0.281826 0.248877 -0.405821
v 0.318908 0.035437 -0.116927
v 0.248474 0.075191 0.221841
v 0.313223 0.024587 0.049724
v -0.100591 -0.595712 0.211869
v -0.083477 -0.607555 -0.157344
v 0.090088 -0.582479 0.218869
v 0.083466 -0.607460 -0.157433
v -0.296303 -0.385080 0.308923
v -0.000538 -0.606181 0.465161
v -0.327116 -0.464578 0.562109
v -0.332883 -0.343950 -0.249445
v 0.000140 -0.441876 -0.284653
v -0.189126 -0.185405 -0.325447
v -0.327817 -0.127024 0.023295
v -0.258398 -0.075530 -0.251652
v -0.295047 0.085748 -0.055428
v -0.319585 -0.205370 0.380227
v -0.295616 0.055027 0.098860
v 0.296589 -0.385985 0.308701
v 0.326811 -0.464136 0.561141
v 0.332735 -0.343741 -0.249544
v 0.189177 -0.184496 -0.325610
v 0.330084 -0.128442 0.022112
v 0.258043 -0.074765 -0.251538
v 0.295522 0.079037 -0.057118
v 0.321525 -0.205031 0.379918
v 0.300766 0.050690 0.096897
v 0.185693 -0.101615 0.690493
v -0.185850 -0.101460 0.690322
v 0.148037 0.041414 0.586311
v -0.147632 0.041735 0.586118
v 0.255415 -0.030407 0.509115
v -0.254720 -0.029736 0.509398
v 0.127743 0.011790 -0.526907
v -0.126911 0.011872 -0.525922
v 0.216579 0.068793 -0.734324
v -0.217265 0.068214 -0.732983
v 0.245596 0.058773 -0.501782
v -0.245126 0.058274 -0.500681
v -0.101567 0.386647 -0.158276
v -0.112996 0.300449 -0.145462
v -0.143745 0.391389 -0.191589
v -0.165018 0.306682 -0.180258
v -0.147806 0.254000 -0.145146
v 0.112357 0.384379 -0.164004
v 0.117825 0.299516 -0.147731
v 0.151162 0.389980 -0.196299
v 0.167631 0.305927 -0.182397
v 0.148985 0.253606 -0.146404
v -0.250416 -0.580917 0.018172
v -0.262464 -0.499312 0.083621
v -0.321966 -0.615431 -0.042963
v -0.333208 -0.469104 -0.023469
v -0.303448 -0.433905 0.057732
v 0.250380 -0.581352 0.018325
v 0.262532 -0.500768 0.084037
v 0.322304 -0.614799 -0.043120
v 0.333540 -0.468952 -0.023825
v 0.304189 -0.434523 0.057565
v -0.056450 -0.495298 0.692276
v 0.057915 -0.495222 0.692314
v 0.000310 -0.326110 0.729186
v 0.088268 -0.389678 0.710057
v -0.087340 -0.389824 0.710143
v -0.024117 0.123272 0.289234
v 0.021682 0.123418 0.288952
v -0.000300 0.116672 0.456342
v 0.040790 0.113830 0.382410
v -0.042009 0.113818 0.382498
v -0.026054 -0.149487 -0.396513
v 0.026149 -0.149192 -0.396469
v 0.000142 -0.019765 -0.425113
v 0.038289 -0.067185 -0.405037
v -0.038143 -0.067941 -0.404929
v -0.056500 0.492114 -0.672970
v 0.055536 0.492035 -0.672791
v -0.001713 0.304070 -0.757881
v 0.088880 0.371073 -0.726265
v -0.091217 0.371054 -0.726873
v 0.306475 0.076286 -0.271547
v 0.290767 0.042036 -0.235165
v 0.282846 0.049478 -0.296682
v 0.296143 0.077430 -0.323397
v 0.303703 0.058416 -0.218815
v 0.298630 0.034052 0.246183
v 0.307461 0.016121 0.282413
v 0.301095 -0.011548 0.328911
v 0.292158 0.014141 0.306929
v 0.308281 0.046395 0.236607
v -0.307417 0.075583 -0.272294
v -0.291357 0.041783 -0.235437
v -0.283204 0.049133 -0.296659
v -0.296886 0.077015 -0.323463
v -0.304571 0.057947 -0.219687
v -0.295847 0.037707 0.247462
v -0.306157 0.018284 0.283048
v -0.299041 -0.009819 0.329342
v -0.289979 0.016604 0.308054
v -0.304411 0.049145 0.235715
v -0.006466 0.507709 -0.170647
v 0.046547 0.502287 -0.174183
v 0.009273 0.500572 -0.171257
v 0.005545 0.530442 -0.179512
v 0.024494 0.503245 -0.171920
v 0.036229 0.536478 -0.191214
v -0.078131 0.231004 -0.097162
v -0.065763 0.185661 0.090216
v -0.033656 0.260323 -0.115528
v -0.125528 0.190102 0.018159
v -0.029844 0.213954 -0.031785
v -0.122719 0.186873 0.110912
v -0.216027 0.569029 -0.321447
v -0.189220 0.673929 -0.514661
v -0.133323 0.640502 -0.335358
v -0.431291 0.620846 -0.381715
v -0.152033 0.818044 -0.425943
v -0.278756 0.582430 -0.480577
v -0.226557 0.231695 -0.224247
v -0.287739 0.130706 -0.260839
v -0.249062 0.308560 -0.300532
v -0.260898 0.137496 -0.163991
v -0.265664 0.222412 -0.326658
v -0.294533 0.090310 -0.180726
v -0.226937 0.133002 -0.011872
v -0.290255 0.049014 0.141606
v -0.228389 0.120511 0.061018
v -0.268330 0.086379 -0.006729
v -0.264101 0.079559 0.145124
v -0.304165 0.034087 0.071060
v 0.076895 0.231609 -0.098115
v 0.062922 0.185845 0.089739
v 0.034665 0.260810 -0.115341
v 0.026869 0.214071 -0.031768
v 0.123900 0.190721 0.017093
v 0.120171 0.188035 0.109913
v 0.222479 0.568953 -0.323734
v 0.189132 0.674505 -0.514503
v 0.142951 0.641128 -0.339535
v 0.148665 0.816221 -0.424289
v 0.431604 0.620462 -0.380329
v 0.279019 0.583153 -0.480113
v 0.225265 0.232326 -0.223790
v 0.284582 0.133783 -0.260368
v 0.248735 0.308851 -0.300262
v 0.257390 0.140130 -0.163909
v 0.265023 0.224397 -0.325787
v 0.288758 0.099315 -0.180113
v 0.228705 0.132112 -0.012459
v 0.291529 0.047337 0.138589
v 0.228551 0.119905 0.059595
v 0.269623 0.084868 -0.007227
v 0.265751 0.078195 0.143321
v 0.308789 0.026934 0.071319
v -0.089895 -0.580683 0.016077
v 0.087986 -0.580476 0.016716
v -0.047000 -0.576721 0.114950
v -0.049113 -0.554056 -0.073642
v 0.042990 -0.575992 0.115998
v 0.048340 -0.553478 -0.073651
v -0.217210 -0.529498 0.297898
v -0.182304 -0.811367 0.574006
v -0.142294 -0.575455 0.329053
v -0.269869 -0.509141 0.372209
v -0.103462 -0.655969 0.452835
v -0.316114 -0.637225 0.515666
v -0.250539 -0.731308 -0.282672
v -0.112353 -0.347634 -0.325035
v -0.124090 -0.620995 -0.247814
v -0.272637 -0.461576 -0.292281
v -0.081789 -0.461412 -0.286556
v -0.189911 -0.329285 -0.314128
v -0.360131 -0.228359 -0.104984
v -0.298110 -0.031867 -0.158535
v -0.335014 -0.222415 -0.184202
v -0.340214 -0.115043 -0.056248
v -0.298444 -0.107599 -0.198420
v -0.310194 -0.020267 -0.089560
v -0.320151 -0.246645 0.152643
v -0.313842 -0.080942 0.230390
v -0.314091 -0.269066 0.248757
v -0.321949 -0.138962 0.106730
v -0.318521 -0.184572 0.286181
v -0.311841 -0.051471 0.145804
v 0.216353 -0.532473 0.298581
v 0.183243 -0.811324 0.574029
v 0.139901 -0.578159 0.330495
v 0.102220 -0.656600 0.453590
v 0.269406 -0.510497 0.372219
v 0.315570 -0.637619 0.514637
v 0.250999 -0.731243 -0.282590
v 0.112587 -0.347384 -0.325002
v 0.124451 -0.621108 -0.248028
v 0.082078 -0.461349 -0.286601
v 0.272992 -0.461325 -0.292317
v 0.190029 -0.328950 -0.314069
v 0.359729 -0.229542 -0.105983
v 0.297669 -0.031605 -0.158280
v 0.335053 -0.222484 -0.184785
v 0.341592 -0.116544 -0.057429
v 0.298556 -0.107198 -0.198624
v 0.310465 -0.023027 -0.090370
v 0.321152 -0.247834 0.152199
v 0.314978 -0.083853 0.230166
v 0.315474 -0.269621 0.248351
v 0.323822 -0.140421 0.105938
v 0.319984 -0.185494 0.285876
v 0.314318 -0.054104 0.144968
v -0.000099 -0.109740 0.774879
v 0.000101 0.052599 0.635793
v 0.093153 -0.059462 0.715746
v -0.093279 -0.059332 0.715633
v 0.084021 0.018949 0.656893
v -0.083879 0.019118 0.656781
v 0.268164 -0.263596 0.643819
v 0.311407 -0.117171 0.473153
v 0.312567 -0.307299 0.562762
v 0.325746 -0.204882 0.474591
v 0.262604 -0.144700 0.638350
v 0.286640 -0.094007 0.546349
v -0.267977 -0.263854 0.643927
v -0.310899 -0.116569 0.473539
v -0.312608 -0.307532 0.563207
v -0.325467 -0.204799 0.474931
v -0.262687 -0.144594 0.638209
v -0.286360 -0.093480 0.546471
v 0.150474 0.080159 0.396980
v 0.245443 0.033123 0.368537
v 0.175994 0.090535 0.304941
v 0.225980 0.066238 0.303076
v 0.178215 0.046619 0.482527
v 0.227796 0.017574 0.455839
v -0.151033 0.080062 0.398033
v -0.244221 0.034037 0.369414
v -0.177089 0.089954 0.307080
v -0.224843 0.066629 0.303765
v -0.178109 0.047005 0.483094
v -0.227484 0.018340 0.456812
v 0.000376 0.003784 -0.561625
v -0.001602 0.070002 -0.757990
v 0.080033 0.000468 -0.604366
v -0.078753 0.002604 -0.603289
v 0.103410 0.031822 -0.709636
v -0.103940 0.030472 -0.710187
v 0.135281 -0.015052 -0.380114
v 0.229242 0.010468 -0.352384
v 0.177105 -0.066112 -0.328862
v 0.216468 -0.031060 -0.300113
v 0.159287 0.009349 -0.446653
v 0.210971 0.024873 -0.433870
v -0.134861 -0.015554 -0.379179
v -0.229131 0.010004 -0.351696
v -0.177380 -0.067721 -0.328894
v -0.216676 -0.032151 -0.299835
v -0.158703 0.009145 -0.445576
v -0.210601 0.024468 -0.432899
v 0.294332 0.250206 -0.709001
v 0.294298 0.148783 -0.488924
v 0.286831 0.311657 -0.580506
v 0.291179 0.236888 -0.493932
v 0.301943 0.125777 -0.703652
v 0.289287 0.106825 -0.567628
v -0.295063 0.249273 -0.707898
v -0.294702 0.147543 -0.488391
v -0.287314 0.310325 -0.580074
v -0.291640 0.235486 -0.493651
v -0.301963 0.124895 -0.702172
v -0.289192 0.105809 -0.566426
v 0.309349 0.064115 -0.081953
v 0.305317 0.061934 0.077401
v 0.314819 0.040721 -0.057866
v 0.312493 0.038022 0.023881
v 0.299043 0.086049 -0.032185
v 0.296742 0.088355 0.046831
v -0.308839 0.067787 -0.082160
v -0.301670 0.068080 0.078408
v -0.313015 0.044544 -0.058096
v -0.309412 0.044262 0.024037
v -0.297685 0.093803 -0.031320
v -0.291552 0.096932 0.048333
v -0.073995 0.358249 -0.149112
v -0.104101 0.462647 -0.197470
v -0.028790 0.429879 -0.158437
v -0.046065 0.515677 -0.195416
v -0.138649 0.222342 -0.108546
v -0.052455 0.318914 -0.135207
v -0.131029 0.202219 -0.056328
v -0.193791 0.382242 -0.230402
v -0.120102 0.539513 -0.258112
v -0.259851 0.481987 -0.294954
v -0.185098 0.218427 -0.145165
v -0.230551 0.363320 -0.265534
v -0.224014 0.182413 -0.151145
v -0.180667 0.170790 -0.026942
v -0.225748 0.152221 -0.081111
v 0.086307 0.356173 -0.151305
v 0.121409 0.460456 -0.205017
v 0.053168 0.423347 -0.159052
v 0.080500 0.515681 -0.206113
v 0.138895 0.222437 -0.109396
v 0.061070 0.318171 -0.135942
v 0.130233 0.202698 -0.057196
v 0.197143 0.381590 -0.232543
v 0.136722 0.540175 -0.264114
v 0.262537 0.481019 -0.296257
v 0.185191 0.218491 -0.145738
v 0.230911 0.362705 -0.266072
v 0.222695 0.182860 -0.151292
v 0.180931 0.170640 -0.027880
v 0.225918 0.152119 -0.081573
v -0.206084 -0.541466 0.093776
v -0.229414 -0.745873 -0.030923
v -0.132398 -0.567105 0.104732
v -0.125318 -0.657316 -0.062604
v -0.280736 -0.428709 0.146307
v -0.171785 -0.550673 0.203051
v -0.266722 -0.450407 0.251053
v -0.368360 -0.534325 -0.119901
v -0.161619 -0.790646 -0.163144
v -0.358143 -0.571271 -0.239651
v -0.333106 -0.345266 0.018441
v -0.360887 -0.376194 -0.163652
v -0.349819 -0.231794 -0.021350
v -0.300467 -0.352057 0.201761
v -0.329320 -0.237191 0.063952
v 0.205048 -0.544583 0.095121
v 0.230360 -0.745561 -0.030905
v 0.129909 -0.568969 0.106295
v 0.125092 -0.656794 -0.062405
v 0.281384 -0.429934 0.146258
v 0.171328 -0.557086 0.203646
v 0.266765 -0.452069 0.251183
v 0.368602 -0.533463 -0.120426
v 0.161782 -0.791041 -0.162580
v 0.358148 -0.570199 -0.239455
v 0.334462 -0.345543 0.017742
v 0.360611 -0.376076 -0.164154
v 0.351584 -0.232213 -0.022434
v 0.301291 -0.352979 0.201508
v 0.331069 -0.237913 0.063119
v 0.000813 -0.545150 0.671534
v -0.180146 -0.489750 0.695013
v -0.056869 -0.629067 0.590257
v -0.286789 -0.638123 0.673986
v 0.181764 -0.489311 0.694844
v 0.057251 -0.630055 0.590710
v 0.288404 -0.637368 0.672286
v 0.098477 -0.271110 0.733917
v -0.098121 -0.271238 0.733878
v 0.098148 -0.159554 0.747287
v -0.098212 -0.159545 0.747187
v 0.287459 -0.417100 0.658324
v 0.194667 -0.207907 0.704706
v -0.286929 -0.417749 0.658999
v -0.194719 -0.207987 0.704699
v -0.001310 0.153191 0.186458
v -0.072771 0.119882 0.297088
v -0.021197 0.183777 0.079871
v -0.096887 0.148028 0.200638
v 0.070831 0.120118 0.296491
v 0.018306 0.183864 0.079747
v 0.094665 0.148535 0.199744
v 0.059749 0.105926 0.494987
v -0.059872 0.105950 0.494943
v 0.073601 0.073751 0.584278
v -0.073300 0.073868 0.584153
v 0.122755 0.111094 0.301491
v 0.121068 0.078206 0.497514
v -0.124096 0.110815 0.302498
v -0.121192 0.078491 0.497947
v 0.000133 -0.235110 -0.391233
v -0.078507 -0.136608 -0.377654
v -0.037265 -0.342292 -0.338896
v -0.127635 -0.223722 -0.344785
v 0.078594 -0.135715 -0.377734
v 0.037568 -0.342240 -0.338844
v 0.127750 -0.223081 -0.344813
v 0.045506 0.003432 -0.437439
v -0.044899 0.002997 -0.436938
v 0.059083 0.008684 -0.508327
v -0.058236 0.008849 -0.507732
v 0.130777 -0.106153 -0.356651
v 0.101009 0.006577 -0.445458
v -0.130768 -0.107342 -0.356505
v -0.100188 0.006526 -0.444420
v 0.000192 0.619918 -0.625317
v -0.167594 0.458120 -0.674361
v -0.070464 0.688003 -0.526400
v -0.224652 0.533327 -0.589540
v 0.166598 0.458384 -0.674635
v 0.070829 0.687870 -0.526192
v 0.224406 0.533786 -0.589630
v 0.114389 0.245465 -0.793846
v -0.120084 0.246536 -0.803214
v 0.121255 0.115447 -0.800354
v -0.124039 0.114411 -0.801084
v 0.250085 0.391300 -0.648968
v 0.236088 0.179745 -0.797359
v -0.250809 0.390424 -0.648361
v -0.238627 0.179264 -0.795976
v 0.302888 0.109994 -0.336720
v 0.316283 0.065049 -0.208601
v 0.287499 0.159750 -0.336612
v 0.312379 0.070460 -0.196664
v 0.274624 0.018467 -0.258565
v 0.298235 0.047634 -0.172286
v 0.274265 -0.022353 -0.217968
v 0.297246 0.034688 -0.128051
v 0.277644 0.066617 -0.367977
v 0.250608 -0.006754 -0.280814
v 0.250396 0.046666 -0.406444
v 0.292413 0.168031 -0.410429
v 0.277086 0.088473 -0.455560
v 0.317518 0.050250 -0.136693
v 0.301302 0.069295 -0.104184
v 0.284577 0.035046 0.265729
v 0.305290 0.042954 0.178930
v 0.277458 0.054029 0.210954
v 0.305519 0.035014 0.124332
v 0.309011 -0.051533 0.328829
v 0.304148 0.060944 0.219521
v 0.316228 -0.110539 0.313303
v 0.305285 0.020838 0.182543
v 0.288042 -0.015967 0.374302
v 0.315922 -0.124102 0.393974
v 0.286067 -0.053467 0.453098
v 0.263900 0.047054 0.289605
v 0.265241 -0.004451 0.419011
v 0.310126 0.041418 0.103895
v 0.298810 0.078254 0.132472
v -0.304362 0.108797 -0.337132
v -0.315737 0.063552 -0.210364
v -0.289151 0.158478 -0.336907
v -0.316558 0.064428 -0.197427
v -0.274928 0.018301 -0.258493
v -0.298573 0.047703 -0.172636
v -0.274553 -0.022648 -0.218119
v -0.297503 0.036059 -0.127960
v -0.277463 0.066196 -0.367610
v -0.250736 -0.006829 -0.280290
v -0.250209 0.046192 -0.405736
v -0.293237 0.166673 -0.410462
v -0.277230 0.087700 -0.454860
v -0.316667 0.050863 -0.137574
v -0.301064 0.070333 -0.103935
v -0.282512 0.037802 0.267459
v -0.302182 0.047876 0.179828
v -0.275358 0.056080 0.212747
v -0.301523 0.041378 0.124478
v -0.307414 -0.050556 0.328999
v -0.301156 0.063646 0.220220
v -0.314690 -0.109521 0.313431
v -0.302219 0.023411 0.183399
v -0.286140 -0.014564 0.374845
v -0.314348 -0.123806 0.394226
v -0.285057 -0.052561 0.453518
v -0.262267 0.048531 0.291172
v -0.264085 -0.003378 0.419832
v -0.306679 0.047816 0.104388
v -0.293564 0.082777 0.134285
v 0.008535 0.395248 -0.149085
v -0.007083 0.276296 -0.121568
v 0.014185 0.588968 -0.250547
v -0.043189 0.658689 -0.332160
v 0.008802 0.276673 -0.121635
v 0.056502 0.658658 -0.338041
v -0.168841 0.149219 0.124915
v -0.216598 0.113125 0.137400
v -0.198223 0.103539 0.219078
v -0.344203 0.489780 -0.438919
v -0.272830 0.357854 -0.387520
v -0.284669 0.349905 -0.476838
v -0.303926 0.047915 -0.095505
v -0.308820 0.028947 -0.008295
v -0.313995 0.028555 -0.032638
v 0.167419 0.150163 0.123294
v 0.215439 0.113365 0.135101
v 0.196984 0.104310 0.216663
v 0.343379 0.490471 -0.440784
v 0.273185 0.358548 -0.387902
v 0.284465 0.351363 -0.476998
v 0.297903 0.060237 -0.096469
v 0.310006 0.024215 -0.007799
v 0.316451 0.023297 -0.032128
v -0.002627 -0.585903 0.223824
v -0.050403 -0.595950 0.339198
v -0.000029 -0.521243 -0.156692
v -0.043242 -0.522154 -0.227740
v 0.046756 -0.595995 0.340068
v 0.043445 -0.522181 -0.227805
v -0.306034 -0.434375 0.428448
v -0.314026 -0.298480 0.352076
v -0.320393 -0.318170 0.460471
v -0.261833 -0.265984 -0.297269
v -0.291410 -0.187403 -0.248084
v -0.233791 -0.132168 -0.292895
v -0.311964 -0.016642 -0.016050
v -0.310102 -0.026394 0.062792
v -0.288648 0.096445 0.017841
v 0.305816 -0.434823 0.427898
v 0.314923 -0.298718 0.351672
v 0.320017 -0.318338 0.459918
v 0.261904 -0.265607 -0.297362
v 0.291166 -0.187145 -0.248149
v 0.233558 -0.131341 -0.292861
v 0.314381 -0.020991 -0.017732
v 0.315064 -0.024482 0.061414
v 0.294227 0.088143 0.015083
v 0.167809 -0.019461 0.647523
v 0.238549 -0.058838 0.608087
v -0.167618 -0.019181 0.647249
v -0.238259 -0.058475 0.607839
v 0.210051 0.003490 0.557037
v -0.209812 0.004051 0.557296
v 0.173339 0.014929 -0.630592
v 0.194384 0.029546 -0.526632
v -0.172496 0.014494 -0.629398
v -0.193715 0.029256 -0.525462
v 0.249026 0.057415 -0.619920
v -0.247927 0.057212 -0.618170
v -0.120312 0.354070 -0.161502
v -0.123856 0.315896 -0.154422
v -0.136905 0.356183 -0.173702
v -0.147809 0.318886 -0.170712
v -0.139636 0.294828 -0.156838
v 0.127646 0.352370 -0.166132
v 0.128973 0.314717 -0.157460
v 0.143148 0.354717 -0.178044
v 0.151707 0.317829 -0.173639
v 0.142757 0.293871 -0.159289
v -0.277467 -0.550905 0.018743
v -0.278920 -0.508742 0.046288
v -0.303140 -0.555533 -0.008932
v -0.312808 -0.501643 0.000152
v -0.298495 -0.479941 0.035493
v 0.277647 -0.551412 0.018935
v 0.279152 -0.509623 0.046542
v 0.303566 -0.555527 -0.008996
v 0.313491 -0.501754 -0.000063
v 0.299026 -0.480488 0.035452
v -0.024020 -0.451708 0.700718
v 0.025295 -0.451632 0.700805
v 0.000447 -0.377887 0.716129
v 0.039493 -0.406354 0.709463
v -0.038444 -0.406457 0.709399
v -0.011561 0.118641 0.329744
v 0.009574 0.118639 0.329702
v -0.000578 0.115891 0.400534
v 0.017252 0.116302 0.371637
v -0.018692 0.116297 0.371659
v -0.010922 -0.116144 -0.401578
v 0.011036 -0.116008 -0.401550
v 0.000095 -0.059001 -0.412673
v 0.017131 -0.080471 -0.406559
v -0.016981 -0.080805 -0.406540
v -0.025167 0.443604 -0.694651
v 0.023635 0.443600 -0.694554
v -0.001314 0.360621 -0.732575
v 0.038519 0.391391 -0.717904
v -0.040698 0.391372 -0.718168
v 0.301215 0.068014 -0.270478
v 0.293563 0.052371 -0.254000
v 0.290741 0.056319 -0.281588
v 0.296077 0.067377 -0.292543
v 0.299692 0.059482 -0.247002
v 0.300954 0.028764 0.268497
v 0.305666 0.020554 0.284561
v 0.301750 0.008478 0.303159
v 0.298177 0.016776 0.293122
v 0.305291 0.033205 0.263297
v -0.302189 0.067513 -0.271009
v -0.294330 0.052084 -0.254317
v -0.291318 0.055959 -0.281767
v -0.296725 0.066958 -0.292793
v -0.300589 0.059083 -0.247559
v -0.298234 0.032108 0.269589
v -0.303499 0.023089 0.284840
v -0.299390 0.010674 0.303587
v -0.295776 0.019445 0.294014
v -0.302591 0.036532 0.264105
v 0.007876 0.518159 -0.173144
v 0.032534 0.516874 -0.175440
v 0.014212 0.515503 -0.173126
v 0.013809 0.526668 -0.177012
v 0.024046 0.515757 -0.173858
v 0.027488 0.527564 -0.180936
v -0.074837 0.217930 -0.061257
v -0.071536 0.200480 0.039225
v -0.047732 0.224513 -0.080571
v -0.099940 0.202857 0.003086
v -0.049476 0.212797 -0.024465
v -0.098862 0.201987 0.050804
v -0.224225 0.619929 -0.365177
v -0.210376 0.695399 -0.463471
v -0.174430 0.670561 -0.378015
v -0.287949 0.629663 -0.396662
v -0.216956 0.793806 -0.423289
v -0.231392 0.628232 -0.446895
v -0.241218 0.205124 -0.235456
v -0.272543 0.151670 -0.254365
v -0.248122 0.236313 -0.274659
v -0.258098 0.156343 -0.204715
v -0.258440 0.199922 -0.286775
v -0.274915 0.133238 -0.213195
v -0.249436 0.105446 0.028536
v -0.282220 0.061601 0.106874
v -0.253552 0.100395 0.066916
v -0.268423 0.082764 0.030988
v -0.268739 0.079782 0.107078
v -0.285830 0.058382 0.070172
v 0.072706 0.218349 -0.061947
v 0.068726 0.200693 0.038769
v 0.045648 0.224832 -0.080206
v 0.046855 0.212993 -0.024498
v 0.097809 0.203387 0.002257
v 0.095983 0.202361 0.050027
v 0.228146 0.620055 -0.366245
v 0.210514 0.696416 -0.463253
v 0.177280 0.671302 -0.379435
v 0.216237 0.796538 -0.424022
v 0.289666 0.629180 -0.396140
v 0.232234 0.628614 -0.445986
v 0.239194 0.206416 -0.234693
v 0.268957 0.153938 -0.253836
v 0.247160 0.237770 -0.273862
v 0.254395 0.158241 -0.204262
v 0.256785 0.201848 -0.285813
v 0.270559 0.136854 -0.212741
v 0.253979 0.103263 0.028383
v 0.284743 0.058839 0.105270
v 0.257855 0.098292 0.066491
v 0.270972 0.080696 0.030316
v 0.270897 0.077900 0.105509
v 0.288794 0.054992 0.069276
v -0.046175 -0.569396 0.017393
v 0.044007 -0.568815 0.017634
v -0.023976 -0.571997 0.066131
v -0.024412 -0.553437 -0.029848
v 0.020879 -0.571795 0.066456
v 0.022834 -0.553062 -0.029806
v -0.214848 -0.553685 0.370743
v -0.216357 -0.767322 0.466342
v -0.172521 -0.582879 0.386592
v -0.250572 -0.569964 0.404155
v -0.159985 -0.668452 0.436782
v -0.270071 -0.661964 0.461465
v -0.209204 -0.595533 -0.289329
v -0.140750 -0.413745 -0.307366
v -0.152179 -0.569456 -0.278004
v -0.224196 -0.491006 -0.297778
v -0.125200 -0.479712 -0.290195
v -0.184358 -0.410445 -0.305886
v -0.352584 -0.162132 -0.118682
v -0.311594 -0.071117 -0.144906
v -0.334771 -0.165506 -0.156472
v -0.343207 -0.108193 -0.094167
v -0.315200 -0.114537 -0.166701
v -0.321081 -0.068128 -0.109798
v -0.321328 -0.201334 0.174099
v -0.317335 -0.118044 0.213105
v -0.319150 -0.212898 0.220661
v -0.321027 -0.147378 0.149909
v -0.319216 -0.171127 0.239822
v -0.317271 -0.104900 0.169542
v 0.213596 -0.556408 0.371716
v 0.215718 -0.767376 0.466188
v 0.170569 -0.585024 0.387869
v 0.158749 -0.669424 0.437486
v 0.249795 -0.571427 0.404549
v 0.269426 -0.662853 0.460944
v 0.209682 -0.595539 -0.289400
v 0.141021 -0.413573 -0.307358
v 0.152581 -0.569489 -0.278104
v 0.125520 -0.479652 -0.290248
v 0.224567 -0.490874 -0.297798
v 0.184608 -0.410230 -0.305867
v 0.351051 -0.164832 -0.119732
v 0.311448 -0.071713 -0.145208
v 0.334684 -0.166116 -0.157199
v 0.343436 -0.109931 -0.095200
v 0.315283 -0.114685 -0.167124
v 0.321206 -0.069747 -0.110487
v 0.321960 -0.203194 0.173765
v 0.318273 -0.120793 0.212804
v 0.320023 -0.214355 0.220347
v 0.322031 -0.149610 0.149431
v 0.320002 -0.173065 0.239576
v 0.318608 -0.107581 0.169045
v -0.000075 -0.060533 0.735709
v 0.000043 0.022135 0.672454
v 0.046165 -0.037386 0.715581
v -0.046272 -0.037315 0.715504
v 0.043864 0.003070 0.684394
v -0.043839 0.003131 0.684306
v 0.292983 -0.222665 0.605343
v 0.317028 -0.147102 0.519053
v 0.310936 -0.241285 0.563311
v 0.323844 -0.195673 0.520888
v 0.289801 -0.165322 0.602837
v 0.300639 -0.134509 0.557609
v -0.292858 -0.222803 0.605374
v -0.316923 -0.146754 0.519328
v -0.310729 -0.241457 0.563473
v -0.323881 -0.195564 0.521142
v -0.289812 -0.165229 0.602785
v -0.300529 -0.134186 0.557702
v 0.177854 0.067577 0.394489
v 0.225481 0.043385 0.379589
v 0.191051 0.072196 0.350208
v 0.215453 0.060312 0.346179
v 0.190683 0.050321 0.433868
v 0.214743 0.037169 0.423353
v -0.178098 0.067498 0.395685
v -0.224769 0.043876 0.380580
v -0.191749 0.071796 0.352393
v -0.215193 0.060340 0.347689
v -0.190308 0.050619 0.434369
v -0.214219 0.037693 0.424101
v 0.000273 -0.003527 -0.612758
v -0.000879 0.035221 -0.712963
v 0.043706 0.001895 -0.636531
v -0.043416 0.000286 -0.637018
v 0.048834 0.022181 -0.686512
v -0.049803 0.018446 -0.688903
v 0.161507 -0.009887 -0.374424
v 0.209239 0.001487 -0.361980
v 0.177692 -0.024650 -0.340732
v 0.200679 -0.016142 -0.332483
v 0.172958 0.003167 -0.407443
v 0.197665 0.009691 -0.401101
v -0.161128 -0.010420 -0.373373
v -0.209083 0.000961 -0.361149
v -0.177586 -0.025576 -0.340010
v -0.200614 -0.016913 -0.331673
v -0.172538 0.002808 -0.406391
v -0.197339 0.009264 -0.400149
v 0.312989 0.219086 -0.662177
v 0.299326 0.170383 -0.541970
v 0.298444 0.250020 -0.595155
v 0.297006 0.218882 -0.544131
v 0.316080 0.159892 -0.659378
v 0.307620 0.142666 -0.593037
v -0.313381 0.217448 -0.661278
v -0.299715 0.168972 -0.541304
v -0.298872 0.248601 -0.594522
v -0.297370 0.217483 -0.543556
v -0.315908 0.158557 -0.657976
v -0.307796 0.141270 -0.591911
v 0.307794 0.064098 -0.043562
v 0.305560 0.062791 0.036342
v 0.310720 0.051840 -0.030442
v 0.309608 0.050862 0.009870
v 0.303010 0.075723 -0.018089
v 0.301823 0.075631 0.021684
v -0.306332 0.069393 -0.043374
v -0.302280 0.069277 0.037122
v -0.308676 0.056896 -0.030338
v -0.306837 0.056798 0.010221
v -0.301245 0.083157 -0.017462
v -0.298507 0.083167 0.022650
v -0.080439 0.417781 -0.162800
v -0.029595 0.481031 -0.169677
v -0.065149 0.404917 -0.158183
v -0.076837 0.457363 -0.177773
v -0.041102 0.439879 -0.162369
v -0.048023 0.487700 -0.178171
v -0.101941 0.283232 -0.137734
v -0.084431 0.247633 -0.116815
v -0.082898 0.311347 -0.139542
v -0.114753 0.241372 -0.121044
v -0.072234 0.292212 -0.132212
v -0.109120 0.227222 -0.103670
v -0.155656 0.429544 -0.217756
v -0.194359 0.518296 -0.282695
v -0.136335 0.467062 -0.222567
v -0.187092 0.429474 -0.240422
v -0.149591 0.508495 -0.254564
v -0.213746 0.476659 -0.272778
v -0.182573 0.292491 -0.190432
v -0.212110 0.255051 -0.212642
v -0.196652 0.330498 -0.217522
v -0.187478 0.241181 -0.173289
v -0.213221 0.315998 -0.231888
v -0.204771 0.222264 -0.180119
v -0.164084 0.219239 -0.121105
v -0.204855 0.161625 -0.050831
v -0.161858 0.206269 -0.096282
v -0.184861 0.203289 -0.116191
v -0.182481 0.179639 -0.058134
v -0.205120 0.172388 -0.082851
v 0.096826 0.415156 -0.167809
v 0.063256 0.475165 -0.173877
v 0.082851 0.402117 -0.160868
v 0.098406 0.453974 -0.185241
v 0.066566 0.433746 -0.164763
v 0.079458 0.483600 -0.185883
v 0.105715 0.282670 -0.139342
v 0.084838 0.247851 -0.117882
v 0.090036 0.310313 -0.141144
v 0.115455 0.241419 -0.122020
v 0.077484 0.291769 -0.133184
v 0.108603 0.227525 -0.104722
v 0.164206 0.428421 -0.222310
v 0.202469 0.517993 -0.285915
v 0.148949 0.466054 -0.228143
v 0.192793 0.428719 -0.243456
v 0.161865 0.508485 -0.259150
v 0.219168 0.476027 -0.275278
v 0.183969 0.292018 -0.191802
v 0.211572 0.255222 -0.212668
v 0.198355 0.329998 -0.218903
v 0.187454 0.241076 -0.173863
v 0.213708 0.315696 -0.232547
v 0.203999 0.222407 -0.180246
v 0.164505 0.219132 -0.121909
v 0.205734 0.161179 -0.051506
v 0.162212 0.206275 -0.097049
v 0.185202 0.203272 -0.116808
v 0.182985 0.179444 -0.058915
v 0.205598 0.172196 -0.083437
v -0.214523 -0.598931 0.017257
v -0.132765 -0.591121 0.013826
v -0.192730 -0.559249 0.046356
v -0.197837 -0.655782 -0.013435
v -0.154134 -0.565608 0.049688
v -0.152213 -0.635957 -0.020922
v -0.247320 -0.495936 0.128325
v -0.224107 -0.511123 0.235415
v -0.219536 -0.521922 0.138303
v -0.259491 -0.466744 0.163727
v -0.205074 -0.527713 0.192342
v -0.250280 -0.476266 0.216782
v -0.336834 -0.690936 -0.089287
v -0.288656 -0.762572 -0.222106
v -0.281380 -0.769702 -0.089403
v -0.359067 -0.640180 -0.140339
v -0.253009 -0.794366 -0.158158
v -0.350555 -0.678401 -0.208356
v -0.349534 -0.421900 -0.047927
v -0.366852 -0.295544 -0.089537
v -0.364511 -0.441781 -0.095505
v -0.346841 -0.352976 -0.025271
v -0.366834 -0.371945 -0.116897
v -0.358477 -0.292576 -0.045691
v -0.308749 -0.386632 0.081683
v -0.317264 -0.292938 0.129924
v -0.298690 -0.386181 0.126906
v -0.322424 -0.340380 0.061681
v -0.305897 -0.343439 0.152629
v -0.323758 -0.289696 0.084895
v 0.214120 -0.599426 0.017603
v 0.131328 -0.590843 0.014328
v 0.191645 -0.560381 0.047018
v 0.197737 -0.655809 -0.013173
v 0.152126 -0.566741 0.050770
v 0.151633 -0.635776 -0.020576
v 0.247121 -0.498110 0.128869
v 0.223542 -0.514223 0.235992
v 0.218930 -0.524949 0.139119
v 0.259481 -0.468745 0.164076
v 0.204459 -0.531668 0.193046
v 0.250100 -0.478520 0.217138
v 0.337216 -0.690005 -0.089518
v 0.289049 -0.762287 -0.222027
v 0.282115 -0.769285 -0.089468
v 0.359378 -0.639209 -0.140651
v 0.253684 -0.794165 -0.157991
v 0.350729 -0.677798 -0.208469
v 0.350075 -0.421671 -0.048546
v 0.366718 -0.296059 -0.090492
v 0.364855 -0.441336 -0.096188
v 0.348392 -0.352978 -0.026133
v 0.366738 -0.371915 -0.117637
v 0.360264 -0.292637 -0.046792
v 0.309936 -0.387171 0.081300
v 0.319011 -0.293404 0.129282
v 0.299861 -0.386912 0.126575
v 0.323982 -0.340738 0.061036
v 0.307239 -0.344064 0.152199
v 0.325543 -0.290135 0.084155
v -0.093090 -0.551208 0.683859
v -0.156152 -0.759606 0.670987
v -0.063084 -0.578877 0.667064
v -0.162476 -0.569932 0.691489
v -0.088423 -0.653855 0.643145
v -0.216286 -0.685180 0.701248
v 0.094826 -0.551194 0.683954
v 0.158908 -0.758938 0.672694
v 0.064573 -0.579295 0.667424
v 0.164754 -0.569569 0.691592
v 0.089524 -0.654108 0.644954
v 0.220118 -0.684495 0.700743
v 0.000171 -0.271657 0.744685
v -0.000052 -0.169909 0.824952
v 0.049226 -0.244109 0.748865
v -0.048993 -0.244141 0.748892
v 0.049659 -0.189958 0.769444
v -0.049652 -0.189959 0.769416
v 0.140599 -0.367424 0.707198
v 0.236836 -0.302358 0.677512
v 0.188772 -0.411224 0.694987
v 0.146583 -0.301932 0.717720
v 0.240665 -0.377003 0.680593
v 0.193770 -0.270375 0.701689
v -0.139771 -0.367687 0.707258
v -0.236668 -0.302636 0.677830
v -0.187705 -0.411637 0.695138
v -0.146081 -0.302180 0.717667
v -0.240036 -0.377471 0.680956
v -0.193590 -0.270574 0.701809
v -0.035936 0.137435 0.240495
v -0.057113 0.168357 0.140442
v -0.023835 0.152962 0.187598
v -0.060033 0.135901 0.244204
v -0.033907 0.168320 0.135990
v -0.071401 0.151068 0.195213
v 0.033512 0.137581 0.240174
v 0.054459 0.168566 0.139998
v 0.021253 0.153068 0.187407
v 0.057768 0.136208 0.243624
v 0.031202 0.168457 0.135727
v 0.069005 0.151401 0.194589
v -0.000073 0.109164 0.506708
v 0.000116 0.076412 0.595141
v 0.032493 0.102543 0.527971
v -0.032440 0.102503 0.527832
v 0.035740 0.085400 0.570899
v -0.035525 0.085433 0.570830
v 0.067001 0.108931 0.390551
v 0.122431 0.091719 0.397270
v 0.082477 0.111217 0.345145
v 0.078191 0.101705 0.443906
v 0.109249 0.104607 0.348172
v 0.107277 0.090744 0.446677
v -0.067999 0.108895 0.390696
v -0.123089 0.091670 0.397894
v -0.083809 0.111072 0.345594
v -0.078672 0.101742 0.443996
v -0.110345 0.104449 0.348844
v -0.107642 0.090835 0.446963
v -0.044194 -0.189704 -0.386686
v -0.087034 -0.289545 -0.346307
v -0.033191 -0.235217 -0.386801
v -0.072841 -0.186611 -0.372926
v -0.052814 -0.288628 -0.359850
v -0.095966 -0.233238 -0.355305
v 0.044314 -0.189419 -0.386507
v 0.087225 -0.289279 -0.346169
v 0.033417 -0.235071 -0.386780
v 0.072966 -0.185973 -0.372953
v 0.053069 -0.288518 -0.359739
v 0.096098 -0.232736 -0.355232
v 0.000286 0.004995 -0.446123
v 0.000410 0.008240 -0.516573
v 0.024476 0.010845 -0.458264
v -0.023743 0.010680 -0.457967
v 0.028074 0.010025 -0.494250
v -0.027237 0.010060 -0.493938
v 0.060709 -0.050757 -0.400565
v 0.109086 -0.022441 -0.386576
v 0.082013 -0.085031 -0.384413
v 0.064760 -0.011400 -0.415552
v 0.106226 -0.068377 -0.374606
v 0.090778 -0.004759 -0.414058
v -0.060665 -0.052350 -0.400445
v -0.108678 -0.023022 -0.385834
v -0.081943 -0.086233 -0.384268
v -0.064343 -0.012099 -0.414975
v -0.106279 -0.069978 -0.374502
v -0.090117 -0.004959 -0.413127
v -0.093067 0.546275 -0.648085
v -0.159923 0.633952 -0.566049
v -0.067639 0.611608 -0.620319
v -0.154296 0.533050 -0.649760
v -0.101039 0.649134 -0.572719
v -0.190795 0.580583 -0.614312
v 0.092812 0.546508 -0.648310
v 0.159918 0.634115 -0.565923
v 0.067889 0.611557 -0.620334
v 0.153807 0.533032 -0.649793
v 0.101237 0.649107 -0.572616
v 0.190789 0.580644 -0.614293
v -0.002008 0.243226 -0.780157
v -0.001977 0.121797 -0.783849
v 0.057723 0.212095 -0.791925
v -0.062032 0.211998 -0.795055
v 0.059505 0.150014 -0.794988
v -0.063638 0.148139 -0.799323
v 0.144101 0.346654 -0.736066
v 0.252108 0.285042 -0.734086
v 0.180643 0.386882 -0.703640
v 0.165251 0.282395 -0.783509
v 0.229069 0.355700 -0.697276
v 0.224885 0.249154 -0.787095
v -0.146398 0.346529 -0.736170
v -0.254355 0.284450 -0.733658
v -0.182231 0.386568 -0.703303
v -0.168006 0.282307 -0.782627
v -0.230468 0.355109 -0.696673
v -0.227676 0.249008 -0.785070
v 0.309660 0.084900 -0.271720
v 0.298046 0.113793 -0.265888
v 0.306232 0.104170 -0.304490
v 0.313766 0.076082 -0.238639
v 0.297115 0.125704 -0.302405
v 0.313074 0.080845 -0.234964
v 0.288828 0.030271 -0.214966
v 0.290215 -0.002039 -0.174564
v 0.281763 0.015477 -0.226468
v 0.293548 0.033587 -0.182980
v 0.282184 -0.003064 -0.206416
v 0.293900 0.021449 -0.161995
v 0.272975 0.040785 -0.312192
v 0.246441 0.020509 -0.340674
v 0.267549 0.023878 -0.291821
v 0.268638 0.048588 -0.348536
v 0.254839 0.012702 -0.304320
v 0.255123 0.038746 -0.365108
v 0.295276 0.090911 -0.358873
v 0.292964 0.127564 -0.441311
v 0.298956 0.111328 -0.367826
v 0.287121 0.085783 -0.384837
v 0.295921 0.134744 -0.407000
v 0.287032 0.099907 -0.427691
v 0.306193 0.058277 -0.187424
v 0.308851 0.061719 -0.118630
v 0.311627 0.060092 -0.180395
v 0.302972 0.056294 -0.162679
v 0.312472 0.057402 -0.145261
v 0.304491 0.062516 -0.128592
v 0.296216 0.037925 0.220979
v 0.293186 0.043586 0.167329
v 0.289198 0.039564 0.229802
v 0.300566 0.040063 0.186573
v 0.286475 0.045971 0.202648
v 0.300160 0.039214 0.159718
v 0.307868 0.002136 0.273297
v 0.311822 -0.049803 0.246096
v 0.309874 -0.038537 0.295616
v 0.305983 0.025761 0.239849
v 0.312696 -0.065876 0.285102
v 0.307326 0.001048 0.223084
v 0.300906 -0.035959 0.358289
v 0.305638 -0.089217 0.430514
v 0.306546 -0.059388 0.360862
v 0.294876 -0.037342 0.385215
v 0.309668 -0.090743 0.395166
v 0.295904 -0.059758 0.423149
v 0.284663 0.014843 0.322888
v 0.262296 0.024852 0.355417
v 0.280211 0.027987 0.302599
v 0.281453 0.002456 0.359106
v 0.269771 0.033327 0.317093
v 0.269830 0.007585 0.377955
v 0.308028 0.055148 0.200937
v 0.305825 0.061132 0.119000
v 0.307799 0.049724 0.170693
v 0.304794 0.066775 0.191993
v 0.307923 0.051024 0.131297
v 0.304083 0.071277 0.148552
v -0.310830 0.083984 -0.272504
v -0.300252 0.111768 -0.266270
v -0.307722 0.103128 -0.305034
v -0.314366 0.075440 -0.239431
v -0.298938 0.124255 -0.302843
v -0.313501 0.081558 -0.234840
v -0.289301 0.029923 -0.215272
v -0.291023 -0.003300 -0.175311
v -0.282187 0.015163 -0.226642
v -0.293977 0.033425 -0.183307
v -0.282667 -0.003702 -0.206799
v -0.294401 0.021325 -0.162312
v -0.273139 0.040439 -0.311995
v -0.246397 0.020116 -0.340134
v -0.267716 0.023602 -0.291605
v -0.268632 0.048202 -0.348162
v -0.254905 0.012390 -0.303946
v -0.255032 0.038322 -0.364574
v -0.295730 0.090334 -0.358801
v -0.293022 0.126722 -0.440815
v -0.299949 0.110268 -0.367945
v -0.286774 0.085374 -0.384446
v -0.296126 0.133908 -0.406728
v -0.286929 0.099283 -0.427120
v -0.306428 0.058042 -0.188281
v -0.308597 0.063368 -0.119050
v -0.311674 0.059575 -0.181601
v -0.303144 0.056557 -0.163144
v -0.312224 0.058015 -0.146066
v -0.304367 0.063467 -0.128806
v -0.293460 0.041736 0.222266
v -0.290503 0.047330 0.168864
v -0.286845 0.042783 0.231422
v -0.297452 0.044644 0.187544
v -0.284206 0.048912 0.204385
v -0.296588 0.044336 0.160398
v -0.306134 0.000942 0.272259
v -0.310067 -0.048281 0.246159
v -0.308250 -0.037908 0.295450
v -0.303809 0.024720 0.238870
v -0.311045 -0.064963 0.285040
v -0.304987 0.002586 0.223197
v -0.299230 -0.034573 0.358744
v -0.304857 -0.088265 0.431037
v -0.304993 -0.058344 0.361191
v -0.293289 -0.036068 0.385700
v -0.308357 -0.089970 0.395535
v -0.294724 -0.058736 0.423607
v -0.282769 0.017048 0.324232
v -0.260865 0.026203 0.356582
v -0.278286 0.030279 0.304167
v -0.279656 0.004134 0.360076
v -0.267939 0.035057 0.318357
v -0.268717 0.009069 0.379376
v -0.305422 0.059646 0.201893
v -0.302354 0.066697 0.120168
v -0.304935 0.054799 0.171697
v -0.301723 0.070494 0.193046
v -0.304932 0.056723 0.132315
v -0.300169 0.075615 0.149909
v -0.000692 0.447993 -0.161170
v -0.025771 0.310793 -0.129676
v -0.020458 0.408455 -0.152951
v -0.033116 0.345644 -0.139253
v -0.001621 0.388870 -0.147651
v -0.011371 0.325099 -0.132875
v -0.018390 0.551714 -0.212162
v -0.090425 0.607410 -0.294276
v -0.049059 0.543675 -0.220430
v -0.086896 0.563356 -0.257751
v -0.018187 0.585757 -0.246833
v -0.050847 0.618719 -0.289635
v 0.023302 0.458241 -0.163559
v 0.032806 0.311507 -0.129911
v 0.040682 0.406857 -0.153530
v 0.044945 0.345368 -0.139809
v 0.017866 0.391703 -0.148356
v 0.019696 0.326282 -0.133163
v 0.055101 0.557248 -0.229267
v 0.107447 0.608442 -0.301853
v 0.081215 0.546049 -0.234040
v 0.108572 0.564641 -0.266593
v 0.046351 0.588255 -0.259839
v 0.070366 0.619549 -0.299657
v -0.150305 0.174527 0.031471
v -0.201009 0.139818 0.052826
v -0.153135 0.180065 -0.006111
v -0.178281 0.163526 0.006631
v -0.171703 0.153076 0.082409
v -0.196573 0.135171 0.090899
v -0.014612 0.214346 -0.035091
v 0.011251 0.214348 -0.035179
v -0.009958 0.199066 0.022415
v 0.006825 0.199087 0.022375
v -0.005169 0.230313 -0.095061
v 0.001409 0.230341 -0.095046
v -0.135362 0.156298 0.161610
v -0.162379 0.109535 0.259601
v -0.122845 0.141543 0.206147
v -0.136679 0.120055 0.256411
v -0.159762 0.141785 0.167514
v -0.173349 0.118003 0.215404
v -0.445973 0.561607 -0.336575
v -0.248072 0.396372 -0.326308
v -0.307848 0.483438 -0.313867
v -0.249852 0.420254 -0.301644
v -0.403202 0.493049 -0.374623
v -0.279977 0.425805 -0.370377
v -0.070899 0.714257 -0.425484
v 0.072697 0.714542 -0.425463
v -0.036958 0.699195 -0.474910
v 0.037946 0.699224 -0.474827
v -0.026528 0.686738 -0.379461
v 0.034168 0.686749 -0.380608
v -0.281989 0.514187 -0.511132
v -0.278192 0.375906 -0.560658
v -0.255465 0.488850 -0.564905
v -0.262857 0.419089 -0.592462
v -0.301335 0.468668 -0.487705
v -0.282486 0.399271 -0.510573
v -0.263587 0.119593 -0.123843
v -0.267494 0.093466 -0.045114
v -0.244565 0.143728 -0.118926
v -0.245988 0.129656 -0.081671
v -0.285445 0.076855 -0.088569
v -0.288119 0.064295 -0.046949
v -0.275298 0.239731 -0.365687
v -0.287417 0.245726 -0.448240
v -0.282747 0.198345 -0.372231
v -0.288157 0.204017 -0.410232
v -0.277336 0.298405 -0.398013
v -0.283456 0.298363 -0.441321
v -0.316917 0.042769 -0.149367
v -0.317219 0.032811 -0.087406
v -0.320355 0.043880 -0.158504
v -0.319699 0.038511 -0.128743
v -0.315952 0.034452 -0.106092
v -0.315978 0.030850 -0.075159
v -0.257776 0.078048 0.184630
v -0.235787 0.071917 0.262831
v -0.264517 0.065136 0.220256
v -0.257105 0.061462 0.260847
v -0.233776 0.092943 0.181957
v -0.223251 0.089101 0.222021
v -0.307048 0.032187 0.060253
v -0.311335 0.032592 0.038171
v -0.306076 0.036434 0.087805
v -0.308600 0.037672 0.077475
v -0.309840 0.028866 0.020759
v -0.312079 0.028896 0.009074
v 0.149147 0.175020 0.030229
v 0.200712 0.139685 0.051354
v 0.152391 0.180375 -0.007214
v 0.178076 0.163512 0.005470
v 0.170565 0.153610 0.080869
v 0.195715 0.135370 0.089131
v 0.133423 0.157277 0.160368
v 0.161084 0.110184 0.257838
v 0.120893 0.142276 0.204934
v 0.135016 0.120910 0.254859
v 0.158223 0.142766 0.165933
v 0.171983 0.118808 0.213482
v 0.445758 0.557651 -0.335984
v 0.248159 0.395134 -0.326356
v 0.308615 0.481661 -0.314572
v 0.249778 0.418797 -0.302026
v 0.399399 0.490269 -0.384292
v 0.280021 0.425070 -0.372274
v 0.281904 0.515123 -0.511149
v 0.277829 0.377164 -0.560976
v 0.255251 0.489685 -0.565071
v 0.262429 0.420092 -0.592841
v 0.301046 0.469844 -0.488078
v 0.282342 0.400766 -0.510593
v 0.260753 0.122461 -0.124076
v 0.267468 0.093134 -0.045445
v 0.242978 0.144860 -0.119177
v 0.245468 0.130059 -0.082036
v 0.281917 0.082045 -0.089218
v 0.286698 0.065562 -0.047385
v 0.274699 0.241304 -0.365249
v 0.286901 0.247142 -0.448304
v 0.281702 0.199976 -0.371829
v 0.287358 0.205484 -0.410114
v 0.277155 0.299657 -0.397988
v 0.283178 0.299735 -0.441401
v 0.306563 0.062764 -0.148040
v 0.318722 0.030463 -0.086898
v 0.320318 0.046468 -0.158127
v 0.320235 0.038462 -0.127850
v 0.315624 0.034110 -0.105651
v 0.317606 0.027808 -0.074652
v 0.259223 0.077042 0.182787
v 0.236159 0.071794 0.260832
v 0.266479 0.063917 0.218524
v 0.258603 0.060541 0.259142
v 0.232991 0.093070 0.179370
v 0.222396 0.089576 0.219331
v 0.310770 0.025162 0.060557
v 0.314859 0.025485 0.038340
v 0.310029 0.029242 0.087983
v 0.312392 0.030154 0.077632
v 0.312750 0.022213 0.021352
v 0.315156 0.022352 0.009564
v -0.071328 -0.581923 0.164256
v -0.117875 -0.580265 0.271272
v -0.114060 -0.575471 0.158979
v -0.135612 -0.570824 0.210434
v -0.049993 -0.587654 0.220877
v -0.073797 -0.589703 0.276603
v -0.071659 -0.572008 -0.115133
v -0.098940 -0.630902 -0.203643
v -0.100550 -0.647759 -0.110278
v -0.106860 -0.700147 -0.160851
v -0.051540 -0.539469 -0.157165
v -0.067663 -0.558200 -0.196443
v 0.065851 -0.578950 0.166791
v 0.114419 -0.582005 0.273269
v 0.110278 -0.576100 0.161427
v 0.137551 -0.586041 0.209690
v 0.043952 -0.584281 0.223116
v 0.068498 -0.587484 0.278936
v 0.071493 -0.571498 -0.115209
v 0.099099 -0.631005 -0.203839
v 0.100458 -0.647342 -0.110241
v 0.106717 -0.700366 -0.160934
v 0.051519 -0.539365 -0.157266
v 0.067762 -0.558326 -0.196541
v -0.284247 -0.446133 0.340415
v -0.306629 -0.326080 0.278206
v -0.282567 -0.420542 0.281762
v -0.297303 -0.365786 0.253800
v -0.299197 -0.408658 0.366985
v -0.306681 -0.343957 0.332435
v -0.053118 -0.620604 0.462810
v 0.052071 -0.620329 0.463415
v -0.030346 -0.596117 0.529943
v 0.030567 -0.595954 0.530262
v -0.026392 -0.604994 0.401612
v 0.024030 -0.605052 0.401961
v -0.317938 -0.553619 0.546317
v -0.320970 -0.381239 0.564462
v -0.322881 -0.556595 0.622693
v -0.317176 -0.450689 0.619508
v -0.315422 -0.456187 0.493743
v -0.320527 -0.385834 0.507162
v -0.313187 -0.408137 -0.277461
v -0.336719 -0.281083 -0.215929
v -0.347508 -0.447934 -0.246948
v -0.352119 -0.367746 -0.209953
v -0.297036 -0.309022 -0.274929
v -0.312533 -0.257639 -0.248725
v -0.040522 -0.447158 -0.284986
v 0.040792 -0.447143 -0.284996
v -0.019424 -0.394297 -0.312340
v 0.019706 -0.394289 -0.312319
v -0.020824 -0.484236 -0.256590
v 0.021070 -0.484209 -0.256629
v -0.191816 -0.253301 -0.321510
v -0.183253 -0.124803 -0.326833
v -0.158971 -0.207841 -0.335222
v -0.157988 -0.146455 -0.339841
v -0.227609 -0.221278 -0.316936
v -0.214859 -0.159245 -0.311852
v -0.333782 -0.121571 -0.017059
v -0.323942 -0.132435 0.064570
v -0.338519 -0.177917 0.001689
v -0.330694 -0.182600 0.043393
v -0.321183 -0.071384 0.003541
v -0.318541 -0.076584 0.043626
v -0.279218 -0.094132 -0.226499
v -0.235667 -0.050920 -0.272842
v -0.265910 -0.045096 -0.231541
v -0.249586 -0.031234 -0.258837
v -0.272638 -0.128327 -0.248769
v -0.247566 -0.104122 -0.271809
v -0.302622 0.029303 -0.071912
v -0.295214 0.091038 -0.043351
v -0.296133 0.069464 -0.090622
v -0.297443 0.078614 -0.079369
v -0.302160 0.037108 -0.035540
v -0.291886 0.094348 -0.019301
v -0.318628 -0.196614 0.333052
v -0.321945 -0.208584 0.427553
v -0.317742 -0.155881 0.345175
v -0.318452 -0.162274 0.389069
v -0.318286 -0.251375 0.367926
v -0.320542 -0.258812 0.418570
v -0.304224 0.001631 0.122539
v -0.289914 0.093199 0.074000
v -0.299324 0.038405 0.141232
v -0.291320 0.085677 0.117180
v -0.301329 0.019443 0.080980
v -0.287662 0.091590 0.057235
v 0.284075 -0.447310 0.340271
v 0.307333 -0.326800 0.277925
v 0.282621 -0.421872 0.281707
v 0.297535 -0.366957 0.253663
v 0.299245 -0.409364 0.366637
v 0.307433 -0.344397 0.332071
v 0.317107 -0.553505 0.545042
v 0.321025 -0.380781 0.563865
v 0.323293 -0.556104 0.621372
v 0.317428 -0.449955 0.618593
v 0.314903 -0.456269 0.492913
v 0.320120 -0.385758 0.506456
v 0.313203 -0.407821 -0.277376
v 0.336573 -0.281041 -0.216289
v 0.347448 -0.447419 -0.246918
v 0.351994 -0.367528 -0.210288
v 0.296977 -0.308755 -0.274967
v 0.312371 -0.257457 -0.248861
v 0.191849 -0.252814 -0.321435
v 0.183146 -0.123676 -0.326903
v 0.159033 -0.207089 -0.335260
v 0.157994 -0.145392 -0.339956
v 0.227633 -0.220863 -0.316908
v 0.214757 -0.158435 -0.311872
v 0.335742 -0.123150 -0.018296
v 0.326180 -0.133701 0.063545
v 0.340543 -0.178777 0.000575
v 0.332695 -0.183562 0.042401
v 0.323624 -0.073831 0.002128
v 0.321539 -0.077879 0.042316
v 0.279087 -0.093645 -0.226554
v 0.235355 -0.050092 -0.272974
v 0.265604 -0.044686 -0.231506
v 0.249311 -0.030781 -0.259030
v 0.272444 -0.127781 -0.248795
v 0.247270 -0.103348 -0.271789
v 0.303542 0.023721 -0.073264
v 0.296666 0.084231 -0.044807
v 0.295764 0.064179 -0.091457
v 0.297912 0.075394 -0.080181
v 0.304357 0.029852 -0.037551
v 0.294670 0.085786 -0.021997
v 0.320700 -0.196566 0.332720
v 0.323107 -0.208425 0.427241
v 0.319464 -0.156296 0.344932
v 0.320116 -0.162292 0.388815
v 0.319804 -0.251217 0.367537
v 0.321319 -0.258752 0.418168
v 0.308184 -0.000883 0.121169
v 0.295454 0.086345 0.071818
v 0.303460 0.034996 0.139726
v 0.297289 0.080755 0.114797
v 0.306209 0.016987 0.079221
v 0.294070 0.085725 0.054639
v 0.140221 -0.080592 0.707007
v 0.227069 -0.123157 0.667419
v 0.144246 -0.129825 0.720293
v 0.190961 -0.152201 0.700206
v 0.176739 -0.058091 0.671187
v 0.216591 -0.078448 0.651699
v -0.140364 -0.080437 0.706856
v -0.227195 -0.123024 0.667236
v -0.144416 -0.129742 0.720209
v -0.191161 -0.152135 0.700158
v -0.176776 -0.057823 0.671009
v -0.216604 -0.078177 0.651489
v 0.119314 0.032048 0.624572
v 0.165947 0.044515 0.535996
v 0.111733 0.058934 0.589675
v 0.135583 0.062730 0.545917
v 0.158402 0.013797 0.619444
v 0.181233 0.022546 0.575077
v -0.119027 0.032294 0.624402
v -0.165697 0.044912 0.536172
v -0.111365 0.059150 0.589493
v -0.135278 0.063012 0.545870
v -0.158073 0.014111 0.619202
v -0.180810 0.022938 0.574943
v 0.270965 -0.059772 0.530006
v 0.241978 -0.004544 0.485203
v 0.272684 -0.043494 0.481928
v 0.260049 -0.017381 0.462169
v 0.250463 -0.043364 0.559535
v 0.234389 -0.014623 0.534224
v -0.270397 -0.059158 0.530133
v -0.241445 -0.003771 0.485862
v -0.271888 -0.042690 0.482327
v -0.259315 -0.016495 0.462902
v -0.249940 -0.042848 0.559485
v -0.234132 -0.013929 0.534695
v 0.106881 0.007764 -0.566513
v 0.144632 0.012347 -0.486662
v 0.092746 0.008714 -0.519468
v 0.113051 0.009110 -0.484001
v 0.146872 0.014062 -0.575169
v 0.162287 0.018718 -0.529637
v -0.105925 0.008268 -0.565593
v -0.143919 0.012259 -0.485614
v -0.091879 0.008948 -0.518638
v -0.112245 0.009136 -0.483040
v -0.146007 0.014046 -0.574107
v -0.161541 0.018584 -0.528547
v 0.160581 0.047304 -0.726790
v 0.267183 0.094615 -0.729303
v 0.173780 0.089629 -0.773578
v 0.231609 0.117721 -0.775510
v 0.197580 0.032863 -0.685155
v 0.245377 0.055079 -0.684974
v -0.160834 0.047171 -0.725594
v -0.267651 0.093928 -0.727916
v -0.175287 0.089307 -0.772470
v -0.233308 0.117220 -0.774226
v -0.197332 0.032369 -0.683860
v -0.244924 0.054500 -0.683430
v 0.226917 0.040857 -0.467551
v 0.266819 0.080087 -0.535736
v 0.247128 0.053716 -0.451736
v 0.263499 0.074351 -0.480747
v 0.222477 0.043364 -0.517315
v 0.246363 0.060418 -0.557574
v -0.226472 0.040421 -0.466533
v -0.266484 0.079398 -0.534557
v -0.246809 0.053210 -0.450846
v -0.263393 0.073667 -0.479832
v -0.221903 0.042956 -0.516138
v -0.245610 0.060050 -0.556167
v -0.106663 0.343081 -0.153505
v -0.119344 0.394361 -0.166565
v -0.087000 0.373182 -0.154731
v -0.099861 0.427202 -0.171607
v -0.129844 0.274980 -0.145785
v -0.094248 0.328263 -0.146678
v -0.121576 0.257294 -0.134434
v -0.156593 0.350370 -0.188531
v -0.125436 0.429927 -0.192238
v -0.169001 0.387461 -0.211929
v -0.154992 0.277277 -0.161544
v -0.177265 0.341626 -0.203175
v -0.170965 0.259509 -0.167191
v -0.142931 0.236663 -0.127813
v -0.166252 0.235777 -0.144755
v 0.114682 0.341519 -0.157086
v 0.128110 0.392047 -0.173696
v 0.099103 0.371212 -0.158106
v 0.113873 0.424482 -0.178941
v 0.132249 0.274300 -0.147587
v 0.102278 0.326900 -0.149123
v 0.123319 0.257088 -0.135605
v 0.161432 0.349310 -0.191842
v 0.136909 0.427861 -0.199073
v 0.174512 0.386492 -0.215293
v 0.156582 0.276478 -0.163367
v 0.180506 0.340886 -0.205453
v 0.171618 0.259028 -0.168325
v 0.143782 0.236628 -0.128688
v 0.166696 0.235514 -0.145658
v -0.256491 -0.533942 0.048459
v -0.281644 -0.606934 -0.009880
v -0.227704 -0.549799 0.046039
v -0.244377 -0.646749 -0.009007
v -0.284348 -0.469062 0.073152
v -0.236624 -0.523687 0.089716
v -0.271080 -0.464539 0.115795
v -0.330620 -0.538900 -0.037937
v -0.292407 -0.692032 -0.035266
v -0.352318 -0.590149 -0.083482
v -0.316997 -0.447048 0.017464
v -0.354245 -0.500224 -0.068555
v -0.333392 -0.404855 -0.003689
v -0.291325 -0.428091 0.100189
v -0.319880 -0.392962 0.038821
v 0.256237 -0.535344 0.049302
v 0.281910 -0.606894 -0.009846
v 0.227285 -0.550898 0.046558
v 0.244583 -0.646759 -0.008886
v 0.284771 -0.470043 0.073256
v 0.236204 -0.525750 0.090482
v 0.271476 -0.465919 0.115938
v 0.331334 -0.538564 -0.038211
v 0.292956 -0.691528 -0.035307
v 0.352285 -0.589096 -0.083791
v 0.317706 -0.447308 0.017173
v 0.353690 -0.499472 -0.068944
v 0.334312 -0.404938 -0.004236
v 0.292098 -0.428994 0.100070
v 0.321117 -0.393272 0.038318
v 0.000717 -0.493104 0.691685
v -0.075695 -0.445729 0.701301
v -0.029933 -0.532727 0.681307
v -0.116551 -0.497572 0.694189
v 0.076949 -0.445562 0.701330
v 0.031490 -0.532759 0.681395
v 0.118109 -0.497376 0.694090
v 0.045342 -0.354841 0.720517
v -0.044577 -0.354898 0.720585
v 0.048650 -0.298765 0.736293
v -0.048170 -0.298823 0.736339
v 0.132418 -0.433423 0.700431
v 0.094772 -0.330515 0.721278
v -0.131266 -0.433661 0.700644
v -0.094136 -0.330669 0.721326
v -0.001249 0.123767 0.287484
v -0.033773 0.117941 0.334812
v -0.012714 0.138120 0.238247
v -0.047887 0.122073 0.292998
v 0.031960 0.117955 0.334643
v 0.010194 0.138183 0.238122
v 0.045661 0.122224 0.292588
v 0.022527 0.114457 0.421412
v -0.023435 0.114452 0.421431
v 0.028277 0.113238 0.479859
v -0.028630 0.113288 0.479921
v 0.056489 0.115597 0.340441
v 0.049485 0.109779 0.435767
v -0.058041 0.115608 0.340621
v -0.050117 0.109720 0.435641
v 0.000032 -0.150553 -0.400500
v -0.033626 -0.109874 -0.398201
v -0.014888 -0.190311 -0.396192
v -0.052124 -0.145317 -0.387377
v 0.033734 -0.109356 -0.398243
v 0.015025 -0.190175 -0.396213
v 0.052227 -0.144670 -0.387440
v 0.019564 -0.040911 -0.416055
v -0.019377 -0.041642 -0.415985
v 0.021569 -0.005761 -0.432202
v -0.021145 -0.006068 -0.431968
v 0.057603 -0.098782 -0.392241
v 0.041028 -0.022898 -0.416556
v -0.057501 -0.099712 -0.392148
v -0.040784 -0.023723 -0.416249
v -0.000455 0.496776 -0.672218
v -0.075960 0.431528 -0.698200
v -0.031199 0.554430 -0.648916
v -0.112805 0.478871 -0.674269
v 0.074369 0.431581 -0.698045
v 0.030980 0.554606 -0.649087
v 0.111846 0.479031 -0.674378
v 0.046533 0.335234 -0.744193
v -0.049515 0.335284 -0.745113
v 0.052826 0.274903 -0.771240
v -0.056790 0.275102 -0.773815
v 0.127756 0.412283 -0.702191
v 0.102003 0.309296 -0.759211
v -0.129382 0.412121 -0.702215
v -0.105341 0.309477 -0.761340
v 0.302180 0.078251 -0.298824
v 0.305665 0.066085 -0.243823
v 0.306220 0.090077 -0.302772
v 0.310928 0.071679 -0.241371
v 0.286610 0.044358 -0.265381
v 0.297188 0.051282 -0.225764
v 0.283447 0.030923 -0.246491
v 0.294872 0.042902 -0.204387
v 0.288911 0.063545 -0.311841
v 0.278031 0.034731 -0.278496
v 0.279794 0.057099 -0.330583
v 0.301637 0.092227 -0.331667
v 0.287736 0.073554 -0.346263
v 0.310448 0.062965 -0.213599
v 0.300527 0.052473 -0.195229
v 0.295274 0.025590 0.276870
v 0.303602 0.037966 0.239256
v 0.292074 0.032908 0.254729
v 0.301914 0.039785 0.213374
v 0.305393 -0.000669 0.306667
v 0.310793 0.043882 0.268125
v 0.307529 -0.016690 0.303134
v 0.307159 0.046565 0.258095
v 0.296490 0.002076 0.320587
v 0.305095 -0.029275 0.331132
v 0.295413 -0.016245 0.351324
v 0.288384 0.025203 0.288595
v 0.289848 0.000306 0.339372
v 0.306394 0.045488 0.207229
v 0.307093 0.057332 0.232494
v -0.303129 0.077792 -0.299191
v -0.306172 0.065472 -0.244673
v -0.307366 0.089341 -0.303311
v -0.310946 0.070927 -0.242399
v -0.287090 0.044049 -0.265521
v -0.298003 0.051030 -0.226245
v -0.283907 0.030806 -0.246557
v -0.295403 0.042718 -0.204776
v -0.289353 0.063159 -0.311861
v -0.278342 0.034431 -0.278454
v -0.279944 0.056711 -0.330396
v -0.302704 0.091498 -0.331893
v -0.287846 0.073115 -0.346097
v -0.310311 0.062015 -0.214951
v -0.301044 0.052344 -0.195796
v -0.292849 0.028757 0.278309
v -0.300568 0.041674 0.240107
v -0.289724 0.036204 0.256347
v -0.298812 0.043908 0.214222
v -0.303280 0.001273 0.307107
v -0.309117 0.046294 0.266838
v -0.305779 -0.015932 0.303078
v -0.305398 0.036635 0.252798
v -0.294306 0.004149 0.321280
v -0.303316 -0.027946 0.331446
v -0.293419 -0.014672 0.351823
v -0.286294 0.027987 0.290222
v -0.287859 0.002225 0.340250
v -0.303103 0.049664 0.207686
v -0.305347 0.060564 0.232957
v 0.003877 0.512159 -0.171885
v 0.000584 0.521933 -0.173709
v -0.014780 0.482745 -0.167659
v -0.011986 0.516847 -0.172390
v 0.034888 0.504317 -0.172100
v 0.042675 0.522636 -0.180900
v 0.050002 0.468301 -0.168349
v 0.059923 0.509016 -0.183002
v 0.017279 0.505360 -0.172289
v -0.003138 0.483422 -0.168018
v 0.009465 0.460685 -0.164077
v 0.019847 0.539075 -0.193336
v -0.009193 0.527214 -0.178003
v 0.006312 0.552966 -0.210019
v 0.035702 0.470497 -0.166230
v 0.016490 0.463609 -0.164721
v 0.059047 0.531526 -0.203115
v 0.029669 0.560494 -0.222355
v -0.054345 0.246821 -0.108097
v -0.101856 0.208753 -0.039607
v -0.062491 0.270309 -0.123282
v -0.104860 0.215634 -0.078378
v -0.047741 0.199345 0.030273
v -0.093670 0.192955 0.100736
v -0.042212 0.184098 0.083611
v -0.082308 0.168642 0.146962
v -0.026269 0.228385 -0.091697
v -0.042954 0.292037 -0.126769
v -0.018088 0.270481 -0.119474
v -0.124819 0.188278 0.062637
v -0.127791 0.195217 -0.021807
v -0.148451 0.170990 0.073179
v -0.027599 0.199106 0.024873
v -0.013399 0.229906 -0.094497
v -0.108965 0.165743 0.154502
v -0.149420 0.170616 0.119451
v -0.173199 0.606663 -0.330773
v -0.290222 0.585410 -0.350852
v -0.163463 0.554597 -0.290275
v -0.250866 0.529191 -0.308974
v -0.197209 0.796655 -0.483955
v -0.223922 0.621618 -0.498679
v -0.138244 0.695929 -0.523190
v -0.205601 0.600032 -0.552696
v -0.142643 0.714920 -0.379552
v -0.127872 0.585346 -0.294418
v -0.091372 0.658114 -0.335104
v -0.355951 0.629674 -0.431065
v -0.331011 0.543745 -0.331156
v -0.443280 0.579989 -0.427227
v -0.111206 0.734771 -0.476367
v -0.087786 0.708449 -0.379623
v -0.245059 0.556751 -0.532926
v -0.334254 0.544118 -0.462772
v -0.238466 0.269998 -0.260893
v -0.240982 0.180423 -0.195906
v -0.226851 0.296421 -0.246459
v -0.222928 0.202331 -0.187665
v -0.272638 0.169227 -0.295118
v -0.290237 0.111722 -0.221173
v -0.287391 0.145906 -0.299673
v -0.303385 0.094119 -0.228417
v -0.258377 0.265806 -0.314635
v -0.240461 0.342492 -0.283567
v -0.261061 0.340459 -0.343093
v -0.278169 0.113494 -0.172061
v -0.242819 0.160950 -0.156918
v -0.281762 0.094309 -0.130505
v -0.276239 0.185203 -0.334596
v -0.268405 0.287437 -0.355946
v -0.308234 0.070834 -0.189430
v -0.298544 0.070537 -0.139044
v -0.227875 0.126200 0.023909
v -0.247955 0.111152 -0.008385
v -0.204390 0.152790 -0.017876
v -0.226301 0.141532 -0.046662
v -0.276647 0.065072 0.143055
v -0.298905 0.040005 0.107918
v -0.281519 0.055341 0.175427
v -0.297247 0.042746 0.133927
v -0.254722 0.096348 0.106082
v -0.203451 0.145590 0.016598
v -0.224067 0.116503 0.098797
v -0.288576 0.056010 0.032808
v -0.247010 0.119017 -0.044932
v -0.288973 0.058199 -0.006481
v -0.270716 0.066370 0.180701
v -0.246551 0.094210 0.144375
v -0.302889 0.037224 0.097944
v -0.307672 0.030161 0.032331
v 0.054211 0.247368 -0.108238
v 0.100222 0.209237 -0.040576
v 0.065050 0.270567 -0.123858
v 0.103455 0.216139 -0.079360
v 0.044893 0.199510 0.030055
v 0.090403 0.192994 0.099906
v 0.039390 0.184242 0.083347
v 0.079667 0.168962 0.146274
v 0.023798 0.228463 -0.091132
v 0.048043 0.292263 -0.126921
v 0.019581 0.270959 -0.119471
v 0.024581 0.199185 0.024748
v 0.009828 0.230022 -0.094474
v 0.122718 0.189158 0.061597
v 0.126561 0.195694 -0.022842
v 0.146944 0.171819 0.071894
v 0.106541 0.166349 0.153529
v 0.147859 0.172225 0.118264
v 0.181188 0.607045 -0.333913
v 0.293378 0.584943 -0.351441
v 0.174421 0.554804 -0.294446
v 0.255474 0.528566 -0.310676
v 0.196160 0.797549 -0.483917
v 0.224453 0.622365 -0.498319
v 0.138146 0.696119 -0.523001
v 0.205638 0.600481 -0.552585
v 0.146963 0.715348 -0.381562
v 0.141868 0.586042 -0.300061
v 0.102968 0.658574 -0.340384
v 0.111058 0.734432 -0.475876
v 0.093665 0.708330 -0.381720
v 0.356238 0.630145 -0.429657
v 0.332903 0.542396 -0.331532
v 0.443499 0.582172 -0.426337
v 0.245105 0.557448 -0.532816
v 0.334190 0.545154 -0.462696
v 0.237591 0.270531 -0.260517
v 0.237956 0.180950 -0.195600
v 0.226515 0.296401 -0.246535
v 0.221078 0.202518 -0.187506
v 0.270272 0.171021 -0.294505
v 0.285750 0.117614 -0.220599
v 0.285165 0.147628 -0.299267
v 0.299380 0.099766 -0.227857
v 0.257854 0.267009 -0.314098
v 0.240271 0.342074 -0.283635
v 0.261395 0.340632 -0.343148
v 0.273689 0.118882 -0.171760
v 0.240330 0.161796 -0.156961
v 0.277570 0.100309 -0.130698
v 0.274689 0.186699 -0.334081
v 0.268216 0.288591 -0.355702
v 0.302257 0.082514 -0.188589
v 0.293411 0.079174 -0.138796
v 0.229926 0.125080 0.023162
v 0.249912 0.109929 -0.008887
v 0.205392 0.152244 -0.018685
v 0.227266 0.140990 -0.047208
v 0.278372 0.063258 0.140926
v 0.304660 0.032567 0.108309
v 0.283288 0.053155 0.173223
v 0.301591 0.036651 0.133654
v 0.254720 0.095241 0.104189
v 0.203975 0.145151 0.015495
v 0.223293 0.116319 0.096779
v 0.290602 0.053156 0.032104
v 0.247648 0.118461 -0.045385
v 0.290705 0.054384 -0.006254
v 0.272704 0.064765 0.178869
v 0.244305 0.094490 0.141236
v 0.307157 0.030268 0.098009
v 0.310490 0.023651 0.032673
v -0.068367 -0.574061 0.063629
v -0.068802 -0.575213 -0.028224
v -0.112171 -0.571371 0.056869
v -0.110718 -0.604550 -0.026209
v 0.065436 -0.573922 0.064560
v 0.067578 -0.574413 -0.028073
v 0.109442 -0.572196 0.058391
v 0.109829 -0.603904 -0.025951
v -0.002006 -0.576417 0.116822
v -0.090886 -0.574443 0.110569
v -0.025417 -0.581520 0.168304
v -0.000483 -0.538480 -0.074450
v -0.089646 -0.598662 -0.070148
v -0.026562 -0.532683 -0.116497
v 0.087318 -0.574336 0.112228
v 0.020453 -0.580510 0.169131
v 0.089304 -0.597749 -0.070139
v 0.026157 -0.532525 -0.116527
v -0.182865 -0.557251 0.316574
v -0.243738 -0.521593 0.338274
v -0.193048 -0.539765 0.251483
v -0.244571 -0.493735 0.274866
v -0.128134 -0.771607 0.498593
v -0.276163 -0.768136 0.545734
v -0.093666 -0.753736 0.607308
v -0.246392 -0.764070 0.648476
v -0.125370 -0.598920 0.395308
v -0.157252 -0.562368 0.263649
v -0.097719 -0.587501 0.336032
v -0.283866 -0.563258 0.437852
v -0.265341 -0.473539 0.309771
v -0.291414 -0.480399 0.402790
v -0.077615 -0.671162 0.523629
v -0.076513 -0.605259 0.399751
v -0.312777 -0.684032 0.610078
v -0.305132 -0.520842 0.470803
v -0.176952 -0.694849 -0.279927
v -0.278646 -0.593181 -0.302699
v -0.214230 -0.782780 -0.229167
v -0.319542 -0.667607 -0.271657
v -0.098899 -0.408053 -0.308566
v -0.151026 -0.343331 -0.319652
v -0.074521 -0.345998 -0.331544
v -0.121869 -0.285145 -0.336744
v -0.104885 -0.532316 -0.265882
v -0.128008 -0.737480 -0.225928
v -0.083566 -0.560965 -0.233470
v -0.227582 -0.391984 -0.301541
v -0.323782 -0.528193 -0.280325
v -0.266677 -0.356609 -0.291819
v -0.058739 -0.399865 -0.310491
v -0.062468 -0.501371 -0.259207
v -0.156893 -0.273745 -0.328716
v -0.227628 -0.303036 -0.307273
v -0.348643 -0.228868 -0.145446
v -0.359398 -0.162353 -0.079309
v -0.359707 -0.299176 -0.132811
v -0.365091 -0.226586 -0.063682
v -0.298950 -0.069082 -0.177304
v -0.306381 -0.028337 -0.125333
v -0.286555 -0.028507 -0.188672
v -0.297775 0.002591 -0.142579
v -0.317348 -0.159515 -0.191321
v -0.349496 -0.295705 -0.175504
v -0.317329 -0.207348 -0.219190
v -0.325270 -0.066086 -0.073111
v -0.350363 -0.170598 -0.039267
v -0.324193 -0.067952 -0.035406
v -0.283859 -0.061007 -0.206647
v -0.296071 -0.147374 -0.222050
v -0.301736 0.014885 -0.107973
v -0.312696 -0.017279 -0.053561
v -0.316721 -0.256261 0.199697
v -0.323162 -0.193032 0.129293
v -0.312017 -0.300101 0.177020
v -0.324078 -0.240570 0.107563
v -0.317444 -0.131861 0.257048
v -0.312995 -0.065550 0.188133
v -0.314473 -0.096164 0.272200
v -0.308537 -0.030101 0.205954
v -0.317324 -0.226492 0.268723
v -0.308387 -0.311232 0.226412
v -0.312971 -0.283775 0.299621
v -0.317097 -0.093486 0.126675
v -0.326019 -0.187045 0.085829
v -0.317194 -0.084136 0.084701
v -0.317447 -0.145189 0.301148
v -0.317085 -0.239875 0.317869
v -0.306719 -0.013149 0.164474
v -0.310478 -0.038646 0.103899
v 0.181460 -0.560670 0.317567
v 0.243062 -0.523661 0.338706
v 0.192218 -0.544011 0.252219
v 0.244158 -0.496011 0.275251
v 0.127964 -0.771690 0.499281
v 0.275304 -0.768520 0.544258
v 0.094255 -0.754513 0.608022
v 0.247584 -0.764331 0.646904
v 0.123035 -0.600503 0.396547
v 0.156152 -0.567993 0.264473
v 0.094331 -0.589837 0.337141
v 0.077403 -0.671512 0.524231
v 0.074053 -0.606288 0.400506
v 0.283337 -0.564143 0.437468
v 0.265027 -0.475224 0.309887
v 0.291114 -0.481226 0.402426
v 0.312963 -0.684471 0.608587
v 0.304668 -0.521266 0.470073
v 0.177635 -0.695058 -0.280148
v 0.279198 -0.593126 -0.302588
v 0.214901 -0.782808 -0.228991
v 0.319923 -0.667265 -0.271444
v 0.099172 -0.407935 -0.308536
v 0.151220 -0.343006 -0.319634
v 0.074782 -0.345849 -0.331483
v 0.122046 -0.284708 -0.336742
v 0.105200 -0.532326 -0.265985
v 0.128406 -0.737742 -0.226426
v 0.083781 -0.561049 -0.233588
v 0.059015 -0.399797 -0.310468
v 0.062731 -0.501359 -0.259271
v 0.227778 -0.391734 -0.301511
v 0.324093 -0.527741 -0.280150
v 0.266769 -0.356320 -0.291800
v 0.157009 -0.273241 -0.328709
v 0.227694 -0.302703 -0.307213
v 0.348285 -0.229696 -0.146228
v 0.359832 -0.163571 -0.080491
v 0.359224 -0.299677 -0.133549
v 0.365361 -0.227398 -0.064786
v 0.298798 -0.068958 -0.177349
v 0.306132 -0.029354 -0.125541
v 0.286182 -0.027992 -0.188294
v 0.297037 0.003326 -0.142073
v 0.318233 -0.158595 -0.191872
v 0.349273 -0.295882 -0.176071
v 0.317396 -0.207072 -0.219531
v 0.326110 -0.068503 -0.074186
v 0.352358 -0.171082 -0.040470
v 0.325929 -0.070668 -0.036727
v 0.283678 -0.060701 -0.206618
v 0.296187 -0.146858 -0.222265
v 0.301534 0.012641 -0.108362
v 0.314018 -0.021327 -0.054909
v 0.317929 -0.257164 0.199272
v 0.324514 -0.194391 0.128683
v 0.313677 -0.300545 0.176466
v 0.325601 -0.241435 0.106886
v 0.318281 -0.134234 0.256852
v 0.314511 -0.068895 0.187670
v 0.315505 -0.098400 0.272078
v 0.310701 -0.032382 0.205517
v 0.318840 -0.227121 0.268339
v 0.309704 -0.311758 0.226001
v 0.314306 -0.284089 0.299234
v 0.319336 -0.095212 0.125869
v 0.327870 -0.188075 0.084988
v 0.320178 -0.084922 0.083616
v 0.318765 -0.146506 0.300931
v 0.319000 -0.239827 0.317459
v 0.309739 -0.015566 0.163563
v 0.314409 -0.039100 0.102677
v 0.048379 -0.083929 0.746170
v -0.048550 -0.083875 0.746100
v 0.052332 -0.133006 0.786766
v -0.052539 -0.132983 0.786602
v 0.041379 0.036515 0.649782
v -0.041219 0.036603 0.649736
v 0.038623 0.063489 0.611515
v -0.038383 0.063561 0.611468
v 0.088662 -0.017347 0.687788
v 0.097451 -0.106287 0.740987
v 0.133266 -0.037998 0.682979
v -0.088677 -0.017183 0.687690
v -0.097626 -0.106219 0.740835
v -0.133298 -0.037763 0.682850
v 0.078953 0.048922 0.622080
v 0.126517 -0.000103 0.655813
v -0.078685 0.049070 0.621954
v -0.126390 0.000158 0.655669
v 0.294097 -0.288700 0.605927
v 0.266535 -0.200101 0.642589
v 0.275294 -0.334646 0.648730
v 0.234158 -0.235857 0.676154
v 0.321718 -0.157199 0.476420
v 0.302748 -0.107126 0.511101
v 0.314618 -0.123306 0.433751
v 0.298461 -0.083157 0.465058
v 0.323578 -0.253070 0.518312
v 0.304494 -0.362721 0.611519
v 0.320932 -0.317279 0.513524
v 0.321004 -0.162882 0.432612
v 0.324037 -0.259517 0.468846
v 0.280030 -0.117383 0.594249
v 0.233158 -0.175541 0.675342
v 0.251186 -0.098646 0.625520
v 0.287161 -0.073119 0.498441
v 0.266201 -0.077204 0.579667
v -0.294133 -0.288937 0.606315
v -0.266539 -0.200173 0.642559
v -0.274994 -0.335074 0.649111
v -0.234133 -0.236008 0.676235
v -0.321267 -0.156917 0.476732
v -0.302470 -0.106515 0.511416
v -0.313663 -0.122813 0.434110
v -0.297844 -0.082295 0.465518
v -0.323634 -0.253147 0.518638
v -0.304259 -0.363223 0.612046
v -0.321076 -0.317404 0.514032
v -0.319939 -0.162760 0.432902
v -0.323888 -0.259523 0.469259
v -0.279965 -0.117088 0.594170
v -0.233289 -0.175548 0.675274
v -0.251152 -0.098370 0.625337
v -0.286634 -0.072363 0.498784
v -0.265928 -0.076758 0.579591
v 0.163678 0.084605 0.350192
v 0.164084 0.064173 0.441048
v 0.136387 0.095649 0.349710
v 0.136027 0.077913 0.445339
v 0.237522 0.049453 0.339830
v 0.236026 0.025322 0.410127
v 0.255464 0.040551 0.329567
v 0.254532 0.015307 0.394956
v 0.202348 0.077880 0.305749
v 0.149239 0.102069 0.303300
v 0.186879 0.097531 0.260148
v 0.247078 0.055785 0.297959
v 0.212049 0.084344 0.261260
v 0.204226 0.031478 0.470504
v 0.150371 0.062443 0.491735
v 0.193847 0.026756 0.521829
v 0.248033 0.005381 0.438330
v 0.219728 0.010382 0.505201
v -0.164865 0.084089 0.352346
v -0.164213 0.064321 0.441815
v -0.137449 0.095359 0.350973
v -0.136279 0.078020 0.445853
v -0.236343 0.049946 0.340783
v -0.235505 0.026137 0.411308
v -0.254043 0.041639 0.330878
v -0.253695 0.016431 0.396228
v -0.201934 0.078047 0.306596
v -0.150442 0.101611 0.304849
v -0.187946 0.096858 0.262293
v -0.245080 0.056684 0.298399
v -0.212914 0.083668 0.263856
v -0.204060 0.032054 0.471305
v -0.150384 0.062729 0.492207
v -0.193826 0.027350 0.522488
v -0.248290 0.006455 0.440280
v -0.220069 0.011262 0.506536
v 0.037464 0.002344 -0.584167
v -0.036684 0.002559 -0.583900
v 0.032249 0.006467 -0.536358
v -0.031427 0.006633 -0.536048
v 0.053738 0.051398 -0.735266
v -0.056276 0.045971 -0.740239
v 0.057622 0.094672 -0.773863
v -0.061640 0.088784 -0.781820
v 0.092621 0.007315 -0.658160
v 0.068064 0.005723 -0.553205
v 0.125784 0.005844 -0.619965
v -0.091993 0.007206 -0.657795
v -0.067153 0.006312 -0.552530
v -0.124836 0.005868 -0.619027
v 0.113443 0.067005 -0.759036
v 0.144520 0.018484 -0.674737
v -0.115267 0.065072 -0.760476
v -0.143895 0.018515 -0.673622
v 0.153758 -0.035088 -0.350821
v 0.146297 -0.000390 -0.410935
v 0.129711 -0.049320 -0.362437
v 0.118366 -0.001534 -0.412441
v 0.221507 -0.007863 -0.324744
v 0.219743 0.018412 -0.391808
v 0.239558 0.001833 -0.315450
v 0.238915 0.028388 -0.379698
v 0.196911 -0.045664 -0.312674
v 0.155398 -0.087597 -0.344260
v 0.204472 -0.100060 -0.310872
v 0.234603 -0.018241 -0.289890
v 0.221360 -0.075180 -0.292083
v 0.186429 0.015859 -0.442142
v 0.130439 0.005959 -0.447680
v 0.174953 0.019123 -0.485085
v 0.232359 0.035488 -0.421846
v 0.202696 0.028934 -0.478765
v -0.153738 -0.036212 -0.350386
v -0.145719 -0.000538 -0.409751
v -0.129676 -0.050623 -0.362137
v -0.117648 -0.001603 -0.411279
v -0.221516 -0.008391 -0.324024
v -0.219506 0.017948 -0.390977
v -0.239577 0.001433 -0.314909
v -0.238733 0.027939 -0.379014
v -0.197143 -0.047029 -0.312514
v -0.155461 -0.088851 -0.344101
v -0.204691 -0.101234 -0.310867
v -0.234781 -0.018790 -0.289473
v -0.221755 -0.076468 -0.292197
v -0.185954 0.015532 -0.441115
v -0.129739 0.005874 -0.446595
v -0.174340 0.018894 -0.483993
v -0.232109 0.035035 -0.420976
v -0.202176 0.028588 -0.477687
v 0.295218 0.284108 -0.645335
v 0.307293 0.183581 -0.719618
v 0.269728 0.320297 -0.679218
v 0.274467 0.214318 -0.763640
v 0.294399 0.189664 -0.494859
v 0.293836 0.130149 -0.529394
v 0.293516 0.161692 -0.448961
v 0.287991 0.115426 -0.475220
v 0.290873 0.273691 -0.537808
v 0.273693 0.350768 -0.617989
v 0.284868 0.334200 -0.525718
v 0.290969 0.201475 -0.451106
v 0.286915 0.290495 -0.487363
v 0.301977 0.112844 -0.636274
v 0.278966 0.148588 -0.759021
v 0.281017 0.082169 -0.668298
v 0.279833 0.099184 -0.507406
v 0.274826 0.081731 -0.598823
v -0.296026 0.282745 -0.644863
v -0.307808 0.182519 -0.718345
v -0.270380 0.319286 -0.678178
v -0.276232 0.213633 -0.762214
v -0.294859 0.188308 -0.494462
v -0.294216 0.128881 -0.528609
v -0.294028 0.160426 -0.448733
v -0.288310 0.114401 -0.474601
v -0.291304 0.272280 -0.537439
v -0.274264 0.349628 -0.617435
v -0.285205 0.332793 -0.525463
v -0.291565 0.200087 -0.450974
v -0.287282 0.289078 -0.487175
v -0.301449 0.111936 -0.634644
v -0.280027 0.147859 -0.757537
v -0.280604 0.081522 -0.666733
v -0.280104 0.098164 -0.506568
v -0.273920 0.081297 -0.597141
v 0.311934 0.053465 -0.070039
v 0.305201 0.075904 -0.056816
v 0.312768 0.055295 -0.108429
v 0.305442 0.070930 -0.093563
v 0.308750 0.050643 0.050474
v 0.301414 0.074190 0.062681
v 0.308213 0.050913 0.091060
v 0.302087 0.071906 0.104858
v 0.313654 0.038410 -0.017013
v 0.316128 0.044727 -0.097967
v 0.317656 0.025434 -0.044849
v 0.311300 0.039341 0.064272
v 0.316441 0.023684 -0.002733
v 0.297688 0.089048 0.006373
v 0.300642 0.079300 -0.068907
v 0.295716 0.088952 -0.007901
v 0.296951 0.084437 0.088971
v 0.295142 0.089406 0.031014
v -0.310754 0.057162 -0.070234
v -0.304357 0.081506 -0.056541
v -0.312258 0.057432 -0.108963
v -0.304984 0.072744 -0.093376
v -0.305543 0.056883 0.051037
v -0.297118 0.080948 0.063947
v -0.304892 0.057010 0.091830
v -0.297723 0.077618 0.106305
v -0.311108 0.043700 -0.017016
v -0.315002 0.046858 -0.098507
v -0.315165 0.029880 -0.045067
v -0.308074 0.045862 0.064621
v -0.313400 0.029869 -0.002884
v -0.294637 0.098624 0.007516
v -0.300068 0.083415 -0.068226
v -0.292266 0.098406 -0.006132
v -0.290908 0.090497 0.090873
v -0.289745 0.098754 0.032922
v -0.052188 0.391030 -0.152944
v -0.062551 0.340718 -0.142657
v -0.077296 0.492187 -0.198993
v -0.111281 0.499436 -0.225962
v -0.041584 0.372462 -0.146907
v -0.081689 0.525702 -0.225976
v -0.134837 0.210716 -0.085514
v -0.159154 0.196023 -0.069271
v -0.156194 0.187209 -0.039604
v -0.217774 0.429235 -0.261339
v -0.214971 0.375157 -0.248041
v -0.237942 0.429593 -0.281618
v -0.204397 0.200727 -0.147245
v -0.205032 0.185402 -0.114740
v -0.224958 0.165604 -0.115808
v 0.069951 0.387457 -0.154606
v 0.073677 0.338991 -0.144004
v 0.101771 0.490729 -0.207047
v 0.129045 0.499135 -0.232379
v 0.057238 0.370040 -0.147819
v 0.106105 0.526323 -0.234616
v 0.134407 0.210993 -0.086389
v 0.159230 0.196154 -0.070066
v 0.155886 0.187381 -0.040557
v 0.220393 0.428751 -0.263103
v 0.216519 0.374575 -0.249256
v 0.238728 0.428686 -0.282431
v 0.204044 0.201213 -0.147511
v 0.205045 0.185496 -0.115210
v 0.224354 0.166035 -0.116138
v -0.170948 -0.555658 0.098866
v -0.187593 -0.542953 0.146681
v -0.172503 -0.706119 -0.052449
v -0.203907 -0.790923 -0.091218
v -0.152079 -0.560447 0.153783
v -0.126284 -0.750841 -0.095629
v -0.272290 -0.435916 0.196550
v -0.290677 -0.391393 0.175081
v -0.285130 -0.402593 0.226637
v -0.366350 -0.560668 -0.177238
v -0.367423 -0.458557 -0.145964
v -0.363257 -0.464652 -0.199043
v -0.343167 -0.291107 -0.001940
v -0.331868 -0.289617 0.041291
v -0.337419 -0.234933 0.021149
v 0.169384 -0.558805 0.100214
v 0.186678 -0.547125 0.147660
v 0.172661 -0.705848 -0.052216
v 0.204497 -0.790876 -0.090987
v 0.150863 -0.565692 0.154812
v 0.126653 -0.750218 -0.095282
v 0.272538 -0.437527 0.196660
v 0.291613 -0.392339 0.174853
v 0.285498 -0.403873 0.226569
v 0.366322 -0.559716 -0.177470
v 0.367381 -0.458013 -0.146462
v 0.363087 -0.464018 -0.199255
v 0.344658 -0.291469 -0.002833
v 0.333349 -0.290137 0.040525
v 0.339159 -0.235574 0.020202
v -0.033488 -0.569090 0.639348
v 0.034895 -0.569316 0.639708
v -0.238839 -0.562778 0.698249
v -0.242930 -0.463092 0.688365
v 0.000785 -0.559353 0.590553
v -0.291630 -0.517159 0.667679
v 0.241167 -0.562022 0.697850
v 0.244135 -0.462461 0.687899
v 0.292607 -0.516264 0.666574
v 0.098257 -0.214899 0.741047
v 0.147525 -0.240995 0.722580
v -0.098189 -0.214924 0.741094
v -0.147369 -0.241120 0.722561
v 0.146481 -0.183678 0.724161
v -0.146537 -0.183696 0.724093
v -0.012065 0.168403 0.133701
v 0.009320 0.168455 0.133616
v -0.085031 0.133178 0.248365
v -0.098344 0.116361 0.300364
v -0.001462 0.183769 0.078626
v -0.110755 0.127998 0.252597
v 0.082991 0.133554 0.247596
v 0.096733 0.116613 0.299605
v 0.108893 0.128637 0.251462
v 0.067538 0.093395 0.542909
v 0.090940 0.093327 0.499560
v -0.067332 0.093433 0.542784
v -0.091061 0.093542 0.499814
v 0.102584 0.079755 0.549034
v -0.102299 0.079916 0.548913
v -0.018197 -0.284697 -0.376365
v 0.018604 -0.284651 -0.376415
v -0.101713 -0.178034 -0.361571
v -0.104924 -0.123779 -0.367567
v 0.000168 -0.340408 -0.342542
v -0.130343 -0.164502 -0.350931
v 0.101792 -0.177272 -0.361588
v 0.104959 -0.122656 -0.367678
v 0.130387 -0.163599 -0.350994
v 0.051756 0.011850 -0.468829
v 0.072183 0.006948 -0.441756
v -0.050887 0.011807 -0.468220
v -0.071403 0.006628 -0.440979
v 0.081667 0.009202 -0.477876
v -0.080818 0.009282 -0.477043
v -0.035577 0.661474 -0.581801
v 0.036072 0.661231 -0.581668
v -0.209479 0.508156 -0.646746
v -0.217328 0.429901 -0.669783
v 0.000303 0.687594 -0.529426
v -0.241295 0.465344 -0.625339
v 0.208691 0.508195 -0.646925
v 0.216313 0.430346 -0.670199
v 0.240845 0.466157 -0.625789
v 0.123676 0.177801 -0.819937
v 0.180522 0.214367 -0.816426
v -0.127446 0.177884 -0.820944
v -0.183848 0.214190 -0.815410
v 0.181669 0.146504 -0.807946
v -0.184314 0.146355 -0.806561
v 0.296763 0.134033 -0.337614
v 0.296347 0.137455 -0.372191
v 0.317237 0.063965 -0.203571
v 0.316182 0.057677 -0.173566
v 0.290349 0.167423 -0.373151
v 0.321939 0.049336 -0.166888
v 0.273121 0.000015 -0.237937
v 0.263823 0.005637 -0.270260
v 0.296977 0.043059 -0.149773
v 0.300476 0.057437 -0.138686
v 0.262221 -0.014818 -0.248339
v 0.298436 0.062807 -0.114786
v 0.265321 0.057378 -0.388252
v 0.276559 0.077346 -0.409414
v 0.263497 0.066287 -0.432032
v 0.281330 0.044468 0.240002
v 0.275682 0.040030 0.278003
v 0.304755 0.039396 0.151140
v 0.307854 0.043286 0.142090
v 0.272041 0.051937 0.250629
v 0.308806 0.035987 0.114864
v 0.312804 -0.078713 0.322710
v 0.311940 -0.087123 0.359306
v 0.300922 0.062352 0.203943
v 0.301420 0.070687 0.176434
v 0.316551 -0.119430 0.353897
v 0.299576 0.073383 0.159376
v 0.286478 -0.034223 0.411870
v 0.278260 -0.011769 0.397215
v 0.274921 -0.027417 0.437649
v -0.298289 0.132714 -0.337995
v -0.297885 0.135749 -0.372609
v -0.318714 0.062898 -0.204286
v -0.316344 0.057040 -0.174709
v -0.291577 0.165989 -0.373416
v -0.322997 0.047364 -0.168343
v -0.273451 -0.000334 -0.238008
v -0.264037 0.005402 -0.270061
v -0.297210 0.043207 -0.149965
v -0.300585 0.057917 -0.138850
v -0.262481 -0.015003 -0.248204
v -0.298206 0.062673 -0.114765
v -0.265178 0.056918 -0.387706
v -0.276260 0.076833 -0.408853
v -0.263357 0.065716 -0.431317
v -0.279298 0.047028 0.241865
v -0.273864 0.042204 0.279765
v -0.301224 0.044979 0.151686
v -0.304527 0.049029 0.142781
v -0.270215 0.053765 0.252454
v -0.305016 0.042632 0.115017
v -0.311130 -0.077978 0.322771
v -0.310235 -0.086534 0.359498
v -0.297815 0.064936 0.204556
v -0.297816 0.074145 0.177635
v -0.314660 -0.119098 0.354071
v -0.295906 0.077367 0.160949
v -0.285019 -0.033099 0.412358
v -0.276565 -0.010562 0.397783
v -0.273721 -0.026437 0.438176
v -0.000221 0.332874 -0.134736
v 0.009269 0.333505 -0.134876
v 0.000922 0.278249 -0.122269
v -0.009694 0.623909 -0.276031
v 0.030776 0.622594 -0.292841
v 0.007016 0.656217 -0.333161
v -0.190783 0.130849 0.130930
v -0.183135 0.125404 0.172560
v -0.207647 0.109147 0.177334
v -0.295093 0.432572 -0.416332
v -0.288087 0.420262 -0.464823
v -0.281686 0.359668 -0.431614
v -0.309059 0.031288 -0.050535
v -0.313583 0.029802 -0.062676
v -0.311687 0.027917 -0.020333
v 0.189647 0.131380 0.129016
v 0.181811 0.126166 0.170574
v 0.206562 0.109632 0.175016
v 0.294528 0.433330 -0.418263
v 0.287676 0.422074 -0.465055
v 0.281845 0.360912 -0.431875
v 0.303410 0.039711 -0.052426
v 0.315371 0.026394 -0.062051
v 0.313890 0.022503 -0.019559
v -0.026201 -0.591128 0.280401
v 0.021424 -0.590335 0.281177
v -0.001803 -0.597229 0.340736
v -0.024733 -0.520425 -0.194172
v 0.024886 -0.520401 -0.194226
v 0.000096 -0.508747 -0.226252
v -0.309793 -0.362323 0.388883
v -0.314992 -0.377928 0.447449
v -0.316974 -0.310901 0.405905
v -0.282275 -0.226587 -0.275287
v -0.250707 -0.190573 -0.298098
v -0.263147 -0.161428 -0.272540
v -0.310702 -0.018773 0.022824
v -0.300863 0.037783 0.001745
v -0.299882 0.033436 0.040576
v 0.310007 -0.362712 0.388426
v 0.314841 -0.378129 0.446860
v 0.316988 -0.311234 0.405436
v 0.282065 -0.226336 -0.275289
v 0.250508 -0.190201 -0.298018
v 0.262894 -0.160953 -0.272514
v 0.314022 -0.022019 0.021085
v 0.304384 0.031717 -0.000433
v 0.304651 0.029494 0.038505
v 0.205710 -0.039147 0.631425
v 0.194206 -0.005357 0.606297
v 0.224895 -0.024878 0.585574
v -0.205518 -0.038801 0.631177
v -0.193839 -0.004988 0.606056
v -0.224479 -0.024432 0.585421
v 0.185084 0.025489 -0.577377
v 0.214896 0.033994 -0.630625
v 0.218727 0.041693 -0.571585
v -0.184306 0.025199 -0.576162
v -0.214019 0.033609 -0.629149
v -0.218004 0.041320 -0.570242
f 1 647 644
f 1 644 643
f 1 643 645
f 1 645 646
f 1 646 647
f 2 649 652
f 6 672 670
f 12 702 699
f 11 696 695
f 8 679 681
f 4 662 659
f 4 659 658
f 4 658 660
f 4 660 661
f 4 661 662
f 5 666 665
f 3 654 657
f 7 673 677
f 9 685 686
f 10 692 688
f 12 701 698
f 6 669 668
f 2 650 648
f 8 682 678
f 11 697 693
f 6 671 669
f 12 700 701
f 11 694 697
f 8 680 682
f 2 651 650
f 10 690 689
f 5 663 664
f 3 655 653
f 7 676 674
f 9 687 684
f 10 691 690
f 5 667 663
f 3 656 655
f 7 675 676
f 9 683 687
f 6 668 672
f 2 648 649
f 8 678 679
f 11 693 696
f 12 698 702
f 10 688 691
f 5 665 667
f 3 657 656
f 7 677 675
f 9 686 683
f 5 664 666
f 3 653 654
f 7 674 673
f 9 684 685
f 10 689 692
f 6 670 671
f 12 699 700
f 11 695 694
f 8 681 680
f 2 652 651
f 35 837 838
f 18 735 736
f 19 742 741
f 40 868 867
f 42 880 879
f 34 832 831
f 33 827 828
f 25 778 780
f 36 844 846
f 20 749 747
f 32 819 820
f 23 765 767
f 24 773 771
f 37 850 849
f 41 876 875
f 34 833 834
f 33 826 825
f 25 779 777
f 36 845 843
f 20 748 750
f 17 729 727
f 14 711 709
f 13 706 703
f 15 718 715
f 16 724 721
f 18 737 733
f 35 839 835
f 42 882 878
f 40 870 866
f 19 744 740
f 30 807 805
f 27 789 787
f 22 762 758
f 28 797 793
f 29 802 799
f 32 821 817
f 23 766 763
f 24 774 770
f 37 852 848
f 41 874 872
f 35 838 836
f 18 736 734
f 19 741 739
f 40 867 865
f 42 879 877
f 34 831 829
f 33 828 824
f 25 780 776
f 36 846 842
f 20 747 745
f 32 820 818
f 23 767 764
f 24 771 769
f 37 849 847
f 41 875 871
f 34 834 830
f 33 825 823
f 25 777 775
f 36 843 841
f 20 750 746
f 14 714 710
f 13 707 704
f 15 719 716
f 16 725 722
f 17 732 728
f 21 755 752
f 31 814 811
f 26 784 781
f 38 857 853
f 39 862 860
f 27 792 788
f 22 759 757
f 28 796 794
f 29 803 800
f 30 810 806
f 31 815 812
f 26 785 782
f 38 856 854
f 39 863 859
f 21 754 751
f 14 712 714
f 13 705 707
f 15 717 719
f 16 723 725
f 17 730 732
f 21 753 755
f 31 816 814
f 26 786 784
f 38 858 857
f 39 861 862
f 27 791 792
f 22 761 759
f 28 795 796
f 29 801 803
f 30 808 810
f 31 813 815
f 26 783 785
f 38 855 856
f 39 864 863
f 21 756 754
f 14 709 712
f 13 703 705
f 15 715 717
f 16 721 723
f 17 727 730
f 21 751 753
f 31 812 816
f 26 782 786
f 38 854 858
f 39 859 861
f 27 787 791
f 22 758 761
f 28 793 795
f 29 799 801
f 30 805 808
f 31 811 813
f 26 781 783
f 38 853 855
f 39 860 864
f 21 752 756
f 17 728 731
f 14 710 713
f 13 704 708
f 15 716 720
f 16 722 726
f 18 734 738
f 35 836 840
f 42 877 881
f 40 865 869
f 19 739 743
f 30 806 809
f 27 788 790
f 22 757 760
f 28 794 798
f 29 800 804
f 32 818 822
f 23 764 768
f 24 769 772
f 37 847 851
f 41 871 873
f 35 835 837
f 18 733 735
f 19 740 742
f 40 866 868
f 42 878 880
f 34 830 832
f 33 823 827
f 25 775 778
f 36 841 844
f 20 746 749
f 32 817 819
f 23 763 765
f 24 770 773
f 37 848 850
f 41 872 876
f 34 829 833
f 33 824 826
f 25 776 779
f 36 842 845
f 20 745 748
f 17 731 729
f 14 713 711
f 13 708 706
f 15 720 718
f 16 726 724
f 18 738 737
f 35 840 839
f 42 881 882
f 40 869 870
f 19 743 744
f 30 809 807
f 27 790 789
f 22 760 762
f 28 798 797
f 29 804 802
f 32 822 821
f 23 768 766
f 24 772 774
f 37 851 852
f 41 873 874
f 107 1269 1270
f 103 1245 1246
f 104 1252 1251
f 110 1288 1287
f 113 1306 1305
f 118 1336 1335
f 154 1551 1552
f 141 1473 1474
f 162 1599 1600
f 121 1354 1353
f 142 1479 1480
f 129 1401 1402
f 130 1408 1407
f 144 1492 1491
f 146 1504 1503
f 151 1533 1534
f 131 1414 1413
f 136 1444 1443
f 161 1594 1593
f 126 1383 1384
f 116 1323 1324
f 108 1275 1276
f 106 1263 1264
f 112 1299 1300
f 115 1317 1318
f 119 1341 1342
f 156 1564 1563
f 139 1462 1461
f 160 1588 1587
f 120 1347 1348
f 149 1521 1522
f 132 1420 1419
f 128 1395 1396
f 145 1497 1498
f 148 1515 1516
f 155 1557 1558
f 133 1425 1426
f 134 1431 1432
f 157 1570 1569
f 124 1372 1371
f 109 1282 1281
f 105 1258 1257
f 111 1294 1293
f 114 1312 1311
f 117 1330 1329
f 125 1378 1377
f 152 1540 1539
f 137 1449 1450
f 158 1575 1576
f 123 1365 1366
f 143 1486 1485
f 127 1390 1389
f 135 1437 1438
f 147 1510 1509
f 150 1528 1527
f 153 1546 1545
f 140 1468 1467
f 138 1455 1456
f 159 1581 1582
f 122 1359 1360
f 107 1272 1271
f 103 1248 1247
f 104 1253 1254
f 110 1289 1290
f 113 1307 1308
f 118 1337 1338
f 154 1554 1553
f 141 1476 1475
f 162 1602 1601
f 121 1355 1356
f 142 1482 1481
f 129 1404 1403
f 130 1409 1410
f 144 1493 1494
f 146 1505 1506
f 151 1536 1535
f 131 1415 1416
f 136 1445 1446
f 161 1595 1596
f 126 1386 1385
f 47 909 907
f 44 891 889
f 43 886 883
f 45 898 895
f 46 904 901
f 49 922 919
f 72 1060 1057
f 102 1240 1237
f 96 1204 1201
f 79 1102 1099
f 62 999 997
f 59 981 979
f 58 976 973
f 60 988 985
f 61 994 991
f 66 1024 1021
f 54 952 949
f 73 1066 1063
f 85 1138 1135
f 92 1179 1177
f 101 1233 1231
f 69 1041 1039
f 50 927 925
f 82 1119 1117
f 97 1209 1207
f 71 1053 1051
f 100 1228 1225
f 94 1192 1189
f 80 1108 1105
f 51 933 931
f 90 1167 1165
f 63 1005 1003
f 55 957 955
f 76 1083 1081
f 87 1150 1147
f 91 1174 1171
f 67 1029 1027
f 56 963 961
f 75 1077 1075
f 83 1126 1123
f 68 1036 1033
f 48 915 913
f 78 1095 1093
f 93 1185 1183
f 98 1216 1213
f 88 1155 1153
f 65 1018 1015
f 57 970 967
f 77 1090 1087
f 86 1143 1141
f 64 1012 1009
f 53 945 943
f 74 1071 1069
f 84 1131 1129
f 89 1162 1159
f 70 1047 1045
f 99 1221 1219
f 95 1197 1195
f 81 1114 1111
f 52 940 937
f 109 1284 1280
f 105 1260 1256
f 111 1296 1292
f 114 1314 1310
f 117 1332 1328
f 125 1380 1376
f 152 1542 1538
f 137 1451 1447
f 158 1577 1573
f 123 1367 1363
f 143 1488 1484
f 127 1392 1388
f 135 1439 1435
f 147 1512 1508
f 150 1530 1526
f 153 1548 1544
f 140 1470 1466
f 138 1457 1453
f 159 1583 1579
f 122 1361 1357
f 107 1270 1268
f 103 1246 1244
f 104 1251 1249
f 110 1287 1285
f 113 1305 1303
f 118 1335 1333
f 154 1552 1550
f 141 1474 1472
f 162 1600 1598
f 121 1353 1351
f 142 1480 1478
f 129 1402 1400
f 130 1407 1405
f 144 1491 1489
f 146 1503 1501
f 151 1534 1532
f 131 1413 1411
f 136 1443 1441
f 161 1593 1591
f 126 1384 1382
f 116 1324 1322
f 108 1276 1274
f 106 1264 1262
f 112 1300 1298
f 115 1318 1316
f 119 1342 1340
f 156 1563 1561
f 139 1461 1459
f 160 1587 1585
f 120 1348 1346
f 149 1522 1520
f 132 1419 1417
f 128 1396 1394
f 145 1498 1496
f 148 1516 1514
f 155 1558 1556
f 133 1426 1424
f 134 1432 1430
f 157 1569 1567
f 124 1371 1369
f 109 1281 1279
f 105 1257 1255
f 111 1293 1291
f 114 1311 1309
f 117 1329 1327
f 125 1377 1375
f 152 1539 1537
f 137 1450 1448
f 158 1576 1574
f 123 1366 1364
f 143 1485 1483
f 127 1389 1387
f 135 1438 1436
f 147 1509 1507
f 150 1527 1525
f 153 1545 1543
f 140 1467 1465
f 138 1456 1454
f 159 1582 1580
f 122 1360 1358
f 107 1271 1267
f 103 1247 1243
f 104 1254 1250
f 110 1290 1286
f 113 1308 1304
f 118 1338 1334
f 154 1553 1549
f 141 1475 1471
f 162 1601 1597
f 121 1356 1352
f 142 1481 1477
f 129 1403 1399
f 130 1410 1406
f 144 1494 1490
f 146 1506 1502
f 151 1535 1531
f 131 1416 1412
f 136 1446 1442
f 161 1596 1592
f 126 1385 1381
f 44 894 890
f 43 887 884
f 45 899 896
f 46 905 902
f 47 912 908
f 52 941 938
f 70 1050 1046
f 99 1224 1220
f 95 1200 1196
f 81 1115 1112
f 59 984 980
f 58 977 974
f 60 989 986
f 61 995 992
f 62 1002 998
f 65 1019 1016
f 57 971 968
f 77 1091 1088
f 86 1146 1142
f 88 1158 1154
f 98 1217 1214
f 68 1037 1034
f 48 918 914
f 78 1098 1094
f 93 1188 1184
f 69 1044 1040
f 101 1236 1232
f 97 1212 1208
f 82 1122 1118
f 50 930 926
f 89 1163 1160
f 64 1013 1010
f 53 948 944
f 74 1074 1070
f 84 1134 1130
f 90 1170 1166
f 63 1008 1004
f 55 960 956
f 76 1086 1082
f 87 1151 1148
f 72 1061 1058
f 49 923 920
f 79 1103 1100
f 96 1205 1202
f 102 1241 1238
f 91 1175 1172
f 67 1032 1028
f 56 966 962
f 75 1080 1076
f 83 1127 1124
f 66 1025 1022
f 54 953 950
f 73 1067 1064
f 85 1139 1136
f 92 1182 1178
f 71 1056 1052
f 100 1229 1226
f 94 1193 1190
f 80 1109 1106
f 51 936 932
f 116 1325 1321
f 108 1277 1273
f 106 1265 1261
f 112 1301 1297
f 115 1319 1315
f 119 1343 1339
f 156 1566 1562
f 139 1464 1460
f 160 1590 1586
f 120 1349 1345
f 149 1523 1519
f 132 1422 1418
f 128 1397 1393
f 145 1499 1495
f 148 1517 1513
f 155 1559 1555
f 133 1427 1423
f 134 1433 1429
f 157 1572 1568
f 124 1374 1370
f 44 892 894
f 43 885 887
f 45 897 899
f 46 903 905
f 47 910 912
f 52 939 941
f 70 1048 1050
f 99 1222 1224
f 95 1198 1200
f 81 1113 1115
f 59 982 984
f 58 975 977
f 60 987 989
f 61 993 995
f 62 1000 1002
f 65 1017 1019
f 57 969 971
f 77 1089 1091
f 86 1144 1146
f 88 1156 1158
f 98 1215 1217
f 68 1035 1037
f 48 916 918
f 78 1096 1098
f 93 1186 1188
f 69 1042 1044
f 101 1234 1236
f 97 1210 1212
f 82 1120 1122
f 50 928 930
f 89 1161 1163
f 64 1011 1013
f 53 946 948
f 74 1072 1074
f 84 1132 1134
f 90 1168 1170
f 63 1006 1008
f 55 958 960
f 76 1084 1086
f 87 1149 1151
f 72 1059 1061
f 49 921 923
f 79 1101 1103
f 96 1203 1205
f 102 1239 1241
f 91 1173 1175
f 67 1030 1032
f 56 964 966
f 75 1078 1080
f 83 1125 1127
f 66 1023 1025
f 54 951 953
f 73 1065 1067
f 85 1137 1139
f 92 1180 1182
f 71 1054 1056
f 100 1227 1229
f 94 1191 1193
f 80 1107 1109
f 51 934 936
f 116 1326 1325
f 108 1278 1277
f 106 1266 1265
f 112 1302 1301
f 115 1320 1319
f 119 1344 1343
f 156 1565 1566
f 139 1463 1464
f 160 1589 1590
f 120 1350 1349
f 149 1524 1523
f 132 1421 1422
f 128 1398 1397
f 145 1500 1499
f 148 1518 1517
f 155 1560 1559
f 133 1428 1427
f 134 1434 1433
f 157 1571 1572
f 124 1373 1374
f 44 889 892
f 43 883 885
f 45 895 897
f 46 901 903
f 47 907 910
f 52 937 939
f 70 1045 1048
f 99 1219 1222
f 95 1195 1198
f 81 1111 1113
f 59 979 982
f 58 973 975
f 60 985 987
f 61 991 993
f 62 997 1000
f 65 1015 1017
f 57 967 969
f 77 1087 1089
f 86 1141 1144
f 88 1153 1156
f 98 1213 1215
f 68 1033 1035
f 48 913 916
f 78 1093 1096
f 93 1183 1186
f 69 1039 1042
f 101 1231 1234
f 97 1207 1210
f 82 1117 1120
f 50 925 928
f 89 1159 1161
f 64 1009 1011
f 53 943 946
f 74 1069 1072
f 84 1129 1132
f 90 1165 1168
f 63 1003 1006
f 55 955 958
f 76 1081 1084
f 87 1147 1149
f 72 1057 1059
f 49 919 921
f 79 1099 1101
f 96 1201 1203
f 102 1237 1239
f 91 1171 1173
f 67 1027 1030
f 56 961 964
f 75 1075 1078
f 83 1123 1125
f 66 1021 1023
f 54 949 951
f 73 1063 1065
f 85 1135 1137
f 92 1177 1180
f 71 1051 1054
f 100 1225 1227
f 94 1189 1191
f 80 1105 1107
f 51 931 934
f 116 1322 1326
f 108 1274 1278
f 106 1262 1266
f 112 1298 1302
f 115 1316 1320
f 119 1340 1344
f 156 1561 1565
f 139 1459 1463
f 160 1585 1589
f 120 1346 1350
f 149 1520 1524
f 132 1417 1421
f 128 1394 1398
f 145 1496 1500
f 148 1514 1518
f 155 1556 1560
f 133 1424 1428
f 134 1430 1434
f 157 1567 1571
f 124 1369 1373
f 47 908 911
f 44 890 893
f 43 884 888
f 45 896 900
f 46 902 906
f 49 920 924
f 72 1058 1062
f 102 1238 1242
f 96 1202 1206
f 79 1100 1104
f 62 998 1001
f 59 980 983
f 58 974 978
f 60 986 990
f 61 992 996
f 66 1022 1026
f 54 950 954
f 73 1064 1068
f 85 1136 1140
f 92 1178 1181
f 101 1232 1235
f 69 1040 1043
f 50 926 929
f 82 1118 1121
f 97 1208 1211
f 71 1052 1055
f 100 1226 1230
f 94 1190 1194
f 80 1106 1110
f 51 932 935
f 90 1166 1169
f 63 1004 1007
f 55 956 959
f 76 1082 1085
f 87 1148 1152
f 91 1172 1176
f 67 1028 1031
f 56 962 965
f 75 1076 1079
f 83 1124 1128
f 68 1034 1038
f 48 914 917
f 78 1094 1097
f 93 1184 1187
f 98 1214 1218
f 88 1154 1157
f 65 1016 1020
f 57 968 972
f 77 1088 1092
f 86 1142 1145
f 64 1010 1014
f 53 944 947
f 74 1070 1073
f 84 1130 1133
f 89 1160 1164
f 70 1046 1049
f 99 1220 1223
f 95 1196 1199
f 81 1112 1116
f 52 938 942
f 109 1279 1283
f 105 1255 1259
f 111 1291 1295
f 114 1309 1313
f 117 1327 1331
f 125 1375 1379
f 152 1537 1541
f 137 1448 1452
f 158 1574 1578
f 123 1364 1368
f 143 1483 1487
f 127 1387 1391
f 135 1436 1440
f 147 1507 1511
f 150 1525 1529
f 153 1543 1547
f 140 1465 1469
f 138 1454 1458
f 159 1580 1584
f 122 1358 1362
f 107 1267 1269
f 103 1243 1245
f 104 1250 1252
f 110 1286 1288
f 113 1304 1306
f 118 1334 1336
f 154 1549 1551
f 141 1471 1473
f 162 1597 1599
f 121 1352 1354
f 142 1477 1479
f 129 1399 1401
f 130 1406 1408
f 144 1490 1492
f 146 1502 1504
f 151 1531 1533
f 131 1412 1414
f 136 1442 1444
f 161 1592 1594
f 126 1381 1383
f 116 1321 1323
f 108 1273 1275
f 106 1261 1263
f 112 1297 1299
f 115 1315 1317
f 119 1339 1341
f 156 1562 1564
f 139 1460 1462
f 160 1586 1588
f 120 1345 1347
f 149 1519 1521
f 132 1418 1420
f 128 1393 1395
f 145 1495 1497
f 148 1513 1515
f 155 1555 1557
f 133 1423 1425
f 134 1429 1431
f 157 1568 1570
f 124 1370 1372
f 109 1280 1282
f 105 1256 1258
f 111 1292 1294
f 114 1310 1312
f 117 1328 1330
f 125 1376 1378
f 152 1538 1540
f 137 1447 1449
f 158 1573 1575
f 123 1363 1365
f 143 1484 1486
f 127 1388 1390
f 135 1435 1437
f 147 1508 1510
f 150 1526 1528
f 153 1544 1546
f 140 1466 1468
f 138 1453 1455
f 159 1579 1581
f 122 1357 1359
f 107 1268 1272
f 103 1244 1248
f 104 1249 1253
f 110 1285 1289
f 113 1303 1307
f 118 1333 1337
f 154 1550 1554
f 141 1472 1476
f 162 1598 1602
f 121 1351 1355
f 142 1478 1482
f 129 1400 1404
f 130 1405 1409
f 144 1489 1493
f 146 1501 1505
f 151 1532 1536
f 131 1411 1415
f 136 1441 1445
f 161 1591 1595
f 126 1382 1386
f 47 911 909
f 44 893 891
f 43 888 886
f 45 900 898
f 46 906 904
f 49 924 922
f 72 1062 1060
f 102 1242 1240
f 96 1206 1204
f 79 1104 1102
f 62 1001 999
f 59 983 981
f 58 978 976
f 60 990 988
f 61 996 994
f 66 1026 1024
f 54 954 952
f 73 1068 1066
f 85 1140 1138
f 92 1181 1179
f 101 1235 1233
f 69 1043 1041
f 50 929 927
f 82 1121 1119
f 97 1211 1209
f 71 1055 1053
f 100 1230 1228
f 94 1194 1192
f 80 1110 1108
f 51 935 933
f 90 1169 1167
f 63 1007 1005
f 55 959 957
f 76 1085 1083
f 87 1152 1150
f 91 1176 1174
f 67 1031 1029
f 56 965 963
f 75 1079 1077
f 83 1128 1126
f 68 1038 1036
f 48 917 915
f 78 1097 1095
f 93 1187 1185
f 98 1218 1216
f 88 1157 1155
f 65 1020 1018
f 57 972 970
f 77 1092 1090
f 86 1145 1143
f 64 1014 1012
f 53 947 945
f 74 1073 1071
f 84 1133 1131
f 89 1164 1162
f 70 1049 1047
f 99 1223 1221
f 95 1199 1197
f 81 1116 1114
f 52 942 940
f 109 1283 1284
f 105 1259 1260
f 111 1295 1296
f 114 1313 1314
f 117 1331 1332
f 125 1379 1380
f 152 1541 1542
f 137 1452 1451
f 158 1578 1577
f 123 1368 1367
f 143 1487 1488
f 127 1391 1392
f 135 1440 1439
f 147 1511 1512
f 150 1529 1530
f 153 1547 1548
f 140 1469 1470
f 138 1458 1457
f 159 1584 1583
f 122 1362 1361
f 407 1609 1616
f 403 1605 1608
f 404 1611 1606
f 410 1614 1612
f 413 1617 1615
f 422 1631 1624
f 486 1688 1692
f 573 1775 1782
f 561 1763 1765
f 512 1719 1714
f 452 1654 1661
f 448 1650 1653
f 449 1656 1651
f 455 1659 1657
f 458 1662 1660
f 470 1672 1675
f 437 1646 1639
f 494 1706 1696
f 531 1735 1733
f 539 1741 1751
f 568 1770 1779
f 478 1680 1683
f 419 1621 1626
f 509 1711 1721
f 554 1756 1766
f 482 1684 1689
f 576 1780 1778
f 558 1767 1760
f 516 1722 1718
f 425 1627 1629
f 542 1744 1747
f 463 1668 1665
f 434 1636 1641
f 497 1699 1704
f 528 1730 1737
f 546 1748 1750
f 464 1666 1676
f 440 1642 1644
f 500 1705 1702
f 524 1736 1726
f 479 1691 1681
f 418 1623 1620
f 508 1713 1710
f 553 1764 1755
f 569 1781 1771
f 538 1749 1740
f 471 1677 1673
f 443 1645 1647
f 501 1703 1707
f 523 1725 1734
f 467 1674 1669
f 433 1638 1635
f 493 1695 1698
f 527 1732 1729
f 543 1752 1745
f 485 1690 1687
f 572 1777 1774
f 557 1759 1762
f 515 1717 1720
f 428 1630 1632
f 591 2191 2189
f 587 1885 1883
f 588 1901 1903
f 594 2279 2281
f 597 2315 2317
f 600 2171 2173
f 634 2160 2158
f 619 2016 2012
f 639 2214 2210
f 602 1919 1924
f 624 2137 2135
f 608 1978 1973
f 610 1991 1996
f 627 2225 2227
f 630 2302 2304
f 635 2178 2176
f 615 2153 2155
f 617 2009 2014
f 637 2207 2212
f 604 1926 1922
f 416 1857 1864
f 408 1803 1810
f 406 1786 1795
f 412 1822 1831
f 415 1840 1849
f 424 1876 1887
f 492 2182 2193
f 582 2312 2321
f 565 2276 2285
f 514 1898 1907
f 461 2091 2098
f 453 2037 2044
f 451 1952 1961
f 457 2056 2067
f 460 2074 2083
f 475 2128 2139
f 439 1966 1975
f 496 1988 1997
f 533 2222 2231
f 551 2293 2298
f 579 2185 2190
f 483 1879 1884
f 426 1893 1900
f 521 2271 2278
f 566 2307 2314
f 489 2163 2170
f 578 2150 2159
f 560 2006 2015
f 518 2204 2213
f 429 1911 1918
f 547 2131 2136
f 465 1969 1977
f 441 1983 1990
f 504 2217 2224
f 537 2290 2301
f 550 2168 2177
f 476 2145 2152
f 444 2001 2008
f 502 2199 2206
f 526 1916 1925
f 481 1808 1817
f 420 1789 1797
f 510 1825 1833
f 555 1843 1851
f 571 1862 1871
f 540 1933 1941
f 473 2110 2119
f 447 2020 2029
f 507 2236 2247
f 534 2257 2262
f 469 2042 2051
f 435 1947 1954
f 498 2059 2064
f 529 2077 2085
f 545 2096 2105
f 487 2113 2121
f 574 2023 2031
f 562 2239 2244
f 520 2254 2265
f 432 1930 1939
f 589 1818 1814
f 583 1798 1793
f 586 1834 1829
f 593 1852 1847
f 596 1872 1868
f 599 1942 1937
f 633 2120 2124
f 620 2030 2034
f 640 2248 2250
f 603 2263 2261
f 622 2052 2050
f 607 1955 1960
f 612 2065 2063
f 626 2086 2081
f 629 2106 2102
f 631 2122 2117
f 614 2032 2027
f 618 2245 2243
f 641 2266 2268
f 605 1940 1944
f 409 1813 1804
f 405 1792 1785
f 411 1828 1821
f 414 1846 1839
f 417 1867 1858
f 431 1936 1929
f 488 2123 2114
f 575 2033 2024
f 563 2249 2240
f 519 2260 2253
f 454 2049 2038
f 450 1959 1951
f 456 2062 2055
f 459 2080 2073
f 462 2101 2092
f 472 2116 2109
f 446 2026 2019
f 506 2242 2235
f 535 2267 2258
f 541 1943 1934
f 570 1869 1861
f 480 1815 1807
f 421 1799 1790
f 511 1835 1826
f 556 1853 1844
f 484 1889 1880
f 580 2195 2186
f 567 2319 2308
f 522 2283 2272
f 427 1905 1894
f 544 2103 2095
f 468 2046 2041
f 436 1957 1948
f 499 2069 2060
f 530 2087 2078
f 548 2141 2132
f 466 1979 1970
f 442 1993 1984
f 505 2229 2218
f 536 2296 2289
f 491 2188 2181
f 423 1882 1875
f 513 1902 1897
f 564 2280 2275
f 581 2316 2311
f 549 2172 2167
f 477 2157 2146
f 445 2011 2002
f 503 2209 2200
f 525 1923 1915
f 474 2134 2127
f 438 1972 1965
f 495 1995 1987
f 532 2226 2221
f 552 2303 2294
f 490 2175 2164
f 577 2154 2149
f 559 2013 2005
f 517 2211 2203
f 430 1921 1912
f 590 1865 1870
f 584 1811 1816
f 585 1796 1800
f 592 1832 1836
f 595 1850 1854
f 598 1888 1890
f 636 2194 2196
f 621 2322 2320
f 642 2286 2284
f 601 1908 1906
f 623 2099 2104
f 611 2045 2047
f 609 1962 1958
f 625 2068 2070
f 628 2084 2088
f 632 2140 2142
f 613 1976 1980
f 616 1998 1994
f 638 2232 2230
f 606 2299 2297
f 407 2330 2329
f 403 2324 2323
f 404 2325 2326
f 410 2332 2333
f 413 2335 2336
f 422 2344 2345
f 486 2410 2409
f 573 2497 2496
f 561 2486 2485
f 512 2434 2435
f 452 2375 2374
f 448 2369 2368
f 449 2370 2371
f 455 2377 2378
f 458 2380 2381
f 470 2393 2392
f 437 2359 2360
f 494 2415 2416
f 531 2455 2456
f 539 2461 2460
f 568 2489 2488
f 478 2399 2398
f 419 2341 2340
f 509 2431 2430
f 554 2476 2475
f 482 2405 2404
f 576 2500 2501
f 558 2481 2482
f 516 2439 2440
f 425 2348 2347
f 542 2465 2464
f 463 2383 2384
f 434 2356 2355
f 497 2420 2419
f 528 2452 2451
f 546 2471 2470
f 464 2386 2385
f 440 2363 2362
f 500 2422 2423
f 524 2445 2446
f 479 2400 2401
f 418 2338 2339
f 508 2428 2429
f 553 2473 2474
f 569 2490 2491
f 538 2458 2459
f 471 2394 2395
f 443 2366 2365
f 501 2425 2424
f 523 2444 2443
f 467 2389 2390
f 433 2353 2354
f 493 2414 2413
f 527 2449 2450
f 543 2466 2467
f 485 2407 2408
f 572 2494 2495
f 557 2480 2479
f 515 2438 2437
f 428 2351 2350
f 591 2510 2511
f 587 2504 2505
f 588 2508 2507
f 594 2514 2513
f 597 2517 2516
f 600 2520 2519
f 634 2554 2556
f 619 2539 2540
f 639 2560 2561
f 602 2523 2521
f 624 2543 2544
f 608 2527 2529
f 610 2532 2530
f 627 2547 2546
f 630 2550 2549
f 635 2552 2553
f 615 2535 2534
f 617 2538 2536
f 637 2558 2557
f 604 2524 2525
f 167 1607 647
f 164 1603 644
f 163 1604 643
f 165 1610 645
f 166 1613 646
f 169 1622 649
f 192 1686 672
f 222 1773 702
f 216 1761 696
f 199 1712 679
f 182 1652 662
f 179 1648 659
f 178 1649 658
f 180 1655 660
f 181 1658 661
f 186 1670 666
f 174 1637 654
f 193 1694 673
f 205 1731 685
f 212 1739 692
f 221 1768 701
f 189 1678 669
f 170 1619 650
f 202 1709 682
f 217 1754 697
f 191 1682 671
f 220 1776 700
f 214 1758 694
f 200 1716 680
f 171 1625 651
f 210 1742 690
f 183 1663 663
f 175 1634 655
f 196 1697 676
f 207 1728 687
f 211 1746 691
f 187 1664 667
f 176 1640 656
f 195 1700 675
f 203 1724 683
f 188 1679 668
f 168 1618 648
f 198 1708 678
f 213 1753 693
f 218 1769 698
f 208 1738 688
f 185 1671 665
f 177 1643 657
f 197 1701 677
f 206 1723 686
f 184 1667 664
f 173 1633 653
f 194 1693 674
f 204 1727 684
f 209 1743 689
f 190 1685 670
f 219 1772 699
f 215 1757 695
f 201 1715 681
f 172 1628 652
f 357 2187 837
f 255 1881 735
f 262 1899 742
f 388 2277 868
f 400 2313 880
f 352 2169 832
f 347 2156 827
f 298 2010 778
f 364 2208 844
f 269 1917 749
f 339 2133 819
f 285 1971 765
f 293 1989 773
f 370 2223 850
f 396 2300 876
f 353 2174 833
f 346 2151 826
f 299 2007 779
f 365 2205 845
f 268 1920 748
f 249 1855 729
f 231 1801 711
f 226 1784 706
f 238 1820 718
f 244 1838 724
f 257 1874 737
f 359 2180 839
f 402 2310 882
f 390 2274 870
f 264 1896 744
f 327 2089 807
f 309 2035 789
f 282 1950 762
f 317 2054 797
f 322 2072 802
f 341 2126 821
f 286 1964 766
f 294 1986 774
f 372 2220 852
f 394 2291 874
f 358 2183 838
f 256 1877 736
f 261 1891 741
f 387 2269 867
f 399 2305 879
f 351 2161 831
f 348 2148 828
f 300 2004 780
f 366 2202 846
f 267 1909 747
f 340 2129 820
f 287 1967 767
f 291 1981 771
f 369 2215 849
f 395 2288 875
f 354 2166 834
f 345 2143 825
f 297 1999 777
f 363 2197 843
f 270 1914 750
f 234 1806 714
f 227 1787 707
f 239 1823 719
f 245 1841 725
f 252 1860 732
f 275 1931 755
f 334 2108 814
f 304 2018 784
f 377 2234 857
f 382 2255 862
f 312 2040 792
f 279 1945 759
f 316 2057 796
f 323 2075 803
f 330 2094 810
f 335 2111 815
f 305 2021 785
f 376 2237 856
f 383 2252 863
f 274 1928 754
f 232 1812 712
f 225 1791 705
f 237 1827 717
f 243 1845 723
f 250 1866 730
f 273 1935 753
f 336 2118 816
f 306 2028 786
f 378 2246 858
f 381 2259 861
f 311 2048 791
f 281 1953 761
f 315 2061 795
f 321 2079 801
f 328 2100 808
f 333 2115 813
f 303 2025 783
f 375 2241 855
f 384 2264 864
f 276 1938 756
f 229 1802 709
f 223 1783 703
f 235 1819 715
f 241 1837 721
f 247 1856 727
f 271 1927 751
f 332 2112 812
f 302 2022 782
f 374 2238 854
f 379 2251 859
f 307 2036 787
f 278 1949 758
f 313 2053 793
f 319 2071 799
f 325 2090 805
f 331 2107 811
f 301 2017 781
f 373 2233 853
f 380 2256 860
f 272 1932 752
f 248 1859 728
f 230 1805 710
f 224 1788 704
f 236 1824 716
f 242 1842 722
f 254 1878 734
f 356 2184 836
f 397 2306 877
f 385 2270 865
f 259 1892 739
f 326 2093 806
f 308 2039 788
f 277 1946 757
f 314 2058 794
f 320 2076 800
f 338 2130 818
f 284 1968 764
f 289 1982 769
f 367 2216 847
f 391 2287 871
f 355 2179 835
f 253 1873 733
f 260 1895 740
f 386 2273 866
f 398 2309 878
f 350 2165 830
f 343 2144 823
f 295 2000 775
f 361 2198 841
f 266 1913 746
f 337 2125 817
f 283 1963 763
f 290 1985 770
f 368 2219 848
f 392 2292 872
f 349 2162 829
f 344 2147 824
f 296 2003 776
f 362 2201 842
f 265 1910 745
f 251 1863 731
f 233 1809 713
f 228 1794 708
f 240 1830 720
f 246 1848 726
f 258 1886 738
f 360 2192 840
f 401 2318 881
f 389 2282 869
f 263 1904 743
f 329 2097 809
f 310 2043 790
f 280 1956 760
f 318 2066 798
f 324 2082 804
f 342 2138 822
f 288 1974 768
f 292 1992 772
f 371 2228 851
f 393 2295 873
f 409 2331 1269
f 405 2327 1245
f 411 2328 1252
f 414 2334 1288
f 417 2337 1306
f 431 2346 1336
f 488 2412 1551
f 575 2499 1473
f 563 2487 1599
f 519 2436 1354
f 454 2376 1479
f 450 2372 1401
f 456 2373 1408
f 459 2379 1492
f 462 2382 1504
f 472 2396 1533
f 446 2361 1414
f 506 2418 1444
f 535 2457 1594
f 541 2463 1383
f 570 2492 1323
f 480 2402 1275
f 421 2343 1263
f 511 2433 1299
f 556 2478 1317
f 484 2406 1341
f 580 2502 1564
f 567 2484 1462
f 522 2442 1588
f 427 2349 1347
f 544 2468 1521
f 468 2387 1420
f 436 2358 1395
f 499 2421 1497
f 530 2454 1515
f 548 2472 1557
f 466 2388 1425
f 442 2364 1431
f 505 2426 1570
f 536 2448 1372
f 491 2403 1282
f 423 2342 1258
f 513 2432 1294
f 564 2477 1312
f 581 2493 1330
f 549 2462 1378
f 477 2397 1540
f 445 2367 1449
f 503 2427 1575
f 525 2447 1365
f 474 2391 1486
f 438 2357 1390
f 495 2417 1437
f 532 2453 1510
f 552 2469 1528
f 490 2411 1546
f 577 2498 1468
f 559 2483 1455
f 517 2441 1581
f 430 2352 1359
f 590 2509 1272
f 584 2503 1248
f 585 2506 1253
f 592 2512 1289
f 595 2515 1307
f 598 2518 1337
f 636 2555 1554
f 621 2541 1476
f 642 2562 1602
f 601 2522 1355
f 623 2542 1482
f 611 2528 1404
f 609 2531 1409
f 625 2545 1493
f 628 2548 1505
f 632 2551 1536
f 613 2533 1415
f 616 2537 1445
f 638 2559 1595
f 606 2526 1386
f 407 1616 909
f 403 1608 891
f 404 1606 886
f 410 1612 898
f 413 1615 904
f 422 1624 922
f 486 1692 1060
f 573 1782 1240
f 561 1765 1204
f 512 1714 1102
f 452 1661 999
f 448 1653 981
f 449 1651 976
f 455 1657 988
f 458 1660 994
f 470 1675 1024
f 437 1639 952
f 494 1696 1066
f 531 1733 1138
f 539 1751 1179
f 568 1779 1233
f 478 1683 1041
f 419 1626 927
f 509 1721 1119
f 554 1766 1209
f 482 1689 1053
f 576 1778 1228
f 558 1760 1192
f 516 1718 1108
f 425 1629 933
f 542 1747 1167
f 463 1665 1005
f 434 1641 957
f 497 1704 1083
f 528 1737 1150
f 546 1750 1174
f 464 1676 1029
f 440 1644 963
f 500 1702 1077
f 524 1726 1126
f 479 1681 1036
f 418 1620 915
f 508 1710 1095
f 553 1755 1185
f 569 1771 1216
f 538 1740 1155
f 471 1673 1018
f 443 1647 970
f 501 1707 1090
f 523 1734 1143
f 467 1669 1012
f 433 1635 945
f 493 1698 1071
f 527 1729 1131
f 543 1745 1162
f 485 1687 1047
f 572 1774 1221
f 557 1762 1197
f 515 1720 1114
f 428 1632 940
f 591 2189 1284
f 587 1883 1260
f 588 1903 1296
f 594 2281 1314
f 597 2317 1332
f 600 2173 1380
f 634 2158 1542
f 619 2012 1451
f 639 2210 1577
f 602 1924 1367
f 624 2135 1488
f 608 1973 1392
f 610 1996 1439
f 627 2227 1512
f 630 2304 1530
f 635 2176 1548
f 615 2155 1470
f 617 2014 1457
f 637 2212 1583
f 604 1922 1361
f 416 1864 1270
f 408 1810 1246
f 406 1795 1251
f 412 1831 1287
f 415 1849 1305
f 424 1887 1335
f 492 2193 1552
f 582 2321 1474
f 565 2285 1600
f 514 1907 1353
f 461 2098 1480
f 453 2044 1402
f 451 1961 1407
f 457 2067 1491
f 460 2083 1503
f 475 2139 1534
f 439 1975 1413
f 496 1997 1443
f 533 2231 1593
f 551 2298 1384
f 579 2190 1324
f 483 1884 1276
f 426 1900 1264
f 521 2278 1300
f 566 2314 1318
f 489 2170 1342
f 578 2159 1563
f 560 2015 1461
f 518 2213 1587
f 429 1918 1348
f 547 2136 1522
f 465 1977 1419
f 441 1990 1396
f 504 2224 1498
f 537 2301 1516
f 550 2177 1558
f 476 2152 1426
f 444 2008 1432
f 502 2206 1569
f 526 1925 1371
f 481 1817 1281
f 420 1797 1257
f 510 1833 1293
f 555 1851 1311
f 571 1871 1329
f 540 1941 1377
f 473 2119 1539
f 447 2029 1450
f 507 2247 1576
f 534 2262 1366
f 469 2051 1485
f 435 1954 1389
f 498 2064 1438
f 529 2085 1509
f 545 2105 1527
f 487 2121 1545
f 574 2031 1467
f 562 2244 1456
f 520 2265 1582
f 432 1939 1360
f 589 1814 1271
f 583 1793 1247
f 586 1829 1254
f 593 1847 1290
f 596 1868 1308
f 599 1937 1338
f 633 2124 1553
f 620 2034 1475
f 640 2250 1601
f 603 2261 1356
f 622 2050 1481
f 607 1960 1403
f 612 2063 1410
f 626 2081 1494
f 629 2102 1506
f 631 2117 1535
f 614 2027 1416
f 618 2243 1446
f 641 2268 1596
f 605 1944 1385
f 409 1804 894
f 405 1785 887
f 411 1821 899
f 414 1839 905
f 417 1858 912
f 431 1929 941
f 488 2114 1050
f 575 2024 1224
f 563 2240 1200
f 519 2253 1115
f 454 2038 984
f 450 1951 977
f 456 2055 989
f 459 2073 995
f 462 2092 1002
f 472 2109 1019
f 446 2019 971
f 506 2235 1091
f 535 2258 1146
f 541 1934 1158
f 570 1861 1217
f 480 1807 1037
f 421 1790 918
f 511 1826 1098
f 556 1844 1188
f 484 1880 1044
f 580 2186 1236
f 567 2308 1212
f 522 2272 1122
f 427 1894 930
f 544 2095 1163
f 468 2041 1013
f 436 1948 948
f 499 2060 1074
f 530 2078 1134
f 548 2132 1170
f 466 1970 1008
f 442 1984 960
f 505 2218 1086
f 536 2289 1151
f 491 2181 1061
f 423 1875 923
f 513 1897 1103
f 564 2275 1205
f 581 2311 1241
f 549 2167 1175
f 477 2146 1032
f 445 2002 966
f 503 2200 1080
f 525 1915 1127
f 474 2127 1025
f 438 1965 953
f 495 1987 1067
f 532 2221 1139
f 552 2294 1182
f 490 2164 1056
f 577 2149 1229
f 559 2005 1193
f 517 2203 1109
f 430 1912 936
f 590 1870 1325
f 584 1816 1277
f 585 1800 1265
f 592 1836 1301
f 595 1854 1319
f 598 1890 1343
f 636 2196 1566
f 621 2320 1464
f 642 2284 1590
f 601 1906 1349
f 623 2104 1523
f 611 2047 1422
f 609 1958 1397
f 625 2070 1499
f 628 2088 1517
f 632 2142 1559
f 613 1980 1427
f 616 1994 1433
f 638 2230 1572
f 606 2297 1374
f 407 2329 892
f 403 2323 885
f 404 2326 897
f 410 2333 903
f 413 2336 910
f 422 2345 939
f 486 2409 1048
f 573 2496 1222
f 561 2485 1198
f 512 2435 1113
f 452 2374 982
f 448 2368 975
f 449 2371 987
f 455 2378 993
f 458 2381 1000
f 470 2392 1017
f 437 2360 969
f 494 2416 1089
f 531 2456 1144
f 539 2460 1156
f 568 2488 1215
f 478 2398 1035
f 419 2340 916
f 509 2430 1096
f 554 2475 1186
f 482 2404 1042
f 576 2501 1234
f 558 2482 1210
f 516 2440 1120
f 425 2347 928
f 542 2464 1161
f 463 2384 1011
f 434 2355 946
f 497 2419 1072
f 528 2451 1132
f 546 2470 1168
f 464 2385 1006
f 440 2362 958
f 500 2423 1084
f 524 2446 1149
f 479 2401 1059
f 418 2339 921
f 508 2429 1101
f 553 2474 1203
f 569 2491 1239
f 538 2459 1173
f 471 2395 1030
f 443 2365 964
f 501 2424 1078
f 523 2443 1125
f 467 2390 1023
f 433 2354 951
f 493 2413 1065
f 527 2450 1137
f 543 2467 1180
f 485 2408 1054
f 572 2495 1227
f 557 2479 1191
f 515 2437 1107
f 428 2350 934
f 591 2511 1326
f 587 2505 1278
f 588 2507 1266
f 594 2513 1302
f 597 2516 1320
f 600 2519 1344
f 634 2556 1565
f 619 2540 1463
f 639 2561 1589
f 602 2521 1350
f 624 2544 1524
f 608 2529 1421
f 610 2530 1398
f 627 2546 1500
f 630 2549 1518
f 635 2553 1560
f 615 2534 1428
f 617 2536 1434
f 637 2557 1571
f 604 2525 1373
f 164 1609 889
f 163 1605 883
f 165 1611 895
f 166 1614 901
f 167 1617 907
f 172 1631 937
f 190 1688 1045
f 219 1775 1219
f 215 1763 1195
f 201 1719 1111
f 179 1654 979
f 178 1650 973
f 180 1656 985
f 181 1659 991
f 182 1662 997
f 185 1672 1015
f 177 1646 967
f 197 1706 1087
f 206 1735 1141
f 208 1741 1153
f 218 1770 1213
f 188 1680 1033
f 168 1621 913
f 198 1711 1093
f 213 1756 1183
f 189 1684 1039
f 221 1780 1231
f 217 1767 1207
f 202 1722 1117
f 170 1627 925
f 209 1744 1159
f 184 1668 1009
f 173 1636 943
f 194 1699 1069
f 204 1730 1129
f 210 1748 1165
f 183 1666 1003
f 175 1642 955
f 196 1705 1081
f 207 1736 1147
f 192 1691 1057
f 169 1623 919
f 199 1713 1099
f 216 1764 1201
f 222 1781 1237
f 211 1749 1171
f 187 1677 1027
f 176 1645 961
f 195 1703 1075
f 203 1725 1123
f 186 1674 1021
f 174 1638 949
f 193 1695 1063
f 205 1732 1135
f 212 1752 1177
f 191 1690 1051
f 220 1777 1225
f 214 1759 1189
f 200 1717 1105
f 171 1630 931
f 358 2191 1322
f 256 1885 1274
f 261 1901 1262
f 387 2279 1298
f 399 2315 1316
f 351 2171 1340
f 348 2160 1561
f 300 2016 1459
f 366 2214 1585
f 267 1919 1346
f 340 2137 1520
f 287 1978 1417
f 291 1991 1394
f 369 2225 1496
f 395 2302 1514
f 354 2178 1556
f 345 2153 1424
f 297 2009 1430
f 363 2207 1567
f 270 1926 1369
f 247 1857 908
f 229 1803 890
f 223 1786 884
f 235 1822 896
f 241 1840 902
f 253 1876 920
f 355 2182 1058
f 398 2312 1238
f 386 2276 1202
f 260 1898 1100
f 325 2091 998
f 307 2037 980
f 278 1952 974
f 313 2056 986
f 319 2074 992
f 337 2128 1022
f 283 1966 950
f 290 1988 1064
f 368 2222 1136
f 392 2293 1178
f 356 2185 1232
f 254 1879 1040
f 259 1893 926
f 385 2271 1118
f 397 2307 1208
f 349 2163 1052
f 344 2150 1226
f 296 2006 1190
f 362 2204 1106
f 265 1911 932
f 338 2131 1166
f 284 1969 1004
f 289 1983 956
f 367 2217 1082
f 391 2290 1148
f 350 2168 1172
f 343 2145 1028
f 295 2001 962
f 361 2199 1076
f 266 1916 1124
f 230 1808 1034
f 224 1789 914
f 236 1825 1094
f 242 1843 1184
f 248 1862 1214
f 272 1933 1154
f 331 2110 1016
f 301 2020 968
f 373 2236 1088
f 380 2257 1142
f 308 2042 1010
f 277 1947 944
f 314 2059 1070
f 320 2077 1130
f 326 2096 1160
f 332 2113 1046
f 302 2023 1220
f 374 2239 1196
f 379 2254 1112
f 271 1930 938
f 234 1818 1279
f 227 1798 1255
f 239 1834 1291
f 245 1852 1309
f 252 1872 1327
f 275 1942 1375
f 334 2120 1537
f 304 2030 1448
f 377 2248 1574
f 382 2263 1364
f 312 2052 1483
f 279 1955 1387
f 316 2065 1436
f 323 2086 1507
f 330 2106 1525
f 335 2122 1543
f 305 2032 1465
f 376 2245 1454
f 383 2266 1580
f 274 1940 1358
f 232 1813 1267
f 225 1792 1243
f 237 1828 1250
f 243 1846 1286
f 250 1867 1304
f 273 1936 1334
f 336 2123 1549
f 306 2033 1471
f 378 2249 1597
f 381 2260 1352
f 311 2049 1477
f 281 1959 1399
f 315 2062 1406
f 321 2080 1490
f 328 2101 1502
f 333 2116 1531
f 303 2026 1412
f 375 2242 1442
f 384 2267 1592
f 276 1943 1381
f 251 1869 1321
f 233 1815 1273
f 228 1799 1261
f 240 1835 1297
f 246 1853 1315
f 258 1889 1339
f 360 2195 1562
f 401 2319 1460
f 389 2283 1586
f 263 1905 1345
f 329 2103 1519
f 310 2046 1418
f 280 1957 1393
f 318 2069 1495
f 324 2087 1513
f 342 2141 1555
f 288 1979 1423
f 292 1993 1429
f 371 2229 1568
f 393 2296 1370
f 357 2188 1280
f 255 1882 1256
f 262 1902 1292
f 388 2280 1310
f 400 2316 1328
f 352 2172 1376
f 347 2157 1538
f 298 2011 1447
f 364 2209 1573
f 269 1923 1363
f 339 2134 1484
f 285 1972 1388
f 293 1995 1435
f 370 2226 1508
f 396 2303 1526
f 353 2175 1544
f 346 2154 1466
f 299 2013 1453
f 365 2211 1579
f 268 1921 1357
f 249 1865 1268
f 231 1811 1244
f 226 1796 1249
f 238 1832 1285
f 244 1850 1303
f 257 1888 1333
f 359 2194 1550
f 402 2322 1472
f 390 2286 1598
f 264 1908 1351
f 327 2099 1478
f 309 2045 1400
f 282 1962 1405
f 317 2068 1489
f 322 2084 1501
f 341 2140 1532
f 286 1976 1411
f 294 1998 1441
f 372 2232 1591
f 394 2299 1382
f 416 2330 911
f 408 2324 893
f 406 2325 888
f 412 2332 900
f 415 2335 906
f 424 2344 924
f 492 2410 1062
f 582 2497 1242
f 565 2486 1206
f 514 2434 1104
f 461 2375 1001
f 453 2369 983
f 451 2370 978
f 457 2377 990
f 460 2380 996
f 475 2393 1026
f 439 2359 954
f 496 2415 1068
f 533 2455 1140
f 551 2461 1181
f 579 2489 1235
f 483 2399 1043
f 426 2341 929
f 521 2431 1121
f 566 2476 1211
f 489 2405 1055
f 578 2500 1230
f 560 2481 1194
f 518 2439 1110
f 429 2348 935
f 547 2465 1169
f 465 2383 1007
f 441 2356 959
f 504 2420 1085
f 537 2452 1152
f 550 2471 1176
f 476 2386 1031
f 444 2363 965
f 502 2422 1079
f 526 2445 1128
f 481 2400 1038
f 420 2338 917
f 510 2428 1097
f 555 2473 1187
f 571 2490 1218
f 540 2458 1157
f 473 2394 1020
f 447 2366 972
f 507 2425 1092
f 534 2444 1145
f 469 2389 1014
f 435 2353 947
f 498 2414 1073
f 529 2449 1133
f 545 2466 1164
f 487 2407 1049
f 574 2494 1223
f 562 2480 1199
f 520 2438 1116
f 432 2351 942
f 589 2510 1283
f 583 2504 1259
f 586 2508 1295
f 593 2514 1313
f 596 2517 1331
f 599 2520 1379
f 633 2554 1541
f 620 2539 1452
f 640 2560 1578
f 603 2523 1368
f 622 2543 1487
f 607 2527 1391
f 612 2532 1440
f 626 2547 1511
f 629 2550 1529
f 631 2552 1547
f 614 2535 1469
f 618 2538 1458
f 641 2558 1584
f 605 2524 1362
f 164 1607 1609
f 163 1603 1605
f 165 1604 1611
f 166 1610 1614
f 167 1613 1617
f 172 1622 1631
f 190 1686 1688
f 219 1773 1775
f 215 1761 1763
f 201 1712 1719
f 179 1652 1654
f 178 1648 1650
f 180 1649 1656
f 181 1655 1659
f 182 1658 1662
f 185 1670 1672
f 177 1637 1646
f 197 1694 1706
f 206 1731 1735
f 208 1739 1741
f 218 1768 1770
f 188 1678 1680
f 168 1619 1621
f 198 1709 1711
f 213 1754 1756
f 189 1682 1684
f 221 1776 1780
f 217 1758 1767
f 202 1716 1722
f 170 1625 1627
f 209 1742 1744
f 184 1663 1668
f 173 1634 1636
f 194 1697 1699
f 204 1728 1730
f 210 1746 1748
f 183 1664 1666
f 175 1640 1642
f 196 1700 1705
f 207 1724 1736
f 192 1679 1691
f 169 1618 1623
f 199 1708 1713
f 216 1753 1764
f 222 1769 1781
f 211 1738 1749
f 187 1671 1677
f 176 1643 1645
f 195 1701 1703
f 203 1723 1725
f 186 1667 1674
f 174 1633 1638
f 193 1693 1695
f 205 1727 1732
f 212 1743 1752
f 191 1685 1690
f 220 1772 1777
f 214 1757 1759
f 200 1715 1717
f 171 1628 1630
f 358 2187 2191
f 256 1881 1885
f 261 1899 1901
f 387 2277 2279
f 399 2313 2315
f 351 2169 2171
f 348 2156 2160
f 300 2010 2016
f 366 2208 2214
f 267 1917 1919
f 340 2133 2137
f 287 1971 1978
f 291 1989 1991
f 369 2223 2225
f 395 2300 2302
f 354 2174 2178
f 345 2151 2153
f 297 2007 2009
f 363 2205 2207
f 270 1920 1926
f 247 1855 1857
f 229 1801 1803
f 223 1784 1786
f 235 1820 1822
f 241 1838 1840
f 253 1874 1876
f 355 2180 2182
f 398 2310 2312
f 386 2274 2276
f 260 1896 1898
f 325 2089 2091
f 307 2035 2037
f 278 1950 1952
f 313 2054 2056
f 319 2072 2074
f 337 2126 2128
f 283 1964 1966
f 290 1986 1988
f 368 2220 2222
f 392 2291 2293
f 356 2183 2185
f 254 1877 1879
f 259 1891 1893
f 385 2269 2271
f 397 2305 2307
f 349 2161 2163
f 344 2148 2150
f 296 2004 2006
f 362 2202 2204
f 265 1909 1911
f 338 2129 2131
f 284 1967 1969
f 289 1981 1983
f 367 2215 2217
f 391 2288 2290
f 350 2166 2168
f 343 2143 2145
f 295 1999 2001
f 361 2197 2199
f 266 1914 1916
f 230 1806 1808
f 224 1787 1789
f 236 1823 1825
f 242 1841 1843
f 248 1860 1862
f 272 1931 1933
f 331 2108 2110
f 301 2018 2020
f 373 2234 2236
f 380 2255 2257
f 308 2040 2042
f 277 1945 1947
f 314 2057 2059
f 320 2075 2077
f 326 2094 2096
f 332 2111 2113
f 302 2021 2023
f 374 2237 2239
f 379 2252 2254
f 271 1928 1930
f 234 1812 1818
f 227 1791 1798
f 239 1827 1834
f 245 1845 1852
f 252 1866 1872
f 275 1935 1942
f 334 2118 2120
f 304 2028 2030
f 377 2246 2248
f 382 2259 2263
f 312 2048 2052
f 279 1953 1955
f 316 2061 2065
f 323 2079 2086
f 330 2100 2106
f 335 2115 2122
f 305 2025 2032
f 376 2241 2245
f 383 2264 2266
f 274 1938 1940
f 232 1802 1813
f 225 1783 1792
f 237 1819 1828
f 243 1837 1846
f 250 1856 1867
f 273 1927 1936
f 336 2112 2123
f 306 2022 2033
f 378 2238 2249
f 381 2251 2260
f 311 2036 2049
f 281 1949 1959
f 315 2053 2062
f 321 2071 2080
f 328 2090 2101
f 333 2107 2116
f 303 2017 2026
f 375 2233 2242
f 384 2256 2267
f 276 1932 1943
f 251 1859 1869
f 233 1805 1815
f 228 1788 1799
f 240 1824 1835
f 246 1842 1853
f 258 1878 1889
f 360 2184 2195
f 401 2306 2319
f 389 2270 2283
f 263 1892 1905
f 329 2093 2103
f 310 2039 2046
f 280 1946 1957
f 318 2058 2069
f 324 2076 2087
f 342 2130 2141
f 288 1968 1979
f 292 1982 1993
f 371 2216 2229
f 393 2287 2296
f 357 2179 2188
f 255 1873 1882
f 262 1895 1902
f 388 2273 2280
f 400 2309 2316
f 352 2165 2172
f 347 2144 2157
f 298 2000 2011
f 364 2198 2209
f 269 1913 1923
f 339 2125 2134
f 285 1963 1972
f 293 1985 1995
f 370 2219 2226
f 396 2292 2303
f 353 2162 2175
f 346 2147 2154
f 299 2003 2013
f 365 2201 2211
f 268 1910 1921
f 249 1863 1865
f 231 1809 1811
f 226 1794 1796
f 238 1830 1832
f 244 1848 1850
f 257 1886 1888
f 359 2192 2194
f 402 2318 2322
f 390 2282 2286
f 264 1904 1908
f 327 2097 2099
f 309 2043 2045
f 282 1956 1962
f 317 2066 2068
f 322 2082 2084
f 341 2138 2140
f 286 1974 1976
f 294 1992 1998
f 372 2228 2232
f 394 2295 2299
f 416 2331 2330
f 408 2327 2324
f 406 2328 2325
f 412 2334 2332
f 415 2337 2335
f 424 2346 2344
f 492 2412 2410
f 582 2499 2497
f 565 2487 2486
f 514 2436 2434
f 461 2376 2375
f 453 2372 2369
f 451 2373 2370
f 457 2379 2377
f 460 2382 2380
f 475 2396 2393
f 439 2361 2359
f 496 2418 2415
f 533 2457 2455
f 551 2463 2461
f 579 2492 2489
f 483 2402 2399
f 426 2343 2341
f 521 2433 2431
f 566 2478 2476
f 489 2406 2405
f 578 2502 2500
f 560 2484 2481
f 518 2442 2439
f 429 2349 2348
f 547 2468 2465
f 465 2387 2383
f 441 2358 2356
f 504 2421 2420
f 537 2454 2452
f 550 2472 2471
f 476 2388 2386
f 444 2364 2363
f 502 2426 2422
f 526 2448 2445
f 481 2403 2400
f 420 2342 2338
f 510 2432 2428
f 555 2477 2473
f 571 2493 2490
f 540 2462 2458
f 473 2397 2394
f 447 2367 2366
f 507 2427 2425
f 534 2447 2444
f 469 2391 2389
f 435 2357 2353
f 498 2417 2414
f 529 2453 2449
f 545 2469 2466
f 487 2411 2407
f 574 2498 2494
f 562 2483 2480
f 520 2441 2438
f 432 2352 2351
f 589 2509 2510
f 583 2503 2504
f 586 2506 2508
f 593 2512 2514
f 596 2515 2517
f 599 2518 2520
f 633 2555 2554
f 620 2541 2539
f 640 2562 2560
f 603 2522 2523
f 622 2542 2543
f 607 2528 2527
f 612 2531 2532
f 626 2545 2547
f 629 2548 2550
f 631 2551 2552
f 614 2533 2535
f 618 2537 2538
f 641 2559 2558
f 605 2526 2524
f 164 644 1607
f 163 643 1603
f 165 645 1604
f 166 646 1610
f 167 647 1613
f 172 652 1622
f 190 670 1686
f 219 699 1773
f 215 695 1761
f 201 681 1712
f 179 659 1652
f 178 658 1648
f 180 660 1649
f 181 661 1655
f 182 662 1658
f 185 665 1670
f 177 657 1637
f 197 677 1694
f 206 686 1731
f 208 688 1739
f 218 698 1768
f 188 668 1678
f 168 648 1619
f 198 678 1709
f 213 693 1754
f 189 669 1682
f 221 701 1776
f 217 697 1758
f 202 682 1716
f 170 650 1625
f 209 689 1742
f 184 664 1663
f 173 653 1634
f 194 674 1697
f 204 684 1728
f 210 690 1746
f 183 663 1664
f 175 655 1640
f 196 676 1700
f 207 687 1724
f 192 672 1679
f 169 649 1618
f 199 679 1708
f 216 696 1753
f 222 702 1769
f 211 691 1738
f 187 667 1671
f 176 656 1643
f 195 675 1701
f 203 683 1723
f 186 666 1667
f 174 654 1633
f 193 673 1693
f 205 685 1727
f 212 692 1743
f 191 671 1685
f 220 700 1772
f 214 694 1757
f 200 680 1715
f 171 651 1628
f 358 838 2187
f 256 736 1881
f 261 741 1899
f 387 867 2277
f 399 879 2313
f 351 831 2169
f 348 828 2156
f 300 780 2010
f 366 846 2208
f 267 747 1917
f 340 820 2133
f 287 767 1971
f 291 771 1989
f 369 849 2223
f 395 875 2300
f 354 834 2174
f 345 825 2151
f 297 777 2007
f 363 843 2205
f 270 750 1920
f 247 727 1855
f 229 709 1801
f 223 703 1784
f 235 715 1820
f 241 721 1838
f 253 733 1874
f 355 835 2180
f 398 878 2310
f 386 866 2274
f 260 740 1896
f 325 805 2089
f 307 787 2035
f 278 758 1950
f 313 793 2054
f 319 799 2072
f 337 817 2126
f 283 763 1964
f 290 770 1986
f 368 848 2220
f 392 872 2291
f 356 836 2183
f 254 734 1877
f 259 739 1891
f 385 865 2269
f 397 877 2305
f 349 829 2161
f 344 824 2148
f 296 776 2004
f 362 842 2202
f 265 745 1909
f 338 818 2129
f 284 764 1967
f 289 769 1981
f 367 847 2215
f 391 871 2288
f 350 830 2166
f 343 823 2143
f 295 775 1999
f 361 841 2197
f 266 746 1914
f 230 710 1806
f 224 704 1787
f 236 716 1823
f 242 722 1841
f 248 728 1860
f 272 752 1931
f 331 811 2108
f 301 781 2018
f 373 853 2234
f 380 860 2255
f 308 788 2040
f 277 757 1945
f 314 794 2057
f 320 800 2075
f 326 806 2094
f 332 812 2111
f 302 782 2021
f 374 854 2237
f 379 859 2252
f 271 751 1928
f 234 714 1812
f 227 707 1791
f 239 719 1827
f 245 725 1845
f 252 732 1866
f 275 755 1935
f 334 814 2118
f 304 784 2028
f 377 857 2246
f 382 862 2259
f 312 792 2048
f 279 759 1953
f 316 796 2061
f 323 803 2079
f 330 810 2100
f 335 815 2115
f 305 785 2025
f 376 856 2241
f 383 863 2264
f 274 754 1938
f 232 712 1802
f 225 705 1783
f 237 717 1819
f 243 723 1837
f 250 730 1856
f 273 753 1927
f 336 816 2112
f 306 786 2022
f 378 858 2238
f 381 861 2251
f 311 791 2036
f 281 761 1949
f 315 795 2053
f 321 801 2071
f 328 808 2090
f 333 813 2107
f 303 783 2017
f 375 855 2233
f 384 864 2256
f 276 756 1932
f 251 731 1859
f 233 713 1805
f 228 708 1788
f 240 720 1824
f 246 726 1842
f 258 738 1878
f 360 840 2184
f 401 881 2306
f 389 869 2270
f 263 743 1892
f 329 809 2093
f 310 790 2039
f 280 760 1946
f 318 798 2058
f 324 804 2076
f 342 822 2130
f 288 768 1968
f 292 772 1982
f 371 851 2216
f 393 873 2287
f 357 837 2179
f 255 735 1873
f 262 742 1895
f 388 868 2273
f 400 880 2309
f 352 832 2165
f 347 827 2144
f 298 778 2000
f 364 844 2198
f 269 749 1913
f 339 819 2125
f 285 765 1963
f 293 773 1985
f 370 850 2219
f 396 876 2292
f 353 833 2162
f 346 826 2147
f 299 779 2003
f 365 845 2201
f 268 748 1910
f 249 729 1863
f 231 711 1809
f 226 706 1794
f 238 718 1830
f 244 724 1848
f 257 737 1886
f 359 839 2192
f 402 882 2318
f 390 870 2282
f 264 744 1904
f 327 807 2097
f 309 789 2043
f 282 762 1956
f 317 797 2066
f 322 802 2082
f 341 821 2138
f 286 766 1974
f 294 774 1992
f 372 852 2228
f 394 874 2295
f 416 1270 2331
f 408 1246 2327
f 406 1251 2328
f 412 1287 2334
f 415 1305 2337
f 424 1335 2346
f 492 1552 2412
f 582 1474 2499
f 565 1600 2487
f 514 1353 2436
f 461 1480 2376
f 453 1402 2372
f 451 1407 2373
f 457 1491 2379
f 460 1503 2382
f 475 1534 2396
f 439 1413 2361
f 496 1443 2418
f 533 1593 2457
f 551 1384 2463
f 579 1324 2492
f 483 1276 2402
f 426 1264 2343
f 521 1300 2433
f 566 1318 2478
f 489 1342 2406
f 578 1563 2502
f 560 1461 2484
f 518 1587 2442
f 429 1348 2349
f 547 1522 2468
f 465 1419 2387
f 441 1396 2358
f 504 1498 2421
f 537 1516 2454
f 550 1558 2472
f 476 1426 2388
f 444 1432 2364
f 502 1569 2426
f 526 1371 2448
f 481 1281 2403
f 420 1257 2342
f 510 1293 2432
f 555 1311 2477
f 571 1329 2493
f 540 1377 2462
f 473 1539 2397
f 447 1450 2367
f 507 1576 2427
f 534 1366 2447
f 469 1485 2391
f 435 1389 2357
f 498 1438 2417
f 529 1509 2453
f 545 1527 2469
f 487 1545 2411
f 574 1467 2498
f 562 1456 2483
f 520 1582 2441
f 432 1360 2352
f 589 1271 2509
f 583 1247 2503
f 586 1254 2506
f 593 1290 2512
f 596 1308 2515
f 599 1338 2518
f 633 1553 2555
f 620 1475 2541
f 640 1601 2562
f 603 1356 2522
f 622 1481 2542
f 607 1403 2528
f 612 1410 2531
f 626 1494 2545
f 629 1506 2548
f 631 1535 2551
f 614 1416 2533
f 618 1446 2537
f 641 1596 2559
f 605 1385 2526
f 167 907 1616
f 164 889 1608
f 163 883 1606
f 165 895 1612
f 166 901 1615
f 169 919 1624
f 192 1057 1692
f 222 1237 1782
f 216 1201 1765
f 199 1099 1714
f 182 997 1661
f 179 979 1653
f 178 973 1651
f 180 985 1657
f 181 991 1660
f 186 1021 1675
f 174 949 1639
f 193 1063 1696
f 205 1135 1733
f 212 1177 1751
f 221 1231 1779
f 189 1039 1683
f 170 925 1626
f 202 1117 1721
f 217 1207 1766
f 191 1051 1689
f 220 1225 1778
f 214 1189 1760
f 200 1105 1718
f 171 931 1629
f 210 1165 1747
f 183 1003 1665
f 175 955 1641
f 196 1081 1704
f 207 1147 1737
f 211 1171 1750
f 187 1027 1676
f 176 961 1644
f 195 1075 1702
f 203 1123 1726
f 188 1033 1681
f 168 913 1620
f 198 1093 1710
f 213 1183 1755
f 218 1213 1771
f 208 1153 1740
f 185 1015 1673
f 177 967 1647
f 197 1087 1707
f 206 1141 1734
f 184 1009 1669
f 173 943 1635
f 194 1069 1698
f 204 1129 1729
f 209 1159 1745
f 190 1045 1687
f 219 1219 1774
f 215 1195 1762
f 201 1111 1720
f 172 937 1632
f 357 1280 2189
f 255 1256 1883
f 262 1292 1903
f 388 1310 2281
f 400 1328 2317
f 352 1376 2173
f 347 1538 2158
f 298 1447 2012
f 364 1573 2210
f 269 1363 1924
f 339 1484 2135
f 285 1388 1973
f 293 1435 1996
f 370 1508 2227
f 396 1526 2304
f 353 1544 2176
f 346 1466 2155
f 299 1453 2014
f 365 1579 2212
f 268 1357 1922
f 249 1268 1864
f 231 1244 1810
f 226 1249 1795
f 238 1285 1831
f 244 1303 1849
f 257 1333 1887
f 359 1550 2193
f 402 1472 2321
f 390 1598 2285
f 264 1351 1907
f 327 1478 2098
f 309 1400 2044
f 282 1405 1961
f 317 1489 2067
f 322 1501 2083
f 341 1532 2139
f 286 1411 1975
f 294 1441 1997
f 372 1591 2231
f 394 1382 2298
f 358 1322 2190
f 256 1274 1884
f 261 1262 1900
f 387 1298 2278
f 399 1316 2314
f 351 1340 2170
f 348 1561 2159
f 300 1459 2015
f 366 1585 2213
f 267 1346 1918
f 340 1520 2136
f 287 1417 1977
f 291 1394 1990
f 369 1496 2224
f 395 1514 2301
f 354 1556 2177
f 345 1424 2152
f 297 1430 2008
f 363 1567 2206
f 270 1369 1925
f 234 1279 1817
f 227 1255 1797
f 239 1291 1833
f 245 1309 1851
f 252 1327 1871
f 275 1375 1941
f 334 1537 2119
f 304 1448 2029
f 377 1574 2247
f 382 1364 2262
f 312 1483 2051
f 279 1387 1954
f 316 1436 2064
f 323 1507 2085
f 330 1525 2105
f 335 1543 2121
f 305 1465 2031
f 376 1454 2244
f 383 1580 2265
f 274 1358 1939
f 232 1267 1814
f 225 1243 1793
f 237 1250 1829
f 243 1286 1847
f 250 1304 1868
f 273 1334 1937
f 336 1549 2124
f 306 1471 2034
f 378 1597 2250
f 381 1352 2261
f 311 1477 2050
f 281 1399 1960
f 315 1406 2063
f 321 1490 2081
f 328 1502 2102
f 333 1531 2117
f 303 1412 2027
f 375 1442 2243
f 384 1592 2268
f 276 1381 1944
f 229 890 1804
f 223 884 1785
f 235 896 1821
f 241 902 1839
f 247 908 1858
f 271 938 1929
f 332 1046 2114
f 302 1220 2024
f 374 1196 2240
f 379 1112 2253
f 307 980 2038
f 278 974 1951
f 313 986 2055
f 319 992 2073
f 325 998 2092
f 331 1016 2109
f 301 968 2019
f 373 1088 2235
f 380 1142 2258
f 272 1154 1934
f 248 1214 1861
f 230 1034 1807
f 224 914 1790
f 236 1094 1826
f 242 1184 1844
f 254 1040 1880
f 356 1232 2186
f 397 1208 2308
f 385 1118 2272
f 259 926 1894
f 326 1160 2095
f 308 1010 2041
f 277 944 1948
f 314 1070 2060
f 320 1130 2078
f 338 1166 2132
f 284 1004 1970
f 289 956 1984
f 367 1082 2218
f 391 1148 2289
f 355 1058 2181
f 253 920 1875
f 260 1100 1897
f 386 1202 2275
f 398 1238 2311
f 350 1172 2167
f 343 1028 2146
f 295 962 2002
f 361 1076 2200
f 266 1124 1915
f 337 1022 2127
f 283 950 1965
f 290 1064 1987
f 368 1136 2221
f 392 1178 2294
f 349 1052 2164
f 344 1226 2149
f 296 1190 2005
f 362 1106 2203
f 265 932 1912
f 251 1321 1870
f 233 1273 1816
f 228 1261 1800
f 240 1297 1836
f 246 1315 1854
f 258 1339 1890
f 360 1562 2196
f 401 1460 2320
f 389 1586 2284
f 263 1345 1906
f 329 1519 2104
f 310 1418 2047
f 280 1393 1958
f 318 1495 2070
f 324 1513 2088
f 342 1555 2142
f 288 1423 1980
f 292 1429 1994
f 371 1568 2230
f 393 1370 2297
f 409 894 2329
f 405 887 2323
f 411 899 2326
f 414 905 2333
f 417 912 2336
f 431 941 2345
f 488 1050 2409
f 575 1224 2496
f 563 1200 2485
f 519 1115 2435
f 454 984 2374
f 450 977 2368
f 456 989 2371
f 459 995 2378
f 462 1002 2381
f 472 1019 2392
f 446 971 2360
f 506 1091 2416
f 535 1146 2456
f 541 1158 2460
f 570 1217 2488
f 480 1037 2398
f 421 918 2340
f 511 1098 2430
f 556 1188 2475
f 484 1044 2404
f 580 1236 2501
f 567 1212 2482
f 522 1122 2440
f 427 930 2347
f 544 1163 2464
f 468 1013 2384
f 436 948 2355
f 499 1074 2419
f 530 1134 2451
f 548 1170 2470
f 466 1008 2385
f 442 960 2362
f 505 1086 2423
f 536 1151 2446
f 491 1061 2401
f 423 923 2339
f 513 1103 2429
f 564 1205 2474
f 581 1241 2491
f 549 1175 2459
f 477 1032 2395
f 445 966 2365
f 503 1080 2424
f 525 1127 2443
f 474 1025 2390
f 438 953 2354
f 495 1067 2413
f 532 1139 2450
f 552 1182 2467
f 490 1056 2408
f 577 1229 2495
f 559 1193 2479
f 517 1109 2437
f 430 936 2350
f 590 1325 2511
f 584 1277 2505
f 585 1265 2507
f 592 1301 2513
f 595 1319 2516
f 598 1343 2519
f 636 1566 2556
f 621 1464 2540
f 642 1590 2561
f 601 1349 2521
f 623 1523 2544
f 611 1422 2529
f 609 1397 2530
f 625 1499 2546
f 628 1517 2549
f 632 1559 2553
f 613 1427 2534
f 616 1433 2536
f 638 1572 2557
f 606 1374 2525
f 407 892 1609
f 403 885 1605
f 404 897 1611
f 410 903 1614
f 413 910 1617
f 422 939 1631
f 486 1048 1688
f 573 1222 1775
f 561 1198 1763
f 512 1113 1719
f 452 982 1654
f 448 975 1650
f 449 987 1656
f 455 993 1659
f 458 1000 1662
f 470 1017 1672
f 437 969 1646
f 494 1089 1706
f 531 1144 1735
f 539 1156 1741
f 568 1215 1770
f 478 1035 1680
f 419 916 1621
f 509 1096 1711
f 554 1186 1756
f 482 1042 1684
f 576 1234 1780
f 558 1210 1767
f 516 1120 1722
f 425 928 1627
f 542 1161 1744
f 463 1011 1668
f 434 946 1636
f 497 1072 1699
f 528 1132 1730
f 546 1168 1748
f 464 1006 1666
f 440 958 1642
f 500 1084 1705
f 524 1149 1736
f 479 1059 1691
f 418 921 1623
f 508 1101 1713
f 553 1203 1764
f 569 1239 1781
f 538 1173 1749
f 471 1030 1677
f 443 964 1645
f 501 1078 1703
f 523 1125 1725
f 467 1023 1674
f 433 951 1638
f 493 1065 1695
f 527 1137 1732
f 543 1180 1752
f 485 1054 1690
f 572 1227 1777
f 557 1191 1759
f 515 1107 1717
f 428 934 1630
f 591 1326 2191
f 587 1278 1885
f 588 1266 1901
f 594 1302 2279
f 597 1320 2315
f 600 1344 2171
f 634 1565 2160
f 619 1463 2016
f 639 1589 2214
f 602 1350 1919
f 624 1524 2137
f 608 1421 1978
f 610 1398 1991
f 627 1500 2225
f 630 1518 2302
f 635 1560 2178
f 615 1428 2153
f 617 1434 2009
f 637 1571 2207
f 604 1373 1926
f 416 911 1857
f 408 893 1803
f 406 888 1786
f 412 900 1822
f 415 906 1840
f 424 924 1876
f 492 1062 2182
f 582 1242 2312
f 565 1206 2276
f 514 1104 1898
f 461 1001 2091
f 453 983 2037
f 451 978 1952
f 457 990 2056
f 460 996 2074
f 475 1026 2128
f 439 954 1966
f 496 1068 1988
f 533 1140 2222
f 551 1181 2293
f 579 1235 2185
f 483 1043 1879
f 426 929 1893
f 521 1121 2271
f 566 1211 2307
f 489 1055 2163
f 578 1230 2150
f 560 1194 2006
f 518 1110 2204
f 429 935 1911
f 547 1169 2131
f 465 1007 1969
f 441 959 1983
f 504 1085 2217
f 537 1152 2290
f 550 1176 2168
f 476 1031 2145
f 444 965 2001
f 502 1079 2199
f 526 1128 1916
f 481 1038 1808
f 420 917 1789
f 510 1097 1825
f 555 1187 1843
f 571 1218 1862
f 540 1157 1933
f 473 1020 2110
f 447 972 2020
f 507 1092 2236
f 534 1145 2257
f 469 1014 2042
f 435 947 1947
f 498 1073 2059
f 529 1133 2077
f 545 1164 2096
f 487 1049 2113
f 574 1223 2023
f 562 1199 2239
f 520 1116 2254
f 432 942 1930
f 589 1283 1818
f 583 1259 1798
f 586 1295 1834
f 593 1313 1852
f 596 1331 1872
f 599 1379 1942
f 633 1541 2120
f 620 1452 2030
f 640 1578 2248
f 603 1368 2263
f 622 1487 2052
f 607 1391 1955
f 612 1440 2065
f 626 1511 2086
f 629 1529 2106
f 631 1547 2122
f 614 1469 2032
f 618 1458 2245
f 641 1584 2266
f 605 1362 1940
f 409 1269 1813
f 405 1245 1792
f 411 1252 1828
f 414 1288 1846
f 417 1306 1867
f 431 1336 1936
f 488 1551 2123
f 575 1473 2033
f 563 1599 2249
f 519 1354 2260
f 454 1479 2049
f 450 1401 1959
f 456 1408 2062
f 459 1492 2080
f 462 1504 2101
f 472 1533 2116
f 446 1414 2026
f 506 1444 2242
f 535 1594 2267
f 541 1383 1943
f 570 1323 1869
f 480 1275 1815
f 421 1263 1799
f 511 1299 1835
f 556 1317 1853
f 484 1341 1889
f 580 1564 2195
f 567 1462 2319
f 522 1588 2283
f 427 1347 1905
f 544 1521 2103
f 468 1420 2046
f 436 1395 1957
f 499 1497 2069
f 530 1515 2087
f 548 1557 2141
f 466 1425 1979
f 442 1431 1993
f 505 1570 2229
f 536 1372 2296
f 491 1282 2188
f 423 1258 1882
f 513 1294 1902
f 564 1312 2280
f 581 1330 2316
f 549 1378 2172
f 477 1540 2157
f 445 1449 2011
f 503 1575 2209
f 525 1365 1923
f 474 1486 2134
f 438 1390 1972
f 495 1437 1995
f 532 1510 2226
f 552 1528 2303
f 490 1546 2175
f 577 1468 2154
f 559 1455 2013
f 517 1581 2211
f 430 1359 1921
f 590 1272 1865
f 584 1248 1811
f 585 1253 1796
f 592 1289 1832
f 595 1307 1850
f 598 1337 1888
f 636 1554 2194
f 621 1476 2322
f 642 1602 2286
f 601 1355 1908
f 623 1482 2099
f 611 1404 2045
f 609 1409 1962
f 625 1493 2068
f 628 1505 2084
f 632 1536 2140
f 613 1415 1976
f 616 1445 1998
f 638 1595 2232
f 606 1386 2299
f 407 909 2330
f 403 891 2324
f 404 886 2325
f 410 898 2332
f 413 904 2335
f 422 922 2344
f 486 1060 2410
f 573 1240 2497
f 561 1204 2486
f 512 1102 2434
f 452 999 2375
f 448 981 2369
f 449 976 2370
f 455 988 2377
f 458 994 2380
f 470 1024 2393
f 437 952 2359
f 494 1066 2415
f 531 1138 2455
f 539 1179 2461
f 568 1233 2489
f 478 1041 2399
f 419 927 2341
f 509 1119 2431
f 554 1209 2476
f 482 1053 2405
f 576 1228 2500
f 558 1192 2481
f 516 1108 2439
f 425 933 2348
f 542 1167 2465
f 463 1005 2383
f 434 957 2356
f 497 1083 2420
f 528 1150 2452
f 546 1174 2471
f 464 1029 2386
f 440 963 2363
f 500 1077 2422
f 524 1126 2445
f 479 1036 2400
f 418 915 2338
f 508 1095 2428
f 553 1185 2473
f 569 1216 2490
f 538 1155 2458
f 471 1018 2394
f 443 970 2366
f 501 1090 2425
f 523 1143 2444
f 467 1012 2389
f 433 945 2353
f 493 1071 2414
f 527 1131 2449
f 543 1162 2466
f 485 1047 2407
f 572 1221 2494
f 557 1197 2480
f 515 1114 2438
f 428 940 2351
f 591 1284 2510
f 587 1260 2504
f 588 1296 2508
f 594 1314 2514
f 597 1332 2517
f 600 1380 2520
f 634 1542 2554
f 619 1451 2539
f 639 1577 2560
f 602 1367 2523
f 624 1488 2543
f 608 1392 2527
f 610 1439 2532
f 627 1512 2547
f 630 1530 2550
f 635 1548 2552
f 615 1470 2535
f 617 1457 2538
f 637 1583 2558
f 604 1361 2524
f 167 1616 1607
f 164 1608 1603
f 163 1606 1604
f 165 1612 1610
f 166 1615 1613
f 169 1624 1622
f 192 1692 1686
f 222 1782 1773
f 216 1765 1761
f 199 1714 1712
f 182 1661 1652
f 179 1653 1648
f 178 1651 1649
f 180 1657 1655
f 181 1660 1658
f 186 1675 1670
f 174 1639 1637
f 193 1696 1694
f 205 1733 1731
f 212 1751 1739
f 221 1779 1768
f 189 1683 1678
f 170 1626 1619
f 202 1721 1709
f 217 1766 1754
f 191 1689 1682
f 220 1778 1776
f 214 1760 1758
f 200 1718 1716
f 171 1629 1625
f 210 1747 1742
f 183 1665 1663
f 175 1641 1634
f 196 1704 1697
f 207 1737 1728
f 211 1750 1746
f 187 1676 1664
f 176 1644 1640
f 195 1702 1700
f 203 1726 1724
f 188 1681 1679
f 168 1620 1618
f 198 1710 1708
f 213 1755 1753
f 218 1771 1769
f 208 1740 1738
f 185 1673 1671
f 177 1647 1643
f 197 1707 1701
f 206 1734 1723
f 184 1669 1667
f 173 1635 1633
f 194 1698 1693
f 204 1729 1727
f 209 1745 1743
f 190 1687 1685
f 219 1774 1772
f 215 1762 1757
f 201 1720 1715
f 172 1632 1628
f 357 2189 2187
f 255 1883 1881
f 262 1903 1899
f 388 2281 2277
f 400 2317 2313
f 352 2173 2169
f 347 2158 2156
f 298 2012 2010
f 364 2210 2208
f 269 1924 1917
f 339 2135 2133
f 285 1973 1971
f 293 1996 1989
f 370 2227 2223
f 396 2304 2300
f 353 2176 2174
f 346 2155 2151
f 299 2014 2007
f 365 2212 2205
f 268 1922 1920
f 249 1864 1855
f 231 1810 1801
f 226 1795 1784
f 238 1831 1820
f 244 1849 1838
f 257 1887 1874
f 359 2193 2180
f 402 2321 2310
f 390 2285 2274
f 264 1907 1896
f 327 2098 2089
f 309 2044 2035
f 282 1961 1950
f 317 2067 2054
f 322 2083 2072
f 341 2139 2126
f 286 1975 1964
f 294 1997 1986
f 372 2231 2220
f 394 2298 2291
f 358 2190 2183
f 256 1884 1877
f 261 1900 1891
f 387 2278 2269
f 399 2314 2305
f 351 2170 2161
f 348 2159 2148
f 300 2015 2004
f 366 2213 2202
f 267 1918 1909
f 340 2136 2129
f 287 1977 1967
f 291 1990 1981
f 369 2224 2215
f 395 2301 2288
f 354 2177 2166
f 345 2152 2143
f 297 2008 1999
f 363 2206 2197
f 270 1925 1914
f 234 1817 1806
f 227 1797 1787
f 239 1833 1823
f 245 1851 1841
f 252 1871 1860
f 275 1941 1931
f 334 2119 2108
f 304 2029 2018
f 377 2247 2234
f 382 2262 2255
f 312 2051 2040
f 279 1954 1945
f 316 2064 2057
f 323 2085 2075
f 330 2105 2094
f 335 2121 2111
f 305 2031 2021
f 376 2244 2237
f 383 2265 2252
f 274 1939 1928
f 232 1814 1812
f 225 1793 1791
f 237 1829 1827
f 243 1847 1845
f 250 1868 1866
f 273 1937 1935
f 336 2124 2118
f 306 2034 2028
f 378 2250 2246
f 381 2261 2259
f 311 2050 2048
f 281 1960 1953
f 315 2063 2061
f 321 2081 2079
f 328 2102 2100
f 333 2117 2115
f 303 2027 2025
f 375 2243 2241
f 384 2268 2264
f 276 1944 1938
f 229 1804 1802
f 223 1785 1783
f 235 1821 1819
f 241 1839 1837
f 247 1858 1856
f 271 1929 1927
f 332 2114 2112
f 302 2024 2022
f 374 2240 2238
f 379 2253 2251
f 307 2038 2036
f 278 1951 1949
f 313 2055 2053
f 319 2073 2071
f 325 2092 2090
f 331 2109 2107
f 301 2019 2017
f 373 2235 2233
f 380 2258 2256
f 272 1934 1932
f 248 1861 1859
f 230 1807 1805
f 224 1790 1788
f 236 1826 1824
f 242 1844 1842
f 254 1880 1878
f 356 2186 2184
f 397 2308 2306
f 385 2272 2270
f 259 1894 1892
f 326 2095 2093
f 308 2041 2039
f 277 1948 1946
f 314 2060 2058
f 320 2078 2076
f 338 2132 2130
f 284 1970 1968
f 289 1984 1982
f 367 2218 2216
f 391 2289 2287
f 355 2181 2179
f 253 1875 1873
f 260 1897 1895
f 386 2275 2273
f 398 2311 2309
f 350 2167 2165
f 343 2146 2144
f 295 2002 2000
f 361 2200 2198
f 266 1915 1913
f 337 2127 2125
f 283 1965 1963
f 290 1987 1985
f 368 2221 2219
f 392 2294 2292
f 349 2164 2162
f 344 2149 2147
f 296 2005 2003
f 362 2203 2201
f 265 1912 1910
f 251 1870 1863
f 233 1816 1809
f 228 1800 1794
f 240 1836 1830
f 246 1854 1848
f 258 1890 1886
f 360 2196 2192
f 401 2320 2318
f 389 2284 2282
f 263 1906 1904
f 329 2104 2097
f 310 2047 2043
f 280 1958 1956
f 318 2070 2066
f 324 2088 2082
f 342 2142 2138
f 288 1980 1974
f 292 1994 1992
f 371 2230 2228
f 393 2297 2295
f 409 2329 2331
f 405 2323 2327
f 411 2326 2328
f 414 2333 2334
f 417 2336 2337
f 431 2345 2346
f 488 2409 2412
f 575 2496 2499
f 563 2485 2487
f 519 2435 2436
f 454 2374 2376
f 450 2368 2372
f 456 2371 2373
f 459 2378 2379
f 462 2381 2382
f 472 2392 2396
f 446 2360 2361
f 506 2416 2418
f 535 2456 2457
f 541 2460 2463
f 570 2488 2492
f 480 2398 2402
f 421 2340 2343
f 511 2430 2433
f 556 2475 2478
f 484 2404 2406
f 580 2501 2502
f 567 2482 2484
f 522 2440 2442
f 427 2347 2349
f 544 2464 2468
f 468 2384 2387
f 436 2355 2358
f 499 2419 2421
f 530 2451 2454
f 548 2470 2472
f 466 2385 2388
f 442 2362 2364
f 505 2423 2426
f 536 2446 2448
f 491 2401 2403
f 423 2339 2342
f 513 2429 2432
f 564 2474 2477
f 581 2491 2493
f 549 2459 2462
f 477 2395 2397
f 445 2365 2367
f 503 2424 2427
f 525 2443 2447
f 474 2390 2391
f 438 2354 2357
f 495 2413 2417
f 532 2450 2453
f 552 2467 2469
f 490 2408 2411
f 577 2495 2498
f 559 2479 2483
f 517 2437 2441
f 430 2350 2352
f 590 2511 2509
f 584 2505 2503
f 585 2507 2506
f 592 2513 2512
f 595 2516 2515
f 598 2519 2518
f 636 2556 2555
f 621 2540 2541
f 642 2561 2562
f 601 2521 2522
f 623 2544 2542
f 611 2529 2528
f 609 2530 2531
f 625 2546 2545
f 628 2549 2548
f 632 2553 2551
f 613 2534 2533
f 616 2536 2537
f 638 2557 2559
f 606 2525 2526
f 1607 644 647
f 1603 643 644
f 1604 645 643
f 1610 646 645
f 1613 647 646
f 1622 652 649
f 1686 670 672
f 1773 699 702
f 1761 695 696
f 1712 681 679
f 1652 659 662
f 1648 658 659
f 1649 660 658
f 1655 661 660
f 1658 662 661
f 1670 665 666
f 1637 657 654
f 1694 677 673
f 1731 686 685
f 1739 688 692
f 1768 698 701
f 1678 668 669
f 1619 648 650
f 1709 678 682
f 1754 693 697
f 1682 669 671
f 1776 701 700
f 1758 697 694
f 1716 682 680
f 1625 650 651
f 1742 689 690
f 1663 664 663
f 1634 653 655
f 1697 674 676
f 1728 684 687
f 1746 690 691
f 1664 663 667
f 1640 655 656
f 1700 676 675
f 1724 687 683
f 1679 672 668
f 1618 649 648
f 1708 679 678
f 1753 696 693
f 1769 702 698
f 1738 691 688
f 1671 667 665
f 1643 656 657
f 1701 675 677
f 1723 683 686
f 1667 666 664
f 1633 654 653
f 1693 673 674
f 1727 685 684
f 1743 692 689
f 1685 671 670
f 1772 700 699
f 1757 694 695
f 1715 680 681
f 1628 651 652
f 2187 838 837
f 1881 736 735
f 1899 741 742
f 2277 867 868
f 2313 879 880
f 2169 831 832
f 2156 828 827
f 2010 780 778
f 2208 846 844
f 1917 747 749
f 2133 820 819
f 1971 767 765
f 1989 771 773
f 2223 849 850
f 2300 875 876
f 2174 834 833
f 2151 825 826
f 2007 777 779
f 2205 843 845
f 1920 750 748
f 1855 727 729
f 1801 709 711
f 1784 703 706
f 1820 715 718
f 1838 721 724
f 1874 733 737
f 2180 835 839
f 2310 878 882
f 2274 866 870
f 1896 740 744
f 2089 805 807
f 2035 787 789
f 1950 758 762
f 2054 793 797
f 2072 799 802
f 2126 817 821
f 1964 763 766
f 1986 770 774
f 2220 848 852
f 2291 872 874
f 2183 836 838
f 1877 734 736
f 1891 739 741
f 2269 865 867
f 2305 877 879
f 2161 829 831
f 2148 824 828
f 2004 776 780
f 2202 842 846
f 1909 745 747
f 2129 818 820
f 1967 764 767
f 1981 769 771
f 2215 847 849
f 2288 871 875
f 2166 830 834
f 2143 823 825
f 1999 775 777
f 2197 841 843
f 1914 746 750
f 1806 710 714
f 1787 704 707
f 1823 716 719
f 1841 722 725
f 1860 728 732
f 1931 752 755
f 2108 811 814
f 2018 781 784
f 2234 853 857
f 2255 860 862
f 2040 788 792
f 1945 757 759
f 2057 794 796
f 2075 800 803
f 2094 806 810
f 2111 812 815
f 2021 782 785
f 2237 854 856
f 2252 859 863
f 1928 751 754
f 1812 714 712
f 1791 707 705
f 1827 719 717
f 1845 725 723
f 1866 732 730
f 1935 755 753
f 2118 814 816
f 2028 784 786
f 2246 857 858
f 2259 862 861
f 2048 792 791
f 1953 759 761
f 2061 796 795
f 2079 803 801
f 2100 810 808
f 2115 815 813
f 2025 785 783
f 2241 856 855
f 2264 863 864
f 1938 754 756
f 1802 712 709
f 1783 705 703
f 1819 717 715
f 1837 723 721
f 1856 730 727
f 1927 753 751
f 2112 816 812
f 2022 786 782
f 2238 858 854
f 2251 861 859
f 2036 791 787
f 1949 761 758
f 2053 795 793
f 2071 801 799
f 2090 808 805
f 2107 813 811
f 2017 783 781
f 2233 855 853
f 2256 864 860
f 1932 756 752
f 1859 731 728
f 1805 713 710
f 1788 708 704
f 1824 720 716
f 1842 726 722
f 1878 738 734
f 2184 840 836
f 2306 881 877
f 2270 869 865
f 1892 743 739
f 2093 809 806
f 2039 790 788
f 1946 760 757
f 2058 798 794
f 2076 804 800
f 2130 822 818
f 1968 768 764
f 1982 772 769
f 2216 851 847
f 2287 873 871
f 2179 837 835
f 1873 735 733
f 1895 742 740
f 2273 868 866
f 2309 880 878
f 2165 832 830
f 2144 827 823
f 2000 778 775
f 2198 844 841
f 1913 749 746
f 2125 819 817
f 1963 765 763
f 1985 773 770
f 2219 850 848
f 2292 876 872
f 2162 833 829
f 2147 826 824
f 2003 779 776
f 2201 845 842
f 1910 748 745
f 1863 729 731
f 1809 711 713
f 1794 706 708
f 1830 718 720
f 1848 724 726
f 1886 737 738
f 2192 839 840
f 2318 882 881
f 2282 870 869
f 1904 744 743
f 2097 807 809
f 2043 789 790
f 1956 762 760
f 2066 797 798
f 2082 802 804
f 2138 821 822
f 1974 766 768
f 1992 774 772
f 2228 852 851
f 2295 874 873
f 2331 1270 1269
f 2327 1246 1245
f 2328 1251 1252
f 2334 1287 1288
f 2337 1305 1306
f 2346 1335 1336
f 2412 1552 1551
f 2499 1474 1473
f 2487 1600 1599
f 2436 1353 1354
f 2376 1480 1479
f 2372 1402 1401
f 2373 1407 1408
f 2379 1491 1492
f 2382 1503 1504
f 2396 1534 1533
f 2361 1413 1414
f 2418 1443 1444
f 2457 1593 1594
f 2463 1384 1383
f 2492 1324 1323
f 2402 1276 1275
f 2343 1264 1263
f 2433 1300 1299
f 2478 1318 1317
f 2406 1342 1341
f 2502 1563 1564
f 2484 1461 1462
f 2442 1587 1588
f 2349 1348 1347
f 2468 1522 1521
f 2387 1419 1420
f 2358 1396 1395
f 2421 1498 1497
f 2454 1516 1515
f 2472 1558 1557
f 2388 1426 1425
f 2364 1432 1431
f 2426 1569 1570
f 2448 1371 1372
f 2403 1281 1282
f 2342 1257 1258
f 2432 1293 1294
f 2477 1311 1312
f 2493 1329 1330
f 2462 1377 1378
f 2397 1539 1540
f 2367 1450 1449
f 2427 1576 1575
f 2447 1366 1365
f 2391 1485 1486
f 2357 1389 1390
f 2417 1438 1437
f 2453 1509 1510
f 2469 1527 1528
f 2411 1545 1546
f 2498 1467 1468
f 2483 1456 1455
f 2441 1582 1581
f 2352 1360 1359
f 2509 1271 1272
f 2503 1247 1248
f 2506 1254 1253
f 2512 1290 1289
f 2515 1308 1307
f 2518 1338 1337
f 2555 1553 1554
f 2541 1475 1476
f 2562 1601 1602
f 2522 1356 1355
f 2542 1481 1482
f 2528 1403 1404
f 2531 1410 1409
f 2545 1494 1493
f 2548 1506 1505
f 2551 1535 1536
f 2533 1416 1415
f 2537 1446 1445
f 2559 1596 1595
f 2526 1385 1386
f 1616 907 909
f 1608 889 891
f 1606 883 886
f 1612 895 898
f 1615 901 904
f 1624 919 922
f 1692 1057 1060
f 1782 1237 1240
f 1765 1201 1204
f 1714 1099 1102
f 1661 997 999
f 1653 979 981
f 1651 973 976
f 1657 985 988
f 1660 991 994
f 1675 1021 1024
f 1639 949 952
f 1696 1063 1066
f 1733 1135 1138
f 1751 1177 1179
f 1779 1231 1233
f 1683 1039 1041
f 1626 925 927
f 1721 1117 1119
f 1766 1207 1209
f 1689 1051 1053
f 1778 1225 1228
f 1760 1189 1192
f 1718 1105 1108
f 1629 931 933
f 1747 1165 1167
f 1665 1003 1005
f 1641 955 957
f 1704 1081 1083
f 1737 1147 1150
f 1750 1171 1174
f 1676 1027 1029
f 1644 961 963
f 1702 1075 1077
f 1726 1123 1126
f 1681 1033 1036
f 1620 913 915
f 1710 1093 1095
f 1755 1183 1185
f 1771 1213 1216
f 1740 1153 1155
f 1673 1015 1018
f 1647 967 970
f 1707 1087 1090
f 1734 1141 1143
f 1669 1009 1012
f 1635 943 945
f 1698 1069 1071
f 1729 1129 1131
f 1745 1159 1162
f 1687 1045 1047
f 1774 1219 1221
f 1762 1195 1197
f 1720 1111 1114
f 1632 937 940
f 2189 1280 1284
f 1883 1256 1260
f 1903 1292 1296
f 2281 1310 1314
f 2317 1328 1332
f 2173 1376 1380
f 2158 1538 1542
f 2012 1447 1451
f 2210 1573 1577
f 1924 1363 1367
f 2135 1484 1488
f 1973 1388 1392
f 1996 1435 1439
f 2227 1508 1512
f 2304 1526 1530
f 2176 1544 1548
f 2155 1466 1470
f 2014 1453 1457
f 2212 1579 1583
f 1922 1357 1361
f 1864 1268 1270
f 1810 1244 1246
f 1795 1249 1251
f 1831 1285 1287
f 1849 1303 1305
f 1887 1333 1335
f 2193 1550 1552
f 2321 1472 1474
f 2285 1598 1600
f 1907 1351 1353
f 2098 1478 1480
f 2044 1400 1402
f 1961 1405 1407
f 2067 1489 1491
f 2083 1501 1503
f 2139 1532 1534
f 1975 1411 1413
f 1997 1441 1443
f 2231 1591 1593
f 2298 1382 1384
f 2190 1322 1324
f 1884 1274 1276
f 1900 1262 1264
f 2278 1298 1300
f 2314 1316 1318
f 2170 1340 1342
f 2159 1561 1563
f 2015 1459 1461
f 2213 1585 1587
f 1918 1346 1348
f 2136 1520 1522
f 1977 1417 1419
f 1990 1394 1396
f 2224 1496 1498
f 2301 1514 1516
f 2177 1556 1558
f 2152 1424 1426
f 2008 1430 1432
f 2206 1567 1569
f 1925 1369 1371
f 1817 1279 1281
f 1797 1255 1257
f 1833 1291 1293
f 1851 1309 1311
f 1871 1327 1329
f 1941 1375 1377
f 2119 1537 1539
f 2029 1448 1450
f 2247 1574 1576
f 2262 1364 1366
f 2051 1483 1485
f 1954 1387 1389
f 2064 1436 1438
f 2085 1507 1509
f 2105 1525 1527
f 2121 1543 1545
f 2031 1465 1467
f 2244 1454 1456
f 2265 1580 1582
f 1939 1358 1360
f 1814 1267 1271
f 1793 1243 1247
f 1829 1250 1254
f 1847 1286 1290
f 1868 1304 1308
f 1937 1334 1338
f 2124 1549 1553
f 2034 1471 1475
f 2250 1597 1601
f 2261 1352 1356
f 2050 1477 1481
f 1960 1399 1403
f 2063 1406 1410
f 2081 1490 1494
f 2102 1502 1506
f 2117 1531 1535
f 2027 1412 1416
f 2243 1442 1446
f 2268 1592 1596
f 1944 1381 1385
f 1804 890 894
f 1785 884 887
f 1821 896 899
f 1839 902 905
f 1858 908 912
f 1929 938 941
f 2114 1046 1050
f 2024 1220 1224
f 2240 1196 1200
f 2253 1112 1115
f 2038 980 984
f 1951 974 977
f 2055 986 989
f 2073 992 995
f 2092 998 1002
f 2109 1016 1019
f 2019 968 971
f 2235 1088 1091
f 2258 1142 1146
f 1934 1154 1158
f 1861 1214 1217
f 1807 1034 1037
f 1790 914 918
f 1826 1094 1098
f 1844 1184 1188
f 1880 1040 1044
f 2186 1232 1236
f 2308 1208 1212
f 2272 1118 1122
f 1894 926 930
f 2095 1160 1163
f 2041 1010 1013
f 1948 944 948
f 2060 1070 1074
f 2078 1130 1134
f 2132 1166 1170
f 1970 1004 1008
f 1984 956 960
f 2218 1082 1086
f 2289 1148 1151
f 2181 1058 1061
f 1875 920 923
f 1897 1100 1103
f 2275 1202 1205
f 2311 1238 1241
f 2167 1172 1175
f 2146 1028 1032
f 2002 962 966
f 2200 1076 1080
f 1915 1124 1127
f 2127 1022 1025
f 1965 950 953
f 1987 1064 1067
f 2221 1136 1139
f 2294 1178 1182
f 2164 1052 1056
f 2149 1226 1229
f 2005 1190 1193
f 2203 1106 1109
f 1912 932 936
f 1870 1321 1325
f 1816 1273 1277
f 1800 1261 1265
f 1836 1297 1301
f 1854 1315 1319
f 1890 1339 1343
f 2196 1562 1566
f 2320 1460 1464
f 2284 1586 1590
f 1906 1345 1349
f 2104 1519 1523
f 2047 1418 1422
f 1958 1393 1397
f 2070 1495 1499
f 2088 1513 1517
f 2142 1555 1559
f 1980 1423 1427
f 1994 1429 1433
f 2230 1568 1572
f 2297 1370 1374
f 2329 894 892
f 2323 887 885
f 2326 899 897
f 2333 905 903
f 2336 912 910
f 2345 941 939
f 2409 1050 1048
f 2496 1224 1222
f 2485 1200 1198
f 2435 1115 1113
f 2374 984 982
f 2368 977 975
f 2371 989 987
f 2378 995 993
f 2381 1002 1000
f 2392 1019 1017
f 2360 971 969
f 2416 1091 1089
f 2456 1146 1144
f 2460 1158 1156
f 2488 1217 1215
f 2398 1037 1035
f 2340 918 916
f 2430 1098 1096
f 2475 1188 1186
f 2404 1044 1042
f 2501 1236 1234
f 2482 1212 1210
f 2440 1122 1120
f 2347 930 928
f 2464 1163 1161
f 2384 1013 1011
f 2355 948 946
f 2419 1074 1072
f 2451 1134 1132
f 2470 1170 1168
f 2385 1008 1006
f 2362 960 958
f 2423 1086 1084
f 2446 1151 1149
f 2401 1061 1059
f 2339 923 921
f 2429 1103 1101
f 2474 1205 1203
f 2491 1241 1239
f 2459 1175 1173
f 2395 1032 1030
f 2365 966 964
f 2424 1080 1078
f 2443 1127 1125
f 2390 1025 1023
f 2354 953 951
f 2413 1067 1065
f 2450 1139 1137
f 2467 1182 1180
f 2408 1056 1054
f 2495 1229 1227
f 2479 1193 1191
f 2437 1109 1107
f 2350 936 934
f 2511 1325 1326
f 2505 1277 1278
f 2507 1265 1266
f 2513 1301 1302
f 2516 1319 1320
f 2519 1343 1344
f 2556 1566 1565
f 2540 1464 1463
f 2561 1590 1589
f 2521 1349 1350
f 2544 1523 1524
f 2529 1422 1421
f 2530 1397 1398
f 2546 1499 1500
f 2549 1517 1518
f 2553 1559 1560
f 2534 1427 1428
f 2536 1433 1434
f 2557 1572 1571
f 2525 1374 1373
f 1609 892 889
f 1605 885 883
f 1611 897 895
f 1614 903 901
f 1617 910 907
f 1631 939 937
f 1688 1048 1045
f 1775 1222 1219
f 1763 1198 1195
f 1719 1113 1111
f 1654 982 979
f 1650 975 973
f 1656 987 985
f 1659 993 991
f 1662 1000 997
f 1672 1017 1015
f 1646 969 967
f 1706 1089 1087
f 1735 1144 1141
f 1741 1156 1153
f 1770 1215 1213
f 1680 1035 1033
f 1621 916 913
f 1711 1096 1093
f 1756 1186 1183
f 1684 1042 1039
f 1780 1234 1231
f 1767 1210 1207
f 1722 1120 1117
f 1627 928 925
f 1744 1161 1159
f 1668 1011 1009
f 1636 946 943
f 1699 1072 1069
f 1730 1132 1129
f 1748 1168 1165
f 1666 1006 1003
f 1642 958 955
f 1705 1084 1081
f 1736 1149 1147
f 1691 1059 1057
f 1623 921 919
f 1713 1101 1099
f 1764 1203 1201
f 1781 1239 1237
f 1749 1173 1171
f 1677 1030 1027
f 1645 964 961
f 1703 1078 1075
f 1725 1125 1123
f 1674 1023 1021
f 1638 951 949
f 1695 1065 1063
f 1732 1137 1135
f 1752 1180 1177
f 1690 1054 1051
f 1777 1227 1225
f 1759 1191 1189
f 1717 1107 1105
f 1630 934 931
f 2191 1326 1322
f 1885 1278 1274
f 1901 1266 1262
f 2279 1302 1298
f 2315 1320 1316
f 2171 1344 1340
f 2160 1565 1561
f 2016 1463 1459
f 2214 1589 1585
f 1919 1350 1346
f 2137 1524 1520
f 1978 1421 1417
f 1991 1398 1394
f 2225 1500 1496
f 2302 1518 1514
f 2178 1560 1556
f 2153 1428 1424
f 2009 1434 1430
f 2207 1571 1567
f 1926 1373 1369
f 1857 911 908
f 1803 893 890
f 1786 888 884
f 1822 900 896
f 1840 906 902
f 1876 924 920
f 2182 1062 1058
f 2312 1242 1238
f 2276 1206 1202
f 1898 1104 1100
f 2091 1001 998
f 2037 983 980
f 1952 978 974
f 2056 990 986
f 2074 996 992
f 2128 1026 1022
f 1966 954 950
f 1988 1068 1064
f 2222 1140 1136
f 2293 1181 1178
f 2185 1235 1232
f 1879 1043 1040
f 1893 929 926
f 2271 1121 1118
f 2307 1211 1208
f 2163 1055 1052
f 2150 1230 1226
f 2006 1194 1190
f 2204 1110 1106
f 1911 935 932
f 2131 1169 1166
f 1969 1007 1004
f 1983 959 956
f 2217 1085 1082
f 2290 1152 1148
f 2168 1176 1172
f 2145 1031 1028
f 2001 965 962
f 2199 1079 1076
f 1916 1128 1124
f 1808 1038 1034
f 1789 917 914
f 1825 1097 1094
f 1843 1187 1184
f 1862 1218 1214
f 1933 1157 1154
f 2110 1020 1016
f 2020 972 968
f 2236 1092 1088
f 2257 1145 1142
f 2042 1014 1010
f 1947 947 944
f 2059 1073 1070
f 2077 1133 1130
f 2096 1164 1160
f 2113 1049 1046
f 2023 1223 1220
f 2239 1199 1196
f 2254 1116 1112
f 1930 942 938
f 1818 1283 1279
f 1798 1259 1255
f 1834 1295 1291
f 1852 1313 1309
f 1872 1331 1327
f 1942 1379 1375
f 2120 1541 1537
f 2030 1452 1448
f 2248 1578 1574
f 2263 1368 1364
f 2052 1487 1483
f 1955 1391 1387
f 2065 1440 1436
f 2086 1511 1507
f 2106 1529 1525
f 2122 1547 1543
f 2032 1469 1465
f 2245 1458 1454
f 2266 1584 1580
f 1940 1362 1358
f 1813 1269 1267
f 1792 1245 1243
f 1828 1252 1250
f 1846 1288 1286
f 1867 1306 1304
f 1936 1336 1334
f 2123 1551 1549
f 2033 1473 1471
f 2249 1599 1597
f 2260 1354 1352
f 2049 1479 1477
f 1959 1401 1399
f 2062 1408 1406
f 2080 1492 1490
f 2101 1504 1502
f 2116 1533 1531
f 2026 1414 1412
f 2242 1444 1442
f 2267 1594 1592
f 1943 1383 1381
f 1869 1323 1321
f 1815 1275 1273
f 1799 1263 1261
f 1835 1299 1297
f 1853 1317 1315
f 1889 1341 1339
f 2195 1564 1562
f 2319 1462 1460
f 2283 1588 1586
f 1905 1347 1345
f 2103 1521 1519
f 2046 1420 1418
f 1957 1395 1393
f 2069 1497 1495
f 2087 1515 1513
f 2141 1557 1555
f 1979 1425 1423
f 1993 1431 1429
f 2229 1570 1568
f 2296 1372 1370
f 2188 1282 1280
f 1882 1258 1256
f 1902 1294 1292
f 2280 1312 1310
f 2316 1330 1328
f 2172 1378 1376
f 2157 1540 1538
f 2011 1449 1447
f 2209 1575 1573
f 1923 1365 1363
f 2134 1486 1484
f 1972 1390 1388
f 1995 1437 1435
f 2226 1510 1508
f 2303 1528 1526
f 2175 1546 1544
f 2154 1468 1466
f 2013 1455 1453
f 2211 1581 1579
f 1921 1359 1357
f 1865 1272 1268
f 1811 1248 1244
f 1796 1253 1249
f 1832 1289 1285
f 1850 1307 1303
f 1888 1337 1333
f 2194 1554 1550
f 2322 1476 1472
f 2286 1602 1598
f 1908 1355 1351
f 2099 1482 1478
f 2045 1404 1400
f 1962 1409 1405
f 2068 1493 1489
f 2084 1505 1501
f 2140 1536 1532
f 1976 1415 1411
f 1998 1445 1441
f 2232 1595 1591
f 2299 1386 1382
f 2330 909 911
f 2324 891 893
f 2325 886 888
f 2332 898 900
f 2335 904 906
f 2344 922 924
f 2410 1060 1062
f 2497 1240 1242
f 2486 1204 1206
f 2434 1102 1104
f 2375 999 1001
f 2369 981 983
f 2370 976 978
f 2377 988 990
f 2380 994 996
f 2393 1024 1026
f 2359 952 954
f 2415 1066 1068
f 2455 1138 1140
f 2461 1179 1181
f 2489 1233 1235
f 2399 1041 1043
f 2341 927 929
f 2431 1119 1121
f 2476 1209 1211
f 2405 1053 1055
f 2500 1228 1230
f 2481 1192 1194
f 2439 1108 1110
f 2348 933 935
f 2465 1167 1169
f 2383 1005 1007
f 2356 957 959
f 2420 1083 1085
f 2452 1150 1152
f 2471 1174 1176
f 2386 1029 1031
f 2363 963 965
f 2422 1077 1079
f 2445 1126 1128
f 2400 1036 1038
f 2338 915 917
f 2428 1095 1097
f 2473 1185 1187
f 2490 1216 1218
f 2458 1155 1157
f 2394 1018 1020
f 2366 970 972
f 2425 1090 1092
f 2444 1143 1145
f 2389 1012 1014
f 2353 945 947
f 2414 1071 1073
f 2449 1131 1133
f 2466 1162 1164
f 2407 1047 1049
f 2494 1221 1223
f 2480 1197 1199
f 2438 1114 1116
f 2351 940 942
f 2510 1284 1283
f 2504 1260 1259
f 2508 1296 1295
f 2514 1314 1313
f 2517 1332 1331
f 2520 1380 1379
f 2554 1542 1541
f 2539 1451 1452
f 2560 1577 1578
f 2523 1367 1368
f 2543 1488 1487
f 2527 1392 1391
f 2532 1439 1440
f 2547 1512 1511
f 2550 1530 1529
f 2552 1548 1547
f 2535 1470 1469
f 2538 1457 1458
f 2558 1583 1584
f 2524 1361 1362
f 1607 1616 1609
f 1603 1608 1605
f 1604 1606 1611
f 1610 1612 1614
f 1613 1615 1617
f 1622 1624 1631
f 1686 1692 1688
f 1773 1782 1775
f 1761 1765 1763
f 1712 1714 1719
f 1652 1661 1654
f 1648 1653 1650
f 1649 1651 1656
f 1655 1657 1659
f 1658 1660 1662
f 1670 1675 1672
f 1637 1639 1646
f 1694 1696 1706
f 1731 1733 1735
f 1739 1751 1741
f 1768 1779 1770
f 1678 1683 1680
f 1619 1626 1621
f 1709 1721 1711
f 1754 1766 1756
f 1682 1689 1684
f 1776 1778 1780
f 1758 1760 1767
f 1716 1718 1722
f 1625 1629 1627
f 1742 1747 1744
f 1663 1665 1668
f 1634 1641 1636
f 1697 1704 1699
f 1728 1737 1730
f 1746 1750 1748
f 1664 1676 1666
f 1640 1644 1642
f 1700 1702 1705
f 1724 1726 1736
f 1679 1681 1691
f 1618 1620 1623
f 1708 1710 1713
f 1753 1755 1764
f 1769 1771 1781
f 1738 1740 1749
f 1671 1673 1677
f 1643 1647 1645
f 1701 1707 1703
f 1723 1734 1725
f 1667 1669 1674
f 1633 1635 1638
f 1693 1698 1695
f 1727 1729 1732
f 1743 1745 1752
f 1685 1687 1690
f 1772 1774 1777
f 1757 1762 1759
f 1715 1720 1717
f 1628 1632 1630
f 2187 2189 2191
f 1881 1883 1885
f 1899 1903 1901
f 2277 2281 2279
f 2313 2317 2315
f 2169 2173 2171
f 2156 2158 2160
f 2010 2012 2016
f 2208 2210 2214
f 1917 1924 1919
f 2133 2135 2137
f 1971 1973 1978
f 1989 1996 1991
f 2223 2227 2225
f 2300 2304 2302
f 2174 2176 2178
f 2151 2155 2153
f 2007 2014 2009
f 2205 2212 2207
f 1920 1922 1926
f 1855 1864 1857
f 1801 1810 1803
f 1784 1795 1786
f 1820 1831 1822
f 1838 1849 1840
f 1874 1887 1876
f 2180 2193 2182
f 2310 2321 2312
f 2274 2285 2276
f 1896 1907 1898
f 2089 2098 2091
f 2035 2044 2037
f 1950 1961 1952
f 2054 2067 2056
f 2072 2083 2074
f 2126 2139 2128
f 1964 1975 1966
f 1986 1997 1988
f 2220 2231 2222
f 2291 2298 2293
f 2183 2190 2185
f 1877 1884 1879
f 1891 1900 1893
f 2269 2278 2271
f 2305 2314 2307
f 2161 2170 2163
f 2148 2159 2150
f 2004 2015 2006
f 2202 2213 2204
f 1909 1918 1911
f 2129 2136 2131
f 1967 1977 1969
f 1981 1990 1983
f 2215 2224 2217
f 2288 2301 2290
f 2166 2177 2168
f 2143 2152 2145
f 1999 2008 2001
f 2197 2206 2199
f 1914 1925 1916
f 1806 1817 1808
f 1787 1797 1789
f 1823 1833 1825
f 1841 1851 1843
f 1860 1871 1862
f 1931 1941 1933
f 2108 2119 2110
f 2018 2029 2020
f 2234 2247 2236
f 2255 2262 2257
f 2040 2051 2042
f 1945 1954 1947
f 2057 2064 2059
f 2075 2085 2077
f 2094 2105 2096
f 2111 2121 2113
f 2021 2031 2023
f 2237 2244 2239
f 2252 2265 2254
f 1928 1939 1930
f 1812 1814 1818
f 1791 1793 1798
f 1827 1829 1834
f 1845 1847 1852
f 1866 1868 1872
f 1935 1937 1942
f 2118 2124 2120
f 2028 2034 2030
f 2246 2250 2248
f 2259 2261 2263
f 2048 2050 2052
f 1953 1960 1955
f 2061 2063 2065
f 2079 2081 2086
f 2100 2102 2106
f 2115 2117 2122
f 2025 2027 2032
f 2241 2243 2245
f 2264 2268 2266
f 1938 1944 1940
f 1802 1804 1813
f 1783 1785 1792
f 1819 1821 1828
f 1837 1839 1846
f 1856 1858 1867
f 1927 1929 1936
f 2112 2114 2123
f 2022 2024 2033
f 2238 2240 2249
f 2251 2253 2260
f 2036 2038 2049
f 1949 1951 1959
f 2053 2055 2062
f 2071 2073 2080
f 2090 2092 2101
f 2107 2109 2116
f 2017 2019 2026
f 2233 2235 2242
f 2256 2258 2267
f 1932 1934 1943
f 1859 1861 1869
f 1805 1807 1815
f 1788 1790 1799
f 1824 1826 1835
f 1842 1844 1853
f 1878 1880 1889
f 2184 2186 2195
f 2306 2308 2319
f 2270 2272 2283
f 1892 1894 1905
f 2093 2095 2103
f 2039 2041 2046
f 1946 1948 1957
f 2058 2060 2069
f 2076 2078 2087
f 2130 2132 2141
f 1968 1970 1979
f 1982 1984 1993
f 2216 2218 2229
f 2287 2289 2296
f 2179 2181 2188
f 1873 1875 1882
f 1895 1897 1902
f 2273 2275 2280
f 2309 2311 2316
f 2165 2167 2172
f 2144 2146 2157
f 2000 2002 2011
f 2198 2200 2209
f 1913 1915 1923
f 2125 2127 2134
f 1963 1965 1972
f 1985 1987 1995
f 2219 2221 2226
f 2292 2294 2303
f 2162 2164 2175
f 2147 2149 2154
f 2003 2005 2013
f 2201 2203 2211
f 1910 1912 1921
f 1863 1870 1865
f 1809 1816 1811
f 1794 1800 1796
f 1830 1836 1832
f 1848 1854 1850
f 1886 1890 1888
f 2192 2196 2194
f 2318 2320 2322
f 2282 2284 2286
f 1904 1906 1908
f 2097 2104 2099
f 2043 2047 2045
f 1956 1958 1962
f 2066 2070 2068
f 2082 2088 2084
f 2138 2142 2140
f 1974 1980 1976
f 1992 1994 1998
f 2228 2230 2232
f 2295 2297 2299
f 2331 2329 2330
f 2327 2323 2324
f 2328 2326 2325
f 2334 2333 2332
f 2337 2336 2335
f 2346 2345 2344
f 2412 2409 2410
f 2499 2496 2497
f 2487 2485 2486
f 2436 2435 2434
f 2376 2374 2375
f 2372 2368 2369
f 2373 2371 2370
f 2379 2378 2377
f 2382 2381 2380
f 2396 2392 2393
f 2361 2360 2359
f 2418 2416 2415
f 2457 2456 2455
f 2463 2460 2461
f 2492 2488 2489
f 2402 2398 2399
f 2343 2340 2341
f 2433 2430 2431
f 2478 2475 2476
f 2406 2404 2405
f 2502 2501 2500
f 2484 2482 2481
f 2442 2440 2439
f 2349 2347 2348
f 2468 2464 2465
f 2387 2384 2383
f 2358 2355 2356
f 2421 2419 2420
f 2454 2451 2452
f 2472 2470 2471
f 2388 2385 2386
f 2364 2362 2363
f 2426 2423 2422
f 2448 2446 2445
f 2403 2401 2400
f 2342 2339 2338
f 2432 2429 2428
f 2477 2474 2473
f 2493 2491 2490
f 2462 2459 2458
f 2397 2395 2394
f 2367 2365 2366
f 2427 2424 2425
f 2447 2443 2444
f 2391 2390 2389
f 2357 2354 2353
f 2417 2413 2414
f 2453 2450 2449
f 2469 2467 2466
f 2411 2408 2407
f 2498 2495 2494
f 2483 2479 2480
f 2441 2437 2438
f 2352 2350 2351
f 2509 2511 2510
f 2503 2505 2504
f 2506 2507 2508
f 2512 2513 2514
f 2515 2516 2517
f 2518 2519 2520
f 2555 2556 2554
f 2541 2540 2539
f 2562 2561 2560
f 2522 2521 2523
f 2542 2544 2543
f 2528 2529 2527
f 2531 2530 2532
f 2545 2546 2547
f 2548 2549 2550
f 2551 2553 2552
f 2533 2534 2535
f 2537 2536 2538
f 2559 2557 2558
f 2526 2525 2524