v -0.112646 0.438333 -0.197721
v 0.128477 0.433272 -0.187370
v -0.284001 -0.571169 0.010501
v 0.287976 -0.580259 0.012894
v 0.019132 -0.391807 0.712650
v 0.010201 0.115178 0.437820
v -0.029654 -0.091575 -0.401267
v -0.004951 0.405205 -0.716701
v 0.516891 0.052462 -0.244914
v 0.529858 0.027950 0.255372
v -0.517573 0.052838 -0.268194
v -0.536775 0.007003 0.256480
v 0.001275 0.522707 -0.187684
v -0.024607 0.243255 -0.049302
v -0.208368 0.666800 -0.442636
v -0.317038 0.111577 -0.196464
v -0.353201 0.048987 0.080551
v 0.011469 0.252849 -0.060749
v 0.207861 0.699931 -0.457806
v 0.308870 0.098133 -0.174991
v 0.352950 0.037956 0.053403
v 0.002452 -0.595587 0.013833
v -0.206544 -0.640365 0.431290
v -0.180498 -0.578747 -0.290862
v -0.345408 -0.068203 -0.080378
v -0.363829 -0.119550 0.183117
v 0.222569 -0.635438 0.412933
v 0.171687 -0.571432 -0.289049
v 0.353998 -0.081614 -0.045027
v 0.366520 -0.114594 0.190692
v 0.022034 -0.037480 0.716830
v 0.291723 -0.152828 0.571786
v -0.292195 -0.155181 0.588578
v 0.213664 0.019934 0.480696
v -0.210125 0.030909 0.483320
v -0.015941 0.058877 -0.744693
v 0.184117 0.009620 -0.432411
v -0.207198 0.012924 -0.433856
v 0.312827 0.174993 -0.625940
v -0.310573 0.168425 -0.627539
v 0.613504 0.015884 0.038436
v -0.602213 0.022550 0.016864
v -0.066528 0.510803 -0.199701
v -0.053838 0.383707 -0.153519
v -0.189106 0.545411 -0.271490
v -0.185756 0.306375 -0.212399
v -0.157805 0.220977 -0.099169
v 0.080144 0.515770 -0.179805
v 0.067527 0.425894 -0.157838
v 0.172796 0.528104 -0.253421
v 0.189923 0.285106 -0.188575
v 0.166163 0.237611 -0.125295
v -0.165372 -0.629176 -0.007060
v -0.221535 -0.528275 0.163959
v -0.321434 -0.748968 -0.150749
v -0.353461 -0.401384 -0.055488
v -0.312294 -0.370302 0.106305
v 0.173255 -0.645730 0.010125
v 0.226142 -0.539784 0.160984
v 0.315326 -0.747224 -0.149176
v 0.351308 -0.404123 -0.040175
v 0.316404 -0.379001 0.103595
v -0.124233 -0.619318 0.684746
v 0.136274 -0.636065 0.679571
v 0.034863 -0.188293 0.760167
v 0.190829 -0.313061 0.701198
v -0.151743 -0.304164 0.711005
v -0.019865 0.142850 0.222877
v 0.022747 0.142336 0.217834
v 0.013248 0.063918 0.609811
v 0.081059 0.088653 0.491907
v -0.066027 0.096022 0.489476
v -0.078697 -0.307891 -0.340030
v 0.030210 -0.316225 -0.355492
v -0.026935 0.006771 -0.552224
v 0.030576 -0.027921 -0.425370
v -0.083986 -0.019666 -0.408037
v -0.131312 0.569274 -0.631347
v 0.109741 0.566804 -0.641223
v -0.005558 0.220172 -0.791922
v 0.183873 0.321975 -0.743180
v -0.191237 0.322867 -0.739950
v 0.486512 0.056401 -0.199512
v 0.479521 0.071360 -0.145417
v 0.371848 0.058063 -0.349955
v 0.403084 0.057117 -0.423116
v 0.582770 0.029731 -0.082070
v 0.508022 0.023828 0.189020
v 0.475336 0.017899 0.223509
v 0.383564 -0.021232 0.389839
v 0.389971 -0.001787 0.372218
v 0.602753 0.017525 0.134304
v -0.479488 0.043410 -0.223332
v -0.474561 0.077365 -0.184682
v -0.387017 0.067513 -0.388674
v -0.387068 0.062173 -0.421228
v -0.565268 0.034994 -0.116606
v -0.513830 0.011709 0.199214
v -0.477726 0.019284 0.239487
v -0.391361 -0.029132 0.397683
v -0.405319 -0.011807 0.393793
v -0.581089 0.009547 0.137062
v -0.023892 0.446342 -0.171872
v -0.069098 0.607579 -0.266490
v 0.012880 0.453268 -0.169594
v 0.067580 0.610869 -0.281610
v -0.133370 0.181395 0.036854
v -0.004024 0.259216 -0.069238
v -0.112765 0.125111 0.257542
v -0.415540 0.507029 -0.411937
v -0.011364 0.699122 -0.466682
v -0.269120 0.417765 -0.557838
v -0.362644 0.066109 -0.049829
v -0.302641 0.156186 -0.397346
v -0.556906 0.021196 -0.055890
v -0.302234 0.035785 0.266763
v -0.552072 0.024108 0.054048
v 0.136773 0.184656 0.003492
v 0.119412 0.127956 0.246476
v 0.318427 0.474950 -0.321569
v 0.272116 0.427380 -0.558806
v 0.364247 0.066395 -0.054602
v 0.289329 0.153001 -0.378266
v 0.556857 0.033999 -0.025923
v 0.294845 0.019460 0.245348
v 0.573591 0.039635 0.064514
v -0.078104 -0.587914 0.204477
v -0.096350 -0.644914 -0.136174
v 0.085088 -0.586421 0.198831
v 0.094215 -0.646038 -0.134875
v -0.299217 -0.391079 0.305291
v 0.002613 -0.614406 0.447534
v -0.323045 -0.449392 0.577349
v -0.346145 -0.407176 -0.243723
v -0.011493 -0.519855 -0.247929
v -0.186806 -0.220541 -0.333408
v -0.367426 -0.084385 0.056836
v -0.272434 -0.020907 -0.246633
v -0.537976 0.048912 -0.013822
v -0.346314 -0.152464 0.370124
v -0.530138 0.046873 0.112789
v 0.300963 -0.389558 0.296671
v 0.326180 -0.436507 0.553799
v 0.348455 -0.401013 -0.233339
v 0.167772 -0.219901 -0.335767
v 0.368997 -0.087735 0.079555
v 0.290932 -0.035991 -0.237623
v 0.538385 0.056673 0.025067
v 0.341346 -0.153230 0.362850
v 0.539636 0.044249 0.115861
v 0.169274 -0.103234 0.702575
v -0.128396 -0.093893 0.720584
v 0.128110 0.011221 0.639820
v -0.107732 0.021222 0.645874
v 0.264812 -0.037874 0.552179
v -0.262292 -0.038771 0.562406
v 0.106075 0.007759 -0.643471
v -0.140057 0.006149 -0.637507
v 0.181287 0.109378 -0.786555
v -0.195996 0.111232 -0.785982
v 0.277744 0.053133 -0.587663
v -0.287331 0.055847 -0.592855
v -0.093611 0.487045 -0.200079
v -0.082849 0.422913 -0.179298
v -0.140157 0.483471 -0.221218
v -0.147609 0.388799 -0.203791
v -0.119216 0.345016 -0.165992
v 0.110927 0.481850 -0.184321
v 0.100522 0.439822 -0.177833
v 0.147982 0.468329 -0.204210
v 0.157156 0.374206 -0.190529
v 0.131559 0.359796 -0.173253
v -0.234651 -0.622675 0.001645
v -0.247134 -0.539588 0.062467
v -0.310371 -0.665645 -0.041987
v -0.324928 -0.518737 -0.019655
v -0.297355 -0.483290 0.053667
v 0.243738 -0.631489 0.010068
v 0.257827 -0.559802 0.071286
v 0.305625 -0.657010 -0.047154
v 0.322264 -0.524930 -0.017244
v 0.299963 -0.494218 0.051875
v -0.041795 -0.474711 0.698214
v 0.065700 -0.482947 0.696738
v 0.028286 -0.296185 0.736744
v 0.102548 -0.366636 0.712868
v -0.058224 -0.356798 0.719361
v -0.005677 0.115846 0.346096
v 0.019260 0.117780 0.342276
v 0.009951 0.104328 0.534253
v 0.037185 0.106284 0.464341
v -0.020216 0.107980 0.465238
v -0.048845 -0.188628 -0.376506
v -0.011235 -0.196889 -0.393528
v -0.029769 0.000248 -0.450418
v -0.003603 -0.061869 -0.412493
v -0.053457 -0.055755 -0.403734
v -0.060266 0.477951 -0.681782
v 0.043057 0.475421 -0.683026
v -0.004304 0.320033 -0.755416
v 0.076959 0.372654 -0.730482
v -0.086905 0.374340 -0.725865
v 0.515955 0.047294 -0.230364
v 0.515436 0.054230 -0.204846
v 0.463079 0.060454 -0.294573
v 0.475703 0.057208 -0.320300
v 0.556212 0.040133 -0.167763
v 0.535738 0.022784 0.234537
v 0.513186 0.028315 0.240102
v 0.465153 0.013345 0.311652
v 0.475729 0.016750 0.306958
v 0.568236 0.028113 0.196133
v -0.511844 0.039684 -0.251644
v -0.516492 0.065483 -0.237585
v -0.476435 0.070636 -0.331328
v -0.465673 0.048712 -0.337158
v -0.544748 0.035155 -0.197116
v -0.543793 0.005296 0.234940
v -0.526367 0.021693 0.250761
v -0.469671 -0.003957 0.320418
v -0.488096 -0.003050 0.318680
v -0.571243 0.009687 0.191023
v -0.034999 0.517573 -0.195279
v 0.041221 0.526418 -0.183984
v -0.017111 0.497992 -0.186576
v -0.023026 0.537754 -0.205634
v 0.010705 0.499578 -0.179969
v 0.029441 0.550018 -0.206169
v -0.031395 0.325474 -0.122603
v -0.024071 0.186497 0.084475
v -0.021312 0.353870 -0.137165
v -0.049527 0.220040 -0.021135
v -0.016490 0.254300 -0.064405
v -0.058034 0.180821 0.109028
v -0.224287 0.618653 -0.348503
v -0.183351 0.643037 -0.545483
v -0.150140 0.689239 -0.359258
v -0.332163 0.622712 -0.430640
v -0.161340 0.815919 -0.456202
v -0.247349 0.556083 -0.511745
v -0.236880 0.202598 -0.201140
v -0.410082 0.065851 -0.205119
v -0.233246 0.274043 -0.286283
v -0.347869 0.074286 -0.113289
v -0.293354 0.133247 -0.289507
v -0.455730 0.045192 -0.120334
v -0.250079 0.123120 -0.005995
v -0.452116 0.006712 0.156625
v -0.237553 0.113348 0.068798
v -0.365921 0.055563 0.012326
v -0.331805 0.043410 0.168945
v -0.469953 0.026109 0.073877
v 0.034630 0.342648 -0.126017
v 0.020012 0.190641 0.077711
v 0.010092 0.365448 -0.141114
v 0.001706 0.257914 -0.067872
v 0.054814 0.233726 -0.032007
v 0.060914 0.190101 0.095778
v 0.200839 0.617082 -0.346465
v 0.164773 0.639151 -0.560490
v 0.142827 0.712943 -0.371606
v 0.117199 0.738351 -0.472829
v 0.357988 0.637859 -0.400698
v 0.256049 0.567078 -0.514700
v 0.227415 0.173293 -0.175750
v 0.415437 0.067178 -0.181504
v 0.230667 0.243984 -0.252380
v 0.342583 0.085270 -0.105189
v 0.282257 0.123886 -0.264632
v 0.457997 0.060122 -0.099770
v 0.250066 0.120748 -0.035964
v 0.443202 0.024545 0.130627
v 0.238329 0.107523 0.034462
v 0.367267 0.052000 -0.009553
v 0.329180 0.032510 0.138230
v 0.474758 0.046068 0.062375
v -0.086967 -0.603251 0.002879
v 0.092038 -0.615324 0.013073
v -0.037086 -0.585328 0.096436
v -0.049847 -0.593457 -0.057163
v 0.046137 -0.591730 0.099548
v 0.053403 -0.600313 -0.057818
v -0.204552 -0.543700 0.299289
v -0.187620 -0.807852 0.593380
v -0.122472 -0.570284 0.328202
v -0.268058 -0.519937 0.377378
v -0.097599 -0.656554 0.450640
v -0.319414 -0.635121 0.523381
v -0.253311 -0.736966 -0.269049
v -0.122650 -0.435083 -0.302988
v -0.125649 -0.683354 -0.243805
v -0.283141 -0.543634 -0.289089
v -0.096015 -0.544200 -0.258930
v -0.194450 -0.403877 -0.301571
v -0.353363 -0.238596 -0.073278
v -0.402069 0.028355 -0.125539
v -0.343308 -0.227057 -0.159723
v -0.356622 -0.071074 -0.005624
v -0.317644 -0.052122 -0.161378
v -0.425990 0.024007 -0.037747
v -0.333817 -0.241834 0.152144
v -0.415789 -0.034130 0.210076
v -0.326477 -0.255843 0.241411
v -0.367863 -0.099788 0.117918
v -0.352774 -0.135941 0.264366
v -0.429968 -0.012574 0.146412
v 0.208274 -0.547752 0.276968
v 0.207900 -0.810612 0.573556
v 0.132185 -0.584326 0.309720
v 0.111460 -0.663367 0.439756
v 0.270437 -0.512541 0.358223
v 0.309287 -0.599052 0.502094
v 0.257605 -0.741324 -0.267110
v 0.092196 -0.430876 -0.311127
v 0.120922 -0.671915 -0.235439
v 0.078325 -0.535857 -0.262056
v 0.284715 -0.536546 -0.298146
v 0.177946 -0.399356 -0.311464
v 0.358002 -0.246538 -0.045032
v 0.404471 0.040361 -0.078607
v 0.351292 -0.234905 -0.135704
v 0.361219 -0.085292 0.022999
v 0.336421 -0.060862 -0.137107
v 0.422658 0.044032 0.009296
v 0.339597 -0.248508 0.157340
v 0.412851 -0.008801 0.204244
v 0.331430 -0.259126 0.239122
v 0.368300 -0.097958 0.129510
v 0.353716 -0.134388 0.268668
v 0.432733 0.009073 0.149853
v 0.033037 -0.100278 0.755095
v 0.016310 0.018945 0.671867
v 0.096089 -0.071446 0.720085
v -0.046583 -0.064770 0.730282
v 0.081242 -0.011118 0.683352
v -0.047195 -0.007379 0.689434
v 0.256362 -0.238559 0.653898
v 0.323665 -0.072785 0.477928
v 0.311142 -0.274043 0.566563
v 0.325805 -0.162792 0.469560
v 0.241070 -0.132028 0.656811
v 0.277861 -0.079911 0.564588
v -0.238858 -0.233345 0.673021
v -0.323493 -0.080569 0.484997
v -0.305442 -0.278662 0.583895
v -0.328081 -0.165519 0.480754
v -0.218446 -0.125337 0.670689
v -0.273772 -0.082100 0.579642
v 0.136534 0.059642 0.514439
v 0.302585 -0.010476 0.439277
v 0.170813 0.066537 0.375285
v 0.256225 0.019563 0.359002
v 0.171549 0.022450 0.580907
v 0.246195 -0.010146 0.532839
v -0.129022 0.069656 0.502169
v -0.306723 -0.007494 0.448911
v -0.165103 0.074359 0.381754
v -0.259156 0.031876 0.370720
v -0.159181 0.030944 0.575356
v -0.242390 -0.004618 0.537817
v -0.023120 0.012955 -0.665851
v -0.010842 0.127344 -0.791105
v 0.052410 0.026928 -0.707616
v -0.087543 0.029551 -0.707694
v 0.075645 0.081776 -0.779822
v -0.098938 0.088015 -0.771533
v 0.091255 -0.002333 -0.434458
v 0.280763 0.036327 -0.402770
v 0.150658 -0.062621 -0.363260
v 0.229262 -0.005298 -0.330226
v 0.146012 0.013245 -0.536599
v 0.237209 0.036889 -0.522031
v -0.134058 0.002790 -0.423331
v -0.293063 0.041490 -0.420201
v -0.167065 -0.057571 -0.351317
v -0.237827 -0.005499 -0.340862
v -0.176164 0.017509 -0.531796
v -0.254530 0.034736 -0.522117
v 0.280817 0.249406 -0.723001
v 0.330847 0.087064 -0.520859
v 0.295705 0.288908 -0.597521
v 0.305716 0.176061 -0.502234
v 0.285615 0.143287 -0.749331
v 0.301909 0.092140 -0.625163
v -0.286084 0.250526 -0.720992
v -0.328140 0.093883 -0.521161
v -0.293590 0.281440 -0.597132
v -0.309553 0.169962 -0.509933
v -0.287571 0.145366 -0.751256
v -0.301411 0.091606 -0.627584
v 0.602617 0.029627 -0.011905
v 0.615766 0.009595 0.081180
v 0.598306 0.023368 0.007517
v 0.605700 0.017912 0.053947
v 0.594540 0.034512 0.029677
v 0.603389 0.026065 0.076548
v -0.591014 0.032052 -0.041623
v -0.592472 0.013112 0.075968
v -0.588004 0.017965 -0.025432
v -0.593482 0.012963 0.032640
v -0.584367 0.032995 0.002979
v -0.579307 0.026557 0.062566
v -0.059449 0.469789 -0.183055
v -0.114899 0.529522 -0.228600
v -0.038766 0.487429 -0.184759
v -0.070100 0.544113 -0.223547
v -0.092370 0.310260 -0.130567
v -0.036745 0.427424 -0.166035
v -0.062722 0.275082 -0.086989
v -0.197142 0.454081 -0.255281
v -0.134753 0.589033 -0.278310
v -0.321861 0.557891 -0.325681
v -0.169203 0.252440 -0.151621
v -0.231634 0.402351 -0.287471
v -0.238268 0.149652 -0.128413
v -0.147853 0.201602 -0.038741
v -0.249017 0.130843 -0.064743
v 0.073472 0.475766 -0.169629
v 0.124114 0.530278 -0.207406
v 0.041229 0.497226 -0.172801
v 0.081838 0.553923 -0.216296
v 0.102139 0.352232 -0.159908
v 0.038515 0.440237 -0.159915
v 0.074721 0.297286 -0.109213
v 0.188002 0.426964 -0.224861
v 0.128481 0.590307 -0.273365
v 0.249137 0.518282 -0.289642
v 0.177977 0.251440 -0.155152
v 0.215772 0.361521 -0.238562
v 0.237394 0.138474 -0.124031
v 0.149672 0.213796 -0.078528
v 0.248993 0.127136 -0.084253
v -0.183755 -0.553454 0.054167
v -0.230518 -0.759288 -0.036634
v -0.113368 -0.559910 0.070960
v -0.134265 -0.680933 -0.064113
v -0.274386 -0.468228 0.139443
v -0.154649 -0.566345 0.186961
v -0.262270 -0.475160 0.246220
v -0.356421 -0.579634 -0.110410
v -0.174919 -0.790402 -0.150275
v -0.356950 -0.605448 -0.226382
v -0.332003 -0.377745 0.026348
v -0.362209 -0.416344 -0.148320
v -0.349490 -0.235437 0.003616
v -0.300354 -0.370421 0.197583
v -0.341552 -0.235822 0.076048
v 0.198505 -0.584640 0.078574
v 0.231685 -0.754614 -0.042480
v 0.127614 -0.594675 0.091703
v 0.132824 -0.686654 -0.058435
v 0.276618 -0.480887 0.128096
v 0.159522 -0.570606 0.184149
v 0.261338 -0.476962 0.233171
v 0.352256 -0.574869 -0.103523
v 0.171274 -0.793682 -0.154807
v 0.361389 -0.608124 -0.219268
v 0.332177 -0.385267 0.034533
v 0.365992 -0.415302 -0.134030
v 0.352384 -0.243286 0.024492
v 0.304006 -0.379728 0.189307
v 0.345841 -0.243883 0.087808
v 0.008331 -0.564893 0.658667
v -0.154509 -0.460836 0.699546
v -0.052624 -0.636897 0.585318
v -0.275230 -0.612497 0.688143
v 0.181631 -0.474434 0.696546
v 0.059033 -0.645990 0.579160
v 0.297696 -0.620985 0.668461
v 0.112875 -0.246292 0.734821
v -0.052574 -0.229746 0.754591
v 0.109804 -0.146270 0.742078
v -0.038465 -0.125297 0.799169
v 0.280392 -0.393286 0.658180
v 0.186444 -0.185608 0.720297
v -0.261799 -0.388113 0.672047
v -0.140844 -0.180471 0.728660
v 0.001724 0.143478 0.214200
v -0.040654 0.113348 0.361762
v -0.009952 0.191381 0.073158
v -0.052130 0.136918 0.241799
v 0.053273 0.111064 0.357336
v 0.000883 0.191087 0.070154
v 0.060860 0.139837 0.231874
v 0.053208 0.082054 0.567130
v -0.031957 0.084717 0.565136
v 0.067426 0.040561 0.634771
v -0.041293 0.044408 0.636756
v 0.102894 0.097861 0.376034
v 0.108222 0.059264 0.588530
v -0.092233 0.100930 0.376964
v -0.089420 0.065168 0.586623
v -0.025261 -0.318772 -0.345160
v -0.086632 -0.162012 -0.376683
v -0.053727 -0.440016 -0.296950
v -0.134024 -0.278784 -0.349761
v 0.037960 -0.167868 -0.391841
v 0.017342 -0.438499 -0.302753
v 0.097472 -0.279464 -0.351852
v 0.006604 0.001872 -0.494064
v -0.061622 0.009922 -0.483320
v 0.028083 -0.000540 -0.610752
v -0.074829 0.009957 -0.596948
v 0.088489 -0.118538 -0.382175
v 0.063851 0.002145 -0.523376
v -0.126772 -0.120915 -0.374492
v -0.109993 0.010926 -0.512863
v -0.010916 0.581450 -0.635883
v -0.163701 0.446965 -0.679976
v -0.077683 0.661397 -0.554749
v -0.227773 0.522773 -0.617161
v 0.150788 0.443187 -0.686529
v 0.053085 0.661275 -0.567726
v 0.216147 0.516259 -0.625152
v 0.095687 0.268622 -0.783929
v -0.105008 0.272052 -0.781040
v 0.094845 0.165354 -0.816894
v -0.107225 0.171822 -0.801243
v 0.245861 0.379190 -0.665881
v 0.211126 0.209196 -0.803455
v -0.251058 0.377304 -0.660458
v -0.210186 0.209916 -0.810796
v 0.443397 0.057974 -0.311256
v 0.548167 0.035767 -0.134194
v 0.374731 0.077419 -0.285871
v 0.528339 0.049587 -0.102308
v 0.429361 0.063952 -0.246479
v 0.549281 0.046130 -0.112741
v 0.373836 0.049587 -0.183112
v 0.505796 0.055692 -0.051043
v 0.378882 0.081348 -0.382931
v 0.331141 0.041585 -0.294267
v 0.318206 0.053785 -0.466099
v 0.347857 0.069568 -0.402942
v 0.338433 0.062508 -0.510165
v 0.578918 0.029564 -0.052870
v 0.581630 0.038296 -0.026580
v 0.452966 0.009618 0.278820
v 0.576918 0.022602 0.158334
v 0.404789 0.001410 0.222425
v 0.557036 0.040018 0.119637
v 0.428585 0.008195 0.299779
v 0.563197 0.030817 0.175266
v 0.380893 -0.030936 0.286115
v 0.520600 0.033601 0.160530
v 0.404291 -0.009001 0.391929
v 0.357960 -0.057736 0.381290
v 0.330616 -0.038733 0.477155
v 0.360822 -0.010970 0.330897
v 0.324766 -0.018706 0.468191
v 0.600242 0.019222 0.097968
v 0.592005 0.026615 0.118816
v -0.436458 0.056256 -0.319356
v -0.547074 0.024941 -0.165098
v -0.376460 0.077056 -0.302531
v -0.520559 0.024672 -0.137850
v -0.443386 0.080674 -0.287851
v -0.544593 0.048408 -0.154108
v -0.372265 0.032985 -0.218305
v -0.500932 0.054045 -0.095974
v -0.408004 0.063039 -0.419189
v -0.333006 0.047990 -0.318167
v -0.333114 0.058494 -0.488088
v -0.349149 0.084512 -0.408342
v -0.340045 0.066095 -0.515794
v -0.568573 0.021326 -0.088528
v -0.565571 0.040657 -0.067667
v -0.475363 0.001848 0.295948
v -0.566732 0.005959 0.159812
v -0.424820 -0.008971 0.253211
v -0.532446 0.018203 0.122436
v -0.442990 -0.008083 0.309600
v -0.548905 0.028223 0.185171
v -0.395310 -0.044645 0.287476
v -0.507432 0.038594 0.172819
v -0.407018 -0.020263 0.401585
v -0.367685 -0.063435 0.384821
v -0.334732 -0.043777 0.487715
v -0.370749 -0.013543 0.351516
v -0.331517 -0.023663 0.480326
v -0.579850 0.010236 0.094895
v -0.568309 0.025285 0.123401
v -0.006569 0.451899 -0.172535
v -0.012737 0.364451 -0.143552
v -0.002893 0.603105 -0.274814
v -0.062313 0.675385 -0.364351
v -0.000087 0.368480 -0.144928
v 0.042214 0.679572 -0.370303
v -0.123003 0.171957 0.148467
v -0.220605 0.103438 0.162364
v -0.196045 0.088292 0.267288
v -0.297842 0.457981 -0.465322
v -0.278145 0.306677 -0.386399
v -0.289816 0.298965 -0.485434
v -0.487104 0.037249 -0.051285
v -0.480935 0.036499 0.007224
v -0.565534 0.024681 -0.004664
v 0.134504 0.176809 0.126260
v 0.220741 0.096495 0.132565
v 0.198159 0.081860 0.251806
v 0.341781 0.490129 -0.442446
v 0.267877 0.309324 -0.357452
v 0.282699 0.310884 -0.474853
v 0.488928 0.051373 -0.036670
v 0.497093 0.051834 0.010049
v 0.576160 0.033445 0.020924
v 0.003804 -0.588446 0.205399
v -0.040008 -0.590808 0.329910
v -0.001420 -0.563196 -0.120106
v -0.062075 -0.568458 -0.192094
v 0.047703 -0.597086 0.320923
v 0.049658 -0.566800 -0.190259
v -0.311033 -0.427843 0.432806
v -0.325023 -0.274932 0.345591
v -0.325120 -0.289924 0.464898
v -0.263332 -0.317323 -0.289896
v -0.301493 -0.186637 -0.237463
v -0.230344 -0.127146 -0.294367
v -0.443251 0.026955 0.034413
v -0.437482 0.005688 0.092102
v -0.540599 0.045851 0.051921
v 0.312213 -0.418377 0.418805
v 0.327609 -0.274478 0.338802
v 0.325418 -0.286258 0.451703
v 0.265779 -0.320506 -0.293831
v 0.309910 -0.196700 -0.226407
v 0.228966 -0.134996 -0.296267
v 0.436277 0.047806 0.069243
v 0.442193 0.026007 0.109973
v 0.555323 0.047775 0.074376
v 0.147687 -0.040673 0.673766
v 0.217086 -0.065248 0.634787
v -0.119559 -0.029841 0.688217
v -0.199840 -0.060537 0.645719
v 0.195612 -0.018432 0.610235
v -0.182771 -0.012448 0.614685
v 0.143161 0.048272 -0.728355
v 0.196132 0.029031 -0.640712
v -0.170543 0.048205 -0.726645
v -0.217393 0.032575 -0.636114
v 0.241366 0.067783 -0.708404
v -0.251229 0.073966 -0.705365
v -0.104298 0.465137 -0.199973
v -0.096678 0.440759 -0.191308
v -0.124346 0.457822 -0.207206
v -0.127597 0.421647 -0.200103
v -0.113425 0.402176 -0.186761
v 0.121407 0.458457 -0.186829
v 0.116362 0.435747 -0.182343
v 0.137218 0.446828 -0.193231
v 0.140608 0.410704 -0.190427
v 0.128060 0.403939 -0.182564
v -0.264290 -0.598757 0.006464
v -0.266372 -0.558058 0.031045
v -0.293169 -0.607852 -0.011737
v -0.305796 -0.556583 -0.002033
v -0.290274 -0.532346 0.028154
v 0.270873 -0.607677 0.011251
v 0.274234 -0.571069 0.038561
v 0.295075 -0.613009 -0.013319
v 0.304134 -0.561433 -0.001329
v 0.293599 -0.542783 0.029743
v -0.006938 -0.426524 0.707253
v 0.038958 -0.429790 0.704897
v 0.024039 -0.348430 0.722427
v 0.055772 -0.381398 0.713973
v -0.014795 -0.377277 0.717707
v 0.002155 0.115520 0.397510
v 0.015442 0.115981 0.396982
v 0.010440 0.115212 0.487454
v 0.021881 0.114235 0.452916
v -0.002497 0.112203 0.450247
v -0.037918 -0.134322 -0.390650
v -0.021377 -0.136975 -0.396332
v -0.029302 -0.038509 -0.414745
v -0.017827 -0.077397 -0.407193
v -0.039847 -0.074876 -0.402035
v -0.029350 0.435286 -0.700989
v 0.015795 0.436198 -0.702773
v -0.003742 0.367032 -0.734659
v 0.031502 0.391181 -0.722510
v -0.040890 0.393150 -0.720139
v 0.520251 0.050116 -0.239779
v 0.519065 0.052650 -0.227023
v 0.498298 0.055706 -0.267723
v 0.503415 0.057087 -0.277392
v 0.536328 0.046442 -0.209875
v 0.537330 0.026180 0.242775
v 0.527243 0.027554 0.246470
v 0.508663 0.026643 0.277569
v 0.512629 0.024241 0.276412
v 0.547215 0.029257 0.227712
v -0.517030 0.044882 -0.262978
v -0.523426 0.057002 -0.254644
v -0.502864 0.059283 -0.295683
v -0.496689 0.051172 -0.300403
v -0.531135 0.043150 -0.237320
v -0.543762 0.008011 0.244167
v -0.535404 0.012253 0.251882
v -0.508353 0.003938 0.286919
v -0.520964 0.002991 0.285210
v -0.557626 0.009517 0.221887
v -0.017821 0.519915 -0.190951
v 0.021866 0.525311 -0.186019
v -0.009047 0.510313 -0.186859
v -0.009518 0.530021 -0.192146
v 0.007846 0.511847 -0.184066
v 0.014143 0.534769 -0.191502
v -0.027174 0.285276 -0.094404
v -0.021982 0.208533 0.011216
v -0.020774 0.297119 -0.101579
v -0.032121 0.233332 -0.038938
v -0.018933 0.250204 -0.058011
v -0.034538 0.205092 0.024720
v -0.214961 0.645487 -0.393448
v -0.201661 0.670388 -0.494567
v -0.193131 0.708019 -0.402901
v -0.255036 0.627575 -0.432853
v -0.226951 0.788068 -0.463406
v -0.227651 0.614951 -0.483058
v -0.269392 0.147560 -0.194789
v -0.366499 0.079521 -0.195738
v -0.259072 0.174304 -0.238756
v -0.333422 0.093773 -0.153265
v -0.301580 0.126905 -0.241800
v -0.385769 0.072173 -0.156148
v -0.300922 0.084063 0.038763
v -0.401598 0.026253 0.118864
v -0.293139 0.077846 0.077274
v -0.360332 0.054742 0.043808
v -0.342412 0.047780 0.121466
v -0.411189 0.033759 0.079086
v 0.020848 0.296574 -0.101623
v 0.016117 0.214221 0.000857
v 0.010538 0.305425 -0.110018
v 0.005463 0.256720 -0.065891
v 0.030230 0.245354 -0.045978
v 0.028049 0.215882 0.011469
v 0.197289 0.666935 -0.411228
v 0.187164 0.678070 -0.510361
v 0.213900 0.794840 -0.419157
v 0.190190 0.801302 -0.485280
v 0.234160 0.637022 -0.431304
v 0.214593 0.621576 -0.494900
v 0.261610 0.122787 -0.171790
v 0.361940 0.074100 -0.177480
v 0.248485 0.140552 -0.211745
v 0.327902 0.093557 -0.137795
v 0.295110 0.111189 -0.219069
v 0.382330 0.075689 -0.137697
v 0.300949 0.073399 0.008959
v 0.403238 0.024528 0.093444
v 0.293589 0.070265 0.045219
v 0.360187 0.043971 0.018677
v 0.342138 0.033044 0.093016
v 0.413475 0.037592 0.058329
v -0.042551 -0.594847 0.010237
v 0.048539 -0.601943 0.013580
v -0.018831 -0.590041 0.053680
v -0.021793 -0.593789 -0.023303
v 0.025423 -0.593582 0.056194
v 0.027066 -0.597560 -0.022872
v -0.198447 -0.555179 0.387942
v -0.211872 -0.767569 0.474514
v -0.154958 -0.578833 0.396143
v -0.244901 -0.581462 0.415893
v -0.151513 -0.668977 0.441914
v -0.268321 -0.671003 0.486581
v -0.215287 -0.683533 -0.295732
v -0.150375 -0.501150 -0.293081
v -0.157346 -0.644206 -0.272424
v -0.231708 -0.576290 -0.299185
v -0.135356 -0.563319 -0.274809
v -0.192249 -0.497133 -0.300305
v -0.347237 -0.152226 -0.077030
v -0.369273 -0.013934 -0.098632
v -0.341459 -0.147226 -0.118793
v -0.348631 -0.069610 -0.039820
v -0.334050 -0.064081 -0.121472
v -0.372524 -0.012196 -0.054493
v -0.346003 -0.178109 0.169235
v -0.383438 -0.067501 0.195194
v -0.343632 -0.187858 0.211279
v -0.366280 -0.109847 0.148306
v -0.359728 -0.129805 0.222910
v -0.388793 -0.057876 0.161725
v 0.209767 -0.577933 0.344979
v 0.254545 -0.750687 0.481821
v 0.169791 -0.600292 0.366470
v 0.171726 -0.672379 0.428493
v 0.251187 -0.576292 0.387482
v 0.273514 -0.641398 0.460672
v 0.215570 -0.670203 -0.293601
v 0.130366 -0.493315 -0.296502
v 0.151518 -0.637024 -0.268744
v 0.122076 -0.554617 -0.273747
v 0.227596 -0.566106 -0.299581
v 0.178479 -0.486997 -0.301402
v 0.355339 -0.163057 -0.046933
v 0.373237 -0.011175 -0.058592
v 0.348852 -0.157141 -0.089804
v 0.358118 -0.084433 -0.007539
v 0.350165 -0.074631 -0.091760
v 0.374352 -0.010035 -0.013631
v 0.350913 -0.181738 0.176546
v 0.383834 -0.049994 0.199105
v 0.347655 -0.188339 0.214066
v 0.368005 -0.104083 0.158240
v 0.360689 -0.123982 0.226661
v 0.388125 -0.039776 0.168335
v 0.027191 -0.066622 0.738590
v 0.018863 -0.008520 0.696068
v 0.059541 -0.053858 0.720617
v -0.010826 -0.051437 0.725243
v 0.053319 -0.023842 0.701697
v -0.013331 -0.022168 0.704598
v 0.279266 -0.195015 0.616000
v 0.306235 -0.111538 0.524611
v 0.299901 -0.207759 0.569131
v 0.309061 -0.157477 0.522756
v 0.270465 -0.143267 0.618444
v 0.284577 -0.111099 0.569701
v -0.273366 -0.189111 0.638494
v -0.305479 -0.118075 0.535593
v -0.304626 -0.207367 0.588844
v -0.314115 -0.163568 0.536375
v -0.259544 -0.142460 0.634933
v -0.281445 -0.112936 0.585574
v 0.173593 0.039991 0.500296
v 0.257316 -0.000482 0.464588
v 0.192301 0.040437 0.434341
v 0.235308 0.019252 0.420642
v 0.192393 0.021984 0.537379
v 0.232378 0.001999 0.516521
v -0.168240 0.051112 0.495328
v -0.256921 0.010916 0.465264
v -0.189365 0.051934 0.435724
v -0.235464 0.030922 0.426463
v -0.184449 0.031035 0.531532
v -0.228056 0.011410 0.514864
v -0.018976 0.032752 -0.710157
v -0.013130 0.090292 -0.772386
v 0.020250 0.042742 -0.730160
v -0.054903 0.044569 -0.727759
v 0.027782 0.071163 -0.762040
v -0.055774 0.073740 -0.758677
v 0.135955 0.003135 -0.436422
v 0.232997 0.021817 -0.421223
v 0.158385 -0.011418 -0.393366
v 0.206840 0.001446 -0.381721
v 0.164569 0.013896 -0.483615
v 0.211110 0.024482 -0.476576
v -0.169784 0.001876 -0.431421
v -0.248597 0.024576 -0.428495
v -0.182979 -0.010253 -0.386844
v -0.222704 0.002810 -0.385870
v -0.191363 0.015526 -0.480916
v -0.232189 0.025917 -0.478413
v 0.306161 0.213049 -0.679155
v 0.316333 0.130234 -0.572104
v 0.308183 0.229583 -0.614446
v 0.310069 0.178444 -0.563575
v 0.312355 0.162757 -0.693058
v 0.310061 0.127657 -0.630003
v -0.312447 0.209641 -0.681681
v -0.315137 0.128911 -0.574528
v -0.306851 0.221941 -0.616225
v -0.311192 0.173196 -0.567256
v -0.306738 0.156462 -0.693359
v -0.309303 0.124247 -0.632489
v 0.611298 0.022614 0.017216
v 0.624426 0.005038 0.059771
v 0.608866 0.018432 0.021897
v 0.608728 0.013683 0.046412
v 0.608544 0.023414 0.035548
v 0.612986 0.017606 0.057273
v -0.599322 0.029339 -0.012921
v -0.598587 0.016819 0.047260
v -0.599910 0.020479 -0.001144
v -0.601652 0.016211 0.023378
v -0.597836 0.026349 0.009023
v -0.595826 0.021897 0.040484
v -0.079767 0.503407 -0.200076
v -0.051318 0.515071 -0.198214
v -0.063157 0.492360 -0.191162
v -0.087777 0.520133 -0.212866
v -0.050645 0.499303 -0.190653
v -0.069982 0.526208 -0.210703
v -0.068791 0.403388 -0.165732
v -0.040562 0.359784 -0.139943
v -0.055268 0.437182 -0.173631
v -0.071073 0.348818 -0.142317
v -0.043659 0.410043 -0.161483
v -0.053473 0.329448 -0.127125
v -0.161817 0.513065 -0.243061
v -0.212463 0.582406 -0.307338
v -0.146540 0.538405 -0.249636
v -0.200979 0.507802 -0.265219
v -0.163769 0.571904 -0.276030
v -0.242977 0.550410 -0.298689
v -0.169222 0.349774 -0.207898
v -0.206517 0.255999 -0.209009
v -0.186683 0.387305 -0.238343
v -0.176271 0.275347 -0.180863
v -0.199746 0.349947 -0.246647
v -0.201671 0.222569 -0.174884
v -0.133211 0.282133 -0.136131
v -0.199892 0.167697 -0.053112
v -0.122244 0.266005 -0.115380
v -0.162325 0.234004 -0.124479
v -0.151541 0.210533 -0.071007
v -0.203348 0.177341 -0.082173
v 0.096327 0.502311 -0.180819
v 0.060740 0.525448 -0.177618
v 0.077127 0.496532 -0.172775
v 0.102124 0.522844 -0.190043
v 0.059959 0.508673 -0.172316
v 0.083010 0.536128 -0.189864
v 0.084416 0.439883 -0.170471
v 0.050135 0.389420 -0.141918
v 0.069513 0.454356 -0.165034
v 0.083162 0.392775 -0.160233
v 0.051988 0.434833 -0.155700
v 0.066125 0.366236 -0.140479
v 0.160360 0.494472 -0.224302
v 0.188799 0.569217 -0.294420
v 0.146262 0.530140 -0.232166
v 0.184938 0.482643 -0.239080
v 0.154434 0.564064 -0.266152
v 0.207339 0.523875 -0.274309
v 0.176097 0.332672 -0.189147
v 0.206181 0.230757 -0.183992
v 0.187366 0.359493 -0.208018
v 0.183025 0.264260 -0.169524
v 0.201973 0.317076 -0.209381
v 0.205103 0.209124 -0.161103
v 0.141777 0.304699 -0.155998
v 0.204268 0.175685 -0.081322
v 0.129856 0.297074 -0.146674
v 0.172747 0.244753 -0.140017
v 0.158501 0.226804 -0.104826
v 0.206372 0.181740 -0.103773
v -0.199734 -0.632470 -0.001258
v -0.128512 -0.618156 -0.005460
v -0.171656 -0.585796 0.013370
v -0.194423 -0.685580 -0.022302
v -0.138954 -0.587742 0.019264
v -0.155109 -0.663822 -0.033535
v -0.234363 -0.528847 0.108242
v -0.212571 -0.538512 0.224873
v -0.202942 -0.544114 0.112452
v -0.250402 -0.502547 0.151059
v -0.189768 -0.548895 0.174020
v -0.244398 -0.507763 0.207338
v -0.319180 -0.714526 -0.088577
v -0.296330 -0.758734 -0.213016
v -0.271839 -0.775379 -0.095106
v -0.352956 -0.676410 -0.135240
v -0.258119 -0.792609 -0.159598
v -0.347116 -0.690647 -0.199420
v -0.340918 -0.466168 -0.038143
v -0.358575 -0.325402 -0.067222
v -0.353598 -0.485854 -0.083212
v -0.342227 -0.388828 -0.013914
v -0.362291 -0.412952 -0.102313
v -0.350319 -0.317177 -0.025634
v -0.305285 -0.428486 0.081585
v -0.322468 -0.306169 0.129223
v -0.294496 -0.425185 0.123889
v -0.322044 -0.371356 0.065304
v -0.305195 -0.369106 0.150567
v -0.329384 -0.304880 0.089373
v 0.209989 -0.642683 0.007369
v 0.132766 -0.631572 0.011376
v 0.184279 -0.613087 0.043141
v 0.197815 -0.690990 -0.017264
v 0.149977 -0.612984 0.047668
v 0.156190 -0.671678 -0.020964
v 0.240918 -0.548639 0.112672
v 0.213718 -0.538393 0.216492
v 0.211250 -0.564537 0.120304
v 0.252804 -0.514011 0.144391
v 0.193624 -0.558502 0.174980
v 0.243367 -0.509792 0.196967
v 0.321566 -0.713132 -0.089904
v 0.296637 -0.751882 -0.212577
v 0.276763 -0.774581 -0.094317
v 0.360838 -0.674292 -0.127392
v 0.254571 -0.791860 -0.156187
v 0.347861 -0.687031 -0.191822
v 0.338725 -0.470153 -0.031193
v 0.358284 -0.327917 -0.044997
v 0.350469 -0.485583 -0.073392
v 0.341984 -0.393762 -0.001770
v 0.359696 -0.411761 -0.083866
v 0.350334 -0.322952 -0.006662
v 0.306843 -0.438857 0.077511
v 0.328243 -0.315425 0.131806
v 0.297291 -0.435942 0.114777
v 0.323499 -0.381569 0.069307
v 0.310410 -0.381753 0.144326
v 0.332635 -0.315581 0.094772
v -0.080885 -0.536745 0.689444
v -0.168996 -0.745794 0.681737
v -0.055617 -0.580059 0.667128
v -0.146024 -0.545711 0.695853
v -0.086026 -0.651471 0.646755
v -0.207014 -0.650036 0.709044
v 0.097049 -0.549058 0.689226
v 0.167149 -0.763115 0.673522
v 0.070477 -0.588870 0.662142
v 0.166586 -0.562292 0.698314
v 0.092250 -0.670609 0.647424
v 0.225879 -0.679339 0.700546
v 0.032277 -0.239102 0.750787
v 0.034951 -0.142454 0.762926
v 0.074886 -0.218824 0.746316
v -0.007011 -0.208259 0.767908
v 0.074710 -0.168520 0.752096
v -0.003986 -0.156927 0.779969
v 0.146113 -0.344794 0.708670
v 0.227260 -0.277272 0.683129
v 0.188502 -0.389946 0.695458
v 0.150402 -0.277486 0.718947
v 0.233741 -0.353030 0.682345
v 0.188975 -0.246012 0.707782
v -0.103800 -0.333111 0.718293
v -0.199719 -0.269589 0.703616
v -0.155005 -0.381039 0.703548
v -0.101049 -0.262984 0.730902
v -0.205586 -0.346838 0.691608
v -0.146562 -0.236374 0.721414
v -0.013020 0.122005 0.286660
v -0.023480 0.165952 0.156287
v -0.007669 0.143269 0.217074
v -0.028444 0.122409 0.293042
v -0.013054 0.166599 0.149201
v -0.035008 0.140211 0.231001
v 0.022344 0.124272 0.282307
v 0.020279 0.164477 0.150532
v 0.010688 0.143290 0.214776
v 0.037700 0.121008 0.289568
v 0.010012 0.165574 0.145842
v 0.037839 0.137700 0.224921
v 0.011490 0.084277 0.573481
v 0.014437 0.042871 0.642532
v 0.035098 0.072721 0.592372
v -0.010130 0.074613 0.591597
v 0.038937 0.053136 0.625677
v -0.011661 0.054620 0.626358
v 0.057975 0.098072 0.478499
v 0.105684 0.076773 0.510887
v 0.067417 0.100134 0.425387
v 0.068811 0.091659 0.538298
v 0.092494 0.090991 0.436395
v 0.094353 0.079183 0.551341
v -0.040616 0.103096 0.478488
v -0.095184 0.086167 0.503158
v -0.053510 0.105420 0.427906
v -0.050840 0.096126 0.536198
v -0.079438 0.097676 0.437295
v -0.079013 0.084743 0.548598
v -0.062210 -0.247890 -0.359233
v -0.098077 -0.369557 -0.321298
v -0.052152 -0.315045 -0.340137
v -0.085017 -0.235316 -0.360742
v -0.068310 -0.376155 -0.318942
v -0.105865 -0.295166 -0.343632
v 0.004633 -0.259955 -0.385262
v 0.059273 -0.371585 -0.330855
v 0.000341 -0.320303 -0.351499
v 0.034457 -0.243606 -0.378911
v 0.023556 -0.381597 -0.327908
v 0.063974 -0.298634 -0.353644
v -0.027049 0.006623 -0.498058
v -0.024803 0.004031 -0.610326
v -0.008269 0.003976 -0.525280
v -0.046314 0.008984 -0.519437
v -0.001479 0.002881 -0.583920
v -0.046929 0.009593 -0.575024
v 0.012703 -0.043544 -0.419368
v 0.055960 -0.012769 -0.432295
v 0.035043 -0.093716 -0.404841
v 0.017001 -0.003777 -0.459144
v 0.055337 -0.068845 -0.402469
v 0.042846 0.000670 -0.469105
v -0.068171 -0.037499 -0.405308
v -0.106501 -0.004942 -0.413386
v -0.085768 -0.087783 -0.389517
v -0.073190 0.003387 -0.444894
v -0.101253 -0.067070 -0.386998
v -0.095296 0.009123 -0.455997
v -0.093647 0.523564 -0.658910
v -0.166372 0.614027 -0.601987
v -0.070749 0.579718 -0.632158
v -0.149564 0.510854 -0.657844
v -0.106209 0.627298 -0.598477
v -0.190041 0.558608 -0.632883
v 0.075019 0.520460 -0.663046
v 0.142467 0.608053 -0.612098
v 0.048589 0.576185 -0.637538
v 0.132853 0.505680 -0.664739
v 0.083850 0.619031 -0.608256
v 0.169676 0.552099 -0.642277
v -0.004811 0.270029 -0.776087
v -0.008227 0.171596 -0.797966
v 0.045667 0.243579 -0.789095
v -0.056487 0.245746 -0.786479
v 0.044656 0.192293 -0.805576
v -0.056970 0.196768 -0.794866
v 0.130222 0.348647 -0.738313
v 0.237555 0.288486 -0.739306
v 0.166371 0.381050 -0.711393
v 0.144865 0.294381 -0.771424
v 0.216931 0.350508 -0.706967
v 0.207220 0.265598 -0.783783
v -0.138258 0.350963 -0.734212
v -0.243884 0.289184 -0.739368
v -0.176033 0.383133 -0.707138
v -0.149751 0.297781 -0.765835
v -0.225475 0.352066 -0.703598
v -0.204762 0.265063 -0.781108
v 0.506985 0.048030 -0.214090
v 0.454504 0.064785 -0.190775
v 0.464485 0.058885 -0.254428
v 0.523147 0.045910 -0.163637
v 0.431842 0.065871 -0.243650
v 0.512122 0.055601 -0.147619
v 0.497244 0.058689 -0.176865
v 0.442621 0.059289 -0.111109
v 0.460784 0.058171 -0.194593
v 0.513752 0.055878 -0.128122
v 0.427717 0.064841 -0.161906
v 0.493123 0.061860 -0.096229
v 0.414617 0.064327 -0.320045
v 0.327561 0.048728 -0.378689
v 0.400979 0.062228 -0.297833
v 0.379584 0.065941 -0.369514
v 0.355918 0.055751 -0.326027
v 0.340736 0.056950 -0.404974
v 0.439719 0.055742 -0.370354
v 0.358769 0.065983 -0.468936
v 0.422202 0.056741 -0.365700
v 0.423873 0.052519 -0.430320
v 0.376168 0.060629 -0.414165
v 0.370007 0.059541 -0.467890
v 0.573476 0.032368 -0.122953
v 0.592531 0.031461 -0.044631
v 0.569250 0.028042 -0.106810
v 0.576296 0.033973 -0.096243
v 0.584531 0.027388 -0.068030
v 0.583984 0.035032 -0.058289
v 0.525491 0.023385 0.212054
v 0.481440 0.022264 0.165040
v 0.482122 0.021261 0.232230
v 0.549113 0.025507 0.174274
v 0.457314 0.012681 0.205314
v 0.532930 0.027528 0.152722
v 0.498460 0.024776 0.231499
v 0.446125 0.007163 0.215014
v 0.451769 0.012535 0.261254
v 0.522943 0.030427 0.197398
v 0.427390 -0.000529 0.253668
v 0.499418 0.031635 0.189028
v 0.422663 -0.000733 0.348355
v 0.350754 -0.045780 0.433049
v 0.405707 -0.006039 0.342590
v 0.396764 -0.013506 0.394302
v 0.371863 -0.032664 0.384107
v 0.358262 -0.032589 0.434521
v 0.434814 0.005985 0.337815
v 0.346450 -0.009565 0.406566
v 0.424477 0.002680 0.324480
v 0.399233 -0.003771 0.385368
v 0.382537 -0.009542 0.358022
v 0.358376 -0.010008 0.423108
v 0.587819 0.021385 0.165944
v 0.611068 0.013694 0.107485
v 0.595940 0.018849 0.147113
v 0.587557 0.027692 0.153546
v 0.607805 0.014155 0.115095
v 0.601595 0.018268 0.124800
v -0.496837 0.040232 -0.236857
v -0.448206 0.052921 -0.214562
v -0.460162 0.051687 -0.269756
v -0.517072 0.032774 -0.193968
v -0.433813 0.060679 -0.260282
v -0.500549 0.035186 -0.181901
v -0.498290 0.071561 -0.215906
v -0.438830 0.057424 -0.154284
v -0.458749 0.084134 -0.234922
v -0.515409 0.062485 -0.170213
v -0.423569 0.064806 -0.203111
v -0.487972 0.059377 -0.141272
v -0.433401 0.072790 -0.361257
v -0.340353 0.058112 -0.409886
v -0.415189 0.072442 -0.337255
v -0.402526 0.068257 -0.409859
v -0.364951 0.067237 -0.358518
v -0.360625 0.063599 -0.440684
v -0.425958 0.053235 -0.375739
v -0.353366 0.076418 -0.469269
v -0.409381 0.059384 -0.369509
v -0.401187 0.058352 -0.422819
v -0.369078 0.070082 -0.414353
v -0.364756 0.066695 -0.470757
v -0.555382 0.034754 -0.156453
v -0.577450 0.034736 -0.078026
v -0.559703 0.030770 -0.141506
v -0.556706 0.039875 -0.133234
v -0.569177 0.029097 -0.103026
v -0.567115 0.038754 -0.093781
v -0.537491 0.004907 0.216326
v -0.481715 0.009514 0.181591
v -0.497696 0.006919 0.247087
v -0.546665 0.008896 0.179067
v -0.470846 0.004112 0.227947
v -0.522830 0.016076 0.158902
v -0.505990 0.026733 0.245873
v -0.448967 -0.005733 0.225704
v -0.461569 0.004079 0.272438
v -0.519403 0.030054 0.212420
v -0.434635 -0.013048 0.261368
v -0.496494 0.025733 0.204480
v -0.429032 -0.015240 0.356974
v -0.355540 -0.051104 0.441672
v -0.417531 -0.018617 0.351163
v -0.401464 -0.022701 0.401724
v -0.381547 -0.040888 0.391682
v -0.364471 -0.038190 0.443567
v -0.448324 -0.003929 0.355384
v -0.357848 -0.017540 0.426478
v -0.442152 -0.004641 0.346505
v -0.408802 -0.016300 0.399904
v -0.394395 -0.013851 0.378228
v -0.366773 -0.018136 0.437096
v -0.575600 0.010749 0.165124
v -0.586327 0.013205 0.108118
v -0.576704 0.007690 0.146734
v -0.569072 0.018999 0.161841
v -0.582391 0.010211 0.115357
v -0.576313 0.020196 0.131262
v -0.021084 0.477918 -0.181620
v -0.023495 0.404330 -0.158600
v -0.030343 0.470750 -0.178375
v -0.031086 0.440170 -0.169577
v -0.015259 0.449871 -0.172768
v -0.017180 0.408702 -0.160541
v -0.042789 0.570488 -0.235271
v -0.107994 0.644337 -0.311480
v -0.071530 0.571736 -0.244576
v -0.104493 0.600947 -0.276873
v -0.037374 0.603581 -0.272873
v -0.069296 0.643293 -0.313134
v 0.012088 0.487426 -0.178064
v 0.012720 0.414185 -0.157106
v 0.024733 0.484069 -0.174963
v 0.024388 0.448555 -0.165878
v 0.003101 0.454208 -0.171719
v 0.004118 0.416481 -0.160835
v 0.045391 0.574929 -0.239140
v 0.097380 0.653367 -0.324539
v 0.077055 0.578266 -0.243008
v 0.099229 0.607240 -0.280095
v 0.032361 0.605765 -0.275966
v 0.058547 0.648919 -0.323383
v -0.086801 0.208537 0.012226
v -0.184675 0.148864 0.055651
v -0.092030 0.223099 -0.028866
v -0.139969 0.192955 -0.003691
v -0.127383 0.174729 0.088175
v -0.177067 0.142964 0.102272
v -0.009175 0.258655 -0.067479
v -0.001783 0.259233 -0.068829
v -0.004491 0.214944 -0.004852
v -0.004841 0.217640 -0.002465
v -0.008564 0.311645 -0.114822
v -0.003962 0.312553 -0.117020
v -0.084228 0.155035 0.185953
v -0.139720 0.098149 0.322293
v -0.080351 0.133862 0.247802
v -0.103352 0.110595 0.317638
v -0.119625 0.146155 0.200588
v -0.151893 0.109905 0.264613
v -0.439022 0.602396 -0.423617
v -0.266750 0.395080 -0.340280
v -0.457473 0.569629 -0.336529
v -0.311257 0.460159 -0.335774
v -0.339360 0.487357 -0.430025
v -0.286230 0.406887 -0.392637
v -0.081842 0.722162 -0.457167
v 0.051641 0.703088 -0.471915
v -0.045770 0.691005 -0.512403
v 0.020111 0.688495 -0.520816
v -0.038960 0.699317 -0.414564
v 0.019991 0.693974 -0.419275
v -0.260800 0.487382 -0.537260
v -0.278911 0.347811 -0.577116
v -0.250744 0.472787 -0.591155
v -0.262320 0.400639 -0.610632
v -0.277792 0.435888 -0.508756
v -0.282078 0.361150 -0.524080
v -0.356248 0.068120 -0.080260
v -0.367105 0.058779 -0.018349
v -0.294963 0.096060 -0.082809
v -0.302250 0.091024 -0.053121
v -0.425579 0.047483 -0.048772
v -0.428324 0.045076 -0.019318
v -0.295363 0.140624 -0.341824
v -0.309477 0.170831 -0.453095
v -0.334783 0.113042 -0.349539
v -0.329330 0.121628 -0.404131
v -0.284613 0.223326 -0.391513
v -0.294934 0.230460 -0.443783
v -0.515887 0.028815 -0.086318
v -0.572865 0.018761 -0.041100
v -0.543162 0.018904 -0.095462
v -0.563296 0.019030 -0.076324
v -0.534287 0.028258 -0.051428
v -0.564600 0.020734 -0.032621
v -0.319050 0.039544 0.217650
v -0.281449 0.033794 0.316107
v -0.361760 0.010430 0.262556
v -0.338482 0.009052 0.310638
v -0.261711 0.066069 0.218648
v -0.246692 0.062694 0.268017
v -0.515158 0.027888 0.064413
v -0.576213 0.016702 0.043688
v -0.546780 0.022234 0.087469
v -0.566702 0.015953 0.074813
v -0.523699 0.030978 0.031148
v -0.564342 0.024640 0.023291
v 0.092711 0.215399 -0.012540
v 0.184824 0.145924 0.019487
v 0.090188 0.234856 -0.069701
v 0.139133 0.196678 -0.044178
v 0.134114 0.174092 0.059365
v 0.179108 0.138961 0.070386
v 0.091276 0.161947 0.174748
v 0.146376 0.095913 0.312590
v 0.088216 0.136892 0.238437
v 0.113278 0.110006 0.309148
v 0.127550 0.154223 0.186501
v 0.156846 0.110073 0.250539
v 0.450417 0.587770 -0.350654
v 0.233777 0.364066 -0.289619
v 0.302555 0.506882 -0.302123
v 0.239570 0.422034 -0.275602
v 0.427290 0.514607 -0.358078
v 0.269905 0.415958 -0.344870
v 0.268268 0.500641 -0.538215
v 0.280522 0.355888 -0.577084
v 0.249274 0.475070 -0.598289
v 0.260655 0.404081 -0.615771
v 0.292472 0.455331 -0.501411
v 0.283345 0.376128 -0.519356
v 0.352998 0.076216 -0.078053
v 0.366976 0.060790 -0.033580
v 0.294409 0.092182 -0.086888
v 0.301770 0.085061 -0.065961
v 0.424868 0.060969 -0.045307
v 0.430628 0.055875 -0.021365
v 0.279049 0.134379 -0.318351
v 0.296396 0.166060 -0.439876
v 0.321635 0.099795 -0.328454
v 0.321142 0.111207 -0.389611
v 0.268942 0.218906 -0.368128
v 0.282788 0.231936 -0.427328
v 0.527820 0.045978 -0.060155
v 0.582804 0.029931 -0.010366
v 0.544767 0.043204 -0.060295
v 0.567417 0.031366 -0.040706
v 0.536531 0.041744 -0.028918
v 0.566048 0.030814 -0.000877
v 0.313196 0.026626 0.189133
v 0.276624 0.018733 0.300668
v 0.351341 -0.000597 0.236267
v 0.329252 -0.001166 0.289365
v 0.259002 0.056493 0.190711
v 0.244902 0.050510 0.251351
v 0.534764 0.051622 0.064737
v 0.591724 0.026447 0.057783
v 0.562767 0.038863 0.090079
v 0.588016 0.028146 0.081729
v 0.540111 0.048875 0.040352
v 0.573162 0.036023 0.040413
v -0.056779 -0.583724 0.147374
v -0.099658 -0.584008 0.264817
v -0.094052 -0.579352 0.139828
v -0.116264 -0.585154 0.201591
v -0.037750 -0.587368 0.205862
v -0.058619 -0.586816 0.266939
v -0.076875 -0.613874 -0.096493
v -0.108677 -0.674301 -0.189278
v -0.110336 -0.678054 -0.098410
v -0.106865 -0.746514 -0.141310
v -0.061635 -0.577683 -0.121492
v -0.088196 -0.595795 -0.165457
v 0.065125 -0.587623 0.146572
v 0.107625 -0.587270 0.251766
v 0.104875 -0.585280 0.141725
v 0.125093 -0.581245 0.192120
v 0.045280 -0.589150 0.203010
v 0.067529 -0.590185 0.257673
v 0.078873 -0.618880 -0.094166
v 0.102943 -0.671312 -0.186109
v 0.112975 -0.678100 -0.096814
v 0.123307 -0.720524 -0.144486
v 0.058453 -0.587471 -0.122843
v 0.077229 -0.603606 -0.163339
v -0.286363 -0.457000 0.339864
v -0.312314 -0.324336 0.272844
v -0.281703 -0.436201 0.278069
v -0.298533 -0.377908 0.250111
v -0.304257 -0.407635 0.366438
v -0.314044 -0.336399 0.329002
v -0.048220 -0.625943 0.451834
v 0.055321 -0.632711 0.443802
v -0.030613 -0.613224 0.513709
v 0.031708 -0.622853 0.509062
v -0.020762 -0.602894 0.390010
v 0.027048 -0.607149 0.384670
v -0.328759 -0.548463 0.559862
v -0.312899 -0.358184 0.581247
v -0.316472 -0.543015 0.639831
v -0.304331 -0.427988 0.637628
v -0.319858 -0.446421 0.502413
v -0.319891 -0.365647 0.517761
v -0.326266 -0.474599 -0.278186
v -0.343177 -0.312635 -0.201168
v -0.354150 -0.513243 -0.239527
v -0.356932 -0.416749 -0.196696
v -0.313631 -0.361044 -0.278771
v -0.330155 -0.289854 -0.246994
v -0.055906 -0.526800 -0.250100
v 0.033531 -0.522880 -0.253100
v -0.036061 -0.487951 -0.272260
v 0.004007 -0.483693 -0.276272
v -0.033652 -0.544981 -0.219705
v 0.016636 -0.544837 -0.220693
v -0.192453 -0.310250 -0.320866
v -0.177391 -0.134943 -0.340411
v -0.165430 -0.258533 -0.361200
v -0.155013 -0.171133 -0.358842
v -0.219741 -0.270053 -0.306300
v -0.208089 -0.177238 -0.313964
v -0.361145 -0.075454 0.026191
v -0.368524 -0.090013 0.087170
v -0.354785 -0.157278 0.032041
v -0.354797 -0.161328 0.064880
v -0.393866 -0.016071 0.048750
v -0.395648 -0.025478 0.077508
v -0.294612 -0.031973 -0.206736
v -0.252523 -0.013612 -0.291301
v -0.319721 0.005696 -0.231862
v -0.299176 0.017765 -0.279848
v -0.281146 -0.094551 -0.235189
v -0.250243 -0.070806 -0.271625
v -0.486387 0.041188 -0.022492
v -0.565828 0.037894 -0.004001
v -0.521647 0.041318 -0.051665
v -0.554293 0.040668 -0.039510
v -0.500045 0.041369 0.012339
v -0.544566 0.040146 0.020256
v -0.349458 -0.144645 0.314252
v -0.338691 -0.160017 0.424067
v -0.363521 -0.085378 0.325212
v -0.355136 -0.097020 0.378472
v -0.335839 -0.212870 0.359474
v -0.334292 -0.220620 0.416725
v -0.478602 0.021717 0.131135
v -0.554950 0.034370 0.087839
v -0.519409 0.042483 0.140012
v -0.549712 0.030803 0.116608
v -0.485377 0.026745 0.102392
v -0.532838 0.043697 0.082685
v 0.288879 -0.450195 0.327040
v 0.316241 -0.325511 0.266148
v 0.284505 -0.436795 0.266212
v 0.300982 -0.381456 0.241771
v 0.304455 -0.401793 0.355929
v 0.316105 -0.334732 0.318923
v 0.321256 -0.523397 0.535560
v 0.317197 -0.352359 0.560261
v 0.325952 -0.526954 0.611976
v 0.319995 -0.424637 0.618542
v 0.321418 -0.433023 0.485317
v 0.322795 -0.357475 0.499693
v 0.328393 -0.480510 -0.273390
v 0.354626 -0.314723 -0.185719
v 0.358802 -0.507438 -0.230458
v 0.363141 -0.413009 -0.183352
v 0.318098 -0.367918 -0.271912
v 0.331845 -0.293321 -0.230244
v 0.175483 -0.307031 -0.323531
v 0.158043 -0.137610 -0.347675
v 0.131758 -0.253174 -0.345974
v 0.125271 -0.168548 -0.359010
v 0.214666 -0.269695 -0.315169
v 0.201184 -0.180868 -0.321793
v 0.365077 -0.085619 0.053365
v 0.369288 -0.091706 0.104899
v 0.357126 -0.165363 0.054968
v 0.357575 -0.167670 0.082266
v 0.385992 -0.009058 0.079034
v 0.390292 -0.014279 0.099527
v 0.315018 -0.051101 -0.187030
v 0.258730 -0.019921 -0.282691
v 0.327850 0.013505 -0.209083
v 0.307253 0.011335 -0.263428
v 0.294072 -0.110141 -0.226179
v 0.254612 -0.081748 -0.265964
v 0.485028 0.062333 0.019707
v 0.578233 0.044096 0.028445
v 0.519381 0.054007 -0.009964
v 0.562274 0.045603 -0.001076
v 0.496135 0.058971 0.049993
v 0.549747 0.053353 0.051015
v 0.346952 -0.144460 0.312905
v 0.335035 -0.160089 0.415857
v 0.356411 -0.089661 0.322313
v 0.348013 -0.101106 0.371941
v 0.334463 -0.210859 0.350625
v 0.332345 -0.219493 0.405175
v 0.485672 0.037575 0.131912
v 0.583971 0.036169 0.096725
v 0.531727 0.041366 0.134947
v 0.575175 0.039285 0.117122
v 0.494335 0.043379 0.114111
v 0.548580 0.045335 0.095524
v 0.132132 -0.088038 0.713683
v 0.206884 -0.116642 0.685065
v 0.141788 -0.124321 0.729074
v 0.181088 -0.137704 0.719076
v 0.158190 -0.070338 0.688231
v 0.194588 -0.083389 0.671313
v -0.085751 -0.079261 0.730125
v -0.172551 -0.111306 0.695347
v -0.087156 -0.112400 0.751788
v -0.134448 -0.132401 0.729298
v -0.123704 -0.058567 0.705990
v -0.165293 -0.075296 0.683349
v 0.106142 0.000946 0.663530
v 0.150523 0.018231 0.612040
v 0.097096 0.026543 0.641078
v 0.118513 0.035367 0.617297
v 0.137610 -0.014076 0.657557
v 0.160810 -0.004012 0.629340
v -0.078717 0.008076 0.670151
v -0.134008 0.028207 0.613510
v -0.073323 0.033150 0.644006
v -0.099752 0.044883 0.619062
v -0.114299 -0.003525 0.668660
v -0.144439 0.004748 0.633346
v 0.271341 -0.056320 0.560106
v 0.255974 -0.023432 0.543545
v 0.298137 -0.041788 0.517615
v 0.292622 -0.027488 0.509826
v 0.240043 -0.049512 0.594798
v 0.230563 -0.030037 0.583645
v -0.268094 -0.058509 0.571438
v -0.254331 -0.020606 0.550351
v -0.299684 -0.045370 0.528287
v -0.295012 -0.029888 0.520343
v -0.231598 -0.048438 0.604426
v -0.223244 -0.026495 0.590009
v 0.080846 0.013874 -0.681435
v 0.125942 0.010966 -0.590916
v 0.064554 0.000745 -0.629376
v 0.084962 0.004877 -0.582440
v 0.124836 0.025313 -0.692104
v 0.149962 0.016045 -0.653551
v -0.116761 0.016715 -0.677935
v -0.158216 0.011131 -0.584978
v -0.104594 0.008255 -0.616902
v -0.124635 0.008173 -0.572414
v -0.155371 0.022682 -0.688865
v -0.178087 0.018875 -0.641472
v 0.127010 0.093867 -0.790794
v 0.237415 0.125009 -0.777449
v 0.140474 0.138181 -0.812640
v 0.198491 0.155613 -0.801871
v 0.162617 0.074087 -0.759205
v 0.216027 0.084748 -0.754476
v -0.146423 0.100637 -0.783382
v -0.245655 0.125869 -0.772367
v -0.154612 0.141623 -0.805050
v -0.207903 0.157434 -0.803914
v -0.183967 0.076860 -0.758774
v -0.229714 0.088500 -0.752850
v 0.259498 0.043812 -0.556669
v 0.290062 0.069521 -0.609986
v 0.297368 0.052863 -0.529219
v 0.308379 0.059715 -0.549980
v 0.240651 0.041626 -0.618789
v 0.259187 0.058702 -0.649981
v -0.273812 0.041674 -0.563613
v -0.295455 0.071542 -0.614369
v -0.308890 0.054088 -0.540098
v -0.315887 0.063488 -0.559459
v -0.253231 0.045796 -0.616369
v -0.267616 0.063672 -0.648401
v -0.084848 0.467321 -0.191560
v -0.115581 0.490462 -0.210545
v -0.074897 0.480740 -0.190881
v -0.102468 0.509368 -0.212139
v -0.099181 0.385419 -0.173418
v -0.069269 0.453555 -0.182386
v -0.085165 0.367573 -0.158468
v -0.145156 0.442594 -0.215523
v -0.129800 0.513181 -0.225086
v -0.168348 0.471536 -0.237555
v -0.132459 0.365201 -0.184166
v -0.168540 0.416338 -0.226010
v -0.154539 0.323539 -0.183442
v -0.106875 0.326539 -0.148518
v -0.141767 0.301053 -0.159467
v 0.105397 0.462278 -0.180110
v 0.129384 0.480156 -0.194320
v 0.091566 0.480731 -0.176127
v 0.118408 0.505049 -0.192220
v 0.113584 0.408082 -0.179451
v 0.087466 0.461658 -0.173149
v 0.098653 0.407382 -0.174098
v 0.153484 0.424130 -0.199063
v 0.138673 0.505914 -0.205239
v 0.166738 0.449694 -0.215583
v 0.141934 0.365527 -0.180836
v 0.170841 0.394074 -0.205417
v 0.163229 0.316641 -0.175241
v 0.116932 0.361879 -0.170330
v 0.153053 0.308379 -0.164878
v -0.237043 -0.576598 0.021166
v -0.269783 -0.653203 -0.013033
v -0.203667 -0.583041 0.013201
v -0.233819 -0.691808 -0.006684
v -0.274391 -0.517287 0.061275
v -0.216832 -0.550439 0.056909
v -0.260298 -0.506619 0.103247
v -0.320229 -0.591613 -0.036074
v -0.275767 -0.725195 -0.038302
v -0.337658 -0.637616 -0.077313
v -0.311253 -0.497368 0.017260
v -0.339756 -0.547173 -0.061304
v -0.329058 -0.449313 0.002094
v -0.284217 -0.473364 0.092779
v -0.316619 -0.435722 0.040949
v 0.249405 -0.592029 0.041186
v 0.273764 -0.654506 -0.019670
v 0.219704 -0.605465 0.040477
v 0.240246 -0.685102 -0.018818
v 0.281550 -0.533414 0.061923
v 0.229208 -0.575799 0.076643
v 0.267347 -0.523406 0.099267
v 0.317655 -0.591461 -0.034785
v 0.278980 -0.716080 -0.052891
v 0.337123 -0.629908 -0.075425
v 0.311082 -0.504152 0.018954
v 0.336637 -0.548315 -0.056815
v 0.327886 -0.455223 0.007639
v 0.288834 -0.486176 0.087645
v 0.316672 -0.444579 0.043114
v 0.011293 -0.476231 0.696918
v -0.052917 -0.417766 0.710182
v -0.019864 -0.526934 0.682309
v -0.097189 -0.473762 0.701171
v 0.086918 -0.426149 0.704185
v 0.037382 -0.531538 0.682684
v 0.122310 -0.485981 0.698390
v 0.066018 -0.328802 0.726449
v -0.013929 -0.323904 0.728682
v 0.071386 -0.272663 0.738326
v -0.010635 -0.264922 0.744357
v 0.136729 -0.414606 0.701129
v 0.109104 -0.306749 0.723509
v -0.103664 -0.404171 0.709419
v -0.056844 -0.295538 0.732456
v 0.007589 0.117480 0.341059
v -0.013009 0.112860 0.406089
v -0.000760 0.122177 0.282447
v -0.021856 0.114957 0.352471
v 0.030119 0.114025 0.404726
v 0.009478 0.123951 0.279588
v 0.034476 0.116187 0.349062
v 0.025904 0.108036 0.508131
v -0.006249 0.108542 0.506966
v 0.030105 0.092391 0.551438
v -0.008745 0.093644 0.550582
v 0.045870 0.106472 0.414577
v 0.045293 0.099196 0.522145
v -0.031681 0.109250 0.416690
v -0.027003 0.100681 0.521690
v -0.029527 -0.194873 -0.382621
v -0.053515 -0.122102 -0.390931
v -0.039232 -0.253926 -0.362566
v -0.068210 -0.178208 -0.375529
v -0.004742 -0.128862 -0.401420
v -0.016911 -0.258777 -0.370759
v 0.011323 -0.186734 -0.396578
v -0.016259 -0.023627 -0.429286
v -0.041994 -0.016940 -0.424852
v -0.013973 0.002685 -0.474700
v -0.044344 0.008269 -0.466796
v 0.014325 -0.112744 -0.403752
v -0.000425 -0.012590 -0.445469
v -0.069586 -0.107479 -0.389474
v -0.055432 -0.004660 -0.434489
v -0.007730 0.481459 -0.683033
v -0.075800 0.427275 -0.703768
v -0.038138 0.530102 -0.659624
v -0.111868 0.467003 -0.682243
v 0.063043 0.423952 -0.706103
v 0.017269 0.529433 -0.661449
v 0.095994 0.462700 -0.686839
v 0.038384 0.342981 -0.744854
v -0.046991 0.346431 -0.743532
v 0.043117 0.294139 -0.768033
v -0.053679 0.295773 -0.765079
v 0.113919 0.405724 -0.710735
v 0.088391 0.319921 -0.756425
v -0.126120 0.408800 -0.704896
v -0.096887 0.322262 -0.752303
v 0.503451 0.055453 -0.278562
v 0.541618 0.040150 -0.198185
v 0.484818 0.054404 -0.267604
v 0.533112 0.040822 -0.181518
v 0.492544 0.059308 -0.248526
v 0.540665 0.049408 -0.184543
v 0.475549 0.062736 -0.223685
v 0.532152 0.049894 -0.158571
v 0.470771 0.060158 -0.312025
v 0.449664 0.066690 -0.271847
v 0.424272 0.066008 -0.339671
v 0.466409 0.052611 -0.319723
v 0.436860 0.064387 -0.358734
v 0.557363 0.032747 -0.151855
v 0.566978 0.040430 -0.140206
v 0.513331 0.021559 0.269875
v 0.557919 0.026261 0.211908
v 0.497978 0.017059 0.255366
v 0.561189 0.024128 0.193638
v 0.492825 0.026054 0.276514
v 0.547854 0.032819 0.212095
v 0.470873 0.021348 0.263360
v 0.539229 0.034710 0.205626
v 0.474714 0.015443 0.313057
v 0.444211 0.016402 0.305078
v 0.435894 0.002066 0.352750
v 0.470084 0.011811 0.297112
v 0.440587 0.004393 0.348469
v 0.581305 0.024061 0.175611
v 0.570379 0.032387 0.183794
v -0.489057 0.046200 -0.294350
v -0.533410 0.033773 -0.222972
v -0.476773 0.043956 -0.282922
v -0.528671 0.032154 -0.207444
v -0.497750 0.070802 -0.285711
v -0.537819 0.050770 -0.216219
v -0.479804 0.076568 -0.262888
v -0.532141 0.058653 -0.195125
v -0.474181 0.061235 -0.338438
v -0.465043 0.078603 -0.316933
v -0.442273 0.066639 -0.374384
v -0.453167 0.049269 -0.328186
v -0.440986 0.059032 -0.377055
v -0.546360 0.028634 -0.179233
v -0.547303 0.043760 -0.176139
v -0.516914 0.004343 0.274946
v -0.562458 0.005830 0.206779
v -0.514874 0.003492 0.263669
v -0.562167 0.006782 0.197663
v -0.498570 0.007879 0.284085
v -0.554963 0.018248 0.217916
v -0.483749 0.011596 0.280153
v -0.543102 0.029033 0.216839
v -0.480794 -0.003981 0.322291
v -0.461652 -0.001580 0.315829
v -0.438607 -0.015917 0.360106
v -0.485627 0.001228 0.310211
v -0.448004 -0.012630 0.361375
v -0.572196 0.007325 0.177016
v -0.566390 0.020334 0.188044
v -0.024019 0.507477 -0.189326
v -0.030143 0.528786 -0.200589
v -0.037438 0.503393 -0.190259
v -0.050044 0.528180 -0.206594
v 0.024160 0.514310 -0.180127
v 0.039674 0.538305 -0.192140
v 0.041939 0.514272 -0.176287
v 0.060324 0.539473 -0.194601
v -0.003797 0.497895 -0.183055
v -0.028646 0.493382 -0.185246
v -0.011243 0.478976 -0.180218
v 0.001136 0.538097 -0.195897
v -0.045459 0.539850 -0.214108
v -0.016194 0.566821 -0.231668
v 0.024852 0.501277 -0.176761
v 0.000500 0.479300 -0.178032
v 0.056407 0.554769 -0.213243
v 0.015432 0.571327 -0.235427
v -0.026008 0.342787 -0.131904
v -0.034946 0.268811 -0.080069
v -0.034225 0.380287 -0.148739
v -0.040579 0.303583 -0.108144
v -0.024445 0.208793 0.002125
v -0.036403 0.183893 0.095181
v -0.015716 0.189851 0.077995
v -0.038087 0.161583 0.163731
v -0.016983 0.304144 -0.108210
v -0.028622 0.394949 -0.153677
v -0.017655 0.359878 -0.140013
v -0.056714 0.203152 0.044007
v -0.050345 0.250713 -0.060310
v -0.086895 0.193495 0.066080
v -0.006408 0.218104 0.003278
v -0.013721 0.308406 -0.112335
v -0.057896 0.158173 0.175149
v -0.083052 0.181786 0.126801
v -0.182860 0.648447 -0.356341
v -0.285217 0.628209 -0.385967
v -0.175342 0.608439 -0.311367
v -0.281786 0.596163 -0.340381
v -0.173814 0.717074 -0.500721
v -0.212968 0.600648 -0.530473
v -0.137520 0.661543 -0.551364
v -0.203737 0.583205 -0.586754
v -0.166076 0.808749 -0.408247
v -0.143209 0.629617 -0.314199
v -0.109862 0.696064 -0.361084
v -0.278071 0.579534 -0.466323
v -0.397952 0.631450 -0.384700
v -0.328108 0.544453 -0.451216
v -0.116546 0.701770 -0.499448
v -0.098462 0.739532 -0.408711
v -0.233769 0.536668 -0.561864
v -0.281162 0.510158 -0.490352
v -0.236476 0.240367 -0.242748
v -0.277126 0.120675 -0.152603
v -0.220507 0.300008 -0.246555
v -0.235980 0.169990 -0.165560
v -0.348645 0.093452 -0.246285
v -0.433931 0.056589 -0.161137
v -0.392642 0.074176 -0.253737
v -0.471506 0.045063 -0.171013
v -0.255524 0.193819 -0.287874
v -0.230795 0.354508 -0.290306
v -0.254149 0.297432 -0.338298
v -0.408319 0.053426 -0.113876
v -0.286759 0.104362 -0.117053
v -0.420769 0.048487 -0.080248
v -0.337326 0.098092 -0.294895
v -0.267437 0.210885 -0.338735
v -0.496391 0.033499 -0.126303
v -0.473556 0.039532 -0.083498
v -0.244874 0.117418 0.029847
v -0.306841 0.086519 0.005631
v -0.196906 0.162977 -0.021015
v -0.252425 0.128246 -0.036934
v -0.390766 0.021502 0.164792
v -0.458316 0.018936 0.112632
v -0.436672 -0.001817 0.202383
v -0.495279 0.015736 0.139063
v -0.285459 0.076533 0.120840
v -0.190459 0.155221 0.016198
v -0.230617 0.108376 0.113689
v -0.420185 0.034579 0.044530
v -0.306527 0.088493 -0.023560
v -0.425801 0.040558 0.011876
v -0.378303 0.014565 0.211190
v -0.275888 0.070174 0.170394
v -0.503956 0.021201 0.100274
v -0.473594 0.032928 0.039307
v 0.021768 0.354741 -0.131971
v 0.039492 0.282677 -0.087830
v 0.036456 0.398703 -0.145796
v 0.053771 0.324598 -0.114979
v 0.007284 0.212844 -0.003966
v 0.033697 0.190927 0.083420
v 0.009779 0.189765 0.073119
v 0.039040 0.164359 0.155415
v 0.005450 0.311576 -0.115214
v 0.022810 0.408074 -0.152147
v 0.005348 0.367779 -0.143956
v -0.002599 0.213108 -0.005843
v 0.003224 0.312933 -0.113968
v 0.056978 0.210282 0.028562
v 0.062903 0.264717 -0.074815
v 0.091237 0.201600 0.046173
v 0.060861 0.165303 0.164763
v 0.093911 0.192952 0.112321
v 0.169462 0.670371 -0.370433
v 0.255920 0.619144 -0.374427
v 0.162655 0.607865 -0.311470
v 0.234400 0.571461 -0.319381
v 0.142767 0.699508 -0.518105
v 0.207047 0.605511 -0.542321
v 0.112647 0.656727 -0.566563
v 0.195529 0.582260 -0.600536
v 0.148557 0.814305 -0.419492
v 0.130753 0.636688 -0.321215
v 0.095962 0.703819 -0.372341
v 0.082893 0.688368 -0.519521
v 0.079380 0.722088 -0.420580
v 0.301631 0.603004 -0.460469
v 0.309065 0.574762 -0.338341
v 0.432290 0.613390 -0.436588
v 0.233206 0.541202 -0.571489
v 0.313883 0.537670 -0.482788
v 0.227275 0.207294 -0.210893
v 0.273244 0.109464 -0.137065
v 0.208979 0.266665 -0.210775
v 0.231796 0.150066 -0.146670
v 0.343196 0.080442 -0.222220
v 0.434048 0.062090 -0.138175
v 0.393002 0.072597 -0.232782
v 0.480466 0.062940 -0.141839
v 0.248668 0.172123 -0.258664
v 0.215554 0.313086 -0.243371
v 0.251669 0.285020 -0.302048
v 0.400995 0.071165 -0.100611
v 0.283751 0.099741 -0.109195
v 0.415238 0.065486 -0.071300
v 0.330687 0.093502 -0.275114
v 0.260563 0.200097 -0.310294
v 0.501509 0.054908 -0.098368
v 0.475801 0.055195 -0.066344
v 0.244820 0.111752 -0.004438
v 0.304862 0.076651 -0.021895
v 0.199045 0.166495 -0.056070
v 0.252318 0.124629 -0.062972
v 0.388202 0.011578 0.135820
v 0.459707 0.036865 0.093195
v 0.424138 0.012234 0.173876
v 0.501937 0.035795 0.125606
v 0.284822 0.066082 0.087890
v 0.192214 0.155980 -0.022285
v 0.229524 0.101804 0.080078
v 0.423233 0.046193 0.026967
v 0.305296 0.080021 -0.045993
v 0.429771 0.052960 0.001578
v 0.369874 0.006567 0.183198
v 0.272666 0.062445 0.136489
v 0.523944 0.046402 0.092309
v 0.486398 0.050964 0.034920
v -0.059854 -0.587037 0.044702
v -0.069434 -0.607310 -0.028963
v -0.101353 -0.587193 0.034130
v -0.118135 -0.632470 -0.035339
v 0.069344 -0.599553 0.053405
v 0.072461 -0.614419 -0.024502
v 0.109787 -0.608383 0.052156
v 0.117193 -0.641261 -0.024933
v 0.003562 -0.588645 0.100428
v -0.075259 -0.574310 0.084892
v -0.016624 -0.586628 0.152212
v 0.003424 -0.581726 -0.057281
v -0.098856 -0.626672 -0.062822
v -0.027993 -0.572439 -0.086446
v 0.087074 -0.593651 0.095825
v 0.024451 -0.588748 0.151421
v 0.098914 -0.636393 -0.059619
v 0.029666 -0.580456 -0.089352
v -0.167008 -0.560561 0.317712
v -0.236873 -0.534716 0.342899
v -0.179751 -0.561196 0.242381
v -0.236902 -0.517522 0.271561
v -0.130403 -0.773462 0.500900
v -0.283362 -0.767502 0.556534
v -0.094755 -0.758611 0.610210
v -0.253639 -0.743087 0.667696
v -0.110021 -0.593486 0.399569
v -0.139230 -0.581028 0.254537
v -0.080736 -0.580347 0.331432
v -0.285304 -0.569530 0.448383
v -0.261777 -0.491337 0.309434
v -0.294548 -0.484432 0.407754
v -0.079224 -0.675104 0.517117
v -0.066777 -0.600702 0.393183
v -0.315216 -0.660545 0.616926
v -0.309991 -0.519530 0.479412
v -0.174086 -0.744088 -0.273621
v -0.279901 -0.652695 -0.288635
v -0.218219 -0.782473 -0.220339
v -0.322441 -0.685289 -0.255414
v -0.112430 -0.498997 -0.282412
v -0.158702 -0.422813 -0.307033
v -0.088204 -0.440863 -0.298369
v -0.130399 -0.358087 -0.324292
v -0.115177 -0.603266 -0.248179
v -0.140551 -0.756664 -0.216960
v -0.097293 -0.615590 -0.211559
v -0.235005 -0.474904 -0.296322
v -0.326633 -0.590200 -0.274818
v -0.276413 -0.425529 -0.289593
v -0.075471 -0.493191 -0.273541
v -0.076317 -0.566908 -0.229539
v -0.162513 -0.340623 -0.323653
v -0.230719 -0.369688 -0.299650
v -0.350525 -0.235866 -0.117355
v -0.351746 -0.154010 -0.036783
v -0.362290 -0.327761 -0.111217
v -0.353386 -0.237665 -0.034590
v -0.355652 -0.010255 -0.143239
v -0.414137 0.025875 -0.080553
v -0.388080 0.029618 -0.170884
v -0.452302 0.050316 -0.108673
v -0.328649 -0.135599 -0.160539
v -0.354711 -0.322993 -0.155293
v -0.329434 -0.210804 -0.200241
v -0.380091 -0.008157 -0.014121
v -0.353747 -0.155318 -0.001629
v -0.388842 -0.005909 0.018818
v -0.339493 -0.005578 -0.188123
v -0.308888 -0.117987 -0.200438
v -0.470650 0.047454 -0.061450
v -0.437693 0.027142 0.001772
v -0.329658 -0.248321 0.193862
v -0.351036 -0.171923 0.133049
v -0.317205 -0.308314 0.174508
v -0.337906 -0.236949 0.111667
v -0.378381 -0.076891 0.232976
v -0.424029 -0.025091 0.177340
v -0.404551 -0.038943 0.245915
v -0.460605 0.003646 0.191092
v -0.340845 -0.196678 0.255582
v -0.313854 -0.315443 0.221572
v -0.326302 -0.267083 0.291548
v -0.391798 -0.046813 0.130821
v -0.351926 -0.165794 0.098764
v -0.393609 -0.035179 0.104527
v -0.367737 -0.081404 0.274483
v -0.337364 -0.204743 0.306374
v -0.471508 0.013316 0.159089
v -0.436848 -0.002187 0.118067
v 0.173317 -0.571075 0.295424
v 0.240106 -0.536379 0.319867
v 0.181344 -0.560245 0.229634
v 0.237841 -0.516198 0.254685
v 0.147252 -0.781213 0.481287
v 0.300377 -0.729371 0.544067
v 0.109614 -0.771182 0.587794
v 0.271989 -0.746315 0.641950
v 0.121397 -0.615534 0.376079
v 0.146195 -0.576651 0.243086
v 0.090516 -0.595454 0.314158
v 0.086189 -0.685933 0.507528
v 0.075367 -0.616251 0.378457
v 0.284229 -0.550076 0.428958
v 0.264119 -0.488217 0.293202
v 0.296687 -0.473686 0.391888
v 0.321303 -0.637891 0.591321
v 0.308667 -0.499836 0.461225
v 0.181671 -0.737501 -0.259046
v 0.281421 -0.649023 -0.295954
v 0.219467 -0.786952 -0.223005
v 0.325794 -0.686556 -0.255745
v 0.087417 -0.490973 -0.288595
v 0.134082 -0.420574 -0.313765
v 0.053658 -0.436695 -0.306835
v 0.096229 -0.358274 -0.331154
v 0.107316 -0.595943 -0.243789
v 0.129966 -0.753236 -0.216388
v 0.086984 -0.611987 -0.208989
v 0.046257 -0.486242 -0.281614
v 0.063476 -0.562496 -0.229358
v 0.228404 -0.463692 -0.300245
v 0.331960 -0.589030 -0.270889
v 0.276021 -0.424227 -0.287315
v 0.134824 -0.337040 -0.329994
v 0.223830 -0.365463 -0.305607
v 0.356525 -0.242707 -0.090067
v 0.357002 -0.165179 -0.009230
v 0.364734 -0.329136 -0.088474
v 0.355492 -0.244761 -0.009968
v 0.362587 -0.004983 -0.105343
v 0.416951 0.037435 -0.033083
v 0.391447 0.043968 -0.129992
v 0.458356 0.058198 -0.062039
v 0.339636 -0.146219 -0.136859
v 0.362119 -0.324462 -0.136520
v 0.336628 -0.219252 -0.183731
v 0.377668 -0.010801 0.021804
v 0.357455 -0.165035 0.023341
v 0.381334 -0.006834 0.053658
v 0.346627 0.008311 -0.154676
v 0.320910 -0.130522 -0.182492
v 0.475521 0.059162 -0.016895
v 0.427179 0.047908 0.042774
v 0.334570 -0.253257 0.194831
v 0.353438 -0.174583 0.141594
v 0.323441 -0.317733 0.171825
v 0.343239 -0.246184 0.120679
v 0.373865 -0.063121 0.235488
v 0.424702 0.000466 0.174695
v 0.397942 -0.018820 0.241799
v 0.463499 0.015950 0.181848
v 0.343401 -0.196032 0.254502
v 0.319020 -0.320990 0.217327
v 0.328437 -0.266663 0.286071
v 0.391239 -0.031780 0.142474
v 0.355970 -0.170074 0.109815
v 0.391911 -0.021500 0.119274
v 0.364479 -0.077099 0.277103
v 0.338730 -0.204230 0.301726
v 0.478218 0.029609 0.153476
v 0.438481 0.019546 0.128523
v 0.066337 -0.085578 0.738729
v -0.007543 -0.082842 0.746600
v 0.072722 -0.124548 0.750095
v -0.003572 -0.115643 0.770455
v 0.048521 0.004863 0.680006
v -0.014541 0.005727 0.683664
v 0.043554 0.030633 0.654843
v -0.013471 0.032279 0.657043
v 0.088452 -0.039617 0.703100
v 0.103282 -0.106910 0.732951
v 0.122547 -0.056183 0.698676
v -0.047725 -0.035303 0.710371
v -0.044855 -0.096810 0.755287
v -0.084378 -0.047598 0.712958
v 0.074428 0.015975 0.661228
v 0.114099 -0.026529 0.681288
v -0.044837 0.019797 0.666288
v -0.082079 -0.018867 0.691806
v 0.288405 -0.259172 0.614813
v 0.250410 -0.178020 0.661385
v 0.266722 -0.308157 0.652804
v 0.221524 -0.212775 0.690563
v 0.323350 -0.111236 0.474774
v 0.302951 -0.078481 0.522629
v 0.343625 -0.070337 0.428838
v 0.328705 -0.054958 0.477858
v 0.318230 -0.215076 0.517391
v 0.298819 -0.334909 0.614373
v 0.321226 -0.283635 0.510248
v 0.338862 -0.108271 0.422284
v 0.325676 -0.219409 0.461587
v 0.258510 -0.104988 0.610817
v 0.213313 -0.157571 0.699842
v 0.229460 -0.095087 0.646067
v 0.301376 -0.058504 0.520469
v 0.249358 -0.074721 0.603123
v -0.278378 -0.256634 0.633177
v -0.228238 -0.175245 0.672411
v -0.249255 -0.303352 0.671138
v -0.193145 -0.206092 0.705170
v -0.324820 -0.117281 0.483545
v -0.302464 -0.085505 0.534960
v -0.344999 -0.073009 0.434759
v -0.331408 -0.058937 0.488566
v -0.318565 -0.220698 0.532766
v -0.288292 -0.336818 0.633107
v -0.319582 -0.290098 0.525575
v -0.341302 -0.111910 0.431053
v -0.329112 -0.223565 0.474845
v -0.248121 -0.101832 0.629496
v -0.181692 -0.154444 0.702451
v -0.207376 -0.091418 0.658068
v -0.302081 -0.061546 0.532514
v -0.239026 -0.073108 0.615888
v 0.153905 0.060854 0.445850
v 0.155966 0.041682 0.553994
v 0.121128 0.078151 0.443890
v 0.122927 0.060736 0.557179
v 0.282270 -0.000186 0.404693
v 0.274754 -0.011718 0.490196
v 0.334776 -0.012662 0.389735
v 0.314274 -0.011140 0.455310
v 0.211446 0.043819 0.369888
v 0.134163 0.085095 0.377107
v 0.185146 0.074499 0.312032
v 0.306273 -0.004264 0.346323
v 0.228766 0.047763 0.307672
v 0.207919 0.004344 0.563014
v 0.138100 0.040839 0.589690
v 0.184947 0.002387 0.598503
v 0.284026 -0.016797 0.501994
v 0.220795 -0.012763 0.574392
v -0.147280 0.070554 0.442425
v -0.145019 0.052350 0.548838
v -0.110741 0.085796 0.441960
v -0.110723 0.072213 0.555364
v -0.285620 0.008644 0.415775
v -0.274507 -0.004810 0.495912
v -0.339140 -0.010987 0.400575
v -0.320590 -0.015842 0.467232
v -0.210239 0.054533 0.377751
v -0.124615 0.089443 0.384926
v -0.180971 0.080348 0.323763
v -0.312573 0.009269 0.361164
v -0.229359 0.058135 0.320865
v -0.199431 0.011651 0.558634
v -0.122852 0.051396 0.588588
v -0.172429 0.010292 0.597006
v -0.287326 -0.016840 0.510006
v -0.213027 -0.006772 0.575683
v 0.012033 0.017665 -0.692750
v -0.053102 0.022739 -0.687183
v 0.001387 -0.002526 -0.647312
v -0.050720 0.010775 -0.632927
v 0.034253 0.104871 -0.788954
v -0.057242 0.107967 -0.781727
v 0.039378 0.146088 -0.803067
v -0.058026 0.149225 -0.793716
v 0.064685 0.051727 -0.745595
v 0.039871 0.003430 -0.665991
v 0.096681 0.035702 -0.722467
v -0.093331 0.056035 -0.743283
v -0.081332 0.015759 -0.654163
v -0.126675 0.038831 -0.719109
v 0.085648 0.120010 -0.806096
v 0.111991 0.060928 -0.758332
v -0.104048 0.125955 -0.791794
v -0.137038 0.066747 -0.754557
v 0.112467 -0.022176 -0.396897
v 0.119034 0.006869 -0.483328
v 0.079414 -0.042343 -0.400765
v 0.077267 0.003876 -0.479210
v 0.256029 0.019196 -0.367758
v 0.257780 0.038059 -0.461926
v 0.306294 0.037975 -0.347851
v 0.302309 0.047441 -0.436676
v 0.183518 -0.031081 -0.347083
v 0.116861 -0.091031 -0.374716
v 0.188868 -0.099976 -0.328930
v 0.281414 0.018235 -0.315086
v 0.212829 -0.054384 -0.301288
v 0.191317 0.023218 -0.533222
v 0.102312 0.006464 -0.532788
v 0.171162 0.018437 -0.594069
v 0.282285 0.048413 -0.499584
v 0.217325 0.030729 -0.580088
v -0.148012 -0.024461 -0.384622
v -0.156493 0.009787 -0.476221
v -0.121602 -0.044976 -0.384897
v -0.122411 0.008793 -0.466240
v -0.266090 0.023501 -0.379240
v -0.273729 0.036927 -0.470061
v -0.313280 0.044230 -0.368727
v -0.315839 0.051138 -0.457175
v -0.198698 -0.030683 -0.347198
v -0.145978 -0.089150 -0.361124
v -0.194670 -0.091392 -0.322295
v -0.283255 0.019456 -0.329094
v -0.217870 -0.048209 -0.306446
v -0.214728 0.025870 -0.530773
v -0.140881 0.010263 -0.524010
v -0.197122 0.021994 -0.585467
v -0.294585 0.044289 -0.509473
v -0.236529 0.034090 -0.577262
v 0.289981 0.273493 -0.659339
v 0.297791 0.194662 -0.747031
v 0.262841 0.312474 -0.691810
v 0.253749 0.230028 -0.769144
v 0.318411 0.124007 -0.512637
v 0.317811 0.094587 -0.573971
v 0.338425 0.073575 -0.463341
v 0.336618 0.068029 -0.522079
v 0.300931 0.235031 -0.550475
v 0.277398 0.336685 -0.637013
v 0.289652 0.300193 -0.536227
v 0.320159 0.118613 -0.452238
v 0.293146 0.236205 -0.489575
v 0.293530 0.117793 -0.685467
v 0.250380 0.174728 -0.779927
v 0.264575 0.098880 -0.735048
v 0.315709 0.072893 -0.566685
v 0.276597 0.083863 -0.672832
v -0.301101 0.269078 -0.661703
v -0.300234 0.189515 -0.746453
v -0.270581 0.312776 -0.691258
v -0.255330 0.228872 -0.772177
v -0.318716 0.126302 -0.517296
v -0.316136 0.091755 -0.577716
v -0.337347 0.089144 -0.465335
v -0.335150 0.076175 -0.522070
v -0.302820 0.227589 -0.555687
v -0.277745 0.330336 -0.633330
v -0.290805 0.289473 -0.540152
v -0.324160 0.123130 -0.460616
v -0.299391 0.231308 -0.497575
v -0.298257 0.113667 -0.687792
v -0.255391 0.174262 -0.781390
v -0.269831 0.103565 -0.731772
v -0.316043 0.073482 -0.571412
v -0.282202 0.085821 -0.672902
v 0.604396 0.021060 -0.004208
v 0.605620 0.030127 0.009173
v 0.599013 0.020119 -0.035423
v 0.598212 0.032559 -0.024179
v 0.597245 0.015441 0.070485
v 0.612417 0.016621 0.078905
v 0.604891 0.016335 0.090696
v 0.608699 0.015736 0.100845
v 0.605730 0.017504 0.033981
v 0.591022 0.019401 -0.016367
v 0.589235 0.025170 0.017072
v 0.610268 0.021510 0.072625
v 0.592370 0.023613 0.038364
v 0.601907 0.028189 0.054923
v 0.588360 0.036433 0.001327
v 0.584491 0.041667 0.054487
v 0.600878 0.024943 0.097582
v 0.591199 0.034607 0.075228
v -0.592291 0.025346 -0.033871
v -0.592610 0.033976 -0.022318
v -0.581281 0.028435 -0.066088
v -0.581672 0.036912 -0.056978
v -0.595775 0.011980 0.054944
v -0.589262 0.020208 0.070070
v -0.590340 0.010892 0.086800
v -0.583374 0.019512 0.100718
v -0.597233 0.018083 0.005388
v -0.579841 0.020079 -0.056755
v -0.577927 0.020048 -0.013465
v -0.588869 0.011808 0.063726
v -0.580260 0.019944 0.015211
v -0.583135 0.029231 0.032698
v -0.574973 0.037465 -0.031788
v -0.566095 0.037660 0.025824
v -0.577125 0.023731 0.093493
v -0.562532 0.037830 0.057926
v -0.049483 0.480195 -0.183450
v -0.046123 0.453449 -0.175339
v -0.093787 0.540761 -0.230002
v -0.124670 0.556090 -0.250975
v -0.037885 0.464324 -0.177037
v -0.098058 0.567539 -0.250157
v -0.076272 0.294722 -0.110321
v -0.110327 0.252670 -0.090613
v -0.101433 0.240007 -0.061538
v -0.245273 0.501168 -0.288165
v -0.217666 0.436173 -0.275585
v -0.296158 0.491236 -0.311999
v -0.200613 0.200279 -0.141257
v -0.201703 0.185259 -0.111309
v -0.242491 0.137067 -0.095001
v 0.058287 0.487402 -0.169778
v 0.055056 0.464343 -0.164467
v 0.105555 0.546340 -0.209738
v 0.127424 0.556772 -0.235999
v 0.039321 0.473744 -0.168318
v 0.103304 0.572038 -0.240906
v 0.089707 0.325873 -0.135275
v 0.117425 0.280367 -0.126827
v 0.101135 0.259576 -0.103675
v 0.210724 0.467916 -0.253071
v 0.203849 0.397710 -0.232979
v 0.233868 0.447762 -0.263847
v 0.205197 0.195201 -0.140482
v 0.207289 0.186885 -0.122003
v 0.243947 0.132167 -0.104184
v -0.151058 -0.556449 0.060982
v -0.169823 -0.555729 0.119470
v -0.182223 -0.730205 -0.061824
v -0.203885 -0.790718 -0.093923
v -0.132787 -0.565277 0.128754
v -0.139800 -0.753330 -0.093710
v -0.268239 -0.469642 0.190314
v -0.288229 -0.422388 0.170982
v -0.282658 -0.426368 0.222393
v -0.361645 -0.596160 -0.166852
v -0.359903 -0.500420 -0.133530
v -0.362753 -0.509500 -0.186457
v -0.342466 -0.311102 0.012728
v -0.335884 -0.306850 0.051267
v -0.345899 -0.234388 0.039475
v 0.164103 -0.588406 0.083412
v 0.177864 -0.572410 0.129256
v 0.175017 -0.732759 -0.052869
v 0.204074 -0.790723 -0.092759
v 0.142309 -0.580099 0.136428
v 0.138661 -0.760737 -0.095575
v 0.268074 -0.474145 0.177254
v 0.289842 -0.431177 0.160249
v 0.284777 -0.432122 0.210929
v 0.366603 -0.600616 -0.161013
v 0.361738 -0.500077 -0.122711
v 0.369117 -0.511348 -0.178269
v 0.343985 -0.318262 0.028578
v 0.338021 -0.317062 0.061658
v 0.349319 -0.242837 0.056285
v -0.024307 -0.589507 0.629677
v 0.045819 -0.591012 0.619844
v -0.213035 -0.531696 0.692454
v -0.210345 -0.433341 0.690770
v -0.000489 -0.584571 0.571569
v -0.272429 -0.493236 0.680472
v 0.236754 -0.549267 0.696689
v 0.237293 -0.443424 0.683776
v 0.293761 -0.491176 0.663219
v 0.112376 -0.192711 0.741375
v 0.152217 -0.214642 0.730677
v -0.045293 -0.165691 0.819341
v -0.097143 -0.201651 0.750641
v 0.148487 -0.163646 0.737087
v -0.092189 -0.151728 0.763700
v -0.005099 0.167507 0.144749
v 0.002301 0.166795 0.143965
v -0.048552 0.121083 0.301786
v -0.063704 0.108494 0.369619
v -0.004006 0.190948 0.070585
v -0.072131 0.117123 0.310183
v 0.057756 0.118972 0.297539
v 0.075872 0.105354 0.367778
v 0.082843 0.117523 0.303206
v 0.060768 0.062771 0.604741
v 0.079538 0.072798 0.580444
v -0.036736 0.065401 0.603412
v -0.058860 0.076697 0.580387
v 0.088521 0.050341 0.612730
v -0.066728 0.055863 0.613539
v -0.037154 -0.378609 -0.320551
v -0.007529 -0.380146 -0.324598
v -0.108284 -0.220586 -0.366599
v -0.107575 -0.141872 -0.379022
v -0.019111 -0.439256 -0.298742
v -0.133452 -0.200865 -0.378107
v 0.065234 -0.221909 -0.372912
v 0.061925 -0.144444 -0.387380
v 0.094098 -0.197501 -0.367037
v 0.017221 0.003356 -0.549202
v 0.031378 0.002993 -0.510043
v -0.067601 0.012006 -0.538738
v -0.083705 0.010337 -0.498703
v 0.046707 0.003267 -0.567948
v -0.092993 0.009879 -0.556156
v -0.043995 0.629686 -0.602338
v 0.021314 0.627190 -0.606750
v -0.202552 0.492377 -0.655171
v -0.211426 0.416607 -0.673665
v -0.015191 0.667141 -0.565322
v -0.244688 0.449896 -0.640675
v 0.186557 0.482915 -0.660144
v 0.200932 0.414674 -0.680441
v 0.234966 0.450766 -0.648324
v 0.098375 0.216186 -0.804037
v 0.153678 0.241336 -0.799441
v -0.109174 0.221294 -0.799426
v -0.160779 0.246711 -0.807220
v 0.151830 0.186864 -0.813937
v -0.159383 0.192127 -0.812163
v 0.411444 0.065072 -0.299017
v 0.395338 0.063235 -0.356025
v 0.539808 0.043329 -0.116446
v 0.565753 0.033413 -0.089192
v 0.360396 0.076535 -0.342443
v 0.555850 0.040032 -0.075727
v 0.405844 0.060756 -0.215947
v 0.379875 0.055319 -0.269635
v 0.531214 0.051556 -0.082876
v 0.568019 0.041424 -0.068571
v 0.355527 0.046059 -0.239548
v 0.545145 0.047199 -0.041137
v 0.351802 0.062866 -0.427010
v 0.364654 0.061815 -0.450925
v 0.330083 0.058644 -0.489644
v 0.431010 0.007597 0.253704
v 0.405759 -0.001691 0.303677
v 0.569236 0.026389 0.139961
v 0.590189 0.021047 0.126528
v 0.384744 -0.007042 0.275187
v 0.580381 0.028965 0.109212
v 0.408248 -0.008379 0.296688
v 0.389050 -0.017474 0.340786
v 0.548418 0.033215 0.167842
v 0.579686 0.028261 0.145238
v 0.367581 -0.044047 0.332747
v 0.562216 0.037826 0.138481
v 0.364446 -0.021327 0.435030
v 0.366740 -0.016939 0.432093
v 0.329299 -0.028204 0.475425
v -0.409832 0.065275 -0.310742
v -0.388693 0.066207 -0.363341
v -0.537884 0.019197 -0.150947
v -0.557150 0.022533 -0.126957
v -0.364442 0.084746 -0.356315
v -0.553096 0.018304 -0.112135
v -0.406469 0.064118 -0.252938
v -0.386911 0.065986 -0.303412
v -0.526723 0.053972 -0.126584
v -0.552643 0.045433 -0.108476
v -0.352684 0.039751 -0.267293
v -0.538978 0.042595 -0.080477
v -0.370087 0.063278 -0.458318
v -0.371157 0.063262 -0.465946
v -0.339751 0.060317 -0.505364
v -0.449864 -0.002908 0.275920
v -0.423709 -0.007728 0.325698
v -0.553793 0.011253 0.141951
v -0.575667 0.007574 0.124506
v -0.399475 -0.010303 0.301998
v -0.559519 0.013053 0.108404
v -0.421369 -0.020756 0.299422
v -0.403477 -0.028754 0.343661
v -0.530434 0.030821 0.179049
v -0.556054 0.026447 0.154150
v -0.383618 -0.053210 0.336142
v -0.539689 0.032575 0.148477
v -0.370484 -0.028669 0.445180
v -0.370617 -0.024675 0.444792
v -0.333645 -0.032739 0.485842
v -0.010599 0.412242 -0.161953
v -0.003386 0.414549 -0.161758
v -0.006167 0.367475 -0.144977
v -0.028599 0.636918 -0.315900
v 0.015117 0.640121 -0.320347
v -0.009171 0.670010 -0.366921
v -0.169251 0.137075 0.155312
v -0.161883 0.124950 0.210029
v -0.209804 0.096543 0.214326
v -0.287157 0.395512 -0.431992
v -0.286617 0.376008 -0.475243
v -0.286575 0.304689 -0.436184
v -0.485533 0.037084 -0.021722
v -0.543596 0.033538 -0.023524
v -0.537578 0.033990 0.002433
v 0.173230 0.134600 0.128126
v 0.165733 0.125168 0.189024
v 0.208987 0.088434 0.190942
v 0.298229 0.413159 -0.394627
v 0.286094 0.395660 -0.463276
v 0.277697 0.314620 -0.414795
v 0.492493 0.050844 -0.012968
v 0.543226 0.042683 -0.003835
v 0.543930 0.046478 0.016294
v -0.019156 -0.589314 0.267102
v 0.024565 -0.592340 0.262617
v 0.003495 -0.595592 0.325126
v -0.037695 -0.555925 -0.153769
v 0.027206 -0.562478 -0.154305
v -0.005789 -0.553297 -0.185366
v -0.317994 -0.348733 0.388699
v -0.320479 -0.358848 0.451784
v -0.326633 -0.283235 0.404639
v -0.287209 -0.254917 -0.267832
v -0.246916 -0.217215 -0.288977
v -0.266244 -0.158234 -0.265261
v -0.439648 0.019586 0.065044
v -0.496518 0.041937 0.045365
v -0.489659 0.033935 0.074003
v 0.318493 -0.344843 0.377381
v 0.321223 -0.354949 0.437788
v 0.327014 -0.281386 0.393854
v 0.296379 -0.262720 -0.269635
v 0.248268 -0.222465 -0.298265
v 0.271525 -0.167710 -0.264434
v 0.442034 0.036478 0.090366
v 0.500506 0.057495 0.072969
v 0.501571 0.051355 0.095731
v 0.182378 -0.053977 0.657560
v 0.171569 -0.027361 0.643102
v 0.206563 -0.040405 0.621701
v -0.159412 -0.045586 0.668765
v -0.152421 -0.019526 0.651518
v -0.191646 -0.035309 0.630232
v 0.172463 0.034849 -0.691992
v 0.193627 0.057088 -0.723421
v 0.219729 0.044620 -0.678983
v -0.197562 0.034069 -0.689430
v -0.214873 0.059107 -0.724098
v -0.233825 0.051931 -0.671476
f 1 647 644
f 1 644 643
f 1 643 645
f 1 645 646
f 1 646 647
f 2 649 652
f 6 672 670
f 12 702 699
f 11 696 695
f 8 679 681
f 4 662 659
f 4 659 658
f 4 658 660
f 4 660 661
f 4 661 662
f 5 666 665
f 3 654 657
f 7 673 677
f 9 685 686
f 10 692 688
f 12 701 698
f 6 669 668
f 2 650 648
f 8 682 678
f 11 697 693
f 6 671 669
f 12 700 701
f 11 694 697
f 8 680 682
f 2 651 650
f 10 690 689
f 5 663 664
f 3 655 653
f 7 676 674
f 9 687 684
f 10 691 690
f 5 667 663
f 3 656 655
f 7 675 676
f 9 683 687
f 6 668 672
f 2 648 649
f 8 678 679
f 11 693 696
f 12 698 702
f 10 688 691
f 5 665 667
f 3 657 656
f 7 677 675
f 9 686 683
f 5 664 666
f 3 653 654
f 7 674 673
f 9 684 685
f 10 689 692
f 6 670 671
f 12 699 700
f 11 695 694
f 8 681 680
f 2 652 651
f 35 837 838
f 18 735 736
f 19 742 741
f 40 868 867
f 42 880 879
f 34 832 831
f 33 827 828
f 25 778 780
f 36 844 846
f 20 749 747
f 32 819 820
f 23 765 767
f 24 773 771
f 37 850 849
f 41 876 875
f 34 833 834
f 33 826 825
f 25 779 777
f 36 845 843
f 20 748 750
f 17 729 727
f 14 711 709
f 13 706 703
f 15 718 715
f 16 724 721
f 18 737 733
f 35 839 835
f 42 882 878
f 40 870 866
f 19 744 740
f 30 807 805
f 27 789 787
f 22 762 758
f 28 797 793
f 29 802 799
f 32 821 817
f 23 766 763
f 24 774 770
f 37 852 848
f 41 874 872
f 35 838 836
f 18 736 734
f 19 741 739
f 40 867 865
f 42 879 877
f 34 831 829
f 33 828 824
f 25 780 776
f 36 846 842
f 20 747 745
f 32 820 818
f 23 767 764
f 24 771 769
f 37 849 847
f 41 875 871
f 34 834 830
f 33 825 823
f 25 777 775
f 36 843 841
f 20 750 746
f 14 714 710
f 13 707 704
f 15 719 716
f 16 725 722
f 17 732 728
f 21 755 752
f 31 814 811
f 26 784 781
f 38 857 853
f 39 862 860
f 27 792 788
f 22 759 757
f 28 796 794
f 29 803 800
f 30 810 806
f 31 815 812
f 26 785 782
f 38 856 854
f 39 863 859
f 21 754 751
f 14 712 714
f 13 705 707
f 15 717 719
f 16 723 725
f 17 730 732
f 21 753 755
f 31 816 814
f 26 786 784
f 38 858 857
f 39 861 862
f 27 791 792
f 22 761 759
f 28 795 796
f 29 801 803
f 30 808 810
f 31 813 815
f 26 783 785
f 38 855 856
f 39 864 863
f 21 756 754
f 14 709 712
f 13 703 705
f 15 715 717
f 16 721 723
f 17 727 730
f 21 751 753
f 31 812 816
f 26 782 786
f 38 854 858
f 39 859 861
f 27 787 791
f 22 758 761
f 28 793 795
f 29 799 801
f 30 805 808
f 31 811 813
f 26 781 783
f 38 853 855
f 39 860 864
f 21 752 756
f 17 728 731
f 14 710 713
f 13 704 708
f 15 716 720
f 16 722 726
f 18 734 738
f 35 836 840
f 42 877 881
f 40 865 869
f 19 739 743
f 30 806 809
f 27 788 790
f 22 757 760
f 28 794 798
f 29 800 804
f 32 818 822
f 23 764 768
f 24 769 772
f 37 847 851
f 41 871 873
f 35 835 837
f 18 733 735
f 19 740 742
f 40 866 868
f 42 878 880
f 34 830 832
f 33 823 827
f 25 775 778
f 36 841 844
f 20 746 749
f 32 817 819
f 23 763 765
f 24 770 773
f 37 848 850
f 41 872 876
f 34 829 833
f 33 824 826
f 25 776 779
f 36 842 845
f 20 745 748
f 17 731 729
f 14 713 711
f 13 708 706
f 15 720 718
f 16 726 724
f 18 738 737
f 35 840 839
f 42 881 882
f 40 869 870
f 19 743 744
f 30 809 807
f 27 790 789
f 22 760 762
f 28 798 797
f 29 804 802
f 32 822 821
f 23 768 766
f 24 772 774
f 37 851 852
f 41 873 874
f 107 1269 1270
f 103 1245 1246
f 104 1252 1251
f 110 1288 1287
f 113 1306 1305
f 118 1336 1335
f 154 1551 1552
f 141 1473 1474
f 162 1599 1600
f 121 1354 1353
f 142 1479 1480
f 129 1401 1402
f 130 1408 1407
f 144 1492 1491
f 146 1504 1503
f 151 1533 1534
f 131 1414 1413
f 136 1444 1443
f 161 1594 1593
f 126 1383 1384
f 116 1323 1324
f 108 1275 1276
f 106 1263 1264
f 112 1299 1300
f 115 1317 1318
f 119 1341 1342
f 156 1564 1563
f 139 1462 1461
f 160 1588 1587
f 120 1347 1348
f 149 1521 1522
f 132 1420 1419
f 128 1395 1396
f 145 1497 1498
f 148 1515 1516
f 155 1557 1558
f 133 1425 1426
f 134 1431 1432
f 157 1570 1569
f 124 1372 1371
f 109 1282 1281
f 105 1258 1257
f 111 1294 1293
f 114 1312 1311
f 117 1330 1329
f 125 1378 1377
f 152 1540 1539
f 137 1449 1450
f 158 1575 1576
f 123 1365 1366
f 143 1486 1485
f 127 1390 1389
f 135 1437 1438
f 147 1510 1509
f 150 1528 1527
f 153 1546 1545
f 140 1468 1467
f 138 1455 1456
f 159 1581 1582
f 122 1359 1360
f 107 1272 1271
f 103 1248 1247
f 104 1253 1254
f 110 1289 1290
f 113 1307 1308
f 118 1337 1338
f 154 1554 1553
f 141 1476 1475
f 162 1602 1601
f 121 1355 1356
f 142 1482 1481
f 129 1404 1403
f 130 1409 1410
f 144 1493 1494
f 146 1505 1506
f 151 1536 1535
f 131 1415 1416
f 136 1445 1446
f 161 1595 1596
f 126 1386 1385
f 47 909 907
f 44 891 889
f 43 886 883
f 45 898 895
f 46 904 901
f 49 922 919
f 72 1060 1057
f 102 1240 1237
f 96 1204 1201
f 79 1102 1099
f 62 999 997
f 59 981 979
f 58 976 973
f 60 988 985
f 61 994 991
f 66 1024 1021
f 54 952 949
f 73 1066 1063
f 85 1138 1135
f 92 1179 1177
f 101 1233 1231
f 69 1041 1039
f 50 927 925
f 82 1119 1117
f 97 1209 1207
f 71 1053 1051
f 100 1228 1225
f 94 1192 1189
f 80 1108 1105
f 51 933 931
f 90 1167 1165
f 63 1005 1003
f 55 957 955
f 76 1083 1081
f 87 1150 1147
f 91 1174 1171
f 67 1029 1027
f 56 963 961
f 75 1077 1075
f 83 1126 1123
f 68 1036 1033
f 48 915 913
f 78 1095 1093
f 93 1185 1183
f 98 1216 1213
f 88 1155 1153
f 65 1018 1015
f 57 970 967
f 77 1090 1087
f 86 1143 1141
f 64 1012 1009
f 53 945 943
f 74 1071 1069
f 84 1131 1129
f 89 1162 1159
f 70 1047 1045
f 99 1221 1219
f 95 1197 1195
f 81 1114 1111
f 52 940 937
f 109 1284 1280
f 105 1260 1256
f 111 1296 1292
f 114 1314 1310
f 117 1332 1328
f 125 1380 1376
f 152 1542 1538
f 137 1451 1447
f 158 1577 1573
f 123 1367 1363
f 143 1488 1484
f 127 1392 1388
f 135 1439 1435
f 147 1512 1508
f 150 1530 1526
f 153 1548 1544
f 140 1470 1466
f 138 1457 1453
f 159 1583 1579
f 122 1361 1357
f 107 1270 1268
f 103 1246 1244
f 104 1251 1249
f 110 1287 1285
f 113 1305 1303
f 118 1335 1333
f 154 1552 1550
f 141 1474 1472
f 162 1600 1598
f 121 1353 1351
f 142 1480 1478
f 129 1402 1400
f 130 1407 1405
f 144 1491 1489
f 146 1503 1501
f 151 1534 1532
f 131 1413 1411
f 136 1443 1441
f 161 1593 1591
f 126 1384 1382
f 116 1324 1322
f 108 1276 1274
f 106 1264 1262
f 112 1300 1298
f 115 1318 1316
f 119 1342 1340
f 156 1563 1561
f 139 1461 1459
f 160 1587 1585
f 120 1348 1346
f 149 1522 1520
f 132 1419 1417
f 128 1396 1394
f 145 1498 1496
f 148 1516 1514
f 155 1558 1556
f 133 1426 1424
f 134 1432 1430
f 157 1569 1567
f 124 1371 1369
f 109 1281 1279
f 105 1257 1255
f 111 1293 1291
f 114 1311 1309
f 117 1329 1327
f 125 1377 1375
f 152 1539 1537
f 137 1450 1448
f 158 1576 1574
f 123 1366 1364
f 143 1485 1483
f 127 1389 1387
f 135 1438 1436
f 147 1509 1507
f 150 1527 1525
f 153 1545 1543
f 140 1467 1465
f 138 1456 1454
f 159 1582 1580
f 122 1360 1358
f 107 1271 1267
f 103 1247 1243
f 104 1254 1250
f 110 1290 1286
f 113 1308 1304
f 118 1338 1334
f 154 1553 1549
f 141 1475 1471
f 162 1601 1597
f 121 1356 1352
f 142 1481 1477
f 129 1403 1399
f 130 1410 1406
f 144 1494 1490
f 146 1506 1502
f 151 1535 1531
f 131 1416 1412
f 136 1446 1442
f 161 1596 1592
f 126 1385 1381
f 44 894 890
f 43 887 884
f 45 899 896
f 46 905 902
f 47 912 908
f 52 941 938
f 70 1050 1046
f 99 1224 1220
f 95 1200 1196
f 81 1115 1112
f 59 984 980
f 58 977 974
f 60 989 986
f 61 995 992
f 62 1002 998
f 65 1019 1016
f 57 971 968
f 77 1091 1088
f 86 1146 1142
f 88 1158 1154
f 98 1217 1214
f 68 1037 1034
f 48 918 914
f 78 1098 1094
f 93 1188 1184
f 69 1044 1040
f 101 1236 1232
f 97 1212 1208
f 82 1122 1118
f 50 930 926
f 89 1163 1160
f 64 1013 1010
f 53 948 944
f 74 1074 1070
f 84 1134 1130
f 90 1170 1166
f 63 1008 1004
f 55 960 956
f 76 1086 1082
f 87 1151 1148
f 72 1061 1058
f 49 923 920
f 79 1103 1100
f 96 1205 1202
f 102 1241 1238
f 91 1175 1172
f 67 1032 1028
f 56 966 962
f 75 1080 1076
f 83 1127 1124
f 66 1025 1022
f 54 953 950
f 73 1067 1064
f 85 1139 1136
f 92 1182 1178
f 71 1056 1052
f 100 1229 1226
f 94 1193 1190
f 80 1109 1106
f 51 936 932
f 116 1325 1321
f 108 1277 1273
f 106 1265 1261
f 112 1301 1297
f 115 1319 1315
f 119 1343 1339
f 156 1566 1562
f 139 1464 1460
f 160 1590 1586
f 120 1349 1345
f 149 1523 1519
f 132 1422 1418
f 128 1397 1393
f 145 1499 1495
f 148 1517 1513
f 155 1559 1555
f 133 1427 1423
f 134 1433 1429
f 157 1572 1568
f 124 1374 1370
f 44 892 894
f 43 885 887
f 45 897 899
f 46 903 905
f 47 910 912
f 52 939 941
f 70 1048 1050
f 99 1222 1224
f 95 1198 1200
f 81 1113 1115
f 59 982 984
f 58 975 977
f 60 987 989
f 61 993 995
f 62 1000 1002
f 65 1017 1019
f 57 969 971
f 77 1089 1091
f 86 1144 1146
f 88 1156 1158
f 98 1215 1217
f 68 1035 1037
f 48 916 918
f 78 1096 1098
f 93 1186 1188
f 69 1042 1044
f 101 1234 1236
f 97 1210 1212
f 82 1120 1122
f 50 928 930
f 89 1161 1163
f 64 1011 1013
f 53 946 948
f 74 1072 1074
f 84 1132 1134
f 90 1168 1170
f 63 1006 1008
f 55 958 960
f 76 1084 1086
f 87 1149 1151
f 72 1059 1061
f 49 921 923
f 79 1101 1103
f 96 1203 1205
f 102 1239 1241
f 91 1173 1175
f 67 1030 1032
f 56 964 966
f 75 1078 1080
f 83 1125 1127
f 66 1023 1025
f 54 951 953
f 73 1065 1067
f 85 1137 1139
f 92 1180 1182
f 71 1054 1056
f 100 1227 1229
f 94 1191 1193
f 80 1107 1109
f 51 934 936
f 116 1326 1325
f 108 1278 1277
f 106 1266 1265
f 112 1302 1301
f 115 1320 1319
f 119 1344 1343
f 156 1565 1566
f 139 1463 1464
f 160 1589 1590
f 120 1350 1349
f 149 1524 1523
f 132 1421 1422
f 128 1398 1397
f 145 1500 1499
f 148 1518 1517
f 155 1560 1559
f 133 1428 1427
f 134 1434 1433
f 157 1571 1572
f 124 1373 1374
f 44 889 892
f 43 883 885
f 45 895 897
f 46 901 903
f 47 907 910
f 52 937 939
f 70 1045 1048
f 99 1219 1222
f 95 1195 1198
f 81 1111 1113
f 59 979 982
f 58 973 975
f 60 985 987
f 61 991 993
f 62 997 1000
f 65 1015 1017
f 57 967 969
f 77 1087 1089
f 86 1141 1144
f 88 1153 1156
f 98 1213 1215
f 68 1033 1035
f 48 913 916
f 78 1093 1096
f 93 1183 1186
f 69 1039 1042
f 101 1231 1234
f 97 1207 1210
f 82 1117 1120
f 50 925 928
f 89 1159 1161
f 64 1009 1011
f 53 943 946
f 74 1069 1072
f 84 1129 1132
f 90 1165 1168
f 63 1003 1006
f 55 955 958
f 76 1081 1084
f 87 1147 1149
f 72 1057 1059
f 49 919 921
f 79 1099 1101
f 96 1201 1203
f 102 1237 1239
f 91 1171 1173
f 67 1027 1030
f 56 961 964
f 75 1075 1078
f 83 1123 1125
f 66 1021 1023
f 54 949 951
f 73 1063 1065
f 85 1135 1137
f 92 1177 1180
f 71 1051 1054
f 100 1225 1227
f 94 1189 1191
f 80 1105 1107
f 51 931 934
f 116 1322 1326
f 108 1274 1278
f 106 1262 1266
f 112 1298 1302
f 115 1316 1320
f 119 1340 1344
f 156 1561 1565
f 139 1459 1463
f 160 1585 1589
f 120 1346 1350
f 149 1520 1524
f 132 1417 1421
f 128 1394 1398
f 145 1496 1500
f 148 1514 1518
f 155 1556 1560
f 133 1424 1428
f 134 1430 1434
f 157 1567 1571
f 124 1369 1373
f 47 908 911
f 44 890 893
f 43 884 888
f 45 896 900
f 46 902 906
f 49 920 924
f 72 1058 1062
f 102 1238 1242
f 96 1202 1206
f 79 1100 1104
f 62 998 1001
f 59 980 983
f 58 974 978
f 60 986 990
f 61 992 996
f 66 1022 1026
f 54 950 954
f 73 1064 1068
f 85 1136 1140
f 92 1178 1181
f 101 1232 1235
f 69 1040 1043
f 50 926 929
f 82 1118 1121
f 97 1208 1211
f 71 1052 1055
f 100 1226 1230
f 94 1190 1194
f 80 1106 1110
f 51 932 935
f 90 1166 1169
f 63 1004 1007
f 55 956 959
f 76 1082 1085
f 87 1148 1152
f 91 1172 1176
f 67 1028 1031
f 56 962 965
f 75 1076 1079
f 83 1124 1128
f 68 1034 1038
f 48 914 917
f 78 1094 1097
f 93 1184 1187
f 98 1214 1218
f 88 1154 1157
f 65 1016 1020
f 57 968 972
f 77 1088 1092
f 86 1142 1145
f 64 1010 1014
f 53 944 947
f 74 1070 1073
f 84 1130 1133
f 89 1160 1164
f 70 1046 1049
f 99 1220 1223
f 95 1196 1199
f 81 1112 1116
f 52 938 942
f 109 1279 1283
f 105 1255 1259
f 111 1291 1295
f 114 1309 1313
f 117 1327 1331
f 125 1375 1379
f 152 1537 1541
f 137 1448 1452
f 158 1574 1578
f 123 1364 1368
f 143 1483 1487
f 127 1387 1391
f 135 1436 1440
f 147 1507 1511
f 150 1525 1529
f 153 1543 1547
f 140 1465 1469
f 138 1454 1458
f 159 1580 1584
f 122 1358 1362
f 107 1267 1269
f 103 1243 1245
f 104 1250 1252
f 110 1286 1288
f 113 1304 1306
f 118 1334 1336
f 154 1549 1551
f 141 1471 1473
f 162 1597 1599
f 121 1352 1354
f 142 1477 1479
f 129 1399 1401
f 130 1406 1408
f 144 1490 1492
f 146 1502 1504
f 151 1531 1533
f 131 1412 1414
f 136 1442 1444
f 161 1592 1594
f 126 1381 1383
f 116 1321 1323
f 108 1273 1275
f 106 1261 1263
f 112 1297 1299
f 115 1315 1317
f 119 1339 1341
f 156 1562 1564
f 139 1460 1462
f 160 1586 1588
f 120 1345 1347
f 149 1519 1521
f 132 1418 1420
f 128 1393 1395
f 145 1495 1497
f 148 1513 1515
f 155 1555 1557
f 133 1423 1425
f 134 1429 1431
f 157 1568 1570
f 124 1370 1372
f 109 1280 1282
f 105 1256 1258
f 111 1292 1294
f 114 1310 1312
f 117 1328 1330
f 125 1376 1378
f 152 1538 1540
f 137 1447 1449
f 158 1573 1575
f 123 1363 1365
f 143 1484 1486
f 127 1388 1390
f 135 1435 1437
f 147 1508 1510
f 150 1526 1528
f 153 1544 1546
f 140 1466 1468
f 138 1453 1455
f 159 1579 1581
f 122 1357 1359
f 107 1268 1272
f 103 1244 1248
f 104 1249 1253
f 110 1285 1289
f 113 1303 1307
f 118 1333 1337
f 154 1550 1554
f 141 1472 1476
f 162 1598 1602
f 121 1351 1355
f 142 1478 1482
f 129 1400 1404
f 130 1405 1409
f 144 1489 1493
f 146 1501 1505
f 151 1532 1536
f 131 1411 1415
f 136 1441 1445
f 161 1591 1595
f 126 1382 1386
f 47 911 909
f 44 893 891
f 43 888 886
f 45 900 898
f 46 906 904
f 49 924 922
f 72 1062 1060
f 102 1242 1240
f 96 1206 1204
f 79 1104 1102
f 62 1001 999
f 59 983 981
f 58 978 976
f 60 990 988
f 61 996 994
f 66 1026 1024
f 54 954 952
f 73 1068 1066
f 85 1140 1138
f 92 1181 1179
f 101 1235 1233
f 69 1043 1041
f 50 929 927
f 82 1121 1119
f 97 1211 1209
f 71 1055 1053
f 100 1230 1228
f 94 1194 1192
f 80 1110 1108
f 51 935 933
f 90 1169 1167
f 63 1007 1005
f 55 959 957
f 76 1085 1083
f 87 1152 1150
f 91 1176 1174
f 67 1031 1029
f 56 965 963
f 75 1079 1077
f 83 1128 1126
f 68 1038 1036
f 48 917 915
f 78 1097 1095
f 93 1187 1185
f 98 1218 1216
f 88 1157 1155
f 65 1020 1018
f 57 972 970
f 77 1092 1090
f 86 1145 1143
f 64 1014 1012
f 53 947 945
f 74 1073 1071
f 84 1133 1131
f 89 1164 1162
f 70 1049 1047
f 99 1223 1221
f 95 1199 1197
f 81 1116 1114
f 52 942 940
f 109 1283 1284
f 105 1259 1260
f 111 1295 1296
f 114 1313 1314
f 117 1331 1332
f 125 1379 1380
f 152 1541 1542
f 137 1452 1451
f 158 1578 1577
f 123 1368 1367
f 143 1487 1488
f 127 1391 1392
f 135 1440 1439
f 147 1511 1512
f 150 1529 1530
f 153 1547 1548
f 140 1469 1470
f 138 1458 1457
f 159 1584 1583
f 122 1362 1361
f 407 1609 1616
f 403 1605 1608
f 404 1611 1606
f 410 1614 1612
f 413 1617 1615
f 422 1631 1624
f 486 1688 1692
f 573 1775 1782
f 561 1763 1765
f 512 1719 1714
f 452 1654 1661
f 448 1650 1653
f 449 1656 1651
f 455 1659 1657
f 458 1662 1660
f 470 1672 1675
f 437 1646 1639
f 494 1706 1696
f 531 1735 1733
f 539 1741 1751
f 568 1770 1779
f 478 1680 1683
f 419 1621 1626
f 509 1711 1721
f 554 1756 1766
f 482 1684 1689
f 576 1780 1778
f 558 1767 1760
f 516 1722 1718
f 425 1627 1629
f 542 1744 1747
f 463 1668 1665
f 434 1636 1641
f 497 1699 1704
f 528 1730 1737
f 546 1748 1750
f 464 1666 1676
f 440 1642 1644
f 500 1705 1702
f 524 1736 1726
f 479 1691 1681
f 418 1623 1620
f 508 1713 1710
f 553 1764 1755
f 569 1781 1771
f 538 1749 1740
f 471 1677 1673
f 443 1645 1647
f 501 1703 1707
f 523 1725 1734
f 467 1674 1669
f 433 1638 1635
f 493 1695 1698
f 527 1732 1729
f 543 1752 1745
f 485 1690 1687
f 572 1777 1774
f 557 1759 1762
f 515 1717 1720
f 428 1630 1632
f 591 2191 2189
f 587 1885 1883
f 588 1901 1903
f 594 2279 2281
f 597 2315 2317
f 600 2171 2173
f 634 2160 2158
f 619 2016 2012
f 639 2214 2210
f 602 1919 1924
f 624 2137 2135
f 608 1978 1973
f 610 1991 1996
f 627 2225 2227
f 630 2302 2304
f 635 2178 2176
f 615 2153 2155
f 617 2009 2014
f 637 2207 2212
f 604 1926 1922
f 416 1857 1864
f 408 1803 1810
f 406 1786 1795
f 412 1822 1831
f 415 1840 1849
f 424 1876 1887
f 492 2182 2193
f 582 2312 2321
f 565 2276 2285
f 514 1898 1907
f 461 2091 2098
f 453 2037 2044
f 451 1952 1961
f 457 2056 2067
f 460 2074 2083
f 475 2128 2139
f 439 1966 1975
f 496 1988 1997
f 533 2222 2231
f 551 2293 2298
f 579 2185 2190
f 483 1879 1884
f 426 1893 1900
f 521 2271 2278
f 566 2307 2314
f 489 2163 2170
f 578 2150 2159
f 560 2006 2015
f 518 2204 2213
f 429 1911 1918
f 547 2131 2136
f 465 1969 1977
f 441 1983 1990
f 504 2217 2224
f 537 2290 2301
f 550 2168 2177
f 476 2145 2152
f 444 2001 2008
f 502 2199 2206
f 526 1916 1925
f 481 1808 1817
f 420 1789 1797
f 510 1825 1833
f 555 1843 1851
f 571 1862 1871
f 540 1933 1941
f 473 2110 2119
f 447 2020 2029
f 507 2236 2247
f 534 2257 2262
f 469 2042 2051
f 435 1947 1954
f 498 2059 2064
f 529 2077 2085
f 545 2096 2105
f 487 2113 2121
f 574 2023 2031
f 562 2239 2244
f 520 2254 2265
f 432 1930 1939
f 589 1818 1814
f 583 1798 1793
f 586 1834 1829
f 593 1852 1847
f 596 1872 1868
f 599 1942 1937
f 633 2120 2124
f 620 2030 2034
f 640 2248 2250
f 603 2263 2261
f 622 2052 2050
f 607 1955 1960
f 612 2065 2063
f 626 2086 2081
f 629 2106 2102
f 631 2122 2117
f 614 2032 2027
f 618 2245 2243
f 641 2266 2268
f 605 1940 1944
f 409 1813 1804
f 405 1792 1785
f 411 1828 1821
f 414 1846 1839
f 417 1867 1858
f 431 1936 1929
f 488 2123 2114
f 575 2033 2024
f 563 2249 2240
f 519 2260 2253
f 454 2049 2038
f 450 1959 1951
f 456 2062 2055
f 459 2080 2073
f 462 2101 2092
f 472 2116 2109
f 446 2026 2019
f 506 2242 2235
f 535 2267 2258
f 541 1943 1934
f 570 1869 1861
f 480 1815 1807
f 421 1799 1790
f 511 1835 1826
f 556 1853 1844
f 484 1889 1880
f 580 2195 2186
f 567 2319 2308
f 522 2283 2272
f 427 1905 1894
f 544 2103 2095
f 468 2046 2041
f 436 1957 1948
f 499 2069 2060
f 530 2087 2078
f 548 2141 2132
f 466 1979 1970
f 442 1993 1984
f 505 2229 2218
f 536 2296 2289
f 491 2188 2181
f 423 1882 1875
f 513 1902 1897
f 564 2280 2275
f 581 2316 2311
f 549 2172 2167
f 477 2157 2146
f 445 2011 2002
f 503 2209 2200
f 525 1923 1915
f 474 2134 2127
f 438 1972 1965
f 495 1995 1987
f 532 2226 2221
f 552 2303 2294
f 490 2175 2164
f 577 2154 2149
f 559 2013 2005
f 517 2211 2203
f 430 1921 1912
f 590 1865 1870
f 584 1811 1816
f 585 1796 1800
f 592 1832 1836
f 595 1850 1854
f 598 1888 1890
f 636 2194 2196
f 621 2322 2320
f 642 2286 2284
f 601 1908 1906
f 623 2099 2104
f 611 2045 2047
f 609 1962 1958
f 625 2068 2070
f 628 2084 2088
f 632 2140 2142
f 613 1976 1980
f 616 1998 1994
f 638 2232 2230
f 606 2299 2297
f 407 2330 2329
f 403 2324 2323
f 404 2325 2326
f 410 2332 2333
f 413 2335 2336
f 422 2344 2345
f 486 2410 2409
f 573 2497 2496
f 561 2486 2485
f 512 2434 2435
f 452 2375 2374
f 448 2369 2368
f 449 2370 2371
f 455 2377 2378
f 458 2380 2381
f 470 2393 2392
f 437 2359 2360
f 494 2415 2416
f 531 2455 2456
f 539 2461 2460
f 568 2489 2488
f 478 2399 2398
f 419 2341 2340
f 509 2431 2430
f 554 2476 2475
f 482 2405 2404
f 576 2500 2501
f 558 2481 2482
f 516 2439 2440
f 425 2348 2347
f 542 2465 2464
f 463 2383 2384
f 434 2356 2355
f 497 2420 2419
f 528 2452 2451
f 546 2471 2470
f 464 2386 2385
f 440 2363 2362
f 500 2422 2423
f 524 2445 2446
f 479 2400 2401
f 418 2338 2339
f 508 2428 2429
f 553 2473 2474
f 569 2490 2491
f 538 2458 2459
f 471 2394 2395
f 443 2366 2365
f 501 2425 2424
f 523 2444 2443
f 467 2389 2390
f 433 2353 2354
f 493 2414 2413
f 527 2449 2450
f 543 2466 2467
f 485 2407 2408
f 572 2494 2495
f 557 2480 2479
f 515 2438 2437
f 428 2351 2350
f 591 2510 2511
f 587 2504 2505
f 588 2508 2507
f 594 2514 2513
f 597 2517 2516
f 600 2520 2519
f 634 2554 2556
f 619 2539 2540
f 639 2560 2561
f 602 2523 2521
f 624 2543 2544
f 608 2527 2529
f 610 2532 2530
f 627 2547 2546
f 630 2550 2549
f 635 2552 2553
f 615 2535 2534
f 617 2538 2536
f 637 2558 2557
f 604 2524 2525
f 167 1607 647
f 164 1603 644
f 163 1604 643
f 165 1610 645
f 166 1613 646
f 169 1622 649
f 192 1686 672
f 222 1773 702
f 216 1761 696
f 199 1712 679
f 182 1652 662
f 179 1648 659
f 178 1649 658
f 180 1655 660
f 181 1658 661
f 186 1670 666
f 174 1637 654
f 193 1694 673
f 205 1731 685
f 212 1739 692
f 221 1768 701
f 189 1678 669
f 170 1619 650
f 202 1709 682
f 217 1754 697
f 191 1682 671
f 220 1776 700
f 214 1758 694
f 200 1716 680
f 171 1625 651
f 210 1742 690
f 183 1663 663
f 175 1634 655
f 196 1697 676
f 207 1728 687
f 211 1746 691
f 187 1664 667
f 176 1640 656
f 195 1700 675
f 203 1724 683
f 188 1679 668
f 168 1618 648
f 198 1708 678
f 213 1753 693
f 218 1769 698
f 208 1738 688
f 185 1671 665
f 177 1643 657
f 197 1701 677
f 206 1723 686
f 184 1667 664
f 173 1633 653
f 194 1693 674
f 204 1727 684
f 209 1743 689
f 190 1685 670
f 219 1772 699
f 215 1757 695
f 201 1715 681
f 172 1628 652
f 357 2187 837
f 255 1881 735
f 262 1899 742
f 388 2277 868
f 400 2313 880
f 352 2169 832
f 347 2156 827
f 298 2010 778
f 364 2208 844
f 269 1917 749
f 339 2133 819
f 285 1971 765
f 293 1989 773
f 370 2223 850
f 396 2300 876
f 353 2174 833
f 346 2151 826
f 299 2007 779
f 365 2205 845
f 268 1920 748
f 249 1855 729
f 231 1801 711
f 226 1784 706
f 238 1820 718
f 244 1838 724
f 257 1874 737
f 359 2180 839
f 402 2310 882
f 390 2274 870
f 264 1896 744
f 327 2089 807
f 309 2035 789
f 282 1950 762
f 317 2054 797
f 322 2072 802
f 341 2126 821
f 286 1964 766
f 294 1986 774
f 372 2220 852
f 394 2291 874
f 358 2183 838
f 256 1877 736
f 261 1891 741
f 387 2269 867
f 399 2305 879
f 351 2161 831
f 348 2148 828
f 300 2004 780
f 366 2202 846
f 267 1909 747
f 340 2129 820
f 287 1967 767
f 291 1981 771
f 369 2215 849
f 395 2288 875
f 354 2166 834
f 345 2143 825
f 297 1999 777
f 363 2197 843
f 270 1914 750
f 234 1806 714
f 227 1787 707
f 239 1823 719
f 245 1841 725
f 252 1860 732
f 275 1931 755
f 334 2108 814
f 304 2018 784
f 377 2234 857
f 382 2255 862
f 312 2040 792
f 279 1945 759
f 316 2057 796
f 323 2075 803
f 330 2094 810
f 335 2111 815
f 305 2021 785
f 376 2237 856
f 383 2252 863
f 274 1928 754
f 232 1812 712
f 225 1791 705
f 237 1827 717
f 243 1845 723
f 250 1866 730
f 273 1935 753
f 336 2118 816
f 306 2028 786
f 378 2246 858
f 381 2259 861
f 311 2048 791
f 281 1953 761
f 315 2061 795
f 321 2079 801
f 328 2100 808
f 333 2115 813
f 303 2025 783
f 375 2241 855
f 384 2264 864
f 276 1938 756
f 229 1802 709
f 223 1783 703
f 235 1819 715
f 241 1837 721
f 247 1856 727
f 271 1927 751
f 332 2112 812
f 302 2022 782
f 374 2238 854
f 379 2251 859
f 307 2036 787
f 278 1949 758
f 313 2053 793
f 319 2071 799
f 325 2090 805
f 331 2107 811
f 301 2017 781
f 373 2233 853
f 380 2256 860
f 272 1932 752
f 248 1859 728
f 230 1805 710
f 224 1788 704
f 236 1824 716
f 242 1842 722
f 254 1878 734
f 356 2184 836
f 397 2306 877
f 385 2270 865
f 259 1892 739
f 326 2093 806
f 308 2039 788
f 277 1946 757
f 314 2058 794
f 320 2076 800
f 338 2130 818
f 284 1968 764
f 289 1982 769
f 367 2216 847
f 391 2287 871
f 355 2179 835
f 253 1873 733
f 260 1895 740
f 386 2273 866
f 398 2309 878
f 350 2165 830
f 343 2144 823
f 295 2000 775
f 361 2198 841
f 266 1913 746
f 337 2125 817
f 283 1963 763
f 290 1985 770
f 368 2219 848
f 392 2292 872
f 349 2162 829
f 344 2147 824
f 296 2003 776
f 362 2201 842
f 265 1910 745
f 251 1863 731
f 233 1809 713
f 228 1794 708
f 240 1830 720
f 246 1848 726
f 258 1886 738
f 360 2192 840
f 401 2318 881
f 389 2282 869
f 263 1904 743
f 329 2097 809
f 310 2043 790
f 280 1956 760
f 318 2066 798
f 324 2082 804
f 342 2138 822
f 288 1974 768
f 292 1992 772
f 371 2228 851
f 393 2295 873
f 409 2331 1269
f 405 2327 1245
f 411 2328 1252
f 414 2334 1288
f 417 2337 1306
f 431 2346 1336
f 488 2412 1551
f 575 2499 1473
f 563 2487 1599
f 519 2436 1354
f 454 2376 1479
f 450 2372 1401
f 456 2373 1408
f 459 2379 1492
f 462 2382 1504
f 472 2396 1533
f 446 2361 1414
f 506 2418 1444
f 535 2457 1594
f 541 2463 1383
f 570 2492 1323
f 480 2402 1275
f 421 2343 1263
f 511 2433 1299
f 556 2478 1317
f 484 2406 1341
f 580 2502 1564
f 567 2484 1462
f 522 2442 1588
f 427 2349 1347
f 544 2468 1521
f 468 2387 1420
f 436 2358 1395
f 499 2421 1497
f 530 2454 1515
f 548 2472 1557
f 466 2388 1425
f 442 2364 1431
f 505 2426 1570
f 536 2448 1372
f 491 2403 1282
f 423 2342 1258
f 513 2432 1294
f 564 2477 1312
f 581 2493 1330
f 549 2462 1378
f 477 2397 1540
f 445 2367 1449
f 503 2427 1575
f 525 2447 1365
f 474 2391 1486
f 438 2357 1390
f 495 2417 1437
f 532 2453 1510
f 552 2469 1528
f 490 2411 1546
f 577 2498 1468
f 559 2483 1455
f 517 2441 1581
f 430 2352 1359
f 590 2509 1272
f 584 2503 1248
f 585 2506 1253
f 592 2512 1289
f 595 2515 1307
f 598 2518 1337
f 636 2555 1554
f 621 2541 1476
f 642 2562 1602
f 601 2522 1355
f 623 2542 1482
f 611 2528 1404
f 609 2531 1409
f 625 2545 1493
f 628 2548 1505
f 632 2551 1536
f 613 2533 1415
f 616 2537 1445
f 638 2559 1595
f 606 2526 1386
f 407 1616 909
f 403 1608 891
f 404 1606 886
f 410 1612 898
f 413 1615 904
f 422 1624 922
f 486 1692 1060
f 573 1782 1240
f 561 1765 1204
f 512 1714 1102
f 452 1661 999
f 448 1653 981
f 449 1651 976
f 455 1657 988
f 458 1660 994
f 470 1675 1024
f 437 1639 952
f 494 1696 1066
f 531 1733 1138
f 539 1751 1179
f 568 1779 1233
f 478 1683 1041
f 419 1626 927
f 509 1721 1119
f 554 1766 1209
f 482 1689 1053
f 576 1778 1228
f 558 1760 1192
f 516 1718 1108
f 425 1629 933
f 542 1747 1167
f 463 1665 1005
f 434 1641 957
f 497 1704 1083
f 528 1737 1150
f 546 1750 1174
f 464 1676 1029
f 440 1644 963
f 500 1702 1077
f 524 1726 1126
f 479 1681 1036
f 418 1620 915
f 508 1710 1095
f 553 1755 1185
f 569 1771 1216
f 538 1740 1155
f 471 1673 1018
f 443 1647 970
f 501 1707 1090
f 523 1734 1143
f 467 1669 1012
f 433 1635 945
f 493 1698 1071
f 527 1729 1131
f 543 1745 1162
f 485 1687 1047
f 572 1774 1221
f 557 1762 1197
f 515 1720 1114
f 428 1632 940
f 591 2189 1284
f 587 1883 1260
f 588 1903 1296
f 594 2281 1314
f 597 2317 1332
f 600 2173 1380
f 634 2158 1542
f 619 2012 1451
f 639 2210 1577
f 602 1924 1367
f 624 2135 1488
f 608 1973 1392
f 610 1996 1439
f 627 2227 1512
f 630 2304 1530
f 635 2176 1548
f 615 2155 1470
f 617 2014 1457
f 637 2212 1583
f 604 1922 1361
f 416 1864 1270
f 408 1810 1246
f 406 1795 1251
f 412 1831 1287
f 415 1849 1305
f 424 1887 1335
f 492 2193 1552
f 582 2321 1474
f 565 2285 1600
f 514 1907 1353
f 461 2098 1480
f 453 2044 1402
f 451 1961 1407
f 457 2067 1491
f 460 2083 1503
f 475 2139 1534
f 439 1975 1413
f 496 1997 1443
f 533 2231 1593
f 551 2298 1384
f 579 2190 1324
f 483 1884 1276
f 426 1900 1264
f 521 2278 1300
f 566 2314 1318
f 489 2170 1342
f 578 2159 1563
f 560 2015 1461
f 518 2213 1587
f 429 1918 1348
f 547 2136 1522
f 465 1977 1419
f 441 1990 1396
f 504 2224 1498
f 537 2301 1516
f 550 2177 1558
f 476 2152 1426
f 444 2008 1432
f 502 2206 1569
f 526 1925 1371
f 481 1817 1281
f 420 1797 1257
f 510 1833 1293
f 555 1851 1311
f 571 1871 1329
f 540 1941 1377
f 473 2119 1539
f 447 2029 1450
f 507 2247 1576
f 534 2262 1366
f 469 2051 1485
f 435 1954 1389
f 498 2064 1438
f 529 2085 1509
f 545 2105 1527
f 487 2121 1545
f 574 2031 1467
f 562 2244 1456
f 520 2265 1582
f 432 1939 1360
f 589 1814 1271
f 583 1793 1247
f 586 1829 1254
f 593 1847 1290
f 596 1868 1308
f 599 1937 1338
f 633 2124 1553
f 620 2034 1475
f 640 2250 1601
f 603 2261 1356
f 622 2050 1481
f 607 1960 1403
f 612 2063 1410
f 626 2081 1494
f 629 2102 1506
f 631 2117 1535
f 614 2027 1416
f 618 2243 1446
f 641 2268 1596
f 605 1944 1385
f 409 1804 894
f 405 1785 887
f 411 1821 899
f 414 1839 905
f 417 1858 912
f 431 1929 941
f 488 2114 1050
f 575 2024 1224
f 563 2240 1200
f 519 2253 1115
f 454 2038 984
f 450 1951 977
f 456 2055 989
f 459 2073 995
f 462 2092 1002
f 472 2109 1019
f 446 2019 971
f 506 2235 1091
f 535 2258 1146
f 541 1934 1158
f 570 1861 1217
f 480 1807 1037
f 421 1790 918
f 511 1826 1098
f 556 1844 1188
f 484 1880 1044
f 580 2186 1236
f 567 2308 1212
f 522 2272 1122
f 427 1894 930
f 544 2095 1163
f 468 2041 1013
f 436 1948 948
f 499 2060 1074
f 530 2078 1134
f 548 2132 1170
f 466 1970 1008
f 442 1984 960
f 505 2218 1086
f 536 2289 1151
f 491 2181 1061
f 423 1875 923
f 513 1897 1103
f 564 2275 1205
f 581 2311 1241
f 549 2167 1175
f 477 2146 1032
f 445 2002 966
f 503 2200 1080
f 525 1915 1127
f 474 2127 1025
f 438 1965 953
f 495 1987 1067
f 532 2221 1139
f 552 2294 1182
f 490 2164 1056
f 577 2149 1229
f 559 2005 1193
f 517 2203 1109
f 430 1912 936
f 590 1870 1325
f 584 1816 1277
f 585 1800 1265
f 592 1836 1301
f 595 1854 1319
f 598 1890 1343
f 636 2196 1566
f 621 2320 1464
f 642 2284 1590
f 601 1906 1349
f 623 2104 1523
f 611 2047 1422
f 609 1958 1397
f 625 2070 1499
f 628 2088 1517
f 632 2142 1559
f 613 1980 1427
f 616 1994 1433
f 638 2230 1572
f 606 2297 1374
f 407 2329 892
f 403 2323 885
f 404 2326 897
f 410 2333 903
f 413 2336 910
f 422 2345 939
f 486 2409 1048
f 573 2496 1222
f 561 2485 1198
f 512 2435 1113
f 452 2374 982
f 448 2368 975
f 449 2371 987
f 455 2378 993
f 458 2381 1000
f 470 2392 1017
f 437 2360 969
f 494 2416 1089
f 531 2456 1144
f 539 2460 1156
f 568 2488 1215
f 478 2398 1035
f 419 2340 916
f 509 2430 1096
f 554 2475 1186
f 482 2404 1042
f 576 2501 1234
f 558 2482 1210
f 516 2440 1120
f 425 2347 928
f 542 2464 1161
f 463 2384 1011
f 434 2355 946
f 497 2419 1072
f 528 2451 1132
f 546 2470 1168
f 464 2385 1006
f 440 2362 958
f 500 2423 1084
f 524 2446 1149
f 479 2401 1059
f 418 2339 921
f 508 2429 1101
f 553 2474 1203
f 569 2491 1239
f 538 2459 1173
f 471 2395 1030
f 443 2365 964
f 501 2424 1078
f 523 2443 1125
f 467 2390 1023
f 433 2354 951
f 493 2413 1065
f 527 2450 1137
f 543 2467 1180
f 485 2408 1054
f 572 2495 1227
f 557 2479 1191
f 515 2437 1107
f 428 2350 934
f 591 2511 1326
f 587 2505 1278
f 588 2507 1266
f 594 2513 1302
f 597 2516 1320
f 600 2519 1344
f 634 2556 1565
f 619 2540 1463
f 639 2561 1589
f 602 2521 1350
f 624 2544 1524
f 608 2529 1421
f 610 2530 1398
f 627 2546 1500
f 630 2549 1518
f 635 2553 1560
f 615 2534 1428
f 617 2536 1434
f 637 2557 1571
f 604 2525 1373
f 164 1609 889
f 163 1605 883
f 165 1611 895
f 166 1614 901
f 167 1617 907
f 172 1631 937
f 190 1688 1045
f 219 1775 1219
f 215 1763 1195
f 201 1719 1111
f 179 1654 979
f 178 1650 973
f 180 1656 985
f 181 1659 991
f 182 1662 997
f 185 1672 1015
f 177 1646 967
f 197 1706 1087
f 206 1735 1141
f 208 1741 1153
f 218 1770 1213
f 188 1680 1033
f 168 1621 913
f 198 1711 1093
f 213 1756 1183
f 189 1684 1039
f 221 1780 1231
f 217 1767 1207
f 202 1722 1117
f 170 1627 925
f 209 1744 1159
f 184 1668 1009
f 173 1636 943
f 194 1699 1069
f 204 1730 1129
f 210 1748 1165
f 183 1666 1003
f 175 1642 955
f 196 1705 1081
f 207 1736 1147
f 192 1691 1057
f 169 1623 919
f 199 1713 1099
f 216 1764 1201
f 222 1781 1237
f 211 1749 1171
f 187 1677 1027
f 176 1645 961
f 195 1703 1075
f 203 1725 1123
f 186 1674 1021
f 174 1638 949
f 193 1695 1063
f 205 1732 1135
f 212 1752 1177
f 191 1690 1051
f 220 1777 1225
f 214 1759 1189
f 200 1717 1105
f 171 1630 931
f 358 2191 1322
f 256 1885 1274
f 261 1901 1262
f 387 2279 1298
f 399 2315 1316
f 351 2171 1340
f 348 2160 1561
f 300 2016 1459
f 366 2214 1585
f 267 1919 1346
f 340 2137 1520
f 287 1978 1417
f 291 1991 1394
f 369 2225 1496
f 395 2302 1514
f 354 2178 1556
f 345 2153 1424
f 297 2009 1430
f 363 2207 1567
f 270 1926 1369
f 247 1857 908
f 229 1803 890
f 223 1786 884
f 235 1822 896
f 241 1840 902
f 253 1876 920
f 355 2182 1058
f 398 2312 1238
f 386 2276 1202
f 260 1898 1100
f 325 2091 998
f 307 2037 980
f 278 1952 974
f 313 2056 986
f 319 2074 992
f 337 2128 1022
f 283 1966 950
f 290 1988 1064
f 368 2222 1136
f 392 2293 1178
f 356 2185 1232
f 254 1879 1040
f 259 1893 926
f 385 2271 1118
f 397 2307 1208
f 349 2163 1052
f 344 2150 1226
f 296 2006 1190
f 362 2204 1106
f 265 1911 932
f 338 2131 1166
f 284 1969 1004
f 289 1983 956
f 367 2217 1082
f 391 2290 1148
f 350 2168 1172
f 343 2145 1028
f 295 2001 962
f 361 2199 1076
f 266 1916 1124
f 230 1808 1034
f 224 1789 914
f 236 1825 1094
f 242 1843 1184
f 248 1862 1214
f 272 1933 1154
f 331 2110 1016
f 301 2020 968
f 373 2236 1088
f 380 2257 1142
f 308 2042 1010
f 277 1947 944
f 314 2059 1070
f 320 2077 1130
f 326 2096 1160
f 332 2113 1046
f 302 2023 1220
f 374 2239 1196
f 379 2254 1112
f 271 1930 938
f 234 1818 1279
f 227 1798 1255
f 239 1834 1291
f 245 1852 1309
f 252 1872 1327
f 275 1942 1375
f 334 2120 1537
f 304 2030 1448
f 377 2248 1574
f 382 2263 1364
f 312 2052 1483
f 279 1955 1387
f 316 2065 1436
f 323 2086 1507
f 330 2106 1525
f 335 2122 1543
f 305 2032 1465
f 376 2245 1454
f 383 2266 1580
f 274 1940 1358
f 232 1813 1267
f 225 1792 1243
f 237 1828 1250
f 243 1846 1286
f 250 1867 1304
f 273 1936 1334
f 336 2123 1549
f 306 2033 1471
f 378 2249 1597
f 381 2260 1352
f 311 2049 1477
f 281 1959 1399
f 315 2062 1406
f 321 2080 1490
f 328 2101 1502
f 333 2116 1531
f 303 2026 1412
f 375 2242 1442
f 384 2267 1592
f 276 1943 1381
f 251 1869 1321
f 233 1815 1273
f 228 1799 1261
f 240 1835 1297
f 246 1853 1315
f 258 1889 1339
f 360 2195 1562
f 401 2319 1460
f 389 2283 1586
f 263 1905 1345
f 329 2103 1519
f 310 2046 1418
f 280 1957 1393
f 318 2069 1495
f 324 2087 1513
f 342 2141 1555
f 288 1979 1423
f 292 1993 1429
f 371 2229 1568
f 393 2296 1370
f 357 2188 1280
f 255 1882 1256
f 262 1902 1292
f 388 2280 1310
f 400 2316 1328
f 352 2172 1376
f 347 2157 1538
f 298 2011 1447
f 364 2209 1573
f 269 1923 1363
f 339 2134 1484
f 285 1972 1388
f 293 1995 1435
f 370 2226 1508
f 396 2303 1526
f 353 2175 1544
f 346 2154 1466
f 299 2013 1453
f 365 2211 1579
f 268 1921 1357
f 249 1865 1268
f 231 1811 1244
f 226 1796 1249
f 238 1832 1285
f 244 1850 1303
f 257 1888 1333
f 359 2194 1550
f 402 2322 1472
f 390 2286 1598
f 264 1908 1351
f 327 2099 1478
f 309 2045 1400
f 282 1962 1405
f 317 2068 1489
f 322 2084 1501
f 341 2140 1532
f 286 1976 1411
f 294 1998 1441
f 372 2232 1591
f 394 2299 1382
f 416 2330 911
f 408 2324 893
f 406 2325 888
f 412 2332 900
f 415 2335 906
f 424 2344 924
f 492 2410 1062
f 582 2497 1242
f 565 2486 1206
f 514 2434 1104
f 461 2375 1001
f 453 2369 983
f 451 2370 978
f 457 2377 990
f 460 2380 996
f 475 2393 1026
f 439 2359 954
f 496 2415 1068
f 533 2455 1140
f 551 2461 1181
f 579 2489 1235
f 483 2399 1043
f 426 2341 929
f 521 2431 1121
f 566 2476 1211
f 489 2405 1055
f 578 2500 1230
f 560 2481 1194
f 518 2439 1110
f 429 2348 935
f 547 2465 1169
f 465 2383 1007
f 441 2356 959
f 504 2420 1085
f 537 2452 1152
f 550 2471 1176
f 476 2386 1031
f 444 2363 965
f 502 2422 1079
f 526 2445 1128
f 481 2400 1038
f 420 2338 917
f 510 2428 1097
f 555 2473 1187
f 571 2490 1218
f 540 2458 1157
f 473 2394 1020
f 447 2366 972
f 507 2425 1092
f 534 2444 1145
f 469 2389 1014
f 435 2353 947
f 498 2414 1073
f 529 2449 1133
f 545 2466 1164
f 487 2407 1049
f 574 2494 1223
f 562 2480 1199
f 520 2438 1116
f 432 2351 942
f 589 2510 1283
f 583 2504 1259
f 586 2508 1295
f 593 2514 1313
f 596 2517 1331
f 599 2520 1379
f 633 2554 1541
f 620 2539 1452
f 640 2560 1578
f 603 2523 1368
f 622 2543 1487
f 607 2527 1391
f 612 2532 1440
f 626 2547 1511
f 629 2550 1529
f 631 2552 1547
f 614 2535 1469
f 618 2538 1458
f 641 2558 1584
f 605 2524 1362
f 164 1607 1609
f 163 1603 1605
f 165 1604 1611
f 166 1610 1614
f 167 1613 1617
f 172 1622 1631
f 190 1686 1688
f 219 1773 1775
f 215 1761 1763
f 201 1712 1719
f 179 1652 1654
f 178 1648 1650
f 180 1649 1656
f 181 1655 1659
f 182 1658 1662
f 185 1670 1672
f 177 1637 1646
f 197 1694 1706
f 206 1731 1735
f 208 1739 1741
f 218 1768 1770
f 188 1678 1680
f 168 1619 1621
f 198 1709 1711
f 213 1754 1756
f 189 1682 1684
f 221 1776 1780
f 217 1758 1767
f 202 1716 1722
f 170 1625 1627
f 209 1742 1744
f 184 1663 1668
f 173 1634 1636
f 194 1697 1699
f 204 1728 1730
f 210 1746 1748
f 183 1664 1666
f 175 1640 1642
f 196 1700 1705
f 207 1724 1736
f 192 1679 1691
f 169 1618 1623
f 199 1708 1713
f 216 1753 1764
f 222 1769 1781
f 211 1738 1749
f 187 1671 1677
f 176 1643 1645
f 195 1701 1703
f 203 1723 1725
f 186 1667 1674
f 174 1633 1638
f 193 1693 1695
f 205 1727 1732
f 212 1743 1752
f 191 1685 1690
f 220 1772 1777
f 214 1757 1759
f 200 1715 1717
f 171 1628 1630
f 358 2187 2191
f 256 1881 1885
f 261 1899 1901
f 387 2277 2279
f 399 2313 2315
f 351 2169 2171
f 348 2156 2160
f 300 2010 2016
f 366 2208 2214
f 267 1917 1919
f 340 2133 2137
f 287 1971 1978
f 291 1989 1991
f 369 2223 2225
f 395 2300 2302
f 354 2174 2178
f 345 2151 2153
f 297 2007 2009
f 363 2205 2207
f 270 1920 1926
f 247 1855 1857
f 229 1801 1803
f 223 1784 1786
f 235 1820 1822
f 241 1838 1840
f 253 1874 1876
f 355 2180 2182
f 398 2310 2312
f 386 2274 2276
f 260 1896 1898
f 325 2089 2091
f 307 2035 2037
f 278 1950 1952
f 313 2054 2056
f 319 2072 2074
f 337 2126 2128
f 283 1964 1966
f 290 1986 1988
f 368 2220 2222
f 392 2291 2293
f 356 2183 2185
f 254 1877 1879
f 259 1891 1893
f 385 2269 2271
f 397 2305 2307
f 349 2161 2163
f 344 2148 2150
f 296 2004 2006
f 362 2202 2204
f 265 1909 1911
f 338 2129 2131
f 284 1967 1969
f 289 1981 1983
f 367 2215 2217
f 391 2288 2290
f 350 2166 2168
f 343 2143 2145
f 295 1999 2001
f 361 2197 2199
f 266 1914 1916
f 230 1806 1808
f 224 1787 1789
f 236 1823 1825
f 242 1841 1843
f 248 1860 1862
f 272 1931 1933
f 331 2108 2110
f 301 2018 2020
f 373 2234 2236
f 380 2255 2257
f 308 2040 2042
f 277 1945 1947
f 314 2057 2059
f 320 2075 2077
f 326 2094 2096
f 332 2111 2113
f 302 2021 2023
f 374 2237 2239
f 379 2252 2254
f 271 1928 1930
f 234 1812 1818
f 227 1791 1798
f 239 1827 1834
f 245 1845 1852
f 252 1866 1872
f 275 1935 1942
f 334 2118 2120
f 304 2028 2030
f 377 2246 2248
f 382 2259 2263
f 312 2048 2052
f 279 1953 1955
f 316 2061 2065
f 323 2079 2086
f 330 2100 2106
f 335 2115 2122
f 305 2025 2032
f 376 2241 2245
f 383 2264 2266
f 274 1938 1940
f 232 1802 1813
f 225 1783 1792
f 237 1819 1828
f 243 1837 1846
f 250 1856 1867
f 273 1927 1936
f 336 2112 2123
f 306 2022 2033
f 378 2238 2249
f 381 2251 2260
f 311 2036 2049
f 281 1949 1959
f 315 2053 2062
f 321 2071 2080
f 328 2090 2101
f 333 2107 2116
f 303 2017 2026
f 375 2233 2242
f 384 2256 2267
f 276 1932 1943
f 251 1859 1869
f 233 1805 1815
f 228 1788 1799
f 240 1824 1835
f 246 1842 1853
f 258 1878 1889
f 360 2184 2195
f 401 2306 2319
f 389 2270 2283
f 263 1892 1905
f 329 2093 2103
f 310 2039 2046
f 280 1946 1957
f 318 2058 2069
f 324 2076 2087
f 342 2130 2141
f 288 1968 1979
f 292 1982 1993
f 371 2216 2229
f 393 2287 2296
f 357 2179 2188
f 255 1873 1882
f 262 1895 1902
f 388 2273 2280
f 400 2309 2316
f 352 2165 2172
f 347 2144 2157
f 298 2000 2011
f 364 2198 2209
f 269 1913 1923
f 339 2125 2134
f 285 1963 1972
f 293 1985 1995
f 370 2219 2226
f 396 2292 2303
f 353 2162 2175
f 346 2147 2154
f 299 2003 2013
f 365 2201 2211
f 268 1910 1921
f 249 1863 1865
f 231 1809 1811
f 226 1794 1796
f 238 1830 1832
f 244 1848 1850
f 257 1886 1888
f 359 2192 2194
f 402 2318 2322
f 390 2282 2286
f 264 1904 1908
f 327 2097 2099
f 309 2043 2045
f 282 1956 1962
f 317 2066 2068
f 322 2082 2084
f 341 2138 2140
f 286 1974 1976
f 294 1992 1998
f 372 2228 2232
f 394 2295 2299
f 416 2331 2330
f 408 2327 2324
f 406 2328 2325
f 412 2334 2332
f 415 2337 2335
f 424 2346 2344
f 492 2412 2410
f 582 2499 2497
f 565 2487 2486
f 514 2436 2434
f 461 2376 2375
f 453 2372 2369
f 451 2373 2370
f 457 2379 2377
f 460 2382 2380
f 475 2396 2393
f 439 2361 2359
f 496 2418 2415
f 533 2457 2455
f 551 2463 2461
f 579 2492 2489
f 483 2402 2399
f 426 2343 2341
f 521 2433 2431
f 566 2478 2476
f 489 2406 2405
f 578 2502 2500
f 560 2484 2481
f 518 2442 2439
f 429 2349 2348
f 547 2468 2465
f 465 2387 2383
f 441 2358 2356
f 504 2421 2420
f 537 2454 2452
f 550 2472 2471
f 476 2388 2386
f 444 2364 2363
f 502 2426 2422
f 526 2448 2445
f 481 2403 2400
f 420 2342 2338
f 510 2432 2428
f 555 2477 2473
f 571 2493 2490
f 540 2462 2458
f 473 2397 2394
f 447 2367 2366
f 507 2427 2425
f 534 2447 2444
f 469 2391 2389
f 435 2357 2353
f 498 2417 2414
f 529 2453 2449
f 545 2469 2466
f 487 2411 2407
f 574 2498 2494
f 562 2483 2480
f 520 2441 2438
f 432 2352 2351
f 589 2509 2510
f 583 2503 2504
f 586 2506 2508
f 593 2512 2514
f 596 2515 2517
f 599 2518 2520
f 633 2555 2554
f 620 2541 2539
f 640 2562 2560
f 603 2522 2523
f 622 2542 2543
f 607 2528 2527
f 612 2531 2532
f 626 2545 2547
f 629 2548 2550
f 631 2551 2552
f 614 2533 2535
f 618 2537 2538
f 641 2559 2558
f 605 2526 2524
f 164 644 1607
f 163 643 1603
f 165 645 1604
f 166 646 1610
f 167 647 1613
f 172 652 1622
f 190 670 1686
f 219 699 1773
f 215 695 1761
f 201 681 1712
f 179 659 1652
f 178 658 1648
f 180 660 1649
f 181 661 1655
f 182 662 1658
f 185 665 1670
f 177 657 1637
f 197 677 1694
f 206 686 1731
f 208 688 1739
f 218 698 1768
f 188 668 1678
f 168 648 1619
f 198 678 1709
f 213 693 1754
f 189 669 1682
f 221 701 1776
f 217 697 1758
f 202 682 1716
f 170 650 1625
f 209 689 1742
f 184 664 1663
f 173 653 1634
f 194 674 1697
f 204 684 1728
f 210 690 1746
f 183 663 1664
f 175 655 1640
f 196 676 1700
f 207 687 1724
f 192 672 1679
f 169 649 1618
f 199 679 1708
f 216 696 1753
f 222 702 1769
f 211 691 1738
f 187 667 1671
f 176 656 1643
f 195 675 1701
f 203 683 1723
f 186 666 1667
f 174 654 1633
f 193 673 1693
f 205 685 1727
f 212 692 1743
f 191 671 1685
f 220 700 1772
f 214 694 1757
f 200 680 1715
f 171 651 1628
f 358 838 2187
f 256 736 1881
f 261 741 1899
f 387 867 2277
f 399 879 2313
f 351 831 2169
f 348 828 2156
f 300 780 2010
f 366 846 2208
f 267 747 1917
f 340 820 2133
f 287 767 1971
f 291 771 1989
f 369 849 2223
f 395 875 2300
f 354 834 2174
f 345 825 2151
f 297 777 2007
f 363 843 2205
f 270 750 1920
f 247 727 1855
f 229 709 1801
f 223 703 1784
f 235 715 1820
f 241 721 1838
f 253 733 1874
f 355 835 2180
f 398 878 2310
f 386 866 2274
f 260 740 1896
f 325 805 2089
f 307 787 2035
f 278 758 1950
f 313 793 2054
f 319 799 2072
f 337 817 2126
f 283 763 1964
f 290 770 1986
f 368 848 2220
f 392 872 2291
f 356 836 2183
f 254 734 1877
f 259 739 1891
f 385 865 2269
f 397 877 2305
f 349 829 2161
f 344 824 2148
f 296 776 2004
f 362 842 2202
f 265 745 1909
f 338 818 2129
f 284 764 1967
f 289 769 1981
f 367 847 2215
f 391 871 2288
f 350 830 2166
f 343 823 2143
f 295 775 1999
f 361 841 2197
f 266 746 1914
f 230 710 1806
f 224 704 1787
f 236 716 1823
f 242 722 1841
f 248 728 1860
f 272 752 1931
f 331 811 2108
f 301 781 2018
f 373 853 2234
f 380 860 2255
f 308 788 2040
f 277 757 1945
f 314 794 2057
f 320 800 2075
f 326 806 2094
f 332 812 2111
f 302 782 2021
f 374 854 2237
f 379 859 2252
f 271 751 1928
f 234 714 1812
f 227 707 1791
f 239 719 1827
f 245 725 1845
f 252 732 1866
f 275 755 1935
f 334 814 2118
f 304 784 2028
f 377 857 2246
f 382 862 2259
f 312 792 2048
f 279 759 1953
f 316 796 2061
f 323 803 2079
f 330 810 2100
f 335 815 2115
f 305 785 2025
f 376 856 2241
f 383 863 2264
f 274 754 1938
f 232 712 1802
f 225 705 1783
f 237 717 1819
f 243 723 1837
f 250 730 1856
f 273 753 1927
f 336 816 2112
f 306 786 2022
f 378 858 2238
f 381 861 2251
f 311 791 2036
f 281 761 1949
f 315 795 2053
f 321 801 2071
f 328 808 2090
f 333 813 2107
f 303 783 2017
f 375 855 2233
f 384 864 2256
f 276 756 1932
f 251 731 1859
f 233 713 1805
f 228 708 1788
f 240 720 1824
f 246 726 1842
f 258 738 1878
f 360 840 2184
f 401 881 2306
f 389 869 2270
f 263 743 1892
f 329 809 2093
f 310 790 2039
f 280 760 1946
f 318 798 2058
f 324 804 2076
f 342 822 2130
f 288 768 1968
f 292 772 1982
f 371 851 2216
f 393 873 2287
f 357 837 2179
f 255 735 1873
f 262 742 1895
f 388 868 2273
f 400 880 2309
f 352 832 2165
f 347 827 2144
f 298 778 2000
f 364 844 2198
f 269 749 1913
f 339 819 2125
f 285 765 1963
f 293 773 1985
f 370 850 2219
f 396 876 2292
f 353 833 2162
f 346 826 2147
f 299 779 2003
f 365 845 2201
f 268 748 1910
f 249 729 1863
f 231 711 1809
f 226 706 1794
f 238 718 1830
f 244 724 1848
f 257 737 1886
f 359 839 2192
f 402 882 2318
f 390 870 2282
f 264 744 1904
f 327 807 2097
f 309 789 2043
f 282 762 1956
f 317 797 2066
f 322 802 2082
f 341 821 2138
f 286 766 1974
f 294 774 1992
f 372 852 2228
f 394 874 2295
f 416 1270 2331
f 408 1246 2327
f 406 1251 2328
f 412 1287 2334
f 415 1305 2337
f 424 1335 2346
f 492 1552 2412
f 582 1474 2499
f 565 1600 2487
f 514 1353 2436
f 461 1480 2376
f 453 1402 2372
f 451 1407 2373
f 457 1491 2379
f 460 1503 2382
f 475 1534 2396
f 439 1413 2361
f 496 1443 2418
f 533 1593 2457
f 551 1384 2463
f 579 1324 2492
f 483 1276 2402
f 426 1264 2343
f 521 1300 2433
f 566 1318 2478
f 489 1342 2406
f 578 1563 2502
f 560 1461 2484
f 518 1587 2442
f 429 1348 2349
f 547 1522 2468
f 465 1419 2387
f 441 1396 2358
f 504 1498 2421
f 537 1516 2454
f 550 1558 2472
f 476 1426 2388
f 444 1432 2364
f 502 1569 2426
f 526 1371 2448
f 481 1281 2403
f 420 1257 2342
f 510 1293 2432
f 555 1311 2477
f 571 1329 2493
f 540 1377 2462
f 473 1539 2397
f 447 1450 2367
f 507 1576 2427
f 534 1366 2447
f 469 1485 2391
f 435 1389 2357
f 498 1438 2417
f 529 1509 2453
f 545 1527 2469
f 487 1545 2411
f 574 1467 2498
f 562 1456 2483
f 520 1582 2441
f 432 1360 2352
f 589 1271 2509
f 583 1247 2503
f 586 1254 2506
f 593 1290 2512
f 596 1308 2515
f 599 1338 2518
f 633 1553 2555
f 620 1475 2541
f 640 1601 2562
f 603 1356 2522
f 622 1481 2542
f 607 1403 2528
f 612 1410 2531
f 626 1494 2545
f 629 1506 2548
f 631 1535 2551
f 614 1416 2533
f 618 1446 2537
f 641 1596 2559
f 605 1385 2526
f 167 907 1616
f 164 889 1608
f 163 883 1606
f 165 895 1612
f 166 901 1615
f 169 919 1624
f 192 1057 1692
f 222 1237 1782
f 216 1201 1765
f 199 1099 1714
f 182 997 1661
f 179 979 1653
f 178 973 1651
f 180 985 1657
f 181 991 1660
f 186 1021 1675
f 174 949 1639
f 193 1063 1696
f 205 1135 1733
f 212 1177 1751
f 221 1231 1779
f 189 1039 1683
f 170 925 1626
f 202 1117 1721
f 217 1207 1766
f 191 1051 1689
f 220 1225 1778
f 214 1189 1760
f 200 1105 1718
f 171 931 1629
f 210 1165 1747
f 183 1003 1665
f 175 955 1641
f 196 1081 1704
f 207 1147 1737
f 211 1171 1750
f 187 1027 1676
f 176 961 1644
f 195 1075 1702
f 203 1123 1726
f 188 1033 1681
f 168 913 1620
f 198 1093 1710
f 213 1183 1755
f 218 1213 1771
f 208 1153 1740
f 185 1015 1673
f 177 967 1647
f 197 1087 1707
f 206 1141 1734
f 184 1009 1669
f 173 943 1635
f 194 1069 1698
f 204 1129 1729
f 209 1159 1745
f 190 1045 1687
f 219 1219 1774
f 215 1195 1762
f 201 1111 1720
f 172 937 1632
f 357 1280 2189
f 255 1256 1883
f 262 1292 1903
f 388 1310 2281
f 400 1328 2317
f 352 1376 2173
f 347 1538 2158
f 298 1447 2012
f 364 1573 2210
f 269 1363 1924
f 339 1484 2135
f 285 1388 1973
f 293 1435 1996
f 370 1508 2227
f 396 1526 2304
f 353 1544 2176
f 346 1466 2155
f 299 1453 2014
f 365 1579 2212
f 268 1357 1922
f 249 1268 1864
f 231 1244 1810
f 226 1249 1795
f 238 1285 1831
f 244 1303 1849
f 257 1333 1887
f 359 1550 2193
f 402 1472 2321
f 390 1598 2285
f 264 1351 1907
f 327 1478 2098
f 309 1400 2044
f 282 1405 1961
f 317 1489 2067
f 322 1501 2083
f 341 1532 2139
f 286 1411 1975
f 294 1441 1997
f 372 1591 2231
f 394 1382 2298
f 358 1322 2190
f 256 1274 1884
f 261 1262 1900
f 387 1298 2278
f 399 1316 2314
f 351 1340 2170
f 348 1561 2159
f 300 1459 2015
f 366 1585 2213
f 267 1346 1918
f 340 1520 2136
f 287 1417 1977
f 291 1394 1990
f 369 1496 2224
f 395 1514 2301
f 354 1556 2177
f 345 1424 2152
f 297 1430 2008
f 363 1567 2206
f 270 1369 1925
f 234 1279 1817
f 227 1255 1797
f 239 1291 1833
f 245 1309 1851
f 252 1327 1871
f 275 1375 1941
f 334 1537 2119
f 304 1448 2029
f 377 1574 2247
f 382 1364 2262
f 312 1483 2051
f 279 1387 1954
f 316 1436 2064
f 323 1507 2085
f 330 1525 2105
f 335 1543 2121
f 305 1465 2031
f 376 1454 2244
f 383 1580 2265
f 274 1358 1939
f 232 1267 1814
f 225 1243 1793
f 237 1250 1829
f 243 1286 1847
f 250 1304 1868
f 273 1334 1937
f 336 1549 2124
f 306 1471 2034
f 378 1597 2250
f 381 1352 2261
f 311 1477 2050
f 281 1399 1960
f 315 1406 2063
f 321 1490 2081
f 328 1502 2102
f 333 1531 2117
f 303 1412 2027
f 375 1442 2243
f 384 1592 2268
f 276 1381 1944
f 229 890 1804
f 223 884 1785
f 235 896 1821
f 241 902 1839
f 247 908 1858
f 271 938 1929
f 332 1046 2114
f 302 1220 2024
f 374 1196 2240
f 379 1112 2253
f 307 980 2038
f 278 974 1951
f 313 986 2055
f 319 992 2073
f 325 998 2092
f 331 1016 2109
f 301 968 2019
f 373 1088 2235
f 380 1142 2258
f 272 1154 1934
f 248 1214 1861
f 230 1034 1807
f 224 914 1790
f 236 1094 1826
f 242 1184 1844
f 254 1040 1880
f 356 1232 2186
f 397 1208 2308
f 385 1118 2272
f 259 926 1894
f 326 1160 2095
f 308 1010 2041
f 277 944 1948
f 314 1070 2060
f 320 1130 2078
f 338 1166 2132
f 284 1004 1970
f 289 956 1984
f 367 1082 2218
f 391 1148 2289
f 355 1058 2181
f 253 920 1875
f 260 1100 1897
f 386 1202 2275
f 398 1238 2311
f 350 1172 2167
f 343 1028 2146
f 295 962 2002
f 361 1076 2200
f 266 1124 1915
f 337 1022 2127
f 283 950 1965
f 290 1064 1987
f 368 1136 2221
f 392 1178 2294
f 349 1052 2164
f 344 1226 2149
f 296 1190 2005
f 362 1106 2203
f 265 932 1912
f 251 1321 1870
f 233 1273 1816
f 228 1261 1800
f 240 1297 1836
f 246 1315 1854
f 258 1339 1890
f 360 1562 2196
f 401 1460 2320
f 389 1586 2284
f 263 1345 1906
f 329 1519 2104
f 310 1418 2047
f 280 1393 1958
f 318 1495 2070
f 324 1513 2088
f 342 1555 2142
f 288 1423 1980
f 292 1429 1994
f 371 1568 2230
f 393 1370 2297
f 409 894 2329
f 405 887 2323
f 411 899 2326
f 414 905 2333
f 417 912 2336
f 431 941 2345
f 488 1050 2409
f 575 1224 2496
f 563 1200 2485
f 519 1115 2435
f 454 984 2374
f 450 977 2368
f 456 989 2371
f 459 995 2378
f 462 1002 2381
f 472 1019 2392
f 446 971 2360
f 506 1091 2416
f 535 1146 2456
f 541 1158 2460
f 570 1217 2488
f 480 1037 2398
f 421 918 2340
f 511 1098 2430
f 556 1188 2475
f 484 1044 2404
f 580 1236 2501
f 567 1212 2482
f 522 1122 2440
f 427 930 2347
f 544 1163 2464
f 468 1013 2384
f 436 948 2355
f 499 1074 2419
f 530 1134 2451
f 548 1170 2470
f 466 1008 2385
f 442 960 2362
f 505 1086 2423
f 536 1151 2446
f 491 1061 2401
f 423 923 2339
f 513 1103 2429
f 564 1205 2474
f 581 1241 2491
f 549 1175 2459
f 477 1032 2395
f 445 966 2365
f 503 1080 2424
f 525 1127 2443
f 474 1025 2390
f 438 953 2354
f 495 1067 2413
f 532 1139 2450
f 552 1182 2467
f 490 1056 2408
f 577 1229 2495
f 559 1193 2479
f 517 1109 2437
f 430 936 2350
f 590 1325 2511
f 584 1277 2505
f 585 1265 2507
f 592 1301 2513
f 595 1319 2516
f 598 1343 2519
f 636 1566 2556
f 621 1464 2540
f 642 1590 2561
f 601 1349 2521
f 623 1523 2544
f 611 1422 2529
f 609 1397 2530
f 625 1499 2546
f 628 1517 2549
f 632 1559 2553
f 613 1427 2534
f 616 1433 2536
f 638 1572 2557
f 606 1374 2525
f 407 892 1609
f 403 885 1605
f 404 897 1611
f 410 903 1614
f 413 910 1617
f 422 939 1631
f 486 1048 1688
f 573 1222 1775
f 561 1198 1763
f 512 1113 1719
f 452 982 1654
f 448 975 1650
f 449 987 1656
f 455 993 1659
f 458 1000 1662
f 470 1017 1672
f 437 969 1646
f 494 1089 1706
f 531 1144 1735
f 539 1156 1741
f 568 1215 1770
f 478 1035 1680
f 419 916 1621
f 509 1096 1711
f 554 1186 1756
f 482 1042 1684
f 576 1234 1780
f 558 1210 1767
f 516 1120 1722
f 425 928 1627
f 542 1161 1744
f 463 1011 1668
f 434 946 1636
f 497 1072 1699
f 528 1132 1730
f 546 1168 1748
f 464 1006 1666
f 440 958 1642
f 500 1084 1705
f 524 1149 1736
f 479 1059 1691
f 418 921 1623
f 508 1101 1713
f 553 1203 1764
f 569 1239 1781
f 538 1173 1749
f 471 1030 1677
f 443 964 1645
f 501 1078 1703
f 523 1125 1725
f 467 1023 1674
f 433 951 1638
f 493 1065 1695
f 527 1137 1732
f 543 1180 1752
f 485 1054 1690
f 572 1227 1777
f 557 1191 1759
f 515 1107 1717
f 428 934 1630
f 591 1326 2191
f 587 1278 1885
f 588 1266 1901
f 594 1302 2279
f 597 1320 2315
f 600 1344 2171
f 634 1565 2160
f 619 1463 2016
f 639 1589 2214
f 602 1350 1919
f 624 1524 2137
f 608 1421 1978
f 610 1398 1991
f 627 1500 2225
f 630 1518 2302
f 635 1560 2178
f 615 1428 2153
f 617 1434 2009
f 637 1571 2207
f 604 1373 1926
f 416 911 1857
f 408 893 1803
f 406 888 1786
f 412 900 1822
f 415 906 1840
f 424 924 1876
f 492 1062 2182
f 582 1242 2312
f 565 1206 2276
f 514 1104 1898
f 461 1001 2091
f 453 983 2037
f 451 978 1952
f 457 990 2056
f 460 996 2074
f 475 1026 2128
f 439 954 1966
f 496 1068 1988
f 533 1140 2222
f 551 1181 2293
f 579 1235 2185
f 483 1043 1879
f 426 929 1893
f 521 1121 2271
f 566 1211 2307
f 489 1055 2163
f 578 1230 2150
f 560 1194 2006
f 518 1110 2204
f 429 935 1911
f 547 1169 2131
f 465 1007 1969
f 441 959 1983
f 504 1085 2217
f 537 1152 2290
f 550 1176 2168
f 476 1031 2145
f 444 965 2001
f 502 1079 2199
f 526 1128 1916
f 481 1038 1808
f 420 917 1789
f 510 1097 1825
f 555 1187 1843
f 571 1218 1862
f 540 1157 1933
f 473 1020 2110
f 447 972 2020
f 507 1092 2236
f 534 1145 2257
f 469 1014 2042
f 435 947 1947
f 498 1073 2059
f 529 1133 2077
f 545 1164 2096
f 487 1049 2113
f 574 1223 2023
f 562 1199 2239
f 520 1116 2254
f 432 942 1930
f 589 1283 1818
f 583 1259 1798
f 586 1295 1834
f 593 1313 1852
f 596 1331 1872
f 599 1379 1942
f 633 1541 2120
f 620 1452 2030
f 640 1578 2248
f 603 1368 2263
f 622 1487 2052
f 607 1391 1955
f 612 1440 2065
f 626 1511 2086
f 629 1529 2106
f 631 1547 2122
f 614 1469 2032
f 618 1458 2245
f 641 1584 2266
f 605 1362 1940
f 409 1269 1813
f 405 1245 1792
f 411 1252 1828
f 414 1288 1846
f 417 1306 1867
f 431 1336 1936
f 488 1551 2123
f 575 1473 2033
f 563 1599 2249
f 519 1354 2260
f 454 1479 2049
f 450 1401 1959
f 456 1408 2062
f 459 1492 2080
f 462 1504 2101
f 472 1533 2116
f 446 1414 2026
f 506 1444 2242
f 535 1594 2267
f 541 1383 1943
f 570 1323 1869
f 480 1275 1815
f 421 1263 1799
f 511 1299 1835
f 556 1317 1853
f 484 1341 1889
f 580 1564 2195
f 567 1462 2319
f 522 1588 2283
f 427 1347 1905
f 544 1521 2103
f 468 1420 2046
f 436 1395 1957
f 499 1497 2069
f 530 1515 2087
f 548 1557 2141
f 466 1425 1979
f 442 1431 1993
f 505 1570 2229
f 536 1372 2296
f 491 1282 2188
f 423 1258 1882
f 513 1294 1902
f 564 1312 2280
f 581 1330 2316
f 549 1378 2172
f 477 1540 2157
f 445 1449 2011
f 503 1575 2209
f 525 1365 1923
f 474 1486 2134
f 438 1390 1972
f 495 1437 1995
f 532 1510 2226
f 552 1528 2303
f 490 1546 2175
f 577 1468 2154
f 559 1455 2013
f 517 1581 2211
f 430 1359 1921
f 590 1272 1865
f 584 1248 1811
f 585 1253 1796
f 592 1289 1832
f 595 1307 1850
f 598 1337 1888
f 636 1554 2194
f 621 1476 2322
f 642 1602 2286
f 601 1355 1908
f 623 1482 2099
f 611 1404 2045
f 609 1409 1962
f 625 1493 2068
f 628 1505 2084
f 632 1536 2140
f 613 1415 1976
f 616 1445 1998
f 638 1595 2232
f 606 1386 2299
f 407 909 2330
f 403 891 2324
f 404 886 2325
f 410 898 2332
f 413 904 2335
f 422 922 2344
f 486 1060 2410
f 573 1240 2497
f 561 1204 2486
f 512 1102 2434
f 452 999 2375
f 448 981 2369
f 449 976 2370
f 455 988 2377
f 458 994 2380
f 470 1024 2393
f 437 952 2359
f 494 1066 2415
f 531 1138 2455
f 539 1179 2461
f 568 1233 2489
f 478 1041 2399
f 419 927 2341
f 509 1119 2431
f 554 1209 2476
f 482 1053 2405
f 576 1228 2500
f 558 1192 2481
f 516 1108 2439
f 425 933 2348
f 542 1167 2465
f 463 1005 2383
f 434 957 2356
f 497 1083 2420
f 528 1150 2452
f 546 1174 2471
f 464 1029 2386
f 440 963 2363
f 500 1077 2422
f 524 1126 2445
f 479 1036 2400
f 418 915 2338
f 508 1095 2428
f 553 1185 2473
f 569 1216 2490
f 538 1155 2458
f 471 1018 2394
f 443 970 2366
f 501 1090 2425
f 523 1143 2444
f 467 1012 2389
f 433 945 2353
f 493 1071 2414
f 527 1131 2449
f 543 1162 2466
f 485 1047 2407
f 572 1221 2494
f 557 1197 2480
f 515 1114 2438
f 428 940 2351
f 591 1284 2510
f 587 1260 2504
f 588 1296 2508
f 594 1314 2514
f 597 1332 2517
f 600 1380 2520
f 634 1542 2554
f 619 1451 2539
f 639 1577 2560
f 602 1367 2523
f 624 1488 2543
f 608 1392 2527
f 610 1439 2532
f 627 1512 2547
f 630 1530 2550
f 635 1548 2552
f 615 1470 2535
f 617 1457 2538
f 637 1583 2558
f 604 1361 2524
f 167 1616 1607
f 164 1608 1603
f 163 1606 1604
f 165 1612 1610
f 166 1615 1613
f 169 1624 1622
f 192 1692 1686
f 222 1782 1773
f 216 1765 1761
f 199 1714 1712
f 182 1661 1652
f 179 1653 1648
f 178 1651 1649
f 180 1657 1655
f 181 1660 1658
f 186 1675 1670
f 174 1639 1637
f 193 1696 1694
f 205 1733 1731
f 212 1751 1739
f 221 1779 1768
f 189 1683 1678
f 170 1626 1619
f 202 1721 1709
f 217 1766 1754
f 191 1689 1682
f 220 1778 1776
f 214 1760 1758
f 200 1718 1716
f 171 1629 1625
f 210 1747 1742
f 183 1665 1663
f 175 1641 1634
f 196 1704 1697
f 207 1737 1728
f 211 1750 1746
f 187 1676 1664
f 176 1644 1640
f 195 1702 1700
f 203 1726 1724
f 188 1681 1679
f 168 1620 1618
f 198 1710 1708
f 213 1755 1753
f 218 1771 1769
f 208 1740 1738
f 185 1673 1671
f 177 1647 1643
f 197 1707 1701
f 206 1734 1723
f 184 1669 1667
f 173 1635 1633
f 194 1698 1693
f 204 1729 1727
f 209 1745 1743
f 190 1687 1685
f 219 1774 1772
f 215 1762 1757
f 201 1720 1715
f 172 1632 1628
f 357 2189 2187
f 255 1883 1881
f 262 1903 1899
f 388 2281 2277
f 400 2317 2313
f 352 2173 2169
f 347 2158 2156
f 298 2012 2010
f 364 2210 2208
f 269 1924 1917
f 339 2135 2133
f 285 1973 1971
f 293 1996 1989
f 370 2227 2223
f 396 2304 2300
f 353 2176 2174
f 346 2155 2151
f 299 2014 2007
f 365 2212 2205
f 268 1922 1920
f 249 1864 1855
f 231 1810 1801
f 226 1795 1784
f 238 1831 1820
f 244 1849 1838
f 257 1887 1874
f 359 2193 2180
f 402 2321 2310
f 390 2285 2274
f 264 1907 1896
f 327 2098 2089
f 309 2044 2035
f 282 1961 1950
f 317 2067 2054
f 322 2083 2072
f 341 2139 2126
f 286 1975 1964
f 294 1997 1986
f 372 2231 2220
f 394 2298 2291
f 358 2190 2183
f 256 1884 1877
f 261 1900 1891
f 387 2278 2269
f 399 2314 2305
f 351 2170 2161
f 348 2159 2148
f 300 2015 2004
f 366 2213 2202
f 267 1918 1909
f 340 2136 2129
f 287 1977 1967
f 291 1990 1981
f 369 2224 2215
f 395 2301 2288
f 354 2177 2166
f 345 2152 2143
f 297 2008 1999
f 363 2206 2197
f 270 1925 1914
f 234 1817 1806
f 227 1797 1787
f 239 1833 1823
f 245 1851 1841
f 252 1871 1860
f 275 1941 1931
f 334 2119 2108
f 304 2029 2018
f 377 2247 2234
f 382 2262 2255
f 312 2051 2040
f 279 1954 1945
f 316 2064 2057
f 323 2085 2075
f 330 2105 2094
f 335 2121 2111
f 305 2031 2021
f 376 2244 2237
f 383 2265 2252
f 274 1939 1928
f 232 1814 1812
f 225 1793 1791
f 237 1829 1827
f 243 1847 1845
f 250 1868 1866
f 273 1937 1935
f 336 2124 2118
f 306 2034 2028
f 378 2250 2246
f 381 2261 2259
f 311 2050 2048
f 281 1960 1953
f 315 2063 2061
f 321 2081 2079
f 328 2102 2100
f 333 2117 2115
f 303 2027 2025
f 375 2243 2241
f 384 2268 2264
f 276 1944 1938
f 229 1804 1802
f 223 1785 1783
f 235 1821 1819
f 241 1839 1837
f 247 1858 1856
f 271 1929 1927
f 332 2114 2112
f 302 2024 2022
f 374 2240 2238
f 379 2253 2251
f 307 2038 2036
f 278 1951 1949
f 313 2055 2053
f 319 2073 2071
f 325 2092 2090
f 331 2109 2107
f 301 2019 2017
f 373 2235 2233
f 380 2258 2256
f 272 1934 1932
f 248 1861 1859
f 230 1807 1805
f 224 1790 1788
f 236 1826 1824
f 242 1844 1842
f 254 1880 1878
f 356 2186 2184
f 397 2308 2306
f 385 2272 2270
f 259 1894 1892
f 326 2095 2093
f 308 2041 2039
f 277 1948 1946
f 314 2060 2058
f 320 2078 2076
f 338 2132 2130
f 284 1970 1968
f 289 1984 1982
f 367 2218 2216
f 391 2289 2287
f 355 2181 2179
f 253 1875 1873
f 260 1897 1895
f 386 2275 2273
f 398 2311 2309
f 350 2167 2165
f 343 2146 2144
f 295 2002 2000
f 361 2200 2198
f 266 1915 1913
f 337 2127 2125
f 283 1965 1963
f 290 1987 1985
f 368 2221 2219
f 392 2294 2292
f 349 2164 2162
f 344 2149 2147
f 296 2005 2003
f 362 2203 2201
f 265 1912 1910
f 251 1870 1863
f 233 1816 1809
f 228 1800 1794
f 240 1836 1830
f 246 1854 1848
f 258 1890 1886
f 360 2196 2192
f 401 2320 2318
f 389 2284 2282
f 263 1906 1904
f 329 2104 2097
f 310 2047 2043
f 280 1958 1956
f 318 2070 2066
f 324 2088 2082
f 342 2142 2138
f 288 1980 1974
f 292 1994 1992
f 371 2230 2228
f 393 2297 2295
f 409 2329 2331
f 405 2323 2327
f 411 2326 2328
f 414 2333 2334
f 417 2336 2337
f 431 2345 2346
f 488 2409 2412
f 575 2496 2499
f 563 2485 2487
f 519 2435 2436
f 454 2374 2376
f 450 2368 2372
f 456 2371 2373
f 459 2378 2379
f 462 2381 2382
f 472 2392 2396
f 446 2360 2361
f 506 2416 2418
f 535 2456 2457
f 541 2460 2463
f 570 2488 2492
f 480 2398 2402
f 421 2340 2343
f 511 2430 2433
f 556 2475 2478
f 484 2404 2406
f 580 2501 2502
f 567 2482 2484
f 522 2440 2442
f 427 2347 2349
f 544 2464 2468
f 468 2384 2387
f 436 2355 2358
f 499 2419 2421
f 530 2451 2454
f 548 2470 2472
f 466 2385 2388
f 442 2362 2364
f 505 2423 2426
f 536 2446 2448
f 491 2401 2403
f 423 2339 2342
f 513 2429 2432
f 564 2474 2477
f 581 2491 2493
f 549 2459 2462
f 477 2395 2397
f 445 2365 2367
f 503 2424 2427
f 525 2443 2447
f 474 2390 2391
f 438 2354 2357
f 495 2413 2417
f 532 2450 2453
f 552 2467 2469
f 490 2408 2411
f 577 2495 2498
f 559 2479 2483
f 517 2437 2441
f 430 2350 2352
f 590 2511 2509
f 584 2505 2503
f 585 2507 2506
f 592 2513 2512
f 595 2516 2515
f 598 2519 2518
f 636 2556 2555
f 621 2540 2541
f 642 2561 2562
f 601 2521 2522
f 623 2544 2542
f 611 2529 2528
f 609 2530 2531
f 625 2546 2545
f 628 2549 2548
f 632 2553 2551
f 613 2534 2533
f 616 2536 2537
f 638 2557 2559
f 606 2525 2526
f 1607 644 647
f 1603 643 644
f 1604 645 643
f 1610 646 645
f 1613 647 646
f 1622 652 649
f 1686 670 672
f 1773 699 702
f 1761 695 696
f 1712 681 679
f 1652 659 662
f 1648 658 659
f 1649 660 658
f 1655 661 660
f 1658 662 661
f 1670 665 666
f 1637 657 654
f 1694 677 673
f 1731 686 685
f 1739 688 692
f 1768 698 701
f 1678 668 669
f 1619 648 650
f 1709 678 682
f 1754 693 697
f 1682 669 671
f 1776 701 700
f 1758 697 694
f 1716 682 680
f 1625 650 651
f 1742 689 690
f 1663 664 663
f 1634 653 655
f 1697 674 676
f 1728 684 687
f 1746 690 691
f 1664 663 667
f 1640 655 656
f 1700 676 675
f 1724 687 683
f 1679 672 668
f 1618 649 648
f 1708 679 678
f 1753 696 693
f 1769 702 698
f 1738 691 688
f 1671 667 665
f 1643 656 657
f 1701 675 677
f 1723 683 686
f 1667 666 664
f 1633 654 653
f 1693 673 674
f 1727 685 684
f 1743 692 689
f 1685 671 670
f 1772 700 699
f 1757 694 695
f 1715 680 681
f 1628 651 652
f 2187 838 837
f 1881 736 735
f 1899 741 742
f 2277 867 868
f 2313 879 880
f 2169 831 832
f 2156 828 827
f 2010 780 778
f 2208 846 844
f 1917 747 749
f 2133 820 819
f 1971 767 765
f 1989 771 773
f 2223 849 850
f 2300 875 876
f 2174 834 833
f 2151 825 826
f 2007 777 779
f 2205 843 845
f 1920 750 748
f 1855 727 729
f 1801 709 711
f 1784 703 706
f 1820 715 718
f 1838 721 724
f 1874 733 737
f 2180 835 839
f 2310 878 882
f 2274 866 870
f 1896 740 744
f 2089 805 807
f 2035 787 789
f 1950 758 762
f 2054 793 797
f 2072 799 802
f 2126 817 821
f 1964 763 766
f 1986 770 774
f 2220 848 852
f 2291 872 874
f 2183 836 838
f 1877 734 736
f 1891 739 741
f 2269 865 867
f 2305 877 879
f 2161 829 831
f 2148 824 828
f 2004 776 780
f 2202 842 846
f 1909 745 747
f 2129 818 820
f 1967 764 767
f 1981 769 771
f 2215 847 849
f 2288 871 875
f 2166 830 834
f 2143 823 825
f 1999 775 777
f 2197 841 843
f 1914 746 750
f 1806 710 714
f 1787 704 707
f 1823 716 719
f 1841 722 725
f 1860 728 732
f 1931 752 755
f 2108 811 814
f 2018 781 784
f 2234 853 857
f 2255 860 862
f 2040 788 792
f 1945 757 759
f 2057 794 796
f 2075 800 803
f 2094 806 810
f 2111 812 815
f 2021 782 785
f 2237 854 856
f 2252 859 863
f 1928 751 754
f 1812 714 712
f 1791 707 705
f 1827 719 717
f 1845 725 723
f 1866 732 730
f 1935 755 753
f 2118 814 816
f 2028 784 786
f 2246 857 858
f 2259 862 861
f 2048 792 791
f 1953 759 761
f 2061 796 795
f 2079 803 801
f 2100 810 808
f 2115 815 813
f 2025 785 783
f 2241 856 855
f 2264 863 864
f 1938 754 756
f 1802 712 709
f 1783 705 703
f 1819 717 715
f 1837 723 721
f 1856 730 727
f 1927 753 751
f 2112 816 812
f 2022 786 782
f 2238 858 854
f 2251 861 859
f 2036 791 787
f 1949 761 758
f 2053 795 793
f 2071 801 799
f 2090 808 805
f 2107 813 811
f 2017 783 781
f 2233 855 853
f 2256 864 860
f 1932 756 752
f 1859 731 728
f 1805 713 710
f 1788 708 704
f 1824 720 716
f 1842 726 722
f 1878 738 734
f 2184 840 836
f 2306 881 877
f 2270 869 865
f 1892 743 739
f 2093 809 806
f 2039 790 788
f 1946 760 757
f 2058 798 794
f 2076 804 800
f 2130 822 818
f 1968 768 764
f 1982 772 769
f 2216 851 847
f 2287 873 871
f 2179 837 835
f 1873 735 733
f 1895 742 740
f 2273 868 866
f 2309 880 878
f 2165 832 830
f 2144 827 823
f 2000 778 775
f 2198 844 841
f 1913 749 746
f 2125 819 817
f 1963 765 763
f 1985 773 770
f 2219 850 848
f 2292 876 872
f 2162 833 829
f 2147 826 824
f 2003 779 776
f 2201 845 842
f 1910 748 745
f 1863 729 731
f 1809 711 713
f 1794 706 708
f 1830 718 720
f 1848 724 726
f 1886 737 738
f 2192 839 840
f 2318 882 881
f 2282 870 869
f 1904 744 743
f 2097 807 809
f 2043 789 790
f 1956 762 760
f 2066 797 798
f 2082 802 804
f 2138 821 822
f 1974 766 768
f 1992 774 772
f 2228 852 851
f 2295 874 873
f 2331 1270 1269
f 2327 1246 1245
f 2328 1251 1252
f 2334 1287 1288
f 2337 1305 1306
f 2346 1335 1336
f 2412 1552 1551
f 2499 1474 1473
f 2487 1600 1599
f 2436 1353 1354
f 2376 1480 1479
f 2372 1402 1401
f 2373 1407 1408
f 2379 1491 1492
f 2382 1503 1504
f 2396 1534 1533
f 2361 1413 1414
f 2418 1443 1444
f 2457 1593 1594
f 2463 1384 1383
f 2492 1324 1323
f 2402 1276 1275
f 2343 1264 1263
f 2433 1300 1299
f 2478 1318 1317
f 2406 1342 1341
f 2502 1563 1564
f 2484 1461 1462
f 2442 1587 1588
f 2349 1348 1347
f 2468 1522 1521
f 2387 1419 1420
f 2358 1396 1395
f 2421 1498 1497
f 2454 1516 1515
f 2472 1558 1557
f 2388 1426 1425
f 2364 1432 1431
f 2426 1569 1570
f 2448 1371 1372
f 2403 1281 1282
f 2342 1257 1258
f 2432 1293 1294
f 2477 1311 1312
f 2493 1329 1330
f 2462 1377 1378
f 2397 1539 1540
f 2367 1450 1449
f 2427 1576 1575
f 2447 1366 1365
f 2391 1485 1486
f 2357 1389 1390
f 2417 1438 1437
f 2453 1509 1510
f 2469 1527 1528
f 2411 1545 1546
f 2498 1467 1468
f 2483 1456 1455
f 2441 1582 1581
f 2352 1360 1359
f 2509 1271 1272
f 2503 1247 1248
f 2506 1254 1253
f 2512 1290 1289
f 2515 1308 1307
f 2518 1338 1337
f 2555 1553 1554
f 2541 1475 1476
f 2562 1601 1602
f 2522 1356 1355
f 2542 1481 1482
f 2528 1403 1404
f 2531 1410 1409
f 2545 1494 1493
f 2548 1506 1505
f 2551 1535 1536
f 2533 1416 1415
f 2537 1446 1445
f 2559 1596 1595
f 2526 1385 1386
f 1616 907 909
f 1608 889 891
f 1606 883 886
f 1612 895 898
f 1615 901 904
f 1624 919 922
f 1692 1057 1060
f 1782 1237 1240
f 1765 1201 1204
f 1714 1099 1102
f 1661 997 999
f 1653 979 981
f 1651 973 976
f 1657 985 988
f 1660 991 994
f 1675 1021 1024
f 1639 949 952
f 1696 1063 1066
f 1733 1135 1138
f 1751 1177 1179
f 1779 1231 1233
f 1683 1039 1041
f 1626 925 927
f 1721 1117 1119
f 1766 1207 1209
f 1689 1051 1053
f 1778 1225 1228
f 1760 1189 1192
f 1718 1105 1108
f 1629 931 933
f 1747 1165 1167
f 1665 1003 1005
f 1641 955 957
f 1704 1081 1083
f 1737 1147 1150
f 1750 1171 1174
f 1676 1027 1029
f 1644 961 963
f 1702 1075 1077
f 1726 1123 1126
f 1681 1033 1036
f 1620 913 915
f 1710 1093 1095
f 1755 1183 1185
f 1771 1213 1216
f 1740 1153 1155
f 1673 1015 1018
f 1647 967 970
f 1707 1087 1090
f 1734 1141 1143
f 1669 1009 1012
f 1635 943 945
f 1698 1069 1071
f 1729 1129 1131
f 1745 1159 1162
f 1687 1045 1047
f 1774 1219 1221
f 1762 1195 1197
f 1720 1111 1114
f 1632 937 940
f 2189 1280 1284
f 1883 1256 1260
f 1903 1292 1296
f 2281 1310 1314
f 2317 1328 1332
f 2173 1376 1380
f 2158 1538 1542
f 2012 1447 1451
f 2210 1573 1577
f 1924 1363 1367
f 2135 1484 1488
f 1973 1388 1392
f 1996 1435 1439
f 2227 1508 1512
f 2304 1526 1530
f 2176 1544 1548
f 2155 1466 1470
f 2014 1453 1457
f 2212 1579 1583
f 1922 1357 1361
f 1864 1268 1270
f 1810 1244 1246
f 1795 1249 1251
f 1831 1285 1287
f 1849 1303 1305
f 1887 1333 1335
f 2193 1550 1552
f 2321 1472 1474
f 2285 1598 1600
f 1907 1351 1353
f 2098 1478 1480
f 2044 1400 1402
f 1961 1405 1407
f 2067 1489 1491
f 2083 1501 1503
f 2139 1532 1534
f 1975 1411 1413
f 1997 1441 1443
f 2231 1591 1593
f 2298 1382 1384
f 2190 1322 1324
f 1884 1274 1276
f 1900 1262 1264
f 2278 1298 1300
f 2314 1316 1318
f 2170 1340 1342
f 2159 1561 1563
f 2015 1459 1461
f 2213 1585 1587
f 1918 1346 1348
f 2136 1520 1522
f 1977 1417 1419
f 1990 1394 1396
f 2224 1496 1498
f 2301 1514 1516
f 2177 1556 1558
f 2152 1424 1426
f 2008 1430 1432
f 2206 1567 1569
f 1925 1369 1371
f 1817 1279 1281
f 1797 1255 1257
f 1833 1291 1293
f 1851 1309 1311
f 1871 1327 1329
f 1941 1375 1377
f 2119 1537 1539
f 2029 1448 1450
f 2247 1574 1576
f 2262 1364 1366
f 2051 1483 1485
f 1954 1387 1389
f 2064 1436 1438
f 2085 1507 1509
f 2105 1525 1527
f 2121 1543 1545
f 2031 1465 1467
f 2244 1454 1456
f 2265 1580 1582
f 1939 1358 1360
f 1814 1267 1271
f 1793 1243 1247
f 1829 1250 1254
f 1847 1286 1290
f 1868 1304 1308
f 1937 1334 1338
f 2124 1549 1553
f 2034 1471 1475
f 2250 1597 1601
f 2261 1352 1356
f 2050 1477 1481
f 1960 1399 1403
f 2063 1406 1410
f 2081 1490 1494
f 2102 1502 1506
f 2117 1531 1535
f 2027 1412 1416
f 2243 1442 1446
f 2268 1592 1596
f 1944 1381 1385
f 1804 890 894
f 1785 884 887
f 1821 896 899
f 1839 902 905
f 1858 908 912
f 1929 938 941
f 2114 1046 1050
f 2024 1220 1224
f 2240 1196 1200
f 2253 1112 1115
f 2038 980 984
f 1951 974 977
f 2055 986 989
f 2073 992 995
f 2092 998 1002
f 2109 1016 1019
f 2019 968 971
f 2235 1088 1091
f 2258 1142 1146
f 1934 1154 1158
f 1861 1214 1217
f 1807 1034 1037
f 1790 914 918
f 1826 1094 1098
f 1844 1184 1188
f 1880 1040 1044
f 2186 1232 1236
f 2308 1208 1212
f 2272 1118 1122
f 1894 926 930
f 2095 1160 1163
f 2041 1010 1013
f 1948 944 948
f 2060 1070 1074
f 2078 1130 1134
f 2132 1166 1170
f 1970 1004 1008
f 1984 956 960
f 2218 1082 1086
f 2289 1148 1151
f 2181 1058 1061
f 1875 920 923
f 1897 1100 1103
f 2275 1202 1205
f 2311 1238 1241
f 2167 1172 1175
f 2146 1028 1032
f 2002 962 966
f 2200 1076 1080
f 1915 1124 1127
f 2127 1022 1025
f 1965 950 953
f 1987 1064 1067
f 2221 1136 1139
f 2294 1178 1182
f 2164 1052 1056
f 2149 1226 1229
f 2005 1190 1193
f 2203 1106 1109
f 1912 932 936
f 1870 1321 1325
f 1816 1273 1277
f 1800 1261 1265
f 1836 1297 1301
f 1854 1315 1319
f 1890 1339 1343
f 2196 1562 1566
f 2320 1460 1464
f 2284 1586 1590
f 1906 1345 1349
f 2104 1519 1523
f 2047 1418 1422
f 1958 1393 1397
f 2070 1495 1499
f 2088 1513 1517
f 2142 1555 1559
f 1980 1423 1427
f 1994 1429 1433
f 2230 1568 1572
f 2297 1370 1374
f 2329 894 892
f 2323 887 885
f 2326 899 897
f 2333 905 903
f 2336 912 910
f 2345 941 939
f 2409 1050 1048
f 2496 1224 1222
f 2485 1200 1198
f 2435 1115 1113
f 2374 984 982
f 2368 977 975
f 2371 989 987
f 2378 995 993
f 2381 1002 1000
f 2392 1019 1017
f 2360 971 969
f 2416 1091 1089
f 2456 1146 1144
f 2460 1158 1156
f 2488 1217 1215
f 2398 1037 1035
f 2340 918 916
f 2430 1098 1096
f 2475 1188 1186
f 2404 1044 1042
f 2501 1236 1234
f 2482 1212 1210
f 2440 1122 1120
f 2347 930 928
f 2464 1163 1161
f 2384 1013 1011
f 2355 948 946
f 2419 1074 1072
f 2451 1134 1132
f 2470 1170 1168
f 2385 1008 1006
f 2362 960 958
f 2423 1086 1084
f 2446 1151 1149
f 2401 1061 1059
f 2339 923 921
f 2429 1103 1101
f 2474 1205 1203
f 2491 1241 1239
f 2459 1175 1173
f 2395 1032 1030
f 2365 966 964
f 2424 1080 1078
f 2443 1127 1125
f 2390 1025 1023
f 2354 953 951
f 2413 1067 1065
f 2450 1139 1137
f 2467 1182 1180
f 2408 1056 1054
f 2495 1229 1227
f 2479 1193 1191
f 2437 1109 1107
f 2350 936 934
f 2511 1325 1326
f 2505 1277 1278
f 2507 1265 1266
f 2513 1301 1302
f 2516 1319 1320
f 2519 1343 1344
f 2556 1566 1565
f 2540 1464 1463
f 2561 1590 1589
f 2521 1349 1350
f 2544 1523 1524
f 2529 1422 1421
f 2530 1397 1398
f 2546 1499 1500
f 2549 1517 1518
f 2553 1559 1560
f 2534 1427 1428
f 2536 1433 1434
f 2557 1572 1571
f 2525 1374 1373
f 1609 892 889
f 1605 885 883
f 1611 897 895
f 1614 903 901
f 1617 910 907
f 1631 939 937
f 1688 1048 1045
f 1775 1222 1219
f 1763 1198 1195
f 1719 1113 1111
f 1654 982 979
f 1650 975 973
f 1656 987 985
f 1659 993 991
f 1662 1000 997
f 1672 1017 1015
f 1646 969 967
f 1706 1089 1087
f 1735 1144 1141
f 1741 1156 1153
f 1770 1215 1213
f 1680 1035 1033
f 1621 916 913
f 1711 1096 1093
f 1756 1186 1183
f 1684 1042 1039
f 1780 1234 1231
f 1767 1210 1207
f 1722 1120 1117
f 1627 928 925
f 1744 1161 1159
f 1668 1011 1009
f 1636 946 943
f 1699 1072 1069
f 1730 1132 1129
f 1748 1168 1165
f 1666 1006 1003
f 1642 958 955
f 1705 1084 1081
f 1736 1149 1147
f 1691 1059 1057
f 1623 921 919
f 1713 1101 1099
f 1764 1203 1201
f 1781 1239 1237
f 1749 1173 1171
f 1677 1030 1027
f 1645 964 961
f 1703 1078 1075
f 1725 1125 1123
f 1674 1023 1021
f 1638 951 949
f 1695 1065 1063
f 1732 1137 1135
f 1752 1180 1177
f 1690 1054 1051
f 1777 1227 1225
f 1759 1191 1189
f 1717 1107 1105
f 1630 934 931
f 2191 1326 1322
f 1885 1278 1274
f 1901 1266 1262
f 2279 1302 1298
f 2315 1320 1316
f 2171 1344 1340
f 2160 1565 1561
f 2016 1463 1459
f 2214 1589 1585
f 1919 1350 1346
f 2137 1524 1520
f 1978 1421 1417
f 1991 1398 1394
f 2225 1500 1496
f 2302 1518 1514
f 2178 1560 1556
f 2153 1428 1424
f 2009 1434 1430
f 2207 1571 1567
f 1926 1373 1369
f 1857 911 908
f 1803 893 890
f 1786 888 884
f 1822 900 896
f 1840 906 902
f 1876 924 920
f 2182 1062 1058
f 2312 1242 1238
f 2276 1206 1202
f 1898 1104 1100
f 2091 1001 998
f 2037 983 980
f 1952 978 974
f 2056 990 986
f 2074 996 992
f 2128 1026 1022
f 1966 954 950
f 1988 1068 1064
f 2222 1140 1136
f 2293 1181 1178
f 2185 1235 1232
f 1879 1043 1040
f 1893 929 926
f 2271 1121 1118
f 2307 1211 1208
f 2163 1055 1052
f 2150 1230 1226
f 2006 1194 1190
f 2204 1110 1106
f 1911 935 932
f 2131 1169 1166
f 1969 1007 1004
f 1983 959 956
f 2217 1085 1082
f 2290 1152 1148
f 2168 1176 1172
f 2145 1031 1028
f 2001 965 962
f 2199 1079 1076
f 1916 1128 1124
f 1808 1038 1034
f 1789 917 914
f 1825 1097 1094
f 1843 1187 1184
f 1862 1218 1214
f 1933 1157 1154
f 2110 1020 1016
f 2020 972 968
f 2236 1092 1088
f 2257 1145 1142
f 2042 1014 1010
f 1947 947 944
f 2059 1073 1070
f 2077 1133 1130
f 2096 1164 1160
f 2113 1049 1046
f 2023 1223 1220
f 2239 1199 1196
f 2254 1116 1112
f 1930 942 938
f 1818 1283 1279
f 1798 1259 1255
f 1834 1295 1291
f 1852 1313 1309
f 1872 1331 1327
f 1942 1379 1375
f 2120 1541 1537
f 2030 1452 1448
f 2248 1578 1574
f 2263 1368 1364
f 2052 1487 1483
f 1955 1391 1387
f 2065 1440 1436
f 2086 1511 1507
f 2106 1529 1525
f 2122 1547 1543
f 2032 1469 1465
f 2245 1458 1454
f 2266 1584 1580
f 1940 1362 1358
f 1813 1269 1267
f 1792 1245 1243
f 1828 1252 1250
f 1846 1288 1286
f 1867 1306 1304
f 1936 1336 1334
f 2123 1551 1549
f 2033 1473 1471
f 2249 1599 1597
f 2260 1354 1352
f 2049 1479 1477
f 1959 1401 1399
f 2062 1408 1406
f 2080 1492 1490
f 2101 1504 1502
f 2116 1533 1531
f 2026 1414 1412
f 2242 1444 1442
f 2267 1594 1592
f 1943 1383 1381
f 1869 1323 1321
f 1815 1275 1273
f 1799 1263 1261
f 1835 1299 1297
f 1853 1317 1315
f 1889 1341 1339
f 2195 1564 1562
f 2319 1462 1460
f 2283 1588 1586
f 1905 1347 1345
f 2103 1521 1519
f 2046 1420 1418
f 1957 1395 1393
f 2069 1497 1495
f 2087 1515 1513
f 2141 1557 1555
f 1979 1425 1423
f 1993 1431 1429
f 2229 1570 1568
f 2296 1372 1370
f 2188 1282 1280
f 1882 1258 1256
f 1902 1294 1292
f 2280 1312 1310
f 2316 1330 1328
f 2172 1378 1376
f 2157 1540 1538
f 2011 1449 1447
f 2209 1575 1573
f 1923 1365 1363
f 2134 1486 1484
f 1972 1390 1388
f 1995 1437 1435
f 2226 1510 1508
f 2303 1528 1526
f 2175 1546 1544
f 2154 1468 1466
f 2013 1455 1453
f 2211 1581 1579
f 1921 1359 1357
f 1865 1272 1268
f 1811 1248 1244
f 1796 1253 1249
f 1832 1289 1285
f 1850 1307 1303
f 1888 1337 1333
f 2194 1554 1550
f 2322 1476 1472
f 2286 1602 1598
f 1908 1355 1351
f 2099 1482 1478
f 2045 1404 1400
f 1962 1409 1405
f 2068 1493 1489
f 2084 1505 1501
f 2140 1536 1532
f 1976 1415 1411
f 1998 1445 1441
f 2232 1595 1591
f 2299 1386 1382
f 2330 909 911
f 2324 891 893
f 2325 886 888
f 2332 898 900
f 2335 904 906
f 2344 922 924
f 2410 1060 1062
f 2497 1240 1242
f 2486 1204 1206
f 2434 1102 1104
f 2375 999 1001
f 2369 981 983
f 2370 976 978
f 2377 988 990
f 2380 994 996
f 2393 1024 1026
f 2359 952 954
f 2415 1066 1068
f 2455 1138 1140
f 2461 1179 1181
f 2489 1233 1235
f 2399 1041 1043
f 2341 927 929
f 2431 1119 1121
f 2476 1209 1211
f 2405 1053 1055
f 2500 1228 1230
f 2481 1192 1194
f 2439 1108 1110
f 2348 933 935
f 2465 1167 1169
f 2383 1005 1007
f 2356 957 959
f 2420 1083 1085
f 2452 1150 1152
f 2471 1174 1176
f 2386 1029 1031
f 2363 963 965
f 2422 1077 1079
f 2445 1126 1128
f 2400 1036 1038
f 2338 915 917
f 2428 1095 1097
f 2473 1185 1187
f 2490 1216 1218
f 2458 1155 1157
f 2394 1018 1020
f 2366 970 972
f 2425 1090 1092
f 2444 1143 1145
f 2389 1012 1014
f 2353 945 947
f 2414 1071 1073
f 2449 1131 1133
f 2466 1162 1164
f 2407 1047 1049
f 2494 1221 1223
f 2480 1197 1199
f 2438 1114 1116
f 2351 940 942
f 2510 1284 1283
f 2504 1260 1259
f 2508 1296 1295
f 2514 1314 1313
f 2517 1332 1331
f 2520 1380 1379
f 2554 1542 1541
f 2539 1451 1452
f 2560 1577 1578
f 2523 1367 1368
f 2543 1488 1487
f 2527 1392 1391
f 2532 1439 1440
f 2547 1512 1511
f 2550 1530 1529
f 2552 1548 1547
f 2535 1470 1469
f 2538 1457 1458
f 2558 1583 1584
f 2524 1361 1362
f 1607 1616 1609
f 1603 1608 1605
f 1604 1606 1611
f 1610 1612 1614
f 1613 1615 1617
f 1622 1624 1631
f 1686 1692 1688
f 1773 1782 1775
f 1761 1765 1763
f 1712 1714 1719
f 1652 1661 1654
f 1648 1653 1650
f 1649 1651 1656
f 1655 1657 1659
f 1658 1660 1662
f 1670 1675 1672
f 1637 1639 1646
f 1694 1696 1706
f 1731 1733 1735
f 1739 1751 1741
f 1768 1779 1770
f 1678 1683 1680
f 1619 1626 1621
f 1709 1721 1711
f 1754 1766 1756
f 1682 1689 1684
f 1776 1778 1780
f 1758 1760 1767
f 1716 1718 1722
f 1625 1629 1627
f 1742 1747 1744
f 1663 1665 1668
f 1634 1641 1636
f 1697 1704 1699
f 1728 1737 1730
f 1746 1750 1748
f 1664 1676 1666
f 1640 1644 1642
f 1700 1702 1705
f 1724 1726 1736
f 1679 1681 1691
f 1618 1620 1623
f 1708 1710 1713
f 1753 1755 1764
f 1769 1771 1781
f 1738 1740 1749
f 1671 1673 1677
f 1643 1647 1645
f 1701 1707 1703
f 1723 1734 1725
f 1667 1669 1674
f 1633 1635 1638
f 1693 1698 1695
f 1727 1729 1732
f 1743 1745 1752
f 1685 1687 1690
f 1772 1774 1777
f 1757 1762 1759
f 1715 1720 1717
f 1628 1632 1630
f 2187 2189 2191
f 1881 1883 1885
f 1899 1903 1901
f 2277 2281 2279
f 2313 2317 2315
f 2169 2173 2171
f 2156 2158 2160
f 2010 2012 2016
f 2208 2210 2214
f 1917 1924 1919
f 2133 2135 2137
f 1971 1973 1978
f 1989 1996 1991
f 2223 2227 2225
f 2300 2304 2302
f 2174 2176 2178
f 2151 2155 2153
f 2007 2014 2009
f 2205 2212 2207
f 1920 1922 1926
f 1855 1864 1857
f 1801 1810 1803
f 1784 1795 1786
f 1820 1831 1822
f 1838 1849 1840
f 1874 1887 1876
f 2180 2193 2182
f 2310 2321 2312
f 2274 2285 2276
f 1896 1907 1898
f 2089 2098 2091
f 2035 2044 2037
f 1950 1961 1952
f 2054 2067 2056
f 2072 2083 2074
f 2126 2139 2128
f 1964 1975 1966
f 1986 1997 1988
f 2220 2231 2222
f 2291 2298 2293
f 2183 2190 2185
f 1877 1884 1879
f 1891 1900 1893
f 2269 2278 2271
f 2305 2314 2307
f 2161 2170 2163
f 2148 2159 2150
f 2004 2015 2006
f 2202 2213 2204
f 1909 1918 1911
f 2129 2136 2131
f 1967 1977 1969
f 1981 1990 1983
f 2215 2224 2217
f 2288 2301 2290
f 2166 2177 2168
f 2143 2152 2145
f 1999 2008 2001
f 2197 2206 2199
f 1914 1925 1916
f 1806 1817 1808
f 1787 1797 1789
f 1823 1833 1825
f 1841 1851 1843
f 1860 1871 1862
f 1931 1941 1933
f 2108 2119 2110
f 2018 2029 2020
f 2234 2247 2236
f 2255 2262 2257
f 2040 2051 2042
f 1945 1954 1947
f 2057 2064 2059
f 2075 2085 2077
f 2094 2105 2096
f 2111 2121 2113
f 2021 2031 2023
f 2237 2244 2239
f 2252 2265 2254
f 1928 1939 1930
f 1812 1814 1818
f 1791 1793 1798
f 1827 1829 1834
f 1845 1847 1852
f 1866 1868 1872
f 1935 1937 1942
f 2118 2124 2120
f 2028 2034 2030
f 2246 2250 2248
f 2259 2261 2263
f 2048 2050 2052
f 1953 1960 1955
f 2061 2063 2065
f 2079 2081 2086
f 2100 2102 2106
f 2115 2117 2122
f 2025 2027 2032
f 2241 2243 2245
f 2264 2268 2266
f 1938 1944 1940
f 1802 1804 1813
f 1783 1785 1792
f 1819 1821 1828
f 1837 1839 1846
f 1856 1858 1867
f 1927 1929 1936
f 2112 2114 2123
f 2022 2024 2033
f 2238 2240 2249
f 2251 2253 2260
f 2036 2038 2049
f 1949 1951 1959
f 2053 2055 2062
f 2071 2073 2080
f 2090 2092 2101
f 2107 2109 2116
f 2017 2019 2026
f 2233 2235 2242
f 2256 2258 2267
f 1932 1934 1943
f 1859 1861 1869
f 1805 1807 1815
f 1788 1790 1799
f 1824 1826 1835
f 1842 1844 1853
f 1878 1880 1889
f 2184 2186 2195
f 2306 2308 2319
f 2270 2272 2283
f 1892 1894 1905
f 2093 2095 2103
f 2039 2041 2046
f 1946 1948 1957
f 2058 2060 2069
f 2076 2078 2087
f 2130 2132 2141
f 1968 1970 1979
f 1982 1984 1993
f 2216 2218 2229
f 2287 2289 2296
f 2179 2181 2188
f 1873 1875 1882
f 1895 1897 1902
f 2273 2275 2280
f 2309 2311 2316
f 2165 2167 2172
f 2144 2146 2157
f 2000 2002 2011
f 2198 2200 2209
f 1913 1915 1923
f 2125 2127 2134
f 1963 1965 1972
f 1985 1987 1995
f 2219 2221 2226
f 2292 2294 2303
f 2162 2164 2175
f 2147 2149 2154
f 2003 2005 2013
f 2201 2203 2211
f 1910 1912 1921
f 1863 1870 1865
f 1809 1816 1811
f 1794 1800 1796
f 1830 1836 1832
f 1848 1854 1850
f 1886 1890 1888
f 2192 2196 2194
f 2318 2320 2322
f 2282 2284 2286
f 1904 1906 1908
f 2097 2104 2099
f 2043 2047 2045
f 1956 1958 1962
f 2066 2070 2068
f 2082 2088 2084
f 2138 2142 2140
f 1974 1980 1976
f 1992 1994 1998
f 2228 2230 2232
f 2295 2297 2299
f 2331 2329 2330
f 2327 2323 2324
f 2328 2326 2325
f 2334 2333 2332
f 2337 2336 2335
f 2346 2345 2344
f 2412 2409 2410
f 2499 2496 2497
f 2487 2485 2486
f 2436 2435 2434
f 2376 2374 2375
f 2372 2368 2369
f 2373 2371 2370
f 2379 2378 2377
f 2382 2381 2380
f 2396 2392 2393
f 2361 2360 2359
f 2418 2416 2415
f 2457 2456 2455
f 2463 2460 2461
f 2492 2488 2489
f 2402 2398 2399
f 2343 2340 2341
f 2433 2430 2431
f 2478 2475 2476
f 2406 2404 2405
f 2502 2501 2500
f 2484 2482 2481
f 2442 2440 2439
f 2349 2347 2348
f 2468 2464 2465
f 2387 2384 2383
f 2358 2355 2356
f 2421 2419 2420
f 2454 2451 2452
f 2472 2470 2471
f 2388 2385 2386
f 2364 2362 2363
f 2426 2423 2422
f 2448 2446 2445
f 2403 2401 2400
f 2342 2339 2338
f 2432 2429 2428
f 2477 2474 2473
f 2493 2491 2490
f 2462 2459 2458
f 2397 2395 2394
f 2367 2365 2366
f 2427 2424 2425
f 2447 2443 2444
f 2391 2390 2389
f 2357 2354 2353
f 2417 2413 2414
f 2453 2450 2449
f 2469 2467 2466
f 2411 2408 2407
f 2498 2495 2494
f 2483 2479 2480
f 2441 2437 2438
f 2352 2350 2351
f 2509 2511 2510
f 2503 2505 2504
f 2506 2507 2508
f 2512 2513 2514
f 2515 2516 2517
f 2518 2519 2520
f 2555 2556 2554
f 2541 2540 2539
f 2562 2561 2560
f 2522 2521 2523
f 2542 2544 2543
f 2528 2529 2527
f 2531 2530 2532
f 2545 2546 2547
f 2548 2549 2550
f 2551 2553 2552
f 2533 2534 2535
f 2537 2536 2538
f 2559 2557 2558
f 2526 2525 2524