v -0.168041 0.344642 -0.190306
v 0.154509 0.343527 -0.193772
v -0.281636 -0.506187 0.030084
v 0.284399 -0.505524 0.030868
v 0.028539 -0.399571 0.709029
v 0.006439 0.116826 0.369272
v -0.013062 -0.088911 -0.405179
v -0.008878 0.395222 -0.714366
v 0.317356 0.072029 -0.271261
v 0.309062 0.018438 0.259183
v -0.322965 0.070641 -0.298419
v -0.302697 0.019187 0.263069
v -0.000343 0.499701 -0.186626
v -0.077471 0.207193 -0.002393
v -0.207369 0.650307 -0.455215
v -0.269957 0.185357 -0.310986
v -0.271664 0.107814 0.010223
v 0.084969 0.206845 -0.011062
v 0.211052 0.701262 -0.459356
v 0.260981 0.186409 -0.283015
v 0.269108 0.101907 0.007861
v 0.001854 -0.562705 0.020140
v -0.207271 -0.631275 0.422315
v -0.175869 -0.492206 -0.293727
v -0.326170 -0.080854 -0.108302
v -0.314256 -0.146603 0.215060
v 0.200699 -0.627392 0.418473
v 0.171977 -0.486807 -0.293020
v 0.335242 -0.094153 -0.087507
v 0.318657 -0.155452 0.215855
v 0.028199 -0.016212 0.701893
v 0.307976 -0.172016 0.566514
v -0.295462 -0.160751 0.592305
v 0.206950 0.049822 0.385416
v -0.193337 0.058731 0.396178
v -0.015577 0.024429 -0.688104
v 0.179213 0.003592 -0.384714
v -0.190134 0.006753 -0.383808
v 0.315253 0.202354 -0.641262
v -0.318539 0.203076 -0.640595
v 0.333625 0.051334 -0.005145
v -0.334948 0.072886 -0.024443
v -0.098011 0.439896 -0.193231
v -0.109472 0.259674 -0.141278
v -0.217355 0.499803 -0.290130
v -0.225912 0.303311 -0.254188
v -0.192685 0.202834 -0.137878
v 0.092652 0.451084 -0.179851
v 0.110792 0.265409 -0.140917
v 0.183800 0.498654 -0.283387
v 0.213598 0.298848 -0.234779
v 0.191176 0.205977 -0.134834
v -0.163718 -0.588775 0.015879
v -0.221179 -0.489511 0.189683
v -0.326677 -0.746464 -0.151649
v -0.349965 -0.341334 -0.049068
v -0.300716 -0.324328 0.126640
v 0.167695 -0.592652 0.017977
v 0.221650 -0.482980 0.187658
v 0.328890 -0.746316 -0.150037
v 0.352575 -0.350404 -0.039859
v 0.303644 -0.326696 0.129468
v -0.116606 -0.628706 0.674447
v 0.138825 -0.632987 0.676498
v 0.047995 -0.188544 0.757478
v 0.202078 -0.323007 0.694583
v -0.148844 -0.313378 0.712714
v -0.040248 0.149466 0.197910
v 0.050613 0.151551 0.193484
v 0.011625 0.089957 0.561251
v 0.099300 0.098429 0.402132
v -0.085548 0.101987 0.410213
v -0.078796 -0.245417 -0.372294
v 0.054207 -0.245949 -0.377874
v -0.013719 0.011424 -0.492887
v 0.067215 -0.031067 -0.402735
v -0.091182 -0.027799 -0.393768
v -0.123431 0.560718 -0.642842
v 0.103859 0.560260 -0.642897
v -0.010331 0.205979 -0.767571
v 0.168828 0.321637 -0.747557
v -0.181154 0.322376 -0.748038
v 0.328182 0.074278 -0.298277
v 0.302810 0.052808 -0.162843
v 0.270078 0.050147 -0.330781
v 0.301306 0.112535 -0.419820
v 0.333593 0.062921 -0.149597
v 0.309295 0.037991 0.151815
v 0.315680 -0.015203 0.261337
v 0.306193 -0.056020 0.388734
v 0.280589 0.014057 0.321007
v 0.328550 0.044854 0.137968
v -0.324537 0.091952 -0.318544
v -0.304518 0.055311 -0.191197
v -0.272755 0.051472 -0.346420
v -0.305116 0.115677 -0.435140
v -0.339410 0.073685 -0.179886
v -0.299996 0.053062 0.158946
v -0.313769 -0.020824 0.262962
v -0.299295 -0.053081 0.399202
v -0.272704 0.023418 0.332693
v -0.320657 0.059105 0.138380
v -0.030089 0.316944 -0.132259
v -0.095704 0.622252 -0.309907
v 0.038454 0.312707 -0.140714
v 0.066344 0.626757 -0.308618
v -0.174679 0.164088 0.018206
v 0.005211 0.204853 -0.020781
v -0.142595 0.132359 0.211035
v -0.338257 0.460019 -0.394292
v -0.029327 0.699646 -0.475614
v -0.265260 0.425306 -0.575659
v -0.270429 0.132148 -0.157560
v -0.290108 0.243027 -0.452121
v -0.329013 0.049089 -0.179081
v -0.239495 0.084087 0.197640
v -0.325115 0.054342 -0.013689
v 0.178529 0.163876 0.009939
v 0.150936 0.132026 0.199702
v 0.332900 0.476898 -0.337037
v 0.269705 0.440708 -0.571001
v 0.267498 0.131863 -0.145500
v 0.283378 0.245999 -0.431076
v 0.328712 0.048067 -0.164046
v 0.247341 0.077677 0.186468
v 0.328177 0.035019 -0.011048
v -0.088554 -0.600896 0.219223
v -0.082911 -0.610688 -0.153991
v 0.095290 -0.599166 0.217904
v 0.082838 -0.606639 -0.156634
v -0.290923 -0.370763 0.325975
v 0.003040 -0.599954 0.461570
v -0.328460 -0.448305 0.580260
v -0.331705 -0.323061 -0.236823
v -0.005969 -0.445784 -0.280240
v -0.192031 -0.171496 -0.322652
v -0.324411 -0.109381 0.049566
v -0.258363 -0.045228 -0.249790
v -0.315098 0.074933 -0.037729
v -0.321376 -0.190253 0.397431
v -0.310775 0.049183 0.113346
v 0.291099 -0.369693 0.317876
v 0.326093 -0.451109 0.550921
v 0.338446 -0.329463 -0.230895
v 0.183221 -0.174483 -0.328636
v 0.330694 -0.125975 0.064796
v 0.260038 -0.049329 -0.238108
v 0.313420 0.065948 -0.000283
v 0.322874 -0.191339 0.385234
v 0.318799 0.026479 0.129726
v 0.191134 -0.096495 0.687328
v -0.134272 -0.088013 0.714424
v 0.151516 0.034765 0.595061
v -0.124913 0.042669 0.606399
v 0.256121 -0.033252 0.511654
v -0.240259 -0.020557 0.530581
v 0.114421 0.009227 -0.560227
v -0.136243 0.015587 -0.554476
v 0.177322 0.088982 -0.781183
v -0.202796 0.090235 -0.767777
v 0.250129 0.062824 -0.537722
v -0.257799 0.068364 -0.538423
v -0.139374 0.389532 -0.193468
v -0.139510 0.307539 -0.167416
v -0.184153 0.411036 -0.227231
v -0.198495 0.331483 -0.214883
v -0.171950 0.273650 -0.177215
v 0.129590 0.395854 -0.185871
v 0.134536 0.311947 -0.164763
v 0.163620 0.408399 -0.228147
v 0.181251 0.327696 -0.214054
v 0.163960 0.274587 -0.177606
v -0.235131 -0.567984 0.021969
v -0.248261 -0.487221 0.094961
v -0.308708 -0.603889 -0.032990
v -0.321178 -0.452574 -0.006322
v -0.291004 -0.418435 0.073858
v 0.241104 -0.569614 0.023761
v 0.250839 -0.483843 0.094647
v 0.310845 -0.603035 -0.032439
v 0.323429 -0.454699 -0.002995
v 0.293460 -0.419141 0.075636
v -0.034825 -0.482978 0.691040
v 0.074995 -0.485899 0.690410
v 0.038150 -0.302061 0.733294
v 0.110934 -0.372421 0.710069
v -0.051040 -0.366986 0.718309
v -0.016293 0.122452 0.294628
v 0.027238 0.122412 0.291937
v 0.007904 0.116088 0.464275
v 0.046881 0.112745 0.390190
v -0.033118 0.113762 0.393794
v -0.039517 -0.156245 -0.393600
v 0.011889 -0.156811 -0.397035
v -0.012592 -0.014392 -0.425755
v 0.023604 -0.064381 -0.408956
v -0.049069 -0.061651 -0.402705
v -0.057405 0.466237 -0.683669
v 0.038955 0.466934 -0.684496
v -0.008628 0.310160 -0.745673
v 0.068427 0.365895 -0.726316
v -0.085196 0.365910 -0.726025
v 0.329232 0.068697 -0.285527
v 0.312393 0.068812 -0.222223
v 0.299423 0.068567 -0.296643
v 0.309665 0.083874 -0.335204
v 0.327751 0.066740 -0.217248
v 0.309376 0.028230 0.213853
v 0.316184 0.020563 0.267931
v 0.306219 -0.009204 0.315806
v 0.298743 0.011291 0.285008
v 0.318290 0.035639 0.206369
v -0.337695 0.062805 -0.313713
v -0.315768 0.067906 -0.251179
v -0.301865 0.068147 -0.319631
v -0.314429 0.084147 -0.357349
v -0.334252 0.068528 -0.247788
v -0.300979 0.037258 0.219658
v -0.309410 0.010532 0.268584
v -0.300298 -0.009907 0.321829
v -0.292169 0.017233 0.292967
v -0.310188 0.039490 0.209065
v -0.049475 0.488095 -0.182955
v 0.046763 0.484357 -0.187986
v -0.015997 0.413748 -0.149237
v -0.038506 0.570253 -0.240753
v 0.022812 0.404585 -0.159637
v 0.024395 0.575329 -0.239386
v -0.086822 0.217111 -0.096998
v -0.062484 0.185811 0.099271
v -0.043843 0.232926 -0.107981
v -0.126814 0.191040 0.010762
v -0.032662 0.206288 -0.014691
v -0.117438 0.188251 0.111701
v -0.250619 0.604320 -0.367089
v -0.181725 0.629337 -0.554411
v -0.174475 0.690407 -0.381182
v -0.412261 0.622553 -0.426383
v -0.180143 0.804630 -0.479283
v -0.259226 0.548866 -0.523052
v -0.248392 0.254348 -0.286958
v -0.299470 0.131435 -0.319256
v -0.265800 0.313408 -0.359151
v -0.268285 0.154323 -0.235519
v -0.279328 0.224613 -0.379675
v -0.300256 0.106097 -0.246760
v -0.230543 0.152043 -0.066777
v -0.292713 0.075280 0.087622
v -0.222804 0.137066 0.017884
v -0.271734 0.117621 -0.075819
v -0.256322 0.097998 0.101406
v -0.304883 0.075381 -0.001875
v 0.091044 0.220842 -0.102979
v 0.071365 0.187878 0.092104
v 0.051670 0.232648 -0.111165
v 0.042445 0.206635 -0.018964
v 0.131510 0.191275 0.001029
v 0.124387 0.190269 0.099848
v 0.209320 0.611845 -0.360002
v 0.163634 0.638001 -0.562395
v 0.145697 0.716562 -0.381458
v 0.113696 0.735545 -0.476836
v 0.380654 0.634569 -0.404805
v 0.259328 0.570790 -0.521026
v 0.238977 0.252172 -0.257945
v 0.294166 0.126378 -0.295618
v 0.252569 0.315478 -0.318283
v 0.263283 0.154671 -0.214663
v 0.268665 0.224691 -0.352402
v 0.294417 0.106201 -0.226456
v 0.229827 0.150323 -0.066710
v 0.300206 0.061089 0.082346
v 0.224219 0.133696 0.012233
v 0.270728 0.114729 -0.071950
v 0.262462 0.089765 0.094017
v 0.304108 0.065995 -0.002106
v -0.083720 -0.572901 0.016821
v 0.087508 -0.574973 0.018244
v -0.040351 -0.575569 0.116238
v -0.047984 -0.555476 -0.068792
v 0.046634 -0.576976 0.115826
v 0.047452 -0.557425 -0.069609
v -0.205130 -0.522267 0.307950
v -0.182280 -0.812332 0.569283
v -0.131281 -0.571702 0.335833
v -0.265802 -0.502669 0.382101
v -0.099587 -0.645453 0.451116
v -0.319713 -0.638660 0.516344
v -0.247031 -0.731671 -0.280471
v -0.121727 -0.349324 -0.325307
v -0.123590 -0.622637 -0.245738
v -0.277340 -0.452887 -0.292690
v -0.087370 -0.464569 -0.283721
v -0.196545 -0.321988 -0.313107
v -0.364493 -0.197600 -0.081839
v -0.300305 0.011001 -0.140408
v -0.335448 -0.191935 -0.166130
v -0.332186 -0.093675 -0.029826
v -0.296725 -0.069955 -0.183972
v -0.311701 0.010085 -0.063277
v -0.309522 -0.232729 0.175129
v -0.314125 -0.074950 0.244173
v -0.307101 -0.255222 0.268735
v -0.317702 -0.126827 0.130535
v -0.316174 -0.172445 0.303854
v -0.314503 -0.045820 0.164199
v 0.203678 -0.516337 0.301760
v 0.181533 -0.811818 0.569339
v 0.131582 -0.568971 0.330736
v 0.098070 -0.646395 0.451749
v 0.261157 -0.496828 0.372023
v 0.306867 -0.629279 0.495063
v 0.249570 -0.727344 -0.285770
v 0.107358 -0.348297 -0.329397
v 0.122926 -0.613367 -0.243916
v 0.077545 -0.461092 -0.284218
v 0.279986 -0.452429 -0.292368
v 0.188663 -0.322175 -0.316213
v 0.362994 -0.214852 -0.066302
v 0.304098 0.002893 -0.113262
v 0.343821 -0.201203 -0.153751
v 0.338269 -0.110582 -0.009366
v 0.305377 -0.078751 -0.168165
v 0.318454 -0.007408 -0.037055
v 0.313056 -0.237961 0.177874
v 0.318921 -0.080844 0.243363
v 0.308841 -0.257352 0.264886
v 0.323718 -0.137946 0.139135
v 0.318886 -0.175012 0.298540
v 0.320774 -0.060000 0.171913
v 0.042423 -0.092312 0.749069
v 0.018375 0.044774 0.640436
v 0.110735 -0.056864 0.703857
v -0.046583 -0.051270 0.723872
v 0.095656 0.012957 0.657905
v -0.053819 0.017011 0.668552
v 0.268252 -0.250006 0.642255
v 0.308787 -0.110246 0.473138
v 0.312483 -0.292411 0.561382
v 0.325131 -0.191526 0.476355
v 0.257823 -0.138577 0.636756
v 0.284466 -0.090363 0.548405
v -0.240126 -0.236497 0.672221
v -0.301436 -0.103524 0.491562
v -0.301941 -0.284425 0.586845
v -0.324497 -0.185669 0.496514
v -0.226045 -0.125405 0.665803
v -0.270741 -0.078149 0.573404
v 0.154123 0.075778 0.400820
v 0.250079 0.027465 0.357185
v 0.178754 0.087863 0.296304
v 0.229087 0.062678 0.284578
v 0.183303 0.041334 0.491871
v 0.232461 0.011338 0.459370
v -0.140580 0.081871 0.410572
v -0.238729 0.036981 0.369280
v -0.168695 0.092161 0.307450
v -0.217376 0.069822 0.294599
v -0.167022 0.051774 0.505334
v -0.217873 0.023580 0.473717
v -0.014964 -0.001224 -0.590183
v -0.013153 0.103811 -0.747963
v 0.059708 0.003390 -0.639181
v -0.090278 0.002995 -0.636048
v 0.076147 0.046544 -0.742144
v -0.103239 0.057098 -0.723723
v 0.119325 -0.007307 -0.393784
v 0.231029 0.025010 -0.363149
v 0.165419 -0.053686 -0.334370
v 0.213760 -0.017618 -0.305648
v 0.149538 0.014635 -0.470608
v 0.209848 0.033013 -0.457664
v -0.139760 -0.008132 -0.389439
v -0.235851 0.028317 -0.369303
v -0.178958 -0.051340 -0.333094
v -0.220106 -0.016373 -0.311532
v -0.165794 0.017924 -0.466841
v -0.219579 0.037370 -0.458940
v 0.270557 0.263514 -0.734818
v 0.302713 0.153126 -0.521395
v 0.284980 0.314846 -0.613886
v 0.296274 0.238482 -0.525066
v 0.286583 0.141061 -0.749130
v 0.297010 0.112598 -0.610155
v -0.273996 0.262247 -0.728150
v -0.305345 0.156226 -0.528854
v -0.290690 0.308558 -0.617981
v -0.299783 0.234819 -0.535887
v -0.291367 0.146900 -0.739608
v -0.299303 0.118705 -0.608966
v 0.333753 0.057450 -0.077632
v 0.334905 0.047671 0.066862
v 0.337699 0.037391 -0.088047
v 0.334858 0.034854 -0.011173
v 0.325454 0.076096 0.005404
v 0.326293 0.062675 0.073530
v -0.337420 0.074880 -0.103727
v -0.329810 0.070724 0.057692
v -0.335753 0.053399 -0.102292
v -0.332872 0.056031 -0.020152
v -0.327134 0.090911 -0.028932
v -0.323801 0.088322 0.050919
v -0.101450 0.347974 -0.162716
v -0.148606 0.475424 -0.241089
v -0.058496 0.393794 -0.143933
v -0.098166 0.529826 -0.244340
v -0.150821 0.228806 -0.138300
v -0.069558 0.292932 -0.136993
v -0.137023 0.200825 -0.076119
v -0.230117 0.410484 -0.273842
v -0.161518 0.570657 -0.305235
v -0.333810 0.516611 -0.330807
v -0.200484 0.238637 -0.200041
v -0.254225 0.386828 -0.322787
v -0.234002 0.201185 -0.219197
v -0.185477 0.179588 -0.066445
v -0.233177 0.172157 -0.145201
v 0.102483 0.359629 -0.143378
v 0.130432 0.480434 -0.234888
v 0.061921 0.387536 -0.155684
v 0.081920 0.537424 -0.239976
v 0.148571 0.233824 -0.141855
v 0.074099 0.294544 -0.137362
v 0.137402 0.203823 -0.085094
v 0.205641 0.403346 -0.259927
v 0.134733 0.579544 -0.301597
v 0.262285 0.505614 -0.317128
v 0.197413 0.241055 -0.187674
v 0.241726 0.379432 -0.285004
v 0.231028 0.202388 -0.200096
v 0.184887 0.180060 -0.070310
v 0.231155 0.171766 -0.136775
v -0.191367 -0.532250 0.100338
v -0.225142 -0.745615 -0.032820
v -0.121773 -0.562820 0.107646
v -0.121330 -0.654035 -0.062230
v -0.267340 -0.415046 0.162121
v -0.160134 -0.546551 0.210193
v -0.256432 -0.437896 0.266043
v -0.359807 -0.515991 -0.103513
v -0.159983 -0.788221 -0.165751
v -0.358413 -0.546909 -0.230909
v -0.321720 -0.327076 0.039503
v -0.363932 -0.351387 -0.147541
v -0.338568 -0.212444 0.003650
v -0.288820 -0.337781 0.221165
v -0.320265 -0.219861 0.088262
v 0.193615 -0.530012 0.101141
v 0.228886 -0.747307 -0.029635
v 0.124988 -0.560163 0.108574
v 0.124837 -0.655473 -0.062112
v 0.269449 -0.412381 0.161422
v 0.161428 -0.540199 0.208244
v 0.255593 -0.431461 0.261266
v 0.359920 -0.519655 -0.098889
v 0.162123 -0.790064 -0.165056
v 0.362944 -0.553048 -0.227106
v 0.325499 -0.332420 0.046285
v 0.365302 -0.360334 -0.137496
v 0.341995 -0.225407 0.016209
v 0.290253 -0.337945 0.219085
v 0.325024 -0.228812 0.095768
v 0.009691 -0.556510 0.651750
v -0.152645 -0.472696 0.698775
v -0.054446 -0.626130 0.573289
v -0.277775 -0.632232 0.683244
v 0.195291 -0.477688 0.695351
v 0.058944 -0.633478 0.582417
v 0.297362 -0.636351 0.662932
v 0.123563 -0.251130 0.729349
v -0.037116 -0.236705 0.759042
v 0.124133 -0.142026 0.733668
v -0.027287 -0.130878 0.797678
v 0.287716 -0.402123 0.651962
v 0.201820 -0.194572 0.701503
v -0.260616 -0.393529 0.672237
v -0.136490 -0.184521 0.729825
v 0.005505 0.150507 0.192777
v -0.063454 0.118607 0.303841
v -0.015948 0.180243 0.089771
v -0.090058 0.146844 0.206540
v 0.074619 0.120233 0.297122
v 0.026392 0.181086 0.087454
v 0.100079 0.149504 0.198414
v 0.064695 0.101493 0.501403
v -0.047522 0.105860 0.505630
v 0.080854 0.066242 0.591634
v -0.054439 0.070171 0.598555
v 0.126360 0.108861 0.300621
v 0.125581 0.073701 0.507730
v -0.115848 0.110445 0.310125
v -0.107478 0.080765 0.516736
v -0.014706 -0.257483 -0.385158
v -0.089056 -0.131562 -0.378788
v -0.047610 -0.353276 -0.332485
v -0.137765 -0.217201 -0.348039
v 0.065975 -0.133940 -0.389107
v 0.028467 -0.352288 -0.332656
v 0.121037 -0.218986 -0.357548
v 0.029426 0.007390 -0.446678
v -0.054924 0.008207 -0.441907
v 0.043440 0.006834 -0.532775
v -0.069909 0.008315 -0.529317
v 0.118251 -0.098561 -0.365959
v 0.085667 0.010416 -0.464115
v -0.136009 -0.094446 -0.356634
v -0.108139 0.010713 -0.459149
v -0.012742 0.573381 -0.641474
v -0.153067 0.435849 -0.686584
v -0.081501 0.657898 -0.565998
v -0.219871 0.511113 -0.635451
v 0.139778 0.437875 -0.688838
v 0.046235 0.660485 -0.574196
v 0.212859 0.516959 -0.639184
v 0.083506 0.260146 -0.767563
v -0.100324 0.261408 -0.766776
v 0.084708 0.150227 -0.774989
v -0.106313 0.153382 -0.768891
v 0.232613 0.383947 -0.675632
v 0.191600 0.203358 -0.817003
v -0.236856 0.380043 -0.672870
v -0.205558 0.207463 -0.814190
v 0.314098 0.104770 -0.358070
v 0.341277 0.051223 -0.225429
v 0.296343 0.154221 -0.363519
v 0.326880 0.061982 -0.231433
v 0.287736 0.047610 -0.245515
v 0.321864 0.072817 -0.148082
v 0.283395 0.006550 -0.195345
v 0.310746 0.060078 -0.081031
v 0.288186 0.078615 -0.381654
v 0.256279 0.014328 -0.277618
v 0.257028 0.058401 -0.425761
v 0.299335 0.166678 -0.437408
v 0.286707 0.095793 -0.483672
v 0.340223 0.045927 -0.157647
v 0.324049 0.072513 -0.072562
v 0.294661 0.030722 0.234793
v 0.322874 0.033926 0.140675
v 0.286077 0.054858 0.169673
v 0.322410 0.035382 0.070545
v 0.314110 -0.043643 0.325623
v 0.314982 0.058446 0.208401
v 0.319749 -0.099608 0.318985
v 0.317753 0.006873 0.192902
v 0.291840 -0.016630 0.363163
v 0.318174 -0.112870 0.395606
v 0.287654 -0.052348 0.451500
v 0.268532 0.043505 0.261423
v 0.268402 -0.008631 0.413577
v 0.332290 0.033672 0.064130
v 0.325424 0.055642 0.136132
v -0.315959 0.111802 -0.378214
v -0.342772 0.054071 -0.255340
v -0.301769 0.158538 -0.385160
v -0.329848 0.063442 -0.251783
v -0.288485 0.047215 -0.268082
v -0.326588 0.081108 -0.180942
v -0.280115 0.010140 -0.216478
v -0.313330 0.069091 -0.115266
v -0.291772 0.080260 -0.397175
v -0.257619 0.016599 -0.291396
v -0.261290 0.061665 -0.433752
v -0.304172 0.168537 -0.453575
v -0.287827 0.099844 -0.491181
v -0.339240 0.051417 -0.181007
v -0.328105 0.094687 -0.105154
v -0.286613 0.042012 0.244572
v -0.311810 0.050356 0.143865
v -0.280066 0.067246 0.179530
v -0.312917 0.057723 0.072448
v -0.309797 -0.046493 0.331204
v -0.320460 0.058026 0.216631
v -0.315727 -0.100543 0.324790
v -0.311683 0.018025 0.191183
v -0.285024 -0.010320 0.374995
v -0.314086 -0.111466 0.407933
v -0.277132 -0.043788 0.467078
v -0.258579 0.052363 0.271952
v -0.257613 0.001487 0.427462
v -0.324819 0.055734 0.062980
v -0.319020 0.079266 0.134662
v 0.005329 0.320357 -0.139502
v -0.008785 0.236756 -0.113936
v -0.015854 0.645672 -0.306480
v -0.086884 0.710458 -0.386117
v 0.020365 0.235989 -0.116975
v 0.032644 0.689762 -0.389242
v -0.163892 0.154491 0.114615
v -0.210171 0.123600 0.110765
v -0.192221 0.107845 0.208047
v -0.301560 0.459265 -0.481995
v -0.280169 0.344016 -0.434977
v -0.284820 0.336190 -0.517905
v -0.303203 0.086159 -0.169452
v -0.305144 0.076162 -0.088137
v -0.328191 0.049729 -0.097715
v 0.171731 0.155443 0.102998
v 0.215912 0.119705 0.101386
v 0.200640 0.103972 0.197362
v 0.344858 0.493274 -0.451270
v 0.275652 0.357881 -0.398453
v 0.285267 0.350062 -0.501273
v 0.299701 0.088497 -0.155351
v 0.305990 0.073797 -0.081533
v 0.333505 0.034895 -0.088708
v 0.003438 -0.588484 0.225536
v -0.043550 -0.588944 0.343040
v -0.002813 -0.527069 -0.150225
v -0.045902 -0.525085 -0.222506
v 0.048681 -0.591580 0.341512
v 0.040211 -0.523068 -0.223348
v -0.310727 -0.422547 0.443738
v -0.314295 -0.282159 0.370397
v -0.324873 -0.298654 0.481388
v -0.267129 -0.249752 -0.293445
v -0.290916 -0.158938 -0.236884
v -0.232588 -0.109741 -0.288047
v -0.315834 -0.005443 0.010144
v -0.316196 -0.024602 0.085304
v -0.316434 0.061173 0.035105
v 0.307654 -0.419708 0.427715
v 0.316252 -0.282436 0.359720
v 0.325278 -0.300874 0.461530
v 0.265773 -0.253236 -0.291764
v 0.302161 -0.159965 -0.233053
v 0.231010 -0.113232 -0.287814
v 0.323271 -0.022029 0.036617
v 0.322948 -0.041428 0.104182
v 0.317099 0.052608 0.071527
v 0.170886 -0.023210 0.648572
v 0.234268 -0.059757 0.609445
v -0.130821 -0.016101 0.665800
v -0.208731 -0.047236 0.635911
v 0.210093 -0.001999 0.563370
v -0.190737 0.011758 0.585114
v 0.151852 0.021020 -0.673518
v 0.189685 0.028240 -0.565384
v -0.176879 0.022139 -0.670625
v -0.203910 0.036189 -0.560910
v 0.249178 0.054913 -0.676267
v -0.256683 0.066360 -0.666107
v -0.156279 0.364966 -0.191156
v -0.154432 0.328321 -0.180434
v -0.174955 0.375356 -0.201132
v -0.183114 0.340493 -0.197244
v -0.169895 0.313036 -0.185244
v 0.143828 0.366988 -0.191050
v 0.145372 0.330081 -0.180140
v 0.157689 0.371699 -0.207559
v 0.166203 0.337074 -0.203344
v 0.158586 0.312274 -0.187092
v -0.264074 -0.538620 0.026893
v -0.265767 -0.496172 0.057834
v -0.290726 -0.542955 0.001783
v -0.300744 -0.487213 0.014359
v -0.286182 -0.465607 0.049535
v 0.267662 -0.538316 0.028363
v 0.268289 -0.494282 0.057793
v 0.293361 -0.542713 0.002987
v 0.303768 -0.487441 0.014981
v 0.288798 -0.465083 0.050265
v 0.001264 -0.435263 0.701814
v 0.048225 -0.435562 0.700842
v 0.032702 -0.356464 0.720134
v 0.065785 -0.387814 0.710620
v -0.006849 -0.385694 0.713857
v -0.004278 0.118398 0.336730
v 0.016009 0.118310 0.335409
v 0.007281 0.116113 0.411132
v 0.024054 0.115546 0.379535
v -0.010656 0.115913 0.382322
v -0.023914 -0.118169 -0.399911
v -0.002790 -0.118384 -0.401664
v -0.012946 -0.054283 -0.412316
v 0.003349 -0.078491 -0.407874
v -0.029079 -0.077477 -0.404946
v -0.029941 0.426603 -0.701057
v 0.011988 0.426484 -0.701488
v -0.008708 0.357175 -0.729162
v 0.025087 0.383078 -0.719344
v -0.042517 0.383036 -0.719202
v 0.322061 0.071830 -0.277606
v 0.315809 0.070478 -0.249959
v 0.310656 0.072314 -0.281892
v 0.314411 0.075977 -0.299379
v 0.322764 0.069626 -0.247569
v 0.308738 0.023759 0.239647
v 0.312191 0.019270 0.264039
v 0.307581 0.007639 0.283867
v 0.305020 0.013949 0.270026
v 0.313199 0.027394 0.236258
v -0.329499 0.068841 -0.305580
v -0.320472 0.069588 -0.277436
v -0.313902 0.070833 -0.307529
v -0.319634 0.074645 -0.324168
v -0.329150 0.068929 -0.276723
v -0.301662 0.028365 0.244667
v -0.305948 0.014830 0.265809
v -0.301236 0.007146 0.288988
v -0.298437 0.017464 0.275958
v -0.305978 0.028073 0.239170
v -0.024668 0.497123 -0.184417
v 0.024196 0.494261 -0.188781
v -0.008274 0.456374 -0.166974
v -0.016526 0.541937 -0.208981
v 0.012572 0.451705 -0.171673
v 0.011473 0.542146 -0.209750
v -0.082412 0.211391 -0.051625
v -0.070893 0.201789 0.048471
v -0.058236 0.214184 -0.060074
v -0.102026 0.201353 0.004776
v -0.054164 0.207621 -0.009248
v -0.096346 0.202878 0.054310
v -0.222570 0.638806 -0.413831
v -0.200056 0.655314 -0.501157
v -0.204912 0.697201 -0.419244
v -0.287464 0.621212 -0.442771
v -0.221713 0.762716 -0.469483
v -0.245574 0.605649 -0.489606
v -0.258558 0.221838 -0.300026
v -0.284825 0.157123 -0.316359
v -0.264488 0.245330 -0.335810
v -0.268845 0.169832 -0.273599
v -0.273971 0.206214 -0.345456
v -0.284024 0.142918 -0.280259
v -0.250725 0.129035 -0.028694
v -0.285518 0.089830 0.049520
v -0.247594 0.122722 0.014876
v -0.273220 0.112173 -0.034187
v -0.264854 0.103205 0.055013
v -0.288653 0.092481 0.004561
v 0.088319 0.211766 -0.059200
v 0.079302 0.203015 0.039503
v 0.067112 0.214869 -0.066461
v 0.062587 0.207990 -0.015468
v 0.108186 0.201369 -0.004917
v 0.104150 0.200884 0.043298
v 0.207145 0.669316 -0.408887
v 0.190693 0.677172 -0.511182
v 0.217286 0.799246 -0.421793
v 0.197889 0.793761 -0.485289
v 0.230875 0.640467 -0.436550
v 0.220393 0.627087 -0.492352
v 0.248982 0.220242 -0.271575
v 0.276349 0.154637 -0.291587
v 0.254505 0.246848 -0.302874
v 0.261215 0.168258 -0.249537
v 0.264020 0.206915 -0.317096
v 0.276655 0.140430 -0.256906
v 0.249563 0.125138 -0.029914
v 0.290055 0.079958 0.046475
v 0.247453 0.117995 0.010958
v 0.270579 0.107857 -0.033188
v 0.267070 0.095715 0.050323
v 0.288728 0.084185 0.003318
v -0.041347 -0.565412 0.019041
v 0.045740 -0.565768 0.020015
v -0.019105 -0.568609 0.067268
v -0.022121 -0.554401 -0.024965
v 0.023973 -0.569707 0.067462
v 0.023996 -0.556244 -0.024998
v -0.201630 -0.551327 0.376373
v -0.210966 -0.765267 0.465206
v -0.161147 -0.575467 0.391984
v -0.244504 -0.570756 0.405550
v -0.153413 -0.660371 0.436496
v -0.270847 -0.664829 0.458929
v -0.207962 -0.594456 -0.288363
v -0.146920 -0.413422 -0.306626
v -0.152501 -0.569930 -0.276091
v -0.226744 -0.486440 -0.297540
v -0.129584 -0.481291 -0.288157
v -0.189810 -0.406168 -0.305347
v -0.352481 -0.130020 -0.093201
v -0.308738 -0.029763 -0.122721
v -0.333113 -0.132938 -0.135151
v -0.333215 -0.084792 -0.068529
v -0.312405 -0.077421 -0.147031
v -0.315460 -0.030377 -0.083191
v -0.312480 -0.188157 0.195985
v -0.314467 -0.109352 0.230821
v -0.311646 -0.200523 0.241126
v -0.315517 -0.136175 0.172208
v -0.314133 -0.160292 0.258563
v -0.315193 -0.096468 0.189365
v 0.196697 -0.545930 0.370757
v 0.202013 -0.765793 0.464875
v 0.158382 -0.576728 0.387715
v 0.148954 -0.659250 0.436725
v 0.237352 -0.561695 0.400785
v 0.260490 -0.658740 0.449610
v 0.209775 -0.586049 -0.285425
v 0.137894 -0.410442 -0.308236
v 0.151353 -0.559763 -0.272317
v 0.122412 -0.475454 -0.288222
v 0.226392 -0.484009 -0.297215
v 0.183760 -0.404219 -0.306489
v 0.358104 -0.148336 -0.075011
v 0.316435 -0.042656 -0.098778
v 0.347942 -0.141105 -0.117819
v 0.339631 -0.102198 -0.047409
v 0.322864 -0.087426 -0.128195
v 0.325348 -0.049409 -0.060085
v 0.316538 -0.195470 0.197949
v 0.319394 -0.117340 0.231015
v 0.314591 -0.204992 0.239746
v 0.320817 -0.146045 0.177048
v 0.318073 -0.165307 0.256223
v 0.320601 -0.107270 0.193532
v 0.035130 -0.052947 0.727249
v 0.022590 0.016078 0.673160
v 0.069997 -0.035761 0.706435
v -0.008168 -0.033152 0.716100
v 0.062615 -0.000337 0.682491
v -0.013648 0.001450 0.689435
v 0.292847 -0.209684 0.607388
v 0.310556 -0.139862 0.519601
v 0.310440 -0.227397 0.564849
v 0.320038 -0.184547 0.522353
v 0.288810 -0.155163 0.606151
v 0.298485 -0.126822 0.561192
v -0.273322 -0.197136 0.636624
v -0.304242 -0.129558 0.542587
v -0.298540 -0.217695 0.590219
v -0.315500 -0.173894 0.545403
v -0.266786 -0.143285 0.633508
v -0.284940 -0.114788 0.586287
v 0.181051 0.063014 0.394231
v 0.230830 0.037476 0.373454
v 0.193425 0.068266 0.343078
v 0.218256 0.056058 0.334226
v 0.196039 0.045114 0.438887
v 0.220166 0.030932 0.425161
v -0.167767 0.070409 0.405786
v -0.217371 0.047262 0.384541
v -0.181626 0.075100 0.353813
v -0.205581 0.063452 0.345371
v -0.180783 0.054460 0.450532
v -0.205891 0.042060 0.436985
v -0.015704 0.003566 -0.642513
v -0.014216 0.059424 -0.723483
v 0.024241 0.011124 -0.666999
v -0.055233 0.010410 -0.665274
v 0.028070 0.036551 -0.712351
v -0.057903 0.039724 -0.706107
v 0.149377 -0.002277 -0.390628
v 0.206721 0.013073 -0.375539
v 0.167576 -0.015208 -0.352768
v 0.195128 -0.005339 -0.344048
v 0.164205 0.011110 -0.427007
v 0.193749 0.018835 -0.420065
v -0.164869 -0.001076 -0.386783
v -0.213624 0.016604 -0.377761
v -0.180506 -0.016342 -0.352875
v -0.203610 -0.003679 -0.345167
v -0.177716 0.014319 -0.424586
v -0.203405 0.023345 -0.420244
v 0.303397 0.230373 -0.695596
v 0.307525 0.177183 -0.578437
v 0.303700 0.258314 -0.632341
v 0.304109 0.224286 -0.579911
v 0.310737 0.172428 -0.700284
v 0.314367 0.152535 -0.634493
v -0.304432 0.231701 -0.689883
v -0.311116 0.177804 -0.582803
v -0.307276 0.254832 -0.634164
v -0.307004 0.222323 -0.584698
v -0.311162 0.176455 -0.693285
v -0.316489 0.155650 -0.633074
v 0.333569 0.054517 -0.041294
v 0.334027 0.049003 0.030812
v 0.336357 0.043627 -0.046132
v 0.335822 0.041627 -0.008651
v 0.330298 0.062664 -0.000498
v 0.330393 0.058389 0.034923
v -0.335564 0.074288 -0.064599
v -0.332971 0.071687 0.016354
v -0.336570 0.063069 -0.063356
v -0.334772 0.063069 -0.022571
v -0.331979 0.083907 -0.027074
v -0.330439 0.081536 0.013384
v -0.119961 0.414864 -0.194838
v -0.074910 0.464796 -0.188146
v -0.098695 0.394493 -0.175363
v -0.121782 0.459112 -0.216981
v -0.077362 0.418120 -0.168847
v -0.098130 0.485301 -0.216291
v -0.124574 0.284252 -0.153961
v -0.095713 0.235484 -0.124416
v -0.105314 0.302890 -0.152224
v -0.130302 0.243290 -0.140017
v -0.089051 0.276242 -0.140967
v -0.119032 0.223232 -0.119164
v -0.197634 0.453248 -0.258000
v -0.240035 0.551489 -0.325593
v -0.179583 0.489031 -0.265396
v -0.230319 0.457828 -0.281485
v -0.192077 0.536505 -0.298508
v -0.266093 0.509688 -0.313590
v -0.212841 0.319282 -0.235079
v -0.237861 0.281887 -0.270936
v -0.227464 0.357852 -0.264954
v -0.213483 0.269158 -0.225049
v -0.239361 0.342128 -0.286101
v -0.225484 0.248515 -0.239865
v -0.177545 0.233046 -0.164466
v -0.211285 0.176691 -0.103769
v -0.171910 0.215543 -0.137491
v -0.195405 0.217626 -0.171157
v -0.189369 0.189883 -0.103301
v -0.213474 0.188407 -0.140624
v 0.112996 0.426739 -0.179261
v 0.069538 0.469369 -0.185399
v 0.097135 0.407651 -0.154896
v 0.109828 0.467293 -0.207444
v 0.075826 0.424812 -0.163086
v 0.087003 0.492826 -0.209064
v 0.122402 0.290125 -0.151244
v 0.098763 0.240593 -0.127083
v 0.105285 0.309313 -0.145217
v 0.129121 0.248500 -0.141876
v 0.092322 0.281573 -0.138102
v 0.118931 0.228141 -0.123501
v 0.172026 0.450904 -0.253525
v 0.197849 0.552563 -0.318257
v 0.154896 0.491427 -0.260253
v 0.197902 0.452523 -0.272296
v 0.162116 0.541881 -0.293655
v 0.218906 0.503339 -0.302732
v 0.197685 0.315097 -0.224430
v 0.227537 0.278347 -0.245548
v 0.210132 0.351614 -0.247957
v 0.203771 0.267408 -0.211039
v 0.226204 0.336094 -0.259773
v 0.218678 0.247531 -0.219982
v 0.174343 0.236911 -0.162714
v 0.209922 0.177152 -0.101666
v 0.170481 0.219817 -0.137720
v 0.192952 0.220851 -0.163514
v 0.188294 0.191578 -0.104577
v 0.211604 0.189790 -0.134100
v -0.201472 -0.588420 0.019583
v -0.124829 -0.582352 0.015043
v -0.176670 -0.549484 0.050676
v -0.189251 -0.648826 -0.012414
v -0.141374 -0.556466 0.052804
v -0.145670 -0.628816 -0.020240
v -0.233493 -0.484228 0.138902
v -0.211992 -0.501894 0.246576
v -0.205710 -0.511852 0.147211
v -0.246125 -0.454554 0.177058
v -0.192484 -0.519588 0.201222
v -0.238044 -0.464870 0.230011
v -0.331499 -0.685066 -0.081629
v -0.289894 -0.764041 -0.221696
v -0.277069 -0.770790 -0.088547
v -0.363297 -0.631820 -0.129792
v -0.250598 -0.794429 -0.156898
v -0.353111 -0.668147 -0.203370
v -0.337679 -0.402973 -0.028643
v -0.358984 -0.271933 -0.067226
v -0.353116 -0.421621 -0.076760
v -0.334872 -0.333532 -0.004158
v -0.363559 -0.348603 -0.097852
v -0.344765 -0.272775 -0.022165
v -0.295513 -0.371372 0.100369
v -0.305007 -0.278281 0.152143
v -0.285471 -0.371645 0.145283
v -0.310415 -0.323879 0.083157
v -0.292889 -0.328761 0.173053
v -0.312135 -0.273682 0.107834
v 0.206293 -0.589577 0.020348
v 0.128667 -0.582945 0.015268
v 0.181626 -0.550117 0.051783
v 0.193896 -0.651007 -0.010747
v 0.145272 -0.556933 0.054039
v 0.149558 -0.631374 -0.019198
v 0.235264 -0.479692 0.138798
v 0.211511 -0.493746 0.241652
v 0.207616 -0.507274 0.146714
v 0.247480 -0.449808 0.175456
v 0.193073 -0.512645 0.199055
v 0.238223 -0.458900 0.226290
v 0.332664 -0.682075 -0.079042
v 0.293344 -0.759821 -0.222356
v 0.282914 -0.768442 -0.087295
v 0.360519 -0.632193 -0.125987
v 0.254254 -0.793600 -0.160455
v 0.355247 -0.671439 -0.201944
v 0.340850 -0.408009 -0.021804
v 0.360785 -0.284338 -0.054821
v 0.356199 -0.428203 -0.069430
v 0.338635 -0.340759 0.004565
v 0.364706 -0.358167 -0.086944
v 0.348093 -0.283599 -0.011057
v 0.298502 -0.372627 0.102718
v 0.308424 -0.281526 0.154370
v 0.288184 -0.371386 0.145945
v 0.314480 -0.327299 0.087407
v 0.295546 -0.329406 0.173201
v 0.316120 -0.278478 0.112614
v -0.075586 -0.541988 0.681176
v -0.146940 -0.761808 0.668229
v -0.052183 -0.572882 0.657021
v -0.142941 -0.560305 0.692565
v -0.080170 -0.652451 0.632202
v -0.205179 -0.684917 0.703759
v 0.106760 -0.547289 0.681279
v 0.160988 -0.762327 0.673909
v 0.071762 -0.582695 0.659867
v 0.176471 -0.564549 0.692508
v 0.089114 -0.658151 0.649054
v 0.229521 -0.684123 0.698013
v 0.044339 -0.243448 0.747727
v 0.047329 -0.137237 0.759136
v 0.084928 -0.219965 0.741808
v 0.009771 -0.210051 0.768721
v 0.085605 -0.165858 0.745197
v 0.013946 -0.155709 0.782423
v 0.158029 -0.351354 0.705787
v 0.239809 -0.288486 0.673071
v 0.201208 -0.397420 0.693903
v 0.163293 -0.285614 0.714845
v 0.245972 -0.361944 0.676633
v 0.203693 -0.255856 0.698894
v -0.098913 -0.342484 0.719541
v -0.199412 -0.275846 0.699668
v -0.152288 -0.389588 0.703796
v -0.093375 -0.274624 0.734294
v -0.204098 -0.353734 0.692955
v -0.142428 -0.244472 0.723381
v -0.028143 0.134600 0.246946
v -0.051948 0.166898 0.148326
v -0.017261 0.149395 0.194910
v -0.052495 0.132426 0.250849
v -0.027998 0.165632 0.144563
v -0.064494 0.149100 0.202164
v 0.039392 0.136636 0.243642
v 0.061447 0.169045 0.143158
v 0.028065 0.151276 0.192201
v 0.062953 0.135607 0.245640
v 0.038568 0.167051 0.140679
v 0.074500 0.151485 0.195926
v 0.009362 0.106401 0.515573
v 0.014953 0.069759 0.603978
v 0.040227 0.098871 0.538455
v -0.020058 0.100210 0.538326
v 0.045479 0.079372 0.579683
v -0.020249 0.081372 0.583381
v 0.072042 0.106547 0.397379
v 0.126875 0.087826 0.403516
v 0.086890 0.109351 0.349250
v 0.083003 0.098649 0.451926
v 0.113343 0.101337 0.352348
v 0.111875 0.086927 0.455536
v -0.058424 0.108869 0.404057
v -0.113280 0.092245 0.413147
v -0.074405 0.110700 0.356456
v -0.067801 0.102278 0.458566
v -0.100980 0.104355 0.361442
v -0.096485 0.092773 0.465746
v -0.058270 -0.199104 -0.385504
v -0.098994 -0.294266 -0.348009
v -0.047562 -0.254560 -0.382093
v -0.086136 -0.187254 -0.376727
v -0.065348 -0.301443 -0.355789
v -0.109027 -0.232781 -0.361564
v 0.031154 -0.199650 -0.389977
v 0.080078 -0.295453 -0.357085
v 0.019596 -0.252939 -0.380749
v 0.061705 -0.189148 -0.385489
v 0.042888 -0.300405 -0.357431
v 0.089035 -0.234245 -0.375513
v -0.013103 0.008768 -0.452685
v -0.013768 0.005733 -0.539303
v 0.009549 0.012633 -0.470338
v -0.036129 0.012961 -0.467809
v 0.012843 0.008377 -0.514192
v -0.040064 0.008642 -0.512476
v 0.045411 -0.048862 -0.406947
v 0.092243 -0.016004 -0.397235
v 0.067533 -0.081676 -0.393761
v 0.047880 -0.007270 -0.424396
v 0.090749 -0.063151 -0.384056
v 0.074026 0.001689 -0.426028
v -0.069306 -0.042722 -0.397130
v -0.114950 -0.016480 -0.391949
v -0.089745 -0.076687 -0.383229
v -0.072664 -0.005794 -0.415689
v -0.111992 -0.057393 -0.373740
v -0.096726 0.001536 -0.418846
v -0.088946 0.511393 -0.663380
v -0.156725 0.606741 -0.609954
v -0.068776 0.569018 -0.640073
v -0.139552 0.497422 -0.664656
v -0.102892 0.616465 -0.609129
v -0.175366 0.541811 -0.640647
v 0.069439 0.511590 -0.664489
v 0.139628 0.608490 -0.615046
v 0.044926 0.568954 -0.641734
v 0.124197 0.498674 -0.666377
v 0.077950 0.619335 -0.615428
v 0.161759 0.545077 -0.645142
v -0.009341 0.259102 -0.759341
v -0.011385 0.154345 -0.761888
v 0.037232 0.232423 -0.766237
v -0.056260 0.233630 -0.766153
v 0.036962 0.179048 -0.768225
v -0.058037 0.180549 -0.766708
v 0.117184 0.345063 -0.735797
v 0.221801 0.293841 -0.749738
v 0.154683 0.378308 -0.714838
v 0.128419 0.289993 -0.765579
v 0.202894 0.352381 -0.713617
v 0.185107 0.264471 -0.792791
v -0.131398 0.345867 -0.735277
v -0.229155 0.292662 -0.745421
v -0.165989 0.377633 -0.712551
v -0.143577 0.292442 -0.766852
v -0.210962 0.350628 -0.710590
v -0.195989 0.266253 -0.790770
v 0.337666 0.060265 -0.294922
v 0.310758 0.101668 -0.297829
v 0.320229 0.093307 -0.327453
v 0.341721 0.048451 -0.265094
v 0.309875 0.115077 -0.329931
v 0.326864 0.068620 -0.265175
v 0.308224 0.065877 -0.191091
v 0.301183 0.032716 -0.135525
v 0.296439 0.049486 -0.204001
v 0.313038 0.068315 -0.152538
v 0.293183 0.030976 -0.177827
v 0.308063 0.055127 -0.122422
v 0.285675 0.060952 -0.313531
v 0.251964 0.037593 -0.347976
v 0.278544 0.048446 -0.287261
v 0.279115 0.064818 -0.357341
v 0.262060 0.034327 -0.303601
v 0.262608 0.054006 -0.376790
v 0.304737 0.096125 -0.375466
v 0.300466 0.131827 -0.468181
v 0.307322 0.112230 -0.388349
v 0.295900 0.094010 -0.402722
v 0.302606 0.136684 -0.431120
v 0.294752 0.107171 -0.451769
v 0.331867 0.065114 -0.184149
v 0.333866 0.060110 -0.114054
v 0.337495 0.056675 -0.187100
v 0.327736 0.071384 -0.148042
v 0.338985 0.053157 -0.153085
v 0.329100 0.068775 -0.111405
v 0.310191 0.032395 0.184133
v 0.305677 0.047004 0.117403
v 0.303496 0.035432 0.193543
v 0.317813 0.033286 0.145147
v 0.299529 0.045298 0.160301
v 0.316048 0.036600 0.110483
v 0.315501 0.008482 0.267294
v 0.317789 -0.046929 0.253111
v 0.315776 -0.030845 0.293795
v 0.313209 0.031457 0.238377
v 0.317730 -0.058256 0.288777
v 0.316125 -0.003190 0.227185
v 0.305323 -0.031281 0.350470
v 0.307740 -0.082022 0.429503
v 0.310765 -0.051921 0.356945
v 0.298725 -0.034918 0.378293
v 0.312638 -0.081947 0.394190
v 0.298586 -0.055827 0.420117
v 0.290520 0.010967 0.302100
v 0.268024 0.018874 0.340266
v 0.286644 0.023448 0.277043
v 0.286513 -0.000752 0.344315
v 0.274695 0.028548 0.293232
v 0.274855 0.002856 0.366243
v 0.322601 0.041987 0.172905
v 0.332366 0.046352 0.102251
v 0.326412 0.037354 0.138145
v 0.323005 0.050674 0.173340
v 0.332118 0.038582 0.101769
v 0.328097 0.051085 0.138477
v -0.334241 0.075237 -0.317338
v -0.313431 0.109436 -0.319722
v -0.321304 0.102426 -0.349356
v -0.335853 0.067171 -0.286114
v -0.312216 0.123138 -0.351736
v -0.326853 0.078446 -0.285778
v -0.310498 0.063971 -0.221810
v -0.300295 0.037206 -0.164426
v -0.297040 0.049225 -0.230343
v -0.316228 0.072864 -0.184222
v -0.292365 0.033448 -0.202657
v -0.309932 0.061751 -0.153546
v -0.288216 0.061254 -0.332706
v -0.255366 0.039889 -0.358652
v -0.280403 0.048168 -0.306606
v -0.282166 0.065768 -0.373039
v -0.264415 0.035553 -0.318430
v -0.266183 0.056176 -0.388420
v -0.308532 0.098540 -0.394283
v -0.303116 0.135021 -0.479463
v -0.310596 0.116563 -0.406707
v -0.299356 0.096414 -0.418318
v -0.307038 0.139140 -0.446394
v -0.297396 0.109901 -0.463696
v -0.337938 0.071081 -0.215161
v -0.338892 0.075036 -0.142413
v -0.342260 0.062610 -0.216884
v -0.333842 0.080400 -0.179563
v -0.341100 0.062810 -0.180281
v -0.334592 0.083946 -0.142392
v -0.300373 0.045390 0.190987
v -0.297479 0.063074 0.123763
v -0.293172 0.048701 0.201261
v -0.306637 0.050589 0.150522
v -0.290572 0.059429 0.168636
v -0.306154 0.056962 0.115631
v -0.312923 -0.001831 0.267861
v -0.313790 -0.044771 0.254676
v -0.312323 -0.035882 0.297070
v -0.314506 0.017609 0.236726
v -0.314023 -0.059969 0.292228
v -0.312899 -0.001137 0.228094
v -0.299813 -0.030385 0.358918
v -0.299442 -0.078130 0.443615
v -0.306362 -0.051775 0.365224
v -0.291983 -0.030418 0.389224
v -0.306857 -0.080332 0.405547
v -0.290354 -0.050488 0.433597
v -0.283874 0.019163 0.312591
v -0.256508 0.029306 0.350944
v -0.279262 0.033233 0.288125
v -0.279124 0.006886 0.356542
v -0.265579 0.038120 0.304261
v -0.264756 0.012499 0.378384
v -0.315507 0.049764 0.175366
v -0.326003 0.065941 0.098721
v -0.317038 0.053023 0.139925
v -0.319370 0.058537 0.176190
v -0.322952 0.058169 0.100582
v -0.322921 0.068710 0.137432
v -0.022707 0.366842 -0.137370
v -0.035502 0.269485 -0.127806
v -0.043361 0.361288 -0.131213
v -0.049492 0.306942 -0.132952
v -0.012223 0.320148 -0.135696
v -0.018542 0.274954 -0.128673
v -0.064267 0.596501 -0.274666
v -0.132820 0.654666 -0.345594
v -0.097201 0.575664 -0.275665
v -0.130010 0.600088 -0.309346
v -0.057149 0.637196 -0.308884
v -0.092722 0.669160 -0.346952
v 0.031541 0.358027 -0.149711
v 0.044617 0.269436 -0.131251
v 0.049911 0.350560 -0.148323
v 0.056133 0.305320 -0.139070
v 0.021875 0.317273 -0.140925
v 0.028353 0.274226 -0.133428
v 0.042501 0.602460 -0.271921
v 0.099847 0.661432 -0.344809
v 0.075316 0.582842 -0.273222
v 0.103166 0.607974 -0.306444
v 0.026384 0.638857 -0.308302
v 0.053448 0.665737 -0.347638
v -0.150816 0.177848 0.015550
v -0.198881 0.150592 0.018989
v -0.155716 0.183075 -0.029080
v -0.180165 0.171005 -0.025623
v -0.169811 0.159087 0.065469
v -0.193266 0.144340 0.064958
v -0.013003 0.205070 -0.019275
v 0.023709 0.205465 -0.020663
v -0.004674 0.193108 0.034372
v 0.015312 0.194196 0.032420
v -0.002942 0.215500 -0.073925
v 0.014020 0.216345 -0.074391
v -0.129893 0.158186 0.161980
v -0.155369 0.110706 0.259818
v -0.116372 0.141125 0.209337
v -0.129840 0.119519 0.260142
v -0.155364 0.145560 0.163653
v -0.167515 0.120706 0.210822
v -0.439430 0.549510 -0.419987
v -0.270739 0.391968 -0.385345
v -0.414331 0.507081 -0.339283
v -0.291200 0.434839 -0.357312
v -0.331647 0.469149 -0.439565
v -0.282888 0.407239 -0.423217
v -0.102099 0.721777 -0.468180
v 0.041662 0.703337 -0.477864
v -0.058133 0.687270 -0.520471
v 0.009560 0.684311 -0.524998
v -0.069233 0.708067 -0.428977
v 0.003051 0.698435 -0.432033
v -0.262453 0.487163 -0.551440
v -0.273444 0.364758 -0.597056
v -0.244109 0.467693 -0.603897
v -0.253100 0.404480 -0.626227
v -0.279343 0.442891 -0.527288
v -0.278161 0.381764 -0.547664
v -0.269120 0.142084 -0.196477
v -0.272184 0.123712 -0.117627
v -0.251444 0.164713 -0.189905
v -0.252297 0.153361 -0.150897
v -0.287611 0.108817 -0.163983
v -0.288699 0.103015 -0.123322
v -0.284563 0.236492 -0.415085
v -0.294841 0.241941 -0.492355
v -0.294155 0.198462 -0.418716
v -0.297937 0.202621 -0.455374
v -0.283222 0.288783 -0.445186
v -0.287614 0.289427 -0.485316
v -0.315882 0.073478 -0.212633
v -0.332634 0.046315 -0.141776
v -0.329883 0.052639 -0.215993
v -0.334486 0.048198 -0.180078
v -0.317446 0.064714 -0.174750
v -0.329482 0.046521 -0.139008
v -0.248132 0.091665 0.149020
v -0.228808 0.076449 0.246272
v -0.261560 0.074173 0.189780
v -0.251172 0.066939 0.236924
v -0.226463 0.102762 0.155934
v -0.217537 0.094683 0.204723
v -0.316650 0.062329 -0.008486
v -0.329107 0.053208 -0.018003
v -0.319339 0.057204 0.029266
v -0.326464 0.054129 0.024670
v -0.318730 0.059956 -0.052012
v -0.327435 0.053116 -0.056418
v 0.155162 0.178267 0.005879
v 0.201514 0.148968 0.011952
v 0.158324 0.183665 -0.037455
v 0.181785 0.171104 -0.032193
v 0.175052 0.158461 0.055036
v 0.198711 0.142044 0.056332
v 0.137495 0.159334 0.150209
v 0.164590 0.108669 0.248369
v 0.125497 0.142923 0.199712
v 0.138833 0.119819 0.249842
v 0.161997 0.145166 0.150758
v 0.175660 0.118868 0.198887
v 0.451077 0.588294 -0.344415
v 0.259470 0.401097 -0.327091
v 0.313628 0.503049 -0.325422
v 0.261250 0.433710 -0.305492
v 0.425530 0.509680 -0.356425
v 0.287670 0.426493 -0.365787
v 0.269845 0.507005 -0.548024
v 0.273441 0.375736 -0.593106
v 0.245114 0.480498 -0.606436
v 0.252612 0.413943 -0.626708
v 0.294872 0.466448 -0.514531
v 0.282564 0.398668 -0.536741
v 0.265202 0.142709 -0.179940
v 0.269445 0.122549 -0.109204
v 0.248694 0.164711 -0.174449
v 0.250167 0.152307 -0.140508
v 0.283786 0.110642 -0.150277
v 0.287391 0.101978 -0.114385
v 0.274497 0.237577 -0.390756
v 0.290474 0.245883 -0.476043
v 0.287121 0.197371 -0.397609
v 0.292514 0.202820 -0.437362
v 0.278383 0.297677 -0.418381
v 0.284661 0.298209 -0.465438
v 0.312148 0.076433 -0.195012
v 0.334656 0.041108 -0.125968
v 0.326790 0.057532 -0.197173
v 0.337640 0.043412 -0.162578
v 0.314816 0.065453 -0.161395
v 0.329915 0.042843 -0.127588
v 0.256799 0.083789 0.141094
v 0.238384 0.070683 0.234728
v 0.267978 0.066215 0.179009
v 0.259043 0.060030 0.225412
v 0.232393 0.097360 0.144850
v 0.224408 0.090090 0.192658
v 0.318247 0.047412 -0.007508
v 0.332323 0.033543 -0.011524
v 0.325611 0.033412 0.029337
v 0.330020 0.031247 0.026586
v 0.319474 0.051269 -0.046539
v 0.332055 0.034445 -0.049710
v -0.063206 -0.584675 0.167094
v -0.109385 -0.582823 0.279273
v -0.105436 -0.582750 0.160186
v -0.125574 -0.571660 0.216365
v -0.041879 -0.589976 0.224808
v -0.065495 -0.589379 0.281978
v -0.069765 -0.576195 -0.109961
v -0.098778 -0.632772 -0.201352
v -0.098897 -0.647840 -0.109020
v -0.106269 -0.699573 -0.161122
v -0.051340 -0.546071 -0.150178
v -0.068055 -0.563032 -0.190740
v 0.072400 -0.590932 0.163649
v 0.110968 -0.576798 0.274984
v 0.109021 -0.573411 0.162315
v 0.128089 -0.566012 0.214914
v 0.049267 -0.592227 0.223281
v 0.071303 -0.592282 0.279438
v 0.069977 -0.574399 -0.113160
v 0.097466 -0.628410 -0.203854
v 0.100666 -0.646853 -0.110200
v 0.106464 -0.698596 -0.163438
v 0.047691 -0.543405 -0.154378
v 0.064300 -0.559672 -0.192466
v -0.280074 -0.435075 0.354537
v -0.299776 -0.311535 0.297157
v -0.274745 -0.407646 0.297412
v -0.288009 -0.351749 0.272418
v -0.298599 -0.396035 0.382991
v -0.304508 -0.328266 0.349958
v -0.048597 -0.613016 0.459862
v 0.053690 -0.613675 0.460166
v -0.025699 -0.598753 0.518284
v 0.034051 -0.598031 0.521326
v -0.021157 -0.592170 0.403582
v 0.027083 -0.593552 0.403101
v -0.331089 -0.548130 0.561869
v -0.312080 -0.360398 0.584278
v -0.316708 -0.545417 0.638016
v -0.306761 -0.428615 0.639626
v -0.325068 -0.443857 0.510663
v -0.324074 -0.367295 0.526891
v -0.316827 -0.392634 -0.272709
v -0.337057 -0.254922 -0.200537
v -0.350787 -0.427712 -0.238762
v -0.352878 -0.344487 -0.195918
v -0.301236 -0.290477 -0.268600
v -0.311585 -0.233680 -0.235794
v -0.047002 -0.451110 -0.281144
v 0.035126 -0.449308 -0.281635
v -0.027539 -0.401028 -0.306834
v 0.011686 -0.400735 -0.307243
v -0.025474 -0.486820 -0.251912
v 0.016779 -0.486002 -0.252206
v -0.197103 -0.243075 -0.319495
v -0.184732 -0.107866 -0.325578
v -0.165420 -0.197313 -0.335158
v -0.162320 -0.132160 -0.339045
v -0.225205 -0.211815 -0.306021
v -0.214433 -0.142198 -0.306422
v -0.328493 -0.101177 0.009712
v -0.320602 -0.118341 0.089626
v -0.330554 -0.158551 0.027421
v -0.323934 -0.164498 0.068786
v -0.321125 -0.056809 0.029956
v -0.320053 -0.065796 0.068784
v -0.278199 -0.057239 -0.217950
v -0.239007 -0.029657 -0.280156
v -0.269910 -0.015903 -0.233155
v -0.254750 -0.008189 -0.267609
v -0.271299 -0.097025 -0.240564
v -0.246946 -0.076077 -0.267916
v -0.311792 0.045377 -0.048769
v -0.320998 0.090031 -0.031332
v -0.314620 0.077135 -0.075530
v -0.322593 0.101455 -0.068985
v -0.313470 0.039573 -0.011948
v -0.315554 0.069001 -0.000733
v -0.318749 -0.183170 0.350039
v -0.323358 -0.191531 0.446558
v -0.318750 -0.143324 0.360050
v -0.320354 -0.147482 0.404910
v -0.319399 -0.235890 0.386334
v -0.324274 -0.241051 0.438136
v -0.311146 0.004458 0.139292
v -0.317375 0.084699 0.084214
v -0.310805 0.036376 0.152887
v -0.312693 0.076799 0.126293
v -0.312516 0.013725 0.099649
v -0.314864 0.054585 0.073067
v 0.277889 -0.431602 0.344977
v 0.301086 -0.311997 0.291136
v 0.274571 -0.403924 0.291305
v 0.288763 -0.350601 0.267459
v 0.296933 -0.393503 0.371184
v 0.305172 -0.328549 0.341088
v 0.324929 -0.545293 0.532558
v 0.319363 -0.365578 0.558460
v 0.327381 -0.548740 0.607186
v 0.318333 -0.434725 0.610537
v 0.318647 -0.442362 0.487712
v 0.325181 -0.369505 0.503688
v 0.320858 -0.394620 -0.268326
v 0.341153 -0.263793 -0.191453
v 0.354408 -0.432364 -0.232372
v 0.357149 -0.351742 -0.187524
v 0.307822 -0.294065 -0.267097
v 0.317799 -0.239742 -0.231119
v 0.188194 -0.244466 -0.324144
v 0.174472 -0.111240 -0.330236
v 0.152591 -0.199093 -0.343208
v 0.148556 -0.135674 -0.347373
v 0.222995 -0.213303 -0.311478
v 0.209587 -0.145684 -0.309694
v 0.334939 -0.118410 0.027722
v 0.326786 -0.132288 0.101630
v 0.336473 -0.172628 0.041762
v 0.329848 -0.177681 0.080027
v 0.328885 -0.073140 0.050362
v 0.326351 -0.082182 0.085649
v 0.284949 -0.067242 -0.205479
v 0.234887 -0.032353 -0.270328
v 0.272306 -0.021551 -0.216078
v 0.253813 -0.011032 -0.253309
v 0.278367 -0.101610 -0.234180
v 0.247996 -0.081665 -0.263667
v 0.315044 0.029229 -0.017849
v 0.318630 0.080276 0.007458
v 0.312262 0.063424 -0.040725
v 0.317575 0.076037 -0.033784
v 0.315842 0.026938 0.021312
v 0.315381 0.056240 0.035350
v 0.320836 -0.183673 0.341548
v 0.324881 -0.193684 0.430534
v 0.321843 -0.143204 0.350696
v 0.321850 -0.149588 0.392278
v 0.321400 -0.236130 0.374562
v 0.325168 -0.241372 0.422153
v 0.319458 -0.013966 0.150495
v 0.319739 0.059365 0.107108
v 0.318701 0.017402 0.160508
v 0.321407 0.051413 0.136841
v 0.320387 -0.004504 0.118733
v 0.318440 0.038077 0.100225
v 0.151729 -0.076909 0.698745
v 0.225744 -0.118394 0.665251
v 0.160387 -0.118386 0.716349
v 0.199563 -0.139898 0.703037
v 0.181137 -0.058502 0.669059
v 0.215202 -0.077782 0.650139
v -0.088430 -0.069480 0.723341
v -0.181368 -0.106585 0.693438
v -0.084478 -0.109846 0.750682
v -0.134077 -0.133033 0.726334
v -0.132414 -0.050133 0.690518
v -0.175967 -0.066986 0.676925
v 0.125708 0.025244 0.629745
v 0.169083 0.038322 0.545669
v 0.116443 0.052053 0.597601
v 0.139060 0.056901 0.555552
v 0.161450 0.007668 0.623621
v 0.182757 0.015597 0.583599
v -0.091168 0.031258 0.640329
v -0.150690 0.049624 0.561947
v -0.089435 0.056965 0.605731
v -0.118473 0.065929 0.567769
v -0.127978 0.015059 0.637673
v -0.158776 0.027628 0.599782
v 0.269676 -0.059911 0.532267
v 0.244526 -0.009573 0.488211
v 0.273987 -0.044762 0.482838
v 0.262728 -0.021032 0.462002
v 0.248054 -0.045279 0.562850
v 0.234507 -0.018896 0.538575
v -0.254294 -0.046700 0.554599
v -0.228898 0.003136 0.504357
v -0.260459 -0.033581 0.499598
v -0.248873 -0.009526 0.477110
v -0.230353 -0.031237 0.587229
v -0.217419 -0.005176 0.559809
v 0.090114 0.003423 -0.602762
v 0.133476 0.013199 -0.515681
v 0.077538 0.006582 -0.548362
v 0.099394 0.009911 -0.509938
v 0.132725 0.007619 -0.616298
v 0.152506 0.015874 -0.566468
v -0.115912 0.010120 -0.597178
v -0.152187 0.018706 -0.510251
v -0.102113 0.010601 -0.543537
v -0.121163 0.013267 -0.504839
v -0.154334 0.016986 -0.610370
v -0.170998 0.023346 -0.561181
v 0.126044 0.066769 -0.763295
v 0.234295 0.115541 -0.769240
v 0.132477 0.117737 -0.785584
v 0.186128 0.140354 -0.811489
v 0.166220 0.049989 -0.726057
v 0.220157 0.069680 -0.730530
v -0.151337 0.075125 -0.743320
v -0.249549 0.119359 -0.763734
v -0.154545 0.123455 -0.771790
v -0.206128 0.144781 -0.804769
v -0.191607 0.049297 -0.722427
v -0.239189 0.072765 -0.726214
v 0.228507 0.047117 -0.497105
v 0.272504 0.084337 -0.576474
v 0.252606 0.061906 -0.478976
v 0.270894 0.080765 -0.513147
v 0.222056 0.045342 -0.555223
v 0.248110 0.061507 -0.602611
v -0.237882 0.051567 -0.498919
v -0.278740 0.089999 -0.576330
v -0.258382 0.065868 -0.483490
v -0.275501 0.085513 -0.517338
v -0.233673 0.051489 -0.553725
v -0.259066 0.068019 -0.600237
v -0.138431 0.347862 -0.179620
v -0.160981 0.404450 -0.208034
v -0.119748 0.370433 -0.178697
v -0.142494 0.432325 -0.213972
v -0.156177 0.289864 -0.170745
v -0.121250 0.326900 -0.166058
v -0.143337 0.266795 -0.155662
v -0.194039 0.374773 -0.218917
v -0.168353 0.444975 -0.234962
v -0.208055 0.412748 -0.250179
v -0.184796 0.300252 -0.195050
v -0.211739 0.368094 -0.242749
v -0.199268 0.285797 -0.209716
v -0.160360 0.249919 -0.158260
v -0.186144 0.256917 -0.187158
v 0.131063 0.353723 -0.173092
v 0.145480 0.404395 -0.208274
v 0.115620 0.382572 -0.160448
v 0.129464 0.437239 -0.207518
v 0.149531 0.292006 -0.170784
v 0.118529 0.334396 -0.156248
v 0.139944 0.270866 -0.156294
v 0.173749 0.368910 -0.222286
v 0.149118 0.446106 -0.231843
v 0.183645 0.407900 -0.245440
v 0.172445 0.298903 -0.194754
v 0.191970 0.362467 -0.235760
v 0.188290 0.284489 -0.202692
v 0.156763 0.253157 -0.159972
v 0.179958 0.258520 -0.182515
v -0.240852 -0.524073 0.058673
v -0.269710 -0.597581 -0.002556
v -0.210710 -0.540683 0.053104
v -0.234288 -0.639806 -0.005083
v -0.271109 -0.455436 0.086903
v -0.221850 -0.513181 0.098604
v -0.257004 -0.451341 0.129277
v -0.319005 -0.524995 -0.023104
v -0.284697 -0.689592 -0.026765
v -0.348280 -0.578894 -0.067636
v -0.305225 -0.431364 0.033951
v -0.340447 -0.482933 -0.050874
v -0.321524 -0.387229 0.015223
v -0.278097 -0.413569 0.116424
v -0.307440 -0.376630 0.057602
v 0.244375 -0.521666 0.058470
v 0.274317 -0.597136 -0.002422
v 0.214664 -0.539903 0.054786
v 0.238773 -0.640183 -0.004122
v 0.273650 -0.453507 0.087111
v 0.224288 -0.510284 0.098998
v 0.259506 -0.448513 0.128714
v 0.319489 -0.524838 -0.021963
v 0.288570 -0.686594 -0.029790
v 0.343001 -0.576018 -0.066780
v 0.307722 -0.432743 0.036709
v 0.340918 -0.485246 -0.046949
v 0.324604 -0.391137 0.020688
v 0.280453 -0.412630 0.117085
v 0.311099 -0.378874 0.061377
v 0.019947 -0.482885 0.689051
v -0.046828 -0.427378 0.704687
v -0.015082 -0.527416 0.674429
v -0.091984 -0.482885 0.696068
v 0.097701 -0.430901 0.700803
v 0.044410 -0.530405 0.674844
v 0.133777 -0.487564 0.693630
v 0.074802 -0.334205 0.721766
v -0.005835 -0.330318 0.728106
v 0.081556 -0.276580 0.734786
v 0.000457 -0.270683 0.745511
v 0.149748 -0.419403 0.700212
v 0.119047 -0.311722 0.720502
v -0.099169 -0.413315 0.706948
v -0.047735 -0.303347 0.734692
v 0.005674 0.122588 0.292143
v -0.025651 0.117841 0.343064
v -0.005801 0.135580 0.244327
v -0.039161 0.121155 0.298483
v 0.037826 0.117029 0.340332
v 0.016643 0.136436 0.243088
v 0.050569 0.122088 0.294571
v 0.029866 0.114187 0.430676
v -0.014755 0.115349 0.433384
v 0.035092 0.111785 0.488876
v -0.018270 0.112869 0.489414
v 0.061518 0.112944 0.346317
v 0.055383 0.108049 0.444251
v -0.049275 0.114747 0.350146
v -0.040037 0.110258 0.448595
v -0.014027 -0.159853 -0.396781
v -0.045844 -0.108813 -0.396423
v -0.029449 -0.206076 -0.391873
v -0.064506 -0.146187 -0.387411
v 0.019516 -0.110398 -0.401453
v 0.000680 -0.205789 -0.393763
v 0.038563 -0.147480 -0.394393
v 0.005366 -0.035744 -0.417251
v -0.030702 -0.033748 -0.413699
v 0.007214 -0.001156 -0.436837
v -0.032763 -0.000026 -0.434017
v 0.043111 -0.097306 -0.399407
v 0.025944 -0.020365 -0.421174
v -0.067956 -0.094423 -0.390816
v -0.050513 -0.018153 -0.414426
v -0.009449 0.471012 -0.683286
v -0.073314 0.415910 -0.704195
v -0.036990 0.518278 -0.662698
v -0.105193 0.454559 -0.685601
v 0.056401 0.416311 -0.705120
v 0.015369 0.518406 -0.663598
v 0.088763 0.455501 -0.687083
v 0.031240 0.336137 -0.737553
v -0.048860 0.336259 -0.737390
v 0.035107 0.285307 -0.754510
v -0.052847 0.285957 -0.754359
v 0.104713 0.399976 -0.710992
v 0.077400 0.313979 -0.748146
v -0.119235 0.399384 -0.709061
v -0.093777 0.314899 -0.748237
v 0.318484 0.079081 -0.311331
v 0.329647 0.065752 -0.250892
v 0.322205 0.082963 -0.320983
v 0.338596 0.057298 -0.257044
v 0.306319 0.067648 -0.258652
v 0.320842 0.069487 -0.217557
v 0.301015 0.061646 -0.231314
v 0.317775 0.070476 -0.185268
v 0.304644 0.076416 -0.318155
v 0.293286 0.059477 -0.272101
v 0.293418 0.072917 -0.337498
v 0.313669 0.092173 -0.348350
v 0.300083 0.083621 -0.358665
v 0.335354 0.060261 -0.220194
v 0.325248 0.070046 -0.182933
v 0.303334 0.021346 0.249178
v 0.314501 0.030942 0.208088
v 0.303410 0.028072 0.222936
v 0.316042 0.032487 0.177880
v 0.310608 0.002191 0.292129
v 0.316179 0.032420 0.238194
v 0.314243 -0.009348 0.295741
v 0.316901 0.044984 0.244730
v 0.302107 0.001044 0.303038
v 0.310414 -0.023383 0.323225
v 0.299682 -0.014909 0.339257
v 0.296340 0.020785 0.261990
v 0.294774 -0.001483 0.322950
v 0.320446 0.035557 0.174031
v 0.319441 0.044441 0.207605
v -0.324486 0.078111 -0.335930
v -0.336402 0.063710 -0.280479
v -0.325260 0.087190 -0.343961
v -0.343562 0.054009 -0.286943
v -0.309161 0.066227 -0.285007
v -0.326088 0.070992 -0.247301
v -0.302899 0.059052 -0.258494
v -0.322743 0.074131 -0.216533
v -0.308939 0.075949 -0.340436
v -0.294993 0.058528 -0.294612
v -0.296280 0.072766 -0.356988
v -0.316457 0.095888 -0.369643
v -0.303542 0.084527 -0.377508
v -0.340975 0.061396 -0.251157
v -0.331592 0.075282 -0.214716
v -0.296604 0.027976 0.255924
v -0.305690 0.038043 0.212649
v -0.294982 0.038514 0.230758
v -0.306264 0.044501 0.182632
v -0.305185 -0.003011 0.295679
v -0.309989 0.027285 0.238948
v -0.309422 -0.016884 0.298138
v -0.313688 0.027120 0.240354
v -0.295725 0.004568 0.310710
v -0.304784 -0.026147 0.329038
v -0.293886 -0.012025 0.348115
v -0.289159 0.029530 0.270674
v -0.288706 0.004189 0.332786
v -0.310897 0.045582 0.177567
v -0.315506 0.044011 0.209319
v -0.030131 0.455084 -0.160968
v -0.044995 0.529561 -0.210935
v -0.053184 0.442720 -0.159981
v -0.072325 0.509028 -0.213651
v 0.033810 0.445051 -0.172707
v 0.037122 0.529569 -0.211623
v 0.054755 0.435883 -0.169758
v 0.062484 0.512488 -0.211846
v 0.003395 0.409597 -0.156457
v -0.036322 0.411862 -0.140224
v -0.004760 0.365869 -0.144161
v -0.006494 0.582440 -0.238231
v -0.069074 0.551857 -0.242937
v -0.030368 0.617083 -0.269450
v 0.042371 0.397171 -0.159316
v 0.013818 0.363243 -0.148315
v 0.053686 0.558419 -0.240136
v 0.007209 0.620107 -0.269467
v -0.063134 0.225369 -0.104342
v -0.106610 0.203869 -0.042819
v -0.074766 0.249242 -0.126441
v -0.111594 0.208728 -0.086535
v -0.047253 0.197531 0.042108
v -0.089099 0.191563 0.105773
v -0.038415 0.182474 0.093189
v -0.076763 0.167994 0.154045
v -0.036912 0.215479 -0.066677
v -0.054346 0.261538 -0.127781
v -0.025204 0.235705 -0.110737
v -0.122608 0.191273 0.060817
v -0.131385 0.194182 -0.035452
v -0.146524 0.175107 0.063821
v -0.025264 0.194208 0.037149
v -0.018823 0.215752 -0.070594
v -0.103454 0.166030 0.158643
v -0.143411 0.175009 0.116425
v -0.198382 0.637950 -0.378361
v -0.331170 0.637881 -0.398659
v -0.200708 0.587717 -0.336435
v -0.312480 0.569907 -0.347095
v -0.173812 0.698619 -0.512043
v -0.220255 0.590299 -0.541307
v -0.137225 0.650901 -0.560529
v -0.200668 0.573460 -0.599842
v -0.203313 0.803702 -0.416766
v -0.165974 0.623902 -0.342930
v -0.138652 0.722220 -0.382694
v -0.306804 0.572246 -0.474319
v -0.451352 0.594725 -0.350242
v -0.347305 0.529916 -0.457504
v -0.124531 0.697174 -0.511576
v -0.141471 0.807472 -0.419251
v -0.234386 0.529584 -0.575931
v -0.292395 0.506612 -0.502564
v -0.256343 0.284652 -0.322485
v -0.253729 0.197755 -0.264397
v -0.249077 0.317865 -0.305554
v -0.239875 0.226079 -0.252605
v -0.285510 0.171443 -0.352154
v -0.299945 0.116950 -0.283965
v -0.300200 0.146022 -0.352587
v -0.314620 0.095687 -0.285382
v -0.273172 0.267681 -0.370881
v -0.259926 0.356311 -0.344194
v -0.274912 0.334345 -0.396952
v -0.284667 0.130209 -0.241839
v -0.251749 0.178875 -0.227902
v -0.285886 0.118898 -0.203147
v -0.289614 0.187191 -0.384819
v -0.278465 0.282133 -0.407908
v -0.315114 0.083192 -0.249672
v -0.301569 0.094115 -0.209195
v -0.227656 0.144131 -0.025452
v -0.252349 0.135295 -0.070844
v -0.208178 0.166749 -0.064996
v -0.232638 0.160686 -0.106817
v -0.277639 0.086005 0.095369
v -0.299066 0.076489 0.042546
v -0.286154 0.071543 0.133264
v -0.303578 0.065456 0.079577
v -0.240513 0.116693 0.059951
v -0.204311 0.158092 -0.024524
v -0.216862 0.130426 0.063258
v -0.289823 0.094795 -0.039326
v -0.252718 0.143240 -0.111648
v -0.289308 0.098038 -0.082040
v -0.271482 0.081562 0.142216
v -0.233681 0.110121 0.107041
v -0.310825 0.063905 0.035801
v -0.304962 0.076234 -0.045905
v 0.070003 0.228007 -0.107829
v 0.110876 0.205197 -0.051240
v 0.079124 0.252821 -0.128188
v 0.113255 0.212684 -0.094880
v 0.056175 0.198360 0.036461
v 0.097894 0.196476 0.096568
v 0.047834 0.183665 0.089262
v 0.086059 0.171041 0.146105
v 0.047870 0.216042 -0.070542
v 0.061178 0.262262 -0.129066
v 0.035725 0.235008 -0.114564
v 0.035503 0.195024 0.033747
v 0.029673 0.215995 -0.073494
v 0.128723 0.190462 0.048832
v 0.134496 0.195694 -0.043988
v 0.151969 0.175140 0.052719
v 0.112137 0.169132 0.149491
v 0.150076 0.175765 0.103214
v 0.177395 0.672291 -0.375606
v 0.265568 0.614096 -0.383565
v 0.169613 0.599685 -0.331497
v 0.245415 0.559851 -0.338691
v 0.141675 0.697272 -0.521576
v 0.210008 0.606748 -0.545987
v 0.108523 0.652989 -0.570440
v 0.192775 0.584351 -0.608922
v 0.149942 0.815597 -0.420907
v 0.137894 0.639383 -0.340311
v 0.092654 0.711073 -0.386166
v 0.077009 0.688069 -0.524273
v 0.073963 0.717796 -0.431955
v 0.306852 0.600955 -0.464636
v 0.319903 0.567494 -0.352165
v 0.432482 0.593612 -0.439573
v 0.232044 0.544684 -0.578918
v 0.318178 0.539250 -0.492486
v 0.243956 0.282962 -0.287910
v 0.247062 0.198033 -0.239553
v 0.237509 0.313953 -0.272268
v 0.233310 0.224614 -0.229131
v 0.278401 0.170961 -0.325308
v 0.293752 0.116717 -0.260860
v 0.295022 0.141461 -0.329302
v 0.310874 0.093119 -0.263594
v 0.261678 0.270180 -0.337249
v 0.246968 0.354616 -0.298572
v 0.265209 0.342771 -0.354421
v 0.278829 0.129575 -0.221464
v 0.247235 0.179649 -0.207526
v 0.281490 0.119974 -0.185710
v 0.281559 0.186181 -0.360602
v 0.270834 0.288198 -0.375399
v 0.310808 0.085154 -0.229118
v 0.296920 0.097266 -0.191209
v 0.227764 0.141403 -0.028242
v 0.250473 0.133613 -0.068262
v 0.207809 0.166060 -0.066919
v 0.230856 0.160512 -0.102193
v 0.282988 0.075434 0.088795
v 0.302588 0.063667 0.039929
v 0.294138 0.058880 0.125807
v 0.312541 0.045725 0.075651
v 0.243701 0.111299 0.053675
v 0.204583 0.156690 -0.029186
v 0.220536 0.126617 0.055620
v 0.290063 0.088824 -0.037762
v 0.250507 0.142492 -0.105099
v 0.291777 0.094189 -0.077337
v 0.278088 0.071062 0.133490
v 0.239131 0.104472 0.098318
v 0.314794 0.047791 0.033816
v 0.306769 0.068671 -0.042317
v -0.061509 -0.568380 0.064923
v -0.065625 -0.570409 -0.025794
v -0.102630 -0.562726 0.058284
v -0.105378 -0.599206 -0.024189
v 0.066755 -0.568812 0.065301
v 0.068243 -0.574152 -0.024853
v 0.106556 -0.564277 0.060518
v 0.109926 -0.600075 -0.024874
v 0.002987 -0.576187 0.117421
v -0.082410 -0.572752 0.112299
v -0.018756 -0.583391 0.169763
v -0.000068 -0.543022 -0.068971
v -0.086250 -0.599167 -0.066293
v -0.027128 -0.537734 -0.110565
v 0.087823 -0.571580 0.112431
v 0.026028 -0.584599 0.169204
v 0.090445 -0.596918 -0.069149
v 0.023177 -0.537505 -0.111935
v -0.170656 -0.551227 0.324406
v -0.234688 -0.514601 0.348436
v -0.181223 -0.533199 0.260226
v -0.233551 -0.483934 0.287805
v -0.127663 -0.761200 0.488106
v -0.277083 -0.767804 0.543355
v -0.093640 -0.759063 0.586992
v -0.245808 -0.762952 0.649810
v -0.118026 -0.585833 0.400865
v -0.146423 -0.559474 0.270946
v -0.088899 -0.582962 0.341286
v -0.285372 -0.560453 0.443514
v -0.257929 -0.462506 0.323435
v -0.292734 -0.472096 0.414664
v -0.077340 -0.663948 0.514786
v -0.069569 -0.591477 0.404010
v -0.311909 -0.681187 0.617411
v -0.314081 -0.514630 0.482228
v -0.170019 -0.695083 -0.277660
v -0.275687 -0.589051 -0.302628
v -0.211282 -0.782791 -0.229727
v -0.320083 -0.662589 -0.276224
v -0.107056 -0.411228 -0.307033
v -0.159613 -0.340375 -0.319888
v -0.084918 -0.352740 -0.329427
v -0.132107 -0.283604 -0.339501
v -0.107832 -0.533912 -0.263099
v -0.125185 -0.738857 -0.225817
v -0.085364 -0.563438 -0.230082
v -0.232728 -0.383679 -0.300488
v -0.326177 -0.514388 -0.278984
v -0.271893 -0.343405 -0.289076
v -0.066882 -0.405853 -0.306717
v -0.066575 -0.503723 -0.255067
v -0.165103 -0.267210 -0.329131
v -0.232892 -0.291764 -0.304430
v -0.353363 -0.197187 -0.124832
v -0.350293 -0.139478 -0.053404
v -0.364585 -0.271051 -0.113658
v -0.351704 -0.206039 -0.038328
v -0.298393 -0.026920 -0.160132
v -0.307313 0.012531 -0.101422
v -0.291718 0.011487 -0.177685
v -0.305895 0.041756 -0.125635
v -0.314605 -0.127898 -0.174492
v -0.352514 -0.268196 -0.158267
v -0.314835 -0.179469 -0.204223
v -0.319779 -0.038835 -0.045876
v -0.338853 -0.151343 -0.012903
v -0.321640 -0.047503 -0.008421
v -0.284448 -0.021655 -0.197306
v -0.294574 -0.114411 -0.209674
v -0.309379 0.045957 -0.086469
v -0.313872 0.005122 -0.026038
v -0.306672 -0.242826 0.221128
v -0.315269 -0.179258 0.152859
v -0.300031 -0.285839 0.197975
v -0.314516 -0.225290 0.131478
v -0.315402 -0.122562 0.273084
v -0.314245 -0.059007 0.204654
v -0.315007 -0.089068 0.284433
v -0.312966 -0.028489 0.216881
v -0.312572 -0.213210 0.287917
v -0.298762 -0.296870 0.246711
v -0.309170 -0.268712 0.318343
v -0.316817 -0.084447 0.148133
v -0.319153 -0.171494 0.110644
v -0.318150 -0.075216 0.108080
v -0.317437 -0.133615 0.316304
v -0.315361 -0.225164 0.336341
v -0.312332 -0.011150 0.178574
v -0.315067 -0.035366 0.124115
v 0.169621 -0.545939 0.319225
v 0.230940 -0.508947 0.340316
v 0.181059 -0.525893 0.256148
v 0.232896 -0.477761 0.281182
v 0.120319 -0.749796 0.497656
v 0.273550 -0.769175 0.523957
v 0.092153 -0.754254 0.599915
v 0.253716 -0.767876 0.635321
v 0.116000 -0.592224 0.396079
v 0.146870 -0.553864 0.267236
v 0.091467 -0.582996 0.338204
v 0.076194 -0.666373 0.518879
v 0.072652 -0.598731 0.401063
v 0.277139 -0.553587 0.430451
v 0.255946 -0.458156 0.315472
v 0.287928 -0.467213 0.401518
v 0.319664 -0.683371 0.587754
v 0.305975 -0.509296 0.462164
v 0.178197 -0.667930 -0.259456
v 0.281450 -0.589049 -0.303220
v 0.213253 -0.783592 -0.231558
v 0.323905 -0.661522 -0.268095
v 0.094155 -0.408391 -0.308571
v 0.147438 -0.339254 -0.323872
v 0.067088 -0.351466 -0.332217
v 0.116344 -0.284173 -0.346866
v 0.102669 -0.528384 -0.262910
v 0.126908 -0.734872 -0.233789
v 0.081026 -0.559079 -0.230434
v 0.052287 -0.403662 -0.307470
v 0.058965 -0.500929 -0.256042
v 0.230285 -0.383667 -0.301245
v 0.330259 -0.515803 -0.273713
v 0.272233 -0.345501 -0.287789
v 0.152712 -0.267954 -0.335903
v 0.228280 -0.293607 -0.305727
v 0.360864 -0.208636 -0.110107
v 0.350536 -0.159713 -0.036566
v 0.365383 -0.282801 -0.100341
v 0.352342 -0.222331 -0.024745
v 0.304129 -0.036211 -0.138417
v 0.313052 -0.001837 -0.075073
v 0.295556 0.003526 -0.155146
v 0.306881 0.033956 -0.094739
v 0.326093 -0.133906 -0.160357
v 0.358908 -0.277516 -0.147740
v 0.323904 -0.185290 -0.195215
v 0.328646 -0.057586 -0.022538
v 0.342726 -0.168118 0.002616
v 0.329150 -0.065511 0.014170
v 0.290177 -0.029218 -0.177489
v 0.304262 -0.120195 -0.199512
v 0.311049 0.035037 -0.055172
v 0.320789 -0.013600 0.000898
v 0.309438 -0.246317 0.220579
v 0.319907 -0.187315 0.158387
v 0.302751 -0.288348 0.198047
v 0.318343 -0.231940 0.136172
v 0.319549 -0.126414 0.270198
v 0.319460 -0.070516 0.207082
v 0.319477 -0.089738 0.281161
v 0.318107 -0.036158 0.217572
v 0.314927 -0.215835 0.283250
v 0.300308 -0.297930 0.244038
v 0.310793 -0.270186 0.311345
v 0.322624 -0.097730 0.156913
v 0.324356 -0.182278 0.118368
v 0.324977 -0.089098 0.121542
v 0.320815 -0.135222 0.310135
v 0.318038 -0.225355 0.328132
v 0.318832 -0.025826 0.183433
v 0.321990 -0.050465 0.137717
v 0.077158 -0.074763 0.727290
v -0.001224 -0.070129 0.744699
v 0.082821 -0.117584 0.741171
v 0.007338 -0.110140 0.769180
v 0.056933 0.030325 0.652767
v -0.016793 0.031802 0.658643
v 0.051381 0.056511 0.618328
v -0.018716 0.058866 0.623688
v 0.103093 -0.020230 0.682900
v 0.118318 -0.097045 0.721974
v 0.142704 -0.039262 0.678772
v -0.051180 -0.015315 0.697135
v -0.039904 -0.089821 0.752978
v -0.090503 -0.033013 0.698052
v 0.088734 0.041533 0.628041
v 0.133947 -0.005217 0.656020
v -0.054720 0.045239 0.636307
v -0.091809 0.000666 0.671451
v 0.293762 -0.274335 0.604715
v 0.265167 -0.189138 0.642473
v 0.275135 -0.320156 0.644813
v 0.237422 -0.222858 0.674938
v 0.318151 -0.147943 0.476886
v 0.299406 -0.102535 0.511903
v 0.315030 -0.113655 0.433961
v 0.298758 -0.078866 0.464627
v 0.323138 -0.238564 0.518758
v 0.302427 -0.347734 0.606398
v 0.323476 -0.301007 0.513374
v 0.322098 -0.150623 0.434996
v 0.326657 -0.243014 0.470409
v 0.276480 -0.112343 0.596625
v 0.233159 -0.165916 0.673293
v 0.246408 -0.096456 0.625279
v 0.286760 -0.071078 0.499441
v 0.261548 -0.076536 0.581393
v -0.275545 -0.263457 0.632051
v -0.233938 -0.176365 0.672444
v -0.248831 -0.308054 0.671220
v -0.191816 -0.209944 0.703842
v -0.315518 -0.140874 0.497333
v -0.287912 -0.093116 0.532893
v -0.309311 -0.110292 0.449395
v -0.288885 -0.071397 0.481685
v -0.317574 -0.231178 0.542384
v -0.288069 -0.338272 0.634048
v -0.318520 -0.296626 0.536012
v -0.318263 -0.147494 0.450618
v -0.326247 -0.239543 0.491144
v -0.254290 -0.100420 0.622873
v -0.185340 -0.154756 0.700779
v -0.217522 -0.083413 0.653911
v -0.274112 -0.061108 0.518573
v -0.242286 -0.063342 0.607993
v 0.166750 0.080606 0.348251
v 0.168934 0.059404 0.447363
v 0.139801 0.091965 0.351413
v 0.141330 0.073471 0.454371
v 0.241500 0.044096 0.324083
v 0.241048 0.019315 0.407220
v 0.259943 0.035290 0.309557
v 0.259885 0.009579 0.387982
v 0.204787 0.074846 0.291749
v 0.152531 0.099353 0.299229
v 0.190051 0.095601 0.246086
v 0.250124 0.052261 0.273650
v 0.214789 0.082792 0.241561
v 0.210738 0.025390 0.480202
v 0.155104 0.057615 0.501522
v 0.197370 0.020856 0.531440
v 0.252205 -0.000089 0.437072
v 0.221922 0.004408 0.510705
v -0.155045 0.086253 0.358530
v -0.153577 0.067473 0.459065
v -0.128421 0.095573 0.361894
v -0.125482 0.079709 0.464162
v -0.229657 0.052127 0.335321
v -0.228623 0.030469 0.420228
v -0.249319 0.044490 0.320080
v -0.248360 0.020211 0.400767
v -0.193671 0.080698 0.302540
v -0.142415 0.102026 0.310677
v -0.180729 0.098859 0.257418
v -0.240309 0.059900 0.284972
v -0.205291 0.087528 0.252854
v -0.194331 0.037887 0.492880
v -0.137182 0.065914 0.512857
v -0.181918 0.034973 0.551226
v -0.238784 0.011554 0.451264
v -0.206709 0.018132 0.529393
v 0.020275 -0.001556 -0.616994
v -0.050307 -0.001510 -0.614712
v 0.016565 0.003232 -0.563077
v -0.044826 0.003101 -0.561708
v 0.032363 0.076986 -0.743033
v -0.059373 0.080858 -0.736256
v 0.035350 0.126504 -0.761113
v -0.059398 0.129202 -0.756593
v 0.068023 0.019598 -0.691707
v 0.051626 0.002277 -0.584756
v 0.103690 0.010026 -0.659332
v -0.098365 0.021716 -0.685379
v -0.079089 0.004746 -0.580809
v -0.132476 0.010571 -0.654632
v 0.081468 0.097063 -0.763500
v 0.115815 0.032570 -0.712130
v -0.105709 0.102428 -0.751541
v -0.144686 0.033551 -0.705843
v 0.139776 -0.027079 -0.361769
v 0.133852 0.006843 -0.429263
v 0.113685 -0.043029 -0.372326
v 0.102607 0.005819 -0.428364
v 0.220899 0.005529 -0.333120
v 0.220329 0.029997 -0.408912
v 0.242976 0.019152 -0.319421
v 0.243308 0.041977 -0.394683
v 0.189183 -0.032900 -0.318632
v 0.142594 -0.077127 -0.351173
v 0.197129 -0.084728 -0.311022
v 0.236969 -0.003282 -0.292719
v 0.215171 -0.055195 -0.289044
v 0.180874 0.022181 -0.466835
v 0.117674 0.010836 -0.469711
v 0.167752 0.021356 -0.515995
v 0.235303 0.045479 -0.443787
v 0.199935 0.032973 -0.509619
v -0.157596 -0.027671 -0.358955
v -0.150475 0.008341 -0.425240
v -0.134188 -0.041145 -0.365901
v -0.123812 0.004720 -0.423052
v -0.225501 0.008796 -0.338508
v -0.227145 0.034039 -0.412255
v -0.245943 0.021845 -0.329452
v -0.247906 0.045292 -0.401471
v -0.199806 -0.033307 -0.321771
v -0.157952 -0.071638 -0.344272
v -0.203738 -0.078920 -0.309203
v -0.239359 0.000498 -0.301692
v -0.221622 -0.053016 -0.293646
v -0.193562 0.026519 -0.465200
v -0.136649 0.012895 -0.464156
v -0.183424 0.026688 -0.512393
v -0.241802 0.049133 -0.448290
v -0.212286 0.038125 -0.508244
v 0.284959 0.291873 -0.675591
v 0.285403 0.201271 -0.755782
v 0.250052 0.322992 -0.703691
v 0.238940 0.234428 -0.785075
v 0.301436 0.193092 -0.527061
v 0.302534 0.136566 -0.565688
v 0.300861 0.163261 -0.477561
v 0.296660 0.121635 -0.505849
v 0.294258 0.276619 -0.570627
v 0.265671 0.351105 -0.651021
v 0.284885 0.334375 -0.555153
v 0.296578 0.201417 -0.480585
v 0.289398 0.290573 -0.515611
v 0.303138 0.121894 -0.683539
v 0.242975 0.171743 -0.790346
v 0.273187 0.091184 -0.720354
v 0.287836 0.105178 -0.542673
v 0.280091 0.084384 -0.649854
v -0.288921 0.287983 -0.674735
v -0.288449 0.204249 -0.745519
v -0.253619 0.319901 -0.699108
v -0.246384 0.235252 -0.778075
v -0.305089 0.192789 -0.536169
v -0.304112 0.140306 -0.568715
v -0.304678 0.165200 -0.490264
v -0.298409 0.124798 -0.513121
v -0.297281 0.271213 -0.577880
v -0.267244 0.344351 -0.649562
v -0.286332 0.324014 -0.565256
v -0.301482 0.200985 -0.494652
v -0.291890 0.282606 -0.529489
v -0.306593 0.127454 -0.678567
v -0.253484 0.175318 -0.784020
v -0.281898 0.099882 -0.712924
v -0.291022 0.109468 -0.546796
v -0.285401 0.092143 -0.643679
v 0.337068 0.046920 -0.082345
v 0.329893 0.065977 -0.036754
v 0.337870 0.050662 -0.117957
v 0.329698 0.067203 -0.074244
v 0.335754 0.040470 0.028041
v 0.331392 0.055727 0.069415
v 0.335034 0.039430 0.064553
v 0.330618 0.053945 0.103419
v 0.336173 0.035587 -0.050068
v 0.338099 0.043668 -0.122647
v 0.334598 0.034782 -0.090559
v 0.334303 0.033266 0.026323
v 0.333989 0.034100 -0.050462
v 0.326121 0.068363 0.040430
v 0.324539 0.075713 -0.033809
v 0.320038 0.072681 0.042956
v 0.325601 0.058898 0.106095
v 0.319761 0.074569 0.082098
v -0.337779 0.062485 -0.103229
v -0.333010 0.087108 -0.065511
v -0.340301 0.062163 -0.142860
v -0.334226 0.088015 -0.104067
v -0.332741 0.062293 0.018481
v -0.328878 0.081358 0.054855
v -0.328822 0.060675 0.060436
v -0.325830 0.077739 0.096548
v -0.334159 0.055249 -0.061632
v -0.337420 0.050511 -0.142462
v -0.331953 0.049368 -0.100761
v -0.329657 0.055846 0.021532
v -0.330988 0.052652 -0.059380
v -0.326391 0.086903 0.009303
v -0.327423 0.102969 -0.065648
v -0.321028 0.085076 0.006244
v -0.321058 0.085323 0.092444
v -0.321622 0.087400 0.043983
v -0.080865 0.369753 -0.156611
v -0.084992 0.321920 -0.148220
v -0.124182 0.504244 -0.243992
v -0.155297 0.521712 -0.271050
v -0.064460 0.341325 -0.141325
v -0.127475 0.550691 -0.274542
v -0.143130 0.211595 -0.112230
v -0.166719 0.201302 -0.106471
v -0.161373 0.191448 -0.069885
v -0.264610 0.460629 -0.305057
v -0.245382 0.404387 -0.298874
v -0.292870 0.456768 -0.330281
v -0.216657 0.220582 -0.210381
v -0.214386 0.202114 -0.177191
v -0.233290 0.184928 -0.182949
v 0.082652 0.375178 -0.149372
v 0.087632 0.326624 -0.142953
v 0.107953 0.512142 -0.237556
v 0.132531 0.527713 -0.266579
v 0.068562 0.340146 -0.145387
v 0.105751 0.558102 -0.270993
v 0.142052 0.216380 -0.118338
v 0.165423 0.204098 -0.110165
v 0.161556 0.193268 -0.075885
v 0.227237 0.450392 -0.286974
v 0.227627 0.394359 -0.273101
v 0.255367 0.444739 -0.298751
v 0.214352 0.222908 -0.193254
v 0.212862 0.204044 -0.164841
v 0.231396 0.184525 -0.169738
v -0.157975 -0.548820 0.104138
v -0.174655 -0.535803 0.153788
v -0.167636 -0.702758 -0.053011
v -0.198952 -0.790187 -0.091399
v -0.141136 -0.558007 0.158705
v -0.126013 -0.747863 -0.099807
v -0.259902 -0.422948 0.212013
v -0.277770 -0.376928 0.193255
v -0.274311 -0.389154 0.243593
v -0.369056 -0.542358 -0.165554
v -0.365641 -0.436946 -0.130220
v -0.367661 -0.442333 -0.187218
v -0.332405 -0.271734 0.021360
v -0.321447 -0.271264 0.064094
v -0.328342 -0.215857 0.045508
v 0.160662 -0.546042 0.104555
v 0.176170 -0.531179 0.152961
v 0.170109 -0.706861 -0.049464
v 0.204731 -0.790627 -0.094661
v 0.143594 -0.552518 0.158852
v 0.127685 -0.751992 -0.097940
v 0.260876 -0.418526 0.209321
v 0.279821 -0.375856 0.191575
v 0.274774 -0.385732 0.240469
v 0.369128 -0.547654 -0.160296
v 0.366431 -0.444137 -0.122046
v 0.365862 -0.448132 -0.178661
v 0.336493 -0.280993 0.031130
v 0.325583 -0.278352 0.071618
v 0.333007 -0.226133 0.056683
v -0.027696 -0.566857 0.617695
v 0.039177 -0.579286 0.623671
v -0.217231 -0.550028 0.700607
v -0.210622 -0.442586 0.691777
v 0.006669 -0.567689 0.571564
v -0.272629 -0.498518 0.678492
v 0.250821 -0.555213 0.695771
v 0.251229 -0.449605 0.683552
v 0.296437 -0.504719 0.658367
v 0.125121 -0.194616 0.733246
v 0.165074 -0.224026 0.718369
v -0.012367 -0.168392 0.821675
v -0.083596 -0.210420 0.755484
v 0.165342 -0.166979 0.724004
v -0.079780 -0.155398 0.765028
v -0.005723 0.165243 0.141889
v 0.016017 0.165432 0.140171
v -0.076784 0.130720 0.255455
v -0.089271 0.116090 0.307986
v 0.005409 0.180131 0.087712
v -0.102951 0.125957 0.258315
v 0.087287 0.133034 0.248200
v 0.100211 0.116231 0.299895
v 0.113174 0.128190 0.249779
v 0.073076 0.087571 0.550985
v 0.094258 0.087833 0.505871
v -0.051995 0.092107 0.555414
v -0.078016 0.095087 0.516305
v 0.106951 0.074292 0.558685
v -0.085531 0.080522 0.566827
v -0.030184 -0.305813 -0.362228
v 0.006025 -0.304054 -0.359359
v -0.112521 -0.172569 -0.364532
v -0.112730 -0.114326 -0.368158
v -0.010085 -0.352666 -0.333810
v -0.138033 -0.154546 -0.352092
v 0.091943 -0.174114 -0.375760
v 0.092353 -0.117914 -0.378340
v 0.121056 -0.156543 -0.362003
v 0.036143 0.010984 -0.486378
v 0.054979 0.009855 -0.456226
v -0.062060 0.011111 -0.482501
v -0.080521 0.010531 -0.450417
v 0.066384 0.010058 -0.499573
v -0.090683 0.010703 -0.495089
v -0.045969 0.626635 -0.614581
v 0.016127 0.627479 -0.617222
v -0.186875 0.474868 -0.663419
v -0.197877 0.410830 -0.684111
v -0.019522 0.669243 -0.578336
v -0.228388 0.444549 -0.654791
v 0.177039 0.478621 -0.666202
v 0.188763 0.413784 -0.686667
v 0.223678 0.450277 -0.658143
v 0.086235 0.205534 -0.776897
v 0.135985 0.233793 -0.789087
v -0.104778 0.207236 -0.774675
v -0.151245 0.235616 -0.787978
v 0.136378 0.174992 -0.792925
v -0.154840 0.178614 -0.788076
v 0.307800 0.126458 -0.362769
v 0.305326 0.134631 -0.396343
v 0.340991 0.044904 -0.230902
v 0.342337 0.046804 -0.192013
v 0.298135 0.163262 -0.399525
v 0.339945 0.043622 -0.196894
v 0.284054 0.030446 -0.219373
v 0.273204 0.031882 -0.261096
v 0.315858 0.069573 -0.113460
v 0.322738 0.071803 -0.111229
v 0.270518 0.008685 -0.237043
v 0.317150 0.071206 -0.074165
v 0.273932 0.069994 -0.404770
v 0.285505 0.086868 -0.430299
v 0.271291 0.075662 -0.455997
v 0.291011 0.041817 0.203780
v 0.283154 0.036271 0.248119
v 0.322681 0.032720 0.106058
v 0.328186 0.033555 0.102309
v 0.278052 0.049822 0.215945
v 0.327915 0.032398 0.066314
v 0.317287 -0.069458 0.323894
v 0.315929 -0.077134 0.359154
v 0.314914 0.037991 0.201337
v 0.321546 0.056448 0.171574
v 0.319632 -0.108148 0.356824
v 0.318995 0.044855 0.166395
v 0.289601 -0.033798 0.405993
v 0.281797 -0.014473 0.388154
v 0.277613 -0.029283 0.434048
v -0.311383 0.132845 -0.383195
v -0.309516 0.138839 -0.414537
v -0.341665 0.053424 -0.251533
v -0.341612 0.054153 -0.217155
v -0.303209 0.166249 -0.418428
v -0.336268 0.050903 -0.217270
v -0.282924 0.032392 -0.240421
v -0.273759 0.032670 -0.279482
v -0.320396 0.082297 -0.146351
v -0.328043 0.086920 -0.143835
v -0.269344 0.011811 -0.254523
v -0.321195 0.091122 -0.108550
v -0.277904 0.072272 -0.416856
v -0.288814 0.089638 -0.441745
v -0.275156 0.078986 -0.464192
v -0.283800 0.054345 0.213886
v -0.275047 0.046230 0.258816
v -0.313084 0.053933 0.109352
v -0.318292 0.053907 0.104012
v -0.270266 0.059685 0.226523
v -0.319768 0.054879 0.066977
v -0.313301 -0.070730 0.330030
v -0.311483 -0.077739 0.367691
v -0.313326 0.042064 0.203947
v -0.317618 0.068272 0.177202
v -0.315923 -0.107813 0.365643
v -0.312139 0.064762 0.166852
v -0.281089 -0.026655 0.419309
v -0.272906 -0.005919 0.401237
v -0.266661 -0.019555 0.448984
v -0.001735 0.277114 -0.131526
v 0.013102 0.276697 -0.133001
v 0.005884 0.236815 -0.116534
v -0.046295 0.669428 -0.347558
v 0.003837 0.666425 -0.347939
v -0.027900 0.689080 -0.388620
v -0.187765 0.138604 0.113714
v -0.178733 0.130381 0.162399
v -0.202869 0.115957 0.159640
v -0.282440 0.407809 -0.460073
v -0.280488 0.396195 -0.503473
v -0.282907 0.343740 -0.474408
v -0.304813 0.080052 -0.129539
v -0.319281 0.058259 -0.135935
v -0.318953 0.056998 -0.094095
v 0.193610 0.136725 0.102738
v 0.186028 0.128997 0.150085
v 0.209229 0.112772 0.148523
v 0.300679 0.434654 -0.420255
v 0.289892 0.419602 -0.482231
v 0.282505 0.359383 -0.448132
v 0.302675 0.081099 -0.118764
v 0.318007 0.058002 -0.124339
v 0.319268 0.054161 -0.085532
v -0.019736 -0.589638 0.283733
v 0.026219 -0.591053 0.283224
v 0.003013 -0.590838 0.343420
v -0.026413 -0.526126 -0.186084
v 0.021022 -0.523607 -0.187654
v -0.003447 -0.510330 -0.221025
v -0.311658 -0.347121 0.406555
v -0.319639 -0.361931 0.465802
v -0.319924 -0.294062 0.425189
v -0.280966 -0.206378 -0.264653
v -0.247487 -0.175089 -0.287632
v -0.261842 -0.136567 -0.263770
v -0.316573 -0.014972 0.047434
v -0.314657 0.031201 0.024655
v -0.314463 0.022068 0.061107
v 0.311781 -0.345828 0.393429
v 0.319032 -0.361807 0.447654
v 0.322389 -0.293737 0.410068
v 0.290273 -0.206989 -0.266894
v 0.249260 -0.177615 -0.290176
v 0.267032 -0.138829 -0.263559
v 0.323596 -0.032203 0.070351
v 0.318852 0.016015 0.054866
v 0.320498 0.005984 0.087282
v 0.204541 -0.041703 0.632714
v 0.194366 -0.010680 0.611593
v 0.222967 -0.028786 0.589466
v -0.171221 -0.031165 0.655266
v -0.165181 -0.000321 0.629494
v -0.199823 -0.015809 0.612546
v 0.177309 0.016085 -0.624646
v 0.201382 0.034102 -0.681082
v 0.215397 0.038420 -0.618528
v -0.193480 0.028967 -0.616799
v -0.220065 0.040429 -0.675999
v -0.229541 0.047211 -0.613719
f 1 647 644
f 1 644 643
f 1 643 645
f 1 645 646
f 1 646 647
f 2 649 652
f 6 672 670
f 12 702 699
f 11 696 695
f 8 679 681
f 4 662 659
f 4 659 658
f 4 658 660
f 4 660 661
f 4 661 662
f 5 666 665
f 3 654 657
f 7 673 677
f 9 685 686
f 10 692 688
f 12 701 698
f 6 669 668
f 2 650 648
f 8 682 678
f 11 697 693
f 6 671 669
f 12 700 701
f 11 694 697
f 8 680 682
f 2 651 650
f 10 690 689
f 5 663 664
f 3 655 653
f 7 676 674
f 9 687 684
f 10 691 690
f 5 667 663
f 3 656 655
f 7 675 676
f 9 683 687
f 6 668 672
f 2 648 649
f 8 678 679
f 11 693 696
f 12 698 702
f 10 688 691
f 5 665 667
f 3 657 656
f 7 677 675
f 9 686 683
f 5 664 666
f 3 653 654
f 7 674 673
f 9 684 685
f 10 689 692
f 6 670 671
f 12 699 700
f 11 695 694
f 8 681 680
f 2 652 651
f 35 837 838
f 18 735 736
f 19 742 741
f 40 868 867
f 42 880 879
f 34 832 831
f 33 827 828
f 25 778 780
f 36 844 846
f 20 749 747
f 32 819 820
f 23 765 767
f 24 773 771
f 37 850 849
f 41 876 875
f 34 833 834
f 33 826 825
f 25 779 777
f 36 845 843
f 20 748 750
f 17 729 727
f 14 711 709
f 13 706 703
f 15 718 715
f 16 724 721
f 18 737 733
f 35 839 835
f 42 882 878
f 40 870 866
f 19 744 740
f 30 807 805
f 27 789 787
f 22 762 758
f 28 797 793
f 29 802 799
f 32 821 817
f 23 766 763
f 24 774 770
f 37 852 848
f 41 874 872
f 35 838 836
f 18 736 734
f 19 741 739
f 40 867 865
f 42 879 877
f 34 831 829
f 33 828 824
f 25 780 776
f 36 846 842
f 20 747 745
f 32 820 818
f 23 767 764
f 24 771 769
f 37 849 847
f 41 875 871
f 34 834 830
f 33 825 823
f 25 777 775
f 36 843 841
f 20 750 746
f 14 714 710
f 13 707 704
f 15 719 716
f 16 725 722
f 17 732 728
f 21 755 752
f 31 814 811
f 26 784 781
f 38 857 853
f 39 862 860
f 27 792 788
f 22 759 757
f 28 796 794
f 29 803 800
f 30 810 806
f 31 815 812
f 26 785 782
f 38 856 854
f 39 863 859
f 21 754 751
f 14 712 714
f 13 705 707
f 15 717 719
f 16 723 725
f 17 730 732
f 21 753 755
f 31 816 814
f 26 786 784
f 38 858 857
f 39 861 862
f 27 791 792
f 22 761 759
f 28 795 796
f 29 801 803
f 30 808 810
f 31 813 815
f 26 783 785
f 38 855 856
f 39 864 863
f 21 756 754
f 14 709 712
f 13 703 705
f 15 715 717
f 16 721 723
f 17 727 730
f 21 751 753
f 31 812 816
f 26 782 786
f 38 854 858
f 39 859 861
f 27 787 791
f 22 758 761
f 28 793 795
f 29 799 801
f 30 805 808
f 31 811 813
f 26 781 783
f 38 853 855
f 39 860 864
f 21 752 756
f 17 728 731
f 14 710 713
f 13 704 708
f 15 716 720
f 16 722 726
f 18 734 738
f 35 836 840
f 42 877 881
f 40 865 869
f 19 739 743
f 30 806 809
f 27 788 790
f 22 757 760
f 28 794 798
f 29 800 804
f 32 818 822
f 23 764 768
f 24 769 772
f 37 847 851
f 41 871 873
f 35 835 837
f 18 733 735
f 19 740 742
f 40 866 868
f 42 878 880
f 34 830 832
f 33 823 827
f 25 775 778
f 36 841 844
f 20 746 749
f 32 817 819
f 23 763 765
f 24 770 773
f 37 848 850
f 41 872 876
f 34 829 833
f 33 824 826
f 25 776 779
f 36 842 845
f 20 745 748
f 17 731 729
f 14 713 711
f 13 708 706
f 15 720 718
f 16 726 724
f 18 738 737
f 35 840 839
f 42 881 882
f 40 869 870
f 19 743 744
f 30 809 807
f 27 790 789
f 22 760 762
f 28 798 797
f 29 804 802
f 32 822 821
f 23 768 766
f 24 772 774
f 37 851 852
f 41 873 874
f 107 1269 1270
f 103 1245 1246
f 104 1252 1251
f 110 1288 1287
f 113 1306 1305
f 118 1336 1335
f 154 1551 1552
f 141 1473 1474
f 162 1599 1600
f 121 1354 1353
f 142 1479 1480
f 129 1401 1402
f 130 1408 1407
f 144 1492 1491
f 146 1504 1503
f 151 1533 1534
f 131 1414 1413
f 136 1444 1443
f 161 1594 1593
f 126 1383 1384
f 116 1323 1324
f 108 1275 1276
f 106 1263 1264
f 112 1299 1300
f 115 1317 1318
f 119 1341 1342
f 156 1564 1563
f 139 1462 1461
f 160 1588 1587
f 120 1347 1348
f 149 1521 1522
f 132 1420 1419
f 128 1395 1396
f 145 1497 1498
f 148 1515 1516
f 155 1557 1558
f 133 1425 1426
f 134 1431 1432
f 157 1570 1569
f 124 1372 1371
f 109 1282 1281
f 105 1258 1257
f 111 1294 1293
f 114 1312 1311
f 117 1330 1329
f 125 1378 1377
f 152 1540 1539
f 137 1449 1450
f 158 1575 1576
f 123 1365 1366
f 143 1486 1485
f 127 1390 1389
f 135 1437 1438
f 147 1510 1509
f 150 1528 1527
f 153 1546 1545
f 140 1468 1467
f 138 1455 1456
f 159 1581 1582
f 122 1359 1360
f 107 1272 1271
f 103 1248 1247
f 104 1253 1254
f 110 1289 1290
f 113 1307 1308
f 118 1337 1338
f 154 1554 1553
f 141 1476 1475
f 162 1602 1601
f 121 1355 1356
f 142 1482 1481
f 129 1404 1403
f 130 1409 1410
f 144 1493 1494
f 146 1505 1506
f 151 1536 1535
f 131 1415 1416
f 136 1445 1446
f 161 1595 1596
f 126 1386 1385
f 47 909 907
f 44 891 889
f 43 886 883
f 45 898 895
f 46 904 901
f 49 922 919
f 72 1060 1057
f 102 1240 1237
f 96 1204 1201
f 79 1102 1099
f 62 999 997
f 59 981 979
f 58 976 973
f 60 988 985
f 61 994 991
f 66 1024 1021
f 54 952 949
f 73 1066 1063
f 85 1138 1135
f 92 1179 1177
f 101 1233 1231
f 69 1041 1039
f 50 927 925
f 82 1119 1117
f 97 1209 1207
f 71 1053 1051
f 100 1228 1225
f 94 1192 1189
f 80 1108 1105
f 51 933 931
f 90 1167 1165
f 63 1005 1003
f 55 957 955
f 76 1083 1081
f 87 1150 1147
f 91 1174 1171
f 67 1029 1027
f 56 963 961
f 75 1077 1075
f 83 1126 1123
f 68 1036 1033
f 48 915 913
f 78 1095 1093
f 93 1185 1183
f 98 1216 1213
f 88 1155 1153
f 65 1018 1015
f 57 970 967
f 77 1090 1087
f 86 1143 1141
f 64 1012 1009
f 53 945 943
f 74 1071 1069
f 84 1131 1129
f 89 1162 1159
f 70 1047 1045
f 99 1221 1219
f 95 1197 1195
f 81 1114 1111
f 52 940 937
f 109 1284 1280
f 105 1260 1256
f 111 1296 1292
f 114 1314 1310
f 117 1332 1328
f 125 1380 1376
f 152 1542 1538
f 137 1451 1447
f 158 1577 1573
f 123 1367 1363
f 143 1488 1484
f 127 1392 1388
f 135 1439 1435
f 147 1512 1508
f 150 1530 1526
f 153 1548 1544
f 140 1470 1466
f 138 1457 1453
f 159 1583 1579
f 122 1361 1357
f 107 1270 1268
f 103 1246 1244
f 104 1251 1249
f 110 1287 1285
f 113 1305 1303
f 118 1335 1333
f 154 1552 1550
f 141 1474 1472
f 162 1600 1598
f 121 1353 1351
f 142 1480 1478
f 129 1402 1400
f 130 1407 1405
f 144 1491 1489
f 146 1503 1501
f 151 1534 1532
f 131 1413 1411
f 136 1443 1441
f 161 1593 1591
f 126 1384 1382
f 116 1324 1322
f 108 1276 1274
f 106 1264 1262
f 112 1300 1298
f 115 1318 1316
f 119 1342 1340
f 156 1563 1561
f 139 1461 1459
f 160 1587 1585
f 120 1348 1346
f 149 1522 1520
f 132 1419 1417
f 128 1396 1394
f 145 1498 1496
f 148 1516 1514
f 155 1558 1556
f 133 1426 1424
f 134 1432 1430
f 157 1569 1567
f 124 1371 1369
f 109 1281 1279
f 105 1257 1255
f 111 1293 1291
f 114 1311 1309
f 117 1329 1327
f 125 1377 1375
f 152 1539 1537
f 137 1450 1448
f 158 1576 1574
f 123 1366 1364
f 143 1485 1483
f 127 1389 1387
f 135 1438 1436
f 147 1509 1507
f 150 1527 1525
f 153 1545 1543
f 140 1467 1465
f 138 1456 1454
f 159 1582 1580
f 122 1360 1358
f 107 1271 1267
f 103 1247 1243
f 104 1254 1250
f 110 1290 1286
f 113 1308 1304
f 118 1338 1334
f 154 1553 1549
f 141 1475 1471
f 162 1601 1597
f 121 1356 1352
f 142 1481 1477
f 129 1403 1399
f 130 1410 1406
f 144 1494 1490
f 146 1506 1502
f 151 1535 1531
f 131 1416 1412
f 136 1446 1442
f 161 1596 1592
f 126 1385 1381
f 44 894 890
f 43 887 884
f 45 899 896
f 46 905 902
f 47 912 908
f 52 941 938
f 70 1050 1046
f 99 1224 1220
f 95 1200 1196
f 81 1115 1112
f 59 984 980
f 58 977 974
f 60 989 986
f 61 995 992
f 62 1002 998
f 65 1019 1016
f 57 971 968
f 77 1091 1088
f 86 1146 1142
f 88 1158 1154
f 98 1217 1214
f 68 1037 1034
f 48 918 914
f 78 1098 1094
f 93 1188 1184
f 69 1044 1040
f 101 1236 1232
f 97 1212 1208
f 82 1122 1118
f 50 930 926
f 89 1163 1160
f 64 1013 1010
f 53 948 944
f 74 1074 1070
f 84 1134 1130
f 90 1170 1166
f 63 1008 1004
f 55 960 956
f 76 1086 1082
f 87 1151 1148
f 72 1061 1058
f 49 923 920
f 79 1103 1100
f 96 1205 1202
f 102 1241 1238
f 91 1175 1172
f 67 1032 1028
f 56 966 962
f 75 1080 1076
f 83 1127 1124
f 66 1025 1022
f 54 953 950
f 73 1067 1064
f 85 1139 1136
f 92 1182 1178
f 71 1056 1052
f 100 1229 1226
f 94 1193 1190
f 80 1109 1106
f 51 936 932
f 116 1325 1321
f 108 1277 1273
f 106 1265 1261
f 112 1301 1297
f 115 1319 1315
f 119 1343 1339
f 156 1566 1562
f 139 1464 1460
f 160 1590 1586
f 120 1349 1345
f 149 1523 1519
f 132 1422 1418
f 128 1397 1393
f 145 1499 1495
f 148 1517 1513
f 155 1559 1555
f 133 1427 1423
f 134 1433 1429
f 157 1572 1568
f 124 1374 1370
f 44 892 894
f 43 885 887
f 45 897 899
f 46 903 905
f 47 910 912
f 52 939 941
f 70 1048 1050
f 99 1222 1224
f 95 1198 1200
f 81 1113 1115
f 59 982 984
f 58 975 977
f 60 987 989
f 61 993 995
f 62 1000 1002
f 65 1017 1019
f 57 969 971
f 77 1089 1091
f 86 1144 1146
f 88 1156 1158
f 98 1215 1217
f 68 1035 1037
f 48 916 918
f 78 1096 1098
f 93 1186 1188
f 69 1042 1044
f 101 1234 1236
f 97 1210 1212
f 82 1120 1122
f 50 928 930
f 89 1161 1163
f 64 1011 1013
f 53 946 948
f 74 1072 1074
f 84 1132 1134
f 90 1168 1170
f 63 1006 1008
f 55 958 960
f 76 1084 1086
f 87 1149 1151
f 72 1059 1061
f 49 921 923
f 79 1101 1103
f 96 1203 1205
f 102 1239 1241
f 91 1173 1175
f 67 1030 1032
f 56 964 966
f 75 1078 1080
f 83 1125 1127
f 66 1023 1025
f 54 951 953
f 73 1065 1067
f 85 1137 1139
f 92 1180 1182
f 71 1054 1056
f 100 1227 1229
f 94 1191 1193
f 80 1107 1109
f 51 934 936
f 116 1326 1325
f 108 1278 1277
f 106 1266 1265
f 112 1302 1301
f 115 1320 1319
f 119 1344 1343
f 156 1565 1566
f 139 1463 1464
f 160 1589 1590
f 120 1350 1349
f 149 1524 1523
f 132 1421 1422
f 128 1398 1397
f 145 1500 1499
f 148 1518 1517
f 155 1560 1559
f 133 1428 1427
f 134 1434 1433
f 157 1571 1572
f 124 1373 1374
f 44 889 892
f 43 883 885
f 45 895 897
f 46 901 903
f 47 907 910
f 52 937 939
f 70 1045 1048
f 99 1219 1222
f 95 1195 1198
f 81 1111 1113
f 59 979 982
f 58 973 975
f 60 985 987
f 61 991 993
f 62 997 1000
f 65 1015 1017
f 57 967 969
f 77 1087 1089
f 86 1141 1144
f 88 1153 1156
f 98 1213 1215
f 68 1033 1035
f 48 913 916
f 78 1093 1096
f 93 1183 1186
f 69 1039 1042
f 101 1231 1234
f 97 1207 1210
f 82 1117 1120
f 50 925 928
f 89 1159 1161
f 64 1009 1011
f 53 943 946
f 74 1069 1072
f 84 1129 1132
f 90 1165 1168
f 63 1003 1006
f 55 955 958
f 76 1081 1084
f 87 1147 1149
f 72 1057 1059
f 49 919 921
f 79 1099 1101
f 96 1201 1203
f 102 1237 1239
f 91 1171 1173
f 67 1027 1030
f 56 961 964
f 75 1075 1078
f 83 1123 1125
f 66 1021 1023
f 54 949 951
f 73 1063 1065
f 85 1135 1137
f 92 1177 1180
f 71 1051 1054
f 100 1225 1227
f 94 1189 1191
f 80 1105 1107
f 51 931 934
f 116 1322 1326
f 108 1274 1278
f 106 1262 1266
f 112 1298 1302
f 115 1316 1320
f 119 1340 1344
f 156 1561 1565
f 139 1459 1463
f 160 1585 1589
f 120 1346 1350
f 149 1520 1524
f 132 1417 1421
f 128 1394 1398
f 145 1496 1500
f 148 1514 1518
f 155 1556 1560
f 133 1424 1428
f 134 1430 1434
f 157 1567 1571
f 124 1369 1373
f 47 908 911
f 44 890 893
f 43 884 888
f 45 896 900
f 46 902 906
f 49 920 924
f 72 1058 1062
f 102 1238 1242
f 96 1202 1206
f 79 1100 1104
f 62 998 1001
f 59 980 983
f 58 974 978
f 60 986 990
f 61 992 996
f 66 1022 1026
f 54 950 954
f 73 1064 1068
f 85 1136 1140
f 92 1178 1181
f 101 1232 1235
f 69 1040 1043
f 50 926 929
f 82 1118 1121
f 97 1208 1211
f 71 1052 1055
f 100 1226 1230
f 94 1190 1194
f 80 1106 1110
f 51 932 935
f 90 1166 1169
f 63 1004 1007
f 55 956 959
f 76 1082 1085
f 87 1148 1152
f 91 1172 1176
f 67 1028 1031
f 56 962 965
f 75 1076 1079
f 83 1124 1128
f 68 1034 1038
f 48 914 917
f 78 1094 1097
f 93 1184 1187
f 98 1214 1218
f 88 1154 1157
f 65 1016 1020
f 57 968 972
f 77 1088 1092
f 86 1142 1145
f 64 1010 1014
f 53 944 947
f 74 1070 1073
f 84 1130 1133
f 89 1160 1164
f 70 1046 1049
f 99 1220 1223
f 95 1196 1199
f 81 1112 1116
f 52 938 942
f 109 1279 1283
f 105 1255 1259
f 111 1291 1295
f 114 1309 1313
f 117 1327 1331
f 125 1375 1379
f 152 1537 1541
f 137 1448 1452
f 158 1574 1578
f 123 1364 1368
f 143 1483 1487
f 127 1387 1391
f 135 1436 1440
f 147 1507 1511
f 150 1525 1529
f 153 1543 1547
f 140 1465 1469
f 138 1454 1458
f 159 1580 1584
f 122 1358 1362
f 107 1267 1269
f 103 1243 1245
f 104 1250 1252
f 110 1286 1288
f 113 1304 1306
f 118 1334 1336
f 154 1549 1551
f 141 1471 1473
f 162 1597 1599
f 121 1352 1354
f 142 1477 1479
f 129 1399 1401
f 130 1406 1408
f 144 1490 1492
f 146 1502 1504
f 151 1531 1533
f 131 1412 1414
f 136 1442 1444
f 161 1592 1594
f 126 1381 1383
f 116 1321 1323
f 108 1273 1275
f 106 1261 1263
f 112 1297 1299
f 115 1315 1317
f 119 1339 1341
f 156 1562 1564
f 139 1460 1462
f 160 1586 1588
f 120 1345 1347
f 149 1519 1521
f 132 1418 1420
f 128 1393 1395
f 145 1495 1497
f 148 1513 1515
f 155 1555 1557
f 133 1423 1425
f 134 1429 1431
f 157 1568 1570
f 124 1370 1372
f 109 1280 1282
f 105 1256 1258
f 111 1292 1294
f 114 1310 1312
f 117 1328 1330
f 125 1376 1378
f 152 1538 1540
f 137 1447 1449
f 158 1573 1575
f 123 1363 1365
f 143 1484 1486
f 127 1388 1390
f 135 1435 1437
f 147 1508 1510
f 150 1526 1528
f 153 1544 1546
f 140 1466 1468
f 138 1453 1455
f 159 1579 1581
f 122 1357 1359
f 107 1268 1272
f 103 1244 1248
f 104 1249 1253
f 110 1285 1289
f 113 1303 1307
f 118 1333 1337
f 154 1550 1554
f 141 1472 1476
f 162 1598 1602
f 121 1351 1355
f 142 1478 1482
f 129 1400 1404
f 130 1405 1409
f 144 1489 1493
f 146 1501 1505
f 151 1532 1536
f 131 1411 1415
f 136 1441 1445
f 161 1591 1595
f 126 1382 1386
f 47 911 909
f 44 893 891
f 43 888 886
f 45 900 898
f 46 906 904
f 49 924 922
f 72 1062 1060
f 102 1242 1240
f 96 1206 1204
f 79 1104 1102
f 62 1001 999
f 59 983 981
f 58 978 976
f 60 990 988
f 61 996 994
f 66 1026 1024
f 54 954 952
f 73 1068 1066
f 85 1140 1138
f 92 1181 1179
f 101 1235 1233
f 69 1043 1041
f 50 929 927
f 82 1121 1119
f 97 1211 1209
f 71 1055 1053
f 100 1230 1228
f 94 1194 1192
f 80 1110 1108
f 51 935 933
f 90 1169 1167
f 63 1007 1005
f 55 959 957
f 76 1085 1083
f 87 1152 1150
f 91 1176 1174
f 67 1031 1029
f 56 965 963
f 75 1079 1077
f 83 1128 1126
f 68 1038 1036
f 48 917 915
f 78 1097 1095
f 93 1187 1185
f 98 1218 1216
f 88 1157 1155
f 65 1020 1018
f 57 972 970
f 77 1092 1090
f 86 1145 1143
f 64 1014 1012
f 53 947 945
f 74 1073 1071
f 84 1133 1131
f 89 1164 1162
f 70 1049 1047
f 99 1223 1221
f 95 1199 1197
f 81 1116 1114
f 52 942 940
f 109 1283 1284
f 105 1259 1260
f 111 1295 1296
f 114 1313 1314
f 117 1331 1332
f 125 1379 1380
f 152 1541 1542
f 137 1452 1451
f 158 1578 1577
f 123 1368 1367
f 143 1487 1488
f 127 1391 1392
f 135 1440 1439
f 147 1511 1512
f 150 1529 1530
f 153 1547 1548
f 140 1469 1470
f 138 1458 1457
f 159 1584 1583
f 122 1362 1361
f 407 1609 1616
f 403 1605 1608
f 404 1611 1606
f 410 1614 1612
f 413 1617 1615
f 422 1631 1624
f 486 1688 1692
f 573 1775 1782
f 561 1763 1765
f 512 1719 1714
f 452 1654 1661
f 448 1650 1653
f 449 1656 1651
f 455 1659 1657
f 458 1662 1660
f 470 1672 1675
f 437 1646 1639
f 494 1706 1696
f 531 1735 1733
f 539 1741 1751
f 568 1770 1779
f 478 1680 1683
f 419 1621 1626
f 509 1711 1721
f 554 1756 1766
f 482 1684 1689
f 576 1780 1778
f 558 1767 1760
f 516 1722 1718
f 425 1627 1629
f 542 1744 1747
f 463 1668 1665
f 434 1636 1641
f 497 1699 1704
f 528 1730 1737
f 546 1748 1750
f 464 1666 1676
f 440 1642 1644
f 500 1705 1702
f 524 1736 1726
f 479 1691 1681
f 418 1623 1620
f 508 1713 1710
f 553 1764 1755
f 569 1781 1771
f 538 1749 1740
f 471 1677 1673
f 443 1645 1647
f 501 1703 1707
f 523 1725 1734
f 467 1674 1669
f 433 1638 1635
f 493 1695 1698
f 527 1732 1729
f 543 1752 1745
f 485 1690 1687
f 572 1777 1774
f 557 1759 1762
f 515 1717 1720
f 428 1630 1632
f 591 2191 2189
f 587 1885 1883
f 588 1901 1903
f 594 2279 2281
f 597 2315 2317
f 600 2171 2173
f 634 2160 2158
f 619 2016 2012
f 639 2214 2210
f 602 1919 1924
f 624 2137 2135
f 608 1978 1973
f 610 1991 1996
f 627 2225 2227
f 630 2302 2304
f 635 2178 2176
f 615 2153 2155
f 617 2009 2014
f 637 2207 2212
f 604 1926 1922
f 416 1857 1864
f 408 1803 1810
f 406 1786 1795
f 412 1822 1831
f 415 1840 1849
f 424 1876 1887
f 492 2182 2193
f 582 2312 2321
f 565 2276 2285
f 514 1898 1907
f 461 2091 2098
f 453 2037 2044
f 451 1952 1961
f 457 2056 2067
f 460 2074 2083
f 475 2128 2139
f 439 1966 1975
f 496 1988 1997
f 533 2222 2231
f 551 2293 2298
f 579 2185 2190
f 483 1879 1884
f 426 1893 1900
f 521 2271 2278
f 566 2307 2314
f 489 2163 2170
f 578 2150 2159
f 560 2006 2015
f 518 2204 2213
f 429 1911 1918
f 547 2131 2136
f 465 1969 1977
f 441 1983 1990
f 504 2217 2224
f 537 2290 2301
f 550 2168 2177
f 476 2145 2152
f 444 2001 2008
f 502 2199 2206
f 526 1916 1925
f 481 1808 1817
f 420 1789 1797
f 510 1825 1833
f 555 1843 1851
f 571 1862 1871
f 540 1933 1941
f 473 2110 2119
f 447 2020 2029
f 507 2236 2247
f 534 2257 2262
f 469 2042 2051
f 435 1947 1954
f 498 2059 2064
f 529 2077 2085
f 545 2096 2105
f 487 2113 2121
f 574 2023 2031
f 562 2239 2244
f 520 2254 2265
f 432 1930 1939
f 589 1818 1814
f 583 1798 1793
f 586 1834 1829
f 593 1852 1847
f 596 1872 1868
f 599 1942 1937
f 633 2120 2124
f 620 2030 2034
f 640 2248 2250
f 603 2263 2261
f 622 2052 2050
f 607 1955 1960
f 612 2065 2063
f 626 2086 2081
f 629 2106 2102
f 631 2122 2117
f 614 2032 2027
f 618 2245 2243
f 641 2266 2268
f 605 1940 1944
f 409 1813 1804
f 405 1792 1785
f 411 1828 1821
f 414 1846 1839
f 417 1867 1858
f 431 1936 1929
f 488 2123 2114
f 575 2033 2024
f 563 2249 2240
f 519 2260 2253
f 454 2049 2038
f 450 1959 1951
f 456 2062 2055
f 459 2080 2073
f 462 2101 2092
f 472 2116 2109
f 446 2026 2019
f 506 2242 2235
f 535 2267 2258
f 541 1943 1934
f 570 1869 1861
f 480 1815 1807
f 421 1799 1790
f 511 1835 1826
f 556 1853 1844
f 484 1889 1880
f 580 2195 2186
f 567 2319 2308
f 522 2283 2272
f 427 1905 1894
f 544 2103 2095
f 468 2046 2041
f 436 1957 1948
f 499 2069 2060
f 530 2087 2078
f 548 2141 2132
f 466 1979 1970
f 442 1993 1984
f 505 2229 2218
f 536 2296 2289
f 491 2188 2181
f 423 1882 1875
f 513 1902 1897
f 564 2280 2275
f 581 2316 2311
f 549 2172 2167
f 477 2157 2146
f 445 2011 2002
f 503 2209 2200
f 525 1923 1915
f 474 2134 2127
f 438 1972 1965
f 495 1995 1987
f 532 2226 2221
f 552 2303 2294
f 490 2175 2164
f 577 2154 2149
f 559 2013 2005
f 517 2211 2203
f 430 1921 1912
f 590 1865 1870
f 584 1811 1816
f 585 1796 1800
f 592 1832 1836
f 595 1850 1854
f 598 1888 1890
f 636 2194 2196
f 621 2322 2320
f 642 2286 2284
f 601 1908 1906
f 623 2099 2104
f 611 2045 2047
f 609 1962 1958
f 625 2068 2070
f 628 2084 2088
f 632 2140 2142
f 613 1976 1980
f 616 1998 1994
f 638 2232 2230
f 606 2299 2297
f 407 2330 2329
f 403 2324 2323
f 404 2325 2326
f 410 2332 2333
f 413 2335 2336
f 422 2344 2345
f 486 2410 2409
f 573 2497 2496
f 561 2486 2485
f 512 2434 2435
f 452 2375 2374
f 448 2369 2368
f 449 2370 2371
f 455 2377 2378
f 458 2380 2381
f 470 2393 2392
f 437 2359 2360
f 494 2415 2416
f 531 2455 2456
f 539 2461 2460
f 568 2489 2488
f 478 2399 2398
f 419 2341 2340
f 509 2431 2430
f 554 2476 2475
f 482 2405 2404
f 576 2500 2501
f 558 2481 2482
f 516 2439 2440
f 425 2348 2347
f 542 2465 2464
f 463 2383 2384
f 434 2356 2355
f 497 2420 2419
f 528 2452 2451
f 546 2471 2470
f 464 2386 2385
f 440 2363 2362
f 500 2422 2423
f 524 2445 2446
f 479 2400 2401
f 418 2338 2339
f 508 2428 2429
f 553 2473 2474
f 569 2490 2491
f 538 2458 2459
f 471 2394 2395
f 443 2366 2365
f 501 2425 2424
f 523 2444 2443
f 467 2389 2390
f 433 2353 2354
f 493 2414 2413
f 527 2449 2450
f 543 2466 2467
f 485 2407 2408
f 572 2494 2495
f 557 2480 2479
f 515 2438 2437
f 428 2351 2350
f 591 2510 2511
f 587 2504 2505
f 588 2508 2507
f 594 2514 2513
f 597 2517 2516
f 600 2520 2519
f 634 2554 2556
f 619 2539 2540
f 639 2560 2561
f 602 2523 2521
f 624 2543 2544
f 608 2527 2529
f 610 2532 2530
f 627 2547 2546
f 630 2550 2549
f 635 2552 2553
f 615 2535 2534
f 617 2538 2536
f 637 2558 2557
f 604 2524 2525
f 167 1607 647
f 164 1603 644
f 163 1604 643
f 165 1610 645
f 166 1613 646
f 169 1622 649
f 192 1686 672
f 222 1773 702
f 216 1761 696
f 199 1712 679
f 182 1652 662
f 179 1648 659
f 178 1649 658
f 180 1655 660
f 181 1658 661
f 186 1670 666
f 174 1637 654
f 193 1694 673
f 205 1731 685
f 212 1739 692
f 221 1768 701
f 189 1678 669
f 170 1619 650
f 202 1709 682
f 217 1754 697
f 191 1682 671
f 220 1776 700
f 214 1758 694
f 200 1716 680
f 171 1625 651
f 210 1742 690
f 183 1663 663
f 175 1634 655
f 196 1697 676
f 207 1728 687
f 211 1746 691
f 187 1664 667
f 176 1640 656
f 195 1700 675
f 203 1724 683
f 188 1679 668
f 168 1618 648
f 198 1708 678
f 213 1753 693
f 218 1769 698
f 208 1738 688
f 185 1671 665
f 177 1643 657
f 197 1701 677
f 206 1723 686
f 184 1667 664
f 173 1633 653
f 194 1693 674
f 204 1727 684
f 209 1743 689
f 190 1685 670
f 219 1772 699
f 215 1757 695
f 201 1715 681
f 172 1628 652
f 357 2187 837
f 255 1881 735
f 262 1899 742
f 388 2277 868
f 400 2313 880
f 352 2169 832
f 347 2156 827
f 298 2010 778
f 364 2208 844
f 269 1917 749
f 339 2133 819
f 285 1971 765
f 293 1989 773
f 370 2223 850
f 396 2300 876
f 353 2174 833
f 346 2151 826
f 299 2007 779
f 365 2205 845
f 268 1920 748
f 249 1855 729
f 231 1801 711
f 226 1784 706
f 238 1820 718
f 244 1838 724
f 257 1874 737
f 359 2180 839
f 402 2310 882
f 390 2274 870
f 264 1896 744
f 327 2089 807
f 309 2035 789
f 282 1950 762
f 317 2054 797
f 322 2072 802
f 341 2126 821
f 286 1964 766
f 294 1986 774
f 372 2220 852
f 394 2291 874
f 358 2183 838
f 256 1877 736
f 261 1891 741
f 387 2269 867
f 399 2305 879
f 351 2161 831
f 348 2148 828
f 300 2004 780
f 366 2202 846
f 267 1909 747
f 340 2129 820
f 287 1967 767
f 291 1981 771
f 369 2215 849
f 395 2288 875
f 354 2166 834
f 345 2143 825
f 297 1999 777
f 363 2197 843
f 270 1914 750
f 234 1806 714
f 227 1787 707
f 239 1823 719
f 245 1841 725
f 252 1860 732
f 275 1931 755
f 334 2108 814
f 304 2018 784
f 377 2234 857
f 382 2255 862
f 312 2040 792
f 279 1945 759
f 316 2057 796
f 323 2075 803
f 330 2094 810
f 335 2111 815
f 305 2021 785
f 376 2237 856
f 383 2252 863
f 274 1928 754
f 232 1812 712
f 225 1791 705
f 237 1827 717
f 243 1845 723
f 250 1866 730
f 273 1935 753
f 336 2118 816
f 306 2028 786
f 378 2246 858
f 381 2259 861
f 311 2048 791
f 281 1953 761
f 315 2061 795
f 321 2079 801
f 328 2100 808
f 333 2115 813
f 303 2025 783
f 375 2241 855
f 384 2264 864
f 276 1938 756
f 229 1802 709
f 223 1783 703
f 235 1819 715
f 241 1837 721
f 247 1856 727
f 271 1927 751
f 332 2112 812
f 302 2022 782
f 374 2238 854
f 379 2251 859
f 307 2036 787
f 278 1949 758
f 313 2053 793
f 319 2071 799
f 325 2090 805
f 331 2107 811
f 301 2017 781
f 373 2233 853
f 380 2256 860
f 272 1932 752
f 248 1859 728
f 230 1805 710
f 224 1788 704
f 236 1824 716
f 242 1842 722
f 254 1878 734
f 356 2184 836
f 397 2306 877
f 385 2270 865
f 259 1892 739
f 326 2093 806
f 308 2039 788
f 277 1946 757
f 314 2058 794
f 320 2076 800
f 338 2130 818
f 284 1968 764
f 289 1982 769
f 367 2216 847
f 391 2287 871
f 355 2179 835
f 253 1873 733
f 260 1895 740
f 386 2273 866
f 398 2309 878
f 350 2165 830
f 343 2144 823
f 295 2000 775
f 361 2198 841
f 266 1913 746
f 337 2125 817
f 283 1963 763
f 290 1985 770
f 368 2219 848
f 392 2292 872
f 349 2162 829
f 344 2147 824
f 296 2003 776
f 362 2201 842
f 265 1910 745
f 251 1863 731
f 233 1809 713
f 228 1794 708
f 240 1830 720
f 246 1848 726
f 258 1886 738
f 360 2192 840
f 401 2318 881
f 389 2282 869
f 263 1904 743
f 329 2097 809
f 310 2043 790
f 280 1956 760
f 318 2066 798
f 324 2082 804
f 342 2138 822
f 288 1974 768
f 292 1992 772
f 371 2228 851
f 393 2295 873
f 409 2331 1269
f 405 2327 1245
f 411 2328 1252
f 414 2334 1288
f 417 2337 1306
f 431 2346 1336
f 488 2412 1551
f 575 2499 1473
f 563 2487 1599
f 519 2436 1354
f 454 2376 1479
f 450 2372 1401
f 456 2373 1408
f 459 2379 1492
f 462 2382 1504
f 472 2396 1533
f 446 2361 1414
f 506 2418 1444
f 535 2457 1594
f 541 2463 1383
f 570 2492 1323
f 480 2402 1275
f 421 2343 1263
f 511 2433 1299
f 556 2478 1317
f 484 2406 1341
f 580 2502 1564
f 567 2484 1462
f 522 2442 1588
f 427 2349 1347
f 544 2468 1521
f 468 2387 1420
f 436 2358 1395
f 499 2421 1497
f 530 2454 1515
f 548 2472 1557
f 466 2388 1425
f 442 2364 1431
f 505 2426 1570
f 536 2448 1372
f 491 2403 1282
f 423 2342 1258
f 513 2432 1294
f 564 2477 1312
f 581 2493 1330
f 549 2462 1378
f 477 2397 1540
f 445 2367 1449
f 503 2427 1575
f 525 2447 1365
f 474 2391 1486
f 438 2357 1390
f 495 2417 1437
f 532 2453 1510
f 552 2469 1528
f 490 2411 1546
f 577 2498 1468
f 559 2483 1455
f 517 2441 1581
f 430 2352 1359
f 590 2509 1272
f 584 2503 1248
f 585 2506 1253
f 592 2512 1289
f 595 2515 1307
f 598 2518 1337
f 636 2555 1554
f 621 2541 1476
f 642 2562 1602
f 601 2522 1355
f 623 2542 1482
f 611 2528 1404
f 609 2531 1409
f 625 2545 1493
f 628 2548 1505
f 632 2551 1536
f 613 2533 1415
f 616 2537 1445
f 638 2559 1595
f 606 2526 1386
f 407 1616 909
f 403 1608 891
f 404 1606 886
f 410 1612 898
f 413 1615 904
f 422 1624 922
f 486 1692 1060
f 573 1782 1240
f 561 1765 1204
f 512 1714 1102
f 452 1661 999
f 448 1653 981
f 449 1651 976
f 455 1657 988
f 458 1660 994
f 470 1675 1024
f 437 1639 952
f 494 1696 1066
f 531 1733 1138
f 539 1751 1179
f 568 1779 1233
f 478 1683 1041
f 419 1626 927
f 509 1721 1119
f 554 1766 1209
f 482 1689 1053
f 576 1778 1228
f 558 1760 1192
f 516 1718 1108
f 425 1629 933
f 542 1747 1167
f 463 1665 1005
f 434 1641 957
f 497 1704 1083
f 528 1737 1150
f 546 1750 1174
f 464 1676 1029
f 440 1644 963
f 500 1702 1077
f 524 1726 1126
f 479 1681 1036
f 418 1620 915
f 508 1710 1095
f 553 1755 1185
f 569 1771 1216
f 538 1740 1155
f 471 1673 1018
f 443 1647 970
f 501 1707 1090
f 523 1734 1143
f 467 1669 1012
f 433 1635 945
f 493 1698 1071
f 527 1729 1131
f 543 1745 1162
f 485 1687 1047
f 572 1774 1221
f 557 1762 1197
f 515 1720 1114
f 428 1632 940
f 591 2189 1284
f 587 1883 1260
f 588 1903 1296
f 594 2281 1314
f 597 2317 1332
f 600 2173 1380
f 634 2158 1542
f 619 2012 1451
f 639 2210 1577
f 602 1924 1367
f 624 2135 1488
f 608 1973 1392
f 610 1996 1439
f 627 2227 1512
f 630 2304 1530
f 635 2176 1548
f 615 2155 1470
f 617 2014 1457
f 637 2212 1583
f 604 1922 1361
f 416 1864 1270
f 408 1810 1246
f 406 1795 1251
f 412 1831 1287
f 415 1849 1305
f 424 1887 1335
f 492 2193 1552
f 582 2321 1474
f 565 2285 1600
f 514 1907 1353
f 461 2098 1480
f 453 2044 1402
f 451 1961 1407
f 457 2067 1491
f 460 2083 1503
f 475 2139 1534
f 439 1975 1413
f 496 1997 1443
f 533 2231 1593
f 551 2298 1384
f 579 2190 1324
f 483 1884 1276
f 426 1900 1264
f 521 2278 1300
f 566 2314 1318
f 489 2170 1342
f 578 2159 1563
f 560 2015 1461
f 518 2213 1587
f 429 1918 1348
f 547 2136 1522
f 465 1977 1419
f 441 1990 1396
f 504 2224 1498
f 537 2301 1516
f 550 2177 1558
f 476 2152 1426
f 444 2008 1432
f 502 2206 1569
f 526 1925 1371
f 481 1817 1281
f 420 1797 1257
f 510 1833 1293
f 555 1851 1311
f 571 1871 1329
f 540 1941 1377
f 473 2119 1539
f 447 2029 1450
f 507 2247 1576
f 534 2262 1366
f 469 2051 1485
f 435 1954 1389
f 498 2064 1438
f 529 2085 1509
f 545 2105 1527
f 487 2121 1545
f 574 2031 1467
f 562 2244 1456
f 520 2265 1582
f 432 1939 1360
f 589 1814 1271
f 583 1793 1247
f 586 1829 1254
f 593 1847 1290
f 596 1868 1308
f 599 1937 1338
f 633 2124 1553
f 620 2034 1475
f 640 2250 1601
f 603 2261 1356
f 622 2050 1481
f 607 1960 1403
f 612 2063 1410
f 626 2081 1494
f 629 2102 1506
f 631 2117 1535
f 614 2027 1416
f 618 2243 1446
f 641 2268 1596
f 605 1944 1385
f 409 1804 894
f 405 1785 887
f 411 1821 899
f 414 1839 905
f 417 1858 912
f 431 1929 941
f 488 2114 1050
f 575 2024 1224
f 563 2240 1200
f 519 2253 1115
f 454 2038 984
f 450 1951 977
f 456 2055 989
f 459 2073 995
f 462 2092 1002
f 472 2109 1019
f 446 2019 971
f 506 2235 1091
f 535 2258 1146
f 541 1934 1158
f 570 1861 1217
f 480 1807 1037
f 421 1790 918
f 511 1826 1098
f 556 1844 1188
f 484 1880 1044
f 580 2186 1236
f 567 2308 1212
f 522 2272 1122
f 427 1894 930
f 544 2095 1163
f 468 2041 1013
f 436 1948 948
f 499 2060 1074
f 530 2078 1134
f 548 2132 1170
f 466 1970 1008
f 442 1984 960
f 505 2218 1086
f 536 2289 1151
f 491 2181 1061
f 423 1875 923
f 513 1897 1103
f 564 2275 1205
f 581 2311 1241
f 549 2167 1175
f 477 2146 1032
f 445 2002 966
f 503 2200 1080
f 525 1915 1127
f 474 2127 1025
f 438 1965 953
f 495 1987 1067
f 532 2221 1139
f 552 2294 1182
f 490 2164 1056
f 577 2149 1229
f 559 2005 1193
f 517 2203 1109
f 430 1912 936
f 590 1870 1325
f 584 1816 1277
f 585 1800 1265
f 592 1836 1301
f 595 1854 1319
f 598 1890 1343
f 636 2196 1566
f 621 2320 1464
f 642 2284 1590
f 601 1906 1349
f 623 2104 1523
f 611 2047 1422
f 609 1958 1397
f 625 2070 1499
f 628 2088 1517
f 632 2142 1559
f 613 1980 1427
f 616 1994 1433
f 638 2230 1572
f 606 2297 1374
f 407 2329 892
f 403 2323 885
f 404 2326 897
f 410 2333 903
f 413 2336 910
f 422 2345 939
f 486 2409 1048
f 573 2496 1222
f 561 2485 1198
f 512 2435 1113
f 452 2374 982
f 448 2368 975
f 449 2371 987
f 455 2378 993
f 458 2381 1000
f 470 2392 1017
f 437 2360 969
f 494 2416 1089
f 531 2456 1144
f 539 2460 1156
f 568 2488 1215
f 478 2398 1035
f 419 2340 916
f 509 2430 1096
f 554 2475 1186
f 482 2404 1042
f 576 2501 1234
f 558 2482 1210
f 516 2440 1120
f 425 2347 928
f 542 2464 1161
f 463 2384 1011
f 434 2355 946
f 497 2419 1072
f 528 2451 1132
f 546 2470 1168
f 464 2385 1006
f 440 2362 958
f 500 2423 1084
f 524 2446 1149
f 479 2401 1059
f 418 2339 921
f 508 2429 1101
f 553 2474 1203
f 569 2491 1239
f 538 2459 1173
f 471 2395 1030
f 443 2365 964
f 501 2424 1078
f 523 2443 1125
f 467 2390 1023
f 433 2354 951
f 493 2413 1065
f 527 2450 1137
f 543 2467 1180
f 485 2408 1054
f 572 2495 1227
f 557 2479 1191
f 515 2437 1107
f 428 2350 934
f 591 2511 1326
f 587 2505 1278
f 588 2507 1266
f 594 2513 1302
f 597 2516 1320
f 600 2519 1344
f 634 2556 1565
f 619 2540 1463
f 639 2561 1589
f 602 2521 1350
f 624 2544 1524
f 608 2529 1421
f 610 2530 1398
f 627 2546 1500
f 630 2549 1518
f 635 2553 1560
f 615 2534 1428
f 617 2536 1434
f 637 2557 1571
f 604 2525 1373
f 164 1609 889
f 163 1605 883
f 165 1611 895
f 166 1614 901
f 167 1617 907
f 172 1631 937
f 190 1688 1045
f 219 1775 1219
f 215 1763 1195
f 201 1719 1111
f 179 1654 979
f 178 1650 973
f 180 1656 985
f 181 1659 991
f 182 1662 997
f 185 1672 1015
f 177 1646 967
f 197 1706 1087
f 206 1735 1141
f 208 1741 1153
f 218 1770 1213
f 188 1680 1033
f 168 1621 913
f 198 1711 1093
f 213 1756 1183
f 189 1684 1039
f 221 1780 1231
f 217 1767 1207
f 202 1722 1117
f 170 1627 925
f 209 1744 1159
f 184 1668 1009
f 173 1636 943
f 194 1699 1069
f 204 1730 1129
f 210 1748 1165
f 183 1666 1003
f 175 1642 955
f 196 1705 1081
f 207 1736 1147
f 192 1691 1057
f 169 1623 919
f 199 1713 1099
f 216 1764 1201
f 222 1781 1237
f 211 1749 1171
f 187 1677 1027
f 176 1645 961
f 195 1703 1075
f 203 1725 1123
f 186 1674 1021
f 174 1638 949
f 193 1695 1063
f 205 1732 1135
f 212 1752 1177
f 191 1690 1051
f 220 1777 1225
f 214 1759 1189
f 200 1717 1105
f 171 1630 931
f 358 2191 1322
f 256 1885 1274
f 261 1901 1262
f 387 2279 1298
f 399 2315 1316
f 351 2171 1340
f 348 2160 1561
f 300 2016 1459
f 366 2214 1585
f 267 1919 1346
f 340 2137 1520
f 287 1978 1417
f 291 1991 1394
f 369 2225 1496
f 395 2302 1514
f 354 2178 1556
f 345 2153 1424
f 297 2009 1430
f 363 2207 1567
f 270 1926 1369
f 247 1857 908
f 229 1803 890
f 223 1786 884
f 235 1822 896
f 241 1840 902
f 253 1876 920
f 355 2182 1058
f 398 2312 1238
f 386 2276 1202
f 260 1898 1100
f 325 2091 998
f 307 2037 980
f 278 1952 974
f 313 2056 986
f 319 2074 992
f 337 2128 1022
f 283 1966 950
f 290 1988 1064
f 368 2222 1136
f 392 2293 1178
f 356 2185 1232
f 254 1879 1040
f 259 1893 926
f 385 2271 1118
f 397 2307 1208
f 349 2163 1052
f 344 2150 1226
f 296 2006 1190
f 362 2204 1106
f 265 1911 932
f 338 2131 1166
f 284 1969 1004
f 289 1983 956
f 367 2217 1082
f 391 2290 1148
f 350 2168 1172
f 343 2145 1028
f 295 2001 962
f 361 2199 1076
f 266 1916 1124
f 230 1808 1034
f 224 1789 914
f 236 1825 1094
f 242 1843 1184
f 248 1862 1214
f 272 1933 1154
f 331 2110 1016
f 301 2020 968
f 373 2236 1088
f 380 2257 1142
f 308 2042 1010
f 277 1947 944
f 314 2059 1070
f 320 2077 1130
f 326 2096 1160
f 332 2113 1046
f 302 2023 1220
f 374 2239 1196
f 379 2254 1112
f 271 1930 938
f 234 1818 1279
f 227 1798 1255
f 239 1834 1291
f 245 1852 1309
f 252 1872 1327
f 275 1942 1375
f 334 2120 1537
f 304 2030 1448
f 377 2248 1574
f 382 2263 1364
f 312 2052 1483
f 279 1955 1387
f 316 2065 1436
f 323 2086 1507
f 330 2106 1525
f 335 2122 1543
f 305 2032 1465
f 376 2245 1454
f 383 2266 1580
f 274 1940 1358
f 232 1813 1267
f 225 1792 1243
f 237 1828 1250
f 243 1846 1286
f 250 1867 1304
f 273 1936 1334
f 336 2123 1549
f 306 2033 1471
f 378 2249 1597
f 381 2260 1352
f 311 2049 1477
f 281 1959 1399
f 315 2062 1406
f 321 2080 1490
f 328 2101 1502
f 333 2116 1531
f 303 2026 1412
f 375 2242 1442
f 384 2267 1592
f 276 1943 1381
f 251 1869 1321
f 233 1815 1273
f 228 1799 1261
f 240 1835 1297
f 246 1853 1315
f 258 1889 1339
f 360 2195 1562
f 401 2319 1460
f 389 2283 1586
f 263 1905 1345
f 329 2103 1519
f 310 2046 1418
f 280 1957 1393
f 318 2069 1495
f 324 2087 1513
f 342 2141 1555
f 288 1979 1423
f 292 1993 1429
f 371 2229 1568
f 393 2296 1370
f 357 2188 1280
f 255 1882 1256
f 262 1902 1292
f 388 2280 1310
f 400 2316 1328
f 352 2172 1376
f 347 2157 1538
f 298 2011 1447
f 364 2209 1573
f 269 1923 1363
f 339 2134 1484
f 285 1972 1388
f 293 1995 1435
f 370 2226 1508
f 396 2303 1526
f 353 2175 1544
f 346 2154 1466
f 299 2013 1453
f 365 2211 1579
f 268 1921 1357
f 249 1865 1268
f 231 1811 1244
f 226 1796 1249
f 238 1832 1285
f 244 1850 1303
f 257 1888 1333
f 359 2194 1550
f 402 2322 1472
f 390 2286 1598
f 264 1908 1351
f 327 2099 1478
f 309 2045 1400
f 282 1962 1405
f 317 2068 1489
f 322 2084 1501
f 341 2140 1532
f 286 1976 1411
f 294 1998 1441
f 372 2232 1591
f 394 2299 1382
f 416 2330 911
f 408 2324 893
f 406 2325 888
f 412 2332 900
f 415 2335 906
f 424 2344 924
f 492 2410 1062
f 582 2497 1242
f 565 2486 1206
f 514 2434 1104
f 461 2375 1001
f 453 2369 983
f 451 2370 978
f 457 2377 990
f 460 2380 996
f 475 2393 1026
f 439 2359 954
f 496 2415 1068
f 533 2455 1140
f 551 2461 1181
f 579 2489 1235
f 483 2399 1043
f 426 2341 929
f 521 2431 1121
f 566 2476 1211
f 489 2405 1055
f 578 2500 1230
f 560 2481 1194
f 518 2439 1110
f 429 2348 935
f 547 2465 1169
f 465 2383 1007
f 441 2356 959
f 504 2420 1085
f 537 2452 1152
f 550 2471 1176
f 476 2386 1031
f 444 2363 965
f 502 2422 1079
f 526 2445 1128
f 481 2400 1038
f 420 2338 917
f 510 2428 1097
f 555 2473 1187
f 571 2490 1218
f 540 2458 1157
f 473 2394 1020
f 447 2366 972
f 507 2425 1092
f 534 2444 1145
f 469 2389 1014
f 435 2353 947
f 498 2414 1073
f 529 2449 1133
f 545 2466 1164
f 487 2407 1049
f 574 2494 1223
f 562 2480 1199
f 520 2438 1116
f 432 2351 942
f 589 2510 1283
f 583 2504 1259
f 586 2508 1295
f 593 2514 1313
f 596 2517 1331
f 599 2520 1379
f 633 2554 1541
f 620 2539 1452
f 640 2560 1578
f 603 2523 1368
f 622 2543 1487
f 607 2527 1391
f 612 2532 1440
f 626 2547 1511
f 629 2550 1529
f 631 2552 1547
f 614 2535 1469
f 618 2538 1458
f 641 2558 1584
f 605 2524 1362
f 164 1607 1609
f 163 1603 1605
f 165 1604 1611
f 166 1610 1614
f 167 1613 1617
f 172 1622 1631
f 190 1686 1688
f 219 1773 1775
f 215 1761 1763
f 201 1712 1719
f 179 1652 1654
f 178 1648 1650
f 180 1649 1656
f 181 1655 1659
f 182 1658 1662
f 185 1670 1672
f 177 1637 1646
f 197 1694 1706
f 206 1731 1735
f 208 1739 1741
f 218 1768 1770
f 188 1678 1680
f 168 1619 1621
f 198 1709 1711
f 213 1754 1756
f 189 1682 1684
f 221 1776 1780
f 217 1758 1767
f 202 1716 1722
f 170 1625 1627
f 209 1742 1744
f 184 1663 1668
f 173 1634 1636
f 194 1697 1699
f 204 1728 1730
f 210 1746 1748
f 183 1664 1666
f 175 1640 1642
f 196 1700 1705
f 207 1724 1736
f 192 1679 1691
f 169 1618 1623
f 199 1708 1713
f 216 1753 1764
f 222 1769 1781
f 211 1738 1749
f 187 1671 1677
f 176 1643 1645
f 195 1701 1703
f 203 1723 1725
f 186 1667 1674
f 174 1633 1638
f 193 1693 1695
f 205 1727 1732
f 212 1743 1752
f 191 1685 1690
f 220 1772 1777
f 214 1757 1759
f 200 1715 1717
f 171 1628 1630
f 358 2187 2191
f 256 1881 1885
f 261 1899 1901
f 387 2277 2279
f 399 2313 2315
f 351 2169 2171
f 348 2156 2160
f 300 2010 2016
f 366 2208 2214
f 267 1917 1919
f 340 2133 2137
f 287 1971 1978
f 291 1989 1991
f 369 2223 2225
f 395 2300 2302
f 354 2174 2178
f 345 2151 2153
f 297 2007 2009
f 363 2205 2207
f 270 1920 1926
f 247 1855 1857
f 229 1801 1803
f 223 1784 1786
f 235 1820 1822
f 241 1838 1840
f 253 1874 1876
f 355 2180 2182
f 398 2310 2312
f 386 2274 2276
f 260 1896 1898
f 325 2089 2091
f 307 2035 2037
f 278 1950 1952
f 313 2054 2056
f 319 2072 2074
f 337 2126 2128
f 283 1964 1966
f 290 1986 1988
f 368 2220 2222
f 392 2291 2293
f 356 2183 2185
f 254 1877 1879
f 259 1891 1893
f 385 2269 2271
f 397 2305 2307
f 349 2161 2163
f 344 2148 2150
f 296 2004 2006
f 362 2202 2204
f 265 1909 1911
f 338 2129 2131
f 284 1967 1969
f 289 1981 1983
f 367 2215 2217
f 391 2288 2290
f 350 2166 2168
f 343 2143 2145
f 295 1999 2001
f 361 2197 2199
f 266 1914 1916
f 230 1806 1808
f 224 1787 1789
f 236 1823 1825
f 242 1841 1843
f 248 1860 1862
f 272 1931 1933
f 331 2108 2110
f 301 2018 2020
f 373 2234 2236
f 380 2255 2257
f 308 2040 2042
f 277 1945 1947
f 314 2057 2059
f 320 2075 2077
f 326 2094 2096
f 332 2111 2113
f 302 2021 2023
f 374 2237 2239
f 379 2252 2254
f 271 1928 1930
f 234 1812 1818
f 227 1791 1798
f 239 1827 1834
f 245 1845 1852
f 252 1866 1872
f 275 1935 1942
f 334 2118 2120
f 304 2028 2030
f 377 2246 2248
f 382 2259 2263
f 312 2048 2052
f 279 1953 1955
f 316 2061 2065
f 323 2079 2086
f 330 2100 2106
f 335 2115 2122
f 305 2025 2032
f 376 2241 2245
f 383 2264 2266
f 274 1938 1940
f 232 1802 1813
f 225 1783 1792
f 237 1819 1828
f 243 1837 1846
f 250 1856 1867
f 273 1927 1936
f 336 2112 2123
f 306 2022 2033
f 378 2238 2249
f 381 2251 2260
f 311 2036 2049
f 281 1949 1959
f 315 2053 2062
f 321 2071 2080
f 328 2090 2101
f 333 2107 2116
f 303 2017 2026
f 375 2233 2242
f 384 2256 2267
f 276 1932 1943
f 251 1859 1869
f 233 1805 1815
f 228 1788 1799
f 240 1824 1835
f 246 1842 1853
f 258 1878 1889
f 360 2184 2195
f 401 2306 2319
f 389 2270 2283
f 263 1892 1905
f 329 2093 2103
f 310 2039 2046
f 280 1946 1957
f 318 2058 2069
f 324 2076 2087
f 342 2130 2141
f 288 1968 1979
f 292 1982 1993
f 371 2216 2229
f 393 2287 2296
f 357 2179 2188
f 255 1873 1882
f 262 1895 1902
f 388 2273 2280
f 400 2309 2316
f 352 2165 2172
f 347 2144 2157
f 298 2000 2011
f 364 2198 2209
f 269 1913 1923
f 339 2125 2134
f 285 1963 1972
f 293 1985 1995
f 370 2219 2226
f 396 2292 2303
f 353 2162 2175
f 346 2147 2154
f 299 2003 2013
f 365 2201 2211
f 268 1910 1921
f 249 1863 1865
f 231 1809 1811
f 226 1794 1796
f 238 1830 1832
f 244 1848 1850
f 257 1886 1888
f 359 2192 2194
f 402 2318 2322
f 390 2282 2286
f 264 1904 1908
f 327 2097 2099
f 309 2043 2045
f 282 1956 1962
f 317 2066 2068
f 322 2082 2084
f 341 2138 2140
f 286 1974 1976
f 294 1992 1998
f 372 2228 2232
f 394 2295 2299
f 416 2331 2330
f 408 2327 2324
f 406 2328 2325
f 412 2334 2332
f 415 2337 2335
f 424 2346 2344
f 492 2412 2410
f 582 2499 2497
f 565 2487 2486
f 514 2436 2434
f 461 2376 2375
f 453 2372 2369
f 451 2373 2370
f 457 2379 2377
f 460 2382 2380
f 475 2396 2393
f 439 2361 2359
f 496 2418 2415
f 533 2457 2455
f 551 2463 2461
f 579 2492 2489
f 483 2402 2399
f 426 2343 2341
f 521 2433 2431
f 566 2478 2476
f 489 2406 2405
f 578 2502 2500
f 560 2484 2481
f 518 2442 2439
f 429 2349 2348
f 547 2468 2465
f 465 2387 2383
f 441 2358 2356
f 504 2421 2420
f 537 2454 2452
f 550 2472 2471
f 476 2388 2386
f 444 2364 2363
f 502 2426 2422
f 526 2448 2445
f 481 2403 2400
f 420 2342 2338
f 510 2432 2428
f 555 2477 2473
f 571 2493 2490
f 540 2462 2458
f 473 2397 2394
f 447 2367 2366
f 507 2427 2425
f 534 2447 2444
f 469 2391 2389
f 435 2357 2353
f 498 2417 2414
f 529 2453 2449
f 545 2469 2466
f 487 2411 2407
f 574 2498 2494
f 562 2483 2480
f 520 2441 2438
f 432 2352 2351
f 589 2509 2510
f 583 2503 2504
f 586 2506 2508
f 593 2512 2514
f 596 2515 2517
f 599 2518 2520
f 633 2555 2554
f 620 2541 2539
f 640 2562 2560
f 603 2522 2523
f 622 2542 2543
f 607 2528 2527
f 612 2531 2532
f 626 2545 2547
f 629 2548 2550
f 631 2551 2552
f 614 2533 2535
f 618 2537 2538
f 641 2559 2558
f 605 2526 2524
f 164 644 1607
f 163 643 1603
f 165 645 1604
f 166 646 1610
f 167 647 1613
f 172 652 1622
f 190 670 1686
f 219 699 1773
f 215 695 1761
f 201 681 1712
f 179 659 1652
f 178 658 1648
f 180 660 1649
f 181 661 1655
f 182 662 1658
f 185 665 1670
f 177 657 1637
f 197 677 1694
f 206 686 1731
f 208 688 1739
f 218 698 1768
f 188 668 1678
f 168 648 1619
f 198 678 1709
f 213 693 1754
f 189 669 1682
f 221 701 1776
f 217 697 1758
f 202 682 1716
f 170 650 1625
f 209 689 1742
f 184 664 1663
f 173 653 1634
f 194 674 1697
f 204 684 1728
f 210 690 1746
f 183 663 1664
f 175 655 1640
f 196 676 1700
f 207 687 1724
f 192 672 1679
f 169 649 1618
f 199 679 1708
f 216 696 1753
f 222 702 1769
f 211 691 1738
f 187 667 1671
f 176 656 1643
f 195 675 1701
f 203 683 1723
f 186 666 1667
f 174 654 1633
f 193 673 1693
f 205 685 1727
f 212 692 1743
f 191 671 1685
f 220 700 1772
f 214 694 1757
f 200 680 1715
f 171 651 1628
f 358 838 2187
f 256 736 1881
f 261 741 1899
f 387 867 2277
f 399 879 2313
f 351 831 2169
f 348 828 2156
f 300 780 2010
f 366 846 2208
f 267 747 1917
f 340 820 2133
f 287 767 1971
f 291 771 1989
f 369 849 2223
f 395 875 2300
f 354 834 2174
f 345 825 2151
f 297 777 2007
f 363 843 2205
f 270 750 1920
f 247 727 1855
f 229 709 1801
f 223 703 1784
f 235 715 1820
f 241 721 1838
f 253 733 1874
f 355 835 2180
f 398 878 2310
f 386 866 2274
f 260 740 1896
f 325 805 2089
f 307 787 2035
f 278 758 1950
f 313 793 2054
f 319 799 2072
f 337 817 2126
f 283 763 1964
f 290 770 1986
f 368 848 2220
f 392 872 2291
f 356 836 2183
f 254 734 1877
f 259 739 1891
f 385 865 2269
f 397 877 2305
f 349 829 2161
f 344 824 2148
f 296 776 2004
f 362 842 2202
f 265 745 1909
f 338 818 2129
f 284 764 1967
f 289 769 1981
f 367 847 2215
f 391 871 2288
f 350 830 2166
f 343 823 2143
f 295 775 1999
f 361 841 2197
f 266 746 1914
f 230 710 1806
f 224 704 1787
f 236 716 1823
f 242 722 1841
f 248 728 1860
f 272 752 1931
f 331 811 2108
f 301 781 2018
f 373 853 2234
f 380 860 2255
f 308 788 2040
f 277 757 1945
f 314 794 2057
f 320 800 2075
f 326 806 2094
f 332 812 2111
f 302 782 2021
f 374 854 2237
f 379 859 2252
f 271 751 1928
f 234 714 1812
f 227 707 1791
f 239 719 1827
f 245 725 1845
f 252 732 1866
f 275 755 1935
f 334 814 2118
f 304 784 2028
f 377 857 2246
f 382 862 2259
f 312 792 2048
f 279 759 1953
f 316 796 2061
f 323 803 2079
f 330 810 2100
f 335 815 2115
f 305 785 2025
f 376 856 2241
f 383 863 2264
f 274 754 1938
f 232 712 1802
f 225 705 1783
f 237 717 1819
f 243 723 1837
f 250 730 1856
f 273 753 1927
f 336 816 2112
f 306 786 2022
f 378 858 2238
f 381 861 2251
f 311 791 2036
f 281 761 1949
f 315 795 2053
f 321 801 2071
f 328 808 2090
f 333 813 2107
f 303 783 2017
f 375 855 2233
f 384 864 2256
f 276 756 1932
f 251 731 1859
f 233 713 1805
f 228 708 1788
f 240 720 1824
f 246 726 1842
f 258 738 1878
f 360 840 2184
f 401 881 2306
f 389 869 2270
f 263 743 1892
f 329 809 2093
f 310 790 2039
f 280 760 1946
f 318 798 2058
f 324 804 2076
f 342 822 2130
f 288 768 1968
f 292 772 1982
f 371 851 2216
f 393 873 2287
f 357 837 2179
f 255 735 1873
f 262 742 1895
f 388 868 2273
f 400 880 2309
f 352 832 2165
f 347 827 2144
f 298 778 2000
f 364 844 2198
f 269 749 1913
f 339 819 2125
f 285 765 1963
f 293 773 1985
f 370 850 2219
f 396 876 2292
f 353 833 2162
f 346 826 2147
f 299 779 2003
f 365 845 2201
f 268 748 1910
f 249 729 1863
f 231 711 1809
f 226 706 1794
f 238 718 1830
f 244 724 1848
f 257 737 1886
f 359 839 2192
f 402 882 2318
f 390 870 2282
f 264 744 1904
f 327 807 2097
f 309 789 2043
f 282 762 1956
f 317 797 2066
f 322 802 2082
f 341 821 2138
f 286 766 1974
f 294 774 1992
f 372 852 2228
f 394 874 2295
f 416 1270 2331
f 408 1246 2327
f 406 1251 2328
f 412 1287 2334
f 415 1305 2337
f 424 1335 2346
f 492 1552 2412
f 582 1474 2499
f 565 1600 2487
f 514 1353 2436
f 461 1480 2376
f 453 1402 2372
f 451 1407 2373
f 457 1491 2379
f 460 1503 2382
f 475 1534 2396
f 439 1413 2361
f 496 1443 2418
f 533 1593 2457
f 551 1384 2463
f 579 1324 2492
f 483 1276 2402
f 426 1264 2343
f 521 1300 2433
f 566 1318 2478
f 489 1342 2406
f 578 1563 2502
f 560 1461 2484
f 518 1587 2442
f 429 1348 2349
f 547 1522 2468
f 465 1419 2387
f 441 1396 2358
f 504 1498 2421
f 537 1516 2454
f 550 1558 2472
f 476 1426 2388
f 444 1432 2364
f 502 1569 2426
f 526 1371 2448
f 481 1281 2403
f 420 1257 2342
f 510 1293 2432
f 555 1311 2477
f 571 1329 2493
f 540 1377 2462
f 473 1539 2397
f 447 1450 2367
f 507 1576 2427
f 534 1366 2447
f 469 1485 2391
f 435 1389 2357
f 498 1438 2417
f 529 1509 2453
f 545 1527 2469
f 487 1545 2411
f 574 1467 2498
f 562 1456 2483
f 520 1582 2441
f 432 1360 2352
f 589 1271 2509
f 583 1247 2503
f 586 1254 2506
f 593 1290 2512
f 596 1308 2515
f 599 1338 2518
f 633 1553 2555
f 620 1475 2541
f 640 1601 2562
f 603 1356 2522
f 622 1481 2542
f 607 1403 2528
f 612 1410 2531
f 626 1494 2545
f 629 1506 2548
f 631 1535 2551
f 614 1416 2533
f 618 1446 2537
f 641 1596 2559
f 605 1385 2526
f 167 907 1616
f 164 889 1608
f 163 883 1606
f 165 895 1612
f 166 901 1615
f 169 919 1624
f 192 1057 1692
f 222 1237 1782
f 216 1201 1765
f 199 1099 1714
f 182 997 1661
f 179 979 1653
f 178 973 1651
f 180 985 1657
f 181 991 1660
f 186 1021 1675
f 174 949 1639
f 193 1063 1696
f 205 1135 1733
f 212 1177 1751
f 221 1231 1779
f 189 1039 1683
f 170 925 1626
f 202 1117 1721
f 217 1207 1766
f 191 1051 1689
f 220 1225 1778
f 214 1189 1760
f 200 1105 1718
f 171 931 1629
f 210 1165 1747
f 183 1003 1665
f 175 955 1641
f 196 1081 1704
f 207 1147 1737
f 211 1171 1750
f 187 1027 1676
f 176 961 1644
f 195 1075 1702
f 203 1123 1726
f 188 1033 1681
f 168 913 1620
f 198 1093 1710
f 213 1183 1755
f 218 1213 1771
f 208 1153 1740
f 185 1015 1673
f 177 967 1647
f 197 1087 1707
f 206 1141 1734
f 184 1009 1669
f 173 943 1635
f 194 1069 1698
f 204 1129 1729
f 209 1159 1745
f 190 1045 1687
f 219 1219 1774
f 215 1195 1762
f 201 1111 1720
f 172 937 1632
f 357 1280 2189
f 255 1256 1883
f 262 1292 1903
f 388 1310 2281
f 400 1328 2317
f 352 1376 2173
f 347 1538 2158
f 298 1447 2012
f 364 1573 2210
f 269 1363 1924
f 339 1484 2135
f 285 1388 1973
f 293 1435 1996
f 370 1508 2227
f 396 1526 2304
f 353 1544 2176
f 346 1466 2155
f 299 1453 2014
f 365 1579 2212
f 268 1357 1922
f 249 1268 1864
f 231 1244 1810
f 226 1249 1795
f 238 1285 1831
f 244 1303 1849
f 257 1333 1887
f 359 1550 2193
f 402 1472 2321
f 390 1598 2285
f 264 1351 1907
f 327 1478 2098
f 309 1400 2044
f 282 1405 1961
f 317 1489 2067
f 322 1501 2083
f 341 1532 2139
f 286 1411 1975
f 294 1441 1997
f 372 1591 2231
f 394 1382 2298
f 358 1322 2190
f 256 1274 1884
f 261 1262 1900
f 387 1298 2278
f 399 1316 2314
f 351 1340 2170
f 348 1561 2159
f 300 1459 2015
f 366 1585 2213
f 267 1346 1918
f 340 1520 2136
f 287 1417 1977
f 291 1394 1990
f 369 1496 2224
f 395 1514 2301
f 354 1556 2177
f 345 1424 2152
f 297 1430 2008
f 363 1567 2206
f 270 1369 1925
f 234 1279 1817
f 227 1255 1797
f 239 1291 1833
f 245 1309 1851
f 252 1327 1871
f 275 1375 1941
f 334 1537 2119
f 304 1448 2029
f 377 1574 2247
f 382 1364 2262
f 312 1483 2051
f 279 1387 1954
f 316 1436 2064
f 323 1507 2085
f 330 1525 2105
f 335 1543 2121
f 305 1465 2031
f 376 1454 2244
f 383 1580 2265
f 274 1358 1939
f 232 1267 1814
f 225 1243 1793
f 237 1250 1829
f 243 1286 1847
f 250 1304 1868
f 273 1334 1937
f 336 1549 2124
f 306 1471 2034
f 378 1597 2250
f 381 1352 2261
f 311 1477 2050
f 281 1399 1960
f 315 1406 2063
f 321 1490 2081
f 328 1502 2102
f 333 1531 2117
f 303 1412 2027
f 375 1442 2243
f 384 1592 2268
f 276 1381 1944
f 229 890 1804
f 223 884 1785
f 235 896 1821
f 241 902 1839
f 247 908 1858
f 271 938 1929
f 332 1046 2114
f 302 1220 2024
f 374 1196 2240
f 379 1112 2253
f 307 980 2038
f 278 974 1951
f 313 986 2055
f 319 992 2073
f 325 998 2092
f 331 1016 2109
f 301 968 2019
f 373 1088 2235
f 380 1142 2258
f 272 1154 1934
f 248 1214 1861
f 230 1034 1807
f 224 914 1790
f 236 1094 1826
f 242 1184 1844
f 254 1040 1880
f 356 1232 2186
f 397 1208 2308
f 385 1118 2272
f 259 926 1894
f 326 1160 2095
f 308 1010 2041
f 277 944 1948
f 314 1070 2060
f 320 1130 2078
f 338 1166 2132
f 284 1004 1970
f 289 956 1984
f 367 1082 2218
f 391 1148 2289
f 355 1058 2181
f 253 920 1875
f 260 1100 1897
f 386 1202 2275
f 398 1238 2311
f 350 1172 2167
f 343 1028 2146
f 295 962 2002
f 361 1076 2200
f 266 1124 1915
f 337 1022 2127
f 283 950 1965
f 290 1064 1987
f 368 1136 2221
f 392 1178 2294
f 349 1052 2164
f 344 1226 2149
f 296 1190 2005
f 362 1106 2203
f 265 932 1912
f 251 1321 1870
f 233 1273 1816
f 228 1261 1800
f 240 1297 1836
f 246 1315 1854
f 258 1339 1890
f 360 1562 2196
f 401 1460 2320
f 389 1586 2284
f 263 1345 1906
f 329 1519 2104
f 310 1418 2047
f 280 1393 1958
f 318 1495 2070
f 324 1513 2088
f 342 1555 2142
f 288 1423 1980
f 292 1429 1994
f 371 1568 2230
f 393 1370 2297
f 409 894 2329
f 405 887 2323
f 411 899 2326
f 414 905 2333
f 417 912 2336
f 431 941 2345
f 488 1050 2409
f 575 1224 2496
f 563 1200 2485
f 519 1115 2435
f 454 984 2374
f 450 977 2368
f 456 989 2371
f 459 995 2378
f 462 1002 2381
f 472 1019 2392
f 446 971 2360
f 506 1091 2416
f 535 1146 2456
f 541 1158 2460
f 570 1217 2488
f 480 1037 2398
f 421 918 2340
f 511 1098 2430
f 556 1188 2475
f 484 1044 2404
f 580 1236 2501
f 567 1212 2482
f 522 1122 2440
f 427 930 2347
f 544 1163 2464
f 468 1013 2384
f 436 948 2355
f 499 1074 2419
f 530 1134 2451
f 548 1170 2470
f 466 1008 2385
f 442 960 2362
f 505 1086 2423
f 536 1151 2446
f 491 1061 2401
f 423 923 2339
f 513 1103 2429
f 564 1205 2474
f 581 1241 2491
f 549 1175 2459
f 477 1032 2395
f 445 966 2365
f 503 1080 2424
f 525 1127 2443
f 474 1025 2390
f 438 953 2354
f 495 1067 2413
f 532 1139 2450
f 552 1182 2467
f 490 1056 2408
f 577 1229 2495
f 559 1193 2479
f 517 1109 2437
f 430 936 2350
f 590 1325 2511
f 584 1277 2505
f 585 1265 2507
f 592 1301 2513
f 595 1319 2516
f 598 1343 2519
f 636 1566 2556
f 621 1464 2540
f 642 1590 2561
f 601 1349 2521
f 623 1523 2544
f 611 1422 2529
f 609 1397 2530
f 625 1499 2546
f 628 1517 2549
f 632 1559 2553
f 613 1427 2534
f 616 1433 2536
f 638 1572 2557
f 606 1374 2525
f 407 892 1609
f 403 885 1605
f 404 897 1611
f 410 903 1614
f 413 910 1617
f 422 939 1631
f 486 1048 1688
f 573 1222 1775
f 561 1198 1763
f 512 1113 1719
f 452 982 1654
f 448 975 1650
f 449 987 1656
f 455 993 1659
f 458 1000 1662
f 470 1017 1672
f 437 969 1646
f 494 1089 1706
f 531 1144 1735
f 539 1156 1741
f 568 1215 1770
f 478 1035 1680
f 419 916 1621
f 509 1096 1711
f 554 1186 1756
f 482 1042 1684
f 576 1234 1780
f 558 1210 1767
f 516 1120 1722
f 425 928 1627
f 542 1161 1744
f 463 1011 1668
f 434 946 1636
f 497 1072 1699
f 528 1132 1730
f 546 1168 1748
f 464 1006 1666
f 440 958 1642
f 500 1084 1705
f 524 1149 1736
f 479 1059 1691
f 418 921 1623
f 508 1101 1713
f 553 1203 1764
f 569 1239 1781
f 538 1173 1749
f 471 1030 1677
f 443 964 1645
f 501 1078 1703
f 523 1125 1725
f 467 1023 1674
f 433 951 1638
f 493 1065 1695
f 527 1137 1732
f 543 1180 1752
f 485 1054 1690
f 572 1227 1777
f 557 1191 1759
f 515 1107 1717
f 428 934 1630
f 591 1326 2191
f 587 1278 1885
f 588 1266 1901
f 594 1302 2279
f 597 1320 2315
f 600 1344 2171
f 634 1565 2160
f 619 1463 2016
f 639 1589 2214
f 602 1350 1919
f 624 1524 2137
f 608 1421 1978
f 610 1398 1991
f 627 1500 2225
f 630 1518 2302
f 635 1560 2178
f 615 1428 2153
f 617 1434 2009
f 637 1571 2207
f 604 1373 1926
f 416 911 1857
f 408 893 1803
f 406 888 1786
f 412 900 1822
f 415 906 1840
f 424 924 1876
f 492 1062 2182
f 582 1242 2312
f 565 1206 2276
f 514 1104 1898
f 461 1001 2091
f 453 983 2037
f 451 978 1952
f 457 990 2056
f 460 996 2074
f 475 1026 2128
f 439 954 1966
f 496 1068 1988
f 533 1140 2222
f 551 1181 2293
f 579 1235 2185
f 483 1043 1879
f 426 929 1893
f 521 1121 2271
f 566 1211 2307
f 489 1055 2163
f 578 1230 2150
f 560 1194 2006
f 518 1110 2204
f 429 935 1911
f 547 1169 2131
f 465 1007 1969
f 441 959 1983
f 504 1085 2217
f 537 1152 2290
f 550 1176 2168
f 476 1031 2145
f 444 965 2001
f 502 1079 2199
f 526 1128 1916
f 481 1038 1808
f 420 917 1789
f 510 1097 1825
f 555 1187 1843
f 571 1218 1862
f 540 1157 1933
f 473 1020 2110
f 447 972 2020
f 507 1092 2236
f 534 1145 2257
f 469 1014 2042
f 435 947 1947
f 498 1073 2059
f 529 1133 2077
f 545 1164 2096
f 487 1049 2113
f 574 1223 2023
f 562 1199 2239
f 520 1116 2254
f 432 942 1930
f 589 1283 1818
f 583 1259 1798
f 586 1295 1834
f 593 1313 1852
f 596 1331 1872
f 599 1379 1942
f 633 1541 2120
f 620 1452 2030
f 640 1578 2248
f 603 1368 2263
f 622 1487 2052
f 607 1391 1955
f 612 1440 2065
f 626 1511 2086
f 629 1529 2106
f 631 1547 2122
f 614 1469 2032
f 618 1458 2245
f 641 1584 2266
f 605 1362 1940
f 409 1269 1813
f 405 1245 1792
f 411 1252 1828
f 414 1288 1846
f 417 1306 1867
f 431 1336 1936
f 488 1551 2123
f 575 1473 2033
f 563 1599 2249
f 519 1354 2260
f 454 1479 2049
f 450 1401 1959
f 456 1408 2062
f 459 1492 2080
f 462 1504 2101
f 472 1533 2116
f 446 1414 2026
f 506 1444 2242
f 535 1594 2267
f 541 1383 1943
f 570 1323 1869
f 480 1275 1815
f 421 1263 1799
f 511 1299 1835
f 556 1317 1853
f 484 1341 1889
f 580 1564 2195
f 567 1462 2319
f 522 1588 2283
f 427 1347 1905
f 544 1521 2103
f 468 1420 2046
f 436 1395 1957
f 499 1497 2069
f 530 1515 2087
f 548 1557 2141
f 466 1425 1979
f 442 1431 1993
f 505 1570 2229
f 536 1372 2296
f 491 1282 2188
f 423 1258 1882
f 513 1294 1902
f 564 1312 2280
f 581 1330 2316
f 549 1378 2172
f 477 1540 2157
f 445 1449 2011
f 503 1575 2209
f 525 1365 1923
f 474 1486 2134
f 438 1390 1972
f 495 1437 1995
f 532 1510 2226
f 552 1528 2303
f 490 1546 2175
f 577 1468 2154
f 559 1455 2013
f 517 1581 2211
f 430 1359 1921
f 590 1272 1865
f 584 1248 1811
f 585 1253 1796
f 592 1289 1832
f 595 1307 1850
f 598 1337 1888
f 636 1554 2194
f 621 1476 2322
f 642 1602 2286
f 601 1355 1908
f 623 1482 2099
f 611 1404 2045
f 609 1409 1962
f 625 1493 2068
f 628 1505 2084
f 632 1536 2140
f 613 1415 1976
f 616 1445 1998
f 638 1595 2232
f 606 1386 2299
f 407 909 2330
f 403 891 2324
f 404 886 2325
f 410 898 2332
f 413 904 2335
f 422 922 2344
f 486 1060 2410
f 573 1240 2497
f 561 1204 2486
f 512 1102 2434
f 452 999 2375
f 448 981 2369
f 449 976 2370
f 455 988 2377
f 458 994 2380
f 470 1024 2393
f 437 952 2359
f 494 1066 2415
f 531 1138 2455
f 539 1179 2461
f 568 1233 2489
f 478 1041 2399
f 419 927 2341
f 509 1119 2431
f 554 1209 2476
f 482 1053 2405
f 576 1228 2500
f 558 1192 2481
f 516 1108 2439
f 425 933 2348
f 542 1167 2465
f 463 1005 2383
f 434 957 2356
f 497 1083 2420
f 528 1150 2452
f 546 1174 2471
f 464 1029 2386
f 440 963 2363
f 500 1077 2422
f 524 1126 2445
f 479 1036 2400
f 418 915 2338
f 508 1095 2428
f 553 1185 2473
f 569 1216 2490
f 538 1155 2458
f 471 1018 2394
f 443 970 2366
f 501 1090 2425
f 523 1143 2444
f 467 1012 2389
f 433 945 2353
f 493 1071 2414
f 527 1131 2449
f 543 1162 2466
f 485 1047 2407
f 572 1221 2494
f 557 1197 2480
f 515 1114 2438
f 428 940 2351
f 591 1284 2510
f 587 1260 2504
f 588 1296 2508
f 594 1314 2514
f 597 1332 2517
f 600 1380 2520
f 634 1542 2554
f 619 1451 2539
f 639 1577 2560
f 602 1367 2523
f 624 1488 2543
f 608 1392 2527
f 610 1439 2532
f 627 1512 2547
f 630 1530 2550
f 635 1548 2552
f 615 1470 2535
f 617 1457 2538
f 637 1583 2558
f 604 1361 2524
f 167 1616 1607
f 164 1608 1603
f 163 1606 1604
f 165 1612 1610
f 166 1615 1613
f 169 1624 1622
f 192 1692 1686
f 222 1782 1773
f 216 1765 1761
f 199 1714 1712
f 182 1661 1652
f 179 1653 1648
f 178 1651 1649
f 180 1657 1655
f 181 1660 1658
f 186 1675 1670
f 174 1639 1637
f 193 1696 1694
f 205 1733 1731
f 212 1751 1739
f 221 1779 1768
f 189 1683 1678
f 170 1626 1619
f 202 1721 1709
f 217 1766 1754
f 191 1689 1682
f 220 1778 1776
f 214 1760 1758
f 200 1718 1716
f 171 1629 1625
f 210 1747 1742
f 183 1665 1663
f 175 1641 1634
f 196 1704 1697
f 207 1737 1728
f 211 1750 1746
f 187 1676 1664
f 176 1644 1640
f 195 1702 1700
f 203 1726 1724
f 188 1681 1679
f 168 1620 1618
f 198 1710 1708
f 213 1755 1753
f 218 1771 1769
f 208 1740 1738
f 185 1673 1671
f 177 1647 1643
f 197 1707 1701
f 206 1734 1723
f 184 1669 1667
f 173 1635 1633
f 194 1698 1693
f 204 1729 1727
f 209 1745 1743
f 190 1687 1685
f 219 1774 1772
f 215 1762 1757
f 201 1720 1715
f 172 1632 1628
f 357 2189 2187
f 255 1883 1881
f 262 1903 1899
f 388 2281 2277
f 400 2317 2313
f 352 2173 2169
f 347 2158 2156
f 298 2012 2010
f 364 2210 2208
f 269 1924 1917
f 339 2135 2133
f 285 1973 1971
f 293 1996 1989
f 370 2227 2223
f 396 2304 2300
f 353 2176 2174
f 346 2155 2151
f 299 2014 2007
f 365 2212 2205
f 268 1922 1920
f 249 1864 1855
f 231 1810 1801
f 226 1795 1784
f 238 1831 1820
f 244 1849 1838
f 257 1887 1874
f 359 2193 2180
f 402 2321 2310
f 390 2285 2274
f 264 1907 1896
f 327 2098 2089
f 309 2044 2035
f 282 1961 1950
f 317 2067 2054
f 322 2083 2072
f 341 2139 2126
f 286 1975 1964
f 294 1997 1986
f 372 2231 2220
f 394 2298 2291
f 358 2190 2183
f 256 1884 1877
f 261 1900 1891
f 387 2278 2269
f 399 2314 2305
f 351 2170 2161
f 348 2159 2148
f 300 2015 2004
f 366 2213 2202
f 267 1918 1909
f 340 2136 2129
f 287 1977 1967
f 291 1990 1981
f 369 2224 2215
f 395 2301 2288
f 354 2177 2166
f 345 2152 2143
f 297 2008 1999
f 363 2206 2197
f 270 1925 1914
f 234 1817 1806
f 227 1797 1787
f 239 1833 1823
f 245 1851 1841
f 252 1871 1860
f 275 1941 1931
f 334 2119 2108
f 304 2029 2018
f 377 2247 2234
f 382 2262 2255
f 312 2051 2040
f 279 1954 1945
f 316 2064 2057
f 323 2085 2075
f 330 2105 2094
f 335 2121 2111
f 305 2031 2021
f 376 2244 2237
f 383 2265 2252
f 274 1939 1928
f 232 1814 1812
f 225 1793 1791
f 237 1829 1827
f 243 1847 1845
f 250 1868 1866
f 273 1937 1935
f 336 2124 2118
f 306 2034 2028
f 378 2250 2246
f 381 2261 2259
f 311 2050 2048
f 281 1960 1953
f 315 2063 2061
f 321 2081 2079
f 328 2102 2100
f 333 2117 2115
f 303 2027 2025
f 375 2243 2241
f 384 2268 2264
f 276 1944 1938
f 229 1804 1802
f 223 1785 1783
f 235 1821 1819
f 241 1839 1837
f 247 1858 1856
f 271 1929 1927
f 332 2114 2112
f 302 2024 2022
f 374 2240 2238
f 379 2253 2251
f 307 2038 2036
f 278 1951 1949
f 313 2055 2053
f 319 2073 2071
f 325 2092 2090
f 331 2109 2107
f 301 2019 2017
f 373 2235 2233
f 380 2258 2256
f 272 1934 1932
f 248 1861 1859
f 230 1807 1805
f 224 1790 1788
f 236 1826 1824
f 242 1844 1842
f 254 1880 1878
f 356 2186 2184
f 397 2308 2306
f 385 2272 2270
f 259 1894 1892
f 326 2095 2093
f 308 2041 2039
f 277 1948 1946
f 314 2060 2058
f 320 2078 2076
f 338 2132 2130
f 284 1970 1968
f 289 1984 1982
f 367 2218 2216
f 391 2289 2287
f 355 2181 2179
f 253 1875 1873
f 260 1897 1895
f 386 2275 2273
f 398 2311 2309
f 350 2167 2165
f 343 2146 2144
f 295 2002 2000
f 361 2200 2198
f 266 1915 1913
f 337 2127 2125
f 283 1965 1963
f 290 1987 1985
f 368 2221 2219
f 392 2294 2292
f 349 2164 2162
f 344 2149 2147
f 296 2005 2003
f 362 2203 2201
f 265 1912 1910
f 251 1870 1863
f 233 1816 1809
f 228 1800 1794
f 240 1836 1830
f 246 1854 1848
f 258 1890 1886
f 360 2196 2192
f 401 2320 2318
f 389 2284 2282
f 263 1906 1904
f 329 2104 2097
f 310 2047 2043
f 280 1958 1956
f 318 2070 2066
f 324 2088 2082
f 342 2142 2138
f 288 1980 1974
f 292 1994 1992
f 371 2230 2228
f 393 2297 2295
f 409 2329 2331
f 405 2323 2327
f 411 2326 2328
f 414 2333 2334
f 417 2336 2337
f 431 2345 2346
f 488 2409 2412
f 575 2496 2499
f 563 2485 2487
f 519 2435 2436
f 454 2374 2376
f 450 2368 2372
f 456 2371 2373
f 459 2378 2379
f 462 2381 2382
f 472 2392 2396
f 446 2360 2361
f 506 2416 2418
f 535 2456 2457
f 541 2460 2463
f 570 2488 2492
f 480 2398 2402
f 421 2340 2343
f 511 2430 2433
f 556 2475 2478
f 484 2404 2406
f 580 2501 2502
f 567 2482 2484
f 522 2440 2442
f 427 2347 2349
f 544 2464 2468
f 468 2384 2387
f 436 2355 2358
f 499 2419 2421
f 530 2451 2454
f 548 2470 2472
f 466 2385 2388
f 442 2362 2364
f 505 2423 2426
f 536 2446 2448
f 491 2401 2403
f 423 2339 2342
f 513 2429 2432
f 564 2474 2477
f 581 2491 2493
f 549 2459 2462
f 477 2395 2397
f 445 2365 2367
f 503 2424 2427
f 525 2443 2447
f 474 2390 2391
f 438 2354 2357
f 495 2413 2417
f 532 2450 2453
f 552 2467 2469
f 490 2408 2411
f 577 2495 2498
f 559 2479 2483
f 517 2437 2441
f 430 2350 2352
f 590 2511 2509
f 584 2505 2503
f 585 2507 2506
f 592 2513 2512
f 595 2516 2515
f 598 2519 2518
f 636 2556 2555
f 621 2540 2541
f 642 2561 2562
f 601 2521 2522
f 623 2544 2542
f 611 2529 2528
f 609 2530 2531
f 625 2546 2545
f 628 2549 2548
f 632 2553 2551
f 613 2534 2533
f 616 2536 2537
f 638 2557 2559
f 606 2525 2526
f 1607 644 647
f 1603 643 644
f 1604 645 643
f 1610 646 645
f 1613 647 646
f 1622 652 649
f 1686 670 672
f 1773 699 702
f 1761 695 696
f 1712 681 679
f 1652 659 662
f 1648 658 659
f 1649 660 658
f 1655 661 660
f 1658 662 661
f 1670 665 666
f 1637 657 654
f 1694 677 673
f 1731 686 685
f 1739 688 692
f 1768 698 701
f 1678 668 669
f 1619 648 650
f 1709 678 682
f 1754 693 697
f 1682 669 671
f 1776 701 700
f 1758 697 694
f 1716 682 680
f 1625 650 651
f 1742 689 690
f 1663 664 663
f 1634 653 655
f 1697 674 676
f 1728 684 687
f 1746 690 691
f 1664 663 667
f 1640 655 656
f 1700 676 675
f 1724 687 683
f 1679 672 668
f 1618 649 648
f 1708 679 678
f 1753 696 693
f 1769 702 698
f 1738 691 688
f 1671 667 665
f 1643 656 657
f 1701 675 677
f 1723 683 686
f 1667 666 664
f 1633 654 653
f 1693 673 674
f 1727 685 684
f 1743 692 689
f 1685 671 670
f 1772 700 699
f 1757 694 695
f 1715 680 681
f 1628 651 652
f 2187 838 837
f 1881 736 735
f 1899 741 742
f 2277 867 868
f 2313 879 880
f 2169 831 832
f 2156 828 827
f 2010 780 778
f 2208 846 844
f 1917 747 749
f 2133 820 819
f 1971 767 765
f 1989 771 773
f 2223 849 850
f 2300 875 876
f 2174 834 833
f 2151 825 826
f 2007 777 779
f 2205 843 845
f 1920 750 748
f 1855 727 729
f 1801 709 711
f 1784 703 706
f 1820 715 718
f 1838 721 724
f 1874 733 737
f 2180 835 839
f 2310 878 882
f 2274 866 870
f 1896 740 744
f 2089 805 807
f 2035 787 789
f 1950 758 762
f 2054 793 797
f 2072 799 802
f 2126 817 821
f 1964 763 766
f 1986 770 774
f 2220 848 852
f 2291 872 874
f 2183 836 838
f 1877 734 736
f 1891 739 741
f 2269 865 867
f 2305 877 879
f 2161 829 831
f 2148 824 828
f 2004 776 780
f 2202 842 846
f 1909 745 747
f 2129 818 820
f 1967 764 767
f 1981 769 771
f 2215 847 849
f 2288 871 875
f 2166 830 834
f 2143 823 825
f 1999 775 777
f 2197 841 843
f 1914 746 750
f 1806 710 714
f 1787 704 707
f 1823 716 719
f 1841 722 725
f 1860 728 732
f 1931 752 755
f 2108 811 814
f 2018 781 784
f 2234 853 857
f 2255 860 862
f 2040 788 792
f 1945 757 759
f 2057 794 796
f 2075 800 803
f 2094 806 810
f 2111 812 815
f 2021 782 785
f 2237 854 856
f 2252 859 863
f 1928 751 754
f 1812 714 712
f 1791 707 705
f 1827 719 717
f 1845 725 723
f 1866 732 730
f 1935 755 753
f 2118 814 816
f 2028 784 786
f 2246 857 858
f 2259 862 861
f 2048 792 791
f 1953 759 761
f 2061 796 795
f 2079 803 801
f 2100 810 808
f 2115 815 813
f 2025 785 783
f 2241 856 855
f 2264 863 864
f 1938 754 756
f 1802 712 709
f 1783 705 703
f 1819 717 715
f 1837 723 721
f 1856 730 727
f 1927 753 751
f 2112 816 812
f 2022 786 782
f 2238 858 854
f 2251 861 859
f 2036 791 787
f 1949 761 758
f 2053 795 793
f 2071 801 799
f 2090 808 805
f 2107 813 811
f 2017 783 781
f 2233 855 853
f 2256 864 860
f 1932 756 752
f 1859 731 728
f 1805 713 710
f 1788 708 704
f 1824 720 716
f 1842 726 722
f 1878 738 734
f 2184 840 836
f 2306 881 877
f 2270 869 865
f 1892 743 739
f 2093 809 806
f 2039 790 788
f 1946 760 757
f 2058 798 794
f 2076 804 800
f 2130 822 818
f 1968 768 764
f 1982 772 769
f 2216 851 847
f 2287 873 871
f 2179 837 835
f 1873 735 733
f 1895 742 740
f 2273 868 866
f 2309 880 878
f 2165 832 830
f 2144 827 823
f 2000 778 775
f 2198 844 841
f 1913 749 746
f 2125 819 817
f 1963 765 763
f 1985 773 770
f 2219 850 848
f 2292 876 872
f 2162 833 829
f 2147 826 824
f 2003 779 776
f 2201 845 842
f 1910 748 745
f 1863 729 731
f 1809 711 713
f 1794 706 708
f 1830 718 720
f 1848 724 726
f 1886 737 738
f 2192 839 840
f 2318 882 881
f 2282 870 869
f 1904 744 743
f 2097 807 809
f 2043 789 790
f 1956 762 760
f 2066 797 798
f 2082 802 804
f 2138 821 822
f 1974 766 768
f 1992 774 772
f 2228 852 851
f 2295 874 873
f 2331 1270 1269
f 2327 1246 1245
f 2328 1251 1252
f 2334 1287 1288
f 2337 1305 1306
f 2346 1335 1336
f 2412 1552 1551
f 2499 1474 1473
f 2487 1600 1599
f 2436 1353 1354
f 2376 1480 1479
f 2372 1402 1401
f 2373 1407 1408
f 2379 1491 1492
f 2382 1503 1504
f 2396 1534 1533
f 2361 1413 1414
f 2418 1443 1444
f 2457 1593 1594
f 2463 1384 1383
f 2492 1324 1323
f 2402 1276 1275
f 2343 1264 1263
f 2433 1300 1299
f 2478 1318 1317
f 2406 1342 1341
f 2502 1563 1564
f 2484 1461 1462
f 2442 1587 1588
f 2349 1348 1347
f 2468 1522 1521
f 2387 1419 1420
f 2358 1396 1395
f 2421 1498 1497
f 2454 1516 1515
f 2472 1558 1557
f 2388 1426 1425
f 2364 1432 1431
f 2426 1569 1570
f 2448 1371 1372
f 2403 1281 1282
f 2342 1257 1258
f 2432 1293 1294
f 2477 1311 1312
f 2493 1329 1330
f 2462 1377 1378
f 2397 1539 1540
f 2367 1450 1449
f 2427 1576 1575
f 2447 1366 1365
f 2391 1485 1486
f 2357 1389 1390
f 2417 1438 1437
f 2453 1509 1510
f 2469 1527 1528
f 2411 1545 1546
f 2498 1467 1468
f 2483 1456 1455
f 2441 1582 1581
f 2352 1360 1359
f 2509 1271 1272
f 2503 1247 1248
f 2506 1254 1253
f 2512 1290 1289
f 2515 1308 1307
f 2518 1338 1337
f 2555 1553 1554
f 2541 1475 1476
f 2562 1601 1602
f 2522 1356 1355
f 2542 1481 1482
f 2528 1403 1404
f 2531 1410 1409
f 2545 1494 1493
f 2548 1506 1505
f 2551 1535 1536
f 2533 1416 1415
f 2537 1446 1445
f 2559 1596 1595
f 2526 1385 1386
f 1616 907 909
f 1608 889 891
f 1606 883 886
f 1612 895 898
f 1615 901 904
f 1624 919 922
f 1692 1057 1060
f 1782 1237 1240
f 1765 1201 1204
f 1714 1099 1102
f 1661 997 999
f 1653 979 981
f 1651 973 976
f 1657 985 988
f 1660 991 994
f 1675 1021 1024
f 1639 949 952
f 1696 1063 1066
f 1733 1135 1138
f 1751 1177 1179
f 1779 1231 1233
f 1683 1039 1041
f 1626 925 927
f 1721 1117 1119
f 1766 1207 1209
f 1689 1051 1053
f 1778 1225 1228
f 1760 1189 1192
f 1718 1105 1108
f 1629 931 933
f 1747 1165 1167
f 1665 1003 1005
f 1641 955 957
f 1704 1081 1083
f 1737 1147 1150
f 1750 1171 1174
f 1676 1027 1029
f 1644 961 963
f 1702 1075 1077
f 1726 1123 1126
f 1681 1033 1036
f 1620 913 915
f 1710 1093 1095
f 1755 1183 1185
f 1771 1213 1216
f 1740 1153 1155
f 1673 1015 1018
f 1647 967 970
f 1707 1087 1090
f 1734 1141 1143
f 1669 1009 1012
f 1635 943 945
f 1698 1069 1071
f 1729 1129 1131
f 1745 1159 1162
f 1687 1045 1047
f 1774 1219 1221
f 1762 1195 1197
f 1720 1111 1114
f 1632 937 940
f 2189 1280 1284
f 1883 1256 1260
f 1903 1292 1296
f 2281 1310 1314
f 2317 1328 1332
f 2173 1376 1380
f 2158 1538 1542
f 2012 1447 1451
f 2210 1573 1577
f 1924 1363 1367
f 2135 1484 1488
f 1973 1388 1392
f 1996 1435 1439
f 2227 1508 1512
f 2304 1526 1530
f 2176 1544 1548
f 2155 1466 1470
f 2014 1453 1457
f 2212 1579 1583
f 1922 1357 1361
f 1864 1268 1270
f 1810 1244 1246
f 1795 1249 1251
f 1831 1285 1287
f 1849 1303 1305
f 1887 1333 1335
f 2193 1550 1552
f 2321 1472 1474
f 2285 1598 1600
f 1907 1351 1353
f 2098 1478 1480
f 2044 1400 1402
f 1961 1405 1407
f 2067 1489 1491
f 2083 1501 1503
f 2139 1532 1534
f 1975 1411 1413
f 1997 1441 1443
f 2231 1591 1593
f 2298 1382 1384
f 2190 1322 1324
f 1884 1274 1276
f 1900 1262 1264
f 2278 1298 1300
f 2314 1316 1318
f 2170 1340 1342
f 2159 1561 1563
f 2015 1459 1461
f 2213 1585 1587
f 1918 1346 1348
f 2136 1520 1522
f 1977 1417 1419
f 1990 1394 1396
f 2224 1496 1498
f 2301 1514 1516
f 2177 1556 1558
f 2152 1424 1426
f 2008 1430 1432
f 2206 1567 1569
f 1925 1369 1371
f 1817 1279 1281
f 1797 1255 1257
f 1833 1291 1293
f 1851 1309 1311
f 1871 1327 1329
f 1941 1375 1377
f 2119 1537 1539
f 2029 1448 1450
f 2247 1574 1576
f 2262 1364 1366
f 2051 1483 1485
f 1954 1387 1389
f 2064 1436 1438
f 2085 1507 1509
f 2105 1525 1527
f 2121 1543 1545
f 2031 1465 1467
f 2244 1454 1456
f 2265 1580 1582
f 1939 1358 1360
f 1814 1267 1271
f 1793 1243 1247
f 1829 1250 1254
f 1847 1286 1290
f 1868 1304 1308
f 1937 1334 1338
f 2124 1549 1553
f 2034 1471 1475
f 2250 1597 1601
f 2261 1352 1356
f 2050 1477 1481
f 1960 1399 1403
f 2063 1406 1410
f 2081 1490 1494
f 2102 1502 1506
f 2117 1531 1535
f 2027 1412 1416
f 2243 1442 1446
f 2268 1592 1596
f 1944 1381 1385
f 1804 890 894
f 1785 884 887
f 1821 896 899
f 1839 902 905
f 1858 908 912
f 1929 938 941
f 2114 1046 1050
f 2024 1220 1224
f 2240 1196 1200
f 2253 1112 1115
f 2038 980 984
f 1951 974 977
f 2055 986 989
f 2073 992 995
f 2092 998 1002
f 2109 1016 1019
f 2019 968 971
f 2235 1088 1091
f 2258 1142 1146
f 1934 1154 1158
f 1861 1214 1217
f 1807 1034 1037
f 1790 914 918
f 1826 1094 1098
f 1844 1184 1188
f 1880 1040 1044
f 2186 1232 1236
f 2308 1208 1212
f 2272 1118 1122
f 1894 926 930
f 2095 1160 1163
f 2041 1010 1013
f 1948 944 948
f 2060 1070 1074
f 2078 1130 1134
f 2132 1166 1170
f 1970 1004 1008
f 1984 956 960
f 2218 1082 1086
f 2289 1148 1151
f 2181 1058 1061
f 1875 920 923
f 1897 1100 1103
f 2275 1202 1205
f 2311 1238 1241
f 2167 1172 1175
f 2146 1028 1032
f 2002 962 966
f 2200 1076 1080
f 1915 1124 1127
f 2127 1022 1025
f 1965 950 953
f 1987 1064 1067
f 2221 1136 1139
f 2294 1178 1182
f 2164 1052 1056
f 2149 1226 1229
f 2005 1190 1193
f 2203 1106 1109
f 1912 932 936
f 1870 1321 1325
f 1816 1273 1277
f 1800 1261 1265
f 1836 1297 1301
f 1854 1315 1319
f 1890 1339 1343
f 2196 1562 1566
f 2320 1460 1464
f 2284 1586 1590
f 1906 1345 1349
f 2104 1519 1523
f 2047 1418 1422
f 1958 1393 1397
f 2070 1495 1499
f 2088 1513 1517
f 2142 1555 1559
f 1980 1423 1427
f 1994 1429 1433
f 2230 1568 1572
f 2297 1370 1374
f 2329 894 892
f 2323 887 885
f 2326 899 897
f 2333 905 903
f 2336 912 910
f 2345 941 939
f 2409 1050 1048
f 2496 1224 1222
f 2485 1200 1198
f 2435 1115 1113
f 2374 984 982
f 2368 977 975
f 2371 989 987
f 2378 995 993
f 2381 1002 1000
f 2392 1019 1017
f 2360 971 969
f 2416 1091 1089
f 2456 1146 1144
f 2460 1158 1156
f 2488 1217 1215
f 2398 1037 1035
f 2340 918 916
f 2430 1098 1096
f 2475 1188 1186
f 2404 1044 1042
f 2501 1236 1234
f 2482 1212 1210
f 2440 1122 1120
f 2347 930 928
f 2464 1163 1161
f 2384 1013 1011
f 2355 948 946
f 2419 1074 1072
f 2451 1134 1132
f 2470 1170 1168
f 2385 1008 1006
f 2362 960 958
f 2423 1086 1084
f 2446 1151 1149
f 2401 1061 1059
f 2339 923 921
f 2429 1103 1101
f 2474 1205 1203
f 2491 1241 1239
f 2459 1175 1173
f 2395 1032 1030
f 2365 966 964
f 2424 1080 1078
f 2443 1127 1125
f 2390 1025 1023
f 2354 953 951
f 2413 1067 1065
f 2450 1139 1137
f 2467 1182 1180
f 2408 1056 1054
f 2495 1229 1227
f 2479 1193 1191
f 2437 1109 1107
f 2350 936 934
f 2511 1325 1326
f 2505 1277 1278
f 2507 1265 1266
f 2513 1301 1302
f 2516 1319 1320
f 2519 1343 1344
f 2556 1566 1565
f 2540 1464 1463
f 2561 1590 1589
f 2521 1349 1350
f 2544 1523 1524
f 2529 1422 1421
f 2530 1397 1398
f 2546 1499 1500
f 2549 1517 1518
f 2553 1559 1560
f 2534 1427 1428
f 2536 1433 1434
f 2557 1572 1571
f 2525 1374 1373
f 1609 892 889
f 1605 885 883
f 1611 897 895
f 1614 903 901
f 1617 910 907
f 1631 939 937
f 1688 1048 1045
f 1775 1222 1219
f 1763 1198 1195
f 1719 1113 1111
f 1654 982 979
f 1650 975 973
f 1656 987 985
f 1659 993 991
f 1662 1000 997
f 1672 1017 1015
f 1646 969 967
f 1706 1089 1087
f 1735 1144 1141
f 1741 1156 1153
f 1770 1215 1213
f 1680 1035 1033
f 1621 916 913
f 1711 1096 1093
f 1756 1186 1183
f 1684 1042 1039
f 1780 1234 1231
f 1767 1210 1207
f 1722 1120 1117
f 1627 928 925
f 1744 1161 1159
f 1668 1011 1009
f 1636 946 943
f 1699 1072 1069
f 1730 1132 1129
f 1748 1168 1165
f 1666 1006 1003
f 1642 958 955
f 1705 1084 1081
f 1736 1149 1147
f 1691 1059 1057
f 1623 921 919
f 1713 1101 1099
f 1764 1203 1201
f 1781 1239 1237
f 1749 1173 1171
f 1677 1030 1027
f 1645 964 961
f 1703 1078 1075
f 1725 1125 1123
f 1674 1023 1021
f 1638 951 949
f 1695 1065 1063
f 1732 1137 1135
f 1752 1180 1177
f 1690 1054 1051
f 1777 1227 1225
f 1759 1191 1189
f 1717 1107 1105
f 1630 934 931
f 2191 1326 1322
f 1885 1278 1274
f 1901 1266 1262
f 2279 1302 1298
f 2315 1320 1316
f 2171 1344 1340
f 2160 1565 1561
f 2016 1463 1459
f 2214 1589 1585
f 1919 1350 1346
f 2137 1524 1520
f 1978 1421 1417
f 1991 1398 1394
f 2225 1500 1496
f 2302 1518 1514
f 2178 1560 1556
f 2153 1428 1424
f 2009 1434 1430
f 2207 1571 1567
f 1926 1373 1369
f 1857 911 908
f 1803 893 890
f 1786 888 884
f 1822 900 896
f 1840 906 902
f 1876 924 920
f 2182 1062 1058
f 2312 1242 1238
f 2276 1206 1202
f 1898 1104 1100
f 2091 1001 998
f 2037 983 980
f 1952 978 974
f 2056 990 986
f 2074 996 992
f 2128 1026 1022
f 1966 954 950
f 1988 1068 1064
f 2222 1140 1136
f 2293 1181 1178
f 2185 1235 1232
f 1879 1043 1040
f 1893 929 926
f 2271 1121 1118
f 2307 1211 1208
f 2163 1055 1052
f 2150 1230 1226
f 2006 1194 1190
f 2204 1110 1106
f 1911 935 932
f 2131 1169 1166
f 1969 1007 1004
f 1983 959 956
f 2217 1085 1082
f 2290 1152 1148
f 2168 1176 1172
f 2145 1031 1028
f 2001 965 962
f 2199 1079 1076
f 1916 1128 1124
f 1808 1038 1034
f 1789 917 914
f 1825 1097 1094
f 1843 1187 1184
f 1862 1218 1214
f 1933 1157 1154
f 2110 1020 1016
f 2020 972 968
f 2236 1092 1088
f 2257 1145 1142
f 2042 1014 1010
f 1947 947 944
f 2059 1073 1070
f 2077 1133 1130
f 2096 1164 1160
f 2113 1049 1046
f 2023 1223 1220
f 2239 1199 1196
f 2254 1116 1112
f 1930 942 938
f 1818 1283 1279
f 1798 1259 1255
f 1834 1295 1291
f 1852 1313 1309
f 1872 1331 1327
f 1942 1379 1375
f 2120 1541 1537
f 2030 1452 1448
f 2248 1578 1574
f 2263 1368 1364
f 2052 1487 1483
f 1955 1391 1387
f 2065 1440 1436
f 2086 1511 1507
f 2106 1529 1525
f 2122 1547 1543
f 2032 1469 1465
f 2245 1458 1454
f 2266 1584 1580
f 1940 1362 1358
f 1813 1269 1267
f 1792 1245 1243
f 1828 1252 1250
f 1846 1288 1286
f 1867 1306 1304
f 1936 1336 1334
f 2123 1551 1549
f 2033 1473 1471
f 2249 1599 1597
f 2260 1354 1352
f 2049 1479 1477
f 1959 1401 1399
f 2062 1408 1406
f 2080 1492 1490
f 2101 1504 1502
f 2116 1533 1531
f 2026 1414 1412
f 2242 1444 1442
f 2267 1594 1592
f 1943 1383 1381
f 1869 1323 1321
f 1815 1275 1273
f 1799 1263 1261
f 1835 1299 1297
f 1853 1317 1315
f 1889 1341 1339
f 2195 1564 1562
f 2319 1462 1460
f 2283 1588 1586
f 1905 1347 1345
f 2103 1521 1519
f 2046 1420 1418
f 1957 1395 1393
f 2069 1497 1495
f 2087 1515 1513
f 2141 1557 1555
f 1979 1425 1423
f 1993 1431 1429
f 2229 1570 1568
f 2296 1372 1370
f 2188 1282 1280
f 1882 1258 1256
f 1902 1294 1292
f 2280 1312 1310
f 2316 1330 1328
f 2172 1378 1376
f 2157 1540 1538
f 2011 1449 1447
f 2209 1575 1573
f 1923 1365 1363
f 2134 1486 1484
f 1972 1390 1388
f 1995 1437 1435
f 2226 1510 1508
f 2303 1528 1526
f 2175 1546 1544
f 2154 1468 1466
f 2013 1455 1453
f 2211 1581 1579
f 1921 1359 1357
f 1865 1272 1268
f 1811 1248 1244
f 1796 1253 1249
f 1832 1289 1285
f 1850 1307 1303
f 1888 1337 1333
f 2194 1554 1550
f 2322 1476 1472
f 2286 1602 1598
f 1908 1355 1351
f 2099 1482 1478
f 2045 1404 1400
f 1962 1409 1405
f 2068 1493 1489
f 2084 1505 1501
f 2140 1536 1532
f 1976 1415 1411
f 1998 1445 1441
f 2232 1595 1591
f 2299 1386 1382
f 2330 909 911
f 2324 891 893
f 2325 886 888
f 2332 898 900
f 2335 904 906
f 2344 922 924
f 2410 1060 1062
f 2497 1240 1242
f 2486 1204 1206
f 2434 1102 1104
f 2375 999 1001
f 2369 981 983
f 2370 976 978
f 2377 988 990
f 2380 994 996
f 2393 1024 1026
f 2359 952 954
f 2415 1066 1068
f 2455 1138 1140
f 2461 1179 1181
f 2489 1233 1235
f 2399 1041 1043
f 2341 927 929
f 2431 1119 1121
f 2476 1209 1211
f 2405 1053 1055
f 2500 1228 1230
f 2481 1192 1194
f 2439 1108 1110
f 2348 933 935
f 2465 1167 1169
f 2383 1005 1007
f 2356 957 959
f 2420 1083 1085
f 2452 1150 1152
f 2471 1174 1176
f 2386 1029 1031
f 2363 963 965
f 2422 1077 1079
f 2445 1126 1128
f 2400 1036 1038
f 2338 915 917
f 2428 1095 1097
f 2473 1185 1187
f 2490 1216 1218
f 2458 1155 1157
f 2394 1018 1020
f 2366 970 972
f 2425 1090 1092
f 2444 1143 1145
f 2389 1012 1014
f 2353 945 947
f 2414 1071 1073
f 2449 1131 1133
f 2466 1162 1164
f 2407 1047 1049
f 2494 1221 1223
f 2480 1197 1199
f 2438 1114 1116
f 2351 940 942
f 2510 1284 1283
f 2504 1260 1259
f 2508 1296 1295
f 2514 1314 1313
f 2517 1332 1331
f 2520 1380 1379
f 2554 1542 1541
f 2539 1451 1452
f 2560 1577 1578
f 2523 1367 1368
f 2543 1488 1487
f 2527 1392 1391
f 2532 1439 1440
f 2547 1512 1511
f 2550 1530 1529
f 2552 1548 1547
f 2535 1470 1469
f 2538 1457 1458
f 2558 1583 1584
f 2524 1361 1362
f 1607 1616 1609
f 1603 1608 1605
f 1604 1606 1611
f 1610 1612 1614
f 1613 1615 1617
f 1622 1624 1631
f 1686 1692 1688
f 1773 1782 1775
f 1761 1765 1763
f 1712 1714 1719
f 1652 1661 1654
f 1648 1653 1650
f 1649 1651 1656
f 1655 1657 1659
f 1658 1660 1662
f 1670 1675 1672
f 1637 1639 1646
f 1694 1696 1706
f 1731 1733 1735
f 1739 1751 1741
f 1768 1779 1770
f 1678 1683 1680
f 1619 1626 1621
f 1709 1721 1711
f 1754 1766 1756
f 1682 1689 1684
f 1776 1778 1780
f 1758 1760 1767
f 1716 1718 1722
f 1625 1629 1627
f 1742 1747 1744
f 1663 1665 1668
f 1634 1641 1636
f 1697 1704 1699
f 1728 1737 1730
f 1746 1750 1748
f 1664 1676 1666
f 1640 1644 1642
f 1700 1702 1705
f 1724 1726 1736
f 1679 1681 1691
f 1618 1620 1623
f 1708 1710 1713
f 1753 1755 1764
f 1769 1771 1781
f 1738 1740 1749
f 1671 1673 1677
f 1643 1647 1645
f 1701 1707 1703
f 1723 1734 1725
f 1667 1669 1674
f 1633 1635 1638
f 1693 1698 1695
f 1727 1729 1732
f 1743 1745 1752
f 1685 1687 1690
f 1772 1774 1777
f 1757 1762 1759
f 1715 1720 1717
f 1628 1632 1630
f 2187 2189 2191
f 1881 1883 1885
f 1899 1903 1901
f 2277 2281 2279
f 2313 2317 2315
f 2169 2173 2171
f 2156 2158 2160
f 2010 2012 2016
f 2208 2210 2214
f 1917 1924 1919
f 2133 2135 2137
f 1971 1973 1978
f 1989 1996 1991
f 2223 2227 2225
f 2300 2304 2302
f 2174 2176 2178
f 2151 2155 2153
f 2007 2014 2009
f 2205 2212 2207
f 1920 1922 1926
f 1855 1864 1857
f 1801 1810 1803
f 1784 1795 1786
f 1820 1831 1822
f 1838 1849 1840
f 1874 1887 1876
f 2180 2193 2182
f 2310 2321 2312
f 2274 2285 2276
f 1896 1907 1898
f 2089 2098 2091
f 2035 2044 2037
f 1950 1961 1952
f 2054 2067 2056
f 2072 2083 2074
f 2126 2139 2128
f 1964 1975 1966
f 1986 1997 1988
f 2220 2231 2222
f 2291 2298 2293
f 2183 2190 2185
f 1877 1884 1879
f 1891 1900 1893
f 2269 2278 2271
f 2305 2314 2307
f 2161 2170 2163
f 2148 2159 2150
f 2004 2015 2006
f 2202 2213 2204
f 1909 1918 1911
f 2129 2136 2131
f 1967 1977 1969
f 1981 1990 1983
f 2215 2224 2217
f 2288 2301 2290
f 2166 2177 2168
f 2143 2152 2145
f 1999 2008 2001
f 2197 2206 2199
f 1914 1925 1916
f 1806 1817 1808
f 1787 1797 1789
f 1823 1833 1825
f 1841 1851 1843
f 1860 1871 1862
f 1931 1941 1933
f 2108 2119 2110
f 2018 2029 2020
f 2234 2247 2236
f 2255 2262 2257
f 2040 2051 2042
f 1945 1954 1947
f 2057 2064 2059
f 2075 2085 2077
f 2094 2105 2096
f 2111 2121 2113
f 2021 2031 2023
f 2237 2244 2239
f 2252 2265 2254
f 1928 1939 1930
f 1812 1814 1818
f 1791 1793 1798
f 1827 1829 1834
f 1845 1847 1852
f 1866 1868 1872
f 1935 1937 1942
f 2118 2124 2120
f 2028 2034 2030
f 2246 2250 2248
f 2259 2261 2263
f 2048 2050 2052
f 1953 1960 1955
f 2061 2063 2065
f 2079 2081 2086
f 2100 2102 2106
f 2115 2117 2122
f 2025 2027 2032
f 2241 2243 2245
f 2264 2268 2266
f 1938 1944 1940
f 1802 1804 1813
f 1783 1785 1792
f 1819 1821 1828
f 1837 1839 1846
f 1856 1858 1867
f 1927 1929 1936
f 2112 2114 2123
f 2022 2024 2033
f 2238 2240 2249
f 2251 2253 2260
f 2036 2038 2049
f 1949 1951 1959
f 2053 2055 2062
f 2071 2073 2080
f 2090 2092 2101
f 2107 2109 2116
f 2017 2019 2026
f 2233 2235 2242
f 2256 2258 2267
f 1932 1934 1943
f 1859 1861 1869
f 1805 1807 1815
f 1788 1790 1799
f 1824 1826 1835
f 1842 1844 1853
f 1878 1880 1889
f 2184 2186 2195
f 2306 2308 2319
f 2270 2272 2283
f 1892 1894 1905
f 2093 2095 2103
f 2039 2041 2046
f 1946 1948 1957
f 2058 2060 2069
f 2076 2078 2087
f 2130 2132 2141
f 1968 1970 1979
f 1982 1984 1993
f 2216 2218 2229
f 2287 2289 2296
f 2179 2181 2188
f 1873 1875 1882
f 1895 1897 1902
f 2273 2275 2280
f 2309 2311 2316
f 2165 2167 2172
f 2144 2146 2157
f 2000 2002 2011
f 2198 2200 2209
f 1913 1915 1923
f 2125 2127 2134
f 1963 1965 1972
f 1985 1987 1995
f 2219 2221 2226
f 2292 2294 2303
f 2162 2164 2175
f 2147 2149 2154
f 2003 2005 2013
f 2201 2203 2211
f 1910 1912 1921
f 1863 1870 1865
f 1809 1816 1811
f 1794 1800 1796
f 1830 1836 1832
f 1848 1854 1850
f 1886 1890 1888
f 2192 2196 2194
f 2318 2320 2322
f 2282 2284 2286
f 1904 1906 1908
f 2097 2104 2099
f 2043 2047 2045
f 1956 1958 1962
f 2066 2070 2068
f 2082 2088 2084
f 2138 2142 2140
f 1974 1980 1976
f 1992 1994 1998
f 2228 2230 2232
f 2295 2297 2299
f 2331 2329 2330
f 2327 2323 2324
f 2328 2326 2325
f 2334 2333 2332
f 2337 2336 2335
f 2346 2345 2344
f 2412 2409 2410
f 2499 2496 2497
f 2487 2485 2486
f 2436 2435 2434
f 2376 2374 2375
f 2372 2368 2369
f 2373 2371 2370
f 2379 2378 2377
f 2382 2381 2380
f 2396 2392 2393
f 2361 2360 2359
f 2418 2416 2415
f 2457 2456 2455
f 2463 2460 2461
f 2492 2488 2489
f 2402 2398 2399
f 2343 2340 2341
f 2433 2430 2431
f 2478 2475 2476
f 2406 2404 2405
f 2502 2501 2500
f 2484 2482 2481
f 2442 2440 2439
f 2349 2347 2348
f 2468 2464 2465
f 2387 2384 2383
f 2358 2355 2356
f 2421 2419 2420
f 2454 2451 2452
f 2472 2470 2471
f 2388 2385 2386
f 2364 2362 2363
f 2426 2423 2422
f 2448 2446 2445
f 2403 2401 2400
f 2342 2339 2338
f 2432 2429 2428
f 2477 2474 2473
f 2493 2491 2490
f 2462 2459 2458
f 2397 2395 2394
f 2367 2365 2366
f 2427 2424 2425
f 2447 2443 2444
f 2391 2390 2389
f 2357 2354 2353
f 2417 2413 2414
f 2453 2450 2449
f 2469 2467 2466
f 2411 2408 2407
f 2498 2495 2494
f 2483 2479 2480
f 2441 2437 2438
f 2352 2350 2351
f 2509 2511 2510
f 2503 2505 2504
f 2506 2507 2508
f 2512 2513 2514
f 2515 2516 2517
f 2518 2519 2520
f 2555 2556 2554
f 2541 2540 2539
f 2562 2561 2560
f 2522 2521 2523
f 2542 2544 2543
f 2528 2529 2527
f 2531 2530 2532
f 2545 2546 2547
f 2548 2549 2550
f 2551 2553 2552
f 2533 2534 2535
f 2537 2536 2538
f 2559 2557 2558
f 2526 2525 2524