v -0.171222 0.344354 -0.192263
v 0.159132 0.342490 -0.193707
v -0.282008 -0.506491 0.032360
v 0.283976 -0.506328 0.033893
v 0.028299 -0.404061 0.708719
v 0.006608 0.117166 0.364172
v -0.012651 -0.088804 -0.405946
v -0.008533 0.393878 -0.713351
v 0.305615 0.071165 -0.276031
v 0.306024 0.017686 0.258955
v -0.308745 0.070899 -0.300830
v -0.299442 0.021488 0.263949
v -0.001804 0.493601 -0.184257
v -0.081391 0.206567 0.002571
v -0.204821 0.649127 -0.453496
v -0.265581 0.191282 -0.311680
v -0.271536 0.110010 0.008747
v 0.088803 0.206739 -0.005171
v 0.210936 0.700595 -0.458646
v 0.259363 0.192068 -0.284101
v 0.264510 0.105058 0.007058
v 0.001212 -0.564554 0.020473
v -0.210701 -0.634845 0.420333
v -0.176399 -0.489335 -0.293719
v -0.327081 -0.086603 -0.112113
v -0.312573 -0.151663 0.215255
v 0.203365 -0.629606 0.418189
v 0.172930 -0.484685 -0.293062
v 0.335009 -0.096487 -0.092555
v 0.318191 -0.158676 0.217033
v 0.030081 -0.011988 0.698301
v 0.307084 -0.173081 0.567351
v -0.293489 -0.160880 0.596227
v 0.205227 0.054631 0.379968
v -0.191493 0.060361 0.393394
v -0.015375 0.025756 -0.682424
v 0.180992 0.001923 -0.383988
v -0.192696 0.003652 -0.385295
v 0.317138 0.199833 -0.646808
v -0.317005 0.201177 -0.644471
v 0.322961 0.053654 -0.011485
v -0.319504 0.074166 -0.029671
v -0.102662 0.435852 -0.189114
v -0.114223 0.259028 -0.138047
v -0.220698 0.497361 -0.291690
v -0.227650 0.306137 -0.254783
v -0.194105 0.204131 -0.138123
v 0.094436 0.447189 -0.178234
v 0.115685 0.264725 -0.138142
v 0.187710 0.496462 -0.283999
v 0.215838 0.301005 -0.236635
v 0.190749 0.204684 -0.136334
v -0.165258 -0.596875 0.020273
v -0.224107 -0.493434 0.190417
v -0.327330 -0.746434 -0.150460
v -0.348369 -0.340241 -0.049233
v -0.300528 -0.325579 0.126846
v 0.168407 -0.594892 0.020831
v 0.226118 -0.488578 0.188898
v 0.327992 -0.746023 -0.150579
v 0.352185 -0.347951 -0.039754
v 0.305275 -0.329146 0.130165
v -0.115618 -0.629442 0.673752
v 0.139438 -0.633807 0.675977
v 0.047906 -0.187989 0.757776
v 0.203324 -0.323830 0.694852
v -0.147556 -0.314982 0.712381
v -0.041621 0.151120 0.196984
v 0.052042 0.152134 0.192722
v 0.012871 0.092332 0.557752
v 0.099577 0.100334 0.394766
v -0.085043 0.103508 0.404090
v -0.075219 -0.241080 -0.365257
v 0.054064 -0.240511 -0.381520
v -0.013646 0.009962 -0.492552
v 0.068750 -0.029688 -0.403126
v -0.091868 -0.026995 -0.395453
v -0.122546 0.558536 -0.641554
v 0.103473 0.559069 -0.642755
v -0.010210 0.204837 -0.765284
v 0.168106 0.321564 -0.750605
v -0.180146 0.320779 -0.748662
v 0.318808 0.091415 -0.300668
v 0.298019 0.041369 -0.171297
v 0.266480 0.044766 -0.333865
v 0.300995 0.114019 -0.422004
v 0.318895 0.062486 -0.157869
v 0.300982 0.046634 0.152351
v 0.314309 -0.020484 0.264558
v 0.303296 -0.057786 0.388811
v 0.277997 0.019796 0.320032
v 0.320448 0.049229 0.139330
v -0.315394 0.100506 -0.321548
v -0.299596 0.040574 -0.200039
v -0.270297 0.047318 -0.348229
v -0.303597 0.116717 -0.437325
v -0.322124 0.065223 -0.186585
v -0.292028 0.062348 0.159673
v -0.309957 -0.023070 0.263186
v -0.296249 -0.053796 0.401369
v -0.268878 0.026532 0.332769
v -0.312220 0.062317 0.136582
v -0.034119 0.309608 -0.130886
v -0.096914 0.618857 -0.309462
v 0.041081 0.309761 -0.134923
v 0.067915 0.623682 -0.307528
v -0.174182 0.166977 0.018932
v 0.005584 0.205302 -0.014338
v -0.141585 0.134621 0.206529
v -0.338238 0.461165 -0.395685
v -0.028173 0.700345 -0.476311
v -0.265872 0.424931 -0.576219
v -0.264244 0.137673 -0.157038
v -0.290260 0.246783 -0.453081
v -0.322949 0.044000 -0.184396
v -0.233385 0.088338 0.194871
v -0.313032 0.061699 -0.014478
v 0.177745 0.165374 0.011637
v 0.150715 0.134093 0.196516
v 0.333249 0.477498 -0.339499
v 0.268898 0.440570 -0.568134
v 0.262196 0.136594 -0.145091
v 0.286004 0.251945 -0.431347
v 0.321488 0.043604 -0.168659
v 0.245171 0.083172 0.183879
v 0.322882 0.035596 -0.010671
v -0.088730 -0.597506 0.216507
v -0.084392 -0.608174 -0.156028
v 0.096119 -0.597399 0.216109
v 0.083263 -0.605588 -0.157278
v -0.290822 -0.374967 0.325764
v 0.000547 -0.606704 0.460591
v -0.326171 -0.447405 0.583091
v -0.332624 -0.321335 -0.238976
v -0.005481 -0.444312 -0.281527
v -0.191747 -0.172807 -0.323743
v -0.321972 -0.115009 0.045526
v -0.257174 -0.043881 -0.245991
v -0.306747 0.078167 -0.046887
v -0.320406 -0.191818 0.401812
v -0.307143 0.056984 0.112904
v 0.291570 -0.374764 0.318480
v 0.326648 -0.452000 0.554037
v 0.336913 -0.326252 -0.233328
v 0.184184 -0.175399 -0.328313
v 0.328261 -0.127816 0.060658
v 0.260746 -0.051940 -0.237950
v 0.307962 0.065763 -0.011889
v 0.323249 -0.193872 0.388792
v 0.316670 0.029920 0.126093
v 0.193018 -0.095254 0.682982
v -0.134295 -0.085305 0.712340
v 0.152812 0.037193 0.588285
v -0.123670 0.044607 0.602029
v 0.254890 -0.029755 0.508349
v -0.239102 -0.019164 0.530619
v 0.114916 0.010367 -0.556761
v -0.136408 0.015169 -0.551751
v 0.180358 0.088520 -0.771263
v -0.203948 0.088283 -0.763915
v 0.247366 0.062314 -0.537078
v -0.254623 0.068139 -0.536481
v -0.144793 0.388467 -0.190438
v -0.144539 0.306599 -0.166814
v -0.187496 0.409467 -0.230179
v -0.199525 0.331543 -0.221081
v -0.176090 0.274388 -0.178832
v 0.133843 0.392647 -0.185348
v 0.139105 0.310407 -0.163950
v 0.168364 0.406347 -0.228640
v 0.186053 0.328179 -0.214366
v 0.168220 0.274888 -0.176384
v -0.239328 -0.570184 0.025680
v -0.250373 -0.489452 0.097368
v -0.310824 -0.600970 -0.031487
v -0.319665 -0.451671 -0.005895
v -0.290473 -0.420037 0.075157
v 0.241761 -0.568429 0.026146
v 0.253142 -0.487294 0.097542
v 0.308972 -0.599813 -0.031298
v 0.322066 -0.454508 -0.001715
v 0.293938 -0.421317 0.077777
v -0.033512 -0.485854 0.691201
v 0.075493 -0.488159 0.690039
v 0.038125 -0.303950 0.732724
v 0.110979 -0.374217 0.710165
v -0.050212 -0.370828 0.716869
v -0.016834 0.123655 0.291961
v 0.028084 0.124090 0.289542
v 0.008317 0.115853 0.462185
v 0.047234 0.113037 0.384193
v -0.033191 0.114695 0.388865
v -0.037973 -0.153538 -0.391681
v 0.012944 -0.154028 -0.396287
v -0.013404 -0.013342 -0.427994
v 0.024448 -0.064713 -0.409722
v -0.048998 -0.061793 -0.404365
v -0.056479 0.465165 -0.683478
v 0.038760 0.465698 -0.684264
v -0.008772 0.308641 -0.745498
v 0.068094 0.364688 -0.726102
v -0.084131 0.364522 -0.725828
v 0.315272 0.078862 -0.289309
v 0.301949 0.059722 -0.228943
v 0.291571 0.063681 -0.301225
v 0.303004 0.085502 -0.338513
v 0.313142 0.066082 -0.223820
v 0.303371 0.032356 0.213823
v 0.312702 0.012440 0.269353
v 0.304184 -0.010473 0.316345
v 0.295498 0.014008 0.284490
v 0.312627 0.036201 0.207834
v -0.319433 0.079223 -0.314263
v -0.303969 0.058681 -0.256001
v -0.294140 0.064108 -0.322403
v -0.306924 0.087041 -0.359491
v -0.317532 0.065594 -0.251676
v -0.297756 0.043021 0.221915
v -0.305991 0.009750 0.268898
v -0.296627 -0.009644 0.322625
v -0.289468 0.020631 0.295048
v -0.306327 0.042666 0.210051
v -0.052061 0.479934 -0.180548
v 0.047771 0.479598 -0.184845
v -0.019962 0.400300 -0.151480
v -0.039680 0.566928 -0.237387
v 0.022706 0.397556 -0.156786
v 0.023846 0.571230 -0.235680
v -0.091584 0.219657 -0.090887
v -0.064709 0.183499 0.099659
v -0.046929 0.233347 -0.100410
v -0.129756 0.191493 0.013356
v -0.034951 0.205981 -0.008410
v -0.120211 0.186845 0.110096
v -0.251223 0.603217 -0.366645
v -0.181022 0.629312 -0.554412
v -0.173076 0.690339 -0.380448
v -0.414932 0.620676 -0.428847
v -0.183863 0.804612 -0.478028
v -0.261847 0.548715 -0.522519
v -0.248697 0.259548 -0.286177
v -0.292597 0.137737 -0.320909
v -0.265933 0.317692 -0.360678
v -0.262984 0.159526 -0.236206
v -0.278854 0.228385 -0.381510
v -0.292920 0.112926 -0.248041
v -0.227500 0.155970 -0.066063
v -0.284262 0.083335 0.087391
v -0.219005 0.140912 0.017656
v -0.265784 0.122532 -0.076008
v -0.250066 0.103252 0.100023
v -0.292004 0.085783 -0.002113
v 0.096925 0.222232 -0.097032
v 0.073901 0.185936 0.093554
v 0.056252 0.235184 -0.104735
v 0.045020 0.206581 -0.012797
v 0.134436 0.190787 0.004996
v 0.128047 0.188138 0.100990
v 0.211316 0.609801 -0.360256
v 0.164171 0.637278 -0.560443
v 0.145881 0.715684 -0.383281
v 0.113882 0.735449 -0.476722
v 0.382998 0.635271 -0.403471
v 0.260951 0.570993 -0.516560
v 0.239240 0.255980 -0.259648
v 0.290003 0.136473 -0.296951
v 0.256393 0.319884 -0.320218
v 0.259356 0.160158 -0.215781
v 0.270528 0.230272 -0.353278
v 0.290599 0.111702 -0.227310
v 0.225941 0.153226 -0.065870
v 0.291652 0.068840 0.082110
v 0.221435 0.137068 0.012673
v 0.265055 0.117521 -0.072261
v 0.260734 0.094260 0.092973
v 0.295998 0.072356 -0.001426
v -0.084719 -0.580562 0.019635
v 0.087856 -0.577925 0.018762
v -0.041056 -0.578835 0.118133
v -0.048388 -0.555296 -0.070958
v 0.045978 -0.578827 0.117068
v 0.048235 -0.555703 -0.071003
v -0.209554 -0.526741 0.303919
v -0.182639 -0.812384 0.569561
v -0.135357 -0.577138 0.331845
v -0.267071 -0.504256 0.380342
v -0.102372 -0.652407 0.450041
v -0.318648 -0.632343 0.520069
v -0.251673 -0.726830 -0.285245
v -0.119265 -0.346792 -0.322754
v -0.125100 -0.620426 -0.247250
v -0.277989 -0.449394 -0.291068
v -0.086746 -0.462433 -0.284180
v -0.194789 -0.320726 -0.312575
v -0.363631 -0.195913 -0.080879
v -0.300625 0.005154 -0.144221
v -0.336148 -0.193739 -0.168496
v -0.331706 -0.097776 -0.033481
v -0.298167 -0.075949 -0.186400
v -0.308997 0.006596 -0.067953
v -0.309055 -0.235048 0.175396
v -0.311726 -0.078731 0.244742
v -0.305672 -0.258855 0.269628
v -0.315899 -0.130053 0.128904
v -0.313825 -0.176527 0.305550
v -0.310927 -0.049117 0.163161
v 0.208017 -0.521310 0.302341
v 0.181380 -0.811942 0.567651
v 0.134331 -0.573546 0.331245
v 0.098499 -0.650362 0.451956
v 0.263367 -0.499887 0.373250
v 0.308206 -0.627698 0.498854
v 0.253646 -0.724467 -0.286556
v 0.107430 -0.345341 -0.329749
v 0.123830 -0.611619 -0.244425
v 0.078155 -0.459244 -0.284852
v 0.279599 -0.450629 -0.291286
v 0.188916 -0.321012 -0.316374
v 0.365030 -0.211947 -0.065780
v 0.302848 -0.005596 -0.121768
v 0.342386 -0.200783 -0.155465
v 0.336829 -0.112375 -0.014505
v 0.305037 -0.083167 -0.172136
v 0.313342 -0.008306 -0.042671
v 0.315682 -0.239119 0.178581
v 0.316853 -0.084257 0.245340
v 0.309930 -0.261175 0.266242
v 0.322675 -0.140613 0.137769
v 0.318238 -0.179092 0.300515
v 0.318082 -0.062332 0.170671
v 0.043200 -0.088291 0.747149
v 0.019759 0.048951 0.637009
v 0.113645 -0.052877 0.701403
v -0.046799 -0.046795 0.721036
v 0.098002 0.016251 0.652758
v -0.052893 0.021517 0.664353
v 0.268792 -0.252036 0.641943
v 0.308773 -0.110390 0.475473
v 0.311653 -0.294585 0.562945
v 0.325695 -0.192876 0.480675
v 0.259083 -0.138438 0.635803
v 0.283711 -0.089188 0.548506
v -0.238536 -0.237010 0.673960
v -0.303155 -0.102002 0.496875
v -0.301146 -0.284692 0.590323
v -0.325951 -0.184608 0.503684
v -0.225539 -0.124261 0.668800
v -0.268377 -0.077487 0.575418
v 0.154315 0.078985 0.393885
v 0.246703 0.033861 0.352846
v 0.177948 0.091353 0.291566
v 0.225364 0.068487 0.279233
v 0.184600 0.044979 0.488728
v 0.231520 0.016582 0.455675
v -0.139495 0.084222 0.405291
v -0.234276 0.040130 0.366090
v -0.166218 0.094597 0.302722
v -0.214259 0.072346 0.292625
v -0.167238 0.053862 0.504778
v -0.214663 0.025446 0.469752
v -0.014808 0.001905 -0.586327
v -0.012921 0.102930 -0.745588
v 0.061049 0.000074 -0.636191
v -0.091164 0.002227 -0.632228
v 0.076097 0.044369 -0.739483
v -0.104387 0.055485 -0.719868
v 0.121827 -0.007413 -0.393372
v 0.230158 0.020881 -0.363816
v 0.167714 -0.053807 -0.333925
v 0.215838 -0.019032 -0.304142
v 0.150304 0.012385 -0.469598
v 0.208563 0.030174 -0.457362
v -0.141345 -0.008577 -0.389903
v -0.236497 0.024202 -0.370987
v -0.178596 -0.050373 -0.331419
v -0.220218 -0.015068 -0.309381
v -0.166758 0.015409 -0.466920
v -0.218680 0.034412 -0.458578
v 0.268411 0.261609 -0.737510
v 0.301572 0.154356 -0.523008
v 0.285844 0.314914 -0.615747
v 0.296176 0.240832 -0.526227
v 0.283871 0.141025 -0.750412
v 0.300047 0.110399 -0.614859
v -0.273093 0.261225 -0.730633
v -0.303499 0.156445 -0.530366
v -0.288047 0.308593 -0.619680
v -0.297926 0.237125 -0.537011
v -0.291142 0.144904 -0.740394
v -0.301247 0.116881 -0.611092
v 0.321097 0.058949 -0.086062
v 0.324913 0.050811 0.064026
v 0.326241 0.036941 -0.091984
v 0.325352 0.035833 -0.013665
v 0.315265 0.074249 -0.007737
v 0.318396 0.068040 0.066801
v -0.321035 0.069885 -0.111587
v -0.317592 0.073521 0.054884
v -0.322289 0.054395 -0.106836
v -0.317853 0.062329 -0.022401
v -0.313746 0.088204 -0.037936
v -0.314373 0.090776 0.046074
v -0.107048 0.344380 -0.159885
v -0.153328 0.471460 -0.240381
v -0.062308 0.386638 -0.141327
v -0.101155 0.525018 -0.242519
v -0.155405 0.230053 -0.138052
v -0.074038 0.289503 -0.132537
v -0.140694 0.203544 -0.072958
v -0.231878 0.411127 -0.276324
v -0.164673 0.566914 -0.305351
v -0.334332 0.516616 -0.330754
v -0.203826 0.241647 -0.199597
v -0.253360 0.391435 -0.323305
v -0.233889 0.205257 -0.218957
v -0.185179 0.182725 -0.064156
v -0.230665 0.175715 -0.144283
v 0.105362 0.352897 -0.150829
v 0.133861 0.476662 -0.234464
v 0.065076 0.382588 -0.153814
v 0.083645 0.532880 -0.237789
v 0.153570 0.233615 -0.139338
v 0.078685 0.293074 -0.134122
v 0.142475 0.204212 -0.081072
v 0.210447 0.402990 -0.261438
v 0.137695 0.576046 -0.301382
v 0.265080 0.504011 -0.319085
v 0.196768 0.241559 -0.189877
v 0.243879 0.380327 -0.287178
v 0.228216 0.204728 -0.202377
v 0.185257 0.182029 -0.068086
v 0.227447 0.174074 -0.137312
v -0.194119 -0.537956 0.104738
v -0.225839 -0.742213 -0.030190
v -0.122973 -0.568298 0.111350
v -0.122216 -0.654731 -0.062375
v -0.269318 -0.417284 0.162528
v -0.162341 -0.549512 0.209943
v -0.258758 -0.441337 0.264294
v -0.361981 -0.512458 -0.103077
v -0.160649 -0.789630 -0.164685
v -0.360803 -0.545968 -0.229623
v -0.319859 -0.328241 0.039346
v -0.363744 -0.348901 -0.147239
v -0.336687 -0.214120 0.001984
v -0.289799 -0.340379 0.220965
v -0.319853 -0.221190 0.087127
v 0.197390 -0.531678 0.102843
v 0.228192 -0.742584 -0.028989
v 0.127139 -0.563753 0.109989
v 0.123960 -0.654031 -0.062128
v 0.272445 -0.416295 0.162384
v 0.164464 -0.545066 0.208816
v 0.259535 -0.438834 0.261038
v 0.362073 -0.516543 -0.098379
v 0.161145 -0.789964 -0.165514
v 0.362250 -0.549236 -0.225667
v 0.324748 -0.333671 0.046299
v 0.364437 -0.357022 -0.137509
v 0.342158 -0.224929 0.014837
v 0.293308 -0.341643 0.219573
v 0.326685 -0.228571 0.095874
v 0.013009 -0.552886 0.657378
v -0.150582 -0.474031 0.698362
v -0.055900 -0.627622 0.577236
v -0.277528 -0.630837 0.682809
v 0.194672 -0.479286 0.695290
v 0.060266 -0.634814 0.583501
v 0.297192 -0.632165 0.664225
v 0.125831 -0.249897 0.729939
v -0.038185 -0.241308 0.759649
v 0.128330 -0.137960 0.735275
v -0.029916 -0.126966 0.793944
v 0.288974 -0.403680 0.653811
v 0.204545 -0.194124 0.700234
v -0.258842 -0.393008 0.673764
v -0.136119 -0.184719 0.728477
v 0.005328 0.151813 0.192413
v -0.064820 0.120072 0.301262
v -0.017133 0.179590 0.092798
v -0.091470 0.148116 0.203496
v 0.076047 0.121348 0.294136
v 0.027438 0.180113 0.090704
v 0.101282 0.149449 0.195611
v 0.066000 0.102627 0.498311
v -0.047457 0.106388 0.503979
v 0.083030 0.069368 0.587468
v -0.053207 0.072545 0.592883
v 0.126875 0.111797 0.295088
v 0.126532 0.075229 0.501126
v -0.115530 0.112187 0.305357
v -0.108513 0.082851 0.516085
v -0.014267 -0.248230 -0.385450
v -0.087185 -0.132270 -0.375863
v -0.046824 -0.348895 -0.334006
v -0.134070 -0.218249 -0.342959
v 0.066696 -0.133944 -0.386185
v 0.028576 -0.348098 -0.335533
v 0.120697 -0.218670 -0.354570
v 0.030452 0.005732 -0.448591
v -0.056474 0.006066 -0.444668
v 0.044010 0.007009 -0.530605
v -0.070377 0.008070 -0.527797
v 0.119657 -0.099208 -0.364546
v 0.086731 0.008695 -0.464208
v -0.135767 -0.096366 -0.356935
v -0.109598 0.008674 -0.459958
v -0.011429 0.572358 -0.643114
v -0.151252 0.435287 -0.686830
v -0.079668 0.657813 -0.567012
v -0.219241 0.513012 -0.635598
v 0.138269 0.436936 -0.688408
v 0.046542 0.656405 -0.571600
v 0.212737 0.518397 -0.638787
v 0.083011 0.259109 -0.769756
v -0.100568 0.260170 -0.768899
v 0.084918 0.146690 -0.782559
v -0.106619 0.151457 -0.767977
v 0.232518 0.385842 -0.677980
v 0.191307 0.203506 -0.817202
v -0.237651 0.381185 -0.675435
v -0.204603 0.203483 -0.814531
v 0.312063 0.111594 -0.360912
v 0.324967 0.059434 -0.232164
v 0.294369 0.159931 -0.366223
v 0.318037 0.063603 -0.236903
v 0.282980 0.039836 -0.250169
v 0.310637 0.063746 -0.157320
v 0.282091 -0.000012 -0.199683
v 0.306566 0.051984 -0.091770
v 0.284176 0.076302 -0.384405
v 0.255652 0.009419 -0.278777
v 0.253442 0.054949 -0.426886
v 0.299048 0.171481 -0.438558
v 0.282514 0.095133 -0.484777
v 0.324980 0.047428 -0.164446
v 0.313675 0.069461 -0.083801
v 0.289186 0.037594 0.233900
v 0.313009 0.041010 0.141787
v 0.283716 0.062358 0.169609
v 0.315951 0.041530 0.071504
v 0.312028 -0.047602 0.327448
v 0.313602 0.060076 0.216146
v 0.317476 -0.105681 0.321066
v 0.313216 0.014952 0.196652
v 0.290014 -0.014237 0.363110
v 0.316661 -0.116454 0.397814
v 0.285938 -0.050214 0.450673
v 0.265014 0.050155 0.258707
v 0.267157 -0.003858 0.412067
v 0.321866 0.040133 0.065329
v 0.319942 0.065165 0.137875
v -0.312000 0.116199 -0.381222
v -0.332980 0.053940 -0.260691
v -0.297022 0.161414 -0.388282
v -0.318246 0.071719 -0.256627
v -0.285326 0.041061 -0.271709
v -0.313961 0.065917 -0.188733
v -0.281780 0.004538 -0.219018
v -0.308154 0.053789 -0.125801
v -0.287593 0.078806 -0.399057
v -0.257908 0.012901 -0.292176
v -0.259063 0.058717 -0.434166
v -0.301462 0.171998 -0.454856
v -0.285968 0.099131 -0.491617
v -0.326628 0.047476 -0.188592
v -0.314950 0.078579 -0.116323
v -0.283483 0.047842 0.247042
v -0.304019 0.057043 0.144048
v -0.272120 0.073708 0.179925
v -0.301899 0.067224 0.072844
v -0.306184 -0.048364 0.332627
v -0.315982 0.052834 0.211659
v -0.313251 -0.104122 0.326832
v -0.306576 0.025727 0.193003
v -0.281138 -0.008952 0.375197
v -0.312961 -0.112803 0.411296
v -0.274979 -0.042503 0.468438
v -0.254282 0.057027 0.272120
v -0.253572 0.003533 0.425198
v -0.311859 0.063654 0.062022
v -0.311794 0.081184 0.133526
v 0.003820 0.315136 -0.134479
v -0.010139 0.238513 -0.107624
v -0.015738 0.641474 -0.305680
v -0.086229 0.708832 -0.387975
v 0.022011 0.239367 -0.109314
v 0.034166 0.690599 -0.388830
v -0.165156 0.155943 0.111998
v -0.205351 0.127297 0.107986
v -0.188369 0.111284 0.203588
v -0.304257 0.458789 -0.483716
v -0.282295 0.346384 -0.437073
v -0.285189 0.337686 -0.518570
v -0.294812 0.094598 -0.170376
v -0.295720 0.084485 -0.088688
v -0.317225 0.053585 -0.100724
v 0.170235 0.154187 0.101853
v 0.212182 0.123571 0.099250
v 0.197434 0.108608 0.192493
v 0.344331 0.495286 -0.449370
v 0.273604 0.362268 -0.399987
v 0.285219 0.352520 -0.500472
v 0.295509 0.089515 -0.158034
v 0.296063 0.079265 -0.080792
v 0.323701 0.034304 -0.091142
v 0.002271 -0.589497 0.224742
v -0.046334 -0.597486 0.339624
v -0.002148 -0.524776 -0.152764
v -0.046123 -0.524702 -0.224814
v 0.047675 -0.596427 0.339583
v 0.040235 -0.522407 -0.225109
v -0.308621 -0.423073 0.445322
v -0.311582 -0.286610 0.372558
v -0.326336 -0.298266 0.485973
v -0.265424 -0.248849 -0.294952
v -0.292750 -0.160665 -0.240182
v -0.232730 -0.111869 -0.289091
v -0.312323 -0.006700 0.004710
v -0.312077 -0.025827 0.081791
v -0.306931 0.076031 0.031646
v 0.305665 -0.423449 0.428872
v 0.313735 -0.287890 0.361545
v 0.325413 -0.303363 0.464679
v 0.265003 -0.252156 -0.293939
v 0.300535 -0.162859 -0.234756
v 0.231908 -0.115937 -0.288412
v 0.318206 -0.023326 0.028541
v 0.319249 -0.042552 0.098695
v 0.309753 0.058265 0.062624
v 0.173582 -0.020435 0.643950
v 0.237169 -0.057609 0.607449
v -0.130506 -0.011884 0.663631
v -0.207523 -0.045510 0.634928
v 0.211161 0.001129 0.558562
v -0.189951 0.012663 0.582178
v 0.153297 0.018602 -0.670453
v 0.189010 0.028066 -0.562949
v -0.178331 0.021087 -0.666094
v -0.202290 0.036197 -0.557590
v 0.248426 0.055503 -0.675098
v -0.258558 0.063837 -0.665039
v -0.161070 0.366053 -0.187724
v -0.159049 0.327735 -0.180610
v -0.178552 0.375591 -0.200913
v -0.184264 0.339608 -0.204437
v -0.173144 0.312753 -0.187762
v 0.148563 0.364489 -0.191314
v 0.149985 0.328776 -0.179608
v 0.162683 0.370047 -0.208081
v 0.171176 0.336812 -0.203285
v 0.163277 0.312324 -0.186251
v -0.265803 -0.539648 0.030615
v -0.266604 -0.497455 0.060348
v -0.291486 -0.542082 0.003986
v -0.300222 -0.486780 0.015654
v -0.285881 -0.466539 0.051184
v 0.267726 -0.538486 0.031422
v 0.269096 -0.496474 0.061339
v 0.292400 -0.541806 0.005292
v 0.302123 -0.487831 0.018171
v 0.288503 -0.467036 0.053261
v 0.001898 -0.439274 0.701286
v 0.048226 -0.440269 0.700230
v 0.032487 -0.359749 0.718961
v 0.065387 -0.391328 0.710144
v -0.006538 -0.389753 0.712922
v -0.004204 0.118838 0.332826
v 0.016370 0.118547 0.331708
v 0.007283 0.115801 0.405290
v 0.024262 0.115918 0.374401
v -0.010672 0.116776 0.376598
v -0.023252 -0.116920 -0.399669
v -0.001952 -0.117383 -0.401430
v -0.012877 -0.054265 -0.413986
v 0.003831 -0.078376 -0.408600
v -0.029019 -0.077094 -0.406039
v -0.029393 0.425044 -0.700523
v 0.012090 0.425202 -0.700747
v -0.008537 0.355964 -0.728626
v 0.025047 0.381619 -0.718480
v -0.041883 0.381535 -0.718332
v 0.309771 0.075047 -0.282082
v 0.304203 0.066025 -0.255218
v 0.300510 0.069220 -0.286645
v 0.304281 0.076624 -0.303321
v 0.309282 0.068890 -0.252896
v 0.304958 0.025206 0.239862
v 0.309264 0.015299 0.263884
v 0.304941 0.006371 0.284253
v 0.301692 0.014938 0.269854
v 0.309244 0.026619 0.236905
v -0.313693 0.075028 -0.306943
v -0.306590 0.065201 -0.281161
v -0.302724 0.068848 -0.310363
v -0.307613 0.077113 -0.326409
v -0.313050 0.068292 -0.279282
v -0.298671 0.031863 0.246091
v -0.302424 0.016088 0.266396
v -0.298051 0.008488 0.289663
v -0.295309 0.020191 0.277385
v -0.302760 0.030798 0.240212
v -0.026928 0.490551 -0.182127
v 0.023160 0.489199 -0.185591
v -0.011400 0.447389 -0.165954
v -0.018449 0.536318 -0.206331
v 0.011429 0.444992 -0.169340
v 0.009522 0.536534 -0.206980
v -0.086815 0.212792 -0.044453
v -0.074221 0.199850 0.050578
v -0.062993 0.216402 -0.051833
v -0.106040 0.201511 0.008403
v -0.057345 0.206921 -0.003287
v -0.100927 0.201866 0.056047
v -0.220962 0.638542 -0.412325
v -0.196464 0.653820 -0.500083
v -0.203022 0.698453 -0.417527
v -0.288067 0.620485 -0.442883
v -0.222297 0.766339 -0.465138
v -0.246830 0.605799 -0.488995
v -0.256965 0.226985 -0.299990
v -0.278430 0.161009 -0.318377
v -0.264822 0.251298 -0.335722
v -0.263004 0.173681 -0.274818
v -0.271279 0.210496 -0.347141
v -0.277536 0.147404 -0.281332
v -0.247124 0.132723 -0.028824
v -0.277882 0.096043 0.048602
v -0.242988 0.126668 0.014294
v -0.268173 0.116071 -0.034397
v -0.260316 0.107420 0.054373
v -0.282308 0.098915 0.003714
v 0.093093 0.213027 -0.052616
v 0.082666 0.201279 0.043337
v 0.071034 0.216607 -0.059492
v 0.066216 0.207564 -0.009656
v 0.111911 0.201000 0.000121
v 0.107925 0.200911 0.047441
v 0.204086 0.668164 -0.410515
v 0.191603 0.677364 -0.509581
v 0.216316 0.797369 -0.424813
v 0.196738 0.795728 -0.485621
v 0.232094 0.638323 -0.432093
v 0.224768 0.626591 -0.489165
v 0.248819 0.225535 -0.272200
v 0.273945 0.161699 -0.292427
v 0.256256 0.251809 -0.303652
v 0.258267 0.174541 -0.250394
v 0.263498 0.211519 -0.318061
v 0.273879 0.148198 -0.257256
v 0.244976 0.128506 -0.029618
v 0.281064 0.084912 0.044650
v 0.243639 0.121465 0.010591
v 0.265525 0.110584 -0.033530
v 0.263118 0.099781 0.049195
v 0.283308 0.087938 0.002533
v -0.042577 -0.569935 0.020508
v 0.045145 -0.569546 0.020249
v -0.019854 -0.573464 0.069022
v -0.022711 -0.554561 -0.026695
v 0.023544 -0.573142 0.068689
v 0.023740 -0.554874 -0.026669
v -0.207504 -0.555502 0.370917
v -0.213845 -0.767041 0.464342
v -0.166415 -0.586205 0.386730
v -0.247021 -0.571764 0.403936
v -0.157186 -0.666849 0.434991
v -0.272221 -0.661732 0.461043
v -0.211344 -0.591193 -0.289455
v -0.146002 -0.410980 -0.305603
v -0.154263 -0.567389 -0.277220
v -0.228214 -0.483673 -0.296870
v -0.129394 -0.478489 -0.288531
v -0.189110 -0.404150 -0.304483
v -0.352624 -0.132045 -0.095622
v -0.310163 -0.038403 -0.127248
v -0.334021 -0.136599 -0.138203
v -0.334294 -0.088665 -0.071963
v -0.314021 -0.083664 -0.150670
v -0.317306 -0.040461 -0.089060
v -0.311722 -0.191905 0.196678
v -0.312362 -0.113978 0.231224
v -0.310263 -0.204327 0.242168
v -0.313900 -0.139698 0.171766
v -0.312578 -0.164297 0.259796
v -0.312469 -0.100691 0.188814
v 0.202428 -0.547051 0.371345
v 0.201888 -0.766882 0.462802
v 0.161389 -0.580146 0.386991
v 0.150434 -0.662932 0.435727
v 0.241482 -0.562590 0.401739
v 0.262540 -0.657996 0.450546
v 0.211735 -0.583727 -0.285351
v 0.138443 -0.408347 -0.308443
v 0.152543 -0.557868 -0.272506
v 0.123307 -0.473796 -0.288527
v 0.227152 -0.481743 -0.296780
v 0.184314 -0.402570 -0.306630
v 0.356794 -0.147476 -0.077754
v 0.316081 -0.049516 -0.107011
v 0.346001 -0.141303 -0.120974
v 0.340270 -0.102592 -0.052101
v 0.322203 -0.091607 -0.133620
v 0.323176 -0.053642 -0.067374
v 0.317948 -0.197559 0.199214
v 0.317898 -0.120562 0.232430
v 0.315766 -0.208084 0.241381
v 0.320024 -0.149161 0.176924
v 0.317485 -0.168998 0.258180
v 0.318756 -0.110258 0.193481
v 0.036394 -0.048448 0.723793
v 0.024522 0.020672 0.669898
v 0.072203 -0.031909 0.703129
v -0.007382 -0.028623 0.712905
v 0.065309 0.002919 0.677924
v -0.012095 0.005715 0.684841
v 0.291563 -0.211898 0.606829
v 0.312469 -0.139004 0.523055
v 0.309718 -0.229473 0.566218
v 0.320901 -0.184921 0.526005
v 0.287288 -0.156676 0.605178
v 0.297224 -0.127103 0.561071
v -0.270945 -0.197789 0.638533
v -0.302648 -0.129454 0.547456
v -0.297934 -0.217902 0.594927
v -0.313305 -0.175590 0.551104
v -0.264149 -0.143320 0.636190
v -0.282028 -0.115213 0.589045
v 0.180556 0.066852 0.388483
v 0.227383 0.043391 0.367892
v 0.192377 0.072151 0.337976
v 0.215836 0.060859 0.329623
v 0.194978 0.049170 0.433017
v 0.218522 0.036317 0.420015
v -0.165810 0.072657 0.400454
v -0.213716 0.049661 0.380717
v -0.179191 0.076822 0.349597
v -0.203031 0.065828 0.342054
v -0.178847 0.056579 0.446210
v -0.203035 0.043834 0.433274
v -0.015741 0.003403 -0.637754
v -0.014535 0.058465 -0.720573
v 0.024595 0.010014 -0.663004
v -0.055946 0.011307 -0.659758
v 0.028438 0.035955 -0.708622
v -0.058471 0.040567 -0.700666
v 0.152053 -0.003093 -0.389465
v 0.207134 0.010286 -0.375340
v 0.170239 -0.015895 -0.351643
v 0.197420 -0.006637 -0.342576
v 0.165512 0.008580 -0.426293
v 0.193635 0.016187 -0.419694
v -0.167526 -0.002972 -0.388257
v -0.215776 0.012998 -0.379488
v -0.182685 -0.015540 -0.352394
v -0.206038 -0.005337 -0.346633
v -0.179783 0.010733 -0.425476
v -0.204671 0.019230 -0.421202
v 0.303568 0.229795 -0.701294
v 0.308553 0.175811 -0.582259
v 0.306006 0.256494 -0.637866
v 0.303938 0.224154 -0.582433
v 0.310616 0.171216 -0.705092
v 0.315101 0.149747 -0.638914
v -0.304223 0.229708 -0.694541
v -0.309240 0.177814 -0.584930
v -0.306450 0.253824 -0.637840
v -0.304993 0.222675 -0.586964
v -0.312015 0.174437 -0.696844
v -0.315451 0.154527 -0.635420
v 0.322030 0.056359 -0.048984
v 0.324051 0.051581 0.026211
v 0.325145 0.045319 -0.051347
v 0.325968 0.042894 -0.013189
v 0.319727 0.064338 -0.009450
v 0.320767 0.061424 0.027846
v -0.320066 0.072359 -0.071194
v -0.318957 0.074828 0.012529
v -0.320948 0.064575 -0.067984
v -0.319726 0.066786 -0.025995
v -0.318000 0.082662 -0.033715
v -0.317975 0.083531 0.008320
v -0.125274 0.411124 -0.192309
v -0.077526 0.461129 -0.182774
v -0.104452 0.389847 -0.172100
v -0.126607 0.454837 -0.214766
v -0.080856 0.415178 -0.162031
v -0.101786 0.480533 -0.213341
v -0.129619 0.283599 -0.152048
v -0.101287 0.236477 -0.119528
v -0.110247 0.300830 -0.149119
v -0.134945 0.243836 -0.138484
v -0.093924 0.274797 -0.135991
v -0.124424 0.224428 -0.115625
v -0.201512 0.450354 -0.260230
v -0.241938 0.549509 -0.326085
v -0.183959 0.485405 -0.266409
v -0.233174 0.456536 -0.283693
v -0.195606 0.533731 -0.299530
v -0.268218 0.508232 -0.314320
v -0.214510 0.320834 -0.237969
v -0.238848 0.285997 -0.271065
v -0.229020 0.359740 -0.267127
v -0.215548 0.272133 -0.225737
v -0.240662 0.345426 -0.286975
v -0.227514 0.252785 -0.239767
v -0.180984 0.234519 -0.165602
v -0.210047 0.179867 -0.102634
v -0.174994 0.216810 -0.137912
v -0.197673 0.219375 -0.171090
v -0.190068 0.192854 -0.101955
v -0.212725 0.191232 -0.139866
v 0.115578 0.423854 -0.176540
v 0.071580 0.465806 -0.181870
v 0.100757 0.403223 -0.155933
v 0.112353 0.464491 -0.205150
v 0.079102 0.419838 -0.161149
v 0.089057 0.489298 -0.206771
v 0.127718 0.288763 -0.149920
v 0.104849 0.241268 -0.122783
v 0.110099 0.306905 -0.145792
v 0.134463 0.248589 -0.139820
v 0.097257 0.280153 -0.135617
v 0.125973 0.228773 -0.119964
v 0.176509 0.448582 -0.254038
v 0.201016 0.550376 -0.318892
v 0.158712 0.487782 -0.260725
v 0.202714 0.451141 -0.272983
v 0.165407 0.538666 -0.293820
v 0.222365 0.501782 -0.303790
v 0.201334 0.316422 -0.225561
v 0.228742 0.281232 -0.247786
v 0.213853 0.352582 -0.249477
v 0.204531 0.268763 -0.212862
v 0.228707 0.337736 -0.261726
v 0.217994 0.249382 -0.222299
v 0.176233 0.236527 -0.162241
v 0.207860 0.178630 -0.101627
v 0.172068 0.218803 -0.138263
v 0.192809 0.220425 -0.164988
v 0.188397 0.192624 -0.103506
v 0.209224 0.189975 -0.135881
v -0.204219 -0.591592 0.023095
v -0.125600 -0.589462 0.017943
v -0.180228 -0.557579 0.056923
v -0.191067 -0.651024 -0.010105
v -0.143527 -0.566140 0.057894
v -0.146573 -0.632798 -0.018508
v -0.235906 -0.487931 0.141189
v -0.215239 -0.506299 0.244508
v -0.208501 -0.516762 0.149190
v -0.248682 -0.457683 0.177533
v -0.195279 -0.524058 0.201291
v -0.241052 -0.468499 0.228820
v -0.333678 -0.682376 -0.078380
v -0.291141 -0.760914 -0.222451
v -0.278259 -0.769398 -0.084683
v -0.363150 -0.627075 -0.128527
v -0.253154 -0.795154 -0.157213
v -0.354923 -0.669968 -0.201844
v -0.335580 -0.402025 -0.028433
v -0.360186 -0.269157 -0.066639
v -0.352750 -0.419029 -0.076351
v -0.332985 -0.333868 -0.004186
v -0.363304 -0.345618 -0.097068
v -0.343533 -0.272529 -0.022801
v -0.295374 -0.372729 0.100907
v -0.305096 -0.279869 0.151912
v -0.286394 -0.373326 0.145492
v -0.309050 -0.325203 0.082648
v -0.293817 -0.330904 0.172726
v -0.311512 -0.275045 0.107163
v 0.207199 -0.589409 0.023391
v 0.128887 -0.586614 0.017696
v 0.183915 -0.552496 0.055816
v 0.193632 -0.649854 -0.009590
v 0.147531 -0.560550 0.056711
v 0.149156 -0.631336 -0.018273
v 0.238724 -0.483579 0.140212
v 0.215817 -0.501567 0.242743
v 0.211138 -0.511502 0.147753
v 0.251209 -0.454289 0.176426
v 0.197021 -0.519138 0.199862
v 0.242424 -0.464381 0.226784
v 0.333837 -0.681049 -0.078086
v 0.293095 -0.758655 -0.222962
v 0.280579 -0.768375 -0.085772
v 0.362093 -0.628613 -0.126169
v 0.255201 -0.794244 -0.159281
v 0.355074 -0.670230 -0.199888
v 0.338722 -0.407090 -0.021893
v 0.363906 -0.280544 -0.053791
v 0.354599 -0.424923 -0.069220
v 0.337487 -0.340432 0.004162
v 0.363973 -0.354602 -0.086979
v 0.348926 -0.281764 -0.011269
v 0.299508 -0.375073 0.103980
v 0.310989 -0.283568 0.155306
v 0.290172 -0.374772 0.146838
v 0.314113 -0.329530 0.087944
v 0.298234 -0.333044 0.173829
v 0.317954 -0.279741 0.113072
v -0.074114 -0.544559 0.681106
v -0.147078 -0.760923 0.667573
v -0.050991 -0.577155 0.658167
v -0.140982 -0.560004 0.692433
v -0.081136 -0.654679 0.632569
v -0.200561 -0.678391 0.705256
v 0.107251 -0.548506 0.681087
v 0.160859 -0.762020 0.672968
v 0.073390 -0.583366 0.661450
v 0.175746 -0.565036 0.690128
v 0.089934 -0.659184 0.650143
v 0.229431 -0.684692 0.699744
v 0.043877 -0.245402 0.746909
v 0.047970 -0.134611 0.759473
v 0.086131 -0.219052 0.741984
v 0.008710 -0.211600 0.769141
v 0.087504 -0.164027 0.745460
v 0.013128 -0.153406 0.783500
v 0.158227 -0.352245 0.705777
v 0.240549 -0.289923 0.672912
v 0.200412 -0.398425 0.692909
v 0.164259 -0.285154 0.713538
v 0.246022 -0.364042 0.677073
v 0.203334 -0.256417 0.696047
v -0.097805 -0.346425 0.717686
v -0.197424 -0.276290 0.700161
v -0.150982 -0.391332 0.703480
v -0.092771 -0.277932 0.733452
v -0.203394 -0.353362 0.694302
v -0.141541 -0.245968 0.722301
v -0.029332 0.136976 0.245147
v -0.053480 0.166515 0.148325
v -0.017882 0.151516 0.194153
v -0.053417 0.135594 0.248780
v -0.029424 0.165842 0.145151
v -0.066180 0.150344 0.200323
v 0.040209 0.137701 0.241753
v 0.063377 0.167960 0.143206
v 0.028479 0.152033 0.191991
v 0.064164 0.136755 0.243211
v 0.039686 0.166671 0.142013
v 0.076325 0.151700 0.194114
v 0.010322 0.107448 0.512771
v 0.015901 0.072748 0.599340
v 0.042023 0.100516 0.534520
v -0.019277 0.101145 0.535090
v 0.047357 0.082268 0.576309
v -0.019181 0.083449 0.578231
v 0.072764 0.107901 0.391135
v 0.126925 0.090559 0.395485
v 0.087639 0.111068 0.343512
v 0.083905 0.099567 0.445662
v 0.113774 0.104381 0.344830
v 0.112431 0.088578 0.447802
v -0.058399 0.110183 0.398176
v -0.112227 0.094777 0.406292
v -0.074818 0.112132 0.351468
v -0.067734 0.103684 0.454529
v -0.100807 0.106294 0.354438
v -0.096264 0.093994 0.459585
v -0.055675 -0.195134 -0.381313
v -0.095978 -0.291274 -0.343742
v -0.046594 -0.246282 -0.381396
v -0.082376 -0.186522 -0.369859
v -0.064282 -0.296135 -0.356460
v -0.104296 -0.232156 -0.352686
v 0.031518 -0.195235 -0.390613
v 0.079717 -0.290493 -0.358018
v 0.019838 -0.246268 -0.383136
v 0.062040 -0.186370 -0.384739
v 0.042565 -0.295405 -0.361027
v 0.088102 -0.231159 -0.372068
v -0.013572 0.008741 -0.454292
v -0.013982 0.006177 -0.536953
v 0.009781 0.011536 -0.471064
v -0.036760 0.011317 -0.469304
v 0.013303 0.008134 -0.512900
v -0.040458 0.008416 -0.511389
v 0.046204 -0.047860 -0.407792
v 0.093642 -0.015669 -0.397866
v 0.068567 -0.081458 -0.392489
v 0.049565 -0.008454 -0.425831
v 0.092063 -0.061988 -0.383200
v 0.075399 -0.000329 -0.427382
v -0.069755 -0.042248 -0.399766
v -0.116022 -0.016328 -0.392315
v -0.089966 -0.078252 -0.383849
v -0.074118 -0.006167 -0.419435
v -0.112099 -0.057789 -0.374540
v -0.098957 -0.000193 -0.421782
v -0.087774 0.510485 -0.664197
v -0.157148 0.604221 -0.609809
v -0.067862 0.568093 -0.641654
v -0.138303 0.496780 -0.665183
v -0.101763 0.612031 -0.607498
v -0.174331 0.541971 -0.641732
v 0.069373 0.511092 -0.665218
v 0.139390 0.607600 -0.614025
v 0.046027 0.568513 -0.642805
v 0.122744 0.497642 -0.666010
v 0.079118 0.617079 -0.614891
v 0.160455 0.544169 -0.643837
v -0.009330 0.257559 -0.759220
v -0.011425 0.152541 -0.760576
v 0.036832 0.230990 -0.766836
v -0.055999 0.231962 -0.765768
v 0.036816 0.177069 -0.769912
v -0.058062 0.178917 -0.765317
v 0.116198 0.344572 -0.737097
v 0.219789 0.293522 -0.751945
v 0.152437 0.378147 -0.714596
v 0.128137 0.290483 -0.770630
v 0.201412 0.352755 -0.714709
v 0.184289 0.264010 -0.794386
v -0.130791 0.344251 -0.736646
v -0.228051 0.292277 -0.747014
v -0.164477 0.376689 -0.712978
v -0.144140 0.291386 -0.772656
v -0.209973 0.350390 -0.711740
v -0.196148 0.263663 -0.791774
v 0.320888 0.082198 -0.296635
v 0.304676 0.113503 -0.299513
v 0.315899 0.103141 -0.331260
v 0.332218 0.060600 -0.270542
v 0.305154 0.125053 -0.332475
v 0.317916 0.079732 -0.268881
v 0.299523 0.051808 -0.200589
v 0.298286 0.023191 -0.144465
v 0.290783 0.039182 -0.210783
v 0.305759 0.057746 -0.161189
v 0.289958 0.023969 -0.183157
v 0.303626 0.044619 -0.132268
v 0.280270 0.055429 -0.317311
v 0.249885 0.032748 -0.349758
v 0.274822 0.042217 -0.290749
v 0.274608 0.060264 -0.360348
v 0.259980 0.028269 -0.306293
v 0.259273 0.049559 -0.378801
v 0.302572 0.097798 -0.378211
v 0.299287 0.133622 -0.469892
v 0.307182 0.115565 -0.390958
v 0.293932 0.093698 -0.405263
v 0.302389 0.139790 -0.433323
v 0.293266 0.106898 -0.453692
v 0.316364 0.063728 -0.191835
v 0.320498 0.061275 -0.122491
v 0.320985 0.059905 -0.194785
v 0.314569 0.064799 -0.156586
v 0.322547 0.056152 -0.160719
v 0.316454 0.066501 -0.120849
v 0.302073 0.039362 0.184342
v 0.298232 0.055960 0.118199
v 0.294971 0.043474 0.192852
v 0.308006 0.041968 0.146053
v 0.292753 0.053967 0.160396
v 0.309359 0.045233 0.112161
v 0.314130 0.002160 0.270251
v 0.315484 -0.049864 0.256142
v 0.313973 -0.035905 0.296434
v 0.313155 0.025383 0.241497
v 0.315630 -0.063220 0.291357
v 0.313521 -0.002635 0.231354
v 0.303297 -0.032831 0.351007
v 0.305016 -0.083733 0.430278
v 0.308543 -0.055041 0.358079
v 0.296494 -0.034385 0.378074
v 0.310312 -0.084906 0.395493
v 0.296014 -0.055917 0.419845
v 0.287889 0.015745 0.301631
v 0.264461 0.025736 0.337720
v 0.283382 0.029570 0.276045
v 0.283921 0.003565 0.343821
v 0.271333 0.035092 0.291038
v 0.272312 0.008469 0.365032
v 0.316010 0.044188 0.174870
v 0.323602 0.050938 0.101964
v 0.317179 0.043345 0.139720
v 0.317449 0.052836 0.176069
v 0.321273 0.044719 0.102512
v 0.322146 0.058418 0.139396
v -0.320766 0.087018 -0.319459
v -0.305127 0.118076 -0.321675
v -0.314092 0.109698 -0.352154
v -0.328356 0.072781 -0.291523
v -0.305288 0.129607 -0.354119
v -0.317590 0.086862 -0.289905
v -0.301534 0.051062 -0.228467
v -0.299223 0.026459 -0.171282
v -0.292759 0.039288 -0.235888
v -0.307029 0.055425 -0.193245
v -0.291500 0.024565 -0.208370
v -0.305073 0.045517 -0.163441
v -0.283323 0.056780 -0.335324
v -0.254648 0.035883 -0.360421
v -0.277510 0.043290 -0.309184
v -0.278389 0.062650 -0.374791
v -0.263326 0.031108 -0.320350
v -0.264028 0.052664 -0.389636
v -0.305501 0.100309 -0.396701
v -0.301833 0.135953 -0.481416
v -0.308565 0.118808 -0.409389
v -0.297337 0.096438 -0.420343
v -0.304891 0.141649 -0.448929
v -0.296821 0.109859 -0.465123
v -0.320817 0.064380 -0.220540
v -0.322147 0.067494 -0.150305
v -0.326200 0.059703 -0.222465
v -0.317736 0.067391 -0.186841
v -0.325282 0.058595 -0.187042
v -0.318497 0.071895 -0.151397
v -0.295309 0.052840 0.192471
v -0.288362 0.072295 0.124455
v -0.288401 0.056323 0.203575
v -0.298542 0.058628 0.150856
v -0.283944 0.067655 0.169875
v -0.296197 0.066235 0.116127
v -0.308936 -0.002193 0.268247
v -0.310779 -0.048361 0.255400
v -0.308756 -0.037951 0.298123
v -0.310670 0.016070 0.235790
v -0.311004 -0.063263 0.293510
v -0.309594 -0.002735 0.228050
v -0.295763 -0.030873 0.359951
v -0.298624 -0.077650 0.446973
v -0.302189 -0.053546 0.367040
v -0.288003 -0.030022 0.390090
v -0.304884 -0.081167 0.408540
v -0.287367 -0.049914 0.435288
v -0.281032 0.022724 0.314122
v -0.252532 0.032478 0.349619
v -0.276423 0.037612 0.289538
v -0.275395 0.009751 0.356556
v -0.261578 0.042262 0.304120
v -0.261600 0.015032 0.378109
v -0.309244 0.052855 0.174324
v -0.315482 0.069380 0.096649
v -0.308488 0.058018 0.139294
v -0.312878 0.059168 0.173998
v -0.312073 0.063564 0.099432
v -0.314593 0.070864 0.135650
v -0.027529 0.354254 -0.140062
v -0.039427 0.267842 -0.121213
v -0.047924 0.347365 -0.137892
v -0.053848 0.301419 -0.130675
v -0.014949 0.313933 -0.132699
v -0.021047 0.272813 -0.122712
v -0.065735 0.592049 -0.272913
v -0.133308 0.652890 -0.345251
v -0.099656 0.571059 -0.274674
v -0.132084 0.596324 -0.308528
v -0.057747 0.633469 -0.308348
v -0.092942 0.667334 -0.347064
v 0.032542 0.352457 -0.145467
v 0.048342 0.269712 -0.124474
v 0.052461 0.345953 -0.144699
v 0.059852 0.302927 -0.134312
v 0.022428 0.313749 -0.135194
v 0.030840 0.273759 -0.125350
v 0.042658 0.599903 -0.268887
v 0.101087 0.659400 -0.345221
v 0.077010 0.578467 -0.271106
v 0.105260 0.604925 -0.305924
v 0.026871 0.635210 -0.307019
v 0.054639 0.664012 -0.347128
v -0.152219 0.179477 0.016957
v -0.196282 0.154202 0.019180
v -0.157478 0.185698 -0.026607
v -0.179746 0.174171 -0.023864
v -0.169007 0.160995 0.064201
v -0.190234 0.147396 0.063752
v -0.014149 0.205390 -0.012262
v 0.025033 0.205735 -0.014454
v -0.005260 0.192644 0.039689
v 0.015854 0.192857 0.038611
v -0.002579 0.217504 -0.068254
v 0.014621 0.217705 -0.069309
v -0.130743 0.158550 0.158374
v -0.153519 0.113663 0.254752
v -0.116898 0.143014 0.205768
v -0.128903 0.122300 0.255629
v -0.154186 0.146634 0.158901
v -0.165249 0.123593 0.205736
v -0.438218 0.550770 -0.421862
v -0.269431 0.394917 -0.388412
v -0.412812 0.508384 -0.337608
v -0.292527 0.435414 -0.357030
v -0.333001 0.469367 -0.442061
v -0.283514 0.407949 -0.427090
v -0.102580 0.720960 -0.470381
v 0.043241 0.701603 -0.476943
v -0.056546 0.688132 -0.522143
v 0.011427 0.684920 -0.525369
v -0.069186 0.707628 -0.430947
v 0.004598 0.698940 -0.432126
v -0.264053 0.486864 -0.551694
v -0.273053 0.365163 -0.598109
v -0.244474 0.467887 -0.603993
v -0.252865 0.405121 -0.626926
v -0.281805 0.442571 -0.528016
v -0.278982 0.381966 -0.548551
v -0.263630 0.147845 -0.196701
v -0.264789 0.129660 -0.116758
v -0.247999 0.169090 -0.189351
v -0.247853 0.157976 -0.150130
v -0.279835 0.116858 -0.163677
v -0.280866 0.109116 -0.123576
v -0.285559 0.241104 -0.416338
v -0.293836 0.245244 -0.492921
v -0.292416 0.202389 -0.420551
v -0.296161 0.206770 -0.456143
v -0.285208 0.293074 -0.446285
v -0.288377 0.292212 -0.486189
v -0.308017 0.078032 -0.215877
v -0.323412 0.045784 -0.145858
v -0.322532 0.047944 -0.223059
v -0.323750 0.043905 -0.186734
v -0.308927 0.071201 -0.176997
v -0.322566 0.046157 -0.143027
v -0.241305 0.096802 0.146687
v -0.224278 0.080098 0.243486
v -0.252905 0.080762 0.187260
v -0.244352 0.072367 0.234903
v -0.219892 0.107221 0.151874
v -0.211708 0.098535 0.200474
v -0.304715 0.070268 -0.008724
v -0.315156 0.061123 -0.018624
v -0.309819 0.063883 0.029277
v -0.312231 0.062936 0.024172
v -0.310172 0.062533 -0.053445
v -0.314349 0.058826 -0.057645
v 0.156224 0.178555 0.008889
v 0.199454 0.151594 0.012971
v 0.160085 0.185284 -0.033772
v 0.181640 0.172974 -0.029639
v 0.173785 0.159201 0.055576
v 0.195159 0.144676 0.055878
v 0.139105 0.159038 0.149073
v 0.163777 0.111985 0.244004
v 0.126353 0.143704 0.196613
v 0.139057 0.122294 0.245319
v 0.161745 0.145709 0.148870
v 0.174193 0.121845 0.195131
v 0.450283 0.589803 -0.345335
v 0.258269 0.400809 -0.331934
v 0.314107 0.502510 -0.327971
v 0.260792 0.431624 -0.309753
v 0.425905 0.511297 -0.357183
v 0.290035 0.428810 -0.367761
v 0.269872 0.507115 -0.543373
v 0.272716 0.375994 -0.591855
v 0.243190 0.479610 -0.602235
v 0.250839 0.414172 -0.625075
v 0.295321 0.467283 -0.510847
v 0.281478 0.399181 -0.535372
v 0.260907 0.147996 -0.180450
v 0.263794 0.126139 -0.109356
v 0.244468 0.168656 -0.175278
v 0.245195 0.156213 -0.140629
v 0.278663 0.114680 -0.150715
v 0.280087 0.106133 -0.113954
v 0.279237 0.245125 -0.390434
v 0.291167 0.250346 -0.476350
v 0.287601 0.202347 -0.399263
v 0.292986 0.208456 -0.437961
v 0.279536 0.303109 -0.418727
v 0.285514 0.302360 -0.465305
v 0.306833 0.075334 -0.197787
v 0.323717 0.040282 -0.129861
v 0.322600 0.043386 -0.203047
v 0.323594 0.043536 -0.166487
v 0.308058 0.068071 -0.162434
v 0.321555 0.040710 -0.131256
v 0.253591 0.089324 0.137959
v 0.235284 0.076093 0.230749
v 0.270995 0.071231 0.178868
v 0.258537 0.065496 0.223822
v 0.229006 0.102765 0.141962
v 0.221061 0.095427 0.188717
v 0.309354 0.054833 -0.005751
v 0.324194 0.035139 -0.012419
v 0.322789 0.036220 0.030383
v 0.323412 0.035878 0.027639
v 0.309918 0.056043 -0.045919
v 0.324428 0.033973 -0.050933
v -0.063429 -0.584317 0.167782
v -0.109691 -0.581781 0.274850
v -0.104939 -0.577993 0.163496
v -0.126135 -0.571629 0.215645
v -0.042971 -0.590184 0.223274
v -0.066884 -0.591761 0.278899
v -0.071804 -0.573032 -0.113146
v -0.099752 -0.631375 -0.202946
v -0.099534 -0.646508 -0.110355
v -0.106770 -0.698971 -0.161882
v -0.052562 -0.543564 -0.153396
v -0.068861 -0.561822 -0.193519
v 0.070555 -0.587870 0.164870
v 0.112113 -0.579371 0.274322
v 0.109534 -0.574669 0.163183
v 0.129618 -0.568507 0.214927
v 0.048125 -0.590645 0.222526
v 0.070208 -0.590776 0.278529
v 0.071177 -0.571766 -0.113804
v 0.098031 -0.627306 -0.204248
v 0.099974 -0.645549 -0.110727
v 0.106624 -0.697639 -0.163622
v 0.049401 -0.541526 -0.154571
v 0.065225 -0.558066 -0.194690
v -0.280545 -0.437838 0.353663
v -0.299101 -0.315614 0.297576
v -0.275803 -0.411010 0.296611
v -0.288582 -0.355085 0.271890
v -0.297463 -0.398461 0.383237
v -0.302762 -0.332976 0.351240
v -0.053202 -0.617023 0.459645
v 0.052279 -0.618962 0.460199
v -0.029760 -0.597882 0.520717
v 0.033561 -0.599649 0.522209
v -0.024507 -0.605056 0.399988
v 0.024950 -0.604873 0.400092
v -0.330355 -0.546188 0.563753
v -0.312119 -0.359874 0.587914
v -0.316845 -0.543394 0.638633
v -0.305329 -0.427949 0.640593
v -0.321117 -0.442899 0.512891
v -0.322853 -0.367267 0.530712
v -0.317156 -0.389554 -0.272672
v -0.336043 -0.255424 -0.202418
v -0.350749 -0.425148 -0.238253
v -0.353723 -0.342116 -0.196741
v -0.302164 -0.287921 -0.271316
v -0.313508 -0.233290 -0.239684
v -0.046041 -0.449572 -0.281950
v 0.035694 -0.447990 -0.282503
v -0.026895 -0.398668 -0.308334
v 0.012503 -0.398093 -0.308889
v -0.025060 -0.486274 -0.253655
v 0.016894 -0.485289 -0.253792
v -0.195745 -0.242796 -0.319707
v -0.184987 -0.109535 -0.326511
v -0.163618 -0.198572 -0.333788
v -0.161730 -0.134598 -0.339358
v -0.229181 -0.207989 -0.313999
v -0.215191 -0.143431 -0.309009
v -0.326569 -0.106912 0.005553
v -0.318444 -0.122423 0.086658
v -0.328855 -0.162680 0.024695
v -0.322618 -0.168532 0.066318
v -0.318366 -0.061209 0.024862
v -0.316422 -0.069777 0.064458
v -0.279449 -0.063226 -0.218612
v -0.237254 -0.028413 -0.276115
v -0.269928 -0.017532 -0.230774
v -0.254629 -0.008933 -0.265005
v -0.272435 -0.100640 -0.241812
v -0.246575 -0.078702 -0.267881
v -0.308272 0.038795 -0.057701
v -0.310179 0.087104 -0.042229
v -0.307929 0.067589 -0.086330
v -0.311473 0.084351 -0.081449
v -0.308297 0.040089 -0.019300
v -0.306265 0.080773 -0.007773
v -0.315965 -0.186970 0.352696
v -0.326121 -0.190262 0.452794
v -0.316489 -0.146565 0.363003
v -0.318924 -0.149376 0.409205
v -0.317623 -0.238518 0.389485
v -0.325864 -0.240394 0.443332
v -0.308518 0.005184 0.138493
v -0.312305 0.088329 0.082220
v -0.306455 0.044768 0.154093
v -0.310907 0.082379 0.125872
v -0.308465 0.017880 0.098123
v -0.307676 0.066536 0.071643
v 0.279010 -0.436058 0.345646
v 0.301761 -0.316692 0.291955
v 0.276314 -0.409775 0.291525
v 0.290938 -0.355388 0.267748
v 0.296453 -0.398142 0.372024
v 0.304014 -0.333790 0.341881
v 0.324764 -0.545414 0.535684
v 0.318734 -0.367779 0.560374
v 0.326421 -0.545820 0.609445
v 0.318258 -0.436247 0.612482
v 0.317346 -0.444888 0.489846
v 0.322148 -0.372561 0.505853
v 0.320755 -0.392792 -0.270404
v 0.339604 -0.262234 -0.192770
v 0.353624 -0.429390 -0.232819
v 0.356340 -0.348661 -0.188273
v 0.305997 -0.291330 -0.268643
v 0.318710 -0.237829 -0.233665
v 0.189064 -0.244377 -0.324447
v 0.176259 -0.113081 -0.330352
v 0.153019 -0.200165 -0.341128
v 0.149978 -0.137395 -0.345778
v 0.225612 -0.210908 -0.316732
v 0.211109 -0.146615 -0.311241
v 0.332253 -0.120762 0.022937
v 0.325237 -0.133934 0.098997
v 0.334768 -0.174353 0.038725
v 0.329181 -0.178680 0.078076
v 0.324404 -0.076162 0.043938
v 0.323011 -0.084256 0.080569
v 0.284612 -0.070486 -0.207423
v 0.236737 -0.033917 -0.268996
v 0.272317 -0.024270 -0.217008
v 0.254517 -0.014244 -0.253306
v 0.277177 -0.105996 -0.234795
v 0.248309 -0.084631 -0.263667
v 0.310676 0.026615 -0.027480
v 0.311489 0.074252 -0.008378
v 0.307438 0.061154 -0.051004
v 0.310869 0.071564 -0.046859
v 0.312442 0.023299 0.009468
v 0.308613 0.063980 0.025947
v 0.320340 -0.187856 0.344059
v 0.325596 -0.195873 0.434498
v 0.320108 -0.148501 0.353677
v 0.321208 -0.152895 0.395549
v 0.320474 -0.239983 0.377281
v 0.325648 -0.244610 0.425906
v 0.317092 -0.014781 0.148444
v 0.317579 0.063864 0.102159
v 0.316018 0.023335 0.160726
v 0.319608 0.065148 0.135693
v 0.316796 -0.004019 0.114163
v 0.314136 0.042418 0.094136
v 0.154279 -0.073946 0.695036
v 0.228268 -0.117032 0.663206
v 0.164019 -0.115202 0.714510
v 0.202687 -0.139435 0.699069
v 0.182922 -0.055956 0.664173
v 0.217798 -0.075675 0.647541
v -0.088714 -0.066304 0.720425
v -0.181275 -0.104571 0.694803
v -0.084916 -0.108258 0.744901
v -0.134271 -0.131333 0.725551
v -0.132504 -0.046545 0.689058
v -0.175352 -0.064115 0.676190
v 0.127707 0.028109 0.623768
v 0.171010 0.041806 0.541443
v 0.118838 0.054451 0.592034
v 0.140969 0.059183 0.550524
v 0.163484 0.010491 0.618757
v 0.184271 0.019239 0.577593
v -0.090463 0.034235 0.636142
v -0.150125 0.051219 0.559306
v -0.088310 0.059350 0.600847
v -0.117900 0.066651 0.563829
v -0.127697 0.018482 0.635026
v -0.158097 0.028884 0.596054
v 0.269006 -0.057320 0.530557
v 0.242772 -0.005240 0.483793
v 0.272279 -0.041376 0.480407
v 0.260886 -0.016759 0.459077
v 0.248714 -0.042733 0.559959
v 0.234320 -0.015527 0.534405
v -0.253890 -0.045943 0.555914
v -0.226437 0.004529 0.502128
v -0.258784 -0.032118 0.500350
v -0.246308 -0.007964 0.476057
v -0.228991 -0.030605 0.586600
v -0.216321 -0.004039 0.558629
v 0.090903 0.006078 -0.598011
v 0.134025 0.012875 -0.513421
v 0.078124 0.007516 -0.545384
v 0.099882 0.009440 -0.507858
v 0.133570 0.009916 -0.612321
v 0.152973 0.016370 -0.563521
v -0.116378 0.010033 -0.593228
v -0.152708 0.016993 -0.509257
v -0.102684 0.010008 -0.541457
v -0.121868 0.011766 -0.503724
v -0.154585 0.018364 -0.605224
v -0.170170 0.023891 -0.557603
v 0.126923 0.063450 -0.763499
v 0.235602 0.114068 -0.769338
v 0.133536 0.111783 -0.802694
v 0.188174 0.142668 -0.807798
v 0.168232 0.047641 -0.723084
v 0.221969 0.066884 -0.728980
v -0.152998 0.070999 -0.741601
v -0.250817 0.115996 -0.762844
v -0.155764 0.120418 -0.772508
v -0.206415 0.142193 -0.804023
v -0.193775 0.048170 -0.717662
v -0.240162 0.069690 -0.722483
v 0.226301 0.045064 -0.496696
v 0.272046 0.083532 -0.577307
v 0.249342 0.059646 -0.479236
v 0.268058 0.079643 -0.513440
v 0.220727 0.044575 -0.553870
v 0.247607 0.061428 -0.601902
v -0.235200 0.050291 -0.497183
v -0.276795 0.089646 -0.575206
v -0.255730 0.064314 -0.482724
v -0.272550 0.084660 -0.516140
v -0.230941 0.051401 -0.550606
v -0.255949 0.068556 -0.596832
v -0.143580 0.346923 -0.177479
v -0.165577 0.404565 -0.204910
v -0.125311 0.367643 -0.175936
v -0.147947 0.429747 -0.211815
v -0.160758 0.289686 -0.171662
v -0.126724 0.324997 -0.163546
v -0.147525 0.266639 -0.155538
v -0.195616 0.372612 -0.226195
v -0.173250 0.441982 -0.235480
v -0.210516 0.411335 -0.253951
v -0.187461 0.300750 -0.198798
v -0.213508 0.367871 -0.247098
v -0.201808 0.287585 -0.211985
v -0.164280 0.250047 -0.160350
v -0.190024 0.258631 -0.188685
v 0.135769 0.351307 -0.172420
v 0.149986 0.401642 -0.208742
v 0.120096 0.379818 -0.157549
v 0.133112 0.433805 -0.206912
v 0.154109 0.291603 -0.170039
v 0.123030 0.331692 -0.156739
v 0.144044 0.270323 -0.154946
v 0.178950 0.368442 -0.222844
v 0.153394 0.442509 -0.232219
v 0.188863 0.406705 -0.246064
v 0.177030 0.299379 -0.194477
v 0.196573 0.362558 -0.236622
v 0.191283 0.285465 -0.203408
v 0.160067 0.252897 -0.159109
v 0.182207 0.258607 -0.183172
v -0.243619 -0.525515 0.061942
v -0.271731 -0.596165 -0.000598
v -0.214318 -0.544464 0.058590
v -0.236460 -0.639328 -0.003516
v -0.271936 -0.457108 0.088651
v -0.224509 -0.516624 0.101977
v -0.259210 -0.454063 0.130731
v -0.318318 -0.522407 -0.022637
v -0.286516 -0.684792 -0.028859
v -0.346890 -0.572967 -0.067636
v -0.303813 -0.431597 0.034978
v -0.339668 -0.480041 -0.050620
v -0.319786 -0.387428 0.015654
v -0.278929 -0.415439 0.117210
v -0.306496 -0.377409 0.058109
v 0.246318 -0.523132 0.062080
v 0.272769 -0.594810 -0.000192
v 0.217687 -0.540578 0.058031
v 0.238471 -0.637924 -0.003133
v 0.274892 -0.456627 0.089871
v 0.227549 -0.512033 0.100992
v 0.262243 -0.452025 0.130771
v 0.318821 -0.523578 -0.020245
v 0.287268 -0.682425 -0.029568
v 0.345210 -0.574125 -0.065747
v 0.306843 -0.433809 0.038568
v 0.341341 -0.483413 -0.046180
v 0.323493 -0.391655 0.021339
v 0.282363 -0.415742 0.118560
v 0.310574 -0.380722 0.062639
v 0.020869 -0.485634 0.689174
v -0.046097 -0.431240 0.704005
v -0.013099 -0.529555 0.675490
v -0.090501 -0.485347 0.695556
v 0.097108 -0.434061 0.700602
v 0.046155 -0.531323 0.675802
v 0.133276 -0.489344 0.692932
v 0.075128 -0.335794 0.721935
v -0.005606 -0.334197 0.726674
v 0.082286 -0.276362 0.734478
v -0.000057 -0.273854 0.744868
v 0.149150 -0.421233 0.699685
v 0.120530 -0.311092 0.721976
v -0.097700 -0.416533 0.706000
v -0.047453 -0.307228 0.733462
v 0.005620 0.124237 0.289202
v -0.025828 0.118474 0.339061
v -0.006019 0.137680 0.242337
v -0.040237 0.122377 0.296607
v 0.038263 0.117663 0.335767
v 0.016952 0.137923 0.241208
v 0.051521 0.123326 0.291829
v 0.029859 0.113404 0.424989
v -0.014658 0.115668 0.429301
v 0.036026 0.111629 0.485156
v -0.018053 0.113268 0.487129
v 0.062261 0.115384 0.340352
v 0.055968 0.108036 0.438268
v -0.049569 0.116231 0.346003
v -0.040009 0.110835 0.444038
v -0.013091 -0.156584 -0.396768
v -0.044838 -0.108162 -0.396131
v -0.028330 -0.199562 -0.391439
v -0.062547 -0.145034 -0.384271
v 0.020551 -0.109639 -0.401223
v 0.001152 -0.199772 -0.393113
v 0.039687 -0.146083 -0.392911
v 0.005481 -0.035498 -0.419243
v -0.031507 -0.032649 -0.416169
v 0.007061 -0.001063 -0.438768
v -0.033728 -0.000526 -0.436448
v 0.044356 -0.097279 -0.398391
v 0.026300 -0.019691 -0.423102
v -0.067217 -0.094613 -0.390709
v -0.051751 -0.016593 -0.417727
v -0.009159 0.469483 -0.682909
v -0.072298 0.414670 -0.703731
v -0.036120 0.517482 -0.663567
v -0.104006 0.453452 -0.685384
v 0.055865 0.415077 -0.704248
v 0.016253 0.517789 -0.664103
v 0.088032 0.454253 -0.686303
v 0.031306 0.334750 -0.737463
v -0.048280 0.334789 -0.737210
v 0.035012 0.284098 -0.755082
v -0.052773 0.284503 -0.754764
v 0.103155 0.398955 -0.709472
v 0.076971 0.313001 -0.749506
v -0.117826 0.398148 -0.708569
v -0.093502 0.313363 -0.749627
v 0.309479 0.084201 -0.314794
v 0.314606 0.070508 -0.256142
v 0.315053 0.091995 -0.324263
v 0.321425 0.069331 -0.261966
v 0.296895 0.060842 -0.264119
v 0.307979 0.064421 -0.224184
v 0.293242 0.050779 -0.238458
v 0.307235 0.061486 -0.193216
v 0.296922 0.074446 -0.322049
v 0.286994 0.052731 -0.276585
v 0.287096 0.068828 -0.341134
v 0.309390 0.097199 -0.351305
v 0.294852 0.082765 -0.361540
v 0.318628 0.064841 -0.226782
v 0.311682 0.064070 -0.191151
v 0.299245 0.024458 0.248754
v 0.308520 0.033042 0.208760
v 0.296889 0.033867 0.222525
v 0.307979 0.037871 0.178357
v 0.308983 -0.001170 0.293669
v 0.313608 0.029750 0.240117
v 0.312440 -0.012922 0.298507
v 0.317362 0.039923 0.248812
v 0.299448 0.001885 0.302781
v 0.308673 -0.025654 0.324787
v 0.297824 -0.014671 0.339140
v 0.292167 0.025904 0.261321
v 0.292520 0.001096 0.322575
v 0.312564 0.039278 0.175231
v 0.315659 0.044154 0.210909
v -0.313143 0.085386 -0.337865
v -0.319843 0.069281 -0.282910
v -0.316169 0.095542 -0.346647
v -0.330467 0.064742 -0.290376
v -0.298976 0.060284 -0.288492
v -0.311125 0.063875 -0.251961
v -0.295589 0.050832 -0.263005
v -0.309311 0.060413 -0.223081
v -0.300111 0.075400 -0.342895
v -0.289191 0.052805 -0.298332
v -0.290376 0.070433 -0.359026
v -0.311687 0.099893 -0.372345
v -0.298540 0.084794 -0.379673
v -0.324677 0.062936 -0.254798
v -0.315500 0.064805 -0.220532
v -0.293509 0.032652 0.258116
v -0.302502 0.042401 0.214131
v -0.291641 0.044830 0.233367
v -0.300820 0.050980 0.183741
v -0.301745 -0.003318 0.296105
v -0.306401 0.029008 0.239298
v -0.305606 -0.017988 0.299045
v -0.310035 0.027617 0.239550
v -0.292646 0.005984 0.311384
v -0.301447 -0.027175 0.329631
v -0.290025 -0.011086 0.348928
v -0.286573 0.034570 0.273409
v -0.285483 0.006714 0.333972
v -0.305389 0.050949 0.177855
v -0.310144 0.044028 0.208146
v -0.034054 0.444839 -0.160594
v -0.046686 0.524096 -0.207588
v -0.056804 0.434848 -0.156913
v -0.074692 0.504648 -0.210117
v 0.034354 0.439655 -0.169492
v 0.037022 0.526117 -0.208318
v 0.056959 0.431660 -0.166370
v 0.063741 0.509712 -0.208336
v 0.001313 0.400504 -0.155298
v -0.040804 0.397583 -0.144286
v -0.007461 0.356687 -0.143179
v -0.007631 0.577302 -0.234894
v -0.071147 0.547893 -0.240540
v -0.029424 0.613480 -0.267345
v 0.044020 0.391657 -0.156098
v 0.012561 0.356024 -0.145074
v 0.054535 0.554154 -0.237672
v 0.007109 0.617384 -0.265327
v -0.068064 0.227266 -0.096793
v -0.110889 0.205527 -0.037867
v -0.079132 0.248616 -0.121423
v -0.116529 0.211567 -0.082007
v -0.049720 0.195031 0.046080
v -0.091817 0.191211 0.105122
v -0.040230 0.180623 0.095716
v -0.078778 0.167599 0.152125
v -0.040807 0.217668 -0.058704
v -0.058618 0.259519 -0.121353
v -0.027649 0.236824 -0.104053
v -0.126510 0.190721 0.060790
v -0.134597 0.196218 -0.031524
v -0.148242 0.175486 0.063393
v -0.026909 0.193220 0.042257
v -0.020798 0.217702 -0.064486
v -0.104987 0.165893 0.155835
v -0.146524 0.174164 0.113103
v -0.196952 0.640028 -0.377747
v -0.331606 0.636740 -0.399329
v -0.202903 0.585934 -0.336267
v -0.313007 0.568503 -0.348069
v -0.173970 0.700637 -0.512303
v -0.220535 0.590698 -0.540776
v -0.136251 0.650542 -0.561028
v -0.201776 0.575955 -0.602444
v -0.200356 0.806134 -0.416118
v -0.167066 0.622124 -0.342284
v -0.137751 0.722349 -0.383728
v -0.309301 0.571968 -0.474239
v -0.450724 0.596683 -0.351291
v -0.349130 0.529672 -0.458994
v -0.123944 0.699254 -0.515135
v -0.140554 0.808493 -0.425656
v -0.235331 0.530541 -0.576193
v -0.295057 0.506435 -0.503198
v -0.256942 0.289760 -0.322458
v -0.250983 0.202774 -0.264644
v -0.249113 0.322183 -0.306020
v -0.239801 0.230096 -0.252546
v -0.281451 0.175481 -0.353873
v -0.292261 0.124760 -0.285201
v -0.294233 0.149886 -0.355393
v -0.305509 0.104438 -0.287977
v -0.272733 0.271946 -0.372155
v -0.256211 0.360892 -0.346145
v -0.275584 0.337517 -0.399072
v -0.278213 0.136831 -0.242364
v -0.248417 0.183258 -0.227922
v -0.278921 0.126339 -0.203210
v -0.286565 0.189629 -0.387830
v -0.280030 0.286391 -0.408742
v -0.306702 0.089651 -0.252889
v -0.294042 0.102679 -0.209811
v -0.224195 0.147992 -0.025036
v -0.247663 0.140097 -0.070271
v -0.206477 0.170176 -0.063869
v -0.229396 0.165189 -0.105630
v -0.272294 0.092515 0.094681
v -0.288560 0.085379 0.042200
v -0.278616 0.079599 0.133274
v -0.293418 0.074646 0.079843
v -0.235535 0.121096 0.058851
v -0.201832 0.161681 -0.023352
v -0.212407 0.134244 0.062020
v -0.280733 0.102077 -0.039474
v -0.247706 0.148479 -0.110538
v -0.281055 0.104817 -0.082042
v -0.262155 0.087596 0.140656
v -0.227757 0.114695 0.104669
v -0.299030 0.074126 0.035587
v -0.294158 0.084929 -0.045770
v 0.075712 0.229685 -0.101390
v 0.115680 0.206143 -0.045691
v 0.084929 0.253062 -0.123724
v 0.119641 0.213526 -0.090017
v 0.059167 0.196179 0.040843
v 0.100374 0.194186 0.097199
v 0.050111 0.181795 0.091560
v 0.088208 0.169469 0.145215
v 0.050599 0.218014 -0.064637
v 0.066314 0.262800 -0.123958
v 0.038478 0.238341 -0.107482
v 0.037106 0.193884 0.039072
v 0.032010 0.218110 -0.067923
v 0.131497 0.188367 0.051798
v 0.138093 0.196407 -0.039470
v 0.153203 0.174249 0.054381
v 0.113981 0.167553 0.147561
v 0.152890 0.174182 0.103180
v 0.176583 0.672332 -0.377207
v 0.266524 0.612759 -0.383169
v 0.171943 0.597485 -0.332062
v 0.247849 0.557667 -0.339694
v 0.142082 0.697236 -0.520426
v 0.210990 0.606818 -0.543202
v 0.108262 0.650518 -0.567443
v 0.192664 0.584132 -0.607999
v 0.148588 0.816745 -0.425024
v 0.139727 0.637660 -0.340838
v 0.093117 0.710402 -0.386639
v 0.077824 0.687253 -0.522943
v 0.074316 0.716053 -0.430336
v 0.309208 0.601177 -0.461215
v 0.321137 0.567015 -0.353122
v 0.435280 0.596115 -0.439034
v 0.231748 0.544553 -0.575456
v 0.319175 0.539675 -0.486880
v 0.248463 0.287617 -0.288667
v 0.244363 0.201769 -0.241461
v 0.239892 0.316496 -0.274470
v 0.231102 0.226988 -0.231960
v 0.276158 0.175843 -0.327772
v 0.289728 0.123909 -0.262136
v 0.291612 0.148435 -0.331740
v 0.304340 0.100452 -0.266149
v 0.263239 0.275727 -0.338129
v 0.250415 0.356117 -0.301780
v 0.261959 0.347229 -0.357133
v 0.275207 0.136483 -0.221733
v 0.243821 0.183480 -0.208962
v 0.276994 0.124904 -0.186539
v 0.280837 0.189518 -0.363429
v 0.271323 0.293953 -0.376291
v 0.305569 0.085852 -0.232388
v 0.292313 0.100649 -0.192472
v 0.224177 0.144652 -0.027629
v 0.245739 0.136308 -0.068156
v 0.205791 0.168414 -0.065748
v 0.227003 0.162926 -0.102335
v 0.279892 0.081186 0.087915
v 0.294356 0.070450 0.039873
v 0.288652 0.066266 0.125383
v 0.303326 0.055782 0.076506
v 0.240452 0.115276 0.052840
v 0.202987 0.159435 -0.027594
v 0.217512 0.130175 0.055021
v 0.284351 0.091546 -0.038424
v 0.245785 0.145370 -0.105140
v 0.283399 0.096947 -0.077655
v 0.277663 0.076503 0.132893
v 0.235694 0.109164 0.096665
v 0.307048 0.055092 0.035174
v 0.296543 0.075128 -0.041672
v -0.062556 -0.575437 0.067576
v -0.066383 -0.573952 -0.026114
v -0.103944 -0.573544 0.063076
v -0.107172 -0.601456 -0.024937
v 0.066498 -0.573544 0.066520
v 0.067931 -0.573979 -0.026017
v 0.108360 -0.567801 0.060866
v 0.109478 -0.599990 -0.024898
v 0.002312 -0.578967 0.118844
v -0.083147 -0.576399 0.115234
v -0.019658 -0.584483 0.170417
v -0.000328 -0.541224 -0.070956
v -0.088800 -0.596087 -0.069751
v -0.027249 -0.536073 -0.112808
v 0.088017 -0.574399 0.113731
v 0.024932 -0.585057 0.169741
v 0.090311 -0.594916 -0.069819
v 0.025042 -0.535797 -0.113113
v -0.175255 -0.557083 0.320228
v -0.238091 -0.517934 0.344541
v -0.184425 -0.537693 0.258057
v -0.237052 -0.487680 0.284538
v -0.128436 -0.759458 0.492536
v -0.277411 -0.767032 0.546869
v -0.095020 -0.758537 0.588105
v -0.243112 -0.764099 0.653129
v -0.121389 -0.601213 0.395906
v -0.148865 -0.562469 0.268428
v -0.092173 -0.590181 0.337742
v -0.285015 -0.559134 0.444043
v -0.259571 -0.466630 0.320680
v -0.291945 -0.472498 0.415065
v -0.077669 -0.668595 0.514831
v -0.073886 -0.606142 0.399438
v -0.312056 -0.680663 0.617696
v -0.312905 -0.512255 0.483769
v -0.175420 -0.692559 -0.280079
v -0.281905 -0.586380 -0.302049
v -0.213957 -0.781991 -0.230970
v -0.325475 -0.660439 -0.269953
v -0.105008 -0.408437 -0.306124
v -0.156726 -0.338643 -0.317833
v -0.082859 -0.349063 -0.328394
v -0.128834 -0.282320 -0.334588
v -0.107905 -0.532322 -0.264255
v -0.127705 -0.736600 -0.227381
v -0.085664 -0.562262 -0.231591
v -0.232502 -0.381555 -0.300303
v -0.329905 -0.512877 -0.276884
v -0.272687 -0.341034 -0.290771
v -0.065766 -0.402838 -0.307213
v -0.066266 -0.502926 -0.256743
v -0.162324 -0.266868 -0.326962
v -0.232212 -0.290338 -0.306043
v -0.354083 -0.196626 -0.125659
v -0.350651 -0.140281 -0.054572
v -0.364370 -0.268547 -0.112563
v -0.351258 -0.205671 -0.039255
v -0.298514 -0.033195 -0.162885
v -0.305285 0.005708 -0.106262
v -0.292169 0.004379 -0.181968
v -0.304288 0.028841 -0.134307
v -0.316147 -0.131293 -0.177228
v -0.352503 -0.267095 -0.159050
v -0.318123 -0.179589 -0.207674
v -0.320549 -0.044655 -0.051000
v -0.337956 -0.154147 -0.015686
v -0.320068 -0.052162 -0.013291
v -0.284745 -0.025923 -0.197080
v -0.296198 -0.118534 -0.211983
v -0.307143 0.033603 -0.096371
v -0.310919 0.004179 -0.030445
v -0.306349 -0.245735 0.221607
v -0.314859 -0.181229 0.152505
v -0.300655 -0.288286 0.198278
v -0.313595 -0.226995 0.130682
v -0.313061 -0.127208 0.274218
v -0.311094 -0.063399 0.204043
v -0.312554 -0.092988 0.285552
v -0.309785 -0.029493 0.217338
v -0.310600 -0.217541 0.289255
v -0.298601 -0.300161 0.246736
v -0.307329 -0.273203 0.319829
v -0.313254 -0.088833 0.146786
v -0.318803 -0.173279 0.109216
v -0.314637 -0.078539 0.105283
v -0.314374 -0.138789 0.318036
v -0.312856 -0.229850 0.338238
v -0.308880 -0.010928 0.178388
v -0.311309 -0.036518 0.122278
v 0.173354 -0.551517 0.319675
v 0.235192 -0.511895 0.341546
v 0.184735 -0.532812 0.256844
v 0.236568 -0.483479 0.281726
v 0.119432 -0.753306 0.498581
v 0.274097 -0.767011 0.527423
v 0.093736 -0.756508 0.601294
v 0.255191 -0.766344 0.636629
v 0.118058 -0.597319 0.395833
v 0.149773 -0.558459 0.267638
v 0.092585 -0.587543 0.337491
v 0.076714 -0.668483 0.519862
v 0.072868 -0.603823 0.399894
v 0.278133 -0.554970 0.431981
v 0.258366 -0.463241 0.315804
v 0.287987 -0.470588 0.402759
v 0.318358 -0.678734 0.589056
v 0.305227 -0.511069 0.464752
v 0.180338 -0.666692 -0.260567
v 0.283800 -0.586884 -0.302596
v 0.215494 -0.781564 -0.232200
v 0.327044 -0.660888 -0.267565
v 0.094642 -0.405942 -0.309078
v 0.147998 -0.337726 -0.323530
v 0.067636 -0.347746 -0.333765
v 0.116137 -0.281785 -0.345538
v 0.103122 -0.526676 -0.263089
v 0.127567 -0.733302 -0.234077
v 0.081625 -0.557649 -0.231398
v 0.052871 -0.401184 -0.309112
v 0.059289 -0.499876 -0.256796
v 0.230432 -0.381903 -0.301579
v 0.332222 -0.514711 -0.274438
v 0.273637 -0.343252 -0.290781
v 0.152657 -0.267280 -0.334305
v 0.228948 -0.292215 -0.307559
v 0.358113 -0.207871 -0.110909
v 0.353499 -0.157253 -0.037556
v 0.365144 -0.280153 -0.100052
v 0.355644 -0.218959 -0.024632
v 0.304746 -0.044277 -0.145875
v 0.308624 -0.005708 -0.081134
v 0.293637 -0.003682 -0.161181
v 0.303983 0.024969 -0.104756
v 0.326277 -0.135030 -0.163234
v 0.355476 -0.275734 -0.147580
v 0.323589 -0.185760 -0.197278
v 0.325880 -0.059442 -0.028973
v 0.342756 -0.167898 0.000092
v 0.325622 -0.067340 0.007872
v 0.289430 -0.033887 -0.181121
v 0.302937 -0.123808 -0.201600
v 0.308161 0.025951 -0.066003
v 0.316055 -0.012425 -0.005073
v 0.312102 -0.248532 0.221616
v 0.321510 -0.188691 0.158307
v 0.305953 -0.290583 0.198944
v 0.321269 -0.231777 0.136987
v 0.317904 -0.131137 0.272113
v 0.317245 -0.072687 0.207815
v 0.317050 -0.095742 0.283112
v 0.315402 -0.036355 0.220276
v 0.315192 -0.219849 0.285003
v 0.302888 -0.301394 0.244416
v 0.310359 -0.274906 0.312838
v 0.320087 -0.100922 0.155243
v 0.325423 -0.182406 0.118106
v 0.321640 -0.092124 0.117752
v 0.318823 -0.140754 0.312549
v 0.316628 -0.231277 0.330255
v 0.316143 -0.024428 0.184154
v 0.318985 -0.051935 0.134539
v 0.079397 -0.070298 0.725438
v -0.001311 -0.066537 0.739773
v 0.085469 -0.113584 0.741415
v 0.006358 -0.107121 0.767843
v 0.058843 0.033551 0.648471
v -0.015642 0.035939 0.653632
v 0.052819 0.059845 0.614320
v -0.017998 0.061718 0.617981
v 0.105667 -0.016457 0.678695
v 0.121692 -0.093027 0.721076
v 0.145197 -0.036144 0.674312
v -0.050628 -0.010440 0.694113
v -0.040872 -0.086427 0.749800
v -0.090609 -0.028589 0.694698
v 0.090463 0.044776 0.622293
v 0.136493 -0.002007 0.651111
v -0.053699 0.049005 0.630568
v -0.091278 0.005128 0.667436
v 0.293544 -0.276585 0.605272
v 0.265975 -0.190366 0.641612
v 0.275357 -0.322204 0.644893
v 0.237864 -0.224138 0.672489
v 0.319466 -0.147878 0.481163
v 0.299146 -0.101293 0.513292
v 0.314080 -0.115632 0.436655
v 0.297013 -0.078267 0.464972
v 0.322695 -0.240344 0.522377
v 0.303021 -0.349687 0.607940
v 0.322105 -0.303667 0.515432
v 0.321510 -0.152709 0.438198
v 0.327277 -0.245304 0.474814
v 0.276305 -0.111915 0.595503
v 0.234857 -0.166297 0.671053
v 0.248663 -0.094922 0.623748
v 0.285309 -0.069210 0.498804
v 0.263210 -0.074313 0.580593
v -0.275132 -0.263449 0.635562
v -0.232705 -0.175716 0.674505
v -0.246564 -0.308628 0.672309
v -0.190978 -0.210285 0.703876
v -0.316946 -0.139489 0.503627
v -0.288377 -0.091456 0.537134
v -0.310403 -0.109466 0.454346
v -0.288495 -0.070173 0.484826
v -0.316835 -0.231857 0.547415
v -0.286544 -0.338503 0.636045
v -0.318261 -0.296560 0.540045
v -0.320406 -0.146643 0.456488
v -0.329096 -0.237842 0.497484
v -0.252403 -0.099283 0.624852
v -0.185056 -0.153913 0.701927
v -0.216268 -0.081814 0.654483
v -0.273390 -0.059501 0.521254
v -0.240605 -0.062139 0.608205
v 0.166590 0.084240 0.342262
v 0.168974 0.062555 0.442052
v 0.140255 0.095280 0.344491
v 0.141107 0.075908 0.446810
v 0.236116 0.051311 0.317296
v 0.239243 0.024941 0.403575
v 0.255172 0.042452 0.304716
v 0.257171 0.015643 0.384893
v 0.202503 0.079473 0.286857
v 0.152519 0.102642 0.293988
v 0.188092 0.099957 0.241314
v 0.246012 0.058955 0.269173
v 0.212158 0.087383 0.237093
v 0.210121 0.030144 0.475369
v 0.156013 0.060093 0.496287
v 0.198711 0.024924 0.527854
v 0.251001 0.005106 0.435051
v 0.222016 0.008759 0.506980
v -0.153241 0.088441 0.353164
v -0.152343 0.069644 0.454660
v -0.127049 0.098427 0.354900
v -0.124605 0.082300 0.459234
v -0.224347 0.056460 0.330789
v -0.224261 0.032536 0.416084
v -0.243808 0.048590 0.317773
v -0.243921 0.022794 0.397607
v -0.191548 0.082532 0.299836
v -0.140841 0.104799 0.304582
v -0.178010 0.102452 0.252956
v -0.235719 0.063246 0.283766
v -0.201674 0.090786 0.249220
v -0.192538 0.039166 0.489757
v -0.137910 0.068269 0.511753
v -0.180175 0.035491 0.548139
v -0.235774 0.013400 0.448827
v -0.204586 0.019180 0.526763
v 0.020618 -0.002961 -0.612907
v -0.051399 -0.001855 -0.611262
v 0.016843 0.003978 -0.560037
v -0.045091 0.004705 -0.558530
v 0.032038 0.074606 -0.743480
v -0.059479 0.080292 -0.732491
v 0.035101 0.124126 -0.762398
v -0.059193 0.127675 -0.753761
v 0.069093 0.016788 -0.688963
v 0.051930 0.003606 -0.580523
v 0.105630 0.006484 -0.656352
v -0.099222 0.021661 -0.680024
v -0.079518 0.005526 -0.577421
v -0.133889 0.008948 -0.651266
v 0.081218 0.091112 -0.771659
v 0.117227 0.029610 -0.710042
v -0.106497 0.100677 -0.748692
v -0.146118 0.031687 -0.701359
v 0.142378 -0.026703 -0.361236
v 0.135355 0.004167 -0.429214
v 0.115777 -0.041295 -0.371693
v 0.104322 0.003560 -0.428633
v 0.221731 0.003025 -0.332700
v 0.218875 0.026289 -0.409293
v 0.242494 0.014932 -0.320481
v 0.240785 0.037823 -0.395435
v 0.191475 -0.033953 -0.317509
v 0.145262 -0.078514 -0.351216
v 0.199309 -0.086788 -0.311642
v 0.237478 -0.005077 -0.291781
v 0.217537 -0.057544 -0.288563
v 0.180746 0.019799 -0.465899
v 0.118431 0.008541 -0.468816
v 0.167651 0.020139 -0.513979
v 0.232901 0.042335 -0.444147
v 0.198839 0.031310 -0.508459
v -0.158395 -0.026302 -0.358397
v -0.153151 0.005311 -0.426362
v -0.134856 -0.039939 -0.365826
v -0.125646 0.003007 -0.424361
v -0.227535 0.006173 -0.339403
v -0.227194 0.029805 -0.413527
v -0.246715 0.018428 -0.330617
v -0.247009 0.041346 -0.402796
v -0.199246 -0.031283 -0.319089
v -0.158224 -0.074210 -0.345255
v -0.204587 -0.082310 -0.310437
v -0.240309 -0.000852 -0.300967
v -0.219669 -0.051657 -0.290672
v -0.193881 0.023707 -0.464865
v -0.138290 0.010205 -0.465095
v -0.182746 0.025520 -0.510463
v -0.240496 0.046492 -0.448161
v -0.210623 0.036923 -0.506550
v 0.285254 0.290419 -0.679779
v 0.283476 0.199284 -0.757665
v 0.248057 0.323340 -0.705778
v 0.237437 0.233075 -0.786922
v 0.301188 0.194486 -0.529064
v 0.303037 0.135294 -0.569232
v 0.300081 0.166477 -0.479193
v 0.294634 0.121504 -0.507579
v 0.294418 0.277526 -0.572268
v 0.264372 0.351523 -0.651439
v 0.284874 0.335555 -0.555286
v 0.296771 0.205331 -0.481230
v 0.289565 0.293186 -0.515988
v 0.303153 0.121292 -0.687775
v 0.242539 0.170792 -0.792585
v 0.271456 0.091851 -0.720728
v 0.287009 0.104146 -0.544621
v 0.281295 0.083586 -0.651606
v -0.287379 0.287173 -0.676755
v -0.288866 0.201350 -0.748260
v -0.252837 0.320354 -0.701465
v -0.246081 0.233096 -0.780092
v -0.302883 0.194175 -0.537624
v -0.303228 0.139838 -0.570678
v -0.302422 0.167275 -0.491421
v -0.296937 0.125027 -0.514330
v -0.295646 0.272017 -0.579547
v -0.267190 0.345265 -0.651437
v -0.285323 0.325052 -0.565749
v -0.299123 0.203758 -0.494998
v -0.291050 0.284888 -0.529996
v -0.306554 0.126740 -0.679371
v -0.253479 0.172005 -0.785598
v -0.281411 0.097252 -0.710989
v -0.289490 0.109184 -0.546527
v -0.286420 0.090628 -0.643954
v 0.323900 0.048881 -0.088609
v 0.318983 0.066926 -0.046963
v 0.323287 0.052632 -0.125104
v 0.317697 0.067525 -0.084230
v 0.326220 0.041709 0.025403
v 0.323128 0.059064 0.064654
v 0.324281 0.043637 0.064200
v 0.323686 0.058534 0.101610
v 0.325877 0.035133 -0.053387
v 0.325353 0.043118 -0.128151
v 0.324132 0.034307 -0.092524
v 0.324389 0.036134 0.025753
v 0.324566 0.033910 -0.052563
v 0.316288 0.071852 0.030360
v 0.314163 0.072704 -0.045909
v 0.312197 0.073963 0.030209
v 0.321297 0.063031 0.101332
v 0.311306 0.088993 0.074454
v -0.322665 0.060964 -0.109396
v -0.318176 0.081902 -0.074808
v -0.324174 0.058507 -0.149431
v -0.318209 0.077612 -0.114210
v -0.318056 0.067688 0.016262
v -0.317858 0.083255 0.051142
v -0.315380 0.066821 0.058252
v -0.316486 0.078832 0.094047
v -0.319889 0.059590 -0.064716
v -0.324848 0.046922 -0.149071
v -0.320484 0.052923 -0.103747
v -0.315336 0.063836 0.019972
v -0.317496 0.058052 -0.061312
v -0.314496 0.089755 0.003432
v -0.313539 0.085715 -0.078035
v -0.310622 0.089292 -0.001940
v -0.313159 0.087673 0.089648
v -0.313012 0.090844 0.039348
v -0.085594 0.364811 -0.153442
v -0.089968 0.318161 -0.145195
v -0.128868 0.499249 -0.242708
v -0.159547 0.517164 -0.271405
v -0.068944 0.334650 -0.140175
v -0.130947 0.546046 -0.274151
v -0.147615 0.213724 -0.110010
v -0.169543 0.203660 -0.104751
v -0.163384 0.193847 -0.067121
v -0.266276 0.460738 -0.305673
v -0.245973 0.407041 -0.299582
v -0.294993 0.457055 -0.327570
v -0.218868 0.224325 -0.209664
v -0.214656 0.203882 -0.176817
v -0.231715 0.187882 -0.182502
v 0.085699 0.369948 -0.151072
v 0.091557 0.323214 -0.143506
v 0.110314 0.507239 -0.236314
v 0.135664 0.523454 -0.266019
v 0.072226 0.336293 -0.143587
v 0.108241 0.553907 -0.269703
v 0.147418 0.216368 -0.115212
v 0.168454 0.204556 -0.109121
v 0.164224 0.194232 -0.072826
v 0.230841 0.449972 -0.288874
v 0.230297 0.394778 -0.274932
v 0.254289 0.445047 -0.301100
v 0.212651 0.224036 -0.195956
v 0.210033 0.204054 -0.167793
v 0.227438 0.186932 -0.171236
v -0.160030 -0.555191 0.107859
v -0.177083 -0.540663 0.155613
v -0.168070 -0.703310 -0.051770
v -0.199584 -0.790941 -0.090566
v -0.142251 -0.560550 0.160643
v -0.123193 -0.748119 -0.098949
v -0.262420 -0.425329 0.211539
v -0.279817 -0.379290 0.192754
v -0.276192 -0.391090 0.243143
v -0.369761 -0.539624 -0.164884
v -0.367450 -0.433818 -0.129690
v -0.364589 -0.439256 -0.185624
v -0.330012 -0.273314 0.020332
v -0.319675 -0.273353 0.063475
v -0.326565 -0.218519 0.044073
v 0.163617 -0.549199 0.106041
v 0.179893 -0.535414 0.154130
v 0.170418 -0.703007 -0.051325
v 0.203156 -0.790692 -0.091341
v 0.145712 -0.556077 0.159505
v 0.124415 -0.749453 -0.097684
v 0.264603 -0.423673 0.209841
v 0.283052 -0.379593 0.192120
v 0.278159 -0.391018 0.240330
v 0.368900 -0.543392 -0.159957
v 0.366675 -0.440172 -0.122152
v 0.365816 -0.444768 -0.178772
v 0.335743 -0.281016 0.030178
v 0.325768 -0.279646 0.071477
v 0.332961 -0.227313 0.055076
v -0.026114 -0.571876 0.623272
v 0.043849 -0.575908 0.627772
v -0.214495 -0.548279 0.700553
v -0.208806 -0.442717 0.692090
v 0.007421 -0.569421 0.575565
v -0.272336 -0.497177 0.679490
v 0.250228 -0.554571 0.695295
v 0.250388 -0.450178 0.683801
v 0.297915 -0.503760 0.660643
v 0.128700 -0.191625 0.735427
v 0.166962 -0.222730 0.718358
v -0.014525 -0.167842 0.822063
v -0.083973 -0.212110 0.754682
v 0.172245 -0.161472 0.729598
v -0.080675 -0.154991 0.762088
v -0.006203 0.165704 0.142914
v 0.016660 0.165967 0.141854
v -0.078298 0.133179 0.252205
v -0.090159 0.116746 0.304486
v 0.005223 0.179476 0.091096
v -0.103674 0.128662 0.254730
v 0.088852 0.134412 0.244681
v 0.101346 0.117444 0.295469
v 0.113970 0.129832 0.245483
v 0.075386 0.089767 0.547787
v 0.096521 0.089869 0.502831
v -0.051391 0.092259 0.551535
v -0.078498 0.096508 0.515011
v 0.108934 0.075818 0.553442
v -0.084772 0.080766 0.561671
v -0.031386 -0.298353 -0.367267
v 0.005635 -0.297830 -0.363985
v -0.109289 -0.173501 -0.359701
v -0.111722 -0.115713 -0.366803
v -0.009732 -0.348324 -0.336343
v -0.136034 -0.156167 -0.349924
v 0.092084 -0.174375 -0.372206
v 0.093417 -0.118150 -0.376293
v 0.121475 -0.157990 -0.359090
v 0.036793 0.010147 -0.486209
v 0.056992 0.008699 -0.457121
v -0.062908 0.010220 -0.483177
v -0.081924 0.008399 -0.452700
v 0.067090 0.008622 -0.498562
v -0.091557 0.009531 -0.494803
v -0.044098 0.624886 -0.616095
v 0.017846 0.626306 -0.618458
v -0.186237 0.475511 -0.663896
v -0.196426 0.410906 -0.684552
v -0.015372 0.672042 -0.580206
v -0.228537 0.446059 -0.655803
v 0.175701 0.478438 -0.666556
v 0.187444 0.414041 -0.687156
v 0.223247 0.451447 -0.658637
v 0.085687 0.203261 -0.781715
v 0.135410 0.232781 -0.794602
v -0.104777 0.205391 -0.775585
v -0.151989 0.234063 -0.792932
v 0.137160 0.172909 -0.806626
v -0.155341 0.175789 -0.791473
v 0.305134 0.134491 -0.365206
v 0.304750 0.139526 -0.398647
v 0.328511 0.050216 -0.239095
v 0.324312 0.052741 -0.199336
v 0.297309 0.169334 -0.400995
v 0.323448 0.043498 -0.204744
v 0.280700 0.024934 -0.222648
v 0.270521 0.025245 -0.264297
v 0.309510 0.063649 -0.122646
v 0.312720 0.066709 -0.120816
v 0.269134 0.004357 -0.238700
v 0.310463 0.067370 -0.085038
v 0.270319 0.066673 -0.406588
v 0.282494 0.085353 -0.431971
v 0.267841 0.073574 -0.457148
v 0.286677 0.049550 0.203213
v 0.279379 0.043102 0.246627
v 0.314299 0.041772 0.107251
v 0.317842 0.041752 0.104047
v 0.276181 0.056765 0.214346
v 0.319374 0.039552 0.067692
v 0.315042 -0.074455 0.326080
v 0.313464 -0.081725 0.360774
v 0.311929 0.043931 0.207368
v 0.316466 0.060605 0.175595
v 0.317525 -0.112979 0.359257
v 0.316204 0.060946 0.171428
v 0.287598 -0.031680 0.405601
v 0.279965 -0.010407 0.387665
v 0.275816 -0.025657 0.432797
v -0.305780 0.138210 -0.385584
v -0.306298 0.142122 -0.417161
v -0.332766 0.053801 -0.260023
v -0.328232 0.053158 -0.224228
v -0.299863 0.170472 -0.420440
v -0.324257 0.048068 -0.225798
v -0.282762 0.027245 -0.243952
v -0.272788 0.027422 -0.282050
v -0.312112 0.067869 -0.156020
v -0.315098 0.071659 -0.153124
v -0.269918 0.007845 -0.255363
v -0.312387 0.076095 -0.119279
v -0.274646 0.069857 -0.417479
v -0.286193 0.088642 -0.443034
v -0.272404 0.077565 -0.464196
v -0.278870 0.060796 0.215729
v -0.271508 0.051758 0.260785
v -0.302801 0.062318 0.109036
v -0.307925 0.061341 0.103451
v -0.264020 0.065797 0.226474
v -0.308165 0.063444 0.066857
v -0.310348 -0.073907 0.331712
v -0.308427 -0.080055 0.370025
v -0.309816 0.042506 0.203500
v -0.312998 0.071279 0.176817
v -0.313523 -0.111011 0.368720
v -0.309229 0.072542 0.169073
v -0.277356 -0.025572 0.419740
v -0.269035 -0.004010 0.400792
v -0.263421 -0.018089 0.448492
v -0.003385 0.275064 -0.124874
v 0.013728 0.275364 -0.125814
v 0.006100 0.239273 -0.109467
v -0.045720 0.667588 -0.347631
v 0.004650 0.664769 -0.347568
v -0.026296 0.689697 -0.389174
v -0.183966 0.140705 0.110181
v -0.175779 0.132962 0.157631
v -0.197552 0.119651 0.155315
v -0.284706 0.407775 -0.464973
v -0.282672 0.396385 -0.504643
v -0.284734 0.345597 -0.476287
v -0.295683 0.087762 -0.130217
v -0.310396 0.064163 -0.137647
v -0.311720 0.058739 -0.096770
v 0.190091 0.138150 0.100845
v 0.183225 0.130840 0.147394
v 0.205539 0.116530 0.145129
v 0.301829 0.435497 -0.420016
v 0.288291 0.421781 -0.481906
v 0.281583 0.363074 -0.448951
v 0.295871 0.083988 -0.119608
v 0.309164 0.062296 -0.124721
v 0.309939 0.058090 -0.085561
v -0.021406 -0.593420 0.281331
v 0.024622 -0.593194 0.281165
v 0.000827 -0.598401 0.340290
v -0.027548 -0.524099 -0.190255
v 0.021702 -0.522819 -0.190869
v -0.003319 -0.510917 -0.223091
v -0.309741 -0.349793 0.408246
v -0.318491 -0.362546 0.468725
v -0.318975 -0.295539 0.428250
v -0.282385 -0.206114 -0.268374
v -0.247908 -0.176181 -0.290308
v -0.262470 -0.139018 -0.266280
v -0.312856 -0.017056 0.042020
v -0.309177 0.033646 0.018288
v -0.308842 0.027351 0.057925
v 0.309861 -0.350752 0.394411
v 0.317058 -0.365297 0.449403
v 0.320113 -0.297620 0.412461
v 0.287069 -0.208630 -0.266388
v 0.249396 -0.177653 -0.291954
v 0.265800 -0.142508 -0.263360
v 0.319025 -0.033706 0.062929
v 0.313858 0.016126 0.045065
v 0.315424 0.006554 0.079863
v 0.207456 -0.039148 0.629398
v 0.196333 -0.007673 0.606505
v 0.224484 -0.025911 0.585821
v -0.169981 -0.028743 0.653295
v -0.164518 0.002290 0.626992
v -0.199252 -0.014028 0.611324
v 0.178644 0.016816 -0.621705
v 0.203169 0.032613 -0.678789
v 0.215226 0.039236 -0.616151
v -0.192284 0.031117 -0.611319
v -0.221312 0.038919 -0.672354
v -0.226929 0.048308 -0.608985
f 1 647 644
f 1 644 643
f 1 643 645
f 1 645 646
f 1 646 647
f 2 649 652
f 6 672 670
f 12 702 699
f 11 696 695
f 8 679 681
f 4 662 659
f 4 659 658
f 4 658 660
f 4 660 661
f 4 661 662
f 5 666 665
f 3 654 657
f 7 673 677
f 9 685 686
f 10 692 688
f 12 701 698
f 6 669 668
f 2 650 648
f 8 682 678
f 11 697 693
f 6 671 669
f 12 700 701
f 11 694 697
f 8 680 682
f 2 651 650
f 10 690 689
f 5 663 664
f 3 655 653
f 7 676 674
f 9 687 684
f 10 691 690
f 5 667 663
f 3 656 655
f 7 675 676
f 9 683 687
f 6 668 672
f 2 648 649
f 8 678 679
f 11 693 696
f 12 698 702
f 10 688 691
f 5 665 667
f 3 657 656
f 7 677 675
f 9 686 683
f 5 664 666
f 3 653 654
f 7 674 673
f 9 684 685
f 10 689 692
f 6 670 671
f 12 699 700
f 11 695 694
f 8 681 680
f 2 652 651
f 35 837 838
f 18 735 736
f 19 742 741
f 40 868 867
f 42 880 879
f 34 832 831
f 33 827 828
f 25 778 780
f 36 844 846
f 20 749 747
f 32 819 820
f 23 765 767
f 24 773 771
f 37 850 849
f 41 876 875
f 34 833 834
f 33 826 825
f 25 779 777
f 36 845 843
f 20 748 750
f 17 729 727
f 14 711 709
f 13 706 703
f 15 718 715
f 16 724 721
f 18 737 733
f 35 839 835
f 42 882 878
f 40 870 866
f 19 744 740
f 30 807 805
f 27 789 787
f 22 762 758
f 28 797 793
f 29 802 799
f 32 821 817
f 23 766 763
f 24 774 770
f 37 852 848
f 41 874 872
f 35 838 836
f 18 736 734
f 19 741 739
f 40 867 865
f 42 879 877
f 34 831 829
f 33 828 824
f 25 780 776
f 36 846 842
f 20 747 745
f 32 820 818
f 23 767 764
f 24 771 769
f 37 849 847
f 41 875 871
f 34 834 830
f 33 825 823
f 25 777 775
f 36 843 841
f 20 750 746
f 14 714 710
f 13 707 704
f 15 719 716
f 16 725 722
f 17 732 728
f 21 755 752
f 31 814 811
f 26 784 781
f 38 857 853
f 39 862 860
f 27 792 788
f 22 759 757
f 28 796 794
f 29 803 800
f 30 810 806
f 31 815 812
f 26 785 782
f 38 856 854
f 39 863 859
f 21 754 751
f 14 712 714
f 13 705 707
f 15 717 719
f 16 723 725
f 17 730 732
f 21 753 755
f 31 816 814
f 26 786 784
f 38 858 857
f 39 861 862
f 27 791 792
f 22 761 759
f 28 795 796
f 29 801 803
f 30 808 810
f 31 813 815
f 26 783 785
f 38 855 856
f 39 864 863
f 21 756 754
f 14 709 712
f 13 703 705
f 15 715 717
f 16 721 723
f 17 727 730
f 21 751 753
f 31 812 816
f 26 782 786
f 38 854 858
f 39 859 861
f 27 787 791
f 22 758 761
f 28 793 795
f 29 799 801
f 30 805 808
f 31 811 813
f 26 781 783
f 38 853 855
f 39 860 864
f 21 752 756
f 17 728 731
f 14 710 713
f 13 704 708
f 15 716 720
f 16 722 726
f 18 734 738
f 35 836 840
f 42 877 881
f 40 865 869
f 19 739 743
f 30 806 809
f 27 788 790
f 22 757 760
f 28 794 798
f 29 800 804
f 32 818 822
f 23 764 768
f 24 769 772
f 37 847 851
f 41 871 873
f 35 835 837
f 18 733 735
f 19 740 742
f 40 866 868
f 42 878 880
f 34 830 832
f 33 823 827
f 25 775 778
f 36 841 844
f 20 746 749
f 32 817 819
f 23 763 765
f 24 770 773
f 37 848 850
f 41 872 876
f 34 829 833
f 33 824 826
f 25 776 779
f 36 842 845
f 20 745 748
f 17 731 729
f 14 713 711
f 13 708 706
f 15 720 718
f 16 726 724
f 18 738 737
f 35 840 839
f 42 881 882
f 40 869 870
f 19 743 744
f 30 809 807
f 27 790 789
f 22 760 762
f 28 798 797
f 29 804 802
f 32 822 821
f 23 768 766
f 24 772 774
f 37 851 852
f 41 873 874
f 107 1269 1270
f 103 1245 1246
f 104 1252 1251
f 110 1288 1287
f 113 1306 1305
f 118 1336 1335
f 154 1551 1552
f 141 1473 1474
f 162 1599 1600
f 121 1354 1353
f 142 1479 1480
f 129 1401 1402
f 130 1408 1407
f 144 1492 1491
f 146 1504 1503
f 151 1533 1534
f 131 1414 1413
f 136 1444 1443
f 161 1594 1593
f 126 1383 1384
f 116 1323 1324
f 108 1275 1276
f 106 1263 1264
f 112 1299 1300
f 115 1317 1318
f 119 1341 1342
f 156 1564 1563
f 139 1462 1461
f 160 1588 1587
f 120 1347 1348
f 149 1521 1522
f 132 1420 1419
f 128 1395 1396
f 145 1497 1498
f 148 1515 1516
f 155 1557 1558
f 133 1425 1426
f 134 1431 1432
f 157 1570 1569
f 124 1372 1371
f 109 1282 1281
f 105 1258 1257
f 111 1294 1293
f 114 1312 1311
f 117 1330 1329
f 125 1378 1377
f 152 1540 1539
f 137 1449 1450
f 158 1575 1576
f 123 1365 1366
f 143 1486 1485
f 127 1390 1389
f 135 1437 1438
f 147 1510 1509
f 150 1528 1527
f 153 1546 1545
f 140 1468 1467
f 138 1455 1456
f 159 1581 1582
f 122 1359 1360
f 107 1272 1271
f 103 1248 1247
f 104 1253 1254
f 110 1289 1290
f 113 1307 1308
f 118 1337 1338
f 154 1554 1553
f 141 1476 1475
f 162 1602 1601
f 121 1355 1356
f 142 1482 1481
f 129 1404 1403
f 130 1409 1410
f 144 1493 1494
f 146 1505 1506
f 151 1536 1535
f 131 1415 1416
f 136 1445 1446
f 161 1595 1596
f 126 1386 1385
f 47 909 907
f 44 891 889
f 43 886 883
f 45 898 895
f 46 904 901
f 49 922 919
f 72 1060 1057
f 102 1240 1237
f 96 1204 1201
f 79 1102 1099
f 62 999 997
f 59 981 979
f 58 976 973
f 60 988 985
f 61 994 991
f 66 1024 1021
f 54 952 949
f 73 1066 1063
f 85 1138 1135
f 92 1179 1177
f 101 1233 1231
f 69 1041 1039
f 50 927 925
f 82 1119 1117
f 97 1209 1207
f 71 1053 1051
f 100 1228 1225
f 94 1192 1189
f 80 1108 1105
f 51 933 931
f 90 1167 1165
f 63 1005 1003
f 55 957 955
f 76 1083 1081
f 87 1150 1147
f 91 1174 1171
f 67 1029 1027
f 56 963 961
f 75 1077 1075
f 83 1126 1123
f 68 1036 1033
f 48 915 913
f 78 1095 1093
f 93 1185 1183
f 98 1216 1213
f 88 1155 1153
f 65 1018 1015
f 57 970 967
f 77 1090 1087
f 86 1143 1141
f 64 1012 1009
f 53 945 943
f 74 1071 1069
f 84 1131 1129
f 89 1162 1159
f 70 1047 1045
f 99 1221 1219
f 95 1197 1195
f 81 1114 1111
f 52 940 937
f 109 1284 1280
f 105 1260 1256
f 111 1296 1292
f 114 1314 1310
f 117 1332 1328
f 125 1380 1376
f 152 1542 1538
f 137 1451 1447
f 158 1577 1573
f 123 1367 1363
f 143 1488 1484
f 127 1392 1388
f 135 1439 1435
f 147 1512 1508
f 150 1530 1526
f 153 1548 1544
f 140 1470 1466
f 138 1457 1453
f 159 1583 1579
f 122 1361 1357
f 107 1270 1268
f 103 1246 1244
f 104 1251 1249
f 110 1287 1285
f 113 1305 1303
f 118 1335 1333
f 154 1552 1550
f 141 1474 1472
f 162 1600 1598
f 121 1353 1351
f 142 1480 1478
f 129 1402 1400
f 130 1407 1405
f 144 1491 1489
f 146 1503 1501
f 151 1534 1532
f 131 1413 1411
f 136 1443 1441
f 161 1593 1591
f 126 1384 1382
f 116 1324 1322
f 108 1276 1274
f 106 1264 1262
f 112 1300 1298
f 115 1318 1316
f 119 1342 1340
f 156 1563 1561
f 139 1461 1459
f 160 1587 1585
f 120 1348 1346
f 149 1522 1520
f 132 1419 1417
f 128 1396 1394
f 145 1498 1496
f 148 1516 1514
f 155 1558 1556
f 133 1426 1424
f 134 1432 1430
f 157 1569 1567
f 124 1371 1369
f 109 1281 1279
f 105 1257 1255
f 111 1293 1291
f 114 1311 1309
f 117 1329 1327
f 125 1377 1375
f 152 1539 1537
f 137 1450 1448
f 158 1576 1574
f 123 1366 1364
f 143 1485 1483
f 127 1389 1387
f 135 1438 1436
f 147 1509 1507
f 150 1527 1525
f 153 1545 1543
f 140 1467 1465
f 138 1456 1454
f 159 1582 1580
f 122 1360 1358
f 107 1271 1267
f 103 1247 1243
f 104 1254 1250
f 110 1290 1286
f 113 1308 1304
f 118 1338 1334
f 154 1553 1549
f 141 1475 1471
f 162 1601 1597
f 121 1356 1352
f 142 1481 1477
f 129 1403 1399
f 130 1410 1406
f 144 1494 1490
f 146 1506 1502
f 151 1535 1531
f 131 1416 1412
f 136 1446 1442
f 161 1596 1592
f 126 1385 1381
f 44 894 890
f 43 887 884
f 45 899 896
f 46 905 902
f 47 912 908
f 52 941 938
f 70 1050 1046
f 99 1224 1220
f 95 1200 1196
f 81 1115 1112
f 59 984 980
f 58 977 974
f 60 989 986
f 61 995 992
f 62 1002 998
f 65 1019 1016
f 57 971 968
f 77 1091 1088
f 86 1146 1142
f 88 1158 1154
f 98 1217 1214
f 68 1037 1034
f 48 918 914
f 78 1098 1094
f 93 1188 1184
f 69 1044 1040
f 101 1236 1232
f 97 1212 1208
f 82 1122 1118
f 50 930 926
f 89 1163 1160
f 64 1013 1010
f 53 948 944
f 74 1074 1070
f 84 1134 1130
f 90 1170 1166
f 63 1008 1004
f 55 960 956
f 76 1086 1082
f 87 1151 1148
f 72 1061 1058
f 49 923 920
f 79 1103 1100
f 96 1205 1202
f 102 1241 1238
f 91 1175 1172
f 67 1032 1028
f 56 966 962
f 75 1080 1076
f 83 1127 1124
f 66 1025 1022
f 54 953 950
f 73 1067 1064
f 85 1139 1136
f 92 1182 1178
f 71 1056 1052
f 100 1229 1226
f 94 1193 1190
f 80 1109 1106
f 51 936 932
f 116 1325 1321
f 108 1277 1273
f 106 1265 1261
f 112 1301 1297
f 115 1319 1315
f 119 1343 1339
f 156 1566 1562
f 139 1464 1460
f 160 1590 1586
f 120 1349 1345
f 149 1523 1519
f 132 1422 1418
f 128 1397 1393
f 145 1499 1495
f 148 1517 1513
f 155 1559 1555
f 133 1427 1423
f 134 1433 1429
f 157 1572 1568
f 124 1374 1370
f 44 892 894
f 43 885 887
f 45 897 899
f 46 903 905
f 47 910 912
f 52 939 941
f 70 1048 1050
f 99 1222 1224
f 95 1198 1200
f 81 1113 1115
f 59 982 984
f 58 975 977
f 60 987 989
f 61 993 995
f 62 1000 1002
f 65 1017 1019
f 57 969 971
f 77 1089 1091
f 86 1144 1146
f 88 1156 1158
f 98 1215 1217
f 68 1035 1037
f 48 916 918
f 78 1096 1098
f 93 1186 1188
f 69 1042 1044
f 101 1234 1236
f 97 1210 1212
f 82 1120 1122
f 50 928 930
f 89 1161 1163
f 64 1011 1013
f 53 946 948
f 74 1072 1074
f 84 1132 1134
f 90 1168 1170
f 63 1006 1008
f 55 958 960
f 76 1084 1086
f 87 1149 1151
f 72 1059 1061
f 49 921 923
f 79 1101 1103
f 96 1203 1205
f 102 1239 1241
f 91 1173 1175
f 67 1030 1032
f 56 964 966
f 75 1078 1080
f 83 1125 1127
f 66 1023 1025
f 54 951 953
f 73 1065 1067
f 85 1137 1139
f 92 1180 1182
f 71 1054 1056
f 100 1227 1229
f 94 1191 1193
f 80 1107 1109
f 51 934 936
f 116 1326 1325
f 108 1278 1277
f 106 1266 1265
f 112 1302 1301
f 115 1320 1319
f 119 1344 1343
f 156 1565 1566
f 139 1463 1464
f 160 1589 1590
f 120 1350 1349
f 149 1524 1523
f 132 1421 1422
f 128 1398 1397
f 145 1500 1499
f 148 1518 1517
f 155 1560 1559
f 133 1428 1427
f 134 1434 1433
f 157 1571 1572
f 124 1373 1374
f 44 889 892
f 43 883 885
f 45 895 897
f 46 901 903
f 47 907 910
f 52 937 939
f 70 1045 1048
f 99 1219 1222
f 95 1195 1198
f 81 1111 1113
f 59 979 982
f 58 973 975
f 60 985 987
f 61 991 993
f 62 997 1000
f 65 1015 1017
f 57 967 969
f 77 1087 1089
f 86 1141 1144
f 88 1153 1156
f 98 1213 1215
f 68 1033 1035
f 48 913 916
f 78 1093 1096
f 93 1183 1186
f 69 1039 1042
f 101 1231 1234
f 97 1207 1210
f 82 1117 1120
f 50 925 928
f 89 1159 1161
f 64 1009 1011
f 53 943 946
f 74 1069 1072
f 84 1129 1132
f 90 1165 1168
f 63 1003 1006
f 55 955 958
f 76 1081 1084
f 87 1147 1149
f 72 1057 1059
f 49 919 921
f 79 1099 1101
f 96 1201 1203
f 102 1237 1239
f 91 1171 1173
f 67 1027 1030
f 56 961 964
f 75 1075 1078
f 83 1123 1125
f 66 1021 1023
f 54 949 951
f 73 1063 1065
f 85 1135 1137
f 92 1177 1180
f 71 1051 1054
f 100 1225 1227
f 94 1189 1191
f 80 1105 1107
f 51 931 934
f 116 1322 1326
f 108 1274 1278
f 106 1262 1266
f 112 1298 1302
f 115 1316 1320
f 119 1340 1344
f 156 1561 1565
f 139 1459 1463
f 160 1585 1589
f 120 1346 1350
f 149 1520 1524
f 132 1417 1421
f 128 1394 1398
f 145 1496 1500
f 148 1514 1518
f 155 1556 1560
f 133 1424 1428
f 134 1430 1434
f 157 1567 1571
f 124 1369 1373
f 47 908 911
f 44 890 893
f 43 884 888
f 45 896 900
f 46 902 906
f 49 920 924
f 72 1058 1062
f 102 1238 1242
f 96 1202 1206
f 79 1100 1104
f 62 998 1001
f 59 980 983
f 58 974 978
f 60 986 990
f 61 992 996
f 66 1022 1026
f 54 950 954
f 73 1064 1068
f 85 1136 1140
f 92 1178 1181
f 101 1232 1235
f 69 1040 1043
f 50 926 929
f 82 1118 1121
f 97 1208 1211
f 71 1052 1055
f 100 1226 1230
f 94 1190 1194
f 80 1106 1110
f 51 932 935
f 90 1166 1169
f 63 1004 1007
f 55 956 959
f 76 1082 1085
f 87 1148 1152
f 91 1172 1176
f 67 1028 1031
f 56 962 965
f 75 1076 1079
f 83 1124 1128
f 68 1034 1038
f 48 914 917
f 78 1094 1097
f 93 1184 1187
f 98 1214 1218
f 88 1154 1157
f 65 1016 1020
f 57 968 972
f 77 1088 1092
f 86 1142 1145
f 64 1010 1014
f 53 944 947
f 74 1070 1073
f 84 1130 1133
f 89 1160 1164
f 70 1046 1049
f 99 1220 1223
f 95 1196 1199
f 81 1112 1116
f 52 938 942
f 109 1279 1283
f 105 1255 1259
f 111 1291 1295
f 114 1309 1313
f 117 1327 1331
f 125 1375 1379
f 152 1537 1541
f 137 1448 1452
f 158 1574 1578
f 123 1364 1368
f 143 1483 1487
f 127 1387 1391
f 135 1436 1440
f 147 1507 1511
f 150 1525 1529
f 153 1543 1547
f 140 1465 1469
f 138 1454 1458
f 159 1580 1584
f 122 1358 1362
f 107 1267 1269
f 103 1243 1245
f 104 1250 1252
f 110 1286 1288
f 113 1304 1306
f 118 1334 1336
f 154 1549 1551
f 141 1471 1473
f 162 1597 1599
f 121 1352 1354
f 142 1477 1479
f 129 1399 1401
f 130 1406 1408
f 144 1490 1492
f 146 1502 1504
f 151 1531 1533
f 131 1412 1414
f 136 1442 1444
f 161 1592 1594
f 126 1381 1383
f 116 1321 1323
f 108 1273 1275
f 106 1261 1263
f 112 1297 1299
f 115 1315 1317
f 119 1339 1341
f 156 1562 1564
f 139 1460 1462
f 160 1586 1588
f 120 1345 1347
f 149 1519 1521
f 132 1418 1420
f 128 1393 1395
f 145 1495 1497
f 148 1513 1515
f 155 1555 1557
f 133 1423 1425
f 134 1429 1431
f 157 1568 1570
f 124 1370 1372
f 109 1280 1282
f 105 1256 1258
f 111 1292 1294
f 114 1310 1312
f 117 1328 1330
f 125 1376 1378
f 152 1538 1540
f 137 1447 1449
f 158 1573 1575
f 123 1363 1365
f 143 1484 1486
f 127 1388 1390
f 135 1435 1437
f 147 1508 1510
f 150 1526 1528
f 153 1544 1546
f 140 1466 1468
f 138 1453 1455
f 159 1579 1581
f 122 1357 1359
f 107 1268 1272
f 103 1244 1248
f 104 1249 1253
f 110 1285 1289
f 113 1303 1307
f 118 1333 1337
f 154 1550 1554
f 141 1472 1476
f 162 1598 1602
f 121 1351 1355
f 142 1478 1482
f 129 1400 1404
f 130 1405 1409
f 144 1489 1493
f 146 1501 1505
f 151 1532 1536
f 131 1411 1415
f 136 1441 1445
f 161 1591 1595
f 126 1382 1386
f 47 911 909
f 44 893 891
f 43 888 886
f 45 900 898
f 46 906 904
f 49 924 922
f 72 1062 1060
f 102 1242 1240
f 96 1206 1204
f 79 1104 1102
f 62 1001 999
f 59 983 981
f 58 978 976
f 60 990 988
f 61 996 994
f 66 1026 1024
f 54 954 952
f 73 1068 1066
f 85 1140 1138
f 92 1181 1179
f 101 1235 1233
f 69 1043 1041
f 50 929 927
f 82 1121 1119
f 97 1211 1209
f 71 1055 1053
f 100 1230 1228
f 94 1194 1192
f 80 1110 1108
f 51 935 933
f 90 1169 1167
f 63 1007 1005
f 55 959 957
f 76 1085 1083
f 87 1152 1150
f 91 1176 1174
f 67 1031 1029
f 56 965 963
f 75 1079 1077
f 83 1128 1126
f 68 1038 1036
f 48 917 915
f 78 1097 1095
f 93 1187 1185
f 98 1218 1216
f 88 1157 1155
f 65 1020 1018
f 57 972 970
f 77 1092 1090
f 86 1145 1143
f 64 1014 1012
f 53 947 945
f 74 1073 1071
f 84 1133 1131
f 89 1164 1162
f 70 1049 1047
f 99 1223 1221
f 95 1199 1197
f 81 1116 1114
f 52 942 940
f 109 1283 1284
f 105 1259 1260
f 111 1295 1296
f 114 1313 1314
f 117 1331 1332
f 125 1379 1380
f 152 1541 1542
f 137 1452 1451
f 158 1578 1577
f 123 1368 1367
f 143 1487 1488
f 127 1391 1392
f 135 1440 1439
f 147 1511 1512
f 150 1529 1530
f 153 1547 1548
f 140 1469 1470
f 138 1458 1457
f 159 1584 1583
f 122 1362 1361
f 407 1609 1616
f 403 1605 1608
f 404 1611 1606
f 410 1614 1612
f 413 1617 1615
f 422 1631 1624
f 486 1688 1692
f 573 1775 1782
f 561 1763 1765
f 512 1719 1714
f 452 1654 1661
f 448 1650 1653
f 449 1656 1651
f 455 1659 1657
f 458 1662 1660
f 470 1672 1675
f 437 1646 1639
f 494 1706 1696
f 531 1735 1733
f 539 1741 1751
f 568 1770 1779
f 478 1680 1683
f 419 1621 1626
f 509 1711 1721
f 554 1756 1766
f 482 1684 1689
f 576 1780 1778
f 558 1767 1760
f 516 1722 1718
f 425 1627 1629
f 542 1744 1747
f 463 1668 1665
f 434 1636 1641
f 497 1699 1704
f 528 1730 1737
f 546 1748 1750
f 464 1666 1676
f 440 1642 1644
f 500 1705 1702
f 524 1736 1726
f 479 1691 1681
f 418 1623 1620
f 508 1713 1710
f 553 1764 1755
f 569 1781 1771
f 538 1749 1740
f 471 1677 1673
f 443 1645 1647
f 501 1703 1707
f 523 1725 1734
f 467 1674 1669
f 433 1638 1635
f 493 1695 1698
f 527 1732 1729
f 543 1752 1745
f 485 1690 1687
f 572 1777 1774
f 557 1759 1762
f 515 1717 1720
f 428 1630 1632
f 591 2191 2189
f 587 1885 1883
f 588 1901 1903
f 594 2279 2281
f 597 2315 2317
f 600 2171 2173
f 634 2160 2158
f 619 2016 2012
f 639 2214 2210
f 602 1919 1924
f 624 2137 2135
f 608 1978 1973
f 610 1991 1996
f 627 2225 2227
f 630 2302 2304
f 635 2178 2176
f 615 2153 2155
f 617 2009 2014
f 637 2207 2212
f 604 1926 1922
f 416 1857 1864
f 408 1803 1810
f 406 1786 1795
f 412 1822 1831
f 415 1840 1849
f 424 1876 1887
f 492 2182 2193
f 582 2312 2321
f 565 2276 2285
f 514 1898 1907
f 461 2091 2098
f 453 2037 2044
f 451 1952 1961
f 457 2056 2067
f 460 2074 2083
f 475 2128 2139
f 439 1966 1975
f 496 1988 1997
f 533 2222 2231
f 551 2293 2298
f 579 2185 2190
f 483 1879 1884
f 426 1893 1900
f 521 2271 2278
f 566 2307 2314
f 489 2163 2170
f 578 2150 2159
f 560 2006 2015
f 518 2204 2213
f 429 1911 1918
f 547 2131 2136
f 465 1969 1977
f 441 1983 1990
f 504 2217 2224
f 537 2290 2301
f 550 2168 2177
f 476 2145 2152
f 444 2001 2008
f 502 2199 2206
f 526 1916 1925
f 481 1808 1817
f 420 1789 1797
f 510 1825 1833
f 555 1843 1851
f 571 1862 1871
f 540 1933 1941
f 473 2110 2119
f 447 2020 2029
f 507 2236 2247
f 534 2257 2262
f 469 2042 2051
f 435 1947 1954
f 498 2059 2064
f 529 2077 2085
f 545 2096 2105
f 487 2113 2121
f 574 2023 2031
f 562 2239 2244
f 520 2254 2265
f 432 1930 1939
f 589 1818 1814
f 583 1798 1793
f 586 1834 1829
f 593 1852 1847
f 596 1872 1868
f 599 1942 1937
f 633 2120 2124
f 620 2030 2034
f 640 2248 2250
f 603 2263 2261
f 622 2052 2050
f 607 1955 1960
f 612 2065 2063
f 626 2086 2081
f 629 2106 2102
f 631 2122 2117
f 614 2032 2027
f 618 2245 2243
f 641 2266 2268
f 605 1940 1944
f 409 1813 1804
f 405 1792 1785
f 411 1828 1821
f 414 1846 1839
f 417 1867 1858
f 431 1936 1929
f 488 2123 2114
f 575 2033 2024
f 563 2249 2240
f 519 2260 2253
f 454 2049 2038
f 450 1959 1951
f 456 2062 2055
f 459 2080 2073
f 462 2101 2092
f 472 2116 2109
f 446 2026 2019
f 506 2242 2235
f 535 2267 2258
f 541 1943 1934
f 570 1869 1861
f 480 1815 1807
f 421 1799 1790
f 511 1835 1826
f 556 1853 1844
f 484 1889 1880
f 580 2195 2186
f 567 2319 2308
f 522 2283 2272
f 427 1905 1894
f 544 2103 2095
f 468 2046 2041
f 436 1957 1948
f 499 2069 2060
f 530 2087 2078
f 548 2141 2132
f 466 1979 1970
f 442 1993 1984
f 505 2229 2218
f 536 2296 2289
f 491 2188 2181
f 423 1882 1875
f 513 1902 1897
f 564 2280 2275
f 581 2316 2311
f 549 2172 2167
f 477 2157 2146
f 445 2011 2002
f 503 2209 2200
f 525 1923 1915
f 474 2134 2127
f 438 1972 1965
f 495 1995 1987
f 532 2226 2221
f 552 2303 2294
f 490 2175 2164
f 577 2154 2149
f 559 2013 2005
f 517 2211 2203
f 430 1921 1912
f 590 1865 1870
f 584 1811 1816
f 585 1796 1800
f 592 1832 1836
f 595 1850 1854
f 598 1888 1890
f 636 2194 2196
f 621 2322 2320
f 642 2286 2284
f 601 1908 1906
f 623 2099 2104
f 611 2045 2047
f 609 1962 1958
f 625 2068 2070
f 628 2084 2088
f 632 2140 2142
f 613 1976 1980
f 616 1998 1994
f 638 2232 2230
f 606 2299 2297
f 407 2330 2329
f 403 2324 2323
f 404 2325 2326
f 410 2332 2333
f 413 2335 2336
f 422 2344 2345
f 486 2410 2409
f 573 2497 2496
f 561 2486 2485
f 512 2434 2435
f 452 2375 2374
f 448 2369 2368
f 449 2370 2371
f 455 2377 2378
f 458 2380 2381
f 470 2393 2392
f 437 2359 2360
f 494 2415 2416
f 531 2455 2456
f 539 2461 2460
f 568 2489 2488
f 478 2399 2398
f 419 2341 2340
f 509 2431 2430
f 554 2476 2475
f 482 2405 2404
f 576 2500 2501
f 558 2481 2482
f 516 2439 2440
f 425 2348 2347
f 542 2465 2464
f 463 2383 2384
f 434 2356 2355
f 497 2420 2419
f 528 2452 2451
f 546 2471 2470
f 464 2386 2385
f 440 2363 2362
f 500 2422 2423
f 524 2445 2446
f 479 2400 2401
f 418 2338 2339
f 508 2428 2429
f 553 2473 2474
f 569 2490 2491
f 538 2458 2459
f 471 2394 2395
f 443 2366 2365
f 501 2425 2424
f 523 2444 2443
f 467 2389 2390
f 433 2353 2354
f 493 2414 2413
f 527 2449 2450
f 543 2466 2467
f 485 2407 2408
f 572 2494 2495
f 557 2480 2479
f 515 2438 2437
f 428 2351 2350
f 591 2510 2511
f 587 2504 2505
f 588 2508 2507
f 594 2514 2513
f 597 2517 2516
f 600 2520 2519
f 634 2554 2556
f 619 2539 2540
f 639 2560 2561
f 602 2523 2521
f 624 2543 2544
f 608 2527 2529
f 610 2532 2530
f 627 2547 2546
f 630 2550 2549
f 635 2552 2553
f 615 2535 2534
f 617 2538 2536
f 637 2558 2557
f 604 2524 2525
f 167 1607 647
f 164 1603 644
f 163 1604 643
f 165 1610 645
f 166 1613 646
f 169 1622 649
f 192 1686 672
f 222 1773 702
f 216 1761 696
f 199 1712 679
f 182 1652 662
f 179 1648 659
f 178 1649 658
f 180 1655 660
f 181 1658 661
f 186 1670 666
f 174 1637 654
f 193 1694 673
f 205 1731 685
f 212 1739 692
f 221 1768 701
f 189 1678 669
f 170 1619 650
f 202 1709 682
f 217 1754 697
f 191 1682 671
f 220 1776 700
f 214 1758 694
f 200 1716 680
f 171 1625 651
f 210 1742 690
f 183 1663 663
f 175 1634 655
f 196 1697 676
f 207 1728 687
f 211 1746 691
f 187 1664 667
f 176 1640 656
f 195 1700 675
f 203 1724 683
f 188 1679 668
f 168 1618 648
f 198 1708 678
f 213 1753 693
f 218 1769 698
f 208 1738 688
f 185 1671 665
f 177 1643 657
f 197 1701 677
f 206 1723 686
f 184 1667 664
f 173 1633 653
f 194 1693 674
f 204 1727 684
f 209 1743 689
f 190 1685 670
f 219 1772 699
f 215 1757 695
f 201 1715 681
f 172 1628 652
f 357 2187 837
f 255 1881 735
f 262 1899 742
f 388 2277 868
f 400 2313 880
f 352 2169 832
f 347 2156 827
f 298 2010 778
f 364 2208 844
f 269 1917 749
f 339 2133 819
f 285 1971 765
f 293 1989 773
f 370 2223 850
f 396 2300 876
f 353 2174 833
f 346 2151 826
f 299 2007 779
f 365 2205 845
f 268 1920 748
f 249 1855 729
f 231 1801 711
f 226 1784 706
f 238 1820 718
f 244 1838 724
f 257 1874 737
f 359 2180 839
f 402 2310 882
f 390 2274 870
f 264 1896 744
f 327 2089 807
f 309 2035 789
f 282 1950 762
f 317 2054 797
f 322 2072 802
f 341 2126 821
f 286 1964 766
f 294 1986 774
f 372 2220 852
f 394 2291 874
f 358 2183 838
f 256 1877 736
f 261 1891 741
f 387 2269 867
f 399 2305 879
f 351 2161 831
f 348 2148 828
f 300 2004 780
f 366 2202 846
f 267 1909 747
f 340 2129 820
f 287 1967 767
f 291 1981 771
f 369 2215 849
f 395 2288 875
f 354 2166 834
f 345 2143 825
f 297 1999 777
f 363 2197 843
f 270 1914 750
f 234 1806 714
f 227 1787 707
f 239 1823 719
f 245 1841 725
f 252 1860 732
f 275 1931 755
f 334 2108 814
f 304 2018 784
f 377 2234 857
f 382 2255 862
f 312 2040 792
f 279 1945 759
f 316 2057 796
f 323 2075 803
f 330 2094 810
f 335 2111 815
f 305 2021 785
f 376 2237 856
f 383 2252 863
f 274 1928 754
f 232 1812 712
f 225 1791 705
f 237 1827 717
f 243 1845 723
f 250 1866 730
f 273 1935 753
f 336 2118 816
f 306 2028 786
f 378 2246 858
f 381 2259 861
f 311 2048 791
f 281 1953 761
f 315 2061 795
f 321 2079 801
f 328 2100 808
f 333 2115 813
f 303 2025 783
f 375 2241 855
f 384 2264 864
f 276 1938 756
f 229 1802 709
f 223 1783 703
f 235 1819 715
f 241 1837 721
f 247 1856 727
f 271 1927 751
f 332 2112 812
f 302 2022 782
f 374 2238 854
f 379 2251 859
f 307 2036 787
f 278 1949 758
f 313 2053 793
f 319 2071 799
f 325 2090 805
f 331 2107 811
f 301 2017 781
f 373 2233 853
f 380 2256 860
f 272 1932 752
f 248 1859 728
f 230 1805 710
f 224 1788 704
f 236 1824 716
f 242 1842 722
f 254 1878 734
f 356 2184 836
f 397 2306 877
f 385 2270 865
f 259 1892 739
f 326 2093 806
f 308 2039 788
f 277 1946 757
f 314 2058 794
f 320 2076 800
f 338 2130 818
f 284 1968 764
f 289 1982 769
f 367 2216 847
f 391 2287 871
f 355 2179 835
f 253 1873 733
f 260 1895 740
f 386 2273 866
f 398 2309 878
f 350 2165 830
f 343 2144 823
f 295 2000 775
f 361 2198 841
f 266 1913 746
f 337 2125 817
f 283 1963 763
f 290 1985 770
f 368 2219 848
f 392 2292 872
f 349 2162 829
f 344 2147 824
f 296 2003 776
f 362 2201 842
f 265 1910 745
f 251 1863 731
f 233 1809 713
f 228 1794 708
f 240 1830 720
f 246 1848 726
f 258 1886 738
f 360 2192 840
f 401 2318 881
f 389 2282 869
f 263 1904 743
f 329 2097 809
f 310 2043 790
f 280 1956 760
f 318 2066 798
f 324 2082 804
f 342 2138 822
f 288 1974 768
f 292 1992 772
f 371 2228 851
f 393 2295 873
f 409 2331 1269
f 405 2327 1245
f 411 2328 1252
f 414 2334 1288
f 417 2337 1306
f 431 2346 1336
f 488 2412 1551
f 575 2499 1473
f 563 2487 1599
f 519 2436 1354
f 454 2376 1479
f 450 2372 1401
f 456 2373 1408
f 459 2379 1492
f 462 2382 1504
f 472 2396 1533
f 446 2361 1414
f 506 2418 1444
f 535 2457 1594
f 541 2463 1383
f 570 2492 1323
f 480 2402 1275
f 421 2343 1263
f 511 2433 1299
f 556 2478 1317
f 484 2406 1341
f 580 2502 1564
f 567 2484 1462
f 522 2442 1588
f 427 2349 1347
f 544 2468 1521
f 468 2387 1420
f 436 2358 1395
f 499 2421 1497
f 530 2454 1515
f 548 2472 1557
f 466 2388 1425
f 442 2364 1431
f 505 2426 1570
f 536 2448 1372
f 491 2403 1282
f 423 2342 1258
f 513 2432 1294
f 564 2477 1312
f 581 2493 1330
f 549 2462 1378
f 477 2397 1540
f 445 2367 1449
f 503 2427 1575
f 525 2447 1365
f 474 2391 1486
f 438 2357 1390
f 495 2417 1437
f 532 2453 1510
f 552 2469 1528
f 490 2411 1546
f 577 2498 1468
f 559 2483 1455
f 517 2441 1581
f 430 2352 1359
f 590 2509 1272
f 584 2503 1248
f 585 2506 1253
f 592 2512 1289
f 595 2515 1307
f 598 2518 1337
f 636 2555 1554
f 621 2541 1476
f 642 2562 1602
f 601 2522 1355
f 623 2542 1482
f 611 2528 1404
f 609 2531 1409
f 625 2545 1493
f 628 2548 1505
f 632 2551 1536
f 613 2533 1415
f 616 2537 1445
f 638 2559 1595
f 606 2526 1386
f 407 1616 909
f 403 1608 891
f 404 1606 886
f 410 1612 898
f 413 1615 904
f 422 1624 922
f 486 1692 1060
f 573 1782 1240
f 561 1765 1204
f 512 1714 1102
f 452 1661 999
f 448 1653 981
f 449 1651 976
f 455 1657 988
f 458 1660 994
f 470 1675 1024
f 437 1639 952
f 494 1696 1066
f 531 1733 1138
f 539 1751 1179
f 568 1779 1233
f 478 1683 1041
f 419 1626 927
f 509 1721 1119
f 554 1766 1209
f 482 1689 1053
f 576 1778 1228
f 558 1760 1192
f 516 1718 1108
f 425 1629 933
f 542 1747 1167
f 463 1665 1005
f 434 1641 957
f 497 1704 1083
f 528 1737 1150
f 546 1750 1174
f 464 1676 1029
f 440 1644 963
f 500 1702 1077
f 524 1726 1126
f 479 1681 1036
f 418 1620 915
f 508 1710 1095
f 553 1755 1185
f 569 1771 1216
f 538 1740 1155
f 471 1673 1018
f 443 1647 970
f 501 1707 1090
f 523 1734 1143
f 467 1669 1012
f 433 1635 945
f 493 1698 1071
f 527 1729 1131
f 543 1745 1162
f 485 1687 1047
f 572 1774 1221
f 557 1762 1197
f 515 1720 1114
f 428 1632 940
f 591 2189 1284
f 587 1883 1260
f 588 1903 1296
f 594 2281 1314
f 597 2317 1332
f 600 2173 1380
f 634 2158 1542
f 619 2012 1451
f 639 2210 1577
f 602 1924 1367
f 624 2135 1488
f 608 1973 1392
f 610 1996 1439
f 627 2227 1512
f 630 2304 1530
f 635 2176 1548
f 615 2155 1470
f 617 2014 1457
f 637 2212 1583
f 604 1922 1361
f 416 1864 1270
f 408 1810 1246
f 406 1795 1251
f 412 1831 1287
f 415 1849 1305
f 424 1887 1335
f 492 2193 1552
f 582 2321 1474
f 565 2285 1600
f 514 1907 1353
f 461 2098 1480
f 453 2044 1402
f 451 1961 1407
f 457 2067 1491
f 460 2083 1503
f 475 2139 1534
f 439 1975 1413
f 496 1997 1443
f 533 2231 1593
f 551 2298 1384
f 579 2190 1324
f 483 1884 1276
f 426 1900 1264
f 521 2278 1300
f 566 2314 1318
f 489 2170 1342
f 578 2159 1563
f 560 2015 1461
f 518 2213 1587
f 429 1918 1348
f 547 2136 1522
f 465 1977 1419
f 441 1990 1396
f 504 2224 1498
f 537 2301 1516
f 550 2177 1558
f 476 2152 1426
f 444 2008 1432
f 502 2206 1569
f 526 1925 1371
f 481 1817 1281
f 420 1797 1257
f 510 1833 1293
f 555 1851 1311
f 571 1871 1329
f 540 1941 1377
f 473 2119 1539
f 447 2029 1450
f 507 2247 1576
f 534 2262 1366
f 469 2051 1485
f 435 1954 1389
f 498 2064 1438
f 529 2085 1509
f 545 2105 1527
f 487 2121 1545
f 574 2031 1467
f 562 2244 1456
f 520 2265 1582
f 432 1939 1360
f 589 1814 1271
f 583 1793 1247
f 586 1829 1254
f 593 1847 1290
f 596 1868 1308
f 599 1937 1338
f 633 2124 1553
f 620 2034 1475
f 640 2250 1601
f 603 2261 1356
f 622 2050 1481
f 607 1960 1403
f 612 2063 1410
f 626 2081 1494
f 629 2102 1506
f 631 2117 1535
f 614 2027 1416
f 618 2243 1446
f 641 2268 1596
f 605 1944 1385
f 409 1804 894
f 405 1785 887
f 411 1821 899
f 414 1839 905
f 417 1858 912
f 431 1929 941
f 488 2114 1050
f 575 2024 1224
f 563 2240 1200
f 519 2253 1115
f 454 2038 984
f 450 1951 977
f 456 2055 989
f 459 2073 995
f 462 2092 1002
f 472 2109 1019
f 446 2019 971
f 506 2235 1091
f 535 2258 1146
f 541 1934 1158
f 570 1861 1217
f 480 1807 1037
f 421 1790 918
f 511 1826 1098
f 556 1844 1188
f 484 1880 1044
f 580 2186 1236
f 567 2308 1212
f 522 2272 1122
f 427 1894 930
f 544 2095 1163
f 468 2041 1013
f 436 1948 948
f 499 2060 1074
f 530 2078 1134
f 548 2132 1170
f 466 1970 1008
f 442 1984 960
f 505 2218 1086
f 536 2289 1151
f 491 2181 1061
f 423 1875 923
f 513 1897 1103
f 564 2275 1205
f 581 2311 1241
f 549 2167 1175
f 477 2146 1032
f 445 2002 966
f 503 2200 1080
f 525 1915 1127
f 474 2127 1025
f 438 1965 953
f 495 1987 1067
f 532 2221 1139
f 552 2294 1182
f 490 2164 1056
f 577 2149 1229
f 559 2005 1193
f 517 2203 1109
f 430 1912 936
f 590 1870 1325
f 584 1816 1277
f 585 1800 1265
f 592 1836 1301
f 595 1854 1319
f 598 1890 1343
f 636 2196 1566
f 621 2320 1464
f 642 2284 1590
f 601 1906 1349
f 623 2104 1523
f 611 2047 1422
f 609 1958 1397
f 625 2070 1499
f 628 2088 1517
f 632 2142 1559
f 613 1980 1427
f 616 1994 1433
f 638 2230 1572
f 606 2297 1374
f 407 2329 892
f 403 2323 885
f 404 2326 897
f 410 2333 903
f 413 2336 910
f 422 2345 939
f 486 2409 1048
f 573 2496 1222
f 561 2485 1198
f 512 2435 1113
f 452 2374 982
f 448 2368 975
f 449 2371 987
f 455 2378 993
f 458 2381 1000
f 470 2392 1017
f 437 2360 969
f 494 2416 1089
f 531 2456 1144
f 539 2460 1156
f 568 2488 1215
f 478 2398 1035
f 419 2340 916
f 509 2430 1096
f 554 2475 1186
f 482 2404 1042
f 576 2501 1234
f 558 2482 1210
f 516 2440 1120
f 425 2347 928
f 542 2464 1161
f 463 2384 1011
f 434 2355 946
f 497 2419 1072
f 528 2451 1132
f 546 2470 1168
f 464 2385 1006
f 440 2362 958
f 500 2423 1084
f 524 2446 1149
f 479 2401 1059
f 418 2339 921
f 508 2429 1101
f 553 2474 1203
f 569 2491 1239
f 538 2459 1173
f 471 2395 1030
f 443 2365 964
f 501 2424 1078
f 523 2443 1125
f 467 2390 1023
f 433 2354 951
f 493 2413 1065
f 527 2450 1137
f 543 2467 1180
f 485 2408 1054
f 572 2495 1227
f 557 2479 1191
f 515 2437 1107
f 428 2350 934
f 591 2511 1326
f 587 2505 1278
f 588 2507 1266
f 594 2513 1302
f 597 2516 1320
f 600 2519 1344
f 634 2556 1565
f 619 2540 1463
f 639 2561 1589
f 602 2521 1350
f 624 2544 1524
f 608 2529 1421
f 610 2530 1398
f 627 2546 1500
f 630 2549 1518
f 635 2553 1560
f 615 2534 1428
f 617 2536 1434
f 637 2557 1571
f 604 2525 1373
f 164 1609 889
f 163 1605 883
f 165 1611 895
f 166 1614 901
f 167 1617 907
f 172 1631 937
f 190 1688 1045
f 219 1775 1219
f 215 1763 1195
f 201 1719 1111
f 179 1654 979
f 178 1650 973
f 180 1656 985
f 181 1659 991
f 182 1662 997
f 185 1672 1015
f 177 1646 967
f 197 1706 1087
f 206 1735 1141
f 208 1741 1153
f 218 1770 1213
f 188 1680 1033
f 168 1621 913
f 198 1711 1093
f 213 1756 1183
f 189 1684 1039
f 221 1780 1231
f 217 1767 1207
f 202 1722 1117
f 170 1627 925
f 209 1744 1159
f 184 1668 1009
f 173 1636 943
f 194 1699 1069
f 204 1730 1129
f 210 1748 1165
f 183 1666 1003
f 175 1642 955
f 196 1705 1081
f 207 1736 1147
f 192 1691 1057
f 169 1623 919
f 199 1713 1099
f 216 1764 1201
f 222 1781 1237
f 211 1749 1171
f 187 1677 1027
f 176 1645 961
f 195 1703 1075
f 203 1725 1123
f 186 1674 1021
f 174 1638 949
f 193 1695 1063
f 205 1732 1135
f 212 1752 1177
f 191 1690 1051
f 220 1777 1225
f 214 1759 1189
f 200 1717 1105
f 171 1630 931
f 358 2191 1322
f 256 1885 1274
f 261 1901 1262
f 387 2279 1298
f 399 2315 1316
f 351 2171 1340
f 348 2160 1561
f 300 2016 1459
f 366 2214 1585
f 267 1919 1346
f 340 2137 1520
f 287 1978 1417
f 291 1991 1394
f 369 2225 1496
f 395 2302 1514
f 354 2178 1556
f 345 2153 1424
f 297 2009 1430
f 363 2207 1567
f 270 1926 1369
f 247 1857 908
f 229 1803 890
f 223 1786 884
f 235 1822 896
f 241 1840 902
f 253 1876 920
f 355 2182 1058
f 398 2312 1238
f 386 2276 1202
f 260 1898 1100
f 325 2091 998
f 307 2037 980
f 278 1952 974
f 313 2056 986
f 319 2074 992
f 337 2128 1022
f 283 1966 950
f 290 1988 1064
f 368 2222 1136
f 392 2293 1178
f 356 2185 1232
f 254 1879 1040
f 259 1893 926
f 385 2271 1118
f 397 2307 1208
f 349 2163 1052
f 344 2150 1226
f 296 2006 1190
f 362 2204 1106
f 265 1911 932
f 338 2131 1166
f 284 1969 1004
f 289 1983 956
f 367 2217 1082
f 391 2290 1148
f 350 2168 1172
f 343 2145 1028
f 295 2001 962
f 361 2199 1076
f 266 1916 1124
f 230 1808 1034
f 224 1789 914
f 236 1825 1094
f 242 1843 1184
f 248 1862 1214
f 272 1933 1154
f 331 2110 1016
f 301 2020 968
f 373 2236 1088
f 380 2257 1142
f 308 2042 1010
f 277 1947 944
f 314 2059 1070
f 320 2077 1130
f 326 2096 1160
f 332 2113 1046
f 302 2023 1220
f 374 2239 1196
f 379 2254 1112
f 271 1930 938
f 234 1818 1279
f 227 1798 1255
f 239 1834 1291
f 245 1852 1309
f 252 1872 1327
f 275 1942 1375
f 334 2120 1537
f 304 2030 1448
f 377 2248 1574
f 382 2263 1364
f 312 2052 1483
f 279 1955 1387
f 316 2065 1436
f 323 2086 1507
f 330 2106 1525
f 335 2122 1543
f 305 2032 1465
f 376 2245 1454
f 383 2266 1580
f 274 1940 1358
f 232 1813 1267
f 225 1792 1243
f 237 1828 1250
f 243 1846 1286
f 250 1867 1304
f 273 1936 1334
f 336 2123 1549
f 306 2033 1471
f 378 2249 1597
f 381 2260 1352
f 311 2049 1477
f 281 1959 1399
f 315 2062 1406
f 321 2080 1490
f 328 2101 1502
f 333 2116 1531
f 303 2026 1412
f 375 2242 1442
f 384 2267 1592
f 276 1943 1381
f 251 1869 1321
f 233 1815 1273
f 228 1799 1261
f 240 1835 1297
f 246 1853 1315
f 258 1889 1339
f 360 2195 1562
f 401 2319 1460
f 389 2283 1586
f 263 1905 1345
f 329 2103 1519
f 310 2046 1418
f 280 1957 1393
f 318 2069 1495
f 324 2087 1513
f 342 2141 1555
f 288 1979 1423
f 292 1993 1429
f 371 2229 1568
f 393 2296 1370
f 357 2188 1280
f 255 1882 1256
f 262 1902 1292
f 388 2280 1310
f 400 2316 1328
f 352 2172 1376
f 347 2157 1538
f 298 2011 1447
f 364 2209 1573
f 269 1923 1363
f 339 2134 1484
f 285 1972 1388
f 293 1995 1435
f 370 2226 1508
f 396 2303 1526
f 353 2175 1544
f 346 2154 1466
f 299 2013 1453
f 365 2211 1579
f 268 1921 1357
f 249 1865 1268
f 231 1811 1244
f 226 1796 1249
f 238 1832 1285
f 244 1850 1303
f 257 1888 1333
f 359 2194 1550
f 402 2322 1472
f 390 2286 1598
f 264 1908 1351
f 327 2099 1478
f 309 2045 1400
f 282 1962 1405
f 317 2068 1489
f 322 2084 1501
f 341 2140 1532
f 286 1976 1411
f 294 1998 1441
f 372 2232 1591
f 394 2299 1382
f 416 2330 911
f 408 2324 893
f 406 2325 888
f 412 2332 900
f 415 2335 906
f 424 2344 924
f 492 2410 1062
f 582 2497 1242
f 565 2486 1206
f 514 2434 1104
f 461 2375 1001
f 453 2369 983
f 451 2370 978
f 457 2377 990
f 460 2380 996
f 475 2393 1026
f 439 2359 954
f 496 2415 1068
f 533 2455 1140
f 551 2461 1181
f 579 2489 1235
f 483 2399 1043
f 426 2341 929
f 521 2431 1121
f 566 2476 1211
f 489 2405 1055
f 578 2500 1230
f 560 2481 1194
f 518 2439 1110
f 429 2348 935
f 547 2465 1169
f 465 2383 1007
f 441 2356 959
f 504 2420 1085
f 537 2452 1152
f 550 2471 1176
f 476 2386 1031
f 444 2363 965
f 502 2422 1079
f 526 2445 1128
f 481 2400 1038
f 420 2338 917
f 510 2428 1097
f 555 2473 1187
f 571 2490 1218
f 540 2458 1157
f 473 2394 1020
f 447 2366 972
f 507 2425 1092
f 534 2444 1145
f 469 2389 1014
f 435 2353 947
f 498 2414 1073
f 529 2449 1133
f 545 2466 1164
f 487 2407 1049
f 574 2494 1223
f 562 2480 1199
f 520 2438 1116
f 432 2351 942
f 589 2510 1283
f 583 2504 1259
f 586 2508 1295
f 593 2514 1313
f 596 2517 1331
f 599 2520 1379
f 633 2554 1541
f 620 2539 1452
f 640 2560 1578
f 603 2523 1368
f 622 2543 1487
f 607 2527 1391
f 612 2532 1440
f 626 2547 1511
f 629 2550 1529
f 631 2552 1547
f 614 2535 1469
f 618 2538 1458
f 641 2558 1584
f 605 2524 1362
f 164 1607 1609
f 163 1603 1605
f 165 1604 1611
f 166 1610 1614
f 167 1613 1617
f 172 1622 1631
f 190 1686 1688
f 219 1773 1775
f 215 1761 1763
f 201 1712 1719
f 179 1652 1654
f 178 1648 1650
f 180 1649 1656
f 181 1655 1659
f 182 1658 1662
f 185 1670 1672
f 177 1637 1646
f 197 1694 1706
f 206 1731 1735
f 208 1739 1741
f 218 1768 1770
f 188 1678 1680
f 168 1619 1621
f 198 1709 1711
f 213 1754 1756
f 189 1682 1684
f 221 1776 1780
f 217 1758 1767
f 202 1716 1722
f 170 1625 1627
f 209 1742 1744
f 184 1663 1668
f 173 1634 1636
f 194 1697 1699
f 204 1728 1730
f 210 1746 1748
f 183 1664 1666
f 175 1640 1642
f 196 1700 1705
f 207 1724 1736
f 192 1679 1691
f 169 1618 1623
f 199 1708 1713
f 216 1753 1764
f 222 1769 1781
f 211 1738 1749
f 187 1671 1677
f 176 1643 1645
f 195 1701 1703
f 203 1723 1725
f 186 1667 1674
f 174 1633 1638
f 193 1693 1695
f 205 1727 1732
f 212 1743 1752
f 191 1685 1690
f 220 1772 1777
f 214 1757 1759
f 200 1715 1717
f 171 1628 1630
f 358 2187 2191
f 256 1881 1885
f 261 1899 1901
f 387 2277 2279
f 399 2313 2315
f 351 2169 2171
f 348 2156 2160
f 300 2010 2016
f 366 2208 2214
f 267 1917 1919
f 340 2133 2137
f 287 1971 1978
f 291 1989 1991
f 369 2223 2225
f 395 2300 2302
f 354 2174 2178
f 345 2151 2153
f 297 2007 2009
f 363 2205 2207
f 270 1920 1926
f 247 1855 1857
f 229 1801 1803
f 223 1784 1786
f 235 1820 1822
f 241 1838 1840
f 253 1874 1876
f 355 2180 2182
f 398 2310 2312
f 386 2274 2276
f 260 1896 1898
f 325 2089 2091
f 307 2035 2037
f 278 1950 1952
f 313 2054 2056
f 319 2072 2074
f 337 2126 2128
f 283 1964 1966
f 290 1986 1988
f 368 2220 2222
f 392 2291 2293
f 356 2183 2185
f 254 1877 1879
f 259 1891 1893
f 385 2269 2271
f 397 2305 2307
f 349 2161 2163
f 344 2148 2150
f 296 2004 2006
f 362 2202 2204
f 265 1909 1911
f 338 2129 2131
f 284 1967 1969
f 289 1981 1983
f 367 2215 2217
f 391 2288 2290
f 350 2166 2168
f 343 2143 2145
f 295 1999 2001
f 361 2197 2199
f 266 1914 1916
f 230 1806 1808
f 224 1787 1789
f 236 1823 1825
f 242 1841 1843
f 248 1860 1862
f 272 1931 1933
f 331 2108 2110
f 301 2018 2020
f 373 2234 2236
f 380 2255 2257
f 308 2040 2042
f 277 1945 1947
f 314 2057 2059
f 320 2075 2077
f 326 2094 2096
f 332 2111 2113
f 302 2021 2023
f 374 2237 2239
f 379 2252 2254
f 271 1928 1930
f 234 1812 1818
f 227 1791 1798
f 239 1827 1834
f 245 1845 1852
f 252 1866 1872
f 275 1935 1942
f 334 2118 2120
f 304 2028 2030
f 377 2246 2248
f 382 2259 2263
f 312 2048 2052
f 279 1953 1955
f 316 2061 2065
f 323 2079 2086
f 330 2100 2106
f 335 2115 2122
f 305 2025 2032
f 376 2241 2245
f 383 2264 2266
f 274 1938 1940
f 232 1802 1813
f 225 1783 1792
f 237 1819 1828
f 243 1837 1846
f 250 1856 1867
f 273 1927 1936
f 336 2112 2123
f 306 2022 2033
f 378 2238 2249
f 381 2251 2260
f 311 2036 2049
f 281 1949 1959
f 315 2053 2062
f 321 2071 2080
f 328 2090 2101
f 333 2107 2116
f 303 2017 2026
f 375 2233 2242
f 384 2256 2267
f 276 1932 1943
f 251 1859 1869
f 233 1805 1815
f 228 1788 1799
f 240 1824 1835
f 246 1842 1853
f 258 1878 1889
f 360 2184 2195
f 401 2306 2319
f 389 2270 2283
f 263 1892 1905
f 329 2093 2103
f 310 2039 2046
f 280 1946 1957
f 318 2058 2069
f 324 2076 2087
f 342 2130 2141
f 288 1968 1979
f 292 1982 1993
f 371 2216 2229
f 393 2287 2296
f 357 2179 2188
f 255 1873 1882
f 262 1895 1902
f 388 2273 2280
f 400 2309 2316
f 352 2165 2172
f 347 2144 2157
f 298 2000 2011
f 364 2198 2209
f 269 1913 1923
f 339 2125 2134
f 285 1963 1972
f 293 1985 1995
f 370 2219 2226
f 396 2292 2303
f 353 2162 2175
f 346 2147 2154
f 299 2003 2013
f 365 2201 2211
f 268 1910 1921
f 249 1863 1865
f 231 1809 1811
f 226 1794 1796
f 238 1830 1832
f 244 1848 1850
f 257 1886 1888
f 359 2192 2194
f 402 2318 2322
f 390 2282 2286
f 264 1904 1908
f 327 2097 2099
f 309 2043 2045
f 282 1956 1962
f 317 2066 2068
f 322 2082 2084
f 341 2138 2140
f 286 1974 1976
f 294 1992 1998
f 372 2228 2232
f 394 2295 2299
f 416 2331 2330
f 408 2327 2324
f 406 2328 2325
f 412 2334 2332
f 415 2337 2335
f 424 2346 2344
f 492 2412 2410
f 582 2499 2497
f 565 2487 2486
f 514 2436 2434
f 461 2376 2375
f 453 2372 2369
f 451 2373 2370
f 457 2379 2377
f 460 2382 2380
f 475 2396 2393
f 439 2361 2359
f 496 2418 2415
f 533 2457 2455
f 551 2463 2461
f 579 2492 2489
f 483 2402 2399
f 426 2343 2341
f 521 2433 2431
f 566 2478 2476
f 489 2406 2405
f 578 2502 2500
f 560 2484 2481
f 518 2442 2439
f 429 2349 2348
f 547 2468 2465
f 465 2387 2383
f 441 2358 2356
f 504 2421 2420
f 537 2454 2452
f 550 2472 2471
f 476 2388 2386
f 444 2364 2363
f 502 2426 2422
f 526 2448 2445
f 481 2403 2400
f 420 2342 2338
f 510 2432 2428
f 555 2477 2473
f 571 2493 2490
f 540 2462 2458
f 473 2397 2394
f 447 2367 2366
f 507 2427 2425
f 534 2447 2444
f 469 2391 2389
f 435 2357 2353
f 498 2417 2414
f 529 2453 2449
f 545 2469 2466
f 487 2411 2407
f 574 2498 2494
f 562 2483 2480
f 520 2441 2438
f 432 2352 2351
f 589 2509 2510
f 583 2503 2504
f 586 2506 2508
f 593 2512 2514
f 596 2515 2517
f 599 2518 2520
f 633 2555 2554
f 620 2541 2539
f 640 2562 2560
f 603 2522 2523
f 622 2542 2543
f 607 2528 2527
f 612 2531 2532
f 626 2545 2547
f 629 2548 2550
f 631 2551 2552
f 614 2533 2535
f 618 2537 2538
f 641 2559 2558
f 605 2526 2524
f 164 644 1607
f 163 643 1603
f 165 645 1604
f 166 646 1610
f 167 647 1613
f 172 652 1622
f 190 670 1686
f 219 699 1773
f 215 695 1761
f 201 681 1712
f 179 659 1652
f 178 658 1648
f 180 660 1649
f 181 661 1655
f 182 662 1658
f 185 665 1670
f 177 657 1637
f 197 677 1694
f 206 686 1731
f 208 688 1739
f 218 698 1768
f 188 668 1678
f 168 648 1619
f 198 678 1709
f 213 693 1754
f 189 669 1682
f 221 701 1776
f 217 697 1758
f 202 682 1716
f 170 650 1625
f 209 689 1742
f 184 664 1663
f 173 653 1634
f 194 674 1697
f 204 684 1728
f 210 690 1746
f 183 663 1664
f 175 655 1640
f 196 676 1700
f 207 687 1724
f 192 672 1679
f 169 649 1618
f 199 679 1708
f 216 696 1753
f 222 702 1769
f 211 691 1738
f 187 667 1671
f 176 656 1643
f 195 675 1701
f 203 683 1723
f 186 666 1667
f 174 654 1633
f 193 673 1693
f 205 685 1727
f 212 692 1743
f 191 671 1685
f 220 700 1772
f 214 694 1757
f 200 680 1715
f 171 651 1628
f 358 838 2187
f 256 736 1881
f 261 741 1899
f 387 867 2277
f 399 879 2313
f 351 831 2169
f 348 828 2156
f 300 780 2010
f 366 846 2208
f 267 747 1917
f 340 820 2133
f 287 767 1971
f 291 771 1989
f 369 849 2223
f 395 875 2300
f 354 834 2174
f 345 825 2151
f 297 777 2007
f 363 843 2205
f 270 750 1920
f 247 727 1855
f 229 709 1801
f 223 703 1784
f 235 715 1820
f 241 721 1838
f 253 733 1874
f 355 835 2180
f 398 878 2310
f 386 866 2274
f 260 740 1896
f 325 805 2089
f 307 787 2035
f 278 758 1950
f 313 793 2054
f 319 799 2072
f 337 817 2126
f 283 763 1964
f 290 770 1986
f 368 848 2220
f 392 872 2291
f 356 836 2183
f 254 734 1877
f 259 739 1891
f 385 865 2269
f 397 877 2305
f 349 829 2161
f 344 824 2148
f 296 776 2004
f 362 842 2202
f 265 745 1909
f 338 818 2129
f 284 764 1967
f 289 769 1981
f 367 847 2215
f 391 871 2288
f 350 830 2166
f 343 823 2143
f 295 775 1999
f 361 841 2197
f 266 746 1914
f 230 710 1806
f 224 704 1787
f 236 716 1823
f 242 722 1841
f 248 728 1860
f 272 752 1931
f 331 811 2108
f 301 781 2018
f 373 853 2234
f 380 860 2255
f 308 788 2040
f 277 757 1945
f 314 794 2057
f 320 800 2075
f 326 806 2094
f 332 812 2111
f 302 782 2021
f 374 854 2237
f 379 859 2252
f 271 751 1928
f 234 714 1812
f 227 707 1791
f 239 719 1827
f 245 725 1845
f 252 732 1866
f 275 755 1935
f 334 814 2118
f 304 784 2028
f 377 857 2246
f 382 862 2259
f 312 792 2048
f 279 759 1953
f 316 796 2061
f 323 803 2079
f 330 810 2100
f 335 815 2115
f 305 785 2025
f 376 856 2241
f 383 863 2264
f 274 754 1938
f 232 712 1802
f 225 705 1783
f 237 717 1819
f 243 723 1837
f 250 730 1856
f 273 753 1927
f 336 816 2112
f 306 786 2022
f 378 858 2238
f 381 861 2251
f 311 791 2036
f 281 761 1949
f 315 795 2053
f 321 801 2071
f 328 808 2090
f 333 813 2107
f 303 783 2017
f 375 855 2233
f 384 864 2256
f 276 756 1932
f 251 731 1859
f 233 713 1805
f 228 708 1788
f 240 720 1824
f 246 726 1842
f 258 738 1878
f 360 840 2184
f 401 881 2306
f 389 869 2270
f 263 743 1892
f 329 809 2093
f 310 790 2039
f 280 760 1946
f 318 798 2058
f 324 804 2076
f 342 822 2130
f 288 768 1968
f 292 772 1982
f 371 851 2216
f 393 873 2287
f 357 837 2179
f 255 735 1873
f 262 742 1895
f 388 868 2273
f 400 880 2309
f 352 832 2165
f 347 827 2144
f 298 778 2000
f 364 844 2198
f 269 749 1913
f 339 819 2125
f 285 765 1963
f 293 773 1985
f 370 850 2219
f 396 876 2292
f 353 833 2162
f 346 826 2147
f 299 779 2003
f 365 845 2201
f 268 748 1910
f 249 729 1863
f 231 711 1809
f 226 706 1794
f 238 718 1830
f 244 724 1848
f 257 737 1886
f 359 839 2192
f 402 882 2318
f 390 870 2282
f 264 744 1904
f 327 807 2097
f 309 789 2043
f 282 762 1956
f 317 797 2066
f 322 802 2082
f 341 821 2138
f 286 766 1974
f 294 774 1992
f 372 852 2228
f 394 874 2295
f 416 1270 2331
f 408 1246 2327
f 406 1251 2328
f 412 1287 2334
f 415 1305 2337
f 424 1335 2346
f 492 1552 2412
f 582 1474 2499
f 565 1600 2487
f 514 1353 2436
f 461 1480 2376
f 453 1402 2372
f 451 1407 2373
f 457 1491 2379
f 460 1503 2382
f 475 1534 2396
f 439 1413 2361
f 496 1443 2418
f 533 1593 2457
f 551 1384 2463
f 579 1324 2492
f 483 1276 2402
f 426 1264 2343
f 521 1300 2433
f 566 1318 2478
f 489 1342 2406
f 578 1563 2502
f 560 1461 2484
f 518 1587 2442
f 429 1348 2349
f 547 1522 2468
f 465 1419 2387
f 441 1396 2358
f 504 1498 2421
f 537 1516 2454
f 550 1558 2472
f 476 1426 2388
f 444 1432 2364
f 502 1569 2426
f 526 1371 2448
f 481 1281 2403
f 420 1257 2342
f 510 1293 2432
f 555 1311 2477
f 571 1329 2493
f 540 1377 2462
f 473 1539 2397
f 447 1450 2367
f 507 1576 2427
f 534 1366 2447
f 469 1485 2391
f 435 1389 2357
f 498 1438 2417
f 529 1509 2453
f 545 1527 2469
f 487 1545 2411
f 574 1467 2498
f 562 1456 2483
f 520 1582 2441
f 432 1360 2352
f 589 1271 2509
f 583 1247 2503
f 586 1254 2506
f 593 1290 2512
f 596 1308 2515
f 599 1338 2518
f 633 1553 2555
f 620 1475 2541
f 640 1601 2562
f 603 1356 2522
f 622 1481 2542
f 607 1403 2528
f 612 1410 2531
f 626 1494 2545
f 629 1506 2548
f 631 1535 2551
f 614 1416 2533
f 618 1446 2537
f 641 1596 2559
f 605 1385 2526
f 167 907 1616
f 164 889 1608
f 163 883 1606
f 165 895 1612
f 166 901 1615
f 169 919 1624
f 192 1057 1692
f 222 1237 1782
f 216 1201 1765
f 199 1099 1714
f 182 997 1661
f 179 979 1653
f 178 973 1651
f 180 985 1657
f 181 991 1660
f 186 1021 1675
f 174 949 1639
f 193 1063 1696
f 205 1135 1733
f 212 1177 1751
f 221 1231 1779
f 189 1039 1683
f 170 925 1626
f 202 1117 1721
f 217 1207 1766
f 191 1051 1689
f 220 1225 1778
f 214 1189 1760
f 200 1105 1718
f 171 931 1629
f 210 1165 1747
f 183 1003 1665
f 175 955 1641
f 196 1081 1704
f 207 1147 1737
f 211 1171 1750
f 187 1027 1676
f 176 961 1644
f 195 1075 1702
f 203 1123 1726
f 188 1033 1681
f 168 913 1620
f 198 1093 1710
f 213 1183 1755
f 218 1213 1771
f 208 1153 1740
f 185 1015 1673
f 177 967 1647
f 197 1087 1707
f 206 1141 1734
f 184 1009 1669
f 173 943 1635
f 194 1069 1698
f 204 1129 1729
f 209 1159 1745
f 190 1045 1687
f 219 1219 1774
f 215 1195 1762
f 201 1111 1720
f 172 937 1632
f 357 1280 2189
f 255 1256 1883
f 262 1292 1903
f 388 1310 2281
f 400 1328 2317
f 352 1376 2173
f 347 1538 2158
f 298 1447 2012
f 364 1573 2210
f 269 1363 1924
f 339 1484 2135
f 285 1388 1973
f 293 1435 1996
f 370 1508 2227
f 396 1526 2304
f 353 1544 2176
f 346 1466 2155
f 299 1453 2014
f 365 1579 2212
f 268 1357 1922
f 249 1268 1864
f 231 1244 1810
f 226 1249 1795
f 238 1285 1831
f 244 1303 1849
f 257 1333 1887
f 359 1550 2193
f 402 1472 2321
f 390 1598 2285
f 264 1351 1907
f 327 1478 2098
f 309 1400 2044
f 282 1405 1961
f 317 1489 2067
f 322 1501 2083
f 341 1532 2139
f 286 1411 1975
f 294 1441 1997
f 372 1591 2231
f 394 1382 2298
f 358 1322 2190
f 256 1274 1884
f 261 1262 1900
f 387 1298 2278
f 399 1316 2314
f 351 1340 2170
f 348 1561 2159
f 300 1459 2015
f 366 1585 2213
f 267 1346 1918
f 340 1520 2136
f 287 1417 1977
f 291 1394 1990
f 369 1496 2224
f 395 1514 2301
f 354 1556 2177
f 345 1424 2152
f 297 1430 2008
f 363 1567 2206
f 270 1369 1925
f 234 1279 1817
f 227 1255 1797
f 239 1291 1833
f 245 1309 1851
f 252 1327 1871
f 275 1375 1941
f 334 1537 2119
f 304 1448 2029
f 377 1574 2247
f 382 1364 2262
f 312 1483 2051
f 279 1387 1954
f 316 1436 2064
f 323 1507 2085
f 330 1525 2105
f 335 1543 2121
f 305 1465 2031
f 376 1454 2244
f 383 1580 2265
f 274 1358 1939
f 232 1267 1814
f 225 1243 1793
f 237 1250 1829
f 243 1286 1847
f 250 1304 1868
f 273 1334 1937
f 336 1549 2124
f 306 1471 2034
f 378 1597 2250
f 381 1352 2261
f 311 1477 2050
f 281 1399 1960
f 315 1406 2063
f 321 1490 2081
f 328 1502 2102
f 333 1531 2117
f 303 1412 2027
f 375 1442 2243
f 384 1592 2268
f 276 1381 1944
f 229 890 1804
f 223 884 1785
f 235 896 1821
f 241 902 1839
f 247 908 1858
f 271 938 1929
f 332 1046 2114
f 302 1220 2024
f 374 1196 2240
f 379 1112 2253
f 307 980 2038
f 278 974 1951
f 313 986 2055
f 319 992 2073
f 325 998 2092
f 331 1016 2109
f 301 968 2019
f 373 1088 2235
f 380 1142 2258
f 272 1154 1934
f 248 1214 1861
f 230 1034 1807
f 224 914 1790
f 236 1094 1826
f 242 1184 1844
f 254 1040 1880
f 356 1232 2186
f 397 1208 2308
f 385 1118 2272
f 259 926 1894
f 326 1160 2095
f 308 1010 2041
f 277 944 1948
f 314 1070 2060
f 320 1130 2078
f 338 1166 2132
f 284 1004 1970
f 289 956 1984
f 367 1082 2218
f 391 1148 2289
f 355 1058 2181
f 253 920 1875
f 260 1100 1897
f 386 1202 2275
f 398 1238 2311
f 350 1172 2167
f 343 1028 2146
f 295 962 2002
f 361 1076 2200
f 266 1124 1915
f 337 1022 2127
f 283 950 1965
f 290 1064 1987
f 368 1136 2221
f 392 1178 2294
f 349 1052 2164
f 344 1226 2149
f 296 1190 2005
f 362 1106 2203
f 265 932 1912
f 251 1321 1870
f 233 1273 1816
f 228 1261 1800
f 240 1297 1836
f 246 1315 1854
f 258 1339 1890
f 360 1562 2196
f 401 1460 2320
f 389 1586 2284
f 263 1345 1906
f 329 1519 2104
f 310 1418 2047
f 280 1393 1958
f 318 1495 2070
f 324 1513 2088
f 342 1555 2142
f 288 1423 1980
f 292 1429 1994
f 371 1568 2230
f 393 1370 2297
f 409 894 2329
f 405 887 2323
f 411 899 2326
f 414 905 2333
f 417 912 2336
f 431 941 2345
f 488 1050 2409
f 575 1224 2496
f 563 1200 2485
f 519 1115 2435
f 454 984 2374
f 450 977 2368
f 456 989 2371
f 459 995 2378
f 462 1002 2381
f 472 1019 2392
f 446 971 2360
f 506 1091 2416
f 535 1146 2456
f 541 1158 2460
f 570 1217 2488
f 480 1037 2398
f 421 918 2340
f 511 1098 2430
f 556 1188 2475
f 484 1044 2404
f 580 1236 2501
f 567 1212 2482
f 522 1122 2440
f 427 930 2347
f 544 1163 2464
f 468 1013 2384
f 436 948 2355
f 499 1074 2419
f 530 1134 2451
f 548 1170 2470
f 466 1008 2385
f 442 960 2362
f 505 1086 2423
f 536 1151 2446
f 491 1061 2401
f 423 923 2339
f 513 1103 2429
f 564 1205 2474
f 581 1241 2491
f 549 1175 2459
f 477 1032 2395
f 445 966 2365
f 503 1080 2424
f 525 1127 2443
f 474 1025 2390
f 438 953 2354
f 495 1067 2413
f 532 1139 2450
f 552 1182 2467
f 490 1056 2408
f 577 1229 2495
f 559 1193 2479
f 517 1109 2437
f 430 936 2350
f 590 1325 2511
f 584 1277 2505
f 585 1265 2507
f 592 1301 2513
f 595 1319 2516
f 598 1343 2519
f 636 1566 2556
f 621 1464 2540
f 642 1590 2561
f 601 1349 2521
f 623 1523 2544
f 611 1422 2529
f 609 1397 2530
f 625 1499 2546
f 628 1517 2549
f 632 1559 2553
f 613 1427 2534
f 616 1433 2536
f 638 1572 2557
f 606 1374 2525
f 407 892 1609
f 403 885 1605
f 404 897 1611
f 410 903 1614
f 413 910 1617
f 422 939 1631
f 486 1048 1688
f 573 1222 1775
f 561 1198 1763
f 512 1113 1719
f 452 982 1654
f 448 975 1650
f 449 987 1656
f 455 993 1659
f 458 1000 1662
f 470 1017 1672
f 437 969 1646
f 494 1089 1706
f 531 1144 1735
f 539 1156 1741
f 568 1215 1770
f 478 1035 1680
f 419 916 1621
f 509 1096 1711
f 554 1186 1756
f 482 1042 1684
f 576 1234 1780
f 558 1210 1767
f 516 1120 1722
f 425 928 1627
f 542 1161 1744
f 463 1011 1668
f 434 946 1636
f 497 1072 1699
f 528 1132 1730
f 546 1168 1748
f 464 1006 1666
f 440 958 1642
f 500 1084 1705
f 524 1149 1736
f 479 1059 1691
f 418 921 1623
f 508 1101 1713
f 553 1203 1764
f 569 1239 1781
f 538 1173 1749
f 471 1030 1677
f 443 964 1645
f 501 1078 1703
f 523 1125 1725
f 467 1023 1674
f 433 951 1638
f 493 1065 1695
f 527 1137 1732
f 543 1180 1752
f 485 1054 1690
f 572 1227 1777
f 557 1191 1759
f 515 1107 1717
f 428 934 1630
f 591 1326 2191
f 587 1278 1885
f 588 1266 1901
f 594 1302 2279
f 597 1320 2315
f 600 1344 2171
f 634 1565 2160
f 619 1463 2016
f 639 1589 2214
f 602 1350 1919
f 624 1524 2137
f 608 1421 1978
f 610 1398 1991
f 627 1500 2225
f 630 1518 2302
f 635 1560 2178
f 615 1428 2153
f 617 1434 2009
f 637 1571 2207
f 604 1373 1926
f 416 911 1857
f 408 893 1803
f 406 888 1786
f 412 900 1822
f 415 906 1840
f 424 924 1876
f 492 1062 2182
f 582 1242 2312
f 565 1206 2276
f 514 1104 1898
f 461 1001 2091
f 453 983 2037
f 451 978 1952
f 457 990 2056
f 460 996 2074
f 475 1026 2128
f 439 954 1966
f 496 1068 1988
f 533 1140 2222
f 551 1181 2293
f 579 1235 2185
f 483 1043 1879
f 426 929 1893
f 521 1121 2271
f 566 1211 2307
f 489 1055 2163
f 578 1230 2150
f 560 1194 2006
f 518 1110 2204
f 429 935 1911
f 547 1169 2131
f 465 1007 1969
f 441 959 1983
f 504 1085 2217
f 537 1152 2290
f 550 1176 2168
f 476 1031 2145
f 444 965 2001
f 502 1079 2199
f 526 1128 1916
f 481 1038 1808
f 420 917 1789
f 510 1097 1825
f 555 1187 1843
f 571 1218 1862
f 540 1157 1933
f 473 1020 2110
f 447 972 2020
f 507 1092 2236
f 534 1145 2257
f 469 1014 2042
f 435 947 1947
f 498 1073 2059
f 529 1133 2077
f 545 1164 2096
f 487 1049 2113
f 574 1223 2023
f 562 1199 2239
f 520 1116 2254
f 432 942 1930
f 589 1283 1818
f 583 1259 1798
f 586 1295 1834
f 593 1313 1852
f 596 1331 1872
f 599 1379 1942
f 633 1541 2120
f 620 1452 2030
f 640 1578 2248
f 603 1368 2263
f 622 1487 2052
f 607 1391 1955
f 612 1440 2065
f 626 1511 2086
f 629 1529 2106
f 631 1547 2122
f 614 1469 2032
f 618 1458 2245
f 641 1584 2266
f 605 1362 1940
f 409 1269 1813
f 405 1245 1792
f 411 1252 1828
f 414 1288 1846
f 417 1306 1867
f 431 1336 1936
f 488 1551 2123
f 575 1473 2033
f 563 1599 2249
f 519 1354 2260
f 454 1479 2049
f 450 1401 1959
f 456 1408 2062
f 459 1492 2080
f 462 1504 2101
f 472 1533 2116
f 446 1414 2026
f 506 1444 2242
f 535 1594 2267
f 541 1383 1943
f 570 1323 1869
f 480 1275 1815
f 421 1263 1799
f 511 1299 1835
f 556 1317 1853
f 484 1341 1889
f 580 1564 2195
f 567 1462 2319
f 522 1588 2283
f 427 1347 1905
f 544 1521 2103
f 468 1420 2046
f 436 1395 1957
f 499 1497 2069
f 530 1515 2087
f 548 1557 2141
f 466 1425 1979
f 442 1431 1993
f 505 1570 2229
f 536 1372 2296
f 491 1282 2188
f 423 1258 1882
f 513 1294 1902
f 564 1312 2280
f 581 1330 2316
f 549 1378 2172
f 477 1540 2157
f 445 1449 2011
f 503 1575 2209
f 525 1365 1923
f 474 1486 2134
f 438 1390 1972
f 495 1437 1995
f 532 1510 2226
f 552 1528 2303
f 490 1546 2175
f 577 1468 2154
f 559 1455 2013
f 517 1581 2211
f 430 1359 1921
f 590 1272 1865
f 584 1248 1811
f 585 1253 1796
f 592 1289 1832
f 595 1307 1850
f 598 1337 1888
f 636 1554 2194
f 621 1476 2322
f 642 1602 2286
f 601 1355 1908
f 623 1482 2099
f 611 1404 2045
f 609 1409 1962
f 625 1493 2068
f 628 1505 2084
f 632 1536 2140
f 613 1415 1976
f 616 1445 1998
f 638 1595 2232
f 606 1386 2299
f 407 909 2330
f 403 891 2324
f 404 886 2325
f 410 898 2332
f 413 904 2335
f 422 922 2344
f 486 1060 2410
f 573 1240 2497
f 561 1204 2486
f 512 1102 2434
f 452 999 2375
f 448 981 2369
f 449 976 2370
f 455 988 2377
f 458 994 2380
f 470 1024 2393
f 437 952 2359
f 494 1066 2415
f 531 1138 2455
f 539 1179 2461
f 568 1233 2489
f 478 1041 2399
f 419 927 2341
f 509 1119 2431
f 554 1209 2476
f 482 1053 2405
f 576 1228 2500
f 558 1192 2481
f 516 1108 2439
f 425 933 2348
f 542 1167 2465
f 463 1005 2383
f 434 957 2356
f 497 1083 2420
f 528 1150 2452
f 546 1174 2471
f 464 1029 2386
f 440 963 2363
f 500 1077 2422
f 524 1126 2445
f 479 1036 2400
f 418 915 2338
f 508 1095 2428
f 553 1185 2473
f 569 1216 2490
f 538 1155 2458
f 471 1018 2394
f 443 970 2366
f 501 1090 2425
f 523 1143 2444
f 467 1012 2389
f 433 945 2353
f 493 1071 2414
f 527 1131 2449
f 543 1162 2466
f 485 1047 2407
f 572 1221 2494
f 557 1197 2480
f 515 1114 2438
f 428 940 2351
f 591 1284 2510
f 587 1260 2504
f 588 1296 2508
f 594 1314 2514
f 597 1332 2517
f 600 1380 2520
f 634 1542 2554
f 619 1451 2539
f 639 1577 2560
f 602 1367 2523
f 624 1488 2543
f 608 1392 2527
f 610 1439 2532
f 627 1512 2547
f 630 1530 2550
f 635 1548 2552
f 615 1470 2535
f 617 1457 2538
f 637 1583 2558
f 604 1361 2524
f 167 1616 1607
f 164 1608 1603
f 163 1606 1604
f 165 1612 1610
f 166 1615 1613
f 169 1624 1622
f 192 1692 1686
f 222 1782 1773
f 216 1765 1761
f 199 1714 1712
f 182 1661 1652
f 179 1653 1648
f 178 1651 1649
f 180 1657 1655
f 181 1660 1658
f 186 1675 1670
f 174 1639 1637
f 193 1696 1694
f 205 1733 1731
f 212 1751 1739
f 221 1779 1768
f 189 1683 1678
f 170 1626 1619
f 202 1721 1709
f 217 1766 1754
f 191 1689 1682
f 220 1778 1776
f 214 1760 1758
f 200 1718 1716
f 171 1629 1625
f 210 1747 1742
f 183 1665 1663
f 175 1641 1634
f 196 1704 1697
f 207 1737 1728
f 211 1750 1746
f 187 1676 1664
f 176 1644 1640
f 195 1702 1700
f 203 1726 1724
f 188 1681 1679
f 168 1620 1618
f 198 1710 1708
f 213 1755 1753
f 218 1771 1769
f 208 1740 1738
f 185 1673 1671
f 177 1647 1643
f 197 1707 1701
f 206 1734 1723
f 184 1669 1667
f 173 1635 1633
f 194 1698 1693
f 204 1729 1727
f 209 1745 1743
f 190 1687 1685
f 219 1774 1772
f 215 1762 1757
f 201 1720 1715
f 172 1632 1628
f 357 2189 2187
f 255 1883 1881
f 262 1903 1899
f 388 2281 2277
f 400 2317 2313
f 352 2173 2169
f 347 2158 2156
f 298 2012 2010
f 364 2210 2208
f 269 1924 1917
f 339 2135 2133
f 285 1973 1971
f 293 1996 1989
f 370 2227 2223
f 396 2304 2300
f 353 2176 2174
f 346 2155 2151
f 299 2014 2007
f 365 2212 2205
f 268 1922 1920
f 249 1864 1855
f 231 1810 1801
f 226 1795 1784
f 238 1831 1820
f 244 1849 1838
f 257 1887 1874
f 359 2193 2180
f 402 2321 2310
f 390 2285 2274
f 264 1907 1896
f 327 2098 2089
f 309 2044 2035
f 282 1961 1950
f 317 2067 2054
f 322 2083 2072
f 341 2139 2126
f 286 1975 1964
f 294 1997 1986
f 372 2231 2220
f 394 2298 2291
f 358 2190 2183
f 256 1884 1877
f 261 1900 1891
f 387 2278 2269
f 399 2314 2305
f 351 2170 2161
f 348 2159 2148
f 300 2015 2004
f 366 2213 2202
f 267 1918 1909
f 340 2136 2129
f 287 1977 1967
f 291 1990 1981
f 369 2224 2215
f 395 2301 2288
f 354 2177 2166
f 345 2152 2143
f 297 2008 1999
f 363 2206 2197
f 270 1925 1914
f 234 1817 1806
f 227 1797 1787
f 239 1833 1823
f 245 1851 1841
f 252 1871 1860
f 275 1941 1931
f 334 2119 2108
f 304 2029 2018
f 377 2247 2234
f 382 2262 2255
f 312 2051 2040
f 279 1954 1945
f 316 2064 2057
f 323 2085 2075
f 330 2105 2094
f 335 2121 2111
f 305 2031 2021
f 376 2244 2237
f 383 2265 2252
f 274 1939 1928
f 232 1814 1812
f 225 1793 1791
f 237 1829 1827
f 243 1847 1845
f 250 1868 1866
f 273 1937 1935
f 336 2124 2118
f 306 2034 2028
f 378 2250 2246
f 381 2261 2259
f 311 2050 2048
f 281 1960 1953
f 315 2063 2061
f 321 2081 2079
f 328 2102 2100
f 333 2117 2115
f 303 2027 2025
f 375 2243 2241
f 384 2268 2264
f 276 1944 1938
f 229 1804 1802
f 223 1785 1783
f 235 1821 1819
f 241 1839 1837
f 247 1858 1856
f 271 1929 1927
f 332 2114 2112
f 302 2024 2022
f 374 2240 2238
f 379 2253 2251
f 307 2038 2036
f 278 1951 1949
f 313 2055 2053
f 319 2073 2071
f 325 2092 2090
f 331 2109 2107
f 301 2019 2017
f 373 2235 2233
f 380 2258 2256
f 272 1934 1932
f 248 1861 1859
f 230 1807 1805
f 224 1790 1788
f 236 1826 1824
f 242 1844 1842
f 254 1880 1878
f 356 2186 2184
f 397 2308 2306
f 385 2272 2270
f 259 1894 1892
f 326 2095 2093
f 308 2041 2039
f 277 1948 1946
f 314 2060 2058
f 320 2078 2076
f 338 2132 2130
f 284 1970 1968
f 289 1984 1982
f 367 2218 2216
f 391 2289 2287
f 355 2181 2179
f 253 1875 1873
f 260 1897 1895
f 386 2275 2273
f 398 2311 2309
f 350 2167 2165
f 343 2146 2144
f 295 2002 2000
f 361 2200 2198
f 266 1915 1913
f 337 2127 2125
f 283 1965 1963
f 290 1987 1985
f 368 2221 2219
f 392 2294 2292
f 349 2164 2162
f 344 2149 2147
f 296 2005 2003
f 362 2203 2201
f 265 1912 1910
f 251 1870 1863
f 233 1816 1809
f 228 1800 1794
f 240 1836 1830
f 246 1854 1848
f 258 1890 1886
f 360 2196 2192
f 401 2320 2318
f 389 2284 2282
f 263 1906 1904
f 329 2104 2097
f 310 2047 2043
f 280 1958 1956
f 318 2070 2066
f 324 2088 2082
f 342 2142 2138
f 288 1980 1974
f 292 1994 1992
f 371 2230 2228
f 393 2297 2295
f 409 2329 2331
f 405 2323 2327
f 411 2326 2328
f 414 2333 2334
f 417 2336 2337
f 431 2345 2346
f 488 2409 2412
f 575 2496 2499
f 563 2485 2487
f 519 2435 2436
f 454 2374 2376
f 450 2368 2372
f 456 2371 2373
f 459 2378 2379
f 462 2381 2382
f 472 2392 2396
f 446 2360 2361
f 506 2416 2418
f 535 2456 2457
f 541 2460 2463
f 570 2488 2492
f 480 2398 2402
f 421 2340 2343
f 511 2430 2433
f 556 2475 2478
f 484 2404 2406
f 580 2501 2502
f 567 2482 2484
f 522 2440 2442
f 427 2347 2349
f 544 2464 2468
f 468 2384 2387
f 436 2355 2358
f 499 2419 2421
f 530 2451 2454
f 548 2470 2472
f 466 2385 2388
f 442 2362 2364
f 505 2423 2426
f 536 2446 2448
f 491 2401 2403
f 423 2339 2342
f 513 2429 2432
f 564 2474 2477
f 581 2491 2493
f 549 2459 2462
f 477 2395 2397
f 445 2365 2367
f 503 2424 2427
f 525 2443 2447
f 474 2390 2391
f 438 2354 2357
f 495 2413 2417
f 532 2450 2453
f 552 2467 2469
f 490 2408 2411
f 577 2495 2498
f 559 2479 2483
f 517 2437 2441
f 430 2350 2352
f 590 2511 2509
f 584 2505 2503
f 585 2507 2506
f 592 2513 2512
f 595 2516 2515
f 598 2519 2518
f 636 2556 2555
f 621 2540 2541
f 642 2561 2562
f 601 2521 2522
f 623 2544 2542
f 611 2529 2528
f 609 2530 2531
f 625 2546 2545
f 628 2549 2548
f 632 2553 2551
f 613 2534 2533
f 616 2536 2537
f 638 2557 2559
f 606 2525 2526
f 1607 644 647
f 1603 643 644
f 1604 645 643
f 1610 646 645
f 1613 647 646
f 1622 652 649
f 1686 670 672
f 1773 699 702
f 1761 695 696
f 1712 681 679
f 1652 659 662
f 1648 658 659
f 1649 660 658
f 1655 661 660
f 1658 662 661
f 1670 665 666
f 1637 657 654
f 1694 677 673
f 1731 686 685
f 1739 688 692
f 1768 698 701
f 1678 668 669
f 1619 648 650
f 1709 678 682
f 1754 693 697
f 1682 669 671
f 1776 701 700
f 1758 697 694
f 1716 682 680
f 1625 650 651
f 1742 689 690
f 1663 664 663
f 1634 653 655
f 1697 674 676
f 1728 684 687
f 1746 690 691
f 1664 663 667
f 1640 655 656
f 1700 676 675
f 1724 687 683
f 1679 672 668
f 1618 649 648
f 1708 679 678
f 1753 696 693
f 1769 702 698
f 1738 691 688
f 1671 667 665
f 1643 656 657
f 1701 675 677
f 1723 683 686
f 1667 666 664
f 1633 654 653
f 1693 673 674
f 1727 685 684
f 1743 692 689
f 1685 671 670
f 1772 700 699
f 1757 694 695
f 1715 680 681
f 1628 651 652
f 2187 838 837
f 1881 736 735
f 1899 741 742
f 2277 867 868
f 2313 879 880
f 2169 831 832
f 2156 828 827
f 2010 780 778
f 2208 846 844
f 1917 747 749
f 2133 820 819
f 1971 767 765
f 1989 771 773
f 2223 849 850
f 2300 875 876
f 2174 834 833
f 2151 825 826
f 2007 777 779
f 2205 843 845
f 1920 750 748
f 1855 727 729
f 1801 709 711
f 1784 703 706
f 1820 715 718
f 1838 721 724
f 1874 733 737
f 2180 835 839
f 2310 878 882
f 2274 866 870
f 1896 740 744
f 2089 805 807
f 2035 787 789
f 1950 758 762
f 2054 793 797
f 2072 799 802
f 2126 817 821
f 1964 763 766
f 1986 770 774
f 2220 848 852
f 2291 872 874
f 2183 836 838
f 1877 734 736
f 1891 739 741
f 2269 865 867
f 2305 877 879
f 2161 829 831
f 2148 824 828
f 2004 776 780
f 2202 842 846
f 1909 745 747
f 2129 818 820
f 1967 764 767
f 1981 769 771
f 2215 847 849
f 2288 871 875
f 2166 830 834
f 2143 823 825
f 1999 775 777
f 2197 841 843
f 1914 746 750
f 1806 710 714
f 1787 704 707
f 1823 716 719
f 1841 722 725
f 1860 728 732
f 1931 752 755
f 2108 811 814
f 2018 781 784
f 2234 853 857
f 2255 860 862
f 2040 788 792
f 1945 757 759
f 2057 794 796
f 2075 800 803
f 2094 806 810
f 2111 812 815
f 2021 782 785
f 2237 854 856
f 2252 859 863
f 1928 751 754
f 1812 714 712
f 1791 707 705
f 1827 719 717
f 1845 725 723
f 1866 732 730
f 1935 755 753
f 2118 814 816
f 2028 784 786
f 2246 857 858
f 2259 862 861
f 2048 792 791
f 1953 759 761
f 2061 796 795
f 2079 803 801
f 2100 810 808
f 2115 815 813
f 2025 785 783
f 2241 856 855
f 2264 863 864
f 1938 754 756
f 1802 712 709
f 1783 705 703
f 1819 717 715
f 1837 723 721
f 1856 730 727
f 1927 753 751
f 2112 816 812
f 2022 786 782
f 2238 858 854
f 2251 861 859
f 2036 791 787
f 1949 761 758
f 2053 795 793
f 2071 801 799
f 2090 808 805
f 2107 813 811
f 2017 783 781
f 2233 855 853
f 2256 864 860
f 1932 756 752
f 1859 731 728
f 1805 713 710
f 1788 708 704
f 1824 720 716
f 1842 726 722
f 1878 738 734
f 2184 840 836
f 2306 881 877
f 2270 869 865
f 1892 743 739
f 2093 809 806
f 2039 790 788
f 1946 760 757
f 2058 798 794
f 2076 804 800
f 2130 822 818
f 1968 768 764
f 1982 772 769
f 2216 851 847
f 2287 873 871
f 2179 837 835
f 1873 735 733
f 1895 742 740
f 2273 868 866
f 2309 880 878
f 2165 832 830
f 2144 827 823
f 2000 778 775
f 2198 844 841
f 1913 749 746
f 2125 819 817
f 1963 765 763
f 1985 773 770
f 2219 850 848
f 2292 876 872
f 2162 833 829
f 2147 826 824
f 2003 779 776
f 2201 845 842
f 1910 748 745
f 1863 729 731
f 1809 711 713
f 1794 706 708
f 1830 718 720
f 1848 724 726
f 1886 737 738
f 2192 839 840
f 2318 882 881
f 2282 870 869
f 1904 744 743
f 2097 807 809
f 2043 789 790
f 1956 762 760
f 2066 797 798
f 2082 802 804
f 2138 821 822
f 1974 766 768
f 1992 774 772
f 2228 852 851
f 2295 874 873
f 2331 1270 1269
f 2327 1246 1245
f 2328 1251 1252
f 2334 1287 1288
f 2337 1305 1306
f 2346 1335 1336
f 2412 1552 1551
f 2499 1474 1473
f 2487 1600 1599
f 2436 1353 1354
f 2376 1480 1479
f 2372 1402 1401
f 2373 1407 1408
f 2379 1491 1492
f 2382 1503 1504
f 2396 1534 1533
f 2361 1413 1414
f 2418 1443 1444
f 2457 1593 1594
f 2463 1384 1383
f 2492 1324 1323
f 2402 1276 1275
f 2343 1264 1263
f 2433 1300 1299
f 2478 1318 1317
f 2406 1342 1341
f 2502 1563 1564
f 2484 1461 1462
f 2442 1587 1588
f 2349 1348 1347
f 2468 1522 1521
f 2387 1419 1420
f 2358 1396 1395
f 2421 1498 1497
f 2454 1516 1515
f 2472 1558 1557
f 2388 1426 1425
f 2364 1432 1431
f 2426 1569 1570
f 2448 1371 1372
f 2403 1281 1282
f 2342 1257 1258
f 2432 1293 1294
f 2477 1311 1312
f 2493 1329 1330
f 2462 1377 1378
f 2397 1539 1540
f 2367 1450 1449
f 2427 1576 1575
f 2447 1366 1365
f 2391 1485 1486
f 2357 1389 1390
f 2417 1438 1437
f 2453 1509 1510
f 2469 1527 1528
f 2411 1545 1546
f 2498 1467 1468
f 2483 1456 1455
f 2441 1582 1581
f 2352 1360 1359
f 2509 1271 1272
f 2503 1247 1248
f 2506 1254 1253
f 2512 1290 1289
f 2515 1308 1307
f 2518 1338 1337
f 2555 1553 1554
f 2541 1475 1476
f 2562 1601 1602
f 2522 1356 1355
f 2542 1481 1482
f 2528 1403 1404
f 2531 1410 1409
f 2545 1494 1493
f 2548 1506 1505
f 2551 1535 1536
f 2533 1416 1415
f 2537 1446 1445
f 2559 1596 1595
f 2526 1385 1386
f 1616 907 909
f 1608 889 891
f 1606 883 886
f 1612 895 898
f 1615 901 904
f 1624 919 922
f 1692 1057 1060
f 1782 1237 1240
f 1765 1201 1204
f 1714 1099 1102
f 1661 997 999
f 1653 979 981
f 1651 973 976
f 1657 985 988
f 1660 991 994
f 1675 1021 1024
f 1639 949 952
f 1696 1063 1066
f 1733 1135 1138
f 1751 1177 1179
f 1779 1231 1233
f 1683 1039 1041
f 1626 925 927
f 1721 1117 1119
f 1766 1207 1209
f 1689 1051 1053
f 1778 1225 1228
f 1760 1189 1192
f 1718 1105 1108
f 1629 931 933
f 1747 1165 1167
f 1665 1003 1005
f 1641 955 957
f 1704 1081 1083
f 1737 1147 1150
f 1750 1171 1174
f 1676 1027 1029
f 1644 961 963
f 1702 1075 1077
f 1726 1123 1126
f 1681 1033 1036
f 1620 913 915
f 1710 1093 1095
f 1755 1183 1185
f 1771 1213 1216
f 1740 1153 1155
f 1673 1015 1018
f 1647 967 970
f 1707 1087 1090
f 1734 1141 1143
f 1669 1009 1012
f 1635 943 945
f 1698 1069 1071
f 1729 1129 1131
f 1745 1159 1162
f 1687 1045 1047
f 1774 1219 1221
f 1762 1195 1197
f 1720 1111 1114
f 1632 937 940
f 2189 1280 1284
f 1883 1256 1260
f 1903 1292 1296
f 2281 1310 1314
f 2317 1328 1332
f 2173 1376 1380
f 2158 1538 1542
f 2012 1447 1451
f 2210 1573 1577
f 1924 1363 1367
f 2135 1484 1488
f 1973 1388 1392
f 1996 1435 1439
f 2227 1508 1512
f 2304 1526 1530
f 2176 1544 1548
f 2155 1466 1470
f 2014 1453 1457
f 2212 1579 1583
f 1922 1357 1361
f 1864 1268 1270
f 1810 1244 1246
f 1795 1249 1251
f 1831 1285 1287
f 1849 1303 1305
f 1887 1333 1335
f 2193 1550 1552
f 2321 1472 1474
f 2285 1598 1600
f 1907 1351 1353
f 2098 1478 1480
f 2044 1400 1402
f 1961 1405 1407
f 2067 1489 1491
f 2083 1501 1503
f 2139 1532 1534
f 1975 1411 1413
f 1997 1441 1443
f 2231 1591 1593
f 2298 1382 1384
f 2190 1322 1324
f 1884 1274 1276
f 1900 1262 1264
f 2278 1298 1300
f 2314 1316 1318
f 2170 1340 1342
f 2159 1561 1563
f 2015 1459 1461
f 2213 1585 1587
f 1918 1346 1348
f 2136 1520 1522
f 1977 1417 1419
f 1990 1394 1396
f 2224 1496 1498
f 2301 1514 1516
f 2177 1556 1558
f 2152 1424 1426
f 2008 1430 1432
f 2206 1567 1569
f 1925 1369 1371
f 1817 1279 1281
f 1797 1255 1257
f 1833 1291 1293
f 1851 1309 1311
f 1871 1327 1329
f 1941 1375 1377
f 2119 1537 1539
f 2029 1448 1450
f 2247 1574 1576
f 2262 1364 1366
f 2051 1483 1485
f 1954 1387 1389
f 2064 1436 1438
f 2085 1507 1509
f 2105 1525 1527
f 2121 1543 1545
f 2031 1465 1467
f 2244 1454 1456
f 2265 1580 1582
f 1939 1358 1360
f 1814 1267 1271
f 1793 1243 1247
f 1829 1250 1254
f 1847 1286 1290
f 1868 1304 1308
f 1937 1334 1338
f 2124 1549 1553
f 2034 1471 1475
f 2250 1597 1601
f 2261 1352 1356
f 2050 1477 1481
f 1960 1399 1403
f 2063 1406 1410
f 2081 1490 1494
f 2102 1502 1506
f 2117 1531 1535
f 2027 1412 1416
f 2243 1442 1446
f 2268 1592 1596
f 1944 1381 1385
f 1804 890 894
f 1785 884 887
f 1821 896 899
f 1839 902 905
f 1858 908 912
f 1929 938 941
f 2114 1046 1050
f 2024 1220 1224
f 2240 1196 1200
f 2253 1112 1115
f 2038 980 984
f 1951 974 977
f 2055 986 989
f 2073 992 995
f 2092 998 1002
f 2109 1016 1019
f 2019 968 971
f 2235 1088 1091
f 2258 1142 1146
f 1934 1154 1158
f 1861 1214 1217
f 1807 1034 1037
f 1790 914 918
f 1826 1094 1098
f 1844 1184 1188
f 1880 1040 1044
f 2186 1232 1236
f 2308 1208 1212
f 2272 1118 1122
f 1894 926 930
f 2095 1160 1163
f 2041 1010 1013
f 1948 944 948
f 2060 1070 1074
f 2078 1130 1134
f 2132 1166 1170
f 1970 1004 1008
f 1984 956 960
f 2218 1082 1086
f 2289 1148 1151
f 2181 1058 1061
f 1875 920 923
f 1897 1100 1103
f 2275 1202 1205
f 2311 1238 1241
f 2167 1172 1175
f 2146 1028 1032
f 2002 962 966
f 2200 1076 1080
f 1915 1124 1127
f 2127 1022 1025
f 1965 950 953
f 1987 1064 1067
f 2221 1136 1139
f 2294 1178 1182
f 2164 1052 1056
f 2149 1226 1229
f 2005 1190 1193
f 2203 1106 1109
f 1912 932 936
f 1870 1321 1325
f 1816 1273 1277
f 1800 1261 1265
f 1836 1297 1301
f 1854 1315 1319
f 1890 1339 1343
f 2196 1562 1566
f 2320 1460 1464
f 2284 1586 1590
f 1906 1345 1349
f 2104 1519 1523
f 2047 1418 1422
f 1958 1393 1397
f 2070 1495 1499
f 2088 1513 1517
f 2142 1555 1559
f 1980 1423 1427
f 1994 1429 1433
f 2230 1568 1572
f 2297 1370 1374
f 2329 894 892
f 2323 887 885
f 2326 899 897
f 2333 905 903
f 2336 912 910
f 2345 941 939
f 2409 1050 1048
f 2496 1224 1222
f 2485 1200 1198
f 2435 1115 1113
f 2374 984 982
f 2368 977 975
f 2371 989 987
f 2378 995 993
f 2381 1002 1000
f 2392 1019 1017
f 2360 971 969
f 2416 1091 1089
f 2456 1146 1144
f 2460 1158 1156
f 2488 1217 1215
f 2398 1037 1035
f 2340 918 916
f 2430 1098 1096
f 2475 1188 1186
f 2404 1044 1042
f 2501 1236 1234
f 2482 1212 1210
f 2440 1122 1120
f 2347 930 928
f 2464 1163 1161
f 2384 1013 1011
f 2355 948 946
f 2419 1074 1072
f 2451 1134 1132
f 2470 1170 1168
f 2385 1008 1006
f 2362 960 958
f 2423 1086 1084
f 2446 1151 1149
f 2401 1061 1059
f 2339 923 921
f 2429 1103 1101
f 2474 1205 1203
f 2491 1241 1239
f 2459 1175 1173
f 2395 1032 1030
f 2365 966 964
f 2424 1080 1078
f 2443 1127 1125
f 2390 1025 1023
f 2354 953 951
f 2413 1067 1065
f 2450 1139 1137
f 2467 1182 1180
f 2408 1056 1054
f 2495 1229 1227
f 2479 1193 1191
f 2437 1109 1107
f 2350 936 934
f 2511 1325 1326
f 2505 1277 1278
f 2507 1265 1266
f 2513 1301 1302
f 2516 1319 1320
f 2519 1343 1344
f 2556 1566 1565
f 2540 1464 1463
f 2561 1590 1589
f 2521 1349 1350
f 2544 1523 1524
f 2529 1422 1421
f 2530 1397 1398
f 2546 1499 1500
f 2549 1517 1518
f 2553 1559 1560
f 2534 1427 1428
f 2536 1433 1434
f 2557 1572 1571
f 2525 1374 1373
f 1609 892 889
f 1605 885 883
f 1611 897 895
f 1614 903 901
f 1617 910 907
f 1631 939 937
f 1688 1048 1045
f 1775 1222 1219
f 1763 1198 1195
f 1719 1113 1111
f 1654 982 979
f 1650 975 973
f 1656 987 985
f 1659 993 991
f 1662 1000 997
f 1672 1017 1015
f 1646 969 967
f 1706 1089 1087
f 1735 1144 1141
f 1741 1156 1153
f 1770 1215 1213
f 1680 1035 1033
f 1621 916 913
f 1711 1096 1093
f 1756 1186 1183
f 1684 1042 1039
f 1780 1234 1231
f 1767 1210 1207
f 1722 1120 1117
f 1627 928 925
f 1744 1161 1159
f 1668 1011 1009
f 1636 946 943
f 1699 1072 1069
f 1730 1132 1129
f 1748 1168 1165
f 1666 1006 1003
f 1642 958 955
f 1705 1084 1081
f 1736 1149 1147
f 1691 1059 1057
f 1623 921 919
f 1713 1101 1099
f 1764 1203 1201
f 1781 1239 1237
f 1749 1173 1171
f 1677 1030 1027
f 1645 964 961
f 1703 1078 1075
f 1725 1125 1123
f 1674 1023 1021
f 1638 951 949
f 1695 1065 1063
f 1732 1137 1135
f 1752 1180 1177
f 1690 1054 1051
f 1777 1227 1225
f 1759 1191 1189
f 1717 1107 1105
f 1630 934 931
f 2191 1326 1322
f 1885 1278 1274
f 1901 1266 1262
f 2279 1302 1298
f 2315 1320 1316
f 2171 1344 1340
f 2160 1565 1561
f 2016 1463 1459
f 2214 1589 1585
f 1919 1350 1346
f 2137 1524 1520
f 1978 1421 1417
f 1991 1398 1394
f 2225 1500 1496
f 2302 1518 1514
f 2178 1560 1556
f 2153 1428 1424
f 2009 1434 1430
f 2207 1571 1567
f 1926 1373 1369
f 1857 911 908
f 1803 893 890
f 1786 888 884
f 1822 900 896
f 1840 906 902
f 1876 924 920
f 2182 1062 1058
f 2312 1242 1238
f 2276 1206 1202
f 1898 1104 1100
f 2091 1001 998
f 2037 983 980
f 1952 978 974
f 2056 990 986
f 2074 996 992
f 2128 1026 1022
f 1966 954 950
f 1988 1068 1064
f 2222 1140 1136
f 2293 1181 1178
f 2185 1235 1232
f 1879 1043 1040
f 1893 929 926
f 2271 1121 1118
f 2307 1211 1208
f 2163 1055 1052
f 2150 1230 1226
f 2006 1194 1190
f 2204 1110 1106
f 1911 935 932
f 2131 1169 1166
f 1969 1007 1004
f 1983 959 956
f 2217 1085 1082
f 2290 1152 1148
f 2168 1176 1172
f 2145 1031 1028
f 2001 965 962
f 2199 1079 1076
f 1916 1128 1124
f 1808 1038 1034
f 1789 917 914
f 1825 1097 1094
f 1843 1187 1184
f 1862 1218 1214
f 1933 1157 1154
f 2110 1020 1016
f 2020 972 968
f 2236 1092 1088
f 2257 1145 1142
f 2042 1014 1010
f 1947 947 944
f 2059 1073 1070
f 2077 1133 1130
f 2096 1164 1160
f 2113 1049 1046
f 2023 1223 1220
f 2239 1199 1196
f 2254 1116 1112
f 1930 942 938
f 1818 1283 1279
f 1798 1259 1255
f 1834 1295 1291
f 1852 1313 1309
f 1872 1331 1327
f 1942 1379 1375
f 2120 1541 1537
f 2030 1452 1448
f 2248 1578 1574
f 2263 1368 1364
f 2052 1487 1483
f 1955 1391 1387
f 2065 1440 1436
f 2086 1511 1507
f 2106 1529 1525
f 2122 1547 1543
f 2032 1469 1465
f 2245 1458 1454
f 2266 1584 1580
f 1940 1362 1358
f 1813 1269 1267
f 1792 1245 1243
f 1828 1252 1250
f 1846 1288 1286
f 1867 1306 1304
f 1936 1336 1334
f 2123 1551 1549
f 2033 1473 1471
f 2249 1599 1597
f 2260 1354 1352
f 2049 1479 1477
f 1959 1401 1399
f 2062 1408 1406
f 2080 1492 1490
f 2101 1504 1502
f 2116 1533 1531
f 2026 1414 1412
f 2242 1444 1442
f 2267 1594 1592
f 1943 1383 1381
f 1869 1323 1321
f 1815 1275 1273
f 1799 1263 1261
f 1835 1299 1297
f 1853 1317 1315
f 1889 1341 1339
f 2195 1564 1562
f 2319 1462 1460
f 2283 1588 1586
f 1905 1347 1345
f 2103 1521 1519
f 2046 1420 1418
f 1957 1395 1393
f 2069 1497 1495
f 2087 1515 1513
f 2141 1557 1555
f 1979 1425 1423
f 1993 1431 1429
f 2229 1570 1568
f 2296 1372 1370
f 2188 1282 1280
f 1882 1258 1256
f 1902 1294 1292
f 2280 1312 1310
f 2316 1330 1328
f 2172 1378 1376
f 2157 1540 1538
f 2011 1449 1447
f 2209 1575 1573
f 1923 1365 1363
f 2134 1486 1484
f 1972 1390 1388
f 1995 1437 1435
f 2226 1510 1508
f 2303 1528 1526
f 2175 1546 1544
f 2154 1468 1466
f 2013 1455 1453
f 2211 1581 1579
f 1921 1359 1357
f 1865 1272 1268
f 1811 1248 1244
f 1796 1253 1249
f 1832 1289 1285
f 1850 1307 1303
f 1888 1337 1333
f 2194 1554 1550
f 2322 1476 1472
f 2286 1602 1598
f 1908 1355 1351
f 2099 1482 1478
f 2045 1404 1400
f 1962 1409 1405
f 2068 1493 1489
f 2084 1505 1501
f 2140 1536 1532
f 1976 1415 1411
f 1998 1445 1441
f 2232 1595 1591
f 2299 1386 1382
f 2330 909 911
f 2324 891 893
f 2325 886 888
f 2332 898 900
f 2335 904 906
f 2344 922 924
f 2410 1060 1062
f 2497 1240 1242
f 2486 1204 1206
f 2434 1102 1104
f 2375 999 1001
f 2369 981 983
f 2370 976 978
f 2377 988 990
f 2380 994 996
f 2393 1024 1026
f 2359 952 954
f 2415 1066 1068
f 2455 1138 1140
f 2461 1179 1181
f 2489 1233 1235
f 2399 1041 1043
f 2341 927 929
f 2431 1119 1121
f 2476 1209 1211
f 2405 1053 1055
f 2500 1228 1230
f 2481 1192 1194
f 2439 1108 1110
f 2348 933 935
f 2465 1167 1169
f 2383 1005 1007
f 2356 957 959
f 2420 1083 1085
f 2452 1150 1152
f 2471 1174 1176
f 2386 1029 1031
f 2363 963 965
f 2422 1077 1079
f 2445 1126 1128
f 2400 1036 1038
f 2338 915 917
f 2428 1095 1097
f 2473 1185 1187
f 2490 1216 1218
f 2458 1155 1157
f 2394 1018 1020
f 2366 970 972
f 2425 1090 1092
f 2444 1143 1145
f 2389 1012 1014
f 2353 945 947
f 2414 1071 1073
f 2449 1131 1133
f 2466 1162 1164
f 2407 1047 1049
f 2494 1221 1223
f 2480 1197 1199
f 2438 1114 1116
f 2351 940 942
f 2510 1284 1283
f 2504 1260 1259
f 2508 1296 1295
f 2514 1314 1313
f 2517 1332 1331
f 2520 1380 1379
f 2554 1542 1541
f 2539 1451 1452
f 2560 1577 1578
f 2523 1367 1368
f 2543 1488 1487
f 2527 1392 1391
f 2532 1439 1440
f 2547 1512 1511
f 2550 1530 1529
f 2552 1548 1547
f 2535 1470 1469
f 2538 1457 1458
f 2558 1583 1584
f 2524 1361 1362
f 1607 1616 1609
f 1603 1608 1605
f 1604 1606 1611
f 1610 1612 1614
f 1613 1615 1617
f 1622 1624 1631
f 1686 1692 1688
f 1773 1782 1775
f 1761 1765 1763
f 1712 1714 1719
f 1652 1661 1654
f 1648 1653 1650
f 1649 1651 1656
f 1655 1657 1659
f 1658 1660 1662
f 1670 1675 1672
f 1637 1639 1646
f 1694 1696 1706
f 1731 1733 1735
f 1739 1751 1741
f 1768 1779 1770
f 1678 1683 1680
f 1619 1626 1621
f 1709 1721 1711
f 1754 1766 1756
f 1682 1689 1684
f 1776 1778 1780
f 1758 1760 1767
f 1716 1718 1722
f 1625 1629 1627
f 1742 1747 1744
f 1663 1665 1668
f 1634 1641 1636
f 1697 1704 1699
f 1728 1737 1730
f 1746 1750 1748
f 1664 1676 1666
f 1640 1644 1642
f 1700 1702 1705
f 1724 1726 1736
f 1679 1681 1691
f 1618 1620 1623
f 1708 1710 1713
f 1753 1755 1764
f 1769 1771 1781
f 1738 1740 1749
f 1671 1673 1677
f 1643 1647 1645
f 1701 1707 1703
f 1723 1734 1725
f 1667 1669 1674
f 1633 1635 1638
f 1693 1698 1695
f 1727 1729 1732
f 1743 1745 1752
f 1685 1687 1690
f 1772 1774 1777
f 1757 1762 1759
f 1715 1720 1717
f 1628 1632 1630
f 2187 2189 2191
f 1881 1883 1885
f 1899 1903 1901
f 2277 2281 2279
f 2313 2317 2315
f 2169 2173 2171
f 2156 2158 2160
f 2010 2012 2016
f 2208 2210 2214
f 1917 1924 1919
f 2133 2135 2137
f 1971 1973 1978
f 1989 1996 1991
f 2223 2227 2225
f 2300 2304 2302
f 2174 2176 2178
f 2151 2155 2153
f 2007 2014 2009
f 2205 2212 2207
f 1920 1922 1926
f 1855 1864 1857
f 1801 1810 1803
f 1784 1795 1786
f 1820 1831 1822
f 1838 1849 1840
f 1874 1887 1876
f 2180 2193 2182
f 2310 2321 2312
f 2274 2285 2276
f 1896 1907 1898
f 2089 2098 2091
f 2035 2044 2037
f 1950 1961 1952
f 2054 2067 2056
f 2072 2083 2074
f 2126 2139 2128
f 1964 1975 1966
f 1986 1997 1988
f 2220 2231 2222
f 2291 2298 2293
f 2183 2190 2185
f 1877 1884 1879
f 1891 1900 1893
f 2269 2278 2271
f 2305 2314 2307
f 2161 2170 2163
f 2148 2159 2150
f 2004 2015 2006
f 2202 2213 2204
f 1909 1918 1911
f 2129 2136 2131
f 1967 1977 1969
f 1981 1990 1983
f 2215 2224 2217
f 2288 2301 2290
f 2166 2177 2168
f 2143 2152 2145
f 1999 2008 2001
f 2197 2206 2199
f 1914 1925 1916
f 1806 1817 1808
f 1787 1797 1789
f 1823 1833 1825
f 1841 1851 1843
f 1860 1871 1862
f 1931 1941 1933
f 2108 2119 2110
f 2018 2029 2020
f 2234 2247 2236
f 2255 2262 2257
f 2040 2051 2042
f 1945 1954 1947
f 2057 2064 2059
f 2075 2085 2077
f 2094 2105 2096
f 2111 2121 2113
f 2021 2031 2023
f 2237 2244 2239
f 2252 2265 2254
f 1928 1939 1930
f 1812 1814 1818
f 1791 1793 1798
f 1827 1829 1834
f 1845 1847 1852
f 1866 1868 1872
f 1935 1937 1942
f 2118 2124 2120
f 2028 2034 2030
f 2246 2250 2248
f 2259 2261 2263
f 2048 2050 2052
f 1953 1960 1955
f 2061 2063 2065
f 2079 2081 2086
f 2100 2102 2106
f 2115 2117 2122
f 2025 2027 2032
f 2241 2243 2245
f 2264 2268 2266
f 1938 1944 1940
f 1802 1804 1813
f 1783 1785 1792
f 1819 1821 1828
f 1837 1839 1846
f 1856 1858 1867
f 1927 1929 1936
f 2112 2114 2123
f 2022 2024 2033
f 2238 2240 2249
f 2251 2253 2260
f 2036 2038 2049
f 1949 1951 1959
f 2053 2055 2062
f 2071 2073 2080
f 2090 2092 2101
f 2107 2109 2116
f 2017 2019 2026
f 2233 2235 2242
f 2256 2258 2267
f 1932 1934 1943
f 1859 1861 1869
f 1805 1807 1815
f 1788 1790 1799
f 1824 1826 1835
f 1842 1844 1853
f 1878 1880 1889
f 2184 2186 2195
f 2306 2308 2319
f 2270 2272 2283
f 1892 1894 1905
f 2093 2095 2103
f 2039 2041 2046
f 1946 1948 1957
f 2058 2060 2069
f 2076 2078 2087
f 2130 2132 2141
f 1968 1970 1979
f 1982 1984 1993
f 2216 2218 2229
f 2287 2289 2296
f 2179 2181 2188
f 1873 1875 1882
f 1895 1897 1902
f 2273 2275 2280
f 2309 2311 2316
f 2165 2167 2172
f 2144 2146 2157
f 2000 2002 2011
f 2198 2200 2209
f 1913 1915 1923
f 2125 2127 2134
f 1963 1965 1972
f 1985 1987 1995
f 2219 2221 2226
f 2292 2294 2303
f 2162 2164 2175
f 2147 2149 2154
f 2003 2005 2013
f 2201 2203 2211
f 1910 1912 1921
f 1863 1870 1865
f 1809 1816 1811
f 1794 1800 1796
f 1830 1836 1832
f 1848 1854 1850
f 1886 1890 1888
f 2192 2196 2194
f 2318 2320 2322
f 2282 2284 2286
f 1904 1906 1908
f 2097 2104 2099
f 2043 2047 2045
f 1956 1958 1962
f 2066 2070 2068
f 2082 2088 2084
f 2138 2142 2140
f 1974 1980 1976
f 1992 1994 1998
f 2228 2230 2232
f 2295 2297 2299
f 2331 2329 2330
f 2327 2323 2324
f 2328 2326 2325
f 2334 2333 2332
f 2337 2336 2335
f 2346 2345 2344
f 2412 2409 2410
f 2499 2496 2497
f 2487 2485 2486
f 2436 2435 2434
f 2376 2374 2375
f 2372 2368 2369
f 2373 2371 2370
f 2379 2378 2377
f 2382 2381 2380
f 2396 2392 2393
f 2361 2360 2359
f 2418 2416 2415
f 2457 2456 2455
f 2463 2460 2461
f 2492 2488 2489
f 2402 2398 2399
f 2343 2340 2341
f 2433 2430 2431
f 2478 2475 2476
f 2406 2404 2405
f 2502 2501 2500
f 2484 2482 2481
f 2442 2440 2439
f 2349 2347 2348
f 2468 2464 2465
f 2387 2384 2383
f 2358 2355 2356
f 2421 2419 2420
f 2454 2451 2452
f 2472 2470 2471
f 2388 2385 2386
f 2364 2362 2363
f 2426 2423 2422
f 2448 2446 2445
f 2403 2401 2400
f 2342 2339 2338
f 2432 2429 2428
f 2477 2474 2473
f 2493 2491 2490
f 2462 2459 2458
f 2397 2395 2394
f 2367 2365 2366
f 2427 2424 2425
f 2447 2443 2444
f 2391 2390 2389
f 2357 2354 2353
f 2417 2413 2414
f 2453 2450 2449
f 2469 2467 2466
f 2411 2408 2407
f 2498 2495 2494
f 2483 2479 2480
f 2441 2437 2438
f 2352 2350 2351
f 2509 2511 2510
f 2503 2505 2504
f 2506 2507 2508
f 2512 2513 2514
f 2515 2516 2517
f 2518 2519 2520
f 2555 2556 2554
f 2541 2540 2539
f 2562 2561 2560
f 2522 2521 2523
f 2542 2544 2543
f 2528 2529 2527
f 2531 2530 2532
f 2545 2546 2547
f 2548 2549 2550
f 2551 2553 2552
f 2533 2534 2535
f 2537 2536 2538
f 2559 2557 2558
f 2526 2525 2524