v -0.131662 0.346557 -0.165537
v 0.147332 0.361471 -0.173425
v -0.279681 -0.523917 0.020779
v 0.288583 -0.521779 0.018609
v -0.006129 -0.408574 0.707030
v -0.025955 0.114488 0.409291
v -0.001711 -0.079852 -0.408668
v -0.014749 0.403940 -0.711919
v 0.449039 0.072354 -0.253545
v 0.439125 0.061307 0.230297
v -0.438428 0.074111 -0.271540
v -0.428146 0.053953 0.238239
v 0.001907 0.504756 -0.191830
v -0.062670 0.213847 -0.058688
v -0.201009 0.663142 -0.411626
v -0.299712 0.139665 -0.244083
v -0.321722 0.097655 0.032531
v 0.038844 0.215067 -0.044780
v 0.213061 0.652024 -0.431798
v 0.313772 0.134210 -0.252109
v 0.338100 0.100599 0.016269
v 0.004507 -0.562141 0.019308
v -0.198958 -0.630507 0.424353
v -0.168268 -0.512008 -0.289309
v -0.318530 -0.041766 -0.094749
v -0.315435 -0.084145 0.213275
v 0.204024 -0.629879 0.421622
v 0.174400 -0.520610 -0.288332
v 0.321875 -0.047980 -0.085294
v 0.321088 -0.099160 0.195951
v -0.017286 -0.037264 0.719508
v 0.302977 -0.158825 0.579079
v -0.299998 -0.150324 0.579717
v 0.206309 0.049662 0.427595
v -0.221177 0.024242 0.431648
v -0.022281 0.041010 -0.725866
v 0.189568 0.021852 -0.398529
v -0.192215 0.036015 -0.407787
v 0.317670 0.188989 -0.652471
v -0.317616 0.197948 -0.627594
v 0.510413 0.054124 -0.003628
v -0.499925 0.036686 -0.017962
v -0.076856 0.461748 -0.176131
v -0.090527 0.286468 -0.141044
v -0.159580 0.473034 -0.245349
v -0.194095 0.259911 -0.201128
v -0.185097 0.199536 -0.115867
v 0.082119 0.472287 -0.188206
v 0.089225 0.293583 -0.146431
v 0.174824 0.481053 -0.262896
v 0.212628 0.258936 -0.218891
v 0.193231 0.197088 -0.135287
v -0.161151 -0.598568 0.009660
v -0.214760 -0.490830 0.180903
v -0.324147 -0.747933 -0.154738
v -0.344471 -0.361866 -0.047992
v -0.292153 -0.314764 0.122971
v 0.172288 -0.601083 0.014652
v 0.225869 -0.492872 0.179621
v 0.324475 -0.749781 -0.153730
v 0.351744 -0.367165 -0.049175
v 0.301267 -0.320411 0.116638
v -0.123591 -0.632017 0.670502
v 0.122320 -0.632377 0.678368
v -0.023418 -0.198750 0.774848
v 0.171654 -0.329727 0.705173
v -0.181654 -0.321878 0.702125
v -0.059126 0.147307 0.197343
v 0.016230 0.147073 0.203142
v -0.021606 0.071547 0.598559
v 0.070975 0.103329 0.460018
v -0.110420 0.090557 0.444872
v -0.062450 -0.256185 -0.360148
v 0.063810 -0.263857 -0.369983
v -0.009524 0.007680 -0.522732
v 0.068338 -0.019024 -0.404693
v -0.070740 -0.012699 -0.405830
v -0.132692 0.579263 -0.630118
v 0.117061 0.564372 -0.640161
v -0.021224 0.218182 -0.776426
v 0.168009 0.324996 -0.745834
v -0.194977 0.329973 -0.733315
v 0.436616 0.076686 -0.257474
v 0.385324 0.096683 -0.165089
v 0.334731 0.099705 -0.343939
v 0.374106 0.093828 -0.422777
v 0.491811 0.059601 -0.122902
v 0.449062 0.067795 0.152977
v 0.384135 0.049782 0.222488
v 0.322548 0.006828 0.373624
v 0.338733 0.029607 0.335074
v 0.491926 0.050480 0.108114
v -0.409384 0.083927 -0.266352
v -0.382898 0.103356 -0.186817
v -0.334329 0.099607 -0.359202
v -0.363166 0.105261 -0.427390
v -0.470218 0.061415 -0.142388
v -0.432973 0.059199 0.162205
v -0.382275 0.040521 0.236633
v -0.323158 -0.000940 0.386663
v -0.345094 0.014650 0.360546
v -0.488724 0.041635 0.096624
v -0.033877 0.352773 -0.140768
v -0.061038 0.602857 -0.280904
v 0.021671 0.369100 -0.130154
v 0.082843 0.615040 -0.295868
v -0.173918 0.164802 0.014942
v -0.020693 0.213525 -0.065207
v -0.151864 0.127855 0.218396
v -0.253559 0.429626 -0.306715
v 0.014624 0.700419 -0.455678
v -0.282824 0.458681 -0.526959
v -0.336180 0.118989 -0.109858
v -0.290437 0.197154 -0.414476
v -0.461707 0.062880 -0.118574
v -0.279840 0.060900 0.229401
v -0.481853 0.046227 0.003294
v 0.169380 0.168753 0.004015
v 0.128540 0.135427 0.220474
v 0.261176 0.425144 -0.314103
v 0.279467 0.457922 -0.544417
v 0.348393 0.116990 -0.120142
v 0.296181 0.184764 -0.423131
v 0.484281 0.048331 -0.111747
v 0.281450 0.081123 0.207078
v 0.494185 0.046457 0.008314
v -0.083168 -0.599112 0.211772
v -0.085358 -0.613814 -0.145548
v 0.097027 -0.590662 0.213203
v 0.085430 -0.611381 -0.144785
v -0.285855 -0.359631 0.320129
v 0.003664 -0.595610 0.455109
v -0.328727 -0.448345 0.571773
v -0.338752 -0.362664 -0.239807
v -0.000239 -0.460710 -0.269526
v -0.180623 -0.179624 -0.330719
v -0.316210 -0.050806 0.055516
v -0.263498 -0.003861 -0.249959
v -0.411428 0.086408 -0.046302
v -0.322510 -0.151901 0.384888
v -0.413626 0.077346 0.089678
v 0.289610 -0.363041 0.309705
v 0.332667 -0.455295 0.562093
v 0.344082 -0.366231 -0.231721
v 0.186916 -0.184373 -0.321858
v 0.320783 -0.062782 0.058133
v 0.264989 -0.008987 -0.235210
v 0.412654 0.093833 -0.024119
v 0.320278 -0.155594 0.368689
v 0.402118 0.091403 0.105042
v 0.152647 -0.106248 0.713200
v -0.173355 -0.101637 0.700468
v 0.120457 0.024393 0.632099
v -0.145948 0.016696 0.621737
v 0.249108 -0.024311 0.532481
v -0.255481 -0.031806 0.531575
v 0.115283 0.003751 -0.599632
v -0.139834 0.015107 -0.598718
v 0.171552 0.108527 -0.766316
v -0.202121 0.110934 -0.776159
v 0.265177 0.071119 -0.563605
v -0.275144 0.082285 -0.562075
v -0.108432 0.404334 -0.166939
v -0.112899 0.322269 -0.152992
v -0.139336 0.404108 -0.190334
v -0.160725 0.313169 -0.182936
v -0.143112 0.273540 -0.157261
v 0.118305 0.419354 -0.178794
v 0.121560 0.334044 -0.160199
v 0.155384 0.412360 -0.208522
v 0.177065 0.318149 -0.198143
v 0.156360 0.277912 -0.170026
v -0.235599 -0.585842 0.013541
v -0.243717 -0.495850 0.082113
v -0.312767 -0.631011 -0.038645
v -0.320516 -0.477202 -0.011083
v -0.285046 -0.427522 0.067226
v 0.245425 -0.582147 0.011524
v 0.255018 -0.495855 0.082055
v 0.317658 -0.626367 -0.039331
v 0.327667 -0.476786 -0.014791
v 0.295157 -0.428942 0.063572
v -0.056446 -0.487658 0.687161
v 0.051643 -0.488530 0.688115
v -0.012138 -0.312161 0.732164
v 0.073949 -0.380175 0.712756
v -0.087964 -0.377060 0.711698
v -0.044581 0.117462 0.317403
v -0.006370 0.118407 0.321558
v -0.025635 0.104562 0.509397
v 0.013072 0.116121 0.442730
v -0.062807 0.107595 0.433107
v -0.025263 -0.158484 -0.394822
v 0.023010 -0.161831 -0.396153
v -0.003767 0.002574 -0.438751
v 0.030670 -0.053102 -0.411241
v -0.033902 -0.048575 -0.410193
v -0.063684 0.478307 -0.678277
v 0.039860 0.474014 -0.681153
v -0.018842 0.318704 -0.750717
v 0.065432 0.372674 -0.725655
v -0.096019 0.375938 -0.722217
v 0.463094 0.063965 -0.253596
v 0.431801 0.087970 -0.215181
v 0.403073 0.091332 -0.296032
v 0.431060 0.071959 -0.323876
v 0.472646 0.064557 -0.190276
v 0.457363 0.052750 0.194739
v 0.429273 0.072473 0.226382
v 0.392130 0.057770 0.296088
v 0.399613 0.052844 0.276443
v 0.469309 0.057007 0.170731
v -0.443861 0.068563 -0.266271
v -0.419809 0.088748 -0.236150
v -0.398535 0.089489 -0.314049
v -0.429372 0.072955 -0.340358
v -0.453825 0.070593 -0.209564
v -0.441240 0.045684 0.202287
v -0.424000 0.057617 0.231456
v -0.387966 0.042797 0.305544
v -0.397187 0.044876 0.292045
v -0.457062 0.048884 0.169941
v -0.039216 0.493126 -0.186203
v 0.043962 0.498606 -0.192370
v -0.018235 0.438541 -0.159521
v -0.021136 0.561453 -0.229209
v 0.015436 0.440876 -0.159003
v 0.033066 0.564214 -0.235400
v -0.069371 0.246353 -0.126611
v -0.066771 0.186497 0.071528
v -0.044127 0.267724 -0.128441
v -0.112411 0.199055 -0.020963
v -0.038304 0.213285 -0.066141
v -0.110138 0.195977 0.089561
v -0.191413 0.562866 -0.314127
v -0.187261 0.671483 -0.518784
v -0.130570 0.648978 -0.341884
v -0.318738 0.571468 -0.345062
v -0.151166 0.816817 -0.422114
v -0.303019 0.608390 -0.470896
v -0.238884 0.194791 -0.221437
v -0.360620 0.108528 -0.259261
v -0.251030 0.254799 -0.286489
v -0.321562 0.131834 -0.173380
v -0.284563 0.161009 -0.326052
v -0.390832 0.100177 -0.182476
v -0.252391 0.139840 -0.043571
v -0.387464 0.074822 0.103436
v -0.242279 0.127387 0.033192
v -0.335280 0.106112 -0.044205
v -0.302888 0.086641 0.122729
v -0.414987 0.077393 0.018288
v 0.054359 0.248900 -0.127739
v 0.031760 0.186781 0.079489
v 0.021485 0.270998 -0.125088
v 0.001879 0.214054 -0.059938
v 0.097210 0.200961 -0.019628
v 0.082225 0.197521 0.096685
v 0.207552 0.573625 -0.331864
v 0.186681 0.631091 -0.545540
v 0.156901 0.685618 -0.365636
v 0.161812 0.809463 -0.470706
v 0.331669 0.571418 -0.354770
v 0.334801 0.605910 -0.491708
v 0.253556 0.186447 -0.237083
v 0.377087 0.101402 -0.259399
v 0.257019 0.246001 -0.298186
v 0.333944 0.125734 -0.182297
v 0.295132 0.151557 -0.333124
v 0.400707 0.091352 -0.183770
v 0.263841 0.137392 -0.063106
v 0.410118 0.080160 0.091592
v 0.249592 0.130182 0.015371
v 0.349318 0.108168 -0.057005
v 0.313470 0.095382 0.104348
v 0.433136 0.077062 0.011094
v -0.082361 -0.572288 0.012864
v 0.093003 -0.578718 0.017447
v -0.037341 -0.577837 0.109632
v -0.048432 -0.556819 -0.063817
v 0.050142 -0.579654 0.112505
v 0.051721 -0.558752 -0.063841
v -0.196179 -0.520547 0.304737
v -0.182435 -0.811305 0.569492
v -0.122903 -0.565740 0.333430
v -0.259117 -0.499068 0.380192
v -0.099006 -0.638308 0.451190
v -0.315835 -0.640242 0.517297
v -0.241050 -0.738852 -0.278392
v -0.110496 -0.366690 -0.320461
v -0.120669 -0.633981 -0.238139
v -0.271947 -0.491722 -0.296545
v -0.080464 -0.479107 -0.274878
v -0.187549 -0.345591 -0.314831
v -0.367435 -0.205015 -0.069337
v -0.319282 0.072451 -0.131026
v -0.340811 -0.197160 -0.159505
v -0.320757 -0.047148 -0.018384
v -0.294594 -0.029060 -0.174750
v -0.330412 0.073562 -0.055098
v -0.301678 -0.199566 0.173224
v -0.340248 0.010109 0.238592
v -0.302542 -0.224826 0.263605
v -0.313288 -0.059205 0.132744
v -0.320937 -0.122883 0.295012
v -0.340392 0.055492 0.163503
v 0.206303 -0.521995 0.300328
v 0.181606 -0.812011 0.568556
v 0.134097 -0.570650 0.330088
v 0.103682 -0.646675 0.449067
v 0.262816 -0.498060 0.373723
v 0.313078 -0.636405 0.510078
v 0.250829 -0.738474 -0.276180
v 0.112724 -0.370502 -0.318813
v 0.120321 -0.636565 -0.238473
v 0.081343 -0.482038 -0.275068
v 0.291100 -0.509678 -0.296011
v 0.193932 -0.349788 -0.309820
v 0.367957 -0.213870 -0.068237
v 0.320942 0.074796 -0.111767
v 0.342171 -0.202246 -0.153974
v 0.324445 -0.056354 -0.010903
v 0.297779 -0.033350 -0.162355
v 0.330239 0.070034 -0.037175
v 0.309348 -0.209597 0.163137
v 0.337004 0.006397 0.208333
v 0.306930 -0.231997 0.249729
v 0.319420 -0.074930 0.125713
v 0.320375 -0.127286 0.275621
v 0.336376 0.040144 0.153582
v -0.021912 -0.107700 0.769012
v -0.017811 0.023692 0.669021
v 0.062986 -0.071943 0.732314
v -0.094543 -0.071600 0.718957
v 0.056711 -0.004703 0.687879
v -0.087225 -0.006898 0.678843
v 0.253461 -0.251273 0.659766
v 0.301852 -0.078875 0.468802
v 0.308985 -0.288108 0.569358
v 0.317226 -0.170553 0.470997
v 0.239362 -0.137358 0.662149
v 0.269744 -0.078829 0.559742
v -0.255086 -0.240625 0.656114
v -0.300148 -0.076533 0.476782
v -0.307251 -0.277586 0.575409
v -0.317844 -0.163804 0.481793
v -0.243112 -0.130326 0.651664
v -0.270167 -0.077422 0.557480
v 0.137479 0.079784 0.453917
v 0.276024 0.015363 0.396348
v 0.170474 0.089919 0.337242
v 0.244704 0.058736 0.317688
v 0.169667 0.042114 0.544736
v 0.233571 0.013925 0.497699
v -0.163165 0.061894 0.441206
v -0.285991 -0.010398 0.417724
v -0.189277 0.071290 0.335851
v -0.252566 0.029375 0.339414
v -0.188059 0.024634 0.532321
v -0.243202 -0.005251 0.495810
v -0.016503 0.001280 -0.631032
v -0.021466 0.121605 -0.767795
v 0.055895 0.014520 -0.674854
v -0.091721 0.017433 -0.675806
v 0.067513 0.068297 -0.767057
v -0.107088 0.076999 -0.755373
v 0.119547 0.002411 -0.402139
v 0.260804 0.058515 -0.378747
v 0.165933 -0.040687 -0.332230
v 0.226681 0.011222 -0.312044
v 0.155806 0.019181 -0.496028
v 0.227567 0.047719 -0.482144
v -0.125382 0.007257 -0.410021
v -0.261932 0.073521 -0.390535
v -0.161925 -0.031763 -0.340626
v -0.223070 0.024961 -0.323725
v -0.168324 0.028523 -0.499883
v -0.235595 0.059288 -0.486511
v 0.268398 0.259458 -0.737771
v 0.327725 0.134001 -0.529204
v 0.289853 0.309380 -0.607730
v 0.310808 0.211472 -0.521971
v 0.276948 0.143182 -0.756515
v 0.298518 0.111775 -0.626955
v -0.282998 0.265588 -0.710433
v -0.324668 0.146976 -0.519407
v -0.289591 0.313595 -0.583575
v -0.306093 0.219607 -0.508945
v -0.294302 0.149847 -0.740621
v -0.305342 0.123516 -0.615077
v 0.508423 0.051391 -0.059746
v 0.498140 0.055299 0.052130
v 0.509726 0.044092 -0.051720
v 0.507853 0.044864 0.004459
v 0.483783 0.072816 -0.015546
v 0.478549 0.074754 0.043702
v -0.490608 0.045622 -0.074570
v -0.499619 0.037439 0.036494
v -0.494540 0.037356 -0.057980
v -0.499305 0.034375 -0.004914
v -0.481124 0.054403 -0.038654
v -0.489575 0.054011 0.017764
v -0.082455 0.375099 -0.152500
v -0.110980 0.478067 -0.206919
v -0.050663 0.420592 -0.154272
v -0.070256 0.533712 -0.219514
v -0.125902 0.241890 -0.136398
v -0.061105 0.327355 -0.140217
v -0.113360 0.213508 -0.101158
v -0.182622 0.372785 -0.223899
v -0.119179 0.552289 -0.266725
v -0.221014 0.457993 -0.277521
v -0.186594 0.222775 -0.160445
v -0.222897 0.327679 -0.245793
v -0.250829 0.173647 -0.163756
v -0.180485 0.180185 -0.059921
v -0.256779 0.155523 -0.106889
v 0.085215 0.384368 -0.160484
v 0.123434 0.486408 -0.224547
v 0.049953 0.428761 -0.156633
v 0.082566 0.541821 -0.234024
v 0.129313 0.244658 -0.150160
v 0.053385 0.334027 -0.140969
v 0.105772 0.215321 -0.112688
v 0.197387 0.376582 -0.240678
v 0.136999 0.564793 -0.285093
v 0.233543 0.460127 -0.293894
v 0.199623 0.218851 -0.179616
v 0.233631 0.324575 -0.266329
v 0.265173 0.168104 -0.179570
v 0.182872 0.180464 -0.076944
v 0.268879 0.152809 -0.124754
v -0.185176 -0.534773 0.082933
v -0.224808 -0.750492 -0.034192
v -0.116201 -0.558293 0.096226
v -0.124630 -0.658672 -0.059222
v -0.261071 -0.414686 0.154862
v -0.152770 -0.543833 0.201738
v -0.249604 -0.434811 0.259640
v -0.359236 -0.558145 -0.107765
v -0.164451 -0.792282 -0.160937
v -0.355122 -0.598090 -0.240627
v -0.313571 -0.328817 0.037942
v -0.366866 -0.390872 -0.145831
v -0.327894 -0.197589 0.007560
v -0.281833 -0.324730 0.215886
v -0.310636 -0.191859 0.088385
v 0.199160 -0.538970 0.090824
v 0.230284 -0.751193 -0.034962
v 0.129965 -0.563945 0.103178
v 0.130207 -0.659087 -0.056810
v 0.271088 -0.417482 0.149912
v 0.165270 -0.545890 0.202808
v 0.257506 -0.437014 0.253385
v 0.359019 -0.554430 -0.107966
v 0.163595 -0.791674 -0.158198
v 0.359541 -0.600614 -0.224808
v 0.322548 -0.334313 0.034264
v 0.367488 -0.393138 -0.142554
v 0.333762 -0.206004 0.007944
v 0.289456 -0.329837 0.206789
v 0.317874 -0.201343 0.084273
v 0.002528 -0.547184 0.644379
v -0.171977 -0.479366 0.696476
v -0.057996 -0.618066 0.566276
v -0.279590 -0.634958 0.681321
v 0.168304 -0.484037 0.696439
v 0.062936 -0.625586 0.569395
v 0.284373 -0.640257 0.677151
v 0.072019 -0.259681 0.741642
v -0.099953 -0.256339 0.734346
v 0.064763 -0.151659 0.775306
v -0.100669 -0.153044 0.740354
v 0.277992 -0.409624 0.666354
v 0.163546 -0.202908 0.717462
v -0.273747 -0.396342 0.666479
v -0.181884 -0.195368 0.709179
v -0.022659 0.147166 0.196237
v -0.085151 0.114079 0.324077
v -0.035409 0.181322 0.067123
v -0.100447 0.146131 0.205902
v 0.040861 0.116953 0.333438
v -0.004778 0.181530 0.070109
v 0.064941 0.146398 0.213901
v 0.030829 0.094403 0.551044
v -0.076679 0.087955 0.546870
v 0.045725 0.050883 0.629170
v -0.082293 0.046541 0.624128
v 0.101104 0.109347 0.338623
v 0.099181 0.073488 0.568108
v -0.133481 0.100998 0.330232
v -0.133066 0.061153 0.556074
v -0.001472 -0.270656 -0.371775
v -0.071929 -0.132743 -0.382744
v -0.036702 -0.368063 -0.320455
v -0.127022 -0.237818 -0.368278
v 0.072187 -0.137984 -0.383343
v 0.036494 -0.371291 -0.323139
v 0.126300 -0.234293 -0.346117
v 0.033133 0.012877 -0.465384
v -0.045151 0.013460 -0.466718
v 0.043883 0.003206 -0.566099
v -0.068233 0.005733 -0.567972
v 0.119847 -0.097115 -0.360857
v 0.086874 0.011294 -0.487179
v -0.117175 -0.090690 -0.366935
v -0.101616 0.013629 -0.490441
v -0.008003 0.582738 -0.641199
v -0.168812 0.454110 -0.674892
v -0.069208 0.672153 -0.547725
v -0.228303 0.533568 -0.588971
v 0.144780 0.443717 -0.684289
v 0.069619 0.662090 -0.561835
v 0.228061 0.524651 -0.622203
v 0.075882 0.269358 -0.774793
v -0.114906 0.269009 -0.777466
v 0.075695 0.166267 -0.773411
v -0.115147 0.164516 -0.795030
v 0.238174 0.390006 -0.669498
v 0.181836 0.210084 -0.790126
v -0.247700 0.395322 -0.643240
v -0.219231 0.211124 -0.800265
v 0.423393 0.078878 -0.339668
v 0.482439 0.058746 -0.179555
v 0.360575 0.107406 -0.345000
v 0.455599 0.065998 -0.181084
v 0.363958 0.097205 -0.248855
v 0.458346 0.082358 -0.142436
v 0.310905 0.071976 -0.195232
v 0.400745 0.093040 -0.091411
v 0.364737 0.096220 -0.391855
v 0.292022 0.063859 -0.284785
v 0.296963 0.089653 -0.448653
v 0.346990 0.120007 -0.436821
v 0.321597 0.099883 -0.498418
v 0.494907 0.050227 -0.113803
v 0.482115 0.071464 -0.076947
v 0.397114 0.053714 0.240880
v 0.485375 0.049784 0.122158
v 0.369476 0.069705 0.184155
v 0.473821 0.058525 0.073291
v 0.357295 0.034305 0.293852
v 0.447231 0.071965 0.168252
v 0.327685 -0.022537 0.284598
v 0.397385 0.084537 0.166483
v 0.337952 0.026618 0.364238
v 0.319675 -0.058158 0.374919
v 0.291973 -0.022578 0.455343
v 0.325927 0.030048 0.294206
v 0.287831 0.005981 0.430479
v 0.496715 0.047345 0.060634
v 0.462464 0.074925 0.107026
v -0.392202 0.091412 -0.348411
v -0.456102 0.063627 -0.196343
v -0.342765 0.112954 -0.345436
v -0.433995 0.074137 -0.188915
v -0.362458 0.099589 -0.269056
v -0.438289 0.086414 -0.164669
v -0.310038 0.071544 -0.213975
v -0.393900 0.094468 -0.112923
v -0.362054 0.099398 -0.402710
v -0.291243 0.070340 -0.300613
v -0.301412 0.092345 -0.453926
v -0.334000 0.131936 -0.434502
v -0.322931 0.109252 -0.498254
v -0.474664 0.052130 -0.126559
v -0.455234 0.072747 -0.097473
v -0.391272 0.040461 0.259997
v -0.480560 0.041391 0.116756
v -0.359013 0.056406 0.203598
v -0.462102 0.056017 0.074429
v -0.357056 0.022801 0.307831
v -0.443605 0.058423 0.162383
v -0.332356 -0.027103 0.306848
v -0.395329 0.074981 0.169940
v -0.339801 0.021350 0.380374
v -0.318990 -0.058384 0.389924
v -0.292455 -0.026180 0.464251
v -0.325567 0.009196 0.322741
v -0.296329 -0.009318 0.448445
v -0.496685 0.035856 0.050998
v -0.464596 0.056466 0.091888
v -0.007226 0.362440 -0.140026
v -0.024899 0.276774 -0.129115
v 0.011463 0.632142 -0.281700
v -0.038267 0.672826 -0.358917
v -0.004047 0.278977 -0.126811
v 0.078466 0.689137 -0.376004
v -0.166108 0.154949 0.112727
v -0.228874 0.113364 0.125290
v -0.210754 0.091555 0.231665
v -0.424642 0.509240 -0.358609
v -0.268346 0.322552 -0.364371
v -0.284610 0.342006 -0.464312
v -0.419295 0.086637 -0.115885
v -0.429339 0.076397 -0.053422
v -0.478118 0.050281 -0.056838
v 0.153244 0.162807 0.108749
v 0.228044 0.123761 0.109583
v 0.201327 0.108557 0.217751
v 0.422652 0.506756 -0.355033
v 0.270002 0.316014 -0.370848
v 0.285573 0.339004 -0.475115
v 0.425390 0.080926 -0.117392
v 0.437330 0.076098 -0.055557
v 0.497021 0.043526 -0.050246
v 0.007573 -0.597505 0.219059
v -0.040780 -0.588235 0.339591
v -0.001845 -0.526830 -0.138179
v -0.044929 -0.532002 -0.211518
v 0.051511 -0.593179 0.336700
v 0.043157 -0.531054 -0.211715
v -0.309694 -0.414644 0.438702
v -0.312133 -0.259055 0.362605
v -0.330960 -0.281735 0.472903
v -0.260594 -0.274462 -0.291897
v -0.291658 -0.159784 -0.236300
v -0.226958 -0.098909 -0.292261
v -0.341017 0.070308 0.013791
v -0.344799 0.065255 0.083490
v -0.423613 0.079567 0.016838
v 0.308596 -0.417332 0.427307
v 0.311918 -0.264122 0.348145
v 0.325773 -0.290160 0.457792
v 0.273396 -0.279418 -0.288972
v 0.298358 -0.164030 -0.228140
v 0.235237 -0.105912 -0.285526
v 0.336139 0.063486 0.030399
v 0.336066 0.057975 0.093839
v 0.410738 0.094570 0.041547
v 0.136652 -0.035125 0.676972
v 0.214617 -0.060752 0.639624
v -0.158303 -0.036031 0.666054
v -0.222964 -0.060270 0.627148
v 0.193362 -0.004201 0.602854
v -0.206650 -0.012376 0.591692
v 0.146371 0.033875 -0.704063
v 0.197313 0.025418 -0.607324
v -0.176806 0.040495 -0.704770
v -0.214690 0.041007 -0.603629
v 0.243386 0.062161 -0.705365
v -0.260594 0.074859 -0.696189
v -0.120552 0.375412 -0.162258
v -0.123201 0.336600 -0.159241
v -0.133113 0.374610 -0.170410
v -0.144385 0.332997 -0.172961
v -0.137112 0.313074 -0.162982
v 0.135078 0.391520 -0.172633
v 0.137460 0.354907 -0.161960
v 0.149983 0.387116 -0.185032
v 0.160026 0.342594 -0.185325
v 0.151292 0.323333 -0.172734
v -0.263312 -0.556774 0.015508
v -0.262176 -0.509580 0.045734
v -0.291247 -0.565158 -0.005656
v -0.299407 -0.508000 0.007275
v -0.282241 -0.480031 0.041090
v 0.272869 -0.552927 0.013475
v 0.272502 -0.508066 0.044718
v 0.298329 -0.561701 -0.007743
v 0.307257 -0.506447 0.004363
v 0.291845 -0.479679 0.038385
v -0.027419 -0.442525 0.698464
v 0.018690 -0.443111 0.698592
v -0.008527 -0.365963 0.717808
v 0.029366 -0.396179 0.710426
v -0.042754 -0.395104 0.709827
v -0.034827 0.115133 0.368370
v -0.016492 0.116373 0.370708
v -0.026624 0.113055 0.459295
v -0.009836 0.115841 0.427071
v -0.041995 0.112039 0.421006
v -0.011262 -0.114629 -0.402141
v 0.008396 -0.115908 -0.402631
v -0.002125 -0.034731 -0.417299
v 0.012916 -0.067996 -0.410889
v -0.016477 -0.066011 -0.410373
v -0.035820 0.436123 -0.697295
v 0.008838 0.434671 -0.698416
v -0.016433 0.365801 -0.729360
v 0.020468 0.390708 -0.718070
v -0.050800 0.392397 -0.716434
v 0.461281 0.064322 -0.251963
v 0.443086 0.079510 -0.236616
v 0.432551 0.080472 -0.272170
v 0.449234 0.067735 -0.281660
v 0.458992 0.069742 -0.225328
v 0.448296 0.056651 0.214131
v 0.437607 0.067048 0.228426
v 0.420898 0.062940 0.258091
v 0.426823 0.061254 0.249067
v 0.454319 0.059422 0.202779
v -0.443591 0.069370 -0.268895
v -0.433810 0.079421 -0.255808
v -0.426740 0.079300 -0.291111
v -0.435790 0.072539 -0.300558
v -0.448239 0.070962 -0.241817
v -0.435422 0.049624 0.222284
v -0.427990 0.056516 0.234535
v -0.412885 0.053858 0.267194
v -0.417096 0.051952 0.261025
v -0.441764 0.052109 0.207031
v -0.019015 0.501360 -0.189627
v 0.023122 0.503910 -0.192744
v -0.009125 0.472282 -0.174537
v -0.008564 0.538213 -0.208164
v 0.009708 0.473242 -0.175234
v 0.015362 0.539038 -0.210817
v -0.060529 0.226546 -0.111812
v -0.066593 0.203068 0.007164
v -0.046919 0.232962 -0.115671
v -0.085723 0.210378 -0.040616
v -0.048099 0.213820 -0.064790
v -0.086088 0.206629 0.016040
v -0.205407 0.615064 -0.357584
v -0.208226 0.699011 -0.462280
v -0.172882 0.675012 -0.376568
v -0.262849 0.614974 -0.379425
v -0.220358 0.793762 -0.427804
v -0.223838 0.639813 -0.431722
v -0.266059 0.161355 -0.233313
v -0.331633 0.124362 -0.252569
v -0.261127 0.178450 -0.268986
v -0.310905 0.136203 -0.207302
v -0.289943 0.147102 -0.283904
v -0.344072 0.120097 -0.214089
v -0.286091 0.112204 -0.005116
v -0.355647 0.085018 0.068727
v -0.279391 0.107714 0.036049
v -0.329631 0.101718 -0.007525
v -0.312726 0.093001 0.076090
v -0.366495 0.088125 0.026471
v 0.040314 0.225883 -0.103720
v 0.036060 0.203999 0.017121
v 0.021534 0.231835 -0.107867
v 0.017398 0.214607 -0.054600
v 0.065642 0.211555 -0.032935
v 0.059630 0.209501 0.025795
v 0.219502 0.625566 -0.375827
v 0.200263 0.638047 -0.494420
v 0.195657 0.698684 -0.401325
v 0.221628 0.786939 -0.469386
v 0.284306 0.630250 -0.386391
v 0.281571 0.626123 -0.453991
v 0.280330 0.153236 -0.245737
v 0.345981 0.116679 -0.256842
v 0.273751 0.171835 -0.280298
v 0.324208 0.129214 -0.215945
v 0.302918 0.139950 -0.291443
v 0.356865 0.112708 -0.218750
v 0.301679 0.114748 -0.023972
v 0.374291 0.088892 0.054848
v 0.293224 0.111908 0.016603
v 0.345349 0.103927 -0.022183
v 0.327460 0.097674 0.058583
v 0.384331 0.090104 0.014520
v -0.040074 -0.563625 0.016767
v 0.049402 -0.568702 0.019590
v -0.016329 -0.569881 0.063467
v -0.020973 -0.553246 -0.023877
v 0.027468 -0.572109 0.065144
v 0.026889 -0.555863 -0.023154
v -0.187046 -0.547404 0.383067
v -0.205567 -0.766806 0.464841
v -0.148351 -0.570418 0.393617
v -0.234964 -0.567011 0.412014
v -0.148373 -0.657652 0.437336
v -0.269443 -0.673771 0.455223
v -0.201214 -0.612461 -0.284201
v -0.138209 -0.432731 -0.302050
v -0.147475 -0.586314 -0.269759
v -0.218516 -0.511777 -0.295841
v -0.122393 -0.497554 -0.281712
v -0.181740 -0.430913 -0.302358
v -0.351329 -0.118588 -0.081348
v -0.295473 0.034767 -0.105362
v -0.333299 -0.117502 -0.125085
v -0.322893 -0.044750 -0.055693
v -0.307600 -0.037380 -0.135285
v -0.301748 0.032006 -0.066461
v -0.307228 -0.141129 0.194916
v -0.326679 -0.031769 0.228114
v -0.309276 -0.156049 0.237523
v -0.311730 -0.067468 0.173664
v -0.318898 -0.104045 0.253413
v -0.322255 -0.007781 0.190989
v 0.198307 -0.547464 0.375677
v 0.207296 -0.767547 0.463537
v 0.159210 -0.577896 0.390010
v 0.153215 -0.662481 0.435579
v 0.239755 -0.562061 0.408756
v 0.266425 -0.661927 0.456170
v 0.209745 -0.625545 -0.283074
v 0.142081 -0.437839 -0.300684
v 0.150903 -0.592828 -0.269632
v 0.125217 -0.502616 -0.281370
v 0.230077 -0.527576 -0.294082
v 0.188329 -0.437067 -0.301060
v 0.354265 -0.127084 -0.077008
v 0.299253 0.031199 -0.091639
v 0.335186 -0.124129 -0.118308
v 0.326213 -0.052393 -0.047108
v 0.311134 -0.042353 -0.124379
v 0.305350 0.026835 -0.053411
v 0.314652 -0.154046 0.181595
v 0.328644 -0.045533 0.205163
v 0.314211 -0.166235 0.221909
v 0.320214 -0.085902 0.160188
v 0.320874 -0.112928 0.234090
v 0.327967 -0.030383 0.172794
v -0.018741 -0.071577 0.742608
v -0.016994 -0.005638 0.695462
v 0.021555 -0.054481 0.729010
v -0.055852 -0.054411 0.722852
v 0.020525 -0.021113 0.705768
v -0.053519 -0.021658 0.700890
v 0.282975 -0.205625 0.622986
v 0.301352 -0.119956 0.522483
v 0.307484 -0.218955 0.575123
v 0.314371 -0.167599 0.525261
v 0.275418 -0.149732 0.624189
v 0.288887 -0.112895 0.574114
v -0.282803 -0.194159 0.622372
v -0.299081 -0.114892 0.526435
v -0.305728 -0.207653 0.579197
v -0.313316 -0.158800 0.531933
v -0.274787 -0.141258 0.619790
v -0.283854 -0.108739 0.570583
v 0.172014 0.065165 0.443022
v 0.240940 0.033057 0.411727
v 0.189400 0.069487 0.384434
v 0.225242 0.053250 0.371938
v 0.188234 0.046272 0.486025
v 0.221171 0.031184 0.465904
v -0.191409 0.044158 0.436514
v -0.253274 0.000971 0.429272
v -0.206054 0.046463 0.386506
v -0.237440 0.024561 0.386131
v -0.204446 0.025073 0.479240
v -0.233858 0.006691 0.468869
v -0.019485 0.016471 -0.681176
v -0.023633 0.076575 -0.756580
v 0.018611 0.026209 -0.703696
v -0.059281 0.028287 -0.702870
v 0.019909 0.054570 -0.746045
v -0.063753 0.059688 -0.739244
v 0.153851 0.010040 -0.402274
v 0.225260 0.038229 -0.390590
v 0.171652 0.002415 -0.359019
v 0.206642 0.019881 -0.353359
v 0.172862 0.021867 -0.446075
v 0.208527 0.035830 -0.439739
v -0.159407 0.017161 -0.410961
v -0.226336 0.055797 -0.401053
v -0.172547 0.011983 -0.369644
v -0.205726 0.034666 -0.364384
v -0.180475 0.032430 -0.452698
v -0.214162 0.048856 -0.446912
v 0.304168 0.223332 -0.704283
v 0.317887 0.161262 -0.586760
v 0.310494 0.245133 -0.639028
v 0.313379 0.205822 -0.582810
v 0.308250 0.166417 -0.713348
v 0.311212 0.144555 -0.646253
v -0.308659 0.230258 -0.675558
v -0.317208 0.171929 -0.570905
v -0.308270 0.252106 -0.611361
v -0.310989 0.214477 -0.564094
v -0.313596 0.175298 -0.688074
v -0.315514 0.155235 -0.628286
v 0.514457 0.050870 -0.030308
v 0.503601 0.055745 0.023895
v 0.515571 0.046635 -0.025679
v 0.510179 0.048894 0.000984
v 0.506603 0.060979 -0.009790
v 0.500809 0.063245 0.018257
v -0.496388 0.040667 -0.045118
v -0.500341 0.036558 0.008627
v -0.498556 0.035627 -0.035758
v -0.500012 0.034910 -0.010598
v -0.495111 0.043222 -0.028436
v -0.497696 0.042391 -0.000807
v -0.093653 0.432365 -0.172895
v -0.058495 0.480644 -0.181281
v -0.079524 0.418405 -0.162525
v -0.092629 0.473146 -0.190009
v -0.062855 0.441949 -0.165069
v -0.073636 0.498621 -0.195613
v -0.101870 0.305255 -0.146946
v -0.079055 0.266421 -0.135585
v -0.086607 0.329325 -0.146695
v -0.105957 0.263903 -0.140941
v -0.075592 0.307855 -0.140836
v -0.095522 0.245826 -0.133077
v -0.148684 0.435241 -0.217310
v -0.174282 0.515293 -0.277340
v -0.133358 0.476924 -0.226384
v -0.173095 0.424953 -0.234431
v -0.141252 0.516444 -0.256155
v -0.189748 0.466172 -0.263071
v -0.177989 0.289129 -0.192327
v -0.214881 0.228119 -0.210720
v -0.189471 0.317548 -0.213116
v -0.188254 0.238272 -0.180905
v -0.208308 0.290610 -0.223930
v -0.214345 0.210055 -0.186225
v -0.157127 0.234303 -0.143985
v -0.218566 0.168980 -0.080733
v -0.152380 0.220678 -0.126764
v -0.185992 0.210380 -0.139199
v -0.183018 0.189367 -0.089845
v -0.220243 0.178085 -0.109188
v 0.100422 0.446343 -0.184746
v 0.063737 0.488244 -0.190831
v 0.083264 0.430638 -0.171722
v 0.101466 0.482150 -0.205702
v 0.065476 0.451807 -0.172393
v 0.082127 0.508428 -0.209119
v 0.105672 0.314048 -0.154151
v 0.071710 0.272252 -0.138628
v 0.087214 0.337931 -0.152672
v 0.108263 0.270600 -0.149017
v 0.070783 0.314673 -0.144098
v 0.091952 0.251796 -0.139675
v 0.163570 0.443635 -0.234418
v 0.189997 0.524171 -0.295090
v 0.147968 0.485774 -0.244083
v 0.187846 0.431068 -0.251386
v 0.157834 0.525645 -0.274757
v 0.203740 0.472415 -0.279745
v 0.195248 0.290611 -0.209190
v 0.230532 0.222494 -0.228315
v 0.205282 0.318694 -0.230370
v 0.204474 0.235600 -0.198871
v 0.222856 0.288375 -0.241797
v 0.230131 0.204210 -0.203703
v 0.164790 0.232065 -0.162653
v 0.227828 0.167191 -0.099619
v 0.156514 0.218764 -0.145896
v 0.196719 0.207186 -0.158818
v 0.188710 0.188419 -0.108224
v 0.231087 0.175574 -0.127996
v -0.200156 -0.600633 0.011343
v -0.122091 -0.586195 0.010098
v -0.172626 -0.555413 0.034587
v -0.189682 -0.658330 -0.015592
v -0.136420 -0.555371 0.039539
v -0.145912 -0.635508 -0.021952
v -0.227761 -0.488938 0.128200
v -0.204501 -0.501501 0.239430
v -0.199655 -0.514911 0.134672
v -0.240023 -0.455875 0.168609
v -0.185421 -0.519628 0.192013
v -0.231427 -0.464270 0.222600
v -0.328681 -0.702079 -0.086230
v -0.290653 -0.760218 -0.222669
v -0.280473 -0.769762 -0.091304
v -0.355409 -0.662974 -0.135432
v -0.259430 -0.792389 -0.159803
v -0.346737 -0.687102 -0.207500
v -0.335158 -0.427339 -0.030457
v -0.353128 -0.286771 -0.061493
v -0.353252 -0.456444 -0.077806
v -0.328127 -0.343713 -0.004195
v -0.360324 -0.379991 -0.094883
v -0.336363 -0.276469 -0.019311
v -0.288243 -0.371522 0.095358
v -0.296665 -0.257478 0.149123
v -0.278269 -0.367661 0.139543
v -0.301556 -0.318941 0.079882
v -0.285489 -0.316638 0.168138
v -0.302932 -0.256016 0.105713
v 0.210472 -0.600158 0.014036
v 0.134381 -0.588920 0.013993
v 0.186217 -0.557821 0.042289
v 0.197009 -0.660166 -0.012058
v 0.150603 -0.562672 0.048318
v 0.154606 -0.637661 -0.017895
v 0.239241 -0.490395 0.127884
v 0.214997 -0.503395 0.236712
v 0.212024 -0.517239 0.136993
v 0.250485 -0.457967 0.165365
v 0.197319 -0.521923 0.192269
v 0.241093 -0.466322 0.218572
v 0.330209 -0.699573 -0.086882
v 0.290448 -0.762489 -0.217609
v 0.280791 -0.769832 -0.092639
v 0.355562 -0.660221 -0.134481
v 0.255911 -0.793230 -0.158429
v 0.347915 -0.688205 -0.199398
v 0.342571 -0.429755 -0.033524
v 0.359124 -0.294269 -0.060819
v 0.357165 -0.457134 -0.079110
v 0.336652 -0.349290 -0.006697
v 0.363888 -0.383757 -0.094415
v 0.343042 -0.283528 -0.019797
v 0.298188 -0.375265 0.090288
v 0.304909 -0.265124 0.141253
v 0.288116 -0.371697 0.133300
v 0.310708 -0.324455 0.074992
v 0.294145 -0.322221 0.160300
v 0.311228 -0.263595 0.099991
v -0.090336 -0.545490 0.676513
v -0.146518 -0.762127 0.666150
v -0.063251 -0.570859 0.650924
v -0.155786 -0.565735 0.689374
v -0.077932 -0.653949 0.635921
v -0.208860 -0.692966 0.700326
v 0.088806 -0.546129 0.679296
v 0.148782 -0.761828 0.668424
v 0.067308 -0.569979 0.654187
v 0.153887 -0.566871 0.691781
v 0.079376 -0.656807 0.640567
v 0.207439 -0.687666 0.701968
v -0.016967 -0.255429 0.749079
v -0.028311 -0.142982 0.803632
v 0.021530 -0.223662 0.761920
v -0.060037 -0.228805 0.749240
v 0.007899 -0.173052 0.822504
v -0.062579 -0.175930 0.761062
v 0.122368 -0.358747 0.711879
v 0.217405 -0.293068 0.689230
v 0.172064 -0.404057 0.698824
v 0.122378 -0.293111 0.724592
v 0.223341 -0.369134 0.687083
v 0.169175 -0.262011 0.713690
v -0.135528 -0.353170 0.710252
v -0.223176 -0.283059 0.685410
v -0.178374 -0.397138 0.697586
v -0.141801 -0.285928 0.722607
v -0.225630 -0.359121 0.684901
v -0.182920 -0.254331 0.707066
v -0.052432 0.129629 0.258465
v -0.064174 0.166332 0.135022
v -0.040736 0.147036 0.195702
v -0.072059 0.128810 0.261418
v -0.046618 0.164817 0.132601
v -0.078745 0.147335 0.200841
v 0.004770 0.129384 0.263714
v 0.025447 0.166335 0.141570
v -0.003987 0.147174 0.198836
v 0.026826 0.127648 0.269397
v 0.005442 0.164902 0.136883
v 0.038906 0.147018 0.208436
v -0.023837 0.090218 0.556016
v -0.019422 0.049546 0.636899
v 0.005913 0.082471 0.575759
v -0.051245 0.080996 0.577741
v 0.010775 0.061376 0.615434
v -0.051173 0.059481 0.614553
v 0.040547 0.110637 0.452453
v 0.103657 0.092956 0.460661
v 0.056209 0.110791 0.394959
v 0.052711 0.103236 0.516367
v 0.086867 0.104371 0.398288
v 0.085892 0.093180 0.524032
v -0.086331 0.100523 0.443633
v -0.136135 0.077514 0.444112
v -0.097986 0.102907 0.384475
v -0.097013 0.091522 0.506209
v -0.122551 0.093763 0.386558
v -0.122473 0.077105 0.504104
v -0.042433 -0.206269 -0.378677
v -0.085276 -0.309098 -0.340667
v -0.031924 -0.263492 -0.364019
v -0.069304 -0.195322 -0.373503
v -0.051300 -0.314005 -0.341876
v -0.093708 -0.247458 -0.359978
v 0.041813 -0.213995 -0.393780
v 0.086508 -0.313533 -0.341818
v 0.031710 -0.276106 -0.380889
v 0.070529 -0.200620 -0.379959
v 0.051600 -0.320764 -0.348916
v 0.094896 -0.250389 -0.357158
v -0.006453 0.013063 -0.475642
v -0.012966 0.001932 -0.575542
v 0.013909 0.010337 -0.495887
v -0.029574 0.010282 -0.496566
v 0.014914 0.004843 -0.545866
v -0.036985 0.005628 -0.546865
v 0.049237 -0.035553 -0.408686
v 0.090533 -0.005866 -0.401757
v 0.071168 -0.076818 -0.391361
v 0.050551 0.002658 -0.434104
v 0.091186 -0.055227 -0.380816
v 0.073727 0.009308 -0.438897
v -0.051416 -0.028485 -0.407327
v -0.094901 -0.001403 -0.407009
v -0.070938 -0.069715 -0.391094
v -0.057726 0.007191 -0.435252
v -0.089454 -0.047270 -0.382806
v -0.083051 0.011532 -0.442901
v -0.096596 0.526902 -0.657041
v -0.162628 0.626471 -0.582600
v -0.071321 0.584172 -0.637106
v -0.153684 0.517302 -0.652983
v -0.101978 0.629710 -0.589631
v -0.192102 0.568276 -0.622244
v 0.076064 0.517928 -0.662310
v 0.158950 0.607039 -0.608176
v 0.055142 0.574847 -0.639650
v 0.132714 0.504048 -0.661547
v 0.096691 0.621904 -0.611263
v 0.177694 0.550043 -0.637887
v -0.022260 0.268600 -0.771509
v -0.020901 0.168858 -0.774974
v 0.026178 0.243493 -0.775866
v -0.068458 0.242952 -0.777751
v 0.027102 0.192963 -0.774616
v -0.068461 0.192297 -0.782833
v 0.115266 0.350910 -0.735187
v 0.220089 0.293884 -0.750442
v 0.155431 0.383684 -0.710701
v 0.125819 0.296839 -0.770424
v 0.204780 0.356097 -0.710100
v 0.183074 0.266781 -0.790891
v -0.145169 0.355284 -0.729213
v -0.243744 0.300114 -0.730158
v -0.181109 0.391157 -0.700304
v -0.160400 0.299204 -0.769217
v -0.227030 0.363531 -0.694274
v -0.212289 0.270525 -0.776512
v 0.463024 0.064813 -0.253986
v 0.407217 0.088517 -0.259564
v 0.429073 0.078336 -0.297959
v 0.471251 0.064472 -0.214639
v 0.398794 0.091616 -0.300774
v 0.445485 0.073075 -0.218481
v 0.412747 0.094386 -0.191034
v 0.353775 0.096086 -0.137306
v 0.375117 0.095869 -0.205878
v 0.422947 0.091500 -0.153336
v 0.346474 0.091306 -0.178792
v 0.393716 0.095841 -0.127059
v 0.371500 0.100939 -0.320805
v 0.296803 0.081357 -0.363242
v 0.350954 0.099539 -0.294754
v 0.353058 0.102525 -0.371059
v 0.312940 0.085361 -0.314026
v 0.316389 0.097701 -0.396067
v 0.407366 0.078846 -0.372167
v 0.346526 0.109192 -0.476933
v 0.403143 0.083278 -0.381767
v 0.372280 0.092091 -0.408558
v 0.364880 0.103839 -0.432193
v 0.347551 0.100806 -0.461726
v 0.482279 0.063179 -0.156429
v 0.500695 0.054514 -0.090197
v 0.488248 0.058377 -0.150187
v 0.478492 0.069634 -0.132128
v 0.495291 0.054108 -0.117500
v 0.492119 0.063408 -0.098400
v 0.453902 0.059800 0.175066
v 0.438579 0.075107 0.125577
v 0.428936 0.065800 0.196742
v 0.469677 0.056731 0.135733
v 0.420620 0.073708 0.172484
v 0.463433 0.063881 0.111216
v 0.407376 0.061879 0.226045
v 0.359040 0.034124 0.215275
v 0.371833 0.039818 0.256925
v 0.421861 0.073762 0.196329
v 0.350725 0.021920 0.250703
v 0.393090 0.062826 0.192910
v 0.355447 0.036196 0.334965
v 0.304779 -0.034446 0.418338
v 0.340378 0.023433 0.333063
v 0.333467 0.018154 0.371979
v 0.316239 -0.017776 0.373498
v 0.306891 -0.010812 0.415212
v 0.369908 0.042278 0.305157
v 0.308531 0.017702 0.367372
v 0.367349 0.041807 0.287521
v 0.339985 0.028841 0.350745
v 0.334604 0.029048 0.316959
v 0.311916 0.017895 0.382620
v 0.481894 0.054599 0.139213
v 0.495918 0.051923 0.079823
v 0.491097 0.049682 0.113754
v 0.471055 0.062615 0.137998
v 0.495687 0.048418 0.084428
v 0.481382 0.061743 0.107250
v -0.433074 0.073020 -0.266178
v -0.386667 0.094654 -0.263828
v -0.400513 0.087621 -0.306745
v -0.438686 0.070769 -0.228996
v -0.376603 0.098338 -0.305310
v -0.420607 0.079252 -0.227077
v -0.407920 0.100474 -0.213243
v -0.350926 0.092396 -0.159184
v -0.373341 0.099929 -0.227100
v -0.412345 0.096623 -0.175622
v -0.344842 0.090618 -0.199732
v -0.387907 0.100420 -0.148878
v -0.368102 0.098794 -0.337688
v -0.298257 0.089476 -0.376713
v -0.348763 0.098704 -0.313020
v -0.351663 0.101425 -0.384121
v -0.312804 0.088792 -0.330132
v -0.318802 0.099133 -0.407330
v -0.394838 0.088948 -0.384923
v -0.339973 0.124349 -0.472062
v -0.382290 0.095289 -0.390827
v -0.366289 0.099870 -0.416676
v -0.352045 0.115415 -0.433690
v -0.343386 0.111374 -0.462754
v -0.460500 0.068083 -0.176436
v -0.480907 0.053098 -0.108138
v -0.465713 0.060606 -0.167420
v -0.455687 0.073732 -0.153508
v -0.475893 0.053822 -0.132384
v -0.464520 0.066665 -0.119839
v -0.438173 0.049740 0.183599
v -0.417635 0.068903 0.136470
v -0.416082 0.052136 0.210390
v -0.455626 0.050085 0.139090
v -0.404961 0.063485 0.187026
v -0.447256 0.059099 0.116462
v -0.403883 0.049422 0.233399
v -0.359355 0.031771 0.240522
v -0.371423 0.030235 0.270936
v -0.416738 0.058887 0.198100
v -0.353353 0.013325 0.272111
v -0.388725 0.059359 0.204819
v -0.352763 0.025867 0.345208
v -0.302713 -0.034469 0.430069
v -0.340534 0.011851 0.346941
v -0.331655 0.014930 0.384019
v -0.316955 -0.022742 0.388726
v -0.306647 -0.014357 0.426329
v -0.374174 0.032211 0.328016
v -0.316505 -0.002447 0.392702
v -0.367626 0.028041 0.310176
v -0.346779 0.018765 0.373782
v -0.336913 0.011372 0.342394
v -0.321707 0.001464 0.407662
v -0.474706 0.044580 0.131076
v -0.497614 0.039151 0.065395
v -0.485898 0.040667 0.104748
v -0.470007 0.049557 0.127397
v -0.496048 0.037769 0.071978
v -0.485472 0.045862 0.091736
v -0.026178 0.399973 -0.147967
v -0.040000 0.308282 -0.134655
v -0.040785 0.391915 -0.145934
v -0.047212 0.342742 -0.140082
v -0.020669 0.358786 -0.141110
v -0.028420 0.314801 -0.134861
v -0.038056 0.583745 -0.252744
v -0.091761 0.623043 -0.311260
v -0.066717 0.565985 -0.249319
v -0.092467 0.580923 -0.275389
v -0.025400 0.621124 -0.281480
v -0.052294 0.639977 -0.317253
v 0.019381 0.407377 -0.143218
v 0.022344 0.315546 -0.130000
v 0.035571 0.401303 -0.142040
v 0.037048 0.351331 -0.136986
v 0.006736 0.365909 -0.136428
v 0.008348 0.321221 -0.130195
v 0.055114 0.589306 -0.263529
v 0.116829 0.646752 -0.330399
v 0.083046 0.576028 -0.263203
v 0.112122 0.595661 -0.292578
v 0.048894 0.624585 -0.293372
v 0.081303 0.657005 -0.332878
v -0.142413 0.182828 -0.000634
v -0.207229 0.146345 0.026163
v -0.144392 0.189286 -0.042283
v -0.177322 0.171924 -0.025304
v -0.170150 0.158981 0.060950
v -0.202055 0.139461 0.070736
v -0.029752 0.213235 -0.066071
v -0.010233 0.213739 -0.063157
v -0.026450 0.197393 0.001172
v -0.013719 0.197584 0.002704
v -0.024352 0.238149 -0.116622
v -0.015292 0.238514 -0.115540
v -0.131873 0.161069 0.156449
v -0.170988 0.098572 0.278356
v -0.124940 0.140274 0.211966
v -0.143145 0.112909 0.273698
v -0.159710 0.143473 0.164777
v -0.180484 0.110783 0.224988
v -0.311193 0.512490 -0.305404
v -0.247472 0.339662 -0.299837
v -0.245463 0.449274 -0.288150
v -0.237977 0.372882 -0.278141
v -0.327802 0.475968 -0.338345
v -0.248126 0.393728 -0.337258
v -0.064249 0.709919 -0.442336
v 0.090900 0.717964 -0.461428
v -0.030396 0.694427 -0.501764
v 0.043350 0.691561 -0.510085
v -0.014978 0.693669 -0.405043
v 0.062879 0.695775 -0.413698
v -0.312300 0.536592 -0.497566
v -0.277783 0.382714 -0.555532
v -0.263681 0.497742 -0.557360
v -0.264004 0.425960 -0.585898
v -0.335777 0.489812 -0.458273
v -0.275653 0.409838 -0.495436
v -0.330537 0.126018 -0.141249
v -0.337970 0.111385 -0.078010
v -0.292426 0.143415 -0.137739
v -0.295750 0.134117 -0.107517
v -0.378060 0.102840 -0.113137
v -0.381858 0.096995 -0.081285
v -0.285063 0.178825 -0.369693
v -0.299751 0.213510 -0.459940
v -0.310609 0.141757 -0.383760
v -0.312007 0.156901 -0.429012
v -0.279954 0.256955 -0.391002
v -0.287524 0.270233 -0.438675
v -0.434577 0.080103 -0.149610
v -0.479327 0.048770 -0.088683
v -0.449771 0.068328 -0.152097
v -0.468926 0.055737 -0.122068
v -0.448730 0.073567 -0.116811
v -0.471463 0.056378 -0.086937
v -0.292003 0.076018 0.174023
v -0.266688 0.043600 0.285784
v -0.318490 0.054966 0.219306
v -0.304166 0.033152 0.278737
v -0.254548 0.086812 0.179111
v -0.243301 0.072543 0.236098
v -0.457096 0.062668 0.009299
v -0.495602 0.035251 -0.000552
v -0.473976 0.051188 0.036848
v -0.493350 0.036830 0.028541
v -0.464294 0.058873 -0.025235
v -0.484614 0.044385 -0.027106
v 0.132291 0.186043 -0.006370
v 0.208447 0.150144 0.011335
v 0.138193 0.191402 -0.052858
v 0.176486 0.173967 -0.039537
v 0.161537 0.164904 0.053467
v 0.199350 0.146055 0.058058
v 0.106684 0.165621 0.161048
v 0.149763 0.111129 0.278694
v 0.095040 0.143210 0.218317
v 0.114421 0.118473 0.280392
v 0.141509 0.151852 0.163792
v 0.164132 0.123324 0.220030
v 0.316545 0.502191 -0.328446
v 0.253102 0.333562 -0.309910
v 0.255827 0.446840 -0.303563
v 0.246777 0.369220 -0.292182
v 0.331319 0.470575 -0.339933
v 0.252430 0.387904 -0.340946
v 0.319524 0.531407 -0.512735
v 0.276151 0.379826 -0.575041
v 0.264580 0.491924 -0.581637
v 0.259779 0.421732 -0.609741
v 0.335517 0.487200 -0.465609
v 0.273323 0.410068 -0.508602
v 0.342284 0.121989 -0.150597
v 0.350529 0.112589 -0.089349
v 0.305481 0.140885 -0.150976
v 0.308636 0.134025 -0.121983
v 0.387447 0.099274 -0.118926
v 0.392643 0.095715 -0.087954
v 0.292958 0.167390 -0.377036
v 0.306750 0.205375 -0.468843
v 0.322745 0.131696 -0.388188
v 0.322750 0.146020 -0.434319
v 0.283280 0.247795 -0.399185
v 0.291736 0.263421 -0.447810
v 0.445921 0.068620 -0.147638
v 0.499641 0.043743 -0.080418
v 0.473325 0.054487 -0.144204
v 0.491393 0.047773 -0.111764
v 0.458859 0.062991 -0.114725
v 0.493369 0.044221 -0.080174
v 0.297716 0.090230 0.153407
v 0.263461 0.068800 0.262011
v 0.323832 0.072377 0.196254
v 0.304506 0.057358 0.251213
v 0.255415 0.102364 0.159033
v 0.240428 0.093737 0.213631
v 0.468101 0.062045 0.008961
v 0.503691 0.043261 0.007040
v 0.485111 0.052148 0.038996
v 0.497150 0.045661 0.035465
v 0.472947 0.059290 -0.022865
v 0.497924 0.044095 -0.020902
v -0.060992 -0.592604 0.157295
v -0.101176 -0.576992 0.272745
v -0.098499 -0.573585 0.154391
v -0.117973 -0.567157 0.209094
v -0.039665 -0.604251 0.217064
v -0.061451 -0.597169 0.277068
v -0.072527 -0.578237 -0.103039
v -0.098523 -0.639305 -0.192693
v -0.101989 -0.651703 -0.102666
v -0.107215 -0.706187 -0.153869
v -0.053773 -0.547046 -0.139915
v -0.069127 -0.567519 -0.180352
v 0.074633 -0.589004 0.160933
v 0.113482 -0.577235 0.271286
v 0.111973 -0.573480 0.158153
v 0.131002 -0.567045 0.210262
v 0.057210 -0.606697 0.215138
v 0.074598 -0.593072 0.274608
v 0.076107 -0.573724 -0.103969
v 0.097533 -0.638396 -0.191677
v 0.104879 -0.649475 -0.101978
v 0.106114 -0.704546 -0.150460
v 0.051892 -0.544652 -0.140243
v 0.067928 -0.564534 -0.179978
v -0.274571 -0.428540 0.349909
v -0.294902 -0.292149 0.291244
v -0.268312 -0.400571 0.292071
v -0.281762 -0.339100 0.266462
v -0.294911 -0.385641 0.377251
v -0.300686 -0.311805 0.343766
v -0.050831 -0.603005 0.457053
v 0.057406 -0.610175 0.455162
v -0.029255 -0.587891 0.510479
v 0.036045 -0.590981 0.510244
v -0.020461 -0.587860 0.400009
v 0.028990 -0.595914 0.397264
v -0.334012 -0.551398 0.557140
v -0.315443 -0.356694 0.574304
v -0.319444 -0.548139 0.632156
v -0.310413 -0.430854 0.630277
v -0.329271 -0.440004 0.505714
v -0.326930 -0.360148 0.518781
v -0.317163 -0.437876 -0.277519
v -0.343767 -0.279993 -0.198078
v -0.351925 -0.483348 -0.245332
v -0.360122 -0.386990 -0.196773
v -0.308187 -0.323886 -0.273192
v -0.315332 -0.254690 -0.236458
v -0.040267 -0.465325 -0.270718
v 0.040137 -0.466693 -0.271044
v -0.019384 -0.417102 -0.296084
v 0.019154 -0.418165 -0.296647
v -0.021420 -0.498355 -0.241287
v 0.020375 -0.498587 -0.241387
v -0.186761 -0.261002 -0.325292
v -0.171043 -0.102493 -0.333781
v -0.155652 -0.211525 -0.352838
v -0.147533 -0.134587 -0.350227
v -0.217130 -0.225820 -0.309717
v -0.205625 -0.142320 -0.312467
v -0.317918 -0.048689 0.018599
v -0.314677 -0.054003 0.093357
v -0.320515 -0.122910 0.032513
v -0.315166 -0.123108 0.071509
v -0.315001 0.023386 0.039803
v -0.319417 0.017756 0.074528
v -0.279658 -0.016731 -0.212373
v -0.242227 0.012504 -0.285445
v -0.283011 0.039906 -0.231099
v -0.272960 0.040916 -0.272869
v -0.271998 -0.075736 -0.239379
v -0.242092 -0.048667 -0.267705
v -0.371198 0.097890 -0.048952
v -0.452564 0.072172 -0.044338
v -0.403355 0.092710 -0.078739
v -0.439901 0.079908 -0.073913
v -0.378197 0.089073 -0.016298
v -0.418574 0.080865 -0.014853
v -0.322015 -0.139026 0.338765
v -0.321396 -0.160720 0.432806
v -0.325447 -0.089802 0.345056
v -0.321838 -0.102652 0.389072
v -0.319624 -0.204656 0.376312
v -0.324696 -0.214593 0.427326
v -0.374310 0.082853 0.127966
v -0.455020 0.068430 0.051776
v -0.403783 0.076149 0.129695
v -0.441982 0.067758 0.090683
v -0.381094 0.082872 0.087616
v -0.421742 0.078637 0.051510
v 0.278124 -0.430069 0.341308
v 0.298915 -0.297312 0.279108
v 0.274172 -0.403221 0.283751
v 0.287671 -0.343396 0.256530
v 0.296280 -0.388407 0.366458
v 0.302470 -0.316151 0.331235
v 0.333325 -0.553696 0.546631
v 0.318607 -0.366068 0.566450
v 0.322801 -0.554318 0.622769
v 0.313804 -0.441553 0.623645
v 0.326693 -0.443733 0.493207
v 0.330938 -0.367309 0.507187
v 0.329286 -0.445570 -0.268963
v 0.346367 -0.283111 -0.192438
v 0.356653 -0.486316 -0.232833
v 0.360847 -0.388988 -0.190030
v 0.315465 -0.328013 -0.265239
v 0.323876 -0.258071 -0.229528
v 0.193587 -0.264860 -0.317059
v 0.177073 -0.109822 -0.326375
v 0.157631 -0.212844 -0.335300
v 0.151634 -0.140035 -0.340965
v 0.227213 -0.230502 -0.304794
v 0.214337 -0.148174 -0.306598
v 0.322372 -0.059461 0.023946
v 0.319811 -0.067570 0.091873
v 0.325873 -0.132957 0.033964
v 0.321141 -0.134125 0.070124
v 0.316379 0.011828 0.048701
v 0.319127 0.005573 0.080185
v 0.281986 -0.021189 -0.198826
v 0.246388 0.001294 -0.272786
v 0.285171 0.034789 -0.215430
v 0.274936 0.033592 -0.257917
v 0.277143 -0.081486 -0.229099
v 0.248961 -0.058441 -0.258346
v 0.370135 0.090271 -0.028931
v 0.452678 0.086726 -0.020436
v 0.408482 0.093690 -0.057312
v 0.446978 0.083711 -0.051543
v 0.372457 0.088269 0.004660
v 0.414005 0.095354 0.008748
v 0.320281 -0.142016 0.320698
v 0.319410 -0.165832 0.418899
v 0.323166 -0.090163 0.326406
v 0.320727 -0.104458 0.373353
v 0.317694 -0.209645 0.360480
v 0.320386 -0.221468 0.412306
v 0.360602 0.095365 0.136468
v 0.440218 0.084002 0.074342
v 0.399364 0.089171 0.136072
v 0.438256 0.086356 0.105950
v 0.365715 0.091205 0.103401
v 0.406045 0.090898 0.073145
v 0.106983 -0.089416 0.726905
v 0.198285 -0.121949 0.692644
v 0.112031 -0.129421 0.744933
v 0.158071 -0.151137 0.718537
v 0.144395 -0.068841 0.695996
v 0.187779 -0.082502 0.680356
v -0.133825 -0.087384 0.711649
v -0.210954 -0.115244 0.681727
v -0.138823 -0.127043 0.723003
v -0.178551 -0.144605 0.707244
v -0.165169 -0.067050 0.683620
v -0.201816 -0.078780 0.668853
v 0.089846 0.010250 0.661291
v 0.146817 0.034945 0.592734
v 0.082567 0.038334 0.634569
v 0.110658 0.050457 0.603637
v 0.129020 -0.004116 0.656325
v 0.158314 0.010031 0.622551
v -0.118197 0.006281 0.652797
v -0.169260 0.022589 0.582004
v -0.113704 0.031652 0.624946
v -0.139140 0.039085 0.589811
v -0.152107 -0.008238 0.646026
v -0.177984 0.002222 0.612163
v 0.257941 -0.049100 0.546843
v 0.241248 -0.003710 0.515853
v 0.272660 -0.026743 0.494173
v 0.267078 -0.008020 0.480183
v 0.232741 -0.041960 0.587249
v 0.222918 -0.016333 0.570189
v -0.261524 -0.051752 0.544924
v -0.249937 -0.016837 0.515732
v -0.276441 -0.032643 0.498971
v -0.274019 -0.019573 0.487662
v -0.239085 -0.045625 0.578451
v -0.231731 -0.024711 0.561900
v 0.088395 0.004995 -0.641480
v 0.137204 0.013166 -0.547738
v 0.077529 0.004313 -0.583261
v 0.100769 0.008891 -0.539913
v 0.131146 0.010888 -0.656429
v 0.156056 0.011288 -0.608260
v -0.120318 0.006973 -0.645894
v -0.155307 0.022672 -0.549317
v -0.102813 0.008737 -0.585583
v -0.120120 0.014962 -0.541958
v -0.161223 0.016359 -0.659171
v -0.178603 0.023707 -0.607815
v 0.118121 0.090389 -0.761944
v 0.230532 0.122635 -0.780348
v 0.124055 0.138022 -0.771800
v 0.178757 0.157330 -0.781513
v 0.160872 0.065344 -0.743911
v 0.214830 0.079476 -0.750004
v -0.153831 0.089974 -0.784002
v -0.254675 0.127494 -0.769357
v -0.159914 0.134279 -0.811095
v -0.211915 0.157208 -0.794968
v -0.190702 0.071798 -0.745649
v -0.239060 0.087565 -0.744872
v 0.246672 0.058575 -0.524330
v 0.282712 0.088102 -0.598470
v 0.279485 0.078356 -0.502039
v 0.294490 0.089323 -0.532836
v 0.233442 0.047657 -0.590335
v 0.254229 0.064689 -0.633565
v -0.256145 0.069741 -0.525750
v -0.291854 0.099489 -0.592842
v -0.286105 0.086633 -0.504172
v -0.300400 0.098915 -0.531826
v -0.246798 0.062031 -0.587156
v -0.268854 0.076979 -0.629355
v -0.109119 0.364779 -0.157230
v -0.122890 0.409106 -0.176416
v -0.095013 0.391897 -0.159723
v -0.109321 0.440662 -0.184777
v -0.127972 0.297423 -0.154525
v -0.097984 0.348118 -0.152675
v -0.117266 0.281433 -0.147320
v -0.151415 0.359141 -0.187759
v -0.127237 0.441294 -0.199873
v -0.160834 0.389476 -0.209097
v -0.152382 0.291302 -0.168391
v -0.170458 0.340219 -0.201467
v -0.167792 0.266227 -0.174743
v -0.134364 0.257585 -0.147307
v -0.162093 0.248779 -0.159269
v 0.119456 0.380536 -0.164914
v 0.136135 0.421670 -0.191802
v 0.101322 0.405784 -0.169191
v 0.119456 0.452827 -0.199785
v 0.139019 0.306641 -0.163628
v 0.103391 0.359526 -0.160247
v 0.124431 0.288533 -0.156317
v 0.167438 0.367016 -0.203214
v 0.140849 0.450788 -0.217019
v 0.176262 0.396056 -0.225829
v 0.167568 0.296328 -0.182286
v 0.186438 0.344524 -0.217898
v 0.185793 0.267757 -0.191029
v 0.143004 0.261107 -0.160537
v 0.174951 0.248199 -0.176505
v -0.237874 -0.535949 0.038516
v -0.270402 -0.616091 -0.009199
v -0.206883 -0.550577 0.033458
v -0.235002 -0.655092 -0.007558
v -0.266104 -0.464362 0.077541
v -0.216768 -0.520048 0.082994
v -0.251732 -0.456121 0.120064
v -0.321387 -0.554584 -0.029476
v -0.284421 -0.702602 -0.032368
v -0.344935 -0.612136 -0.074314
v -0.300924 -0.446395 0.028299
v -0.346975 -0.522214 -0.054329
v -0.316564 -0.401044 0.012337
v -0.271734 -0.416997 0.109090
v -0.300996 -0.382447 0.053506
v 0.249830 -0.533172 0.041340
v 0.277547 -0.611974 -0.011121
v 0.220129 -0.549355 0.039189
v 0.241674 -0.650653 -0.010921
v 0.276522 -0.464947 0.075139
v 0.229240 -0.520818 0.086355
v 0.262482 -0.457698 0.117409
v 0.325988 -0.550705 -0.032392
v 0.288945 -0.697845 -0.033764
v 0.346892 -0.608452 -0.076876
v 0.310478 -0.447584 0.024446
v 0.347939 -0.517082 -0.058164
v 0.326685 -0.405158 0.008232
v 0.282071 -0.419417 0.104760
v 0.311308 -0.386413 0.048908
v -0.002284 -0.486056 0.685394
v -0.075776 -0.435511 0.700436
v -0.030018 -0.527451 0.669085
v -0.112907 -0.489274 0.691936
v 0.066725 -0.437538 0.700980
v 0.029669 -0.527538 0.670085
v 0.108010 -0.491487 0.693224
v 0.031125 -0.343180 0.723409
v -0.050682 -0.341250 0.722994
v 0.028510 -0.285501 0.739371
v -0.056206 -0.283983 0.736821
v 0.118582 -0.425987 0.702399
v 0.075501 -0.319440 0.727362
v -0.127111 -0.421902 0.701490
v -0.095911 -0.315447 0.725095
v -0.025876 0.118139 0.317555
v -0.053893 0.112900 0.373397
v -0.033771 0.129924 0.257644
v -0.064024 0.116370 0.320260
v 0.004058 0.116609 0.379713
v -0.014963 0.130293 0.259426
v 0.015609 0.118070 0.327591
v -0.004921 0.113436 0.485710
v -0.047756 0.109026 0.482039
v 0.000619 0.100694 0.533532
v -0.050360 0.097624 0.533141
v 0.028382 0.114858 0.388537
v 0.022243 0.110232 0.502722
v -0.075035 0.109055 0.379843
v -0.071771 0.102006 0.498406
v -0.001378 -0.163634 -0.396014
v -0.031131 -0.103948 -0.400314
v -0.015365 -0.213964 -0.384383
v -0.048562 -0.147543 -0.387787
v 0.028780 -0.107564 -0.401898
v 0.012756 -0.217321 -0.389415
v 0.047719 -0.152645 -0.392285
v 0.013518 -0.017066 -0.423649
v -0.018775 -0.014601 -0.423642
v 0.013246 0.010381 -0.452537
v -0.022980 0.011394 -0.452822
v 0.049959 -0.093937 -0.398134
v 0.031045 -0.006063 -0.429410
v -0.051312 -0.088491 -0.396576
v -0.037087 -0.001634 -0.429231
v -0.011854 0.479975 -0.679310
v -0.082384 0.427405 -0.698711
v -0.038813 0.529827 -0.659030
v -0.116192 0.469406 -0.677184
v 0.055261 0.423250 -0.702228
v 0.018714 0.526654 -0.660744
v 0.092238 0.461487 -0.683070
v 0.024707 0.343902 -0.739908
v -0.059104 0.345107 -0.738442
v 0.025876 0.294227 -0.762354
v -0.065327 0.294614 -0.761467
v 0.104735 0.405953 -0.706858
v 0.072161 0.321320 -0.751618
v -0.131618 0.412218 -0.700426
v -0.106883 0.323205 -0.749773
v 0.454411 0.064575 -0.287776
v 0.469704 0.062835 -0.219250
v 0.454708 0.066380 -0.292739
v 0.472769 0.062162 -0.216949
v 0.419316 0.090298 -0.254143
v 0.455534 0.076537 -0.201469
v 0.401001 0.096723 -0.231251
v 0.446923 0.085763 -0.177775
v 0.416705 0.081713 -0.312454
v 0.386468 0.097639 -0.274278
v 0.385750 0.093807 -0.342133
v 0.442786 0.068095 -0.332145
v 0.397860 0.085043 -0.358857
v 0.480588 0.059690 -0.183798
v 0.468469 0.073406 -0.166146
v 0.429591 0.057389 0.234945
v 0.470339 0.050627 0.176753
v 0.431644 0.060353 0.216422
v 0.478073 0.048788 0.155094
v 0.413297 0.067766 0.259434
v 0.449696 0.066259 0.198462
v 0.393070 0.055704 0.259609
v 0.438950 0.072163 0.196923
v 0.398423 0.055983 0.289216
v 0.375902 0.049924 0.296287
v 0.366629 0.042826 0.333230
v 0.401300 0.053702 0.260408
v 0.368831 0.041547 0.319894
v 0.486177 0.049319 0.141840
v 0.459960 0.064140 0.168546
v -0.435292 0.071523 -0.303677
v -0.451451 0.067071 -0.234707
v -0.422905 0.076949 -0.305990
v -0.452091 0.066274 -0.229273
v -0.408979 0.088193 -0.273850
v -0.441594 0.079094 -0.221489
v -0.392462 0.095658 -0.252180
v -0.429656 0.088909 -0.199857
v -0.419558 0.079402 -0.330304
v -0.380891 0.096072 -0.293533
v -0.382437 0.093211 -0.356973
v -0.417299 0.080395 -0.346540
v -0.392744 0.089171 -0.372159
v -0.457297 0.065940 -0.201732
v -0.447828 0.078008 -0.187503
v -0.421704 0.048325 0.247545
v -0.453215 0.046110 0.180091
v -0.418820 0.046347 0.230431
v -0.459883 0.044035 0.158478
v -0.410196 0.054357 0.266700
v -0.441334 0.055366 0.200140
v -0.390522 0.042755 0.269221
v -0.433475 0.058097 0.197139
v -0.391639 0.043975 0.300818
v -0.373214 0.034118 0.306827
v -0.363219 0.033401 0.342718
v -0.399237 0.042086 0.279276
v -0.370015 0.033785 0.336839
v -0.470521 0.043582 0.141429
v -0.454207 0.052754 0.164304
v -0.027551 0.467012 -0.172370
v -0.031461 0.529803 -0.205523
v -0.045477 0.457565 -0.168867
v -0.053298 0.515391 -0.201780
v 0.028694 0.471350 -0.174571
v 0.039240 0.534095 -0.212232
v 0.047415 0.464402 -0.173447
v 0.061699 0.525213 -0.211527
v -0.001638 0.440614 -0.160234
v -0.034495 0.432874 -0.157079
v -0.011525 0.403805 -0.148612
v 0.005708 0.567546 -0.231827
v -0.046785 0.549466 -0.225711
v -0.007532 0.597854 -0.252496
v 0.032807 0.438003 -0.157130
v 0.003578 0.406125 -0.146909
v 0.059071 0.555681 -0.236436
v 0.024087 0.598219 -0.258153
v -0.055608 0.259099 -0.128149
v -0.080573 0.217342 -0.099850
v -0.065023 0.284396 -0.135219
v -0.087647 0.229256 -0.119285
v -0.051478 0.199542 0.002847
v -0.084571 0.197969 0.076289
v -0.050508 0.182727 0.068350
v -0.083313 0.169336 0.139511
v -0.038362 0.235408 -0.116469
v -0.052094 0.298346 -0.134626
v -0.034307 0.273241 -0.128932
v -0.112154 0.198956 0.031841
v -0.113277 0.205094 -0.064383
v -0.140364 0.179742 0.047966
v -0.038633 0.197890 0.001131
v -0.031342 0.236895 -0.116881
v -0.105183 0.171746 0.147489
v -0.138990 0.183464 0.103911
v -0.162835 0.609439 -0.330659
v -0.241533 0.564917 -0.333097
v -0.152069 0.558913 -0.291102
v -0.212548 0.513342 -0.295195
v -0.191804 0.799395 -0.483910
v -0.216783 0.624759 -0.496849
v -0.136879 0.680428 -0.529473
v -0.207032 0.598551 -0.556291
v -0.141498 0.721562 -0.379886
v -0.124690 0.595788 -0.302701
v -0.089876 0.668962 -0.350283
v -0.387442 0.633589 -0.398368
v -0.258323 0.511698 -0.307284
v -0.451132 0.590713 -0.347124
v -0.106778 0.715590 -0.482934
v -0.084823 0.707353 -0.392586
v -0.255159 0.566630 -0.528057
v -0.433496 0.598031 -0.442583
v -0.241947 0.219715 -0.252153
v -0.275496 0.154347 -0.199951
v -0.224817 0.257790 -0.236611
v -0.243926 0.181932 -0.192293
v -0.321595 0.126330 -0.294288
v -0.373748 0.104968 -0.219677
v -0.350719 0.110509 -0.301226
v -0.398944 0.090998 -0.224004
v -0.261958 0.204554 -0.307525
v -0.237675 0.295422 -0.266496
v -0.256903 0.291386 -0.323946
v -0.357454 0.115316 -0.178411
v -0.285293 0.149722 -0.168259
v -0.369596 0.109501 -0.145102
v -0.314213 0.131636 -0.338343
v -0.269632 0.233942 -0.347978
v -0.415878 0.085843 -0.185678
v -0.407098 0.094064 -0.148066
v -0.247770 0.133350 -0.007045
v -0.291650 0.118106 -0.042553
v -0.215654 0.160835 -0.049136
v -0.255236 0.146390 -0.076704
v -0.344200 0.079777 0.114571
v -0.401067 0.076973 0.059127
v -0.374367 0.069035 0.151732
v -0.431336 0.069006 0.089795
v -0.272085 0.103129 0.080369
v -0.211769 0.153326 -0.013677
v -0.236116 0.121200 0.077085
v -0.375570 0.090232 -0.012409
v -0.295016 0.123973 -0.076439
v -0.381121 0.092740 -0.048145
v -0.331876 0.070420 0.164423
v -0.264355 0.097710 0.126667
v -0.447176 0.067009 0.047380
v -0.424644 0.076454 -0.019245
v 0.036680 0.261887 -0.126405
v 0.066416 0.216982 -0.092842
v 0.053925 0.289405 -0.135300
v 0.076838 0.232356 -0.124063
v 0.016629 0.200120 0.010260
v 0.052197 0.197782 0.086633
v 0.012472 0.183001 0.073990
v 0.047932 0.169238 0.147462
v 0.006725 0.235625 -0.110762
v 0.037473 0.303877 -0.132466
v 0.008043 0.276738 -0.125086
v 0.000368 0.198334 0.005652
v -0.005127 0.237491 -0.113462
v 0.091468 0.200924 0.037579
v 0.101645 0.205979 -0.070238
v 0.125788 0.184249 0.047033
v 0.074431 0.171046 0.154712
v 0.118938 0.189559 0.108388
v 0.182509 0.628480 -0.351261
v 0.256640 0.572047 -0.347290
v 0.170112 0.572062 -0.310085
v 0.226710 0.519360 -0.311663
v 0.169823 0.702553 -0.508745
v 0.246915 0.605748 -0.520724
v 0.132862 0.653740 -0.557262
v 0.211545 0.579723 -0.583796
v 0.180716 0.813615 -0.412764
v 0.145896 0.615565 -0.322511
v 0.122045 0.711485 -0.372938
v 0.115398 0.697740 -0.507977
v 0.117578 0.777602 -0.419043
v 0.412008 0.628716 -0.400437
v 0.270132 0.512029 -0.323245
v 0.450377 0.582876 -0.343127
v 0.267877 0.557170 -0.553710
v 0.434788 0.588149 -0.438630
v 0.253142 0.211814 -0.266456
v 0.290852 0.146106 -0.212560
v 0.238106 0.252493 -0.253125
v 0.259156 0.173551 -0.208281
v 0.335745 0.118071 -0.298386
v 0.388225 0.096976 -0.220319
v 0.367748 0.104680 -0.300987
v 0.417459 0.083709 -0.220275
v 0.269949 0.194789 -0.317274
v 0.246874 0.289590 -0.281010
v 0.261487 0.283363 -0.332478
v 0.368156 0.107962 -0.183481
v 0.299491 0.145714 -0.180773
v 0.378572 0.103561 -0.150390
v 0.326831 0.121549 -0.342699
v 0.274967 0.224038 -0.356195
v 0.430698 0.076553 -0.182832
v 0.413742 0.085691 -0.149601
v 0.257920 0.133204 -0.025952
v 0.306424 0.120579 -0.059827
v 0.222910 0.160183 -0.067418
v 0.267336 0.144764 -0.095510
v 0.360075 0.086977 0.098683
v 0.424060 0.078995 0.049447
v 0.391355 0.078323 0.136777
v 0.451614 0.071394 0.082361
v 0.282370 0.109983 0.060787
v 0.216366 0.154669 -0.030528
v 0.239524 0.127266 0.060639
v 0.390590 0.091379 -0.022273
v 0.308731 0.128063 -0.091766
v 0.392965 0.093307 -0.055979
v 0.342676 0.082158 0.145624
v 0.269432 0.108057 0.108034
v 0.461676 0.066166 0.043583
v 0.435924 0.076153 -0.023299
v -0.058925 -0.563553 0.056947
v -0.065504 -0.572152 -0.025088
v -0.099046 -0.557237 0.048006
v -0.106601 -0.601859 -0.025450
v 0.070698 -0.572421 0.063061
v 0.073127 -0.575436 -0.023390
v 0.111897 -0.567711 0.056454
v 0.118222 -0.600105 -0.024653
v 0.006387 -0.580089 0.113014
v -0.078500 -0.570516 0.103746
v -0.015664 -0.590480 0.163344
v 0.000944 -0.542974 -0.063184
v -0.089217 -0.600127 -0.063822
v -0.027572 -0.538560 -0.101333
v 0.091607 -0.573727 0.108920
v 0.030047 -0.590587 0.163989
v 0.098010 -0.595282 -0.064766
v 0.026604 -0.538824 -0.101813
v -0.160765 -0.548249 0.322642
v -0.225656 -0.512594 0.346812
v -0.172934 -0.531532 0.254374
v -0.226312 -0.482219 0.281953
v -0.128537 -0.760023 0.489241
v -0.273908 -0.769873 0.541741
v -0.093122 -0.758891 0.585197
v -0.243128 -0.766406 0.649066
v -0.109806 -0.579884 0.400754
v -0.138080 -0.555571 0.265668
v -0.083482 -0.577194 0.339444
v -0.280238 -0.559927 0.442551
v -0.250594 -0.459631 0.318434
v -0.288648 -0.466746 0.411319
v -0.079230 -0.658766 0.511266
v -0.068597 -0.583292 0.403190
v -0.309732 -0.688890 0.615407
v -0.313317 -0.512686 0.479276
v -0.169528 -0.714239 -0.270152
v -0.262467 -0.611353 -0.301667
v -0.215403 -0.784500 -0.224555
v -0.307461 -0.676386 -0.277485
v -0.097123 -0.427477 -0.299313
v -0.148858 -0.360876 -0.319738
v -0.073182 -0.367785 -0.319941
v -0.120121 -0.301718 -0.341202
v -0.102782 -0.547594 -0.255030
v -0.125525 -0.741798 -0.217831
v -0.083251 -0.572531 -0.220419
v -0.225412 -0.412098 -0.300958
v -0.316720 -0.566653 -0.286116
v -0.267925 -0.375982 -0.290957
v -0.057871 -0.420830 -0.296903
v -0.062190 -0.515823 -0.245637
v -0.154932 -0.287333 -0.337597
v -0.224231 -0.315826 -0.305609
v -0.361857 -0.202803 -0.114173
v -0.338714 -0.123557 -0.043786
v -0.367855 -0.294927 -0.105483
v -0.341916 -0.202178 -0.032044
v -0.290431 0.037632 -0.146021
v -0.324933 0.071789 -0.092061
v -0.314961 0.072285 -0.171686
v -0.356443 0.092904 -0.120500
v -0.314995 -0.109842 -0.166614
v -0.359435 -0.292621 -0.153334
v -0.318446 -0.182369 -0.200132
v -0.306284 0.030550 -0.029434
v -0.327951 -0.123672 -0.005910
v -0.311038 0.026987 0.005649
v -0.287471 0.039897 -0.187938
v -0.295225 -0.095585 -0.204924
v -0.363563 0.095072 -0.083714
v -0.336001 0.072719 -0.019934
v -0.300473 -0.210083 0.217769
v -0.308172 -0.131029 0.152776
v -0.293023 -0.264051 0.194315
v -0.305158 -0.193578 0.130150
v -0.328849 -0.056211 0.265022
v -0.335070 0.049594 0.206918
v -0.338391 -0.014270 0.271222
v -0.353146 0.081524 0.219751
v -0.312259 -0.173295 0.281492
v -0.292289 -0.275781 0.241632
v -0.306348 -0.241872 0.311730
v -0.320431 0.005889 0.151558
v -0.311104 -0.125456 0.111524
v -0.320020 0.012897 0.111348
v -0.327997 -0.074859 0.303660
v -0.315564 -0.190115 0.327659
v -0.364753 0.084208 0.171489
v -0.343833 0.061329 0.122235
v 0.172043 -0.551559 0.318829
v 0.233164 -0.512223 0.341221
v 0.184333 -0.533738 0.252539
v 0.234978 -0.483600 0.276989
v 0.126826 -0.760433 0.492493
v 0.274709 -0.769942 0.539490
v 0.092799 -0.759338 0.588325
v 0.245093 -0.766966 0.645852
v 0.118301 -0.592496 0.396703
v 0.150040 -0.557685 0.264302
v 0.094005 -0.584126 0.335287
v 0.079952 -0.665535 0.510780
v 0.076181 -0.597831 0.397878
v 0.279952 -0.556330 0.436774
v 0.256794 -0.460687 0.311728
v 0.289056 -0.467103 0.402498
v 0.312243 -0.689844 0.609156
v 0.308552 -0.512445 0.469422
v 0.172100 -0.720872 -0.271344
v 0.280234 -0.650566 -0.297744
v 0.213755 -0.784118 -0.225492
v 0.321071 -0.684406 -0.258014
v 0.098972 -0.431419 -0.299230
v 0.152782 -0.364549 -0.315177
v 0.074110 -0.371866 -0.321630
v 0.121855 -0.303645 -0.334272
v 0.103658 -0.550711 -0.255149
v 0.122939 -0.740357 -0.215860
v 0.082420 -0.573029 -0.220475
v 0.058361 -0.423592 -0.297796
v 0.061849 -0.517018 -0.245807
v 0.236605 -0.421861 -0.298201
v 0.334686 -0.581488 -0.272430
v 0.281641 -0.385045 -0.287172
v 0.157751 -0.288382 -0.326353
v 0.234480 -0.321952 -0.301039
v 0.362334 -0.210753 -0.111180
v 0.341968 -0.132170 -0.039354
v 0.367933 -0.300556 -0.104160
v 0.346412 -0.210457 -0.030437
v 0.294018 0.034466 -0.130767
v 0.326208 0.072498 -0.073876
v 0.316421 0.073498 -0.152443
v 0.360043 0.096269 -0.099234
v 0.318977 -0.114451 -0.158025
v 0.359543 -0.296822 -0.149361
v 0.327348 -0.184782 -0.194066
v 0.309446 0.022368 -0.016708
v 0.332474 -0.132900 -0.002470
v 0.314335 0.016356 0.016179
v 0.290193 0.035514 -0.172297
v 0.300266 -0.099882 -0.195084
v 0.365685 0.091986 -0.063713
v 0.333648 0.067369 -0.002312
v 0.307380 -0.219216 0.205156
v 0.315697 -0.144280 0.143331
v 0.300632 -0.271339 0.184445
v 0.312811 -0.203598 0.123058
v 0.326622 -0.059409 0.241034
v 0.340748 0.019265 0.180377
v 0.331444 -0.006906 0.243336
v 0.363969 0.051044 0.186081
v 0.314357 -0.180111 0.264964
v 0.298501 -0.282143 0.230245
v 0.308339 -0.247440 0.297387
v 0.322521 -0.012764 0.141798
v 0.317793 -0.137639 0.106393
v 0.320632 -0.001591 0.110686
v 0.324713 -0.074373 0.281807
v 0.315482 -0.195077 0.311206
v 0.361595 0.078482 0.161714
v 0.332731 0.056049 0.125308
v 0.021135 -0.090374 0.754463
v -0.058826 -0.090218 0.742502
v 0.018149 -0.128024 0.791926
v -0.061956 -0.129572 0.759034
v 0.018305 0.009416 0.680118
v -0.052017 0.008139 0.675720
v 0.015003 0.037085 0.650553
v -0.051329 0.035197 0.647046
v 0.060339 -0.036848 0.710772
v 0.064576 -0.109812 0.755860
v 0.101596 -0.053363 0.706138
v -0.090569 -0.037839 0.699988
v -0.098505 -0.109213 0.734140
v -0.127960 -0.053121 0.694260
v 0.051850 0.024693 0.661013
v 0.096053 -0.020249 0.684826
v -0.084524 0.021219 0.653720
v -0.122748 -0.022103 0.674719
v 0.285861 -0.272950 0.617983
v 0.247945 -0.188670 0.663097
v 0.262569 -0.323890 0.659821
v 0.211553 -0.226930 0.692536
v 0.310488 -0.120462 0.471837
v 0.289145 -0.081282 0.515650
v 0.311587 -0.070787 0.421551
v 0.293804 -0.046350 0.462959
v 0.321202 -0.226439 0.521898
v 0.297705 -0.350137 0.619508
v 0.322917 -0.294098 0.515090
v 0.316515 -0.115029 0.421922
v 0.321245 -0.228042 0.466165
v 0.259070 -0.106991 0.614532
v 0.204368 -0.170773 0.693003
v 0.226757 -0.095654 0.653061
v 0.279208 -0.050812 0.505793
v 0.244157 -0.071892 0.601469
v -0.285445 -0.261312 0.619856
v -0.251141 -0.179359 0.656751
v -0.261611 -0.312047 0.658392
v -0.221556 -0.216881 0.688083
v -0.309609 -0.115919 0.480854
v -0.287454 -0.079120 0.518625
v -0.310532 -0.069737 0.433473
v -0.291591 -0.045126 0.471195
v -0.321156 -0.216114 0.531359
v -0.293891 -0.338686 0.622165
v -0.321744 -0.285109 0.525537
v -0.316703 -0.111849 0.434664
v -0.324715 -0.219582 0.479081
v -0.260110 -0.102242 0.607450
v -0.217095 -0.161546 0.686677
v -0.233047 -0.091342 0.641376
v -0.279901 -0.052020 0.509261
v -0.248070 -0.071206 0.593285
v 0.154094 0.083497 0.393553
v 0.154205 0.062100 0.502769
v 0.119670 0.095270 0.398245
v 0.120167 0.078456 0.517407
v 0.263063 0.032926 0.362815
v 0.252892 0.017675 0.442981
v 0.300939 0.017523 0.347856
v 0.283162 0.012211 0.414932
v 0.206897 0.075746 0.326922
v 0.134917 0.101269 0.337817
v 0.186195 0.098828 0.275573
v 0.285142 0.038189 0.311621
v 0.224006 0.084115 0.269458
v 0.204056 0.027152 0.526638
v 0.135012 0.058824 0.561375
v 0.182159 0.019781 0.576646
v 0.260966 0.006331 0.463727
v 0.213533 0.006176 0.549917
v -0.176631 0.065338 0.387243
v -0.176385 0.043001 0.490325
v -0.148793 0.081171 0.387391
v -0.149073 0.060699 0.498927
v -0.271361 0.000591 0.386451
v -0.264801 -0.009620 0.458545
v -0.305594 -0.003831 0.372142
v -0.294089 -0.010088 0.436949
v -0.219732 0.051571 0.337418
v -0.160478 0.088153 0.332806
v -0.200589 0.080543 0.283542
v -0.288407 0.008224 0.339599
v -0.232184 0.061030 0.286646
v -0.215425 0.008379 0.514249
v -0.160152 0.042442 0.545609
v -0.198314 0.006702 0.566692
v -0.270573 -0.012259 0.474821
v -0.224470 -0.007415 0.541911
v 0.017109 0.006434 -0.654692
v -0.052780 0.006995 -0.656634
v 0.015743 -0.002599 -0.601800
v -0.045237 -0.001628 -0.603681
v 0.023323 0.096888 -0.763161
v -0.066027 0.099344 -0.763523
v 0.026032 0.143975 -0.770348
v -0.067321 0.144131 -0.777672
v 0.062099 0.036736 -0.724500
v 0.049524 -0.000566 -0.623247
v 0.099504 0.022560 -0.693158
v -0.100905 0.042216 -0.720295
v -0.081202 0.001250 -0.626737
v -0.133881 0.026291 -0.694759
v 0.072449 0.117286 -0.768061
v 0.110280 0.049499 -0.738675
v -0.111581 0.118176 -0.781240
v -0.145405 0.054535 -0.739655
v 0.139436 -0.014810 -0.363619
v 0.137541 0.012952 -0.447487
v 0.111805 -0.032023 -0.369362
v 0.103383 0.010618 -0.444511
v 0.242539 0.038033 -0.344314
v 0.243940 0.054158 -0.428800
v 0.277369 0.060957 -0.330916
v 0.279324 0.076573 -0.414377
v 0.194129 -0.013154 -0.321217
v 0.143457 -0.071366 -0.347774
v 0.200153 -0.074320 -0.308827
v 0.259896 0.035115 -0.300417
v 0.220242 -0.034001 -0.288150
v 0.191968 0.031125 -0.492273
v 0.120257 0.012690 -0.493810
v 0.175057 0.023189 -0.548753
v 0.262309 0.067672 -0.466847
v 0.212003 0.038945 -0.540863
v -0.140128 -0.007111 -0.372302
v -0.146972 0.019508 -0.453554
v -0.111622 -0.025860 -0.375926
v -0.113887 0.012904 -0.450200
v -0.240527 0.056230 -0.356332
v -0.248218 0.066396 -0.436770
v -0.276767 0.073582 -0.344802
v -0.282916 0.083400 -0.423135
v -0.191473 -0.003422 -0.332352
v -0.137641 -0.061581 -0.352812
v -0.193232 -0.065435 -0.316220
v -0.257076 0.048896 -0.313709
v -0.215069 -0.024700 -0.298706
v -0.202250 0.042648 -0.496255
v -0.134372 0.018709 -0.497564
v -0.190590 0.035024 -0.549745
v -0.268423 0.076408 -0.471809
v -0.224346 0.051624 -0.541514
v 0.287711 0.286023 -0.676639
v 0.279223 0.199229 -0.758771
v 0.251881 0.323564 -0.702097
v 0.232160 0.229119 -0.797614
v 0.321882 0.166817 -0.530910
v 0.314991 0.128114 -0.577711
v 0.337387 0.127012 -0.484159
v 0.327575 0.112712 -0.517360
v 0.301516 0.261302 -0.565647
v 0.267536 0.351931 -0.640529
v 0.287283 0.327944 -0.539206
v 0.324074 0.161629 -0.480256
v 0.297276 0.268084 -0.503104
v 0.296675 0.119409 -0.702665
v 0.236742 0.176361 -0.801042
v 0.262779 0.097145 -0.737045
v 0.306709 0.104936 -0.558792
v 0.276992 0.086911 -0.674746
v -0.292817 0.291232 -0.649420
v -0.296123 0.204814 -0.735101
v -0.263154 0.328937 -0.675853
v -0.261610 0.238540 -0.766443
v -0.317404 0.177772 -0.518876
v -0.316656 0.139652 -0.566496
v -0.330371 0.143735 -0.475885
v -0.326407 0.124541 -0.512079
v -0.299302 0.267578 -0.546827
v -0.272535 0.356296 -0.615629
v -0.286820 0.331632 -0.522655
v -0.315123 0.170239 -0.473675
v -0.293994 0.274078 -0.490244
v -0.304786 0.132754 -0.682672
v -0.264737 0.179089 -0.779437
v -0.279032 0.107396 -0.724906
v -0.310743 0.115785 -0.553117
v -0.287857 0.100569 -0.660896
v 0.510548 0.046901 -0.054674
v 0.505682 0.059344 -0.038246
v 0.503265 0.049167 -0.085012
v 0.500630 0.059382 -0.067599
v 0.503505 0.050115 0.028292
v 0.493591 0.063800 0.047546
v 0.498837 0.049649 0.056186
v 0.486264 0.063264 0.077689
v 0.514011 0.043455 -0.022476
v 0.502635 0.045890 -0.081995
v 0.505978 0.041913 -0.049985
v 0.501372 0.046715 0.032020
v 0.509160 0.040742 -0.020348
v 0.482525 0.073574 0.014128
v 0.485494 0.071717 -0.046459
v 0.448064 0.084491 0.011920
v 0.470034 0.075130 0.075333
v 0.444372 0.083728 0.043130
v -0.494952 0.038561 -0.062286
v -0.488061 0.048359 -0.056629
v -0.485779 0.046291 -0.097777
v -0.475504 0.057924 -0.087220
v -0.500037 0.035202 0.015898
v -0.496641 0.042793 0.028414
v -0.498928 0.036107 0.043637
v -0.495051 0.042853 0.058905
v -0.498192 0.034942 -0.030822
v -0.485744 0.044304 -0.091501
v -0.486237 0.043786 -0.058088
v -0.498949 0.034810 0.022241
v -0.495225 0.035666 -0.027592
v -0.488886 0.052138 -0.011087
v -0.469439 0.062551 -0.067062
v -0.458176 0.067931 -0.014134
v -0.477891 0.054862 0.054402
v -0.464668 0.068166 0.015458
v -0.066662 0.400515 -0.152769
v -0.071279 0.353076 -0.146186
v -0.091683 0.510062 -0.213109
v -0.113688 0.515433 -0.234000
v -0.055446 0.377650 -0.144317
v -0.091869 0.544405 -0.242198
v -0.118198 0.226455 -0.122577
v -0.148997 0.208052 -0.104501
v -0.146183 0.197614 -0.077051
v -0.198589 0.411718 -0.249500
v -0.203820 0.352658 -0.236261
v -0.221582 0.395403 -0.262467
v -0.217081 0.197647 -0.161397
v -0.220121 0.188024 -0.135565
v -0.255459 0.165308 -0.135494
v 0.067178 0.409367 -0.158901
v 0.069256 0.360803 -0.150571
v 0.103441 0.519642 -0.229460
v 0.129080 0.523721 -0.252402
v 0.051861 0.383975 -0.146380
v 0.107192 0.555672 -0.258451
v 0.116487 0.229106 -0.135659
v 0.149222 0.207260 -0.123680
v 0.143676 0.198480 -0.092150
v 0.211924 0.415066 -0.266053
v 0.217183 0.353123 -0.253797
v 0.233088 0.394869 -0.279239
v 0.232347 0.193703 -0.178795
v 0.232695 0.184635 -0.153839
v 0.268463 0.161042 -0.152166
v -0.151396 -0.544965 0.086999
v -0.168082 -0.535291 0.141067
v -0.171059 -0.709643 -0.050920
v -0.207313 -0.791946 -0.093541
v -0.134151 -0.553853 0.148247
v -0.132947 -0.753185 -0.090522
v -0.253456 -0.420412 0.205048
v -0.271266 -0.370992 0.186866
v -0.267598 -0.381776 0.237699
v -0.367741 -0.592452 -0.171909
v -0.366293 -0.482574 -0.131944
v -0.368837 -0.497881 -0.191283
v -0.322583 -0.266609 0.022239
v -0.311526 -0.259354 0.063673
v -0.318015 -0.193598 0.047682
v 0.166068 -0.550183 0.095151
v 0.181263 -0.538447 0.145060
v 0.171871 -0.719302 -0.040369
v 0.208223 -0.791215 -0.092943
v 0.147593 -0.556497 0.152433
v 0.133267 -0.752887 -0.091060
v 0.262652 -0.423125 0.199443
v 0.280253 -0.374921 0.179774
v 0.275306 -0.385215 0.229911
v 0.368147 -0.590534 -0.167201
v 0.366406 -0.481310 -0.129729
v 0.370185 -0.497935 -0.184177
v 0.330049 -0.273720 0.020298
v 0.319531 -0.266654 0.059980
v 0.324710 -0.202467 0.046098
v -0.036394 -0.562857 0.607335
v 0.044728 -0.565686 0.609174
v -0.226902 -0.555187 0.699972
v -0.227566 -0.447843 0.688542
v 0.005590 -0.559966 0.556269
v -0.281782 -0.501759 0.674964
v 0.228230 -0.559568 0.700286
v 0.228070 -0.456730 0.689771
v 0.287101 -0.513058 0.672659
v 0.066313 -0.203165 0.762850
v 0.117872 -0.233224 0.733742
v -0.101067 -0.202507 0.739194
v -0.141671 -0.227797 0.723562
v 0.113768 -0.178584 0.742141
v -0.140896 -0.174461 0.724966
v -0.029773 0.164276 0.132177
v -0.012726 0.164306 0.133649
v -0.093375 0.126142 0.265826
v -0.108315 0.109766 0.327158
v -0.020481 0.181058 0.067805
v -0.117156 0.121982 0.269787
v 0.052093 0.125445 0.275130
v 0.069627 0.114586 0.336955
v 0.081283 0.122452 0.279357
v 0.038709 0.074342 0.592945
v 0.063940 0.085306 0.563639
v -0.079905 0.069002 0.588615
v -0.104737 0.076412 0.555518
v 0.073874 0.063272 0.602094
v -0.109784 0.055448 0.593908
v -0.017730 -0.318529 -0.345507
v 0.016136 -0.323805 -0.351556
v -0.096657 -0.181497 -0.370927
v -0.094882 -0.113929 -0.376470
v -0.000355 -0.369510 -0.322247
v -0.123136 -0.161674 -0.364315
v 0.097599 -0.184528 -0.365701
v 0.096143 -0.119384 -0.372620
v 0.124872 -0.164697 -0.353621
v 0.038456 0.008648 -0.513083
v 0.057439 0.012387 -0.477396
v -0.056367 0.009788 -0.514694
v -0.071492 0.012699 -0.479938
v 0.067491 0.008126 -0.527824
v -0.086774 0.010922 -0.530098
v -0.039092 0.635744 -0.610688
v 0.029527 0.630585 -0.612564
v -0.211192 0.502735 -0.648783
v -0.219032 0.431828 -0.669643
v -0.000129 0.677011 -0.571852
v -0.239526 0.464985 -0.616656
v 0.188294 0.486571 -0.661048
v 0.194935 0.420388 -0.681789
v 0.232826 0.458574 -0.646920
v 0.076861 0.216989 -0.776529
v 0.128596 0.241439 -0.780658
v -0.117336 0.215107 -0.794615
v -0.170070 0.238875 -0.810147
v 0.127664 0.188365 -0.779075
v -0.166153 0.183153 -0.822276
v 0.391130 0.094359 -0.343605
v 0.380688 0.098437 -0.387507
v 0.472348 0.061289 -0.180068
v 0.488799 0.054555 -0.146165
v 0.354127 0.111670 -0.390698
v 0.484999 0.052533 -0.142985
v 0.337751 0.090254 -0.221774
v 0.326740 0.088208 -0.266864
v 0.432571 0.088513 -0.117703
v 0.468787 0.076916 -0.108511
v 0.303196 0.068449 -0.239563
v 0.440248 0.084703 -0.083923
v 0.332277 0.101030 -0.423632
v 0.341938 0.097870 -0.443866
v 0.311238 0.093515 -0.475612
v 0.390875 0.058056 0.217504
v 0.362310 0.042459 0.266582
v 0.487573 0.050195 0.098008
v 0.493799 0.047782 0.090280
v 0.347145 0.053693 0.236023
v 0.492324 0.047453 0.065695
v 0.338409 0.015102 0.288926
v 0.327782 0.000953 0.329946
v 0.431828 0.083462 0.171076
v 0.455133 0.073686 0.138335
v 0.325329 -0.042053 0.329317
v 0.434606 0.086684 0.138348
v 0.311351 0.004228 0.408754
v 0.313200 0.013142 0.396986
v 0.290667 -0.005657 0.444346
v -0.368600 0.102233 -0.348220
v -0.361172 0.106693 -0.392002
v -0.448410 0.065702 -0.192154
v -0.464710 0.058290 -0.161327
v -0.337459 0.119730 -0.390766
v -0.459460 0.060351 -0.155998
v -0.336625 0.087042 -0.242053
v -0.326110 0.089472 -0.285310
v -0.420498 0.092947 -0.139986
v -0.447150 0.081114 -0.130442
v -0.302872 0.069522 -0.257262
v -0.428989 0.087139 -0.105820
v -0.335997 0.105539 -0.434922
v -0.341567 0.104985 -0.450042
v -0.314961 0.099931 -0.479349
v -0.380506 0.045235 0.236504
v -0.358678 0.027312 0.290352
v -0.472811 0.047026 0.097626
v -0.491965 0.038020 0.081924
v -0.342741 0.035371 0.261427
v -0.485605 0.041605 0.060871
v -0.341535 0.006173 0.307571
v -0.329699 -0.008277 0.347536
v -0.424869 0.067539 0.164087
v -0.454176 0.058245 0.127310
v -0.325977 -0.043296 0.347098
v -0.432594 0.069105 0.128461
v -0.313671 -0.002553 0.421080
v -0.319296 0.002268 0.415061
v -0.295320 -0.014588 0.456010
v -0.016804 0.318801 -0.134392
v -0.004657 0.321029 -0.132705
v -0.014962 0.278739 -0.128336
v -0.007517 0.650787 -0.321111
v 0.038746 0.654999 -0.328701
v 0.019887 0.676199 -0.367242
v -0.196056 0.132081 0.119957
v -0.188894 0.122674 0.172111
v -0.220269 0.103041 0.177916
v -0.278238 0.419833 -0.374964
v -0.285548 0.426762 -0.427928
v -0.280025 0.339668 -0.410372
v -0.427344 0.080065 -0.084988
v -0.459947 0.065360 -0.086009
v -0.465496 0.059798 -0.056292
v 0.189170 0.141517 0.109314
v 0.177457 0.134230 0.163663
v 0.215353 0.117321 0.162325
v 0.281207 0.418856 -0.375482
v 0.283343 0.428922 -0.434211
v 0.281509 0.335588 -0.417414
v 0.434035 0.077569 -0.086513
v 0.468406 0.059181 -0.083521
v 0.472076 0.058466 -0.053274
v -0.016482 -0.596124 0.277964
v 0.029977 -0.596595 0.276924
v 0.005453 -0.592981 0.338072
v -0.027865 -0.527141 -0.174723
v 0.023927 -0.525608 -0.174380
v -0.001230 -0.517692 -0.208939
v -0.309969 -0.332501 0.399619
v -0.321829 -0.350344 0.458884
v -0.320463 -0.273542 0.416467
v -0.287881 -0.219667 -0.270407
v -0.244770 -0.181650 -0.292109
v -0.260949 -0.130701 -0.266401
v -0.343901 0.069346 0.047717
v -0.383147 0.085821 0.016279
v -0.383874 0.084226 0.050385
v 0.309712 -0.336853 0.386750
v 0.321154 -0.355542 0.445545
v 0.317809 -0.279604 0.401831
v 0.291016 -0.224721 -0.261264
v 0.259365 -0.184133 -0.292180
v 0.268355 -0.136448 -0.259090
v 0.336904 0.060836 0.062717
v 0.372491 0.087830 0.037724
v 0.370177 0.088033 0.070467
v 0.177732 -0.048408 0.664340
v 0.168332 -0.017801 0.645709
v 0.204024 -0.030584 0.623744
v -0.193017 -0.048071 0.652444
v -0.185392 -0.021225 0.634299
v -0.214287 -0.034423 0.610650
v 0.176318 0.021170 -0.664481
v 0.195498 0.046656 -0.710530
v 0.220620 0.035785 -0.662878
v -0.202976 0.029476 -0.666474
v -0.221838 0.054639 -0.710103
v -0.239973 0.051562 -0.656995
f 1 647 644
f 1 644 643
f 1 643 645
f 1 645 646
f 1 646 647
f 2 649 652
f 6 672 670
f 12 702 699
f 11 696 695
f 8 679 681
f 4 662 659
f 4 659 658
f 4 658 660
f 4 660 661
f 4 661 662
f 5 666 665
f 3 654 657
f 7 673 677
f 9 685 686
f 10 692 688
f 12 701 698
f 6 669 668
f 2 650 648
f 8 682 678
f 11 697 693
f 6 671 669
f 12 700 701
f 11 694 697
f 8 680 682
f 2 651 650
f 10 690 689
f 5 663 664
f 3 655 653
f 7 676 674
f 9 687 684
f 10 691 690
f 5 667 663
f 3 656 655
f 7 675 676
f 9 683 687
f 6 668 672
f 2 648 649
f 8 678 679
f 11 693 696
f 12 698 702
f 10 688 691
f 5 665 667
f 3 657 656
f 7 677 675
f 9 686 683
f 5 664 666
f 3 653 654
f 7 674 673
f 9 684 685
f 10 689 692
f 6 670 671
f 12 699 700
f 11 695 694
f 8 681 680
f 2 652 651
f 35 837 838
f 18 735 736
f 19 742 741
f 40 868 867
f 42 880 879
f 34 832 831
f 33 827 828
f 25 778 780
f 36 844 846
f 20 749 747
f 32 819 820
f 23 765 767
f 24 773 771
f 37 850 849
f 41 876 875
f 34 833 834
f 33 826 825
f 25 779 777
f 36 845 843
f 20 748 750
f 17 729 727
f 14 711 709
f 13 706 703
f 15 718 715
f 16 724 721
f 18 737 733
f 35 839 835
f 42 882 878
f 40 870 866
f 19 744 740
f 30 807 805
f 27 789 787
f 22 762 758
f 28 797 793
f 29 802 799
f 32 821 817
f 23 766 763
f 24 774 770
f 37 852 848
f 41 874 872
f 35 838 836
f 18 736 734
f 19 741 739
f 40 867 865
f 42 879 877
f 34 831 829
f 33 828 824
f 25 780 776
f 36 846 842
f 20 747 745
f 32 820 818
f 23 767 764
f 24 771 769
f 37 849 847
f 41 875 871
f 34 834 830
f 33 825 823
f 25 777 775
f 36 843 841
f 20 750 746
f 14 714 710
f 13 707 704
f 15 719 716
f 16 725 722
f 17 732 728
f 21 755 752
f 31 814 811
f 26 784 781
f 38 857 853
f 39 862 860
f 27 792 788
f 22 759 757
f 28 796 794
f 29 803 800
f 30 810 806
f 31 815 812
f 26 785 782
f 38 856 854
f 39 863 859
f 21 754 751
f 14 712 714
f 13 705 707
f 15 717 719
f 16 723 725
f 17 730 732
f 21 753 755
f 31 816 814
f 26 786 784
f 38 858 857
f 39 861 862
f 27 791 792
f 22 761 759
f 28 795 796
f 29 801 803
f 30 808 810
f 31 813 815
f 26 783 785
f 38 855 856
f 39 864 863
f 21 756 754
f 14 709 712
f 13 703 705
f 15 715 717
f 16 721 723
f 17 727 730
f 21 751 753
f 31 812 816
f 26 782 786
f 38 854 858
f 39 859 861
f 27 787 791
f 22 758 761
f 28 793 795
f 29 799 801
f 30 805 808
f 31 811 813
f 26 781 783
f 38 853 855
f 39 860 864
f 21 752 756
f 17 728 731
f 14 710 713
f 13 704 708
f 15 716 720
f 16 722 726
f 18 734 738
f 35 836 840
f 42 877 881
f 40 865 869
f 19 739 743
f 30 806 809
f 27 788 790
f 22 757 760
f 28 794 798
f 29 800 804
f 32 818 822
f 23 764 768
f 24 769 772
f 37 847 851
f 41 871 873
f 35 835 837
f 18 733 735
f 19 740 742
f 40 866 868
f 42 878 880
f 34 830 832
f 33 823 827
f 25 775 778
f 36 841 844
f 20 746 749
f 32 817 819
f 23 763 765
f 24 770 773
f 37 848 850
f 41 872 876
f 34 829 833
f 33 824 826
f 25 776 779
f 36 842 845
f 20 745 748
f 17 731 729
f 14 713 711
f 13 708 706
f 15 720 718
f 16 726 724
f 18 738 737
f 35 840 839
f 42 881 882
f 40 869 870
f 19 743 744
f 30 809 807
f 27 790 789
f 22 760 762
f 28 798 797
f 29 804 802
f 32 822 821
f 23 768 766
f 24 772 774
f 37 851 852
f 41 873 874
f 107 1269 1270
f 103 1245 1246
f 104 1252 1251
f 110 1288 1287
f 113 1306 1305
f 118 1336 1335
f 154 1551 1552
f 141 1473 1474
f 162 1599 1600
f 121 1354 1353
f 142 1479 1480
f 129 1401 1402
f 130 1408 1407
f 144 1492 1491
f 146 1504 1503
f 151 1533 1534
f 131 1414 1413
f 136 1444 1443
f 161 1594 1593
f 126 1383 1384
f 116 1323 1324
f 108 1275 1276
f 106 1263 1264
f 112 1299 1300
f 115 1317 1318
f 119 1341 1342
f 156 1564 1563
f 139 1462 1461
f 160 1588 1587
f 120 1347 1348
f 149 1521 1522
f 132 1420 1419
f 128 1395 1396
f 145 1497 1498
f 148 1515 1516
f 155 1557 1558
f 133 1425 1426
f 134 1431 1432
f 157 1570 1569
f 124 1372 1371
f 109 1282 1281
f 105 1258 1257
f 111 1294 1293
f 114 1312 1311
f 117 1330 1329
f 125 1378 1377
f 152 1540 1539
f 137 1449 1450
f 158 1575 1576
f 123 1365 1366
f 143 1486 1485
f 127 1390 1389
f 135 1437 1438
f 147 1510 1509
f 150 1528 1527
f 153 1546 1545
f 140 1468 1467
f 138 1455 1456
f 159 1581 1582
f 122 1359 1360
f 107 1272 1271
f 103 1248 1247
f 104 1253 1254
f 110 1289 1290
f 113 1307 1308
f 118 1337 1338
f 154 1554 1553
f 141 1476 1475
f 162 1602 1601
f 121 1355 1356
f 142 1482 1481
f 129 1404 1403
f 130 1409 1410
f 144 1493 1494
f 146 1505 1506
f 151 1536 1535
f 131 1415 1416
f 136 1445 1446
f 161 1595 1596
f 126 1386 1385
f 47 909 907
f 44 891 889
f 43 886 883
f 45 898 895
f 46 904 901
f 49 922 919
f 72 1060 1057
f 102 1240 1237
f 96 1204 1201
f 79 1102 1099
f 62 999 997
f 59 981 979
f 58 976 973
f 60 988 985
f 61 994 991
f 66 1024 1021
f 54 952 949
f 73 1066 1063
f 85 1138 1135
f 92 1179 1177
f 101 1233 1231
f 69 1041 1039
f 50 927 925
f 82 1119 1117
f 97 1209 1207
f 71 1053 1051
f 100 1228 1225
f 94 1192 1189
f 80 1108 1105
f 51 933 931
f 90 1167 1165
f 63 1005 1003
f 55 957 955
f 76 1083 1081
f 87 1150 1147
f 91 1174 1171
f 67 1029 1027
f 56 963 961
f 75 1077 1075
f 83 1126 1123
f 68 1036 1033
f 48 915 913
f 78 1095 1093
f 93 1185 1183
f 98 1216 1213
f 88 1155 1153
f 65 1018 1015
f 57 970 967
f 77 1090 1087
f 86 1143 1141
f 64 1012 1009
f 53 945 943
f 74 1071 1069
f 84 1131 1129
f 89 1162 1159
f 70 1047 1045
f 99 1221 1219
f 95 1197 1195
f 81 1114 1111
f 52 940 937
f 109 1284 1280
f 105 1260 1256
f 111 1296 1292
f 114 1314 1310
f 117 1332 1328
f 125 1380 1376
f 152 1542 1538
f 137 1451 1447
f 158 1577 1573
f 123 1367 1363
f 143 1488 1484
f 127 1392 1388
f 135 1439 1435
f 147 1512 1508
f 150 1530 1526
f 153 1548 1544
f 140 1470 1466
f 138 1457 1453
f 159 1583 1579
f 122 1361 1357
f 107 1270 1268
f 103 1246 1244
f 104 1251 1249
f 110 1287 1285
f 113 1305 1303
f 118 1335 1333
f 154 1552 1550
f 141 1474 1472
f 162 1600 1598
f 121 1353 1351
f 142 1480 1478
f 129 1402 1400
f 130 1407 1405
f 144 1491 1489
f 146 1503 1501
f 151 1534 1532
f 131 1413 1411
f 136 1443 1441
f 161 1593 1591
f 126 1384 1382
f 116 1324 1322
f 108 1276 1274
f 106 1264 1262
f 112 1300 1298
f 115 1318 1316
f 119 1342 1340
f 156 1563 1561
f 139 1461 1459
f 160 1587 1585
f 120 1348 1346
f 149 1522 1520
f 132 1419 1417
f 128 1396 1394
f 145 1498 1496
f 148 1516 1514
f 155 1558 1556
f 133 1426 1424
f 134 1432 1430
f 157 1569 1567
f 124 1371 1369
f 109 1281 1279
f 105 1257 1255
f 111 1293 1291
f 114 1311 1309
f 117 1329 1327
f 125 1377 1375
f 152 1539 1537
f 137 1450 1448
f 158 1576 1574
f 123 1366 1364
f 143 1485 1483
f 127 1389 1387
f 135 1438 1436
f 147 1509 1507
f 150 1527 1525
f 153 1545 1543
f 140 1467 1465
f 138 1456 1454
f 159 1582 1580
f 122 1360 1358
f 107 1271 1267
f 103 1247 1243
f 104 1254 1250
f 110 1290 1286
f 113 1308 1304
f 118 1338 1334
f 154 1553 1549
f 141 1475 1471
f 162 1601 1597
f 121 1356 1352
f 142 1481 1477
f 129 1403 1399
f 130 1410 1406
f 144 1494 1490
f 146 1506 1502
f 151 1535 1531
f 131 1416 1412
f 136 1446 1442
f 161 1596 1592
f 126 1385 1381
f 44 894 890
f 43 887 884
f 45 899 896
f 46 905 902
f 47 912 908
f 52 941 938
f 70 1050 1046
f 99 1224 1220
f 95 1200 1196
f 81 1115 1112
f 59 984 980
f 58 977 974
f 60 989 986
f 61 995 992
f 62 1002 998
f 65 1019 1016
f 57 971 968
f 77 1091 1088
f 86 1146 1142
f 88 1158 1154
f 98 1217 1214
f 68 1037 1034
f 48 918 914
f 78 1098 1094
f 93 1188 1184
f 69 1044 1040
f 101 1236 1232
f 97 1212 1208
f 82 1122 1118
f 50 930 926
f 89 1163 1160
f 64 1013 1010
f 53 948 944
f 74 1074 1070
f 84 1134 1130
f 90 1170 1166
f 63 1008 1004
f 55 960 956
f 76 1086 1082
f 87 1151 1148
f 72 1061 1058
f 49 923 920
f 79 1103 1100
f 96 1205 1202
f 102 1241 1238
f 91 1175 1172
f 67 1032 1028
f 56 966 962
f 75 1080 1076
f 83 1127 1124
f 66 1025 1022
f 54 953 950
f 73 1067 1064
f 85 1139 1136
f 92 1182 1178
f 71 1056 1052
f 100 1229 1226
f 94 1193 1190
f 80 1109 1106
f 51 936 932
f 116 1325 1321
f 108 1277 1273
f 106 1265 1261
f 112 1301 1297
f 115 1319 1315
f 119 1343 1339
f 156 1566 1562
f 139 1464 1460
f 160 1590 1586
f 120 1349 1345
f 149 1523 1519
f 132 1422 1418
f 128 1397 1393
f 145 1499 1495
f 148 1517 1513
f 155 1559 1555
f 133 1427 1423
f 134 1433 1429
f 157 1572 1568
f 124 1374 1370
f 44 892 894
f 43 885 887
f 45 897 899
f 46 903 905
f 47 910 912
f 52 939 941
f 70 1048 1050
f 99 1222 1224
f 95 1198 1200
f 81 1113 1115
f 59 982 984
f 58 975 977
f 60 987 989
f 61 993 995
f 62 1000 1002
f 65 1017 1019
f 57 969 971
f 77 1089 1091
f 86 1144 1146
f 88 1156 1158
f 98 1215 1217
f 68 1035 1037
f 48 916 918
f 78 1096 1098
f 93 1186 1188
f 69 1042 1044
f 101 1234 1236
f 97 1210 1212
f 82 1120 1122
f 50 928 930
f 89 1161 1163
f 64 1011 1013
f 53 946 948
f 74 1072 1074
f 84 1132 1134
f 90 1168 1170
f 63 1006 1008
f 55 958 960
f 76 1084 1086
f 87 1149 1151
f 72 1059 1061
f 49 921 923
f 79 1101 1103
f 96 1203 1205
f 102 1239 1241
f 91 1173 1175
f 67 1030 1032
f 56 964 966
f 75 1078 1080
f 83 1125 1127
f 66 1023 1025
f 54 951 953
f 73 1065 1067
f 85 1137 1139
f 92 1180 1182
f 71 1054 1056
f 100 1227 1229
f 94 1191 1193
f 80 1107 1109
f 51 934 936
f 116 1326 1325
f 108 1278 1277
f 106 1266 1265
f 112 1302 1301
f 115 1320 1319
f 119 1344 1343
f 156 1565 1566
f 139 1463 1464
f 160 1589 1590
f 120 1350 1349
f 149 1524 1523
f 132 1421 1422
f 128 1398 1397
f 145 1500 1499
f 148 1518 1517
f 155 1560 1559
f 133 1428 1427
f 134 1434 1433
f 157 1571 1572
f 124 1373 1374
f 44 889 892
f 43 883 885
f 45 895 897
f 46 901 903
f 47 907 910
f 52 937 939
f 70 1045 1048
f 99 1219 1222
f 95 1195 1198
f 81 1111 1113
f 59 979 982
f 58 973 975
f 60 985 987
f 61 991 993
f 62 997 1000
f 65 1015 1017
f 57 967 969
f 77 1087 1089
f 86 1141 1144
f 88 1153 1156
f 98 1213 1215
f 68 1033 1035
f 48 913 916
f 78 1093 1096
f 93 1183 1186
f 69 1039 1042
f 101 1231 1234
f 97 1207 1210
f 82 1117 1120
f 50 925 928
f 89 1159 1161
f 64 1009 1011
f 53 943 946
f 74 1069 1072
f 84 1129 1132
f 90 1165 1168
f 63 1003 1006
f 55 955 958
f 76 1081 1084
f 87 1147 1149
f 72 1057 1059
f 49 919 921
f 79 1099 1101
f 96 1201 1203
f 102 1237 1239
f 91 1171 1173
f 67 1027 1030
f 56 961 964
f 75 1075 1078
f 83 1123 1125
f 66 1021 1023
f 54 949 951
f 73 1063 1065
f 85 1135 1137
f 92 1177 1180
f 71 1051 1054
f 100 1225 1227
f 94 1189 1191
f 80 1105 1107
f 51 931 934
f 116 1322 1326
f 108 1274 1278
f 106 1262 1266
f 112 1298 1302
f 115 1316 1320
f 119 1340 1344
f 156 1561 1565
f 139 1459 1463
f 160 1585 1589
f 120 1346 1350
f 149 1520 1524
f 132 1417 1421
f 128 1394 1398
f 145 1496 1500
f 148 1514 1518
f 155 1556 1560
f 133 1424 1428
f 134 1430 1434
f 157 1567 1571
f 124 1369 1373
f 47 908 911
f 44 890 893
f 43 884 888
f 45 896 900
f 46 902 906
f 49 920 924
f 72 1058 1062
f 102 1238 1242
f 96 1202 1206
f 79 1100 1104
f 62 998 1001
f 59 980 983
f 58 974 978
f 60 986 990
f 61 992 996
f 66 1022 1026
f 54 950 954
f 73 1064 1068
f 85 1136 1140
f 92 1178 1181
f 101 1232 1235
f 69 1040 1043
f 50 926 929
f 82 1118 1121
f 97 1208 1211
f 71 1052 1055
f 100 1226 1230
f 94 1190 1194
f 80 1106 1110
f 51 932 935
f 90 1166 1169
f 63 1004 1007
f 55 956 959
f 76 1082 1085
f 87 1148 1152
f 91 1172 1176
f 67 1028 1031
f 56 962 965
f 75 1076 1079
f 83 1124 1128
f 68 1034 1038
f 48 914 917
f 78 1094 1097
f 93 1184 1187
f 98 1214 1218
f 88 1154 1157
f 65 1016 1020
f 57 968 972
f 77 1088 1092
f 86 1142 1145
f 64 1010 1014
f 53 944 947
f 74 1070 1073
f 84 1130 1133
f 89 1160 1164
f 70 1046 1049
f 99 1220 1223
f 95 1196 1199
f 81 1112 1116
f 52 938 942
f 109 1279 1283
f 105 1255 1259
f 111 1291 1295
f 114 1309 1313
f 117 1327 1331
f 125 1375 1379
f 152 1537 1541
f 137 1448 1452
f 158 1574 1578
f 123 1364 1368
f 143 1483 1487
f 127 1387 1391
f 135 1436 1440
f 147 1507 1511
f 150 1525 1529
f 153 1543 1547
f 140 1465 1469
f 138 1454 1458
f 159 1580 1584
f 122 1358 1362
f 107 1267 1269
f 103 1243 1245
f 104 1250 1252
f 110 1286 1288
f 113 1304 1306
f 118 1334 1336
f 154 1549 1551
f 141 1471 1473
f 162 1597 1599
f 121 1352 1354
f 142 1477 1479
f 129 1399 1401
f 130 1406 1408
f 144 1490 1492
f 146 1502 1504
f 151 1531 1533
f 131 1412 1414
f 136 1442 1444
f 161 1592 1594
f 126 1381 1383
f 116 1321 1323
f 108 1273 1275
f 106 1261 1263
f 112 1297 1299
f 115 1315 1317
f 119 1339 1341
f 156 1562 1564
f 139 1460 1462
f 160 1586 1588
f 120 1345 1347
f 149 1519 1521
f 132 1418 1420
f 128 1393 1395
f 145 1495 1497
f 148 1513 1515
f 155 1555 1557
f 133 1423 1425
f 134 1429 1431
f 157 1568 1570
f 124 1370 1372
f 109 1280 1282
f 105 1256 1258
f 111 1292 1294
f 114 1310 1312
f 117 1328 1330
f 125 1376 1378
f 152 1538 1540
f 137 1447 1449
f 158 1573 1575
f 123 1363 1365
f 143 1484 1486
f 127 1388 1390
f 135 1435 1437
f 147 1508 1510
f 150 1526 1528
f 153 1544 1546
f 140 1466 1468
f 138 1453 1455
f 159 1579 1581
f 122 1357 1359
f 107 1268 1272
f 103 1244 1248
f 104 1249 1253
f 110 1285 1289
f 113 1303 1307
f 118 1333 1337
f 154 1550 1554
f 141 1472 1476
f 162 1598 1602
f 121 1351 1355
f 142 1478 1482
f 129 1400 1404
f 130 1405 1409
f 144 1489 1493
f 146 1501 1505
f 151 1532 1536
f 131 1411 1415
f 136 1441 1445
f 161 1591 1595
f 126 1382 1386
f 47 911 909
f 44 893 891
f 43 888 886
f 45 900 898
f 46 906 904
f 49 924 922
f 72 1062 1060
f 102 1242 1240
f 96 1206 1204
f 79 1104 1102
f 62 1001 999
f 59 983 981
f 58 978 976
f 60 990 988
f 61 996 994
f 66 1026 1024
f 54 954 952
f 73 1068 1066
f 85 1140 1138
f 92 1181 1179
f 101 1235 1233
f 69 1043 1041
f 50 929 927
f 82 1121 1119
f 97 1211 1209
f 71 1055 1053
f 100 1230 1228
f 94 1194 1192
f 80 1110 1108
f 51 935 933
f 90 1169 1167
f 63 1007 1005
f 55 959 957
f 76 1085 1083
f 87 1152 1150
f 91 1176 1174
f 67 1031 1029
f 56 965 963
f 75 1079 1077
f 83 1128 1126
f 68 1038 1036
f 48 917 915
f 78 1097 1095
f 93 1187 1185
f 98 1218 1216
f 88 1157 1155
f 65 1020 1018
f 57 972 970
f 77 1092 1090
f 86 1145 1143
f 64 1014 1012
f 53 947 945
f 74 1073 1071
f 84 1133 1131
f 89 1164 1162
f 70 1049 1047
f 99 1223 1221
f 95 1199 1197
f 81 1116 1114
f 52 942 940
f 109 1283 1284
f 105 1259 1260
f 111 1295 1296
f 114 1313 1314
f 117 1331 1332
f 125 1379 1380
f 152 1541 1542
f 137 1452 1451
f 158 1578 1577
f 123 1368 1367
f 143 1487 1488
f 127 1391 1392
f 135 1440 1439
f 147 1511 1512
f 150 1529 1530
f 153 1547 1548
f 140 1469 1470
f 138 1458 1457
f 159 1584 1583
f 122 1362 1361
f 407 1609 1616
f 403 1605 1608
f 404 1611 1606
f 410 1614 1612
f 413 1617 1615
f 422 1631 1624
f 486 1688 1692
f 573 1775 1782
f 561 1763 1765
f 512 1719 1714
f 452 1654 1661
f 448 1650 1653
f 449 1656 1651
f 455 1659 1657
f 458 1662 1660
f 470 1672 1675
f 437 1646 1639
f 494 1706 1696
f 531 1735 1733
f 539 1741 1751
f 568 1770 1779
f 478 1680 1683
f 419 1621 1626
f 509 1711 1721
f 554 1756 1766
f 482 1684 1689
f 576 1780 1778
f 558 1767 1760
f 516 1722 1718
f 425 1627 1629
f 542 1744 1747
f 463 1668 1665
f 434 1636 1641
f 497 1699 1704
f 528 1730 1737
f 546 1748 1750
f 464 1666 1676
f 440 1642 1644
f 500 1705 1702
f 524 1736 1726
f 479 1691 1681
f 418 1623 1620
f 508 1713 1710
f 553 1764 1755
f 569 1781 1771
f 538 1749 1740
f 471 1677 1673
f 443 1645 1647
f 501 1703 1707
f 523 1725 1734
f 467 1674 1669
f 433 1638 1635
f 493 1695 1698
f 527 1732 1729
f 543 1752 1745
f 485 1690 1687
f 572 1777 1774
f 557 1759 1762
f 515 1717 1720
f 428 1630 1632
f 591 2191 2189
f 587 1885 1883
f 588 1901 1903
f 594 2279 2281
f 597 2315 2317
f 600 2171 2173
f 634 2160 2158
f 619 2016 2012
f 639 2214 2210
f 602 1919 1924
f 624 2137 2135
f 608 1978 1973
f 610 1991 1996
f 627 2225 2227
f 630 2302 2304
f 635 2178 2176
f 615 2153 2155
f 617 2009 2014
f 637 2207 2212
f 604 1926 1922
f 416 1857 1864
f 408 1803 1810
f 406 1786 1795
f 412 1822 1831
f 415 1840 1849
f 424 1876 1887
f 492 2182 2193
f 582 2312 2321
f 565 2276 2285
f 514 1898 1907
f 461 2091 2098
f 453 2037 2044
f 451 1952 1961
f 457 2056 2067
f 460 2074 2083
f 475 2128 2139
f 439 1966 1975
f 496 1988 1997
f 533 2222 2231
f 551 2293 2298
f 579 2185 2190
f 483 1879 1884
f 426 1893 1900
f 521 2271 2278
f 566 2307 2314
f 489 2163 2170
f 578 2150 2159
f 560 2006 2015
f 518 2204 2213
f 429 1911 1918
f 547 2131 2136
f 465 1969 1977
f 441 1983 1990
f 504 2217 2224
f 537 2290 2301
f 550 2168 2177
f 476 2145 2152
f 444 2001 2008
f 502 2199 2206
f 526 1916 1925
f 481 1808 1817
f 420 1789 1797
f 510 1825 1833
f 555 1843 1851
f 571 1862 1871
f 540 1933 1941
f 473 2110 2119
f 447 2020 2029
f 507 2236 2247
f 534 2257 2262
f 469 2042 2051
f 435 1947 1954
f 498 2059 2064
f 529 2077 2085
f 545 2096 2105
f 487 2113 2121
f 574 2023 2031
f 562 2239 2244
f 520 2254 2265
f 432 1930 1939
f 589 1818 1814
f 583 1798 1793
f 586 1834 1829
f 593 1852 1847
f 596 1872 1868
f 599 1942 1937
f 633 2120 2124
f 620 2030 2034
f 640 2248 2250
f 603 2263 2261
f 622 2052 2050
f 607 1955 1960
f 612 2065 2063
f 626 2086 2081
f 629 2106 2102
f 631 2122 2117
f 614 2032 2027
f 618 2245 2243
f 641 2266 2268
f 605 1940 1944
f 409 1813 1804
f 405 1792 1785
f 411 1828 1821
f 414 1846 1839
f 417 1867 1858
f 431 1936 1929
f 488 2123 2114
f 575 2033 2024
f 563 2249 2240
f 519 2260 2253
f 454 2049 2038
f 450 1959 1951
f 456 2062 2055
f 459 2080 2073
f 462 2101 2092
f 472 2116 2109
f 446 2026 2019
f 506 2242 2235
f 535 2267 2258
f 541 1943 1934
f 570 1869 1861
f 480 1815 1807
f 421 1799 1790
f 511 1835 1826
f 556 1853 1844
f 484 1889 1880
f 580 2195 2186
f 567 2319 2308
f 522 2283 2272
f 427 1905 1894
f 544 2103 2095
f 468 2046 2041
f 436 1957 1948
f 499 2069 2060
f 530 2087 2078
f 548 2141 2132
f 466 1979 1970
f 442 1993 1984
f 505 2229 2218
f 536 2296 2289
f 491 2188 2181
f 423 1882 1875
f 513 1902 1897
f 564 2280 2275
f 581 2316 2311
f 549 2172 2167
f 477 2157 2146
f 445 2011 2002
f 503 2209 2200
f 525 1923 1915
f 474 2134 2127
f 438 1972 1965
f 495 1995 1987
f 532 2226 2221
f 552 2303 2294
f 490 2175 2164
f 577 2154 2149
f 559 2013 2005
f 517 2211 2203
f 430 1921 1912
f 590 1865 1870
f 584 1811 1816
f 585 1796 1800
f 592 1832 1836
f 595 1850 1854
f 598 1888 1890
f 636 2194 2196
f 621 2322 2320
f 642 2286 2284
f 601 1908 1906
f 623 2099 2104
f 611 2045 2047
f 609 1962 1958
f 625 2068 2070
f 628 2084 2088
f 632 2140 2142
f 613 1976 1980
f 616 1998 1994
f 638 2232 2230
f 606 2299 2297
f 407 2330 2329
f 403 2324 2323
f 404 2325 2326
f 410 2332 2333
f 413 2335 2336
f 422 2344 2345
f 486 2410 2409
f 573 2497 2496
f 561 2486 2485
f 512 2434 2435
f 452 2375 2374
f 448 2369 2368
f 449 2370 2371
f 455 2377 2378
f 458 2380 2381
f 470 2393 2392
f 437 2359 2360
f 494 2415 2416
f 531 2455 2456
f 539 2461 2460
f 568 2489 2488
f 478 2399 2398
f 419 2341 2340
f 509 2431 2430
f 554 2476 2475
f 482 2405 2404
f 576 2500 2501
f 558 2481 2482
f 516 2439 2440
f 425 2348 2347
f 542 2465 2464
f 463 2383 2384
f 434 2356 2355
f 497 2420 2419
f 528 2452 2451
f 546 2471 2470
f 464 2386 2385
f 440 2363 2362
f 500 2422 2423
f 524 2445 2446
f 479 2400 2401
f 418 2338 2339
f 508 2428 2429
f 553 2473 2474
f 569 2490 2491
f 538 2458 2459
f 471 2394 2395
f 443 2366 2365
f 501 2425 2424
f 523 2444 2443
f 467 2389 2390
f 433 2353 2354
f 493 2414 2413
f 527 2449 2450
f 543 2466 2467
f 485 2407 2408
f 572 2494 2495
f 557 2480 2479
f 515 2438 2437
f 428 2351 2350
f 591 2510 2511
f 587 2504 2505
f 588 2508 2507
f 594 2514 2513
f 597 2517 2516
f 600 2520 2519
f 634 2554 2556
f 619 2539 2540
f 639 2560 2561
f 602 2523 2521
f 624 2543 2544
f 608 2527 2529
f 610 2532 2530
f 627 2547 2546
f 630 2550 2549
f 635 2552 2553
f 615 2535 2534
f 617 2538 2536
f 637 2558 2557
f 604 2524 2525
f 167 1607 647
f 164 1603 644
f 163 1604 643
f 165 1610 645
f 166 1613 646
f 169 1622 649
f 192 1686 672
f 222 1773 702
f 216 1761 696
f 199 1712 679
f 182 1652 662
f 179 1648 659
f 178 1649 658
f 180 1655 660
f 181 1658 661
f 186 1670 666
f 174 1637 654
f 193 1694 673
f 205 1731 685
f 212 1739 692
f 221 1768 701
f 189 1678 669
f 170 1619 650
f 202 1709 682
f 217 1754 697
f 191 1682 671
f 220 1776 700
f 214 1758 694
f 200 1716 680
f 171 1625 651
f 210 1742 690
f 183 1663 663
f 175 1634 655
f 196 1697 676
f 207 1728 687
f 211 1746 691
f 187 1664 667
f 176 1640 656
f 195 1700 675
f 203 1724 683
f 188 1679 668
f 168 1618 648
f 198 1708 678
f 213 1753 693
f 218 1769 698
f 208 1738 688
f 185 1671 665
f 177 1643 657
f 197 1701 677
f 206 1723 686
f 184 1667 664
f 173 1633 653
f 194 1693 674
f 204 1727 684
f 209 1743 689
f 190 1685 670
f 219 1772 699
f 215 1757 695
f 201 1715 681
f 172 1628 652
f 357 2187 837
f 255 1881 735
f 262 1899 742
f 388 2277 868
f 400 2313 880
f 352 2169 832
f 347 2156 827
f 298 2010 778
f 364 2208 844
f 269 1917 749
f 339 2133 819
f 285 1971 765
f 293 1989 773
f 370 2223 850
f 396 2300 876
f 353 2174 833
f 346 2151 826
f 299 2007 779
f 365 2205 845
f 268 1920 748
f 249 1855 729
f 231 1801 711
f 226 1784 706
f 238 1820 718
f 244 1838 724
f 257 1874 737
f 359 2180 839
f 402 2310 882
f 390 2274 870
f 264 1896 744
f 327 2089 807
f 309 2035 789
f 282 1950 762
f 317 2054 797
f 322 2072 802
f 341 2126 821
f 286 1964 766
f 294 1986 774
f 372 2220 852
f 394 2291 874
f 358 2183 838
f 256 1877 736
f 261 1891 741
f 387 2269 867
f 399 2305 879
f 351 2161 831
f 348 2148 828
f 300 2004 780
f 366 2202 846
f 267 1909 747
f 340 2129 820
f 287 1967 767
f 291 1981 771
f 369 2215 849
f 395 2288 875
f 354 2166 834
f 345 2143 825
f 297 1999 777
f 363 2197 843
f 270 1914 750
f 234 1806 714
f 227 1787 707
f 239 1823 719
f 245 1841 725
f 252 1860 732
f 275 1931 755
f 334 2108 814
f 304 2018 784
f 377 2234 857
f 382 2255 862
f 312 2040 792
f 279 1945 759
f 316 2057 796
f 323 2075 803
f 330 2094 810
f 335 2111 815
f 305 2021 785
f 376 2237 856
f 383 2252 863
f 274 1928 754
f 232 1812 712
f 225 1791 705
f 237 1827 717
f 243 1845 723
f 250 1866 730
f 273 1935 753
f 336 2118 816
f 306 2028 786
f 378 2246 858
f 381 2259 861
f 311 2048 791
f 281 1953 761
f 315 2061 795
f 321 2079 801
f 328 2100 808
f 333 2115 813
f 303 2025 783
f 375 2241 855
f 384 2264 864
f 276 1938 756
f 229 1802 709
f 223 1783 703
f 235 1819 715
f 241 1837 721
f 247 1856 727
f 271 1927 751
f 332 2112 812
f 302 2022 782
f 374 2238 854
f 379 2251 859
f 307 2036 787
f 278 1949 758
f 313 2053 793
f 319 2071 799
f 325 2090 805
f 331 2107 811
f 301 2017 781
f 373 2233 853
f 380 2256 860
f 272 1932 752
f 248 1859 728
f 230 1805 710
f 224 1788 704
f 236 1824 716
f 242 1842 722
f 254 1878 734
f 356 2184 836
f 397 2306 877
f 385 2270 865
f 259 1892 739
f 326 2093 806
f 308 2039 788
f 277 1946 757
f 314 2058 794
f 320 2076 800
f 338 2130 818
f 284 1968 764
f 289 1982 769
f 367 2216 847
f 391 2287 871
f 355 2179 835
f 253 1873 733
f 260 1895 740
f 386 2273 866
f 398 2309 878
f 350 2165 830
f 343 2144 823
f 295 2000 775
f 361 2198 841
f 266 1913 746
f 337 2125 817
f 283 1963 763
f 290 1985 770
f 368 2219 848
f 392 2292 872
f 349 2162 829
f 344 2147 824
f 296 2003 776
f 362 2201 842
f 265 1910 745
f 251 1863 731
f 233 1809 713
f 228 1794 708
f 240 1830 720
f 246 1848 726
f 258 1886 738
f 360 2192 840
f 401 2318 881
f 389 2282 869
f 263 1904 743
f 329 2097 809
f 310 2043 790
f 280 1956 760
f 318 2066 798
f 324 2082 804
f 342 2138 822
f 288 1974 768
f 292 1992 772
f 371 2228 851
f 393 2295 873
f 409 2331 1269
f 405 2327 1245
f 411 2328 1252
f 414 2334 1288
f 417 2337 1306
f 431 2346 1336
f 488 2412 1551
f 575 2499 1473
f 563 2487 1599
f 519 2436 1354
f 454 2376 1479
f 450 2372 1401
f 456 2373 1408
f 459 2379 1492
f 462 2382 1504
f 472 2396 1533
f 446 2361 1414
f 506 2418 1444
f 535 2457 1594
f 541 2463 1383
f 570 2492 1323
f 480 2402 1275
f 421 2343 1263
f 511 2433 1299
f 556 2478 1317
f 484 2406 1341
f 580 2502 1564
f 567 2484 1462
f 522 2442 1588
f 427 2349 1347
f 544 2468 1521
f 468 2387 1420
f 436 2358 1395
f 499 2421 1497
f 530 2454 1515
f 548 2472 1557
f 466 2388 1425
f 442 2364 1431
f 505 2426 1570
f 536 2448 1372
f 491 2403 1282
f 423 2342 1258
f 513 2432 1294
f 564 2477 1312
f 581 2493 1330
f 549 2462 1378
f 477 2397 1540
f 445 2367 1449
f 503 2427 1575
f 525 2447 1365
f 474 2391 1486
f 438 2357 1390
f 495 2417 1437
f 532 2453 1510
f 552 2469 1528
f 490 2411 1546
f 577 2498 1468
f 559 2483 1455
f 517 2441 1581
f 430 2352 1359
f 590 2509 1272
f 584 2503 1248
f 585 2506 1253
f 592 2512 1289
f 595 2515 1307
f 598 2518 1337
f 636 2555 1554
f 621 2541 1476
f 642 2562 1602
f 601 2522 1355
f 623 2542 1482
f 611 2528 1404
f 609 2531 1409
f 625 2545 1493
f 628 2548 1505
f 632 2551 1536
f 613 2533 1415
f 616 2537 1445
f 638 2559 1595
f 606 2526 1386
f 407 1616 909
f 403 1608 891
f 404 1606 886
f 410 1612 898
f 413 1615 904
f 422 1624 922
f 486 1692 1060
f 573 1782 1240
f 561 1765 1204
f 512 1714 1102
f 452 1661 999
f 448 1653 981
f 449 1651 976
f 455 1657 988
f 458 1660 994
f 470 1675 1024
f 437 1639 952
f 494 1696 1066
f 531 1733 1138
f 539 1751 1179
f 568 1779 1233
f 478 1683 1041
f 419 1626 927
f 509 1721 1119
f 554 1766 1209
f 482 1689 1053
f 576 1778 1228
f 558 1760 1192
f 516 1718 1108
f 425 1629 933
f 542 1747 1167
f 463 1665 1005
f 434 1641 957
f 497 1704 1083
f 528 1737 1150
f 546 1750 1174
f 464 1676 1029
f 440 1644 963
f 500 1702 1077
f 524 1726 1126
f 479 1681 1036
f 418 1620 915
f 508 1710 1095
f 553 1755 1185
f 569 1771 1216
f 538 1740 1155
f 471 1673 1018
f 443 1647 970
f 501 1707 1090
f 523 1734 1143
f 467 1669 1012
f 433 1635 945
f 493 1698 1071
f 527 1729 1131
f 543 1745 1162
f 485 1687 1047
f 572 1774 1221
f 557 1762 1197
f 515 1720 1114
f 428 1632 940
f 591 2189 1284
f 587 1883 1260
f 588 1903 1296
f 594 2281 1314
f 597 2317 1332
f 600 2173 1380
f 634 2158 1542
f 619 2012 1451
f 639 2210 1577
f 602 1924 1367
f 624 2135 1488
f 608 1973 1392
f 610 1996 1439
f 627 2227 1512
f 630 2304 1530
f 635 2176 1548
f 615 2155 1470
f 617 2014 1457
f 637 2212 1583
f 604 1922 1361
f 416 1864 1270
f 408 1810 1246
f 406 1795 1251
f 412 1831 1287
f 415 1849 1305
f 424 1887 1335
f 492 2193 1552
f 582 2321 1474
f 565 2285 1600
f 514 1907 1353
f 461 2098 1480
f 453 2044 1402
f 451 1961 1407
f 457 2067 1491
f 460 2083 1503
f 475 2139 1534
f 439 1975 1413
f 496 1997 1443
f 533 2231 1593
f 551 2298 1384
f 579 2190 1324
f 483 1884 1276
f 426 1900 1264
f 521 2278 1300
f 566 2314 1318
f 489 2170 1342
f 578 2159 1563
f 560 2015 1461
f 518 2213 1587
f 429 1918 1348
f 547 2136 1522
f 465 1977 1419
f 441 1990 1396
f 504 2224 1498
f 537 2301 1516
f 550 2177 1558
f 476 2152 1426
f 444 2008 1432
f 502 2206 1569
f 526 1925 1371
f 481 1817 1281
f 420 1797 1257
f 510 1833 1293
f 555 1851 1311
f 571 1871 1329
f 540 1941 1377
f 473 2119 1539
f 447 2029 1450
f 507 2247 1576
f 534 2262 1366
f 469 2051 1485
f 435 1954 1389
f 498 2064 1438
f 529 2085 1509
f 545 2105 1527
f 487 2121 1545
f 574 2031 1467
f 562 2244 1456
f 520 2265 1582
f 432 1939 1360
f 589 1814 1271
f 583 1793 1247
f 586 1829 1254
f 593 1847 1290
f 596 1868 1308
f 599 1937 1338
f 633 2124 1553
f 620 2034 1475
f 640 2250 1601
f 603 2261 1356
f 622 2050 1481
f 607 1960 1403
f 612 2063 1410
f 626 2081 1494
f 629 2102 1506
f 631 2117 1535
f 614 2027 1416
f 618 2243 1446
f 641 2268 1596
f 605 1944 1385
f 409 1804 894
f 405 1785 887
f 411 1821 899
f 414 1839 905
f 417 1858 912
f 431 1929 941
f 488 2114 1050
f 575 2024 1224
f 563 2240 1200
f 519 2253 1115
f 454 2038 984
f 450 1951 977
f 456 2055 989
f 459 2073 995
f 462 2092 1002
f 472 2109 1019
f 446 2019 971
f 506 2235 1091
f 535 2258 1146
f 541 1934 1158
f 570 1861 1217
f 480 1807 1037
f 421 1790 918
f 511 1826 1098
f 556 1844 1188
f 484 1880 1044
f 580 2186 1236
f 567 2308 1212
f 522 2272 1122
f 427 1894 930
f 544 2095 1163
f 468 2041 1013
f 436 1948 948
f 499 2060 1074
f 530 2078 1134
f 548 2132 1170
f 466 1970 1008
f 442 1984 960
f 505 2218 1086
f 536 2289 1151
f 491 2181 1061
f 423 1875 923
f 513 1897 1103
f 564 2275 1205
f 581 2311 1241
f 549 2167 1175
f 477 2146 1032
f 445 2002 966
f 503 2200 1080
f 525 1915 1127
f 474 2127 1025
f 438 1965 953
f 495 1987 1067
f 532 2221 1139
f 552 2294 1182
f 490 2164 1056
f 577 2149 1229
f 559 2005 1193
f 517 2203 1109
f 430 1912 936
f 590 1870 1325
f 584 1816 1277
f 585 1800 1265
f 592 1836 1301
f 595 1854 1319
f 598 1890 1343
f 636 2196 1566
f 621 2320 1464
f 642 2284 1590
f 601 1906 1349
f 623 2104 1523
f 611 2047 1422
f 609 1958 1397
f 625 2070 1499
f 628 2088 1517
f 632 2142 1559
f 613 1980 1427
f 616 1994 1433
f 638 2230 1572
f 606 2297 1374
f 407 2329 892
f 403 2323 885
f 404 2326 897
f 410 2333 903
f 413 2336 910
f 422 2345 939
f 486 2409 1048
f 573 2496 1222
f 561 2485 1198
f 512 2435 1113
f 452 2374 982
f 448 2368 975
f 449 2371 987
f 455 2378 993
f 458 2381 1000
f 470 2392 1017
f 437 2360 969
f 494 2416 1089
f 531 2456 1144
f 539 2460 1156
f 568 2488 1215
f 478 2398 1035
f 419 2340 916
f 509 2430 1096
f 554 2475 1186
f 482 2404 1042
f 576 2501 1234
f 558 2482 1210
f 516 2440 1120
f 425 2347 928
f 542 2464 1161
f 463 2384 1011
f 434 2355 946
f 497 2419 1072
f 528 2451 1132
f 546 2470 1168
f 464 2385 1006
f 440 2362 958
f 500 2423 1084
f 524 2446 1149
f 479 2401 1059
f 418 2339 921
f 508 2429 1101
f 553 2474 1203
f 569 2491 1239
f 538 2459 1173
f 471 2395 1030
f 443 2365 964
f 501 2424 1078
f 523 2443 1125
f 467 2390 1023
f 433 2354 951
f 493 2413 1065
f 527 2450 1137
f 543 2467 1180
f 485 2408 1054
f 572 2495 1227
f 557 2479 1191
f 515 2437 1107
f 428 2350 934
f 591 2511 1326
f 587 2505 1278
f 588 2507 1266
f 594 2513 1302
f 597 2516 1320
f 600 2519 1344
f 634 2556 1565
f 619 2540 1463
f 639 2561 1589
f 602 2521 1350
f 624 2544 1524
f 608 2529 1421
f 610 2530 1398
f 627 2546 1500
f 630 2549 1518
f 635 2553 1560
f 615 2534 1428
f 617 2536 1434
f 637 2557 1571
f 604 2525 1373
f 164 1609 889
f 163 1605 883
f 165 1611 895
f 166 1614 901
f 167 1617 907
f 172 1631 937
f 190 1688 1045
f 219 1775 1219
f 215 1763 1195
f 201 1719 1111
f 179 1654 979
f 178 1650 973
f 180 1656 985
f 181 1659 991
f 182 1662 997
f 185 1672 1015
f 177 1646 967
f 197 1706 1087
f 206 1735 1141
f 208 1741 1153
f 218 1770 1213
f 188 1680 1033
f 168 1621 913
f 198 1711 1093
f 213 1756 1183
f 189 1684 1039
f 221 1780 1231
f 217 1767 1207
f 202 1722 1117
f 170 1627 925
f 209 1744 1159
f 184 1668 1009
f 173 1636 943
f 194 1699 1069
f 204 1730 1129
f 210 1748 1165
f 183 1666 1003
f 175 1642 955
f 196 1705 1081
f 207 1736 1147
f 192 1691 1057
f 169 1623 919
f 199 1713 1099
f 216 1764 1201
f 222 1781 1237
f 211 1749 1171
f 187 1677 1027
f 176 1645 961
f 195 1703 1075
f 203 1725 1123
f 186 1674 1021
f 174 1638 949
f 193 1695 1063
f 205 1732 1135
f 212 1752 1177
f 191 1690 1051
f 220 1777 1225
f 214 1759 1189
f 200 1717 1105
f 171 1630 931
f 358 2191 1322
f 256 1885 1274
f 261 1901 1262
f 387 2279 1298
f 399 2315 1316
f 351 2171 1340
f 348 2160 1561
f 300 2016 1459
f 366 2214 1585
f 267 1919 1346
f 340 2137 1520
f 287 1978 1417
f 291 1991 1394
f 369 2225 1496
f 395 2302 1514
f 354 2178 1556
f 345 2153 1424
f 297 2009 1430
f 363 2207 1567
f 270 1926 1369
f 247 1857 908
f 229 1803 890
f 223 1786 884
f 235 1822 896
f 241 1840 902
f 253 1876 920
f 355 2182 1058
f 398 2312 1238
f 386 2276 1202
f 260 1898 1100
f 325 2091 998
f 307 2037 980
f 278 1952 974
f 313 2056 986
f 319 2074 992
f 337 2128 1022
f 283 1966 950
f 290 1988 1064
f 368 2222 1136
f 392 2293 1178
f 356 2185 1232
f 254 1879 1040
f 259 1893 926
f 385 2271 1118
f 397 2307 1208
f 349 2163 1052
f 344 2150 1226
f 296 2006 1190
f 362 2204 1106
f 265 1911 932
f 338 2131 1166
f 284 1969 1004
f 289 1983 956
f 367 2217 1082
f 391 2290 1148
f 350 2168 1172
f 343 2145 1028
f 295 2001 962
f 361 2199 1076
f 266 1916 1124
f 230 1808 1034
f 224 1789 914
f 236 1825 1094
f 242 1843 1184
f 248 1862 1214
f 272 1933 1154
f 331 2110 1016
f 301 2020 968
f 373 2236 1088
f 380 2257 1142
f 308 2042 1010
f 277 1947 944
f 314 2059 1070
f 320 2077 1130
f 326 2096 1160
f 332 2113 1046
f 302 2023 1220
f 374 2239 1196
f 379 2254 1112
f 271 1930 938
f 234 1818 1279
f 227 1798 1255
f 239 1834 1291
f 245 1852 1309
f 252 1872 1327
f 275 1942 1375
f 334 2120 1537
f 304 2030 1448
f 377 2248 1574
f 382 2263 1364
f 312 2052 1483
f 279 1955 1387
f 316 2065 1436
f 323 2086 1507
f 330 2106 1525
f 335 2122 1543
f 305 2032 1465
f 376 2245 1454
f 383 2266 1580
f 274 1940 1358
f 232 1813 1267
f 225 1792 1243
f 237 1828 1250
f 243 1846 1286
f 250 1867 1304
f 273 1936 1334
f 336 2123 1549
f 306 2033 1471
f 378 2249 1597
f 381 2260 1352
f 311 2049 1477
f 281 1959 1399
f 315 2062 1406
f 321 2080 1490
f 328 2101 1502
f 333 2116 1531
f 303 2026 1412
f 375 2242 1442
f 384 2267 1592
f 276 1943 1381
f 251 1869 1321
f 233 1815 1273
f 228 1799 1261
f 240 1835 1297
f 246 1853 1315
f 258 1889 1339
f 360 2195 1562
f 401 2319 1460
f 389 2283 1586
f 263 1905 1345
f 329 2103 1519
f 310 2046 1418
f 280 1957 1393
f 318 2069 1495
f 324 2087 1513
f 342 2141 1555
f 288 1979 1423
f 292 1993 1429
f 371 2229 1568
f 393 2296 1370
f 357 2188 1280
f 255 1882 1256
f 262 1902 1292
f 388 2280 1310
f 400 2316 1328
f 352 2172 1376
f 347 2157 1538
f 298 2011 1447
f 364 2209 1573
f 269 1923 1363
f 339 2134 1484
f 285 1972 1388
f 293 1995 1435
f 370 2226 1508
f 396 2303 1526
f 353 2175 1544
f 346 2154 1466
f 299 2013 1453
f 365 2211 1579
f 268 1921 1357
f 249 1865 1268
f 231 1811 1244
f 226 1796 1249
f 238 1832 1285
f 244 1850 1303
f 257 1888 1333
f 359 2194 1550
f 402 2322 1472
f 390 2286 1598
f 264 1908 1351
f 327 2099 1478
f 309 2045 1400
f 282 1962 1405
f 317 2068 1489
f 322 2084 1501
f 341 2140 1532
f 286 1976 1411
f 294 1998 1441
f 372 2232 1591
f 394 2299 1382
f 416 2330 911
f 408 2324 893
f 406 2325 888
f 412 2332 900
f 415 2335 906
f 424 2344 924
f 492 2410 1062
f 582 2497 1242
f 565 2486 1206
f 514 2434 1104
f 461 2375 1001
f 453 2369 983
f 451 2370 978
f 457 2377 990
f 460 2380 996
f 475 2393 1026
f 439 2359 954
f 496 2415 1068
f 533 2455 1140
f 551 2461 1181
f 579 2489 1235
f 483 2399 1043
f 426 2341 929
f 521 2431 1121
f 566 2476 1211
f 489 2405 1055
f 578 2500 1230
f 560 2481 1194
f 518 2439 1110
f 429 2348 935
f 547 2465 1169
f 465 2383 1007
f 441 2356 959
f 504 2420 1085
f 537 2452 1152
f 550 2471 1176
f 476 2386 1031
f 444 2363 965
f 502 2422 1079
f 526 2445 1128
f 481 2400 1038
f 420 2338 917
f 510 2428 1097
f 555 2473 1187
f 571 2490 1218
f 540 2458 1157
f 473 2394 1020
f 447 2366 972
f 507 2425 1092
f 534 2444 1145
f 469 2389 1014
f 435 2353 947
f 498 2414 1073
f 529 2449 1133
f 545 2466 1164
f 487 2407 1049
f 574 2494 1223
f 562 2480 1199
f 520 2438 1116
f 432 2351 942
f 589 2510 1283
f 583 2504 1259
f 586 2508 1295
f 593 2514 1313
f 596 2517 1331
f 599 2520 1379
f 633 2554 1541
f 620 2539 1452
f 640 2560 1578
f 603 2523 1368
f 622 2543 1487
f 607 2527 1391
f 612 2532 1440
f 626 2547 1511
f 629 2550 1529
f 631 2552 1547
f 614 2535 1469
f 618 2538 1458
f 641 2558 1584
f 605 2524 1362
f 164 1607 1609
f 163 1603 1605
f 165 1604 1611
f 166 1610 1614
f 167 1613 1617
f 172 1622 1631
f 190 1686 1688
f 219 1773 1775
f 215 1761 1763
f 201 1712 1719
f 179 1652 1654
f 178 1648 1650
f 180 1649 1656
f 181 1655 1659
f 182 1658 1662
f 185 1670 1672
f 177 1637 1646
f 197 1694 1706
f 206 1731 1735
f 208 1739 1741
f 218 1768 1770
f 188 1678 1680
f 168 1619 1621
f 198 1709 1711
f 213 1754 1756
f 189 1682 1684
f 221 1776 1780
f 217 1758 1767
f 202 1716 1722
f 170 1625 1627
f 209 1742 1744
f 184 1663 1668
f 173 1634 1636
f 194 1697 1699
f 204 1728 1730
f 210 1746 1748
f 183 1664 1666
f 175 1640 1642
f 196 1700 1705
f 207 1724 1736
f 192 1679 1691
f 169 1618 1623
f 199 1708 1713
f 216 1753 1764
f 222 1769 1781
f 211 1738 1749
f 187 1671 1677
f 176 1643 1645
f 195 1701 1703
f 203 1723 1725
f 186 1667 1674
f 174 1633 1638
f 193 1693 1695
f 205 1727 1732
f 212 1743 1752
f 191 1685 1690
f 220 1772 1777
f 214 1757 1759
f 200 1715 1717
f 171 1628 1630
f 358 2187 2191
f 256 1881 1885
f 261 1899 1901
f 387 2277 2279
f 399 2313 2315
f 351 2169 2171
f 348 2156 2160
f 300 2010 2016
f 366 2208 2214
f 267 1917 1919
f 340 2133 2137
f 287 1971 1978
f 291 1989 1991
f 369 2223 2225
f 395 2300 2302
f 354 2174 2178
f 345 2151 2153
f 297 2007 2009
f 363 2205 2207
f 270 1920 1926
f 247 1855 1857
f 229 1801 1803
f 223 1784 1786
f 235 1820 1822
f 241 1838 1840
f 253 1874 1876
f 355 2180 2182
f 398 2310 2312
f 386 2274 2276
f 260 1896 1898
f 325 2089 2091
f 307 2035 2037
f 278 1950 1952
f 313 2054 2056
f 319 2072 2074
f 337 2126 2128
f 283 1964 1966
f 290 1986 1988
f 368 2220 2222
f 392 2291 2293
f 356 2183 2185
f 254 1877 1879
f 259 1891 1893
f 385 2269 2271
f 397 2305 2307
f 349 2161 2163
f 344 2148 2150
f 296 2004 2006
f 362 2202 2204
f 265 1909 1911
f 338 2129 2131
f 284 1967 1969
f 289 1981 1983
f 367 2215 2217
f 391 2288 2290
f 350 2166 2168
f 343 2143 2145
f 295 1999 2001
f 361 2197 2199
f 266 1914 1916
f 230 1806 1808
f 224 1787 1789
f 236 1823 1825
f 242 1841 1843
f 248 1860 1862
f 272 1931 1933
f 331 2108 2110
f 301 2018 2020
f 373 2234 2236
f 380 2255 2257
f 308 2040 2042
f 277 1945 1947
f 314 2057 2059
f 320 2075 2077
f 326 2094 2096
f 332 2111 2113
f 302 2021 2023
f 374 2237 2239
f 379 2252 2254
f 271 1928 1930
f 234 1812 1818
f 227 1791 1798
f 239 1827 1834
f 245 1845 1852
f 252 1866 1872
f 275 1935 1942
f 334 2118 2120
f 304 2028 2030
f 377 2246 2248
f 382 2259 2263
f 312 2048 2052
f 279 1953 1955
f 316 2061 2065
f 323 2079 2086
f 330 2100 2106
f 335 2115 2122
f 305 2025 2032
f 376 2241 2245
f 383 2264 2266
f 274 1938 1940
f 232 1802 1813
f 225 1783 1792
f 237 1819 1828
f 243 1837 1846
f 250 1856 1867
f 273 1927 1936
f 336 2112 2123
f 306 2022 2033
f 378 2238 2249
f 381 2251 2260
f 311 2036 2049
f 281 1949 1959
f 315 2053 2062
f 321 2071 2080
f 328 2090 2101
f 333 2107 2116
f 303 2017 2026
f 375 2233 2242
f 384 2256 2267
f 276 1932 1943
f 251 1859 1869
f 233 1805 1815
f 228 1788 1799
f 240 1824 1835
f 246 1842 1853
f 258 1878 1889
f 360 2184 2195
f 401 2306 2319
f 389 2270 2283
f 263 1892 1905
f 329 2093 2103
f 310 2039 2046
f 280 1946 1957
f 318 2058 2069
f 324 2076 2087
f 342 2130 2141
f 288 1968 1979
f 292 1982 1993
f 371 2216 2229
f 393 2287 2296
f 357 2179 2188
f 255 1873 1882
f 262 1895 1902
f 388 2273 2280
f 400 2309 2316
f 352 2165 2172
f 347 2144 2157
f 298 2000 2011
f 364 2198 2209
f 269 1913 1923
f 339 2125 2134
f 285 1963 1972
f 293 1985 1995
f 370 2219 2226
f 396 2292 2303
f 353 2162 2175
f 346 2147 2154
f 299 2003 2013
f 365 2201 2211
f 268 1910 1921
f 249 1863 1865
f 231 1809 1811
f 226 1794 1796
f 238 1830 1832
f 244 1848 1850
f 257 1886 1888
f 359 2192 2194
f 402 2318 2322
f 390 2282 2286
f 264 1904 1908
f 327 2097 2099
f 309 2043 2045
f 282 1956 1962
f 317 2066 2068
f 322 2082 2084
f 341 2138 2140
f 286 1974 1976
f 294 1992 1998
f 372 2228 2232
f 394 2295 2299
f 416 2331 2330
f 408 2327 2324
f 406 2328 2325
f 412 2334 2332
f 415 2337 2335
f 424 2346 2344
f 492 2412 2410
f 582 2499 2497
f 565 2487 2486
f 514 2436 2434
f 461 2376 2375
f 453 2372 2369
f 451 2373 2370
f 457 2379 2377
f 460 2382 2380
f 475 2396 2393
f 439 2361 2359
f 496 2418 2415
f 533 2457 2455
f 551 2463 2461
f 579 2492 2489
f 483 2402 2399
f 426 2343 2341
f 521 2433 2431
f 566 2478 2476
f 489 2406 2405
f 578 2502 2500
f 560 2484 2481
f 518 2442 2439
f 429 2349 2348
f 547 2468 2465
f 465 2387 2383
f 441 2358 2356
f 504 2421 2420
f 537 2454 2452
f 550 2472 2471
f 476 2388 2386
f 444 2364 2363
f 502 2426 2422
f 526 2448 2445
f 481 2403 2400
f 420 2342 2338
f 510 2432 2428
f 555 2477 2473
f 571 2493 2490
f 540 2462 2458
f 473 2397 2394
f 447 2367 2366
f 507 2427 2425
f 534 2447 2444
f 469 2391 2389
f 435 2357 2353
f 498 2417 2414
f 529 2453 2449
f 545 2469 2466
f 487 2411 2407
f 574 2498 2494
f 562 2483 2480
f 520 2441 2438
f 432 2352 2351
f 589 2509 2510
f 583 2503 2504
f 586 2506 2508
f 593 2512 2514
f 596 2515 2517
f 599 2518 2520
f 633 2555 2554
f 620 2541 2539
f 640 2562 2560
f 603 2522 2523
f 622 2542 2543
f 607 2528 2527
f 612 2531 2532
f 626 2545 2547
f 629 2548 2550
f 631 2551 2552
f 614 2533 2535
f 618 2537 2538
f 641 2559 2558
f 605 2526 2524
f 164 644 1607
f 163 643 1603
f 165 645 1604
f 166 646 1610
f 167 647 1613
f 172 652 1622
f 190 670 1686
f 219 699 1773
f 215 695 1761
f 201 681 1712
f 179 659 1652
f 178 658 1648
f 180 660 1649
f 181 661 1655
f 182 662 1658
f 185 665 1670
f 177 657 1637
f 197 677 1694
f 206 686 1731
f 208 688 1739
f 218 698 1768
f 188 668 1678
f 168 648 1619
f 198 678 1709
f 213 693 1754
f 189 669 1682
f 221 701 1776
f 217 697 1758
f 202 682 1716
f 170 650 1625
f 209 689 1742
f 184 664 1663
f 173 653 1634
f 194 674 1697
f 204 684 1728
f 210 690 1746
f 183 663 1664
f 175 655 1640
f 196 676 1700
f 207 687 1724
f 192 672 1679
f 169 649 1618
f 199 679 1708
f 216 696 1753
f 222 702 1769
f 211 691 1738
f 187 667 1671
f 176 656 1643
f 195 675 1701
f 203 683 1723
f 186 666 1667
f 174 654 1633
f 193 673 1693
f 205 685 1727
f 212 692 1743
f 191 671 1685
f 220 700 1772
f 214 694 1757
f 200 680 1715
f 171 651 1628
f 358 838 2187
f 256 736 1881
f 261 741 1899
f 387 867 2277
f 399 879 2313
f 351 831 2169
f 348 828 2156
f 300 780 2010
f 366 846 2208
f 267 747 1917
f 340 820 2133
f 287 767 1971
f 291 771 1989
f 369 849 2223
f 395 875 2300
f 354 834 2174
f 345 825 2151
f 297 777 2007
f 363 843 2205
f 270 750 1920
f 247 727 1855
f 229 709 1801
f 223 703 1784
f 235 715 1820
f 241 721 1838
f 253 733 1874
f 355 835 2180
f 398 878 2310
f 386 866 2274
f 260 740 1896
f 325 805 2089
f 307 787 2035
f 278 758 1950
f 313 793 2054
f 319 799 2072
f 337 817 2126
f 283 763 1964
f 290 770 1986
f 368 848 2220
f 392 872 2291
f 356 836 2183
f 254 734 1877
f 259 739 1891
f 385 865 2269
f 397 877 2305
f 349 829 2161
f 344 824 2148
f 296 776 2004
f 362 842 2202
f 265 745 1909
f 338 818 2129
f 284 764 1967
f 289 769 1981
f 367 847 2215
f 391 871 2288
f 350 830 2166
f 343 823 2143
f 295 775 1999
f 361 841 2197
f 266 746 1914
f 230 710 1806
f 224 704 1787
f 236 716 1823
f 242 722 1841
f 248 728 1860
f 272 752 1931
f 331 811 2108
f 301 781 2018
f 373 853 2234
f 380 860 2255
f 308 788 2040
f 277 757 1945
f 314 794 2057
f 320 800 2075
f 326 806 2094
f 332 812 2111
f 302 782 2021
f 374 854 2237
f 379 859 2252
f 271 751 1928
f 234 714 1812
f 227 707 1791
f 239 719 1827
f 245 725 1845
f 252 732 1866
f 275 755 1935
f 334 814 2118
f 304 784 2028
f 377 857 2246
f 382 862 2259
f 312 792 2048
f 279 759 1953
f 316 796 2061
f 323 803 2079
f 330 810 2100
f 335 815 2115
f 305 785 2025
f 376 856 2241
f 383 863 2264
f 274 754 1938
f 232 712 1802
f 225 705 1783
f 237 717 1819
f 243 723 1837
f 250 730 1856
f 273 753 1927
f 336 816 2112
f 306 786 2022
f 378 858 2238
f 381 861 2251
f 311 791 2036
f 281 761 1949
f 315 795 2053
f 321 801 2071
f 328 808 2090
f 333 813 2107
f 303 783 2017
f 375 855 2233
f 384 864 2256
f 276 756 1932
f 251 731 1859
f 233 713 1805
f 228 708 1788
f 240 720 1824
f 246 726 1842
f 258 738 1878
f 360 840 2184
f 401 881 2306
f 389 869 2270
f 263 743 1892
f 329 809 2093
f 310 790 2039
f 280 760 1946
f 318 798 2058
f 324 804 2076
f 342 822 2130
f 288 768 1968
f 292 772 1982
f 371 851 2216
f 393 873 2287
f 357 837 2179
f 255 735 1873
f 262 742 1895
f 388 868 2273
f 400 880 2309
f 352 832 2165
f 347 827 2144
f 298 778 2000
f 364 844 2198
f 269 749 1913
f 339 819 2125
f 285 765 1963
f 293 773 1985
f 370 850 2219
f 396 876 2292
f 353 833 2162
f 346 826 2147
f 299 779 2003
f 365 845 2201
f 268 748 1910
f 249 729 1863
f 231 711 1809
f 226 706 1794
f 238 718 1830
f 244 724 1848
f 257 737 1886
f 359 839 2192
f 402 882 2318
f 390 870 2282
f 264 744 1904
f 327 807 2097
f 309 789 2043
f 282 762 1956
f 317 797 2066
f 322 802 2082
f 341 821 2138
f 286 766 1974
f 294 774 1992
f 372 852 2228
f 394 874 2295
f 416 1270 2331
f 408 1246 2327
f 406 1251 2328
f 412 1287 2334
f 415 1305 2337
f 424 1335 2346
f 492 1552 2412
f 582 1474 2499
f 565 1600 2487
f 514 1353 2436
f 461 1480 2376
f 453 1402 2372
f 451 1407 2373
f 457 1491 2379
f 460 1503 2382
f 475 1534 2396
f 439 1413 2361
f 496 1443 2418
f 533 1593 2457
f 551 1384 2463
f 579 1324 2492
f 483 1276 2402
f 426 1264 2343
f 521 1300 2433
f 566 1318 2478
f 489 1342 2406
f 578 1563 2502
f 560 1461 2484
f 518 1587 2442
f 429 1348 2349
f 547 1522 2468
f 465 1419 2387
f 441 1396 2358
f 504 1498 2421
f 537 1516 2454
f 550 1558 2472
f 476 1426 2388
f 444 1432 2364
f 502 1569 2426
f 526 1371 2448
f 481 1281 2403
f 420 1257 2342
f 510 1293 2432
f 555 1311 2477
f 571 1329 2493
f 540 1377 2462
f 473 1539 2397
f 447 1450 2367
f 507 1576 2427
f 534 1366 2447
f 469 1485 2391
f 435 1389 2357
f 498 1438 2417
f 529 1509 2453
f 545 1527 2469
f 487 1545 2411
f 574 1467 2498
f 562 1456 2483
f 520 1582 2441
f 432 1360 2352
f 589 1271 2509
f 583 1247 2503
f 586 1254 2506
f 593 1290 2512
f 596 1308 2515
f 599 1338 2518
f 633 1553 2555
f 620 1475 2541
f 640 1601 2562
f 603 1356 2522
f 622 1481 2542
f 607 1403 2528
f 612 1410 2531
f 626 1494 2545
f 629 1506 2548
f 631 1535 2551
f 614 1416 2533
f 618 1446 2537
f 641 1596 2559
f 605 1385 2526
f 167 907 1616
f 164 889 1608
f 163 883 1606
f 165 895 1612
f 166 901 1615
f 169 919 1624
f 192 1057 1692
f 222 1237 1782
f 216 1201 1765
f 199 1099 1714
f 182 997 1661
f 179 979 1653
f 178 973 1651
f 180 985 1657
f 181 991 1660
f 186 1021 1675
f 174 949 1639
f 193 1063 1696
f 205 1135 1733
f 212 1177 1751
f 221 1231 1779
f 189 1039 1683
f 170 925 1626
f 202 1117 1721
f 217 1207 1766
f 191 1051 1689
f 220 1225 1778
f 214 1189 1760
f 200 1105 1718
f 171 931 1629
f 210 1165 1747
f 183 1003 1665
f 175 955 1641
f 196 1081 1704
f 207 1147 1737
f 211 1171 1750
f 187 1027 1676
f 176 961 1644
f 195 1075 1702
f 203 1123 1726
f 188 1033 1681
f 168 913 1620
f 198 1093 1710
f 213 1183 1755
f 218 1213 1771
f 208 1153 1740
f 185 1015 1673
f 177 967 1647
f 197 1087 1707
f 206 1141 1734
f 184 1009 1669
f 173 943 1635
f 194 1069 1698
f 204 1129 1729
f 209 1159 1745
f 190 1045 1687
f 219 1219 1774
f 215 1195 1762
f 201 1111 1720
f 172 937 1632
f 357 1280 2189
f 255 1256 1883
f 262 1292 1903
f 388 1310 2281
f 400 1328 2317
f 352 1376 2173
f 347 1538 2158
f 298 1447 2012
f 364 1573 2210
f 269 1363 1924
f 339 1484 2135
f 285 1388 1973
f 293 1435 1996
f 370 1508 2227
f 396 1526 2304
f 353 1544 2176
f 346 1466 2155
f 299 1453 2014
f 365 1579 2212
f 268 1357 1922
f 249 1268 1864
f 231 1244 1810
f 226 1249 1795
f 238 1285 1831
f 244 1303 1849
f 257 1333 1887
f 359 1550 2193
f 402 1472 2321
f 390 1598 2285
f 264 1351 1907
f 327 1478 2098
f 309 1400 2044
f 282 1405 1961
f 317 1489 2067
f 322 1501 2083
f 341 1532 2139
f 286 1411 1975
f 294 1441 1997
f 372 1591 2231
f 394 1382 2298
f 358 1322 2190
f 256 1274 1884
f 261 1262 1900
f 387 1298 2278
f 399 1316 2314
f 351 1340 2170
f 348 1561 2159
f 300 1459 2015
f 366 1585 2213
f 267 1346 1918
f 340 1520 2136
f 287 1417 1977
f 291 1394 1990
f 369 1496 2224
f 395 1514 2301
f 354 1556 2177
f 345 1424 2152
f 297 1430 2008
f 363 1567 2206
f 270 1369 1925
f 234 1279 1817
f 227 1255 1797
f 239 1291 1833
f 245 1309 1851
f 252 1327 1871
f 275 1375 1941
f 334 1537 2119
f 304 1448 2029
f 377 1574 2247
f 382 1364 2262
f 312 1483 2051
f 279 1387 1954
f 316 1436 2064
f 323 1507 2085
f 330 1525 2105
f 335 1543 2121
f 305 1465 2031
f 376 1454 2244
f 383 1580 2265
f 274 1358 1939
f 232 1267 1814
f 225 1243 1793
f 237 1250 1829
f 243 1286 1847
f 250 1304 1868
f 273 1334 1937
f 336 1549 2124
f 306 1471 2034
f 378 1597 2250
f 381 1352 2261
f 311 1477 2050
f 281 1399 1960
f 315 1406 2063
f 321 1490 2081
f 328 1502 2102
f 333 1531 2117
f 303 1412 2027
f 375 1442 2243
f 384 1592 2268
f 276 1381 1944
f 229 890 1804
f 223 884 1785
f 235 896 1821
f 241 902 1839
f 247 908 1858
f 271 938 1929
f 332 1046 2114
f 302 1220 2024
f 374 1196 2240
f 379 1112 2253
f 307 980 2038
f 278 974 1951
f 313 986 2055
f 319 992 2073
f 325 998 2092
f 331 1016 2109
f 301 968 2019
f 373 1088 2235
f 380 1142 2258
f 272 1154 1934
f 248 1214 1861
f 230 1034 1807
f 224 914 1790
f 236 1094 1826
f 242 1184 1844
f 254 1040 1880
f 356 1232 2186
f 397 1208 2308
f 385 1118 2272
f 259 926 1894
f 326 1160 2095
f 308 1010 2041
f 277 944 1948
f 314 1070 2060
f 320 1130 2078
f 338 1166 2132
f 284 1004 1970
f 289 956 1984
f 367 1082 2218
f 391 1148 2289
f 355 1058 2181
f 253 920 1875
f 260 1100 1897
f 386 1202 2275
f 398 1238 2311
f 350 1172 2167
f 343 1028 2146
f 295 962 2002
f 361 1076 2200
f 266 1124 1915
f 337 1022 2127
f 283 950 1965
f 290 1064 1987
f 368 1136 2221
f 392 1178 2294
f 349 1052 2164
f 344 1226 2149
f 296 1190 2005
f 362 1106 2203
f 265 932 1912
f 251 1321 1870
f 233 1273 1816
f 228 1261 1800
f 240 1297 1836
f 246 1315 1854
f 258 1339 1890
f 360 1562 2196
f 401 1460 2320
f 389 1586 2284
f 263 1345 1906
f 329 1519 2104
f 310 1418 2047
f 280 1393 1958
f 318 1495 2070
f 324 1513 2088
f 342 1555 2142
f 288 1423 1980
f 292 1429 1994
f 371 1568 2230
f 393 1370 2297
f 409 894 2329
f 405 887 2323
f 411 899 2326
f 414 905 2333
f 417 912 2336
f 431 941 2345
f 488 1050 2409
f 575 1224 2496
f 563 1200 2485
f 519 1115 2435
f 454 984 2374
f 450 977 2368
f 456 989 2371
f 459 995 2378
f 462 1002 2381
f 472 1019 2392
f 446 971 2360
f 506 1091 2416
f 535 1146 2456
f 541 1158 2460
f 570 1217 2488
f 480 1037 2398
f 421 918 2340
f 511 1098 2430
f 556 1188 2475
f 484 1044 2404
f 580 1236 2501
f 567 1212 2482
f 522 1122 2440
f 427 930 2347
f 544 1163 2464
f 468 1013 2384
f 436 948 2355
f 499 1074 2419
f 530 1134 2451
f 548 1170 2470
f 466 1008 2385
f 442 960 2362
f 505 1086 2423
f 536 1151 2446
f 491 1061 2401
f 423 923 2339
f 513 1103 2429
f 564 1205 2474
f 581 1241 2491
f 549 1175 2459
f 477 1032 2395
f 445 966 2365
f 503 1080 2424
f 525 1127 2443
f 474 1025 2390
f 438 953 2354
f 495 1067 2413
f 532 1139 2450
f 552 1182 2467
f 490 1056 2408
f 577 1229 2495
f 559 1193 2479
f 517 1109 2437
f 430 936 2350
f 590 1325 2511
f 584 1277 2505
f 585 1265 2507
f 592 1301 2513
f 595 1319 2516
f 598 1343 2519
f 636 1566 2556
f 621 1464 2540
f 642 1590 2561
f 601 1349 2521
f 623 1523 2544
f 611 1422 2529
f 609 1397 2530
f 625 1499 2546
f 628 1517 2549
f 632 1559 2553
f 613 1427 2534
f 616 1433 2536
f 638 1572 2557
f 606 1374 2525
f 407 892 1609
f 403 885 1605
f 404 897 1611
f 410 903 1614
f 413 910 1617
f 422 939 1631
f 486 1048 1688
f 573 1222 1775
f 561 1198 1763
f 512 1113 1719
f 452 982 1654
f 448 975 1650
f 449 987 1656
f 455 993 1659
f 458 1000 1662
f 470 1017 1672
f 437 969 1646
f 494 1089 1706
f 531 1144 1735
f 539 1156 1741
f 568 1215 1770
f 478 1035 1680
f 419 916 1621
f 509 1096 1711
f 554 1186 1756
f 482 1042 1684
f 576 1234 1780
f 558 1210 1767
f 516 1120 1722
f 425 928 1627
f 542 1161 1744
f 463 1011 1668
f 434 946 1636
f 497 1072 1699
f 528 1132 1730
f 546 1168 1748
f 464 1006 1666
f 440 958 1642
f 500 1084 1705
f 524 1149 1736
f 479 1059 1691
f 418 921 1623
f 508 1101 1713
f 553 1203 1764
f 569 1239 1781
f 538 1173 1749
f 471 1030 1677
f 443 964 1645
f 501 1078 1703
f 523 1125 1725
f 467 1023 1674
f 433 951 1638
f 493 1065 1695
f 527 1137 1732
f 543 1180 1752
f 485 1054 1690
f 572 1227 1777
f 557 1191 1759
f 515 1107 1717
f 428 934 1630
f 591 1326 2191
f 587 1278 1885
f 588 1266 1901
f 594 1302 2279
f 597 1320 2315
f 600 1344 2171
f 634 1565 2160
f 619 1463 2016
f 639 1589 2214
f 602 1350 1919
f 624 1524 2137
f 608 1421 1978
f 610 1398 1991
f 627 1500 2225
f 630 1518 2302
f 635 1560 2178
f 615 1428 2153
f 617 1434 2009
f 637 1571 2207
f 604 1373 1926
f 416 911 1857
f 408 893 1803
f 406 888 1786
f 412 900 1822
f 415 906 1840
f 424 924 1876
f 492 1062 2182
f 582 1242 2312
f 565 1206 2276
f 514 1104 1898
f 461 1001 2091
f 453 983 2037
f 451 978 1952
f 457 990 2056
f 460 996 2074
f 475 1026 2128
f 439 954 1966
f 496 1068 1988
f 533 1140 2222
f 551 1181 2293
f 579 1235 2185
f 483 1043 1879
f 426 929 1893
f 521 1121 2271
f 566 1211 2307
f 489 1055 2163
f 578 1230 2150
f 560 1194 2006
f 518 1110 2204
f 429 935 1911
f 547 1169 2131
f 465 1007 1969
f 441 959 1983
f 504 1085 2217
f 537 1152 2290
f 550 1176 2168
f 476 1031 2145
f 444 965 2001
f 502 1079 2199
f 526 1128 1916
f 481 1038 1808
f 420 917 1789
f 510 1097 1825
f 555 1187 1843
f 571 1218 1862
f 540 1157 1933
f 473 1020 2110
f 447 972 2020
f 507 1092 2236
f 534 1145 2257
f 469 1014 2042
f 435 947 1947
f 498 1073 2059
f 529 1133 2077
f 545 1164 2096
f 487 1049 2113
f 574 1223 2023
f 562 1199 2239
f 520 1116 2254
f 432 942 1930
f 589 1283 1818
f 583 1259 1798
f 586 1295 1834
f 593 1313 1852
f 596 1331 1872
f 599 1379 1942
f 633 1541 2120
f 620 1452 2030
f 640 1578 2248
f 603 1368 2263
f 622 1487 2052
f 607 1391 1955
f 612 1440 2065
f 626 1511 2086
f 629 1529 2106
f 631 1547 2122
f 614 1469 2032
f 618 1458 2245
f 641 1584 2266
f 605 1362 1940
f 409 1269 1813
f 405 1245 1792
f 411 1252 1828
f 414 1288 1846
f 417 1306 1867
f 431 1336 1936
f 488 1551 2123
f 575 1473 2033
f 563 1599 2249
f 519 1354 2260
f 454 1479 2049
f 450 1401 1959
f 456 1408 2062
f 459 1492 2080
f 462 1504 2101
f 472 1533 2116
f 446 1414 2026
f 506 1444 2242
f 535 1594 2267
f 541 1383 1943
f 570 1323 1869
f 480 1275 1815
f 421 1263 1799
f 511 1299 1835
f 556 1317 1853
f 484 1341 1889
f 580 1564 2195
f 567 1462 2319
f 522 1588 2283
f 427 1347 1905
f 544 1521 2103
f 468 1420 2046
f 436 1395 1957
f 499 1497 2069
f 530 1515 2087
f 548 1557 2141
f 466 1425 1979
f 442 1431 1993
f 505 1570 2229
f 536 1372 2296
f 491 1282 2188
f 423 1258 1882
f 513 1294 1902
f 564 1312 2280
f 581 1330 2316
f 549 1378 2172
f 477 1540 2157
f 445 1449 2011
f 503 1575 2209
f 525 1365 1923
f 474 1486 2134
f 438 1390 1972
f 495 1437 1995
f 532 1510 2226
f 552 1528 2303
f 490 1546 2175
f 577 1468 2154
f 559 1455 2013
f 517 1581 2211
f 430 1359 1921
f 590 1272 1865
f 584 1248 1811
f 585 1253 1796
f 592 1289 1832
f 595 1307 1850
f 598 1337 1888
f 636 1554 2194
f 621 1476 2322
f 642 1602 2286
f 601 1355 1908
f 623 1482 2099
f 611 1404 2045
f 609 1409 1962
f 625 1493 2068
f 628 1505 2084
f 632 1536 2140
f 613 1415 1976
f 616 1445 1998
f 638 1595 2232
f 606 1386 2299
f 407 909 2330
f 403 891 2324
f 404 886 2325
f 410 898 2332
f 413 904 2335
f 422 922 2344
f 486 1060 2410
f 573 1240 2497
f 561 1204 2486
f 512 1102 2434
f 452 999 2375
f 448 981 2369
f 449 976 2370
f 455 988 2377
f 458 994 2380
f 470 1024 2393
f 437 952 2359
f 494 1066 2415
f 531 1138 2455
f 539 1179 2461
f 568 1233 2489
f 478 1041 2399
f 419 927 2341
f 509 1119 2431
f 554 1209 2476
f 482 1053 2405
f 576 1228 2500
f 558 1192 2481
f 516 1108 2439
f 425 933 2348
f 542 1167 2465
f 463 1005 2383
f 434 957 2356
f 497 1083 2420
f 528 1150 2452
f 546 1174 2471
f 464 1029 2386
f 440 963 2363
f 500 1077 2422
f 524 1126 2445
f 479 1036 2400
f 418 915 2338
f 508 1095 2428
f 553 1185 2473
f 569 1216 2490
f 538 1155 2458
f 471 1018 2394
f 443 970 2366
f 501 1090 2425
f 523 1143 2444
f 467 1012 2389
f 433 945 2353
f 493 1071 2414
f 527 1131 2449
f 543 1162 2466
f 485 1047 2407
f 572 1221 2494
f 557 1197 2480
f 515 1114 2438
f 428 940 2351
f 591 1284 2510
f 587 1260 2504
f 588 1296 2508
f 594 1314 2514
f 597 1332 2517
f 600 1380 2520
f 634 1542 2554
f 619 1451 2539
f 639 1577 2560
f 602 1367 2523
f 624 1488 2543
f 608 1392 2527
f 610 1439 2532
f 627 1512 2547
f 630 1530 2550
f 635 1548 2552
f 615 1470 2535
f 617 1457 2538
f 637 1583 2558
f 604 1361 2524
f 167 1616 1607
f 164 1608 1603
f 163 1606 1604
f 165 1612 1610
f 166 1615 1613
f 169 1624 1622
f 192 1692 1686
f 222 1782 1773
f 216 1765 1761
f 199 1714 1712
f 182 1661 1652
f 179 1653 1648
f 178 1651 1649
f 180 1657 1655
f 181 1660 1658
f 186 1675 1670
f 174 1639 1637
f 193 1696 1694
f 205 1733 1731
f 212 1751 1739
f 221 1779 1768
f 189 1683 1678
f 170 1626 1619
f 202 1721 1709
f 217 1766 1754
f 191 1689 1682
f 220 1778 1776
f 214 1760 1758
f 200 1718 1716
f 171 1629 1625
f 210 1747 1742
f 183 1665 1663
f 175 1641 1634
f 196 1704 1697
f 207 1737 1728
f 211 1750 1746
f 187 1676 1664
f 176 1644 1640
f 195 1702 1700
f 203 1726 1724
f 188 1681 1679
f 168 1620 1618
f 198 1710 1708
f 213 1755 1753
f 218 1771 1769
f 208 1740 1738
f 185 1673 1671
f 177 1647 1643
f 197 1707 1701
f 206 1734 1723
f 184 1669 1667
f 173 1635 1633
f 194 1698 1693
f 204 1729 1727
f 209 1745 1743
f 190 1687 1685
f 219 1774 1772
f 215 1762 1757
f 201 1720 1715
f 172 1632 1628
f 357 2189 2187
f 255 1883 1881
f 262 1903 1899
f 388 2281 2277
f 400 2317 2313
f 352 2173 2169
f 347 2158 2156
f 298 2012 2010
f 364 2210 2208
f 269 1924 1917
f 339 2135 2133
f 285 1973 1971
f 293 1996 1989
f 370 2227 2223
f 396 2304 2300
f 353 2176 2174
f 346 2155 2151
f 299 2014 2007
f 365 2212 2205
f 268 1922 1920
f 249 1864 1855
f 231 1810 1801
f 226 1795 1784
f 238 1831 1820
f 244 1849 1838
f 257 1887 1874
f 359 2193 2180
f 402 2321 2310
f 390 2285 2274
f 264 1907 1896
f 327 2098 2089
f 309 2044 2035
f 282 1961 1950
f 317 2067 2054
f 322 2083 2072
f 341 2139 2126
f 286 1975 1964
f 294 1997 1986
f 372 2231 2220
f 394 2298 2291
f 358 2190 2183
f 256 1884 1877
f 261 1900 1891
f 387 2278 2269
f 399 2314 2305
f 351 2170 2161
f 348 2159 2148
f 300 2015 2004
f 366 2213 2202
f 267 1918 1909
f 340 2136 2129
f 287 1977 1967
f 291 1990 1981
f 369 2224 2215
f 395 2301 2288
f 354 2177 2166
f 345 2152 2143
f 297 2008 1999
f 363 2206 2197
f 270 1925 1914
f 234 1817 1806
f 227 1797 1787
f 239 1833 1823
f 245 1851 1841
f 252 1871 1860
f 275 1941 1931
f 334 2119 2108
f 304 2029 2018
f 377 2247 2234
f 382 2262 2255
f 312 2051 2040
f 279 1954 1945
f 316 2064 2057
f 323 2085 2075
f 330 2105 2094
f 335 2121 2111
f 305 2031 2021
f 376 2244 2237
f 383 2265 2252
f 274 1939 1928
f 232 1814 1812
f 225 1793 1791
f 237 1829 1827
f 243 1847 1845
f 250 1868 1866
f 273 1937 1935
f 336 2124 2118
f 306 2034 2028
f 378 2250 2246
f 381 2261 2259
f 311 2050 2048
f 281 1960 1953
f 315 2063 2061
f 321 2081 2079
f 328 2102 2100
f 333 2117 2115
f 303 2027 2025
f 375 2243 2241
f 384 2268 2264
f 276 1944 1938
f 229 1804 1802
f 223 1785 1783
f 235 1821 1819
f 241 1839 1837
f 247 1858 1856
f 271 1929 1927
f 332 2114 2112
f 302 2024 2022
f 374 2240 2238
f 379 2253 2251
f 307 2038 2036
f 278 1951 1949
f 313 2055 2053
f 319 2073 2071
f 325 2092 2090
f 331 2109 2107
f 301 2019 2017
f 373 2235 2233
f 380 2258 2256
f 272 1934 1932
f 248 1861 1859
f 230 1807 1805
f 224 1790 1788
f 236 1826 1824
f 242 1844 1842
f 254 1880 1878
f 356 2186 2184
f 397 2308 2306
f 385 2272 2270
f 259 1894 1892
f 326 2095 2093
f 308 2041 2039
f 277 1948 1946
f 314 2060 2058
f 320 2078 2076
f 338 2132 2130
f 284 1970 1968
f 289 1984 1982
f 367 2218 2216
f 391 2289 2287
f 355 2181 2179
f 253 1875 1873
f 260 1897 1895
f 386 2275 2273
f 398 2311 2309
f 350 2167 2165
f 343 2146 2144
f 295 2002 2000
f 361 2200 2198
f 266 1915 1913
f 337 2127 2125
f 283 1965 1963
f 290 1987 1985
f 368 2221 2219
f 392 2294 2292
f 349 2164 2162
f 344 2149 2147
f 296 2005 2003
f 362 2203 2201
f 265 1912 1910
f 251 1870 1863
f 233 1816 1809
f 228 1800 1794
f 240 1836 1830
f 246 1854 1848
f 258 1890 1886
f 360 2196 2192
f 401 2320 2318
f 389 2284 2282
f 263 1906 1904
f 329 2104 2097
f 310 2047 2043
f 280 1958 1956
f 318 2070 2066
f 324 2088 2082
f 342 2142 2138
f 288 1980 1974
f 292 1994 1992
f 371 2230 2228
f 393 2297 2295
f 409 2329 2331
f 405 2323 2327
f 411 2326 2328
f 414 2333 2334
f 417 2336 2337
f 431 2345 2346
f 488 2409 2412
f 575 2496 2499
f 563 2485 2487
f 519 2435 2436
f 454 2374 2376
f 450 2368 2372
f 456 2371 2373
f 459 2378 2379
f 462 2381 2382
f 472 2392 2396
f 446 2360 2361
f 506 2416 2418
f 535 2456 2457
f 541 2460 2463
f 570 2488 2492
f 480 2398 2402
f 421 2340 2343
f 511 2430 2433
f 556 2475 2478
f 484 2404 2406
f 580 2501 2502
f 567 2482 2484
f 522 2440 2442
f 427 2347 2349
f 544 2464 2468
f 468 2384 2387
f 436 2355 2358
f 499 2419 2421
f 530 2451 2454
f 548 2470 2472
f 466 2385 2388
f 442 2362 2364
f 505 2423 2426
f 536 2446 2448
f 491 2401 2403
f 423 2339 2342
f 513 2429 2432
f 564 2474 2477
f 581 2491 2493
f 549 2459 2462
f 477 2395 2397
f 445 2365 2367
f 503 2424 2427
f 525 2443 2447
f 474 2390 2391
f 438 2354 2357
f 495 2413 2417
f 532 2450 2453
f 552 2467 2469
f 490 2408 2411
f 577 2495 2498
f 559 2479 2483
f 517 2437 2441
f 430 2350 2352
f 590 2511 2509
f 584 2505 2503
f 585 2507 2506
f 592 2513 2512
f 595 2516 2515
f 598 2519 2518
f 636 2556 2555
f 621 2540 2541
f 642 2561 2562
f 601 2521 2522
f 623 2544 2542
f 611 2529 2528
f 609 2530 2531
f 625 2546 2545
f 628 2549 2548
f 632 2553 2551
f 613 2534 2533
f 616 2536 2537
f 638 2557 2559
f 606 2525 2526
f 1607 644 647
f 1603 643 644
f 1604 645 643
f 1610 646 645
f 1613 647 646
f 1622 652 649
f 1686 670 672
f 1773 699 702
f 1761 695 696
f 1712 681 679
f 1652 659 662
f 1648 658 659
f 1649 660 658
f 1655 661 660
f 1658 662 661
f 1670 665 666
f 1637 657 654
f 1694 677 673
f 1731 686 685
f 1739 688 692
f 1768 698 701
f 1678 668 669
f 1619 648 650
f 1709 678 682
f 1754 693 697
f 1682 669 671
f 1776 701 700
f 1758 697 694
f 1716 682 680
f 1625 650 651
f 1742 689 690
f 1663 664 663
f 1634 653 655
f 1697 674 676
f 1728 684 687
f 1746 690 691
f 1664 663 667
f 1640 655 656
f 1700 676 675
f 1724 687 683
f 1679 672 668
f 1618 649 648
f 1708 679 678
f 1753 696 693
f 1769 702 698
f 1738 691 688
f 1671 667 665
f 1643 656 657
f 1701 675 677
f 1723 683 686
f 1667 666 664
f 1633 654 653
f 1693 673 674
f 1727 685 684
f 1743 692 689
f 1685 671 670
f 1772 700 699
f 1757 694 695
f 1715 680 681
f 1628 651 652
f 2187 838 837
f 1881 736 735
f 1899 741 742
f 2277 867 868
f 2313 879 880
f 2169 831 832
f 2156 828 827
f 2010 780 778
f 2208 846 844
f 1917 747 749
f 2133 820 819
f 1971 767 765
f 1989 771 773
f 2223 849 850
f 2300 875 876
f 2174 834 833
f 2151 825 826
f 2007 777 779
f 2205 843 845
f 1920 750 748
f 1855 727 729
f 1801 709 711
f 1784 703 706
f 1820 715 718
f 1838 721 724
f 1874 733 737
f 2180 835 839
f 2310 878 882
f 2274 866 870
f 1896 740 744
f 2089 805 807
f 2035 787 789
f 1950 758 762
f 2054 793 797
f 2072 799 802
f 2126 817 821
f 1964 763 766
f 1986 770 774
f 2220 848 852
f 2291 872 874
f 2183 836 838
f 1877 734 736
f 1891 739 741
f 2269 865 867
f 2305 877 879
f 2161 829 831
f 2148 824 828
f 2004 776 780
f 2202 842 846
f 1909 745 747
f 2129 818 820
f 1967 764 767
f 1981 769 771
f 2215 847 849
f 2288 871 875
f 2166 830 834
f 2143 823 825
f 1999 775 777
f 2197 841 843
f 1914 746 750
f 1806 710 714
f 1787 704 707
f 1823 716 719
f 1841 722 725
f 1860 728 732
f 1931 752 755
f 2108 811 814
f 2018 781 784
f 2234 853 857
f 2255 860 862
f 2040 788 792
f 1945 757 759
f 2057 794 796
f 2075 800 803
f 2094 806 810
f 2111 812 815
f 2021 782 785
f 2237 854 856
f 2252 859 863
f 1928 751 754
f 1812 714 712
f 1791 707 705
f 1827 719 717
f 1845 725 723
f 1866 732 730
f 1935 755 753
f 2118 814 816
f 2028 784 786
f 2246 857 858
f 2259 862 861
f 2048 792 791
f 1953 759 761
f 2061 796 795
f 2079 803 801
f 2100 810 808
f 2115 815 813
f 2025 785 783
f 2241 856 855
f 2264 863 864
f 1938 754 756
f 1802 712 709
f 1783 705 703
f 1819 717 715
f 1837 723 721
f 1856 730 727
f 1927 753 751
f 2112 816 812
f 2022 786 782
f 2238 858 854
f 2251 861 859
f 2036 791 787
f 1949 761 758
f 2053 795 793
f 2071 801 799
f 2090 808 805
f 2107 813 811
f 2017 783 781
f 2233 855 853
f 2256 864 860
f 1932 756 752
f 1859 731 728
f 1805 713 710
f 1788 708 704
f 1824 720 716
f 1842 726 722
f 1878 738 734
f 2184 840 836
f 2306 881 877
f 2270 869 865
f 1892 743 739
f 2093 809 806
f 2039 790 788
f 1946 760 757
f 2058 798 794
f 2076 804 800
f 2130 822 818
f 1968 768 764
f 1982 772 769
f 2216 851 847
f 2287 873 871
f 2179 837 835
f 1873 735 733
f 1895 742 740
f 2273 868 866
f 2309 880 878
f 2165 832 830
f 2144 827 823
f 2000 778 775
f 2198 844 841
f 1913 749 746
f 2125 819 817
f 1963 765 763
f 1985 773 770
f 2219 850 848
f 2292 876 872
f 2162 833 829
f 2147 826 824
f 2003 779 776
f 2201 845 842
f 1910 748 745
f 1863 729 731
f 1809 711 713
f 1794 706 708
f 1830 718 720
f 1848 724 726
f 1886 737 738
f 2192 839 840
f 2318 882 881
f 2282 870 869
f 1904 744 743
f 2097 807 809
f 2043 789 790
f 1956 762 760
f 2066 797 798
f 2082 802 804
f 2138 821 822
f 1974 766 768
f 1992 774 772
f 2228 852 851
f 2295 874 873
f 2331 1270 1269
f 2327 1246 1245
f 2328 1251 1252
f 2334 1287 1288
f 2337 1305 1306
f 2346 1335 1336
f 2412 1552 1551
f 2499 1474 1473
f 2487 1600 1599
f 2436 1353 1354
f 2376 1480 1479
f 2372 1402 1401
f 2373 1407 1408
f 2379 1491 1492
f 2382 1503 1504
f 2396 1534 1533
f 2361 1413 1414
f 2418 1443 1444
f 2457 1593 1594
f 2463 1384 1383
f 2492 1324 1323
f 2402 1276 1275
f 2343 1264 1263
f 2433 1300 1299
f 2478 1318 1317
f 2406 1342 1341
f 2502 1563 1564
f 2484 1461 1462
f 2442 1587 1588
f 2349 1348 1347
f 2468 1522 1521
f 2387 1419 1420
f 2358 1396 1395
f 2421 1498 1497
f 2454 1516 1515
f 2472 1558 1557
f 2388 1426 1425
f 2364 1432 1431
f 2426 1569 1570
f 2448 1371 1372
f 2403 1281 1282
f 2342 1257 1258
f 2432 1293 1294
f 2477 1311 1312
f 2493 1329 1330
f 2462 1377 1378
f 2397 1539 1540
f 2367 1450 1449
f 2427 1576 1575
f 2447 1366 1365
f 2391 1485 1486
f 2357 1389 1390
f 2417 1438 1437
f 2453 1509 1510
f 2469 1527 1528
f 2411 1545 1546
f 2498 1467 1468
f 2483 1456 1455
f 2441 1582 1581
f 2352 1360 1359
f 2509 1271 1272
f 2503 1247 1248
f 2506 1254 1253
f 2512 1290 1289
f 2515 1308 1307
f 2518 1338 1337
f 2555 1553 1554
f 2541 1475 1476
f 2562 1601 1602
f 2522 1356 1355
f 2542 1481 1482
f 2528 1403 1404
f 2531 1410 1409
f 2545 1494 1493
f 2548 1506 1505
f 2551 1535 1536
f 2533 1416 1415
f 2537 1446 1445
f 2559 1596 1595
f 2526 1385 1386
f 1616 907 909
f 1608 889 891
f 1606 883 886
f 1612 895 898
f 1615 901 904
f 1624 919 922
f 1692 1057 1060
f 1782 1237 1240
f 1765 1201 1204
f 1714 1099 1102
f 1661 997 999
f 1653 979 981
f 1651 973 976
f 1657 985 988
f 1660 991 994
f 1675 1021 1024
f 1639 949 952
f 1696 1063 1066
f 1733 1135 1138
f 1751 1177 1179
f 1779 1231 1233
f 1683 1039 1041
f 1626 925 927
f 1721 1117 1119
f 1766 1207 1209
f 1689 1051 1053
f 1778 1225 1228
f 1760 1189 1192
f 1718 1105 1108
f 1629 931 933
f 1747 1165 1167
f 1665 1003 1005
f 1641 955 957
f 1704 1081 1083
f 1737 1147 1150
f 1750 1171 1174
f 1676 1027 1029
f 1644 961 963
f 1702 1075 1077
f 1726 1123 1126
f 1681 1033 1036
f 1620 913 915
f 1710 1093 1095
f 1755 1183 1185
f 1771 1213 1216
f 1740 1153 1155
f 1673 1015 1018
f 1647 967 970
f 1707 1087 1090
f 1734 1141 1143
f 1669 1009 1012
f 1635 943 945
f 1698 1069 1071
f 1729 1129 1131
f 1745 1159 1162
f 1687 1045 1047
f 1774 1219 1221
f 1762 1195 1197
f 1720 1111 1114
f 1632 937 940
f 2189 1280 1284
f 1883 1256 1260
f 1903 1292 1296
f 2281 1310 1314
f 2317 1328 1332
f 2173 1376 1380
f 2158 1538 1542
f 2012 1447 1451
f 2210 1573 1577
f 1924 1363 1367
f 2135 1484 1488
f 1973 1388 1392
f 1996 1435 1439
f 2227 1508 1512
f 2304 1526 1530
f 2176 1544 1548
f 2155 1466 1470
f 2014 1453 1457
f 2212 1579 1583
f 1922 1357 1361
f 1864 1268 1270
f 1810 1244 1246
f 1795 1249 1251
f 1831 1285 1287
f 1849 1303 1305
f 1887 1333 1335
f 2193 1550 1552
f 2321 1472 1474
f 2285 1598 1600
f 1907 1351 1353
f 2098 1478 1480
f 2044 1400 1402
f 1961 1405 1407
f 2067 1489 1491
f 2083 1501 1503
f 2139 1532 1534
f 1975 1411 1413
f 1997 1441 1443
f 2231 1591 1593
f 2298 1382 1384
f 2190 1322 1324
f 1884 1274 1276
f 1900 1262 1264
f 2278 1298 1300
f 2314 1316 1318
f 2170 1340 1342
f 2159 1561 1563
f 2015 1459 1461
f 2213 1585 1587
f 1918 1346 1348
f 2136 1520 1522
f 1977 1417 1419
f 1990 1394 1396
f 2224 1496 1498
f 2301 1514 1516
f 2177 1556 1558
f 2152 1424 1426
f 2008 1430 1432
f 2206 1567 1569
f 1925 1369 1371
f 1817 1279 1281
f 1797 1255 1257
f 1833 1291 1293
f 1851 1309 1311
f 1871 1327 1329
f 1941 1375 1377
f 2119 1537 1539
f 2029 1448 1450
f 2247 1574 1576
f 2262 1364 1366
f 2051 1483 1485
f 1954 1387 1389
f 2064 1436 1438
f 2085 1507 1509
f 2105 1525 1527
f 2121 1543 1545
f 2031 1465 1467
f 2244 1454 1456
f 2265 1580 1582
f 1939 1358 1360
f 1814 1267 1271
f 1793 1243 1247
f 1829 1250 1254
f 1847 1286 1290
f 1868 1304 1308
f 1937 1334 1338
f 2124 1549 1553
f 2034 1471 1475
f 2250 1597 1601
f 2261 1352 1356
f 2050 1477 1481
f 1960 1399 1403
f 2063 1406 1410
f 2081 1490 1494
f 2102 1502 1506
f 2117 1531 1535
f 2027 1412 1416
f 2243 1442 1446
f 2268 1592 1596
f 1944 1381 1385
f 1804 890 894
f 1785 884 887
f 1821 896 899
f 1839 902 905
f 1858 908 912
f 1929 938 941
f 2114 1046 1050
f 2024 1220 1224
f 2240 1196 1200
f 2253 1112 1115
f 2038 980 984
f 1951 974 977
f 2055 986 989
f 2073 992 995
f 2092 998 1002
f 2109 1016 1019
f 2019 968 971
f 2235 1088 1091
f 2258 1142 1146
f 1934 1154 1158
f 1861 1214 1217
f 1807 1034 1037
f 1790 914 918
f 1826 1094 1098
f 1844 1184 1188
f 1880 1040 1044
f 2186 1232 1236
f 2308 1208 1212
f 2272 1118 1122
f 1894 926 930
f 2095 1160 1163
f 2041 1010 1013
f 1948 944 948
f 2060 1070 1074
f 2078 1130 1134
f 2132 1166 1170
f 1970 1004 1008
f 1984 956 960
f 2218 1082 1086
f 2289 1148 1151
f 2181 1058 1061
f 1875 920 923
f 1897 1100 1103
f 2275 1202 1205
f 2311 1238 1241
f 2167 1172 1175
f 2146 1028 1032
f 2002 962 966
f 2200 1076 1080
f 1915 1124 1127
f 2127 1022 1025
f 1965 950 953
f 1987 1064 1067
f 2221 1136 1139
f 2294 1178 1182
f 2164 1052 1056
f 2149 1226 1229
f 2005 1190 1193
f 2203 1106 1109
f 1912 932 936
f 1870 1321 1325
f 1816 1273 1277
f 1800 1261 1265
f 1836 1297 1301
f 1854 1315 1319
f 1890 1339 1343
f 2196 1562 1566
f 2320 1460 1464
f 2284 1586 1590
f 1906 1345 1349
f 2104 1519 1523
f 2047 1418 1422
f 1958 1393 1397
f 2070 1495 1499
f 2088 1513 1517
f 2142 1555 1559
f 1980 1423 1427
f 1994 1429 1433
f 2230 1568 1572
f 2297 1370 1374
f 2329 894 892
f 2323 887 885
f 2326 899 897
f 2333 905 903
f 2336 912 910
f 2345 941 939
f 2409 1050 1048
f 2496 1224 1222
f 2485 1200 1198
f 2435 1115 1113
f 2374 984 982
f 2368 977 975
f 2371 989 987
f 2378 995 993
f 2381 1002 1000
f 2392 1019 1017
f 2360 971 969
f 2416 1091 1089
f 2456 1146 1144
f 2460 1158 1156
f 2488 1217 1215
f 2398 1037 1035
f 2340 918 916
f 2430 1098 1096
f 2475 1188 1186
f 2404 1044 1042
f 2501 1236 1234
f 2482 1212 1210
f 2440 1122 1120
f 2347 930 928
f 2464 1163 1161
f 2384 1013 1011
f 2355 948 946
f 2419 1074 1072
f 2451 1134 1132
f 2470 1170 1168
f 2385 1008 1006
f 2362 960 958
f 2423 1086 1084
f 2446 1151 1149
f 2401 1061 1059
f 2339 923 921
f 2429 1103 1101
f 2474 1205 1203
f 2491 1241 1239
f 2459 1175 1173
f 2395 1032 1030
f 2365 966 964
f 2424 1080 1078
f 2443 1127 1125
f 2390 1025 1023
f 2354 953 951
f 2413 1067 1065
f 2450 1139 1137
f 2467 1182 1180
f 2408 1056 1054
f 2495 1229 1227
f 2479 1193 1191
f 2437 1109 1107
f 2350 936 934
f 2511 1325 1326
f 2505 1277 1278
f 2507 1265 1266
f 2513 1301 1302
f 2516 1319 1320
f 2519 1343 1344
f 2556 1566 1565
f 2540 1464 1463
f 2561 1590 1589
f 2521 1349 1350
f 2544 1523 1524
f 2529 1422 1421
f 2530 1397 1398
f 2546 1499 1500
f 2549 1517 1518
f 2553 1559 1560
f 2534 1427 1428
f 2536 1433 1434
f 2557 1572 1571
f 2525 1374 1373
f 1609 892 889
f 1605 885 883
f 1611 897 895
f 1614 903 901
f 1617 910 907
f 1631 939 937
f 1688 1048 1045
f 1775 1222 1219
f 1763 1198 1195
f 1719 1113 1111
f 1654 982 979
f 1650 975 973
f 1656 987 985
f 1659 993 991
f 1662 1000 997
f 1672 1017 1015
f 1646 969 967
f 1706 1089 1087
f 1735 1144 1141
f 1741 1156 1153
f 1770 1215 1213
f 1680 1035 1033
f 1621 916 913
f 1711 1096 1093
f 1756 1186 1183
f 1684 1042 1039
f 1780 1234 1231
f 1767 1210 1207
f 1722 1120 1117
f 1627 928 925
f 1744 1161 1159
f 1668 1011 1009
f 1636 946 943
f 1699 1072 1069
f 1730 1132 1129
f 1748 1168 1165
f 1666 1006 1003
f 1642 958 955
f 1705 1084 1081
f 1736 1149 1147
f 1691 1059 1057
f 1623 921 919
f 1713 1101 1099
f 1764 1203 1201
f 1781 1239 1237
f 1749 1173 1171
f 1677 1030 1027
f 1645 964 961
f 1703 1078 1075
f 1725 1125 1123
f 1674 1023 1021
f 1638 951 949
f 1695 1065 1063
f 1732 1137 1135
f 1752 1180 1177
f 1690 1054 1051
f 1777 1227 1225
f 1759 1191 1189
f 1717 1107 1105
f 1630 934 931
f 2191 1326 1322
f 1885 1278 1274
f 1901 1266 1262
f 2279 1302 1298
f 2315 1320 1316
f 2171 1344 1340
f 2160 1565 1561
f 2016 1463 1459
f 2214 1589 1585
f 1919 1350 1346
f 2137 1524 1520
f 1978 1421 1417
f 1991 1398 1394
f 2225 1500 1496
f 2302 1518 1514
f 2178 1560 1556
f 2153 1428 1424
f 2009 1434 1430
f 2207 1571 1567
f 1926 1373 1369
f 1857 911 908
f 1803 893 890
f 1786 888 884
f 1822 900 896
f 1840 906 902
f 1876 924 920
f 2182 1062 1058
f 2312 1242 1238
f 2276 1206 1202
f 1898 1104 1100
f 2091 1001 998
f 2037 983 980
f 1952 978 974
f 2056 990 986
f 2074 996 992
f 2128 1026 1022
f 1966 954 950
f 1988 1068 1064
f 2222 1140 1136
f 2293 1181 1178
f 2185 1235 1232
f 1879 1043 1040
f 1893 929 926
f 2271 1121 1118
f 2307 1211 1208
f 2163 1055 1052
f 2150 1230 1226
f 2006 1194 1190
f 2204 1110 1106
f 1911 935 932
f 2131 1169 1166
f 1969 1007 1004
f 1983 959 956
f 2217 1085 1082
f 2290 1152 1148
f 2168 1176 1172
f 2145 1031 1028
f 2001 965 962
f 2199 1079 1076
f 1916 1128 1124
f 1808 1038 1034
f 1789 917 914
f 1825 1097 1094
f 1843 1187 1184
f 1862 1218 1214
f 1933 1157 1154
f 2110 1020 1016
f 2020 972 968
f 2236 1092 1088
f 2257 1145 1142
f 2042 1014 1010
f 1947 947 944
f 2059 1073 1070
f 2077 1133 1130
f 2096 1164 1160
f 2113 1049 1046
f 2023 1223 1220
f 2239 1199 1196
f 2254 1116 1112
f 1930 942 938
f 1818 1283 1279
f 1798 1259 1255
f 1834 1295 1291
f 1852 1313 1309
f 1872 1331 1327
f 1942 1379 1375
f 2120 1541 1537
f 2030 1452 1448
f 2248 1578 1574
f 2263 1368 1364
f 2052 1487 1483
f 1955 1391 1387
f 2065 1440 1436
f 2086 1511 1507
f 2106 1529 1525
f 2122 1547 1543
f 2032 1469 1465
f 2245 1458 1454
f 2266 1584 1580
f 1940 1362 1358
f 1813 1269 1267
f 1792 1245 1243
f 1828 1252 1250
f 1846 1288 1286
f 1867 1306 1304
f 1936 1336 1334
f 2123 1551 1549
f 2033 1473 1471
f 2249 1599 1597
f 2260 1354 1352
f 2049 1479 1477
f 1959 1401 1399
f 2062 1408 1406
f 2080 1492 1490
f 2101 1504 1502
f 2116 1533 1531
f 2026 1414 1412
f 2242 1444 1442
f 2267 1594 1592
f 1943 1383 1381
f 1869 1323 1321
f 1815 1275 1273
f 1799 1263 1261
f 1835 1299 1297
f 1853 1317 1315
f 1889 1341 1339
f 2195 1564 1562
f 2319 1462 1460
f 2283 1588 1586
f 1905 1347 1345
f 2103 1521 1519
f 2046 1420 1418
f 1957 1395 1393
f 2069 1497 1495
f 2087 1515 1513
f 2141 1557 1555
f 1979 1425 1423
f 1993 1431 1429
f 2229 1570 1568
f 2296 1372 1370
f 2188 1282 1280
f 1882 1258 1256
f 1902 1294 1292
f 2280 1312 1310
f 2316 1330 1328
f 2172 1378 1376
f 2157 1540 1538
f 2011 1449 1447
f 2209 1575 1573
f 1923 1365 1363
f 2134 1486 1484
f 1972 1390 1388
f 1995 1437 1435
f 2226 1510 1508
f 2303 1528 1526
f 2175 1546 1544
f 2154 1468 1466
f 2013 1455 1453
f 2211 1581 1579
f 1921 1359 1357
f 1865 1272 1268
f 1811 1248 1244
f 1796 1253 1249
f 1832 1289 1285
f 1850 1307 1303
f 1888 1337 1333
f 2194 1554 1550
f 2322 1476 1472
f 2286 1602 1598
f 1908 1355 1351
f 2099 1482 1478
f 2045 1404 1400
f 1962 1409 1405
f 2068 1493 1489
f 2084 1505 1501
f 2140 1536 1532
f 1976 1415 1411
f 1998 1445 1441
f 2232 1595 1591
f 2299 1386 1382
f 2330 909 911
f 2324 891 893
f 2325 886 888
f 2332 898 900
f 2335 904 906
f 2344 922 924
f 2410 1060 1062
f 2497 1240 1242
f 2486 1204 1206
f 2434 1102 1104
f 2375 999 1001
f 2369 981 983
f 2370 976 978
f 2377 988 990
f 2380 994 996
f 2393 1024 1026
f 2359 952 954
f 2415 1066 1068
f 2455 1138 1140
f 2461 1179 1181
f 2489 1233 1235
f 2399 1041 1043
f 2341 927 929
f 2431 1119 1121
f 2476 1209 1211
f 2405 1053 1055
f 2500 1228 1230
f 2481 1192 1194
f 2439 1108 1110
f 2348 933 935
f 2465 1167 1169
f 2383 1005 1007
f 2356 957 959
f 2420 1083 1085
f 2452 1150 1152
f 2471 1174 1176
f 2386 1029 1031
f 2363 963 965
f 2422 1077 1079
f 2445 1126 1128
f 2400 1036 1038
f 2338 915 917
f 2428 1095 1097
f 2473 1185 1187
f 2490 1216 1218
f 2458 1155 1157
f 2394 1018 1020
f 2366 970 972
f 2425 1090 1092
f 2444 1143 1145
f 2389 1012 1014
f 2353 945 947
f 2414 1071 1073
f 2449 1131 1133
f 2466 1162 1164
f 2407 1047 1049
f 2494 1221 1223
f 2480 1197 1199
f 2438 1114 1116
f 2351 940 942
f 2510 1284 1283
f 2504 1260 1259
f 2508 1296 1295
f 2514 1314 1313
f 2517 1332 1331
f 2520 1380 1379
f 2554 1542 1541
f 2539 1451 1452
f 2560 1577 1578
f 2523 1367 1368
f 2543 1488 1487
f 2527 1392 1391
f 2532 1439 1440
f 2547 1512 1511
f 2550 1530 1529
f 2552 1548 1547
f 2535 1470 1469
f 2538 1457 1458
f 2558 1583 1584
f 2524 1361 1362
f 1607 1616 1609
f 1603 1608 1605
f 1604 1606 1611
f 1610 1612 1614
f 1613 1615 1617
f 1622 1624 1631
f 1686 1692 1688
f 1773 1782 1775
f 1761 1765 1763
f 1712 1714 1719
f 1652 1661 1654
f 1648 1653 1650
f 1649 1651 1656
f 1655 1657 1659
f 1658 1660 1662
f 1670 1675 1672
f 1637 1639 1646
f 1694 1696 1706
f 1731 1733 1735
f 1739 1751 1741
f 1768 1779 1770
f 1678 1683 1680
f 1619 1626 1621
f 1709 1721 1711
f 1754 1766 1756
f 1682 1689 1684
f 1776 1778 1780
f 1758 1760 1767
f 1716 1718 1722
f 1625 1629 1627
f 1742 1747 1744
f 1663 1665 1668
f 1634 1641 1636
f 1697 1704 1699
f 1728 1737 1730
f 1746 1750 1748
f 1664 1676 1666
f 1640 1644 1642
f 1700 1702 1705
f 1724 1726 1736
f 1679 1681 1691
f 1618 1620 1623
f 1708 1710 1713
f 1753 1755 1764
f 1769 1771 1781
f 1738 1740 1749
f 1671 1673 1677
f 1643 1647 1645
f 1701 1707 1703
f 1723 1734 1725
f 1667 1669 1674
f 1633 1635 1638
f 1693 1698 1695
f 1727 1729 1732
f 1743 1745 1752
f 1685 1687 1690
f 1772 1774 1777
f 1757 1762 1759
f 1715 1720 1717
f 1628 1632 1630
f 2187 2189 2191
f 1881 1883 1885
f 1899 1903 1901
f 2277 2281 2279
f 2313 2317 2315
f 2169 2173 2171
f 2156 2158 2160
f 2010 2012 2016
f 2208 2210 2214
f 1917 1924 1919
f 2133 2135 2137
f 1971 1973 1978
f 1989 1996 1991
f 2223 2227 2225
f 2300 2304 2302
f 2174 2176 2178
f 2151 2155 2153
f 2007 2014 2009
f 2205 2212 2207
f 1920 1922 1926
f 1855 1864 1857
f 1801 1810 1803
f 1784 1795 1786
f 1820 1831 1822
f 1838 1849 1840
f 1874 1887 1876
f 2180 2193 2182
f 2310 2321 2312
f 2274 2285 2276
f 1896 1907 1898
f 2089 2098 2091
f 2035 2044 2037
f 1950 1961 1952
f 2054 2067 2056
f 2072 2083 2074
f 2126 2139 2128
f 1964 1975 1966
f 1986 1997 1988
f 2220 2231 2222
f 2291 2298 2293
f 2183 2190 2185
f 1877 1884 1879
f 1891 1900 1893
f 2269 2278 2271
f 2305 2314 2307
f 2161 2170 2163
f 2148 2159 2150
f 2004 2015 2006
f 2202 2213 2204
f 1909 1918 1911
f 2129 2136 2131
f 1967 1977 1969
f 1981 1990 1983
f 2215 2224 2217
f 2288 2301 2290
f 2166 2177 2168
f 2143 2152 2145
f 1999 2008 2001
f 2197 2206 2199
f 1914 1925 1916
f 1806 1817 1808
f 1787 1797 1789
f 1823 1833 1825
f 1841 1851 1843
f 1860 1871 1862
f 1931 1941 1933
f 2108 2119 2110
f 2018 2029 2020
f 2234 2247 2236
f 2255 2262 2257
f 2040 2051 2042
f 1945 1954 1947
f 2057 2064 2059
f 2075 2085 2077
f 2094 2105 2096
f 2111 2121 2113
f 2021 2031 2023
f 2237 2244 2239
f 2252 2265 2254
f 1928 1939 1930
f 1812 1814 1818
f 1791 1793 1798
f 1827 1829 1834
f 1845 1847 1852
f 1866 1868 1872
f 1935 1937 1942
f 2118 2124 2120
f 2028 2034 2030
f 2246 2250 2248
f 2259 2261 2263
f 2048 2050 2052
f 1953 1960 1955
f 2061 2063 2065
f 2079 2081 2086
f 2100 2102 2106
f 2115 2117 2122
f 2025 2027 2032
f 2241 2243 2245
f 2264 2268 2266
f 1938 1944 1940
f 1802 1804 1813
f 1783 1785 1792
f 1819 1821 1828
f 1837 1839 1846
f 1856 1858 1867
f 1927 1929 1936
f 2112 2114 2123
f 2022 2024 2033
f 2238 2240 2249
f 2251 2253 2260
f 2036 2038 2049
f 1949 1951 1959
f 2053 2055 2062
f 2071 2073 2080
f 2090 2092 2101
f 2107 2109 2116
f 2017 2019 2026
f 2233 2235 2242
f 2256 2258 2267
f 1932 1934 1943
f 1859 1861 1869
f 1805 1807 1815
f 1788 1790 1799
f 1824 1826 1835
f 1842 1844 1853
f 1878 1880 1889
f 2184 2186 2195
f 2306 2308 2319
f 2270 2272 2283
f 1892 1894 1905
f 2093 2095 2103
f 2039 2041 2046
f 1946 1948 1957
f 2058 2060 2069
f 2076 2078 2087
f 2130 2132 2141
f 1968 1970 1979
f 1982 1984 1993
f 2216 2218 2229
f 2287 2289 2296
f 2179 2181 2188
f 1873 1875 1882
f 1895 1897 1902
f 2273 2275 2280
f 2309 2311 2316
f 2165 2167 2172
f 2144 2146 2157
f 2000 2002 2011
f 2198 2200 2209
f 1913 1915 1923
f 2125 2127 2134
f 1963 1965 1972
f 1985 1987 1995
f 2219 2221 2226
f 2292 2294 2303
f 2162 2164 2175
f 2147 2149 2154
f 2003 2005 2013
f 2201 2203 2211
f 1910 1912 1921
f 1863 1870 1865
f 1809 1816 1811
f 1794 1800 1796
f 1830 1836 1832
f 1848 1854 1850
f 1886 1890 1888
f 2192 2196 2194
f 2318 2320 2322
f 2282 2284 2286
f 1904 1906 1908
f 2097 2104 2099
f 2043 2047 2045
f 1956 1958 1962
f 2066 2070 2068
f 2082 2088 2084
f 2138 2142 2140
f 1974 1980 1976
f 1992 1994 1998
f 2228 2230 2232
f 2295 2297 2299
f 2331 2329 2330
f 2327 2323 2324
f 2328 2326 2325
f 2334 2333 2332
f 2337 2336 2335
f 2346 2345 2344
f 2412 2409 2410
f 2499 2496 2497
f 2487 2485 2486
f 2436 2435 2434
f 2376 2374 2375
f 2372 2368 2369
f 2373 2371 2370
f 2379 2378 2377
f 2382 2381 2380
f 2396 2392 2393
f 2361 2360 2359
f 2418 2416 2415
f 2457 2456 2455
f 2463 2460 2461
f 2492 2488 2489
f 2402 2398 2399
f 2343 2340 2341
f 2433 2430 2431
f 2478 2475 2476
f 2406 2404 2405
f 2502 2501 2500
f 2484 2482 2481
f 2442 2440 2439
f 2349 2347 2348
f 2468 2464 2465
f 2387 2384 2383
f 2358 2355 2356
f 2421 2419 2420
f 2454 2451 2452
f 2472 2470 2471
f 2388 2385 2386
f 2364 2362 2363
f 2426 2423 2422
f 2448 2446 2445
f 2403 2401 2400
f 2342 2339 2338
f 2432 2429 2428
f 2477 2474 2473
f 2493 2491 2490
f 2462 2459 2458
f 2397 2395 2394
f 2367 2365 2366
f 2427 2424 2425
f 2447 2443 2444
f 2391 2390 2389
f 2357 2354 2353
f 2417 2413 2414
f 2453 2450 2449
f 2469 2467 2466
f 2411 2408 2407
f 2498 2495 2494
f 2483 2479 2480
f 2441 2437 2438
f 2352 2350 2351
f 2509 2511 2510
f 2503 2505 2504
f 2506 2507 2508
f 2512 2513 2514
f 2515 2516 2517
f 2518 2519 2520
f 2555 2556 2554
f 2541 2540 2539
f 2562 2561 2560
f 2522 2521 2523
f 2542 2544 2543
f 2528 2529 2527
f 2531 2530 2532
f 2545 2546 2547
f 2548 2549 2550
f 2551 2553 2552
f 2533 2534 2535
f 2537 2536 2538
f 2559 2557 2558
f 2526 2525 2524