v -0.228250 0.503400 -0.031673
v 0.210804 0.496050 -0.071857
v -0.293772 -0.585781 -0.003919
v 0.296888 -0.579904 0.006804
v -0.002366 -0.400357 0.709254
v -0.032552 0.176689 0.509987
v -0.008693 -0.147812 -0.473592
v -0.023159 0.394488 -0.715946
v 0.629981 0.007585 -0.321701
v 0.620690 0.002513 0.316691
v -0.606530 0.011765 -0.323585
v -0.630418 -0.000128 0.334230
v 0.033885 0.579687 -0.032714
v -0.079555 0.418144 0.151635
v -0.208948 0.668659 -0.405202
v -0.424974 0.165274 -0.135963
v -0.456903 0.150243 0.138026
v 0.059335 0.405190 0.144642
v 0.209796 0.656768 -0.412739
v 0.480370 0.179446 -0.130878
v 0.476518 0.155624 0.082469
v 0.016367 -0.643839 0.004952
v -0.199838 -0.664786 0.422693
v -0.180495 -0.591080 -0.287513
v -0.418780 -0.139921 -0.089824
v -0.441879 -0.168621 0.183076
v 0.198908 -0.633589 0.429794
v 0.173873 -0.580540 -0.292482
v 0.478882 -0.167950 -0.078777
v 0.486505 -0.209608 0.145790
v -0.010678 -0.045555 0.716181
v 0.297886 -0.158126 0.586158
v -0.306255 -0.166153 0.586586
v 0.235629 0.043154 0.513961
v -0.257329 0.066200 0.524999
v -0.029577 0.055964 -0.735579
v 0.240595 -0.054521 -0.511874
v -0.238954 -0.009952 -0.519019
v 0.340283 0.191034 -0.650303
v -0.326177 0.164957 -0.634184
v 0.736723 -0.001492 0.013231
v -0.710104 0.020024 0.035867
v -0.064417 0.538554 -0.038037
v -0.151682 0.486084 0.027885
v -0.201100 0.532093 -0.181559
v -0.332245 0.389239 -0.088560
v -0.326450 0.360539 0.036438
v 0.082112 0.559376 -0.047922
v 0.144189 0.505637 -0.009188
v 0.210650 0.543690 -0.185912
v 0.346170 0.389415 -0.108982
v 0.325093 0.359640 -0.017023
v -0.155261 -0.659696 -0.003088
v -0.216935 -0.551143 0.146916
v -0.326540 -0.743798 -0.146509
v -0.359080 -0.418845 -0.038722
v -0.354151 -0.404827 0.103168
v 0.170250 -0.666093 -0.006380
v 0.233934 -0.560364 0.141211
v 0.335118 -0.739890 -0.137463
v 0.377715 -0.426120 -0.030665
v 0.379620 -0.428661 0.095517
v -0.139510 -0.625555 0.678093
v 0.130878 -0.651504 0.703182
v -0.002897 -0.172933 0.766783
v 0.165565 -0.317530 0.707223
v -0.164962 -0.315811 0.708721
v -0.050625 0.288505 0.359767
v -0.004737 0.286120 0.365560
v -0.028297 0.037977 0.647536
v 0.037696 0.116380 0.528457
v -0.079770 0.119874 0.536472
v -0.050419 -0.333655 -0.352618
v 0.043792 -0.327015 -0.349110
v -0.020282 -0.010436 -0.617628
v 0.048341 -0.105991 -0.518974
v -0.066980 -0.084562 -0.515398
v -0.127691 0.580395 -0.631826
v 0.100861 0.571392 -0.640916
v -0.032212 0.202235 -0.794914
v 0.154225 0.320476 -0.746906
v -0.205918 0.308793 -0.746559
v 0.610988 0.014692 -0.229252
v 0.604729 -0.001199 -0.222102
v 0.486166 0.013191 -0.436524
v 0.491837 0.043744 -0.450505
v 0.685522 0.005313 -0.139360
v 0.603392 0.002494 0.226383
v 0.585374 -0.015387 0.223083
v 0.469518 -0.014158 0.434756
v 0.475574 0.007825 0.434936
v 0.704890 0.003873 0.150042
v -0.559750 0.024628 -0.237738
v -0.553998 0.012932 -0.223652
v -0.471769 0.030662 -0.445966
v -0.471329 0.023894 -0.463756
v -0.666382 0.013920 -0.132598
v -0.593638 0.005093 0.254595
v -0.584454 -0.007953 0.254020
v -0.489287 -0.019531 0.455938
v -0.495941 0.010717 0.456997
v -0.675268 0.006575 0.179368
v -0.017386 0.532223 -0.003573
v -0.027471 0.573241 -0.189199
v 0.032030 0.546593 -0.011586
v 0.061576 0.577612 -0.200436
v -0.269125 0.350201 0.159075
v -0.014808 0.427446 0.159031
v -0.160698 0.247054 0.357991
v -0.339185 0.472961 -0.294149
v 0.003607 0.703266 -0.451181
v -0.308847 0.439321 -0.518587
v -0.471817 0.151798 0.019033
v -0.370791 0.184775 -0.372768
v -0.652778 0.017316 -0.025358
v -0.392210 0.137377 0.328740
v -0.637899 0.014629 0.101787
v 0.249830 0.314184 0.121423
v 0.129982 0.223563 0.349213
v 0.361667 0.472424 -0.291270
v 0.313627 0.454016 -0.530262
v 0.501813 0.173408 -0.020770
v 0.413666 0.202073 -0.372290
v 0.654962 0.021179 -0.055673
v 0.367055 0.095304 0.284566
v 0.655704 0.013155 0.067192
v -0.040529 -0.592066 0.169017
v -0.094393 -0.675866 -0.110150
v 0.076813 -0.587480 0.163283
v 0.103511 -0.688361 -0.122463
v -0.335644 -0.437617 0.300671
v -0.001808 -0.625434 0.439749
v -0.329678 -0.471378 0.564308
v -0.354833 -0.419331 -0.234677
v 0.000403 -0.546827 -0.240794
v -0.160114 -0.253681 -0.331744
v -0.448607 -0.140290 0.064208
v -0.342996 -0.093888 -0.285617
v -0.642075 0.018812 -0.021359
v -0.395496 -0.192927 0.364518
v -0.628424 0.014109 0.111309
v 0.354885 -0.456105 0.283753
v 0.326949 -0.474311 0.560387
v 0.352318 -0.417549 -0.229098
v 0.179401 -0.267898 -0.354156
v 0.494715 -0.186880 0.033719
v 0.379050 -0.126573 -0.294334
v 0.640726 -0.009083 -0.041456
v 0.408015 -0.211674 0.358207
v 0.648093 -0.015355 0.057576
v 0.130482 -0.088566 0.707460
v -0.138238 -0.088599 0.705505
v 0.089109 -0.007491 0.655983
v -0.124601 -0.009228 0.670720
v 0.279119 -0.023347 0.585906
v -0.305463 -0.019475 0.595746
v 0.106770 0.008821 -0.651080
v -0.143012 0.023573 -0.659399
v 0.154982 0.104825 -0.776924
v -0.203341 0.102451 -0.765339
v 0.310139 0.040779 -0.611731
v -0.322716 0.047339 -0.616770
v -0.154431 0.520324 -0.039603
v -0.195142 0.497545 0.002041
v -0.213461 0.512169 -0.088595
v -0.281868 0.473929 -0.055647
v -0.273395 0.452138 -0.003238
v 0.151036 0.536313 -0.065994
v 0.182148 0.501783 -0.044575
v 0.208956 0.516055 -0.110688
v 0.275766 0.456811 -0.090136
v 0.259126 0.441200 -0.050773
v -0.238816 -0.640433 -0.002636
v -0.255660 -0.562577 0.039549
v -0.310851 -0.665125 -0.048877
v -0.334247 -0.532375 -0.022580
v -0.318574 -0.506643 0.039744
v 0.242849 -0.635495 0.002864
v 0.264950 -0.569386 0.050949
v 0.301429 -0.641258 -0.044343
v 0.341308 -0.529250 -0.014277
v 0.332719 -0.519698 0.048973
v -0.058192 -0.489267 0.693413
v 0.051768 -0.493782 0.693787
v 0.004129 -0.292450 0.735904
v 0.077264 -0.363796 0.715266
v -0.077485 -0.368284 0.715414
v -0.040359 0.226586 0.449765
v -0.020256 0.228953 0.453587
v -0.029297 0.111695 0.570334
v -0.010020 0.153543 0.527467
v -0.049370 0.152937 0.523740
v -0.019048 -0.222199 -0.413146
v 0.007744 -0.220076 -0.411419
v -0.013828 -0.074261 -0.545635
v 0.009766 -0.123893 -0.497370
v -0.028680 -0.118515 -0.493924
v -0.069239 0.471090 -0.680540
v 0.032629 0.473507 -0.684351
v -0.026333 0.306241 -0.759327
v 0.055111 0.365981 -0.729890
v -0.103783 0.362455 -0.732439
v 0.631128 0.012375 -0.284775
v 0.627283 0.007619 -0.282937
v 0.576213 0.013135 -0.375483
v 0.574899 0.017507 -0.374196
v 0.661908 0.004945 -0.238229
v 0.622204 -0.000864 0.288763
v 0.612132 -0.000990 0.280912
v 0.548605 0.007050 0.360093
v 0.565819 0.002083 0.372053
v 0.664567 -0.002194 0.242984
v -0.587357 0.012933 -0.286920
v -0.594042 0.017099 -0.284655
v -0.551272 0.016690 -0.382270
v -0.549844 0.022130 -0.383755
v -0.628734 0.011986 -0.235576
v -0.624438 -0.003352 0.302664
v -0.625416 0.003068 0.301923
v -0.580730 0.003887 0.390271
v -0.581598 -0.002631 0.394119
v -0.651040 0.002291 0.258606
v 0.005230 0.565808 -0.030046
v 0.047380 0.575189 -0.035425
v 0.011798 0.564241 -0.023095
v 0.031667 0.572755 -0.060911
v 0.034827 0.570571 -0.028020
v 0.041438 0.571806 -0.083931
v -0.110329 0.467243 0.065882
v -0.062912 0.353846 0.257526
v -0.058102 0.477073 0.063239
v -0.154959 0.396162 0.152972
v -0.044965 0.424235 0.157362
v -0.107468 0.341702 0.253688
v -0.210618 0.588319 -0.285310
v -0.187592 0.670768 -0.517915
v -0.121158 0.638373 -0.306262
v -0.332498 0.592138 -0.354409
v -0.151136 0.816813 -0.429658
v -0.324929 0.595119 -0.460388
v -0.378682 0.288279 -0.111435
v -0.497099 0.060253 -0.180451
v -0.346798 0.314318 -0.206716
v -0.456731 0.154917 -0.046684
v -0.396158 0.183974 -0.247871
v -0.536660 0.052004 -0.070477
v -0.386825 0.256561 0.085217
v -0.531105 0.058062 0.193207
v -0.364941 0.251464 0.155154
v -0.467369 0.149482 0.075550
v -0.434309 0.145204 0.219499
v -0.547189 0.057412 0.121928
v 0.101041 0.465384 0.053923
v 0.023255 0.341428 0.254912
v 0.037732 0.484057 0.048988
v 0.015901 0.420121 0.153259
v 0.142012 0.375049 0.142376
v 0.085645 0.320650 0.249755
v 0.222897 0.597583 -0.287750
v 0.184224 0.640531 -0.542383
v 0.130210 0.657320 -0.331366
v 0.175497 0.795305 -0.489291
v 0.347536 0.601941 -0.347954
v 0.329726 0.594485 -0.473848
v 0.416059 0.295864 -0.120868
v 0.545081 0.084807 -0.178904
v 0.393419 0.316305 -0.209071
v 0.497933 0.178337 -0.067576
v 0.447172 0.195198 -0.245005
v 0.568073 0.078436 -0.086739
v 0.401742 0.260971 0.026024
v 0.540798 0.058149 0.156378
v 0.367962 0.240127 0.088459
v 0.492968 0.166697 0.024728
v 0.428519 0.128750 0.171225
v 0.572307 0.070872 0.075689
v -0.066109 -0.648794 0.003709
v 0.094471 -0.650447 -0.001677
v -0.002842 -0.638265 0.065595
v -0.037147 -0.637568 -0.048239
v 0.052666 -0.623350 0.071424
v 0.063230 -0.644723 -0.051792
v -0.191913 -0.564455 0.287364
v -0.189453 -0.809215 0.599022
v -0.097450 -0.591755 0.301702
v -0.276884 -0.545204 0.376287
v -0.094678 -0.674386 0.444787
v -0.309014 -0.636329 0.532152
v -0.267046 -0.738721 -0.269169
v -0.106742 -0.455867 -0.309940
v -0.117682 -0.718351 -0.226849
v -0.287702 -0.544500 -0.296017
v -0.084317 -0.571726 -0.253089
v -0.182413 -0.419402 -0.310158
v -0.371838 -0.275798 -0.052178
v -0.489002 -0.036802 -0.150178
v -0.362625 -0.272315 -0.148288
v -0.437945 -0.137198 -0.002119
v -0.392044 -0.132353 -0.187768
v -0.521335 -0.026418 -0.051782
v -0.392225 -0.287571 0.152549
v -0.509148 -0.064018 0.209940
v -0.383325 -0.304787 0.235206
v -0.450549 -0.154590 0.122681
v -0.429607 -0.186549 0.266337
v -0.530425 -0.054638 0.145907
v 0.204387 -0.558748 0.279037
v 0.201926 -0.814025 0.588656
v 0.119185 -0.580930 0.294713
v 0.101941 -0.667743 0.438871
v 0.278813 -0.533718 0.372621
v 0.310088 -0.614876 0.508708
v 0.277406 -0.745971 -0.274033
v 0.097239 -0.443068 -0.309611
v 0.128756 -0.717154 -0.223215
v 0.082686 -0.559495 -0.258834
v 0.282244 -0.532116 -0.292411
v 0.179619 -0.417374 -0.309919
v 0.415337 -0.294198 -0.044772
v 0.546587 -0.070371 -0.145958
v 0.392430 -0.287615 -0.131975
v 0.490799 -0.176249 -0.014717
v 0.439163 -0.157485 -0.178922
v 0.565170 -0.078586 -0.060795
v 0.426961 -0.321103 0.126499
v 0.542011 -0.101755 0.173274
v 0.415717 -0.335393 0.212045
v 0.493702 -0.196940 0.081108
v 0.453002 -0.215901 0.241052
v 0.569292 -0.093632 0.091741
v -0.004429 -0.094122 0.748436
v -0.022520 -0.010428 0.694692
v 0.053167 -0.064486 0.723318
v -0.069970 -0.064767 0.722467
v 0.039562 -0.023761 0.692735
v -0.071443 -0.027930 0.699761
v 0.242594 -0.244102 0.666651
v 0.362880 -0.071713 0.497280
v 0.311668 -0.307386 0.575937
v 0.359506 -0.194071 0.476485
v 0.220580 -0.122359 0.665670
v 0.283373 -0.058097 0.587239
v -0.244548 -0.244672 0.666783
v -0.385353 -0.083845 0.514983
v -0.307174 -0.300731 0.571519
v -0.352901 -0.183656 0.477869
v -0.225697 -0.130100 0.660391
v -0.305831 -0.068253 0.599733
v 0.124310 0.081873 0.525480
v 0.361564 0.015648 0.488373
v 0.184655 0.123813 0.432053
v 0.304221 0.064466 0.403168
v 0.160327 0.017388 0.600983
v 0.272128 0.001930 0.575210
v -0.149984 0.092588 0.539736
v -0.379703 0.034060 0.503443
v -0.212214 0.149797 0.448423
v -0.332829 0.109700 0.433478
v -0.178849 0.018700 0.617036
v -0.290759 0.011215 0.581323
v -0.024403 0.024422 -0.678702
v -0.031344 0.109333 -0.786378
v 0.041892 0.036171 -0.699157
v -0.092764 0.034034 -0.705669
v 0.053128 0.083357 -0.754434
v -0.112934 0.069196 -0.763432
v 0.135743 -0.087793 -0.527173
v 0.357414 -0.015473 -0.474965
v 0.201001 -0.141691 -0.427526
v 0.307178 -0.084665 -0.406553
v 0.171141 -0.025313 -0.589124
v 0.281436 -0.002192 -0.566906
v -0.138145 -0.044616 -0.534779
v -0.363836 0.023001 -0.496063
v -0.185804 -0.103872 -0.416825
v -0.294052 -0.049252 -0.399654
v -0.189616 0.011819 -0.604714
v -0.294963 0.031660 -0.592124
v 0.258664 0.259771 -0.743985
v 0.406668 0.115266 -0.539801
v 0.309893 0.304269 -0.596907
v 0.379269 0.203230 -0.510718
v 0.264881 0.146267 -0.766890
v 0.329744 0.099585 -0.643628
v -0.284144 0.243266 -0.718788
v -0.388171 0.085198 -0.542017
v -0.296155 0.286891 -0.586181
v -0.346518 0.177506 -0.507747
v -0.290194 0.144818 -0.744010
v -0.338169 0.088209 -0.636984
v 0.716337 0.009810 -0.054724
v 0.719717 -0.006788 0.079118
v 0.714399 0.006102 -0.021577
v 0.716873 0.000383 0.046637
v 0.705307 0.010454 -0.021197
v 0.710026 0.002653 0.040363
v -0.697533 0.017424 -0.039298
v -0.696335 0.012575 0.107953
v -0.703040 0.012957 0.004315
v -0.696054 0.009921 0.074024
v -0.701516 0.024532 0.002766
v -0.696761 0.020785 0.074757
v -0.106547 0.520203 -0.008726
v -0.124057 0.531889 -0.101081
v -0.033057 0.541981 -0.016911
v -0.027914 0.548590 -0.083406
v -0.247879 0.444638 0.038618
v -0.073225 0.509013 0.012253
v -0.207072 0.436034 0.082475
v -0.279757 0.490291 -0.142062
v -0.106039 0.557691 -0.192752
v -0.296315 0.536377 -0.258384
v -0.333421 0.368597 -0.017820
v -0.326636 0.428170 -0.184631
v -0.392613 0.270244 -0.035447
v -0.302359 0.357567 0.090605
v -0.395488 0.260215 0.026699
v 0.112398 0.547759 -0.032561
v 0.133639 0.544816 -0.111554
v 0.057532 0.568271 -0.026580
v 0.066790 0.558855 -0.095829
v 0.230760 0.435801 -0.013667
v 0.070181 0.534554 -0.009604
v 0.191240 0.415377 0.049199
v 0.281832 0.480461 -0.155941
v 0.128155 0.571978 -0.198757
v 0.308964 0.540534 -0.253241
v 0.341430 0.370757 -0.059178
v 0.348924 0.422457 -0.191669
v 0.420667 0.281062 -0.064218
v 0.296773 0.346694 0.032243
v 0.415350 0.270072 -0.021578
v -0.168455 -0.592701 0.046458
v -0.237250 -0.757361 -0.046911
v -0.085980 -0.613977 0.065931
v -0.129892 -0.703271 -0.057507
v -0.299655 -0.497760 0.122727
v -0.123337 -0.580132 0.161633
v -0.279895 -0.506532 0.240173
v -0.352414 -0.574249 -0.099748
v -0.182926 -0.796993 -0.146207
v -0.365300 -0.602210 -0.213208
v -0.357828 -0.405176 0.033163
v -0.363106 -0.429756 -0.130189
v -0.382711 -0.272757 0.022323
v -0.351198 -0.419155 0.188296
v -0.391968 -0.276728 0.085826
v 0.175053 -0.600315 0.049061
v 0.253662 -0.746084 -0.037073
v 0.108814 -0.615432 0.055797
v 0.149727 -0.717614 -0.060858
v 0.321807 -0.526565 0.122300
v 0.145036 -0.577996 0.154354
v 0.297218 -0.520003 0.230490
v 0.352476 -0.567024 -0.090195
v 0.202418 -0.799086 -0.144070
v 0.366775 -0.602307 -0.215843
v 0.379837 -0.421724 0.033637
v 0.373521 -0.433833 -0.117666
v 0.427170 -0.298839 0.014080
v 0.368700 -0.440281 0.176561
v 0.433401 -0.309021 0.064554
v -0.007226 -0.581621 0.651821
v -0.171955 -0.470805 0.700198
v -0.053425 -0.668427 0.580959
v -0.287052 -0.610604 0.678722
v 0.168257 -0.484155 0.703943
v 0.058294 -0.658040 0.570534
v 0.288352 -0.621356 0.675326
v 0.065168 -0.235790 0.754734
v -0.077381 -0.228670 0.752946
v 0.053072 -0.136384 0.757510
v -0.070455 -0.115238 0.768099
v 0.264685 -0.415554 0.666537
v 0.144186 -0.185603 0.719743
v -0.277533 -0.407153 0.671625
v -0.153917 -0.180124 0.729424
v -0.025687 0.294853 0.362651
v -0.062441 0.210144 0.453558
v -0.033712 0.359720 0.260852
v -0.078451 0.275365 0.362388
v 0.001709 0.204015 0.456071
v -0.008440 0.360296 0.261323
v 0.034086 0.254676 0.357149
v 0.005661 0.075022 0.594091
v -0.057292 0.073045 0.597673
v 0.019864 0.010185 0.657309
v -0.069130 0.007040 0.671827
v 0.075078 0.168232 0.450017
v 0.065064 0.032652 0.601382
v -0.109372 0.184534 0.457250
v -0.102608 0.040196 0.616054
v -0.003515 -0.335733 -0.348175
v -0.050089 -0.199065 -0.418013
v -0.034881 -0.456114 -0.299269
v -0.097527 -0.308430 -0.352006
v 0.047847 -0.207093 -0.425218
v 0.028644 -0.448784 -0.300527
v 0.104655 -0.307973 -0.360665
v 0.012125 -0.046961 -0.579002
v -0.041217 -0.028116 -0.588512
v 0.028122 -0.000102 -0.641001
v -0.068526 0.015436 -0.649829
v 0.113119 -0.188056 -0.438349
v 0.072544 -0.036819 -0.596647
v -0.107747 -0.163370 -0.427088
v -0.103516 -0.008038 -0.597857
v -0.014159 0.582530 -0.637577
v -0.168962 0.443840 -0.679849
v -0.074553 0.673852 -0.539914
v -0.228998 0.530384 -0.594150
v 0.135162 0.448940 -0.691173
v 0.066835 0.659999 -0.552953
v 0.221689 0.538199 -0.619722
v 0.061375 0.258990 -0.775300
v -0.131008 0.255051 -0.807282
v 0.061611 0.159014 -0.787502
v -0.130445 0.143186 -0.808668
v 0.230465 0.391509 -0.672801
v 0.167653 0.207258 -0.819281
v -0.252324 0.379522 -0.646981
v -0.223977 0.186175 -0.798660
v 0.563922 0.020582 -0.347864
v 0.659473 0.002991 -0.182781
v 0.510982 0.085144 -0.295829
v 0.628923 0.018722 -0.127615
v 0.558255 0.006481 -0.333020
v 0.658332 0.000228 -0.183825
v 0.502818 -0.055036 -0.256622
v 0.626829 -0.007190 -0.119252
v 0.495863 0.026434 -0.457182
v 0.437133 -0.033062 -0.374044
v 0.393485 0.017784 -0.522549
v 0.466842 0.098990 -0.423581
v 0.409274 0.052178 -0.543092
v 0.686158 0.007970 -0.090901
v 0.680687 0.003946 -0.090191
v 0.543048 0.002329 0.327309
v 0.664009 -0.002390 0.193729
v 0.491754 0.033883 0.252308
v 0.644514 0.004697 0.143274
v 0.531369 -0.010831 0.324872
v 0.648906 -0.005957 0.186840
v 0.491613 -0.100251 0.279935
v 0.631241 -0.017339 0.127681
v 0.485583 0.002222 0.453272
v 0.430726 -0.088008 0.388355
v 0.375602 -0.017846 0.515725
v 0.434625 0.016681 0.372574
v 0.383151 -0.003726 0.525368
v 0.711755 -0.004099 0.119046
v 0.685590 -0.003454 0.108546
v -0.521444 0.019746 -0.352428
v -0.630080 0.009412 -0.178560
v -0.457991 0.069409 -0.301935
v -0.600072 0.014202 -0.124862
v -0.518036 0.020403 -0.333397
v -0.629139 0.012953 -0.183067
v -0.454277 -0.022039 -0.257244
v -0.589427 0.012495 -0.115328
v -0.488687 0.025204 -0.471749
v -0.417538 0.008844 -0.378442
v -0.396572 0.037978 -0.537297
v -0.424627 0.072139 -0.427160
v -0.403911 0.045585 -0.548896
v -0.668757 0.013827 -0.079064
v -0.668572 0.021502 -0.079781
v -0.560266 0.005773 0.354075
v -0.652971 0.000543 0.217127
v -0.499698 0.056337 0.290330
v -0.622738 0.009530 0.170911
v -0.547911 -0.010021 0.348918
v -0.652383 0.002537 0.216381
v -0.486993 -0.081411 0.300963
v -0.608595 -0.000907 0.173913
v -0.505503 -0.001508 0.473257
v -0.443543 -0.083308 0.406291
v -0.407692 -0.020943 0.541983
v -0.449888 0.054721 0.400587
v -0.404065 0.002415 0.534899
v -0.673071 0.003274 0.141885
v -0.675774 0.017895 0.141450
v 0.009729 0.544656 -0.008118
v -0.021420 0.488481 0.062108
v 0.022996 0.581690 -0.188511
v -0.029742 0.643081 -0.313581
v 0.008580 0.494411 0.057115
v 0.054879 0.650652 -0.337085
v -0.217944 0.306035 0.255605
v -0.331584 0.241645 0.246612
v -0.279358 0.205009 0.352264
v -0.381433 0.481978 -0.365868
v -0.322854 0.330254 -0.311778
v -0.312694 0.319135 -0.448768
v -0.566983 0.048608 0.011480
v -0.560372 0.051521 0.065489
v -0.662727 0.011686 0.043176
v 0.193087 0.272034 0.233987
v 0.308580 0.202632 0.200368
v 0.247689 0.162918 0.316747
v 0.393963 0.506206 -0.372539
v 0.361632 0.334112 -0.320090
v 0.338716 0.330209 -0.450811
v 0.580469 0.082590 -0.032053
v 0.579990 0.077315 0.019777
v 0.666462 0.016743 0.003556
v 0.020375 -0.598342 0.173884
v -0.023731 -0.599507 0.303552
v 0.010039 -0.617340 -0.091877
v -0.046770 -0.613003 -0.168677
v 0.048631 -0.597456 0.301567
v 0.051703 -0.616495 -0.176255
v -0.331673 -0.457935 0.433953
v -0.369799 -0.319140 0.340351
v -0.344961 -0.321043 0.457860
v -0.262920 -0.346207 -0.289318
v -0.318180 -0.237464 -0.232972
v -0.240424 -0.173937 -0.307666
v -0.545832 -0.017382 0.031566
v -0.543433 -0.033444 0.091946
v -0.655130 0.027751 0.051078
v 0.342316 -0.470070 0.418861
v 0.390580 -0.342664 0.325795
v 0.354779 -0.335842 0.451959
v 0.265585 -0.352711 -0.290460
v 0.339441 -0.258865 -0.230261
v 0.264036 -0.198422 -0.324447
v 0.571459 -0.086303 -0.002458
v 0.571540 -0.090978 0.044652
v 0.651469 -0.013904 0.012195
v 0.112327 -0.037322 0.684101
v 0.200450 -0.049826 0.649864
v -0.126831 -0.036517 0.689765
v -0.214853 -0.050977 0.652746
v 0.181693 -0.014451 0.635653
v -0.205208 -0.012092 0.643767
v 0.131724 0.049792 -0.712670
v 0.204720 0.023115 -0.644261
v -0.174248 0.049967 -0.711793
v -0.232135 0.036341 -0.656321
v 0.235160 0.067579 -0.707730
v -0.262717 0.072380 -0.698263
v -0.196312 0.511926 -0.035442
v -0.214501 0.500590 -0.014411
v -0.221760 0.507920 -0.054532
v -0.254552 0.495777 -0.040425
v -0.249871 0.488323 -0.017702
v 0.184004 0.514987 -0.071624
v 0.197273 0.497836 -0.059399
v 0.209588 0.505908 -0.086622
v 0.239145 0.480324 -0.080301
v 0.232707 0.472998 -0.062937
v -0.270451 -0.612845 -0.005306
v -0.277892 -0.576097 0.012767
v -0.298931 -0.617353 -0.022864
v -0.314218 -0.568651 -0.012803
v -0.305043 -0.551395 0.011624
v 0.273832 -0.606340 0.003027
v 0.282984 -0.576066 0.026677
v 0.297776 -0.604515 -0.015203
v 0.318207 -0.562483 -0.002431
v 0.312640 -0.551115 0.024534
v -0.026149 -0.440886 0.700842
v 0.019631 -0.440757 0.700042
v 0.000469 -0.353333 0.720233
v 0.033245 -0.384774 0.711201
v -0.036039 -0.386407 0.712297
v -0.035268 0.198316 0.483955
v -0.025654 0.200187 0.486754
v -0.030533 0.147161 0.537072
v -0.022828 0.167623 0.518695
v -0.038363 0.166628 0.516159
v -0.012648 -0.179333 -0.446239
v -0.001940 -0.179140 -0.446435
v -0.010614 -0.113524 -0.505628
v -0.000851 -0.138457 -0.482619
v -0.016438 -0.135681 -0.482228
v -0.041191 0.427061 -0.700902
v 0.000169 0.428995 -0.701221
v -0.025173 0.354355 -0.735806
v 0.011759 0.381758 -0.722289
v -0.057957 0.380011 -0.722455
v 0.626654 0.014362 -0.303873
v 0.630319 0.008489 -0.304404
v 0.604371 0.009306 -0.343067
v 0.609393 0.011792 -0.344137
v 0.651185 0.008855 -0.286544
v 0.627193 -0.000461 0.307324
v 0.619905 0.003651 0.301948
v 0.589119 0.006077 0.335946
v 0.596791 0.002682 0.341605
v 0.653871 0.002231 0.282976
v -0.596124 0.012407 -0.307616
v -0.602288 0.018855 -0.308935
v -0.582760 0.015590 -0.352534
v -0.580199 0.010496 -0.351041
v -0.617561 0.017348 -0.283546
v -0.631993 -0.004479 0.320423
v -0.629630 0.006408 0.319483
v -0.612119 0.012219 0.357472
v -0.613012 -0.010288 0.360288
v -0.639437 0.000477 0.299184
v 0.023430 0.576724 -0.030405
v 0.040250 0.577523 -0.034573
v 0.024592 0.574261 -0.027147
v 0.034479 0.578227 -0.040308
v 0.034657 0.575938 -0.029724
v 0.039321 0.575848 -0.045246
v -0.093731 0.445401 0.103339
v -0.069917 0.386549 0.204602
v -0.070657 0.448544 0.107559
v -0.103691 0.415071 0.145569
v -0.063917 0.420238 0.154913
v -0.084809 0.385147 0.198523
v -0.214850 0.628474 -0.339649
v -0.211399 0.698038 -0.462925
v -0.174186 0.676394 -0.356610
v -0.279210 0.628376 -0.376274
v -0.213806 0.791595 -0.429112
v -0.249126 0.629973 -0.436408
v -0.399384 0.228523 -0.123262
v -0.459803 0.108121 -0.155510
v -0.381852 0.238963 -0.171234
v -0.441950 0.159068 -0.087822
v -0.409289 0.175116 -0.190437
v -0.477321 0.100233 -0.099659
v -0.421116 0.202989 0.110927
v -0.494719 0.101530 0.165536
v -0.412126 0.200666 0.145896
v -0.464450 0.150031 0.105061
v -0.449016 0.147585 0.175025
v -0.502132 0.101657 0.130969
v 0.080458 0.438024 0.095387
v 0.037285 0.371727 0.197318
v 0.049063 0.445022 0.095347
v 0.034140 0.412987 0.147794
v 0.094542 0.394378 0.143686
v 0.067147 0.362864 0.195301
v 0.219831 0.629042 -0.348885
v 0.207690 0.663984 -0.475343
v 0.180312 0.691157 -0.379914
v 0.226825 0.790054 -0.434001
v 0.283531 0.628706 -0.383467
v 0.263346 0.628462 -0.449710
v 0.446944 0.239640 -0.126816
v 0.511664 0.129362 -0.152449
v 0.433786 0.245608 -0.169673
v 0.490754 0.178472 -0.095475
v 0.464056 0.187682 -0.185074
v 0.526199 0.120774 -0.099492
v 0.441153 0.208172 0.051017
v 0.510352 0.104150 0.118494
v 0.424253 0.197755 0.086330
v 0.487226 0.162686 0.050414
v 0.454845 0.143224 0.123171
v 0.525075 0.113045 0.079437
v -0.024099 -0.644855 0.006248
v 0.056857 -0.645324 0.003516
v 0.005402 -0.646544 0.033186
v -0.009058 -0.640215 -0.021517
v 0.038626 -0.640367 0.034487
v 0.036622 -0.644104 -0.022607
v -0.181353 -0.581525 0.373403
v -0.208232 -0.776610 0.478340
v -0.142817 -0.614670 0.368564
v -0.249160 -0.604160 0.405311
v -0.144055 -0.689520 0.435019
v -0.286069 -0.698318 0.463412
v -0.227871 -0.682745 -0.295381
v -0.141093 -0.518695 -0.293925
v -0.158630 -0.663596 -0.263727
v -0.237071 -0.581652 -0.300179
v -0.129685 -0.588939 -0.270917
v -0.186925 -0.506592 -0.301380
v -0.387579 -0.205518 -0.064551
v -0.453038 -0.082425 -0.117776
v -0.378926 -0.203939 -0.111567
v -0.428584 -0.139495 -0.043426
v -0.407431 -0.139395 -0.138531
v -0.465710 -0.079726 -0.068450
v -0.414745 -0.228369 0.170127
v -0.475842 -0.116157 0.197380
v -0.411767 -0.236253 0.208308
v -0.448346 -0.162509 0.152296
v -0.437816 -0.177855 0.220684
v -0.483595 -0.109422 0.164155
v 0.188302 -0.567765 0.364927
v 0.224272 -0.760793 0.473818
v 0.145720 -0.593169 0.366753
v 0.154017 -0.675798 0.431465
v 0.231241 -0.555574 0.424929
v 0.273150 -0.657275 0.466248
v 0.218368 -0.670906 -0.295653
v 0.134049 -0.508621 -0.297658
v 0.156961 -0.653713 -0.266284
v 0.126369 -0.573212 -0.274734
v 0.228642 -0.566448 -0.299603
v 0.178723 -0.497917 -0.302943
v 0.447253 -0.228318 -0.058468
v 0.514143 -0.115437 -0.109294
v 0.433091 -0.226515 -0.101797
v 0.488258 -0.171656 -0.042389
v 0.463180 -0.163835 -0.121682
v 0.530756 -0.117341 -0.062971
v 0.455932 -0.265473 0.135945
v 0.515832 -0.155283 0.157482
v 0.448681 -0.272138 0.176860
v 0.489931 -0.201863 0.110103
v 0.473117 -0.214330 0.189778
v 0.527049 -0.149842 0.116973
v -0.006876 -0.066858 0.731197
v -0.015971 -0.026108 0.705032
v 0.021325 -0.054588 0.721486
v -0.039168 -0.056257 0.721222
v 0.015820 -0.033757 0.708636
v -0.042408 -0.034527 0.707536
v 0.271624 -0.203058 0.630739
v 0.327126 -0.113268 0.543008
v 0.303968 -0.228675 0.579383
v 0.328821 -0.177885 0.533802
v 0.261572 -0.139625 0.633885
v 0.291852 -0.102157 0.589743
v -0.273536 -0.207396 0.626251
v -0.341229 -0.123159 0.548874
v -0.303454 -0.228030 0.577194
v -0.330376 -0.175774 0.533751
v -0.268206 -0.150377 0.627271
v -0.304796 -0.111110 0.592460
v 0.177580 0.063379 0.519468
v 0.297787 0.026386 0.504355
v 0.211201 0.079080 0.471826
v 0.270583 0.054368 0.459938
v 0.199031 0.033183 0.559611
v 0.257931 0.020719 0.552798
v -0.199238 0.078972 0.534397
v -0.318635 0.048523 0.515139
v -0.235604 0.106061 0.487453
v -0.296815 0.088575 0.480531
v -0.217672 0.044153 0.570991
v -0.276217 0.032155 0.558584
v -0.025452 0.039312 -0.706306
v -0.030323 0.079764 -0.762710
v 0.008300 0.046819 -0.717567
v -0.062698 0.042910 -0.722896
v 0.009467 0.069685 -0.745152
v -0.067812 0.059735 -0.754456
v 0.188185 -0.074222 -0.520021
v 0.295133 -0.032348 -0.495753
v 0.218322 -0.090904 -0.470938
v 0.272341 -0.066092 -0.459747
v 0.206508 -0.042359 -0.553950
v 0.261408 -0.025452 -0.539760
v -0.182102 -0.023257 -0.530903
v -0.298608 0.005689 -0.506557
v -0.209142 -0.046581 -0.469324
v -0.265611 -0.025933 -0.458110
v -0.211688 0.007308 -0.573219
v -0.268197 0.019936 -0.564295
v 0.305124 0.226270 -0.706716
v 0.374817 0.154128 -0.595007
v 0.327157 0.243091 -0.632270
v 0.362332 0.199766 -0.582524
v 0.308070 0.171267 -0.714149
v 0.337260 0.141046 -0.651218
v -0.306539 0.206789 -0.678146
v -0.354040 0.125291 -0.587553
v -0.312365 0.219694 -0.615910
v -0.335443 0.166527 -0.579433
v -0.313751 0.157830 -0.692060
v -0.336188 0.122864 -0.639854
v 0.728527 0.003715 -0.020549
v 0.730350 0.000130 0.045310
v 0.731335 -0.001452 -0.002278
v 0.729194 -0.000771 0.029505
v 0.731261 0.004399 -0.006052
v 0.729079 -0.000193 0.027764
v -0.710263 0.018462 0.001143
v -0.705766 0.016361 0.072766
v -0.710136 0.013612 0.020635
v -0.706304 0.012374 0.054207
v -0.711338 0.020058 0.020102
v -0.707142 0.021812 0.054067
v -0.110182 0.529532 -0.039810
v -0.022395 0.551712 -0.031882
v -0.086306 0.532395 -0.023440
v -0.091056 0.534071 -0.064546
v -0.045392 0.542676 -0.022988
v -0.041331 0.540352 -0.053779
v -0.173322 0.492031 0.015773
v -0.130357 0.478782 0.042376
v -0.127877 0.504632 0.008050
v -0.200929 0.469383 0.036595
v -0.107931 0.498249 0.019140
v -0.178581 0.463808 0.052371
v -0.205286 0.519104 -0.130754
v -0.202414 0.553748 -0.235690
v -0.157998 0.529340 -0.140841
v -0.244216 0.514554 -0.166494
v -0.152703 0.545309 -0.189792
v -0.247164 0.533150 -0.223695
v -0.307661 0.432387 -0.073005
v -0.356533 0.343633 -0.099366
v -0.307721 0.447208 -0.114119
v -0.332947 0.377861 -0.050372
v -0.330190 0.406382 -0.133302
v -0.360093 0.330658 -0.063193
v -0.298255 0.408179 0.014799
v -0.355305 0.309972 0.058775
v -0.288843 0.406382 0.038117
v -0.332673 0.365124 0.009566
v -0.315643 0.360240 0.062491
v -0.360886 0.312497 0.032257
v 0.116658 0.549626 -0.056885
v 0.058825 0.570855 -0.038875
v 0.098359 0.556946 -0.038235
v 0.104985 0.550898 -0.077262
v 0.069500 0.567540 -0.033121
v 0.071918 0.559000 -0.066175
v 0.164034 0.506293 -0.029106
v 0.122007 0.492831 0.018228
v 0.126653 0.532814 -0.021857
v 0.185180 0.474227 -0.013988
v 0.106789 0.522275 -0.001684
v 0.164775 0.465074 0.015284
v 0.209421 0.525637 -0.144943
v 0.216635 0.566781 -0.233963
v 0.169153 0.543013 -0.148919
v 0.248499 0.514994 -0.173993
v 0.171171 0.561030 -0.193491
v 0.258208 0.540872 -0.219195
v 0.311838 0.429371 -0.099809
v 0.381679 0.346393 -0.114841
v 0.311898 0.442296 -0.133274
v 0.344946 0.378760 -0.082379
v 0.346408 0.402361 -0.147883
v 0.381619 0.334660 -0.087022
v 0.290759 0.403438 -0.034978
v 0.362381 0.311360 0.003355
v 0.277961 0.399195 -0.014620
v 0.334709 0.365818 -0.037024
v 0.312617 0.354858 0.004512
v 0.370929 0.316016 -0.018149
v -0.198104 -0.656295 -0.003028
v -0.109907 -0.655292 -0.000326
v -0.160504 -0.625702 0.019719
v -0.193090 -0.700143 -0.026192
v -0.116946 -0.632385 0.026791
v -0.145578 -0.687369 -0.027714
v -0.234506 -0.553816 0.088614
v -0.202673 -0.557827 0.213768
v -0.188040 -0.568618 0.093230
v -0.261113 -0.530030 0.133942
v -0.170156 -0.568812 0.156022
v -0.248510 -0.531641 0.195822
v -0.322548 -0.711640 -0.088938
v -0.308233 -0.750592 -0.207474
v -0.283709 -0.766428 -0.095863
v -0.348966 -0.662530 -0.124796
v -0.268697 -0.791900 -0.153514
v -0.355145 -0.683317 -0.184739
v -0.349332 -0.481076 -0.030941
v -0.364980 -0.348287 -0.045607
v -0.354160 -0.494720 -0.070846
v -0.359024 -0.411129 -0.001681
v -0.360663 -0.424897 -0.081499
v -0.368685 -0.344503 -0.007918
v -0.335847 -0.458905 0.071357
v -0.373606 -0.346830 0.129507
v -0.330844 -0.457251 0.110562
v -0.355615 -0.403381 0.066271
v -0.351902 -0.409636 0.142662
v -0.372690 -0.342712 0.092855
v 0.208716 -0.657262 -0.001829
v 0.131183 -0.658775 -0.008267
v 0.171633 -0.630981 0.021069
v 0.209966 -0.704262 -0.027552
v 0.136682 -0.635694 0.021610
v 0.164809 -0.694275 -0.033320
v 0.248588 -0.564337 0.091991
v 0.221113 -0.557541 0.205328
v 0.203944 -0.577568 0.093674
v 0.278554 -0.543464 0.133965
v 0.189637 -0.571152 0.148398
v 0.265217 -0.541014 0.188717
v 0.299990 -0.685557 -0.088001
v 0.292031 -0.732998 -0.200022
v 0.271519 -0.757709 -0.088071
v 0.338830 -0.651740 -0.114635
v 0.270233 -0.789555 -0.153370
v 0.330100 -0.668440 -0.172641
v 0.360671 -0.483310 -0.022951
v 0.390225 -0.361678 -0.029982
v 0.363435 -0.495026 -0.060481
v 0.378294 -0.421779 0.002684
v 0.377792 -0.430657 -0.068794
v 0.395091 -0.359103 -0.001576
v 0.356110 -0.478306 0.073980
v 0.403493 -0.375357 0.112623
v 0.351636 -0.481373 0.110309
v 0.380855 -0.424473 0.064107
v 0.375045 -0.433879 0.133841
v 0.405405 -0.369996 0.080009
v -0.098112 -0.547802 0.687039
v -0.178548 -0.749159 0.680826
v -0.072519 -0.594403 0.657986
v -0.163349 -0.551926 0.696937
v -0.105008 -0.668178 0.636689
v -0.219243 -0.644336 0.703350
v 0.088633 -0.559235 0.690803
v 0.171190 -0.765326 0.669808
v 0.060509 -0.601861 0.661223
v 0.159094 -0.569998 0.700558
v 0.088845 -0.673683 0.636649
v 0.215978 -0.655181 0.685273
v -0.000485 -0.231437 0.754129
v -0.001738 -0.125684 0.765264
v 0.026563 -0.206334 0.765391
v -0.036200 -0.197381 0.766415
v 0.021598 -0.156366 0.769724
v -0.035879 -0.138234 0.776335
v 0.121811 -0.341636 0.715408
v 0.205846 -0.283909 0.689435
v 0.170957 -0.397647 0.708737
v 0.118796 -0.270036 0.727932
v 0.214967 -0.364687 0.689163
v 0.156903 -0.244452 0.714330
v -0.121361 -0.343748 0.715645
v -0.206844 -0.283827 0.692850
v -0.170492 -0.390911 0.700550
v -0.120474 -0.272021 0.729604
v -0.216467 -0.361177 0.688615
v -0.159878 -0.244888 0.718862
v -0.045185 0.256519 0.406079
v -0.055890 0.321398 0.310016
v -0.038338 0.292033 0.359917
v -0.057450 0.250221 0.406657
v -0.043546 0.325664 0.310588
v -0.063147 0.282465 0.359204
v -0.014582 0.257097 0.412235
v 0.010140 0.312526 0.310175
v -0.017644 0.292522 0.364809
v -0.006276 0.247730 0.415205
v -0.006576 0.324652 0.314463
v 0.010234 0.271025 0.360750
v -0.028917 0.074072 0.607987
v -0.027897 0.005150 0.684602
v -0.010888 0.057259 0.621465
v -0.043241 0.054803 0.627602
v -0.007119 0.023056 0.657875
v -0.046549 0.019397 0.667462
v 0.007557 0.134900 0.529382
v 0.077481 0.098554 0.528056
v 0.016661 0.158067 0.494321
v 0.021388 0.092592 0.563617
v 0.053210 0.139713 0.492523
v 0.053000 0.073462 0.565417
v -0.062562 0.137506 0.529601
v -0.110124 0.106328 0.539214
v -0.068121 0.166366 0.496195
v -0.068550 0.092353 0.567270
v -0.088207 0.150080 0.500781
v -0.091880 0.076680 0.575087
v -0.030687 -0.274199 -0.379298
v -0.075574 -0.392493 -0.329147
v -0.026323 -0.336182 -0.351371
v -0.050555 -0.265468 -0.382773
v -0.045725 -0.396020 -0.326396
v -0.073675 -0.322666 -0.354477
v 0.024396 -0.271881 -0.379347
v 0.067370 -0.384558 -0.325902
v 0.019641 -0.333198 -0.348346
v 0.044067 -0.264261 -0.382259
v 0.037157 -0.387925 -0.324908
v 0.071078 -0.318855 -0.354986
v -0.016374 -0.038802 -0.582435
v -0.023370 0.010858 -0.650311
v -0.002472 -0.026723 -0.599625
v -0.033590 -0.017850 -0.603977
v -0.001191 -0.003638 -0.631629
v -0.041867 0.006142 -0.635905
v 0.027830 -0.115843 -0.506959
v 0.088625 -0.101037 -0.524695
v 0.050836 -0.155920 -0.470493
v 0.026884 -0.070930 -0.553208
v 0.081357 -0.146230 -0.478246
v 0.057686 -0.068245 -0.561910
v -0.044087 -0.101953 -0.505079
v -0.099507 -0.066773 -0.524800
v -0.058208 -0.139661 -0.464853
v -0.054946 -0.055289 -0.552037
v -0.087312 -0.122209 -0.471810
v -0.083548 -0.041023 -0.560181
v -0.099323 0.523510 -0.658261
v -0.158781 0.623705 -0.580767
v -0.074107 0.587668 -0.639528
v -0.150054 0.512063 -0.655312
v -0.101302 0.631436 -0.589145
v -0.183585 0.565500 -0.627106
v 0.065317 0.522260 -0.664295
v 0.138833 0.611999 -0.602584
v 0.045752 0.574586 -0.634908
v 0.121540 0.516932 -0.670997
v 0.084973 0.617420 -0.597518
v 0.156535 0.565230 -0.647441
v -0.030947 0.254081 -0.782265
v -0.031978 0.151644 -0.797268
v 0.016882 0.229918 -0.784542
v -0.078947 0.226057 -0.801614
v 0.015011 0.180568 -0.790360
v -0.081169 0.172491 -0.811063
v 0.103756 0.345603 -0.738519
v 0.208840 0.296381 -0.755107
v 0.144283 0.382918 -0.716737
v 0.109980 0.288578 -0.765465
v 0.194589 0.356024 -0.715776
v 0.160631 0.260522 -0.786501
v -0.154855 0.338224 -0.741104
v -0.248635 0.279856 -0.736155
v -0.186319 0.375083 -0.707180
v -0.172257 0.276888 -0.782642
v -0.230545 0.346174 -0.699814
v -0.223599 0.247700 -0.787647
v 0.620160 0.010938 -0.261363
v 0.579704 0.042762 -0.203655
v 0.596834 0.011402 -0.290271
v 0.634528 0.008426 -0.207332
v 0.563940 0.042157 -0.262128
v 0.618581 0.020451 -0.175115
v 0.622251 0.004900 -0.258723
v 0.578131 -0.030483 -0.183925
v 0.590712 0.002154 -0.279985
v 0.635160 0.001664 -0.204275
v 0.562128 -0.018900 -0.238994
v 0.616736 -0.008958 -0.169131
v 0.539226 0.021936 -0.407629
v 0.422218 0.000158 -0.456136
v 0.527028 0.014630 -0.387548
v 0.491835 0.020282 -0.450720
v 0.466136 -0.002265 -0.409363
v 0.436987 0.014027 -0.478045
v 0.538454 0.025364 -0.413462
v 0.447366 0.076466 -0.492985
v 0.530807 0.035356 -0.402448
v 0.495843 0.033785 -0.457972
v 0.482073 0.067461 -0.439019
v 0.452635 0.050684 -0.500563
v 0.672665 0.003779 -0.185650
v 0.701657 0.009579 -0.095498
v 0.675199 0.005648 -0.161200
v 0.675096 -0.000283 -0.161742
v 0.687783 0.007244 -0.115264
v 0.689769 0.006370 -0.117207
v 0.613705 0.000768 0.258191
v 0.576341 0.013844 0.192146
v 0.567928 0.004027 0.273615
v 0.637032 -0.000996 0.213756
v 0.553308 0.007574 0.237706
v 0.624480 0.003488 0.183790
v 0.597537 -0.006363 0.250717
v 0.563718 -0.056429 0.199367
v 0.558307 -0.013744 0.271850
v 0.625811 -0.007807 0.200861
v 0.537938 -0.055834 0.249622
v 0.610458 -0.020729 0.176968
v 0.510800 0.003608 0.396799
v 0.413090 -0.039076 0.463552
v 0.498341 -0.016420 0.377074
v 0.482000 0.001011 0.449455
v 0.447477 -0.039620 0.408901
v 0.428499 -0.013004 0.482541
v 0.522824 0.002520 0.402753
v 0.421263 0.010808 0.463650
v 0.510177 0.002705 0.382009
v 0.484522 0.007984 0.451324
v 0.461208 0.009689 0.409567
v 0.433912 0.006806 0.485911
v 0.694865 0.000918 0.204412
v 0.712591 -0.001133 0.116346
v 0.687292 -0.000262 0.170678
v 0.681031 -0.001291 0.175638
v 0.712983 -0.004224 0.131755
v 0.702380 0.000929 0.138703
v -0.574150 0.018075 -0.264033
v -0.533700 0.029118 -0.211035
v -0.538761 0.021952 -0.295979
v -0.597634 0.015977 -0.208002
v -0.512035 0.033145 -0.271939
v -0.581424 0.020275 -0.179731
v -0.579071 0.014391 -0.256276
v -0.520869 -0.000777 -0.185341
v -0.538937 0.020625 -0.281799
v -0.591837 0.013884 -0.204616
v -0.505350 0.006855 -0.241708
v -0.568795 0.009683 -0.169097
v -0.513006 0.018279 -0.411231
v -0.432387 0.031368 -0.484418
v -0.496000 0.028787 -0.388226
v -0.482617 0.024917 -0.461404
v -0.455515 0.029047 -0.422580
v -0.438524 0.033169 -0.496426
v -0.515997 0.024127 -0.421474
v -0.427041 0.048933 -0.503665
v -0.497823 0.021821 -0.407921
v -0.484517 0.026161 -0.471292
v -0.454015 0.034123 -0.451778
v -0.438356 0.036841 -0.507950
v -0.647945 0.018898 -0.183645
v -0.683388 0.018049 -0.082887
v -0.653434 0.013593 -0.153281
v -0.648715 0.016826 -0.158769
v -0.671322 0.011588 -0.105955
v -0.672119 0.022527 -0.107647
v -0.610133 -0.000852 0.280643
v -0.564600 0.026404 0.225046
v -0.577814 0.003836 0.303755
v -0.630248 0.001367 0.236960
v -0.550548 0.024049 0.272850
v -0.607515 0.008131 0.211542
v -0.607321 -0.000324 0.279969
v -0.547433 -0.029745 0.231729
v -0.566284 -0.008049 0.299994
v -0.626156 -0.001038 0.234576
v -0.535201 -0.036703 0.275294
v -0.597490 -0.004981 0.211355
v -0.537506 -0.005224 0.423829
v -0.436004 -0.047494 0.485170
v -0.525346 -0.013402 0.403154
v -0.502453 -0.007314 0.470637
v -0.466793 -0.047179 0.431524
v -0.452387 -0.016383 0.505934
v -0.539384 0.005173 0.425269
v -0.441279 0.021638 0.486057
v -0.531435 0.010282 0.406980
v -0.506071 0.005240 0.471501
v -0.477885 0.027746 0.433614
v -0.455670 0.007175 0.504205
v -0.663574 0.006119 0.219264
v -0.685526 0.012872 0.143932
v -0.668658 0.005259 0.198982
v -0.666501 0.007066 0.197526
v -0.677156 0.004697 0.161457
v -0.676845 0.012116 0.160573
v 0.002771 0.552506 -0.015500
v -0.039455 0.505759 0.019836
v -0.023456 0.539436 -0.010566
v -0.041287 0.522947 0.000448
v -0.000670 0.540042 -0.006398
v -0.020784 0.512655 0.022031
v 0.003626 0.566491 -0.124866
v -0.070604 0.598871 -0.248470
v -0.027222 0.559975 -0.133796
v -0.066128 0.568777 -0.192062
v 0.001109 0.578213 -0.187960
v -0.028554 0.598661 -0.249836
v 0.034578 0.564005 -0.023670
v 0.032892 0.517855 0.014729
v 0.043476 0.565463 -0.023822
v 0.046143 0.540966 -0.011503
v 0.022393 0.545383 -0.008025
v 0.020623 0.525884 0.012191
v 0.046424 0.569542 -0.136002
v 0.089193 0.603490 -0.268895
v 0.065236 0.563976 -0.141977
v 0.088423 0.575674 -0.200013
v 0.041683 0.580470 -0.194181
v 0.062736 0.607384 -0.268298
v -0.213321 0.378345 0.159326
v -0.317622 0.301485 0.160079
v -0.237379 0.397614 0.120674
v -0.287739 0.357829 0.120036
v -0.246979 0.333503 0.206072
v -0.300442 0.295962 0.203588
v -0.030183 0.425396 0.158847
v 0.000983 0.425949 0.155911
v -0.025116 0.393907 0.211191
v -0.012016 0.394693 0.209570
v -0.018849 0.459956 0.109994
v -0.004518 0.461176 0.107276
v -0.132583 0.294853 0.305248
v -0.187145 0.198161 0.405127
v -0.109488 0.263843 0.362479
v -0.133830 0.216981 0.411007
v -0.189657 0.276351 0.305610
v -0.218768 0.226550 0.355280
v -0.355282 0.548577 -0.334767
v -0.326572 0.394307 -0.245689
v -0.354812 0.545821 -0.308022
v -0.332166 0.456008 -0.244202
v -0.349594 0.483061 -0.334712
v -0.320141 0.405025 -0.294020
v -0.071616 0.713354 -0.436139
v 0.077536 0.716179 -0.460285
v -0.039693 0.693131 -0.491129
v 0.041168 0.695765 -0.504085
v -0.020314 0.681933 -0.382048
v 0.037286 0.685069 -0.395342
v -0.339053 0.522995 -0.484636
v -0.290875 0.361661 -0.552544
v -0.277901 0.487354 -0.554900
v -0.276658 0.410926 -0.585351
v -0.359393 0.466450 -0.445805
v -0.306683 0.386822 -0.482484
v -0.466834 0.153071 -0.012209
v -0.470822 0.150127 0.048283
v -0.430663 0.211143 -0.007705
v -0.432601 0.207432 0.021448
v -0.514455 0.093245 0.017057
v -0.516782 0.095723 0.044889
v -0.384098 0.188016 -0.308669
v -0.359697 0.182658 -0.439452
v -0.411601 0.125329 -0.335822
v -0.398307 0.124928 -0.400731
v -0.347179 0.256012 -0.342484
v -0.337801 0.251915 -0.409409
v -0.596576 0.023789 -0.046872
v -0.686520 0.016105 -0.010459
v -0.627445 0.016383 -0.071038
v -0.665364 0.015099 -0.053124
v -0.619882 0.018355 -0.003731
v -0.668945 0.012778 0.012523
v -0.414680 0.143177 0.272392
v -0.364002 0.126929 0.382889
v -0.447532 0.095141 0.309084
v -0.420630 0.092099 0.364639
v -0.361447 0.187275 0.288204
v -0.335999 0.176087 0.343572
v -0.596679 0.028249 0.113749
v -0.674793 0.007984 0.088839
v -0.631145 0.012997 0.134466
v -0.662938 0.004258 0.122397
v -0.603032 0.026870 0.083357
v -0.653527 0.013302 0.071838
v 0.194862 0.346115 0.134963
v 0.307838 0.278275 0.106033
v 0.219738 0.365823 0.085044
v 0.275351 0.331296 0.072867
v 0.222134 0.294992 0.177385
v 0.280308 0.259375 0.160457
v 0.105489 0.275270 0.303304
v 0.157079 0.171544 0.391573
v 0.079307 0.241811 0.354713
v 0.100454 0.195315 0.404317
v 0.161159 0.248715 0.291562
v 0.188300 0.194202 0.333108
v 0.368190 0.548642 -0.322755
v 0.363898 0.393362 -0.249461
v 0.357375 0.539192 -0.296667
v 0.358277 0.452295 -0.243121
v 0.369490 0.488716 -0.334773
v 0.354478 0.406069 -0.301619
v 0.349018 0.538555 -0.501419
v 0.302108 0.374978 -0.562917
v 0.277479 0.497533 -0.577179
v 0.272394 0.423697 -0.606208
v 0.361748 0.487364 -0.446614
v 0.320215 0.398103 -0.486416
v 0.501230 0.177380 -0.043217
v 0.497959 0.170127 0.001629
v 0.460823 0.226660 -0.043765
v 0.458403 0.221865 -0.020436
v 0.541284 0.126568 -0.023759
v 0.540163 0.123539 -0.000009
v 0.430051 0.197172 -0.305081
v 0.394960 0.202014 -0.440876
v 0.460424 0.141229 -0.333021
v 0.441562 0.147598 -0.399044
v 0.386351 0.265282 -0.345252
v 0.369272 0.262033 -0.412366
v 0.611820 0.042757 -0.072639
v 0.691082 0.011059 -0.037683
v 0.641264 0.021068 -0.089316
v 0.677301 0.014871 -0.071525
v 0.620463 0.043498 -0.042535
v 0.665219 0.016849 -0.026085
v 0.398586 0.113024 0.226754
v 0.335635 0.078155 0.344085
v 0.429716 0.063485 0.268626
v 0.399344 0.047240 0.328196
v 0.338158 0.148092 0.241892
v 0.306513 0.129728 0.300728
v 0.615784 0.036403 0.072187
v 0.692189 0.004115 0.057940
v 0.650037 0.010116 0.101815
v 0.687647 0.001853 0.093959
v 0.619408 0.037338 0.040270
v 0.661519 0.017715 0.033967
v -0.022780 -0.608755 0.115960
v -0.067546 -0.588748 0.232797
v -0.057394 -0.600688 0.110144
v -0.075464 -0.586427 0.164471
v -0.008950 -0.597538 0.174287
v -0.031696 -0.592584 0.235320
v -0.063881 -0.649324 -0.076945
v -0.121934 -0.712265 -0.153171
v -0.110862 -0.700427 -0.087070
v -0.129335 -0.745435 -0.129699
v -0.044110 -0.628093 -0.096811
v -0.075435 -0.647267 -0.137134
v 0.062549 -0.603482 0.109885
v 0.095755 -0.581835 0.227663
v 0.089951 -0.598617 0.105174
v 0.106903 -0.582704 0.158699
v 0.049041 -0.593754 0.169308
v 0.064493 -0.589818 0.232254
v 0.093681 -0.660904 -0.083509
v 0.114352 -0.709131 -0.170447
v 0.125266 -0.718529 -0.088872
v 0.142530 -0.751442 -0.134460
v 0.064658 -0.639515 -0.102204
v 0.078480 -0.651350 -0.145627
v -0.304692 -0.488430 0.339922
v -0.361097 -0.372963 0.265321
v -0.309222 -0.476144 0.273945
v -0.344476 -0.430989 0.241389
v -0.330854 -0.444107 0.365684
v -0.354353 -0.380353 0.323088
v -0.044638 -0.644137 0.442530
v 0.050926 -0.640998 0.438499
v -0.030850 -0.636353 0.509065
v 0.025874 -0.635364 0.504245
v -0.015062 -0.613746 0.372292
v 0.026118 -0.611895 0.371722
v -0.334380 -0.557491 0.569255
v -0.314961 -0.381709 0.564219
v -0.315330 -0.541374 0.607184
v -0.300528 -0.453574 0.606472
v -0.334048 -0.469222 0.503255
v -0.333135 -0.392277 0.508603
v -0.331067 -0.488885 -0.276484
v -0.353854 -0.343484 -0.188312
v -0.365269 -0.514402 -0.230350
v -0.361940 -0.428838 -0.182430
v -0.319377 -0.390844 -0.271148
v -0.332232 -0.323930 -0.230669
v -0.040430 -0.554429 -0.242552
v 0.041031 -0.549260 -0.247175
v -0.020331 -0.504949 -0.271422
v 0.015983 -0.502546 -0.272005
v -0.021023 -0.583512 -0.204832
v 0.024703 -0.581877 -0.210234
v -0.171229 -0.336096 -0.320651
v -0.169077 -0.173457 -0.369090
v -0.129107 -0.286612 -0.347651
v -0.127889 -0.206572 -0.378698
v -0.209469 -0.299503 -0.308983
v -0.202476 -0.216202 -0.323494
v -0.444096 -0.136846 0.033192
v -0.450162 -0.146290 0.094506
v -0.408178 -0.203698 0.046922
v -0.413538 -0.207534 0.076630
v -0.494016 -0.075825 0.050030
v -0.494952 -0.083116 0.079589
v -0.368396 -0.115783 -0.234484
v -0.319832 -0.072794 -0.341505
v -0.398441 -0.058003 -0.273103
v -0.377223 -0.039712 -0.330388
v -0.320070 -0.160684 -0.249185
v -0.291594 -0.134992 -0.298675
v -0.581867 0.009774 -0.035660
v -0.680240 0.023842 -0.009307
v -0.614293 0.020021 -0.064860
v -0.660170 0.015973 -0.049401
v -0.599481 0.014937 0.006520
v -0.656247 0.030250 0.018812
v -0.416107 -0.192970 0.315509
v -0.376908 -0.190679 0.423604
v -0.439431 -0.134086 0.329381
v -0.418752 -0.135650 0.386494
v -0.383575 -0.255232 0.354574
v -0.366241 -0.254283 0.410301
v -0.577904 -0.010233 0.128674
v -0.671121 0.022171 0.094534
v -0.616722 0.003389 0.142031
v -0.657944 0.017632 0.125330
v -0.588211 -0.000794 0.102047
v -0.642860 0.018846 0.081292
v 0.319017 -0.499006 0.328360
v 0.384891 -0.396998 0.246090
v 0.331093 -0.496072 0.259798
v 0.362761 -0.449245 0.225513
v 0.346907 -0.460796 0.351200
v 0.376225 -0.402882 0.307823
v 0.320496 -0.550722 0.543670
v 0.318362 -0.390608 0.569657
v 0.312655 -0.554730 0.617040
v 0.310795 -0.462746 0.635848
v 0.333146 -0.472639 0.488657
v 0.336888 -0.399904 0.503091
v 0.333154 -0.489063 -0.277017
v 0.365485 -0.351305 -0.176907
v 0.355156 -0.507879 -0.223016
v 0.366375 -0.430845 -0.173827
v 0.315332 -0.392092 -0.267982
v 0.340989 -0.336038 -0.226527
v 0.179094 -0.340078 -0.329075
v 0.187293 -0.200710 -0.387304
v 0.137919 -0.290900 -0.359977
v 0.145695 -0.228221 -0.397101
v 0.217768 -0.310092 -0.317576
v 0.216215 -0.235136 -0.339684
v 0.493233 -0.181419 0.010770
v 0.496139 -0.192272 0.057270
v 0.460096 -0.239944 0.025697
v 0.462899 -0.247246 0.049709
v 0.533047 -0.134325 0.016472
v 0.533148 -0.138380 0.039441
v 0.410911 -0.145379 -0.236257
v 0.344409 -0.104930 -0.353273
v 0.441532 -0.091676 -0.276257
v 0.408902 -0.074271 -0.337138
v 0.354421 -0.188322 -0.256772
v 0.319153 -0.162903 -0.311077
v 0.602216 -0.043485 -0.053248
v 0.680483 0.006866 -0.031988
v 0.634947 -0.010196 -0.076578
v 0.667263 0.000458 -0.065380
v 0.608311 -0.044144 -0.022688
v 0.648056 -0.012387 -0.013015
v 0.430420 -0.214645 0.299147
v 0.383984 -0.204048 0.418259
v 0.446258 -0.153282 0.316297
v 0.419956 -0.148039 0.373940
v 0.397831 -0.277331 0.342840
v 0.378424 -0.272917 0.404221
v 0.608739 -0.048383 0.072134
v 0.683203 -0.003776 0.050449
v 0.643348 -0.013599 0.084509
v 0.672558 -0.004905 0.082030
v 0.609691 -0.048559 0.050025
v 0.650656 -0.015500 0.035788
v 0.089745 -0.076190 0.717792
v 0.174836 -0.106690 0.688637
v 0.091141 -0.113682 0.731511
v 0.135674 -0.134412 0.714995
v 0.123710 -0.059774 0.697079
v 0.166605 -0.069510 0.680054
v -0.102563 -0.074899 0.715859
v -0.181181 -0.108947 0.686367
v -0.104452 -0.106095 0.733844
v -0.147287 -0.128768 0.719082
v -0.134150 -0.059991 0.695054
v -0.174103 -0.069846 0.679892
v 0.062755 -0.014977 0.674435
v 0.123642 0.002577 0.633725
v 0.054068 0.001206 0.654721
v 0.078656 0.010356 0.631951
v 0.100188 -0.022449 0.671945
v 0.133152 -0.010946 0.649985
v -0.097978 -0.018953 0.687192
v -0.150089 0.003221 0.651363
v -0.095479 -0.004399 0.673797
v -0.114804 0.010451 0.650142
v -0.127812 -0.024175 0.686166
v -0.159919 -0.010974 0.663375
v 0.279048 -0.033628 0.586722
v 0.280358 -0.010347 0.583563
v 0.320796 -0.019308 0.544808
v 0.334977 -0.016068 0.568568
v 0.236733 -0.035476 0.616912
v 0.231625 -0.019277 0.612834
v -0.307190 -0.039782 0.598963
v -0.299562 -0.001501 0.593090
v -0.357504 -0.021128 0.569814
v -0.354119 -0.006705 0.566187
v -0.259196 -0.033277 0.623890
v -0.254788 -0.015583 0.620612
v 0.074791 0.024851 -0.677068
v 0.137389 -0.008107 -0.622504
v 0.064386 0.004517 -0.648943
v 0.090784 -0.013616 -0.623885
v 0.120158 0.029886 -0.680282
v 0.155119 0.015488 -0.649498
v -0.119618 0.028945 -0.683495
v -0.166771 0.015636 -0.634868
v -0.102663 0.020854 -0.657842
v -0.123955 0.012464 -0.631690
v -0.159467 0.033524 -0.686096
v -0.185807 0.027498 -0.661047
v 0.101478 0.095926 -0.762555
v 0.210334 0.116125 -0.790721
v 0.109524 0.135375 -0.785050
v 0.165334 0.154252 -0.803426
v 0.144422 0.073054 -0.745009
v 0.196590 0.079629 -0.753923
v -0.159239 0.080856 -0.770293
v -0.251205 0.120747 -0.758739
v -0.172179 0.116372 -0.798032
v -0.216474 0.137515 -0.788694
v -0.189200 0.070361 -0.739562
v -0.237484 0.087073 -0.730827
v 0.296250 0.017925 -0.591224
v 0.320917 0.067387 -0.628210
v 0.352412 0.025229 -0.566278
v 0.362133 0.045626 -0.581335
v 0.258331 0.031401 -0.633732
v 0.271571 0.056236 -0.656684
v -0.311200 0.038805 -0.607692
v -0.331946 0.064144 -0.626984
v -0.358385 0.039799 -0.577454
v -0.365389 0.044876 -0.586730
v -0.277424 0.043048 -0.642522
v -0.290970 0.060478 -0.655551
v -0.173114 0.513018 -0.015780
v -0.181608 0.516841 -0.063484
v -0.129133 0.522951 -0.018802
v -0.138800 0.526049 -0.066940
v -0.237982 0.480392 0.002721
v -0.149603 0.510628 -0.001906
v -0.219926 0.472945 0.019353
v -0.251216 0.499099 -0.071579
v -0.168499 0.522486 -0.095969
v -0.246402 0.502866 -0.115592
v -0.280912 0.463081 -0.027297
v -0.282612 0.478397 -0.092650
v -0.306953 0.423443 -0.037409
v -0.262403 0.446681 0.019289
v -0.305223 0.414722 -0.010495
v 0.163743 0.523658 -0.055326
v 0.176794 0.527648 -0.087709
v 0.131507 0.542745 -0.047945
v 0.139396 0.541502 -0.083369
v 0.219116 0.473575 -0.049488
v 0.145841 0.529921 -0.038779
v 0.203880 0.474804 -0.034711
v 0.243799 0.490938 -0.102566
v 0.171780 0.532301 -0.113880
v 0.245258 0.501039 -0.134538
v 0.268509 0.447259 -0.068043
v 0.279939 0.469675 -0.118693
v 0.307099 0.415862 -0.075944
v 0.247512 0.438771 -0.034060
v 0.299798 0.409186 -0.054052
v -0.242631 -0.596350 0.014528
v -0.274517 -0.661160 -0.025011
v -0.203950 -0.614331 0.019542
v -0.240230 -0.699799 -0.017459
v -0.290409 -0.539829 0.039615
v -0.211743 -0.578417 0.041837
v -0.276223 -0.531461 0.082617
v -0.323836 -0.597061 -0.041043
v -0.284144 -0.725104 -0.047851
v -0.338748 -0.634243 -0.075054
v -0.327936 -0.518013 0.007855
v -0.342623 -0.553594 -0.056778
v -0.345908 -0.469632 0.003303
v -0.311034 -0.503565 0.074528
v -0.340821 -0.461161 0.037422
v 0.247033 -0.597592 0.022733
v 0.275674 -0.648351 -0.016354
v 0.209487 -0.617608 0.021995
v 0.246356 -0.685620 -0.019610
v 0.302301 -0.548942 0.053850
v 0.220026 -0.586221 0.049533
v 0.290935 -0.546117 0.090198
v 0.322932 -0.585478 -0.033400
v 0.280161 -0.711370 -0.039056
v 0.327758 -0.613673 -0.071125
v 0.336808 -0.518556 0.016771
v 0.344468 -0.546777 -0.048878
v 0.359923 -0.476647 0.009719
v 0.328334 -0.521334 0.082420
v 0.357766 -0.473813 0.041402
v -0.004388 -0.491724 0.690452
v -0.073089 -0.431174 0.705140
v -0.035749 -0.541424 0.676123
v -0.113712 -0.483849 0.699228
v 0.069045 -0.431755 0.704830
v 0.025115 -0.545060 0.678365
v 0.110660 -0.492772 0.699414
v 0.038546 -0.325173 0.726665
v -0.035995 -0.328175 0.726430
v 0.039148 -0.261790 0.746696
v -0.037386 -0.262153 0.743813
v 0.121285 -0.417949 0.707491
v 0.077267 -0.296654 0.730194
v -0.120659 -0.413860 0.707236
v -0.078709 -0.300156 0.731884
v -0.029628 0.229172 0.451526
v -0.045954 0.191016 0.487339
v -0.033893 0.259705 0.407384
v -0.051884 0.219570 0.449487
v -0.016937 0.193613 0.492426
v -0.023747 0.260814 0.410324
v -0.012154 0.220332 0.457985
v -0.017986 0.131669 0.551301
v -0.039933 0.130635 0.552189
v -0.014580 0.093914 0.586025
v -0.042299 0.092366 0.585836
v -0.004178 0.179063 0.494927
v -0.001171 0.113557 0.560270
v -0.056581 0.179319 0.490757
v -0.053923 0.112712 0.559366
v -0.006277 -0.225154 -0.411718
v -0.023196 -0.168683 -0.451015
v -0.013266 -0.277513 -0.378344
v -0.032852 -0.211597 -0.415453
v 0.010000 -0.171676 -0.452891
v 0.004217 -0.276898 -0.377787
v 0.026503 -0.215381 -0.417965
v -0.002517 -0.097302 -0.524211
v -0.021126 -0.093148 -0.522807
v -0.003095 -0.060270 -0.562207
v -0.026902 -0.052038 -0.565103
v 0.027021 -0.162958 -0.460647
v 0.009942 -0.083212 -0.538987
v -0.037111 -0.154978 -0.458180
v -0.033447 -0.070575 -0.540709
v -0.018197 0.475776 -0.681224
v -0.089569 0.415269 -0.703426
v -0.045151 0.528666 -0.661293
v -0.120123 0.460398 -0.680834
v 0.046845 0.419587 -0.706659
v 0.011117 0.526492 -0.660243
v 0.082529 0.464808 -0.689287
v 0.015088 0.333610 -0.745955
v -0.066190 0.332543 -0.750073
v 0.016144 0.282486 -0.766513
v -0.075202 0.280399 -0.778207
v 0.095121 0.403959 -0.712319
v 0.060630 0.311723 -0.753666
v -0.138987 0.398841 -0.707600
v -0.118063 0.307389 -0.767166
v 0.608247 0.009364 -0.334486
v 0.652481 0.011263 -0.260041
v 0.606958 0.009106 -0.315245
v 0.649910 0.009790 -0.235749
v 0.608040 0.013732 -0.330559
v 0.647408 0.006549 -0.260460
v 0.608074 0.013672 -0.313537
v 0.647848 -0.000512 -0.233109
v 0.585889 0.004693 -0.390030
v 0.578367 0.016899 -0.364107
v 0.539639 0.018718 -0.417694
v 0.574211 0.025229 -0.362652
v 0.539993 0.019388 -0.419579
v 0.664464 0.007591 -0.209815
v 0.663141 0.000929 -0.212618
v 0.595379 0.000010 0.332326
v 0.648119 -0.001848 0.264151
v 0.583564 -0.001449 0.307313
v 0.642255 -0.000651 0.241252
v 0.583482 0.011871 0.319932
v 0.648636 -0.000808 0.265127
v 0.568229 -0.001098 0.299128
v 0.632896 -0.002912 0.232950
v 0.559250 0.004254 0.372931
v 0.539165 0.000784 0.345282
v 0.518338 0.003644 0.408434
v 0.557402 -0.003318 0.359321
v 0.527715 0.003029 0.411974
v 0.668656 -0.001711 0.221077
v 0.661097 -0.001931 0.218000
v -0.572238 0.019936 -0.339584
v -0.611140 0.010804 -0.258766
v -0.556441 0.022571 -0.319596
v -0.605124 0.010255 -0.235121
v -0.572850 0.017172 -0.333405
v -0.613661 0.015633 -0.259149
v -0.560441 0.016727 -0.309207
v -0.608664 0.013070 -0.233928
v -0.560852 0.021296 -0.389860
v -0.538683 0.019322 -0.360470
v -0.519554 0.020963 -0.424125
v -0.537110 0.023164 -0.371784
v -0.520769 0.023717 -0.428427
v -0.630950 0.014001 -0.207136
v -0.631383 0.013231 -0.210333
v -0.604931 -0.009173 0.347347
v -0.641565 0.000084 0.279871
v -0.592485 -0.001828 0.329291
v -0.642333 -0.000407 0.258476
v -0.610169 0.010979 0.345153
v -0.642110 0.004030 0.279437
v -0.586851 0.002044 0.325987
v -0.636494 -0.000304 0.258099
v -0.590134 0.000155 0.399943
v -0.564764 -0.000184 0.374593
v -0.547141 -0.001904 0.434381
v -0.568810 0.000759 0.378761
v -0.549747 0.000489 0.437620
v -0.653548 -0.003421 0.235478
v -0.652342 0.003160 0.237484
v 0.009961 0.567467 -0.024655
v 0.025996 0.576007 -0.035767
v -0.010672 0.556578 -0.024143
v -0.005329 0.557452 -0.046020
v 0.041998 0.575326 -0.031970
v 0.042607 0.576112 -0.045566
v 0.052440 0.572481 -0.033574
v 0.051673 0.568244 -0.052978
v 0.023336 0.569513 -0.025007
v -0.003644 0.554693 -0.020193
v 0.014778 0.558776 -0.019118
v 0.037499 0.573898 -0.066357
v 0.004561 0.561199 -0.073384
v 0.022391 0.572343 -0.124731
v 0.045312 0.572674 -0.030454
v 0.024968 0.560502 -0.020365
v 0.049202 0.566087 -0.085141
v 0.034097 0.573124 -0.130775
v -0.081780 0.471558 0.068208
v -0.124192 0.442726 0.098454
v -0.094053 0.487668 0.038498
v -0.152048 0.459365 0.069373
v -0.054299 0.390343 0.206617
v -0.078701 0.349517 0.255470
v -0.049238 0.358442 0.259851
v -0.067096 0.317730 0.308852
v -0.051192 0.451267 0.109845
v -0.064214 0.495645 0.031974
v -0.038353 0.482384 0.062739
v -0.129776 0.369086 0.199317
v -0.181225 0.419948 0.113890
v -0.186776 0.351400 0.202953
v -0.039439 0.392208 0.208550
v -0.033949 0.456363 0.110266
v -0.088473 0.308393 0.308374
v -0.158405 0.323950 0.253225
v -0.163028 0.615676 -0.298205
v -0.267453 0.594417 -0.323850
v -0.157979 0.574906 -0.241932
v -0.255184 0.564174 -0.274564
v -0.186267 0.805683 -0.481495
v -0.239574 0.620185 -0.501383
v -0.135382 0.684496 -0.531026
v -0.212123 0.596242 -0.560140
v -0.136651 0.713192 -0.364243
v -0.113141 0.591667 -0.247930
v -0.073466 0.645720 -0.309616
v -0.389158 0.636875 -0.403561
v -0.311287 0.566489 -0.310869
v -0.383594 0.561396 -0.365924
v -0.123435 0.723487 -0.478461
v -0.080622 0.702693 -0.371719
v -0.270581 0.560296 -0.527396
v -0.466419 0.577003 -0.398310
v -0.364491 0.301265 -0.158399
v -0.413928 0.220573 -0.079754
v -0.348822 0.358407 -0.146051
v -0.387677 0.279124 -0.071876
v -0.442344 0.114842 -0.212297
v -0.516619 0.055601 -0.121900
v -0.475665 0.066275 -0.240732
v -0.550568 0.028276 -0.149729
v -0.367401 0.248875 -0.225733
v -0.337537 0.376793 -0.194706
v -0.329415 0.327334 -0.257516
v -0.494881 0.095149 -0.052604
v -0.424860 0.215173 -0.042688
v -0.506212 0.092180 -0.013599
v -0.424714 0.122479 -0.272302
v -0.355404 0.256331 -0.281643
v -0.573397 0.028339 -0.095971
v -0.556149 0.049812 -0.025054
v -0.377191 0.255411 0.118390
v -0.426589 0.203474 0.080738
v -0.344866 0.308458 0.089096
v -0.392658 0.258478 0.054569
v -0.486427 0.097210 0.204968
v -0.539724 0.059875 0.156268
v -0.519504 0.055857 0.238017
v -0.576752 0.028963 0.183112
v -0.399305 0.197754 0.187616
v -0.332914 0.306162 0.121873
v -0.349230 0.247420 0.197088
v -0.507658 0.101217 0.099444
v -0.429464 0.204258 0.050504
v -0.510823 0.097818 0.071805
v -0.467310 0.097061 0.254845
v -0.381812 0.194239 0.235298
v -0.588700 0.028291 0.147007
v -0.554575 0.055511 0.092505
v 0.063261 0.475906 0.048679
v 0.118112 0.425460 0.095378
v 0.084965 0.501052 0.019692
v 0.143227 0.446013 0.052986
v 0.019594 0.382156 0.203096
v 0.047013 0.330816 0.250726
v 0.006719 0.352125 0.259507
v 0.027524 0.299276 0.306649
v 0.029302 0.452428 0.098472
v 0.050593 0.511179 0.013298
v 0.022443 0.491585 0.052054
v 0.004217 0.390411 0.207017
v 0.011144 0.458154 0.103642
v 0.114561 0.349633 0.195415
v 0.167957 0.396783 0.093458
v 0.165128 0.328586 0.190203
v 0.058735 0.286582 0.303329
v 0.136306 0.303010 0.246511
v 0.173165 0.624710 -0.307507
v 0.282527 0.605214 -0.323440
v 0.171539 0.586726 -0.245873
v 0.274152 0.574446 -0.268277
v 0.190711 0.716311 -0.507267
v 0.237175 0.608339 -0.512749
v 0.132947 0.657441 -0.553391
v 0.200174 0.590726 -0.584382
v 0.129773 0.810949 -0.425795
v 0.125210 0.600829 -0.257620
v 0.090235 0.665670 -0.346306
v 0.118777 0.696869 -0.509639
v 0.093290 0.721899 -0.412007
v 0.388281 0.630420 -0.410364
v 0.350983 0.596504 -0.300065
v 0.392119 0.568157 -0.364010
v 0.272307 0.561177 -0.548005
v 0.459921 0.591913 -0.397344
v 0.407369 0.305946 -0.161868
v 0.456343 0.234367 -0.090132
v 0.378821 0.359324 -0.151472
v 0.419895 0.287401 -0.090110
v 0.495488 0.134731 -0.208767
v 0.557812 0.078462 -0.125303
v 0.529337 0.083824 -0.234626
v 0.588868 0.046926 -0.152588
v 0.417393 0.253857 -0.223551
v 0.373882 0.376412 -0.199580
v 0.374480 0.326495 -0.261009
v 0.533928 0.127197 -0.075453
v 0.459644 0.230854 -0.064588
v 0.540386 0.128743 -0.048705
v 0.478295 0.137143 -0.268247
v 0.401010 0.261386 -0.281459
v 0.599373 0.044851 -0.109043
v 0.576941 0.080836 -0.058152
v 0.387452 0.252446 0.055063
v 0.448519 0.213852 0.025612
v 0.349876 0.305014 0.028434
v 0.409547 0.265064 0.002093
v 0.485840 0.091632 0.163263
v 0.558899 0.067089 0.113408
v 0.518175 0.046986 0.202560
v 0.593909 0.028136 0.148978
v 0.398230 0.183621 0.130542
v 0.333662 0.297401 0.055949
v 0.339396 0.221876 0.143483
v 0.531964 0.118071 0.049096
v 0.454261 0.217626 0.001401
v 0.537879 0.119942 0.023772
v 0.459398 0.078094 0.213345
v 0.369240 0.166219 0.184340
v 0.610216 0.032571 0.107360
v 0.576079 0.076040 0.048029
v -0.034562 -0.639554 0.034476
v -0.055848 -0.648192 -0.022993
v -0.076631 -0.634884 0.031581
v -0.099149 -0.667058 -0.025058
v 0.070987 -0.636791 0.031280
v 0.081900 -0.656138 -0.028682
v 0.104130 -0.635453 0.026576
v 0.124070 -0.674486 -0.033428
v 0.024265 -0.629788 0.073300
v -0.045005 -0.622690 0.068754
v 0.009012 -0.611336 0.117474
v 0.011172 -0.631690 -0.044639
v -0.083479 -0.666608 -0.051680
v -0.014022 -0.624423 -0.068045
v 0.079938 -0.618050 0.065113
v 0.037060 -0.607295 0.115594
v 0.112071 -0.675605 -0.059628
v 0.037230 -0.630909 -0.069055
v -0.146082 -0.580408 0.299079
v -0.233511 -0.557924 0.342531
v -0.157519 -0.574099 0.224714
v -0.237478 -0.539737 0.266482
v -0.128379 -0.783738 0.515505
v -0.288667 -0.763421 0.577291
v -0.104610 -0.775904 0.611011
v -0.260942 -0.740472 0.665782
v -0.096537 -0.625824 0.374388
v -0.108781 -0.584278 0.229860
v -0.058197 -0.595270 0.302382
v -0.292126 -0.588355 0.445875
v -0.273734 -0.519190 0.307260
v -0.309921 -0.511358 0.408031
v -0.076263 -0.697926 0.522696
v -0.055849 -0.621656 0.372865
v -0.314986 -0.646864 0.612229
v -0.320912 -0.538052 0.485096
v -0.188959 -0.755088 -0.258990
v -0.285990 -0.650247 -0.291819
v -0.223362 -0.789422 -0.210434
v -0.324513 -0.676217 -0.244987
v -0.096862 -0.522054 -0.284178
v -0.143271 -0.443224 -0.312403
v -0.069415 -0.458503 -0.303877
v -0.105148 -0.383175 -0.330812
v -0.110995 -0.633648 -0.232678
v -0.144777 -0.776196 -0.194853
v -0.095565 -0.652364 -0.183614
v -0.231746 -0.480360 -0.300034
v -0.336930 -0.590489 -0.270522
v -0.277041 -0.441879 -0.290676
v -0.057525 -0.512980 -0.276456
v -0.066826 -0.602054 -0.213733
v -0.135881 -0.364434 -0.327157
v -0.221844 -0.387412 -0.300790
v -0.366308 -0.276624 -0.096504
v -0.396397 -0.202962 -0.022919
v -0.364221 -0.351518 -0.090801
v -0.377590 -0.273291 -0.012539
v -0.438213 -0.082049 -0.168673
v -0.505690 -0.032825 -0.098976
v -0.470564 -0.033479 -0.201572
v -0.544117 -0.002179 -0.129857
v -0.371527 -0.198161 -0.163685
v -0.363021 -0.350262 -0.138035
v -0.346432 -0.259656 -0.194032
v -0.479272 -0.077120 -0.024337
v -0.403016 -0.202476 0.013919
v -0.488048 -0.073370 0.016248
v -0.419938 -0.073192 -0.219450
v -0.349481 -0.182520 -0.207606
v -0.563800 0.002172 -0.082820
v -0.536000 -0.019758 -0.007218
v -0.388993 -0.294989 0.190663
v -0.419487 -0.221210 0.137695
v -0.370659 -0.353332 0.170111
v -0.391908 -0.280238 0.118879
v -0.466732 -0.123058 0.235292
v -0.521360 -0.061958 0.176778
v -0.500183 -0.075169 0.254693
v -0.558815 -0.021670 0.191068
v -0.403926 -0.244211 0.249805
v -0.366511 -0.363295 0.214486
v -0.377964 -0.312470 0.284568
v -0.488456 -0.099792 0.134754
v -0.418516 -0.214157 0.106517
v -0.492668 -0.090735 0.107675
v -0.456519 -0.131542 0.283292
v -0.395392 -0.252348 0.299096
v -0.571559 -0.019729 0.158027
v -0.535991 -0.043624 0.118763
v 0.161654 -0.574436 0.291212
v 0.239958 -0.546654 0.332742
v 0.175017 -0.568809 0.215856
v 0.252162 -0.541553 0.255401
v 0.150915 -0.790571 0.514370
v 0.297402 -0.729062 0.542469
v 0.090262 -0.769574 0.605532
v 0.280464 -0.737730 0.637372
v 0.110782 -0.611457 0.367515
v 0.132247 -0.576396 0.223395
v 0.083878 -0.590448 0.297922
v 0.080274 -0.690317 0.512425
v 0.071112 -0.618273 0.369342
v 0.287944 -0.566191 0.440262
v 0.288018 -0.526215 0.297715
v 0.315586 -0.509622 0.395205
v 0.315679 -0.646224 0.595840
v 0.316270 -0.530432 0.467470
v 0.185829 -0.742804 -0.265939
v 0.288062 -0.641477 -0.306985
v 0.232814 -0.785822 -0.219887
v 0.337613 -0.680229 -0.251313
v 0.093159 -0.505749 -0.286851
v 0.137281 -0.434678 -0.312896
v 0.061769 -0.445421 -0.304554
v 0.100687 -0.374787 -0.330454
v 0.109234 -0.628271 -0.242762
v 0.156905 -0.774552 -0.200850
v 0.092202 -0.653442 -0.197011
v 0.054668 -0.502495 -0.277852
v 0.068625 -0.597729 -0.221961
v 0.228479 -0.473521 -0.300712
v 0.335134 -0.586558 -0.272226
v 0.274770 -0.439118 -0.291182
v 0.138260 -0.360888 -0.331469
v 0.224700 -0.390114 -0.307301
v 0.404944 -0.292282 -0.085182
v 0.453331 -0.231201 -0.024393
v 0.384799 -0.363506 -0.073020
v 0.421268 -0.295427 -0.011598
v 0.495372 -0.110629 -0.160071
v 0.557447 -0.075348 -0.098517
v 0.527697 -0.061905 -0.199814
v 0.588149 -0.036141 -0.132634
v 0.408600 -0.217652 -0.145028
v 0.376442 -0.358892 -0.121906
v 0.366985 -0.276468 -0.179720
v 0.528972 -0.123082 -0.035471
v 0.456252 -0.234706 0.002547
v 0.530995 -0.127142 -0.008346
v 0.469601 -0.103431 -0.216954
v 0.383801 -0.207431 -0.199482
v 0.595398 -0.040210 -0.089368
v 0.568145 -0.081782 -0.029751
v 0.422642 -0.329572 0.163586
v 0.459228 -0.257638 0.102815
v 0.398380 -0.382506 0.151433
v 0.431782 -0.313734 0.093075
v 0.495633 -0.154434 0.203763
v 0.561947 -0.100047 0.125132
v 0.517179 -0.100815 0.224323
v 0.586653 -0.056870 0.150186
v 0.436412 -0.277218 0.226343
v 0.393167 -0.389958 0.194633
v 0.405547 -0.341726 0.266364
v 0.530091 -0.143691 0.087547
v 0.461902 -0.251515 0.074868
v 0.532049 -0.140969 0.062377
v 0.471317 -0.156041 0.259971
v 0.418662 -0.278585 0.283882
v 0.603888 -0.050480 0.101221
v 0.571941 -0.091285 0.066239
v 0.025454 -0.080237 0.738888
v -0.035213 -0.078728 0.737160
v 0.026815 -0.112716 0.756232
v -0.035282 -0.104986 0.757363
v 0.007615 -0.015762 0.693671
v -0.044531 -0.018276 0.700726
v -0.000423 0.000457 0.680741
v -0.047751 -0.003012 0.691293
v 0.048020 -0.041691 0.709601
v 0.056014 -0.096064 0.738675
v 0.083349 -0.050996 0.705016
v -0.071137 -0.044001 0.708781
v -0.069241 -0.088811 0.740525
v -0.098854 -0.052443 0.706314
v 0.029432 -0.007274 0.675730
v 0.074115 -0.030103 0.690947
v -0.071927 -0.011669 0.689467
v -0.098261 -0.034240 0.698528
v 0.283711 -0.278615 0.627101
v 0.231971 -0.171886 0.677723
v 0.251942 -0.325218 0.663940
v 0.195201 -0.211524 0.697185
v 0.360501 -0.127724 0.486754
v 0.324479 -0.063077 0.548091
v 0.397668 -0.079413 0.442527
v 0.372464 -0.032150 0.513159
v 0.332379 -0.249171 0.523988
v 0.297147 -0.368433 0.633169
v 0.332303 -0.325309 0.513592
v 0.391565 -0.140018 0.430329
v 0.357082 -0.263700 0.464435
v 0.251248 -0.091552 0.626640
v 0.184251 -0.154105 0.694919
v 0.208390 -0.080810 0.657861
v 0.322207 -0.034944 0.547049
v 0.243533 -0.057331 0.621523
v -0.280023 -0.275660 0.622042
v -0.233804 -0.183646 0.663990
v -0.257430 -0.319408 0.669346
v -0.197121 -0.214690 0.696771
v -0.370180 -0.131300 0.496998
v -0.348668 -0.074677 0.562826
v -0.415388 -0.085938 0.461864
v -0.401195 -0.043217 0.534424
v -0.325376 -0.241233 0.523506
v -0.292327 -0.357403 0.618062
v -0.328051 -0.314086 0.515203
v -0.395260 -0.132678 0.441646
v -0.344465 -0.249278 0.465346
v -0.263655 -0.098544 0.629046
v -0.189022 -0.157216 0.695234
v -0.219489 -0.086523 0.656115
v -0.357336 -0.039545 0.572726
v -0.259533 -0.058983 0.627092
v 0.153648 0.101911 0.483573
v 0.144042 0.043992 0.564250
v 0.100228 0.123601 0.490053
v 0.095004 0.058788 0.564870
v 0.334026 0.028205 0.447702
v 0.318674 0.010711 0.534718
v 0.398974 0.016129 0.431656
v 0.376732 0.006774 0.511441
v 0.243326 0.096041 0.416538
v 0.126670 0.148245 0.446090
v 0.215063 0.142431 0.375034
v 0.367461 0.035971 0.389088
v 0.275492 0.111797 0.359384
v 0.215708 0.009011 0.590656
v 0.109185 0.024121 0.602588
v 0.172542 -0.001191 0.626213
v 0.333338 -0.002461 0.561098
v 0.225363 -0.006058 0.604471
v -0.179978 0.121747 0.494503
v -0.163454 0.050667 0.580629
v -0.130687 0.136354 0.498718
v -0.124722 0.064137 0.579368
v -0.357276 0.068440 0.468973
v -0.337111 0.020376 0.546105
v -0.418150 0.047444 0.455663
v -0.396523 0.013127 0.527382
v -0.272149 0.131246 0.442248
v -0.157123 0.168531 0.453925
v -0.246551 0.178359 0.399760
v -0.390998 0.082559 0.418901
v -0.307699 0.156364 0.396250
v -0.234205 0.016541 0.601312
v -0.133324 0.025343 0.622060
v -0.193499 -0.000616 0.637751
v -0.347614 0.007218 0.559019
v -0.246098 -0.000227 0.614154
v 0.005048 0.030623 -0.689234
v -0.056270 0.030441 -0.693121
v 0.003051 0.014624 -0.660077
v -0.049891 0.019140 -0.665373
v 0.011914 0.096886 -0.769722
v -0.072944 0.088772 -0.780199
v 0.013887 0.135322 -0.784767
v -0.078931 0.126279 -0.799696
v 0.047729 0.057727 -0.726975
v 0.035981 0.020870 -0.670930
v 0.085715 0.042718 -0.706058
v -0.103089 0.045710 -0.736904
v -0.081706 0.026167 -0.676511
v -0.132466 0.038981 -0.710959
v 0.056547 0.115589 -0.776345
v 0.094016 0.065615 -0.734098
v -0.121685 0.103852 -0.786618
v -0.145441 0.055535 -0.740516
v 0.170334 -0.116907 -0.479817
v 0.151953 -0.052183 -0.561107
v 0.122837 -0.135551 -0.483592
v 0.102428 -0.064066 -0.562678
v 0.333634 -0.044506 -0.443584
v 0.317778 -0.009622 -0.521170
v 0.399338 -0.018121 -0.427711
v 0.378090 0.003614 -0.500879
v 0.249002 -0.112062 -0.418696
v 0.156383 -0.168934 -0.436086
v 0.228368 -0.167478 -0.376548
v 0.371764 -0.060260 -0.393180
v 0.284047 -0.135680 -0.365654
v 0.225032 -0.016491 -0.581417
v 0.120637 -0.033751 -0.594298
v 0.188067 0.000604 -0.616282
v 0.337370 0.010117 -0.547597
v 0.242084 0.008171 -0.605810
v -0.160176 -0.070681 -0.476734
v -0.161230 -0.004636 -0.578138
v -0.121285 -0.099381 -0.478035
v -0.119585 -0.024413 -0.568266
v -0.328164 -0.004507 -0.449326
v -0.326963 0.025638 -0.543188
v -0.393884 0.017340 -0.440293
v -0.387913 0.033515 -0.528209
v -0.235940 -0.074539 -0.407677
v -0.143751 -0.135382 -0.424568
v -0.212023 -0.138533 -0.358950
v -0.354860 -0.021433 -0.390255
v -0.263995 -0.106142 -0.351180
v -0.240396 0.021834 -0.601925
v -0.144051 0.002908 -0.604173
v -0.211737 0.024412 -0.631519
v -0.347301 0.035761 -0.567788
v -0.261751 0.033719 -0.622030
v 0.290110 0.284358 -0.676410
v 0.270093 0.197915 -0.769372
v 0.244701 0.322895 -0.705232
v 0.215829 0.228199 -0.803950
v 0.400685 0.155730 -0.533000
v 0.371792 0.110727 -0.594292
v 0.439557 0.108144 -0.483324
v 0.410003 0.077085 -0.543529
v 0.342117 0.252296 -0.555568
v 0.274079 0.350151 -0.637546
v 0.325233 0.317989 -0.523368
v 0.420998 0.151363 -0.464386
v 0.357803 0.260470 -0.483497
v 0.298161 0.122400 -0.704268
v 0.218504 0.174184 -0.816236
v 0.248684 0.096848 -0.742993
v 0.368234 0.074685 -0.589668
v 0.285052 0.083085 -0.683854
v -0.290036 0.267279 -0.650357
v -0.289713 0.188171 -0.738179
v -0.263910 0.308891 -0.679446
v -0.255894 0.220734 -0.757615
v -0.367404 0.123544 -0.529644
v -0.365396 0.090272 -0.591359
v -0.407612 0.079468 -0.487302
v -0.398398 0.060584 -0.548068
v -0.315529 0.230815 -0.549999
v -0.277582 0.335828 -0.617750
v -0.304546 0.304089 -0.516141
v -0.383782 0.123050 -0.464867
v -0.328077 0.243912 -0.479266
v -0.312136 0.116003 -0.688710
v -0.260386 0.163823 -0.764224
v -0.275817 0.104841 -0.714823
v -0.368295 0.063573 -0.590742
v -0.303409 0.082687 -0.672697
v 0.721753 0.001788 -0.037588
v 0.718129 0.011763 -0.036802
v 0.702516 0.001331 -0.070165
v 0.701945 0.010714 -0.073630
v 0.728771 0.001335 0.066347
v 0.717908 -0.003293 0.060146
v 0.725922 -0.001816 0.101500
v 0.708753 -0.005894 0.097852
v 0.715790 0.002094 0.011527
v 0.700509 0.003349 -0.056221
v 0.697196 0.006293 -0.005686
v 0.712355 -0.001465 0.080959
v 0.695890 0.004958 0.024846
v 0.712981 0.013178 0.010208
v 0.693340 0.009446 -0.052934
v 0.687075 0.009825 -0.002807
v 0.698523 -0.004069 0.073710
v 0.691904 0.004567 0.022432
v -0.702923 0.013823 -0.017189
v -0.703893 0.019988 -0.017020
v -0.689865 0.013553 -0.057927
v -0.689124 0.021037 -0.060176
v -0.700493 0.013568 0.089018
v -0.701581 0.018404 0.089830
v -0.687438 0.009698 0.126695
v -0.690901 0.015857 0.123557
v -0.705227 0.009921 0.039265
v -0.693683 0.014767 -0.033343
v -0.695693 0.011966 0.026353
v -0.684510 0.008936 0.107791
v -0.689296 0.009557 0.057347
v -0.701954 0.022409 0.040039
v -0.688120 0.022272 -0.036211
v -0.685715 0.029737 0.027696
v -0.686295 0.018462 0.108705
v -0.677932 0.025443 0.063398
v -0.068861 0.530558 -0.012341
v -0.087811 0.515743 -0.000330
v -0.075265 0.540700 -0.095331
v -0.112797 0.542065 -0.142182
v -0.052603 0.527620 -0.005162
v -0.064565 0.550845 -0.139628
v -0.229958 0.442272 0.061001
v -0.274309 0.407126 0.062015
v -0.258052 0.407130 0.087455
v -0.282607 0.507446 -0.198825
v -0.308621 0.464826 -0.167141
v -0.319774 0.498984 -0.230220
v -0.361836 0.320256 -0.027407
v -0.363178 0.315019 0.002814
v -0.394808 0.262888 -0.002969
v 0.081908 0.560241 -0.026663
v 0.093228 0.545293 -0.019015
v 0.096392 0.553298 -0.105548
v 0.128780 0.553391 -0.148409
v 0.060727 0.560293 -0.020962
v 0.094137 0.560828 -0.147695
v 0.212695 0.429130 0.013233
v 0.262411 0.392960 0.008958
v 0.242303 0.383360 0.040599
v 0.289977 0.502863 -0.201608
v 0.316149 0.456330 -0.177046
v 0.329322 0.485626 -0.227954
v 0.380278 0.326656 -0.062468
v 0.377086 0.321762 -0.040987
v 0.419340 0.274212 -0.042983
v -0.125862 -0.605324 0.055762
v -0.141519 -0.582423 0.099062
v -0.181236 -0.735772 -0.056923
v -0.218066 -0.789530 -0.091336
v -0.097209 -0.592263 0.104712
v -0.161904 -0.757425 -0.094304
v -0.289576 -0.500850 0.177786
v -0.325637 -0.461836 0.158821
v -0.320297 -0.469731 0.214554
v -0.362553 -0.593335 -0.153144
v -0.360961 -0.504889 -0.117671
v -0.364552 -0.512502 -0.169544
v -0.370995 -0.341179 0.026196
v -0.372627 -0.340541 0.059687
v -0.388188 -0.273508 0.053233
v 0.138946 -0.609937 0.051114
v 0.156891 -0.586018 0.091091
v 0.202382 -0.748617 -0.060965
v 0.228038 -0.789640 -0.082340
v 0.120359 -0.593680 0.097775
v 0.167326 -0.787974 -0.082003
v 0.309080 -0.520855 0.171589
v 0.344105 -0.483713 0.153433
v 0.336854 -0.488443 0.202611
v 0.363417 -0.590787 -0.142765
v 0.367368 -0.505518 -0.106568
v 0.371508 -0.514550 -0.163655
v 0.401233 -0.361792 0.024714
v 0.405085 -0.365934 0.051162
v 0.431123 -0.302953 0.040204
v -0.049376 -0.607570 0.614400
v 0.032952 -0.609055 0.618361
v -0.230854 -0.541212 0.699296
v -0.226475 -0.445791 0.690198
v -0.000101 -0.612079 0.566491
v -0.291417 -0.501506 0.670360
v 0.235130 -0.567853 0.717207
v 0.222026 -0.456834 0.693213
v 0.275908 -0.514358 0.667816
v 0.032170 -0.183012 0.800668
v 0.102026 -0.213251 0.745076
v -0.079689 -0.158916 0.797484
v -0.116713 -0.202960 0.747026
v 0.092050 -0.159341 0.747521
v -0.111563 -0.142510 0.755974
v -0.029261 0.326196 0.311646
v -0.018450 0.326574 0.313463
v -0.069723 0.241858 0.409613
v -0.079389 0.196867 0.456832
v -0.020777 0.360924 0.262147
v -0.086231 0.230903 0.413329
v 0.009463 0.227551 0.407696
v 0.030569 0.184282 0.451428
v 0.050462 0.211352 0.405754
v 0.013652 0.039371 0.627351
v 0.032681 0.054061 0.596925
v -0.062493 0.036946 0.638000
v -0.077078 0.054261 0.607642
v 0.042437 0.022262 0.629734
v -0.085589 0.017636 0.646492
v -0.017739 -0.395399 -0.323899
v 0.009730 -0.392736 -0.323534
v -0.070020 -0.252367 -0.382999
v -0.071964 -0.182607 -0.423533
v -0.004516 -0.454029 -0.296969
v -0.095783 -0.233509 -0.383937
v 0.075000 -0.257027 -0.391407
v 0.077387 -0.199912 -0.432749
v 0.106290 -0.246149 -0.396794
v 0.018437 -0.018511 -0.613394
v 0.036606 -0.039014 -0.590801
v -0.052788 0.003223 -0.626203
v -0.070091 -0.018953 -0.592095
v 0.051689 -0.016820 -0.619634
v -0.086590 0.006643 -0.627792
v -0.037553 0.637884 -0.607081
v 0.024988 0.626225 -0.600965
v -0.199145 0.495705 -0.652349
v -0.216528 0.416385 -0.668677
v -0.000706 0.668283 -0.552081
v -0.246385 0.455981 -0.620105
v 0.176863 0.498186 -0.666030
v 0.184632 0.424768 -0.686142
v 0.226889 0.469132 -0.649229
v 0.062878 0.207179 -0.789532
v 0.112905 0.233199 -0.789143
v -0.130748 0.193667 -0.822613
v -0.179444 0.221028 -0.809940
v 0.113381 0.182955 -0.796257
v -0.180225 0.161109 -0.815536
v 0.545065 0.035613 -0.321432
v 0.512956 0.057081 -0.382534
v 0.643950 0.009130 -0.155285
v 0.672103 0.008485 -0.133450
v 0.491400 0.090088 -0.359549
v 0.658732 0.012966 -0.110667
v 0.532605 -0.017840 -0.296162
v 0.503162 -0.009098 -0.354685
v 0.646833 0.001115 -0.152296
v 0.668811 0.002049 -0.135458
v 0.470493 -0.046691 -0.314873
v 0.655270 -0.000356 -0.105293
v 0.445983 0.024530 -0.490865
v 0.452376 0.036150 -0.498976
v 0.402607 0.034315 -0.535223
v 0.521359 0.008255 0.287814
v 0.489271 0.008691 0.348411
v 0.659757 -0.001348 0.171456
v 0.689360 -0.002752 0.153792
v 0.464855 0.021977 0.309241
v 0.677218 -0.001993 0.131484
v 0.510896 -0.053525 0.302876
v 0.480830 -0.046073 0.355366
v 0.645779 -0.007026 0.157209
v 0.669692 -0.001998 0.147119
v 0.463143 -0.097189 0.335555
v 0.660117 -0.008870 0.118560
v 0.433284 -0.003009 0.489612
v 0.436425 0.001640 0.492044
v 0.380897 -0.010835 0.522809
v -0.492662 0.032310 -0.331536
v -0.475754 0.035479 -0.393026
v -0.617918 0.015402 -0.153670
v -0.649600 0.012232 -0.127599
v -0.440858 0.068815 -0.363907
v -0.638765 0.015618 -0.101694
v -0.487855 0.020607 -0.298875
v -0.471198 0.029285 -0.359684
v -0.609694 0.015276 -0.150323
v -0.645667 0.015868 -0.131862
v -0.434341 -0.009235 -0.316019
v -0.630274 0.015651 -0.098788
v -0.443525 0.031560 -0.505217
v -0.445694 0.033098 -0.510448
v -0.402623 0.038870 -0.545626
v -0.533519 0.022567 0.324433
v -0.509905 0.025338 0.379770
v -0.642890 0.001444 0.196828
v -0.664031 0.001745 0.179079
v -0.479105 0.054750 0.345227
v -0.652055 0.002534 0.157961
v -0.518380 -0.039110 0.323605
v -0.494704 -0.043416 0.377137
v -0.641518 0.006931 0.193144
v -0.664919 0.010302 0.178030
v -0.467320 -0.082407 0.352249
v -0.651876 0.012459 0.156737
v -0.458689 -0.005351 0.510374
v -0.459117 0.000532 0.508725
v -0.407226 -0.007117 0.539551
v -0.005047 0.521601 0.020527
v 0.009440 0.526312 0.016518
v -0.005906 0.493489 0.060283
v 0.004231 0.601670 -0.252324
v 0.033489 0.605115 -0.260022
v 0.013479 0.643381 -0.324060
v -0.278371 0.284441 0.254695
v -0.249758 0.254841 0.305220
v -0.308304 0.228812 0.301850
v -0.324207 0.409677 -0.343357
v -0.315595 0.405269 -0.405551
v -0.315924 0.327686 -0.376270
v -0.568795 0.049934 0.039516
v -0.624782 0.020393 0.028949
v -0.613149 0.021844 0.056660
v 0.250161 0.238211 0.217564
v 0.219667 0.215934 0.275063
v 0.278526 0.182979 0.258525
v 0.351550 0.419816 -0.353871
v 0.340810 0.416931 -0.413487
v 0.348480 0.337098 -0.383191
v 0.580987 0.079786 -0.005969
v 0.623339 0.043043 -0.016373
v 0.622597 0.040631 0.011618
v 0.001707 -0.594316 0.236989
v 0.034365 -0.592811 0.234729
v 0.011747 -0.599986 0.302991
v -0.019675 -0.611373 -0.124780
v 0.033189 -0.615403 -0.126655
v 0.006499 -0.599399 -0.164601
v -0.349587 -0.387182 0.386156
v -0.342173 -0.392252 0.448008
v -0.359702 -0.321572 0.399403
v -0.295604 -0.294377 -0.265927
v -0.249329 -0.256028 -0.294060
v -0.284481 -0.209112 -0.271399
v -0.548500 -0.024555 0.063910
v -0.607563 0.011687 0.042762
v -0.601234 0.007863 0.073729
v 0.365842 -0.405916 0.371001
v 0.352914 -0.405532 0.436719
v 0.372753 -0.340618 0.388469
v 0.303389 -0.306914 -0.265454
v 0.255006 -0.271781 -0.296213
v 0.298534 -0.230526 -0.273797
v 0.574341 -0.088873 0.022851
v 0.610998 -0.047371 0.005139
v 0.611855 -0.048296 0.028517
v 0.155555 -0.040400 0.672229
v 0.145108 -0.024344 0.659947
v 0.190490 -0.026502 0.643381
v -0.168227 -0.041766 0.674133
v -0.164875 -0.024766 0.670566
v -0.209502 -0.027065 0.649769
v 0.168337 0.037155 -0.680101
v 0.181839 0.058273 -0.717779
v 0.219549 0.045868 -0.673937
v -0.202016 0.043100 -0.683995
v -0.217899 0.060336 -0.709508
v -0.247220 0.050106 -0.676503
f 1 647 644
f 1 644 643
f 1 643 645
f 1 645 646
f 1 646 647
f 2 649 652
f 6 672 670
f 12 702 699
f 11 696 695
f 8 679 681
f 4 662 659
f 4 659 658
f 4 658 660
f 4 660 661
f 4 661 662
f 5 666 665
f 3 654 657
f 7 673 677
f 9 685 686
f 10 692 688
f 12 701 698
f 6 669 668
f 2 650 648
f 8 682 678
f 11 697 693
f 6 671 669
f 12 700 701
f 11 694 697
f 8 680 682
f 2 651 650
f 10 690 689
f 5 663 664
f 3 655 653
f 7 676 674
f 9 687 684
f 10 691 690
f 5 667 663
f 3 656 655
f 7 675 676
f 9 683 687
f 6 668 672
f 2 648 649
f 8 678 679
f 11 693 696
f 12 698 702
f 10 688 691
f 5 665 667
f 3 657 656
f 7 677 675
f 9 686 683
f 5 664 666
f 3 653 654
f 7 674 673
f 9 684 685
f 10 689 692
f 6 670 671
f 12 699 700
f 11 695 694
f 8 681 680
f 2 652 651
f 35 837 838
f 18 735 736
f 19 742 741
f 40 868 867
f 42 880 879
f 34 832 831
f 33 827 828
f 25 778 780
f 36 844 846
f 20 749 747
f 32 819 820
f 23 765 767
f 24 773 771
f 37 850 849
f 41 876 875
f 34 833 834
f 33 826 825
f 25 779 777
f 36 845 843
f 20 748 750
f 17 729 727
f 14 711 709
f 13 706 703
f 15 718 715
f 16 724 721
f 18 737 733
f 35 839 835
f 42 882 878
f 40 870 866
f 19 744 740
f 30 807 805
f 27 789 787
f 22 762 758
f 28 797 793
f 29 802 799
f 32 821 817
f 23 766 763
f 24 774 770
f 37 852 848
f 41 874 872
f 35 838 836
f 18 736 734
f 19 741 739
f 40 867 865
f 42 879 877
f 34 831 829
f 33 828 824
f 25 780 776
f 36 846 842
f 20 747 745
f 32 820 818
f 23 767 764
f 24 771 769
f 37 849 847
f 41 875 871
f 34 834 830
f 33 825 823
f 25 777 775
f 36 843 841
f 20 750 746
f 14 714 710
f 13 707 704
f 15 719 716
f 16 725 722
f 17 732 728
f 21 755 752
f 31 814 811
f 26 784 781
f 38 857 853
f 39 862 860
f 27 792 788
f 22 759 757
f 28 796 794
f 29 803 800
f 30 810 806
f 31 815 812
f 26 785 782
f 38 856 854
f 39 863 859
f 21 754 751
f 14 712 714
f 13 705 707
f 15 717 719
f 16 723 725
f 17 730 732
f 21 753 755
f 31 816 814
f 26 786 784
f 38 858 857
f 39 861 862
f 27 791 792
f 22 761 759
f 28 795 796
f 29 801 803
f 30 808 810
f 31 813 815
f 26 783 785
f 38 855 856
f 39 864 863
f 21 756 754
f 14 709 712
f 13 703 705
f 15 715 717
f 16 721 723
f 17 727 730
f 21 751 753
f 31 812 816
f 26 782 786
f 38 854 858
f 39 859 861
f 27 787 791
f 22 758 761
f 28 793 795
f 29 799 801
f 30 805 808
f 31 811 813
f 26 781 783
f 38 853 855
f 39 860 864
f 21 752 756
f 17 728 731
f 14 710 713
f 13 704 708
f 15 716 720
f 16 722 726
f 18 734 738
f 35 836 840
f 42 877 881
f 40 865 869
f 19 739 743
f 30 806 809
f 27 788 790
f 22 757 760
f 28 794 798
f 29 800 804
f 32 818 822
f 23 764 768
f 24 769 772
f 37 847 851
f 41 871 873
f 35 835 837
f 18 733 735
f 19 740 742
f 40 866 868
f 42 878 880
f 34 830 832
f 33 823 827
f 25 775 778
f 36 841 844
f 20 746 749
f 32 817 819
f 23 763 765
f 24 770 773
f 37 848 850
f 41 872 876
f 34 829 833
f 33 824 826
f 25 776 779
f 36 842 845
f 20 745 748
f 17 731 729
f 14 713 711
f 13 708 706
f 15 720 718
f 16 726 724
f 18 738 737
f 35 840 839
f 42 881 882
f 40 869 870
f 19 743 744
f 30 809 807
f 27 790 789
f 22 760 762
f 28 798 797
f 29 804 802
f 32 822 821
f 23 768 766
f 24 772 774
f 37 851 852
f 41 873 874
f 107 1269 1270
f 103 1245 1246
f 104 1252 1251
f 110 1288 1287
f 113 1306 1305
f 118 1336 1335
f 154 1551 1552
f 141 1473 1474
f 162 1599 1600
f 121 1354 1353
f 142 1479 1480
f 129 1401 1402
f 130 1408 1407
f 144 1492 1491
f 146 1504 1503
f 151 1533 1534
f 131 1414 1413
f 136 1444 1443
f 161 1594 1593
f 126 1383 1384
f 116 1323 1324
f 108 1275 1276
f 106 1263 1264
f 112 1299 1300
f 115 1317 1318
f 119 1341 1342
f 156 1564 1563
f 139 1462 1461
f 160 1588 1587
f 120 1347 1348
f 149 1521 1522
f 132 1420 1419
f 128 1395 1396
f 145 1497 1498
f 148 1515 1516
f 155 1557 1558
f 133 1425 1426
f 134 1431 1432
f 157 1570 1569
f 124 1372 1371
f 109 1282 1281
f 105 1258 1257
f 111 1294 1293
f 114 1312 1311
f 117 1330 1329
f 125 1378 1377
f 152 1540 1539
f 137 1449 1450
f 158 1575 1576
f 123 1365 1366
f 143 1486 1485
f 127 1390 1389
f 135 1437 1438
f 147 1510 1509
f 150 1528 1527
f 153 1546 1545
f 140 1468 1467
f 138 1455 1456
f 159 1581 1582
f 122 1359 1360
f 107 1272 1271
f 103 1248 1247
f 104 1253 1254
f 110 1289 1290
f 113 1307 1308
f 118 1337 1338
f 154 1554 1553
f 141 1476 1475
f 162 1602 1601
f 121 1355 1356
f 142 1482 1481
f 129 1404 1403
f 130 1409 1410
f 144 1493 1494
f 146 1505 1506
f 151 1536 1535
f 131 1415 1416
f 136 1445 1446
f 161 1595 1596
f 126 1386 1385
f 47 909 907
f 44 891 889
f 43 886 883
f 45 898 895
f 46 904 901
f 49 922 919
f 72 1060 1057
f 102 1240 1237
f 96 1204 1201
f 79 1102 1099
f 62 999 997
f 59 981 979
f 58 976 973
f 60 988 985
f 61 994 991
f 66 1024 1021
f 54 952 949
f 73 1066 1063
f 85 1138 1135
f 92 1179 1177
f 101 1233 1231
f 69 1041 1039
f 50 927 925
f 82 1119 1117
f 97 1209 1207
f 71 1053 1051
f 100 1228 1225
f 94 1192 1189
f 80 1108 1105
f 51 933 931
f 90 1167 1165
f 63 1005 1003
f 55 957 955
f 76 1083 1081
f 87 1150 1147
f 91 1174 1171
f 67 1029 1027
f 56 963 961
f 75 1077 1075
f 83 1126 1123
f 68 1036 1033
f 48 915 913
f 78 1095 1093
f 93 1185 1183
f 98 1216 1213
f 88 1155 1153
f 65 1018 1015
f 57 970 967
f 77 1090 1087
f 86 1143 1141
f 64 1012 1009
f 53 945 943
f 74 1071 1069
f 84 1131 1129
f 89 1162 1159
f 70 1047 1045
f 99 1221 1219
f 95 1197 1195
f 81 1114 1111
f 52 940 937
f 109 1284 1280
f 105 1260 1256
f 111 1296 1292
f 114 1314 1310
f 117 1332 1328
f 125 1380 1376
f 152 1542 1538
f 137 1451 1447
f 158 1577 1573
f 123 1367 1363
f 143 1488 1484
f 127 1392 1388
f 135 1439 1435
f 147 1512 1508
f 150 1530 1526
f 153 1548 1544
f 140 1470 1466
f 138 1457 1453
f 159 1583 1579
f 122 1361 1357
f 107 1270 1268
f 103 1246 1244
f 104 1251 1249
f 110 1287 1285
f 113 1305 1303
f 118 1335 1333
f 154 1552 1550
f 141 1474 1472
f 162 1600 1598
f 121 1353 1351
f 142 1480 1478
f 129 1402 1400
f 130 1407 1405
f 144 1491 1489
f 146 1503 1501
f 151 1534 1532
f 131 1413 1411
f 136 1443 1441
f 161 1593 1591
f 126 1384 1382
f 116 1324 1322
f 108 1276 1274
f 106 1264 1262
f 112 1300 1298
f 115 1318 1316
f 119 1342 1340
f 156 1563 1561
f 139 1461 1459
f 160 1587 1585
f 120 1348 1346
f 149 1522 1520
f 132 1419 1417
f 128 1396 1394
f 145 1498 1496
f 148 1516 1514
f 155 1558 1556
f 133 1426 1424
f 134 1432 1430
f 157 1569 1567
f 124 1371 1369
f 109 1281 1279
f 105 1257 1255
f 111 1293 1291
f 114 1311 1309
f 117 1329 1327
f 125 1377 1375
f 152 1539 1537
f 137 1450 1448
f 158 1576 1574
f 123 1366 1364
f 143 1485 1483
f 127 1389 1387
f 135 1438 1436
f 147 1509 1507
f 150 1527 1525
f 153 1545 1543
f 140 1467 1465
f 138 1456 1454
f 159 1582 1580
f 122 1360 1358
f 107 1271 1267
f 103 1247 1243
f 104 1254 1250
f 110 1290 1286
f 113 1308 1304
f 118 1338 1334
f 154 1553 1549
f 141 1475 1471
f 162 1601 1597
f 121 1356 1352
f 142 1481 1477
f 129 1403 1399
f 130 1410 1406
f 144 1494 1490
f 146 1506 1502
f 151 1535 1531
f 131 1416 1412
f 136 1446 1442
f 161 1596 1592
f 126 1385 1381
f 44 894 890
f 43 887 884
f 45 899 896
f 46 905 902
f 47 912 908
f 52 941 938
f 70 1050 1046
f 99 1224 1220
f 95 1200 1196
f 81 1115 1112
f 59 984 980
f 58 977 974
f 60 989 986
f 61 995 992
f 62 1002 998
f 65 1019 1016
f 57 971 968
f 77 1091 1088
f 86 1146 1142
f 88 1158 1154
f 98 1217 1214
f 68 1037 1034
f 48 918 914
f 78 1098 1094
f 93 1188 1184
f 69 1044 1040
f 101 1236 1232
f 97 1212 1208
f 82 1122 1118
f 50 930 926
f 89 1163 1160
f 64 1013 1010
f 53 948 944
f 74 1074 1070
f 84 1134 1130
f 90 1170 1166
f 63 1008 1004
f 55 960 956
f 76 1086 1082
f 87 1151 1148
f 72 1061 1058
f 49 923 920
f 79 1103 1100
f 96 1205 1202
f 102 1241 1238
f 91 1175 1172
f 67 1032 1028
f 56 966 962
f 75 1080 1076
f 83 1127 1124
f 66 1025 1022
f 54 953 950
f 73 1067 1064
f 85 1139 1136
f 92 1182 1178
f 71 1056 1052
f 100 1229 1226
f 94 1193 1190
f 80 1109 1106
f 51 936 932
f 116 1325 1321
f 108 1277 1273
f 106 1265 1261
f 112 1301 1297
f 115 1319 1315
f 119 1343 1339
f 156 1566 1562
f 139 1464 1460
f 160 1590 1586
f 120 1349 1345
f 149 1523 1519
f 132 1422 1418
f 128 1397 1393
f 145 1499 1495
f 148 1517 1513
f 155 1559 1555
f 133 1427 1423
f 134 1433 1429
f 157 1572 1568
f 124 1374 1370
f 44 892 894
f 43 885 887
f 45 897 899
f 46 903 905
f 47 910 912
f 52 939 941
f 70 1048 1050
f 99 1222 1224
f 95 1198 1200
f 81 1113 1115
f 59 982 984
f 58 975 977
f 60 987 989
f 61 993 995
f 62 1000 1002
f 65 1017 1019
f 57 969 971
f 77 1089 1091
f 86 1144 1146
f 88 1156 1158
f 98 1215 1217
f 68 1035 1037
f 48 916 918
f 78 1096 1098
f 93 1186 1188
f 69 1042 1044
f 101 1234 1236
f 97 1210 1212
f 82 1120 1122
f 50 928 930
f 89 1161 1163
f 64 1011 1013
f 53 946 948
f 74 1072 1074
f 84 1132 1134
f 90 1168 1170
f 63 1006 1008
f 55 958 960
f 76 1084 1086
f 87 1149 1151
f 72 1059 1061
f 49 921 923
f 79 1101 1103
f 96 1203 1205
f 102 1239 1241
f 91 1173 1175
f 67 1030 1032
f 56 964 966
f 75 1078 1080
f 83 1125 1127
f 66 1023 1025
f 54 951 953
f 73 1065 1067
f 85 1137 1139
f 92 1180 1182
f 71 1054 1056
f 100 1227 1229
f 94 1191 1193
f 80 1107 1109
f 51 934 936
f 116 1326 1325
f 108 1278 1277
f 106 1266 1265
f 112 1302 1301
f 115 1320 1319
f 119 1344 1343
f 156 1565 1566
f 139 1463 1464
f 160 1589 1590
f 120 1350 1349
f 149 1524 1523
f 132 1421 1422
f 128 1398 1397
f 145 1500 1499
f 148 1518 1517
f 155 1560 1559
f 133 1428 1427
f 134 1434 1433
f 157 1571 1572
f 124 1373 1374
f 44 889 892
f 43 883 885
f 45 895 897
f 46 901 903
f 47 907 910
f 52 937 939
f 70 1045 1048
f 99 1219 1222
f 95 1195 1198
f 81 1111 1113
f 59 979 982
f 58 973 975
f 60 985 987
f 61 991 993
f 62 997 1000
f 65 1015 1017
f 57 967 969
f 77 1087 1089
f 86 1141 1144
f 88 1153 1156
f 98 1213 1215
f 68 1033 1035
f 48 913 916
f 78 1093 1096
f 93 1183 1186
f 69 1039 1042
f 101 1231 1234
f 97 1207 1210
f 82 1117 1120
f 50 925 928
f 89 1159 1161
f 64 1009 1011
f 53 943 946
f 74 1069 1072
f 84 1129 1132
f 90 1165 1168
f 63 1003 1006
f 55 955 958
f 76 1081 1084
f 87 1147 1149
f 72 1057 1059
f 49 919 921
f 79 1099 1101
f 96 1201 1203
f 102 1237 1239
f 91 1171 1173
f 67 1027 1030
f 56 961 964
f 75 1075 1078
f 83 1123 1125
f 66 1021 1023
f 54 949 951
f 73 1063 1065
f 85 1135 1137
f 92 1177 1180
f 71 1051 1054
f 100 1225 1227
f 94 1189 1191
f 80 1105 1107
f 51 931 934
f 116 1322 1326
f 108 1274 1278
f 106 1262 1266
f 112 1298 1302
f 115 1316 1320
f 119 1340 1344
f 156 1561 1565
f 139 1459 1463
f 160 1585 1589
f 120 1346 1350
f 149 1520 1524
f 132 1417 1421
f 128 1394 1398
f 145 1496 1500
f 148 1514 1518
f 155 1556 1560
f 133 1424 1428
f 134 1430 1434
f 157 1567 1571
f 124 1369 1373
f 47 908 911
f 44 890 893
f 43 884 888
f 45 896 900
f 46 902 906
f 49 920 924
f 72 1058 1062
f 102 1238 1242
f 96 1202 1206
f 79 1100 1104
f 62 998 1001
f 59 980 983
f 58 974 978
f 60 986 990
f 61 992 996
f 66 1022 1026
f 54 950 954
f 73 1064 1068
f 85 1136 1140
f 92 1178 1181
f 101 1232 1235
f 69 1040 1043
f 50 926 929
f 82 1118 1121
f 97 1208 1211
f 71 1052 1055
f 100 1226 1230
f 94 1190 1194
f 80 1106 1110
f 51 932 935
f 90 1166 1169
f 63 1004 1007
f 55 956 959
f 76 1082 1085
f 87 1148 1152
f 91 1172 1176
f 67 1028 1031
f 56 962 965
f 75 1076 1079
f 83 1124 1128
f 68 1034 1038
f 48 914 917
f 78 1094 1097
f 93 1184 1187
f 98 1214 1218
f 88 1154 1157
f 65 1016 1020
f 57 968 972
f 77 1088 1092
f 86 1142 1145
f 64 1010 1014
f 53 944 947
f 74 1070 1073
f 84 1130 1133
f 89 1160 1164
f 70 1046 1049
f 99 1220 1223
f 95 1196 1199
f 81 1112 1116
f 52 938 942
f 109 1279 1283
f 105 1255 1259
f 111 1291 1295
f 114 1309 1313
f 117 1327 1331
f 125 1375 1379
f 152 1537 1541
f 137 1448 1452
f 158 1574 1578
f 123 1364 1368
f 143 1483 1487
f 127 1387 1391
f 135 1436 1440
f 147 1507 1511
f 150 1525 1529
f 153 1543 1547
f 140 1465 1469
f 138 1454 1458
f 159 1580 1584
f 122 1358 1362
f 107 1267 1269
f 103 1243 1245
f 104 1250 1252
f 110 1286 1288
f 113 1304 1306
f 118 1334 1336
f 154 1549 1551
f 141 1471 1473
f 162 1597 1599
f 121 1352 1354
f 142 1477 1479
f 129 1399 1401
f 130 1406 1408
f 144 1490 1492
f 146 1502 1504
f 151 1531 1533
f 131 1412 1414
f 136 1442 1444
f 161 1592 1594
f 126 1381 1383
f 116 1321 1323
f 108 1273 1275
f 106 1261 1263
f 112 1297 1299
f 115 1315 1317
f 119 1339 1341
f 156 1562 1564
f 139 1460 1462
f 160 1586 1588
f 120 1345 1347
f 149 1519 1521
f 132 1418 1420
f 128 1393 1395
f 145 1495 1497
f 148 1513 1515
f 155 1555 1557
f 133 1423 1425
f 134 1429 1431
f 157 1568 1570
f 124 1370 1372
f 109 1280 1282
f 105 1256 1258
f 111 1292 1294
f 114 1310 1312
f 117 1328 1330
f 125 1376 1378
f 152 1538 1540
f 137 1447 1449
f 158 1573 1575
f 123 1363 1365
f 143 1484 1486
f 127 1388 1390
f 135 1435 1437
f 147 1508 1510
f 150 1526 1528
f 153 1544 1546
f 140 1466 1468
f 138 1453 1455
f 159 1579 1581
f 122 1357 1359
f 107 1268 1272
f 103 1244 1248
f 104 1249 1253
f 110 1285 1289
f 113 1303 1307
f 118 1333 1337
f 154 1550 1554
f 141 1472 1476
f 162 1598 1602
f 121 1351 1355
f 142 1478 1482
f 129 1400 1404
f 130 1405 1409
f 144 1489 1493
f 146 1501 1505
f 151 1532 1536
f 131 1411 1415
f 136 1441 1445
f 161 1591 1595
f 126 1382 1386
f 47 911 909
f 44 893 891
f 43 888 886
f 45 900 898
f 46 906 904
f 49 924 922
f 72 1062 1060
f 102 1242 1240
f 96 1206 1204
f 79 1104 1102
f 62 1001 999
f 59 983 981
f 58 978 976
f 60 990 988
f 61 996 994
f 66 1026 1024
f 54 954 952
f 73 1068 1066
f 85 1140 1138
f 92 1181 1179
f 101 1235 1233
f 69 1043 1041
f 50 929 927
f 82 1121 1119
f 97 1211 1209
f 71 1055 1053
f 100 1230 1228
f 94 1194 1192
f 80 1110 1108
f 51 935 933
f 90 1169 1167
f 63 1007 1005
f 55 959 957
f 76 1085 1083
f 87 1152 1150
f 91 1176 1174
f 67 1031 1029
f 56 965 963
f 75 1079 1077
f 83 1128 1126
f 68 1038 1036
f 48 917 915
f 78 1097 1095
f 93 1187 1185
f 98 1218 1216
f 88 1157 1155
f 65 1020 1018
f 57 972 970
f 77 1092 1090
f 86 1145 1143
f 64 1014 1012
f 53 947 945
f 74 1073 1071
f 84 1133 1131
f 89 1164 1162
f 70 1049 1047
f 99 1223 1221
f 95 1199 1197
f 81 1116 1114
f 52 942 940
f 109 1283 1284
f 105 1259 1260
f 111 1295 1296
f 114 1313 1314
f 117 1331 1332
f 125 1379 1380
f 152 1541 1542
f 137 1452 1451
f 158 1578 1577
f 123 1368 1367
f 143 1487 1488
f 127 1391 1392
f 135 1440 1439
f 147 1511 1512
f 150 1529 1530
f 153 1547 1548
f 140 1469 1470
f 138 1458 1457
f 159 1584 1583
f 122 1362 1361
f 407 1609 1616
f 403 1605 1608
f 404 1611 1606
f 410 1614 1612
f 413 1617 1615
f 422 1631 1624
f 486 1688 1692
f 573 1775 1782
f 561 1763 1765
f 512 1719 1714
f 452 1654 1661
f 448 1650 1653
f 449 1656 1651
f 455 1659 1657
f 458 1662 1660
f 470 1672 1675
f 437 1646 1639
f 494 1706 1696
f 531 1735 1733
f 539 1741 1751
f 568 1770 1779
f 478 1680 1683
f 419 1621 1626
f 509 1711 1721
f 554 1756 1766
f 482 1684 1689
f 576 1780 1778
f 558 1767 1760
f 516 1722 1718
f 425 1627 1629
f 542 1744 1747
f 463 1668 1665
f 434 1636 1641
f 497 1699 1704
f 528 1730 1737
f 546 1748 1750
f 464 1666 1676
f 440 1642 1644
f 500 1705 1702
f 524 1736 1726
f 479 1691 1681
f 418 1623 1620
f 508 1713 1710
f 553 1764 1755
f 569 1781 1771
f 538 1749 1740
f 471 1677 1673
f 443 1645 1647
f 501 1703 1707
f 523 1725 1734
f 467 1674 1669
f 433 1638 1635
f 493 1695 1698
f 527 1732 1729
f 543 1752 1745
f 485 1690 1687
f 572 1777 1774
f 557 1759 1762
f 515 1717 1720
f 428 1630 1632
f 591 2191 2189
f 587 1885 1883
f 588 1901 1903
f 594 2279 2281
f 597 2315 2317
f 600 2171 2173
f 634 2160 2158
f 619 2016 2012
f 639 2214 2210
f 602 1919 1924
f 624 2137 2135
f 608 1978 1973
f 610 1991 1996
f 627 2225 2227
f 630 2302 2304
f 635 2178 2176
f 615 2153 2155
f 617 2009 2014
f 637 2207 2212
f 604 1926 1922
f 416 1857 1864
f 408 1803 1810
f 406 1786 1795
f 412 1822 1831
f 415 1840 1849
f 424 1876 1887
f 492 2182 2193
f 582 2312 2321
f 565 2276 2285
f 514 1898 1907
f 461 2091 2098
f 453 2037 2044
f 451 1952 1961
f 457 2056 2067
f 460 2074 2083
f 475 2128 2139
f 439 1966 1975
f 496 1988 1997
f 533 2222 2231
f 551 2293 2298
f 579 2185 2190
f 483 1879 1884
f 426 1893 1900
f 521 2271 2278
f 566 2307 2314
f 489 2163 2170
f 578 2150 2159
f 560 2006 2015
f 518 2204 2213
f 429 1911 1918
f 547 2131 2136
f 465 1969 1977
f 441 1983 1990
f 504 2217 2224
f 537 2290 2301
f 550 2168 2177
f 476 2145 2152
f 444 2001 2008
f 502 2199 2206
f 526 1916 1925
f 481 1808 1817
f 420 1789 1797
f 510 1825 1833
f 555 1843 1851
f 571 1862 1871
f 540 1933 1941
f 473 2110 2119
f 447 2020 2029
f 507 2236 2247
f 534 2257 2262
f 469 2042 2051
f 435 1947 1954
f 498 2059 2064
f 529 2077 2085
f 545 2096 2105
f 487 2113 2121
f 574 2023 2031
f 562 2239 2244
f 520 2254 2265
f 432 1930 1939
f 589 1818 1814
f 583 1798 1793
f 586 1834 1829
f 593 1852 1847
f 596 1872 1868
f 599 1942 1937
f 633 2120 2124
f 620 2030 2034
f 640 2248 2250
f 603 2263 2261
f 622 2052 2050
f 607 1955 1960
f 612 2065 2063
f 626 2086 2081
f 629 2106 2102
f 631 2122 2117
f 614 2032 2027
f 618 2245 2243
f 641 2266 2268
f 605 1940 1944
f 409 1813 1804
f 405 1792 1785
f 411 1828 1821
f 414 1846 1839
f 417 1867 1858
f 431 1936 1929
f 488 2123 2114
f 575 2033 2024
f 563 2249 2240
f 519 2260 2253
f 454 2049 2038
f 450 1959 1951
f 456 2062 2055
f 459 2080 2073
f 462 2101 2092
f 472 2116 2109
f 446 2026 2019
f 506 2242 2235
f 535 2267 2258
f 541 1943 1934
f 570 1869 1861
f 480 1815 1807
f 421 1799 1790
f 511 1835 1826
f 556 1853 1844
f 484 1889 1880
f 580 2195 2186
f 567 2319 2308
f 522 2283 2272
f 427 1905 1894
f 544 2103 2095
f 468 2046 2041
f 436 1957 1948
f 499 2069 2060
f 530 2087 2078
f 548 2141 2132
f 466 1979 1970
f 442 1993 1984
f 505 2229 2218
f 536 2296 2289
f 491 2188 2181
f 423 1882 1875
f 513 1902 1897
f 564 2280 2275
f 581 2316 2311
f 549 2172 2167
f 477 2157 2146
f 445 2011 2002
f 503 2209 2200
f 525 1923 1915
f 474 2134 2127
f 438 1972 1965
f 495 1995 1987
f 532 2226 2221
f 552 2303 2294
f 490 2175 2164
f 577 2154 2149
f 559 2013 2005
f 517 2211 2203
f 430 1921 1912
f 590 1865 1870
f 584 1811 1816
f 585 1796 1800
f 592 1832 1836
f 595 1850 1854
f 598 1888 1890
f 636 2194 2196
f 621 2322 2320
f 642 2286 2284
f 601 1908 1906
f 623 2099 2104
f 611 2045 2047
f 609 1962 1958
f 625 2068 2070
f 628 2084 2088
f 632 2140 2142
f 613 1976 1980
f 616 1998 1994
f 638 2232 2230
f 606 2299 2297
f 407 2330 2329
f 403 2324 2323
f 404 2325 2326
f 410 2332 2333
f 413 2335 2336
f 422 2344 2345
f 486 2410 2409
f 573 2497 2496
f 561 2486 2485
f 512 2434 2435
f 452 2375 2374
f 448 2369 2368
f 449 2370 2371
f 455 2377 2378
f 458 2380 2381
f 470 2393 2392
f 437 2359 2360
f 494 2415 2416
f 531 2455 2456
f 539 2461 2460
f 568 2489 2488
f 478 2399 2398
f 419 2341 2340
f 509 2431 2430
f 554 2476 2475
f 482 2405 2404
f 576 2500 2501
f 558 2481 2482
f 516 2439 2440
f 425 2348 2347
f 542 2465 2464
f 463 2383 2384
f 434 2356 2355
f 497 2420 2419
f 528 2452 2451
f 546 2471 2470
f 464 2386 2385
f 440 2363 2362
f 500 2422 2423
f 524 2445 2446
f 479 2400 2401
f 418 2338 2339
f 508 2428 2429
f 553 2473 2474
f 569 2490 2491
f 538 2458 2459
f 471 2394 2395
f 443 2366 2365
f 501 2425 2424
f 523 2444 2443
f 467 2389 2390
f 433 2353 2354
f 493 2414 2413
f 527 2449 2450
f 543 2466 2467
f 485 2407 2408
f 572 2494 2495
f 557 2480 2479
f 515 2438 2437
f 428 2351 2350
f 591 2510 2511
f 587 2504 2505
f 588 2508 2507
f 594 2514 2513
f 597 2517 2516
f 600 2520 2519
f 634 2554 2556
f 619 2539 2540
f 639 2560 2561
f 602 2523 2521
f 624 2543 2544
f 608 2527 2529
f 610 2532 2530
f 627 2547 2546
f 630 2550 2549
f 635 2552 2553
f 615 2535 2534
f 617 2538 2536
f 637 2558 2557
f 604 2524 2525
f 167 1607 647
f 164 1603 644
f 163 1604 643
f 165 1610 645
f 166 1613 646
f 169 1622 649
f 192 1686 672
f 222 1773 702
f 216 1761 696
f 199 1712 679
f 182 1652 662
f 179 1648 659
f 178 1649 658
f 180 1655 660
f 181 1658 661
f 186 1670 666
f 174 1637 654
f 193 1694 673
f 205 1731 685
f 212 1739 692
f 221 1768 701
f 189 1678 669
f 170 1619 650
f 202 1709 682
f 217 1754 697
f 191 1682 671
f 220 1776 700
f 214 1758 694
f 200 1716 680
f 171 1625 651
f 210 1742 690
f 183 1663 663
f 175 1634 655
f 196 1697 676
f 207 1728 687
f 211 1746 691
f 187 1664 667
f 176 1640 656
f 195 1700 675
f 203 1724 683
f 188 1679 668
f 168 1618 648
f 198 1708 678
f 213 1753 693
f 218 1769 698
f 208 1738 688
f 185 1671 665
f 177 1643 657
f 197 1701 677
f 206 1723 686
f 184 1667 664
f 173 1633 653
f 194 1693 674
f 204 1727 684
f 209 1743 689
f 190 1685 670
f 219 1772 699
f 215 1757 695
f 201 1715 681
f 172 1628 652
f 357 2187 837
f 255 1881 735
f 262 1899 742
f 388 2277 868
f 400 2313 880
f 352 2169 832
f 347 2156 827
f 298 2010 778
f 364 2208 844
f 269 1917 749
f 339 2133 819
f 285 1971 765
f 293 1989 773
f 370 2223 850
f 396 2300 876
f 353 2174 833
f 346 2151 826
f 299 2007 779
f 365 2205 845
f 268 1920 748
f 249 1855 729
f 231 1801 711
f 226 1784 706
f 238 1820 718
f 244 1838 724
f 257 1874 737
f 359 2180 839
f 402 2310 882
f 390 2274 870
f 264 1896 744
f 327 2089 807
f 309 2035 789
f 282 1950 762
f 317 2054 797
f 322 2072 802
f 341 2126 821
f 286 1964 766
f 294 1986 774
f 372 2220 852
f 394 2291 874
f 358 2183 838
f 256 1877 736
f 261 1891 741
f 387 2269 867
f 399 2305 879
f 351 2161 831
f 348 2148 828
f 300 2004 780
f 366 2202 846
f 267 1909 747
f 340 2129 820
f 287 1967 767
f 291 1981 771
f 369 2215 849
f 395 2288 875
f 354 2166 834
f 345 2143 825
f 297 1999 777
f 363 2197 843
f 270 1914 750
f 234 1806 714
f 227 1787 707
f 239 1823 719
f 245 1841 725
f 252 1860 732
f 275 1931 755
f 334 2108 814
f 304 2018 784
f 377 2234 857
f 382 2255 862
f 312 2040 792
f 279 1945 759
f 316 2057 796
f 323 2075 803
f 330 2094 810
f 335 2111 815
f 305 2021 785
f 376 2237 856
f 383 2252 863
f 274 1928 754
f 232 1812 712
f 225 1791 705
f 237 1827 717
f 243 1845 723
f 250 1866 730
f 273 1935 753
f 336 2118 816
f 306 2028 786
f 378 2246 858
f 381 2259 861
f 311 2048 791
f 281 1953 761
f 315 2061 795
f 321 2079 801
f 328 2100 808
f 333 2115 813
f 303 2025 783
f 375 2241 855
f 384 2264 864
f 276 1938 756
f 229 1802 709
f 223 1783 703
f 235 1819 715
f 241 1837 721
f 247 1856 727
f 271 1927 751
f 332 2112 812
f 302 2022 782
f 374 2238 854
f 379 2251 859
f 307 2036 787
f 278 1949 758
f 313 2053 793
f 319 2071 799
f 325 2090 805
f 331 2107 811
f 301 2017 781
f 373 2233 853
f 380 2256 860
f 272 1932 752
f 248 1859 728
f 230 1805 710
f 224 1788 704
f 236 1824 716
f 242 1842 722
f 254 1878 734
f 356 2184 836
f 397 2306 877
f 385 2270 865
f 259 1892 739
f 326 2093 806
f 308 2039 788
f 277 1946 757
f 314 2058 794
f 320 2076 800
f 338 2130 818
f 284 1968 764
f 289 1982 769
f 367 2216 847
f 391 2287 871
f 355 2179 835
f 253 1873 733
f 260 1895 740
f 386 2273 866
f 398 2309 878
f 350 2165 830
f 343 2144 823
f 295 2000 775
f 361 2198 841
f 266 1913 746
f 337 2125 817
f 283 1963 763
f 290 1985 770
f 368 2219 848
f 392 2292 872
f 349 2162 829
f 344 2147 824
f 296 2003 776
f 362 2201 842
f 265 1910 745
f 251 1863 731
f 233 1809 713
f 228 1794 708
f 240 1830 720
f 246 1848 726
f 258 1886 738
f 360 2192 840
f 401 2318 881
f 389 2282 869
f 263 1904 743
f 329 2097 809
f 310 2043 790
f 280 1956 760
f 318 2066 798
f 324 2082 804
f 342 2138 822
f 288 1974 768
f 292 1992 772
f 371 2228 851
f 393 2295 873
f 409 2331 1269
f 405 2327 1245
f 411 2328 1252
f 414 2334 1288
f 417 2337 1306
f 431 2346 1336
f 488 2412 1551
f 575 2499 1473
f 563 2487 1599
f 519 2436 1354
f 454 2376 1479
f 450 2372 1401
f 456 2373 1408
f 459 2379 1492
f 462 2382 1504
f 472 2396 1533
f 446 2361 1414
f 506 2418 1444
f 535 2457 1594
f 541 2463 1383
f 570 2492 1323
f 480 2402 1275
f 421 2343 1263
f 511 2433 1299
f 556 2478 1317
f 484 2406 1341
f 580 2502 1564
f 567 2484 1462
f 522 2442 1588
f 427 2349 1347
f 544 2468 1521
f 468 2387 1420
f 436 2358 1395
f 499 2421 1497
f 530 2454 1515
f 548 2472 1557
f 466 2388 1425
f 442 2364 1431
f 505 2426 1570
f 536 2448 1372
f 491 2403 1282
f 423 2342 1258
f 513 2432 1294
f 564 2477 1312
f 581 2493 1330
f 549 2462 1378
f 477 2397 1540
f 445 2367 1449
f 503 2427 1575
f 525 2447 1365
f 474 2391 1486
f 438 2357 1390
f 495 2417 1437
f 532 2453 1510
f 552 2469 1528
f 490 2411 1546
f 577 2498 1468
f 559 2483 1455
f 517 2441 1581
f 430 2352 1359
f 590 2509 1272
f 584 2503 1248
f 585 2506 1253
f 592 2512 1289
f 595 2515 1307
f 598 2518 1337
f 636 2555 1554
f 621 2541 1476
f 642 2562 1602
f 601 2522 1355
f 623 2542 1482
f 611 2528 1404
f 609 2531 1409
f 625 2545 1493
f 628 2548 1505
f 632 2551 1536
f 613 2533 1415
f 616 2537 1445
f 638 2559 1595
f 606 2526 1386
f 407 1616 909
f 403 1608 891
f 404 1606 886
f 410 1612 898
f 413 1615 904
f 422 1624 922
f 486 1692 1060
f 573 1782 1240
f 561 1765 1204
f 512 1714 1102
f 452 1661 999
f 448 1653 981
f 449 1651 976
f 455 1657 988
f 458 1660 994
f 470 1675 1024
f 437 1639 952
f 494 1696 1066
f 531 1733 1138
f 539 1751 1179
f 568 1779 1233
f 478 1683 1041
f 419 1626 927
f 509 1721 1119
f 554 1766 1209
f 482 1689 1053
f 576 1778 1228
f 558 1760 1192
f 516 1718 1108
f 425 1629 933
f 542 1747 1167
f 463 1665 1005
f 434 1641 957
f 497 1704 1083
f 528 1737 1150
f 546 1750 1174
f 464 1676 1029
f 440 1644 963
f 500 1702 1077
f 524 1726 1126
f 479 1681 1036
f 418 1620 915
f 508 1710 1095
f 553 1755 1185
f 569 1771 1216
f 538 1740 1155
f 471 1673 1018
f 443 1647 970
f 501 1707 1090
f 523 1734 1143
f 467 1669 1012
f 433 1635 945
f 493 1698 1071
f 527 1729 1131
f 543 1745 1162
f 485 1687 1047
f 572 1774 1221
f 557 1762 1197
f 515 1720 1114
f 428 1632 940
f 591 2189 1284
f 587 1883 1260
f 588 1903 1296
f 594 2281 1314
f 597 2317 1332
f 600 2173 1380
f 634 2158 1542
f 619 2012 1451
f 639 2210 1577
f 602 1924 1367
f 624 2135 1488
f 608 1973 1392
f 610 1996 1439
f 627 2227 1512
f 630 2304 1530
f 635 2176 1548
f 615 2155 1470
f 617 2014 1457
f 637 2212 1583
f 604 1922 1361
f 416 1864 1270
f 408 1810 1246
f 406 1795 1251
f 412 1831 1287
f 415 1849 1305
f 424 1887 1335
f 492 2193 1552
f 582 2321 1474
f 565 2285 1600
f 514 1907 1353
f 461 2098 1480
f 453 2044 1402
f 451 1961 1407
f 457 2067 1491
f 460 2083 1503
f 475 2139 1534
f 439 1975 1413
f 496 1997 1443
f 533 2231 1593
f 551 2298 1384
f 579 2190 1324
f 483 1884 1276
f 426 1900 1264
f 521 2278 1300
f 566 2314 1318
f 489 2170 1342
f 578 2159 1563
f 560 2015 1461
f 518 2213 1587
f 429 1918 1348
f 547 2136 1522
f 465 1977 1419
f 441 1990 1396
f 504 2224 1498
f 537 2301 1516
f 550 2177 1558
f 476 2152 1426
f 444 2008 1432
f 502 2206 1569
f 526 1925 1371
f 481 1817 1281
f 420 1797 1257
f 510 1833 1293
f 555 1851 1311
f 571 1871 1329
f 540 1941 1377
f 473 2119 1539
f 447 2029 1450
f 507 2247 1576
f 534 2262 1366
f 469 2051 1485
f 435 1954 1389
f 498 2064 1438
f 529 2085 1509
f 545 2105 1527
f 487 2121 1545
f 574 2031 1467
f 562 2244 1456
f 520 2265 1582
f 432 1939 1360
f 589 1814 1271
f 583 1793 1247
f 586 1829 1254
f 593 1847 1290
f 596 1868 1308
f 599 1937 1338
f 633 2124 1553
f 620 2034 1475
f 640 2250 1601
f 603 2261 1356
f 622 2050 1481
f 607 1960 1403
f 612 2063 1410
f 626 2081 1494
f 629 2102 1506
f 631 2117 1535
f 614 2027 1416
f 618 2243 1446
f 641 2268 1596
f 605 1944 1385
f 409 1804 894
f 405 1785 887
f 411 1821 899
f 414 1839 905
f 417 1858 912
f 431 1929 941
f 488 2114 1050
f 575 2024 1224
f 563 2240 1200
f 519 2253 1115
f 454 2038 984
f 450 1951 977
f 456 2055 989
f 459 2073 995
f 462 2092 1002
f 472 2109 1019
f 446 2019 971
f 506 2235 1091
f 535 2258 1146
f 541 1934 1158
f 570 1861 1217
f 480 1807 1037
f 421 1790 918
f 511 1826 1098
f 556 1844 1188
f 484 1880 1044
f 580 2186 1236
f 567 2308 1212
f 522 2272 1122
f 427 1894 930
f 544 2095 1163
f 468 2041 1013
f 436 1948 948
f 499 2060 1074
f 530 2078 1134
f 548 2132 1170
f 466 1970 1008
f 442 1984 960
f 505 2218 1086
f 536 2289 1151
f 491 2181 1061
f 423 1875 923
f 513 1897 1103
f 564 2275 1205
f 581 2311 1241
f 549 2167 1175
f 477 2146 1032
f 445 2002 966
f 503 2200 1080
f 525 1915 1127
f 474 2127 1025
f 438 1965 953
f 495 1987 1067
f 532 2221 1139
f 552 2294 1182
f 490 2164 1056
f 577 2149 1229
f 559 2005 1193
f 517 2203 1109
f 430 1912 936
f 590 1870 1325
f 584 1816 1277
f 585 1800 1265
f 592 1836 1301
f 595 1854 1319
f 598 1890 1343
f 636 2196 1566
f 621 2320 1464
f 642 2284 1590
f 601 1906 1349
f 623 2104 1523
f 611 2047 1422
f 609 1958 1397
f 625 2070 1499
f 628 2088 1517
f 632 2142 1559
f 613 1980 1427
f 616 1994 1433
f 638 2230 1572
f 606 2297 1374
f 407 2329 892
f 403 2323 885
f 404 2326 897
f 410 2333 903
f 413 2336 910
f 422 2345 939
f 486 2409 1048
f 573 2496 1222
f 561 2485 1198
f 512 2435 1113
f 452 2374 982
f 448 2368 975
f 449 2371 987
f 455 2378 993
f 458 2381 1000
f 470 2392 1017
f 437 2360 969
f 494 2416 1089
f 531 2456 1144
f 539 2460 1156
f 568 2488 1215
f 478 2398 1035
f 419 2340 916
f 509 2430 1096
f 554 2475 1186
f 482 2404 1042
f 576 2501 1234
f 558 2482 1210
f 516 2440 1120
f 425 2347 928
f 542 2464 1161
f 463 2384 1011
f 434 2355 946
f 497 2419 1072
f 528 2451 1132
f 546 2470 1168
f 464 2385 1006
f 440 2362 958
f 500 2423 1084
f 524 2446 1149
f 479 2401 1059
f 418 2339 921
f 508 2429 1101
f 553 2474 1203
f 569 2491 1239
f 538 2459 1173
f 471 2395 1030
f 443 2365 964
f 501 2424 1078
f 523 2443 1125
f 467 2390 1023
f 433 2354 951
f 493 2413 1065
f 527 2450 1137
f 543 2467 1180
f 485 2408 1054
f 572 2495 1227
f 557 2479 1191
f 515 2437 1107
f 428 2350 934
f 591 2511 1326
f 587 2505 1278
f 588 2507 1266
f 594 2513 1302
f 597 2516 1320
f 600 2519 1344
f 634 2556 1565
f 619 2540 1463
f 639 2561 1589
f 602 2521 1350
f 624 2544 1524
f 608 2529 1421
f 610 2530 1398
f 627 2546 1500
f 630 2549 1518
f 635 2553 1560
f 615 2534 1428
f 617 2536 1434
f 637 2557 1571
f 604 2525 1373
f 164 1609 889
f 163 1605 883
f 165 1611 895
f 166 1614 901
f 167 1617 907
f 172 1631 937
f 190 1688 1045
f 219 1775 1219
f 215 1763 1195
f 201 1719 1111
f 179 1654 979
f 178 1650 973
f 180 1656 985
f 181 1659 991
f 182 1662 997
f 185 1672 1015
f 177 1646 967
f 197 1706 1087
f 206 1735 1141
f 208 1741 1153
f 218 1770 1213
f 188 1680 1033
f 168 1621 913
f 198 1711 1093
f 213 1756 1183
f 189 1684 1039
f 221 1780 1231
f 217 1767 1207
f 202 1722 1117
f 170 1627 925
f 209 1744 1159
f 184 1668 1009
f 173 1636 943
f 194 1699 1069
f 204 1730 1129
f 210 1748 1165
f 183 1666 1003
f 175 1642 955
f 196 1705 1081
f 207 1736 1147
f 192 1691 1057
f 169 1623 919
f 199 1713 1099
f 216 1764 1201
f 222 1781 1237
f 211 1749 1171
f 187 1677 1027
f 176 1645 961
f 195 1703 1075
f 203 1725 1123
f 186 1674 1021
f 174 1638 949
f 193 1695 1063
f 205 1732 1135
f 212 1752 1177
f 191 1690 1051
f 220 1777 1225
f 214 1759 1189
f 200 1717 1105
f 171 1630 931
f 358 2191 1322
f 256 1885 1274
f 261 1901 1262
f 387 2279 1298
f 399 2315 1316
f 351 2171 1340
f 348 2160 1561
f 300 2016 1459
f 366 2214 1585
f 267 1919 1346
f 340 2137 1520
f 287 1978 1417
f 291 1991 1394
f 369 2225 1496
f 395 2302 1514
f 354 2178 1556
f 345 2153 1424
f 297 2009 1430
f 363 2207 1567
f 270 1926 1369
f 247 1857 908
f 229 1803 890
f 223 1786 884
f 235 1822 896
f 241 1840 902
f 253 1876 920
f 355 2182 1058
f 398 2312 1238
f 386 2276 1202
f 260 1898 1100
f 325 2091 998
f 307 2037 980
f 278 1952 974
f 313 2056 986
f 319 2074 992
f 337 2128 1022
f 283 1966 950
f 290 1988 1064
f 368 2222 1136
f 392 2293 1178
f 356 2185 1232
f 254 1879 1040
f 259 1893 926
f 385 2271 1118
f 397 2307 1208
f 349 2163 1052
f 344 2150 1226
f 296 2006 1190
f 362 2204 1106
f 265 1911 932
f 338 2131 1166
f 284 1969 1004
f 289 1983 956
f 367 2217 1082
f 391 2290 1148
f 350 2168 1172
f 343 2145 1028
f 295 2001 962
f 361 2199 1076
f 266 1916 1124
f 230 1808 1034
f 224 1789 914
f 236 1825 1094
f 242 1843 1184
f 248 1862 1214
f 272 1933 1154
f 331 2110 1016
f 301 2020 968
f 373 2236 1088
f 380 2257 1142
f 308 2042 1010
f 277 1947 944
f 314 2059 1070
f 320 2077 1130
f 326 2096 1160
f 332 2113 1046
f 302 2023 1220
f 374 2239 1196
f 379 2254 1112
f 271 1930 938
f 234 1818 1279
f 227 1798 1255
f 239 1834 1291
f 245 1852 1309
f 252 1872 1327
f 275 1942 1375
f 334 2120 1537
f 304 2030 1448
f 377 2248 1574
f 382 2263 1364
f 312 2052 1483
f 279 1955 1387
f 316 2065 1436
f 323 2086 1507
f 330 2106 1525
f 335 2122 1543
f 305 2032 1465
f 376 2245 1454
f 383 2266 1580
f 274 1940 1358
f 232 1813 1267
f 225 1792 1243
f 237 1828 1250
f 243 1846 1286
f 250 1867 1304
f 273 1936 1334
f 336 2123 1549
f 306 2033 1471
f 378 2249 1597
f 381 2260 1352
f 311 2049 1477
f 281 1959 1399
f 315 2062 1406
f 321 2080 1490
f 328 2101 1502
f 333 2116 1531
f 303 2026 1412
f 375 2242 1442
f 384 2267 1592
f 276 1943 1381
f 251 1869 1321
f 233 1815 1273
f 228 1799 1261
f 240 1835 1297
f 246 1853 1315
f 258 1889 1339
f 360 2195 1562
f 401 2319 1460
f 389 2283 1586
f 263 1905 1345
f 329 2103 1519
f 310 2046 1418
f 280 1957 1393
f 318 2069 1495
f 324 2087 1513
f 342 2141 1555
f 288 1979 1423
f 292 1993 1429
f 371 2229 1568
f 393 2296 1370
f 357 2188 1280
f 255 1882 1256
f 262 1902 1292
f 388 2280 1310
f 400 2316 1328
f 352 2172 1376
f 347 2157 1538
f 298 2011 1447
f 364 2209 1573
f 269 1923 1363
f 339 2134 1484
f 285 1972 1388
f 293 1995 1435
f 370 2226 1508
f 396 2303 1526
f 353 2175 1544
f 346 2154 1466
f 299 2013 1453
f 365 2211 1579
f 268 1921 1357
f 249 1865 1268
f 231 1811 1244
f 226 1796 1249
f 238 1832 1285
f 244 1850 1303
f 257 1888 1333
f 359 2194 1550
f 402 2322 1472
f 390 2286 1598
f 264 1908 1351
f 327 2099 1478
f 309 2045 1400
f 282 1962 1405
f 317 2068 1489
f 322 2084 1501
f 341 2140 1532
f 286 1976 1411
f 294 1998 1441
f 372 2232 1591
f 394 2299 1382
f 416 2330 911
f 408 2324 893
f 406 2325 888
f 412 2332 900
f 415 2335 906
f 424 2344 924
f 492 2410 1062
f 582 2497 1242
f 565 2486 1206
f 514 2434 1104
f 461 2375 1001
f 453 2369 983
f 451 2370 978
f 457 2377 990
f 460 2380 996
f 475 2393 1026
f 439 2359 954
f 496 2415 1068
f 533 2455 1140
f 551 2461 1181
f 579 2489 1235
f 483 2399 1043
f 426 2341 929
f 521 2431 1121
f 566 2476 1211
f 489 2405 1055
f 578 2500 1230
f 560 2481 1194
f 518 2439 1110
f 429 2348 935
f 547 2465 1169
f 465 2383 1007
f 441 2356 959
f 504 2420 1085
f 537 2452 1152
f 550 2471 1176
f 476 2386 1031
f 444 2363 965
f 502 2422 1079
f 526 2445 1128
f 481 2400 1038
f 420 2338 917
f 510 2428 1097
f 555 2473 1187
f 571 2490 1218
f 540 2458 1157
f 473 2394 1020
f 447 2366 972
f 507 2425 1092
f 534 2444 1145
f 469 2389 1014
f 435 2353 947
f 498 2414 1073
f 529 2449 1133
f 545 2466 1164
f 487 2407 1049
f 574 2494 1223
f 562 2480 1199
f 520 2438 1116
f 432 2351 942
f 589 2510 1283
f 583 2504 1259
f 586 2508 1295
f 593 2514 1313
f 596 2517 1331
f 599 2520 1379
f 633 2554 1541
f 620 2539 1452
f 640 2560 1578
f 603 2523 1368
f 622 2543 1487
f 607 2527 1391
f 612 2532 1440
f 626 2547 1511
f 629 2550 1529
f 631 2552 1547
f 614 2535 1469
f 618 2538 1458
f 641 2558 1584
f 605 2524 1362
f 164 1607 1609
f 163 1603 1605
f 165 1604 1611
f 166 1610 1614
f 167 1613 1617
f 172 1622 1631
f 190 1686 1688
f 219 1773 1775
f 215 1761 1763
f 201 1712 1719
f 179 1652 1654
f 178 1648 1650
f 180 1649 1656
f 181 1655 1659
f 182 1658 1662
f 185 1670 1672
f 177 1637 1646
f 197 1694 1706
f 206 1731 1735
f 208 1739 1741
f 218 1768 1770
f 188 1678 1680
f 168 1619 1621
f 198 1709 1711
f 213 1754 1756
f 189 1682 1684
f 221 1776 1780
f 217 1758 1767
f 202 1716 1722
f 170 1625 1627
f 209 1742 1744
f 184 1663 1668
f 173 1634 1636
f 194 1697 1699
f 204 1728 1730
f 210 1746 1748
f 183 1664 1666
f 175 1640 1642
f 196 1700 1705
f 207 1724 1736
f 192 1679 1691
f 169 1618 1623
f 199 1708 1713
f 216 1753 1764
f 222 1769 1781
f 211 1738 1749
f 187 1671 1677
f 176 1643 1645
f 195 1701 1703
f 203 1723 1725
f 186 1667 1674
f 174 1633 1638
f 193 1693 1695
f 205 1727 1732
f 212 1743 1752
f 191 1685 1690
f 220 1772 1777
f 214 1757 1759
f 200 1715 1717
f 171 1628 1630
f 358 2187 2191
f 256 1881 1885
f 261 1899 1901
f 387 2277 2279
f 399 2313 2315
f 351 2169 2171
f 348 2156 2160
f 300 2010 2016
f 366 2208 2214
f 267 1917 1919
f 340 2133 2137
f 287 1971 1978
f 291 1989 1991
f 369 2223 2225
f 395 2300 2302
f 354 2174 2178
f 345 2151 2153
f 297 2007 2009
f 363 2205 2207
f 270 1920 1926
f 247 1855 1857
f 229 1801 1803
f 223 1784 1786
f 235 1820 1822
f 241 1838 1840
f 253 1874 1876
f 355 2180 2182
f 398 2310 2312
f 386 2274 2276
f 260 1896 1898
f 325 2089 2091
f 307 2035 2037
f 278 1950 1952
f 313 2054 2056
f 319 2072 2074
f 337 2126 2128
f 283 1964 1966
f 290 1986 1988
f 368 2220 2222
f 392 2291 2293
f 356 2183 2185
f 254 1877 1879
f 259 1891 1893
f 385 2269 2271
f 397 2305 2307
f 349 2161 2163
f 344 2148 2150
f 296 2004 2006
f 362 2202 2204
f 265 1909 1911
f 338 2129 2131
f 284 1967 1969
f 289 1981 1983
f 367 2215 2217
f 391 2288 2290
f 350 2166 2168
f 343 2143 2145
f 295 1999 2001
f 361 2197 2199
f 266 1914 1916
f 230 1806 1808
f 224 1787 1789
f 236 1823 1825
f 242 1841 1843
f 248 1860 1862
f 272 1931 1933
f 331 2108 2110
f 301 2018 2020
f 373 2234 2236
f 380 2255 2257
f 308 2040 2042
f 277 1945 1947
f 314 2057 2059
f 320 2075 2077
f 326 2094 2096
f 332 2111 2113
f 302 2021 2023
f 374 2237 2239
f 379 2252 2254
f 271 1928 1930
f 234 1812 1818
f 227 1791 1798
f 239 1827 1834
f 245 1845 1852
f 252 1866 1872
f 275 1935 1942
f 334 2118 2120
f 304 2028 2030
f 377 2246 2248
f 382 2259 2263
f 312 2048 2052
f 279 1953 1955
f 316 2061 2065
f 323 2079 2086
f 330 2100 2106
f 335 2115 2122
f 305 2025 2032
f 376 2241 2245
f 383 2264 2266
f 274 1938 1940
f 232 1802 1813
f 225 1783 1792
f 237 1819 1828
f 243 1837 1846
f 250 1856 1867
f 273 1927 1936
f 336 2112 2123
f 306 2022 2033
f 378 2238 2249
f 381 2251 2260
f 311 2036 2049
f 281 1949 1959
f 315 2053 2062
f 321 2071 2080
f 328 2090 2101
f 333 2107 2116
f 303 2017 2026
f 375 2233 2242
f 384 2256 2267
f 276 1932 1943
f 251 1859 1869
f 233 1805 1815
f 228 1788 1799
f 240 1824 1835
f 246 1842 1853
f 258 1878 1889
f 360 2184 2195
f 401 2306 2319
f 389 2270 2283
f 263 1892 1905
f 329 2093 2103
f 310 2039 2046
f 280 1946 1957
f 318 2058 2069
f 324 2076 2087
f 342 2130 2141
f 288 1968 1979
f 292 1982 1993
f 371 2216 2229
f 393 2287 2296
f 357 2179 2188
f 255 1873 1882
f 262 1895 1902
f 388 2273 2280
f 400 2309 2316
f 352 2165 2172
f 347 2144 2157
f 298 2000 2011
f 364 2198 2209
f 269 1913 1923
f 339 2125 2134
f 285 1963 1972
f 293 1985 1995
f 370 2219 2226
f 396 2292 2303
f 353 2162 2175
f 346 2147 2154
f 299 2003 2013
f 365 2201 2211
f 268 1910 1921
f 249 1863 1865
f 231 1809 1811
f 226 1794 1796
f 238 1830 1832
f 244 1848 1850
f 257 1886 1888
f 359 2192 2194
f 402 2318 2322
f 390 2282 2286
f 264 1904 1908
f 327 2097 2099
f 309 2043 2045
f 282 1956 1962
f 317 2066 2068
f 322 2082 2084
f 341 2138 2140
f 286 1974 1976
f 294 1992 1998
f 372 2228 2232
f 394 2295 2299
f 416 2331 2330
f 408 2327 2324
f 406 2328 2325
f 412 2334 2332
f 415 2337 2335
f 424 2346 2344
f 492 2412 2410
f 582 2499 2497
f 565 2487 2486
f 514 2436 2434
f 461 2376 2375
f 453 2372 2369
f 451 2373 2370
f 457 2379 2377
f 460 2382 2380
f 475 2396 2393
f 439 2361 2359
f 496 2418 2415
f 533 2457 2455
f 551 2463 2461
f 579 2492 2489
f 483 2402 2399
f 426 2343 2341
f 521 2433 2431
f 566 2478 2476
f 489 2406 2405
f 578 2502 2500
f 560 2484 2481
f 518 2442 2439
f 429 2349 2348
f 547 2468 2465
f 465 2387 2383
f 441 2358 2356
f 504 2421 2420
f 537 2454 2452
f 550 2472 2471
f 476 2388 2386
f 444 2364 2363
f 502 2426 2422
f 526 2448 2445
f 481 2403 2400
f 420 2342 2338
f 510 2432 2428
f 555 2477 2473
f 571 2493 2490
f 540 2462 2458
f 473 2397 2394
f 447 2367 2366
f 507 2427 2425
f 534 2447 2444
f 469 2391 2389
f 435 2357 2353
f 498 2417 2414
f 529 2453 2449
f 545 2469 2466
f 487 2411 2407
f 574 2498 2494
f 562 2483 2480
f 520 2441 2438
f 432 2352 2351
f 589 2509 2510
f 583 2503 2504
f 586 2506 2508
f 593 2512 2514
f 596 2515 2517
f 599 2518 2520
f 633 2555 2554
f 620 2541 2539
f 640 2562 2560
f 603 2522 2523
f 622 2542 2543
f 607 2528 2527
f 612 2531 2532
f 626 2545 2547
f 629 2548 2550
f 631 2551 2552
f 614 2533 2535
f 618 2537 2538
f 641 2559 2558
f 605 2526 2524
f 164 644 1607
f 163 643 1603
f 165 645 1604
f 166 646 1610
f 167 647 1613
f 172 652 1622
f 190 670 1686
f 219 699 1773
f 215 695 1761
f 201 681 1712
f 179 659 1652
f 178 658 1648
f 180 660 1649
f 181 661 1655
f 182 662 1658
f 185 665 1670
f 177 657 1637
f 197 677 1694
f 206 686 1731
f 208 688 1739
f 218 698 1768
f 188 668 1678
f 168 648 1619
f 198 678 1709
f 213 693 1754
f 189 669 1682
f 221 701 1776
f 217 697 1758
f 202 682 1716
f 170 650 1625
f 209 689 1742
f 184 664 1663
f 173 653 1634
f 194 674 1697
f 204 684 1728
f 210 690 1746
f 183 663 1664
f 175 655 1640
f 196 676 1700
f 207 687 1724
f 192 672 1679
f 169 649 1618
f 199 679 1708
f 216 696 1753
f 222 702 1769
f 211 691 1738
f 187 667 1671
f 176 656 1643
f 195 675 1701
f 203 683 1723
f 186 666 1667
f 174 654 1633
f 193 673 1693
f 205 685 1727
f 212 692 1743
f 191 671 1685
f 220 700 1772
f 214 694 1757
f 200 680 1715
f 171 651 1628
f 358 838 2187
f 256 736 1881
f 261 741 1899
f 387 867 2277
f 399 879 2313
f 351 831 2169
f 348 828 2156
f 300 780 2010
f 366 846 2208
f 267 747 1917
f 340 820 2133
f 287 767 1971
f 291 771 1989
f 369 849 2223
f 395 875 2300
f 354 834 2174
f 345 825 2151
f 297 777 2007
f 363 843 2205
f 270 750 1920
f 247 727 1855
f 229 709 1801
f 223 703 1784
f 235 715 1820
f 241 721 1838
f 253 733 1874
f 355 835 2180
f 398 878 2310
f 386 866 2274
f 260 740 1896
f 325 805 2089
f 307 787 2035
f 278 758 1950
f 313 793 2054
f 319 799 2072
f 337 817 2126
f 283 763 1964
f 290 770 1986
f 368 848 2220
f 392 872 2291
f 356 836 2183
f 254 734 1877
f 259 739 1891
f 385 865 2269
f 397 877 2305
f 349 829 2161
f 344 824 2148
f 296 776 2004
f 362 842 2202
f 265 745 1909
f 338 818 2129
f 284 764 1967
f 289 769 1981
f 367 847 2215
f 391 871 2288
f 350 830 2166
f 343 823 2143
f 295 775 1999
f 361 841 2197
f 266 746 1914
f 230 710 1806
f 224 704 1787
f 236 716 1823
f 242 722 1841
f 248 728 1860
f 272 752 1931
f 331 811 2108
f 301 781 2018
f 373 853 2234
f 380 860 2255
f 308 788 2040
f 277 757 1945
f 314 794 2057
f 320 800 2075
f 326 806 2094
f 332 812 2111
f 302 782 2021
f 374 854 2237
f 379 859 2252
f 271 751 1928
f 234 714 1812
f 227 707 1791
f 239 719 1827
f 245 725 1845
f 252 732 1866
f 275 755 1935
f 334 814 2118
f 304 784 2028
f 377 857 2246
f 382 862 2259
f 312 792 2048
f 279 759 1953
f 316 796 2061
f 323 803 2079
f 330 810 2100
f 335 815 2115
f 305 785 2025
f 376 856 2241
f 383 863 2264
f 274 754 1938
f 232 712 1802
f 225 705 1783
f 237 717 1819
f 243 723 1837
f 250 730 1856
f 273 753 1927
f 336 816 2112
f 306 786 2022
f 378 858 2238
f 381 861 2251
f 311 791 2036
f 281 761 1949
f 315 795 2053
f 321 801 2071
f 328 808 2090
f 333 813 2107
f 303 783 2017
f 375 855 2233
f 384 864 2256
f 276 756 1932
f 251 731 1859
f 233 713 1805
f 228 708 1788
f 240 720 1824
f 246 726 1842
f 258 738 1878
f 360 840 2184
f 401 881 2306
f 389 869 2270
f 263 743 1892
f 329 809 2093
f 310 790 2039
f 280 760 1946
f 318 798 2058
f 324 804 2076
f 342 822 2130
f 288 768 1968
f 292 772 1982
f 371 851 2216
f 393 873 2287
f 357 837 2179
f 255 735 1873
f 262 742 1895
f 388 868 2273
f 400 880 2309
f 352 832 2165
f 347 827 2144
f 298 778 2000
f 364 844 2198
f 269 749 1913
f 339 819 2125
f 285 765 1963
f 293 773 1985
f 370 850 2219
f 396 876 2292
f 353 833 2162
f 346 826 2147
f 299 779 2003
f 365 845 2201
f 268 748 1910
f 249 729 1863
f 231 711 1809
f 226 706 1794
f 238 718 1830
f 244 724 1848
f 257 737 1886
f 359 839 2192
f 402 882 2318
f 390 870 2282
f 264 744 1904
f 327 807 2097
f 309 789 2043
f 282 762 1956
f 317 797 2066
f 322 802 2082
f 341 821 2138
f 286 766 1974
f 294 774 1992
f 372 852 2228
f 394 874 2295
f 416 1270 2331
f 408 1246 2327
f 406 1251 2328
f 412 1287 2334
f 415 1305 2337
f 424 1335 2346
f 492 1552 2412
f 582 1474 2499
f 565 1600 2487
f 514 1353 2436
f 461 1480 2376
f 453 1402 2372
f 451 1407 2373
f 457 1491 2379
f 460 1503 2382
f 475 1534 2396
f 439 1413 2361
f 496 1443 2418
f 533 1593 2457
f 551 1384 2463
f 579 1324 2492
f 483 1276 2402
f 426 1264 2343
f 521 1300 2433
f 566 1318 2478
f 489 1342 2406
f 578 1563 2502
f 560 1461 2484
f 518 1587 2442
f 429 1348 2349
f 547 1522 2468
f 465 1419 2387
f 441 1396 2358
f 504 1498 2421
f 537 1516 2454
f 550 1558 2472
f 476 1426 2388
f 444 1432 2364
f 502 1569 2426
f 526 1371 2448
f 481 1281 2403
f 420 1257 2342
f 510 1293 2432
f 555 1311 2477
f 571 1329 2493
f 540 1377 2462
f 473 1539 2397
f 447 1450 2367
f 507 1576 2427
f 534 1366 2447
f 469 1485 2391
f 435 1389 2357
f 498 1438 2417
f 529 1509 2453
f 545 1527 2469
f 487 1545 2411
f 574 1467 2498
f 562 1456 2483
f 520 1582 2441
f 432 1360 2352
f 589 1271 2509
f 583 1247 2503
f 586 1254 2506
f 593 1290 2512
f 596 1308 2515
f 599 1338 2518
f 633 1553 2555
f 620 1475 2541
f 640 1601 2562
f 603 1356 2522
f 622 1481 2542
f 607 1403 2528
f 612 1410 2531
f 626 1494 2545
f 629 1506 2548
f 631 1535 2551
f 614 1416 2533
f 618 1446 2537
f 641 1596 2559
f 605 1385 2526
f 167 907 1616
f 164 889 1608
f 163 883 1606
f 165 895 1612
f 166 901 1615
f 169 919 1624
f 192 1057 1692
f 222 1237 1782
f 216 1201 1765
f 199 1099 1714
f 182 997 1661
f 179 979 1653
f 178 973 1651
f 180 985 1657
f 181 991 1660
f 186 1021 1675
f 174 949 1639
f 193 1063 1696
f 205 1135 1733
f 212 1177 1751
f 221 1231 1779
f 189 1039 1683
f 170 925 1626
f 202 1117 1721
f 217 1207 1766
f 191 1051 1689
f 220 1225 1778
f 214 1189 1760
f 200 1105 1718
f 171 931 1629
f 210 1165 1747
f 183 1003 1665
f 175 955 1641
f 196 1081 1704
f 207 1147 1737
f 211 1171 1750
f 187 1027 1676
f 176 961 1644
f 195 1075 1702
f 203 1123 1726
f 188 1033 1681
f 168 913 1620
f 198 1093 1710
f 213 1183 1755
f 218 1213 1771
f 208 1153 1740
f 185 1015 1673
f 177 967 1647
f 197 1087 1707
f 206 1141 1734
f 184 1009 1669
f 173 943 1635
f 194 1069 1698
f 204 1129 1729
f 209 1159 1745
f 190 1045 1687
f 219 1219 1774
f 215 1195 1762
f 201 1111 1720
f 172 937 1632
f 357 1280 2189
f 255 1256 1883
f 262 1292 1903
f 388 1310 2281
f 400 1328 2317
f 352 1376 2173
f 347 1538 2158
f 298 1447 2012
f 364 1573 2210
f 269 1363 1924
f 339 1484 2135
f 285 1388 1973
f 293 1435 1996
f 370 1508 2227
f 396 1526 2304
f 353 1544 2176
f 346 1466 2155
f 299 1453 2014
f 365 1579 2212
f 268 1357 1922
f 249 1268 1864
f 231 1244 1810
f 226 1249 1795
f 238 1285 1831
f 244 1303 1849
f 257 1333 1887
f 359 1550 2193
f 402 1472 2321
f 390 1598 2285
f 264 1351 1907
f 327 1478 2098
f 309 1400 2044
f 282 1405 1961
f 317 1489 2067
f 322 1501 2083
f 341 1532 2139
f 286 1411 1975
f 294 1441 1997
f 372 1591 2231
f 394 1382 2298
f 358 1322 2190
f 256 1274 1884
f 261 1262 1900
f 387 1298 2278
f 399 1316 2314
f 351 1340 2170
f 348 1561 2159
f 300 1459 2015
f 366 1585 2213
f 267 1346 1918
f 340 1520 2136
f 287 1417 1977
f 291 1394 1990
f 369 1496 2224
f 395 1514 2301
f 354 1556 2177
f 345 1424 2152
f 297 1430 2008
f 363 1567 2206
f 270 1369 1925
f 234 1279 1817
f 227 1255 1797
f 239 1291 1833
f 245 1309 1851
f 252 1327 1871
f 275 1375 1941
f 334 1537 2119
f 304 1448 2029
f 377 1574 2247
f 382 1364 2262
f 312 1483 2051
f 279 1387 1954
f 316 1436 2064
f 323 1507 2085
f 330 1525 2105
f 335 1543 2121
f 305 1465 2031
f 376 1454 2244
f 383 1580 2265
f 274 1358 1939
f 232 1267 1814
f 225 1243 1793
f 237 1250 1829
f 243 1286 1847
f 250 1304 1868
f 273 1334 1937
f 336 1549 2124
f 306 1471 2034
f 378 1597 2250
f 381 1352 2261
f 311 1477 2050
f 281 1399 1960
f 315 1406 2063
f 321 1490 2081
f 328 1502 2102
f 333 1531 2117
f 303 1412 2027
f 375 1442 2243
f 384 1592 2268
f 276 1381 1944
f 229 890 1804
f 223 884 1785
f 235 896 1821
f 241 902 1839
f 247 908 1858
f 271 938 1929
f 332 1046 2114
f 302 1220 2024
f 374 1196 2240
f 379 1112 2253
f 307 980 2038
f 278 974 1951
f 313 986 2055
f 319 992 2073
f 325 998 2092
f 331 1016 2109
f 301 968 2019
f 373 1088 2235
f 380 1142 2258
f 272 1154 1934
f 248 1214 1861
f 230 1034 1807
f 224 914 1790
f 236 1094 1826
f 242 1184 1844
f 254 1040 1880
f 356 1232 2186
f 397 1208 2308
f 385 1118 2272
f 259 926 1894
f 326 1160 2095
f 308 1010 2041
f 277 944 1948
f 314 1070 2060
f 320 1130 2078
f 338 1166 2132
f 284 1004 1970
f 289 956 1984
f 367 1082 2218
f 391 1148 2289
f 355 1058 2181
f 253 920 1875
f 260 1100 1897
f 386 1202 2275
f 398 1238 2311
f 350 1172 2167
f 343 1028 2146
f 295 962 2002
f 361 1076 2200
f 266 1124 1915
f 337 1022 2127
f 283 950 1965
f 290 1064 1987
f 368 1136 2221
f 392 1178 2294
f 349 1052 2164
f 344 1226 2149
f 296 1190 2005
f 362 1106 2203
f 265 932 1912
f 251 1321 1870
f 233 1273 1816
f 228 1261 1800
f 240 1297 1836
f 246 1315 1854
f 258 1339 1890
f 360 1562 2196
f 401 1460 2320
f 389 1586 2284
f 263 1345 1906
f 329 1519 2104
f 310 1418 2047
f 280 1393 1958
f 318 1495 2070
f 324 1513 2088
f 342 1555 2142
f 288 1423 1980
f 292 1429 1994
f 371 1568 2230
f 393 1370 2297
f 409 894 2329
f 405 887 2323
f 411 899 2326
f 414 905 2333
f 417 912 2336
f 431 941 2345
f 488 1050 2409
f 575 1224 2496
f 563 1200 2485
f 519 1115 2435
f 454 984 2374
f 450 977 2368
f 456 989 2371
f 459 995 2378
f 462 1002 2381
f 472 1019 2392
f 446 971 2360
f 506 1091 2416
f 535 1146 2456
f 541 1158 2460
f 570 1217 2488
f 480 1037 2398
f 421 918 2340
f 511 1098 2430
f 556 1188 2475
f 484 1044 2404
f 580 1236 2501
f 567 1212 2482
f 522 1122 2440
f 427 930 2347
f 544 1163 2464
f 468 1013 2384
f 436 948 2355
f 499 1074 2419
f 530 1134 2451
f 548 1170 2470
f 466 1008 2385
f 442 960 2362
f 505 1086 2423
f 536 1151 2446
f 491 1061 2401
f 423 923 2339
f 513 1103 2429
f 564 1205 2474
f 581 1241 2491
f 549 1175 2459
f 477 1032 2395
f 445 966 2365
f 503 1080 2424
f 525 1127 2443
f 474 1025 2390
f 438 953 2354
f 495 1067 2413
f 532 1139 2450
f 552 1182 2467
f 490 1056 2408
f 577 1229 2495
f 559 1193 2479
f 517 1109 2437
f 430 936 2350
f 590 1325 2511
f 584 1277 2505
f 585 1265 2507
f 592 1301 2513
f 595 1319 2516
f 598 1343 2519
f 636 1566 2556
f 621 1464 2540
f 642 1590 2561
f 601 1349 2521
f 623 1523 2544
f 611 1422 2529
f 609 1397 2530
f 625 1499 2546
f 628 1517 2549
f 632 1559 2553
f 613 1427 2534
f 616 1433 2536
f 638 1572 2557
f 606 1374 2525
f 407 892 1609
f 403 885 1605
f 404 897 1611
f 410 903 1614
f 413 910 1617
f 422 939 1631
f 486 1048 1688
f 573 1222 1775
f 561 1198 1763
f 512 1113 1719
f 452 982 1654
f 448 975 1650
f 449 987 1656
f 455 993 1659
f 458 1000 1662
f 470 1017 1672
f 437 969 1646
f 494 1089 1706
f 531 1144 1735
f 539 1156 1741
f 568 1215 1770
f 478 1035 1680
f 419 916 1621
f 509 1096 1711
f 554 1186 1756
f 482 1042 1684
f 576 1234 1780
f 558 1210 1767
f 516 1120 1722
f 425 928 1627
f 542 1161 1744
f 463 1011 1668
f 434 946 1636
f 497 1072 1699
f 528 1132 1730
f 546 1168 1748
f 464 1006 1666
f 440 958 1642
f 500 1084 1705
f 524 1149 1736
f 479 1059 1691
f 418 921 1623
f 508 1101 1713
f 553 1203 1764
f 569 1239 1781
f 538 1173 1749
f 471 1030 1677
f 443 964 1645
f 501 1078 1703
f 523 1125 1725
f 467 1023 1674
f 433 951 1638
f 493 1065 1695
f 527 1137 1732
f 543 1180 1752
f 485 1054 1690
f 572 1227 1777
f 557 1191 1759
f 515 1107 1717
f 428 934 1630
f 591 1326 2191
f 587 1278 1885
f 588 1266 1901
f 594 1302 2279
f 597 1320 2315
f 600 1344 2171
f 634 1565 2160
f 619 1463 2016
f 639 1589 2214
f 602 1350 1919
f 624 1524 2137
f 608 1421 1978
f 610 1398 1991
f 627 1500 2225
f 630 1518 2302
f 635 1560 2178
f 615 1428 2153
f 617 1434 2009
f 637 1571 2207
f 604 1373 1926
f 416 911 1857
f 408 893 1803
f 406 888 1786
f 412 900 1822
f 415 906 1840
f 424 924 1876
f 492 1062 2182
f 582 1242 2312
f 565 1206 2276
f 514 1104 1898
f 461 1001 2091
f 453 983 2037
f 451 978 1952
f 457 990 2056
f 460 996 2074
f 475 1026 2128
f 439 954 1966
f 496 1068 1988
f 533 1140 2222
f 551 1181 2293
f 579 1235 2185
f 483 1043 1879
f 426 929 1893
f 521 1121 2271
f 566 1211 2307
f 489 1055 2163
f 578 1230 2150
f 560 1194 2006
f 518 1110 2204
f 429 935 1911
f 547 1169 2131
f 465 1007 1969
f 441 959 1983
f 504 1085 2217
f 537 1152 2290
f 550 1176 2168
f 476 1031 2145
f 444 965 2001
f 502 1079 2199
f 526 1128 1916
f 481 1038 1808
f 420 917 1789
f 510 1097 1825
f 555 1187 1843
f 571 1218 1862
f 540 1157 1933
f 473 1020 2110
f 447 972 2020
f 507 1092 2236
f 534 1145 2257
f 469 1014 2042
f 435 947 1947
f 498 1073 2059
f 529 1133 2077
f 545 1164 2096
f 487 1049 2113
f 574 1223 2023
f 562 1199 2239
f 520 1116 2254
f 432 942 1930
f 589 1283 1818
f 583 1259 1798
f 586 1295 1834
f 593 1313 1852
f 596 1331 1872
f 599 1379 1942
f 633 1541 2120
f 620 1452 2030
f 640 1578 2248
f 603 1368 2263
f 622 1487 2052
f 607 1391 1955
f 612 1440 2065
f 626 1511 2086
f 629 1529 2106
f 631 1547 2122
f 614 1469 2032
f 618 1458 2245
f 641 1584 2266
f 605 1362 1940
f 409 1269 1813
f 405 1245 1792
f 411 1252 1828
f 414 1288 1846
f 417 1306 1867
f 431 1336 1936
f 488 1551 2123
f 575 1473 2033
f 563 1599 2249
f 519 1354 2260
f 454 1479 2049
f 450 1401 1959
f 456 1408 2062
f 459 1492 2080
f 462 1504 2101
f 472 1533 2116
f 446 1414 2026
f 506 1444 2242
f 535 1594 2267
f 541 1383 1943
f 570 1323 1869
f 480 1275 1815
f 421 1263 1799
f 511 1299 1835
f 556 1317 1853
f 484 1341 1889
f 580 1564 2195
f 567 1462 2319
f 522 1588 2283
f 427 1347 1905
f 544 1521 2103
f 468 1420 2046
f 436 1395 1957
f 499 1497 2069
f 530 1515 2087
f 548 1557 2141
f 466 1425 1979
f 442 1431 1993
f 505 1570 2229
f 536 1372 2296
f 491 1282 2188
f 423 1258 1882
f 513 1294 1902
f 564 1312 2280
f 581 1330 2316
f 549 1378 2172
f 477 1540 2157
f 445 1449 2011
f 503 1575 2209
f 525 1365 1923
f 474 1486 2134
f 438 1390 1972
f 495 1437 1995
f 532 1510 2226
f 552 1528 2303
f 490 1546 2175
f 577 1468 2154
f 559 1455 2013
f 517 1581 2211
f 430 1359 1921
f 590 1272 1865
f 584 1248 1811
f 585 1253 1796
f 592 1289 1832
f 595 1307 1850
f 598 1337 1888
f 636 1554 2194
f 621 1476 2322
f 642 1602 2286
f 601 1355 1908
f 623 1482 2099
f 611 1404 2045
f 609 1409 1962
f 625 1493 2068
f 628 1505 2084
f 632 1536 2140
f 613 1415 1976
f 616 1445 1998
f 638 1595 2232
f 606 1386 2299
f 407 909 2330
f 403 891 2324
f 404 886 2325
f 410 898 2332
f 413 904 2335
f 422 922 2344
f 486 1060 2410
f 573 1240 2497
f 561 1204 2486
f 512 1102 2434
f 452 999 2375
f 448 981 2369
f 449 976 2370
f 455 988 2377
f 458 994 2380
f 470 1024 2393
f 437 952 2359
f 494 1066 2415
f 531 1138 2455
f 539 1179 2461
f 568 1233 2489
f 478 1041 2399
f 419 927 2341
f 509 1119 2431
f 554 1209 2476
f 482 1053 2405
f 576 1228 2500
f 558 1192 2481
f 516 1108 2439
f 425 933 2348
f 542 1167 2465
f 463 1005 2383
f 434 957 2356
f 497 1083 2420
f 528 1150 2452
f 546 1174 2471
f 464 1029 2386
f 440 963 2363
f 500 1077 2422
f 524 1126 2445
f 479 1036 2400
f 418 915 2338
f 508 1095 2428
f 553 1185 2473
f 569 1216 2490
f 538 1155 2458
f 471 1018 2394
f 443 970 2366
f 501 1090 2425
f 523 1143 2444
f 467 1012 2389
f 433 945 2353
f 493 1071 2414
f 527 1131 2449
f 543 1162 2466
f 485 1047 2407
f 572 1221 2494
f 557 1197 2480
f 515 1114 2438
f 428 940 2351
f 591 1284 2510
f 587 1260 2504
f 588 1296 2508
f 594 1314 2514
f 597 1332 2517
f 600 1380 2520
f 634 1542 2554
f 619 1451 2539
f 639 1577 2560
f 602 1367 2523
f 624 1488 2543
f 608 1392 2527
f 610 1439 2532
f 627 1512 2547
f 630 1530 2550
f 635 1548 2552
f 615 1470 2535
f 617 1457 2538
f 637 1583 2558
f 604 1361 2524
f 167 1616 1607
f 164 1608 1603
f 163 1606 1604
f 165 1612 1610
f 166 1615 1613
f 169 1624 1622
f 192 1692 1686
f 222 1782 1773
f 216 1765 1761
f 199 1714 1712
f 182 1661 1652
f 179 1653 1648
f 178 1651 1649
f 180 1657 1655
f 181 1660 1658
f 186 1675 1670
f 174 1639 1637
f 193 1696 1694
f 205 1733 1731
f 212 1751 1739
f 221 1779 1768
f 189 1683 1678
f 170 1626 1619
f 202 1721 1709
f 217 1766 1754
f 191 1689 1682
f 220 1778 1776
f 214 1760 1758
f 200 1718 1716
f 171 1629 1625
f 210 1747 1742
f 183 1665 1663
f 175 1641 1634
f 196 1704 1697
f 207 1737 1728
f 211 1750 1746
f 187 1676 1664
f 176 1644 1640
f 195 1702 1700
f 203 1726 1724
f 188 1681 1679
f 168 1620 1618
f 198 1710 1708
f 213 1755 1753
f 218 1771 1769
f 208 1740 1738
f 185 1673 1671
f 177 1647 1643
f 197 1707 1701
f 206 1734 1723
f 184 1669 1667
f 173 1635 1633
f 194 1698 1693
f 204 1729 1727
f 209 1745 1743
f 190 1687 1685
f 219 1774 1772
f 215 1762 1757
f 201 1720 1715
f 172 1632 1628
f 357 2189 2187
f 255 1883 1881
f 262 1903 1899
f 388 2281 2277
f 400 2317 2313
f 352 2173 2169
f 347 2158 2156
f 298 2012 2010
f 364 2210 2208
f 269 1924 1917
f 339 2135 2133
f 285 1973 1971
f 293 1996 1989
f 370 2227 2223
f 396 2304 2300
f 353 2176 2174
f 346 2155 2151
f 299 2014 2007
f 365 2212 2205
f 268 1922 1920
f 249 1864 1855
f 231 1810 1801
f 226 1795 1784
f 238 1831 1820
f 244 1849 1838
f 257 1887 1874
f 359 2193 2180
f 402 2321 2310
f 390 2285 2274
f 264 1907 1896
f 327 2098 2089
f 309 2044 2035
f 282 1961 1950
f 317 2067 2054
f 322 2083 2072
f 341 2139 2126
f 286 1975 1964
f 294 1997 1986
f 372 2231 2220
f 394 2298 2291
f 358 2190 2183
f 256 1884 1877
f 261 1900 1891
f 387 2278 2269
f 399 2314 2305
f 351 2170 2161
f 348 2159 2148
f 300 2015 2004
f 366 2213 2202
f 267 1918 1909
f 340 2136 2129
f 287 1977 1967
f 291 1990 1981
f 369 2224 2215
f 395 2301 2288
f 354 2177 2166
f 345 2152 2143
f 297 2008 1999
f 363 2206 2197
f 270 1925 1914
f 234 1817 1806
f 227 1797 1787
f 239 1833 1823
f 245 1851 1841
f 252 1871 1860
f 275 1941 1931
f 334 2119 2108
f 304 2029 2018
f 377 2247 2234
f 382 2262 2255
f 312 2051 2040
f 279 1954 1945
f 316 2064 2057
f 323 2085 2075
f 330 2105 2094
f 335 2121 2111
f 305 2031 2021
f 376 2244 2237
f 383 2265 2252
f 274 1939 1928
f 232 1814 1812
f 225 1793 1791
f 237 1829 1827
f 243 1847 1845
f 250 1868 1866
f 273 1937 1935
f 336 2124 2118
f 306 2034 2028
f 378 2250 2246
f 381 2261 2259
f 311 2050 2048
f 281 1960 1953
f 315 2063 2061
f 321 2081 2079
f 328 2102 2100
f 333 2117 2115
f 303 2027 2025
f 375 2243 2241
f 384 2268 2264
f 276 1944 1938
f 229 1804 1802
f 223 1785 1783
f 235 1821 1819
f 241 1839 1837
f 247 1858 1856
f 271 1929 1927
f 332 2114 2112
f 302 2024 2022
f 374 2240 2238
f 379 2253 2251
f 307 2038 2036
f 278 1951 1949
f 313 2055 2053
f 319 2073 2071
f 325 2092 2090
f 331 2109 2107
f 301 2019 2017
f 373 2235 2233
f 380 2258 2256
f 272 1934 1932
f 248 1861 1859
f 230 1807 1805
f 224 1790 1788
f 236 1826 1824
f 242 1844 1842
f 254 1880 1878
f 356 2186 2184
f 397 2308 2306
f 385 2272 2270
f 259 1894 1892
f 326 2095 2093
f 308 2041 2039
f 277 1948 1946
f 314 2060 2058
f 320 2078 2076
f 338 2132 2130
f 284 1970 1968
f 289 1984 1982
f 367 2218 2216
f 391 2289 2287
f 355 2181 2179
f 253 1875 1873
f 260 1897 1895
f 386 2275 2273
f 398 2311 2309
f 350 2167 2165
f 343 2146 2144
f 295 2002 2000
f 361 2200 2198
f 266 1915 1913
f 337 2127 2125
f 283 1965 1963
f 290 1987 1985
f 368 2221 2219
f 392 2294 2292
f 349 2164 2162
f 344 2149 2147
f 296 2005 2003
f 362 2203 2201
f 265 1912 1910
f 251 1870 1863
f 233 1816 1809
f 228 1800 1794
f 240 1836 1830
f 246 1854 1848
f 258 1890 1886
f 360 2196 2192
f 401 2320 2318
f 389 2284 2282
f 263 1906 1904
f 329 2104 2097
f 310 2047 2043
f 280 1958 1956
f 318 2070 2066
f 324 2088 2082
f 342 2142 2138
f 288 1980 1974
f 292 1994 1992
f 371 2230 2228
f 393 2297 2295
f 409 2329 2331
f 405 2323 2327
f 411 2326 2328
f 414 2333 2334
f 417 2336 2337
f 431 2345 2346
f 488 2409 2412
f 575 2496 2499
f 563 2485 2487
f 519 2435 2436
f 454 2374 2376
f 450 2368 2372
f 456 2371 2373
f 459 2378 2379
f 462 2381 2382
f 472 2392 2396
f 446 2360 2361
f 506 2416 2418
f 535 2456 2457
f 541 2460 2463
f 570 2488 2492
f 480 2398 2402
f 421 2340 2343
f 511 2430 2433
f 556 2475 2478
f 484 2404 2406
f 580 2501 2502
f 567 2482 2484
f 522 2440 2442
f 427 2347 2349
f 544 2464 2468
f 468 2384 2387
f 436 2355 2358
f 499 2419 2421
f 530 2451 2454
f 548 2470 2472
f 466 2385 2388
f 442 2362 2364
f 505 2423 2426
f 536 2446 2448
f 491 2401 2403
f 423 2339 2342
f 513 2429 2432
f 564 2474 2477
f 581 2491 2493
f 549 2459 2462
f 477 2395 2397
f 445 2365 2367
f 503 2424 2427
f 525 2443 2447
f 474 2390 2391
f 438 2354 2357
f 495 2413 2417
f 532 2450 2453
f 552 2467 2469
f 490 2408 2411
f 577 2495 2498
f 559 2479 2483
f 517 2437 2441
f 430 2350 2352
f 590 2511 2509
f 584 2505 2503
f 585 2507 2506
f 592 2513 2512
f 595 2516 2515
f 598 2519 2518
f 636 2556 2555
f 621 2540 2541
f 642 2561 2562
f 601 2521 2522
f 623 2544 2542
f 611 2529 2528
f 609 2530 2531
f 625 2546 2545
f 628 2549 2548
f 632 2553 2551
f 613 2534 2533
f 616 2536 2537
f 638 2557 2559
f 606 2525 2526
f 1607 644 647
f 1603 643 644
f 1604 645 643
f 1610 646 645
f 1613 647 646
f 1622 652 649
f 1686 670 672
f 1773 699 702
f 1761 695 696
f 1712 681 679
f 1652 659 662
f 1648 658 659
f 1649 660 658
f 1655 661 660
f 1658 662 661
f 1670 665 666
f 1637 657 654
f 1694 677 673
f 1731 686 685
f 1739 688 692
f 1768 698 701
f 1678 668 669
f 1619 648 650
f 1709 678 682
f 1754 693 697
f 1682 669 671
f 1776 701 700
f 1758 697 694
f 1716 682 680
f 1625 650 651
f 1742 689 690
f 1663 664 663
f 1634 653 655
f 1697 674 676
f 1728 684 687
f 1746 690 691
f 1664 663 667
f 1640 655 656
f 1700 676 675
f 1724 687 683
f 1679 672 668
f 1618 649 648
f 1708 679 678
f 1753 696 693
f 1769 702 698
f 1738 691 688
f 1671 667 665
f 1643 656 657
f 1701 675 677
f 1723 683 686
f 1667 666 664
f 1633 654 653
f 1693 673 674
f 1727 685 684
f 1743 692 689
f 1685 671 670
f 1772 700 699
f 1757 694 695
f 1715 680 681
f 1628 651 652
f 2187 838 837
f 1881 736 735
f 1899 741 742
f 2277 867 868
f 2313 879 880
f 2169 831 832
f 2156 828 827
f 2010 780 778
f 2208 846 844
f 1917 747 749
f 2133 820 819
f 1971 767 765
f 1989 771 773
f 2223 849 850
f 2300 875 876
f 2174 834 833
f 2151 825 826
f 2007 777 779
f 2205 843 845
f 1920 750 748
f 1855 727 729
f 1801 709 711
f 1784 703 706
f 1820 715 718
f 1838 721 724
f 1874 733 737
f 2180 835 839
f 2310 878 882
f 2274 866 870
f 1896 740 744
f 2089 805 807
f 2035 787 789
f 1950 758 762
f 2054 793 797
f 2072 799 802
f 2126 817 821
f 1964 763 766
f 1986 770 774
f 2220 848 852
f 2291 872 874
f 2183 836 838
f 1877 734 736
f 1891 739 741
f 2269 865 867
f 2305 877 879
f 2161 829 831
f 2148 824 828
f 2004 776 780
f 2202 842 846
f 1909 745 747
f 2129 818 820
f 1967 764 767
f 1981 769 771
f 2215 847 849
f 2288 871 875
f 2166 830 834
f 2143 823 825
f 1999 775 777
f 2197 841 843
f 1914 746 750
f 1806 710 714
f 1787 704 707
f 1823 716 719
f 1841 722 725
f 1860 728 732
f 1931 752 755
f 2108 811 814
f 2018 781 784
f 2234 853 857
f 2255 860 862
f 2040 788 792
f 1945 757 759
f 2057 794 796
f 2075 800 803
f 2094 806 810
f 2111 812 815
f 2021 782 785
f 2237 854 856
f 2252 859 863
f 1928 751 754
f 1812 714 712
f 1791 707 705
f 1827 719 717
f 1845 725 723
f 1866 732 730
f 1935 755 753
f 2118 814 816
f 2028 784 786
f 2246 857 858
f 2259 862 861
f 2048 792 791
f 1953 759 761
f 2061 796 795
f 2079 803 801
f 2100 810 808
f 2115 815 813
f 2025 785 783
f 2241 856 855
f 2264 863 864
f 1938 754 756
f 1802 712 709
f 1783 705 703
f 1819 717 715
f 1837 723 721
f 1856 730 727
f 1927 753 751
f 2112 816 812
f 2022 786 782
f 2238 858 854
f 2251 861 859
f 2036 791 787
f 1949 761 758
f 2053 795 793
f 2071 801 799
f 2090 808 805
f 2107 813 811
f 2017 783 781
f 2233 855 853
f 2256 864 860
f 1932 756 752
f 1859 731 728
f 1805 713 710
f 1788 708 704
f 1824 720 716
f 1842 726 722
f 1878 738 734
f 2184 840 836
f 2306 881 877
f 2270 869 865
f 1892 743 739
f 2093 809 806
f 2039 790 788
f 1946 760 757
f 2058 798 794
f 2076 804 800
f 2130 822 818
f 1968 768 764
f 1982 772 769
f 2216 851 847
f 2287 873 871
f 2179 837 835
f 1873 735 733
f 1895 742 740
f 2273 868 866
f 2309 880 878
f 2165 832 830
f 2144 827 823
f 2000 778 775
f 2198 844 841
f 1913 749 746
f 2125 819 817
f 1963 765 763
f 1985 773 770
f 2219 850 848
f 2292 876 872
f 2162 833 829
f 2147 826 824
f 2003 779 776
f 2201 845 842
f 1910 748 745
f 1863 729 731
f 1809 711 713
f 1794 706 708
f 1830 718 720
f 1848 724 726
f 1886 737 738
f 2192 839 840
f 2318 882 881
f 2282 870 869
f 1904 744 743
f 2097 807 809
f 2043 789 790
f 1956 762 760
f 2066 797 798
f 2082 802 804
f 2138 821 822
f 1974 766 768
f 1992 774 772
f 2228 852 851
f 2295 874 873
f 2331 1270 1269
f 2327 1246 1245
f 2328 1251 1252
f 2334 1287 1288
f 2337 1305 1306
f 2346 1335 1336
f 2412 1552 1551
f 2499 1474 1473
f 2487 1600 1599
f 2436 1353 1354
f 2376 1480 1479
f 2372 1402 1401
f 2373 1407 1408
f 2379 1491 1492
f 2382 1503 1504
f 2396 1534 1533
f 2361 1413 1414
f 2418 1443 1444
f 2457 1593 1594
f 2463 1384 1383
f 2492 1324 1323
f 2402 1276 1275
f 2343 1264 1263
f 2433 1300 1299
f 2478 1318 1317
f 2406 1342 1341
f 2502 1563 1564
f 2484 1461 1462
f 2442 1587 1588
f 2349 1348 1347
f 2468 1522 1521
f 2387 1419 1420
f 2358 1396 1395
f 2421 1498 1497
f 2454 1516 1515
f 2472 1558 1557
f 2388 1426 1425
f 2364 1432 1431
f 2426 1569 1570
f 2448 1371 1372
f 2403 1281 1282
f 2342 1257 1258
f 2432 1293 1294
f 2477 1311 1312
f 2493 1329 1330
f 2462 1377 1378
f 2397 1539 1540
f 2367 1450 1449
f 2427 1576 1575
f 2447 1366 1365
f 2391 1485 1486
f 2357 1389 1390
f 2417 1438 1437
f 2453 1509 1510
f 2469 1527 1528
f 2411 1545 1546
f 2498 1467 1468
f 2483 1456 1455
f 2441 1582 1581
f 2352 1360 1359
f 2509 1271 1272
f 2503 1247 1248
f 2506 1254 1253
f 2512 1290 1289
f 2515 1308 1307
f 2518 1338 1337
f 2555 1553 1554
f 2541 1475 1476
f 2562 1601 1602
f 2522 1356 1355
f 2542 1481 1482
f 2528 1403 1404
f 2531 1410 1409
f 2545 1494 1493
f 2548 1506 1505
f 2551 1535 1536
f 2533 1416 1415
f 2537 1446 1445
f 2559 1596 1595
f 2526 1385 1386
f 1616 907 909
f 1608 889 891
f 1606 883 886
f 1612 895 898
f 1615 901 904
f 1624 919 922
f 1692 1057 1060
f 1782 1237 1240
f 1765 1201 1204
f 1714 1099 1102
f 1661 997 999
f 1653 979 981
f 1651 973 976
f 1657 985 988
f 1660 991 994
f 1675 1021 1024
f 1639 949 952
f 1696 1063 1066
f 1733 1135 1138
f 1751 1177 1179
f 1779 1231 1233
f 1683 1039 1041
f 1626 925 927
f 1721 1117 1119
f 1766 1207 1209
f 1689 1051 1053
f 1778 1225 1228
f 1760 1189 1192
f 1718 1105 1108
f 1629 931 933
f 1747 1165 1167
f 1665 1003 1005
f 1641 955 957
f 1704 1081 1083
f 1737 1147 1150
f 1750 1171 1174
f 1676 1027 1029
f 1644 961 963
f 1702 1075 1077
f 1726 1123 1126
f 1681 1033 1036
f 1620 913 915
f 1710 1093 1095
f 1755 1183 1185
f 1771 1213 1216
f 1740 1153 1155
f 1673 1015 1018
f 1647 967 970
f 1707 1087 1090
f 1734 1141 1143
f 1669 1009 1012
f 1635 943 945
f 1698 1069 1071
f 1729 1129 1131
f 1745 1159 1162
f 1687 1045 1047
f 1774 1219 1221
f 1762 1195 1197
f 1720 1111 1114
f 1632 937 940
f 2189 1280 1284
f 1883 1256 1260
f 1903 1292 1296
f 2281 1310 1314
f 2317 1328 1332
f 2173 1376 1380
f 2158 1538 1542
f 2012 1447 1451
f 2210 1573 1577
f 1924 1363 1367
f 2135 1484 1488
f 1973 1388 1392
f 1996 1435 1439
f 2227 1508 1512
f 2304 1526 1530
f 2176 1544 1548
f 2155 1466 1470
f 2014 1453 1457
f 2212 1579 1583
f 1922 1357 1361
f 1864 1268 1270
f 1810 1244 1246
f 1795 1249 1251
f 1831 1285 1287
f 1849 1303 1305
f 1887 1333 1335
f 2193 1550 1552
f 2321 1472 1474
f 2285 1598 1600
f 1907 1351 1353
f 2098 1478 1480
f 2044 1400 1402
f 1961 1405 1407
f 2067 1489 1491
f 2083 1501 1503
f 2139 1532 1534
f 1975 1411 1413
f 1997 1441 1443
f 2231 1591 1593
f 2298 1382 1384
f 2190 1322 1324
f 1884 1274 1276
f 1900 1262 1264
f 2278 1298 1300
f 2314 1316 1318
f 2170 1340 1342
f 2159 1561 1563
f 2015 1459 1461
f 2213 1585 1587
f 1918 1346 1348
f 2136 1520 1522
f 1977 1417 1419
f 1990 1394 1396
f 2224 1496 1498
f 2301 1514 1516
f 2177 1556 1558
f 2152 1424 1426
f 2008 1430 1432
f 2206 1567 1569
f 1925 1369 1371
f 1817 1279 1281
f 1797 1255 1257
f 1833 1291 1293
f 1851 1309 1311
f 1871 1327 1329
f 1941 1375 1377
f 2119 1537 1539
f 2029 1448 1450
f 2247 1574 1576
f 2262 1364 1366
f 2051 1483 1485
f 1954 1387 1389
f 2064 1436 1438
f 2085 1507 1509
f 2105 1525 1527
f 2121 1543 1545
f 2031 1465 1467
f 2244 1454 1456
f 2265 1580 1582
f 1939 1358 1360
f 1814 1267 1271
f 1793 1243 1247
f 1829 1250 1254
f 1847 1286 1290
f 1868 1304 1308
f 1937 1334 1338
f 2124 1549 1553
f 2034 1471 1475
f 2250 1597 1601
f 2261 1352 1356
f 2050 1477 1481
f 1960 1399 1403
f 2063 1406 1410
f 2081 1490 1494
f 2102 1502 1506
f 2117 1531 1535
f 2027 1412 1416
f 2243 1442 1446
f 2268 1592 1596
f 1944 1381 1385
f 1804 890 894
f 1785 884 887
f 1821 896 899
f 1839 902 905
f 1858 908 912
f 1929 938 941
f 2114 1046 1050
f 2024 1220 1224
f 2240 1196 1200
f 2253 1112 1115
f 2038 980 984
f 1951 974 977
f 2055 986 989
f 2073 992 995
f 2092 998 1002
f 2109 1016 1019
f 2019 968 971
f 2235 1088 1091
f 2258 1142 1146
f 1934 1154 1158
f 1861 1214 1217
f 1807 1034 1037
f 1790 914 918
f 1826 1094 1098
f 1844 1184 1188
f 1880 1040 1044
f 2186 1232 1236
f 2308 1208 1212
f 2272 1118 1122
f 1894 926 930
f 2095 1160 1163
f 2041 1010 1013
f 1948 944 948
f 2060 1070 1074
f 2078 1130 1134
f 2132 1166 1170
f 1970 1004 1008
f 1984 956 960
f 2218 1082 1086
f 2289 1148 1151
f 2181 1058 1061
f 1875 920 923
f 1897 1100 1103
f 2275 1202 1205
f 2311 1238 1241
f 2167 1172 1175
f 2146 1028 1032
f 2002 962 966
f 2200 1076 1080
f 1915 1124 1127
f 2127 1022 1025
f 1965 950 953
f 1987 1064 1067
f 2221 1136 1139
f 2294 1178 1182
f 2164 1052 1056
f 2149 1226 1229
f 2005 1190 1193
f 2203 1106 1109
f 1912 932 936
f 1870 1321 1325
f 1816 1273 1277
f 1800 1261 1265
f 1836 1297 1301
f 1854 1315 1319
f 1890 1339 1343
f 2196 1562 1566
f 2320 1460 1464
f 2284 1586 1590
f 1906 1345 1349
f 2104 1519 1523
f 2047 1418 1422
f 1958 1393 1397
f 2070 1495 1499
f 2088 1513 1517
f 2142 1555 1559
f 1980 1423 1427
f 1994 1429 1433
f 2230 1568 1572
f 2297 1370 1374
f 2329 894 892
f 2323 887 885
f 2326 899 897
f 2333 905 903
f 2336 912 910
f 2345 941 939
f 2409 1050 1048
f 2496 1224 1222
f 2485 1200 1198
f 2435 1115 1113
f 2374 984 982
f 2368 977 975
f 2371 989 987
f 2378 995 993
f 2381 1002 1000
f 2392 1019 1017
f 2360 971 969
f 2416 1091 1089
f 2456 1146 1144
f 2460 1158 1156
f 2488 1217 1215
f 2398 1037 1035
f 2340 918 916
f 2430 1098 1096
f 2475 1188 1186
f 2404 1044 1042
f 2501 1236 1234
f 2482 1212 1210
f 2440 1122 1120
f 2347 930 928
f 2464 1163 1161
f 2384 1013 1011
f 2355 948 946
f 2419 1074 1072
f 2451 1134 1132
f 2470 1170 1168
f 2385 1008 1006
f 2362 960 958
f 2423 1086 1084
f 2446 1151 1149
f 2401 1061 1059
f 2339 923 921
f 2429 1103 1101
f 2474 1205 1203
f 2491 1241 1239
f 2459 1175 1173
f 2395 1032 1030
f 2365 966 964
f 2424 1080 1078
f 2443 1127 1125
f 2390 1025 1023
f 2354 953 951
f 2413 1067 1065
f 2450 1139 1137
f 2467 1182 1180
f 2408 1056 1054
f 2495 1229 1227
f 2479 1193 1191
f 2437 1109 1107
f 2350 936 934
f 2511 1325 1326
f 2505 1277 1278
f 2507 1265 1266
f 2513 1301 1302
f 2516 1319 1320
f 2519 1343 1344
f 2556 1566 1565
f 2540 1464 1463
f 2561 1590 1589
f 2521 1349 1350
f 2544 1523 1524
f 2529 1422 1421
f 2530 1397 1398
f 2546 1499 1500
f 2549 1517 1518
f 2553 1559 1560
f 2534 1427 1428
f 2536 1433 1434
f 2557 1572 1571
f 2525 1374 1373
f 1609 892 889
f 1605 885 883
f 1611 897 895
f 1614 903 901
f 1617 910 907
f 1631 939 937
f 1688 1048 1045
f 1775 1222 1219
f 1763 1198 1195
f 1719 1113 1111
f 1654 982 979
f 1650 975 973
f 1656 987 985
f 1659 993 991
f 1662 1000 997
f 1672 1017 1015
f 1646 969 967
f 1706 1089 1087
f 1735 1144 1141
f 1741 1156 1153
f 1770 1215 1213
f 1680 1035 1033
f 1621 916 913
f 1711 1096 1093
f 1756 1186 1183
f 1684 1042 1039
f 1780 1234 1231
f 1767 1210 1207
f 1722 1120 1117
f 1627 928 925
f 1744 1161 1159
f 1668 1011 1009
f 1636 946 943
f 1699 1072 1069
f 1730 1132 1129
f 1748 1168 1165
f 1666 1006 1003
f 1642 958 955
f 1705 1084 1081
f 1736 1149 1147
f 1691 1059 1057
f 1623 921 919
f 1713 1101 1099
f 1764 1203 1201
f 1781 1239 1237
f 1749 1173 1171
f 1677 1030 1027
f 1645 964 961
f 1703 1078 1075
f 1725 1125 1123
f 1674 1023 1021
f 1638 951 949
f 1695 1065 1063
f 1732 1137 1135
f 1752 1180 1177
f 1690 1054 1051
f 1777 1227 1225
f 1759 1191 1189
f 1717 1107 1105
f 1630 934 931
f 2191 1326 1322
f 1885 1278 1274
f 1901 1266 1262
f 2279 1302 1298
f 2315 1320 1316
f 2171 1344 1340
f 2160 1565 1561
f 2016 1463 1459
f 2214 1589 1585
f 1919 1350 1346
f 2137 1524 1520
f 1978 1421 1417
f 1991 1398 1394
f 2225 1500 1496
f 2302 1518 1514
f 2178 1560 1556
f 2153 1428 1424
f 2009 1434 1430
f 2207 1571 1567
f 1926 1373 1369
f 1857 911 908
f 1803 893 890
f 1786 888 884
f 1822 900 896
f 1840 906 902
f 1876 924 920
f 2182 1062 1058
f 2312 1242 1238
f 2276 1206 1202
f 1898 1104 1100
f 2091 1001 998
f 2037 983 980
f 1952 978 974
f 2056 990 986
f 2074 996 992
f 2128 1026 1022
f 1966 954 950
f 1988 1068 1064
f 2222 1140 1136
f 2293 1181 1178
f 2185 1235 1232
f 1879 1043 1040
f 1893 929 926
f 2271 1121 1118
f 2307 1211 1208
f 2163 1055 1052
f 2150 1230 1226
f 2006 1194 1190
f 2204 1110 1106
f 1911 935 932
f 2131 1169 1166
f 1969 1007 1004
f 1983 959 956
f 2217 1085 1082
f 2290 1152 1148
f 2168 1176 1172
f 2145 1031 1028
f 2001 965 962
f 2199 1079 1076
f 1916 1128 1124
f 1808 1038 1034
f 1789 917 914
f 1825 1097 1094
f 1843 1187 1184
f 1862 1218 1214
f 1933 1157 1154
f 2110 1020 1016
f 2020 972 968
f 2236 1092 1088
f 2257 1145 1142
f 2042 1014 1010
f 1947 947 944
f 2059 1073 1070
f 2077 1133 1130
f 2096 1164 1160
f 2113 1049 1046
f 2023 1223 1220
f 2239 1199 1196
f 2254 1116 1112
f 1930 942 938
f 1818 1283 1279
f 1798 1259 1255
f 1834 1295 1291
f 1852 1313 1309
f 1872 1331 1327
f 1942 1379 1375
f 2120 1541 1537
f 2030 1452 1448
f 2248 1578 1574
f 2263 1368 1364
f 2052 1487 1483
f 1955 1391 1387
f 2065 1440 1436
f 2086 1511 1507
f 2106 1529 1525
f 2122 1547 1543
f 2032 1469 1465
f 2245 1458 1454
f 2266 1584 1580
f 1940 1362 1358
f 1813 1269 1267
f 1792 1245 1243
f 1828 1252 1250
f 1846 1288 1286
f 1867 1306 1304
f 1936 1336 1334
f 2123 1551 1549
f 2033 1473 1471
f 2249 1599 1597
f 2260 1354 1352
f 2049 1479 1477
f 1959 1401 1399
f 2062 1408 1406
f 2080 1492 1490
f 2101 1504 1502
f 2116 1533 1531
f 2026 1414 1412
f 2242 1444 1442
f 2267 1594 1592
f 1943 1383 1381
f 1869 1323 1321
f 1815 1275 1273
f 1799 1263 1261
f 1835 1299 1297
f 1853 1317 1315
f 1889 1341 1339
f 2195 1564 1562
f 2319 1462 1460
f 2283 1588 1586
f 1905 1347 1345
f 2103 1521 1519
f 2046 1420 1418
f 1957 1395 1393
f 2069 1497 1495
f 2087 1515 1513
f 2141 1557 1555
f 1979 1425 1423
f 1993 1431 1429
f 2229 1570 1568
f 2296 1372 1370
f 2188 1282 1280
f 1882 1258 1256
f 1902 1294 1292
f 2280 1312 1310
f 2316 1330 1328
f 2172 1378 1376
f 2157 1540 1538
f 2011 1449 1447
f 2209 1575 1573
f 1923 1365 1363
f 2134 1486 1484
f 1972 1390 1388
f 1995 1437 1435
f 2226 1510 1508
f 2303 1528 1526
f 2175 1546 1544
f 2154 1468 1466
f 2013 1455 1453
f 2211 1581 1579
f 1921 1359 1357
f 1865 1272 1268
f 1811 1248 1244
f 1796 1253 1249
f 1832 1289 1285
f 1850 1307 1303
f 1888 1337 1333
f 2194 1554 1550
f 2322 1476 1472
f 2286 1602 1598
f 1908 1355 1351
f 2099 1482 1478
f 2045 1404 1400
f 1962 1409 1405
f 2068 1493 1489
f 2084 1505 1501
f 2140 1536 1532
f 1976 1415 1411
f 1998 1445 1441
f 2232 1595 1591
f 2299 1386 1382
f 2330 909 911
f 2324 891 893
f 2325 886 888
f 2332 898 900
f 2335 904 906
f 2344 922 924
f 2410 1060 1062
f 2497 1240 1242
f 2486 1204 1206
f 2434 1102 1104
f 2375 999 1001
f 2369 981 983
f 2370 976 978
f 2377 988 990
f 2380 994 996
f 2393 1024 1026
f 2359 952 954
f 2415 1066 1068
f 2455 1138 1140
f 2461 1179 1181
f 2489 1233 1235
f 2399 1041 1043
f 2341 927 929
f 2431 1119 1121
f 2476 1209 1211
f 2405 1053 1055
f 2500 1228 1230
f 2481 1192 1194
f 2439 1108 1110
f 2348 933 935
f 2465 1167 1169
f 2383 1005 1007
f 2356 957 959
f 2420 1083 1085
f 2452 1150 1152
f 2471 1174 1176
f 2386 1029 1031
f 2363 963 965
f 2422 1077 1079
f 2445 1126 1128
f 2400 1036 1038
f 2338 915 917
f 2428 1095 1097
f 2473 1185 1187
f 2490 1216 1218
f 2458 1155 1157
f 2394 1018 1020
f 2366 970 972
f 2425 1090 1092
f 2444 1143 1145
f 2389 1012 1014
f 2353 945 947
f 2414 1071 1073
f 2449 1131 1133
f 2466 1162 1164
f 2407 1047 1049
f 2494 1221 1223
f 2480 1197 1199
f 2438 1114 1116
f 2351 940 942
f 2510 1284 1283
f 2504 1260 1259
f 2508 1296 1295
f 2514 1314 1313
f 2517 1332 1331
f 2520 1380 1379
f 2554 1542 1541
f 2539 1451 1452
f 2560 1577 1578
f 2523 1367 1368
f 2543 1488 1487
f 2527 1392 1391
f 2532 1439 1440
f 2547 1512 1511
f 2550 1530 1529
f 2552 1548 1547
f 2535 1470 1469
f 2538 1457 1458
f 2558 1583 1584
f 2524 1361 1362
f 1607 1616 1609
f 1603 1608 1605
f 1604 1606 1611
f 1610 1612 1614
f 1613 1615 1617
f 1622 1624 1631
f 1686 1692 1688
f 1773 1782 1775
f 1761 1765 1763
f 1712 1714 1719
f 1652 1661 1654
f 1648 1653 1650
f 1649 1651 1656
f 1655 1657 1659
f 1658 1660 1662
f 1670 1675 1672
f 1637 1639 1646
f 1694 1696 1706
f 1731 1733 1735
f 1739 1751 1741
f 1768 1779 1770
f 1678 1683 1680
f 1619 1626 1621
f 1709 1721 1711
f 1754 1766 1756
f 1682 1689 1684
f 1776 1778 1780
f 1758 1760 1767
f 1716 1718 1722
f 1625 1629 1627
f 1742 1747 1744
f 1663 1665 1668
f 1634 1641 1636
f 1697 1704 1699
f 1728 1737 1730
f 1746 1750 1748
f 1664 1676 1666
f 1640 1644 1642
f 1700 1702 1705
f 1724 1726 1736
f 1679 1681 1691
f 1618 1620 1623
f 1708 1710 1713
f 1753 1755 1764
f 1769 1771 1781
f 1738 1740 1749
f 1671 1673 1677
f 1643 1647 1645
f 1701 1707 1703
f 1723 1734 1725
f 1667 1669 1674
f 1633 1635 1638
f 1693 1698 1695
f 1727 1729 1732
f 1743 1745 1752
f 1685 1687 1690
f 1772 1774 1777
f 1757 1762 1759
f 1715 1720 1717
f 1628 1632 1630
f 2187 2189 2191
f 1881 1883 1885
f 1899 1903 1901
f 2277 2281 2279
f 2313 2317 2315
f 2169 2173 2171
f 2156 2158 2160
f 2010 2012 2016
f 2208 2210 2214
f 1917 1924 1919
f 2133 2135 2137
f 1971 1973 1978
f 1989 1996 1991
f 2223 2227 2225
f 2300 2304 2302
f 2174 2176 2178
f 2151 2155 2153
f 2007 2014 2009
f 2205 2212 2207
f 1920 1922 1926
f 1855 1864 1857
f 1801 1810 1803
f 1784 1795 1786
f 1820 1831 1822
f 1838 1849 1840
f 1874 1887 1876
f 2180 2193 2182
f 2310 2321 2312
f 2274 2285 2276
f 1896 1907 1898
f 2089 2098 2091
f 2035 2044 2037
f 1950 1961 1952
f 2054 2067 2056
f 2072 2083 2074
f 2126 2139 2128
f 1964 1975 1966
f 1986 1997 1988
f 2220 2231 2222
f 2291 2298 2293
f 2183 2190 2185
f 1877 1884 1879
f 1891 1900 1893
f 2269 2278 2271
f 2305 2314 2307
f 2161 2170 2163
f 2148 2159 2150
f 2004 2015 2006
f 2202 2213 2204
f 1909 1918 1911
f 2129 2136 2131
f 1967 1977 1969
f 1981 1990 1983
f 2215 2224 2217
f 2288 2301 2290
f 2166 2177 2168
f 2143 2152 2145
f 1999 2008 2001
f 2197 2206 2199
f 1914 1925 1916
f 1806 1817 1808
f 1787 1797 1789
f 1823 1833 1825
f 1841 1851 1843
f 1860 1871 1862
f 1931 1941 1933
f 2108 2119 2110
f 2018 2029 2020
f 2234 2247 2236
f 2255 2262 2257
f 2040 2051 2042
f 1945 1954 1947
f 2057 2064 2059
f 2075 2085 2077
f 2094 2105 2096
f 2111 2121 2113
f 2021 2031 2023
f 2237 2244 2239
f 2252 2265 2254
f 1928 1939 1930
f 1812 1814 1818
f 1791 1793 1798
f 1827 1829 1834
f 1845 1847 1852
f 1866 1868 1872
f 1935 1937 1942
f 2118 2124 2120
f 2028 2034 2030
f 2246 2250 2248
f 2259 2261 2263
f 2048 2050 2052
f 1953 1960 1955
f 2061 2063 2065
f 2079 2081 2086
f 2100 2102 2106
f 2115 2117 2122
f 2025 2027 2032
f 2241 2243 2245
f 2264 2268 2266
f 1938 1944 1940
f 1802 1804 1813
f 1783 1785 1792
f 1819 1821 1828
f 1837 1839 1846
f 1856 1858 1867
f 1927 1929 1936
f 2112 2114 2123
f 2022 2024 2033
f 2238 2240 2249
f 2251 2253 2260
f 2036 2038 2049
f 1949 1951 1959
f 2053 2055 2062
f 2071 2073 2080
f 2090 2092 2101
f 2107 2109 2116
f 2017 2019 2026
f 2233 2235 2242
f 2256 2258 2267
f 1932 1934 1943
f 1859 1861 1869
f 1805 1807 1815
f 1788 1790 1799
f 1824 1826 1835
f 1842 1844 1853
f 1878 1880 1889
f 2184 2186 2195
f 2306 2308 2319
f 2270 2272 2283
f 1892 1894 1905
f 2093 2095 2103
f 2039 2041 2046
f 1946 1948 1957
f 2058 2060 2069
f 2076 2078 2087
f 2130 2132 2141
f 1968 1970 1979
f 1982 1984 1993
f 2216 2218 2229
f 2287 2289 2296
f 2179 2181 2188
f 1873 1875 1882
f 1895 1897 1902
f 2273 2275 2280
f 2309 2311 2316
f 2165 2167 2172
f 2144 2146 2157
f 2000 2002 2011
f 2198 2200 2209
f 1913 1915 1923
f 2125 2127 2134
f 1963 1965 1972
f 1985 1987 1995
f 2219 2221 2226
f 2292 2294 2303
f 2162 2164 2175
f 2147 2149 2154
f 2003 2005 2013
f 2201 2203 2211
f 1910 1912 1921
f 1863 1870 1865
f 1809 1816 1811
f 1794 1800 1796
f 1830 1836 1832
f 1848 1854 1850
f 1886 1890 1888
f 2192 2196 2194
f 2318 2320 2322
f 2282 2284 2286
f 1904 1906 1908
f 2097 2104 2099
f 2043 2047 2045
f 1956 1958 1962
f 2066 2070 2068
f 2082 2088 2084
f 2138 2142 2140
f 1974 1980 1976
f 1992 1994 1998
f 2228 2230 2232
f 2295 2297 2299
f 2331 2329 2330
f 2327 2323 2324
f 2328 2326 2325
f 2334 2333 2332
f 2337 2336 2335
f 2346 2345 2344
f 2412 2409 2410
f 2499 2496 2497
f 2487 2485 2486
f 2436 2435 2434
f 2376 2374 2375
f 2372 2368 2369
f 2373 2371 2370
f 2379 2378 2377
f 2382 2381 2380
f 2396 2392 2393
f 2361 2360 2359
f 2418 2416 2415
f 2457 2456 2455
f 2463 2460 2461
f 2492 2488 2489
f 2402 2398 2399
f 2343 2340 2341
f 2433 2430 2431
f 2478 2475 2476
f 2406 2404 2405
f 2502 2501 2500
f 2484 2482 2481
f 2442 2440 2439
f 2349 2347 2348
f 2468 2464 2465
f 2387 2384 2383
f 2358 2355 2356
f 2421 2419 2420
f 2454 2451 2452
f 2472 2470 2471
f 2388 2385 2386
f 2364 2362 2363
f 2426 2423 2422
f 2448 2446 2445
f 2403 2401 2400
f 2342 2339 2338
f 2432 2429 2428
f 2477 2474 2473
f 2493 2491 2490
f 2462 2459 2458
f 2397 2395 2394
f 2367 2365 2366
f 2427 2424 2425
f 2447 2443 2444
f 2391 2390 2389
f 2357 2354 2353
f 2417 2413 2414
f 2453 2450 2449
f 2469 2467 2466
f 2411 2408 2407
f 2498 2495 2494
f 2483 2479 2480
f 2441 2437 2438
f 2352 2350 2351
f 2509 2511 2510
f 2503 2505 2504
f 2506 2507 2508
f 2512 2513 2514
f 2515 2516 2517
f 2518 2519 2520
f 2555 2556 2554
f 2541 2540 2539
f 2562 2561 2560
f 2522 2521 2523
f 2542 2544 2543
f 2528 2529 2527
f 2531 2530 2532
f 2545 2546 2547
f 2548 2549 2550
f 2551 2553 2552
f 2533 2534 2535
f 2537 2536 2538
f 2559 2557 2558
f 2526 2525 2524