v -0.109342 0.399004 -0.168492
v 0.134910 0.413677 -0.186215
v -0.283960 -0.554548 0.012536
v 0.292759 -0.553499 0.013250
v -0.004628 -0.405916 0.709033
v -0.036442 0.111939 0.439536
v 0.000098 -0.083428 -0.411205
v -0.019401 0.398633 -0.717723
v 0.538381 0.049046 -0.264160
v 0.518679 0.046668 0.254726
v -0.511692 0.058892 -0.277687
v -0.526105 0.022937 0.278206
v 0.007124 0.502571 -0.180405
v -0.042982 0.239616 -0.074717
v -0.203745 0.670638 -0.406369
v -0.328307 0.116384 -0.208304
v -0.353594 0.034882 0.079690
v 0.002672 0.234090 -0.064684
v 0.214407 0.660880 -0.424322
v 0.347620 0.098825 -0.219766
v 0.375030 0.044141 0.039056
v 0.005865 -0.589922 0.020986
v -0.206895 -0.647520 0.420081
v -0.181085 -0.565454 -0.292201
v -0.343609 -0.061232 -0.078591
v -0.362215 -0.104095 0.198965
v 0.210867 -0.637637 0.418660
v 0.182575 -0.560603 -0.291273
v 0.349094 -0.068712 -0.057940
v 0.364819 -0.111530 0.177372
v -0.013941 -0.043079 0.721212
v 0.302733 -0.167721 0.580546
v -0.294792 -0.147781 0.576754
v 0.213096 0.040802 0.468918
v -0.221489 0.029190 0.470646
v -0.022580 0.052842 -0.741863
v 0.204802 0.007712 -0.420304
v -0.212535 0.014883 -0.437760
v 0.310856 0.179148 -0.637079
v -0.314357 0.185403 -0.618892
v 0.605579 0.055040 0.017005
v -0.597169 0.022021 0.029221
v -0.066211 0.478871 -0.182538
v -0.066214 0.378066 -0.147471
v -0.148484 0.490526 -0.241329
v -0.188613 0.271016 -0.184413
v -0.168029 0.212614 -0.102139
v 0.080044 0.494771 -0.189570
v 0.061329 0.403982 -0.156646
v 0.174886 0.498992 -0.251067
v 0.211981 0.273911 -0.211454
v 0.178667 0.225168 -0.139126
v -0.162985 -0.625179 0.006611
v -0.222596 -0.518881 0.168603
v -0.323222 -0.751092 -0.147574
v -0.350923 -0.385496 -0.049416
v -0.314696 -0.345663 0.113034
v 0.176100 -0.618967 0.008403
v 0.234694 -0.520536 0.166097
v 0.325288 -0.748964 -0.147574
v 0.353728 -0.392720 -0.046017
v 0.324877 -0.371631 0.100004
v -0.124114 -0.624270 0.675551
v 0.125075 -0.631383 0.675222
v -0.020345 -0.198506 0.777299
v 0.170408 -0.324533 0.705680
v -0.180252 -0.320545 0.703122
v -0.062287 0.144791 0.214670
v -0.005427 0.142577 0.224887
v -0.022688 0.060556 0.617161
v 0.053871 0.105821 0.502095
v -0.104249 0.086509 0.485975
v -0.057701 -0.288934 -0.353592
v 0.064297 -0.285444 -0.351919
v -0.010488 0.003664 -0.553166
v 0.064407 -0.020736 -0.416179
v -0.072259 -0.017389 -0.424454
v -0.135857 0.573897 -0.627302
v 0.116580 0.565813 -0.639248
v -0.027566 0.211632 -0.794425
v 0.167059 0.321182 -0.748646
v -0.205608 0.318287 -0.738995
v 0.522271 0.052482 -0.234172
v 0.503170 0.062854 -0.166757
v 0.397613 0.074992 -0.370677
v 0.407625 0.072690 -0.420572
v 0.587587 0.043962 -0.110961
v 0.520824 0.038064 0.194803
v 0.471116 0.020102 0.218648
v 0.368767 -0.020530 0.382993
v 0.389309 0.001429 0.372374
v 0.593648 0.057282 0.127275
v -0.479716 0.073870 -0.244898
v -0.452646 0.080393 -0.182911
v -0.385283 0.098002 -0.392588
v -0.398214 0.093090 -0.435678
v -0.567288 0.040199 -0.115537
v -0.524969 0.020282 0.219390
v -0.464701 0.018394 0.245041
v -0.378975 -0.013347 0.398236
v -0.399469 0.000386 0.385404
v -0.582197 0.019626 0.150895
v -0.027691 0.432131 -0.151524
v -0.058663 0.581972 -0.261394
v 0.013042 0.444935 -0.157102
v 0.080321 0.593546 -0.266442
v -0.152690 0.175937 0.007514
v -0.026823 0.238336 -0.075231
v -0.143697 0.124875 0.235598
v -0.254321 0.426823 -0.302483
v 0.001091 0.701226 -0.449341
v -0.291070 0.447671 -0.522944
v -0.372752 0.078454 -0.059075
v -0.300908 0.171625 -0.399652
v -0.560873 0.038365 -0.069642
v -0.303986 0.026948 0.260689
v -0.563884 0.032574 0.069495
v 0.148565 0.179399 0.002934
v 0.112904 0.130866 0.246219
v 0.263263 0.427139 -0.307596
v 0.290503 0.449207 -0.534173
v 0.387492 0.069883 -0.102781
v 0.308787 0.158987 -0.384059
v 0.573624 0.033455 -0.082421
v 0.305717 0.041263 0.240980
v 0.580274 0.044087 0.043057
v -0.079726 -0.588677 0.208320
v -0.090920 -0.643187 -0.139197
v 0.091237 -0.582557 0.209302
v 0.090883 -0.642210 -0.134678
v -0.299328 -0.377180 0.307700
v 0.005686 -0.610390 0.450128
v -0.323835 -0.450019 0.569299
v -0.344685 -0.389698 -0.240608
v 0.000611 -0.499598 -0.259485
v -0.181543 -0.201309 -0.329298
v -0.364328 -0.073032 0.064600
v -0.277016 -0.017782 -0.250389
v -0.522349 0.054054 -0.005731
v -0.339686 -0.149175 0.372997
v -0.526540 0.049647 0.119700
v 0.304881 -0.384767 0.299053
v 0.322845 -0.453588 0.564052
v 0.349713 -0.400425 -0.231234
v 0.188092 -0.209269 -0.325835
v 0.365161 -0.084277 0.059517
v 0.289820 -0.027406 -0.233101
v 0.538599 0.052227 -0.009783
v 0.344762 -0.164865 0.361150
v 0.538977 0.050193 0.096827
v 0.148584 -0.107257 0.714241
v -0.163881 -0.102144 0.703960
v 0.113537 0.016229 0.645576
v -0.132941 0.010292 0.638939
v 0.262326 -0.035675 0.548228
v -0.264142 -0.029998 0.544925
v 0.115798 0.009853 -0.628161
v -0.145554 0.013299 -0.644799
v 0.165903 0.108187 -0.784088
v -0.209047 0.111369 -0.776791
v 0.280765 0.058032 -0.585270
v -0.296695 0.075127 -0.595503
v -0.089765 0.447851 -0.176966
v -0.089249 0.390256 -0.156263
v -0.122684 0.438920 -0.194393
v -0.144640 0.346861 -0.174940
v -0.125255 0.316098 -0.148790
v 0.109192 0.468059 -0.189302
v 0.100066 0.427082 -0.173155
v 0.151041 0.446732 -0.208272
v 0.171782 0.354817 -0.197053
v 0.145741 0.334507 -0.171537
v -0.236998 -0.612529 0.008818
v -0.250363 -0.527667 0.074273
v -0.312919 -0.657534 -0.045072
v -0.324782 -0.505992 -0.018673
v -0.297133 -0.461726 0.056810
v 0.248198 -0.607215 0.009875
v 0.263472 -0.531021 0.071077
v 0.311209 -0.641823 -0.043293
v 0.328948 -0.505225 -0.017041
v 0.308460 -0.474793 0.050988
v -0.055768 -0.485592 0.689851
v 0.052648 -0.487134 0.691253
v -0.010372 -0.310282 0.733693
v 0.074778 -0.376324 0.714222
v -0.086350 -0.374347 0.713189
v -0.052694 0.117069 0.342968
v -0.022314 0.117673 0.349440
v -0.032296 0.097919 0.537887
v -0.002614 0.112317 0.474670
v -0.065076 0.103436 0.465636
v -0.019763 -0.179980 -0.393408
v 0.025876 -0.178531 -0.391306
v -0.004578 0.000017 -0.455535
v 0.028598 -0.050978 -0.413609
v -0.031611 -0.049133 -0.416818
v -0.068833 0.473310 -0.681803
v 0.037120 0.472246 -0.684493
v -0.023797 0.311665 -0.758835
v 0.062826 0.368582 -0.731140
v -0.103518 0.367576 -0.729199
v 0.545717 0.043169 -0.251094
v 0.533167 0.056864 -0.225727
v 0.480175 0.062293 -0.312902
v 0.490443 0.056382 -0.333642
v 0.568009 0.041939 -0.190991
v 0.536373 0.046702 0.231361
v 0.513700 0.041664 0.237625
v 0.449889 0.020925 0.310997
v 0.464409 0.025383 0.308120
v 0.564075 0.055477 0.191854
v -0.513889 0.056397 -0.263162
v -0.489589 0.072134 -0.238681
v -0.454367 0.080590 -0.331589
v -0.466544 0.072029 -0.350987
v -0.538685 0.051347 -0.200742
v -0.537114 0.027354 0.255696
v -0.509660 0.021935 0.262456
v -0.468166 0.014441 0.330870
v -0.493153 0.023875 0.329611
v -0.556922 0.020712 0.218188
v -0.032599 0.496645 -0.181011
v 0.045563 0.503221 -0.185739
v -0.014388 0.474311 -0.165572
v -0.014928 0.530377 -0.201422
v 0.015233 0.479015 -0.168202
v 0.038807 0.531185 -0.199886
v -0.050404 0.326697 -0.128149
v -0.061139 0.189077 0.073044
v -0.034739 0.337034 -0.127340
v -0.076851 0.228029 -0.053502
v -0.033052 0.239004 -0.075497
v -0.094095 0.188662 0.087789
v -0.185491 0.568986 -0.309421
v -0.196589 0.668102 -0.515050
v -0.128673 0.644849 -0.333924
v -0.313781 0.573809 -0.346913
v -0.148718 0.818807 -0.426393
v -0.314208 0.594806 -0.461716
v -0.246732 0.184278 -0.193530
v -0.413120 0.090827 -0.227435
v -0.246577 0.240103 -0.264969
v -0.357702 0.095339 -0.129348
v -0.301968 0.142329 -0.298650
v -0.453712 0.073490 -0.139399
v -0.257728 0.119382 -0.015453
v -0.448697 0.016296 0.157971
v -0.245840 0.106280 0.052484
v -0.370342 0.053117 0.008987
v -0.332519 0.029271 0.161422
v -0.472190 0.037160 0.080809
v 0.030515 0.323602 -0.125075
v 0.008397 0.186477 0.082564
v 0.004575 0.342905 -0.128705
v -0.019524 0.237632 -0.074023
v 0.059376 0.222363 -0.033536
v 0.058075 0.186620 0.101852
v 0.205954 0.580527 -0.322044
v 0.186830 0.638450 -0.539857
v 0.148961 0.679474 -0.352195
v 0.158751 0.808672 -0.464753
v 0.329864 0.591319 -0.348815
v 0.322053 0.589819 -0.474030
v 0.260570 0.176354 -0.219351
v 0.444043 0.070403 -0.224366
v 0.253616 0.230067 -0.276892
v 0.372109 0.081188 -0.159768
v 0.319710 0.124078 -0.290790
v 0.475592 0.056442 -0.153089
v 0.268299 0.122470 -0.057442
v 0.468023 0.021374 0.130055
v 0.253433 0.113334 0.026661
v 0.390716 0.056255 -0.039899
v 0.344849 0.040073 0.135090
v 0.496895 0.033947 0.045206
v -0.083276 -0.600270 0.012883
v 0.095377 -0.598470 0.014181
v -0.035997 -0.587966 0.108679
v -0.047384 -0.589489 -0.058029
v 0.049626 -0.585151 0.107907
v 0.054905 -0.591775 -0.056031
v -0.205600 -0.547603 0.287647
v -0.185993 -0.811352 0.577113
v -0.128119 -0.589511 0.319746
v -0.265827 -0.516431 0.368389
v -0.100161 -0.660521 0.444602
v -0.315477 -0.641108 0.521120
v -0.262990 -0.738598 -0.270618
v -0.111950 -0.409729 -0.312136
v -0.129494 -0.673273 -0.237453
v -0.287981 -0.531344 -0.296058
v -0.085080 -0.523484 -0.268714
v -0.191415 -0.380194 -0.310626
v -0.356865 -0.228808 -0.069718
v -0.394868 0.038719 -0.122271
v -0.344332 -0.220651 -0.155980
v -0.356198 -0.066765 -0.002421
v -0.315589 -0.046076 -0.162437
v -0.420305 0.035839 -0.034895
v -0.335941 -0.224757 0.163130
v -0.408567 -0.011608 0.221297
v -0.329641 -0.242226 0.250352
v -0.364422 -0.084795 0.128453
v -0.353072 -0.127101 0.280117
v -0.426262 0.005164 0.156682
v 0.214159 -0.541303 0.290793
v 0.189887 -0.810634 0.572514
v 0.136056 -0.579899 0.325044
v 0.105782 -0.655589 0.444631
v 0.270026 -0.514793 0.365568
v 0.314541 -0.637226 0.513752
v 0.263234 -0.738602 -0.270039
v 0.115406 -0.403749 -0.312184
v 0.129853 -0.667258 -0.232822
v 0.086558 -0.519014 -0.267825
v 0.292375 -0.535831 -0.294023
v 0.195844 -0.381598 -0.308780
v 0.358955 -0.238203 -0.060293
v 0.417850 0.030241 -0.100950
v 0.348529 -0.229205 -0.141862
v 0.358876 -0.077775 0.005486
v 0.325198 -0.050522 -0.138564
v 0.430566 0.023442 -0.024413
v 0.341983 -0.239085 0.148456
v 0.411196 -0.013002 0.193524
v 0.334806 -0.252871 0.235899
v 0.367424 -0.095051 0.112924
v 0.357203 -0.136807 0.261080
v 0.429795 0.003902 0.133570
v -0.019075 -0.107562 0.769128
v -0.015870 0.012849 0.676282
v 0.062111 -0.073644 0.734339
v -0.087401 -0.073854 0.724917
v 0.053999 -0.012111 0.693662
v -0.078714 -0.014697 0.688366
v 0.251012 -0.250248 0.661074
v 0.320269 -0.091493 0.471452
v 0.308381 -0.290635 0.571578
v 0.325371 -0.179815 0.468330
v 0.236852 -0.139891 0.664793
v 0.277457 -0.088889 0.566039
v -0.253836 -0.239625 0.656992
v -0.315730 -0.061678 0.479363
v -0.307320 -0.277039 0.573448
v -0.322052 -0.159751 0.474759
v -0.238696 -0.126371 0.657659
v -0.275194 -0.073463 0.563332
v 0.128611 0.076862 0.496231
v 0.302839 0.006824 0.427715
v 0.166587 0.081903 0.371153
v 0.259950 0.041932 0.352221
v 0.165680 0.035231 0.571291
v 0.244503 0.003589 0.520655
v -0.154668 0.060785 0.491100
v -0.306974 0.001144 0.438080
v -0.186103 0.069707 0.368125
v -0.265018 0.027945 0.364550
v -0.178515 0.024803 0.567382
v -0.248527 0.000244 0.519216
v -0.016987 0.007583 -0.665696
v -0.026786 0.121520 -0.790183
v 0.054343 0.023753 -0.698522
v -0.092100 0.028338 -0.704012
v 0.064166 0.079749 -0.769227
v -0.112331 0.080852 -0.774066
v 0.119551 -0.002757 -0.421982
v 0.297733 0.040232 -0.401748
v 0.169322 -0.057722 -0.348832
v 0.249532 -0.008801 -0.327923
v 0.162640 0.013749 -0.521238
v 0.247154 0.034960 -0.506916
v -0.132540 -0.002385 -0.437576
v -0.297419 0.056759 -0.422452
v -0.167438 -0.047525 -0.359315
v -0.245498 -0.000227 -0.344865
v -0.180790 0.019732 -0.536907
v -0.259825 0.048965 -0.525736
v 0.272378 0.254066 -0.739732
v 0.336446 0.104901 -0.520978
v 0.290464 0.298600 -0.593973
v 0.315367 0.188898 -0.501113
v 0.270681 0.138817 -0.761494
v 0.302070 0.100015 -0.629436
v -0.293148 0.250251 -0.710576
v -0.338774 0.119998 -0.527846
v -0.292000 0.299151 -0.579141
v -0.313331 0.197353 -0.503877
v -0.293112 0.145083 -0.733629
v -0.313257 0.113852 -0.621951
v 0.597773 0.050681 -0.043435
v 0.605948 0.056952 0.072087
v 0.597098 0.044006 -0.029105
v 0.604351 0.049633 0.031133
v 0.598215 0.063615 0.004880
v 0.599267 0.061686 0.058653
v -0.585434 0.030485 -0.037939
v -0.597516 0.018067 0.088730
v -0.587353 0.025088 -0.017506
v -0.594603 0.017043 0.047551
v -0.587393 0.031060 0.014027
v -0.590697 0.024965 0.074622
v -0.065065 0.438270 -0.162704
v -0.100535 0.490119 -0.209710
v -0.042152 0.460948 -0.164488
v -0.064371 0.522316 -0.213196
v -0.103726 0.298160 -0.131373
v -0.045178 0.417502 -0.150877
v -0.083526 0.276503 -0.112375
v -0.169991 0.395367 -0.215640
v -0.113787 0.550204 -0.260068
v -0.208685 0.475515 -0.271092
v -0.175659 0.234398 -0.141035
v -0.215847 0.331792 -0.238032
v -0.258161 0.152602 -0.130331
v -0.157827 0.195940 -0.059272
v -0.262794 0.133447 -0.073354
v 0.069436 0.471990 -0.173052
v 0.123470 0.505382 -0.215000
v 0.043182 0.476725 -0.171067
v 0.085353 0.531480 -0.215763
v 0.111040 0.318535 -0.149162
v 0.033077 0.438825 -0.157966
v 0.075698 0.275511 -0.115722
v 0.194802 0.397737 -0.234054
v 0.136226 0.564572 -0.268902
v 0.232284 0.474059 -0.284929
v 0.197983 0.242756 -0.174960
v 0.230905 0.330192 -0.256523
v 0.271777 0.148042 -0.170099
v 0.161986 0.203887 -0.083452
v 0.275578 0.133165 -0.119925
v -0.187726 -0.564447 0.077019
v -0.226240 -0.756638 -0.038385
v -0.116099 -0.578555 0.092037
v -0.128984 -0.675500 -0.062025
v -0.275192 -0.445243 0.142729
v -0.157085 -0.565455 0.191174
v -0.261893 -0.460041 0.245601
v -0.357294 -0.572650 -0.106062
v -0.172905 -0.793562 -0.160816
v -0.359495 -0.603577 -0.220077
v -0.331934 -0.359548 0.032075
v -0.365242 -0.409613 -0.143253
v -0.351030 -0.222391 0.010245
v -0.302695 -0.350160 0.203236
v -0.343617 -0.218830 0.085068
v 0.203735 -0.558452 0.072466
v 0.236664 -0.748302 -0.036964
v 0.132340 -0.570698 0.088419
v 0.134983 -0.675591 -0.056217
v 0.287193 -0.462596 0.132977
v 0.169179 -0.560680 0.191036
v 0.270627 -0.465937 0.240862
v 0.356181 -0.568942 -0.101852
v 0.168051 -0.793973 -0.155664
v 0.360392 -0.604462 -0.215357
v 0.337943 -0.372562 0.028272
v 0.365928 -0.414596 -0.134633
v 0.353699 -0.233712 0.010778
v 0.311197 -0.366427 0.191398
v 0.348252 -0.233045 0.076503
v -0.000437 -0.556581 0.649778
v -0.170619 -0.473911 0.695646
v -0.057749 -0.628520 0.572039
v -0.282280 -0.627084 0.679852
v 0.168697 -0.477769 0.696743
v 0.059309 -0.639307 0.574003
v 0.284587 -0.628762 0.676760
v 0.072604 -0.257848 0.743596
v -0.097040 -0.255606 0.735114
v 0.066014 -0.144869 0.781172
v -0.097641 -0.149649 0.749619
v 0.274958 -0.401649 0.666962
v 0.160167 -0.201597 0.717221
v -0.274297 -0.397661 0.665295
v -0.178569 -0.191904 0.714917
v -0.036445 0.144184 0.215490
v -0.084590 0.112033 0.351858
v -0.040284 0.188618 0.069797
v -0.095227 0.141793 0.221779
v 0.020698 0.115840 0.366414
v -0.020890 0.187807 0.073027
v 0.041762 0.139644 0.237859
v 0.020134 0.084816 0.570776
v -0.071329 0.077923 0.573807
v 0.039718 0.040830 0.642611
v -0.073860 0.035572 0.640751
v 0.084965 0.106230 0.374743
v 0.087873 0.066451 0.589391
v -0.127464 0.098398 0.362182
v -0.119616 0.053969 0.588055
v 0.006533 -0.308871 -0.368004
v -0.069012 -0.147715 -0.382962
v -0.034493 -0.411958 -0.311796
v -0.121168 -0.256345 -0.343295
v 0.070743 -0.150184 -0.380005
v 0.039944 -0.405729 -0.311664
v 0.124976 -0.257219 -0.341106
v 0.032679 0.006220 -0.487804
v -0.047573 0.005977 -0.494017
v 0.043834 0.003616 -0.596757
v -0.070161 0.007224 -0.603180
v 0.118075 -0.111270 -0.367728
v 0.088114 0.006505 -0.511384
v -0.117629 -0.103781 -0.373855
v -0.107175 0.008214 -0.523596
v -0.011821 0.582078 -0.639404
v -0.174643 0.444550 -0.678711
v -0.076449 0.674453 -0.545027
v -0.234869 0.524671 -0.588390
v 0.144972 0.443343 -0.686425
v 0.064135 0.667167 -0.559620
v 0.227843 0.525537 -0.615576
v 0.073462 0.262466 -0.781990
v -0.127696 0.259250 -0.792306
v 0.073237 0.161351 -0.804443
v -0.129897 0.157419 -0.816801
v 0.240237 0.387767 -0.666238
v 0.182949 0.201512 -0.816795
v -0.253405 0.382905 -0.643795
v -0.231370 0.201815 -0.799630
v 0.463925 0.062841 -0.327511
v 0.571889 0.037933 -0.166225
v 0.404950 0.084055 -0.310216
v 0.552415 0.036705 -0.152165
v 0.452795 0.069140 -0.265203
v 0.565772 0.055699 -0.138001
v 0.391289 0.049251 -0.196492
v 0.529192 0.053416 -0.079832
v 0.413222 0.069780 -0.406542
v 0.350248 0.050634 -0.302387
v 0.333045 0.062945 -0.468741
v 0.368344 0.091377 -0.410429
v 0.346125 0.077871 -0.506525
v 0.586487 0.037886 -0.092752
v 0.587646 0.059939 -0.060114
v 0.459850 0.018246 0.283088
v 0.578935 0.053511 0.157940
v 0.422913 0.007006 0.228598
v 0.576041 0.050180 0.117353
v 0.421295 0.001397 0.297839
v 0.568127 0.058255 0.166974
v 0.382340 -0.033433 0.274828
v 0.521051 0.046402 0.149042
v 0.385828 -0.003386 0.383872
v 0.352284 -0.069361 0.371533
v 0.320974 -0.040240 0.468955
v 0.368184 -0.002384 0.334989
v 0.318822 -0.011973 0.456550
v 0.600187 0.052840 0.091270
v 0.591520 0.062131 0.108728
v -0.437663 0.084907 -0.341439
v -0.550640 0.043690 -0.173450
v -0.380840 0.106290 -0.323571
v -0.524577 0.055740 -0.154784
v -0.419682 0.094897 -0.284091
v -0.520221 0.060001 -0.148065
v -0.363653 0.057373 -0.216951
v -0.484372 0.067359 -0.089787
v -0.410590 0.087414 -0.429987
v -0.332778 0.061428 -0.320606
v -0.340419 0.087755 -0.496142
v -0.359245 0.117775 -0.425259
v -0.351685 0.096019 -0.521267
v -0.572515 0.034299 -0.091767
v -0.553715 0.046409 -0.062478
v -0.473098 0.012746 0.304507
v -0.568446 0.027106 0.179894
v -0.421367 0.001187 0.251044
v -0.549598 0.033440 0.140341
v -0.423595 0.008586 0.317354
v -0.542331 0.025830 0.196153
v -0.376155 -0.022353 0.294978
v -0.504248 0.047373 0.182598
v -0.402365 0.000043 0.400600
v -0.348644 -0.044748 0.383614
v -0.325288 -0.028609 0.476538
v -0.370628 -0.001591 0.350363
v -0.324584 -0.010514 0.462995
v -0.585502 0.017968 0.111312
v -0.568127 0.030845 0.133425
v -0.007273 0.446710 -0.156062
v -0.022839 0.342242 -0.128116
v 0.010733 0.589056 -0.247176
v -0.043437 0.660372 -0.343763
v -0.010742 0.346573 -0.129937
v 0.060023 0.675031 -0.351146
v -0.151375 0.156002 0.113793
v -0.231406 0.094031 0.141611
v -0.212084 0.082209 0.249521
v -0.424680 0.512934 -0.359468
v -0.264931 0.307298 -0.350487
v -0.286830 0.329084 -0.457633
v -0.493543 0.061102 -0.058066
v -0.490148 0.050589 0.010814
v -0.574226 0.031247 0.002522
v 0.133005 0.162748 0.120838
v 0.230851 0.104462 0.128739
v 0.201373 0.093857 0.245017
v 0.421886 0.508973 -0.359754
v 0.259911 0.301207 -0.350492
v 0.289089 0.325435 -0.457264
v 0.498169 0.046069 -0.089058
v 0.506631 0.039401 -0.025669
v 0.582334 0.039008 -0.020128
v 0.005732 -0.590376 0.215291
v -0.041573 -0.603909 0.328395
v 0.000812 -0.562234 -0.122675
v -0.050432 -0.566771 -0.199197
v 0.050517 -0.597752 0.330419
v 0.048849 -0.565621 -0.199015
v -0.308447 -0.422704 0.429643
v -0.325558 -0.267703 0.350459
v -0.321791 -0.287631 0.461943
v -0.262390 -0.301914 -0.290870
v -0.299898 -0.181870 -0.236431
v -0.231605 -0.118734 -0.298107
v -0.436596 0.031456 0.039249
v -0.436750 0.021408 0.098083
v -0.536393 0.049068 0.062933
v 0.309991 -0.426947 0.422707
v 0.329335 -0.277467 0.338786
v 0.324076 -0.298581 0.454585
v 0.272896 -0.313196 -0.288912
v 0.310660 -0.193081 -0.224587
v 0.243160 -0.131702 -0.290044
v 0.436974 0.020956 0.035646
v 0.436918 0.016491 0.084695
v 0.555160 0.053848 0.049102
v 0.132899 -0.040113 0.683526
v 0.214231 -0.067285 0.644967
v -0.146923 -0.039963 0.674081
v -0.215906 -0.059329 0.633414
v 0.191037 -0.013094 0.610009
v -0.197505 -0.014272 0.601669
v 0.141981 0.042938 -0.720719
v 0.200946 0.027446 -0.630746
v -0.178646 0.050340 -0.722900
v -0.226651 0.037936 -0.643977
v 0.235857 0.066799 -0.711080
v -0.262403 0.078356 -0.701969
v -0.098016 0.428590 -0.172059
v -0.098765 0.398569 -0.162506
v -0.111350 0.423278 -0.177254
v -0.122881 0.380572 -0.169896
v -0.116095 0.363154 -0.160237
v 0.122916 0.443196 -0.187728
v 0.119757 0.420959 -0.179573
v 0.141789 0.428650 -0.194991
v 0.151409 0.390238 -0.189882
v 0.138549 0.382419 -0.179807
v -0.265237 -0.584501 0.009291
v -0.267669 -0.541756 0.037916
v -0.292774 -0.592737 -0.013357
v -0.303746 -0.538861 -0.001543
v -0.289735 -0.513401 0.031450
v 0.275384 -0.581433 0.011525
v 0.279186 -0.542848 0.037108
v 0.298852 -0.587080 -0.011239
v 0.310638 -0.537657 -0.000734
v 0.300074 -0.517950 0.029301
v -0.026420 -0.440410 0.700496
v 0.019846 -0.440924 0.701017
v -0.006784 -0.362970 0.719623
v 0.030713 -0.393295 0.712238
v -0.041236 -0.392418 0.711465
v -0.044157 0.113432 0.396845
v -0.029351 0.114737 0.399860
v -0.036038 0.109705 0.491024
v -0.022981 0.113007 0.457477
v -0.048829 0.108783 0.451802
v -0.007803 -0.125621 -0.403243
v 0.010784 -0.125643 -0.402368
v -0.001576 -0.030115 -0.424165
v 0.013008 -0.067686 -0.412527
v -0.014193 -0.067448 -0.413822
v -0.040817 0.430939 -0.702056
v 0.005102 0.430912 -0.703040
v -0.021379 0.359633 -0.736375
v 0.016780 0.386123 -0.724178
v -0.056577 0.385846 -0.722733
v 0.544057 0.045075 -0.259740
v 0.539863 0.051836 -0.248246
v 0.518850 0.054385 -0.287288
v 0.524477 0.050194 -0.295398
v 0.555735 0.044160 -0.230594
v 0.529208 0.047008 0.243387
v 0.524178 0.049505 0.246077
v 0.493172 0.040248 0.280286
v 0.497519 0.039192 0.279262
v 0.545325 0.053074 0.223713
v -0.522961 0.050974 -0.271378
v -0.502914 0.064866 -0.260793
v -0.484600 0.069865 -0.302012
v -0.491941 0.064284 -0.309867
v -0.525493 0.054943 -0.242842
v -0.531715 0.025611 0.268931
v -0.526788 0.019465 0.269810
v -0.512397 0.022546 0.299425
v -0.513578 0.025045 0.300216
v -0.541427 0.022108 0.250483
v -0.013051 0.500556 -0.179835
v 0.026938 0.503666 -0.182459
v -0.004773 0.489119 -0.172375
v -0.001902 0.515093 -0.189668
v 0.012796 0.491358 -0.173416
v 0.021338 0.516147 -0.189837
v -0.044325 0.284953 -0.110597
v -0.054326 0.212749 -0.000161
v -0.036863 0.287442 -0.111551
v -0.053314 0.238256 -0.071025
v -0.036730 0.239403 -0.075376
v -0.067763 0.212173 0.005841
v -0.203567 0.619394 -0.353250
v -0.213234 0.697420 -0.456626
v -0.173220 0.676613 -0.370205
v -0.263200 0.617463 -0.378282
v -0.209340 0.797976 -0.419291
v -0.241349 0.635854 -0.427763
v -0.284172 0.144232 -0.199776
v -0.372734 0.098485 -0.217623
v -0.272933 0.162496 -0.239564
v -0.343723 0.106242 -0.167558
v -0.313278 0.128267 -0.251771
v -0.390967 0.090076 -0.174390
v -0.305606 0.075970 0.032027
v -0.403667 0.018160 0.121919
v -0.297700 0.070227 0.067901
v -0.363383 0.042251 0.043190
v -0.343610 0.032331 0.118159
v -0.414462 0.028915 0.082851
v 0.013258 0.278155 -0.105673
v 0.007973 0.209410 0.009108
v -0.000541 0.286007 -0.109174
v -0.011409 0.236431 -0.071207
v 0.025454 0.229959 -0.052577
v 0.030719 0.208436 0.019512
v 0.220216 0.629639 -0.368185
v 0.206230 0.656836 -0.483153
v 0.190904 0.700176 -0.392099
v 0.220454 0.790711 -0.461306
v 0.280153 0.626181 -0.387353
v 0.275173 0.627297 -0.446943
v 0.299018 0.130765 -0.219528
v 0.396763 0.083472 -0.221556
v 0.287910 0.148257 -0.250296
v 0.360783 0.088912 -0.188815
v 0.333149 0.110573 -0.253065
v 0.411753 0.074376 -0.187458
v 0.320938 0.080487 -0.009721
v 0.428277 0.019485 0.087249
v 0.311118 0.077203 0.033680
v 0.385279 0.048752 -0.003259
v 0.360873 0.040967 0.085487
v 0.442504 0.026848 0.042895
v -0.039411 -0.593383 0.018881
v 0.051047 -0.592438 0.019425
v -0.015505 -0.589628 0.063649
v -0.019280 -0.588314 -0.019474
v 0.028301 -0.588418 0.063306
v 0.028841 -0.589044 -0.018999
v -0.200828 -0.580236 0.357689
v -0.219906 -0.771049 0.470921
v -0.158444 -0.606376 0.378617
v -0.242303 -0.586431 0.397338
v -0.154571 -0.677637 0.432925
v -0.266844 -0.671775 0.463647
v -0.223446 -0.676854 -0.297910
v -0.144356 -0.481256 -0.298092
v -0.159978 -0.632425 -0.271326
v -0.236834 -0.568640 -0.302223
v -0.130455 -0.545365 -0.279306
v -0.190181 -0.474849 -0.302727
v -0.351466 -0.144727 -0.075110
v -0.362853 -0.000700 -0.095021
v -0.343001 -0.140015 -0.116619
v -0.351381 -0.065469 -0.039832
v -0.331520 -0.055424 -0.119232
v -0.372876 -0.002318 -0.053793
v -0.348267 -0.164353 0.183136
v -0.377233 -0.044812 0.210381
v -0.345224 -0.173762 0.223929
v -0.364636 -0.094487 0.162532
v -0.357552 -0.115065 0.237888
v -0.381634 -0.034485 0.176173
v 0.207734 -0.565529 0.366787
v 0.220436 -0.763425 0.467485
v 0.165268 -0.588076 0.386491
v 0.159437 -0.668457 0.433685
v 0.246143 -0.579492 0.396249
v 0.262902 -0.660402 0.461341
v 0.223107 -0.674543 -0.297352
v 0.146769 -0.474665 -0.298300
v 0.160270 -0.629169 -0.269577
v 0.131757 -0.540752 -0.278506
v 0.239787 -0.568762 -0.301483
v 0.193255 -0.473185 -0.301862
v 0.354631 -0.153929 -0.061049
v 0.371651 -0.000805 -0.068664
v 0.347630 -0.147927 -0.099304
v 0.354506 -0.074121 -0.024526
v 0.339716 -0.061102 -0.095926
v 0.377348 -0.003414 -0.031698
v 0.352972 -0.174972 0.165891
v 0.379891 -0.049972 0.183999
v 0.349712 -0.183483 0.205904
v 0.367449 -0.102493 0.143388
v 0.361918 -0.123418 0.217018
v 0.383567 -0.038290 0.151488
v -0.015515 -0.074307 0.743141
v -0.014141 -0.014100 0.699678
v 0.022582 -0.058100 0.730984
v -0.050244 -0.058558 0.726487
v 0.020992 -0.027658 0.709579
v -0.047652 -0.028690 0.706581
v 0.281392 -0.209038 0.625154
v 0.308783 -0.131405 0.523591
v 0.305472 -0.224673 0.576365
v 0.314014 -0.177829 0.523450
v 0.273373 -0.155662 0.625850
v 0.287548 -0.125171 0.572595
v -0.281195 -0.191599 0.623156
v -0.303540 -0.108555 0.525582
v -0.307282 -0.203817 0.579558
v -0.310367 -0.157222 0.526444
v -0.268621 -0.139532 0.618271
v -0.282896 -0.106822 0.569581
v 0.169932 0.059131 0.483979
v 0.257786 0.022236 0.451632
v 0.191088 0.060855 0.423392
v 0.236702 0.041280 0.412656
v 0.189587 0.039405 0.523276
v 0.231728 0.021978 0.501995
v -0.185547 0.044825 0.484066
v -0.262112 0.014108 0.453598
v -0.204189 0.046604 0.425288
v -0.243637 0.029162 0.416210
v -0.199970 0.028005 0.521531
v -0.236665 0.014281 0.499616
v -0.019733 0.027657 -0.705346
v -0.024992 0.084099 -0.771203
v 0.017701 0.038064 -0.721585
v -0.059445 0.040118 -0.724884
v 0.018756 0.066470 -0.755718
v -0.065989 0.067229 -0.759308
v 0.160821 0.000040 -0.423744
v 0.250480 0.021445 -0.412715
v 0.180111 -0.011779 -0.379214
v 0.227003 -0.000068 -0.373790
v 0.183403 0.012209 -0.469658
v 0.226852 0.022876 -0.463191
v -0.171945 0.002519 -0.439916
v -0.254358 0.032899 -0.431254
v -0.185964 -0.007265 -0.395644
v -0.228660 0.008326 -0.390971
v -0.196652 0.018741 -0.486219
v -0.237001 0.033326 -0.481457
v 0.308401 0.215240 -0.702884
v 0.320043 0.142830 -0.575569
v 0.303207 0.234433 -0.620170
v 0.313318 0.188691 -0.566115
v 0.308201 0.159995 -0.714087
v 0.309507 0.133835 -0.639635
v -0.311297 0.215954 -0.670553
v -0.323178 0.153372 -0.570782
v -0.305382 0.237185 -0.602845
v -0.314458 0.195809 -0.559570
v -0.313097 0.166298 -0.681783
v -0.315797 0.144942 -0.624086
v 0.601944 0.053460 -0.012541
v 0.607041 0.056132 0.044814
v 0.602791 0.050030 -0.005344
v 0.606091 0.052195 0.024081
v 0.602987 0.059177 0.010328
v 0.605281 0.058756 0.038326
v -0.592121 0.025827 -0.002942
v -0.598962 0.019229 0.059421
v -0.593212 0.023268 0.005833
v -0.597285 0.019152 0.037296
v -0.595687 0.024191 0.022103
v -0.598046 0.021913 0.052185
v -0.079334 0.464893 -0.180735
v -0.050402 0.489578 -0.182456
v -0.065793 0.459192 -0.171366
v -0.081856 0.485256 -0.195441
v -0.052981 0.470908 -0.172382
v -0.065712 0.499402 -0.196013
v -0.077791 0.384201 -0.151323
v -0.055841 0.366009 -0.142563
v -0.064077 0.414974 -0.155421
v -0.083843 0.338830 -0.139551
v -0.053681 0.406803 -0.150979
v -0.072846 0.328296 -0.133690
v -0.134780 0.460377 -0.215857
v -0.165772 0.525723 -0.273067
v -0.122909 0.491625 -0.225880
v -0.159222 0.449591 -0.228280
v -0.134152 0.522802 -0.252811
v -0.177546 0.485083 -0.256797
v -0.166418 0.310862 -0.179654
v -0.215603 0.228130 -0.188744
v -0.179498 0.335069 -0.201433
v -0.180357 0.250113 -0.161762
v -0.201862 0.297960 -0.209486
v -0.214200 0.207868 -0.160844
v -0.137668 0.264538 -0.132397
v -0.211899 0.165527 -0.060753
v -0.129799 0.255089 -0.119246
v -0.172229 0.222311 -0.121314
v -0.163110 0.204414 -0.082091
v -0.214874 0.173313 -0.085473
v 0.095199 0.484967 -0.189513
v 0.063337 0.500465 -0.188403
v 0.075388 0.482043 -0.179933
v 0.100805 0.500983 -0.201394
v 0.060708 0.486775 -0.179450
v 0.083546 0.511335 -0.200679
v 0.079075 0.425332 -0.166746
v 0.046313 0.366393 -0.142276
v 0.062392 0.454565 -0.167458
v 0.084681 0.363129 -0.152099
v 0.044356 0.431810 -0.158896
v 0.067567 0.336818 -0.138007
v 0.161906 0.469872 -0.226108
v 0.189312 0.535226 -0.283684
v 0.148085 0.506552 -0.229861
v 0.186338 0.451768 -0.243307
v 0.158199 0.536251 -0.260002
v 0.203117 0.487824 -0.270058
v 0.192552 0.316141 -0.204410
v 0.233925 0.226586 -0.216683
v 0.202907 0.337706 -0.223816
v 0.205246 0.255895 -0.192417
v 0.220858 0.297948 -0.232511
v 0.233500 0.208434 -0.194349
v 0.155787 0.281553 -0.160721
v 0.221253 0.171874 -0.100321
v 0.140322 0.272232 -0.147050
v 0.189104 0.233319 -0.157888
v 0.169055 0.215543 -0.115430
v 0.227151 0.178935 -0.127370
v -0.201398 -0.626561 0.007215
v -0.125325 -0.609381 0.004493
v -0.174995 -0.590019 0.034118
v -0.189888 -0.680494 -0.018321
v -0.138370 -0.588065 0.038580
v -0.147938 -0.658563 -0.025280
v -0.235028 -0.519356 0.117769
v -0.212879 -0.528124 0.224849
v -0.204791 -0.543448 0.124627
v -0.250608 -0.485310 0.156424
v -0.191063 -0.545549 0.179717
v -0.241841 -0.491538 0.208784
v -0.324281 -0.714182 -0.086360
v -0.297096 -0.758759 -0.213995
v -0.275509 -0.771030 -0.092495
v -0.351876 -0.668777 -0.129445
v -0.257349 -0.792419 -0.157738
v -0.349194 -0.688894 -0.191156
v -0.340580 -0.452597 -0.034685
v -0.356524 -0.310008 -0.061532
v -0.353908 -0.475755 -0.078843
v -0.341063 -0.371447 -0.007785
v -0.359763 -0.399419 -0.094568
v -0.349905 -0.301954 -0.019447
v -0.305829 -0.405483 0.084423
v -0.324940 -0.285439 0.139327
v -0.296200 -0.398939 0.127641
v -0.323170 -0.350733 0.071458
v -0.307934 -0.345068 0.156562
v -0.330607 -0.285264 0.098466
v 0.214052 -0.620317 0.008226
v 0.137549 -0.606513 0.008224
v 0.189884 -0.581746 0.033314
v 0.201520 -0.671113 -0.017886
v 0.153826 -0.580932 0.038398
v 0.158326 -0.652903 -0.021808
v 0.248180 -0.522434 0.114245
v 0.223167 -0.526536 0.224705
v 0.218351 -0.541404 0.122746
v 0.262411 -0.493212 0.150953
v 0.203443 -0.542592 0.179574
v 0.252215 -0.495902 0.205627
v 0.324828 -0.704804 -0.085709
v 0.297054 -0.757383 -0.213099
v 0.280961 -0.768453 -0.089768
v 0.351149 -0.663014 -0.126780
v 0.258433 -0.792896 -0.156535
v 0.349188 -0.687547 -0.189238
v 0.343960 -0.456350 -0.032997
v 0.359123 -0.319037 -0.055207
v 0.355073 -0.478107 -0.074539
v 0.345491 -0.380256 -0.007920
v 0.362704 -0.406894 -0.088431
v 0.352857 -0.311498 -0.017028
v 0.317441 -0.429346 0.073836
v 0.332590 -0.304113 0.126529
v 0.308448 -0.424461 0.114421
v 0.331625 -0.370719 0.063140
v 0.318073 -0.368583 0.142547
v 0.337586 -0.303300 0.088374
v -0.089646 -0.542620 0.680120
v -0.150550 -0.755437 0.673900
v -0.061122 -0.576874 0.655055
v -0.154946 -0.555515 0.691519
v -0.081967 -0.653559 0.638740
v -0.206230 -0.662389 0.705098
v 0.088462 -0.546742 0.681740
v 0.152773 -0.760129 0.671042
v 0.060296 -0.583771 0.657617
v 0.155276 -0.561317 0.692096
v 0.082987 -0.661470 0.641548
v 0.210752 -0.674094 0.703277
v -0.014970 -0.254509 0.751787
v -0.025041 -0.142273 0.802847
v 0.024282 -0.226149 0.766760
v -0.057643 -0.226645 0.752749
v 0.012589 -0.169011 0.823768
v -0.060115 -0.173406 0.766218
v 0.122502 -0.353751 0.712868
v 0.215588 -0.288817 0.690347
v 0.172145 -0.397836 0.699681
v 0.120741 -0.289727 0.723459
v 0.221347 -0.362937 0.687187
v 0.166548 -0.258633 0.713122
v -0.133825 -0.350961 0.711316
v -0.221712 -0.282936 0.685850
v -0.177465 -0.394536 0.697855
v -0.138043 -0.285906 0.720665
v -0.225459 -0.358732 0.685259
v -0.179925 -0.253434 0.708247
v -0.059689 0.124642 0.283162
v -0.063167 0.166624 0.144586
v -0.049230 0.144743 0.213818
v -0.073824 0.124481 0.284934
v -0.050659 0.166635 0.142686
v -0.077316 0.144114 0.217189
v -0.016210 0.123485 0.292330
v 0.003298 0.164068 0.154273
v -0.022394 0.143535 0.219184
v 0.003252 0.122050 0.300085
v -0.013762 0.164744 0.148968
v 0.015447 0.141231 0.231461
v -0.027298 0.080781 0.579739
v -0.018829 0.037860 0.649296
v -0.000111 0.072653 0.596431
v -0.048796 0.069520 0.597829
v 0.006944 0.051330 0.632810
v -0.047337 0.048164 0.632064
v 0.022879 0.111490 0.491591
v 0.089469 0.093681 0.504025
v 0.037648 0.110755 0.433557
v 0.037997 0.097535 0.541995
v 0.070521 0.103517 0.437723
v 0.071845 0.089092 0.551406
v -0.083266 0.095836 0.476221
v -0.127730 0.075023 0.492042
v -0.094835 0.099346 0.420285
v -0.090010 0.084733 0.541649
v -0.116611 0.090731 0.425613
v -0.112974 0.073532 0.549452
v -0.036339 -0.234756 -0.376384
v -0.082784 -0.346905 -0.331604
v -0.025760 -0.301611 -0.361814
v -0.065060 -0.218793 -0.369044
v -0.047438 -0.354883 -0.334755
v -0.089780 -0.274667 -0.348318
v 0.043986 -0.232476 -0.374531
v 0.088015 -0.341434 -0.330532
v 0.035079 -0.296963 -0.359664
v 0.069548 -0.218254 -0.366438
v 0.054091 -0.348411 -0.333815
v 0.094406 -0.273025 -0.346301
v -0.007628 0.006027 -0.500660
v -0.013623 -0.001078 -0.612687
v 0.013286 0.005214 -0.522086
v -0.031192 0.005598 -0.525083
v 0.014270 0.002459 -0.577342
v -0.038287 0.004563 -0.580037
v 0.045321 -0.034620 -0.414606
v 0.087838 -0.009777 -0.418770
v 0.067801 -0.082918 -0.394497
v 0.048014 0.002239 -0.450620
v 0.087474 -0.063560 -0.389570
v 0.072653 0.005026 -0.459411
v -0.050606 -0.031862 -0.419684
v -0.099098 -0.008170 -0.431166
v -0.069307 -0.077626 -0.398657
v -0.060031 0.001147 -0.459386
v -0.090714 -0.055573 -0.396035
v -0.087924 0.003092 -0.471329
v -0.101561 0.522215 -0.658594
v -0.167066 0.621873 -0.577835
v -0.076109 0.583614 -0.637473
v -0.158854 0.510258 -0.655755
v -0.108908 0.631249 -0.590633
v -0.196961 0.562452 -0.625852
v 0.074363 0.517487 -0.662608
v 0.158137 0.609235 -0.604349
v 0.052529 0.575154 -0.638914
v 0.133438 0.505582 -0.663825
v 0.093849 0.622504 -0.608357
v 0.178490 0.551878 -0.635869
v -0.025907 0.261432 -0.779535
v -0.027649 0.164437 -0.798235
v 0.023380 0.236893 -0.787438
v -0.077772 0.234812 -0.793598
v 0.023002 0.187847 -0.796823
v -0.079148 0.185224 -0.805248
v 0.113460 0.346930 -0.739089
v 0.221846 0.290676 -0.753007
v 0.155269 0.381250 -0.713263
v 0.122206 0.290567 -0.771829
v 0.206456 0.353977 -0.712082
v 0.180627 0.261185 -0.794685
v -0.154162 0.345150 -0.735496
v -0.253180 0.286908 -0.731542
v -0.188376 0.379764 -0.704859
v -0.171428 0.288138 -0.774595
v -0.234179 0.350730 -0.696455
v -0.225455 0.259301 -0.780819
v 0.537277 0.046561 -0.244049
v 0.489041 0.060744 -0.227810
v 0.496306 0.057132 -0.280593
v 0.551604 0.042686 -0.199629
v 0.462833 0.067516 -0.272853
v 0.536653 0.044959 -0.191904
v 0.520591 0.061616 -0.198096
v 0.464236 0.052086 -0.133421
v 0.481018 0.066815 -0.215400
v 0.536526 0.059364 -0.152687
v 0.449821 0.060180 -0.181358
v 0.513905 0.056781 -0.121681
v 0.439123 0.070229 -0.341284
v 0.347687 0.061873 -0.389203
v 0.427080 0.073850 -0.318104
v 0.408290 0.072497 -0.392188
v 0.379405 0.073478 -0.340677
v 0.366078 0.071564 -0.421695
v 0.447335 0.065877 -0.375369
v 0.368327 0.085336 -0.468680
v 0.434675 0.068897 -0.373891
v 0.412047 0.070492 -0.415070
v 0.391505 0.078762 -0.418384
v 0.376020 0.077887 -0.463794
v 0.579340 0.041131 -0.149392
v 0.592786 0.047273 -0.076449
v 0.581180 0.039466 -0.137785
v 0.581866 0.049611 -0.123372
v 0.588129 0.040783 -0.101199
v 0.589054 0.052634 -0.085875
v 0.533738 0.043887 0.216376
v 0.497174 0.029397 0.165502
v 0.490475 0.028459 0.237633
v 0.560347 0.049442 0.177525
v 0.471658 0.021122 0.211074
v 0.551759 0.046752 0.155065
v 0.493340 0.030686 0.228909
v 0.443672 0.005718 0.206886
v 0.446569 0.010673 0.257143
v 0.521622 0.041853 0.192191
v 0.423944 -0.001291 0.244666
v 0.496709 0.032477 0.182126
v 0.407963 0.000582 0.345417
v 0.335487 -0.049512 0.423718
v 0.395205 -0.009729 0.339770
v 0.379436 -0.010777 0.385423
v 0.357392 -0.037355 0.376763
v 0.344754 -0.031804 0.426497
v 0.426879 0.011757 0.338997
v 0.348859 -0.002277 0.404298
v 0.425321 0.008771 0.328388
v 0.388702 0.001016 0.379153
v 0.384143 -0.001587 0.360024
v 0.352296 -0.004212 0.413339
v 0.580580 0.056983 0.159549
v 0.601846 0.057430 0.099190
v 0.587767 0.055312 0.141794
v 0.584608 0.059599 0.146214
v 0.598461 0.055217 0.109845
v 0.595902 0.059789 0.117334
v -0.499780 0.065133 -0.254142
v -0.448281 0.082332 -0.236679
v -0.458069 0.079793 -0.293119
v -0.519916 0.057578 -0.208133
v -0.429161 0.089208 -0.284394
v -0.500536 0.065525 -0.198858
v -0.471867 0.077389 -0.212456
v -0.426048 0.069323 -0.151551
v -0.434315 0.084590 -0.232016
v -0.487455 0.071001 -0.165282
v -0.409941 0.078816 -0.200066
v -0.468548 0.074607 -0.135175
v -0.420744 0.092017 -0.362541
v -0.343199 0.086580 -0.413412
v -0.403222 0.097777 -0.337545
v -0.400464 0.093234 -0.414307
v -0.361859 0.093047 -0.359915
v -0.364521 0.094672 -0.446200
v -0.437830 0.079885 -0.394621
v -0.365347 0.105761 -0.480062
v -0.418005 0.089286 -0.389050
v -0.409932 0.087065 -0.436418
v -0.381234 0.103002 -0.432067
v -0.376832 0.095895 -0.480524
v -0.555918 0.044688 -0.157666
v -0.576298 0.036264 -0.076107
v -0.562795 0.040901 -0.144267
v -0.550009 0.048828 -0.131023
v -0.571454 0.036730 -0.103146
v -0.565006 0.042806 -0.088866
v -0.533167 0.026039 0.239625
v -0.489182 0.016347 0.190613
v -0.501672 0.015519 0.262098
v -0.549208 0.027040 0.199132
v -0.475658 0.007457 0.235219
v -0.537432 0.026626 0.177881
v -0.488127 0.021851 0.254086
v -0.438563 0.007835 0.234310
v -0.443758 0.010681 0.280089
v -0.507091 0.028603 0.221022
v -0.419421 0.000069 0.269311
v -0.488139 0.037376 0.213081
v -0.421277 0.002792 0.363616
v -0.342270 -0.032442 0.436476
v -0.402096 -0.000400 0.357211
v -0.392398 -0.006454 0.400610
v -0.363139 -0.022148 0.392027
v -0.352941 -0.021676 0.438280
v -0.446993 0.010729 0.358339
v -0.354220 -0.003813 0.414992
v -0.437616 0.006662 0.345119
v -0.405472 0.001777 0.396476
v -0.390865 -0.001192 0.373663
v -0.360975 -0.004854 0.424715
v -0.570918 0.019697 0.184728
v -0.592651 0.017828 0.118455
v -0.576994 0.021976 0.164473
v -0.572275 0.017552 0.170938
v -0.587481 0.017481 0.130547
v -0.583209 0.022371 0.139491
v -0.022153 0.457555 -0.158925
v -0.031320 0.388261 -0.141322
v -0.033609 0.449526 -0.157950
v -0.036593 0.426082 -0.151007
v -0.017787 0.438617 -0.153309
v -0.024028 0.390811 -0.141486
v -0.033986 0.554306 -0.227612
v -0.089777 0.611941 -0.297901
v -0.062035 0.549274 -0.234347
v -0.088777 0.570445 -0.263679
v -0.024569 0.586168 -0.250926
v -0.052878 0.620999 -0.297852
v 0.015486 0.465078 -0.162850
v 0.008779 0.399201 -0.145834
v 0.027436 0.464889 -0.163626
v 0.022856 0.441897 -0.157239
v 0.003177 0.446483 -0.156823
v 0.000201 0.402843 -0.146549
v 0.056971 0.558688 -0.226172
v 0.110666 0.633219 -0.309619
v 0.084652 0.557881 -0.235592
v 0.110636 0.584637 -0.271360
v 0.046449 0.591427 -0.251738
v 0.073088 0.636190 -0.304355
v -0.111562 0.206344 -0.022676
v -0.197167 0.141665 0.032432
v -0.109252 0.222742 -0.065798
v -0.153625 0.186511 -0.031187
v -0.152068 0.164890 0.056383
v -0.193329 0.133638 0.076781
v -0.029711 0.238654 -0.075385
v -0.023784 0.238075 -0.074827
v -0.032047 0.211424 -0.003828
v -0.025857 0.210938 -0.002930
v -0.023911 0.289989 -0.112701
v -0.020124 0.290444 -0.112901
v -0.119766 0.160647 0.165771
v -0.165940 0.095270 0.303386
v -0.117116 0.136159 0.228287
v -0.136594 0.109526 0.298066
v -0.148862 0.142938 0.174494
v -0.175281 0.106296 0.242779
v -0.306197 0.507367 -0.318094
v -0.244301 0.331164 -0.286642
v -0.243693 0.451694 -0.288169
v -0.234026 0.372887 -0.270174
v -0.327424 0.473363 -0.332908
v -0.249558 0.381786 -0.324873
v -0.072412 0.714643 -0.439557
v 0.074617 0.718898 -0.457486
v -0.039681 0.697255 -0.497848
v 0.033141 0.694726 -0.505403
v -0.026501 0.688762 -0.394736
v 0.036676 0.694664 -0.401380
v -0.321511 0.527381 -0.491602
v -0.280621 0.370763 -0.552158
v -0.271429 0.487689 -0.555101
v -0.269574 0.414645 -0.584469
v -0.341348 0.484676 -0.454249
v -0.279133 0.400664 -0.491853
v -0.367834 0.087829 -0.093351
v -0.373143 0.068191 -0.025431
v -0.312850 0.108065 -0.095619
v -0.315401 0.099447 -0.064061
v -0.431601 0.070555 -0.058387
v -0.432580 0.062575 -0.023792
v -0.298237 0.157328 -0.348178
v -0.307423 0.186855 -0.451487
v -0.335308 0.125429 -0.363220
v -0.331190 0.137406 -0.414825
v -0.277913 0.232224 -0.376517
v -0.289820 0.248941 -0.428699
v -0.522134 0.054094 -0.102004
v -0.579430 0.028452 -0.042513
v -0.540609 0.047650 -0.111654
v -0.569920 0.033153 -0.080288
v -0.543043 0.045739 -0.061176
v -0.572385 0.032918 -0.031606
v -0.319320 0.026403 0.210284
v -0.285442 0.027045 0.312434
v -0.362164 0.003554 0.262656
v -0.340126 0.005738 0.312068
v -0.267351 0.057168 0.203255
v -0.253972 0.054113 0.256414
v -0.532287 0.043797 0.078449
v -0.584928 0.020658 0.058956
v -0.557630 0.032815 0.104490
v -0.578206 0.023153 0.091627
v -0.542089 0.043479 0.043967
v -0.571695 0.030851 0.036043
v 0.101683 0.205554 -0.013510
v 0.199497 0.148439 0.016476
v 0.103884 0.221546 -0.066854
v 0.154937 0.191882 -0.044623
v 0.141621 0.169422 0.058186
v 0.190496 0.140825 0.067758
v 0.085130 0.160868 0.178137
v 0.140249 0.104518 0.310205
v 0.075022 0.137896 0.242590
v 0.099302 0.115551 0.310722
v 0.123738 0.151894 0.186798
v 0.155163 0.116193 0.247136
v 0.317447 0.510779 -0.326163
v 0.245708 0.328418 -0.295918
v 0.256309 0.456397 -0.296857
v 0.242767 0.373363 -0.282299
v 0.331468 0.473031 -0.339195
v 0.250155 0.379866 -0.328508
v 0.319974 0.525826 -0.503425
v 0.281910 0.370996 -0.564252
v 0.266991 0.488563 -0.574209
v 0.263981 0.417009 -0.602792
v 0.339531 0.483882 -0.458779
v 0.283981 0.401188 -0.495014
v 0.381584 0.075389 -0.131511
v 0.391137 0.063498 -0.072527
v 0.327017 0.102736 -0.138758
v 0.330968 0.097356 -0.111101
v 0.444782 0.052316 -0.094980
v 0.450365 0.045967 -0.064401
v 0.310879 0.141574 -0.334389
v 0.313793 0.178064 -0.440395
v 0.351047 0.105638 -0.346178
v 0.340516 0.115044 -0.398401
v 0.280017 0.222645 -0.368572
v 0.293204 0.241664 -0.421718
v 0.541318 0.040180 -0.116220
v 0.587661 0.037524 -0.054720
v 0.566085 0.034252 -0.115635
v 0.582519 0.034868 -0.086187
v 0.549785 0.038678 -0.084015
v 0.577524 0.035902 -0.051155
v 0.326676 0.041297 0.187071
v 0.283174 0.041426 0.295901
v 0.364864 0.011834 0.240108
v 0.339037 0.014364 0.292377
v 0.269500 0.071323 0.186369
v 0.251472 0.068775 0.242682
v 0.548377 0.040590 0.046044
v 0.596532 0.046604 0.037473
v 0.579211 0.046471 0.078631
v 0.595636 0.049023 0.069479
v 0.551377 0.039223 0.010875
v 0.581885 0.041507 0.010191
v -0.057239 -0.587261 0.157143
v -0.103319 -0.588471 0.262634
v -0.097692 -0.581986 0.150234
v -0.120207 -0.580818 0.200713
v -0.037167 -0.590985 0.213382
v -0.060951 -0.594794 0.268202
v -0.075542 -0.606486 -0.096006
v -0.106746 -0.670485 -0.188210
v -0.108139 -0.670293 -0.102764
v -0.112969 -0.734522 -0.153683
v -0.058019 -0.580129 -0.127003
v -0.076991 -0.601354 -0.169254
v 0.070187 -0.582838 0.156733
v 0.113130 -0.581277 0.264942
v 0.111535 -0.577056 0.148621
v 0.132707 -0.577752 0.200082
v 0.048907 -0.587488 0.213710
v 0.070720 -0.588464 0.269995
v 0.080189 -0.608777 -0.092881
v 0.105576 -0.666171 -0.183203
v 0.109739 -0.672860 -0.095609
v 0.111378 -0.726662 -0.144193
v 0.059228 -0.580641 -0.124955
v 0.076165 -0.599308 -0.167608
v -0.283452 -0.445808 0.337928
v -0.314579 -0.309486 0.278433
v -0.281668 -0.422399 0.278800
v -0.299849 -0.361044 0.253112
v -0.302243 -0.398581 0.366373
v -0.314457 -0.325017 0.331706
v -0.050148 -0.623453 0.449439
v 0.059151 -0.622268 0.450155
v -0.025746 -0.599737 0.509796
v 0.041051 -0.602536 0.510850
v -0.020220 -0.610700 0.389441
v 0.029588 -0.607630 0.390215
v -0.323681 -0.550000 0.553987
v -0.315379 -0.357835 0.572398
v -0.320828 -0.545587 0.631203
v -0.312398 -0.432579 0.629549
v -0.316697 -0.443550 0.497890
v -0.319116 -0.363942 0.511698
v -0.326408 -0.469259 -0.274101
v -0.345164 -0.304443 -0.197758
v -0.357735 -0.502442 -0.236311
v -0.361016 -0.407643 -0.193465
v -0.311444 -0.351736 -0.274103
v -0.325718 -0.280050 -0.240581
v -0.042040 -0.506726 -0.261923
v 0.043234 -0.503849 -0.261401
v -0.018407 -0.458414 -0.286644
v 0.021649 -0.456523 -0.286466
v -0.022773 -0.535833 -0.230259
v 0.023113 -0.534863 -0.230260
v -0.187986 -0.288201 -0.319447
v -0.173625 -0.120642 -0.341356
v -0.152066 -0.232141 -0.337966
v -0.147652 -0.152520 -0.351129
v -0.219398 -0.251313 -0.309152
v -0.208583 -0.163429 -0.316579
v -0.360859 -0.068930 0.032299
v -0.365204 -0.078080 0.096202
v -0.355362 -0.146411 0.038571
v -0.354721 -0.147739 0.073378
v -0.389539 -0.005678 0.054955
v -0.389952 -0.010379 0.084456
v -0.297388 -0.033252 -0.206278
v -0.260009 -0.006644 -0.297456
v -0.320458 0.019458 -0.234752
v -0.304238 0.025234 -0.284170
v -0.282537 -0.093841 -0.238982
v -0.250257 -0.067271 -0.273302
v -0.472391 0.053913 -0.019171
v -0.560349 0.042931 0.004088
v -0.502498 0.060062 -0.046557
v -0.540495 0.049795 -0.034886
v -0.485252 0.052689 0.019374
v -0.534607 0.049975 0.030734
v -0.346709 -0.138847 0.325058
v -0.331475 -0.156889 0.423585
v -0.353499 -0.082117 0.331748
v -0.343577 -0.092988 0.378615
v -0.333903 -0.208141 0.363769
v -0.328927 -0.217247 0.416218
v -0.477212 0.036521 0.138756
v -0.559741 0.038628 0.097635
v -0.517270 0.051676 0.149815
v -0.550577 0.042002 0.127159
v -0.485530 0.045179 0.110838
v -0.533200 0.049414 0.092153
v 0.288386 -0.449630 0.332270
v 0.319968 -0.319606 0.267031
v 0.288349 -0.429683 0.272182
v 0.306789 -0.372029 0.243537
v 0.305847 -0.404086 0.358914
v 0.318126 -0.333237 0.321454
v 0.317251 -0.546191 0.546102
v 0.315762 -0.366357 0.568842
v 0.320496 -0.545418 0.626885
v 0.313946 -0.435802 0.628242
v 0.316018 -0.446562 0.491454
v 0.319898 -0.371425 0.505920
v 0.331907 -0.478444 -0.270446
v 0.350710 -0.313447 -0.185814
v 0.360534 -0.507832 -0.228068
v 0.363621 -0.415110 -0.183876
v 0.320094 -0.364710 -0.268674
v 0.333570 -0.292302 -0.229950
v 0.193377 -0.292898 -0.316207
v 0.179389 -0.130548 -0.334729
v 0.156685 -0.236454 -0.334600
v 0.151596 -0.159684 -0.346095
v 0.227979 -0.260363 -0.305946
v 0.217318 -0.174244 -0.311232
v 0.362225 -0.080561 0.033405
v 0.366538 -0.088617 0.085274
v 0.357527 -0.158249 0.036663
v 0.357353 -0.159975 0.066595
v 0.386258 -0.012943 0.052772
v 0.386886 -0.016921 0.076151
v 0.308147 -0.039444 -0.185299
v 0.269957 -0.016380 -0.281166
v 0.337605 0.012417 -0.214788
v 0.319347 0.015994 -0.266057
v 0.294730 -0.104989 -0.224381
v 0.265485 -0.081939 -0.262990
v 0.485419 0.038489 -0.018062
v 0.589255 0.065814 -0.000514
v 0.535132 0.051694 -0.043399
v 0.578127 0.062282 -0.033932
v 0.489615 0.037491 0.012915
v 0.547942 0.053522 0.021320
v 0.351784 -0.151563 0.309660
v 0.335976 -0.174913 0.414210
v 0.360509 -0.098865 0.317005
v 0.349247 -0.113691 0.367294
v 0.337917 -0.220350 0.351817
v 0.332687 -0.230704 0.406786
v 0.484094 0.029558 0.115616
v 0.585379 0.062592 0.078042
v 0.535091 0.050339 0.121384
v 0.579910 0.062363 0.101719
v 0.489468 0.032743 0.090762
v 0.547535 0.051662 0.073350
v 0.104382 -0.090082 0.728608
v 0.193785 -0.124082 0.693715
v 0.109241 -0.127520 0.744642
v 0.154732 -0.150231 0.719902
v 0.141024 -0.071804 0.699923
v 0.184411 -0.086402 0.683585
v -0.125323 -0.088490 0.717310
v -0.202826 -0.113879 0.686042
v -0.132619 -0.125593 0.729772
v -0.172761 -0.142034 0.714092
v -0.154962 -0.068809 0.689695
v -0.191780 -0.078999 0.672994
v 0.084773 0.002677 0.672421
v 0.140503 0.027599 0.612393
v 0.075437 0.029327 0.648284
v 0.101706 0.042032 0.620357
v 0.123855 -0.011038 0.665951
v 0.152400 0.001561 0.632009
v -0.107058 -0.001445 0.666013
v -0.156612 0.019455 0.606850
v -0.102410 0.022867 0.643614
v -0.126252 0.032480 0.615764
v -0.139628 -0.013856 0.657449
v -0.164636 -0.002461 0.624276
v 0.269416 -0.059879 0.557954
v 0.254516 -0.015142 0.536051
v 0.293537 -0.040943 0.509894
v 0.289421 -0.022627 0.502688
v 0.238614 -0.050578 0.597419
v 0.228076 -0.025876 0.581713
v -0.269723 -0.048553 0.555239
v -0.257227 -0.014160 0.533108
v -0.295738 -0.031618 0.512409
v -0.292164 -0.018646 0.503424
v -0.239124 -0.044086 0.588185
v -0.230980 -0.023828 0.574958
v 0.087225 0.012652 -0.669632
v 0.140711 0.012229 -0.575312
v 0.077721 0.007280 -0.612351
v 0.102341 0.008320 -0.566727
v 0.129409 0.020292 -0.681100
v 0.157938 0.014505 -0.638919
v -0.120916 0.019100 -0.677799
v -0.163985 0.018020 -0.589558
v -0.105871 0.010369 -0.623812
v -0.126176 0.011900 -0.580251
v -0.162821 0.028378 -0.688213
v -0.186255 0.023907 -0.649590
v 0.113580 0.093265 -0.781179
v 0.220391 0.122249 -0.782457
v 0.121856 0.133339 -0.805980
v 0.176444 0.151618 -0.805813
v 0.154157 0.071934 -0.755826
v 0.205509 0.083274 -0.757020
v -0.160146 0.096360 -0.778919
v -0.256562 0.126367 -0.765321
v -0.171946 0.134310 -0.800592
v -0.222918 0.152140 -0.794706
v -0.194125 0.077486 -0.752911
v -0.240027 0.090598 -0.745383
v 0.265525 0.045361 -0.549710
v 0.292426 0.075397 -0.611603
v 0.304930 0.059355 -0.523387
v 0.314813 0.070713 -0.548349
v 0.242151 0.042845 -0.612466
v 0.258874 0.059603 -0.649825
v -0.280823 0.062260 -0.568074
v -0.308652 0.090368 -0.615274
v -0.316097 0.079045 -0.542352
v -0.326042 0.088677 -0.560975
v -0.263261 0.057203 -0.623380
v -0.279700 0.074550 -0.649749
v -0.086758 0.426073 -0.165817
v -0.104416 0.447186 -0.185443
v -0.076873 0.443929 -0.169339
v -0.094701 0.467781 -0.191580
v -0.106390 0.353652 -0.152198
v -0.075394 0.420963 -0.160204
v -0.095237 0.346403 -0.145554
v -0.133203 0.398021 -0.184855
v -0.113083 0.466609 -0.203480
v -0.145583 0.419382 -0.204932
v -0.134718 0.329694 -0.160296
v -0.156523 0.367890 -0.193364
v -0.156431 0.291275 -0.161900
v -0.114570 0.306472 -0.139874
v -0.146269 0.276490 -0.146280
v 0.103492 0.452513 -0.180760
v 0.129904 0.459586 -0.198399
v 0.089251 0.472255 -0.180704
v 0.116181 0.484142 -0.200256
v 0.121861 0.380926 -0.171223
v 0.082437 0.460391 -0.174309
v 0.101855 0.381463 -0.163044
v 0.161875 0.404641 -0.203573
v 0.138333 0.480373 -0.211852
v 0.173111 0.424432 -0.221126
v 0.159937 0.342435 -0.183150
v 0.182620 0.373180 -0.213683
v 0.182211 0.300723 -0.187837
v 0.129297 0.328496 -0.160498
v 0.170235 0.290344 -0.173555
v -0.241549 -0.567044 0.038532
v -0.270166 -0.638326 -0.017734
v -0.209589 -0.583508 0.034698
v -0.233739 -0.671312 -0.017439
v -0.275165 -0.497454 0.067416
v -0.221030 -0.551356 0.076264
v -0.261872 -0.487565 0.109414
v -0.320127 -0.580435 -0.037453
v -0.276437 -0.706382 -0.047466
v -0.340627 -0.631427 -0.078183
v -0.310636 -0.480828 0.018775
v -0.341639 -0.539537 -0.059117
v -0.328524 -0.433145 0.005239
v -0.285363 -0.449784 0.097750
v -0.316915 -0.417345 0.044164
v 0.255028 -0.565522 0.037325
v 0.277243 -0.631610 -0.015461
v 0.224756 -0.578798 0.032893
v 0.243887 -0.664338 -0.016027
v 0.287552 -0.506103 0.063087
v 0.235501 -0.549559 0.074825
v 0.274473 -0.497548 0.103072
v 0.322411 -0.572177 -0.033836
v 0.284550 -0.705571 -0.043326
v 0.339967 -0.621501 -0.074396
v 0.318505 -0.486168 0.017067
v 0.341725 -0.534744 -0.055984
v 0.334089 -0.440053 0.004144
v 0.298063 -0.467979 0.088448
v 0.325849 -0.432085 0.038830
v -0.001954 -0.485703 0.688333
v -0.074556 -0.432625 0.702052
v -0.030130 -0.529578 0.672882
v -0.112011 -0.484737 0.693791
v 0.067996 -0.434143 0.703099
v 0.028162 -0.531192 0.673799
v 0.109218 -0.487646 0.695466
v 0.032493 -0.340062 0.725164
v -0.048624 -0.339256 0.723535
v 0.029785 -0.284192 0.741621
v -0.054165 -0.282892 0.737804
v 0.119399 -0.421106 0.703721
v 0.075536 -0.316492 0.727294
v -0.126017 -0.418576 0.702634
v -0.093282 -0.314206 0.724488
v -0.037964 0.118082 0.343626
v -0.059225 0.110495 0.402878
v -0.046159 0.124502 0.283238
v -0.067787 0.115006 0.346653
v -0.012021 0.114700 0.411107
v -0.032283 0.124303 0.286287
v -0.003035 0.117349 0.357785
v -0.016191 0.106108 0.510225
v -0.051904 0.103154 0.512810
v -0.008038 0.091387 0.555275
v -0.050690 0.088270 0.558296
v 0.010429 0.114060 0.422885
v 0.008624 0.102185 0.526909
v -0.075797 0.105967 0.410576
v -0.069980 0.094598 0.529742
v 0.003830 -0.185485 -0.395839
v -0.027801 -0.113930 -0.402690
v -0.006428 -0.252772 -0.391845
v -0.044309 -0.165502 -0.387874
v 0.029160 -0.114665 -0.400591
v 0.019603 -0.247827 -0.388023
v 0.048025 -0.165626 -0.385299
v 0.012584 -0.014153 -0.433339
v -0.018414 -0.013967 -0.435780
v 0.011945 0.005695 -0.472290
v -0.024229 0.005217 -0.475838
v 0.048097 -0.099698 -0.398172
v 0.028626 -0.004136 -0.441861
v -0.048545 -0.096897 -0.400660
v -0.037447 -0.004726 -0.447151
v -0.015868 0.476694 -0.682586
v -0.088324 0.420570 -0.703656
v -0.043232 0.527351 -0.660798
v -0.121844 0.462248 -0.680909
v 0.052707 0.420674 -0.707104
v 0.015483 0.525339 -0.661878
v 0.091155 0.460625 -0.686169
v 0.021149 0.338463 -0.746290
v -0.065791 0.337545 -0.746714
v 0.023023 0.287745 -0.768807
v -0.073112 0.286354 -0.772503
v 0.103415 0.403664 -0.710823
v 0.069319 0.315923 -0.756955
v -0.138809 0.403287 -0.705686
v -0.116184 0.313911 -0.758855
v 0.524338 0.048614 -0.294157
v 0.559116 0.041231 -0.219454
v 0.513667 0.050610 -0.289970
v 0.561283 0.039883 -0.208435
v 0.513060 0.058833 -0.269392
v 0.556356 0.049609 -0.206959
v 0.500150 0.063571 -0.245244
v 0.550127 0.055704 -0.181134
v 0.489482 0.058341 -0.327397
v 0.469351 0.066516 -0.292182
v 0.447140 0.066225 -0.358541
v 0.481339 0.058075 -0.333050
v 0.449378 0.063354 -0.369048
v 0.571221 0.039362 -0.177993
v 0.570494 0.047994 -0.164555
v 0.502915 0.037434 0.269760
v 0.554369 0.052001 0.208534
v 0.504549 0.034837 0.258033
v 0.561023 0.051338 0.193589
v 0.480676 0.031877 0.274541
v 0.551373 0.054962 0.211015
v 0.465516 0.021524 0.266949
v 0.540812 0.048289 0.201037
v 0.459507 0.024925 0.312432
v 0.436865 0.012200 0.305908
v 0.417832 0.007334 0.347177
v 0.465672 0.023206 0.298406
v 0.424229 0.011131 0.345286
v 0.572999 0.054664 0.175350
v 0.570073 0.057055 0.177050
v -0.491406 0.063113 -0.308380
v -0.534095 0.049786 -0.229380
v -0.478296 0.070682 -0.301462
v -0.530800 0.051255 -0.218196
v -0.472393 0.076986 -0.284168
v -0.516830 0.061210 -0.218411
v -0.456684 0.084451 -0.261090
v -0.504267 0.066924 -0.192958
v -0.467712 0.073574 -0.347114
v -0.439502 0.088986 -0.310946
v -0.434988 0.083755 -0.381076
v -0.456125 0.075909 -0.348053
v -0.451746 0.076544 -0.398740
v -0.546720 0.045687 -0.187214
v -0.532531 0.055499 -0.174613
v -0.515911 0.026380 0.292731
v -0.549303 0.024546 0.234606
v -0.511571 0.023968 0.279811
v -0.554133 0.027223 0.218112
v -0.490445 0.018775 0.296033
v -0.540701 0.018253 0.239205
v -0.467744 0.016232 0.289232
v -0.526702 0.022992 0.229034
v -0.492767 0.022454 0.331276
v -0.445771 0.010400 0.325815
v -0.438484 0.008279 0.366156
v -0.483504 0.019408 0.317682
v -0.453619 0.016098 0.369235
v -0.564906 0.023612 0.199791
v -0.559286 0.017100 0.204431
v -0.022092 0.485730 -0.171633
v -0.025013 0.513350 -0.190673
v -0.038222 0.479676 -0.172112
v -0.046270 0.508827 -0.194221
v 0.029460 0.491395 -0.175848
v 0.043559 0.517101 -0.192848
v 0.045392 0.489845 -0.178175
v 0.064168 0.516128 -0.198002
v 0.000537 0.478005 -0.166723
v -0.028632 0.468829 -0.164726
v -0.009597 0.462862 -0.160517
v 0.012554 0.528269 -0.197129
v -0.040944 0.529648 -0.208741
v -0.003277 0.552210 -0.215699
v 0.029482 0.478310 -0.169757
v 0.003169 0.466437 -0.162157
v 0.063401 0.533142 -0.206032
v 0.027236 0.556164 -0.219470
v -0.041621 0.333289 -0.127734
v -0.056213 0.277025 -0.106662
v -0.046543 0.376902 -0.142352
v -0.063373 0.309118 -0.124393
v -0.045145 0.212198 -0.002943
v -0.075230 0.188750 0.078407
v -0.049773 0.188897 0.070498
v -0.078044 0.165707 0.148289
v -0.031608 0.288719 -0.112049
v -0.038777 0.382782 -0.141339
v -0.028595 0.339780 -0.127508
v -0.087916 0.208297 0.017747
v -0.075307 0.257935 -0.096071
v -0.116413 0.192392 0.035671
v -0.038243 0.211860 -0.003956
v -0.027570 0.289430 -0.112321
v -0.096538 0.163605 0.155162
v -0.120185 0.190853 0.102704
v -0.159530 0.610823 -0.324229
v -0.236639 0.570486 -0.330997
v -0.146473 0.561855 -0.285314
v -0.204202 0.524118 -0.291374
v -0.205365 0.793720 -0.481684
v -0.233711 0.621319 -0.490759
v -0.144769 0.684171 -0.530659
v -0.215785 0.592709 -0.553792
v -0.139567 0.717738 -0.379667
v -0.120831 0.592047 -0.293490
v -0.090113 0.660306 -0.340058
v -0.381074 0.634332 -0.405069
v -0.251930 0.517802 -0.307731
v -0.444143 0.594406 -0.341924
v -0.115480 0.728304 -0.487325
v -0.087038 0.707768 -0.387809
v -0.265464 0.557926 -0.523636
v -0.444062 0.591978 -0.430475
v -0.243665 0.208583 -0.228195
v -0.296096 0.130213 -0.162647
v -0.220509 0.255216 -0.218104
v -0.252657 0.165984 -0.160801
v -0.356524 0.109382 -0.263776
v -0.432242 0.082108 -0.182765
v -0.395461 0.098732 -0.274630
v -0.470665 0.074470 -0.190794
v -0.267034 0.185808 -0.281963
v -0.232954 0.289706 -0.251098
v -0.254153 0.275584 -0.305761
v -0.408917 0.083235 -0.133427
v -0.306294 0.118355 -0.128123
v -0.422598 0.077478 -0.095041
v -0.343278 0.115387 -0.312097
v -0.269141 0.211119 -0.327312
v -0.491155 0.064534 -0.146592
v -0.475490 0.066448 -0.097778
v -0.252101 0.112649 0.016516
v -0.311777 0.083207 -0.001273
v -0.207327 0.157837 -0.034205
v -0.261316 0.126007 -0.044995
v -0.392136 0.009733 0.163452
v -0.460749 0.027610 0.117974
v -0.438708 0.001775 0.201954
v -0.505793 0.029747 0.150745
v -0.288831 0.065381 0.107981
v -0.202039 0.149888 -0.003976
v -0.238732 0.099734 0.094137
v -0.423455 0.038852 0.046386
v -0.314798 0.090082 -0.032947
v -0.428747 0.052723 0.010284
v -0.379206 0.003891 0.211560
v -0.278655 0.060541 0.153207
v -0.519245 0.039125 0.113855
v -0.481619 0.044401 0.045148
v 0.015724 0.336589 -0.127413
v 0.033485 0.265213 -0.098398
v 0.029731 0.387704 -0.145747
v 0.050088 0.303302 -0.121195
v -0.007421 0.210083 0.002980
v 0.030408 0.186103 0.090593
v -0.008166 0.187059 0.076830
v 0.025321 0.163282 0.161089
v -0.009951 0.289451 -0.111659
v 0.017672 0.399563 -0.147206
v -0.003881 0.345447 -0.129588
v -0.018204 0.210596 -0.000915
v -0.015854 0.290488 -0.112750
v 0.059769 0.206748 0.033770
v 0.061674 0.246259 -0.087375
v 0.097077 0.194010 0.047166
v 0.052594 0.162492 0.168928
v 0.090571 0.192944 0.119089
v 0.178593 0.628833 -0.340380
v 0.255037 0.581268 -0.340793
v 0.168370 0.576208 -0.297218
v 0.225278 0.531657 -0.302588
v 0.171353 0.715831 -0.507495
v 0.244449 0.607552 -0.510621
v 0.130221 0.661029 -0.554967
v 0.210573 0.581447 -0.576195
v 0.164341 0.810901 -0.407067
v 0.142020 0.610880 -0.306720
v 0.109469 0.694877 -0.354808
v 0.105284 0.711039 -0.508570
v 0.100735 0.733958 -0.406194
v 0.391555 0.634763 -0.404875
v 0.269276 0.525881 -0.315877
v 0.454260 0.588024 -0.348754
v 0.265170 0.553298 -0.542424
v 0.435521 0.589999 -0.436680
v 0.255807 0.199180 -0.246880
v 0.310079 0.118575 -0.191629
v 0.236411 0.251537 -0.240721
v 0.266500 0.159965 -0.194145
v 0.381121 0.091288 -0.258425
v 0.460762 0.062133 -0.187250
v 0.424630 0.078157 -0.265519
v 0.509133 0.050570 -0.187276
v 0.279394 0.171393 -0.284533
v 0.241209 0.285396 -0.267099
v 0.254081 0.267220 -0.310813
v 0.425337 0.067164 -0.155817
v 0.319728 0.109751 -0.165052
v 0.437044 0.059497 -0.125252
v 0.365184 0.095909 -0.299225
v 0.275448 0.198473 -0.323471
v 0.520999 0.045709 -0.151545
v 0.489424 0.050420 -0.120541
v 0.261943 0.118293 -0.017984
v 0.327892 0.084975 -0.048354
v 0.214765 0.164488 -0.067431
v 0.273245 0.127495 -0.091099
v 0.410139 0.013381 0.135905
v 0.484879 0.028485 0.085824
v 0.446621 0.013730 0.177691
v 0.520584 0.036326 0.123238
v 0.299665 0.074869 0.081222
v 0.207465 0.156536 -0.028806
v 0.243044 0.108957 0.075376
v 0.449687 0.035283 0.003269
v 0.331153 0.091228 -0.081338
v 0.453025 0.040170 -0.031976
v 0.388886 0.012475 0.187046
v 0.285645 0.073316 0.132305
v 0.538611 0.039905 0.083633
v 0.502483 0.037434 0.008015
v -0.058286 -0.590832 0.059392
v -0.065477 -0.601971 -0.023550
v -0.099648 -0.589611 0.049811
v -0.110534 -0.622231 -0.030239
v 0.072075 -0.587517 0.058332
v 0.075204 -0.602900 -0.020779
v 0.115353 -0.582124 0.047408
v 0.119287 -0.623948 -0.024454
v 0.006704 -0.587506 0.110349
v -0.077001 -0.585266 0.102771
v -0.014958 -0.588536 0.160947
v 0.003512 -0.578245 -0.055056
v -0.090437 -0.626233 -0.062564
v -0.026633 -0.573756 -0.090711
v 0.092138 -0.580254 0.100151
v 0.027661 -0.586808 0.160477
v 0.099242 -0.625829 -0.058712
v 0.030836 -0.574551 -0.089107
v -0.168858 -0.575515 0.306583
v -0.235150 -0.536903 0.330297
v -0.179726 -0.556219 0.240580
v -0.236470 -0.507849 0.266927
v -0.126752 -0.761244 0.496989
v -0.280089 -0.766172 0.551687
v -0.095709 -0.758575 0.591684
v -0.247464 -0.758159 0.656408
v -0.116396 -0.620108 0.384044
v -0.142919 -0.576093 0.253187
v -0.086218 -0.601649 0.325133
v -0.281489 -0.568733 0.437716
v -0.260870 -0.481661 0.304596
v -0.291101 -0.478212 0.402318
v -0.076564 -0.670975 0.511570
v -0.069287 -0.618675 0.387312
v -0.313462 -0.674641 0.614866
v -0.306562 -0.517737 0.473663
v -0.185823 -0.740108 -0.266802
v -0.286632 -0.648597 -0.293524
v -0.220865 -0.785407 -0.222290
v -0.325901 -0.684735 -0.253199
v -0.100500 -0.474246 -0.292986
v -0.151738 -0.400185 -0.312664
v -0.072583 -0.412892 -0.311506
v -0.118281 -0.334792 -0.328891
v -0.110649 -0.589851 -0.251013
v -0.139564 -0.758239 -0.214464
v -0.090431 -0.609524 -0.213805
v -0.235203 -0.452244 -0.300793
v -0.335360 -0.587959 -0.272794
v -0.275665 -0.409408 -0.289819
v -0.058920 -0.465325 -0.289041
v -0.066753 -0.555305 -0.237441
v -0.153847 -0.315589 -0.325486
v -0.228954 -0.347447 -0.303610
v -0.360552 -0.228361 -0.112527
v -0.354176 -0.146237 -0.035455
v -0.362489 -0.316373 -0.105786
v -0.354207 -0.226000 -0.028998
v -0.351158 0.002813 -0.140472
v -0.408122 0.037480 -0.077121
v -0.380000 0.046029 -0.168688
v -0.442327 0.069688 -0.103953
v -0.328146 -0.130582 -0.158781
v -0.358383 -0.315569 -0.151740
v -0.325524 -0.205489 -0.198215
v -0.381178 -0.002813 -0.014920
v -0.355226 -0.146066 0.002169
v -0.386031 -0.002834 0.022696
v -0.337271 0.009015 -0.187489
v -0.308136 -0.115189 -0.200068
v -0.459685 0.068467 -0.058278
v -0.430515 0.032071 0.003942
v -0.332414 -0.231986 0.204962
v -0.350903 -0.156556 0.144924
v -0.319857 -0.289355 0.182481
v -0.339717 -0.220468 0.123272
v -0.371181 -0.057356 0.247462
v -0.418818 -0.001842 0.188046
v -0.393308 -0.017486 0.256741
v -0.455222 0.019191 0.201058
v -0.341527 -0.184704 0.267689
v -0.316573 -0.297743 0.228552
v -0.327284 -0.254164 0.298715
v -0.385428 -0.025893 0.144112
v -0.352998 -0.151084 0.108607
v -0.388279 -0.018104 0.113719
v -0.363144 -0.070405 0.288053
v -0.338247 -0.196755 0.314296
v -0.468502 0.029911 0.168834
v -0.432943 0.011522 0.127445
v 0.177623 -0.565603 0.311624
v 0.241895 -0.532019 0.331504
v 0.190044 -0.550900 0.242642
v 0.244982 -0.507743 0.266075
v 0.133135 -0.766251 0.491686
v 0.280272 -0.762228 0.546876
v 0.095576 -0.763307 0.588178
v 0.250295 -0.759175 0.651686
v 0.120248 -0.600608 0.391340
v 0.153080 -0.569230 0.255744
v 0.094245 -0.590510 0.329616
v 0.083568 -0.673859 0.510192
v 0.077422 -0.606627 0.391201
v 0.282367 -0.564811 0.433315
v 0.267601 -0.483714 0.301500
v 0.293893 -0.479842 0.396946
v 0.316489 -0.674395 0.609234
v 0.305860 -0.516811 0.467699
v 0.184238 -0.738367 -0.265394
v 0.288810 -0.651671 -0.292262
v 0.219252 -0.785529 -0.220864
v 0.326721 -0.686161 -0.250627
v 0.103422 -0.468287 -0.292967
v 0.155296 -0.397649 -0.311770
v 0.077126 -0.404897 -0.311590
v 0.122625 -0.331800 -0.327318
v 0.111049 -0.586563 -0.249490
v 0.134799 -0.754410 -0.207201
v 0.089735 -0.606561 -0.211293
v 0.061954 -0.460286 -0.288627
v 0.067547 -0.552533 -0.236493
v 0.239982 -0.455687 -0.299053
v 0.337420 -0.590829 -0.268517
v 0.282897 -0.417827 -0.287978
v 0.158078 -0.316262 -0.323129
v 0.235577 -0.353655 -0.301059
v 0.359686 -0.237531 -0.099320
v 0.356824 -0.156104 -0.026399
v 0.364530 -0.325456 -0.096580
v 0.356508 -0.235960 -0.023670
v 0.362360 0.002315 -0.112929
v 0.425513 0.026455 -0.060019
v 0.406245 0.034240 -0.147815
v 0.476032 0.047329 -0.089638
v 0.335400 -0.137805 -0.140475
v 0.360972 -0.323407 -0.140336
v 0.332974 -0.214688 -0.184281
v 0.380846 -0.006928 -0.000424
v 0.357642 -0.157220 0.006225
v 0.383830 -0.010028 0.027476
v 0.351440 0.007533 -0.162657
v 0.317743 -0.123423 -0.182894
v 0.480672 0.040714 -0.052265
v 0.434131 0.022095 0.007297
v 0.338376 -0.244631 0.190248
v 0.355216 -0.168504 0.129792
v 0.327552 -0.306024 0.168809
v 0.345384 -0.235281 0.110969
v 0.374113 -0.064191 0.223003
v 0.422364 -0.004224 0.161652
v 0.396676 -0.021886 0.231137
v 0.461961 0.016331 0.172116
v 0.346289 -0.194785 0.250840
v 0.322997 -0.310442 0.216014
v 0.331861 -0.264202 0.285408
v 0.385567 -0.029524 0.123843
v 0.356568 -0.163260 0.097219
v 0.385837 -0.022001 0.099291
v 0.368142 -0.081688 0.268391
v 0.342337 -0.207527 0.299686
v 0.476127 0.024463 0.142169
v 0.434182 0.010867 0.108371
v 0.022373 -0.090916 0.754231
v -0.054294 -0.091154 0.746376
v 0.019876 -0.125245 0.787453
v -0.059086 -0.127444 0.765519
v 0.017694 0.000658 0.687382
v -0.046477 -0.001044 0.685591
v 0.012857 0.027123 0.662748
v -0.046488 0.024627 0.661290
v 0.058809 -0.041629 0.714325
v 0.064223 -0.108012 0.756701
v 0.098898 -0.056668 0.710476
v -0.082491 -0.042976 0.707355
v -0.093159 -0.108423 0.741030
v -0.118394 -0.056583 0.701518
v 0.047529 0.015288 0.670164
v 0.092558 -0.025849 0.692429
v -0.075902 0.011481 0.666684
v -0.112329 -0.027906 0.684684
v 0.285584 -0.273103 0.620978
v 0.245007 -0.190053 0.664536
v 0.260316 -0.319901 0.660963
v 0.208219 -0.225158 0.692830
v 0.323424 -0.131154 0.471037
v 0.301846 -0.093684 0.520179
v 0.334889 -0.082110 0.421107
v 0.319989 -0.061476 0.471185
v 0.316584 -0.234605 0.519702
v 0.297546 -0.347190 0.622731
v 0.319116 -0.299432 0.514263
v 0.336457 -0.124976 0.418895
v 0.325858 -0.236280 0.462862
v 0.259343 -0.114159 0.617868
v 0.201375 -0.170308 0.695126
v 0.225861 -0.100286 0.657846
v 0.297206 -0.063727 0.515792
v 0.248444 -0.079483 0.608945
v -0.286352 -0.260128 0.620047
v -0.248035 -0.176778 0.659487
v -0.261776 -0.312357 0.657872
v -0.218687 -0.215513 0.690171
v -0.319229 -0.106854 0.477708
v -0.298382 -0.071891 0.523008
v -0.331923 -0.052784 0.431495
v -0.319902 -0.039474 0.479806
v -0.314756 -0.217491 0.523928
v -0.296347 -0.339027 0.622263
v -0.317285 -0.287393 0.518986
v -0.332586 -0.102297 0.428223
v -0.322727 -0.221114 0.469787
v -0.256877 -0.099728 0.610618
v -0.213088 -0.158001 0.692827
v -0.226644 -0.088752 0.647518
v -0.296944 -0.047755 0.519104
v -0.247262 -0.068322 0.600553
v 0.148045 0.078146 0.433220
v 0.148313 0.057476 0.541438
v 0.107603 0.092493 0.437299
v 0.108930 0.075859 0.553213
v 0.284385 0.021356 0.396394
v 0.273741 0.006751 0.476738
v 0.335591 0.000624 0.383310
v 0.313632 -0.002393 0.445766
v 0.211735 0.063179 0.362116
v 0.124326 0.096369 0.373546
v 0.184351 0.087279 0.307146
v 0.311848 0.018902 0.343293
v 0.231910 0.065908 0.301308
v 0.205276 0.018482 0.548224
v 0.126010 0.052128 0.586238
v 0.178984 0.011252 0.591502
v 0.282842 -0.007168 0.490951
v 0.217112 -0.003580 0.564905
v -0.170723 0.063829 0.429551
v -0.167026 0.043252 0.538580
v -0.141853 0.079053 0.428844
v -0.138245 0.059535 0.549475
v -0.288249 0.011086 0.408039
v -0.276503 0.002674 0.478502
v -0.338872 -0.001701 0.395953
v -0.318186 -0.004315 0.452980
v -0.222528 0.049468 0.367406
v -0.154672 0.086014 0.365971
v -0.200098 0.075975 0.307693
v -0.314785 0.008390 0.360231
v -0.239309 0.052007 0.310794
v -0.212259 0.011347 0.544220
v -0.147538 0.039278 0.581660
v -0.188541 0.005824 0.586501
v -0.286103 -0.007629 0.492475
v -0.222185 -0.005698 0.560847
v 0.016599 0.015073 -0.682987
v -0.052815 0.018095 -0.685959
v 0.015616 -0.000189 -0.637223
v -0.045791 0.004769 -0.638840
v 0.020190 0.101356 -0.780308
v -0.071989 0.100419 -0.786570
v 0.021786 0.142270 -0.794048
v -0.076832 0.139826 -0.802839
v 0.059246 0.048545 -0.737013
v 0.049208 0.004920 -0.656741
v 0.096255 0.033347 -0.711210
v -0.102157 0.052373 -0.740777
v -0.081707 0.010115 -0.661763
v -0.134225 0.039660 -0.715786
v 0.069062 0.117779 -0.791634
v 0.104975 0.060092 -0.748932
v -0.122082 0.116014 -0.800796
v -0.147265 0.065165 -0.749897
v 0.140185 -0.024761 -0.381734
v 0.142135 0.006546 -0.470400
v 0.111069 -0.043241 -0.385389
v 0.104950 0.004612 -0.466900
v 0.274468 0.019545 -0.364083
v 0.271818 0.037313 -0.452346
v 0.324631 0.044555 -0.352455
v 0.318104 0.054913 -0.439238
v 0.203755 -0.031216 -0.337830
v 0.143385 -0.087016 -0.359164
v 0.207459 -0.096694 -0.319867
v 0.297801 0.018250 -0.315633
v 0.232932 -0.055373 -0.299235
v 0.204383 0.022381 -0.517026
v 0.123290 0.008595 -0.518651
v 0.181858 0.020015 -0.575738
v 0.290379 0.049313 -0.490604
v 0.223742 0.032190 -0.565598
v -0.146750 -0.019861 -0.396142
v -0.157429 0.009108 -0.485833
v -0.115295 -0.035555 -0.395515
v -0.120508 0.005137 -0.480680
v -0.271809 0.031092 -0.382739
v -0.278206 0.052549 -0.472642
v -0.315953 0.059970 -0.372184
v -0.320825 0.075297 -0.461604
v -0.202356 -0.022628 -0.352276
v -0.140957 -0.075989 -0.366076
v -0.197799 -0.083193 -0.327453
v -0.288324 0.028946 -0.333385
v -0.222442 -0.041315 -0.311251
v -0.220205 0.032272 -0.534103
v -0.142747 0.011954 -0.532944
v -0.203739 0.028785 -0.590337
v -0.299433 0.067689 -0.511176
v -0.242864 0.043939 -0.582692
v 0.292570 0.279266 -0.672842
v 0.279711 0.191991 -0.762962
v 0.254372 0.319977 -0.701377
v 0.233880 0.227465 -0.789797
v 0.327955 0.141927 -0.514204
v 0.322105 0.109193 -0.574908
v 0.351546 0.098088 -0.465294
v 0.344588 0.089530 -0.517083
v 0.302476 0.245738 -0.548040
v 0.270671 0.345690 -0.633556
v 0.291490 0.315134 -0.523430
v 0.334336 0.131052 -0.455292
v 0.300877 0.249086 -0.481990
v 0.291798 0.113673 -0.703749
v 0.231571 0.170056 -0.797134
v 0.254489 0.096505 -0.741465
v 0.320412 0.086867 -0.565006
v 0.274846 0.082689 -0.680330
v -0.296376 0.276694 -0.646138
v -0.300865 0.192475 -0.731261
v -0.271975 0.315130 -0.677589
v -0.268889 0.225811 -0.762739
v -0.327843 0.152463 -0.519153
v -0.328268 0.122783 -0.574211
v -0.348673 0.119247 -0.476576
v -0.348534 0.106861 -0.525924
v -0.301941 0.250277 -0.541151
v -0.277548 0.343195 -0.614032
v -0.289215 0.317367 -0.517624
v -0.330004 0.146782 -0.466939
v -0.297955 0.254932 -0.483482
v -0.302230 0.128534 -0.676582
v -0.268394 0.171011 -0.773171
v -0.278707 0.107012 -0.722742
v -0.329567 0.102816 -0.570564
v -0.292245 0.097531 -0.667166
v 0.598370 0.046742 -0.035727
v 0.599374 0.057813 -0.019505
v 0.593303 0.043200 -0.067682
v 0.594565 0.055373 -0.051609
v 0.607067 0.053943 0.052461
v 0.604843 0.058914 0.064764
v 0.604760 0.054785 0.080682
v 0.601799 0.059612 0.090832
v 0.601592 0.047285 0.001468
v 0.591591 0.040374 -0.060515
v 0.592587 0.041279 -0.023383
v 0.604209 0.051392 0.060530
v 0.596052 0.044180 0.006996
v 0.600114 0.062839 0.032680
v 0.593700 0.061794 -0.026377
v 0.591734 0.064979 0.028070
v 0.596371 0.061791 0.083584
v 0.589651 0.063950 0.053846
v -0.586858 0.027870 -0.028564
v -0.590180 0.028139 -0.010653
v -0.579038 0.032802 -0.065593
v -0.578843 0.036919 -0.048473
v -0.597940 0.016248 0.068341
v -0.597414 0.020482 0.080717
v -0.594625 0.014981 0.098939
v -0.593480 0.018975 0.109237
v -0.592248 0.020536 0.015973
v -0.579291 0.030077 -0.054375
v -0.586879 0.023875 -0.006946
v -0.592343 0.015911 0.079484
v -0.586754 0.021790 0.026243
v -0.593801 0.024993 0.045649
v -0.571588 0.039296 -0.022578
v -0.570738 0.038438 0.038953
v -0.577842 0.028362 0.103538
v -0.568244 0.036158 0.069365
v -0.054144 0.451381 -0.163817
v -0.054389 0.430649 -0.157008
v -0.084189 0.508581 -0.213358
v -0.107126 0.516936 -0.232584
v -0.044308 0.440903 -0.157531
v -0.086965 0.536458 -0.235792
v -0.093421 0.288817 -0.122868
v -0.122064 0.246321 -0.105926
v -0.114288 0.236343 -0.089520
v -0.186425 0.431104 -0.241656
v -0.194446 0.366293 -0.226711
v -0.212818 0.405822 -0.255714
v -0.215656 0.193409 -0.134514
v -0.216153 0.182416 -0.109703
v -0.261883 0.142187 -0.101500
v 0.056654 0.475031 -0.171739
v 0.050421 0.462469 -0.165773
v 0.105633 0.521681 -0.217965
v 0.130388 0.530582 -0.238209
v 0.038961 0.463084 -0.164337
v 0.108874 0.548580 -0.240630
v 0.093603 0.300200 -0.134070
v 0.124637 0.258948 -0.129488
v 0.111194 0.241549 -0.105207
v 0.210225 0.430609 -0.258148
v 0.215184 0.366674 -0.245853
v 0.230812 0.405674 -0.270505
v 0.232944 0.195193 -0.172824
v 0.231112 0.185983 -0.151042
v 0.274968 0.139317 -0.145992
v -0.152499 -0.571259 0.081855
v -0.171491 -0.560587 0.132091
v -0.168108 -0.740945 -0.047199
v -0.208143 -0.792392 -0.094737
v -0.135830 -0.572870 0.141054
v -0.149432 -0.734982 -0.103385
v -0.266898 -0.448294 0.191886
v -0.288947 -0.399809 0.173983
v -0.283662 -0.407290 0.224249
v -0.366524 -0.597931 -0.161036
v -0.364570 -0.496382 -0.128014
v -0.368666 -0.509001 -0.182630
v -0.343598 -0.294297 0.020188
v -0.336758 -0.288198 0.058976
v -0.347479 -0.219780 0.047813
v 0.169022 -0.563788 0.078366
v 0.185579 -0.555636 0.130006
v 0.180762 -0.721013 -0.049019
v 0.211251 -0.790065 -0.091287
v 0.149994 -0.567671 0.139383
v 0.140726 -0.757723 -0.087579
v 0.277581 -0.459650 0.184699
v 0.299455 -0.418628 0.162670
v 0.292563 -0.419627 0.215877
v 0.365452 -0.595817 -0.156314
v 0.364384 -0.498019 -0.121845
v 0.368001 -0.510317 -0.174227
v 0.347289 -0.305592 0.018416
v 0.342410 -0.303237 0.052973
v 0.351065 -0.232514 0.043607
v -0.036452 -0.570384 0.614535
v 0.034420 -0.581634 0.619969
v -0.226017 -0.545692 0.697960
v -0.228059 -0.445166 0.688433
v 0.004679 -0.571760 0.565734
v -0.283091 -0.500856 0.673587
v 0.228717 -0.550628 0.698438
v 0.226566 -0.448544 0.688910
v 0.285050 -0.501898 0.673259
v 0.067471 -0.200377 0.765941
v 0.116801 -0.230247 0.735143
v -0.098604 -0.199595 0.745458
v -0.138711 -0.225937 0.727113
v 0.112691 -0.175475 0.744564
v -0.137817 -0.170685 0.734073
v -0.039187 0.166294 0.142942
v -0.027288 0.165595 0.145128
v -0.090863 0.122752 0.288569
v -0.104315 0.106549 0.357530
v -0.031007 0.188278 0.070635
v -0.111607 0.118579 0.292848
v 0.028249 0.120800 0.307445
v 0.050321 0.112456 0.372243
v 0.060130 0.118591 0.312014
v 0.030609 0.064030 0.609492
v 0.052239 0.077328 0.583891
v -0.072405 0.057738 0.609918
v -0.094308 0.066594 0.583806
v 0.064714 0.054337 0.619233
v -0.098121 0.045488 0.616582
v -0.012831 -0.357342 -0.337690
v 0.021046 -0.354492 -0.337177
v -0.092968 -0.200489 -0.363508
v -0.093202 -0.127180 -0.378933
v 0.002886 -0.407883 -0.311964
v -0.120995 -0.178855 -0.358097
v 0.096206 -0.202223 -0.360481
v 0.093938 -0.132422 -0.374388
v 0.123768 -0.183170 -0.354318
v 0.038266 0.004839 -0.539942
v 0.057795 0.005711 -0.500796
v -0.058834 0.006670 -0.546252
v -0.075231 0.006589 -0.510076
v 0.067876 0.005668 -0.555086
v -0.090390 0.008590 -0.565072
v -0.043329 0.634569 -0.603621
v 0.025289 0.634425 -0.613494
v -0.214414 0.493005 -0.651183
v -0.221901 0.418459 -0.670341
v -0.005834 0.672780 -0.559126
v -0.245233 0.454552 -0.618386
v 0.189565 0.487950 -0.661108
v 0.195986 0.419537 -0.682124
v 0.233555 0.458247 -0.642239
v 0.074818 0.210305 -0.800965
v 0.127877 0.233924 -0.804150
v -0.133129 0.205915 -0.816344
v -0.182563 0.232645 -0.806975
v 0.128380 0.180580 -0.819896
v -0.180839 0.179075 -0.812545
v 0.438362 0.072194 -0.319504
v 0.414332 0.075947 -0.367964
v 0.564337 0.037278 -0.158477
v 0.579550 0.037160 -0.128700
v 0.386501 0.087227 -0.358287
v 0.575781 0.035024 -0.119647
v 0.428034 0.066818 -0.232603
v 0.405156 0.072587 -0.286357
v 0.551843 0.057761 -0.109998
v 0.578736 0.057323 -0.097789
v 0.373309 0.054274 -0.249968
v 0.563029 0.057989 -0.070561
v 0.375108 0.071468 -0.441457
v 0.377621 0.072670 -0.454546
v 0.342167 0.069168 -0.491083
v 0.444714 0.012453 0.259768
v 0.417015 0.002839 0.311304
v 0.582581 0.052765 0.139957
v 0.591759 0.053585 0.123821
v 0.398502 -0.000034 0.283269
v 0.593267 0.051875 0.103647
v 0.403579 -0.010890 0.286624
v 0.380916 -0.024123 0.331449
v 0.556843 0.059687 0.155979
v 0.583261 0.063017 0.135521
v 0.367946 -0.050435 0.322022
v 0.574205 0.063299 0.127417
v 0.350827 -0.020053 0.424855
v 0.352867 -0.010437 0.420468
v 0.321149 -0.024273 0.464236
v -0.412052 0.095126 -0.333313
v -0.396688 0.100019 -0.382630
v -0.538758 0.049533 -0.163551
v -0.558578 0.036965 -0.128907
v -0.369155 0.112954 -0.373983
v -0.555153 0.041673 -0.121128
v -0.393334 0.088182 -0.251256
v -0.378135 0.095662 -0.304956
v -0.503400 0.063832 -0.119817
v -0.537582 0.053209 -0.104345
v -0.348133 0.062999 -0.268179
v -0.521786 0.056677 -0.076286
v -0.375896 0.092268 -0.464393
v -0.379426 0.091916 -0.474903
v -0.349256 0.090405 -0.512205
v -0.453022 0.004965 0.282622
v -0.422730 0.003763 0.327713
v -0.562950 0.028393 0.161161
v -0.578336 0.022276 0.144732
v -0.397708 0.001301 0.300050
v -0.572114 0.025242 0.125613
v -0.399880 -0.000661 0.306552
v -0.381436 -0.008661 0.347703
v -0.525406 0.037180 0.189224
v -0.556284 0.029362 0.164402
v -0.362890 -0.034576 0.337834
v -0.539884 0.042061 0.158386
v -0.360335 -0.014122 0.436759
v -0.363110 -0.008296 0.432324
v -0.326805 -0.018766 0.470865
v -0.016144 0.397183 -0.143710
v -0.007981 0.403609 -0.146339
v -0.017051 0.345153 -0.129327
v -0.011525 0.624484 -0.294839
v 0.031505 0.630033 -0.294136
v 0.007728 0.661996 -0.346159
v -0.188770 0.125708 0.127800
v -0.183009 0.116744 0.183978
v -0.222557 0.088320 0.193902
v -0.281005 0.417839 -0.367745
v -0.289038 0.425117 -0.423475
v -0.279593 0.327062 -0.400985
v -0.496765 0.055955 -0.022309
v -0.554603 0.042141 -0.023831
v -0.551512 0.042615 0.010320
v 0.180019 0.133962 0.124468
v 0.168400 0.126512 0.185038
v 0.217017 0.099790 0.185425
v 0.279223 0.415715 -0.366165
v 0.291673 0.423064 -0.423256
v 0.279280 0.321861 -0.398007
v 0.504753 0.042323 -0.057744
v 0.556506 0.036606 -0.052264
v 0.557652 0.037603 -0.020837
v -0.017016 -0.595694 0.271083
v 0.027252 -0.593441 0.271782
v 0.004809 -0.601348 0.330254
v -0.029732 -0.559885 -0.158487
v 0.030157 -0.559305 -0.158223
v -0.000385 -0.551705 -0.194832
v -0.315617 -0.341943 0.388722
v -0.317846 -0.356626 0.449250
v -0.324316 -0.279945 0.404884
v -0.289939 -0.244800 -0.272137
v -0.247163 -0.205171 -0.293605
v -0.266819 -0.151875 -0.268603
v -0.438298 0.027390 0.069852
v -0.490130 0.051262 0.052997
v -0.490447 0.050633 0.083597
v 0.318423 -0.349333 0.379919
v 0.319525 -0.363970 0.441691
v 0.327063 -0.289834 0.395430
v 0.301221 -0.258914 -0.265138
v 0.257881 -0.217331 -0.288679
v 0.278845 -0.164539 -0.259086
v 0.438400 0.019327 0.061099
v 0.493881 0.036892 0.041073
v 0.493575 0.035418 0.066804
v 0.174257 -0.054069 0.668370
v 0.163567 -0.025247 0.651038
v 0.202749 -0.038740 0.629330
v -0.181929 -0.050322 0.657136
v -0.172876 -0.025516 0.640580
v -0.206331 -0.035762 0.617114
v 0.174725 0.028693 -0.686250
v 0.190193 0.052494 -0.724145
v 0.219205 0.042533 -0.676317
v -0.205260 0.040252 -0.688475
v -0.222674 0.062680 -0.718937
v -0.245103 0.056038 -0.675728
f 1 647 644
f 1 644 643
f 1 643 645
f 1 645 646
f 1 646 647
f 2 649 652
f 6 672 670
f 12 702 699
f 11 696 695
f 8 679 681
f 4 662 659
f 4 659 658
f 4 658 660
f 4 660 661
f 4 661 662
f 5 666 665
f 3 654 657
f 7 673 677
f 9 685 686
f 10 692 688
f 12 701 698
f 6 669 668
f 2 650 648
f 8 682 678
f 11 697 693
f 6 671 669
f 12 700 701
f 11 694 697
f 8 680 682
f 2 651 650
f 10 690 689
f 5 663 664
f 3 655 653
f 7 676 674
f 9 687 684
f 10 691 690
f 5 667 663
f 3 656 655
f 7 675 676
f 9 683 687
f 6 668 672
f 2 648 649
f 8 678 679
f 11 693 696
f 12 698 702
f 10 688 691
f 5 665 667
f 3 657 656
f 7 677 675
f 9 686 683
f 5 664 666
f 3 653 654
f 7 674 673
f 9 684 685
f 10 689 692
f 6 670 671
f 12 699 700
f 11 695 694
f 8 681 680
f 2 652 651
f 35 837 838
f 18 735 736
f 19 742 741
f 40 868 867
f 42 880 879
f 34 832 831
f 33 827 828
f 25 778 780
f 36 844 846
f 20 749 747
f 32 819 820
f 23 765 767
f 24 773 771
f 37 850 849
f 41 876 875
f 34 833 834
f 33 826 825
f 25 779 777
f 36 845 843
f 20 748 750
f 17 729 727
f 14 711 709
f 13 706 703
f 15 718 715
f 16 724 721
f 18 737 733
f 35 839 835
f 42 882 878
f 40 870 866
f 19 744 740
f 30 807 805
f 27 789 787
f 22 762 758
f 28 797 793
f 29 802 799
f 32 821 817
f 23 766 763
f 24 774 770
f 37 852 848
f 41 874 872
f 35 838 836
f 18 736 734
f 19 741 739
f 40 867 865
f 42 879 877
f 34 831 829
f 33 828 824
f 25 780 776
f 36 846 842
f 20 747 745
f 32 820 818
f 23 767 764
f 24 771 769
f 37 849 847
f 41 875 871
f 34 834 830
f 33 825 823
f 25 777 775
f 36 843 841
f 20 750 746
f 14 714 710
f 13 707 704
f 15 719 716
f 16 725 722
f 17 732 728
f 21 755 752
f 31 814 811
f 26 784 781
f 38 857 853
f 39 862 860
f 27 792 788
f 22 759 757
f 28 796 794
f 29 803 800
f 30 810 806
f 31 815 812
f 26 785 782
f 38 856 854
f 39 863 859
f 21 754 751
f 14 712 714
f 13 705 707
f 15 717 719
f 16 723 725
f 17 730 732
f 21 753 755
f 31 816 814
f 26 786 784
f 38 858 857
f 39 861 862
f 27 791 792
f 22 761 759
f 28 795 796
f 29 801 803
f 30 808 810
f 31 813 815
f 26 783 785
f 38 855 856
f 39 864 863
f 21 756 754
f 14 709 712
f 13 703 705
f 15 715 717
f 16 721 723
f 17 727 730
f 21 751 753
f 31 812 816
f 26 782 786
f 38 854 858
f 39 859 861
f 27 787 791
f 22 758 761
f 28 793 795
f 29 799 801
f 30 805 808
f 31 811 813
f 26 781 783
f 38 853 855
f 39 860 864
f 21 752 756
f 17 728 731
f 14 710 713
f 13 704 708
f 15 716 720
f 16 722 726
f 18 734 738
f 35 836 840
f 42 877 881
f 40 865 869
f 19 739 743
f 30 806 809
f 27 788 790
f 22 757 760
f 28 794 798
f 29 800 804
f 32 818 822
f 23 764 768
f 24 769 772
f 37 847 851
f 41 871 873
f 35 835 837
f 18 733 735
f 19 740 742
f 40 866 868
f 42 878 880
f 34 830 832
f 33 823 827
f 25 775 778
f 36 841 844
f 20 746 749
f 32 817 819
f 23 763 765
f 24 770 773
f 37 848 850
f 41 872 876
f 34 829 833
f 33 824 826
f 25 776 779
f 36 842 845
f 20 745 748
f 17 731 729
f 14 713 711
f 13 708 706
f 15 720 718
f 16 726 724
f 18 738 737
f 35 840 839
f 42 881 882
f 40 869 870
f 19 743 744
f 30 809 807
f 27 790 789
f 22 760 762
f 28 798 797
f 29 804 802
f 32 822 821
f 23 768 766
f 24 772 774
f 37 851 852
f 41 873 874
f 107 1269 1270
f 103 1245 1246
f 104 1252 1251
f 110 1288 1287
f 113 1306 1305
f 118 1336 1335
f 154 1551 1552
f 141 1473 1474
f 162 1599 1600
f 121 1354 1353
f 142 1479 1480
f 129 1401 1402
f 130 1408 1407
f 144 1492 1491
f 146 1504 1503
f 151 1533 1534
f 131 1414 1413
f 136 1444 1443
f 161 1594 1593
f 126 1383 1384
f 116 1323 1324
f 108 1275 1276
f 106 1263 1264
f 112 1299 1300
f 115 1317 1318
f 119 1341 1342
f 156 1564 1563
f 139 1462 1461
f 160 1588 1587
f 120 1347 1348
f 149 1521 1522
f 132 1420 1419
f 128 1395 1396
f 145 1497 1498
f 148 1515 1516
f 155 1557 1558
f 133 1425 1426
f 134 1431 1432
f 157 1570 1569
f 124 1372 1371
f 109 1282 1281
f 105 1258 1257
f 111 1294 1293
f 114 1312 1311
f 117 1330 1329
f 125 1378 1377
f 152 1540 1539
f 137 1449 1450
f 158 1575 1576
f 123 1365 1366
f 143 1486 1485
f 127 1390 1389
f 135 1437 1438
f 147 1510 1509
f 150 1528 1527
f 153 1546 1545
f 140 1468 1467
f 138 1455 1456
f 159 1581 1582
f 122 1359 1360
f 107 1272 1271
f 103 1248 1247
f 104 1253 1254
f 110 1289 1290
f 113 1307 1308
f 118 1337 1338
f 154 1554 1553
f 141 1476 1475
f 162 1602 1601
f 121 1355 1356
f 142 1482 1481
f 129 1404 1403
f 130 1409 1410
f 144 1493 1494
f 146 1505 1506
f 151 1536 1535
f 131 1415 1416
f 136 1445 1446
f 161 1595 1596
f 126 1386 1385
f 47 909 907
f 44 891 889
f 43 886 883
f 45 898 895
f 46 904 901
f 49 922 919
f 72 1060 1057
f 102 1240 1237
f 96 1204 1201
f 79 1102 1099
f 62 999 997
f 59 981 979
f 58 976 973
f 60 988 985
f 61 994 991
f 66 1024 1021
f 54 952 949
f 73 1066 1063
f 85 1138 1135
f 92 1179 1177
f 101 1233 1231
f 69 1041 1039
f 50 927 925
f 82 1119 1117
f 97 1209 1207
f 71 1053 1051
f 100 1228 1225
f 94 1192 1189
f 80 1108 1105
f 51 933 931
f 90 1167 1165
f 63 1005 1003
f 55 957 955
f 76 1083 1081
f 87 1150 1147
f 91 1174 1171
f 67 1029 1027
f 56 963 961
f 75 1077 1075
f 83 1126 1123
f 68 1036 1033
f 48 915 913
f 78 1095 1093
f 93 1185 1183
f 98 1216 1213
f 88 1155 1153
f 65 1018 1015
f 57 970 967
f 77 1090 1087
f 86 1143 1141
f 64 1012 1009
f 53 945 943
f 74 1071 1069
f 84 1131 1129
f 89 1162 1159
f 70 1047 1045
f 99 1221 1219
f 95 1197 1195
f 81 1114 1111
f 52 940 937
f 109 1284 1280
f 105 1260 1256
f 111 1296 1292
f 114 1314 1310
f 117 1332 1328
f 125 1380 1376
f 152 1542 1538
f 137 1451 1447
f 158 1577 1573
f 123 1367 1363
f 143 1488 1484
f 127 1392 1388
f 135 1439 1435
f 147 1512 1508
f 150 1530 1526
f 153 1548 1544
f 140 1470 1466
f 138 1457 1453
f 159 1583 1579
f 122 1361 1357
f 107 1270 1268
f 103 1246 1244
f 104 1251 1249
f 110 1287 1285
f 113 1305 1303
f 118 1335 1333
f 154 1552 1550
f 141 1474 1472
f 162 1600 1598
f 121 1353 1351
f 142 1480 1478
f 129 1402 1400
f 130 1407 1405
f 144 1491 1489
f 146 1503 1501
f 151 1534 1532
f 131 1413 1411
f 136 1443 1441
f 161 1593 1591
f 126 1384 1382
f 116 1324 1322
f 108 1276 1274
f 106 1264 1262
f 112 1300 1298
f 115 1318 1316
f 119 1342 1340
f 156 1563 1561
f 139 1461 1459
f 160 1587 1585
f 120 1348 1346
f 149 1522 1520
f 132 1419 1417
f 128 1396 1394
f 145 1498 1496
f 148 1516 1514
f 155 1558 1556
f 133 1426 1424
f 134 1432 1430
f 157 1569 1567
f 124 1371 1369
f 109 1281 1279
f 105 1257 1255
f 111 1293 1291
f 114 1311 1309
f 117 1329 1327
f 125 1377 1375
f 152 1539 1537
f 137 1450 1448
f 158 1576 1574
f 123 1366 1364
f 143 1485 1483
f 127 1389 1387
f 135 1438 1436
f 147 1509 1507
f 150 1527 1525
f 153 1545 1543
f 140 1467 1465
f 138 1456 1454
f 159 1582 1580
f 122 1360 1358
f 107 1271 1267
f 103 1247 1243
f 104 1254 1250
f 110 1290 1286
f 113 1308 1304
f 118 1338 1334
f 154 1553 1549
f 141 1475 1471
f 162 1601 1597
f 121 1356 1352
f 142 1481 1477
f 129 1403 1399
f 130 1410 1406
f 144 1494 1490
f 146 1506 1502
f 151 1535 1531
f 131 1416 1412
f 136 1446 1442
f 161 1596 1592
f 126 1385 1381
f 44 894 890
f 43 887 884
f 45 899 896
f 46 905 902
f 47 912 908
f 52 941 938
f 70 1050 1046
f 99 1224 1220
f 95 1200 1196
f 81 1115 1112
f 59 984 980
f 58 977 974
f 60 989 986
f 61 995 992
f 62 1002 998
f 65 1019 1016
f 57 971 968
f 77 1091 1088
f 86 1146 1142
f 88 1158 1154
f 98 1217 1214
f 68 1037 1034
f 48 918 914
f 78 1098 1094
f 93 1188 1184
f 69 1044 1040
f 101 1236 1232
f 97 1212 1208
f 82 1122 1118
f 50 930 926
f 89 1163 1160
f 64 1013 1010
f 53 948 944
f 74 1074 1070
f 84 1134 1130
f 90 1170 1166
f 63 1008 1004
f 55 960 956
f 76 1086 1082
f 87 1151 1148
f 72 1061 1058
f 49 923 920
f 79 1103 1100
f 96 1205 1202
f 102 1241 1238
f 91 1175 1172
f 67 1032 1028
f 56 966 962
f 75 1080 1076
f 83 1127 1124
f 66 1025 1022
f 54 953 950
f 73 1067 1064
f 85 1139 1136
f 92 1182 1178
f 71 1056 1052
f 100 1229 1226
f 94 1193 1190
f 80 1109 1106
f 51 936 932
f 116 1325 1321
f 108 1277 1273
f 106 1265 1261
f 112 1301 1297
f 115 1319 1315
f 119 1343 1339
f 156 1566 1562
f 139 1464 1460
f 160 1590 1586
f 120 1349 1345
f 149 1523 1519
f 132 1422 1418
f 128 1397 1393
f 145 1499 1495
f 148 1517 1513
f 155 1559 1555
f 133 1427 1423
f 134 1433 1429
f 157 1572 1568
f 124 1374 1370
f 44 892 894
f 43 885 887
f 45 897 899
f 46 903 905
f 47 910 912
f 52 939 941
f 70 1048 1050
f 99 1222 1224
f 95 1198 1200
f 81 1113 1115
f 59 982 984
f 58 975 977
f 60 987 989
f 61 993 995
f 62 1000 1002
f 65 1017 1019
f 57 969 971
f 77 1089 1091
f 86 1144 1146
f 88 1156 1158
f 98 1215 1217
f 68 1035 1037
f 48 916 918
f 78 1096 1098
f 93 1186 1188
f 69 1042 1044
f 101 1234 1236
f 97 1210 1212
f 82 1120 1122
f 50 928 930
f 89 1161 1163
f 64 1011 1013
f 53 946 948
f 74 1072 1074
f 84 1132 1134
f 90 1168 1170
f 63 1006 1008
f 55 958 960
f 76 1084 1086
f 87 1149 1151
f 72 1059 1061
f 49 921 923
f 79 1101 1103
f 96 1203 1205
f 102 1239 1241
f 91 1173 1175
f 67 1030 1032
f 56 964 966
f 75 1078 1080
f 83 1125 1127
f 66 1023 1025
f 54 951 953
f 73 1065 1067
f 85 1137 1139
f 92 1180 1182
f 71 1054 1056
f 100 1227 1229
f 94 1191 1193
f 80 1107 1109
f 51 934 936
f 116 1326 1325
f 108 1278 1277
f 106 1266 1265
f 112 1302 1301
f 115 1320 1319
f 119 1344 1343
f 156 1565 1566
f 139 1463 1464
f 160 1589 1590
f 120 1350 1349
f 149 1524 1523
f 132 1421 1422
f 128 1398 1397
f 145 1500 1499
f 148 1518 1517
f 155 1560 1559
f 133 1428 1427
f 134 1434 1433
f 157 1571 1572
f 124 1373 1374
f 44 889 892
f 43 883 885
f 45 895 897
f 46 901 903
f 47 907 910
f 52 937 939
f 70 1045 1048
f 99 1219 1222
f 95 1195 1198
f 81 1111 1113
f 59 979 982
f 58 973 975
f 60 985 987
f 61 991 993
f 62 997 1000
f 65 1015 1017
f 57 967 969
f 77 1087 1089
f 86 1141 1144
f 88 1153 1156
f 98 1213 1215
f 68 1033 1035
f 48 913 916
f 78 1093 1096
f 93 1183 1186
f 69 1039 1042
f 101 1231 1234
f 97 1207 1210
f 82 1117 1120
f 50 925 928
f 89 1159 1161
f 64 1009 1011
f 53 943 946
f 74 1069 1072
f 84 1129 1132
f 90 1165 1168
f 63 1003 1006
f 55 955 958
f 76 1081 1084
f 87 1147 1149
f 72 1057 1059
f 49 919 921
f 79 1099 1101
f 96 1201 1203
f 102 1237 1239
f 91 1171 1173
f 67 1027 1030
f 56 961 964
f 75 1075 1078
f 83 1123 1125
f 66 1021 1023
f 54 949 951
f 73 1063 1065
f 85 1135 1137
f 92 1177 1180
f 71 1051 1054
f 100 1225 1227
f 94 1189 1191
f 80 1105 1107
f 51 931 934
f 116 1322 1326
f 108 1274 1278
f 106 1262 1266
f 112 1298 1302
f 115 1316 1320
f 119 1340 1344
f 156 1561 1565
f 139 1459 1463
f 160 1585 1589
f 120 1346 1350
f 149 1520 1524
f 132 1417 1421
f 128 1394 1398
f 145 1496 1500
f 148 1514 1518
f 155 1556 1560
f 133 1424 1428
f 134 1430 1434
f 157 1567 1571
f 124 1369 1373
f 47 908 911
f 44 890 893
f 43 884 888
f 45 896 900
f 46 902 906
f 49 920 924
f 72 1058 1062
f 102 1238 1242
f 96 1202 1206
f 79 1100 1104
f 62 998 1001
f 59 980 983
f 58 974 978
f 60 986 990
f 61 992 996
f 66 1022 1026
f 54 950 954
f 73 1064 1068
f 85 1136 1140
f 92 1178 1181
f 101 1232 1235
f 69 1040 1043
f 50 926 929
f 82 1118 1121
f 97 1208 1211
f 71 1052 1055
f 100 1226 1230
f 94 1190 1194
f 80 1106 1110
f 51 932 935
f 90 1166 1169
f 63 1004 1007
f 55 956 959
f 76 1082 1085
f 87 1148 1152
f 91 1172 1176
f 67 1028 1031
f 56 962 965
f 75 1076 1079
f 83 1124 1128
f 68 1034 1038
f 48 914 917
f 78 1094 1097
f 93 1184 1187
f 98 1214 1218
f 88 1154 1157
f 65 1016 1020
f 57 968 972
f 77 1088 1092
f 86 1142 1145
f 64 1010 1014
f 53 944 947
f 74 1070 1073
f 84 1130 1133
f 89 1160 1164
f 70 1046 1049
f 99 1220 1223
f 95 1196 1199
f 81 1112 1116
f 52 938 942
f 109 1279 1283
f 105 1255 1259
f 111 1291 1295
f 114 1309 1313
f 117 1327 1331
f 125 1375 1379
f 152 1537 1541
f 137 1448 1452
f 158 1574 1578
f 123 1364 1368
f 143 1483 1487
f 127 1387 1391
f 135 1436 1440
f 147 1507 1511
f 150 1525 1529
f 153 1543 1547
f 140 1465 1469
f 138 1454 1458
f 159 1580 1584
f 122 1358 1362
f 107 1267 1269
f 103 1243 1245
f 104 1250 1252
f 110 1286 1288
f 113 1304 1306
f 118 1334 1336
f 154 1549 1551
f 141 1471 1473
f 162 1597 1599
f 121 1352 1354
f 142 1477 1479
f 129 1399 1401
f 130 1406 1408
f 144 1490 1492
f 146 1502 1504
f 151 1531 1533
f 131 1412 1414
f 136 1442 1444
f 161 1592 1594
f 126 1381 1383
f 116 1321 1323
f 108 1273 1275
f 106 1261 1263
f 112 1297 1299
f 115 1315 1317
f 119 1339 1341
f 156 1562 1564
f 139 1460 1462
f 160 1586 1588
f 120 1345 1347
f 149 1519 1521
f 132 1418 1420
f 128 1393 1395
f 145 1495 1497
f 148 1513 1515
f 155 1555 1557
f 133 1423 1425
f 134 1429 1431
f 157 1568 1570
f 124 1370 1372
f 109 1280 1282
f 105 1256 1258
f 111 1292 1294
f 114 1310 1312
f 117 1328 1330
f 125 1376 1378
f 152 1538 1540
f 137 1447 1449
f 158 1573 1575
f 123 1363 1365
f 143 1484 1486
f 127 1388 1390
f 135 1435 1437
f 147 1508 1510
f 150 1526 1528
f 153 1544 1546
f 140 1466 1468
f 138 1453 1455
f 159 1579 1581
f 122 1357 1359
f 107 1268 1272
f 103 1244 1248
f 104 1249 1253
f 110 1285 1289
f 113 1303 1307
f 118 1333 1337
f 154 1550 1554
f 141 1472 1476
f 162 1598 1602
f 121 1351 1355
f 142 1478 1482
f 129 1400 1404
f 130 1405 1409
f 144 1489 1493
f 146 1501 1505
f 151 1532 1536
f 131 1411 1415
f 136 1441 1445
f 161 1591 1595
f 126 1382 1386
f 47 911 909
f 44 893 891
f 43 888 886
f 45 900 898
f 46 906 904
f 49 924 922
f 72 1062 1060
f 102 1242 1240
f 96 1206 1204
f 79 1104 1102
f 62 1001 999
f 59 983 981
f 58 978 976
f 60 990 988
f 61 996 994
f 66 1026 1024
f 54 954 952
f 73 1068 1066
f 85 1140 1138
f 92 1181 1179
f 101 1235 1233
f 69 1043 1041
f 50 929 927
f 82 1121 1119
f 97 1211 1209
f 71 1055 1053
f 100 1230 1228
f 94 1194 1192
f 80 1110 1108
f 51 935 933
f 90 1169 1167
f 63 1007 1005
f 55 959 957
f 76 1085 1083
f 87 1152 1150
f 91 1176 1174
f 67 1031 1029
f 56 965 963
f 75 1079 1077
f 83 1128 1126
f 68 1038 1036
f 48 917 915
f 78 1097 1095
f 93 1187 1185
f 98 1218 1216
f 88 1157 1155
f 65 1020 1018
f 57 972 970
f 77 1092 1090
f 86 1145 1143
f 64 1014 1012
f 53 947 945
f 74 1073 1071
f 84 1133 1131
f 89 1164 1162
f 70 1049 1047
f 99 1223 1221
f 95 1199 1197
f 81 1116 1114
f 52 942 940
f 109 1283 1284
f 105 1259 1260
f 111 1295 1296
f 114 1313 1314
f 117 1331 1332
f 125 1379 1380
f 152 1541 1542
f 137 1452 1451
f 158 1578 1577
f 123 1368 1367
f 143 1487 1488
f 127 1391 1392
f 135 1440 1439
f 147 1511 1512
f 150 1529 1530
f 153 1547 1548
f 140 1469 1470
f 138 1458 1457
f 159 1584 1583
f 122 1362 1361
f 407 1609 1616
f 403 1605 1608
f 404 1611 1606
f 410 1614 1612
f 413 1617 1615
f 422 1631 1624
f 486 1688 1692
f 573 1775 1782
f 561 1763 1765
f 512 1719 1714
f 452 1654 1661
f 448 1650 1653
f 449 1656 1651
f 455 1659 1657
f 458 1662 1660
f 470 1672 1675
f 437 1646 1639
f 494 1706 1696
f 531 1735 1733
f 539 1741 1751
f 568 1770 1779
f 478 1680 1683
f 419 1621 1626
f 509 1711 1721
f 554 1756 1766
f 482 1684 1689
f 576 1780 1778
f 558 1767 1760
f 516 1722 1718
f 425 1627 1629
f 542 1744 1747
f 463 1668 1665
f 434 1636 1641
f 497 1699 1704
f 528 1730 1737
f 546 1748 1750
f 464 1666 1676
f 440 1642 1644
f 500 1705 1702
f 524 1736 1726
f 479 1691 1681
f 418 1623 1620
f 508 1713 1710
f 553 1764 1755
f 569 1781 1771
f 538 1749 1740
f 471 1677 1673
f 443 1645 1647
f 501 1703 1707
f 523 1725 1734
f 467 1674 1669
f 433 1638 1635
f 493 1695 1698
f 527 1732 1729
f 543 1752 1745
f 485 1690 1687
f 572 1777 1774
f 557 1759 1762
f 515 1717 1720
f 428 1630 1632
f 591 2191 2189
f 587 1885 1883
f 588 1901 1903
f 594 2279 2281
f 597 2315 2317
f 600 2171 2173
f 634 2160 2158
f 619 2016 2012
f 639 2214 2210
f 602 1919 1924
f 624 2137 2135
f 608 1978 1973
f 610 1991 1996
f 627 2225 2227
f 630 2302 2304
f 635 2178 2176
f 615 2153 2155
f 617 2009 2014
f 637 2207 2212
f 604 1926 1922
f 416 1857 1864
f 408 1803 1810
f 406 1786 1795
f 412 1822 1831
f 415 1840 1849
f 424 1876 1887
f 492 2182 2193
f 582 2312 2321
f 565 2276 2285
f 514 1898 1907
f 461 2091 2098
f 453 2037 2044
f 451 1952 1961
f 457 2056 2067
f 460 2074 2083
f 475 2128 2139
f 439 1966 1975
f 496 1988 1997
f 533 2222 2231
f 551 2293 2298
f 579 2185 2190
f 483 1879 1884
f 426 1893 1900
f 521 2271 2278
f 566 2307 2314
f 489 2163 2170
f 578 2150 2159
f 560 2006 2015
f 518 2204 2213
f 429 1911 1918
f 547 2131 2136
f 465 1969 1977
f 441 1983 1990
f 504 2217 2224
f 537 2290 2301
f 550 2168 2177
f 476 2145 2152
f 444 2001 2008
f 502 2199 2206
f 526 1916 1925
f 481 1808 1817
f 420 1789 1797
f 510 1825 1833
f 555 1843 1851
f 571 1862 1871
f 540 1933 1941
f 473 2110 2119
f 447 2020 2029
f 507 2236 2247
f 534 2257 2262
f 469 2042 2051
f 435 1947 1954
f 498 2059 2064
f 529 2077 2085
f 545 2096 2105
f 487 2113 2121
f 574 2023 2031
f 562 2239 2244
f 520 2254 2265
f 432 1930 1939
f 589 1818 1814
f 583 1798 1793
f 586 1834 1829
f 593 1852 1847
f 596 1872 1868
f 599 1942 1937
f 633 2120 2124
f 620 2030 2034
f 640 2248 2250
f 603 2263 2261
f 622 2052 2050
f 607 1955 1960
f 612 2065 2063
f 626 2086 2081
f 629 2106 2102
f 631 2122 2117
f 614 2032 2027
f 618 2245 2243
f 641 2266 2268
f 605 1940 1944
f 409 1813 1804
f 405 1792 1785
f 411 1828 1821
f 414 1846 1839
f 417 1867 1858
f 431 1936 1929
f 488 2123 2114
f 575 2033 2024
f 563 2249 2240
f 519 2260 2253
f 454 2049 2038
f 450 1959 1951
f 456 2062 2055
f 459 2080 2073
f 462 2101 2092
f 472 2116 2109
f 446 2026 2019
f 506 2242 2235
f 535 2267 2258
f 541 1943 1934
f 570 1869 1861
f 480 1815 1807
f 421 1799 1790
f 511 1835 1826
f 556 1853 1844
f 484 1889 1880
f 580 2195 2186
f 567 2319 2308
f 522 2283 2272
f 427 1905 1894
f 544 2103 2095
f 468 2046 2041
f 436 1957 1948
f 499 2069 2060
f 530 2087 2078
f 548 2141 2132
f 466 1979 1970
f 442 1993 1984
f 505 2229 2218
f 536 2296 2289
f 491 2188 2181
f 423 1882 1875
f 513 1902 1897
f 564 2280 2275
f 581 2316 2311
f 549 2172 2167
f 477 2157 2146
f 445 2011 2002
f 503 2209 2200
f 525 1923 1915
f 474 2134 2127
f 438 1972 1965
f 495 1995 1987
f 532 2226 2221
f 552 2303 2294
f 490 2175 2164
f 577 2154 2149
f 559 2013 2005
f 517 2211 2203
f 430 1921 1912
f 590 1865 1870
f 584 1811 1816
f 585 1796 1800
f 592 1832 1836
f 595 1850 1854
f 598 1888 1890
f 636 2194 2196
f 621 2322 2320
f 642 2286 2284
f 601 1908 1906
f 623 2099 2104
f 611 2045 2047
f 609 1962 1958
f 625 2068 2070
f 628 2084 2088
f 632 2140 2142
f 613 1976 1980
f 616 1998 1994
f 638 2232 2230
f 606 2299 2297
f 407 2330 2329
f 403 2324 2323
f 404 2325 2326
f 410 2332 2333
f 413 2335 2336
f 422 2344 2345
f 486 2410 2409
f 573 2497 2496
f 561 2486 2485
f 512 2434 2435
f 452 2375 2374
f 448 2369 2368
f 449 2370 2371
f 455 2377 2378
f 458 2380 2381
f 470 2393 2392
f 437 2359 2360
f 494 2415 2416
f 531 2455 2456
f 539 2461 2460
f 568 2489 2488
f 478 2399 2398
f 419 2341 2340
f 509 2431 2430
f 554 2476 2475
f 482 2405 2404
f 576 2500 2501
f 558 2481 2482
f 516 2439 2440
f 425 2348 2347
f 542 2465 2464
f 463 2383 2384
f 434 2356 2355
f 497 2420 2419
f 528 2452 2451
f 546 2471 2470
f 464 2386 2385
f 440 2363 2362
f 500 2422 2423
f 524 2445 2446
f 479 2400 2401
f 418 2338 2339
f 508 2428 2429
f 553 2473 2474
f 569 2490 2491
f 538 2458 2459
f 471 2394 2395
f 443 2366 2365
f 501 2425 2424
f 523 2444 2443
f 467 2389 2390
f 433 2353 2354
f 493 2414 2413
f 527 2449 2450
f 543 2466 2467
f 485 2407 2408
f 572 2494 2495
f 557 2480 2479
f 515 2438 2437
f 428 2351 2350
f 591 2510 2511
f 587 2504 2505
f 588 2508 2507
f 594 2514 2513
f 597 2517 2516
f 600 2520 2519
f 634 2554 2556
f 619 2539 2540
f 639 2560 2561
f 602 2523 2521
f 624 2543 2544
f 608 2527 2529
f 610 2532 2530
f 627 2547 2546
f 630 2550 2549
f 635 2552 2553
f 615 2535 2534
f 617 2538 2536
f 637 2558 2557
f 604 2524 2525
f 167 1607 647
f 164 1603 644
f 163 1604 643
f 165 1610 645
f 166 1613 646
f 169 1622 649
f 192 1686 672
f 222 1773 702
f 216 1761 696
f 199 1712 679
f 182 1652 662
f 179 1648 659
f 178 1649 658
f 180 1655 660
f 181 1658 661
f 186 1670 666
f 174 1637 654
f 193 1694 673
f 205 1731 685
f 212 1739 692
f 221 1768 701
f 189 1678 669
f 170 1619 650
f 202 1709 682
f 217 1754 697
f 191 1682 671
f 220 1776 700
f 214 1758 694
f 200 1716 680
f 171 1625 651
f 210 1742 690
f 183 1663 663
f 175 1634 655
f 196 1697 676
f 207 1728 687
f 211 1746 691
f 187 1664 667
f 176 1640 656
f 195 1700 675
f 203 1724 683
f 188 1679 668
f 168 1618 648
f 198 1708 678
f 213 1753 693
f 218 1769 698
f 208 1738 688
f 185 1671 665
f 177 1643 657
f 197 1701 677
f 206 1723 686
f 184 1667 664
f 173 1633 653
f 194 1693 674
f 204 1727 684
f 209 1743 689
f 190 1685 670
f 219 1772 699
f 215 1757 695
f 201 1715 681
f 172 1628 652
f 357 2187 837
f 255 1881 735
f 262 1899 742
f 388 2277 868
f 400 2313 880
f 352 2169 832
f 347 2156 827
f 298 2010 778
f 364 2208 844
f 269 1917 749
f 339 2133 819
f 285 1971 765
f 293 1989 773
f 370 2223 850
f 396 2300 876
f 353 2174 833
f 346 2151 826
f 299 2007 779
f 365 2205 845
f 268 1920 748
f 249 1855 729
f 231 1801 711
f 226 1784 706
f 238 1820 718
f 244 1838 724
f 257 1874 737
f 359 2180 839
f 402 2310 882
f 390 2274 870
f 264 1896 744
f 327 2089 807
f 309 2035 789
f 282 1950 762
f 317 2054 797
f 322 2072 802
f 341 2126 821
f 286 1964 766
f 294 1986 774
f 372 2220 852
f 394 2291 874
f 358 2183 838
f 256 1877 736
f 261 1891 741
f 387 2269 867
f 399 2305 879
f 351 2161 831
f 348 2148 828
f 300 2004 780
f 366 2202 846
f 267 1909 747
f 340 2129 820
f 287 1967 767
f 291 1981 771
f 369 2215 849
f 395 2288 875
f 354 2166 834
f 345 2143 825
f 297 1999 777
f 363 2197 843
f 270 1914 750
f 234 1806 714
f 227 1787 707
f 239 1823 719
f 245 1841 725
f 252 1860 732
f 275 1931 755
f 334 2108 814
f 304 2018 784
f 377 2234 857
f 382 2255 862
f 312 2040 792
f 279 1945 759
f 316 2057 796
f 323 2075 803
f 330 2094 810
f 335 2111 815
f 305 2021 785
f 376 2237 856
f 383 2252 863
f 274 1928 754
f 232 1812 712
f 225 1791 705
f 237 1827 717
f 243 1845 723
f 250 1866 730
f 273 1935 753
f 336 2118 816
f 306 2028 786
f 378 2246 858
f 381 2259 861
f 311 2048 791
f 281 1953 761
f 315 2061 795
f 321 2079 801
f 328 2100 808
f 333 2115 813
f 303 2025 783
f 375 2241 855
f 384 2264 864
f 276 1938 756
f 229 1802 709
f 223 1783 703
f 235 1819 715
f 241 1837 721
f 247 1856 727
f 271 1927 751
f 332 2112 812
f 302 2022 782
f 374 2238 854
f 379 2251 859
f 307 2036 787
f 278 1949 758
f 313 2053 793
f 319 2071 799
f 325 2090 805
f 331 2107 811
f 301 2017 781
f 373 2233 853
f 380 2256 860
f 272 1932 752
f 248 1859 728
f 230 1805 710
f 224 1788 704
f 236 1824 716
f 242 1842 722
f 254 1878 734
f 356 2184 836
f 397 2306 877
f 385 2270 865
f 259 1892 739
f 326 2093 806
f 308 2039 788
f 277 1946 757
f 314 2058 794
f 320 2076 800
f 338 2130 818
f 284 1968 764
f 289 1982 769
f 367 2216 847
f 391 2287 871
f 355 2179 835
f 253 1873 733
f 260 1895 740
f 386 2273 866
f 398 2309 878
f 350 2165 830
f 343 2144 823
f 295 2000 775
f 361 2198 841
f 266 1913 746
f 337 2125 817
f 283 1963 763
f 290 1985 770
f 368 2219 848
f 392 2292 872
f 349 2162 829
f 344 2147 824
f 296 2003 776
f 362 2201 842
f 265 1910 745
f 251 1863 731
f 233 1809 713
f 228 1794 708
f 240 1830 720
f 246 1848 726
f 258 1886 738
f 360 2192 840
f 401 2318 881
f 389 2282 869
f 263 1904 743
f 329 2097 809
f 310 2043 790
f 280 1956 760
f 318 2066 798
f 324 2082 804
f 342 2138 822
f 288 1974 768
f 292 1992 772
f 371 2228 851
f 393 2295 873
f 409 2331 1269
f 405 2327 1245
f 411 2328 1252
f 414 2334 1288
f 417 2337 1306
f 431 2346 1336
f 488 2412 1551
f 575 2499 1473
f 563 2487 1599
f 519 2436 1354
f 454 2376 1479
f 450 2372 1401
f 456 2373 1408
f 459 2379 1492
f 462 2382 1504
f 472 2396 1533
f 446 2361 1414
f 506 2418 1444
f 535 2457 1594
f 541 2463 1383
f 570 2492 1323
f 480 2402 1275
f 421 2343 1263
f 511 2433 1299
f 556 2478 1317
f 484 2406 1341
f 580 2502 1564
f 567 2484 1462
f 522 2442 1588
f 427 2349 1347
f 544 2468 1521
f 468 2387 1420
f 436 2358 1395
f 499 2421 1497
f 530 2454 1515
f 548 2472 1557
f 466 2388 1425
f 442 2364 1431
f 505 2426 1570
f 536 2448 1372
f 491 2403 1282
f 423 2342 1258
f 513 2432 1294
f 564 2477 1312
f 581 2493 1330
f 549 2462 1378
f 477 2397 1540
f 445 2367 1449
f 503 2427 1575
f 525 2447 1365
f 474 2391 1486
f 438 2357 1390
f 495 2417 1437
f 532 2453 1510
f 552 2469 1528
f 490 2411 1546
f 577 2498 1468
f 559 2483 1455
f 517 2441 1581
f 430 2352 1359
f 590 2509 1272
f 584 2503 1248
f 585 2506 1253
f 592 2512 1289
f 595 2515 1307
f 598 2518 1337
f 636 2555 1554
f 621 2541 1476
f 642 2562 1602
f 601 2522 1355
f 623 2542 1482
f 611 2528 1404
f 609 2531 1409
f 625 2545 1493
f 628 2548 1505
f 632 2551 1536
f 613 2533 1415
f 616 2537 1445
f 638 2559 1595
f 606 2526 1386
f 407 1616 909
f 403 1608 891
f 404 1606 886
f 410 1612 898
f 413 1615 904
f 422 1624 922
f 486 1692 1060
f 573 1782 1240
f 561 1765 1204
f 512 1714 1102
f 452 1661 999
f 448 1653 981
f 449 1651 976
f 455 1657 988
f 458 1660 994
f 470 1675 1024
f 437 1639 952
f 494 1696 1066
f 531 1733 1138
f 539 1751 1179
f 568 1779 1233
f 478 1683 1041
f 419 1626 927
f 509 1721 1119
f 554 1766 1209
f 482 1689 1053
f 576 1778 1228
f 558 1760 1192
f 516 1718 1108
f 425 1629 933
f 542 1747 1167
f 463 1665 1005
f 434 1641 957
f 497 1704 1083
f 528 1737 1150
f 546 1750 1174
f 464 1676 1029
f 440 1644 963
f 500 1702 1077
f 524 1726 1126
f 479 1681 1036
f 418 1620 915
f 508 1710 1095
f 553 1755 1185
f 569 1771 1216
f 538 1740 1155
f 471 1673 1018
f 443 1647 970
f 501 1707 1090
f 523 1734 1143
f 467 1669 1012
f 433 1635 945
f 493 1698 1071
f 527 1729 1131
f 543 1745 1162
f 485 1687 1047
f 572 1774 1221
f 557 1762 1197
f 515 1720 1114
f 428 1632 940
f 591 2189 1284
f 587 1883 1260
f 588 1903 1296
f 594 2281 1314
f 597 2317 1332
f 600 2173 1380
f 634 2158 1542
f 619 2012 1451
f 639 2210 1577
f 602 1924 1367
f 624 2135 1488
f 608 1973 1392
f 610 1996 1439
f 627 2227 1512
f 630 2304 1530
f 635 2176 1548
f 615 2155 1470
f 617 2014 1457
f 637 2212 1583
f 604 1922 1361
f 416 1864 1270
f 408 1810 1246
f 406 1795 1251
f 412 1831 1287
f 415 1849 1305
f 424 1887 1335
f 492 2193 1552
f 582 2321 1474
f 565 2285 1600
f 514 1907 1353
f 461 2098 1480
f 453 2044 1402
f 451 1961 1407
f 457 2067 1491
f 460 2083 1503
f 475 2139 1534
f 439 1975 1413
f 496 1997 1443
f 533 2231 1593
f 551 2298 1384
f 579 2190 1324
f 483 1884 1276
f 426 1900 1264
f 521 2278 1300
f 566 2314 1318
f 489 2170 1342
f 578 2159 1563
f 560 2015 1461
f 518 2213 1587
f 429 1918 1348
f 547 2136 1522
f 465 1977 1419
f 441 1990 1396
f 504 2224 1498
f 537 2301 1516
f 550 2177 1558
f 476 2152 1426
f 444 2008 1432
f 502 2206 1569
f 526 1925 1371
f 481 1817 1281
f 420 1797 1257
f 510 1833 1293
f 555 1851 1311
f 571 1871 1329
f 540 1941 1377
f 473 2119 1539
f 447 2029 1450
f 507 2247 1576
f 534 2262 1366
f 469 2051 1485
f 435 1954 1389
f 498 2064 1438
f 529 2085 1509
f 545 2105 1527
f 487 2121 1545
f 574 2031 1467
f 562 2244 1456
f 520 2265 1582
f 432 1939 1360
f 589 1814 1271
f 583 1793 1247
f 586 1829 1254
f 593 1847 1290
f 596 1868 1308
f 599 1937 1338
f 633 2124 1553
f 620 2034 1475
f 640 2250 1601
f 603 2261 1356
f 622 2050 1481
f 607 1960 1403
f 612 2063 1410
f 626 2081 1494
f 629 2102 1506
f 631 2117 1535
f 614 2027 1416
f 618 2243 1446
f 641 2268 1596
f 605 1944 1385
f 409 1804 894
f 405 1785 887
f 411 1821 899
f 414 1839 905
f 417 1858 912
f 431 1929 941
f 488 2114 1050
f 575 2024 1224
f 563 2240 1200
f 519 2253 1115
f 454 2038 984
f 450 1951 977
f 456 2055 989
f 459 2073 995
f 462 2092 1002
f 472 2109 1019
f 446 2019 971
f 506 2235 1091
f 535 2258 1146
f 541 1934 1158
f 570 1861 1217
f 480 1807 1037
f 421 1790 918
f 511 1826 1098
f 556 1844 1188
f 484 1880 1044
f 580 2186 1236
f 567 2308 1212
f 522 2272 1122
f 427 1894 930
f 544 2095 1163
f 468 2041 1013
f 436 1948 948
f 499 2060 1074
f 530 2078 1134
f 548 2132 1170
f 466 1970 1008
f 442 1984 960
f 505 2218 1086
f 536 2289 1151
f 491 2181 1061
f 423 1875 923
f 513 1897 1103
f 564 2275 1205
f 581 2311 1241
f 549 2167 1175
f 477 2146 1032
f 445 2002 966
f 503 2200 1080
f 525 1915 1127
f 474 2127 1025
f 438 1965 953
f 495 1987 1067
f 532 2221 1139
f 552 2294 1182
f 490 2164 1056
f 577 2149 1229
f 559 2005 1193
f 517 2203 1109
f 430 1912 936
f 590 1870 1325
f 584 1816 1277
f 585 1800 1265
f 592 1836 1301
f 595 1854 1319
f 598 1890 1343
f 636 2196 1566
f 621 2320 1464
f 642 2284 1590
f 601 1906 1349
f 623 2104 1523
f 611 2047 1422
f 609 1958 1397
f 625 2070 1499
f 628 2088 1517
f 632 2142 1559
f 613 1980 1427
f 616 1994 1433
f 638 2230 1572
f 606 2297 1374
f 407 2329 892
f 403 2323 885
f 404 2326 897
f 410 2333 903
f 413 2336 910
f 422 2345 939
f 486 2409 1048
f 573 2496 1222
f 561 2485 1198
f 512 2435 1113
f 452 2374 982
f 448 2368 975
f 449 2371 987
f 455 2378 993
f 458 2381 1000
f 470 2392 1017
f 437 2360 969
f 494 2416 1089
f 531 2456 1144
f 539 2460 1156
f 568 2488 1215
f 478 2398 1035
f 419 2340 916
f 509 2430 1096
f 554 2475 1186
f 482 2404 1042
f 576 2501 1234
f 558 2482 1210
f 516 2440 1120
f 425 2347 928
f 542 2464 1161
f 463 2384 1011
f 434 2355 946
f 497 2419 1072
f 528 2451 1132
f 546 2470 1168
f 464 2385 1006
f 440 2362 958
f 500 2423 1084
f 524 2446 1149
f 479 2401 1059
f 418 2339 921
f 508 2429 1101
f 553 2474 1203
f 569 2491 1239
f 538 2459 1173
f 471 2395 1030
f 443 2365 964
f 501 2424 1078
f 523 2443 1125
f 467 2390 1023
f 433 2354 951
f 493 2413 1065
f 527 2450 1137
f 543 2467 1180
f 485 2408 1054
f 572 2495 1227
f 557 2479 1191
f 515 2437 1107
f 428 2350 934
f 591 2511 1326
f 587 2505 1278
f 588 2507 1266
f 594 2513 1302
f 597 2516 1320
f 600 2519 1344
f 634 2556 1565
f 619 2540 1463
f 639 2561 1589
f 602 2521 1350
f 624 2544 1524
f 608 2529 1421
f 610 2530 1398
f 627 2546 1500
f 630 2549 1518
f 635 2553 1560
f 615 2534 1428
f 617 2536 1434
f 637 2557 1571
f 604 2525 1373
f 164 1609 889
f 163 1605 883
f 165 1611 895
f 166 1614 901
f 167 1617 907
f 172 1631 937
f 190 1688 1045
f 219 1775 1219
f 215 1763 1195
f 201 1719 1111
f 179 1654 979
f 178 1650 973
f 180 1656 985
f 181 1659 991
f 182 1662 997
f 185 1672 1015
f 177 1646 967
f 197 1706 1087
f 206 1735 1141
f 208 1741 1153
f 218 1770 1213
f 188 1680 1033
f 168 1621 913
f 198 1711 1093
f 213 1756 1183
f 189 1684 1039
f 221 1780 1231
f 217 1767 1207
f 202 1722 1117
f 170 1627 925
f 209 1744 1159
f 184 1668 1009
f 173 1636 943
f 194 1699 1069
f 204 1730 1129
f 210 1748 1165
f 183 1666 1003
f 175 1642 955
f 196 1705 1081
f 207 1736 1147
f 192 1691 1057
f 169 1623 919
f 199 1713 1099
f 216 1764 1201
f 222 1781 1237
f 211 1749 1171
f 187 1677 1027
f 176 1645 961
f 195 1703 1075
f 203 1725 1123
f 186 1674 1021
f 174 1638 949
f 193 1695 1063
f 205 1732 1135
f 212 1752 1177
f 191 1690 1051
f 220 1777 1225
f 214 1759 1189
f 200 1717 1105
f 171 1630 931
f 358 2191 1322
f 256 1885 1274
f 261 1901 1262
f 387 2279 1298
f 399 2315 1316
f 351 2171 1340
f 348 2160 1561
f 300 2016 1459
f 366 2214 1585
f 267 1919 1346
f 340 2137 1520
f 287 1978 1417
f 291 1991 1394
f 369 2225 1496
f 395 2302 1514
f 354 2178 1556
f 345 2153 1424
f 297 2009 1430
f 363 2207 1567
f 270 1926 1369
f 247 1857 908
f 229 1803 890
f 223 1786 884
f 235 1822 896
f 241 1840 902
f 253 1876 920
f 355 2182 1058
f 398 2312 1238
f 386 2276 1202
f 260 1898 1100
f 325 2091 998
f 307 2037 980
f 278 1952 974
f 313 2056 986
f 319 2074 992
f 337 2128 1022
f 283 1966 950
f 290 1988 1064
f 368 2222 1136
f 392 2293 1178
f 356 2185 1232
f 254 1879 1040
f 259 1893 926
f 385 2271 1118
f 397 2307 1208
f 349 2163 1052
f 344 2150 1226
f 296 2006 1190
f 362 2204 1106
f 265 1911 932
f 338 2131 1166
f 284 1969 1004
f 289 1983 956
f 367 2217 1082
f 391 2290 1148
f 350 2168 1172
f 343 2145 1028
f 295 2001 962
f 361 2199 1076
f 266 1916 1124
f 230 1808 1034
f 224 1789 914
f 236 1825 1094
f 242 1843 1184
f 248 1862 1214
f 272 1933 1154
f 331 2110 1016
f 301 2020 968
f 373 2236 1088
f 380 2257 1142
f 308 2042 1010
f 277 1947 944
f 314 2059 1070
f 320 2077 1130
f 326 2096 1160
f 332 2113 1046
f 302 2023 1220
f 374 2239 1196
f 379 2254 1112
f 271 1930 938
f 234 1818 1279
f 227 1798 1255
f 239 1834 1291
f 245 1852 1309
f 252 1872 1327
f 275 1942 1375
f 334 2120 1537
f 304 2030 1448
f 377 2248 1574
f 382 2263 1364
f 312 2052 1483
f 279 1955 1387
f 316 2065 1436
f 323 2086 1507
f 330 2106 1525
f 335 2122 1543
f 305 2032 1465
f 376 2245 1454
f 383 2266 1580
f 274 1940 1358
f 232 1813 1267
f 225 1792 1243
f 237 1828 1250
f 243 1846 1286
f 250 1867 1304
f 273 1936 1334
f 336 2123 1549
f 306 2033 1471
f 378 2249 1597
f 381 2260 1352
f 311 2049 1477
f 281 1959 1399
f 315 2062 1406
f 321 2080 1490
f 328 2101 1502
f 333 2116 1531
f 303 2026 1412
f 375 2242 1442
f 384 2267 1592
f 276 1943 1381
f 251 1869 1321
f 233 1815 1273
f 228 1799 1261
f 240 1835 1297
f 246 1853 1315
f 258 1889 1339
f 360 2195 1562
f 401 2319 1460
f 389 2283 1586
f 263 1905 1345
f 329 2103 1519
f 310 2046 1418
f 280 1957 1393
f 318 2069 1495
f 324 2087 1513
f 342 2141 1555
f 288 1979 1423
f 292 1993 1429
f 371 2229 1568
f 393 2296 1370
f 357 2188 1280
f 255 1882 1256
f 262 1902 1292
f 388 2280 1310
f 400 2316 1328
f 352 2172 1376
f 347 2157 1538
f 298 2011 1447
f 364 2209 1573
f 269 1923 1363
f 339 2134 1484
f 285 1972 1388
f 293 1995 1435
f 370 2226 1508
f 396 2303 1526
f 353 2175 1544
f 346 2154 1466
f 299 2013 1453
f 365 2211 1579
f 268 1921 1357
f 249 1865 1268
f 231 1811 1244
f 226 1796 1249
f 238 1832 1285
f 244 1850 1303
f 257 1888 1333
f 359 2194 1550
f 402 2322 1472
f 390 2286 1598
f 264 1908 1351
f 327 2099 1478
f 309 2045 1400
f 282 1962 1405
f 317 2068 1489
f 322 2084 1501
f 341 2140 1532
f 286 1976 1411
f 294 1998 1441
f 372 2232 1591
f 394 2299 1382
f 416 2330 911
f 408 2324 893
f 406 2325 888
f 412 2332 900
f 415 2335 906
f 424 2344 924
f 492 2410 1062
f 582 2497 1242
f 565 2486 1206
f 514 2434 1104
f 461 2375 1001
f 453 2369 983
f 451 2370 978
f 457 2377 990
f 460 2380 996
f 475 2393 1026
f 439 2359 954
f 496 2415 1068
f 533 2455 1140
f 551 2461 1181
f 579 2489 1235
f 483 2399 1043
f 426 2341 929
f 521 2431 1121
f 566 2476 1211
f 489 2405 1055
f 578 2500 1230
f 560 2481 1194
f 518 2439 1110
f 429 2348 935
f 547 2465 1169
f 465 2383 1007
f 441 2356 959
f 504 2420 1085
f 537 2452 1152
f 550 2471 1176
f 476 2386 1031
f 444 2363 965
f 502 2422 1079
f 526 2445 1128
f 481 2400 1038
f 420 2338 917
f 510 2428 1097
f 555 2473 1187
f 571 2490 1218
f 540 2458 1157
f 473 2394 1020
f 447 2366 972
f 507 2425 1092
f 534 2444 1145
f 469 2389 1014
f 435 2353 947
f 498 2414 1073
f 529 2449 1133
f 545 2466 1164
f 487 2407 1049
f 574 2494 1223
f 562 2480 1199
f 520 2438 1116
f 432 2351 942
f 589 2510 1283
f 583 2504 1259
f 586 2508 1295
f 593 2514 1313
f 596 2517 1331
f 599 2520 1379
f 633 2554 1541
f 620 2539 1452
f 640 2560 1578
f 603 2523 1368
f 622 2543 1487
f 607 2527 1391
f 612 2532 1440
f 626 2547 1511
f 629 2550 1529
f 631 2552 1547
f 614 2535 1469
f 618 2538 1458
f 641 2558 1584
f 605 2524 1362
f 164 1607 1609
f 163 1603 1605
f 165 1604 1611
f 166 1610 1614
f 167 1613 1617
f 172 1622 1631
f 190 1686 1688
f 219 1773 1775
f 215 1761 1763
f 201 1712 1719
f 179 1652 1654
f 178 1648 1650
f 180 1649 1656
f 181 1655 1659
f 182 1658 1662
f 185 1670 1672
f 177 1637 1646
f 197 1694 1706
f 206 1731 1735
f 208 1739 1741
f 218 1768 1770
f 188 1678 1680
f 168 1619 1621
f 198 1709 1711
f 213 1754 1756
f 189 1682 1684
f 221 1776 1780
f 217 1758 1767
f 202 1716 1722
f 170 1625 1627
f 209 1742 1744
f 184 1663 1668
f 173 1634 1636
f 194 1697 1699
f 204 1728 1730
f 210 1746 1748
f 183 1664 1666
f 175 1640 1642
f 196 1700 1705
f 207 1724 1736
f 192 1679 1691
f 169 1618 1623
f 199 1708 1713
f 216 1753 1764
f 222 1769 1781
f 211 1738 1749
f 187 1671 1677
f 176 1643 1645
f 195 1701 1703
f 203 1723 1725
f 186 1667 1674
f 174 1633 1638
f 193 1693 1695
f 205 1727 1732
f 212 1743 1752
f 191 1685 1690
f 220 1772 1777
f 214 1757 1759
f 200 1715 1717
f 171 1628 1630
f 358 2187 2191
f 256 1881 1885
f 261 1899 1901
f 387 2277 2279
f 399 2313 2315
f 351 2169 2171
f 348 2156 2160
f 300 2010 2016
f 366 2208 2214
f 267 1917 1919
f 340 2133 2137
f 287 1971 1978
f 291 1989 1991
f 369 2223 2225
f 395 2300 2302
f 354 2174 2178
f 345 2151 2153
f 297 2007 2009
f 363 2205 2207
f 270 1920 1926
f 247 1855 1857
f 229 1801 1803
f 223 1784 1786
f 235 1820 1822
f 241 1838 1840
f 253 1874 1876
f 355 2180 2182
f 398 2310 2312
f 386 2274 2276
f 260 1896 1898
f 325 2089 2091
f 307 2035 2037
f 278 1950 1952
f 313 2054 2056
f 319 2072 2074
f 337 2126 2128
f 283 1964 1966
f 290 1986 1988
f 368 2220 2222
f 392 2291 2293
f 356 2183 2185
f 254 1877 1879
f 259 1891 1893
f 385 2269 2271
f 397 2305 2307
f 349 2161 2163
f 344 2148 2150
f 296 2004 2006
f 362 2202 2204
f 265 1909 1911
f 338 2129 2131
f 284 1967 1969
f 289 1981 1983
f 367 2215 2217
f 391 2288 2290
f 350 2166 2168
f 343 2143 2145
f 295 1999 2001
f 361 2197 2199
f 266 1914 1916
f 230 1806 1808
f 224 1787 1789
f 236 1823 1825
f 242 1841 1843
f 248 1860 1862
f 272 1931 1933
f 331 2108 2110
f 301 2018 2020
f 373 2234 2236
f 380 2255 2257
f 308 2040 2042
f 277 1945 1947
f 314 2057 2059
f 320 2075 2077
f 326 2094 2096
f 332 2111 2113
f 302 2021 2023
f 374 2237 2239
f 379 2252 2254
f 271 1928 1930
f 234 1812 1818
f 227 1791 1798
f 239 1827 1834
f 245 1845 1852
f 252 1866 1872
f 275 1935 1942
f 334 2118 2120
f 304 2028 2030
f 377 2246 2248
f 382 2259 2263
f 312 2048 2052
f 279 1953 1955
f 316 2061 2065
f 323 2079 2086
f 330 2100 2106
f 335 2115 2122
f 305 2025 2032
f 376 2241 2245
f 383 2264 2266
f 274 1938 1940
f 232 1802 1813
f 225 1783 1792
f 237 1819 1828
f 243 1837 1846
f 250 1856 1867
f 273 1927 1936
f 336 2112 2123
f 306 2022 2033
f 378 2238 2249
f 381 2251 2260
f 311 2036 2049
f 281 1949 1959
f 315 2053 2062
f 321 2071 2080
f 328 2090 2101
f 333 2107 2116
f 303 2017 2026
f 375 2233 2242
f 384 2256 2267
f 276 1932 1943
f 251 1859 1869
f 233 1805 1815
f 228 1788 1799
f 240 1824 1835
f 246 1842 1853
f 258 1878 1889
f 360 2184 2195
f 401 2306 2319
f 389 2270 2283
f 263 1892 1905
f 329 2093 2103
f 310 2039 2046
f 280 1946 1957
f 318 2058 2069
f 324 2076 2087
f 342 2130 2141
f 288 1968 1979
f 292 1982 1993
f 371 2216 2229
f 393 2287 2296
f 357 2179 2188
f 255 1873 1882
f 262 1895 1902
f 388 2273 2280
f 400 2309 2316
f 352 2165 2172
f 347 2144 2157
f 298 2000 2011
f 364 2198 2209
f 269 1913 1923
f 339 2125 2134
f 285 1963 1972
f 293 1985 1995
f 370 2219 2226
f 396 2292 2303
f 353 2162 2175
f 346 2147 2154
f 299 2003 2013
f 365 2201 2211
f 268 1910 1921
f 249 1863 1865
f 231 1809 1811
f 226 1794 1796
f 238 1830 1832
f 244 1848 1850
f 257 1886 1888
f 359 2192 2194
f 402 2318 2322
f 390 2282 2286
f 264 1904 1908
f 327 2097 2099
f 309 2043 2045
f 282 1956 1962
f 317 2066 2068
f 322 2082 2084
f 341 2138 2140
f 286 1974 1976
f 294 1992 1998
f 372 2228 2232
f 394 2295 2299
f 416 2331 2330
f 408 2327 2324
f 406 2328 2325
f 412 2334 2332
f 415 2337 2335
f 424 2346 2344
f 492 2412 2410
f 582 2499 2497
f 565 2487 2486
f 514 2436 2434
f 461 2376 2375
f 453 2372 2369
f 451 2373 2370
f 457 2379 2377
f 460 2382 2380
f 475 2396 2393
f 439 2361 2359
f 496 2418 2415
f 533 2457 2455
f 551 2463 2461
f 579 2492 2489
f 483 2402 2399
f 426 2343 2341
f 521 2433 2431
f 566 2478 2476
f 489 2406 2405
f 578 2502 2500
f 560 2484 2481
f 518 2442 2439
f 429 2349 2348
f 547 2468 2465
f 465 2387 2383
f 441 2358 2356
f 504 2421 2420
f 537 2454 2452
f 550 2472 2471
f 476 2388 2386
f 444 2364 2363
f 502 2426 2422
f 526 2448 2445
f 481 2403 2400
f 420 2342 2338
f 510 2432 2428
f 555 2477 2473
f 571 2493 2490
f 540 2462 2458
f 473 2397 2394
f 447 2367 2366
f 507 2427 2425
f 534 2447 2444
f 469 2391 2389
f 435 2357 2353
f 498 2417 2414
f 529 2453 2449
f 545 2469 2466
f 487 2411 2407
f 574 2498 2494
f 562 2483 2480
f 520 2441 2438
f 432 2352 2351
f 589 2509 2510
f 583 2503 2504
f 586 2506 2508
f 593 2512 2514
f 596 2515 2517
f 599 2518 2520
f 633 2555 2554
f 620 2541 2539
f 640 2562 2560
f 603 2522 2523
f 622 2542 2543
f 607 2528 2527
f 612 2531 2532
f 626 2545 2547
f 629 2548 2550
f 631 2551 2552
f 614 2533 2535
f 618 2537 2538
f 641 2559 2558
f 605 2526 2524
f 164 644 1607
f 163 643 1603
f 165 645 1604
f 166 646 1610
f 167 647 1613
f 172 652 1622
f 190 670 1686
f 219 699 1773
f 215 695 1761
f 201 681 1712
f 179 659 1652
f 178 658 1648
f 180 660 1649
f 181 661 1655
f 182 662 1658
f 185 665 1670
f 177 657 1637
f 197 677 1694
f 206 686 1731
f 208 688 1739
f 218 698 1768
f 188 668 1678
f 168 648 1619
f 198 678 1709
f 213 693 1754
f 189 669 1682
f 221 701 1776
f 217 697 1758
f 202 682 1716
f 170 650 1625
f 209 689 1742
f 184 664 1663
f 173 653 1634
f 194 674 1697
f 204 684 1728
f 210 690 1746
f 183 663 1664
f 175 655 1640
f 196 676 1700
f 207 687 1724
f 192 672 1679
f 169 649 1618
f 199 679 1708
f 216 696 1753
f 222 702 1769
f 211 691 1738
f 187 667 1671
f 176 656 1643
f 195 675 1701
f 203 683 1723
f 186 666 1667
f 174 654 1633
f 193 673 1693
f 205 685 1727
f 212 692 1743
f 191 671 1685
f 220 700 1772
f 214 694 1757
f 200 680 1715
f 171 651 1628
f 358 838 2187
f 256 736 1881
f 261 741 1899
f 387 867 2277
f 399 879 2313
f 351 831 2169
f 348 828 2156
f 300 780 2010
f 366 846 2208
f 267 747 1917
f 340 820 2133
f 287 767 1971
f 291 771 1989
f 369 849 2223
f 395 875 2300
f 354 834 2174
f 345 825 2151
f 297 777 2007
f 363 843 2205
f 270 750 1920
f 247 727 1855
f 229 709 1801
f 223 703 1784
f 235 715 1820
f 241 721 1838
f 253 733 1874
f 355 835 2180
f 398 878 2310
f 386 866 2274
f 260 740 1896
f 325 805 2089
f 307 787 2035
f 278 758 1950
f 313 793 2054
f 319 799 2072
f 337 817 2126
f 283 763 1964
f 290 770 1986
f 368 848 2220
f 392 872 2291
f 356 836 2183
f 254 734 1877
f 259 739 1891
f 385 865 2269
f 397 877 2305
f 349 829 2161
f 344 824 2148
f 296 776 2004
f 362 842 2202
f 265 745 1909
f 338 818 2129
f 284 764 1967
f 289 769 1981
f 367 847 2215
f 391 871 2288
f 350 830 2166
f 343 823 2143
f 295 775 1999
f 361 841 2197
f 266 746 1914
f 230 710 1806
f 224 704 1787
f 236 716 1823
f 242 722 1841
f 248 728 1860
f 272 752 1931
f 331 811 2108
f 301 781 2018
f 373 853 2234
f 380 860 2255
f 308 788 2040
f 277 757 1945
f 314 794 2057
f 320 800 2075
f 326 806 2094
f 332 812 2111
f 302 782 2021
f 374 854 2237
f 379 859 2252
f 271 751 1928
f 234 714 1812
f 227 707 1791
f 239 719 1827
f 245 725 1845
f 252 732 1866
f 275 755 1935
f 334 814 2118
f 304 784 2028
f 377 857 2246
f 382 862 2259
f 312 792 2048
f 279 759 1953
f 316 796 2061
f 323 803 2079
f 330 810 2100
f 335 815 2115
f 305 785 2025
f 376 856 2241
f 383 863 2264
f 274 754 1938
f 232 712 1802
f 225 705 1783
f 237 717 1819
f 243 723 1837
f 250 730 1856
f 273 753 1927
f 336 816 2112
f 306 786 2022
f 378 858 2238
f 381 861 2251
f 311 791 2036
f 281 761 1949
f 315 795 2053
f 321 801 2071
f 328 808 2090
f 333 813 2107
f 303 783 2017
f 375 855 2233
f 384 864 2256
f 276 756 1932
f 251 731 1859
f 233 713 1805
f 228 708 1788
f 240 720 1824
f 246 726 1842
f 258 738 1878
f 360 840 2184
f 401 881 2306
f 389 869 2270
f 263 743 1892
f 329 809 2093
f 310 790 2039
f 280 760 1946
f 318 798 2058
f 324 804 2076
f 342 822 2130
f 288 768 1968
f 292 772 1982
f 371 851 2216
f 393 873 2287
f 357 837 2179
f 255 735 1873
f 262 742 1895
f 388 868 2273
f 400 880 2309
f 352 832 2165
f 347 827 2144
f 298 778 2000
f 364 844 2198
f 269 749 1913
f 339 819 2125
f 285 765 1963
f 293 773 1985
f 370 850 2219
f 396 876 2292
f 353 833 2162
f 346 826 2147
f 299 779 2003
f 365 845 2201
f 268 748 1910
f 249 729 1863
f 231 711 1809
f 226 706 1794
f 238 718 1830
f 244 724 1848
f 257 737 1886
f 359 839 2192
f 402 882 2318
f 390 870 2282
f 264 744 1904
f 327 807 2097
f 309 789 2043
f 282 762 1956
f 317 797 2066
f 322 802 2082
f 341 821 2138
f 286 766 1974
f 294 774 1992
f 372 852 2228
f 394 874 2295
f 416 1270 2331
f 408 1246 2327
f 406 1251 2328
f 412 1287 2334
f 415 1305 2337
f 424 1335 2346
f 492 1552 2412
f 582 1474 2499
f 565 1600 2487
f 514 1353 2436
f 461 1480 2376
f 453 1402 2372
f 451 1407 2373
f 457 1491 2379
f 460 1503 2382
f 475 1534 2396
f 439 1413 2361
f 496 1443 2418
f 533 1593 2457
f 551 1384 2463
f 579 1324 2492
f 483 1276 2402
f 426 1264 2343
f 521 1300 2433
f 566 1318 2478
f 489 1342 2406
f 578 1563 2502
f 560 1461 2484
f 518 1587 2442
f 429 1348 2349
f 547 1522 2468
f 465 1419 2387
f 441 1396 2358
f 504 1498 2421
f 537 1516 2454
f 550 1558 2472
f 476 1426 2388
f 444 1432 2364
f 502 1569 2426
f 526 1371 2448
f 481 1281 2403
f 420 1257 2342
f 510 1293 2432
f 555 1311 2477
f 571 1329 2493
f 540 1377 2462
f 473 1539 2397
f 447 1450 2367
f 507 1576 2427
f 534 1366 2447
f 469 1485 2391
f 435 1389 2357
f 498 1438 2417
f 529 1509 2453
f 545 1527 2469
f 487 1545 2411
f 574 1467 2498
f 562 1456 2483
f 520 1582 2441
f 432 1360 2352
f 589 1271 2509
f 583 1247 2503
f 586 1254 2506
f 593 1290 2512
f 596 1308 2515
f 599 1338 2518
f 633 1553 2555
f 620 1475 2541
f 640 1601 2562
f 603 1356 2522
f 622 1481 2542
f 607 1403 2528
f 612 1410 2531
f 626 1494 2545
f 629 1506 2548
f 631 1535 2551
f 614 1416 2533
f 618 1446 2537
f 641 1596 2559
f 605 1385 2526
f 167 907 1616
f 164 889 1608
f 163 883 1606
f 165 895 1612
f 166 901 1615
f 169 919 1624
f 192 1057 1692
f 222 1237 1782
f 216 1201 1765
f 199 1099 1714
f 182 997 1661
f 179 979 1653
f 178 973 1651
f 180 985 1657
f 181 991 1660
f 186 1021 1675
f 174 949 1639
f 193 1063 1696
f 205 1135 1733
f 212 1177 1751
f 221 1231 1779
f 189 1039 1683
f 170 925 1626
f 202 1117 1721
f 217 1207 1766
f 191 1051 1689
f 220 1225 1778
f 214 1189 1760
f 200 1105 1718
f 171 931 1629
f 210 1165 1747
f 183 1003 1665
f 175 955 1641
f 196 1081 1704
f 207 1147 1737
f 211 1171 1750
f 187 1027 1676
f 176 961 1644
f 195 1075 1702
f 203 1123 1726
f 188 1033 1681
f 168 913 1620
f 198 1093 1710
f 213 1183 1755
f 218 1213 1771
f 208 1153 1740
f 185 1015 1673
f 177 967 1647
f 197 1087 1707
f 206 1141 1734
f 184 1009 1669
f 173 943 1635
f 194 1069 1698
f 204 1129 1729
f 209 1159 1745
f 190 1045 1687
f 219 1219 1774
f 215 1195 1762
f 201 1111 1720
f 172 937 1632
f 357 1280 2189
f 255 1256 1883
f 262 1292 1903
f 388 1310 2281
f 400 1328 2317
f 352 1376 2173
f 347 1538 2158
f 298 1447 2012
f 364 1573 2210
f 269 1363 1924
f 339 1484 2135
f 285 1388 1973
f 293 1435 1996
f 370 1508 2227
f 396 1526 2304
f 353 1544 2176
f 346 1466 2155
f 299 1453 2014
f 365 1579 2212
f 268 1357 1922
f 249 1268 1864
f 231 1244 1810
f 226 1249 1795
f 238 1285 1831
f 244 1303 1849
f 257 1333 1887
f 359 1550 2193
f 402 1472 2321
f 390 1598 2285
f 264 1351 1907
f 327 1478 2098
f 309 1400 2044
f 282 1405 1961
f 317 1489 2067
f 322 1501 2083
f 341 1532 2139
f 286 1411 1975
f 294 1441 1997
f 372 1591 2231
f 394 1382 2298
f 358 1322 2190
f 256 1274 1884
f 261 1262 1900
f 387 1298 2278
f 399 1316 2314
f 351 1340 2170
f 348 1561 2159
f 300 1459 2015
f 366 1585 2213
f 267 1346 1918
f 340 1520 2136
f 287 1417 1977
f 291 1394 1990
f 369 1496 2224
f 395 1514 2301
f 354 1556 2177
f 345 1424 2152
f 297 1430 2008
f 363 1567 2206
f 270 1369 1925
f 234 1279 1817
f 227 1255 1797
f 239 1291 1833
f 245 1309 1851
f 252 1327 1871
f 275 1375 1941
f 334 1537 2119
f 304 1448 2029
f 377 1574 2247
f 382 1364 2262
f 312 1483 2051
f 279 1387 1954
f 316 1436 2064
f 323 1507 2085
f 330 1525 2105
f 335 1543 2121
f 305 1465 2031
f 376 1454 2244
f 383 1580 2265
f 274 1358 1939
f 232 1267 1814
f 225 1243 1793
f 237 1250 1829
f 243 1286 1847
f 250 1304 1868
f 273 1334 1937
f 336 1549 2124
f 306 1471 2034
f 378 1597 2250
f 381 1352 2261
f 311 1477 2050
f 281 1399 1960
f 315 1406 2063
f 321 1490 2081
f 328 1502 2102
f 333 1531 2117
f 303 1412 2027
f 375 1442 2243
f 384 1592 2268
f 276 1381 1944
f 229 890 1804
f 223 884 1785
f 235 896 1821
f 241 902 1839
f 247 908 1858
f 271 938 1929
f 332 1046 2114
f 302 1220 2024
f 374 1196 2240
f 379 1112 2253
f 307 980 2038
f 278 974 1951
f 313 986 2055
f 319 992 2073
f 325 998 2092
f 331 1016 2109
f 301 968 2019
f 373 1088 2235
f 380 1142 2258
f 272 1154 1934
f 248 1214 1861
f 230 1034 1807
f 224 914 1790
f 236 1094 1826
f 242 1184 1844
f 254 1040 1880
f 356 1232 2186
f 397 1208 2308
f 385 1118 2272
f 259 926 1894
f 326 1160 2095
f 308 1010 2041
f 277 944 1948
f 314 1070 2060
f 320 1130 2078
f 338 1166 2132
f 284 1004 1970
f 289 956 1984
f 367 1082 2218
f 391 1148 2289
f 355 1058 2181
f 253 920 1875
f 260 1100 1897
f 386 1202 2275
f 398 1238 2311
f 350 1172 2167
f 343 1028 2146
f 295 962 2002
f 361 1076 2200
f 266 1124 1915
f 337 1022 2127
f 283 950 1965
f 290 1064 1987
f 368 1136 2221
f 392 1178 2294
f 349 1052 2164
f 344 1226 2149
f 296 1190 2005
f 362 1106 2203
f 265 932 1912
f 251 1321 1870
f 233 1273 1816
f 228 1261 1800
f 240 1297 1836
f 246 1315 1854
f 258 1339 1890
f 360 1562 2196
f 401 1460 2320
f 389 1586 2284
f 263 1345 1906
f 329 1519 2104
f 310 1418 2047
f 280 1393 1958
f 318 1495 2070
f 324 1513 2088
f 342 1555 2142
f 288 1423 1980
f 292 1429 1994
f 371 1568 2230
f 393 1370 2297
f 409 894 2329
f 405 887 2323
f 411 899 2326
f 414 905 2333
f 417 912 2336
f 431 941 2345
f 488 1050 2409
f 575 1224 2496
f 563 1200 2485
f 519 1115 2435
f 454 984 2374
f 450 977 2368
f 456 989 2371
f 459 995 2378
f 462 1002 2381
f 472 1019 2392
f 446 971 2360
f 506 1091 2416
f 535 1146 2456
f 541 1158 2460
f 570 1217 2488
f 480 1037 2398
f 421 918 2340
f 511 1098 2430
f 556 1188 2475
f 484 1044 2404
f 580 1236 2501
f 567 1212 2482
f 522 1122 2440
f 427 930 2347
f 544 1163 2464
f 468 1013 2384
f 436 948 2355
f 499 1074 2419
f 530 1134 2451
f 548 1170 2470
f 466 1008 2385
f 442 960 2362
f 505 1086 2423
f 536 1151 2446
f 491 1061 2401
f 423 923 2339
f 513 1103 2429
f 564 1205 2474
f 581 1241 2491
f 549 1175 2459
f 477 1032 2395
f 445 966 2365
f 503 1080 2424
f 525 1127 2443
f 474 1025 2390
f 438 953 2354
f 495 1067 2413
f 532 1139 2450
f 552 1182 2467
f 490 1056 2408
f 577 1229 2495
f 559 1193 2479
f 517 1109 2437
f 430 936 2350
f 590 1325 2511
f 584 1277 2505
f 585 1265 2507
f 592 1301 2513
f 595 1319 2516
f 598 1343 2519
f 636 1566 2556
f 621 1464 2540
f 642 1590 2561
f 601 1349 2521
f 623 1523 2544
f 611 1422 2529
f 609 1397 2530
f 625 1499 2546
f 628 1517 2549
f 632 1559 2553
f 613 1427 2534
f 616 1433 2536
f 638 1572 2557
f 606 1374 2525
f 407 892 1609
f 403 885 1605
f 404 897 1611
f 410 903 1614
f 413 910 1617
f 422 939 1631
f 486 1048 1688
f 573 1222 1775
f 561 1198 1763
f 512 1113 1719
f 452 982 1654
f 448 975 1650
f 449 987 1656
f 455 993 1659
f 458 1000 1662
f 470 1017 1672
f 437 969 1646
f 494 1089 1706
f 531 1144 1735
f 539 1156 1741
f 568 1215 1770
f 478 1035 1680
f 419 916 1621
f 509 1096 1711
f 554 1186 1756
f 482 1042 1684
f 576 1234 1780
f 558 1210 1767
f 516 1120 1722
f 425 928 1627
f 542 1161 1744
f 463 1011 1668
f 434 946 1636
f 497 1072 1699
f 528 1132 1730
f 546 1168 1748
f 464 1006 1666
f 440 958 1642
f 500 1084 1705
f 524 1149 1736
f 479 1059 1691
f 418 921 1623
f 508 1101 1713
f 553 1203 1764
f 569 1239 1781
f 538 1173 1749
f 471 1030 1677
f 443 964 1645
f 501 1078 1703
f 523 1125 1725
f 467 1023 1674
f 433 951 1638
f 493 1065 1695
f 527 1137 1732
f 543 1180 1752
f 485 1054 1690
f 572 1227 1777
f 557 1191 1759
f 515 1107 1717
f 428 934 1630
f 591 1326 2191
f 587 1278 1885
f 588 1266 1901
f 594 1302 2279
f 597 1320 2315
f 600 1344 2171
f 634 1565 2160
f 619 1463 2016
f 639 1589 2214
f 602 1350 1919
f 624 1524 2137
f 608 1421 1978
f 610 1398 1991
f 627 1500 2225
f 630 1518 2302
f 635 1560 2178
f 615 1428 2153
f 617 1434 2009
f 637 1571 2207
f 604 1373 1926
f 416 911 1857
f 408 893 1803
f 406 888 1786
f 412 900 1822
f 415 906 1840
f 424 924 1876
f 492 1062 2182
f 582 1242 2312
f 565 1206 2276
f 514 1104 1898
f 461 1001 2091
f 453 983 2037
f 451 978 1952
f 457 990 2056
f 460 996 2074
f 475 1026 2128
f 439 954 1966
f 496 1068 1988
f 533 1140 2222
f 551 1181 2293
f 579 1235 2185
f 483 1043 1879
f 426 929 1893
f 521 1121 2271
f 566 1211 2307
f 489 1055 2163
f 578 1230 2150
f 560 1194 2006
f 518 1110 2204
f 429 935 1911
f 547 1169 2131
f 465 1007 1969
f 441 959 1983
f 504 1085 2217
f 537 1152 2290
f 550 1176 2168
f 476 1031 2145
f 444 965 2001
f 502 1079 2199
f 526 1128 1916
f 481 1038 1808
f 420 917 1789
f 510 1097 1825
f 555 1187 1843
f 571 1218 1862
f 540 1157 1933
f 473 1020 2110
f 447 972 2020
f 507 1092 2236
f 534 1145 2257
f 469 1014 2042
f 435 947 1947
f 498 1073 2059
f 529 1133 2077
f 545 1164 2096
f 487 1049 2113
f 574 1223 2023
f 562 1199 2239
f 520 1116 2254
f 432 942 1930
f 589 1283 1818
f 583 1259 1798
f 586 1295 1834
f 593 1313 1852
f 596 1331 1872
f 599 1379 1942
f 633 1541 2120
f 620 1452 2030
f 640 1578 2248
f 603 1368 2263
f 622 1487 2052
f 607 1391 1955
f 612 1440 2065
f 626 1511 2086
f 629 1529 2106
f 631 1547 2122
f 614 1469 2032
f 618 1458 2245
f 641 1584 2266
f 605 1362 1940
f 409 1269 1813
f 405 1245 1792
f 411 1252 1828
f 414 1288 1846
f 417 1306 1867
f 431 1336 1936
f 488 1551 2123
f 575 1473 2033
f 563 1599 2249
f 519 1354 2260
f 454 1479 2049
f 450 1401 1959
f 456 1408 2062
f 459 1492 2080
f 462 1504 2101
f 472 1533 2116
f 446 1414 2026
f 506 1444 2242
f 535 1594 2267
f 541 1383 1943
f 570 1323 1869
f 480 1275 1815
f 421 1263 1799
f 511 1299 1835
f 556 1317 1853
f 484 1341 1889
f 580 1564 2195
f 567 1462 2319
f 522 1588 2283
f 427 1347 1905
f 544 1521 2103
f 468 1420 2046
f 436 1395 1957
f 499 1497 2069
f 530 1515 2087
f 548 1557 2141
f 466 1425 1979
f 442 1431 1993
f 505 1570 2229
f 536 1372 2296
f 491 1282 2188
f 423 1258 1882
f 513 1294 1902
f 564 1312 2280
f 581 1330 2316
f 549 1378 2172
f 477 1540 2157
f 445 1449 2011
f 503 1575 2209
f 525 1365 1923
f 474 1486 2134
f 438 1390 1972
f 495 1437 1995
f 532 1510 2226
f 552 1528 2303
f 490 1546 2175
f 577 1468 2154
f 559 1455 2013
f 517 1581 2211
f 430 1359 1921
f 590 1272 1865
f 584 1248 1811
f 585 1253 1796
f 592 1289 1832
f 595 1307 1850
f 598 1337 1888
f 636 1554 2194
f 621 1476 2322
f 642 1602 2286
f 601 1355 1908
f 623 1482 2099
f 611 1404 2045
f 609 1409 1962
f 625 1493 2068
f 628 1505 2084
f 632 1536 2140
f 613 1415 1976
f 616 1445 1998
f 638 1595 2232
f 606 1386 2299
f 407 909 2330
f 403 891 2324
f 404 886 2325
f 410 898 2332
f 413 904 2335
f 422 922 2344
f 486 1060 2410
f 573 1240 2497
f 561 1204 2486
f 512 1102 2434
f 452 999 2375
f 448 981 2369
f 449 976 2370
f 455 988 2377
f 458 994 2380
f 470 1024 2393
f 437 952 2359
f 494 1066 2415
f 531 1138 2455
f 539 1179 2461
f 568 1233 2489
f 478 1041 2399
f 419 927 2341
f 509 1119 2431
f 554 1209 2476
f 482 1053 2405
f 576 1228 2500
f 558 1192 2481
f 516 1108 2439
f 425 933 2348
f 542 1167 2465
f 463 1005 2383
f 434 957 2356
f 497 1083 2420
f 528 1150 2452
f 546 1174 2471
f 464 1029 2386
f 440 963 2363
f 500 1077 2422
f 524 1126 2445
f 479 1036 2400
f 418 915 2338
f 508 1095 2428
f 553 1185 2473
f 569 1216 2490
f 538 1155 2458
f 471 1018 2394
f 443 970 2366
f 501 1090 2425
f 523 1143 2444
f 467 1012 2389
f 433 945 2353
f 493 1071 2414
f 527 1131 2449
f 543 1162 2466
f 485 1047 2407
f 572 1221 2494
f 557 1197 2480
f 515 1114 2438
f 428 940 2351
f 591 1284 2510
f 587 1260 2504
f 588 1296 2508
f 594 1314 2514
f 597 1332 2517
f 600 1380 2520
f 634 1542 2554
f 619 1451 2539
f 639 1577 2560
f 602 1367 2523
f 624 1488 2543
f 608 1392 2527
f 610 1439 2532
f 627 1512 2547
f 630 1530 2550
f 635 1548 2552
f 615 1470 2535
f 617 1457 2538
f 637 1583 2558
f 604 1361 2524
f 167 1616 1607
f 164 1608 1603
f 163 1606 1604
f 165 1612 1610
f 166 1615 1613
f 169 1624 1622
f 192 1692 1686
f 222 1782 1773
f 216 1765 1761
f 199 1714 1712
f 182 1661 1652
f 179 1653 1648
f 178 1651 1649
f 180 1657 1655
f 181 1660 1658
f 186 1675 1670
f 174 1639 1637
f 193 1696 1694
f 205 1733 1731
f 212 1751 1739
f 221 1779 1768
f 189 1683 1678
f 170 1626 1619
f 202 1721 1709
f 217 1766 1754
f 191 1689 1682
f 220 1778 1776
f 214 1760 1758
f 200 1718 1716
f 171 1629 1625
f 210 1747 1742
f 183 1665 1663
f 175 1641 1634
f 196 1704 1697
f 207 1737 1728
f 211 1750 1746
f 187 1676 1664
f 176 1644 1640
f 195 1702 1700
f 203 1726 1724
f 188 1681 1679
f 168 1620 1618
f 198 1710 1708
f 213 1755 1753
f 218 1771 1769
f 208 1740 1738
f 185 1673 1671
f 177 1647 1643
f 197 1707 1701
f 206 1734 1723
f 184 1669 1667
f 173 1635 1633
f 194 1698 1693
f 204 1729 1727
f 209 1745 1743
f 190 1687 1685
f 219 1774 1772
f 215 1762 1757
f 201 1720 1715
f 172 1632 1628
f 357 2189 2187
f 255 1883 1881
f 262 1903 1899
f 388 2281 2277
f 400 2317 2313
f 352 2173 2169
f 347 2158 2156
f 298 2012 2010
f 364 2210 2208
f 269 1924 1917
f 339 2135 2133
f 285 1973 1971
f 293 1996 1989
f 370 2227 2223
f 396 2304 2300
f 353 2176 2174
f 346 2155 2151
f 299 2014 2007
f 365 2212 2205
f 268 1922 1920
f 249 1864 1855
f 231 1810 1801
f 226 1795 1784
f 238 1831 1820
f 244 1849 1838
f 257 1887 1874
f 359 2193 2180
f 402 2321 2310
f 390 2285 2274
f 264 1907 1896
f 327 2098 2089
f 309 2044 2035
f 282 1961 1950
f 317 2067 2054
f 322 2083 2072
f 341 2139 2126
f 286 1975 1964
f 294 1997 1986
f 372 2231 2220
f 394 2298 2291
f 358 2190 2183
f 256 1884 1877
f 261 1900 1891
f 387 2278 2269
f 399 2314 2305
f 351 2170 2161
f 348 2159 2148
f 300 2015 2004
f 366 2213 2202
f 267 1918 1909
f 340 2136 2129
f 287 1977 1967
f 291 1990 1981
f 369 2224 2215
f 395 2301 2288
f 354 2177 2166
f 345 2152 2143
f 297 2008 1999
f 363 2206 2197
f 270 1925 1914
f 234 1817 1806
f 227 1797 1787
f 239 1833 1823
f 245 1851 1841
f 252 1871 1860
f 275 1941 1931
f 334 2119 2108
f 304 2029 2018
f 377 2247 2234
f 382 2262 2255
f 312 2051 2040
f 279 1954 1945
f 316 2064 2057
f 323 2085 2075
f 330 2105 2094
f 335 2121 2111
f 305 2031 2021
f 376 2244 2237
f 383 2265 2252
f 274 1939 1928
f 232 1814 1812
f 225 1793 1791
f 237 1829 1827
f 243 1847 1845
f 250 1868 1866
f 273 1937 1935
f 336 2124 2118
f 306 2034 2028
f 378 2250 2246
f 381 2261 2259
f 311 2050 2048
f 281 1960 1953
f 315 2063 2061
f 321 2081 2079
f 328 2102 2100
f 333 2117 2115
f 303 2027 2025
f 375 2243 2241
f 384 2268 2264
f 276 1944 1938
f 229 1804 1802
f 223 1785 1783
f 235 1821 1819
f 241 1839 1837
f 247 1858 1856
f 271 1929 1927
f 332 2114 2112
f 302 2024 2022
f 374 2240 2238
f 379 2253 2251
f 307 2038 2036
f 278 1951 1949
f 313 2055 2053
f 319 2073 2071
f 325 2092 2090
f 331 2109 2107
f 301 2019 2017
f 373 2235 2233
f 380 2258 2256
f 272 1934 1932
f 248 1861 1859
f 230 1807 1805
f 224 1790 1788
f 236 1826 1824
f 242 1844 1842
f 254 1880 1878
f 356 2186 2184
f 397 2308 2306
f 385 2272 2270
f 259 1894 1892
f 326 2095 2093
f 308 2041 2039
f 277 1948 1946
f 314 2060 2058
f 320 2078 2076
f 338 2132 2130
f 284 1970 1968
f 289 1984 1982
f 367 2218 2216
f 391 2289 2287
f 355 2181 2179
f 253 1875 1873
f 260 1897 1895
f 386 2275 2273
f 398 2311 2309
f 350 2167 2165
f 343 2146 2144
f 295 2002 2000
f 361 2200 2198
f 266 1915 1913
f 337 2127 2125
f 283 1965 1963
f 290 1987 1985
f 368 2221 2219
f 392 2294 2292
f 349 2164 2162
f 344 2149 2147
f 296 2005 2003
f 362 2203 2201
f 265 1912 1910
f 251 1870 1863
f 233 1816 1809
f 228 1800 1794
f 240 1836 1830
f 246 1854 1848
f 258 1890 1886
f 360 2196 2192
f 401 2320 2318
f 389 2284 2282
f 263 1906 1904
f 329 2104 2097
f 310 2047 2043
f 280 1958 1956
f 318 2070 2066
f 324 2088 2082
f 342 2142 2138
f 288 1980 1974
f 292 1994 1992
f 371 2230 2228
f 393 2297 2295
f 409 2329 2331
f 405 2323 2327
f 411 2326 2328
f 414 2333 2334
f 417 2336 2337
f 431 2345 2346
f 488 2409 2412
f 575 2496 2499
f 563 2485 2487
f 519 2435 2436
f 454 2374 2376
f 450 2368 2372
f 456 2371 2373
f 459 2378 2379
f 462 2381 2382
f 472 2392 2396
f 446 2360 2361
f 506 2416 2418
f 535 2456 2457
f 541 2460 2463
f 570 2488 2492
f 480 2398 2402
f 421 2340 2343
f 511 2430 2433
f 556 2475 2478
f 484 2404 2406
f 580 2501 2502
f 567 2482 2484
f 522 2440 2442
f 427 2347 2349
f 544 2464 2468
f 468 2384 2387
f 436 2355 2358
f 499 2419 2421
f 530 2451 2454
f 548 2470 2472
f 466 2385 2388
f 442 2362 2364
f 505 2423 2426
f 536 2446 2448
f 491 2401 2403
f 423 2339 2342
f 513 2429 2432
f 564 2474 2477
f 581 2491 2493
f 549 2459 2462
f 477 2395 2397
f 445 2365 2367
f 503 2424 2427
f 525 2443 2447
f 474 2390 2391
f 438 2354 2357
f 495 2413 2417
f 532 2450 2453
f 552 2467 2469
f 490 2408 2411
f 577 2495 2498
f 559 2479 2483
f 517 2437 2441
f 430 2350 2352
f 590 2511 2509
f 584 2505 2503
f 585 2507 2506
f 592 2513 2512
f 595 2516 2515
f 598 2519 2518
f 636 2556 2555
f 621 2540 2541
f 642 2561 2562
f 601 2521 2522
f 623 2544 2542
f 611 2529 2528
f 609 2530 2531
f 625 2546 2545
f 628 2549 2548
f 632 2553 2551
f 613 2534 2533
f 616 2536 2537
f 638 2557 2559
f 606 2525 2526
f 1607 644 647
f 1603 643 644
f 1604 645 643
f 1610 646 645
f 1613 647 646
f 1622 652 649
f 1686 670 672
f 1773 699 702
f 1761 695 696
f 1712 681 679
f 1652 659 662
f 1648 658 659
f 1649 660 658
f 1655 661 660
f 1658 662 661
f 1670 665 666
f 1637 657 654
f 1694 677 673
f 1731 686 685
f 1739 688 692
f 1768 698 701
f 1678 668 669
f 1619 648 650
f 1709 678 682
f 1754 693 697
f 1682 669 671
f 1776 701 700
f 1758 697 694
f 1716 682 680
f 1625 650 651
f 1742 689 690
f 1663 664 663
f 1634 653 655
f 1697 674 676
f 1728 684 687
f 1746 690 691
f 1664 663 667
f 1640 655 656
f 1700 676 675
f 1724 687 683
f 1679 672 668
f 1618 649 648
f 1708 679 678
f 1753 696 693
f 1769 702 698
f 1738 691 688
f 1671 667 665
f 1643 656 657
f 1701 675 677
f 1723 683 686
f 1667 666 664
f 1633 654 653
f 1693 673 674
f 1727 685 684
f 1743 692 689
f 1685 671 670
f 1772 700 699
f 1757 694 695
f 1715 680 681
f 1628 651 652
f 2187 838 837
f 1881 736 735
f 1899 741 742
f 2277 867 868
f 2313 879 880
f 2169 831 832
f 2156 828 827
f 2010 780 778
f 2208 846 844
f 1917 747 749
f 2133 820 819
f 1971 767 765
f 1989 771 773
f 2223 849 850
f 2300 875 876
f 2174 834 833
f 2151 825 826
f 2007 777 779
f 2205 843 845
f 1920 750 748
f 1855 727 729
f 1801 709 711
f 1784 703 706
f 1820 715 718
f 1838 721 724
f 1874 733 737
f 2180 835 839
f 2310 878 882
f 2274 866 870
f 1896 740 744
f 2089 805 807
f 2035 787 789
f 1950 758 762
f 2054 793 797
f 2072 799 802
f 2126 817 821
f 1964 763 766
f 1986 770 774
f 2220 848 852
f 2291 872 874
f 2183 836 838
f 1877 734 736
f 1891 739 741
f 2269 865 867
f 2305 877 879
f 2161 829 831
f 2148 824 828
f 2004 776 780
f 2202 842 846
f 1909 745 747
f 2129 818 820
f 1967 764 767
f 1981 769 771
f 2215 847 849
f 2288 871 875
f 2166 830 834
f 2143 823 825
f 1999 775 777
f 2197 841 843
f 1914 746 750
f 1806 710 714
f 1787 704 707
f 1823 716 719
f 1841 722 725
f 1860 728 732
f 1931 752 755
f 2108 811 814
f 2018 781 784
f 2234 853 857
f 2255 860 862
f 2040 788 792
f 1945 757 759
f 2057 794 796
f 2075 800 803
f 2094 806 810
f 2111 812 815
f 2021 782 785
f 2237 854 856
f 2252 859 863
f 1928 751 754
f 1812 714 712
f 1791 707 705
f 1827 719 717
f 1845 725 723
f 1866 732 730
f 1935 755 753
f 2118 814 816
f 2028 784 786
f 2246 857 858
f 2259 862 861
f 2048 792 791
f 1953 759 761
f 2061 796 795
f 2079 803 801
f 2100 810 808
f 2115 815 813
f 2025 785 783
f 2241 856 855
f 2264 863 864
f 1938 754 756
f 1802 712 709
f 1783 705 703
f 1819 717 715
f 1837 723 721
f 1856 730 727
f 1927 753 751
f 2112 816 812
f 2022 786 782
f 2238 858 854
f 2251 861 859
f 2036 791 787
f 1949 761 758
f 2053 795 793
f 2071 801 799
f 2090 808 805
f 2107 813 811
f 2017 783 781
f 2233 855 853
f 2256 864 860
f 1932 756 752
f 1859 731 728
f 1805 713 710
f 1788 708 704
f 1824 720 716
f 1842 726 722
f 1878 738 734
f 2184 840 836
f 2306 881 877
f 2270 869 865
f 1892 743 739
f 2093 809 806
f 2039 790 788
f 1946 760 757
f 2058 798 794
f 2076 804 800
f 2130 822 818
f 1968 768 764
f 1982 772 769
f 2216 851 847
f 2287 873 871
f 2179 837 835
f 1873 735 733
f 1895 742 740
f 2273 868 866
f 2309 880 878
f 2165 832 830
f 2144 827 823
f 2000 778 775
f 2198 844 841
f 1913 749 746
f 2125 819 817
f 1963 765 763
f 1985 773 770
f 2219 850 848
f 2292 876 872
f 2162 833 829
f 2147 826 824
f 2003 779 776
f 2201 845 842
f 1910 748 745
f 1863 729 731
f 1809 711 713
f 1794 706 708
f 1830 718 720
f 1848 724 726
f 1886 737 738
f 2192 839 840
f 2318 882 881
f 2282 870 869
f 1904 744 743
f 2097 807 809
f 2043 789 790
f 1956 762 760
f 2066 797 798
f 2082 802 804
f 2138 821 822
f 1974 766 768
f 1992 774 772
f 2228 852 851
f 2295 874 873
f 2331 1270 1269
f 2327 1246 1245
f 2328 1251 1252
f 2334 1287 1288
f 2337 1305 1306
f 2346 1335 1336
f 2412 1552 1551
f 2499 1474 1473
f 2487 1600 1599
f 2436 1353 1354
f 2376 1480 1479
f 2372 1402 1401
f 2373 1407 1408
f 2379 1491 1492
f 2382 1503 1504
f 2396 1534 1533
f 2361 1413 1414
f 2418 1443 1444
f 2457 1593 1594
f 2463 1384 1383
f 2492 1324 1323
f 2402 1276 1275
f 2343 1264 1263
f 2433 1300 1299
f 2478 1318 1317
f 2406 1342 1341
f 2502 1563 1564
f 2484 1461 1462
f 2442 1587 1588
f 2349 1348 1347
f 2468 1522 1521
f 2387 1419 1420
f 2358 1396 1395
f 2421 1498 1497
f 2454 1516 1515
f 2472 1558 1557
f 2388 1426 1425
f 2364 1432 1431
f 2426 1569 1570
f 2448 1371 1372
f 2403 1281 1282
f 2342 1257 1258
f 2432 1293 1294
f 2477 1311 1312
f 2493 1329 1330
f 2462 1377 1378
f 2397 1539 1540
f 2367 1450 1449
f 2427 1576 1575
f 2447 1366 1365
f 2391 1485 1486
f 2357 1389 1390
f 2417 1438 1437
f 2453 1509 1510
f 2469 1527 1528
f 2411 1545 1546
f 2498 1467 1468
f 2483 1456 1455
f 2441 1582 1581
f 2352 1360 1359
f 2509 1271 1272
f 2503 1247 1248
f 2506 1254 1253
f 2512 1290 1289
f 2515 1308 1307
f 2518 1338 1337
f 2555 1553 1554
f 2541 1475 1476
f 2562 1601 1602
f 2522 1356 1355
f 2542 1481 1482
f 2528 1403 1404
f 2531 1410 1409
f 2545 1494 1493
f 2548 1506 1505
f 2551 1535 1536
f 2533 1416 1415
f 2537 1446 1445
f 2559 1596 1595
f 2526 1385 1386
f 1616 907 909
f 1608 889 891
f 1606 883 886
f 1612 895 898
f 1615 901 904
f 1624 919 922
f 1692 1057 1060
f 1782 1237 1240
f 1765 1201 1204
f 1714 1099 1102
f 1661 997 999
f 1653 979 981
f 1651 973 976
f 1657 985 988
f 1660 991 994
f 1675 1021 1024
f 1639 949 952
f 1696 1063 1066
f 1733 1135 1138
f 1751 1177 1179
f 1779 1231 1233
f 1683 1039 1041
f 1626 925 927
f 1721 1117 1119
f 1766 1207 1209
f 1689 1051 1053
f 1778 1225 1228
f 1760 1189 1192
f 1718 1105 1108
f 1629 931 933
f 1747 1165 1167
f 1665 1003 1005
f 1641 955 957
f 1704 1081 1083
f 1737 1147 1150
f 1750 1171 1174
f 1676 1027 1029
f 1644 961 963
f 1702 1075 1077
f 1726 1123 1126
f 1681 1033 1036
f 1620 913 915
f 1710 1093 1095
f 1755 1183 1185
f 1771 1213 1216
f 1740 1153 1155
f 1673 1015 1018
f 1647 967 970
f 1707 1087 1090
f 1734 1141 1143
f 1669 1009 1012
f 1635 943 945
f 1698 1069 1071
f 1729 1129 1131
f 1745 1159 1162
f 1687 1045 1047
f 1774 1219 1221
f 1762 1195 1197
f 1720 1111 1114
f 1632 937 940
f 2189 1280 1284
f 1883 1256 1260
f 1903 1292 1296
f 2281 1310 1314
f 2317 1328 1332
f 2173 1376 1380
f 2158 1538 1542
f 2012 1447 1451
f 2210 1573 1577
f 1924 1363 1367
f 2135 1484 1488
f 1973 1388 1392
f 1996 1435 1439
f 2227 1508 1512
f 2304 1526 1530
f 2176 1544 1548
f 2155 1466 1470
f 2014 1453 1457
f 2212 1579 1583
f 1922 1357 1361
f 1864 1268 1270
f 1810 1244 1246
f 1795 1249 1251
f 1831 1285 1287
f 1849 1303 1305
f 1887 1333 1335
f 2193 1550 1552
f 2321 1472 1474
f 2285 1598 1600
f 1907 1351 1353
f 2098 1478 1480
f 2044 1400 1402
f 1961 1405 1407
f 2067 1489 1491
f 2083 1501 1503
f 2139 1532 1534
f 1975 1411 1413
f 1997 1441 1443
f 2231 1591 1593
f 2298 1382 1384
f 2190 1322 1324
f 1884 1274 1276
f 1900 1262 1264
f 2278 1298 1300
f 2314 1316 1318
f 2170 1340 1342
f 2159 1561 1563
f 2015 1459 1461
f 2213 1585 1587
f 1918 1346 1348
f 2136 1520 1522
f 1977 1417 1419
f 1990 1394 1396
f 2224 1496 1498
f 2301 1514 1516
f 2177 1556 1558
f 2152 1424 1426
f 2008 1430 1432
f 2206 1567 1569
f 1925 1369 1371
f 1817 1279 1281
f 1797 1255 1257
f 1833 1291 1293
f 1851 1309 1311
f 1871 1327 1329
f 1941 1375 1377
f 2119 1537 1539
f 2029 1448 1450
f 2247 1574 1576
f 2262 1364 1366
f 2051 1483 1485
f 1954 1387 1389
f 2064 1436 1438
f 2085 1507 1509
f 2105 1525 1527
f 2121 1543 1545
f 2031 1465 1467
f 2244 1454 1456
f 2265 1580 1582
f 1939 1358 1360
f 1814 1267 1271
f 1793 1243 1247
f 1829 1250 1254
f 1847 1286 1290
f 1868 1304 1308
f 1937 1334 1338
f 2124 1549 1553
f 2034 1471 1475
f 2250 1597 1601
f 2261 1352 1356
f 2050 1477 1481
f 1960 1399 1403
f 2063 1406 1410
f 2081 1490 1494
f 2102 1502 1506
f 2117 1531 1535
f 2027 1412 1416
f 2243 1442 1446
f 2268 1592 1596
f 1944 1381 1385
f 1804 890 894
f 1785 884 887
f 1821 896 899
f 1839 902 905
f 1858 908 912
f 1929 938 941
f 2114 1046 1050
f 2024 1220 1224
f 2240 1196 1200
f 2253 1112 1115
f 2038 980 984
f 1951 974 977
f 2055 986 989
f 2073 992 995
f 2092 998 1002
f 2109 1016 1019
f 2019 968 971
f 2235 1088 1091
f 2258 1142 1146
f 1934 1154 1158
f 1861 1214 1217
f 1807 1034 1037
f 1790 914 918
f 1826 1094 1098
f 1844 1184 1188
f 1880 1040 1044
f 2186 1232 1236
f 2308 1208 1212
f 2272 1118 1122
f 1894 926 930
f 2095 1160 1163
f 2041 1010 1013
f 1948 944 948
f 2060 1070 1074
f 2078 1130 1134
f 2132 1166 1170
f 1970 1004 1008
f 1984 956 960
f 2218 1082 1086
f 2289 1148 1151
f 2181 1058 1061
f 1875 920 923
f 1897 1100 1103
f 2275 1202 1205
f 2311 1238 1241
f 2167 1172 1175
f 2146 1028 1032
f 2002 962 966
f 2200 1076 1080
f 1915 1124 1127
f 2127 1022 1025
f 1965 950 953
f 1987 1064 1067
f 2221 1136 1139
f 2294 1178 1182
f 2164 1052 1056
f 2149 1226 1229
f 2005 1190 1193
f 2203 1106 1109
f 1912 932 936
f 1870 1321 1325
f 1816 1273 1277
f 1800 1261 1265
f 1836 1297 1301
f 1854 1315 1319
f 1890 1339 1343
f 2196 1562 1566
f 2320 1460 1464
f 2284 1586 1590
f 1906 1345 1349
f 2104 1519 1523
f 2047 1418 1422
f 1958 1393 1397
f 2070 1495 1499
f 2088 1513 1517
f 2142 1555 1559
f 1980 1423 1427
f 1994 1429 1433
f 2230 1568 1572
f 2297 1370 1374
f 2329 894 892
f 2323 887 885
f 2326 899 897
f 2333 905 903
f 2336 912 910
f 2345 941 939
f 2409 1050 1048
f 2496 1224 1222
f 2485 1200 1198
f 2435 1115 1113
f 2374 984 982
f 2368 977 975
f 2371 989 987
f 2378 995 993
f 2381 1002 1000
f 2392 1019 1017
f 2360 971 969
f 2416 1091 1089
f 2456 1146 1144
f 2460 1158 1156
f 2488 1217 1215
f 2398 1037 1035
f 2340 918 916
f 2430 1098 1096
f 2475 1188 1186
f 2404 1044 1042
f 2501 1236 1234
f 2482 1212 1210
f 2440 1122 1120
f 2347 930 928
f 2464 1163 1161
f 2384 1013 1011
f 2355 948 946
f 2419 1074 1072
f 2451 1134 1132
f 2470 1170 1168
f 2385 1008 1006
f 2362 960 958
f 2423 1086 1084
f 2446 1151 1149
f 2401 1061 1059
f 2339 923 921
f 2429 1103 1101
f 2474 1205 1203
f 2491 1241 1239
f 2459 1175 1173
f 2395 1032 1030
f 2365 966 964
f 2424 1080 1078
f 2443 1127 1125
f 2390 1025 1023
f 2354 953 951
f 2413 1067 1065
f 2450 1139 1137
f 2467 1182 1180
f 2408 1056 1054
f 2495 1229 1227
f 2479 1193 1191
f 2437 1109 1107
f 2350 936 934
f 2511 1325 1326
f 2505 1277 1278
f 2507 1265 1266
f 2513 1301 1302
f 2516 1319 1320
f 2519 1343 1344
f 2556 1566 1565
f 2540 1464 1463
f 2561 1590 1589
f 2521 1349 1350
f 2544 1523 1524
f 2529 1422 1421
f 2530 1397 1398
f 2546 1499 1500
f 2549 1517 1518
f 2553 1559 1560
f 2534 1427 1428
f 2536 1433 1434
f 2557 1572 1571
f 2525 1374 1373
f 1609 892 889
f 1605 885 883
f 1611 897 895
f 1614 903 901
f 1617 910 907
f 1631 939 937
f 1688 1048 1045
f 1775 1222 1219
f 1763 1198 1195
f 1719 1113 1111
f 1654 982 979
f 1650 975 973
f 1656 987 985
f 1659 993 991
f 1662 1000 997
f 1672 1017 1015
f 1646 969 967
f 1706 1089 1087
f 1735 1144 1141
f 1741 1156 1153
f 1770 1215 1213
f 1680 1035 1033
f 1621 916 913
f 1711 1096 1093
f 1756 1186 1183
f 1684 1042 1039
f 1780 1234 1231
f 1767 1210 1207
f 1722 1120 1117
f 1627 928 925
f 1744 1161 1159
f 1668 1011 1009
f 1636 946 943
f 1699 1072 1069
f 1730 1132 1129
f 1748 1168 1165
f 1666 1006 1003
f 1642 958 955
f 1705 1084 1081
f 1736 1149 1147
f 1691 1059 1057
f 1623 921 919
f 1713 1101 1099
f 1764 1203 1201
f 1781 1239 1237
f 1749 1173 1171
f 1677 1030 1027
f 1645 964 961
f 1703 1078 1075
f 1725 1125 1123
f 1674 1023 1021
f 1638 951 949
f 1695 1065 1063
f 1732 1137 1135
f 1752 1180 1177
f 1690 1054 1051
f 1777 1227 1225
f 1759 1191 1189
f 1717 1107 1105
f 1630 934 931
f 2191 1326 1322
f 1885 1278 1274
f 1901 1266 1262
f 2279 1302 1298
f 2315 1320 1316
f 2171 1344 1340
f 2160 1565 1561
f 2016 1463 1459
f 2214 1589 1585
f 1919 1350 1346
f 2137 1524 1520
f 1978 1421 1417
f 1991 1398 1394
f 2225 1500 1496
f 2302 1518 1514
f 2178 1560 1556
f 2153 1428 1424
f 2009 1434 1430
f 2207 1571 1567
f 1926 1373 1369
f 1857 911 908
f 1803 893 890
f 1786 888 884
f 1822 900 896
f 1840 906 902
f 1876 924 920
f 2182 1062 1058
f 2312 1242 1238
f 2276 1206 1202
f 1898 1104 1100
f 2091 1001 998
f 2037 983 980
f 1952 978 974
f 2056 990 986
f 2074 996 992
f 2128 1026 1022
f 1966 954 950
f 1988 1068 1064
f 2222 1140 1136
f 2293 1181 1178
f 2185 1235 1232
f 1879 1043 1040
f 1893 929 926
f 2271 1121 1118
f 2307 1211 1208
f 2163 1055 1052
f 2150 1230 1226
f 2006 1194 1190
f 2204 1110 1106
f 1911 935 932
f 2131 1169 1166
f 1969 1007 1004
f 1983 959 956
f 2217 1085 1082
f 2290 1152 1148
f 2168 1176 1172
f 2145 1031 1028
f 2001 965 962
f 2199 1079 1076
f 1916 1128 1124
f 1808 1038 1034
f 1789 917 914
f 1825 1097 1094
f 1843 1187 1184
f 1862 1218 1214
f 1933 1157 1154
f 2110 1020 1016
f 2020 972 968
f 2236 1092 1088
f 2257 1145 1142
f 2042 1014 1010
f 1947 947 944
f 2059 1073 1070
f 2077 1133 1130
f 2096 1164 1160
f 2113 1049 1046
f 2023 1223 1220
f 2239 1199 1196
f 2254 1116 1112
f 1930 942 938
f 1818 1283 1279
f 1798 1259 1255
f 1834 1295 1291
f 1852 1313 1309
f 1872 1331 1327
f 1942 1379 1375
f 2120 1541 1537
f 2030 1452 1448
f 2248 1578 1574
f 2263 1368 1364
f 2052 1487 1483
f 1955 1391 1387
f 2065 1440 1436
f 2086 1511 1507
f 2106 1529 1525
f 2122 1547 1543
f 2032 1469 1465
f 2245 1458 1454
f 2266 1584 1580
f 1940 1362 1358
f 1813 1269 1267
f 1792 1245 1243
f 1828 1252 1250
f 1846 1288 1286
f 1867 1306 1304
f 1936 1336 1334
f 2123 1551 1549
f 2033 1473 1471
f 2249 1599 1597
f 2260 1354 1352
f 2049 1479 1477
f 1959 1401 1399
f 2062 1408 1406
f 2080 1492 1490
f 2101 1504 1502
f 2116 1533 1531
f 2026 1414 1412
f 2242 1444 1442
f 2267 1594 1592
f 1943 1383 1381
f 1869 1323 1321
f 1815 1275 1273
f 1799 1263 1261
f 1835 1299 1297
f 1853 1317 1315
f 1889 1341 1339
f 2195 1564 1562
f 2319 1462 1460
f 2283 1588 1586
f 1905 1347 1345
f 2103 1521 1519
f 2046 1420 1418
f 1957 1395 1393
f 2069 1497 1495
f 2087 1515 1513
f 2141 1557 1555
f 1979 1425 1423
f 1993 1431 1429
f 2229 1570 1568
f 2296 1372 1370
f 2188 1282 1280
f 1882 1258 1256
f 1902 1294 1292
f 2280 1312 1310
f 2316 1330 1328
f 2172 1378 1376
f 2157 1540 1538
f 2011 1449 1447
f 2209 1575 1573
f 1923 1365 1363
f 2134 1486 1484
f 1972 1390 1388
f 1995 1437 1435
f 2226 1510 1508
f 2303 1528 1526
f 2175 1546 1544
f 2154 1468 1466
f 2013 1455 1453
f 2211 1581 1579
f 1921 1359 1357
f 1865 1272 1268
f 1811 1248 1244
f 1796 1253 1249
f 1832 1289 1285
f 1850 1307 1303
f 1888 1337 1333
f 2194 1554 1550
f 2322 1476 1472
f 2286 1602 1598
f 1908 1355 1351
f 2099 1482 1478
f 2045 1404 1400
f 1962 1409 1405
f 2068 1493 1489
f 2084 1505 1501
f 2140 1536 1532
f 1976 1415 1411
f 1998 1445 1441
f 2232 1595 1591
f 2299 1386 1382
f 2330 909 911
f 2324 891 893
f 2325 886 888
f 2332 898 900
f 2335 904 906
f 2344 922 924
f 2410 1060 1062
f 2497 1240 1242
f 2486 1204 1206
f 2434 1102 1104
f 2375 999 1001
f 2369 981 983
f 2370 976 978
f 2377 988 990
f 2380 994 996
f 2393 1024 1026
f 2359 952 954
f 2415 1066 1068
f 2455 1138 1140
f 2461 1179 1181
f 2489 1233 1235
f 2399 1041 1043
f 2341 927 929
f 2431 1119 1121
f 2476 1209 1211
f 2405 1053 1055
f 2500 1228 1230
f 2481 1192 1194
f 2439 1108 1110
f 2348 933 935
f 2465 1167 1169
f 2383 1005 1007
f 2356 957 959
f 2420 1083 1085
f 2452 1150 1152
f 2471 1174 1176
f 2386 1029 1031
f 2363 963 965
f 2422 1077 1079
f 2445 1126 1128
f 2400 1036 1038
f 2338 915 917
f 2428 1095 1097
f 2473 1185 1187
f 2490 1216 1218
f 2458 1155 1157
f 2394 1018 1020
f 2366 970 972
f 2425 1090 1092
f 2444 1143 1145
f 2389 1012 1014
f 2353 945 947
f 2414 1071 1073
f 2449 1131 1133
f 2466 1162 1164
f 2407 1047 1049
f 2494 1221 1223
f 2480 1197 1199
f 2438 1114 1116
f 2351 940 942
f 2510 1284 1283
f 2504 1260 1259
f 2508 1296 1295
f 2514 1314 1313
f 2517 1332 1331
f 2520 1380 1379
f 2554 1542 1541
f 2539 1451 1452
f 2560 1577 1578
f 2523 1367 1368
f 2543 1488 1487
f 2527 1392 1391
f 2532 1439 1440
f 2547 1512 1511
f 2550 1530 1529
f 2552 1548 1547
f 2535 1470 1469
f 2538 1457 1458
f 2558 1583 1584
f 2524 1361 1362
f 1607 1616 1609
f 1603 1608 1605
f 1604 1606 1611
f 1610 1612 1614
f 1613 1615 1617
f 1622 1624 1631
f 1686 1692 1688
f 1773 1782 1775
f 1761 1765 1763
f 1712 1714 1719
f 1652 1661 1654
f 1648 1653 1650
f 1649 1651 1656
f 1655 1657 1659
f 1658 1660 1662
f 1670 1675 1672
f 1637 1639 1646
f 1694 1696 1706
f 1731 1733 1735
f 1739 1751 1741
f 1768 1779 1770
f 1678 1683 1680
f 1619 1626 1621
f 1709 1721 1711
f 1754 1766 1756
f 1682 1689 1684
f 1776 1778 1780
f 1758 1760 1767
f 1716 1718 1722
f 1625 1629 1627
f 1742 1747 1744
f 1663 1665 1668
f 1634 1641 1636
f 1697 1704 1699
f 1728 1737 1730
f 1746 1750 1748
f 1664 1676 1666
f 1640 1644 1642
f 1700 1702 1705
f 1724 1726 1736
f 1679 1681 1691
f 1618 1620 1623
f 1708 1710 1713
f 1753 1755 1764
f 1769 1771 1781
f 1738 1740 1749
f 1671 1673 1677
f 1643 1647 1645
f 1701 1707 1703
f 1723 1734 1725
f 1667 1669 1674
f 1633 1635 1638
f 1693 1698 1695
f 1727 1729 1732
f 1743 1745 1752
f 1685 1687 1690
f 1772 1774 1777
f 1757 1762 1759
f 1715 1720 1717
f 1628 1632 1630
f 2187 2189 2191
f 1881 1883 1885
f 1899 1903 1901
f 2277 2281 2279
f 2313 2317 2315
f 2169 2173 2171
f 2156 2158 2160
f 2010 2012 2016
f 2208 2210 2214
f 1917 1924 1919
f 2133 2135 2137
f 1971 1973 1978
f 1989 1996 1991
f 2223 2227 2225
f 2300 2304 2302
f 2174 2176 2178
f 2151 2155 2153
f 2007 2014 2009
f 2205 2212 2207
f 1920 1922 1926
f 1855 1864 1857
f 1801 1810 1803
f 1784 1795 1786
f 1820 1831 1822
f 1838 1849 1840
f 1874 1887 1876
f 2180 2193 2182
f 2310 2321 2312
f 2274 2285 2276
f 1896 1907 1898
f 2089 2098 2091
f 2035 2044 2037
f 1950 1961 1952
f 2054 2067 2056
f 2072 2083 2074
f 2126 2139 2128
f 1964 1975 1966
f 1986 1997 1988
f 2220 2231 2222
f 2291 2298 2293
f 2183 2190 2185
f 1877 1884 1879
f 1891 1900 1893
f 2269 2278 2271
f 2305 2314 2307
f 2161 2170 2163
f 2148 2159 2150
f 2004 2015 2006
f 2202 2213 2204
f 1909 1918 1911
f 2129 2136 2131
f 1967 1977 1969
f 1981 1990 1983
f 2215 2224 2217
f 2288 2301 2290
f 2166 2177 2168
f 2143 2152 2145
f 1999 2008 2001
f 2197 2206 2199
f 1914 1925 1916
f 1806 1817 1808
f 1787 1797 1789
f 1823 1833 1825
f 1841 1851 1843
f 1860 1871 1862
f 1931 1941 1933
f 2108 2119 2110
f 2018 2029 2020
f 2234 2247 2236
f 2255 2262 2257
f 2040 2051 2042
f 1945 1954 1947
f 2057 2064 2059
f 2075 2085 2077
f 2094 2105 2096
f 2111 2121 2113
f 2021 2031 2023
f 2237 2244 2239
f 2252 2265 2254
f 1928 1939 1930
f 1812 1814 1818
f 1791 1793 1798
f 1827 1829 1834
f 1845 1847 1852
f 1866 1868 1872
f 1935 1937 1942
f 2118 2124 2120
f 2028 2034 2030
f 2246 2250 2248
f 2259 2261 2263
f 2048 2050 2052
f 1953 1960 1955
f 2061 2063 2065
f 2079 2081 2086
f 2100 2102 2106
f 2115 2117 2122
f 2025 2027 2032
f 2241 2243 2245
f 2264 2268 2266
f 1938 1944 1940
f 1802 1804 1813
f 1783 1785 1792
f 1819 1821 1828
f 1837 1839 1846
f 1856 1858 1867
f 1927 1929 1936
f 2112 2114 2123
f 2022 2024 2033
f 2238 2240 2249
f 2251 2253 2260
f 2036 2038 2049
f 1949 1951 1959
f 2053 2055 2062
f 2071 2073 2080
f 2090 2092 2101
f 2107 2109 2116
f 2017 2019 2026
f 2233 2235 2242
f 2256 2258 2267
f 1932 1934 1943
f 1859 1861 1869
f 1805 1807 1815
f 1788 1790 1799
f 1824 1826 1835
f 1842 1844 1853
f 1878 1880 1889
f 2184 2186 2195
f 2306 2308 2319
f 2270 2272 2283
f 1892 1894 1905
f 2093 2095 2103
f 2039 2041 2046
f 1946 1948 1957
f 2058 2060 2069
f 2076 2078 2087
f 2130 2132 2141
f 1968 1970 1979
f 1982 1984 1993
f 2216 2218 2229
f 2287 2289 2296
f 2179 2181 2188
f 1873 1875 1882
f 1895 1897 1902
f 2273 2275 2280
f 2309 2311 2316
f 2165 2167 2172
f 2144 2146 2157
f 2000 2002 2011
f 2198 2200 2209
f 1913 1915 1923
f 2125 2127 2134
f 1963 1965 1972
f 1985 1987 1995
f 2219 2221 2226
f 2292 2294 2303
f 2162 2164 2175
f 2147 2149 2154
f 2003 2005 2013
f 2201 2203 2211
f 1910 1912 1921
f 1863 1870 1865
f 1809 1816 1811
f 1794 1800 1796
f 1830 1836 1832
f 1848 1854 1850
f 1886 1890 1888
f 2192 2196 2194
f 2318 2320 2322
f 2282 2284 2286
f 1904 1906 1908
f 2097 2104 2099
f 2043 2047 2045
f 1956 1958 1962
f 2066 2070 2068
f 2082 2088 2084
f 2138 2142 2140
f 1974 1980 1976
f 1992 1994 1998
f 2228 2230 2232
f 2295 2297 2299
f 2331 2329 2330
f 2327 2323 2324
f 2328 2326 2325
f 2334 2333 2332
f 2337 2336 2335
f 2346 2345 2344
f 2412 2409 2410
f 2499 2496 2497
f 2487 2485 2486
f 2436 2435 2434
f 2376 2374 2375
f 2372 2368 2369
f 2373 2371 2370
f 2379 2378 2377
f 2382 2381 2380
f 2396 2392 2393
f 2361 2360 2359
f 2418 2416 2415
f 2457 2456 2455
f 2463 2460 2461
f 2492 2488 2489
f 2402 2398 2399
f 2343 2340 2341
f 2433 2430 2431
f 2478 2475 2476
f 2406 2404 2405
f 2502 2501 2500
f 2484 2482 2481
f 2442 2440 2439
f 2349 2347 2348
f 2468 2464 2465
f 2387 2384 2383
f 2358 2355 2356
f 2421 2419 2420
f 2454 2451 2452
f 2472 2470 2471
f 2388 2385 2386
f 2364 2362 2363
f 2426 2423 2422
f 2448 2446 2445
f 2403 2401 2400
f 2342 2339 2338
f 2432 2429 2428
f 2477 2474 2473
f 2493 2491 2490
f 2462 2459 2458
f 2397 2395 2394
f 2367 2365 2366
f 2427 2424 2425
f 2447 2443 2444
f 2391 2390 2389
f 2357 2354 2353
f 2417 2413 2414
f 2453 2450 2449
f 2469 2467 2466
f 2411 2408 2407
f 2498 2495 2494
f 2483 2479 2480
f 2441 2437 2438
f 2352 2350 2351
f 2509 2511 2510
f 2503 2505 2504
f 2506 2507 2508
f 2512 2513 2514
f 2515 2516 2517
f 2518 2519 2520
f 2555 2556 2554
f 2541 2540 2539
f 2562 2561 2560
f 2522 2521 2523
f 2542 2544 2543
f 2528 2529 2527
f 2531 2530 2532
f 2545 2546 2547
f 2548 2549 2550
f 2551 2553 2552
f 2533 2534 2535
f 2537 2536 2538
f 2559 2557 2558
f 2526 2525 2524