v -0.249833 0.520071 -0.020223
v 0.242161 0.525978 -0.039881
v -0.302773 -0.594660 -0.002913
v 0.304916 -0.589991 0.014469
v -0.007454 -0.402289 0.713520
v -0.022299 0.238649 0.561933
v -0.015002 -0.203763 -0.529834
v -0.024202 0.395630 -0.719618
v 0.650941 -0.001163 -0.340734
v 0.640929 0.006297 0.334717
v -0.642689 0.016563 -0.356636
v -0.645710 0.003004 0.346848
v 0.037284 0.616110 -0.011816
v -0.092449 0.468038 0.198854
v -0.202293 0.668928 -0.403253
v -0.480812 0.207176 -0.136154
v -0.493666 0.187966 0.150433
v 0.082685 0.454429 0.191949
v 0.218121 0.673825 -0.425003
v 0.530948 0.233443 -0.138656
v 0.516153 0.196793 0.105107
v 0.024598 -0.661995 0.011049
v -0.211040 -0.665441 0.433118
v -0.179574 -0.594702 -0.296133
v -0.461291 -0.176933 -0.103643
v -0.488839 -0.205750 0.183376
v 0.210449 -0.650628 0.417183
v 0.175509 -0.583943 -0.291756
v 0.528103 -0.213941 -0.098833
v 0.517595 -0.235685 0.145444
v -0.016291 -0.016030 0.747765
v 0.303642 -0.166787 0.590858
v -0.318431 -0.165688 0.601471
v 0.267917 0.087376 0.551361
v -0.288747 0.110317 0.566601
v -0.027923 0.041260 -0.738409
v 0.262067 -0.097033 -0.547655
v -0.276602 -0.069938 -0.559194
v 0.329286 0.181653 -0.646763
v -0.339446 0.173455 -0.640928
v 0.751973 0.000815 0.023648
v -0.733244 0.008328 0.040096
v -0.074712 0.587042 -0.020033
v -0.179195 0.523701 0.063391
v -0.213551 0.556730 -0.166158
v -0.366878 0.413008 -0.077363
v -0.357170 0.388823 0.051698
v 0.094869 0.600923 -0.036818
v 0.172204 0.526495 0.022875
v 0.222123 0.559604 -0.163155
v 0.385486 0.417947 -0.080762
v 0.364711 0.396254 0.012719
v -0.148014 -0.669892 -0.009967
v -0.220993 -0.561411 0.147058
v -0.322090 -0.736886 -0.152194
v -0.376067 -0.431441 -0.035331
v -0.378263 -0.420965 0.101144
v 0.158183 -0.672002 -0.010499
v 0.228088 -0.569444 0.141841
v 0.341149 -0.744320 -0.129262
v 0.409651 -0.439874 -0.028204
v 0.412310 -0.448990 0.101620
v -0.132425 -0.629319 0.682086
v 0.132898 -0.633663 0.669768
v -0.000665 -0.169836 0.763836
v 0.160868 -0.324841 0.714581
v -0.171442 -0.313852 0.706743
v -0.055225 0.347925 0.415472
v 0.011604 0.340906 0.413953
v -0.014655 0.082422 0.681502
v 0.065515 0.171878 0.576061
v -0.097362 0.185234 0.591007
v -0.052101 -0.357949 -0.385672
v 0.047235 -0.350307 -0.386834
v -0.028965 -0.070480 -0.662135
v 0.061125 -0.150069 -0.559606
v -0.091633 -0.143250 -0.563079
v -0.133038 0.578534 -0.632051
v 0.106635 0.569527 -0.638769
v -0.038578 0.199406 -0.788710
v 0.149496 0.324122 -0.746385
v -0.198853 0.312527 -0.744989
v 0.642515 0.039686 -0.253672
v 0.630776 -0.029765 -0.239927
v 0.506761 -0.024920 -0.455962
v 0.514290 0.051544 -0.468500
v 0.716327 -0.002465 -0.155184
v 0.622454 0.031140 0.247983
v 0.613440 -0.038688 0.245281
v 0.488254 -0.005830 0.451081
v 0.503281 0.011916 0.461450
v 0.742116 0.020290 0.189662
v -0.586551 0.026423 -0.248957
v -0.580961 -0.023238 -0.244323
v -0.505734 -0.003173 -0.479699
v -0.505627 0.031691 -0.483696
v -0.691448 0.003016 -0.145204
v -0.616805 0.035386 0.264845
v -0.610392 -0.043572 0.262740
v -0.520817 -0.034045 0.479956
v -0.521128 0.032449 0.481047
v -0.702963 0.002661 0.179806
v -0.008822 0.572938 0.036106
v -0.011288 0.593423 -0.164804
v 0.041071 0.581797 0.013065
v 0.063434 0.596285 -0.173979
v -0.304914 0.380404 0.190662
v -0.007295 0.475290 0.200264
v -0.194083 0.315619 0.415350
v -0.370107 0.487361 -0.302162
v 0.001936 0.700096 -0.435028
v -0.311520 0.448568 -0.522970
v -0.511349 0.188479 0.027781
v -0.416217 0.210668 -0.385627
v -0.674386 0.004839 -0.026679
v -0.429432 0.176243 0.349756
v -0.661646 0.017517 0.109276
v 0.289553 0.359180 0.153109
v 0.175462 0.279332 0.397476
v 0.397958 0.490015 -0.300694
v 0.305486 0.458686 -0.536666
v 0.539920 0.211998 -0.002632
v 0.463406 0.229706 -0.393910
v 0.685200 0.062659 -0.050839
v 0.414743 0.152258 0.319508
v 0.678026 0.039223 0.076742
v -0.019118 -0.602601 0.155775
v -0.096311 -0.686993 -0.107693
v 0.061413 -0.605263 0.146889
v 0.106109 -0.697672 -0.113648
v -0.356816 -0.450662 0.301804
v 0.007694 -0.639318 0.437520
v -0.308834 -0.466980 0.567250
v -0.348047 -0.421505 -0.227065
v 0.002615 -0.566198 -0.248948
v -0.193043 -0.285533 -0.386450
v -0.500701 -0.181282 0.052130
v -0.396040 -0.146359 -0.324079
v -0.662447 0.000738 -0.030067
v -0.433679 -0.217510 0.373354
v -0.657567 -0.022412 0.108546
v 0.371497 -0.472597 0.285725
v 0.329912 -0.477939 0.569612
v 0.353033 -0.425733 -0.227894
v 0.193514 -0.292875 -0.386572
v 0.550424 -0.232818 0.026279
v 0.428671 -0.178526 -0.338285
v 0.680361 -0.073412 -0.053834
v 0.428988 -0.228053 0.364141
v 0.674789 -0.045157 0.073959
v 0.127164 -0.072229 0.717870
v -0.148707 -0.068649 0.718720
v 0.111371 0.020292 0.696206
v -0.134052 0.028182 0.713947
v 0.313987 0.002780 0.625947
v -0.322473 -0.002082 0.632517
v 0.106170 -0.011093 -0.668020
v -0.151184 -0.004830 -0.684218
v 0.161040 0.107031 -0.773751
v -0.202989 0.108736 -0.762517
v 0.322596 0.027476 -0.624832
v -0.327829 0.027757 -0.632716
v -0.171794 0.555930 -0.024461
v -0.219896 0.524284 0.018471
v -0.232891 0.539094 -0.073732
v -0.307076 0.482052 -0.044025
v -0.298705 0.474092 0.013215
v 0.167185 0.565123 -0.042690
v 0.209935 0.529811 -0.019650
v 0.230920 0.548008 -0.069405
v 0.310390 0.489820 -0.053966
v 0.295811 0.473569 -0.020218
v -0.241966 -0.654592 -0.007251
v -0.263562 -0.577533 0.052952
v -0.317200 -0.661582 -0.052489
v -0.350359 -0.541775 -0.022475
v -0.336694 -0.517802 0.048755
v 0.237453 -0.643359 -0.005934
v 0.270746 -0.584574 0.061582
v 0.303416 -0.646247 -0.045894
v 0.359965 -0.537385 -0.004423
v 0.353188 -0.528494 0.059533
v -0.058594 -0.489654 0.693569
v 0.051696 -0.495050 0.693118
v -0.009865 -0.291486 0.736644
v 0.069320 -0.374291 0.719580
v -0.083824 -0.366559 0.716594
v -0.037388 0.290767 0.504147
v -0.011935 0.284538 0.502301
v -0.018465 0.168299 0.618851
v 0.007558 0.206816 0.570177
v -0.047009 0.216787 0.580684
v -0.027176 -0.267656 -0.465342
v 0.010515 -0.266160 -0.466212
v -0.020705 -0.137250 -0.595859
v 0.015898 -0.180979 -0.549568
v -0.041247 -0.175446 -0.548167
v -0.068161 0.470885 -0.683187
v 0.031017 0.473341 -0.683274
v -0.031089 0.307017 -0.759523
v 0.053912 0.370821 -0.731902
v -0.102915 0.359118 -0.732329
v 0.656069 0.007306 -0.306741
v 0.657150 -0.006945 -0.306059
v 0.599557 -0.002200 -0.397819
v 0.602455 0.017284 -0.400096
v 0.682152 -0.000627 -0.255261
v 0.643420 0.015529 0.304383
v 0.640359 -0.003514 0.300745
v 0.582991 0.006995 0.390650
v 0.571046 0.023015 0.379440
v 0.677821 0.006029 0.256969
v -0.622355 -0.001617 -0.306860
v -0.618916 0.003471 -0.305162
v -0.582592 0.000960 -0.406547
v -0.590688 0.010393 -0.411186
v -0.654769 0.001778 -0.254762
v -0.653021 0.011136 0.317003
v -0.644392 -0.012023 0.312355
v -0.606133 -0.007794 0.411437
v -0.607197 0.010754 0.413208
v -0.670708 0.000845 0.266392
v 0.002370 0.607621 -0.007927
v 0.055349 0.615155 -0.017480
v 0.020219 0.600362 0.007274
v 0.028035 0.611595 -0.041780
v 0.042720 0.607236 -0.000041
v 0.046862 0.612482 -0.048269
v -0.134655 0.506358 0.120131
v -0.071337 0.410736 0.306565
v -0.052613 0.517417 0.111760
v -0.190429 0.449048 0.200240
v -0.039995 0.471488 0.201302
v -0.143561 0.401114 0.309730
v -0.213737 0.602021 -0.273987
v -0.199374 0.671032 -0.520141
v -0.109410 0.637773 -0.298432
v -0.340265 0.591316 -0.351126
v -0.146945 0.820904 -0.436109
v -0.328614 0.595842 -0.459409
v -0.423307 0.318378 -0.112406
v -0.530399 0.100620 -0.184609
v -0.401465 0.339517 -0.218322
v -0.506754 0.195017 -0.040936
v -0.446373 0.215591 -0.256292
v -0.569576 0.087485 -0.074047
v -0.423352 0.290072 0.096980
v -0.562721 0.096821 0.207811
v -0.405499 0.286014 0.160678
v -0.505589 0.188340 0.087295
v -0.475336 0.184117 0.233887
v -0.576196 0.098794 0.134471
v 0.129891 0.500329 0.095935
v 0.047165 0.397758 0.305381
v 0.047639 0.530833 0.086685
v 0.027091 0.470638 0.195497
v 0.175521 0.416696 0.180872
v 0.126427 0.370166 0.295988
v 0.221791 0.599335 -0.293869
v 0.174676 0.643175 -0.542119
v 0.129912 0.663655 -0.336837
v 0.165733 0.806957 -0.482772
v 0.353924 0.605327 -0.365320
v 0.314329 0.598731 -0.477840
v 0.458375 0.331614 -0.098105
v 0.594011 0.132733 -0.194438
v 0.443948 0.348214 -0.210349
v 0.543167 0.220724 -0.051647
v 0.501055 0.234704 -0.261453
v 0.615241 0.138703 -0.090378
v 0.439680 0.302633 0.050176
v 0.574919 0.100394 0.177488
v 0.412492 0.291731 0.130924
v 0.532001 0.205522 0.041218
v 0.475646 0.181580 0.207248
v 0.601600 0.106621 0.089600
v -0.055329 -0.661445 -0.001578
v 0.092437 -0.668224 -0.001953
v 0.010162 -0.647905 0.055858
v -0.032498 -0.660545 -0.033206
v 0.051412 -0.644262 0.058824
v 0.068654 -0.665283 -0.032898
v -0.191649 -0.566732 0.287895
v -0.207976 -0.794833 0.605339
v -0.083395 -0.590437 0.310417
v -0.282093 -0.553721 0.378841
v -0.093895 -0.678366 0.448588
v -0.323048 -0.640582 0.532551
v -0.270201 -0.734565 -0.268015
v -0.104582 -0.467811 -0.326699
v -0.126199 -0.729722 -0.217363
v -0.289343 -0.540671 -0.290773
v -0.083722 -0.578558 -0.267221
v -0.183796 -0.435284 -0.321083
v -0.400475 -0.296027 -0.053126
v -0.525292 -0.086064 -0.171584
v -0.374765 -0.289427 -0.147728
v -0.490497 -0.173722 -0.010974
v -0.427484 -0.166466 -0.205635
v -0.562831 -0.081060 -0.065355
v -0.428908 -0.313359 0.147227
v -0.553896 -0.109426 0.215805
v -0.417806 -0.327608 0.236201
v -0.500640 -0.193054 0.110725
v -0.471911 -0.217883 0.266659
v -0.572780 -0.098815 0.142873
v 0.197074 -0.569233 0.271939
v 0.240459 -0.811780 0.576682
v 0.103087 -0.583870 0.302478
v 0.097986 -0.670684 0.447927
v 0.289062 -0.554497 0.362857
v 0.314438 -0.631447 0.515037
v 0.269109 -0.733430 -0.272111
v 0.099345 -0.454248 -0.318245
v 0.142028 -0.714552 -0.230398
v 0.084119 -0.571604 -0.262952
v 0.284079 -0.533161 -0.300273
v 0.173610 -0.424671 -0.315055
v 0.462794 -0.325231 -0.052971
v 0.584258 -0.116716 -0.167296
v 0.421199 -0.305943 -0.138879
v 0.548688 -0.227269 -0.027268
v 0.480896 -0.193416 -0.208760
v 0.613442 -0.135908 -0.075651
v 0.467973 -0.349399 0.129432
v 0.566203 -0.122686 0.183099
v 0.441122 -0.356518 0.215833
v 0.542741 -0.235116 0.080080
v 0.477629 -0.234360 0.244596
v 0.599604 -0.127167 0.101073
v -0.012203 -0.075524 0.752446
v -0.012683 0.013484 0.741201
v 0.045759 -0.037324 0.736095
v -0.074512 -0.040062 0.739587
v 0.043823 -0.002010 0.729141
v -0.071343 0.001569 0.736517
v 0.241400 -0.251458 0.669873
v 0.374891 -0.072662 0.507595
v 0.313578 -0.310662 0.582619
v 0.373353 -0.203855 0.484822
v 0.220575 -0.122940 0.668872
v 0.301785 -0.057306 0.604582
v -0.247189 -0.247863 0.663208
v -0.412521 -0.092650 0.538723
v -0.309584 -0.304798 0.578371
v -0.382678 -0.201892 0.495665
v -0.237982 -0.120632 0.674137
v -0.328112 -0.068262 0.624034
v 0.154074 0.129496 0.569168
v 0.393349 0.036819 0.514610
v 0.220948 0.181064 0.478651
v 0.343344 0.117576 0.437422
v 0.187361 0.052296 0.633942
v 0.305248 0.030468 0.610211
v -0.184275 0.150687 0.586133
v -0.405778 0.069673 0.533367
v -0.249604 0.207021 0.499374
v -0.364416 0.148544 0.465491
v -0.205789 0.062582 0.655084
v -0.312927 0.043832 0.615274
v -0.031111 -0.013434 -0.703474
v -0.033176 0.107791 -0.771279
v 0.042239 0.018866 -0.709126
v -0.095772 0.016231 -0.718237
v 0.057946 0.079839 -0.751356
v -0.113025 0.071690 -0.757581
v 0.148655 -0.125147 -0.557828
v 0.385233 -0.057406 -0.507529
v 0.226086 -0.185923 -0.475891
v 0.344311 -0.137117 -0.448606
v 0.179176 -0.052568 -0.612536
v 0.298999 -0.027181 -0.591693
v -0.175949 -0.113606 -0.575960
v -0.392905 -0.024286 -0.527358
v -0.233618 -0.161882 -0.474808
v -0.344096 -0.108889 -0.443930
v -0.212887 -0.041336 -0.640658
v -0.311964 -0.008827 -0.617384
v 0.250383 0.262078 -0.742059
v 0.415492 0.109767 -0.549236
v 0.308013 0.307115 -0.599298
v 0.399426 0.211574 -0.519571
v 0.260953 0.137302 -0.768181
v 0.333286 0.087848 -0.648609
v -0.271640 0.250542 -0.706154
v -0.415885 0.093327 -0.562583
v -0.319820 0.300765 -0.592753
v -0.390491 0.191783 -0.532954
v -0.276943 0.135841 -0.720248
v -0.336351 0.077744 -0.644004
v 0.748190 -0.001490 -0.055694
v 0.743458 0.005515 0.097635
v 0.743687 0.018436 -0.010389
v 0.733593 0.009882 0.055772
v 0.739906 -0.019888 -0.016744
v 0.735580 -0.009458 0.054500
v -0.723908 0.005911 -0.040079
v -0.723206 0.002508 0.107224
v -0.729597 0.004757 0.006524
v -0.720241 0.004645 0.070880
v -0.722886 0.011727 0.005295
v -0.717137 0.000300 0.075680
v -0.122877 0.563528 0.017584
v -0.132493 0.569316 -0.085248
v -0.034679 0.590337 0.012136
v -0.022179 0.588195 -0.070893
v -0.278699 0.473961 0.053692
v -0.080713 0.548260 0.055115
v -0.242006 0.468310 0.119652
v -0.302345 0.506964 -0.135637
v -0.104064 0.582172 -0.173739
v -0.311153 0.556279 -0.255412
v -0.367152 0.397161 -0.001128
v -0.363327 0.450163 -0.188868
v -0.432435 0.300053 -0.021649
v -0.339291 0.385988 0.105166
v -0.431103 0.292196 0.040126
v 0.125107 0.577761 -0.022456
v 0.136411 0.582866 -0.070114
v 0.072250 0.596510 -0.007490
v 0.065615 0.605477 -0.052744
v 0.263316 0.469493 0.012223
v 0.080285 0.565915 0.013185
v 0.223895 0.449742 0.080743
v 0.313211 0.511904 -0.127447
v 0.118255 0.579889 -0.173910
v 0.329496 0.556921 -0.259008
v 0.380638 0.402017 -0.028068
v 0.385507 0.448114 -0.176792
v 0.462543 0.315216 -0.038762
v 0.334905 0.388174 0.063453
v 0.455050 0.306369 0.005614
v -0.165961 -0.613381 0.048305
v -0.232000 -0.758616 -0.044664
v -0.069681 -0.627613 0.053131
v -0.133221 -0.702075 -0.052696
v -0.313173 -0.513092 0.126397
v -0.113199 -0.582785 0.158556
v -0.295694 -0.522707 0.237751
v -0.357171 -0.576075 -0.101229
v -0.200928 -0.794499 -0.141157
v -0.364360 -0.600594 -0.212507
v -0.383730 -0.420322 0.032951
v -0.369363 -0.438362 -0.128325
v -0.422629 -0.296423 0.016687
v -0.369931 -0.434961 0.188902
v -0.433019 -0.303018 0.076331
v 0.173953 -0.615535 0.046019
v 0.225449 -0.723989 -0.073626
v 0.098109 -0.639921 0.036107
v 0.140837 -0.716336 -0.053253
v 0.330189 -0.534386 0.128327
v 0.121669 -0.591055 0.142799
v 0.304277 -0.533538 0.229946
v 0.364365 -0.569917 -0.087451
v 0.190001 -0.801672 -0.144359
v 0.360114 -0.594339 -0.206378
v 0.416598 -0.439200 0.038685
v 0.389426 -0.442555 -0.115679
v 0.479718 -0.332720 0.008219
v 0.394518 -0.460443 0.183161
v 0.482119 -0.340328 0.063689
v -0.003768 -0.586437 0.647367
v -0.171394 -0.473921 0.695685
v -0.055938 -0.666745 0.575812
v -0.285958 -0.616827 0.687693
v 0.171287 -0.479208 0.705095
v 0.070111 -0.669934 0.571529
v 0.286692 -0.614357 0.657547
v 0.071540 -0.239430 0.749977
v -0.067432 -0.227811 0.750787
v 0.061060 -0.117843 0.754782
v -0.064231 -0.117394 0.761490
v 0.268383 -0.414425 0.675013
v 0.150033 -0.179866 0.733611
v -0.273886 -0.412464 0.678332
v -0.157128 -0.176615 0.721961
v -0.023701 0.353815 0.414314
v -0.072298 0.276557 0.512826
v -0.033237 0.415554 0.309783
v -0.103931 0.338801 0.419323
v 0.025785 0.257610 0.508395
v 0.000903 0.412041 0.307796
v 0.072177 0.316659 0.415355
v 0.027497 0.124090 0.631721
v -0.060445 0.127807 0.643389
v 0.039708 0.041034 0.694690
v -0.065858 0.045555 0.708660
v 0.110147 0.224622 0.498915
v 0.095319 0.082244 0.640445
v -0.145338 0.251298 0.515568
v -0.123054 0.091516 0.657158
v -0.002836 -0.363201 -0.385792
v -0.067480 -0.239949 -0.468487
v -0.034168 -0.471169 -0.319758
v -0.107205 -0.327050 -0.381836
v 0.053036 -0.242881 -0.471188
v 0.034439 -0.464360 -0.316622
v 0.102668 -0.323046 -0.382533
v 0.017464 -0.106153 -0.622108
v -0.059081 -0.097362 -0.631145
v 0.024287 -0.040100 -0.673170
v -0.078929 -0.037600 -0.688373
v 0.121987 -0.217170 -0.477991
v 0.078899 -0.077104 -0.626434
v -0.137945 -0.211467 -0.484812
v -0.122506 -0.065840 -0.641984
v -0.012893 0.575339 -0.626669
v -0.161575 0.443073 -0.678556
v -0.077246 0.672504 -0.538883
v -0.226428 0.530955 -0.602499
v 0.136817 0.448433 -0.685594
v 0.059219 0.675655 -0.557367
v 0.217275 0.534818 -0.625953
v 0.063503 0.266511 -0.780658
v -0.135774 0.244103 -0.802227
v 0.064834 0.161017 -0.783947
v -0.138475 0.140815 -0.807106
v 0.225496 0.393421 -0.667788
v 0.168966 0.216386 -0.813170
v -0.244981 0.387764 -0.650995
v -0.213459 0.185227 -0.787663
v 0.594924 0.031728 -0.362127
v 0.689461 0.012472 -0.204773
v 0.552808 0.122968 -0.315570
v 0.664499 0.063544 -0.146132
v 0.592241 -0.026293 -0.363744
v 0.688099 -0.013286 -0.201810
v 0.534521 -0.095439 -0.284696
v 0.656940 -0.064533 -0.138425
v 0.517683 0.014652 -0.475740
v 0.473840 -0.087611 -0.406579
v 0.413850 -0.000285 -0.543199
v 0.494859 0.119884 -0.435370
v 0.422675 0.041987 -0.558254
v 0.718512 0.024075 -0.102523
v 0.715116 -0.027691 -0.102612
v 0.577035 0.019022 0.356859
v 0.684655 0.010047 0.208762
v 0.528829 0.087504 0.284918
v 0.660797 0.029543 0.149604
v 0.565898 -0.026809 0.350941
v 0.685332 -0.006905 0.204878
v 0.519468 -0.120369 0.294403
v 0.654254 -0.035872 0.147635
v 0.504621 0.009211 0.473699
v 0.456977 -0.104182 0.404465
v 0.414751 0.006303 0.556149
v 0.465186 0.060536 0.397324
v 0.419093 0.012666 0.556001
v 0.714982 0.000358 0.122324
v 0.717270 -0.011445 0.112402
v -0.553493 0.025864 -0.370483
v -0.657900 0.004852 -0.199299
v -0.496030 0.102207 -0.312406
v -0.624161 0.019010 -0.133014
v -0.551137 -0.012001 -0.359752
v -0.655935 -0.003261 -0.197074
v -0.494035 -0.076376 -0.284258
v -0.617106 -0.019772 -0.132445
v -0.519015 0.009141 -0.503617
v -0.457371 -0.056300 -0.407328
v -0.414618 0.005863 -0.562404
v -0.466179 0.103498 -0.442893
v -0.416507 0.032771 -0.568191
v -0.699519 0.004994 -0.090625
v -0.687009 0.002007 -0.085310
v -0.582715 0.037155 0.370982
v -0.675669 0.004905 0.222485
v -0.535481 0.093671 0.303337
v -0.639705 0.028687 0.175913
v -0.576032 -0.042503 0.366409
v -0.674429 -0.004656 0.220809
v -0.523910 -0.116308 0.309248
v -0.635487 -0.032976 0.176626
v -0.533889 0.001526 0.498818
v -0.477617 -0.112364 0.425885
v -0.432092 -0.025833 0.567358
v -0.481311 0.089772 0.421843
v -0.427539 0.022387 0.566055
v -0.703365 -0.002179 0.142338
v -0.693932 0.001556 0.143373
v 0.025562 0.591409 0.018108
v -0.006606 0.533051 0.101354
v 0.028527 0.601777 -0.161227
v -0.023006 0.644873 -0.306909
v 0.016297 0.537553 0.090849
v 0.051661 0.655222 -0.323185
v -0.251409 0.355754 0.295860
v -0.369039 0.279092 0.270775
v -0.310517 0.251350 0.387754
v -0.386967 0.490831 -0.389780
v -0.375147 0.344997 -0.327583
v -0.346361 0.332483 -0.454199
v -0.600717 0.074180 0.012846
v -0.590779 0.090156 0.072164
v -0.684233 0.006761 0.045168
v 0.235360 0.318184 0.269297
v 0.358018 0.255366 0.236522
v 0.292923 0.217659 0.357788
v 0.399623 0.502415 -0.396510
v 0.418461 0.354440 -0.333589
v 0.383118 0.345321 -0.467284
v 0.618348 0.123261 -0.014774
v 0.614249 0.115776 0.033526
v 0.687015 0.050268 0.019328
v 0.030375 -0.610788 0.158946
v -0.009774 -0.608227 0.297755
v 0.016133 -0.641355 -0.074288
v -0.049261 -0.628551 -0.173246
v 0.049893 -0.598191 0.297089
v 0.054993 -0.632503 -0.179179
v -0.336805 -0.469150 0.432187
v -0.398051 -0.340541 0.341607
v -0.358947 -0.338056 0.464441
v -0.269207 -0.360682 -0.299019
v -0.339610 -0.262043 -0.246556
v -0.292841 -0.219234 -0.360206
v -0.591803 -0.072647 0.019792
v -0.585597 -0.089211 0.077914
v -0.673459 -0.002687 0.047145
v 0.347695 -0.477677 0.420754
v 0.402165 -0.355004 0.326530
v 0.360360 -0.342491 0.455812
v 0.274724 -0.368985 -0.305742
v 0.374315 -0.288366 -0.264502
v 0.300076 -0.242961 -0.378258
v 0.620818 -0.141079 -0.009981
v 0.615971 -0.132169 0.042414
v 0.682949 -0.060992 0.014847
v 0.116328 -0.013073 0.714056
v 0.207639 -0.033320 0.674921
v -0.141972 -0.007999 0.722272
v -0.226701 -0.029251 0.685094
v 0.203321 0.010117 0.673849
v -0.221522 0.015098 0.681318
v 0.135021 0.044114 -0.715272
v 0.212698 0.011503 -0.655569
v -0.178328 0.045198 -0.715192
v -0.239710 0.015572 -0.669751
v 0.239307 0.063986 -0.707854
v -0.258604 0.062419 -0.699499
v -0.216267 0.536640 -0.022450
v -0.238124 0.522174 -0.001835
v -0.241397 0.528204 -0.041768
v -0.276436 0.505540 -0.028724
v -0.272323 0.501391 -0.005340
v 0.208923 0.544929 -0.041719
v 0.227034 0.526348 -0.030696
v 0.236430 0.536670 -0.051112
v 0.271959 0.510710 -0.044532
v 0.265376 0.503276 -0.030588
v -0.277937 -0.624712 -0.006633
v -0.286110 -0.588144 0.023019
v -0.307125 -0.623946 -0.031403
v -0.324582 -0.573977 -0.013413
v -0.317681 -0.559128 0.021656
v 0.274400 -0.616773 0.004193
v 0.290364 -0.587473 0.033619
v 0.303841 -0.612547 -0.011560
v 0.330615 -0.570028 0.006969
v 0.325922 -0.562307 0.033867
v -0.028720 -0.439695 0.704602
v 0.017025 -0.442312 0.704176
v -0.010363 -0.355184 0.724144
v 0.025419 -0.389983 0.717149
v -0.043759 -0.386523 0.715292
v -0.029732 0.262481 0.537882
v -0.018493 0.259106 0.536732
v -0.020435 0.208670 0.588659
v -0.012045 0.225326 0.567935
v -0.032780 0.231120 0.571909
v -0.019321 -0.230518 -0.503910
v -0.003283 -0.230505 -0.503253
v -0.017429 -0.173261 -0.560390
v -0.003045 -0.194112 -0.538855
v -0.027235 -0.191850 -0.539731
v -0.044654 0.426539 -0.703970
v 0.001144 0.430049 -0.702995
v -0.027980 0.354296 -0.737162
v 0.008619 0.386582 -0.724650
v -0.060320 0.380908 -0.724632
v 0.651810 0.006848 -0.326386
v 0.653594 -0.003009 -0.326485
v 0.634006 -0.000111 -0.367491
v 0.638133 0.007240 -0.372181
v 0.664407 -0.001060 -0.303462
v 0.647214 0.008058 0.325046
v 0.645890 0.003353 0.323706
v 0.618600 0.010374 0.359476
v 0.614899 0.009522 0.360652
v 0.659764 0.004497 0.301795
v -0.631928 0.006839 -0.332510
v -0.611544 -0.013327 -0.318819
v -0.603937 0.000147 -0.370233
v -0.616011 0.001806 -0.376354
v -0.644552 0.002851 -0.305771
v -0.650870 0.008641 0.336680
v -0.646945 -0.010118 0.334577
v -0.630809 -0.002322 0.375809
v -0.631197 0.006826 0.379598
v -0.657396 -0.000384 0.309310
v 0.022375 0.610980 -0.007594
v 0.046780 0.617217 -0.013736
v 0.027120 0.609779 -0.002019
v 0.033672 0.615337 -0.018809
v 0.044288 0.615869 -0.008355
v 0.044357 0.614330 -0.022755
v -0.110603 0.489530 0.152335
v -0.081958 0.441283 0.252109
v -0.074897 0.491843 0.154398
v -0.136892 0.464641 0.201912
v -0.063824 0.468644 0.200777
v -0.116855 0.438265 0.254731
v -0.213789 0.634458 -0.334998
v -0.216528 0.695069 -0.456709
v -0.159324 0.675267 -0.357951
v -0.278945 0.628025 -0.372236
v -0.204838 0.793826 -0.425272
v -0.252686 0.634815 -0.429303
v -0.451416 0.263865 -0.124336
v -0.506233 0.152799 -0.158396
v -0.439949 0.271039 -0.177662
v -0.493683 0.201580 -0.087547
v -0.464289 0.213967 -0.197727
v -0.524401 0.146076 -0.102644
v -0.458178 0.239112 0.122375
v -0.528638 0.140180 0.177831
v -0.451705 0.236332 0.153652
v -0.499958 0.189275 0.116479
v -0.487127 0.186063 0.187867
v -0.535165 0.142387 0.143735
v 0.106573 0.477439 0.140387
v 0.061688 0.427540 0.248031
v 0.065223 0.493883 0.138090
v 0.050880 0.464146 0.193804
v 0.126824 0.436878 0.188929
v 0.100371 0.413783 0.243525
v 0.222335 0.631700 -0.363873
v 0.206493 0.677166 -0.480303
v 0.184640 0.697596 -0.385231
v 0.225568 0.788292 -0.441898
v 0.283464 0.630581 -0.395125
v 0.254850 0.629289 -0.457005
v 0.494720 0.280760 -0.109215
v 0.564880 0.184139 -0.165403
v 0.485183 0.287186 -0.170227
v 0.540020 0.229440 -0.088401
v 0.517361 0.234721 -0.198447
v 0.582403 0.186377 -0.106211
v 0.480135 0.250715 0.072293
v 0.545470 0.145650 0.140389
v 0.466702 0.246848 0.118446
v 0.524728 0.201105 0.066393
v 0.497417 0.192126 0.155863
v 0.559648 0.149560 0.096343
v -0.013559 -0.661905 0.006817
v 0.060444 -0.663332 0.004470
v 0.014014 -0.660367 0.031868
v -0.001284 -0.661351 -0.012052
v 0.042181 -0.656141 0.032785
v 0.042581 -0.662436 -0.012252
v -0.187103 -0.594034 0.368867
v -0.243849 -0.781534 0.507411
v -0.137345 -0.619089 0.384340
v -0.248014 -0.611490 0.413316
v -0.152512 -0.694715 0.443829
v -0.292133 -0.702143 0.475261
v -0.231423 -0.680136 -0.294128
v -0.139497 -0.526860 -0.307356
v -0.162489 -0.667351 -0.269748
v -0.237858 -0.578753 -0.299562
v -0.127581 -0.591261 -0.282054
v -0.186610 -0.513939 -0.308874
v -0.428541 -0.232191 -0.072259
v -0.492863 -0.128672 -0.135911
v -0.415018 -0.230987 -0.123759
v -0.475494 -0.174391 -0.052450
v -0.444277 -0.175113 -0.154870
v -0.510384 -0.126478 -0.083342
v -0.455710 -0.257064 0.164861
v -0.521365 -0.155432 0.198750
v -0.451414 -0.266520 0.206774
v -0.495898 -0.199452 0.145452
v -0.481562 -0.211718 0.222594
v -0.530039 -0.150269 0.161836
v 0.194436 -0.589155 0.347658
v 0.255666 -0.776737 0.458933
v 0.146487 -0.602823 0.372914
v 0.154712 -0.672396 0.451232
v 0.243221 -0.591591 0.398809
v 0.276183 -0.670200 0.458126
v 0.223320 -0.674084 -0.303250
v 0.134292 -0.513299 -0.299309
v 0.163742 -0.656320 -0.270418
v 0.127640 -0.578837 -0.276466
v 0.229716 -0.570925 -0.300730
v 0.178498 -0.504175 -0.303387
v 0.498729 -0.270382 -0.070853
v 0.559727 -0.162630 -0.127154
v 0.475223 -0.257903 -0.115887
v 0.542420 -0.220296 -0.060189
v 0.503438 -0.196643 -0.143253
v 0.581322 -0.175273 -0.083114
v 0.493400 -0.294740 0.138095
v 0.544325 -0.177547 0.155331
v 0.478174 -0.298272 0.178164
v 0.533374 -0.235876 0.110070
v 0.500948 -0.237163 0.191020
v 0.561794 -0.178514 0.116316
v -0.017547 -0.039118 0.746896
v -0.013908 0.000554 0.746162
v 0.015031 -0.026231 0.741388
v -0.044469 -0.028899 0.744429
v 0.015304 -0.006545 0.738777
v -0.043782 -0.008350 0.746335
v 0.273677 -0.209478 0.635734
v 0.333221 -0.119610 0.544936
v 0.312791 -0.234568 0.591082
v 0.339654 -0.185303 0.540063
v 0.262082 -0.143626 0.635008
v 0.295246 -0.104975 0.593480
v -0.282853 -0.208674 0.632510
v -0.362435 -0.123918 0.570759
v -0.314406 -0.232305 0.589197
v -0.352001 -0.186679 0.551330
v -0.280833 -0.145815 0.640030
v -0.324914 -0.111919 0.614761
v 0.207769 0.109162 0.560999
v 0.330700 0.061486 0.535306
v 0.245693 0.130474 0.513291
v 0.307347 0.102658 0.497401
v 0.228132 0.071842 0.595274
v 0.289276 0.052923 0.585718
v -0.234703 0.131054 0.577649
v -0.346663 0.090075 0.552381
v -0.271438 0.155570 0.533091
v -0.329256 0.130489 0.521395
v -0.247716 0.087572 0.609530
v -0.302330 0.073133 0.593572
v -0.031236 0.014257 -0.721998
v -0.030662 0.071938 -0.756681
v 0.010585 0.030250 -0.725598
v -0.064384 0.028079 -0.729973
v 0.013700 0.059492 -0.744719
v -0.069786 0.056223 -0.749607
v 0.203755 -0.113668 -0.553359
v 0.321792 -0.075506 -0.532109
v 0.243771 -0.139442 -0.514760
v 0.300479 -0.113876 -0.502706
v 0.220716 -0.074462 -0.581409
v 0.281161 -0.061645 -0.573188
v -0.222703 -0.088858 -0.572410
v -0.333257 -0.047741 -0.543663
v -0.253973 -0.110401 -0.519980
v -0.310706 -0.088858 -0.502971
v -0.243738 -0.054844 -0.606021
v -0.295363 -0.033327 -0.595257
v 0.295056 0.223560 -0.699231
v 0.369294 0.145151 -0.595931
v 0.320674 0.243132 -0.624867
v 0.362648 0.198970 -0.580671
v 0.296855 0.162141 -0.710641
v 0.332761 0.130732 -0.652783
v -0.305255 0.212437 -0.673167
v -0.376130 0.134105 -0.603349
v -0.333812 0.233718 -0.623227
v -0.377132 0.188333 -0.598147
v -0.307122 0.156304 -0.680862
v -0.335492 0.118415 -0.653094
v 0.754989 0.002878 -0.013041
v 0.745319 0.001110 0.058882
v 0.752060 0.009524 0.006833
v 0.744723 0.006161 0.039734
v 0.752232 -0.003700 0.004805
v 0.747528 -0.004011 0.039337
v -0.731472 0.005609 0.005361
v -0.726731 0.007167 0.073303
v -0.734117 0.005079 0.023583
v -0.732120 0.006314 0.058520
v -0.731924 0.010763 0.022883
v -0.726894 0.000705 0.057237
v -0.123209 0.573679 -0.023132
v -0.030473 0.598787 -0.015938
v -0.098178 0.578333 -0.001323
v -0.100737 0.577877 -0.050230
v -0.050559 0.593613 -0.001517
v -0.048621 0.589125 -0.043123
v -0.201366 0.525662 0.039895
v -0.157922 0.518215 0.089993
v -0.149044 0.547210 0.040977
v -0.231210 0.504341 0.059202
v -0.128560 0.538260 0.062552
v -0.211204 0.501584 0.089041
v -0.222195 0.547050 -0.117834
v -0.210950 0.574703 -0.218539
v -0.170965 0.562562 -0.124511
v -0.260602 0.537075 -0.154031
v -0.161408 0.572547 -0.173471
v -0.261367 0.554918 -0.209293
v -0.337586 0.451984 -0.061002
v -0.394655 0.368968 -0.094490
v -0.335512 0.465763 -0.106452
v -0.368282 0.403971 -0.034477
v -0.364613 0.428574 -0.129042
v -0.398414 0.357684 -0.049722
v -0.327283 0.433745 0.030106
v -0.390764 0.339861 0.072504
v -0.319393 0.432328 0.054486
v -0.363371 0.392674 0.027341
v -0.349466 0.386430 0.076791
v -0.395014 0.343268 0.047625
v 0.127855 0.581465 -0.041104
v 0.072126 0.619912 -0.039460
v 0.108769 0.586980 -0.030472
v 0.114152 0.590231 -0.051519
v 0.085358 0.603575 -0.028251
v 0.081107 0.606204 -0.047581
v 0.191068 0.530007 -0.002831
v 0.152232 0.517330 0.056216
v 0.148255 0.555503 -0.002843
v 0.215880 0.502267 0.016769
v 0.128213 0.551573 0.021486
v 0.196947 0.494847 0.050228
v 0.225398 0.553548 -0.111129
v 0.220848 0.575252 -0.224773
v 0.176368 0.568814 -0.115235
v 0.270776 0.540423 -0.148560
v 0.167661 0.569633 -0.167028
v 0.274262 0.555877 -0.210987
v 0.350618 0.457602 -0.064941
v 0.421783 0.375388 -0.092645
v 0.352118 0.471456 -0.100856
v 0.384211 0.408709 -0.051005
v 0.385407 0.431191 -0.121889
v 0.422923 0.366836 -0.058461
v 0.328772 0.436680 -0.004694
v 0.402400 0.352861 0.032025
v 0.315561 0.434606 0.012836
v 0.373250 0.397429 -0.005523
v 0.352682 0.394389 0.036347
v 0.409866 0.351803 0.010148
v -0.196967 -0.670249 -0.008868
v -0.101049 -0.663496 -0.010823
v -0.153246 -0.643563 0.012900
v -0.188934 -0.707127 -0.031866
v -0.106885 -0.646018 0.013666
v -0.140276 -0.690750 -0.031813
v -0.239919 -0.568616 0.093164
v -0.203558 -0.558885 0.213272
v -0.187882 -0.582190 0.091348
v -0.269347 -0.542164 0.138080
v -0.166035 -0.573054 0.154461
v -0.256911 -0.541691 0.195470
v -0.330321 -0.705458 -0.085568
v -0.307696 -0.752716 -0.214570
v -0.285150 -0.767086 -0.101212
v -0.348911 -0.655959 -0.127531
v -0.262952 -0.784390 -0.153412
v -0.348975 -0.680068 -0.186387
v -0.366461 -0.490554 -0.029441
v -0.386810 -0.366008 -0.042914
v -0.365072 -0.501452 -0.069883
v -0.381247 -0.424410 -0.000929
v -0.373164 -0.435883 -0.079959
v -0.395455 -0.361929 -0.006927
v -0.357068 -0.471984 0.075289
v -0.400867 -0.368140 0.125372
v -0.349031 -0.473526 0.114142
v -0.382094 -0.419171 0.065273
v -0.374776 -0.426559 0.141026
v -0.404691 -0.364852 0.088729
v 0.197044 -0.662536 -0.010681
v 0.124347 -0.671753 -0.006991
v 0.165547 -0.645205 0.013941
v 0.189297 -0.699236 -0.036054
v 0.128419 -0.654194 0.012299
v 0.151163 -0.700637 -0.029007
v 0.250403 -0.576629 0.096215
v 0.208120 -0.564077 0.201021
v 0.195406 -0.589815 0.091230
v 0.281406 -0.554386 0.138294
v 0.169098 -0.580358 0.140705
v 0.264053 -0.553009 0.188690
v 0.320944 -0.697092 -0.073957
v 0.307149 -0.744747 -0.200986
v 0.277839 -0.739648 -0.097013
v 0.350635 -0.649346 -0.110381
v 0.272270 -0.793274 -0.148330
v 0.353469 -0.675742 -0.173803
v 0.386401 -0.493302 -0.017841
v 0.432313 -0.382062 -0.038272
v 0.383348 -0.501015 -0.057281
v 0.414648 -0.438508 0.006350
v 0.399932 -0.441305 -0.065084
v 0.442036 -0.383940 -0.005934
v 0.381672 -0.491918 0.082746
v 0.441730 -0.400893 0.116415
v 0.374713 -0.496439 0.117621
v 0.416200 -0.442640 0.067739
v 0.403288 -0.452704 0.138431
v 0.447616 -0.395793 0.083646
v -0.093578 -0.550303 0.685705
v -0.171529 -0.739663 0.679075
v -0.066677 -0.599050 0.660030
v -0.158980 -0.554983 0.693896
v -0.085816 -0.679352 0.654114
v -0.217328 -0.649387 0.710359
v 0.090794 -0.555390 0.680647
v 0.161992 -0.752664 0.671228
v 0.061825 -0.601780 0.653243
v 0.163156 -0.561721 0.695854
v 0.091607 -0.678982 0.629565
v 0.229488 -0.654302 0.698397
v -0.003587 -0.230035 0.754528
v -0.005196 -0.118518 0.760550
v 0.032865 -0.201084 0.760025
v -0.029481 -0.196602 0.767101
v 0.029136 -0.143736 0.763040
v -0.028586 -0.142631 0.771326
v 0.115666 -0.351825 0.720510
v 0.203468 -0.290557 0.698434
v 0.167480 -0.400245 0.710326
v 0.115091 -0.281470 0.731691
v 0.213462 -0.366730 0.694695
v 0.155199 -0.250725 0.722662
v -0.126495 -0.342858 0.714156
v -0.212739 -0.283883 0.690832
v -0.175917 -0.392602 0.700104
v -0.119976 -0.269924 0.726844
v -0.220188 -0.362317 0.688103
v -0.163516 -0.243055 0.715792
v -0.045482 0.318704 0.462689
v -0.062680 0.379193 0.362288
v -0.036459 0.353659 0.415110
v -0.064202 0.312807 0.463494
v -0.043948 0.383418 0.362523
v -0.075236 0.343912 0.415025
v -0.003167 0.311982 0.461896
v 0.030177 0.368971 0.360896
v -0.008953 0.350048 0.415127
v 0.016354 0.302298 0.465392
v 0.006027 0.377641 0.361322
v 0.038717 0.329893 0.413770
v -0.016742 0.125318 0.648485
v -0.012891 0.044223 0.714737
v 0.006095 0.102350 0.657785
v -0.038784 0.104925 0.666614
v 0.010534 0.060259 0.690843
v -0.038731 0.063207 0.698972
v 0.031668 0.188256 0.574975
v 0.107959 0.152327 0.576041
v 0.042935 0.214022 0.544941
v 0.046698 0.145909 0.605202
v 0.085879 0.199751 0.543723
v 0.082467 0.127112 0.607122
v -0.067964 0.201363 0.586340
v -0.137111 0.167629 0.592940
v -0.080193 0.234064 0.556299
v -0.079911 0.155489 0.617422
v -0.115680 0.218928 0.561706
v -0.112961 0.137436 0.622578
v -0.036906 -0.309388 -0.424589
v -0.073151 -0.412072 -0.351791
v -0.027685 -0.363450 -0.386130
v -0.058703 -0.297297 -0.424116
v -0.043404 -0.419599 -0.349662
v -0.076208 -0.344753 -0.382486
v 0.027698 -0.305572 -0.426078
v 0.071124 -0.399875 -0.349731
v 0.022392 -0.358120 -0.387362
v 0.050283 -0.294071 -0.426116
v 0.042310 -0.407950 -0.349989
v 0.073852 -0.337672 -0.384785
v -0.024821 -0.102892 -0.631008
v -0.032790 -0.041860 -0.687163
v -0.005908 -0.087572 -0.643701
v -0.046104 -0.082870 -0.650538
v -0.007140 -0.056112 -0.670977
v -0.052667 -0.053068 -0.678869
v 0.035045 -0.165641 -0.554766
v 0.102357 -0.139833 -0.557664
v 0.055468 -0.192862 -0.516433
v 0.039833 -0.127091 -0.593943
v 0.089823 -0.182447 -0.519796
v 0.070863 -0.113315 -0.596847
v -0.060179 -0.157464 -0.555317
v -0.130768 -0.130590 -0.572181
v -0.077306 -0.188404 -0.515715
v -0.073243 -0.116978 -0.597981
v -0.113597 -0.175994 -0.524470
v -0.107762 -0.102915 -0.605632
v -0.098962 0.523190 -0.660279
v -0.162676 0.625853 -0.589415
v -0.073636 0.578683 -0.629558
v -0.146694 0.511858 -0.660431
v -0.105578 0.631088 -0.587945
v -0.181458 0.559545 -0.622484
v 0.067244 0.520032 -0.658707
v 0.146634 0.614218 -0.607735
v 0.048040 0.576150 -0.631799
v 0.124288 0.510095 -0.662693
v 0.088064 0.631560 -0.609382
v 0.165645 0.560515 -0.647088
v -0.034361 0.252378 -0.778568
v -0.036414 0.148536 -0.783213
v 0.014306 0.231950 -0.782788
v -0.086898 0.219229 -0.793374
v 0.013541 0.180362 -0.785171
v -0.088847 0.168624 -0.797578
v 0.101000 0.349986 -0.739647
v 0.205959 0.300795 -0.755595
v 0.142234 0.386902 -0.713323
v 0.108755 0.294823 -0.771899
v 0.190295 0.364166 -0.716671
v 0.157020 0.259806 -0.784576
v -0.150162 0.336272 -0.740857
v -0.238542 0.285330 -0.740829
v -0.176411 0.376197 -0.708439
v -0.170520 0.274891 -0.785879
v -0.221172 0.349955 -0.700068
v -0.217974 0.252337 -0.789230
v 0.654143 0.012117 -0.281680
v 0.620860 0.083851 -0.223226
v 0.621546 0.029272 -0.305196
v 0.668705 0.022812 -0.227935
v 0.598195 0.076514 -0.281906
v 0.654434 0.055002 -0.198090
v 0.649570 -0.009930 -0.278548
v 0.609165 -0.071066 -0.202535
v 0.612461 -0.022840 -0.300009
v 0.661608 -0.022600 -0.221958
v 0.585289 -0.060599 -0.260974
v 0.643877 -0.051071 -0.187106
v 0.556607 -0.012766 -0.427328
v 0.449306 -0.040675 -0.482283
v 0.555328 -0.028396 -0.414745
v 0.513468 -0.003429 -0.468499
v 0.494184 -0.053104 -0.436475
v 0.461374 -0.010550 -0.499331
v 0.563304 0.030144 -0.434399
v 0.464325 0.076168 -0.508571
v 0.557182 0.042673 -0.419318
v 0.518873 0.031932 -0.476749
v 0.504977 0.078288 -0.453641
v 0.470808 0.049369 -0.515433
v 0.698804 -0.001846 -0.205674
v 0.731974 -0.002068 -0.105022
v 0.704828 0.005013 -0.180566
v 0.703803 -0.007822 -0.179771
v 0.718969 0.009205 -0.129669
v 0.719816 -0.013255 -0.129441
v 0.639588 0.014166 0.278843
v 0.601388 0.059496 0.212954
v 0.601452 0.023670 0.301558
v 0.661088 0.019369 0.228542
v 0.577605 0.056971 0.266867
v 0.641985 0.032657 0.196679
v 0.634925 -0.013961 0.276560
v 0.590541 -0.076856 0.213868
v 0.590271 -0.036278 0.297612
v 0.656041 -0.014513 0.225808
v 0.565512 -0.074355 0.267123
v 0.635304 -0.039928 0.194501
v 0.539303 0.002667 0.421887
v 0.429574 -0.029486 0.475802
v 0.527420 -0.017380 0.400673
v 0.503748 0.003173 0.471263
v 0.469539 -0.045132 0.425314
v 0.450920 0.000742 0.501906
v 0.545387 0.012557 0.427409
v 0.451917 0.016482 0.490023
v 0.540478 0.017011 0.409756
v 0.506654 0.011683 0.473070
v 0.488103 0.026990 0.433440
v 0.461207 0.013502 0.508211
v 0.698394 0.008337 0.215873
v 0.751613 0.027063 0.148144
v 0.705866 0.011684 0.193949
v 0.701384 -0.002033 0.187489
v 0.724001 0.012862 0.155056
v 0.694092 -0.017746 0.122866
v -0.612127 0.006528 -0.280946
v -0.556389 0.056993 -0.214766
v -0.567831 0.025708 -0.310354
v -0.631782 0.007447 -0.223713
v -0.540819 0.057458 -0.278922
v -0.603335 0.021985 -0.189450
v -0.605149 -0.005415 -0.279224
v -0.553118 -0.049471 -0.206917
v -0.566596 -0.019427 -0.301264
v -0.624055 -0.006908 -0.223709
v -0.539146 -0.043521 -0.262733
v -0.597745 -0.021185 -0.189882
v -0.548753 0.001286 -0.445148
v -0.456224 -0.000316 -0.512448
v -0.533272 -0.009958 -0.420327
v -0.516202 0.003556 -0.498508
v -0.482639 -0.021734 -0.446415
v -0.461431 0.001204 -0.523945
v -0.547858 0.017730 -0.445234
v -0.462590 0.051770 -0.525780
v -0.533845 0.028903 -0.428135
v -0.509754 0.017178 -0.493597
v -0.490811 0.060466 -0.467562
v -0.461073 0.032341 -0.530255
v -0.672456 0.001504 -0.201407
v -0.715458 0.004728 -0.092871
v -0.681207 0.004016 -0.173778
v -0.677440 -0.003137 -0.171941
v -0.694757 0.005512 -0.117903
v -0.695479 0.003008 -0.118699
v -0.635236 0.021712 0.292075
v -0.592595 0.062166 0.235798
v -0.599917 0.038428 0.315350
v -0.647840 0.019197 0.243233
v -0.578484 0.062699 0.284263
v -0.627008 0.032923 0.217370
v -0.629455 -0.023846 0.289270
v -0.584375 -0.071749 0.237636
v -0.593564 -0.045055 0.313196
v -0.643380 -0.021090 0.241917
v -0.568783 -0.075351 0.284339
v -0.624965 -0.037845 0.217017
v -0.568712 -0.015087 0.446289
v -0.465739 -0.061010 0.508195
v -0.552119 -0.039793 0.423100
v -0.531014 -0.012059 0.495735
v -0.498385 -0.069946 0.452647
v -0.479454 -0.028115 0.528507
v -0.572708 0.014610 0.449871
v -0.463643 0.050902 0.507598
v -0.557364 0.035407 0.427180
v -0.530547 0.014905 0.496540
v -0.503127 0.056938 0.455014
v -0.476363 0.029344 0.526670
v -0.685774 0.002129 0.222837
v -0.714992 0.001514 0.136159
v -0.691692 0.002071 0.202410
v -0.690930 0.004642 0.201635
v -0.705587 -0.001428 0.160302
v -0.706306 0.006090 0.160720
v 0.010192 0.593527 0.014241
v -0.026252 0.544134 0.068499
v -0.018711 0.586204 0.020586
v -0.036650 0.559315 0.044368
v 0.010850 0.581595 0.030275
v -0.004921 0.556298 0.061825
v 0.014587 0.596629 -0.096648
v -0.054346 0.605383 -0.236693
v -0.014787 0.588786 -0.108828
v -0.054897 0.589116 -0.171316
v 0.012862 0.598534 -0.157287
v -0.021128 0.611659 -0.236349
v 0.046146 0.599725 0.000864
v 0.036117 0.559653 0.042397
v 0.060395 0.593451 -0.003351
v 0.052485 0.577506 0.008436
v 0.028527 0.588491 0.016599
v 0.025636 0.565237 0.044212
v 0.049244 0.601166 -0.098502
v 0.088470 0.616138 -0.258839
v 0.059626 0.597108 -0.100739
v 0.083867 0.590365 -0.175324
v 0.044476 0.599936 -0.168302
v 0.060180 0.615648 -0.252222
v -0.248390 0.419126 0.199258
v -0.356749 0.335814 0.174121
v -0.273163 0.427352 0.153319
v -0.325431 0.385184 0.141305
v -0.280203 0.372217 0.242620
v -0.336818 0.330282 0.229703
v -0.021548 0.474307 0.202004
v 0.009242 0.473800 0.197859
v -0.021069 0.445744 0.254283
v -0.005437 0.444525 0.253025
v -0.007889 0.506042 0.147687
v 0.005969 0.506860 0.145008
v -0.169418 0.359070 0.362821
v -0.222982 0.262977 0.462345
v -0.146759 0.329542 0.418365
v -0.170737 0.285905 0.469568
v -0.223617 0.334001 0.354697
v -0.251530 0.282629 0.401195
v -0.366556 0.548870 -0.335451
v -0.375568 0.410249 -0.260327
v -0.383252 0.582113 -0.299156
v -0.359291 0.477719 -0.252289
v -0.373211 0.488526 -0.345039
v -0.370835 0.417229 -0.312947
v -0.069722 0.710966 -0.432753
v 0.070560 0.716528 -0.454579
v -0.039222 0.697889 -0.490012
v 0.031061 0.696249 -0.493837
v -0.017616 0.674627 -0.373695
v 0.035499 0.687731 -0.383897
v -0.338344 0.527245 -0.490204
v -0.307833 0.372696 -0.556266
v -0.275971 0.493927 -0.563009
v -0.273810 0.418798 -0.591130
v -0.353144 0.480184 -0.444983
v -0.325795 0.396727 -0.485003
v -0.509829 0.190652 -0.003571
v -0.508378 0.188616 0.056888
v -0.470074 0.243166 0.002703
v -0.467945 0.239221 0.035819
v -0.553827 0.134302 0.019847
v -0.552207 0.137068 0.050428
v -0.428966 0.213084 -0.318623
v -0.403219 0.205003 -0.456252
v -0.456016 0.155020 -0.348539
v -0.440700 0.153347 -0.415787
v -0.395013 0.276046 -0.355211
v -0.377787 0.269145 -0.421617
v -0.621033 0.034093 -0.045551
v -0.710434 0.003076 -0.014225
v -0.647800 0.009553 -0.077988
v -0.689090 0.007036 -0.060682
v -0.640069 0.019684 0.001346
v -0.688212 0.005253 0.012796
v -0.452733 0.181327 0.289482
v -0.397940 0.165079 0.408733
v -0.481569 0.135017 0.326261
v -0.455779 0.128878 0.386477
v -0.399346 0.227228 0.310748
v -0.373119 0.218032 0.371278
v -0.617834 0.056292 0.122052
v -0.689959 0.003197 0.092515
v -0.650742 0.024758 0.141209
v -0.681876 0.007400 0.126595
v -0.627529 0.048616 0.091706
v -0.670719 0.013210 0.078035
v 0.231815 0.387783 0.167756
v 0.352009 0.327915 0.140447
v 0.254592 0.406067 0.113948
v 0.314038 0.375527 0.102876
v 0.262729 0.338628 0.208969
v 0.324964 0.308905 0.194037
v 0.151277 0.324882 0.348466
v 0.196669 0.230780 0.440678
v 0.121163 0.299118 0.407294
v 0.139920 0.252443 0.453865
v 0.205840 0.298184 0.332465
v 0.232187 0.249744 0.378253
v 0.393257 0.566628 -0.340878
v 0.414084 0.415381 -0.252468
v 0.383842 0.562074 -0.308601
v 0.393075 0.472294 -0.242220
v 0.397780 0.499112 -0.348729
v 0.403116 0.421955 -0.309216
v 0.321024 0.536967 -0.501733
v 0.297022 0.375686 -0.569367
v 0.261568 0.499332 -0.581600
v 0.261511 0.424418 -0.605294
v 0.367505 0.490603 -0.461068
v 0.345065 0.405281 -0.500140
v 0.541875 0.214276 -0.025995
v 0.537305 0.210499 0.018865
v 0.500241 0.263161 -0.020858
v 0.498313 0.259149 0.001699
v 0.580454 0.165620 -0.007495
v 0.577785 0.163517 0.014057
v 0.482367 0.231665 -0.325757
v 0.435842 0.223718 -0.457265
v 0.507924 0.175000 -0.352604
v 0.479741 0.172180 -0.415687
v 0.439956 0.290265 -0.363597
v 0.423096 0.286284 -0.433618
v 0.652567 0.095495 -0.068581
v 0.718647 0.036079 -0.030559
v 0.675476 0.066459 -0.096663
v 0.705610 0.041612 -0.075389
v 0.657442 0.086539 -0.028210
v 0.690736 0.055094 -0.011472
v 0.447966 0.167624 0.260993
v 0.379937 0.135339 0.379471
v 0.476481 0.119078 0.301925
v 0.440023 0.103414 0.358914
v 0.387557 0.202855 0.278298
v 0.353807 0.185249 0.337436
v 0.640029 0.070268 0.083953
v 0.711448 0.016348 0.067899
v 0.670146 0.031130 0.109207
v 0.702056 0.013632 0.100010
v 0.647669 0.074010 0.055382
v 0.683282 0.045863 0.047759
v 0.001927 -0.626134 0.095724
v -0.051132 -0.593876 0.231582
v -0.036458 -0.610942 0.097246
v -0.060678 -0.591333 0.156820
v 0.011427 -0.608330 0.154934
v -0.012751 -0.600791 0.227201
v -0.067942 -0.664983 -0.062466
v -0.113911 -0.711800 -0.162858
v -0.113489 -0.706793 -0.078523
v -0.140267 -0.740167 -0.126481
v -0.050813 -0.649965 -0.086212
v -0.080241 -0.657836 -0.135500
v 0.055310 -0.625260 0.094873
v 0.079876 -0.591204 0.222519
v 0.072247 -0.623504 0.081618
v 0.083962 -0.599471 0.144071
v 0.047266 -0.607941 0.156378
v 0.058029 -0.597735 0.224219
v 0.093147 -0.675192 -0.061682
v 0.117120 -0.718658 -0.169468
v 0.127009 -0.714665 -0.081303
v 0.131120 -0.761626 -0.130829
v 0.065104 -0.657952 -0.091840
v 0.081525 -0.662089 -0.144318
v -0.320227 -0.503893 0.340130
v -0.385166 -0.389817 0.266831
v -0.332565 -0.501234 0.272175
v -0.363806 -0.443909 0.242256
v -0.345398 -0.459075 0.365169
v -0.377316 -0.398121 0.322491
v -0.040583 -0.653069 0.440260
v 0.054287 -0.646423 0.440909
v -0.024288 -0.646034 0.498161
v 0.036673 -0.649648 0.504370
v -0.003747 -0.623061 0.367270
v 0.032046 -0.618615 0.367109
v -0.315817 -0.558280 0.560051
v -0.312354 -0.383905 0.573343
v -0.301756 -0.540714 0.629848
v -0.298282 -0.444848 0.631535
v -0.326035 -0.475005 0.500760
v -0.330768 -0.398878 0.513280
v -0.329891 -0.491567 -0.264568
v -0.357514 -0.354551 -0.186931
v -0.358438 -0.511116 -0.222853
v -0.361480 -0.435275 -0.177150
v -0.309787 -0.395023 -0.264277
v -0.336563 -0.336206 -0.233169
v -0.038862 -0.569366 -0.256396
v 0.042636 -0.565021 -0.254335
v -0.016494 -0.520028 -0.285969
v 0.022197 -0.518202 -0.282862
v -0.020561 -0.600455 -0.212788
v 0.026178 -0.600392 -0.215330
v -0.184938 -0.357302 -0.348334
v -0.211951 -0.220428 -0.430717
v -0.150515 -0.309149 -0.387912
v -0.165200 -0.245881 -0.434496
v -0.225199 -0.325376 -0.338111
v -0.241965 -0.254013 -0.375855
v -0.497105 -0.176883 0.024086
v -0.500859 -0.186647 0.080122
v -0.459063 -0.236059 0.037853
v -0.462816 -0.240511 0.063771
v -0.545474 -0.124975 0.039581
v -0.542822 -0.132335 0.065259
v -0.413321 -0.159565 -0.264374
v -0.372541 -0.129922 -0.384329
v -0.447262 -0.109197 -0.303779
v -0.430643 -0.099232 -0.366998
v -0.365577 -0.202214 -0.284279
v -0.343964 -0.183307 -0.342384
v -0.614482 -0.036309 -0.047518
v -0.704734 0.005193 -0.006909
v -0.639165 -0.011653 -0.078415
v -0.683585 0.003838 -0.055176
v -0.629501 -0.032137 -0.004233
v -0.675327 0.002898 0.013248
v -0.457731 -0.220766 0.316563
v -0.410120 -0.211253 0.435754
v -0.478362 -0.163496 0.337938
v -0.455658 -0.159741 0.397308
v -0.420076 -0.281561 0.354680
v -0.395106 -0.276348 0.416764
v -0.616517 -0.058306 0.125002
v -0.691595 -0.001035 0.091793
v -0.648030 -0.027880 0.141651
v -0.676898 -0.003380 0.126671
v -0.623625 -0.052276 0.093321
v -0.665961 -0.015364 0.077862
v 0.332002 -0.517360 0.326686
v 0.406875 -0.416790 0.250461
v 0.342125 -0.511575 0.261390
v 0.382725 -0.466541 0.229878
v 0.356448 -0.470994 0.351934
v 0.388939 -0.417268 0.308080
v 0.333962 -0.567752 0.556471
v 0.316152 -0.392892 0.575546
v 0.318542 -0.556322 0.621245
v 0.303814 -0.458882 0.636679
v 0.340394 -0.482899 0.495543
v 0.339648 -0.406748 0.509589
v 0.323195 -0.482782 -0.269501
v 0.376676 -0.363635 -0.175872
v 0.362856 -0.512031 -0.238220
v 0.377291 -0.438196 -0.174661
v 0.319553 -0.403014 -0.270597
v 0.356255 -0.350848 -0.236766
v 0.177319 -0.352429 -0.342624
v 0.208461 -0.237526 -0.434507
v 0.144563 -0.310073 -0.386195
v 0.156407 -0.254157 -0.432933
v 0.230516 -0.331158 -0.341637
v 0.246509 -0.269377 -0.383724
v 0.550399 -0.230702 -0.000324
v 0.548555 -0.233190 0.051569
v 0.514862 -0.281723 0.017918
v 0.515614 -0.285525 0.044778
v 0.585650 -0.184434 0.008362
v 0.583450 -0.184325 0.034352
v 0.456461 -0.185492 -0.272849
v 0.386710 -0.162029 -0.397637
v 0.482496 -0.137785 -0.310516
v 0.452217 -0.129845 -0.374012
v 0.400326 -0.230970 -0.301176
v 0.362684 -0.211477 -0.360932
v 0.645030 -0.103413 -0.066946
v 0.709468 -0.046486 -0.037812
v 0.667817 -0.072431 -0.093988
v 0.698218 -0.049047 -0.077997
v 0.652554 -0.103727 -0.030615
v 0.682616 -0.070426 -0.018740
v 0.453056 -0.231830 0.302055
v 0.402699 -0.217471 0.425867
v 0.472832 -0.172915 0.327344
v 0.443984 -0.165336 0.385187
v 0.411754 -0.291873 0.341218
v 0.390019 -0.284322 0.405654
v 0.637391 -0.082117 0.085730
v 0.706826 -0.023588 0.065569
v 0.664775 -0.039688 0.108201
v 0.700445 -0.018049 0.096056
v 0.644766 -0.089183 0.057609
v 0.679201 -0.054123 0.044967
v 0.083471 -0.051819 0.729452
v 0.173779 -0.095059 0.697083
v 0.092822 -0.095138 0.737406
v 0.138202 -0.122222 0.724560
v 0.118567 -0.033720 0.714449
v 0.161359 -0.047554 0.696495
v -0.108787 -0.055929 0.731092
v -0.192165 -0.094561 0.698924
v -0.108580 -0.094413 0.739403
v -0.151839 -0.118662 0.723184
v -0.146443 -0.035975 0.718658
v -0.187950 -0.049448 0.702547
v 0.076350 0.008410 0.717676
v 0.148811 0.037169 0.664504
v 0.072169 0.027763 0.697046
v 0.106020 0.049611 0.668175
v 0.114307 0.000967 0.707725
v 0.155323 0.014503 0.685692
v -0.101329 0.013350 0.726324
v -0.167841 0.041689 0.694936
v -0.098520 0.031681 0.713760
v -0.130138 0.054480 0.690498
v -0.138471 0.009953 0.720077
v -0.175832 0.022161 0.701016
v 0.309225 -0.021203 0.617786
v 0.311580 0.016473 0.620915
v 0.367880 0.002291 0.592933
v 0.369569 0.013668 0.593660
v 0.258136 -0.014235 0.652908
v 0.256210 0.005168 0.651467
v -0.326018 -0.032903 0.629130
v -0.320539 0.019183 0.627690
v -0.379022 -0.015769 0.600557
v -0.376860 0.009429 0.601157
v -0.272847 -0.015692 0.660188
v -0.271315 0.006690 0.656866
v 0.074436 0.004873 -0.690323
v 0.140262 -0.031104 -0.641688
v 0.061269 -0.024956 -0.671981
v 0.091099 -0.042698 -0.649060
v 0.121080 0.016427 -0.689274
v 0.157319 0.000394 -0.661948
v -0.124435 0.004791 -0.702064
v -0.180632 -0.023089 -0.663592
v -0.113515 -0.021143 -0.688143
v -0.137346 -0.033557 -0.667099
v -0.164526 0.018951 -0.698222
v -0.194766 0.005453 -0.677733
v 0.107970 0.095726 -0.760362
v 0.215029 0.114530 -0.783132
v 0.115506 0.137749 -0.781385
v 0.169240 0.157627 -0.799844
v 0.148767 0.072663 -0.746009
v 0.204475 0.075999 -0.754940
v -0.158984 0.091390 -0.761707
v -0.242322 0.119156 -0.748937
v -0.171662 0.127584 -0.783798
v -0.210505 0.147673 -0.777535
v -0.190369 0.074496 -0.736730
v -0.231329 0.085559 -0.729042
v 0.313399 0.001083 -0.610021
v 0.328570 0.057648 -0.638008
v 0.368772 0.013776 -0.587507
v 0.373130 0.037665 -0.593504
v 0.267939 0.019823 -0.643290
v 0.279097 0.044852 -0.664484
v -0.321633 0.009739 -0.628858
v -0.331701 0.046082 -0.638894
v -0.369892 0.013528 -0.598011
v -0.372614 0.030109 -0.602010
v -0.283567 0.020654 -0.656682
v -0.290695 0.043146 -0.665351
v -0.194995 0.541905 -0.002015
v -0.199483 0.549267 -0.048312
v -0.147288 0.562374 -0.002082
v -0.152067 0.564715 -0.051745
v -0.262419 0.501957 0.016058
v -0.173036 0.544614 0.019965
v -0.248507 0.502736 0.036560
v -0.273120 0.514035 -0.061699
v -0.184481 0.556743 -0.083400
v -0.266796 0.524157 -0.103871
v -0.306550 0.477677 -0.011505
v -0.304807 0.493590 -0.083680
v -0.338520 0.443642 -0.021785
v -0.289720 0.473340 0.032898
v -0.334686 0.439331 0.007169
v 0.186969 0.549857 -0.031683
v 0.194885 0.556406 -0.054279
v 0.145535 0.572204 -0.033521
v 0.148685 0.576946 -0.053055
v 0.251935 0.503385 -0.019688
v 0.166974 0.554759 -0.021143
v 0.233467 0.505433 -0.007066
v 0.271215 0.523802 -0.062166
v 0.185397 0.565763 -0.076247
v 0.271925 0.535819 -0.092583
v 0.305170 0.478800 -0.033966
v 0.313638 0.501834 -0.079179
v 0.346338 0.447694 -0.039510
v 0.280255 0.471458 -0.006305
v 0.339723 0.440292 -0.021233
v -0.247329 -0.612441 0.018990
v -0.283671 -0.670577 -0.028101
v -0.203897 -0.633093 0.017781
v -0.242728 -0.703201 -0.025656
v -0.303694 -0.551720 0.054908
v -0.219083 -0.598970 0.052523
v -0.286554 -0.546824 0.089482
v -0.328782 -0.598731 -0.047961
v -0.291612 -0.720443 -0.047695
v -0.340828 -0.626883 -0.078719
v -0.346805 -0.525421 0.014611
v -0.352294 -0.554734 -0.059706
v -0.365757 -0.479602 0.006403
v -0.325471 -0.513802 0.085370
v -0.363881 -0.474773 0.042506
v 0.250370 -0.611691 0.028762
v 0.266217 -0.651482 -0.031165
v 0.207258 -0.629561 0.019663
v 0.227724 -0.682288 -0.041459
v 0.313962 -0.561080 0.063342
v 0.223119 -0.602393 0.056254
v 0.299368 -0.561016 0.094299
v 0.333948 -0.590607 -0.026781
v 0.268335 -0.693046 -0.067233
v 0.339020 -0.619194 -0.063566
v 0.358919 -0.529319 0.028186
v 0.360918 -0.552649 -0.043225
v 0.387974 -0.486857 0.021029
v 0.344623 -0.534689 0.091453
v 0.386283 -0.486997 0.050108
v -0.003818 -0.491273 0.692363
v -0.077089 -0.430981 0.706388
v -0.033028 -0.543889 0.675834
v -0.115240 -0.486447 0.697850
v 0.063634 -0.436343 0.706542
v 0.027777 -0.546147 0.673539
v 0.109700 -0.493061 0.699605
v 0.027723 -0.331414 0.728275
v -0.046780 -0.325441 0.727697
v 0.030956 -0.267035 0.743195
v -0.040113 -0.262231 0.743382
v 0.116694 -0.422591 0.710759
v 0.071933 -0.307107 0.731996
v -0.125458 -0.414937 0.706023
v -0.081532 -0.298215 0.730402
v -0.025428 0.291774 0.503332
v -0.043013 0.255591 0.543076
v -0.030467 0.322669 0.461040
v -0.053418 0.283534 0.506663
v -0.002512 0.247464 0.537668
v -0.017775 0.319916 0.459789
v 0.006077 0.272303 0.503821
v -0.004116 0.187420 0.597021
v -0.034431 0.193232 0.603022
v 0.001632 0.145011 0.626259
v -0.037179 0.147985 0.633714
v 0.016821 0.231427 0.540285
v 0.017706 0.166262 0.602298
v -0.059627 0.244831 0.549211
v -0.054026 0.173844 0.611186
v -0.006405 -0.269488 -0.464905
v -0.034952 -0.220779 -0.505671
v -0.016532 -0.314325 -0.424822
v -0.043993 -0.255958 -0.466059
v 0.013495 -0.222637 -0.506782
v 0.006359 -0.312718 -0.425831
v 0.032279 -0.256704 -0.468255
v -0.003297 -0.156998 -0.575930
v -0.032631 -0.154467 -0.577778
v -0.005217 -0.120864 -0.612210
v -0.040399 -0.116572 -0.615616
v 0.033077 -0.209749 -0.511207
v 0.015047 -0.139867 -0.587093
v -0.050086 -0.202812 -0.509940
v -0.050398 -0.134760 -0.589002
v -0.020409 0.475404 -0.682162
v -0.086749 0.415269 -0.705848
v -0.044274 0.525262 -0.656562
v -0.115649 0.460834 -0.683439
v 0.044659 0.422252 -0.707674
v 0.011715 0.524671 -0.656580
v 0.083088 0.463755 -0.684205
v 0.013227 0.337559 -0.747135
v -0.069761 0.329187 -0.747588
v 0.014892 0.285390 -0.769300
v -0.080036 0.275558 -0.774155
v 0.094391 0.407199 -0.710215
v 0.059413 0.318666 -0.759593
v -0.132331 0.398071 -0.708642
v -0.118640 0.302323 -0.764595
v 0.627032 0.016888 -0.350887
v 0.671972 0.003696 -0.281227
v 0.633869 0.016371 -0.333452
v 0.675294 0.005113 -0.258030
v 0.633943 -0.003023 -0.356610
v 0.673617 -0.004020 -0.280217
v 0.630240 -0.013111 -0.331965
v 0.673622 -0.006449 -0.253726
v 0.603171 0.008253 -0.402900
v 0.596842 -0.016092 -0.382166
v 0.561533 0.003766 -0.436415
v 0.601244 0.023991 -0.385834
v 0.563630 0.018237 -0.439950
v 0.690347 0.001059 -0.231743
v 0.689653 -0.002239 -0.230485
v 0.615954 0.009029 0.346050
v 0.663273 0.009729 0.279324
v 0.618115 0.013868 0.330881
v 0.666280 0.014297 0.255647
v 0.612539 0.007535 0.345916
v 0.664244 0.001996 0.279067
v 0.608022 -0.008614 0.322892
v 0.666870 -0.000242 0.255066
v 0.595284 -0.002471 0.407193
v 0.573400 -0.004747 0.371446
v 0.542358 0.003950 0.431040
v 0.584180 0.016347 0.380694
v 0.545908 0.007998 0.433429
v 0.686053 0.011248 0.231178
v 0.682458 0.003735 0.230707
v -0.607989 0.001562 -0.360931
v -0.643816 0.003664 -0.280783
v -0.597021 0.002331 -0.339428
v -0.644464 0.003505 -0.254805
v -0.599607 0.003968 -0.355400
v -0.640630 -0.002874 -0.278119
v -0.591194 0.005627 -0.335184
v -0.640669 0.000749 -0.254798
v -0.585764 -0.005660 -0.413842
v -0.574187 0.005644 -0.390958
v -0.555136 0.001506 -0.456954
v -0.576246 0.009081 -0.394797
v -0.551089 0.007246 -0.454746
v -0.661062 0.003987 -0.226909
v -0.658955 -0.001256 -0.227312
v -0.628868 0.014332 0.366249
v -0.663840 0.004711 0.290289
v -0.619095 0.024145 0.343726
v -0.661609 0.009460 0.267157
v -0.624384 -0.013941 0.361238
v -0.663604 -0.002533 0.286320
v -0.615358 -0.023931 0.340209
v -0.658125 -0.008887 0.265881
v -0.605674 0.002318 0.416910
v -0.600273 -0.020827 0.394797
v -0.572644 -0.002524 0.455825
v -0.600548 0.023616 0.397493
v -0.571979 0.007432 0.455901
v -0.678671 0.005149 0.243385
v -0.674852 -0.000076 0.245730
v 0.011890 0.606808 0.001787
v 0.019285 0.611238 -0.023071
v -0.013278 0.606596 0.001614
v -0.004095 0.599105 -0.032620
v 0.048969 0.612723 -0.004532
v 0.050435 0.613261 -0.030210
v 0.063339 0.608941 -0.003297
v 0.058675 0.614785 -0.040164
v 0.032660 0.604475 0.003027
v -0.002936 0.598759 0.010268
v 0.022730 0.595191 0.013385
v 0.040152 0.612225 -0.044617
v 0.011600 0.598879 -0.057126
v 0.029699 0.600343 -0.091368
v 0.061064 0.602132 -0.000992
v 0.032145 0.597062 0.009221
v 0.054897 0.609991 -0.051550
v 0.039249 0.603052 -0.096322
v -0.089692 0.510985 0.116293
v -0.160529 0.486703 0.156629
v -0.108970 0.526557 0.086454
v -0.188286 0.497166 0.120406
v -0.056879 0.441916 0.253691
v -0.102183 0.407918 0.309180
v -0.049878 0.413384 0.308139
v -0.088210 0.375917 0.363190
v -0.045496 0.496231 0.153842
v -0.064621 0.534581 0.078760
v -0.022513 0.526823 0.105486
v -0.164406 0.426675 0.254065
v -0.216877 0.462110 0.157208
v -0.220432 0.404685 0.247636
v -0.038231 0.444213 0.255439
v -0.023636 0.501267 0.151819
v -0.122598 0.370671 0.365403
v -0.194903 0.381279 0.303804
v -0.160518 0.625439 -0.287065
v -0.272050 0.603547 -0.315548
v -0.158034 0.589580 -0.225342
v -0.265684 0.578369 -0.263548
v -0.208724 0.792136 -0.484613
v -0.243446 0.618845 -0.493311
v -0.145356 0.686994 -0.533494
v -0.213804 0.595192 -0.560934
v -0.126198 0.711460 -0.364475
v -0.103538 0.598775 -0.230828
v -0.065001 0.641197 -0.305481
v -0.403075 0.632350 -0.404842
v -0.321997 0.579053 -0.306434
v -0.396025 0.555683 -0.371198
v -0.114755 0.728528 -0.484849
v -0.075436 0.691853 -0.372657
v -0.272134 0.561677 -0.529336
v -0.457646 0.587768 -0.391752
v -0.414862 0.328915 -0.163726
v -0.461731 0.255581 -0.076317
v -0.388920 0.384744 -0.148016
v -0.429855 0.307889 -0.063015
v -0.488174 0.157069 -0.220171
v -0.550823 0.096646 -0.128822
v -0.512827 0.102890 -0.247413
v -0.576440 0.051958 -0.156584
v -0.425249 0.277799 -0.234953
v -0.384879 0.398795 -0.204925
v -0.391237 0.346702 -0.274221
v -0.539229 0.139448 -0.054386
v -0.468076 0.248837 -0.031582
v -0.549951 0.134815 -0.014040
v -0.470719 0.156994 -0.282643
v -0.408231 0.278210 -0.292607
v -0.596749 0.046313 -0.100671
v -0.588464 0.078435 -0.025555
v -0.415932 0.288162 0.126264
v -0.463681 0.240271 0.093472
v -0.381719 0.338443 0.099771
v -0.428595 0.290895 0.068626
v -0.520539 0.137706 0.219181
v -0.569870 0.099504 0.169064
v -0.554921 0.093947 0.250917
v -0.600989 0.061422 0.194381
v -0.442816 0.234452 0.195732
v -0.372338 0.337380 0.127732
v -0.389118 0.283019 0.212156
v -0.541387 0.140382 0.110596
v -0.467572 0.239503 0.064033
v -0.547392 0.139150 0.080572
v -0.505152 0.135297 0.270152
v -0.422741 0.231320 0.250547
v -0.609801 0.059924 0.155001
v -0.583288 0.093233 0.101862
v 0.082104 0.520182 0.090587
v 0.151839 0.458814 0.138151
v 0.105200 0.539375 0.051991
v 0.175889 0.477287 0.091738
v 0.034279 0.435830 0.250294
v 0.080945 0.386029 0.302638
v 0.021231 0.406044 0.306561
v 0.060427 0.357767 0.359662
v 0.039581 0.499718 0.140711
v 0.060902 0.554018 0.043494
v 0.029003 0.534070 0.090133
v 0.014378 0.440887 0.251618
v 0.020854 0.504882 0.142484
v 0.149449 0.398011 0.238942
v 0.201538 0.434284 0.127701
v 0.205182 0.368068 0.224860
v 0.102453 0.342860 0.355629
v 0.178657 0.348738 0.285684
v 0.170011 0.626569 -0.315697
v 0.288380 0.608031 -0.335243
v 0.161736 0.585569 -0.240041
v 0.282948 0.581918 -0.274644
v 0.176618 0.722505 -0.514623
v 0.224793 0.611509 -0.523114
v 0.123916 0.665388 -0.556719
v 0.198471 0.588927 -0.587973
v 0.150282 0.807505 -0.418603
v 0.121761 0.604686 -0.253925
v 0.092214 0.682629 -0.335456
v 0.100574 0.708964 -0.509879
v 0.091532 0.730266 -0.409174
v 0.362395 0.631515 -0.412655
v 0.366044 0.599098 -0.315831
v 0.397210 0.575687 -0.373250
v 0.257475 0.565037 -0.556660
v 0.445068 0.606092 -0.397149
v 0.453537 0.341181 -0.148034
v 0.500540 0.272900 -0.066309
v 0.418288 0.387784 -0.135069
v 0.461733 0.321533 -0.065360
v 0.546820 0.180182 -0.226179
v 0.607113 0.136959 -0.137687
v 0.574750 0.127098 -0.254261
v 0.632008 0.093928 -0.168843
v 0.471464 0.290628 -0.234535
v 0.414237 0.401902 -0.192505
v 0.431635 0.352766 -0.271853
v 0.582474 0.179365 -0.067793
v 0.501876 0.267234 -0.044821
v 0.585495 0.168499 -0.027639
v 0.527399 0.176573 -0.288080
v 0.457675 0.292053 -0.298147
v 0.641738 0.098246 -0.116934
v 0.620400 0.130973 -0.047090
v 0.428001 0.297876 0.087397
v 0.488862 0.254184 0.043336
v 0.388913 0.347690 0.061053
v 0.448256 0.303963 0.027137
v 0.527974 0.142008 0.192680
v 0.591590 0.102243 0.128340
v 0.554572 0.096946 0.230788
v 0.618704 0.059926 0.162158
v 0.447959 0.238480 0.168958
v 0.375117 0.342477 0.095616
v 0.388681 0.274616 0.179712
v 0.567349 0.154896 0.063881
v 0.494014 0.256973 0.022920
v 0.573853 0.159144 0.037781
v 0.505499 0.131114 0.245664
v 0.418970 0.220343 0.220701
v 0.632866 0.064166 0.119118
v 0.608464 0.112174 0.060511
v -0.020907 -0.657185 0.026966
v -0.047210 -0.664072 -0.019511
v -0.061311 -0.650570 0.021682
v -0.094845 -0.670094 -0.029305
v 0.069149 -0.655828 0.025632
v 0.080461 -0.671064 -0.019321
v 0.098224 -0.656263 0.017349
v 0.115850 -0.684571 -0.026589
v 0.029781 -0.646472 0.061675
v -0.026886 -0.637569 0.056095
v 0.022399 -0.628288 0.100004
v 0.019415 -0.656207 -0.028594
v -0.081685 -0.674736 -0.046155
v -0.010968 -0.649995 -0.050100
v 0.073424 -0.642486 0.048282
v 0.038834 -0.627071 0.102889
v 0.108101 -0.685016 -0.044295
v 0.044283 -0.652644 -0.049984
v -0.136064 -0.579944 0.304302
v -0.240087 -0.568358 0.337009
v -0.150101 -0.571774 0.224525
v -0.245570 -0.548171 0.262392
v -0.156773 -0.788069 0.499776
v -0.290244 -0.750802 0.582273
v -0.111788 -0.777370 0.619123
v -0.262524 -0.720356 0.669870
v -0.084941 -0.624454 0.387501
v -0.098872 -0.584314 0.231253
v -0.040484 -0.601610 0.306262
v -0.287201 -0.591082 0.456874
v -0.285806 -0.533210 0.305446
v -0.313720 -0.519142 0.409755
v -0.081020 -0.701701 0.514496
v -0.042517 -0.630033 0.374994
v -0.304135 -0.646357 0.618776
v -0.314884 -0.542339 0.483893
v -0.204391 -0.753801 -0.261245
v -0.292731 -0.642851 -0.290213
v -0.232517 -0.790253 -0.217930
v -0.331086 -0.674663 -0.249250
v -0.097647 -0.530408 -0.301628
v -0.143098 -0.457469 -0.326405
v -0.068726 -0.472215 -0.324078
v -0.104516 -0.399599 -0.349121
v -0.113798 -0.637412 -0.238145
v -0.164679 -0.778348 -0.194483
v -0.090083 -0.664359 -0.194786
v -0.234656 -0.486585 -0.303843
v -0.339975 -0.586866 -0.267768
v -0.277081 -0.446464 -0.289861
v -0.056075 -0.525629 -0.292878
v -0.065938 -0.612812 -0.224635
v -0.140298 -0.382224 -0.347789
v -0.228591 -0.402762 -0.314874
v -0.387174 -0.295993 -0.096556
v -0.442371 -0.231586 -0.029253
v -0.377044 -0.367758 -0.087354
v -0.413205 -0.297412 -0.014846
v -0.476613 -0.124993 -0.188750
v -0.542327 -0.084937 -0.117076
v -0.509121 -0.080603 -0.225917
v -0.570040 -0.049685 -0.151828
v -0.401207 -0.225775 -0.174994
v -0.370638 -0.364705 -0.136304
v -0.361610 -0.279415 -0.198444
v -0.530940 -0.123203 -0.033842
v -0.451317 -0.233930 0.006354
v -0.539679 -0.123220 0.005148
v -0.462275 -0.119093 -0.245084
v -0.384358 -0.215066 -0.228454
v -0.592139 -0.045579 -0.099378
v -0.578973 -0.076776 -0.020419
v -0.424385 -0.319991 0.189268
v -0.462273 -0.250627 0.127533
v -0.398663 -0.375061 0.167743
v -0.431103 -0.307789 0.109760
v -0.514346 -0.158435 0.233274
v -0.563905 -0.103380 0.178924
v -0.542878 -0.114256 0.257965
v -0.595829 -0.068405 0.197647
v -0.444418 -0.272773 0.252561
v -0.393329 -0.381694 0.213663
v -0.409571 -0.334362 0.285979
v -0.538485 -0.144086 0.125816
v -0.465377 -0.245938 0.094960
v -0.540890 -0.138513 0.093360
v -0.499163 -0.164516 0.283685
v -0.434704 -0.278444 0.300449
v -0.606969 -0.061630 0.160650
v -0.580211 -0.096165 0.109018
v 0.144407 -0.576224 0.291400
v 0.244070 -0.564982 0.322153
v 0.151779 -0.572835 0.209868
v 0.250987 -0.553725 0.251267
v 0.138564 -0.783955 0.504007
v 0.289077 -0.715810 0.542160
v 0.129700 -0.780739 0.598963
v 0.284768 -0.720512 0.632916
v 0.102600 -0.613691 0.381361
v 0.110839 -0.582731 0.217392
v 0.072664 -0.591432 0.302459
v 0.087660 -0.699050 0.511833
v 0.069221 -0.616000 0.376827
v 0.296532 -0.589407 0.435833
v 0.293149 -0.539200 0.293770
v 0.325075 -0.526783 0.394534
v 0.331219 -0.651465 0.602903
v 0.327367 -0.547640 0.469528
v 0.199603 -0.744850 -0.264293
v 0.288612 -0.640648 -0.305182
v 0.230406 -0.785951 -0.216953
v 0.310569 -0.659969 -0.231242
v 0.094011 -0.516459 -0.293622
v 0.135558 -0.442367 -0.320527
v 0.066743 -0.459791 -0.318469
v 0.099026 -0.388057 -0.345155
v 0.113370 -0.634117 -0.245010
v 0.161612 -0.776439 -0.198838
v 0.097602 -0.663531 -0.199319
v 0.058169 -0.516401 -0.287732
v 0.069002 -0.612708 -0.225761
v 0.225792 -0.480851 -0.301947
v 0.326743 -0.574735 -0.269856
v 0.274826 -0.446214 -0.293472
v 0.130501 -0.371219 -0.342166
v 0.221495 -0.399655 -0.307290
v 0.446826 -0.318997 -0.095941
v 0.508566 -0.272419 -0.036001
v 0.421324 -0.381769 -0.079642
v 0.473393 -0.328397 -0.019575
v 0.533130 -0.151061 -0.184871
v 0.604879 -0.129399 -0.116777
v 0.561209 -0.102896 -0.222755
v 0.627534 -0.086142 -0.151072
v 0.449100 -0.245773 -0.169870
v 0.402413 -0.373878 -0.128187
v 0.401725 -0.299812 -0.204937
v 0.585081 -0.179781 -0.050400
v 0.512805 -0.277563 -0.006889
v 0.585708 -0.182249 -0.017963
v 0.508526 -0.142824 -0.246732
v 0.426924 -0.241278 -0.237787
v 0.636886 -0.098478 -0.106968
v 0.620213 -0.140054 -0.041093
v 0.456450 -0.354642 0.168586
v 0.505242 -0.292490 0.104519
v 0.432394 -0.406010 0.155996
v 0.479207 -0.346633 0.094589
v 0.521759 -0.177069 0.209836
v 0.585223 -0.124647 0.138096
v 0.542795 -0.121497 0.235944
v 0.612619 -0.073492 0.161767
v 0.459429 -0.296129 0.228676
v 0.419639 -0.410708 0.200242
v 0.421777 -0.356247 0.267984
v 0.572172 -0.180477 0.088567
v 0.514549 -0.289534 0.072734
v 0.580055 -0.182156 0.060036
v 0.496806 -0.174848 0.265348
v 0.435735 -0.294127 0.282861
v 0.626851 -0.076556 0.120694
v 0.609684 -0.130274 0.070911
v 0.013940 -0.053438 0.746792
v -0.043391 -0.058364 0.747166
v 0.018909 -0.091362 0.753336
v -0.036874 -0.096058 0.757341
v 0.015205 0.007248 0.733186
v -0.039121 0.007612 0.744124
v 0.015175 0.021859 0.722430
v -0.036155 0.029061 0.731592
v 0.046596 -0.017125 0.732011
v 0.050170 -0.071346 0.742446
v 0.080356 -0.025896 0.725378
v -0.073007 -0.016735 0.738449
v -0.072286 -0.075800 0.747437
v -0.108151 -0.026601 0.729146
v 0.042590 0.015707 0.718758
v 0.079333 -0.007315 0.722396
v -0.066029 0.017513 0.731194
v -0.106080 -0.004762 0.728948
v 0.281165 -0.283868 0.630619
v 0.231300 -0.182913 0.670665
v 0.251925 -0.328304 0.670187
v 0.194768 -0.217902 0.702660
v 0.373813 -0.137319 0.495344
v 0.337886 -0.060932 0.559046
v 0.416841 -0.087831 0.456697
v 0.393945 -0.024531 0.530239
v 0.341847 -0.255172 0.533751
v 0.293363 -0.366286 0.632937
v 0.338209 -0.330581 0.522245
v 0.410804 -0.151860 0.442557
v 0.366854 -0.272133 0.471954
v 0.257118 -0.090962 0.635606
v 0.184175 -0.152102 0.701498
v 0.213392 -0.071892 0.670292
v 0.354209 -0.023150 0.576919
v 0.257918 -0.045339 0.644603
v -0.283023 -0.279478 0.627337
v -0.244265 -0.179173 0.669128
v -0.255130 -0.324368 0.662508
v -0.206804 -0.211405 0.695951
v -0.397521 -0.143253 0.516954
v -0.372357 -0.080821 0.585426
v -0.446524 -0.103857 0.484038
v -0.425715 -0.053554 0.558540
v -0.342641 -0.252658 0.535423
v -0.290955 -0.358214 0.628226
v -0.334770 -0.325698 0.524412
v -0.429163 -0.153468 0.459454
v -0.369895 -0.267591 0.478101
v -0.279326 -0.090328 0.650978
v -0.199200 -0.148002 0.698738
v -0.228587 -0.063289 0.682410
v -0.378899 -0.046109 0.596790
v -0.277111 -0.049704 0.656267
v 0.184132 0.153190 0.526315
v 0.171293 0.087273 0.605018
v 0.132513 0.175815 0.535137
v 0.124555 0.106836 0.608137
v 0.367515 0.072929 0.475770
v 0.353611 0.031820 0.571101
v 0.430043 0.044105 0.455550
v 0.411883 0.018006 0.542318
v 0.282974 0.149166 0.458451
v 0.162066 0.201722 0.491528
v 0.257585 0.199324 0.419239
v 0.405013 0.085608 0.417068
v 0.318639 0.167602 0.398650
v 0.244183 0.041934 0.624009
v 0.138239 0.068500 0.639824
v 0.198268 0.025810 0.657205
v 0.364358 0.021161 0.586013
v 0.253527 0.020157 0.644283
v -0.217650 0.179980 0.544769
v -0.197184 0.103569 0.621562
v -0.166310 0.201167 0.553369
v -0.151699 0.119362 0.625330
v -0.386780 0.102448 0.502956
v -0.360887 0.058129 0.577961
v -0.444409 0.081178 0.478021
v -0.419142 0.043687 0.557002
v -0.305219 0.175872 0.484426
v -0.195342 0.232381 0.508617
v -0.279007 0.229291 0.444522
v -0.422598 0.118700 0.444146
v -0.339161 0.198230 0.429809
v -0.257572 0.050978 0.637528
v -0.161174 0.072725 0.665083
v -0.214471 0.033231 0.676930
v -0.370295 0.033422 0.591473
v -0.266241 0.027790 0.650237
v 0.003133 0.001953 -0.707085
v -0.061892 0.001042 -0.713622
v -0.003135 -0.027252 -0.689892
v -0.058438 -0.027137 -0.697906
v 0.014381 0.091273 -0.760730
v -0.077794 0.087415 -0.768272
v 0.014057 0.132214 -0.776983
v -0.084273 0.122838 -0.787079
v 0.051998 0.047928 -0.731340
v 0.033450 -0.010822 -0.691081
v 0.083581 0.034960 -0.712432
v -0.105292 0.043897 -0.734937
v -0.089222 -0.011551 -0.704352
v -0.135449 0.031620 -0.718462
v 0.063663 0.115749 -0.769102
v 0.097957 0.062645 -0.737088
v -0.124729 0.103682 -0.781317
v -0.148125 0.059108 -0.736871
v 0.187650 -0.157591 -0.521952
v 0.161987 -0.087760 -0.587682
v 0.136006 -0.171246 -0.520951
v 0.113117 -0.099502 -0.591835
v 0.364203 -0.091921 -0.481514
v 0.341721 -0.041259 -0.555128
v 0.432116 -0.074004 -0.460328
v 0.402862 -0.024252 -0.529058
v 0.283230 -0.159228 -0.466114
v 0.172068 -0.204470 -0.479480
v 0.261892 -0.214252 -0.427275
v 0.409312 -0.113629 -0.429027
v 0.319910 -0.182871 -0.415132
v 0.238987 -0.041311 -0.603872
v 0.122986 -0.063604 -0.622566
v 0.195590 -0.018332 -0.634174
v 0.360010 -0.012496 -0.573678
v 0.253871 -0.008927 -0.623743
v -0.203402 -0.134877 -0.530849
v -0.194515 -0.075392 -0.615217
v -0.156808 -0.160030 -0.533297
v -0.149101 -0.090807 -0.613397
v -0.369043 -0.063653 -0.486417
v -0.351156 -0.017405 -0.575503
v -0.427950 -0.040312 -0.468486
v -0.408612 -0.001712 -0.554281
v -0.287354 -0.137180 -0.459951
v -0.184372 -0.189054 -0.485404
v -0.264010 -0.192090 -0.416848
v -0.401290 -0.082413 -0.427476
v -0.317440 -0.161048 -0.401042
v -0.260818 -0.025850 -0.631247
v -0.166332 -0.054508 -0.644572
v -0.227693 -0.010960 -0.658047
v -0.363048 0.002851 -0.592118
v -0.274800 0.001018 -0.646266
v 0.277901 0.285485 -0.665836
v 0.266275 0.196094 -0.778872
v 0.232655 0.324477 -0.697030
v 0.207761 0.225845 -0.796779
v 0.408565 0.158215 -0.536501
v 0.375160 0.097717 -0.603931
v 0.455927 0.118973 -0.494329
v 0.420706 0.072442 -0.556729
v 0.353656 0.260714 -0.558948
v 0.266220 0.351331 -0.633917
v 0.345230 0.329027 -0.532774
v 0.445944 0.167670 -0.477674
v 0.389925 0.275586 -0.495237
v 0.293933 0.113608 -0.701034
v 0.217363 0.176310 -0.802961
v 0.250608 0.089654 -0.740157
v 0.376044 0.065380 -0.601601
v 0.287295 0.075524 -0.682705
v -0.297001 0.277485 -0.651398
v -0.276219 0.189403 -0.717254
v -0.260308 0.317878 -0.682723
v -0.246536 0.219464 -0.754583
v -0.412893 0.144774 -0.553322
v -0.375494 0.084929 -0.609232
v -0.448433 0.099887 -0.507455
v -0.416007 0.047563 -0.570225
v -0.352120 0.247996 -0.561366
v -0.285049 0.347215 -0.621978
v -0.334880 0.318806 -0.522909
v -0.427437 0.147603 -0.485385
v -0.366289 0.259641 -0.492512
v -0.304258 0.107239 -0.680012
v -0.248832 0.160751 -0.760256
v -0.270151 0.095117 -0.710085
v -0.373058 0.049823 -0.605790
v -0.298523 0.070455 -0.673902
v 0.751811 0.010324 -0.032235
v 0.751211 -0.009265 -0.033941
v 0.739442 0.009239 -0.077894
v 0.739502 -0.013337 -0.079582
v 0.732709 0.004170 0.074577
v 0.737306 -0.003794 0.075866
v 0.729266 0.008953 0.111732
v 0.727778 0.001471 0.110320
v 0.744401 0.012806 0.025215
v 0.735205 0.022756 -0.053633
v 0.720508 0.030029 0.007101
v 0.720839 0.005433 0.086405
v 0.716444 0.023174 0.038471
v 0.740966 -0.011755 0.021250
v 0.728080 -0.028596 -0.057919
v 0.715165 -0.036494 -0.000607
v 0.721370 -0.009260 0.086498
v 0.711028 -0.028334 0.033912
v -0.728368 -0.000377 -0.013281
v -0.727380 0.009240 -0.016110
v -0.712886 0.003242 -0.063119
v -0.709612 0.005862 -0.065223
v -0.723736 0.003417 0.090431
v -0.723598 0.005177 0.090402
v -0.717034 0.000219 0.123424
v -0.718220 0.004010 0.122436
v -0.730089 0.005893 0.040390
v -0.715448 0.002669 -0.039582
v -0.708481 0.002489 0.025544
v -0.709347 -0.000726 0.108667
v -0.700999 0.004630 0.059799
v -0.721535 0.007150 0.039809
v -0.708132 0.006194 -0.035935
v -0.709868 0.012107 0.031983
v -0.705421 0.001372 0.107691
v -0.704033 0.005016 0.061903
v -0.074244 0.577904 0.014089
v -0.100012 0.558752 0.036112
v -0.079374 0.580371 -0.081781
v -0.117697 0.574261 -0.126438
v -0.052510 0.572835 0.028176
v -0.064305 0.583101 -0.121775
v -0.262702 0.471813 0.084762
v -0.309237 0.431876 0.079336
v -0.294204 0.431276 0.112858
v -0.301605 0.526238 -0.193089
v -0.334901 0.482043 -0.164937
v -0.339936 0.513599 -0.236824
v -0.398251 0.350134 -0.009245
v -0.397511 0.345447 0.019453
v -0.432882 0.295099 0.011784
v 0.092438 0.589023 -0.019206
v 0.102716 0.578476 -0.009398
v 0.094172 0.595486 -0.063420
v 0.127080 0.580020 -0.111458
v 0.072024 0.587696 -0.013513
v 0.083980 0.589152 -0.105633
v 0.242484 0.462614 0.038976
v 0.298049 0.431354 0.032277
v 0.277690 0.420657 0.070174
v 0.316509 0.526111 -0.188229
v 0.352036 0.482264 -0.155959
v 0.359672 0.508294 -0.222410
v 0.422188 0.359653 -0.032540
v 0.416804 0.355914 -0.010487
v 0.459778 0.309412 -0.015659
v -0.116222 -0.620554 0.051535
v -0.135726 -0.593580 0.097959
v -0.177913 -0.743798 -0.053067
v -0.216936 -0.788749 -0.094086
v -0.083551 -0.601078 0.098693
v -0.162224 -0.766344 -0.077852
v -0.303361 -0.515386 0.176337
v -0.343921 -0.479039 0.159205
v -0.340561 -0.491683 0.212294
v -0.362505 -0.592127 -0.154350
v -0.366375 -0.511656 -0.118733
v -0.367556 -0.516814 -0.168663
v -0.401606 -0.360349 0.025003
v -0.404723 -0.360746 0.056212
v -0.428683 -0.299591 0.046974
v 0.131916 -0.628718 0.038330
v 0.142229 -0.601195 0.082199
v 0.175084 -0.754665 -0.048389
v 0.209954 -0.804178 -0.083140
v 0.101240 -0.615307 0.079475
v 0.159590 -0.762966 -0.087547
v 0.313970 -0.532062 0.176800
v 0.363172 -0.498979 0.158398
v 0.352246 -0.506935 0.205294
v 0.365184 -0.585636 -0.140414
v 0.378248 -0.509089 -0.104854
v 0.371448 -0.514179 -0.163099
v 0.447060 -0.385658 0.022879
v 0.449456 -0.390671 0.054150
v 0.481706 -0.336472 0.036262
v -0.039917 -0.613412 0.609622
v 0.030830 -0.613812 0.609879
v -0.223848 -0.539282 0.689222
v -0.225165 -0.447165 0.689745
v 0.004882 -0.622802 0.557357
v -0.286614 -0.504037 0.682861
v 0.240944 -0.548484 0.707044
v 0.223584 -0.454444 0.693113
v 0.279753 -0.510400 0.669071
v 0.071093 -0.166140 0.778361
v 0.112627 -0.210070 0.747530
v -0.038167 -0.162180 0.798372
v -0.109726 -0.201482 0.745564
v 0.105288 -0.144178 0.752259
v -0.103743 -0.142741 0.750307
v -0.028274 0.385931 0.364935
v -0.011780 0.383551 0.362489
v -0.083777 0.307782 0.469318
v -0.102070 0.265505 0.515972
v -0.017474 0.415154 0.309308
v -0.124625 0.298142 0.469160
v 0.047986 0.288198 0.462992
v 0.064094 0.243778 0.504921
v 0.084892 0.272194 0.463339
v 0.034847 0.079719 0.663530
v 0.058436 0.102437 0.635839
v -0.063662 0.082828 0.678381
v -0.088911 0.109304 0.651600
v 0.067856 0.061253 0.665865
v -0.095569 0.063435 0.685062
v -0.015355 -0.416451 -0.350085
v 0.014417 -0.412617 -0.349940
v -0.084834 -0.280294 -0.424250
v -0.096790 -0.224232 -0.473352
v 0.002060 -0.468118 -0.317097
v -0.123118 -0.265698 -0.430182
v 0.078986 -0.281605 -0.426242
v 0.082241 -0.228166 -0.471625
v 0.112356 -0.268085 -0.428837
v 0.018844 -0.071490 -0.650511
v 0.043625 -0.091202 -0.628237
v -0.065740 -0.063923 -0.668125
v -0.086840 -0.081501 -0.636825
v 0.049877 -0.055262 -0.653056
v -0.095861 -0.048723 -0.669589
v -0.042110 0.626870 -0.587360
v 0.020695 0.627887 -0.596602
v -0.194049 0.489960 -0.646603
v -0.204240 0.418960 -0.670891
v -0.007184 0.670662 -0.544245
v -0.234080 0.462566 -0.628356
v 0.177801 0.491651 -0.660304
v 0.183844 0.425936 -0.682797
v 0.227640 0.464821 -0.646358
v 0.064399 0.212111 -0.789562
v 0.114917 0.241602 -0.795914
v -0.144181 0.184514 -0.817546
v -0.176202 0.201516 -0.804541
v 0.116890 0.188955 -0.796409
v -0.175276 0.168314 -0.796880
v 0.575622 0.068701 -0.338835
v 0.544187 0.067492 -0.396789
v 0.681658 0.034431 -0.175789
v 0.703955 0.020193 -0.153780
v 0.526865 0.118563 -0.374677
v 0.692665 0.041000 -0.125118
v 0.562805 -0.057141 -0.324364
v 0.535578 -0.055510 -0.385416
v 0.672760 -0.036805 -0.170887
v 0.699580 -0.022340 -0.151536
v 0.507911 -0.094092 -0.348357
v 0.687003 -0.046545 -0.122175
v 0.469401 0.010217 -0.512117
v 0.471403 0.029970 -0.517812
v 0.419589 0.021724 -0.552569
v 0.554339 0.048450 0.322512
v 0.522791 0.038212 0.377488
v 0.680260 0.013017 0.179701
v 0.701471 0.005746 0.163989
v 0.498864 0.074783 0.340229
v 0.697460 0.006005 0.135888
v 0.540361 -0.071001 0.322614
v 0.509405 -0.060619 0.375588
v 0.678217 -0.013264 0.176719
v 0.702187 -0.014806 0.156050
v 0.490027 -0.116064 0.352194
v 0.696092 -0.006078 0.131446
v 0.462972 0.008966 0.516954
v 0.464983 0.008577 0.517127
v 0.419434 0.010613 0.558621
v -0.523314 0.058100 -0.342120
v -0.507535 0.060523 -0.405637
v -0.647512 0.010482 -0.168870
v -0.677906 0.005670 -0.144272
v -0.479351 0.103344 -0.377191
v -0.668743 0.008085 -0.114093
v -0.524293 -0.039510 -0.324307
v -0.507593 -0.033121 -0.384594
v -0.639572 -0.008038 -0.165548
v -0.668215 -0.003360 -0.140523
v -0.481263 -0.067760 -0.345641
v -0.663165 -0.003149 -0.107262
v -0.466017 0.007312 -0.532920
v -0.464831 0.019632 -0.533720
v -0.418468 0.016384 -0.566863
v -0.557430 0.062839 0.339249
v -0.535125 0.060750 0.397996
v -0.661309 0.014123 0.198586
v -0.685483 0.002063 0.181739
v -0.509716 0.094779 0.363538
v -0.676705 0.011904 0.160391
v -0.550488 -0.075699 0.338032
v -0.528173 -0.073820 0.395678
v -0.656842 -0.011334 0.196172
v -0.684405 0.004041 0.179250
v -0.503571 -0.116183 0.367356
v -0.672078 -0.005206 0.157644
v -0.484855 -0.008936 0.535113
v -0.483880 0.010780 0.535418
v -0.431497 -0.001271 0.569634
v 0.009506 0.564705 0.053250
v 0.018832 0.568256 0.048017
v 0.007071 0.537564 0.097331
v 0.007389 0.616965 -0.235250
v 0.033930 0.615147 -0.241171
v 0.015948 0.646845 -0.310629
v -0.311226 0.322912 0.287784
v -0.280451 0.304640 0.343236
v -0.342980 0.269887 0.330476
v -0.359832 0.418360 -0.358525
v -0.343217 0.412287 -0.413424
v -0.363554 0.341477 -0.386928
v -0.597140 0.082853 0.042903
v -0.642794 0.029323 0.031295
v -0.636808 0.042296 0.061042
v 0.295036 0.287748 0.252028
v 0.265807 0.269283 0.314999
v 0.326498 0.235790 0.296312
v 0.389071 0.425693 -0.365504
v 0.376346 0.422669 -0.429985
v 0.398825 0.351225 -0.396915
v 0.616610 0.119458 0.010003
v 0.653982 0.083314 0.000399
v 0.650619 0.080730 0.027710
v 0.016447 -0.603569 0.224178
v 0.038223 -0.602226 0.224436
v 0.022847 -0.603957 0.292827
v -0.023644 -0.636117 -0.122688
v 0.037426 -0.637133 -0.127449
v 0.004698 -0.621860 -0.171250
v -0.365506 -0.404230 0.384011
v -0.348971 -0.406597 0.448836
v -0.381661 -0.342203 0.401753
v -0.303161 -0.312140 -0.274450
v -0.273555 -0.285827 -0.323530
v -0.319111 -0.244422 -0.304883
v -0.589079 -0.082671 0.050536
v -0.633524 -0.036712 0.033125
v -0.630960 -0.045740 0.063885
v 0.372809 -0.415499 0.372583
v 0.357859 -0.413305 0.439798
v 0.381741 -0.351739 0.388303
v 0.318430 -0.329614 -0.283373
v 0.284479 -0.301710 -0.334092
v 0.336830 -0.266472 -0.317755
v 0.619732 -0.139686 0.017594
v 0.652218 -0.101536 0.000853
v 0.649781 -0.095716 0.029200
v 0.155265 -0.019566 0.701222
v 0.155288 -0.002170 0.700083
v 0.203443 -0.008693 0.680117
v -0.184129 -0.019300 0.704869
v -0.181295 0.003777 0.705638
v -0.225305 -0.003955 0.684404
v 0.173276 0.025702 -0.685808
v 0.187856 0.051810 -0.715219
v 0.227294 0.036114 -0.678441
v -0.208204 0.031618 -0.692575
v -0.220608 0.055750 -0.709837
v -0.250936 0.037963 -0.682300
f 1 647 644
f 1 644 643
f 1 643 645
f 1 645 646
f 1 646 647
f 2 649 652
f 6 672 670
f 12 702 699
f 11 696 695
f 8 679 681
f 4 662 659
f 4 659 658
f 4 658 660
f 4 660 661
f 4 661 662
f 5 666 665
f 3 654 657
f 7 673 677
f 9 685 686
f 10 692 688
f 12 701 698
f 6 669 668
f 2 650 648
f 8 682 678
f 11 697 693
f 6 671 669
f 12 700 701
f 11 694 697
f 8 680 682
f 2 651 650
f 10 690 689
f 5 663 664
f 3 655 653
f 7 676 674
f 9 687 684
f 10 691 690
f 5 667 663
f 3 656 655
f 7 675 676
f 9 683 687
f 6 668 672
f 2 648 649
f 8 678 679
f 11 693 696
f 12 698 702
f 10 688 691
f 5 665 667
f 3 657 656
f 7 677 675
f 9 686 683
f 5 664 666
f 3 653 654
f 7 674 673
f 9 684 685
f 10 689 692
f 6 670 671
f 12 699 700
f 11 695 694
f 8 681 680
f 2 652 651
f 35 837 838
f 18 735 736
f 19 742 741
f 40 868 867
f 42 880 879
f 34 832 831
f 33 827 828
f 25 778 780
f 36 844 846
f 20 749 747
f 32 819 820
f 23 765 767
f 24 773 771
f 37 850 849
f 41 876 875
f 34 833 834
f 33 826 825
f 25 779 777
f 36 845 843
f 20 748 750
f 17 729 727
f 14 711 709
f 13 706 703
f 15 718 715
f 16 724 721
f 18 737 733
f 35 839 835
f 42 882 878
f 40 870 866
f 19 744 740
f 30 807 805
f 27 789 787
f 22 762 758
f 28 797 793
f 29 802 799
f 32 821 817
f 23 766 763
f 24 774 770
f 37 852 848
f 41 874 872
f 35 838 836
f 18 736 734
f 19 741 739
f 40 867 865
f 42 879 877
f 34 831 829
f 33 828 824
f 25 780 776
f 36 846 842
f 20 747 745
f 32 820 818
f 23 767 764
f 24 771 769
f 37 849 847
f 41 875 871
f 34 834 830
f 33 825 823
f 25 777 775
f 36 843 841
f 20 750 746
f 14 714 710
f 13 707 704
f 15 719 716
f 16 725 722
f 17 732 728
f 21 755 752
f 31 814 811
f 26 784 781
f 38 857 853
f 39 862 860
f 27 792 788
f 22 759 757
f 28 796 794
f 29 803 800
f 30 810 806
f 31 815 812
f 26 785 782
f 38 856 854
f 39 863 859
f 21 754 751
f 14 712 714
f 13 705 707
f 15 717 719
f 16 723 725
f 17 730 732
f 21 753 755
f 31 816 814
f 26 786 784
f 38 858 857
f 39 861 862
f 27 791 792
f 22 761 759
f 28 795 796
f 29 801 803
f 30 808 810
f 31 813 815
f 26 783 785
f 38 855 856
f 39 864 863
f 21 756 754
f 14 709 712
f 13 703 705
f 15 715 717
f 16 721 723
f 17 727 730
f 21 751 753
f 31 812 816
f 26 782 786
f 38 854 858
f 39 859 861
f 27 787 791
f 22 758 761
f 28 793 795
f 29 799 801
f 30 805 808
f 31 811 813
f 26 781 783
f 38 853 855
f 39 860 864
f 21 752 756
f 17 728 731
f 14 710 713
f 13 704 708
f 15 716 720
f 16 722 726
f 18 734 738
f 35 836 840
f 42 877 881
f 40 865 869
f 19 739 743
f 30 806 809
f 27 788 790
f 22 757 760
f 28 794 798
f 29 800 804
f 32 818 822
f 23 764 768
f 24 769 772
f 37 847 851
f 41 871 873
f 35 835 837
f 18 733 735
f 19 740 742
f 40 866 868
f 42 878 880
f 34 830 832
f 33 823 827
f 25 775 778
f 36 841 844
f 20 746 749
f 32 817 819
f 23 763 765
f 24 770 773
f 37 848 850
f 41 872 876
f 34 829 833
f 33 824 826
f 25 776 779
f 36 842 845
f 20 745 748
f 17 731 729
f 14 713 711
f 13 708 706
f 15 720 718
f 16 726 724
f 18 738 737
f 35 840 839
f 42 881 882
f 40 869 870
f 19 743 744
f 30 809 807
f 27 790 789
f 22 760 762
f 28 798 797
f 29 804 802
f 32 822 821
f 23 768 766
f 24 772 774
f 37 851 852
f 41 873 874
f 107 1269 1270
f 103 1245 1246
f 104 1252 1251
f 110 1288 1287
f 113 1306 1305
f 118 1336 1335
f 154 1551 1552
f 141 1473 1474
f 162 1599 1600
f 121 1354 1353
f 142 1479 1480
f 129 1401 1402
f 130 1408 1407
f 144 1492 1491
f 146 1504 1503
f 151 1533 1534
f 131 1414 1413
f 136 1444 1443
f 161 1594 1593
f 126 1383 1384
f 116 1323 1324
f 108 1275 1276
f 106 1263 1264
f 112 1299 1300
f 115 1317 1318
f 119 1341 1342
f 156 1564 1563
f 139 1462 1461
f 160 1588 1587
f 120 1347 1348
f 149 1521 1522
f 132 1420 1419
f 128 1395 1396
f 145 1497 1498
f 148 1515 1516
f 155 1557 1558
f 133 1425 1426
f 134 1431 1432
f 157 1570 1569
f 124 1372 1371
f 109 1282 1281
f 105 1258 1257
f 111 1294 1293
f 114 1312 1311
f 117 1330 1329
f 125 1378 1377
f 152 1540 1539
f 137 1449 1450
f 158 1575 1576
f 123 1365 1366
f 143 1486 1485
f 127 1390 1389
f 135 1437 1438
f 147 1510 1509
f 150 1528 1527
f 153 1546 1545
f 140 1468 1467
f 138 1455 1456
f 159 1581 1582
f 122 1359 1360
f 107 1272 1271
f 103 1248 1247
f 104 1253 1254
f 110 1289 1290
f 113 1307 1308
f 118 1337 1338
f 154 1554 1553
f 141 1476 1475
f 162 1602 1601
f 121 1355 1356
f 142 1482 1481
f 129 1404 1403
f 130 1409 1410
f 144 1493 1494
f 146 1505 1506
f 151 1536 1535
f 131 1415 1416
f 136 1445 1446
f 161 1595 1596
f 126 1386 1385
f 47 909 907
f 44 891 889
f 43 886 883
f 45 898 895
f 46 904 901
f 49 922 919
f 72 1060 1057
f 102 1240 1237
f 96 1204 1201
f 79 1102 1099
f 62 999 997
f 59 981 979
f 58 976 973
f 60 988 985
f 61 994 991
f 66 1024 1021
f 54 952 949
f 73 1066 1063
f 85 1138 1135
f 92 1179 1177
f 101 1233 1231
f 69 1041 1039
f 50 927 925
f 82 1119 1117
f 97 1209 1207
f 71 1053 1051
f 100 1228 1225
f 94 1192 1189
f 80 1108 1105
f 51 933 931
f 90 1167 1165
f 63 1005 1003
f 55 957 955
f 76 1083 1081
f 87 1150 1147
f 91 1174 1171
f 67 1029 1027
f 56 963 961
f 75 1077 1075
f 83 1126 1123
f 68 1036 1033
f 48 915 913
f 78 1095 1093
f 93 1185 1183
f 98 1216 1213
f 88 1155 1153
f 65 1018 1015
f 57 970 967
f 77 1090 1087
f 86 1143 1141
f 64 1012 1009
f 53 945 943
f 74 1071 1069
f 84 1131 1129
f 89 1162 1159
f 70 1047 1045
f 99 1221 1219
f 95 1197 1195
f 81 1114 1111
f 52 940 937
f 109 1284 1280
f 105 1260 1256
f 111 1296 1292
f 114 1314 1310
f 117 1332 1328
f 125 1380 1376
f 152 1542 1538
f 137 1451 1447
f 158 1577 1573
f 123 1367 1363
f 143 1488 1484
f 127 1392 1388
f 135 1439 1435
f 147 1512 1508
f 150 1530 1526
f 153 1548 1544
f 140 1470 1466
f 138 1457 1453
f 159 1583 1579
f 122 1361 1357
f 107 1270 1268
f 103 1246 1244
f 104 1251 1249
f 110 1287 1285
f 113 1305 1303
f 118 1335 1333
f 154 1552 1550
f 141 1474 1472
f 162 1600 1598
f 121 1353 1351
f 142 1480 1478
f 129 1402 1400
f 130 1407 1405
f 144 1491 1489
f 146 1503 1501
f 151 1534 1532
f 131 1413 1411
f 136 1443 1441
f 161 1593 1591
f 126 1384 1382
f 116 1324 1322
f 108 1276 1274
f 106 1264 1262
f 112 1300 1298
f 115 1318 1316
f 119 1342 1340
f 156 1563 1561
f 139 1461 1459
f 160 1587 1585
f 120 1348 1346
f 149 1522 1520
f 132 1419 1417
f 128 1396 1394
f 145 1498 1496
f 148 1516 1514
f 155 1558 1556
f 133 1426 1424
f 134 1432 1430
f 157 1569 1567
f 124 1371 1369
f 109 1281 1279
f 105 1257 1255
f 111 1293 1291
f 114 1311 1309
f 117 1329 1327
f 125 1377 1375
f 152 1539 1537
f 137 1450 1448
f 158 1576 1574
f 123 1366 1364
f 143 1485 1483
f 127 1389 1387
f 135 1438 1436
f 147 1509 1507
f 150 1527 1525
f 153 1545 1543
f 140 1467 1465
f 138 1456 1454
f 159 1582 1580
f 122 1360 1358
f 107 1271 1267
f 103 1247 1243
f 104 1254 1250
f 110 1290 1286
f 113 1308 1304
f 118 1338 1334
f 154 1553 1549
f 141 1475 1471
f 162 1601 1597
f 121 1356 1352
f 142 1481 1477
f 129 1403 1399
f 130 1410 1406
f 144 1494 1490
f 146 1506 1502
f 151 1535 1531
f 131 1416 1412
f 136 1446 1442
f 161 1596 1592
f 126 1385 1381
f 44 894 890
f 43 887 884
f 45 899 896
f 46 905 902
f 47 912 908
f 52 941 938
f 70 1050 1046
f 99 1224 1220
f 95 1200 1196
f 81 1115 1112
f 59 984 980
f 58 977 974
f 60 989 986
f 61 995 992
f 62 1002 998
f 65 1019 1016
f 57 971 968
f 77 1091 1088
f 86 1146 1142
f 88 1158 1154
f 98 1217 1214
f 68 1037 1034
f 48 918 914
f 78 1098 1094
f 93 1188 1184
f 69 1044 1040
f 101 1236 1232
f 97 1212 1208
f 82 1122 1118
f 50 930 926
f 89 1163 1160
f 64 1013 1010
f 53 948 944
f 74 1074 1070
f 84 1134 1130
f 90 1170 1166
f 63 1008 1004
f 55 960 956
f 76 1086 1082
f 87 1151 1148
f 72 1061 1058
f 49 923 920
f 79 1103 1100
f 96 1205 1202
f 102 1241 1238
f 91 1175 1172
f 67 1032 1028
f 56 966 962
f 75 1080 1076
f 83 1127 1124
f 66 1025 1022
f 54 953 950
f 73 1067 1064
f 85 1139 1136
f 92 1182 1178
f 71 1056 1052
f 100 1229 1226
f 94 1193 1190
f 80 1109 1106
f 51 936 932
f 116 1325 1321
f 108 1277 1273
f 106 1265 1261
f 112 1301 1297
f 115 1319 1315
f 119 1343 1339
f 156 1566 1562
f 139 1464 1460
f 160 1590 1586
f 120 1349 1345
f 149 1523 1519
f 132 1422 1418
f 128 1397 1393
f 145 1499 1495
f 148 1517 1513
f 155 1559 1555
f 133 1427 1423
f 134 1433 1429
f 157 1572 1568
f 124 1374 1370
f 44 892 894
f 43 885 887
f 45 897 899
f 46 903 905
f 47 910 912
f 52 939 941
f 70 1048 1050
f 99 1222 1224
f 95 1198 1200
f 81 1113 1115
f 59 982 984
f 58 975 977
f 60 987 989
f 61 993 995
f 62 1000 1002
f 65 1017 1019
f 57 969 971
f 77 1089 1091
f 86 1144 1146
f 88 1156 1158
f 98 1215 1217
f 68 1035 1037
f 48 916 918
f 78 1096 1098
f 93 1186 1188
f 69 1042 1044
f 101 1234 1236
f 97 1210 1212
f 82 1120 1122
f 50 928 930
f 89 1161 1163
f 64 1011 1013
f 53 946 948
f 74 1072 1074
f 84 1132 1134
f 90 1168 1170
f 63 1006 1008
f 55 958 960
f 76 1084 1086
f 87 1149 1151
f 72 1059 1061
f 49 921 923
f 79 1101 1103
f 96 1203 1205
f 102 1239 1241
f 91 1173 1175
f 67 1030 1032
f 56 964 966
f 75 1078 1080
f 83 1125 1127
f 66 1023 1025
f 54 951 953
f 73 1065 1067
f 85 1137 1139
f 92 1180 1182
f 71 1054 1056
f 100 1227 1229
f 94 1191 1193
f 80 1107 1109
f 51 934 936
f 116 1326 1325
f 108 1278 1277
f 106 1266 1265
f 112 1302 1301
f 115 1320 1319
f 119 1344 1343
f 156 1565 1566
f 139 1463 1464
f 160 1589 1590
f 120 1350 1349
f 149 1524 1523
f 132 1421 1422
f 128 1398 1397
f 145 1500 1499
f 148 1518 1517
f 155 1560 1559
f 133 1428 1427
f 134 1434 1433
f 157 1571 1572
f 124 1373 1374
f 44 889 892
f 43 883 885
f 45 895 897
f 46 901 903
f 47 907 910
f 52 937 939
f 70 1045 1048
f 99 1219 1222
f 95 1195 1198
f 81 1111 1113
f 59 979 982
f 58 973 975
f 60 985 987
f 61 991 993
f 62 997 1000
f 65 1015 1017
f 57 967 969
f 77 1087 1089
f 86 1141 1144
f 88 1153 1156
f 98 1213 1215
f 68 1033 1035
f 48 913 916
f 78 1093 1096
f 93 1183 1186
f 69 1039 1042
f 101 1231 1234
f 97 1207 1210
f 82 1117 1120
f 50 925 928
f 89 1159 1161
f 64 1009 1011
f 53 943 946
f 74 1069 1072
f 84 1129 1132
f 90 1165 1168
f 63 1003 1006
f 55 955 958
f 76 1081 1084
f 87 1147 1149
f 72 1057 1059
f 49 919 921
f 79 1099 1101
f 96 1201 1203
f 102 1237 1239
f 91 1171 1173
f 67 1027 1030
f 56 961 964
f 75 1075 1078
f 83 1123 1125
f 66 1021 1023
f 54 949 951
f 73 1063 1065
f 85 1135 1137
f 92 1177 1180
f 71 1051 1054
f 100 1225 1227
f 94 1189 1191
f 80 1105 1107
f 51 931 934
f 116 1322 1326
f 108 1274 1278
f 106 1262 1266
f 112 1298 1302
f 115 1316 1320
f 119 1340 1344
f 156 1561 1565
f 139 1459 1463
f 160 1585 1589
f 120 1346 1350
f 149 1520 1524
f 132 1417 1421
f 128 1394 1398
f 145 1496 1500
f 148 1514 1518
f 155 1556 1560
f 133 1424 1428
f 134 1430 1434
f 157 1567 1571
f 124 1369 1373
f 47 908 911
f 44 890 893
f 43 884 888
f 45 896 900
f 46 902 906
f 49 920 924
f 72 1058 1062
f 102 1238 1242
f 96 1202 1206
f 79 1100 1104
f 62 998 1001
f 59 980 983
f 58 974 978
f 60 986 990
f 61 992 996
f 66 1022 1026
f 54 950 954
f 73 1064 1068
f 85 1136 1140
f 92 1178 1181
f 101 1232 1235
f 69 1040 1043
f 50 926 929
f 82 1118 1121
f 97 1208 1211
f 71 1052 1055
f 100 1226 1230
f 94 1190 1194
f 80 1106 1110
f 51 932 935
f 90 1166 1169
f 63 1004 1007
f 55 956 959
f 76 1082 1085
f 87 1148 1152
f 91 1172 1176
f 67 1028 1031
f 56 962 965
f 75 1076 1079
f 83 1124 1128
f 68 1034 1038
f 48 914 917
f 78 1094 1097
f 93 1184 1187
f 98 1214 1218
f 88 1154 1157
f 65 1016 1020
f 57 968 972
f 77 1088 1092
f 86 1142 1145
f 64 1010 1014
f 53 944 947
f 74 1070 1073
f 84 1130 1133
f 89 1160 1164
f 70 1046 1049
f 99 1220 1223
f 95 1196 1199
f 81 1112 1116
f 52 938 942
f 109 1279 1283
f 105 1255 1259
f 111 1291 1295
f 114 1309 1313
f 117 1327 1331
f 125 1375 1379
f 152 1537 1541
f 137 1448 1452
f 158 1574 1578
f 123 1364 1368
f 143 1483 1487
f 127 1387 1391
f 135 1436 1440
f 147 1507 1511
f 150 1525 1529
f 153 1543 1547
f 140 1465 1469
f 138 1454 1458
f 159 1580 1584
f 122 1358 1362
f 107 1267 1269
f 103 1243 1245
f 104 1250 1252
f 110 1286 1288
f 113 1304 1306
f 118 1334 1336
f 154 1549 1551
f 141 1471 1473
f 162 1597 1599
f 121 1352 1354
f 142 1477 1479
f 129 1399 1401
f 130 1406 1408
f 144 1490 1492
f 146 1502 1504
f 151 1531 1533
f 131 1412 1414
f 136 1442 1444
f 161 1592 1594
f 126 1381 1383
f 116 1321 1323
f 108 1273 1275
f 106 1261 1263
f 112 1297 1299
f 115 1315 1317
f 119 1339 1341
f 156 1562 1564
f 139 1460 1462
f 160 1586 1588
f 120 1345 1347
f 149 1519 1521
f 132 1418 1420
f 128 1393 1395
f 145 1495 1497
f 148 1513 1515
f 155 1555 1557
f 133 1423 1425
f 134 1429 1431
f 157 1568 1570
f 124 1370 1372
f 109 1280 1282
f 105 1256 1258
f 111 1292 1294
f 114 1310 1312
f 117 1328 1330
f 125 1376 1378
f 152 1538 1540
f 137 1447 1449
f 158 1573 1575
f 123 1363 1365
f 143 1484 1486
f 127 1388 1390
f 135 1435 1437
f 147 1508 1510
f 150 1526 1528
f 153 1544 1546
f 140 1466 1468
f 138 1453 1455
f 159 1579 1581
f 122 1357 1359
f 107 1268 1272
f 103 1244 1248
f 104 1249 1253
f 110 1285 1289
f 113 1303 1307
f 118 1333 1337
f 154 1550 1554
f 141 1472 1476
f 162 1598 1602
f 121 1351 1355
f 142 1478 1482
f 129 1400 1404
f 130 1405 1409
f 144 1489 1493
f 146 1501 1505
f 151 1532 1536
f 131 1411 1415
f 136 1441 1445
f 161 1591 1595
f 126 1382 1386
f 47 911 909
f 44 893 891
f 43 888 886
f 45 900 898
f 46 906 904
f 49 924 922
f 72 1062 1060
f 102 1242 1240
f 96 1206 1204
f 79 1104 1102
f 62 1001 999
f 59 983 981
f 58 978 976
f 60 990 988
f 61 996 994
f 66 1026 1024
f 54 954 952
f 73 1068 1066
f 85 1140 1138
f 92 1181 1179
f 101 1235 1233
f 69 1043 1041
f 50 929 927
f 82 1121 1119
f 97 1211 1209
f 71 1055 1053
f 100 1230 1228
f 94 1194 1192
f 80 1110 1108
f 51 935 933
f 90 1169 1167
f 63 1007 1005
f 55 959 957
f 76 1085 1083
f 87 1152 1150
f 91 1176 1174
f 67 1031 1029
f 56 965 963
f 75 1079 1077
f 83 1128 1126
f 68 1038 1036
f 48 917 915
f 78 1097 1095
f 93 1187 1185
f 98 1218 1216
f 88 1157 1155
f 65 1020 1018
f 57 972 970
f 77 1092 1090
f 86 1145 1143
f 64 1014 1012
f 53 947 945
f 74 1073 1071
f 84 1133 1131
f 89 1164 1162
f 70 1049 1047
f 99 1223 1221
f 95 1199 1197
f 81 1116 1114
f 52 942 940
f 109 1283 1284
f 105 1259 1260
f 111 1295 1296
f 114 1313 1314
f 117 1331 1332
f 125 1379 1380
f 152 1541 1542
f 137 1452 1451
f 158 1578 1577
f 123 1368 1367
f 143 1487 1488
f 127 1391 1392
f 135 1440 1439
f 147 1511 1512
f 150 1529 1530
f 153 1547 1548
f 140 1469 1470
f 138 1458 1457
f 159 1584 1583
f 122 1362 1361
f 407 1609 1616
f 403 1605 1608
f 404 1611 1606
f 410 1614 1612
f 413 1617 1615
f 422 1631 1624
f 486 1688 1692
f 573 1775 1782
f 561 1763 1765
f 512 1719 1714
f 452 1654 1661
f 448 1650 1653
f 449 1656 1651
f 455 1659 1657
f 458 1662 1660
f 470 1672 1675
f 437 1646 1639
f 494 1706 1696
f 531 1735 1733
f 539 1741 1751
f 568 1770 1779
f 478 1680 1683
f 419 1621 1626
f 509 1711 1721
f 554 1756 1766
f 482 1684 1689
f 576 1780 1778
f 558 1767 1760
f 516 1722 1718
f 425 1627 1629
f 542 1744 1747
f 463 1668 1665
f 434 1636 1641
f 497 1699 1704
f 528 1730 1737
f 546 1748 1750
f 464 1666 1676
f 440 1642 1644
f 500 1705 1702
f 524 1736 1726
f 479 1691 1681
f 418 1623 1620
f 508 1713 1710
f 553 1764 1755
f 569 1781 1771
f 538 1749 1740
f 471 1677 1673
f 443 1645 1647
f 501 1703 1707
f 523 1725 1734
f 467 1674 1669
f 433 1638 1635
f 493 1695 1698
f 527 1732 1729
f 543 1752 1745
f 485 1690 1687
f 572 1777 1774
f 557 1759 1762
f 515 1717 1720
f 428 1630 1632
f 591 2191 2189
f 587 1885 1883
f 588 1901 1903
f 594 2279 2281
f 597 2315 2317
f 600 2171 2173
f 634 2160 2158
f 619 2016 2012
f 639 2214 2210
f 602 1919 1924
f 624 2137 2135
f 608 1978 1973
f 610 1991 1996
f 627 2225 2227
f 630 2302 2304
f 635 2178 2176
f 615 2153 2155
f 617 2009 2014
f 637 2207 2212
f 604 1926 1922
f 416 1857 1864
f 408 1803 1810
f 406 1786 1795
f 412 1822 1831
f 415 1840 1849
f 424 1876 1887
f 492 2182 2193
f 582 2312 2321
f 565 2276 2285
f 514 1898 1907
f 461 2091 2098
f 453 2037 2044
f 451 1952 1961
f 457 2056 2067
f 460 2074 2083
f 475 2128 2139
f 439 1966 1975
f 496 1988 1997
f 533 2222 2231
f 551 2293 2298
f 579 2185 2190
f 483 1879 1884
f 426 1893 1900
f 521 2271 2278
f 566 2307 2314
f 489 2163 2170
f 578 2150 2159
f 560 2006 2015
f 518 2204 2213
f 429 1911 1918
f 547 2131 2136
f 465 1969 1977
f 441 1983 1990
f 504 2217 2224
f 537 2290 2301
f 550 2168 2177
f 476 2145 2152
f 444 2001 2008
f 502 2199 2206
f 526 1916 1925
f 481 1808 1817
f 420 1789 1797
f 510 1825 1833
f 555 1843 1851
f 571 1862 1871
f 540 1933 1941
f 473 2110 2119
f 447 2020 2029
f 507 2236 2247
f 534 2257 2262
f 469 2042 2051
f 435 1947 1954
f 498 2059 2064
f 529 2077 2085
f 545 2096 2105
f 487 2113 2121
f 574 2023 2031
f 562 2239 2244
f 520 2254 2265
f 432 1930 1939
f 589 1818 1814
f 583 1798 1793
f 586 1834 1829
f 593 1852 1847
f 596 1872 1868
f 599 1942 1937
f 633 2120 2124
f 620 2030 2034
f 640 2248 2250
f 603 2263 2261
f 622 2052 2050
f 607 1955 1960
f 612 2065 2063
f 626 2086 2081
f 629 2106 2102
f 631 2122 2117
f 614 2032 2027
f 618 2245 2243
f 641 2266 2268
f 605 1940 1944
f 409 1813 1804
f 405 1792 1785
f 411 1828 1821
f 414 1846 1839
f 417 1867 1858
f 431 1936 1929
f 488 2123 2114
f 575 2033 2024
f 563 2249 2240
f 519 2260 2253
f 454 2049 2038
f 450 1959 1951
f 456 2062 2055
f 459 2080 2073
f 462 2101 2092
f 472 2116 2109
f 446 2026 2019
f 506 2242 2235
f 535 2267 2258
f 541 1943 1934
f 570 1869 1861
f 480 1815 1807
f 421 1799 1790
f 511 1835 1826
f 556 1853 1844
f 484 1889 1880
f 580 2195 2186
f 567 2319 2308
f 522 2283 2272
f 427 1905 1894
f 544 2103 2095
f 468 2046 2041
f 436 1957 1948
f 499 2069 2060
f 530 2087 2078
f 548 2141 2132
f 466 1979 1970
f 442 1993 1984
f 505 2229 2218
f 536 2296 2289
f 491 2188 2181
f 423 1882 1875
f 513 1902 1897
f 564 2280 2275
f 581 2316 2311
f 549 2172 2167
f 477 2157 2146
f 445 2011 2002
f 503 2209 2200
f 525 1923 1915
f 474 2134 2127
f 438 1972 1965
f 495 1995 1987
f 532 2226 2221
f 552 2303 2294
f 490 2175 2164
f 577 2154 2149
f 559 2013 2005
f 517 2211 2203
f 430 1921 1912
f 590 1865 1870
f 584 1811 1816
f 585 1796 1800
f 592 1832 1836
f 595 1850 1854
f 598 1888 1890
f 636 2194 2196
f 621 2322 2320
f 642 2286 2284
f 601 1908 1906
f 623 2099 2104
f 611 2045 2047
f 609 1962 1958
f 625 2068 2070
f 628 2084 2088
f 632 2140 2142
f 613 1976 1980
f 616 1998 1994
f 638 2232 2230
f 606 2299 2297
f 407 2330 2329
f 403 2324 2323
f 404 2325 2326
f 410 2332 2333
f 413 2335 2336
f 422 2344 2345
f 486 2410 2409
f 573 2497 2496
f 561 2486 2485
f 512 2434 2435
f 452 2375 2374
f 448 2369 2368
f 449 2370 2371
f 455 2377 2378
f 458 2380 2381
f 470 2393 2392
f 437 2359 2360
f 494 2415 2416
f 531 2455 2456
f 539 2461 2460
f 568 2489 2488
f 478 2399 2398
f 419 2341 2340
f 509 2431 2430
f 554 2476 2475
f 482 2405 2404
f 576 2500 2501
f 558 2481 2482
f 516 2439 2440
f 425 2348 2347
f 542 2465 2464
f 463 2383 2384
f 434 2356 2355
f 497 2420 2419
f 528 2452 2451
f 546 2471 2470
f 464 2386 2385
f 440 2363 2362
f 500 2422 2423
f 524 2445 2446
f 479 2400 2401
f 418 2338 2339
f 508 2428 2429
f 553 2473 2474
f 569 2490 2491
f 538 2458 2459
f 471 2394 2395
f 443 2366 2365
f 501 2425 2424
f 523 2444 2443
f 467 2389 2390
f 433 2353 2354
f 493 2414 2413
f 527 2449 2450
f 543 2466 2467
f 485 2407 2408
f 572 2494 2495
f 557 2480 2479
f 515 2438 2437
f 428 2351 2350
f 591 2510 2511
f 587 2504 2505
f 588 2508 2507
f 594 2514 2513
f 597 2517 2516
f 600 2520 2519
f 634 2554 2556
f 619 2539 2540
f 639 2560 2561
f 602 2523 2521
f 624 2543 2544
f 608 2527 2529
f 610 2532 2530
f 627 2547 2546
f 630 2550 2549
f 635 2552 2553
f 615 2535 2534
f 617 2538 2536
f 637 2558 2557
f 604 2524 2525
f 167 1607 647
f 164 1603 644
f 163 1604 643
f 165 1610 645
f 166 1613 646
f 169 1622 649
f 192 1686 672
f 222 1773 702
f 216 1761 696
f 199 1712 679
f 182 1652 662
f 179 1648 659
f 178 1649 658
f 180 1655 660
f 181 1658 661
f 186 1670 666
f 174 1637 654
f 193 1694 673
f 205 1731 685
f 212 1739 692
f 221 1768 701
f 189 1678 669
f 170 1619 650
f 202 1709 682
f 217 1754 697
f 191 1682 671
f 220 1776 700
f 214 1758 694
f 200 1716 680
f 171 1625 651
f 210 1742 690
f 183 1663 663
f 175 1634 655
f 196 1697 676
f 207 1728 687
f 211 1746 691
f 187 1664 667
f 176 1640 656
f 195 1700 675
f 203 1724 683
f 188 1679 668
f 168 1618 648
f 198 1708 678
f 213 1753 693
f 218 1769 698
f 208 1738 688
f 185 1671 665
f 177 1643 657
f 197 1701 677
f 206 1723 686
f 184 1667 664
f 173 1633 653
f 194 1693 674
f 204 1727 684
f 209 1743 689
f 190 1685 670
f 219 1772 699
f 215 1757 695
f 201 1715 681
f 172 1628 652
f 357 2187 837
f 255 1881 735
f 262 1899 742
f 388 2277 868
f 400 2313 880
f 352 2169 832
f 347 2156 827
f 298 2010 778
f 364 2208 844
f 269 1917 749
f 339 2133 819
f 285 1971 765
f 293 1989 773
f 370 2223 850
f 396 2300 876
f 353 2174 833
f 346 2151 826
f 299 2007 779
f 365 2205 845
f 268 1920 748
f 249 1855 729
f 231 1801 711
f 226 1784 706
f 238 1820 718
f 244 1838 724
f 257 1874 737
f 359 2180 839
f 402 2310 882
f 390 2274 870
f 264 1896 744
f 327 2089 807
f 309 2035 789
f 282 1950 762
f 317 2054 797
f 322 2072 802
f 341 2126 821
f 286 1964 766
f 294 1986 774
f 372 2220 852
f 394 2291 874
f 358 2183 838
f 256 1877 736
f 261 1891 741
f 387 2269 867
f 399 2305 879
f 351 2161 831
f 348 2148 828
f 300 2004 780
f 366 2202 846
f 267 1909 747
f 340 2129 820
f 287 1967 767
f 291 1981 771
f 369 2215 849
f 395 2288 875
f 354 2166 834
f 345 2143 825
f 297 1999 777
f 363 2197 843
f 270 1914 750
f 234 1806 714
f 227 1787 707
f 239 1823 719
f 245 1841 725
f 252 1860 732
f 275 1931 755
f 334 2108 814
f 304 2018 784
f 377 2234 857
f 382 2255 862
f 312 2040 792
f 279 1945 759
f 316 2057 796
f 323 2075 803
f 330 2094 810
f 335 2111 815
f 305 2021 785
f 376 2237 856
f 383 2252 863
f 274 1928 754
f 232 1812 712
f 225 1791 705
f 237 1827 717
f 243 1845 723
f 250 1866 730
f 273 1935 753
f 336 2118 816
f 306 2028 786
f 378 2246 858
f 381 2259 861
f 311 2048 791
f 281 1953 761
f 315 2061 795
f 321 2079 801
f 328 2100 808
f 333 2115 813
f 303 2025 783
f 375 2241 855
f 384 2264 864
f 276 1938 756
f 229 1802 709
f 223 1783 703
f 235 1819 715
f 241 1837 721
f 247 1856 727
f 271 1927 751
f 332 2112 812
f 302 2022 782
f 374 2238 854
f 379 2251 859
f 307 2036 787
f 278 1949 758
f 313 2053 793
f 319 2071 799
f 325 2090 805
f 331 2107 811
f 301 2017 781
f 373 2233 853
f 380 2256 860
f 272 1932 752
f 248 1859 728
f 230 1805 710
f 224 1788 704
f 236 1824 716
f 242 1842 722
f 254 1878 734
f 356 2184 836
f 397 2306 877
f 385 2270 865
f 259 1892 739
f 326 2093 806
f 308 2039 788
f 277 1946 757
f 314 2058 794
f 320 2076 800
f 338 2130 818
f 284 1968 764
f 289 1982 769
f 367 2216 847
f 391 2287 871
f 355 2179 835
f 253 1873 733
f 260 1895 740
f 386 2273 866
f 398 2309 878
f 350 2165 830
f 343 2144 823
f 295 2000 775
f 361 2198 841
f 266 1913 746
f 337 2125 817
f 283 1963 763
f 290 1985 770
f 368 2219 848
f 392 2292 872
f 349 2162 829
f 344 2147 824
f 296 2003 776
f 362 2201 842
f 265 1910 745
f 251 1863 731
f 233 1809 713
f 228 1794 708
f 240 1830 720
f 246 1848 726
f 258 1886 738
f 360 2192 840
f 401 2318 881
f 389 2282 869
f 263 1904 743
f 329 2097 809
f 310 2043 790
f 280 1956 760
f 318 2066 798
f 324 2082 804
f 342 2138 822
f 288 1974 768
f 292 1992 772
f 371 2228 851
f 393 2295 873
f 409 2331 1269
f 405 2327 1245
f 411 2328 1252
f 414 2334 1288
f 417 2337 1306
f 431 2346 1336
f 488 2412 1551
f 575 2499 1473
f 563 2487 1599
f 519 2436 1354
f 454 2376 1479
f 450 2372 1401
f 456 2373 1408
f 459 2379 1492
f 462 2382 1504
f 472 2396 1533
f 446 2361 1414
f 506 2418 1444
f 535 2457 1594
f 541 2463 1383
f 570 2492 1323
f 480 2402 1275
f 421 2343 1263
f 511 2433 1299
f 556 2478 1317
f 484 2406 1341
f 580 2502 1564
f 567 2484 1462
f 522 2442 1588
f 427 2349 1347
f 544 2468 1521
f 468 2387 1420
f 436 2358 1395
f 499 2421 1497
f 530 2454 1515
f 548 2472 1557
f 466 2388 1425
f 442 2364 1431
f 505 2426 1570
f 536 2448 1372
f 491 2403 1282
f 423 2342 1258
f 513 2432 1294
f 564 2477 1312
f 581 2493 1330
f 549 2462 1378
f 477 2397 1540
f 445 2367 1449
f 503 2427 1575
f 525 2447 1365
f 474 2391 1486
f 438 2357 1390
f 495 2417 1437
f 532 2453 1510
f 552 2469 1528
f 490 2411 1546
f 577 2498 1468
f 559 2483 1455
f 517 2441 1581
f 430 2352 1359
f 590 2509 1272
f 584 2503 1248
f 585 2506 1253
f 592 2512 1289
f 595 2515 1307
f 598 2518 1337
f 636 2555 1554
f 621 2541 1476
f 642 2562 1602
f 601 2522 1355
f 623 2542 1482
f 611 2528 1404
f 609 2531 1409
f 625 2545 1493
f 628 2548 1505
f 632 2551 1536
f 613 2533 1415
f 616 2537 1445
f 638 2559 1595
f 606 2526 1386
f 407 1616 909
f 403 1608 891
f 404 1606 886
f 410 1612 898
f 413 1615 904
f 422 1624 922
f 486 1692 1060
f 573 1782 1240
f 561 1765 1204
f 512 1714 1102
f 452 1661 999
f 448 1653 981
f 449 1651 976
f 455 1657 988
f 458 1660 994
f 470 1675 1024
f 437 1639 952
f 494 1696 1066
f 531 1733 1138
f 539 1751 1179
f 568 1779 1233
f 478 1683 1041
f 419 1626 927
f 509 1721 1119
f 554 1766 1209
f 482 1689 1053
f 576 1778 1228
f 558 1760 1192
f 516 1718 1108
f 425 1629 933
f 542 1747 1167
f 463 1665 1005
f 434 1641 957
f 497 1704 1083
f 528 1737 1150
f 546 1750 1174
f 464 1676 1029
f 440 1644 963
f 500 1702 1077
f 524 1726 1126
f 479 1681 1036
f 418 1620 915
f 508 1710 1095
f 553 1755 1185
f 569 1771 1216
f 538 1740 1155
f 471 1673 1018
f 443 1647 970
f 501 1707 1090
f 523 1734 1143
f 467 1669 1012
f 433 1635 945
f 493 1698 1071
f 527 1729 1131
f 543 1745 1162
f 485 1687 1047
f 572 1774 1221
f 557 1762 1197
f 515 1720 1114
f 428 1632 940
f 591 2189 1284
f 587 1883 1260
f 588 1903 1296
f 594 2281 1314
f 597 2317 1332
f 600 2173 1380
f 634 2158 1542
f 619 2012 1451
f 639 2210 1577
f 602 1924 1367
f 624 2135 1488
f 608 1973 1392
f 610 1996 1439
f 627 2227 1512
f 630 2304 1530
f 635 2176 1548
f 615 2155 1470
f 617 2014 1457
f 637 2212 1583
f 604 1922 1361
f 416 1864 1270
f 408 1810 1246
f 406 1795 1251
f 412 1831 1287
f 415 1849 1305
f 424 1887 1335
f 492 2193 1552
f 582 2321 1474
f 565 2285 1600
f 514 1907 1353
f 461 2098 1480
f 453 2044 1402
f 451 1961 1407
f 457 2067 1491
f 460 2083 1503
f 475 2139 1534
f 439 1975 1413
f 496 1997 1443
f 533 2231 1593
f 551 2298 1384
f 579 2190 1324
f 483 1884 1276
f 426 1900 1264
f 521 2278 1300
f 566 2314 1318
f 489 2170 1342
f 578 2159 1563
f 560 2015 1461
f 518 2213 1587
f 429 1918 1348
f 547 2136 1522
f 465 1977 1419
f 441 1990 1396
f 504 2224 1498
f 537 2301 1516
f 550 2177 1558
f 476 2152 1426
f 444 2008 1432
f 502 2206 1569
f 526 1925 1371
f 481 1817 1281
f 420 1797 1257
f 510 1833 1293
f 555 1851 1311
f 571 1871 1329
f 540 1941 1377
f 473 2119 1539
f 447 2029 1450
f 507 2247 1576
f 534 2262 1366
f 469 2051 1485
f 435 1954 1389
f 498 2064 1438
f 529 2085 1509
f 545 2105 1527
f 487 2121 1545
f 574 2031 1467
f 562 2244 1456
f 520 2265 1582
f 432 1939 1360
f 589 1814 1271
f 583 1793 1247
f 586 1829 1254
f 593 1847 1290
f 596 1868 1308
f 599 1937 1338
f 633 2124 1553
f 620 2034 1475
f 640 2250 1601
f 603 2261 1356
f 622 2050 1481
f 607 1960 1403
f 612 2063 1410
f 626 2081 1494
f 629 2102 1506
f 631 2117 1535
f 614 2027 1416
f 618 2243 1446
f 641 2268 1596
f 605 1944 1385
f 409 1804 894
f 405 1785 887
f 411 1821 899
f 414 1839 905
f 417 1858 912
f 431 1929 941
f 488 2114 1050
f 575 2024 1224
f 563 2240 1200
f 519 2253 1115
f 454 2038 984
f 450 1951 977
f 456 2055 989
f 459 2073 995
f 462 2092 1002
f 472 2109 1019
f 446 2019 971
f 506 2235 1091
f 535 2258 1146
f 541 1934 1158
f 570 1861 1217
f 480 1807 1037
f 421 1790 918
f 511 1826 1098
f 556 1844 1188
f 484 1880 1044
f 580 2186 1236
f 567 2308 1212
f 522 2272 1122
f 427 1894 930
f 544 2095 1163
f 468 2041 1013
f 436 1948 948
f 499 2060 1074
f 530 2078 1134
f 548 2132 1170
f 466 1970 1008
f 442 1984 960
f 505 2218 1086
f 536 2289 1151
f 491 2181 1061
f 423 1875 923
f 513 1897 1103
f 564 2275 1205
f 581 2311 1241
f 549 2167 1175
f 477 2146 1032
f 445 2002 966
f 503 2200 1080
f 525 1915 1127
f 474 2127 1025
f 438 1965 953
f 495 1987 1067
f 532 2221 1139
f 552 2294 1182
f 490 2164 1056
f 577 2149 1229
f 559 2005 1193
f 517 2203 1109
f 430 1912 936
f 590 1870 1325
f 584 1816 1277
f 585 1800 1265
f 592 1836 1301
f 595 1854 1319
f 598 1890 1343
f 636 2196 1566
f 621 2320 1464
f 642 2284 1590
f 601 1906 1349
f 623 2104 1523
f 611 2047 1422
f 609 1958 1397
f 625 2070 1499
f 628 2088 1517
f 632 2142 1559
f 613 1980 1427
f 616 1994 1433
f 638 2230 1572
f 606 2297 1374
f 407 2329 892
f 403 2323 885
f 404 2326 897
f 410 2333 903
f 413 2336 910
f 422 2345 939
f 486 2409 1048
f 573 2496 1222
f 561 2485 1198
f 512 2435 1113
f 452 2374 982
f 448 2368 975
f 449 2371 987
f 455 2378 993
f 458 2381 1000
f 470 2392 1017
f 437 2360 969
f 494 2416 1089
f 531 2456 1144
f 539 2460 1156
f 568 2488 1215
f 478 2398 1035
f 419 2340 916
f 509 2430 1096
f 554 2475 1186
f 482 2404 1042
f 576 2501 1234
f 558 2482 1210
f 516 2440 1120
f 425 2347 928
f 542 2464 1161
f 463 2384 1011
f 434 2355 946
f 497 2419 1072
f 528 2451 1132
f 546 2470 1168
f 464 2385 1006
f 440 2362 958
f 500 2423 1084
f 524 2446 1149
f 479 2401 1059
f 418 2339 921
f 508 2429 1101
f 553 2474 1203
f 569 2491 1239
f 538 2459 1173
f 471 2395 1030
f 443 2365 964
f 501 2424 1078
f 523 2443 1125
f 467 2390 1023
f 433 2354 951
f 493 2413 1065
f 527 2450 1137
f 543 2467 1180
f 485 2408 1054
f 572 2495 1227
f 557 2479 1191
f 515 2437 1107
f 428 2350 934
f 591 2511 1326
f 587 2505 1278
f 588 2507 1266
f 594 2513 1302
f 597 2516 1320
f 600 2519 1344
f 634 2556 1565
f 619 2540 1463
f 639 2561 1589
f 602 2521 1350
f 624 2544 1524
f 608 2529 1421
f 610 2530 1398
f 627 2546 1500
f 630 2549 1518
f 635 2553 1560
f 615 2534 1428
f 617 2536 1434
f 637 2557 1571
f 604 2525 1373
f 164 1609 889
f 163 1605 883
f 165 1611 895
f 166 1614 901
f 167 1617 907
f 172 1631 937
f 190 1688 1045
f 219 1775 1219
f 215 1763 1195
f 201 1719 1111
f 179 1654 979
f 178 1650 973
f 180 1656 985
f 181 1659 991
f 182 1662 997
f 185 1672 1015
f 177 1646 967
f 197 1706 1087
f 206 1735 1141
f 208 1741 1153
f 218 1770 1213
f 188 1680 1033
f 168 1621 913
f 198 1711 1093
f 213 1756 1183
f 189 1684 1039
f 221 1780 1231
f 217 1767 1207
f 202 1722 1117
f 170 1627 925
f 209 1744 1159
f 184 1668 1009
f 173 1636 943
f 194 1699 1069
f 204 1730 1129
f 210 1748 1165
f 183 1666 1003
f 175 1642 955
f 196 1705 1081
f 207 1736 1147
f 192 1691 1057
f 169 1623 919
f 199 1713 1099
f 216 1764 1201
f 222 1781 1237
f 211 1749 1171
f 187 1677 1027
f 176 1645 961
f 195 1703 1075
f 203 1725 1123
f 186 1674 1021
f 174 1638 949
f 193 1695 1063
f 205 1732 1135
f 212 1752 1177
f 191 1690 1051
f 220 1777 1225
f 214 1759 1189
f 200 1717 1105
f 171 1630 931
f 358 2191 1322
f 256 1885 1274
f 261 1901 1262
f 387 2279 1298
f 399 2315 1316
f 351 2171 1340
f 348 2160 1561
f 300 2016 1459
f 366 2214 1585
f 267 1919 1346
f 340 2137 1520
f 287 1978 1417
f 291 1991 1394
f 369 2225 1496
f 395 2302 1514
f 354 2178 1556
f 345 2153 1424
f 297 2009 1430
f 363 2207 1567
f 270 1926 1369
f 247 1857 908
f 229 1803 890
f 223 1786 884
f 235 1822 896
f 241 1840 902
f 253 1876 920
f 355 2182 1058
f 398 2312 1238
f 386 2276 1202
f 260 1898 1100
f 325 2091 998
f 307 2037 980
f 278 1952 974
f 313 2056 986
f 319 2074 992
f 337 2128 1022
f 283 1966 950
f 290 1988 1064
f 368 2222 1136
f 392 2293 1178
f 356 2185 1232
f 254 1879 1040
f 259 1893 926
f 385 2271 1118
f 397 2307 1208
f 349 2163 1052
f 344 2150 1226
f 296 2006 1190
f 362 2204 1106
f 265 1911 932
f 338 2131 1166
f 284 1969 1004
f 289 1983 956
f 367 2217 1082
f 391 2290 1148
f 350 2168 1172
f 343 2145 1028
f 295 2001 962
f 361 2199 1076
f 266 1916 1124
f 230 1808 1034
f 224 1789 914
f 236 1825 1094
f 242 1843 1184
f 248 1862 1214
f 272 1933 1154
f 331 2110 1016
f 301 2020 968
f 373 2236 1088
f 380 2257 1142
f 308 2042 1010
f 277 1947 944
f 314 2059 1070
f 320 2077 1130
f 326 2096 1160
f 332 2113 1046
f 302 2023 1220
f 374 2239 1196
f 379 2254 1112
f 271 1930 938
f 234 1818 1279
f 227 1798 1255
f 239 1834 1291
f 245 1852 1309
f 252 1872 1327
f 275 1942 1375
f 334 2120 1537
f 304 2030 1448
f 377 2248 1574
f 382 2263 1364
f 312 2052 1483
f 279 1955 1387
f 316 2065 1436
f 323 2086 1507
f 330 2106 1525
f 335 2122 1543
f 305 2032 1465
f 376 2245 1454
f 383 2266 1580
f 274 1940 1358
f 232 1813 1267
f 225 1792 1243
f 237 1828 1250
f 243 1846 1286
f 250 1867 1304
f 273 1936 1334
f 336 2123 1549
f 306 2033 1471
f 378 2249 1597
f 381 2260 1352
f 311 2049 1477
f 281 1959 1399
f 315 2062 1406
f 321 2080 1490
f 328 2101 1502
f 333 2116 1531
f 303 2026 1412
f 375 2242 1442
f 384 2267 1592
f 276 1943 1381
f 251 1869 1321
f 233 1815 1273
f 228 1799 1261
f 240 1835 1297
f 246 1853 1315
f 258 1889 1339
f 360 2195 1562
f 401 2319 1460
f 389 2283 1586
f 263 1905 1345
f 329 2103 1519
f 310 2046 1418
f 280 1957 1393
f 318 2069 1495
f 324 2087 1513
f 342 2141 1555
f 288 1979 1423
f 292 1993 1429
f 371 2229 1568
f 393 2296 1370
f 357 2188 1280
f 255 1882 1256
f 262 1902 1292
f 388 2280 1310
f 400 2316 1328
f 352 2172 1376
f 347 2157 1538
f 298 2011 1447
f 364 2209 1573
f 269 1923 1363
f 339 2134 1484
f 285 1972 1388
f 293 1995 1435
f 370 2226 1508
f 396 2303 1526
f 353 2175 1544
f 346 2154 1466
f 299 2013 1453
f 365 2211 1579
f 268 1921 1357
f 249 1865 1268
f 231 1811 1244
f 226 1796 1249
f 238 1832 1285
f 244 1850 1303
f 257 1888 1333
f 359 2194 1550
f 402 2322 1472
f 390 2286 1598
f 264 1908 1351
f 327 2099 1478
f 309 2045 1400
f 282 1962 1405
f 317 2068 1489
f 322 2084 1501
f 341 2140 1532
f 286 1976 1411
f 294 1998 1441
f 372 2232 1591
f 394 2299 1382
f 416 2330 911
f 408 2324 893
f 406 2325 888
f 412 2332 900
f 415 2335 906
f 424 2344 924
f 492 2410 1062
f 582 2497 1242
f 565 2486 1206
f 514 2434 1104
f 461 2375 1001
f 453 2369 983
f 451 2370 978
f 457 2377 990
f 460 2380 996
f 475 2393 1026
f 439 2359 954
f 496 2415 1068
f 533 2455 1140
f 551 2461 1181
f 579 2489 1235
f 483 2399 1043
f 426 2341 929
f 521 2431 1121
f 566 2476 1211
f 489 2405 1055
f 578 2500 1230
f 560 2481 1194
f 518 2439 1110
f 429 2348 935
f 547 2465 1169
f 465 2383 1007
f 441 2356 959
f 504 2420 1085
f 537 2452 1152
f 550 2471 1176
f 476 2386 1031
f 444 2363 965
f 502 2422 1079
f 526 2445 1128
f 481 2400 1038
f 420 2338 917
f 510 2428 1097
f 555 2473 1187
f 571 2490 1218
f 540 2458 1157
f 473 2394 1020
f 447 2366 972
f 507 2425 1092
f 534 2444 1145
f 469 2389 1014
f 435 2353 947
f 498 2414 1073
f 529 2449 1133
f 545 2466 1164
f 487 2407 1049
f 574 2494 1223
f 562 2480 1199
f 520 2438 1116
f 432 2351 942
f 589 2510 1283
f 583 2504 1259
f 586 2508 1295
f 593 2514 1313
f 596 2517 1331
f 599 2520 1379
f 633 2554 1541
f 620 2539 1452
f 640 2560 1578
f 603 2523 1368
f 622 2543 1487
f 607 2527 1391
f 612 2532 1440
f 626 2547 1511
f 629 2550 1529
f 631 2552 1547
f 614 2535 1469
f 618 2538 1458
f 641 2558 1584
f 605 2524 1362
f 164 1607 1609
f 163 1603 1605
f 165 1604 1611
f 166 1610 1614
f 167 1613 1617
f 172 1622 1631
f 190 1686 1688
f 219 1773 1775
f 215 1761 1763
f 201 1712 1719
f 179 1652 1654
f 178 1648 1650
f 180 1649 1656
f 181 1655 1659
f 182 1658 1662
f 185 1670 1672
f 177 1637 1646
f 197 1694 1706
f 206 1731 1735
f 208 1739 1741
f 218 1768 1770
f 188 1678 1680
f 168 1619 1621
f 198 1709 1711
f 213 1754 1756
f 189 1682 1684
f 221 1776 1780
f 217 1758 1767
f 202 1716 1722
f 170 1625 1627
f 209 1742 1744
f 184 1663 1668
f 173 1634 1636
f 194 1697 1699
f 204 1728 1730
f 210 1746 1748
f 183 1664 1666
f 175 1640 1642
f 196 1700 1705
f 207 1724 1736
f 192 1679 1691
f 169 1618 1623
f 199 1708 1713
f 216 1753 1764
f 222 1769 1781
f 211 1738 1749
f 187 1671 1677
f 176 1643 1645
f 195 1701 1703
f 203 1723 1725
f 186 1667 1674
f 174 1633 1638
f 193 1693 1695
f 205 1727 1732
f 212 1743 1752
f 191 1685 1690
f 220 1772 1777
f 214 1757 1759
f 200 1715 1717
f 171 1628 1630
f 358 2187 2191
f 256 1881 1885
f 261 1899 1901
f 387 2277 2279
f 399 2313 2315
f 351 2169 2171
f 348 2156 2160
f 300 2010 2016
f 366 2208 2214
f 267 1917 1919
f 340 2133 2137
f 287 1971 1978
f 291 1989 1991
f 369 2223 2225
f 395 2300 2302
f 354 2174 2178
f 345 2151 2153
f 297 2007 2009
f 363 2205 2207
f 270 1920 1926
f 247 1855 1857
f 229 1801 1803
f 223 1784 1786
f 235 1820 1822
f 241 1838 1840
f 253 1874 1876
f 355 2180 2182
f 398 2310 2312
f 386 2274 2276
f 260 1896 1898
f 325 2089 2091
f 307 2035 2037
f 278 1950 1952
f 313 2054 2056
f 319 2072 2074
f 337 2126 2128
f 283 1964 1966
f 290 1986 1988
f 368 2220 2222
f 392 2291 2293
f 356 2183 2185
f 254 1877 1879
f 259 1891 1893
f 385 2269 2271
f 397 2305 2307
f 349 2161 2163
f 344 2148 2150
f 296 2004 2006
f 362 2202 2204
f 265 1909 1911
f 338 2129 2131
f 284 1967 1969
f 289 1981 1983
f 367 2215 2217
f 391 2288 2290
f 350 2166 2168
f 343 2143 2145
f 295 1999 2001
f 361 2197 2199
f 266 1914 1916
f 230 1806 1808
f 224 1787 1789
f 236 1823 1825
f 242 1841 1843
f 248 1860 1862
f 272 1931 1933
f 331 2108 2110
f 301 2018 2020
f 373 2234 2236
f 380 2255 2257
f 308 2040 2042
f 277 1945 1947
f 314 2057 2059
f 320 2075 2077
f 326 2094 2096
f 332 2111 2113
f 302 2021 2023
f 374 2237 2239
f 379 2252 2254
f 271 1928 1930
f 234 1812 1818
f 227 1791 1798
f 239 1827 1834
f 245 1845 1852
f 252 1866 1872
f 275 1935 1942
f 334 2118 2120
f 304 2028 2030
f 377 2246 2248
f 382 2259 2263
f 312 2048 2052
f 279 1953 1955
f 316 2061 2065
f 323 2079 2086
f 330 2100 2106
f 335 2115 2122
f 305 2025 2032
f 376 2241 2245
f 383 2264 2266
f 274 1938 1940
f 232 1802 1813
f 225 1783 1792
f 237 1819 1828
f 243 1837 1846
f 250 1856 1867
f 273 1927 1936
f 336 2112 2123
f 306 2022 2033
f 378 2238 2249
f 381 2251 2260
f 311 2036 2049
f 281 1949 1959
f 315 2053 2062
f 321 2071 2080
f 328 2090 2101
f 333 2107 2116
f 303 2017 2026
f 375 2233 2242
f 384 2256 2267
f 276 1932 1943
f 251 1859 1869
f 233 1805 1815
f 228 1788 1799
f 240 1824 1835
f 246 1842 1853
f 258 1878 1889
f 360 2184 2195
f 401 2306 2319
f 389 2270 2283
f 263 1892 1905
f 329 2093 2103
f 310 2039 2046
f 280 1946 1957
f 318 2058 2069
f 324 2076 2087
f 342 2130 2141
f 288 1968 1979
f 292 1982 1993
f 371 2216 2229
f 393 2287 2296
f 357 2179 2188
f 255 1873 1882
f 262 1895 1902
f 388 2273 2280
f 400 2309 2316
f 352 2165 2172
f 347 2144 2157
f 298 2000 2011
f 364 2198 2209
f 269 1913 1923
f 339 2125 2134
f 285 1963 1972
f 293 1985 1995
f 370 2219 2226
f 396 2292 2303
f 353 2162 2175
f 346 2147 2154
f 299 2003 2013
f 365 2201 2211
f 268 1910 1921
f 249 1863 1865
f 231 1809 1811
f 226 1794 1796
f 238 1830 1832
f 244 1848 1850
f 257 1886 1888
f 359 2192 2194
f 402 2318 2322
f 390 2282 2286
f 264 1904 1908
f 327 2097 2099
f 309 2043 2045
f 282 1956 1962
f 317 2066 2068
f 322 2082 2084
f 341 2138 2140
f 286 1974 1976
f 294 1992 1998
f 372 2228 2232
f 394 2295 2299
f 416 2331 2330
f 408 2327 2324
f 406 2328 2325
f 412 2334 2332
f 415 2337 2335
f 424 2346 2344
f 492 2412 2410
f 582 2499 2497
f 565 2487 2486
f 514 2436 2434
f 461 2376 2375
f 453 2372 2369
f 451 2373 2370
f 457 2379 2377
f 460 2382 2380
f 475 2396 2393
f 439 2361 2359
f 496 2418 2415
f 533 2457 2455
f 551 2463 2461
f 579 2492 2489
f 483 2402 2399
f 426 2343 2341
f 521 2433 2431
f 566 2478 2476
f 489 2406 2405
f 578 2502 2500
f 560 2484 2481
f 518 2442 2439
f 429 2349 2348
f 547 2468 2465
f 465 2387 2383
f 441 2358 2356
f 504 2421 2420
f 537 2454 2452
f 550 2472 2471
f 476 2388 2386
f 444 2364 2363
f 502 2426 2422
f 526 2448 2445
f 481 2403 2400
f 420 2342 2338
f 510 2432 2428
f 555 2477 2473
f 571 2493 2490
f 540 2462 2458
f 473 2397 2394
f 447 2367 2366
f 507 2427 2425
f 534 2447 2444
f 469 2391 2389
f 435 2357 2353
f 498 2417 2414
f 529 2453 2449
f 545 2469 2466
f 487 2411 2407
f 574 2498 2494
f 562 2483 2480
f 520 2441 2438
f 432 2352 2351
f 589 2509 2510
f 583 2503 2504
f 586 2506 2508
f 593 2512 2514
f 596 2515 2517
f 599 2518 2520
f 633 2555 2554
f 620 2541 2539
f 640 2562 2560
f 603 2522 2523
f 622 2542 2543
f 607 2528 2527
f 612 2531 2532
f 626 2545 2547
f 629 2548 2550
f 631 2551 2552
f 614 2533 2535
f 618 2537 2538
f 641 2559 2558
f 605 2526 2524
f 164 644 1607
f 163 643 1603
f 165 645 1604
f 166 646 1610
f 167 647 1613
f 172 652 1622
f 190 670 1686
f 219 699 1773
f 215 695 1761
f 201 681 1712
f 179 659 1652
f 178 658 1648
f 180 660 1649
f 181 661 1655
f 182 662 1658
f 185 665 1670
f 177 657 1637
f 197 677 1694
f 206 686 1731
f 208 688 1739
f 218 698 1768
f 188 668 1678
f 168 648 1619
f 198 678 1709
f 213 693 1754
f 189 669 1682
f 221 701 1776
f 217 697 1758
f 202 682 1716
f 170 650 1625
f 209 689 1742
f 184 664 1663
f 173 653 1634
f 194 674 1697
f 204 684 1728
f 210 690 1746
f 183 663 1664
f 175 655 1640
f 196 676 1700
f 207 687 1724
f 192 672 1679
f 169 649 1618
f 199 679 1708
f 216 696 1753
f 222 702 1769
f 211 691 1738
f 187 667 1671
f 176 656 1643
f 195 675 1701
f 203 683 1723
f 186 666 1667
f 174 654 1633
f 193 673 1693
f 205 685 1727
f 212 692 1743
f 191 671 1685
f 220 700 1772
f 214 694 1757
f 200 680 1715
f 171 651 1628
f 358 838 2187
f 256 736 1881
f 261 741 1899
f 387 867 2277
f 399 879 2313
f 351 831 2169
f 348 828 2156
f 300 780 2010
f 366 846 2208
f 267 747 1917
f 340 820 2133
f 287 767 1971
f 291 771 1989
f 369 849 2223
f 395 875 2300
f 354 834 2174
f 345 825 2151
f 297 777 2007
f 363 843 2205
f 270 750 1920
f 247 727 1855
f 229 709 1801
f 223 703 1784
f 235 715 1820
f 241 721 1838
f 253 733 1874
f 355 835 2180
f 398 878 2310
f 386 866 2274
f 260 740 1896
f 325 805 2089
f 307 787 2035
f 278 758 1950
f 313 793 2054
f 319 799 2072
f 337 817 2126
f 283 763 1964
f 290 770 1986
f 368 848 2220
f 392 872 2291
f 356 836 2183
f 254 734 1877
f 259 739 1891
f 385 865 2269
f 397 877 2305
f 349 829 2161
f 344 824 2148
f 296 776 2004
f 362 842 2202
f 265 745 1909
f 338 818 2129
f 284 764 1967
f 289 769 1981
f 367 847 2215
f 391 871 2288
f 350 830 2166
f 343 823 2143
f 295 775 1999
f 361 841 2197
f 266 746 1914
f 230 710 1806
f 224 704 1787
f 236 716 1823
f 242 722 1841
f 248 728 1860
f 272 752 1931
f 331 811 2108
f 301 781 2018
f 373 853 2234
f 380 860 2255
f 308 788 2040
f 277 757 1945
f 314 794 2057
f 320 800 2075
f 326 806 2094
f 332 812 2111
f 302 782 2021
f 374 854 2237
f 379 859 2252
f 271 751 1928
f 234 714 1812
f 227 707 1791
f 239 719 1827
f 245 725 1845
f 252 732 1866
f 275 755 1935
f 334 814 2118
f 304 784 2028
f 377 857 2246
f 382 862 2259
f 312 792 2048
f 279 759 1953
f 316 796 2061
f 323 803 2079
f 330 810 2100
f 335 815 2115
f 305 785 2025
f 376 856 2241
f 383 863 2264
f 274 754 1938
f 232 712 1802
f 225 705 1783
f 237 717 1819
f 243 723 1837
f 250 730 1856
f 273 753 1927
f 336 816 2112
f 306 786 2022
f 378 858 2238
f 381 861 2251
f 311 791 2036
f 281 761 1949
f 315 795 2053
f 321 801 2071
f 328 808 2090
f 333 813 2107
f 303 783 2017
f 375 855 2233
f 384 864 2256
f 276 756 1932
f 251 731 1859
f 233 713 1805
f 228 708 1788
f 240 720 1824
f 246 726 1842
f 258 738 1878
f 360 840 2184
f 401 881 2306
f 389 869 2270
f 263 743 1892
f 329 809 2093
f 310 790 2039
f 280 760 1946
f 318 798 2058
f 324 804 2076
f 342 822 2130
f 288 768 1968
f 292 772 1982
f 371 851 2216
f 393 873 2287
f 357 837 2179
f 255 735 1873
f 262 742 1895
f 388 868 2273
f 400 880 2309
f 352 832 2165
f 347 827 2144
f 298 778 2000
f 364 844 2198
f 269 749 1913
f 339 819 2125
f 285 765 1963
f 293 773 1985
f 370 850 2219
f 396 876 2292
f 353 833 2162
f 346 826 2147
f 299 779 2003
f 365 845 2201
f 268 748 1910
f 249 729 1863
f 231 711 1809
f 226 706 1794
f 238 718 1830
f 244 724 1848
f 257 737 1886
f 359 839 2192
f 402 882 2318
f 390 870 2282
f 264 744 1904
f 327 807 2097
f 309 789 2043
f 282 762 1956
f 317 797 2066
f 322 802 2082
f 341 821 2138
f 286 766 1974
f 294 774 1992
f 372 852 2228
f 394 874 2295
f 416 1270 2331
f 408 1246 2327
f 406 1251 2328
f 412 1287 2334
f 415 1305 2337
f 424 1335 2346
f 492 1552 2412
f 582 1474 2499
f 565 1600 2487
f 514 1353 2436
f 461 1480 2376
f 453 1402 2372
f 451 1407 2373
f 457 1491 2379
f 460 1503 2382
f 475 1534 2396
f 439 1413 2361
f 496 1443 2418
f 533 1593 2457
f 551 1384 2463
f 579 1324 2492
f 483 1276 2402
f 426 1264 2343
f 521 1300 2433
f 566 1318 2478
f 489 1342 2406
f 578 1563 2502
f 560 1461 2484
f 518 1587 2442
f 429 1348 2349
f 547 1522 2468
f 465 1419 2387
f 441 1396 2358
f 504 1498 2421
f 537 1516 2454
f 550 1558 2472
f 476 1426 2388
f 444 1432 2364
f 502 1569 2426
f 526 1371 2448
f 481 1281 2403
f 420 1257 2342
f 510 1293 2432
f 555 1311 2477
f 571 1329 2493
f 540 1377 2462
f 473 1539 2397
f 447 1450 2367
f 507 1576 2427
f 534 1366 2447
f 469 1485 2391
f 435 1389 2357
f 498 1438 2417
f 529 1509 2453
f 545 1527 2469
f 487 1545 2411
f 574 1467 2498
f 562 1456 2483
f 520 1582 2441
f 432 1360 2352
f 589 1271 2509
f 583 1247 2503
f 586 1254 2506
f 593 1290 2512
f 596 1308 2515
f 599 1338 2518
f 633 1553 2555
f 620 1475 2541
f 640 1601 2562
f 603 1356 2522
f 622 1481 2542
f 607 1403 2528
f 612 1410 2531
f 626 1494 2545
f 629 1506 2548
f 631 1535 2551
f 614 1416 2533
f 618 1446 2537
f 641 1596 2559
f 605 1385 2526
f 167 907 1616
f 164 889 1608
f 163 883 1606
f 165 895 1612
f 166 901 1615
f 169 919 1624
f 192 1057 1692
f 222 1237 1782
f 216 1201 1765
f 199 1099 1714
f 182 997 1661
f 179 979 1653
f 178 973 1651
f 180 985 1657
f 181 991 1660
f 186 1021 1675
f 174 949 1639
f 193 1063 1696
f 205 1135 1733
f 212 1177 1751
f 221 1231 1779
f 189 1039 1683
f 170 925 1626
f 202 1117 1721
f 217 1207 1766
f 191 1051 1689
f 220 1225 1778
f 214 1189 1760
f 200 1105 1718
f 171 931 1629
f 210 1165 1747
f 183 1003 1665
f 175 955 1641
f 196 1081 1704
f 207 1147 1737
f 211 1171 1750
f 187 1027 1676
f 176 961 1644
f 195 1075 1702
f 203 1123 1726
f 188 1033 1681
f 168 913 1620
f 198 1093 1710
f 213 1183 1755
f 218 1213 1771
f 208 1153 1740
f 185 1015 1673
f 177 967 1647
f 197 1087 1707
f 206 1141 1734
f 184 1009 1669
f 173 943 1635
f 194 1069 1698
f 204 1129 1729
f 209 1159 1745
f 190 1045 1687
f 219 1219 1774
f 215 1195 1762
f 201 1111 1720
f 172 937 1632
f 357 1280 2189
f 255 1256 1883
f 262 1292 1903
f 388 1310 2281
f 400 1328 2317
f 352 1376 2173
f 347 1538 2158
f 298 1447 2012
f 364 1573 2210
f 269 1363 1924
f 339 1484 2135
f 285 1388 1973
f 293 1435 1996
f 370 1508 2227
f 396 1526 2304
f 353 1544 2176
f 346 1466 2155
f 299 1453 2014
f 365 1579 2212
f 268 1357 1922
f 249 1268 1864
f 231 1244 1810
f 226 1249 1795
f 238 1285 1831
f 244 1303 1849
f 257 1333 1887
f 359 1550 2193
f 402 1472 2321
f 390 1598 2285
f 264 1351 1907
f 327 1478 2098
f 309 1400 2044
f 282 1405 1961
f 317 1489 2067
f 322 1501 2083
f 341 1532 2139
f 286 1411 1975
f 294 1441 1997
f 372 1591 2231
f 394 1382 2298
f 358 1322 2190
f 256 1274 1884
f 261 1262 1900
f 387 1298 2278
f 399 1316 2314
f 351 1340 2170
f 348 1561 2159
f 300 1459 2015
f 366 1585 2213
f 267 1346 1918
f 340 1520 2136
f 287 1417 1977
f 291 1394 1990
f 369 1496 2224
f 395 1514 2301
f 354 1556 2177
f 345 1424 2152
f 297 1430 2008
f 363 1567 2206
f 270 1369 1925
f 234 1279 1817
f 227 1255 1797
f 239 1291 1833
f 245 1309 1851
f 252 1327 1871
f 275 1375 1941
f 334 1537 2119
f 304 1448 2029
f 377 1574 2247
f 382 1364 2262
f 312 1483 2051
f 279 1387 1954
f 316 1436 2064
f 323 1507 2085
f 330 1525 2105
f 335 1543 2121
f 305 1465 2031
f 376 1454 2244
f 383 1580 2265
f 274 1358 1939
f 232 1267 1814
f 225 1243 1793
f 237 1250 1829
f 243 1286 1847
f 250 1304 1868
f 273 1334 1937
f 336 1549 2124
f 306 1471 2034
f 378 1597 2250
f 381 1352 2261
f 311 1477 2050
f 281 1399 1960
f 315 1406 2063
f 321 1490 2081
f 328 1502 2102
f 333 1531 2117
f 303 1412 2027
f 375 1442 2243
f 384 1592 2268
f 276 1381 1944
f 229 890 1804
f 223 884 1785
f 235 896 1821
f 241 902 1839
f 247 908 1858
f 271 938 1929
f 332 1046 2114
f 302 1220 2024
f 374 1196 2240
f 379 1112 2253
f 307 980 2038
f 278 974 1951
f 313 986 2055
f 319 992 2073
f 325 998 2092
f 331 1016 2109
f 301 968 2019
f 373 1088 2235
f 380 1142 2258
f 272 1154 1934
f 248 1214 1861
f 230 1034 1807
f 224 914 1790
f 236 1094 1826
f 242 1184 1844
f 254 1040 1880
f 356 1232 2186
f 397 1208 2308
f 385 1118 2272
f 259 926 1894
f 326 1160 2095
f 308 1010 2041
f 277 944 1948
f 314 1070 2060
f 320 1130 2078
f 338 1166 2132
f 284 1004 1970
f 289 956 1984
f 367 1082 2218
f 391 1148 2289
f 355 1058 2181
f 253 920 1875
f 260 1100 1897
f 386 1202 2275
f 398 1238 2311
f 350 1172 2167
f 343 1028 2146
f 295 962 2002
f 361 1076 2200
f 266 1124 1915
f 337 1022 2127
f 283 950 1965
f 290 1064 1987
f 368 1136 2221
f 392 1178 2294
f 349 1052 2164
f 344 1226 2149
f 296 1190 2005
f 362 1106 2203
f 265 932 1912
f 251 1321 1870
f 233 1273 1816
f 228 1261 1800
f 240 1297 1836
f 246 1315 1854
f 258 1339 1890
f 360 1562 2196
f 401 1460 2320
f 389 1586 2284
f 263 1345 1906
f 329 1519 2104
f 310 1418 2047
f 280 1393 1958
f 318 1495 2070
f 324 1513 2088
f 342 1555 2142
f 288 1423 1980
f 292 1429 1994
f 371 1568 2230
f 393 1370 2297
f 409 894 2329
f 405 887 2323
f 411 899 2326
f 414 905 2333
f 417 912 2336
f 431 941 2345
f 488 1050 2409
f 575 1224 2496
f 563 1200 2485
f 519 1115 2435
f 454 984 2374
f 450 977 2368
f 456 989 2371
f 459 995 2378
f 462 1002 2381
f 472 1019 2392
f 446 971 2360
f 506 1091 2416
f 535 1146 2456
f 541 1158 2460
f 570 1217 2488
f 480 1037 2398
f 421 918 2340
f 511 1098 2430
f 556 1188 2475
f 484 1044 2404
f 580 1236 2501
f 567 1212 2482
f 522 1122 2440
f 427 930 2347
f 544 1163 2464
f 468 1013 2384
f 436 948 2355
f 499 1074 2419
f 530 1134 2451
f 548 1170 2470
f 466 1008 2385
f 442 960 2362
f 505 1086 2423
f 536 1151 2446
f 491 1061 2401
f 423 923 2339
f 513 1103 2429
f 564 1205 2474
f 581 1241 2491
f 549 1175 2459
f 477 1032 2395
f 445 966 2365
f 503 1080 2424
f 525 1127 2443
f 474 1025 2390
f 438 953 2354
f 495 1067 2413
f 532 1139 2450
f 552 1182 2467
f 490 1056 2408
f 577 1229 2495
f 559 1193 2479
f 517 1109 2437
f 430 936 2350
f 590 1325 2511
f 584 1277 2505
f 585 1265 2507
f 592 1301 2513
f 595 1319 2516
f 598 1343 2519
f 636 1566 2556
f 621 1464 2540
f 642 1590 2561
f 601 1349 2521
f 623 1523 2544
f 611 1422 2529
f 609 1397 2530
f 625 1499 2546
f 628 1517 2549
f 632 1559 2553
f 613 1427 2534
f 616 1433 2536
f 638 1572 2557
f 606 1374 2525
f 407 892 1609
f 403 885 1605
f 404 897 1611
f 410 903 1614
f 413 910 1617
f 422 939 1631
f 486 1048 1688
f 573 1222 1775
f 561 1198 1763
f 512 1113 1719
f 452 982 1654
f 448 975 1650
f 449 987 1656
f 455 993 1659
f 458 1000 1662
f 470 1017 1672
f 437 969 1646
f 494 1089 1706
f 531 1144 1735
f 539 1156 1741
f 568 1215 1770
f 478 1035 1680
f 419 916 1621
f 509 1096 1711
f 554 1186 1756
f 482 1042 1684
f 576 1234 1780
f 558 1210 1767
f 516 1120 1722
f 425 928 1627
f 542 1161 1744
f 463 1011 1668
f 434 946 1636
f 497 1072 1699
f 528 1132 1730
f 546 1168 1748
f 464 1006 1666
f 440 958 1642
f 500 1084 1705
f 524 1149 1736
f 479 1059 1691
f 418 921 1623
f 508 1101 1713
f 553 1203 1764
f 569 1239 1781
f 538 1173 1749
f 471 1030 1677
f 443 964 1645
f 501 1078 1703
f 523 1125 1725
f 467 1023 1674
f 433 951 1638
f 493 1065 1695
f 527 1137 1732
f 543 1180 1752
f 485 1054 1690
f 572 1227 1777
f 557 1191 1759
f 515 1107 1717
f 428 934 1630
f 591 1326 2191
f 587 1278 1885
f 588 1266 1901
f 594 1302 2279
f 597 1320 2315
f 600 1344 2171
f 634 1565 2160
f 619 1463 2016
f 639 1589 2214
f 602 1350 1919
f 624 1524 2137
f 608 1421 1978
f 610 1398 1991
f 627 1500 2225
f 630 1518 2302
f 635 1560 2178
f 615 1428 2153
f 617 1434 2009
f 637 1571 2207
f 604 1373 1926
f 416 911 1857
f 408 893 1803
f 406 888 1786
f 412 900 1822
f 415 906 1840
f 424 924 1876
f 492 1062 2182
f 582 1242 2312
f 565 1206 2276
f 514 1104 1898
f 461 1001 2091
f 453 983 2037
f 451 978 1952
f 457 990 2056
f 460 996 2074
f 475 1026 2128
f 439 954 1966
f 496 1068 1988
f 533 1140 2222
f 551 1181 2293
f 579 1235 2185
f 483 1043 1879
f 426 929 1893
f 521 1121 2271
f 566 1211 2307
f 489 1055 2163
f 578 1230 2150
f 560 1194 2006
f 518 1110 2204
f 429 935 1911
f 547 1169 2131
f 465 1007 1969
f 441 959 1983
f 504 1085 2217
f 537 1152 2290
f 550 1176 2168
f 476 1031 2145
f 444 965 2001
f 502 1079 2199
f 526 1128 1916
f 481 1038 1808
f 420 917 1789
f 510 1097 1825
f 555 1187 1843
f 571 1218 1862
f 540 1157 1933
f 473 1020 2110
f 447 972 2020
f 507 1092 2236
f 534 1145 2257
f 469 1014 2042
f 435 947 1947
f 498 1073 2059
f 529 1133 2077
f 545 1164 2096
f 487 1049 2113
f 574 1223 2023
f 562 1199 2239
f 520 1116 2254
f 432 942 1930
f 589 1283 1818
f 583 1259 1798
f 586 1295 1834
f 593 1313 1852
f 596 1331 1872
f 599 1379 1942
f 633 1541 2120
f 620 1452 2030
f 640 1578 2248
f 603 1368 2263
f 622 1487 2052
f 607 1391 1955
f 612 1440 2065
f 626 1511 2086
f 629 1529 2106
f 631 1547 2122
f 614 1469 2032
f 618 1458 2245
f 641 1584 2266
f 605 1362 1940
f 409 1269 1813
f 405 1245 1792
f 411 1252 1828
f 414 1288 1846
f 417 1306 1867
f 431 1336 1936
f 488 1551 2123
f 575 1473 2033
f 563 1599 2249
f 519 1354 2260
f 454 1479 2049
f 450 1401 1959
f 456 1408 2062
f 459 1492 2080
f 462 1504 2101
f 472 1533 2116
f 446 1414 2026
f 506 1444 2242
f 535 1594 2267
f 541 1383 1943
f 570 1323 1869
f 480 1275 1815
f 421 1263 1799
f 511 1299 1835
f 556 1317 1853
f 484 1341 1889
f 580 1564 2195
f 567 1462 2319
f 522 1588 2283
f 427 1347 1905
f 544 1521 2103
f 468 1420 2046
f 436 1395 1957
f 499 1497 2069
f 530 1515 2087
f 548 1557 2141
f 466 1425 1979
f 442 1431 1993
f 505 1570 2229
f 536 1372 2296
f 491 1282 2188
f 423 1258 1882
f 513 1294 1902
f 564 1312 2280
f 581 1330 2316
f 549 1378 2172
f 477 1540 2157
f 445 1449 2011
f 503 1575 2209
f 525 1365 1923
f 474 1486 2134
f 438 1390 1972
f 495 1437 1995
f 532 1510 2226
f 552 1528 2303
f 490 1546 2175
f 577 1468 2154
f 559 1455 2013
f 517 1581 2211
f 430 1359 1921
f 590 1272 1865
f 584 1248 1811
f 585 1253 1796
f 592 1289 1832
f 595 1307 1850
f 598 1337 1888
f 636 1554 2194
f 621 1476 2322
f 642 1602 2286
f 601 1355 1908
f 623 1482 2099
f 611 1404 2045
f 609 1409 1962
f 625 1493 2068
f 628 1505 2084
f 632 1536 2140
f 613 1415 1976
f 616 1445 1998
f 638 1595 2232
f 606 1386 2299
f 407 909 2330
f 403 891 2324
f 404 886 2325
f 410 898 2332
f 413 904 2335
f 422 922 2344
f 486 1060 2410
f 573 1240 2497
f 561 1204 2486
f 512 1102 2434
f 452 999 2375
f 448 981 2369
f 449 976 2370
f 455 988 2377
f 458 994 2380
f 470 1024 2393
f 437 952 2359
f 494 1066 2415
f 531 1138 2455
f 539 1179 2461
f 568 1233 2489
f 478 1041 2399
f 419 927 2341
f 509 1119 2431
f 554 1209 2476
f 482 1053 2405
f 576 1228 2500
f 558 1192 2481
f 516 1108 2439
f 425 933 2348
f 542 1167 2465
f 463 1005 2383
f 434 957 2356
f 497 1083 2420
f 528 1150 2452
f 546 1174 2471
f 464 1029 2386
f 440 963 2363
f 500 1077 2422
f 524 1126 2445
f 479 1036 2400
f 418 915 2338
f 508 1095 2428
f 553 1185 2473
f 569 1216 2490
f 538 1155 2458
f 471 1018 2394
f 443 970 2366
f 501 1090 2425
f 523 1143 2444
f 467 1012 2389
f 433 945 2353
f 493 1071 2414
f 527 1131 2449
f 543 1162 2466
f 485 1047 2407
f 572 1221 2494
f 557 1197 2480
f 515 1114 2438
f 428 940 2351
f 591 1284 2510
f 587 1260 2504
f 588 1296 2508
f 594 1314 2514
f 597 1332 2517
f 600 1380 2520
f 634 1542 2554
f 619 1451 2539
f 639 1577 2560
f 602 1367 2523
f 624 1488 2543
f 608 1392 2527
f 610 1439 2532
f 627 1512 2547
f 630 1530 2550
f 635 1548 2552
f 615 1470 2535
f 617 1457 2538
f 637 1583 2558
f 604 1361 2524
f 167 1616 1607
f 164 1608 1603
f 163 1606 1604
f 165 1612 1610
f 166 1615 1613
f 169 1624 1622
f 192 1692 1686
f 222 1782 1773
f 216 1765 1761
f 199 1714 1712
f 182 1661 1652
f 179 1653 1648
f 178 1651 1649
f 180 1657 1655
f 181 1660 1658
f 186 1675 1670
f 174 1639 1637
f 193 1696 1694
f 205 1733 1731
f 212 1751 1739
f 221 1779 1768
f 189 1683 1678
f 170 1626 1619
f 202 1721 1709
f 217 1766 1754
f 191 1689 1682
f 220 1778 1776
f 214 1760 1758
f 200 1718 1716
f 171 1629 1625
f 210 1747 1742
f 183 1665 1663
f 175 1641 1634
f 196 1704 1697
f 207 1737 1728
f 211 1750 1746
f 187 1676 1664
f 176 1644 1640
f 195 1702 1700
f 203 1726 1724
f 188 1681 1679
f 168 1620 1618
f 198 1710 1708
f 213 1755 1753
f 218 1771 1769
f 208 1740 1738
f 185 1673 1671
f 177 1647 1643
f 197 1707 1701
f 206 1734 1723
f 184 1669 1667
f 173 1635 1633
f 194 1698 1693
f 204 1729 1727
f 209 1745 1743
f 190 1687 1685
f 219 1774 1772
f 215 1762 1757
f 201 1720 1715
f 172 1632 1628
f 357 2189 2187
f 255 1883 1881
f 262 1903 1899
f 388 2281 2277
f 400 2317 2313
f 352 2173 2169
f 347 2158 2156
f 298 2012 2010
f 364 2210 2208
f 269 1924 1917
f 339 2135 2133
f 285 1973 1971
f 293 1996 1989
f 370 2227 2223
f 396 2304 2300
f 353 2176 2174
f 346 2155 2151
f 299 2014 2007
f 365 2212 2205
f 268 1922 1920
f 249 1864 1855
f 231 1810 1801
f 226 1795 1784
f 238 1831 1820
f 244 1849 1838
f 257 1887 1874
f 359 2193 2180
f 402 2321 2310
f 390 2285 2274
f 264 1907 1896
f 327 2098 2089
f 309 2044 2035
f 282 1961 1950
f 317 2067 2054
f 322 2083 2072
f 341 2139 2126
f 286 1975 1964
f 294 1997 1986
f 372 2231 2220
f 394 2298 2291
f 358 2190 2183
f 256 1884 1877
f 261 1900 1891
f 387 2278 2269
f 399 2314 2305
f 351 2170 2161
f 348 2159 2148
f 300 2015 2004
f 366 2213 2202
f 267 1918 1909
f 340 2136 2129
f 287 1977 1967
f 291 1990 1981
f 369 2224 2215
f 395 2301 2288
f 354 2177 2166
f 345 2152 2143
f 297 2008 1999
f 363 2206 2197
f 270 1925 1914
f 234 1817 1806
f 227 1797 1787
f 239 1833 1823
f 245 1851 1841
f 252 1871 1860
f 275 1941 1931
f 334 2119 2108
f 304 2029 2018
f 377 2247 2234
f 382 2262 2255
f 312 2051 2040
f 279 1954 1945
f 316 2064 2057
f 323 2085 2075
f 330 2105 2094
f 335 2121 2111
f 305 2031 2021
f 376 2244 2237
f 383 2265 2252
f 274 1939 1928
f 232 1814 1812
f 225 1793 1791
f 237 1829 1827
f 243 1847 1845
f 250 1868 1866
f 273 1937 1935
f 336 2124 2118
f 306 2034 2028
f 378 2250 2246
f 381 2261 2259
f 311 2050 2048
f 281 1960 1953
f 315 2063 2061
f 321 2081 2079
f 328 2102 2100
f 333 2117 2115
f 303 2027 2025
f 375 2243 2241
f 384 2268 2264
f 276 1944 1938
f 229 1804 1802
f 223 1785 1783
f 235 1821 1819
f 241 1839 1837
f 247 1858 1856
f 271 1929 1927
f 332 2114 2112
f 302 2024 2022
f 374 2240 2238
f 379 2253 2251
f 307 2038 2036
f 278 1951 1949
f 313 2055 2053
f 319 2073 2071
f 325 2092 2090
f 331 2109 2107
f 301 2019 2017
f 373 2235 2233
f 380 2258 2256
f 272 1934 1932
f 248 1861 1859
f 230 1807 1805
f 224 1790 1788
f 236 1826 1824
f 242 1844 1842
f 254 1880 1878
f 356 2186 2184
f 397 2308 2306
f 385 2272 2270
f 259 1894 1892
f 326 2095 2093
f 308 2041 2039
f 277 1948 1946
f 314 2060 2058
f 320 2078 2076
f 338 2132 2130
f 284 1970 1968
f 289 1984 1982
f 367 2218 2216
f 391 2289 2287
f 355 2181 2179
f 253 1875 1873
f 260 1897 1895
f 386 2275 2273
f 398 2311 2309
f 350 2167 2165
f 343 2146 2144
f 295 2002 2000
f 361 2200 2198
f 266 1915 1913
f 337 2127 2125
f 283 1965 1963
f 290 1987 1985
f 368 2221 2219
f 392 2294 2292
f 349 2164 2162
f 344 2149 2147
f 296 2005 2003
f 362 2203 2201
f 265 1912 1910
f 251 1870 1863
f 233 1816 1809
f 228 1800 1794
f 240 1836 1830
f 246 1854 1848
f 258 1890 1886
f 360 2196 2192
f 401 2320 2318
f 389 2284 2282
f 263 1906 1904
f 329 2104 2097
f 310 2047 2043
f 280 1958 1956
f 318 2070 2066
f 324 2088 2082
f 342 2142 2138
f 288 1980 1974
f 292 1994 1992
f 371 2230 2228
f 393 2297 2295
f 409 2329 2331
f 405 2323 2327
f 411 2326 2328
f 414 2333 2334
f 417 2336 2337
f 431 2345 2346
f 488 2409 2412
f 575 2496 2499
f 563 2485 2487
f 519 2435 2436
f 454 2374 2376
f 450 2368 2372
f 456 2371 2373
f 459 2378 2379
f 462 2381 2382
f 472 2392 2396
f 446 2360 2361
f 506 2416 2418
f 535 2456 2457
f 541 2460 2463
f 570 2488 2492
f 480 2398 2402
f 421 2340 2343
f 511 2430 2433
f 556 2475 2478
f 484 2404 2406
f 580 2501 2502
f 567 2482 2484
f 522 2440 2442
f 427 2347 2349
f 544 2464 2468
f 468 2384 2387
f 436 2355 2358
f 499 2419 2421
f 530 2451 2454
f 548 2470 2472
f 466 2385 2388
f 442 2362 2364
f 505 2423 2426
f 536 2446 2448
f 491 2401 2403
f 423 2339 2342
f 513 2429 2432
f 564 2474 2477
f 581 2491 2493
f 549 2459 2462
f 477 2395 2397
f 445 2365 2367
f 503 2424 2427
f 525 2443 2447
f 474 2390 2391
f 438 2354 2357
f 495 2413 2417
f 532 2450 2453
f 552 2467 2469
f 490 2408 2411
f 577 2495 2498
f 559 2479 2483
f 517 2437 2441
f 430 2350 2352
f 590 2511 2509
f 584 2505 2503
f 585 2507 2506
f 592 2513 2512
f 595 2516 2515
f 598 2519 2518
f 636 2556 2555
f 621 2540 2541
f 642 2561 2562
f 601 2521 2522
f 623 2544 2542
f 611 2529 2528
f 609 2530 2531
f 625 2546 2545
f 628 2549 2548
f 632 2553 2551
f 613 2534 2533
f 616 2536 2537
f 638 2557 2559
f 606 2525 2526
f 1607 644 647
f 1603 643 644
f 1604 645 643
f 1610 646 645
f 1613 647 646
f 1622 652 649
f 1686 670 672
f 1773 699 702
f 1761 695 696
f 1712 681 679
f 1652 659 662
f 1648 658 659
f 1649 660 658
f 1655 661 660
f 1658 662 661
f 1670 665 666
f 1637 657 654
f 1694 677 673
f 1731 686 685
f 1739 688 692
f 1768 698 701
f 1678 668 669
f 1619 648 650
f 1709 678 682
f 1754 693 697
f 1682 669 671
f 1776 701 700
f 1758 697 694
f 1716 682 680
f 1625 650 651
f 1742 689 690
f 1663 664 663
f 1634 653 655
f 1697 674 676
f 1728 684 687
f 1746 690 691
f 1664 663 667
f 1640 655 656
f 1700 676 675
f 1724 687 683
f 1679 672 668
f 1618 649 648
f 1708 679 678
f 1753 696 693
f 1769 702 698
f 1738 691 688
f 1671 667 665
f 1643 656 657
f 1701 675 677
f 1723 683 686
f 1667 666 664
f 1633 654 653
f 1693 673 674
f 1727 685 684
f 1743 692 689
f 1685 671 670
f 1772 700 699
f 1757 694 695
f 1715 680 681
f 1628 651 652
f 2187 838 837
f 1881 736 735
f 1899 741 742
f 2277 867 868
f 2313 879 880
f 2169 831 832
f 2156 828 827
f 2010 780 778
f 2208 846 844
f 1917 747 749
f 2133 820 819
f 1971 767 765
f 1989 771 773
f 2223 849 850
f 2300 875 876
f 2174 834 833
f 2151 825 826
f 2007 777 779
f 2205 843 845
f 1920 750 748
f 1855 727 729
f 1801 709 711
f 1784 703 706
f 1820 715 718
f 1838 721 724
f 1874 733 737
f 2180 835 839
f 2310 878 882
f 2274 866 870
f 1896 740 744
f 2089 805 807
f 2035 787 789
f 1950 758 762
f 2054 793 797
f 2072 799 802
f 2126 817 821
f 1964 763 766
f 1986 770 774
f 2220 848 852
f 2291 872 874
f 2183 836 838
f 1877 734 736
f 1891 739 741
f 2269 865 867
f 2305 877 879
f 2161 829 831
f 2148 824 828
f 2004 776 780
f 2202 842 846
f 1909 745 747
f 2129 818 820
f 1967 764 767
f 1981 769 771
f 2215 847 849
f 2288 871 875
f 2166 830 834
f 2143 823 825
f 1999 775 777
f 2197 841 843
f 1914 746 750
f 1806 710 714
f 1787 704 707
f 1823 716 719
f 1841 722 725
f 1860 728 732
f 1931 752 755
f 2108 811 814
f 2018 781 784
f 2234 853 857
f 2255 860 862
f 2040 788 792
f 1945 757 759
f 2057 794 796
f 2075 800 803
f 2094 806 810
f 2111 812 815
f 2021 782 785
f 2237 854 856
f 2252 859 863
f 1928 751 754
f 1812 714 712
f 1791 707 705
f 1827 719 717
f 1845 725 723
f 1866 732 730
f 1935 755 753
f 2118 814 816
f 2028 784 786
f 2246 857 858
f 2259 862 861
f 2048 792 791
f 1953 759 761
f 2061 796 795
f 2079 803 801
f 2100 810 808
f 2115 815 813
f 2025 785 783
f 2241 856 855
f 2264 863 864
f 1938 754 756
f 1802 712 709
f 1783 705 703
f 1819 717 715
f 1837 723 721
f 1856 730 727
f 1927 753 751
f 2112 816 812
f 2022 786 782
f 2238 858 854
f 2251 861 859
f 2036 791 787
f 1949 761 758
f 2053 795 793
f 2071 801 799
f 2090 808 805
f 2107 813 811
f 2017 783 781
f 2233 855 853
f 2256 864 860
f 1932 756 752
f 1859 731 728
f 1805 713 710
f 1788 708 704
f 1824 720 716
f 1842 726 722
f 1878 738 734
f 2184 840 836
f 2306 881 877
f 2270 869 865
f 1892 743 739
f 2093 809 806
f 2039 790 788
f 1946 760 757
f 2058 798 794
f 2076 804 800
f 2130 822 818
f 1968 768 764
f 1982 772 769
f 2216 851 847
f 2287 873 871
f 2179 837 835
f 1873 735 733
f 1895 742 740
f 2273 868 866
f 2309 880 878
f 2165 832 830
f 2144 827 823
f 2000 778 775
f 2198 844 841
f 1913 749 746
f 2125 819 817
f 1963 765 763
f 1985 773 770
f 2219 850 848
f 2292 876 872
f 2162 833 829
f 2147 826 824
f 2003 779 776
f 2201 845 842
f 1910 748 745
f 1863 729 731
f 1809 711 713
f 1794 706 708
f 1830 718 720
f 1848 724 726
f 1886 737 738
f 2192 839 840
f 2318 882 881
f 2282 870 869
f 1904 744 743
f 2097 807 809
f 2043 789 790
f 1956 762 760
f 2066 797 798
f 2082 802 804
f 2138 821 822
f 1974 766 768
f 1992 774 772
f 2228 852 851
f 2295 874 873
f 2331 1270 1269
f 2327 1246 1245
f 2328 1251 1252
f 2334 1287 1288
f 2337 1305 1306
f 2346 1335 1336
f 2412 1552 1551
f 2499 1474 1473
f 2487 1600 1599
f 2436 1353 1354
f 2376 1480 1479
f 2372 1402 1401
f 2373 1407 1408
f 2379 1491 1492
f 2382 1503 1504
f 2396 1534 1533
f 2361 1413 1414
f 2418 1443 1444
f 2457 1593 1594
f 2463 1384 1383
f 2492 1324 1323
f 2402 1276 1275
f 2343 1264 1263
f 2433 1300 1299
f 2478 1318 1317
f 2406 1342 1341
f 2502 1563 1564
f 2484 1461 1462
f 2442 1587 1588
f 2349 1348 1347
f 2468 1522 1521
f 2387 1419 1420
f 2358 1396 1395
f 2421 1498 1497
f 2454 1516 1515
f 2472 1558 1557
f 2388 1426 1425
f 2364 1432 1431
f 2426 1569 1570
f 2448 1371 1372
f 2403 1281 1282
f 2342 1257 1258
f 2432 1293 1294
f 2477 1311 1312
f 2493 1329 1330
f 2462 1377 1378
f 2397 1539 1540
f 2367 1450 1449
f 2427 1576 1575
f 2447 1366 1365
f 2391 1485 1486
f 2357 1389 1390
f 2417 1438 1437
f 2453 1509 1510
f 2469 1527 1528
f 2411 1545 1546
f 2498 1467 1468
f 2483 1456 1455
f 2441 1582 1581
f 2352 1360 1359
f 2509 1271 1272
f 2503 1247 1248
f 2506 1254 1253
f 2512 1290 1289
f 2515 1308 1307
f 2518 1338 1337
f 2555 1553 1554
f 2541 1475 1476
f 2562 1601 1602
f 2522 1356 1355
f 2542 1481 1482
f 2528 1403 1404
f 2531 1410 1409
f 2545 1494 1493
f 2548 1506 1505
f 2551 1535 1536
f 2533 1416 1415
f 2537 1446 1445
f 2559 1596 1595
f 2526 1385 1386
f 1616 907 909
f 1608 889 891
f 1606 883 886
f 1612 895 898
f 1615 901 904
f 1624 919 922
f 1692 1057 1060
f 1782 1237 1240
f 1765 1201 1204
f 1714 1099 1102
f 1661 997 999
f 1653 979 981
f 1651 973 976
f 1657 985 988
f 1660 991 994
f 1675 1021 1024
f 1639 949 952
f 1696 1063 1066
f 1733 1135 1138
f 1751 1177 1179
f 1779 1231 1233
f 1683 1039 1041
f 1626 925 927
f 1721 1117 1119
f 1766 1207 1209
f 1689 1051 1053
f 1778 1225 1228
f 1760 1189 1192
f 1718 1105 1108
f 1629 931 933
f 1747 1165 1167
f 1665 1003 1005
f 1641 955 957
f 1704 1081 1083
f 1737 1147 1150
f 1750 1171 1174
f 1676 1027 1029
f 1644 961 963
f 1702 1075 1077
f 1726 1123 1126
f 1681 1033 1036
f 1620 913 915
f 1710 1093 1095
f 1755 1183 1185
f 1771 1213 1216
f 1740 1153 1155
f 1673 1015 1018
f 1647 967 970
f 1707 1087 1090
f 1734 1141 1143
f 1669 1009 1012
f 1635 943 945
f 1698 1069 1071
f 1729 1129 1131
f 1745 1159 1162
f 1687 1045 1047
f 1774 1219 1221
f 1762 1195 1197
f 1720 1111 1114
f 1632 937 940
f 2189 1280 1284
f 1883 1256 1260
f 1903 1292 1296
f 2281 1310 1314
f 2317 1328 1332
f 2173 1376 1380
f 2158 1538 1542
f 2012 1447 1451
f 2210 1573 1577
f 1924 1363 1367
f 2135 1484 1488
f 1973 1388 1392
f 1996 1435 1439
f 2227 1508 1512
f 2304 1526 1530
f 2176 1544 1548
f 2155 1466 1470
f 2014 1453 1457
f 2212 1579 1583
f 1922 1357 1361
f 1864 1268 1270
f 1810 1244 1246
f 1795 1249 1251
f 1831 1285 1287
f 1849 1303 1305
f 1887 1333 1335
f 2193 1550 1552
f 2321 1472 1474
f 2285 1598 1600
f 1907 1351 1353
f 2098 1478 1480
f 2044 1400 1402
f 1961 1405 1407
f 2067 1489 1491
f 2083 1501 1503
f 2139 1532 1534
f 1975 1411 1413
f 1997 1441 1443
f 2231 1591 1593
f 2298 1382 1384
f 2190 1322 1324
f 1884 1274 1276
f 1900 1262 1264
f 2278 1298 1300
f 2314 1316 1318
f 2170 1340 1342
f 2159 1561 1563
f 2015 1459 1461
f 2213 1585 1587
f 1918 1346 1348
f 2136 1520 1522
f 1977 1417 1419
f 1990 1394 1396
f 2224 1496 1498
f 2301 1514 1516
f 2177 1556 1558
f 2152 1424 1426
f 2008 1430 1432
f 2206 1567 1569
f 1925 1369 1371
f 1817 1279 1281
f 1797 1255 1257
f 1833 1291 1293
f 1851 1309 1311
f 1871 1327 1329
f 1941 1375 1377
f 2119 1537 1539
f 2029 1448 1450
f 2247 1574 1576
f 2262 1364 1366
f 2051 1483 1485
f 1954 1387 1389
f 2064 1436 1438
f 2085 1507 1509
f 2105 1525 1527
f 2121 1543 1545
f 2031 1465 1467
f 2244 1454 1456
f 2265 1580 1582
f 1939 1358 1360
f 1814 1267 1271
f 1793 1243 1247
f 1829 1250 1254
f 1847 1286 1290
f 1868 1304 1308
f 1937 1334 1338
f 2124 1549 1553
f 2034 1471 1475
f 2250 1597 1601
f 2261 1352 1356
f 2050 1477 1481
f 1960 1399 1403
f 2063 1406 1410
f 2081 1490 1494
f 2102 1502 1506
f 2117 1531 1535
f 2027 1412 1416
f 2243 1442 1446
f 2268 1592 1596
f 1944 1381 1385
f 1804 890 894
f 1785 884 887
f 1821 896 899
f 1839 902 905
f 1858 908 912
f 1929 938 941
f 2114 1046 1050
f 2024 1220 1224
f 2240 1196 1200
f 2253 1112 1115
f 2038 980 984
f 1951 974 977
f 2055 986 989
f 2073 992 995
f 2092 998 1002
f 2109 1016 1019
f 2019 968 971
f 2235 1088 1091
f 2258 1142 1146
f 1934 1154 1158
f 1861 1214 1217
f 1807 1034 1037
f 1790 914 918
f 1826 1094 1098
f 1844 1184 1188
f 1880 1040 1044
f 2186 1232 1236
f 2308 1208 1212
f 2272 1118 1122
f 1894 926 930
f 2095 1160 1163
f 2041 1010 1013
f 1948 944 948
f 2060 1070 1074
f 2078 1130 1134
f 2132 1166 1170
f 1970 1004 1008
f 1984 956 960
f 2218 1082 1086
f 2289 1148 1151
f 2181 1058 1061
f 1875 920 923
f 1897 1100 1103
f 2275 1202 1205
f 2311 1238 1241
f 2167 1172 1175
f 2146 1028 1032
f 2002 962 966
f 2200 1076 1080
f 1915 1124 1127
f 2127 1022 1025
f 1965 950 953
f 1987 1064 1067
f 2221 1136 1139
f 2294 1178 1182
f 2164 1052 1056
f 2149 1226 1229
f 2005 1190 1193
f 2203 1106 1109
f 1912 932 936
f 1870 1321 1325
f 1816 1273 1277
f 1800 1261 1265
f 1836 1297 1301
f 1854 1315 1319
f 1890 1339 1343
f 2196 1562 1566
f 2320 1460 1464
f 2284 1586 1590
f 1906 1345 1349
f 2104 1519 1523
f 2047 1418 1422
f 1958 1393 1397
f 2070 1495 1499
f 2088 1513 1517
f 2142 1555 1559
f 1980 1423 1427
f 1994 1429 1433
f 2230 1568 1572
f 2297 1370 1374
f 2329 894 892
f 2323 887 885
f 2326 899 897
f 2333 905 903
f 2336 912 910
f 2345 941 939
f 2409 1050 1048
f 2496 1224 1222
f 2485 1200 1198
f 2435 1115 1113
f 2374 984 982
f 2368 977 975
f 2371 989 987
f 2378 995 993
f 2381 1002 1000
f 2392 1019 1017
f 2360 971 969
f 2416 1091 1089
f 2456 1146 1144
f 2460 1158 1156
f 2488 1217 1215
f 2398 1037 1035
f 2340 918 916
f 2430 1098 1096
f 2475 1188 1186
f 2404 1044 1042
f 2501 1236 1234
f 2482 1212 1210
f 2440 1122 1120
f 2347 930 928
f 2464 1163 1161
f 2384 1013 1011
f 2355 948 946
f 2419 1074 1072
f 2451 1134 1132
f 2470 1170 1168
f 2385 1008 1006
f 2362 960 958
f 2423 1086 1084
f 2446 1151 1149
f 2401 1061 1059
f 2339 923 921
f 2429 1103 1101
f 2474 1205 1203
f 2491 1241 1239
f 2459 1175 1173
f 2395 1032 1030
f 2365 966 964
f 2424 1080 1078
f 2443 1127 1125
f 2390 1025 1023
f 2354 953 951
f 2413 1067 1065
f 2450 1139 1137
f 2467 1182 1180
f 2408 1056 1054
f 2495 1229 1227
f 2479 1193 1191
f 2437 1109 1107
f 2350 936 934
f 2511 1325 1326
f 2505 1277 1278
f 2507 1265 1266
f 2513 1301 1302
f 2516 1319 1320
f 2519 1343 1344
f 2556 1566 1565
f 2540 1464 1463
f 2561 1590 1589
f 2521 1349 1350
f 2544 1523 1524
f 2529 1422 1421
f 2530 1397 1398
f 2546 1499 1500
f 2549 1517 1518
f 2553 1559 1560
f 2534 1427 1428
f 2536 1433 1434
f 2557 1572 1571
f 2525 1374 1373
f 1609 892 889
f 1605 885 883
f 1611 897 895
f 1614 903 901
f 1617 910 907
f 1631 939 937
f 1688 1048 1045
f 1775 1222 1219
f 1763 1198 1195
f 1719 1113 1111
f 1654 982 979
f 1650 975 973
f 1656 987 985
f 1659 993 991
f 1662 1000 997
f 1672 1017 1015
f 1646 969 967
f 1706 1089 1087
f 1735 1144 1141
f 1741 1156 1153
f 1770 1215 1213
f 1680 1035 1033
f 1621 916 913
f 1711 1096 1093
f 1756 1186 1183
f 1684 1042 1039
f 1780 1234 1231
f 1767 1210 1207
f 1722 1120 1117
f 1627 928 925
f 1744 1161 1159
f 1668 1011 1009
f 1636 946 943
f 1699 1072 1069
f 1730 1132 1129
f 1748 1168 1165
f 1666 1006 1003
f 1642 958 955
f 1705 1084 1081
f 1736 1149 1147
f 1691 1059 1057
f 1623 921 919
f 1713 1101 1099
f 1764 1203 1201
f 1781 1239 1237
f 1749 1173 1171
f 1677 1030 1027
f 1645 964 961
f 1703 1078 1075
f 1725 1125 1123
f 1674 1023 1021
f 1638 951 949
f 1695 1065 1063
f 1732 1137 1135
f 1752 1180 1177
f 1690 1054 1051
f 1777 1227 1225
f 1759 1191 1189
f 1717 1107 1105
f 1630 934 931
f 2191 1326 1322
f 1885 1278 1274
f 1901 1266 1262
f 2279 1302 1298
f 2315 1320 1316
f 2171 1344 1340
f 2160 1565 1561
f 2016 1463 1459
f 2214 1589 1585
f 1919 1350 1346
f 2137 1524 1520
f 1978 1421 1417
f 1991 1398 1394
f 2225 1500 1496
f 2302 1518 1514
f 2178 1560 1556
f 2153 1428 1424
f 2009 1434 1430
f 2207 1571 1567
f 1926 1373 1369
f 1857 911 908
f 1803 893 890
f 1786 888 884
f 1822 900 896
f 1840 906 902
f 1876 924 920
f 2182 1062 1058
f 2312 1242 1238
f 2276 1206 1202
f 1898 1104 1100
f 2091 1001 998
f 2037 983 980
f 1952 978 974
f 2056 990 986
f 2074 996 992
f 2128 1026 1022
f 1966 954 950
f 1988 1068 1064
f 2222 1140 1136
f 2293 1181 1178
f 2185 1235 1232
f 1879 1043 1040
f 1893 929 926
f 2271 1121 1118
f 2307 1211 1208
f 2163 1055 1052
f 2150 1230 1226
f 2006 1194 1190
f 2204 1110 1106
f 1911 935 932
f 2131 1169 1166
f 1969 1007 1004
f 1983 959 956
f 2217 1085 1082
f 2290 1152 1148
f 2168 1176 1172
f 2145 1031 1028
f 2001 965 962
f 2199 1079 1076
f 1916 1128 1124
f 1808 1038 1034
f 1789 917 914
f 1825 1097 1094
f 1843 1187 1184
f 1862 1218 1214
f 1933 1157 1154
f 2110 1020 1016
f 2020 972 968
f 2236 1092 1088
f 2257 1145 1142
f 2042 1014 1010
f 1947 947 944
f 2059 1073 1070
f 2077 1133 1130
f 2096 1164 1160
f 2113 1049 1046
f 2023 1223 1220
f 2239 1199 1196
f 2254 1116 1112
f 1930 942 938
f 1818 1283 1279
f 1798 1259 1255
f 1834 1295 1291
f 1852 1313 1309
f 1872 1331 1327
f 1942 1379 1375
f 2120 1541 1537
f 2030 1452 1448
f 2248 1578 1574
f 2263 1368 1364
f 2052 1487 1483
f 1955 1391 1387
f 2065 1440 1436
f 2086 1511 1507
f 2106 1529 1525
f 2122 1547 1543
f 2032 1469 1465
f 2245 1458 1454
f 2266 1584 1580
f 1940 1362 1358
f 1813 1269 1267
f 1792 1245 1243
f 1828 1252 1250
f 1846 1288 1286
f 1867 1306 1304
f 1936 1336 1334
f 2123 1551 1549
f 2033 1473 1471
f 2249 1599 1597
f 2260 1354 1352
f 2049 1479 1477
f 1959 1401 1399
f 2062 1408 1406
f 2080 1492 1490
f 2101 1504 1502
f 2116 1533 1531
f 2026 1414 1412
f 2242 1444 1442
f 2267 1594 1592
f 1943 1383 1381
f 1869 1323 1321
f 1815 1275 1273
f 1799 1263 1261
f 1835 1299 1297
f 1853 1317 1315
f 1889 1341 1339
f 2195 1564 1562
f 2319 1462 1460
f 2283 1588 1586
f 1905 1347 1345
f 2103 1521 1519
f 2046 1420 1418
f 1957 1395 1393
f 2069 1497 1495
f 2087 1515 1513
f 2141 1557 1555
f 1979 1425 1423
f 1993 1431 1429
f 2229 1570 1568
f 2296 1372 1370
f 2188 1282 1280
f 1882 1258 1256
f 1902 1294 1292
f 2280 1312 1310
f 2316 1330 1328
f 2172 1378 1376
f 2157 1540 1538
f 2011 1449 1447
f 2209 1575 1573
f 1923 1365 1363
f 2134 1486 1484
f 1972 1390 1388
f 1995 1437 1435
f 2226 1510 1508
f 2303 1528 1526
f 2175 1546 1544
f 2154 1468 1466
f 2013 1455 1453
f 2211 1581 1579
f 1921 1359 1357
f 1865 1272 1268
f 1811 1248 1244
f 1796 1253 1249
f 1832 1289 1285
f 1850 1307 1303
f 1888 1337 1333
f 2194 1554 1550
f 2322 1476 1472
f 2286 1602 1598
f 1908 1355 1351
f 2099 1482 1478
f 2045 1404 1400
f 1962 1409 1405
f 2068 1493 1489
f 2084 1505 1501
f 2140 1536 1532
f 1976 1415 1411
f 1998 1445 1441
f 2232 1595 1591
f 2299 1386 1382
f 2330 909 911
f 2324 891 893
f 2325 886 888
f 2332 898 900
f 2335 904 906
f 2344 922 924
f 2410 1060 1062
f 2497 1240 1242
f 2486 1204 1206
f 2434 1102 1104
f 2375 999 1001
f 2369 981 983
f 2370 976 978
f 2377 988 990
f 2380 994 996
f 2393 1024 1026
f 2359 952 954
f 2415 1066 1068
f 2455 1138 1140
f 2461 1179 1181
f 2489 1233 1235
f 2399 1041 1043
f 2341 927 929
f 2431 1119 1121
f 2476 1209 1211
f 2405 1053 1055
f 2500 1228 1230
f 2481 1192 1194
f 2439 1108 1110
f 2348 933 935
f 2465 1167 1169
f 2383 1005 1007
f 2356 957 959
f 2420 1083 1085
f 2452 1150 1152
f 2471 1174 1176
f 2386 1029 1031
f 2363 963 965
f 2422 1077 1079
f 2445 1126 1128
f 2400 1036 1038
f 2338 915 917
f 2428 1095 1097
f 2473 1185 1187
f 2490 1216 1218
f 2458 1155 1157
f 2394 1018 1020
f 2366 970 972
f 2425 1090 1092
f 2444 1143 1145
f 2389 1012 1014
f 2353 945 947
f 2414 1071 1073
f 2449 1131 1133
f 2466 1162 1164
f 2407 1047 1049
f 2494 1221 1223
f 2480 1197 1199
f 2438 1114 1116
f 2351 940 942
f 2510 1284 1283
f 2504 1260 1259
f 2508 1296 1295
f 2514 1314 1313
f 2517 1332 1331
f 2520 1380 1379
f 2554 1542 1541
f 2539 1451 1452
f 2560 1577 1578
f 2523 1367 1368
f 2543 1488 1487
f 2527 1392 1391
f 2532 1439 1440
f 2547 1512 1511
f 2550 1530 1529
f 2552 1548 1547
f 2535 1470 1469
f 2538 1457 1458
f 2558 1583 1584
f 2524 1361 1362
f 1607 1616 1609
f 1603 1608 1605
f 1604 1606 1611
f 1610 1612 1614
f 1613 1615 1617
f 1622 1624 1631
f 1686 1692 1688
f 1773 1782 1775
f 1761 1765 1763
f 1712 1714 1719
f 1652 1661 1654
f 1648 1653 1650
f 1649 1651 1656
f 1655 1657 1659
f 1658 1660 1662
f 1670 1675 1672
f 1637 1639 1646
f 1694 1696 1706
f 1731 1733 1735
f 1739 1751 1741
f 1768 1779 1770
f 1678 1683 1680
f 1619 1626 1621
f 1709 1721 1711
f 1754 1766 1756
f 1682 1689 1684
f 1776 1778 1780
f 1758 1760 1767
f 1716 1718 1722
f 1625 1629 1627
f 1742 1747 1744
f 1663 1665 1668
f 1634 1641 1636
f 1697 1704 1699
f 1728 1737 1730
f 1746 1750 1748
f 1664 1676 1666
f 1640 1644 1642
f 1700 1702 1705
f 1724 1726 1736
f 1679 1681 1691
f 1618 1620 1623
f 1708 1710 1713
f 1753 1755 1764
f 1769 1771 1781
f 1738 1740 1749
f 1671 1673 1677
f 1643 1647 1645
f 1701 1707 1703
f 1723 1734 1725
f 1667 1669 1674
f 1633 1635 1638
f 1693 1698 1695
f 1727 1729 1732
f 1743 1745 1752
f 1685 1687 1690
f 1772 1774 1777
f 1757 1762 1759
f 1715 1720 1717
f 1628 1632 1630
f 2187 2189 2191
f 1881 1883 1885
f 1899 1903 1901
f 2277 2281 2279
f 2313 2317 2315
f 2169 2173 2171
f 2156 2158 2160
f 2010 2012 2016
f 2208 2210 2214
f 1917 1924 1919
f 2133 2135 2137
f 1971 1973 1978
f 1989 1996 1991
f 2223 2227 2225
f 2300 2304 2302
f 2174 2176 2178
f 2151 2155 2153
f 2007 2014 2009
f 2205 2212 2207
f 1920 1922 1926
f 1855 1864 1857
f 1801 1810 1803
f 1784 1795 1786
f 1820 1831 1822
f 1838 1849 1840
f 1874 1887 1876
f 2180 2193 2182
f 2310 2321 2312
f 2274 2285 2276
f 1896 1907 1898
f 2089 2098 2091
f 2035 2044 2037
f 1950 1961 1952
f 2054 2067 2056
f 2072 2083 2074
f 2126 2139 2128
f 1964 1975 1966
f 1986 1997 1988
f 2220 2231 2222
f 2291 2298 2293
f 2183 2190 2185
f 1877 1884 1879
f 1891 1900 1893
f 2269 2278 2271
f 2305 2314 2307
f 2161 2170 2163
f 2148 2159 2150
f 2004 2015 2006
f 2202 2213 2204
f 1909 1918 1911
f 2129 2136 2131
f 1967 1977 1969
f 1981 1990 1983
f 2215 2224 2217
f 2288 2301 2290
f 2166 2177 2168
f 2143 2152 2145
f 1999 2008 2001
f 2197 2206 2199
f 1914 1925 1916
f 1806 1817 1808
f 1787 1797 1789
f 1823 1833 1825
f 1841 1851 1843
f 1860 1871 1862
f 1931 1941 1933
f 2108 2119 2110
f 2018 2029 2020
f 2234 2247 2236
f 2255 2262 2257
f 2040 2051 2042
f 1945 1954 1947
f 2057 2064 2059
f 2075 2085 2077
f 2094 2105 2096
f 2111 2121 2113
f 2021 2031 2023
f 2237 2244 2239
f 2252 2265 2254
f 1928 1939 1930
f 1812 1814 1818
f 1791 1793 1798
f 1827 1829 1834
f 1845 1847 1852
f 1866 1868 1872
f 1935 1937 1942
f 2118 2124 2120
f 2028 2034 2030
f 2246 2250 2248
f 2259 2261 2263
f 2048 2050 2052
f 1953 1960 1955
f 2061 2063 2065
f 2079 2081 2086
f 2100 2102 2106
f 2115 2117 2122
f 2025 2027 2032
f 2241 2243 2245
f 2264 2268 2266
f 1938 1944 1940
f 1802 1804 1813
f 1783 1785 1792
f 1819 1821 1828
f 1837 1839 1846
f 1856 1858 1867
f 1927 1929 1936
f 2112 2114 2123
f 2022 2024 2033
f 2238 2240 2249
f 2251 2253 2260
f 2036 2038 2049
f 1949 1951 1959
f 2053 2055 2062
f 2071 2073 2080
f 2090 2092 2101
f 2107 2109 2116
f 2017 2019 2026
f 2233 2235 2242
f 2256 2258 2267
f 1932 1934 1943
f 1859 1861 1869
f 1805 1807 1815
f 1788 1790 1799
f 1824 1826 1835
f 1842 1844 1853
f 1878 1880 1889
f 2184 2186 2195
f 2306 2308 2319
f 2270 2272 2283
f 1892 1894 1905
f 2093 2095 2103
f 2039 2041 2046
f 1946 1948 1957
f 2058 2060 2069
f 2076 2078 2087
f 2130 2132 2141
f 1968 1970 1979
f 1982 1984 1993
f 2216 2218 2229
f 2287 2289 2296
f 2179 2181 2188
f 1873 1875 1882
f 1895 1897 1902
f 2273 2275 2280
f 2309 2311 2316
f 2165 2167 2172
f 2144 2146 2157
f 2000 2002 2011
f 2198 2200 2209
f 1913 1915 1923
f 2125 2127 2134
f 1963 1965 1972
f 1985 1987 1995
f 2219 2221 2226
f 2292 2294 2303
f 2162 2164 2175
f 2147 2149 2154
f 2003 2005 2013
f 2201 2203 2211
f 1910 1912 1921
f 1863 1870 1865
f 1809 1816 1811
f 1794 1800 1796
f 1830 1836 1832
f 1848 1854 1850
f 1886 1890 1888
f 2192 2196 2194
f 2318 2320 2322
f 2282 2284 2286
f 1904 1906 1908
f 2097 2104 2099
f 2043 2047 2045
f 1956 1958 1962
f 2066 2070 2068
f 2082 2088 2084
f 2138 2142 2140
f 1974 1980 1976
f 1992 1994 1998
f 2228 2230 2232
f 2295 2297 2299
f 2331 2329 2330
f 2327 2323 2324
f 2328 2326 2325
f 2334 2333 2332
f 2337 2336 2335
f 2346 2345 2344
f 2412 2409 2410
f 2499 2496 2497
f 2487 2485 2486
f 2436 2435 2434
f 2376 2374 2375
f 2372 2368 2369
f 2373 2371 2370
f 2379 2378 2377
f 2382 2381 2380
f 2396 2392 2393
f 2361 2360 2359
f 2418 2416 2415
f 2457 2456 2455
f 2463 2460 2461
f 2492 2488 2489
f 2402 2398 2399
f 2343 2340 2341
f 2433 2430 2431
f 2478 2475 2476
f 2406 2404 2405
f 2502 2501 2500
f 2484 2482 2481
f 2442 2440 2439
f 2349 2347 2348
f 2468 2464 2465
f 2387 2384 2383
f 2358 2355 2356
f 2421 2419 2420
f 2454 2451 2452
f 2472 2470 2471
f 2388 2385 2386
f 2364 2362 2363
f 2426 2423 2422
f 2448 2446 2445
f 2403 2401 2400
f 2342 2339 2338
f 2432 2429 2428
f 2477 2474 2473
f 2493 2491 2490
f 2462 2459 2458
f 2397 2395 2394
f 2367 2365 2366
f 2427 2424 2425
f 2447 2443 2444
f 2391 2390 2389
f 2357 2354 2353
f 2417 2413 2414
f 2453 2450 2449
f 2469 2467 2466
f 2411 2408 2407
f 2498 2495 2494
f 2483 2479 2480
f 2441 2437 2438
f 2352 2350 2351
f 2509 2511 2510
f 2503 2505 2504
f 2506 2507 2508
f 2512 2513 2514
f 2515 2516 2517
f 2518 2519 2520
f 2555 2556 2554
f 2541 2540 2539
f 2562 2561 2560
f 2522 2521 2523
f 2542 2544 2543
f 2528 2529 2527
f 2531 2530 2532
f 2545 2546 2547
f 2548 2549 2550
f 2551 2553 2552
f 2533 2534 2535
f 2537 2536 2538
f 2559 2557 2558
f 2526 2525 2524