v -0.131500 0.346573 -0.165550
v 0.147494 0.361430 -0.173404
v -0.279774 -0.523992 0.020656
v 0.288608 -0.521839 0.018578
v -0.006150 -0.408564 0.707089
v -0.025989 0.114393 0.409493
v -0.001683 -0.079738 -0.408674
v -0.014782 0.403955 -0.711986
v 0.449120 0.072270 -0.253502
v 0.439504 0.061500 0.230379
v -0.438549 0.074140 -0.271445
v -0.428363 0.054191 0.238338
v 0.001843 0.504843 -0.191806
v -0.062549 0.213536 -0.058988
v -0.200963 0.663027 -0.411568
v -0.299599 0.139524 -0.244024
v -0.321691 0.097500 0.032609
v 0.038725 0.215187 -0.044912
v 0.213015 0.651903 -0.431594
v 0.313609 0.134019 -0.252024
v 0.338234 0.100825 0.016318
v 0.004468 -0.562144 0.019169
v -0.198934 -0.630431 0.424372
v -0.168267 -0.512121 -0.289120
v -0.318394 -0.041748 -0.094755
v -0.315543 -0.084095 0.213317
v 0.203909 -0.629871 0.421728
v 0.174380 -0.520722 -0.288357
v 0.321789 -0.047845 -0.085135
v 0.320982 -0.099075 0.195921
v -0.017293 -0.037209 0.719587
v 0.302868 -0.158941 0.579004
v -0.300081 -0.150317 0.579731
v 0.206394 0.049650 0.427688
v -0.221182 0.024163 0.431646
v -0.022309 0.040974 -0.726003
v 0.189445 0.022001 -0.398446
v -0.192203 0.036148 -0.407771
v 0.317680 0.189062 -0.652439
v -0.317658 0.197917 -0.627660
v 0.510406 0.054059 -0.003635
v -0.500105 0.036646 -0.017858
v -0.076879 0.461893 -0.176180
v -0.090444 0.286496 -0.140973
v -0.159410 0.473061 -0.245494
v -0.194102 0.259856 -0.201128
v -0.185166 0.199652 -0.115827
v 0.082002 0.472276 -0.188389
v 0.089214 0.293741 -0.146449
v 0.174814 0.481106 -0.262864
v 0.212480 0.258918 -0.218990
v 0.193136 0.196954 -0.135302
v -0.161156 -0.598469 0.009505
v -0.214768 -0.490821 0.180857
v -0.324133 -0.747916 -0.154717
v -0.344493 -0.361913 -0.048010
v -0.292186 -0.314851 0.122983
v 0.172267 -0.601157 0.014669
v 0.225922 -0.492923 0.179506
v 0.324512 -0.749824 -0.153786
v 0.351733 -0.367278 -0.049226
v 0.301381 -0.320503 0.116593
v -0.123496 -0.632167 0.670656
v 0.122246 -0.632310 0.678373
v -0.023340 -0.198346 0.774648
v 0.171696 -0.329587 0.705316
v -0.181653 -0.321900 0.701970
v -0.059079 0.147163 0.197334
v 0.016185 0.147079 0.203159
v -0.021610 0.071434 0.598481
v 0.070973 0.103307 0.460047
v -0.110427 0.090521 0.445019
v -0.062514 -0.256216 -0.360124
v 0.063717 -0.263765 -0.369821
v -0.009508 0.007715 -0.522761
v 0.068336 -0.019102 -0.404666
v -0.070781 -0.012615 -0.405837
v -0.132852 0.579455 -0.630288
v 0.116994 0.564389 -0.640133
v -0.021333 0.218190 -0.776406
v 0.168035 0.324932 -0.745669
v -0.194961 0.329937 -0.733285
v 0.436755 0.076785 -0.257367
v 0.385331 0.096618 -0.165039
v 0.334752 0.099693 -0.343878
v 0.374232 0.093761 -0.422939
v 0.491939 0.059548 -0.122884
v 0.449076 0.067830 0.152976
v 0.383979 0.050028 0.221862
v 0.322781 0.006788 0.373726
v 0.338688 0.029893 0.335132
v 0.492191 0.050619 0.108168
v -0.409459 0.083899 -0.266301
v -0.382972 0.103229 -0.186746
v -0.334390 0.099682 -0.359252
v -0.363124 0.105253 -0.427389
v -0.470173 0.061342 -0.142416
v -0.433138 0.059494 0.162240
v -0.382523 0.040618 0.236661
v -0.323185 -0.001009 0.386663
v -0.345185 0.014400 0.360428
v -0.488965 0.041723 0.096681
v -0.033793 0.353076 -0.140841
v -0.060962 0.602846 -0.280971
v 0.021738 0.369194 -0.130152
v 0.082772 0.615022 -0.295869
v -0.173809 0.164829 0.014962
v -0.020623 0.213499 -0.065194
v -0.151880 0.127875 0.218537
v -0.253406 0.429587 -0.306864
v 0.014547 0.700259 -0.455545
v -0.282899 0.458540 -0.526844
v -0.336088 0.118960 -0.109835
v -0.290366 0.197007 -0.414398
v -0.461966 0.063054 -0.118295
v -0.279736 0.060750 0.229629
v -0.482068 0.046232 0.003393
v 0.169425 0.168826 0.004032
v 0.128501 0.135503 0.220652
v 0.261070 0.425353 -0.314295
v 0.279507 0.457869 -0.544403
v 0.348413 0.116839 -0.120091
v 0.296014 0.184592 -0.423080
v 0.484341 0.048384 -0.111716
v 0.281544 0.081196 0.207105
v 0.494333 0.046463 0.008343
v -0.083173 -0.599157 0.211903
v -0.085429 -0.613692 -0.145533
v 0.096851 -0.590550 0.213134
v 0.085552 -0.611311 -0.144704
v -0.285869 -0.359649 0.320177
v 0.003579 -0.595574 0.455067
v -0.328719 -0.448417 0.571707
v -0.338767 -0.362691 -0.239688
v -0.000244 -0.460735 -0.269473
v -0.180545 -0.179623 -0.330646
v -0.316047 -0.050737 0.055524
v -0.263301 -0.003621 -0.249790
v -0.411644 0.086440 -0.046229
v -0.322554 -0.151821 0.384906
v -0.413863 0.077449 0.089843
v 0.289730 -0.363035 0.309654
v 0.332613 -0.455309 0.562154
v 0.344272 -0.366298 -0.231847
v 0.187012 -0.184321 -0.321915
v 0.320647 -0.062728 0.058220
v 0.264941 -0.008816 -0.235167
v 0.412515 0.093488 -0.024083
v 0.320303 -0.155518 0.368645
v 0.402051 0.091116 0.105135
v 0.152661 -0.106272 0.713197
v -0.173369 -0.101608 0.700490
v 0.120447 0.024409 0.632072
v -0.145816 0.016607 0.621688
v 0.249178 -0.024358 0.532544
v -0.255458 -0.031862 0.531691
v 0.115375 0.003617 -0.599659
v -0.139934 0.014945 -0.598923
v 0.171496 0.108548 -0.766297
v -0.202146 0.110930 -0.776120
v 0.265095 0.071287 -0.563602
v -0.275175 0.082320 -0.562143
v -0.108494 0.404265 -0.166966
v -0.112771 0.322356 -0.153003
v -0.139182 0.404136 -0.190452
v -0.160505 0.313162 -0.182900
v -0.143045 0.273446 -0.157321
v 0.118361 0.419387 -0.178779
v 0.121538 0.334133 -0.160250
v 0.155411 0.412428 -0.208528
v 0.176993 0.318279 -0.198004
v 0.156350 0.277980 -0.169968
v -0.235681 -0.585940 0.013325
v -0.243694 -0.495864 0.081970
v -0.312805 -0.631031 -0.038665
v -0.320559 -0.477328 -0.011116
v -0.285150 -0.427733 0.067190
v 0.245436 -0.582195 0.011520
v 0.254990 -0.495870 0.081998
v 0.317691 -0.626356 -0.039276
v 0.327682 -0.476869 -0.014724
v 0.295183 -0.428995 0.063523
v -0.056379 -0.487698 0.687270
v 0.051686 -0.488492 0.688196
v -0.012123 -0.312194 0.732176
v 0.073943 -0.380100 0.712758
v -0.087993 -0.377066 0.711751
v -0.044606 0.117489 0.317462
v -0.006409 0.118461 0.321627
v -0.025576 0.104428 0.509281
v 0.013101 0.115849 0.442695
v -0.062784 0.107397 0.433184
v -0.025292 -0.158682 -0.395110
v 0.023000 -0.161761 -0.396264
v -0.003721 0.002654 -0.438695
v 0.030695 -0.053225 -0.411321
v -0.033949 -0.048517 -0.410097
v -0.063694 0.478293 -0.678301
v 0.039884 0.474004 -0.681138
v -0.018934 0.318743 -0.750739
v 0.065441 0.372635 -0.725732
v -0.096092 0.375969 -0.722299
v 0.463123 0.064091 -0.253580
v 0.431655 0.087659 -0.215081
v 0.403067 0.091191 -0.295966
v 0.431130 0.071977 -0.323864
v 0.472682 0.064500 -0.190302
v 0.457714 0.053093 0.194781
v 0.429460 0.072348 0.226281
v 0.392594 0.057348 0.296125
v 0.399823 0.052932 0.276581
v 0.469552 0.057036 0.170914
v -0.443952 0.068630 -0.266183
v -0.419866 0.088519 -0.236091
v -0.398603 0.089444 -0.314120
v -0.429518 0.073064 -0.340362
v -0.453862 0.070513 -0.209477
v -0.441352 0.045501 0.202167
v -0.424155 0.057883 0.231532
v -0.387965 0.043238 0.305653
v -0.397407 0.045113 0.292161
v -0.457300 0.049064 0.169939
v -0.039204 0.493199 -0.186141
v 0.043924 0.498619 -0.192507
v -0.018192 0.438600 -0.159484
v -0.021179 0.561445 -0.229182
v 0.015450 0.440944 -0.159020
v 0.032992 0.564198 -0.235444
v -0.069327 0.246298 -0.126770
v -0.066710 0.186529 0.071424
v -0.044091 0.267605 -0.128471
v -0.112350 0.198988 -0.021103
v -0.038289 0.213171 -0.066219
v -0.110228 0.195968 0.089477
v -0.191423 0.562940 -0.314072
v -0.187280 0.671710 -0.518978
v -0.130569 0.649155 -0.341697
v -0.318788 0.571458 -0.345016
v -0.151189 0.816995 -0.422080
v -0.302745 0.608529 -0.471005
v -0.238919 0.194819 -0.221365
v -0.360695 0.108364 -0.259195
v -0.250980 0.254754 -0.286458
v -0.321604 0.131687 -0.173416
v -0.284428 0.160842 -0.326183
v -0.391037 0.100308 -0.182413
v -0.252226 0.139655 -0.043621
v -0.387652 0.074970 0.103629
v -0.242072 0.127230 0.033178
v -0.335408 0.105931 -0.044202
v -0.302858 0.086539 0.122834
v -0.415170 0.077538 0.018288
v 0.054245 0.249011 -0.127733
v 0.031704 0.186789 0.079439
v 0.021457 0.271174 -0.124960
v 0.001880 0.214247 -0.059869
v 0.097161 0.201027 -0.019640
v 0.082157 0.197687 0.096717
v 0.207415 0.573692 -0.331812
v 0.186639 0.630970 -0.545567
v 0.157082 0.685592 -0.365454
v 0.161731 0.809250 -0.470698
v 0.331634 0.571512 -0.354718
v 0.334849 0.606047 -0.491769
v 0.253384 0.186254 -0.237389
v 0.377047 0.101161 -0.259351
v 0.256954 0.245885 -0.298057
v 0.333952 0.125568 -0.182198
v 0.294969 0.151358 -0.333235
v 0.400787 0.091253 -0.183705
v 0.264058 0.137675 -0.062938
v 0.410348 0.080190 0.091684
v 0.249696 0.130401 0.015423
v 0.349447 0.108219 -0.056992
v 0.313704 0.095580 0.104422
v 0.433204 0.077036 0.011092
v -0.082277 -0.572240 0.012935
v 0.092950 -0.579090 0.017671
v -0.037313 -0.577696 0.109622
v -0.048504 -0.556749 -0.063785
v 0.050228 -0.579819 0.112481
v 0.051577 -0.558756 -0.063788
v -0.196136 -0.520524 0.304795
v -0.182717 -0.811409 0.569836
v -0.122805 -0.565655 0.333504
v -0.259139 -0.499095 0.380196
v -0.098802 -0.638502 0.451011
v -0.315878 -0.640211 0.517231
v -0.240893 -0.738814 -0.278233
v -0.110572 -0.366867 -0.320494
v -0.120651 -0.634018 -0.238153
v -0.272008 -0.492006 -0.296663
v -0.080522 -0.479162 -0.274809
v -0.187560 -0.345774 -0.314473
v -0.367222 -0.205117 -0.069342
v -0.319223 0.072488 -0.131124
v -0.340854 -0.197231 -0.159547
v -0.320589 -0.047149 -0.018350
v -0.294511 -0.029059 -0.174696
v -0.330362 0.073622 -0.055145
v -0.301591 -0.199580 0.173233
v -0.340290 0.010196 0.238698
v -0.302448 -0.224716 0.263665
v -0.313210 -0.059186 0.132681
v -0.321037 -0.122842 0.295002
v -0.340336 0.055636 0.163516
v 0.206239 -0.521950 0.300365
v 0.181505 -0.811920 0.568279
v 0.134200 -0.570806 0.329918
v 0.104032 -0.646538 0.449246
v 0.262833 -0.497997 0.373757
v 0.313047 -0.636328 0.510072
v 0.251070 -0.738690 -0.276405
v 0.112751 -0.370572 -0.318742
v 0.120078 -0.636523 -0.238641
v 0.081402 -0.482037 -0.275063
v 0.290988 -0.509611 -0.295905
v 0.194010 -0.349972 -0.309853
v 0.368158 -0.214010 -0.068187
v 0.320794 0.074887 -0.111622
v 0.342280 -0.202224 -0.154034
v 0.324337 -0.056268 -0.010795
v 0.297788 -0.033378 -0.162372
v 0.330050 0.070171 -0.037042
v 0.309416 -0.209611 0.163078
v 0.336799 0.006510 0.208270
v 0.306991 -0.232092 0.249756
v 0.319333 -0.074910 0.125779
v 0.320268 -0.127228 0.275598
v 0.336236 0.040202 0.153665
v -0.021867 -0.107784 0.768976
v -0.017812 0.023666 0.669050
v 0.062947 -0.071951 0.732264
v -0.094539 -0.071600 0.719018
v 0.056698 -0.004786 0.687859
v -0.087236 -0.006827 0.679015
v 0.253461 -0.251265 0.659747
v 0.302010 -0.078872 0.468886
v 0.309028 -0.288134 0.569379
v 0.317316 -0.170566 0.471038
v 0.239439 -0.137381 0.662236
v 0.269821 -0.078828 0.559798
v -0.255147 -0.240593 0.656175
v -0.300005 -0.076549 0.476654
v -0.307261 -0.277581 0.575405
v -0.317872 -0.163799 0.481767
v -0.243135 -0.130297 0.651696
v -0.270228 -0.077435 0.557475
v 0.137492 0.079787 0.453977
v 0.276111 0.015367 0.396291
v 0.170381 0.089962 0.337323
v 0.244902 0.058741 0.317814
v 0.169594 0.042000 0.544597
v 0.233726 0.013918 0.497742
v -0.163210 0.061950 0.441276
v -0.285982 -0.010657 0.417604
v -0.189324 0.071229 0.335865
v -0.252441 0.029292 0.339439
v -0.188038 0.024571 0.532390
v -0.243216 -0.005371 0.495849
v -0.016471 0.001269 -0.631165
v -0.021582 0.121571 -0.767818
v 0.055960 0.014530 -0.674896
v -0.091684 0.017422 -0.675814
v 0.067588 0.068186 -0.767078
v -0.107159 0.077031 -0.755350
v 0.119530 0.002310 -0.402125
v 0.260791 0.058569 -0.378739
v 0.165914 -0.040775 -0.332238
v 0.226650 0.011416 -0.312080
v 0.155725 0.019251 -0.496087
v 0.227450 0.047882 -0.482242
v -0.125362 0.007410 -0.409921
v -0.261880 0.073662 -0.390527
v -0.161982 -0.031915 -0.340700
v -0.222965 0.025072 -0.323680
v -0.168320 0.028615 -0.499973
v -0.235601 0.059373 -0.486668
v 0.268400 0.259468 -0.737677
v 0.327691 0.133900 -0.529275
v 0.289957 0.309535 -0.607774
v 0.310751 0.211373 -0.522076
v 0.277007 0.143174 -0.756417
v 0.298477 0.111852 -0.626907
v -0.282998 0.265510 -0.710394
v -0.324727 0.146883 -0.519480
v -0.289609 0.313565 -0.583587
v -0.306033 0.219502 -0.508958
v -0.294322 0.149798 -0.740663
v -0.305393 0.123556 -0.615061
v 0.508643 0.051260 -0.059795
v 0.498108 0.055323 0.052005
v 0.509851 0.044102 -0.051713
v 0.507903 0.045011 0.004427
v 0.483639 0.072497 -0.015570
v 0.478610 0.074549 0.043513
v -0.490658 0.045606 -0.074370
v -0.499950 0.037524 0.036524
v -0.494618 0.037369 -0.058079
v -0.499520 0.034302 -0.004880
v -0.481201 0.054323 -0.038507
v -0.489941 0.054240 0.017851
v -0.082423 0.375355 -0.152499
v -0.111053 0.478113 -0.206945
v -0.050674 0.420697 -0.154284
v -0.070230 0.533745 -0.219474
v -0.125810 0.241906 -0.136543
v -0.060995 0.327659 -0.140275
v -0.113265 0.213459 -0.101298
v -0.182518 0.372776 -0.223845
v -0.119142 0.552289 -0.266773
v -0.220931 0.457976 -0.277513
v -0.186736 0.222962 -0.160427
v -0.222671 0.327615 -0.245958
v -0.250716 0.173640 -0.163732
v -0.180345 0.180095 -0.059983
v -0.256563 0.155338 -0.106929
v 0.085105 0.384458 -0.160504
v 0.123340 0.486436 -0.224585
v 0.049958 0.428780 -0.156578
v 0.082608 0.541727 -0.234112
v 0.129371 0.244746 -0.150091
v 0.053345 0.334224 -0.140909
v 0.105677 0.215379 -0.112680
v 0.197486 0.376711 -0.240520
v 0.136957 0.564815 -0.285049
v 0.233560 0.460207 -0.293876
v 0.199464 0.218690 -0.179586
v 0.234013 0.324700 -0.265813
v 0.265244 0.168106 -0.179510
v 0.182904 0.180604 -0.076896
v 0.269235 0.153213 -0.124429
v -0.185218 -0.534731 0.082804
v -0.224913 -0.750478 -0.034286
v -0.116134 -0.558156 0.096092
v -0.125030 -0.658538 -0.059329
v -0.261042 -0.414778 0.154813
v -0.152724 -0.543754 0.201749
v -0.249531 -0.434799 0.259678
v -0.359338 -0.558064 -0.107829
v -0.164340 -0.792422 -0.160925
v -0.355111 -0.598147 -0.240632
v -0.313593 -0.328921 0.038026
v -0.366897 -0.390914 -0.145852
v -0.327808 -0.197677 0.007680
v -0.281809 -0.324831 0.215873
v -0.310553 -0.191900 0.088469
v 0.199177 -0.539075 0.090907
v 0.230360 -0.751155 -0.035030
v 0.130152 -0.564208 0.103246
v 0.130224 -0.659059 -0.056807
v 0.271113 -0.417509 0.149905
v 0.165371 -0.546023 0.202779
v 0.257595 -0.436978 0.253300
v 0.358955 -0.554485 -0.107926
v 0.163515 -0.791654 -0.158189
v 0.359602 -0.600837 -0.224894
v 0.322640 -0.334478 0.034242
v 0.367510 -0.393183 -0.142548
v 0.333877 -0.206070 0.007983
v 0.289533 -0.329874 0.206794
v 0.317922 -0.201413 0.084301
v 0.002680 -0.547163 0.644378
v -0.172028 -0.479310 0.696544
v -0.057774 -0.618172 0.566477
v -0.279636 -0.635009 0.681457
v 0.168269 -0.484036 0.696452
v 0.063052 -0.625527 0.569256
v 0.284446 -0.640390 0.677122
v 0.072090 -0.259690 0.741627
v -0.099955 -0.256322 0.734412
v 0.064783 -0.151805 0.775514
v -0.100651 -0.153028 0.740333
v 0.278008 -0.409542 0.666376
v 0.163570 -0.202893 0.717608
v -0.273710 -0.396392 0.666447
v -0.181830 -0.195430 0.709111
v -0.022719 0.147098 0.196202
v -0.085121 0.114045 0.323977
v -0.035404 0.181240 0.067012
v -0.100434 0.146144 0.205978
v 0.040889 0.116986 0.333500
v -0.004823 0.181572 0.069985
v 0.064933 0.146465 0.214011
v 0.030881 0.094368 0.551125
v -0.076594 0.087768 0.546671
v 0.045717 0.050795 0.629140
v -0.082225 0.046440 0.624056
v 0.101055 0.109385 0.338842
v 0.099173 0.073494 0.568169
v -0.133476 0.100889 0.330279
v -0.132919 0.060977 0.555764
v -0.001662 -0.270731 -0.371687
v -0.071976 -0.132782 -0.382858
v -0.036713 -0.368162 -0.320407
v -0.127060 -0.237968 -0.368476
v 0.072227 -0.137979 -0.383449
v 0.036448 -0.371301 -0.323076
v 0.126348 -0.234327 -0.346113
v 0.033093 0.012847 -0.465417
v -0.045109 0.013576 -0.466623
v 0.043895 0.003011 -0.566249
v -0.068249 0.005674 -0.568088
v 0.119806 -0.097130 -0.360832
v 0.086791 0.011357 -0.487231
v -0.117214 -0.090702 -0.366978
v -0.101601 0.013765 -0.490486
v -0.007937 0.582719 -0.641138
v -0.168840 0.454057 -0.674934
v -0.069238 0.672102 -0.547673
v -0.228329 0.533608 -0.589113
v 0.144741 0.443672 -0.684303
v 0.069598 0.662028 -0.561824
v 0.228227 0.524762 -0.622270
v 0.075928 0.269384 -0.774765
v -0.114875 0.269035 -0.777499
v 0.075691 0.166316 -0.773431
v -0.115275 0.164478 -0.795094
v 0.238220 0.390005 -0.669523
v 0.182134 0.210262 -0.790161
v -0.247837 0.395304 -0.643264
v -0.219386 0.211281 -0.800290
v 0.423496 0.078832 -0.339627
v 0.482556 0.058826 -0.179517
v 0.360466 0.107194 -0.345041
v 0.455653 0.066042 -0.181005
v 0.364043 0.097175 -0.248796
v 0.457993 0.081886 -0.142348
v 0.310816 0.072064 -0.195160
v 0.400688 0.092911 -0.091416
v 0.364735 0.096185 -0.391851
v 0.291966 0.063868 -0.284670
v 0.296979 0.089721 -0.448729
v 0.347007 0.119866 -0.436922
v 0.321630 0.099929 -0.498551
v 0.495148 0.050286 -0.113743
v 0.482024 0.071147 -0.076942
v 0.397045 0.053997 0.240871
v 0.485437 0.050162 0.122292
v 0.369614 0.069810 0.184275
v 0.474018 0.058665 0.073244
v 0.357081 0.034759 0.293567
v 0.447325 0.071771 0.168131
v 0.327542 -0.022542 0.284676
v 0.397502 0.084384 0.166311
v 0.337783 0.026718 0.364212
v 0.319667 -0.058122 0.374929
v 0.292142 -0.022746 0.455378
v 0.325910 0.030392 0.294080
v 0.287846 0.005982 0.430550
v 0.496695 0.047607 0.060623
v 0.462501 0.074721 0.106978
v -0.392328 0.091377 -0.348368
v -0.456266 0.063712 -0.196222
v -0.342682 0.112895 -0.345335
v -0.434138 0.074187 -0.188773
v -0.362600 0.099663 -0.269039
v -0.438281 0.086346 -0.164621
v -0.309989 0.071567 -0.213992
v -0.394002 0.094472 -0.112776
v -0.362075 0.099396 -0.402677
v -0.291329 0.070530 -0.300539
v -0.301426 0.092393 -0.453919
v -0.333907 0.131864 -0.434624
v -0.322967 0.109257 -0.498427
v -0.474687 0.052306 -0.126497
v -0.455271 0.072664 -0.097372
v -0.391715 0.040396 0.260148
v -0.480716 0.041406 0.116830
v -0.359159 0.056398 0.203792
v -0.462308 0.056083 0.074407
v -0.357330 0.022609 0.307877
v -0.444026 0.058799 0.162327
v -0.332486 -0.027065 0.306661
v -0.395655 0.075138 0.170051
v -0.339985 0.021240 0.380427
v -0.318854 -0.058413 0.389903
v -0.292312 -0.026177 0.464230
v -0.325670 0.008733 0.322511
v -0.296239 -0.009408 0.448434
v -0.496895 0.035760 0.051076
v -0.464944 0.056683 0.091953
v -0.007173 0.362635 -0.140037
v -0.024872 0.276758 -0.129104
v 0.011317 0.632272 -0.281617
v -0.038275 0.672954 -0.358796
v -0.004045 0.279045 -0.126788
v 0.078147 0.689233 -0.375928
v -0.166160 0.154870 0.112705
v -0.228776 0.113306 0.125364
v -0.210748 0.091622 0.231791
v -0.424571 0.509313 -0.358679
v -0.268337 0.322707 -0.364390
v -0.284803 0.341994 -0.464295
v -0.419401 0.086620 -0.115844
v -0.429440 0.076443 -0.053336
v -0.478324 0.050321 -0.056736
v 0.153304 0.162884 0.108741
v 0.228204 0.123827 0.109714
v 0.201369 0.108506 0.217802
v 0.422679 0.506700 -0.355232
v 0.270077 0.315953 -0.370876
v 0.285470 0.338973 -0.475144
v 0.425427 0.080924 -0.117344
v 0.437273 0.075969 -0.055523
v 0.497139 0.043534 -0.050193
v 0.007596 -0.597668 0.219023
v -0.040728 -0.587762 0.339766
v -0.001945 -0.526768 -0.138235
v -0.044962 -0.531991 -0.211666
v 0.051657 -0.593285 0.336639
v 0.043336 -0.531061 -0.211433
v -0.309799 -0.414697 0.438701
v -0.312176 -0.259009 0.362621
v -0.330950 -0.281746 0.472892
v -0.260641 -0.274487 -0.291914
v -0.291666 -0.159734 -0.236188
v -0.226832 -0.098837 -0.292134
v -0.340923 0.070425 0.013791
v -0.344560 0.065370 0.083414
v -0.423858 0.079727 0.016973
v 0.308672 -0.417301 0.427278
v 0.311988 -0.264070 0.348089
v 0.325716 -0.290206 0.457854
v 0.273314 -0.279495 -0.288865
v 0.298317 -0.164094 -0.228142
v 0.235417 -0.105903 -0.285687
v 0.335886 0.063607 0.030570
v 0.335845 0.058118 0.094095
v 0.410555 0.094166 0.041534
v 0.136636 -0.035161 0.676899
v 0.214649 -0.060796 0.639654
v -0.158327 -0.036045 0.666133
v -0.223002 -0.060272 0.627093
v 0.193302 -0.004287 0.602844
v -0.206625 -0.012395 0.591619
v 0.146430 0.033903 -0.704105
v 0.197159 0.025529 -0.607259
v -0.176808 0.040546 -0.704696
v -0.214728 0.040852 -0.603679
v 0.243561 0.062017 -0.705531
v -0.260590 0.074820 -0.696222
v -0.120489 0.375431 -0.162226
v -0.123057 0.336703 -0.159216
v -0.132934 0.374546 -0.170529
v -0.144197 0.332987 -0.173034
v -0.136937 0.313078 -0.163014
v 0.134996 0.391574 -0.172731
v 0.137471 0.354788 -0.162155
v 0.150050 0.387159 -0.185023
v 0.160100 0.342721 -0.185165
v 0.151294 0.323468 -0.172578
v -0.263380 -0.556870 0.015490
v -0.262232 -0.509565 0.045587
v -0.291297 -0.565160 -0.005721
v -0.299465 -0.508051 0.007238
v -0.282313 -0.480087 0.041008
v 0.272951 -0.552982 0.013471
v 0.272496 -0.508085 0.044638
v 0.298431 -0.561778 -0.007838
v 0.307354 -0.506534 0.004337
v 0.291887 -0.479739 0.038300
v -0.027386 -0.442556 0.698490
v 0.018663 -0.443142 0.698619
v -0.008558 -0.365964 0.717869
v 0.029330 -0.396115 0.710504
v -0.042771 -0.395108 0.709855
v -0.034858 0.115056 0.368507
v -0.016556 0.116318 0.370895
v -0.026600 0.113015 0.459334
v -0.009829 0.115738 0.427222
v -0.041985 0.111920 0.420993
v -0.011272 -0.114558 -0.402240
v 0.008415 -0.115855 -0.402719
v -0.002017 -0.034826 -0.417265
v 0.012950 -0.067974 -0.410903
v -0.016478 -0.065953 -0.410339
v -0.035845 0.436125 -0.697357
v 0.008855 0.434667 -0.698495
v -0.016481 0.365781 -0.729422
v 0.020460 0.390705 -0.718168
v -0.050793 0.392424 -0.716432
v 0.461295 0.064373 -0.251981
v 0.443164 0.079299 -0.236524
v 0.432657 0.080353 -0.272086
v 0.449324 0.067750 -0.281632
v 0.459110 0.069683 -0.225299
v 0.448618 0.056984 0.214195
v 0.437835 0.067257 0.228361
v 0.421218 0.062904 0.258133
v 0.427020 0.061251 0.249155
v 0.454549 0.059672 0.202854
v -0.443705 0.069528 -0.268782
v -0.433831 0.079301 -0.255825
v -0.426849 0.079249 -0.291104
v -0.435891 0.072613 -0.300498
v -0.448301 0.071031 -0.241673
v -0.435576 0.049631 0.222317
v -0.428026 0.056879 0.234562
v -0.412987 0.054229 0.267389
v -0.417305 0.052178 0.261127
v -0.441979 0.052294 0.207152
v -0.019050 0.501465 -0.189529
v 0.023071 0.503996 -0.192807
v -0.009139 0.472401 -0.174473
v -0.008651 0.538224 -0.208109
v 0.009684 0.473259 -0.175231
v 0.015258 0.539025 -0.210915
v -0.060478 0.226217 -0.112059
v -0.066531 0.203036 0.006982
v -0.046818 0.232524 -0.115967
v -0.085683 0.210211 -0.040785
v -0.048036 0.213585 -0.064901
v -0.086100 0.206440 0.015895
v -0.205415 0.615106 -0.357449
v -0.208206 0.698794 -0.462167
v -0.173153 0.675166 -0.376350
v -0.262789 0.614934 -0.379295
v -0.220518 0.793796 -0.427862
v -0.223525 0.639665 -0.431804
v -0.265935 0.161201 -0.233367
v -0.331701 0.124208 -0.252534
v -0.261035 0.178351 -0.269129
v -0.310884 0.135926 -0.207333
v -0.289894 0.146965 -0.283908
v -0.344209 0.119978 -0.214053
v -0.285957 0.112083 -0.005217
v -0.355776 0.085013 0.068885
v -0.279241 0.107540 0.035906
v -0.329475 0.101518 -0.007532
v -0.312730 0.092801 0.076245
v -0.366608 0.088038 0.026550
v 0.040364 0.226105 -0.103666
v 0.035950 0.204012 0.017043
v 0.021617 0.232079 -0.107660
v 0.017269 0.214851 -0.054585
v 0.065607 0.211588 -0.033020
v 0.059572 0.209295 0.025723
v 0.219479 0.625443 -0.375779
v 0.200156 0.637851 -0.494379
v 0.195529 0.698583 -0.401530
v 0.221600 0.786837 -0.469337
v 0.284204 0.630227 -0.386329
v 0.281501 0.625975 -0.453814
v 0.280123 0.152981 -0.245786
v 0.345918 0.116283 -0.256799
v 0.273631 0.171714 -0.280423
v 0.324082 0.128974 -0.215859
v 0.302697 0.139732 -0.291414
v 0.356915 0.112463 -0.218695
v 0.301805 0.114970 -0.023968
v 0.374519 0.089022 0.054874
v 0.293458 0.112119 0.016674
v 0.345475 0.104080 -0.022176
v 0.327634 0.097957 0.058653
v 0.384548 0.090234 0.014533
v -0.040079 -0.563617 0.016797
v 0.049460 -0.568597 0.019561
v -0.016320 -0.569768 0.063426
v -0.021034 -0.553176 -0.023807
v 0.027526 -0.572114 0.065129
v 0.026726 -0.555842 -0.023193
v -0.187161 -0.547403 0.383159
v -0.205637 -0.766757 0.464793
v -0.148237 -0.570232 0.393688
v -0.235017 -0.567116 0.411871
v -0.148310 -0.657619 0.437356
v -0.269454 -0.673677 0.455256
v -0.201173 -0.612477 -0.284082
v -0.138181 -0.432770 -0.302056
v -0.147546 -0.586391 -0.269663
v -0.218469 -0.511848 -0.295696
v -0.122459 -0.497647 -0.281620
v -0.181561 -0.430880 -0.302127
v -0.351253 -0.118643 -0.081292
v -0.295295 0.034881 -0.105349
v -0.333488 -0.117452 -0.125067
v -0.322757 -0.044731 -0.055641
v -0.307457 -0.037321 -0.135147
v -0.301674 0.032092 -0.066419
v -0.307314 -0.141097 0.194881
v -0.326661 -0.031818 0.228116
v -0.309266 -0.155987 0.237495
v -0.311722 -0.067496 0.173613
v -0.318956 -0.103923 0.253447
v -0.322159 -0.007718 0.190900
v 0.198101 -0.547490 0.375772
v 0.207055 -0.767594 0.463648
v 0.159311 -0.578235 0.389661
v 0.153218 -0.662566 0.435610
v 0.239617 -0.562049 0.408870
v 0.266311 -0.661803 0.456307
v 0.209779 -0.625696 -0.283174
v 0.142134 -0.437925 -0.300658
v 0.150800 -0.592906 -0.269733
v 0.125212 -0.502682 -0.281381
v 0.230081 -0.527787 -0.294081
v 0.188358 -0.437220 -0.301057
v 0.354455 -0.127143 -0.076896
v 0.299006 0.031272 -0.091510
v 0.335208 -0.124077 -0.118254
v 0.326156 -0.052270 -0.046999
v 0.311052 -0.042266 -0.124274
v 0.305078 0.026998 -0.053127
v 0.314578 -0.153976 0.181583
v 0.328562 -0.045509 0.205158
v 0.314185 -0.166178 0.221865
v 0.320108 -0.085845 0.160198
v 0.320801 -0.112901 0.234088
v 0.327898 -0.030344 0.172808
v -0.018775 -0.071574 0.742651
v -0.016982 -0.005614 0.695531
v 0.021532 -0.054509 0.728925
v -0.055840 -0.054407 0.722873
v 0.020510 -0.021134 0.705795
v -0.053516 -0.021639 0.700883
v 0.282925 -0.205685 0.622965
v 0.301422 -0.119957 0.522509
v 0.307413 -0.219018 0.575009
v 0.314457 -0.167620 0.525269
v 0.275366 -0.149822 0.624181
v 0.288868 -0.112868 0.574078
v -0.282890 -0.194051 0.622452
v -0.299061 -0.114902 0.526432
v -0.305732 -0.207600 0.579176
v -0.313488 -0.158808 0.531966
v -0.274793 -0.141270 0.619751
v -0.283932 -0.108693 0.570704
v 0.172066 0.065245 0.443082
v 0.241042 0.032972 0.411817
v 0.189449 0.069516 0.384436
v 0.225360 0.053237 0.371987
v 0.188265 0.046252 0.486062
v 0.221294 0.031163 0.465976
v -0.191461 0.044156 0.436568
v -0.253275 0.000788 0.429094
v -0.206059 0.046429 0.386556
v -0.237380 0.024485 0.386122
v -0.204462 0.025052 0.479325
v -0.233884 0.006612 0.468870
v -0.019441 0.016485 -0.681227
v -0.023802 0.076603 -0.756652
v 0.018599 0.026236 -0.703777
v -0.059297 0.028305 -0.702960
v 0.019830 0.054570 -0.746083
v -0.063958 0.059743 -0.739180
v 0.153840 0.010013 -0.402279
v 0.225163 0.038472 -0.390593
v 0.171559 0.002469 -0.358873
v 0.206573 0.019867 -0.353304
v 0.172792 0.021981 -0.446120
v 0.208434 0.036036 -0.439842
v -0.159382 0.017309 -0.410965
v -0.226325 0.055881 -0.401043
v -0.172527 0.012007 -0.369586
v -0.205676 0.034798 -0.364352
v -0.180433 0.032577 -0.452728
v -0.214146 0.049041 -0.446989
v 0.304208 0.223331 -0.704273
v 0.317875 0.161193 -0.586802
v 0.310556 0.245077 -0.638986
v 0.313405 0.205721 -0.582886
v 0.308334 0.166350 -0.713488
v 0.311132 0.144579 -0.646243
v -0.308693 0.230233 -0.675617
v -0.317269 0.171852 -0.570957
v -0.308237 0.252107 -0.611203
v -0.310973 0.214398 -0.564092
v -0.313644 0.175162 -0.687998
v -0.315510 0.155185 -0.628229
v 0.514575 0.050848 -0.030271
v 0.503644 0.055715 0.023803
v 0.515644 0.046641 -0.025651
v 0.510186 0.048965 0.000952
v 0.506604 0.060663 -0.009705
v 0.500780 0.062960 0.018272
v -0.496217 0.040754 -0.045004
v -0.500521 0.036461 0.008654
v -0.498846 0.035614 -0.035597
v -0.500294 0.034972 -0.010519
v -0.495071 0.043049 -0.028391
v -0.497829 0.042323 -0.000645
v -0.093722 0.432363 -0.172933
v -0.058466 0.480719 -0.181271
v -0.079590 0.418401 -0.162526
v -0.092680 0.473243 -0.190033
v -0.062881 0.441953 -0.165001
v -0.073691 0.498676 -0.195527
v -0.101747 0.305306 -0.146960
v -0.078996 0.266393 -0.135707
v -0.086503 0.329499 -0.146653
v -0.105843 0.263768 -0.141093
v -0.075493 0.308027 -0.140851
v -0.095528 0.245793 -0.133170
v -0.148516 0.435271 -0.217418
v -0.174203 0.515315 -0.277416
v -0.133255 0.476993 -0.226504
v -0.172914 0.424902 -0.234455
v -0.141066 0.516423 -0.256286
v -0.189608 0.466194 -0.263140
v -0.177880 0.289137 -0.192312
v -0.215008 0.228205 -0.210621
v -0.189433 0.317569 -0.213041
v -0.188447 0.238423 -0.180892
v -0.208191 0.290595 -0.223880
v -0.214517 0.210243 -0.186179
v -0.157031 0.234403 -0.144151
v -0.218491 0.168915 -0.080751
v -0.152379 0.220815 -0.126813
v -0.186136 0.210539 -0.139107
v -0.182985 0.189277 -0.089869
v -0.220206 0.178071 -0.109183
v 0.100418 0.446375 -0.184776
v 0.063646 0.488241 -0.190963
v 0.083228 0.430737 -0.171746
v 0.101365 0.482198 -0.205785
v 0.065451 0.451774 -0.172516
v 0.082129 0.508366 -0.209261
v 0.105638 0.314209 -0.154183
v 0.071670 0.272347 -0.138645
v 0.087127 0.338217 -0.152717
v 0.108314 0.270816 -0.148981
v 0.070742 0.314871 -0.144118
v 0.091891 0.251874 -0.139746
v 0.163536 0.443731 -0.234441
v 0.189912 0.524229 -0.295051
v 0.147886 0.485788 -0.244110
v 0.187905 0.431121 -0.251345
v 0.157775 0.525700 -0.274727
v 0.203818 0.472532 -0.279652
v 0.195186 0.290640 -0.209171
v 0.230325 0.222385 -0.228568
v 0.205254 0.318771 -0.230215
v 0.204339 0.235487 -0.198951
v 0.222834 0.288373 -0.241729
v 0.229795 0.203799 -0.203852
v 0.164792 0.232134 -0.162519
v 0.227902 0.167281 -0.099597
v 0.156475 0.218838 -0.145733
v 0.196474 0.207022 -0.158773
v 0.188744 0.188469 -0.108215
v 0.231137 0.175638 -0.127894
v -0.200142 -0.600587 0.011183
v -0.122039 -0.586130 0.010077
v -0.172485 -0.555209 0.034297
v -0.189762 -0.658351 -0.015588
v -0.136219 -0.555181 0.039299
v -0.146179 -0.635383 -0.022004
v -0.227743 -0.488924 0.128113
v -0.204467 -0.501485 0.239441
v -0.199637 -0.514881 0.134555
v -0.239998 -0.455919 0.168517
v -0.185429 -0.519605 0.192023
v -0.231379 -0.464272 0.222578
v -0.328712 -0.702141 -0.086243
v -0.290776 -0.760318 -0.222711
v -0.280532 -0.769768 -0.091349
v -0.355381 -0.662887 -0.135520
v -0.259504 -0.792391 -0.159809
v -0.346768 -0.687048 -0.207562
v -0.335254 -0.427397 -0.030511
v -0.353144 -0.286958 -0.061432
v -0.353365 -0.456455 -0.077878
v -0.328173 -0.343839 -0.004154
v -0.360378 -0.380045 -0.095009
v -0.336325 -0.276566 -0.019228
v -0.288315 -0.371692 0.095370
v -0.296626 -0.257567 0.149110
v -0.278231 -0.367835 0.139521
v -0.301555 -0.319012 0.079935
v -0.285457 -0.316739 0.168121
v -0.302885 -0.256097 0.105768
v 0.210514 -0.600091 0.013930
v 0.134347 -0.589408 0.014279
v 0.186312 -0.558153 0.042671
v 0.197060 -0.660331 -0.011934
v 0.150666 -0.563216 0.048727
v 0.154506 -0.637796 -0.017770
v 0.239226 -0.490447 0.127797
v 0.215036 -0.503378 0.236639
v 0.212059 -0.517306 0.136924
v 0.250489 -0.458021 0.165304
v 0.197381 -0.521985 0.192220
v 0.241149 -0.466330 0.218471
v 0.330205 -0.699537 -0.086963
v 0.290402 -0.762298 -0.217649
v 0.280886 -0.769871 -0.092598
v 0.355526 -0.660313 -0.134463
v 0.255948 -0.793276 -0.158284
v 0.347959 -0.688244 -0.199487
v 0.342578 -0.429808 -0.033531
v 0.359235 -0.294386 -0.060883
v 0.357127 -0.457192 -0.079092
v 0.336693 -0.349401 -0.006721
v 0.363949 -0.383869 -0.094471
v 0.343235 -0.283649 -0.019848
v 0.298261 -0.375356 0.090267
v 0.305104 -0.265223 0.141100
v 0.288196 -0.371792 0.133291
v 0.310782 -0.324568 0.074973
v 0.294289 -0.322271 0.160253
v 0.311291 -0.263693 0.100006
v -0.090228 -0.545555 0.676705
v -0.146455 -0.761915 0.666034
v -0.063035 -0.571096 0.650931
v -0.155724 -0.565792 0.689382
v -0.077681 -0.654197 0.635979
v -0.208774 -0.693302 0.700319
v 0.088827 -0.546050 0.679354
v 0.148644 -0.762068 0.668556
v 0.067352 -0.569873 0.654169
v 0.153869 -0.566828 0.691797
v 0.079387 -0.656795 0.640468
v 0.207359 -0.687336 0.702024
v -0.016900 -0.255278 0.749099
v -0.028154 -0.143110 0.803385
v 0.021727 -0.223777 0.762006
v -0.060008 -0.228662 0.749237
v 0.008116 -0.173127 0.822459
v -0.062523 -0.175851 0.761013
v 0.122341 -0.358754 0.711842
v 0.217373 -0.293086 0.689215
v 0.172093 -0.404050 0.698878
v 0.122290 -0.293231 0.724373
v 0.223368 -0.369162 0.687193
v 0.169170 -0.262006 0.713715
v -0.135542 -0.353199 0.710268
v -0.223244 -0.283019 0.685468
v -0.178412 -0.397138 0.697634
v -0.141850 -0.285951 0.722725
v -0.225551 -0.359088 0.684806
v -0.182926 -0.254379 0.707060
v -0.052394 0.129614 0.258480
v -0.064122 0.166259 0.134971
v -0.040734 0.146944 0.195681
v -0.072031 0.128695 0.261366
v -0.046606 0.164721 0.132529
v -0.078700 0.147248 0.200832
v 0.004756 0.129437 0.263809
v 0.025394 0.166333 0.141548
v -0.004039 0.147157 0.198856
v 0.026795 0.127783 0.269465
v 0.005380 0.164914 0.136836
v 0.038870 0.147073 0.208474
v -0.023796 0.090075 0.556004
v -0.019398 0.049494 0.636838
v 0.005957 0.082355 0.575778
v -0.051270 0.080991 0.577855
v 0.010774 0.061283 0.615457
v -0.051177 0.059463 0.614698
v 0.040571 0.110555 0.452555
v 0.103680 0.092895 0.460711
v 0.056181 0.110743 0.395195
v 0.052722 0.103346 0.516500
v 0.086843 0.104410 0.398488
v 0.085844 0.093204 0.524125
v -0.086349 0.100447 0.443945
v -0.136158 0.077518 0.444222
v -0.097974 0.102807 0.384568
v -0.096911 0.091529 0.506148
v -0.122546 0.093659 0.386593
v -0.122458 0.077165 0.504072
v -0.042488 -0.206365 -0.378717
v -0.085297 -0.309097 -0.340725
v -0.031921 -0.263481 -0.363931
v -0.069458 -0.195414 -0.373683
v -0.051299 -0.314054 -0.341901
v -0.093748 -0.247495 -0.360025
v 0.041831 -0.213950 -0.393985
v 0.086503 -0.313523 -0.341741
v 0.031636 -0.275919 -0.380505
v 0.070605 -0.200658 -0.380061
v 0.051491 -0.320576 -0.348692
v 0.094962 -0.250381 -0.357154
v -0.006468 0.013150 -0.475574
v -0.012959 0.001842 -0.575631
v 0.013850 0.010379 -0.495882
v -0.029575 0.010312 -0.496530
v 0.014901 0.004843 -0.545933
v -0.036979 0.005633 -0.546910
v 0.049293 -0.035542 -0.408690
v 0.090511 -0.005911 -0.401842
v 0.071194 -0.076741 -0.391385
v 0.050586 0.002504 -0.434175
v 0.091160 -0.055260 -0.380747
v 0.073813 0.009080 -0.438966
v -0.051465 -0.028482 -0.407281
v -0.094936 -0.001401 -0.407043
v -0.070954 -0.069718 -0.391044
v -0.057694 0.007396 -0.435173
v -0.089499 -0.047375 -0.382874
v -0.083067 0.011634 -0.442907
v -0.096653 0.526887 -0.657104
v -0.162697 0.626589 -0.582715
v -0.071340 0.584133 -0.636995
v -0.153711 0.517346 -0.653024
v -0.102008 0.629757 -0.589674
v -0.191884 0.568017 -0.621989
v 0.076043 0.517882 -0.662291
v 0.158766 0.606775 -0.607916
v 0.055097 0.574850 -0.639634
v 0.132641 0.503985 -0.661466
v 0.096512 0.621783 -0.611115
v 0.177630 0.549942 -0.637796
v -0.022478 0.268492 -0.771499
v -0.020999 0.168844 -0.774990
v 0.026204 0.243521 -0.775754
v -0.068530 0.242955 -0.777747
v 0.027034 0.192987 -0.774604
v -0.068623 0.192274 -0.782948
v 0.115299 0.350856 -0.735204
v 0.220147 0.293903 -0.750400
v 0.155423 0.383641 -0.710620
v 0.125923 0.296762 -0.770250
v 0.204847 0.356092 -0.710070
v 0.183178 0.266771 -0.790832
v -0.145215 0.355310 -0.729253
v -0.243758 0.300039 -0.730123
v -0.181135 0.391121 -0.700339
v -0.160421 0.299307 -0.769194
v -0.226942 0.363422 -0.694184
v -0.212208 0.270492 -0.776479
v 0.463044 0.064655 -0.253905
v 0.407278 0.088379 -0.259526
v 0.429285 0.078334 -0.297892
v 0.471408 0.064697 -0.214519
v 0.398861 0.091488 -0.300745
v 0.445654 0.073074 -0.218442
v 0.412703 0.094136 -0.191000
v 0.353742 0.096187 -0.137212
v 0.375124 0.095809 -0.205815
v 0.422972 0.091250 -0.153290
v 0.346452 0.091346 -0.178691
v 0.393692 0.095655 -0.127045
v 0.371485 0.100798 -0.320783
v 0.296823 0.081310 -0.363148
v 0.351081 0.099522 -0.294692
v 0.352985 0.102410 -0.371046
v 0.312888 0.085261 -0.313992
v 0.316405 0.097758 -0.396150
v 0.407478 0.078823 -0.372143
v 0.346602 0.109121 -0.477087
v 0.403261 0.083253 -0.381761
v 0.372341 0.092068 -0.408601
v 0.364811 0.103784 -0.432128
v 0.347582 0.100787 -0.461809
v 0.482364 0.063135 -0.156336
v 0.500959 0.054426 -0.090178
v 0.488422 0.058475 -0.150244
v 0.478457 0.069387 -0.132109
v 0.495479 0.054136 -0.117454
v 0.492260 0.063131 -0.098359
v 0.454002 0.060028 0.175084
v 0.438680 0.075119 0.125626
v 0.428989 0.065940 0.196829
v 0.469820 0.057044 0.135728
v 0.420703 0.073758 0.172584
v 0.463472 0.063989 0.111192
v 0.407351 0.062032 0.225864
v 0.358786 0.034404 0.215079
v 0.371776 0.040218 0.256672
v 0.421752 0.073473 0.196051
v 0.350570 0.022236 0.250564
v 0.392887 0.063044 0.192704
v 0.355795 0.035977 0.335045
v 0.304978 -0.034395 0.418495
v 0.340317 0.023603 0.332928
v 0.333753 0.018078 0.372192
v 0.316500 -0.017814 0.373670
v 0.307074 -0.010817 0.415200
v 0.370013 0.042619 0.305349
v 0.308237 0.017921 0.367325
v 0.367212 0.042202 0.287514
v 0.339987 0.028897 0.350810
v 0.334345 0.029493 0.316777
v 0.311874 0.017979 0.382686
v 0.481992 0.054503 0.139262
v 0.496005 0.052053 0.079796
v 0.491319 0.049773 0.113796
v 0.471157 0.062546 0.137858
v 0.495750 0.048579 0.084338
v 0.481461 0.061633 0.107218
v -0.433197 0.073092 -0.266147
v -0.386717 0.094540 -0.263762
v -0.400547 0.087608 -0.306694
v -0.438818 0.070862 -0.228941
v -0.376670 0.098184 -0.305279
v -0.420721 0.079237 -0.226963
v -0.407998 0.100317 -0.213242
v -0.350926 0.092443 -0.159160
v -0.373484 0.099920 -0.227038
v -0.412269 0.096503 -0.175538
v -0.344878 0.090642 -0.199659
v -0.387898 0.100420 -0.148710
v -0.368068 0.098646 -0.337746
v -0.298325 0.089638 -0.376664
v -0.348938 0.098757 -0.313080
v -0.351730 0.101283 -0.384164
v -0.312796 0.088834 -0.330084
v -0.318870 0.099198 -0.407391
v -0.394788 0.088836 -0.385164
v -0.339956 0.124274 -0.472070
v -0.382247 0.095142 -0.390850
v -0.366301 0.099925 -0.416726
v -0.352124 0.115403 -0.433715
v -0.343381 0.111375 -0.462882
v -0.460494 0.068015 -0.176455
v -0.480655 0.052860 -0.108034
v -0.465866 0.060523 -0.167300
v -0.455539 0.073612 -0.153447
v -0.476194 0.053634 -0.132421
v -0.464451 0.066520 -0.119769
v -0.438248 0.049773 0.183681
v -0.417693 0.069113 0.136642
v -0.416255 0.052420 0.210366
v -0.455831 0.050187 0.139139
v -0.405245 0.063989 0.187131
v -0.447408 0.059223 0.116513
v -0.403985 0.049501 0.233528
v -0.359459 0.031895 0.240647
v -0.371655 0.030107 0.270925
v -0.417226 0.059068 0.198013
v -0.353749 0.013111 0.272062
v -0.388854 0.059557 0.204953
v -0.352925 0.025949 0.345317
v -0.302465 -0.034622 0.429792
v -0.340728 0.011599 0.347068
v -0.331876 0.014919 0.384080
v -0.316888 -0.022766 0.388823
v -0.306351 -0.014385 0.426167
v -0.374329 0.032236 0.328009
v -0.316635 -0.002757 0.392619
v -0.367858 0.027816 0.310372
v -0.346741 0.018904 0.373672
v -0.337204 0.010763 0.342543
v -0.321729 0.001523 0.407676
v -0.474907 0.044857 0.131148
v -0.497999 0.039154 0.065453
v -0.486153 0.040650 0.104820
v -0.470305 0.049789 0.127405
v -0.496279 0.037793 0.071986
v -0.485855 0.046092 0.091806
v -0.026155 0.400103 -0.147905
v -0.039957 0.308382 -0.134706
v -0.040782 0.392046 -0.145882
v -0.047150 0.343020 -0.140140
v -0.020561 0.359128 -0.141142
v -0.028386 0.314929 -0.134909
v -0.038014 0.583655 -0.252790
v -0.091687 0.623217 -0.311135
v -0.066701 0.565961 -0.249359
v -0.092425 0.580940 -0.275377
v -0.025301 0.621242 -0.281494
v -0.052262 0.640162 -0.317162
v 0.019435 0.407449 -0.143241
v 0.022355 0.315700 -0.129944
v 0.035602 0.401228 -0.142099
v 0.037045 0.351624 -0.136855
v 0.006777 0.365977 -0.136308
v 0.008396 0.321320 -0.130185
v 0.055072 0.589369 -0.263523
v 0.116770 0.646835 -0.330256
v 0.083035 0.576094 -0.263203
v 0.112090 0.595718 -0.292504
v 0.048872 0.624717 -0.293198
v 0.081213 0.657105 -0.332744
v -0.142352 0.182833 -0.000711
v -0.207071 0.146299 0.026204
v -0.144291 0.189195 -0.042413
v -0.177182 0.171844 -0.025357
v -0.170142 0.159116 0.061004
v -0.201959 0.139456 0.070802
v -0.029701 0.213232 -0.066059
v -0.010176 0.213795 -0.063100
v -0.026442 0.197319 0.000990
v -0.013712 0.197611 0.002651
v -0.024181 0.237928 -0.116861
v -0.015172 0.238495 -0.115578
v -0.131946 0.161134 0.156502
v -0.171017 0.098529 0.278455
v -0.124920 0.140339 0.212087
v -0.143165 0.112923 0.273828
v -0.159745 0.143541 0.164910
v -0.180480 0.110807 0.225075
v -0.311367 0.512639 -0.305301
v -0.247429 0.339669 -0.299873
v -0.245406 0.449132 -0.288257
v -0.238024 0.372733 -0.278000
v -0.327808 0.475997 -0.338322
v -0.247926 0.393960 -0.337496
v -0.064336 0.710025 -0.442180
v 0.090810 0.717902 -0.461286
v -0.030461 0.694347 -0.501685
v 0.043268 0.691480 -0.510099
v -0.015078 0.693754 -0.404938
v 0.062700 0.695924 -0.413427
v -0.312187 0.536681 -0.497532
v -0.277856 0.382664 -0.555510
v -0.263675 0.497746 -0.557372
v -0.264049 0.425926 -0.585916
v -0.335661 0.489894 -0.458204
v -0.275927 0.409764 -0.495459
v -0.330515 0.125880 -0.141243
v -0.338080 0.111148 -0.077957
v -0.292316 0.143005 -0.137730
v -0.295566 0.133810 -0.107551
v -0.378155 0.102667 -0.113177
v -0.381845 0.096884 -0.081235
v -0.284898 0.178596 -0.369732
v -0.299689 0.213427 -0.459828
v -0.310536 0.141633 -0.383747
v -0.311741 0.156638 -0.429142
v -0.279911 0.256919 -0.390965
v -0.287458 0.270278 -0.438555
v -0.434746 0.080147 -0.149490
v -0.479428 0.048803 -0.088629
v -0.449936 0.068410 -0.151892
v -0.469081 0.055849 -0.121868
v -0.448941 0.073671 -0.116690
v -0.471759 0.056495 -0.086729
v -0.291993 0.075853 0.174094
v -0.266558 0.043506 0.285752
v -0.318526 0.054810 0.219440
v -0.304032 0.032825 0.278577
v -0.254486 0.086708 0.179170
v -0.243166 0.072433 0.236266
v -0.457319 0.062832 0.009284
v -0.495833 0.035240 -0.000446
v -0.474198 0.051270 0.036886
v -0.493630 0.036770 0.028651
v -0.464556 0.059009 -0.025238
v -0.484859 0.044442 -0.027057
v 0.132276 0.186118 -0.006385
v 0.208520 0.150276 0.011366
v 0.138106 0.191434 -0.052921
v 0.176498 0.174087 -0.039527
v 0.161588 0.164984 0.053480
v 0.199458 0.146147 0.058096
v 0.106727 0.165711 0.161096
v 0.149708 0.111172 0.278830
v 0.095048 0.143287 0.218420
v 0.114408 0.118607 0.280401
v 0.141589 0.151949 0.163888
v 0.164099 0.123262 0.220136
v 0.316547 0.502239 -0.328423
v 0.253196 0.333674 -0.309929
v 0.255630 0.446886 -0.303727
v 0.246746 0.369257 -0.292284
v 0.331339 0.470589 -0.340037
v 0.252407 0.388019 -0.341177
v 0.319629 0.531548 -0.512795
v 0.276081 0.379961 -0.575181
v 0.264669 0.492049 -0.581732
v 0.259835 0.421781 -0.609758
v 0.335479 0.487257 -0.465611
v 0.273165 0.410111 -0.508480
v 0.342332 0.121867 -0.150529
v 0.350685 0.112533 -0.089288
v 0.305580 0.140975 -0.150848
v 0.308826 0.134347 -0.121861
v 0.387501 0.099138 -0.118939
v 0.392669 0.095577 -0.087969
v 0.292832 0.167281 -0.377111
v 0.306668 0.205278 -0.468939
v 0.322476 0.131390 -0.388159
v 0.322606 0.145874 -0.434414
v 0.283324 0.247724 -0.399193
v 0.291677 0.263331 -0.447837
v 0.446165 0.068752 -0.147560
v 0.499873 0.043812 -0.080423
v 0.473409 0.054518 -0.144166
v 0.491580 0.047795 -0.111730
v 0.459043 0.063033 -0.114633
v 0.493409 0.044267 -0.080193
v 0.297923 0.090351 0.153498
v 0.263615 0.068940 0.262101
v 0.324006 0.072438 0.196363
v 0.304661 0.057362 0.251340
v 0.255589 0.102425 0.159136
v 0.240514 0.093755 0.213716
v 0.468207 0.062047 0.009021
v 0.503656 0.043355 0.007044
v 0.485313 0.052252 0.038959
v 0.497216 0.045871 0.035492
v 0.473074 0.059313 -0.022774
v 0.498020 0.044032 -0.020861
v -0.061001 -0.592568 0.157509
v -0.101104 -0.576953 0.272809
v -0.098426 -0.573498 0.154364
v -0.117920 -0.567087 0.209113
v -0.039774 -0.604312 0.217114
v -0.061476 -0.597505 0.276984
v -0.072581 -0.578224 -0.102998
v -0.098565 -0.639277 -0.192735
v -0.102055 -0.651685 -0.102699
v -0.107189 -0.706248 -0.153944
v -0.053779 -0.547003 -0.139778
v -0.069112 -0.567509 -0.180430
v 0.074727 -0.589222 0.160849
v 0.113503 -0.577292 0.271200
v 0.112076 -0.573657 0.158123
v 0.131150 -0.567337 0.210271
v 0.057203 -0.606772 0.215075
v 0.074582 -0.593001 0.274456
v 0.076225 -0.573628 -0.104188
v 0.097483 -0.638367 -0.191620
v 0.104870 -0.649418 -0.101983
v 0.106043 -0.704623 -0.150307
v 0.051917 -0.544562 -0.140468
v 0.068005 -0.564501 -0.179694
v -0.274580 -0.428559 0.349979
v -0.294877 -0.292111 0.291299
v -0.268275 -0.400588 0.292126
v -0.281750 -0.339140 0.266481
v -0.294980 -0.385663 0.377293
v -0.300738 -0.311784 0.343811
v -0.050822 -0.603131 0.457028
v 0.057287 -0.610316 0.455181
v -0.029402 -0.587819 0.510507
v 0.035820 -0.591068 0.510199
v -0.020428 -0.587651 0.400085
v 0.028992 -0.596140 0.397183
v -0.334152 -0.551427 0.557061
v -0.315444 -0.356722 0.574277
v -0.319368 -0.548038 0.632053
v -0.310370 -0.430849 0.630207
v -0.329395 -0.440079 0.505591
v -0.326872 -0.360166 0.518690
v -0.317227 -0.437863 -0.277579
v -0.343801 -0.280173 -0.198015
v -0.351959 -0.483585 -0.245372
v -0.360148 -0.387133 -0.196814
v -0.308233 -0.323859 -0.273253
v -0.315347 -0.254737 -0.236436
v -0.040303 -0.465392 -0.270576
v 0.040188 -0.466696 -0.270985
v -0.019424 -0.417206 -0.296025
v 0.019124 -0.418235 -0.296604
v -0.021388 -0.498371 -0.241270
v 0.020467 -0.498551 -0.241286
v -0.186711 -0.261087 -0.325148
v -0.170872 -0.102492 -0.333681
v -0.155566 -0.211497 -0.352891
v -0.147474 -0.134617 -0.350246
v -0.217121 -0.225853 -0.309660
v -0.205610 -0.142323 -0.312453
v -0.317644 -0.048574 0.018661
v -0.314557 -0.053912 0.093330
v -0.320326 -0.122934 0.032585
v -0.315015 -0.123112 0.071585
v -0.314823 0.023424 0.039815
v -0.319344 0.017863 0.074508
v -0.279587 -0.016759 -0.212278
v -0.242056 0.012750 -0.285381
v -0.282943 0.040019 -0.231183
v -0.272865 0.041156 -0.272870
v -0.271875 -0.075577 -0.239234
v -0.241931 -0.048801 -0.267587
v -0.371310 0.097899 -0.048852
v -0.452855 0.072228 -0.044147
v -0.403610 0.092766 -0.078591
v -0.440129 0.079928 -0.073856
v -0.378346 0.089074 -0.016253
v -0.418792 0.080941 -0.014683
v -0.322121 -0.138923 0.338756
v -0.321403 -0.160715 0.432820
v -0.325521 -0.089756 0.344996
v -0.321800 -0.102627 0.389028
v -0.319704 -0.204584 0.376301
v -0.324773 -0.214678 0.427389
v -0.374549 0.083007 0.128055
v -0.455374 0.068575 0.051999
v -0.404119 0.076451 0.129819
v -0.442299 0.067940 0.090824
v -0.381237 0.082996 0.087673
v -0.422050 0.078815 0.051585
v 0.278199 -0.429992 0.341283
v 0.299007 -0.297336 0.279063
v 0.274264 -0.403182 0.283665
v 0.287816 -0.343428 0.256421
v 0.296365 -0.388393 0.366446
v 0.302546 -0.316146 0.331210
v 0.333191 -0.553674 0.546684
v 0.318590 -0.366098 0.566470
v 0.322917 -0.554351 0.622820
v 0.313836 -0.441594 0.623694
v 0.326459 -0.443842 0.493229
v 0.330786 -0.367414 0.507241
v 0.329212 -0.445713 -0.268959
v 0.346483 -0.283165 -0.192558
v 0.356689 -0.486379 -0.232867
v 0.360892 -0.389017 -0.190123
v 0.315250 -0.328021 -0.265101
v 0.323979 -0.258098 -0.229382
v 0.193606 -0.264892 -0.317044
v 0.177102 -0.109775 -0.326405
v 0.157581 -0.212851 -0.335283
v 0.151649 -0.140014 -0.340972
v 0.227325 -0.230434 -0.304866
v 0.214401 -0.148115 -0.306653
v 0.322237 -0.059400 0.024038
v 0.319694 -0.067506 0.091979
v 0.325859 -0.132944 0.034038
v 0.321104 -0.134118 0.070200
v 0.316149 0.011938 0.048588
v 0.319022 0.005591 0.080294
v 0.281994 -0.021203 -0.198785
v 0.246391 0.001452 -0.272833
v 0.284952 0.035067 -0.215254
v 0.274703 0.033995 -0.257797
v 0.277159 -0.081455 -0.229127
v 0.249224 -0.058643 -0.258529
v 0.370153 0.090314 -0.028856
v 0.452219 0.086187 -0.020412
v 0.408351 0.093422 -0.057288
v 0.446984 0.083435 -0.051548
v 0.372391 0.088298 0.004761
v 0.413574 0.094772 0.008806
v 0.320237 -0.141932 0.320649
v 0.319493 -0.165804 0.418910
v 0.323080 -0.090104 0.326390
v 0.320736 -0.104440 0.373365
v 0.317730 -0.209560 0.360408
v 0.320445 -0.221418 0.412281
v 0.360340 0.095511 0.136638
v 0.440201 0.083814 0.074282
v 0.399341 0.089048 0.136040
v 0.438427 0.086163 0.106127
v 0.365539 0.091063 0.103511
v 0.405838 0.090657 0.073109
v 0.106962 -0.089427 0.726894
v 0.198304 -0.121898 0.692658
v 0.112007 -0.129488 0.745046
v 0.158064 -0.151166 0.718556
v 0.144392 -0.068870 0.695964
v 0.187815 -0.082472 0.680351
v -0.133844 -0.087394 0.711692
v -0.210910 -0.115293 0.681667
v -0.138803 -0.127116 0.722888
v -0.178444 -0.144721 0.707017
v -0.165214 -0.067051 0.683694
v -0.201872 -0.078778 0.668950
v 0.089843 0.010202 0.661275
v 0.146786 0.034883 0.592748
v 0.082576 0.038319 0.634527
v 0.110631 0.050486 0.603673
v 0.128989 -0.004127 0.656229
v 0.158271 0.010016 0.622538
v -0.118158 0.006280 0.652801
v -0.169211 0.022545 0.582068
v -0.113627 0.031565 0.624889
v -0.139018 0.039001 0.589771
v -0.152052 -0.008272 0.646013
v -0.177844 0.002120 0.611903
v 0.258032 -0.049127 0.546922
v 0.241276 -0.003750 0.515826
v 0.272749 -0.026789 0.494266
v 0.267148 -0.008057 0.480373
v 0.232870 -0.041905 0.587319
v 0.222993 -0.016413 0.570248
v -0.261522 -0.051755 0.545013
v -0.249923 -0.016965 0.515779
v -0.276421 -0.032656 0.499087
v -0.273985 -0.019665 0.487699
v -0.239019 -0.045672 0.578466
v -0.231693 -0.024798 0.561983
v 0.088468 0.004839 -0.641556
v 0.137185 0.013119 -0.547807
v 0.077513 0.004228 -0.583389
v 0.100762 0.008872 -0.539959
v 0.131092 0.010727 -0.656598
v 0.156021 0.011198 -0.608309
v -0.120399 0.006796 -0.645986
v -0.155325 0.022649 -0.549421
v -0.102864 0.008575 -0.585792
v -0.120129 0.014958 -0.542077
v -0.161334 0.016120 -0.659232
v -0.178588 0.023582 -0.607893
v 0.118041 0.090400 -0.761907
v 0.230434 0.122796 -0.780251
v 0.124036 0.138079 -0.771757
v 0.178863 0.157433 -0.781585
v 0.160914 0.065397 -0.743812
v 0.214732 0.079630 -0.749758
v -0.153852 0.089984 -0.784000
v -0.254901 0.127233 -0.769535
v -0.159919 0.134434 -0.811030
v -0.211939 0.157162 -0.795022
v -0.190765 0.071768 -0.745681
v -0.239213 0.087442 -0.745026
v 0.246530 0.058814 -0.524310
v 0.282725 0.088114 -0.598556
v 0.279398 0.078431 -0.502043
v 0.294463 0.089399 -0.532925
v 0.233184 0.048101 -0.590074
v 0.254218 0.064752 -0.633542
v -0.256174 0.069790 -0.525869
v -0.291928 0.099471 -0.592857
v -0.286121 0.086688 -0.504263
v -0.300428 0.098947 -0.531903
v -0.246851 0.061971 -0.587248
v -0.268850 0.076872 -0.629377
v -0.109126 0.364923 -0.157151
v -0.122890 0.408999 -0.176599
v -0.095084 0.391938 -0.159703
v -0.109394 0.440652 -0.184829
v -0.127675 0.297450 -0.154628
v -0.097917 0.348307 -0.152621
v -0.117251 0.281336 -0.147382
v -0.151159 0.359179 -0.187783
v -0.127233 0.441315 -0.199981
v -0.160696 0.389490 -0.209168
v -0.152229 0.291244 -0.168405
v -0.170314 0.340263 -0.201426
v -0.167707 0.266114 -0.174791
v -0.134361 0.257592 -0.147395
v -0.161965 0.248738 -0.159397
v 0.119320 0.380649 -0.165016
v 0.136078 0.421669 -0.191824
v 0.101303 0.405921 -0.169183
v 0.119320 0.452921 -0.199812
v 0.139009 0.306756 -0.163653
v 0.103326 0.359662 -0.160277
v 0.124403 0.288646 -0.156379
v 0.167401 0.367211 -0.203112
v 0.140760 0.450871 -0.217034
v 0.176279 0.396138 -0.225809
v 0.167530 0.296438 -0.182204
v 0.186423 0.344700 -0.217713
v 0.185835 0.267826 -0.190999
v 0.143094 0.261256 -0.160545
v 0.174998 0.248239 -0.176386
v -0.237830 -0.535814 0.038390
v -0.270514 -0.616239 -0.009203
v -0.206798 -0.550400 0.033203
v -0.235009 -0.655325 -0.007249
v -0.266143 -0.464498 0.077417
v -0.216719 -0.520017 0.082865
v -0.251732 -0.456190 0.119956
v -0.321391 -0.554501 -0.029459
v -0.284446 -0.702640 -0.032235
v -0.344857 -0.612034 -0.074331
v -0.301000 -0.446524 0.028255
v -0.346903 -0.522054 -0.054344
v -0.316639 -0.401133 0.012340
v -0.271780 -0.417152 0.109025
v -0.301068 -0.382588 0.053525
v 0.249757 -0.533121 0.041475
v 0.277512 -0.611949 -0.011178
v 0.220029 -0.549404 0.039340
v 0.241633 -0.650588 -0.011133
v 0.276538 -0.464979 0.075069
v 0.229212 -0.520843 0.086257
v 0.262496 -0.457694 0.117365
v 0.326058 -0.550795 -0.032348
v 0.288977 -0.697759 -0.033902
v 0.346939 -0.608556 -0.076920
v 0.310508 -0.447694 0.024419
v 0.347991 -0.517236 -0.058059
v 0.326723 -0.405252 0.008201
v 0.282119 -0.419448 0.104719
v 0.311345 -0.386525 0.048846
v -0.002245 -0.486072 0.685515
v -0.075772 -0.435544 0.700491
v -0.029892 -0.527501 0.669205
v -0.112877 -0.489293 0.692053
v 0.066744 -0.437420 0.701097
v 0.029762 -0.527476 0.670197
v 0.108020 -0.491435 0.693244
v 0.031125 -0.343105 0.723486
v -0.050716 -0.341224 0.722990
v 0.028576 -0.285566 0.739399
v -0.056197 -0.284003 0.736845
v 0.118598 -0.425949 0.702400
v 0.075466 -0.319486 0.727270
v -0.127135 -0.421901 0.701553
v -0.095958 -0.315513 0.725003
v -0.025872 0.118189 0.317604
v -0.053908 0.112770 0.373506
v -0.033747 0.129960 0.257680
v -0.064043 0.116362 0.320272
v 0.004051 0.116543 0.379783
v -0.014983 0.130281 0.259495
v 0.015602 0.118085 0.327644
v -0.004871 0.113388 0.485606
v -0.047673 0.108747 0.481931
v 0.000709 0.100562 0.533478
v -0.050300 0.097437 0.533124
v 0.028393 0.114790 0.388590
v 0.022331 0.110255 0.502769
v -0.075026 0.108912 0.379967
v -0.071661 0.101844 0.498277
v -0.001361 -0.163679 -0.396076
v -0.031142 -0.103936 -0.400413
v -0.015375 -0.214032 -0.384326
v -0.048648 -0.147603 -0.387942
v 0.028793 -0.107548 -0.401949
v 0.012731 -0.217250 -0.389352
v 0.047728 -0.152604 -0.392382
v 0.013568 -0.017263 -0.423678
v -0.018794 -0.014557 -0.423510
v 0.013231 0.010404 -0.452554
v -0.023000 0.011583 -0.452692
v 0.049999 -0.093914 -0.398197
v 0.031128 -0.006182 -0.429558
v -0.051359 -0.088504 -0.396615
v -0.037119 -0.001462 -0.429108
v -0.011832 0.479939 -0.679363
v -0.082437 0.427430 -0.698791
v -0.038804 0.529763 -0.658962
v -0.116256 0.469404 -0.677212
v 0.055268 0.423225 -0.702289
v 0.018735 0.526602 -0.660684
v 0.092224 0.461464 -0.683171
v 0.024686 0.343891 -0.739982
v -0.059123 0.345134 -0.738436
v 0.025825 0.294165 -0.762388
v -0.065434 0.294694 -0.761455
v 0.104749 0.405926 -0.706912
v 0.072178 0.321281 -0.751635
v -0.131673 0.412201 -0.700516
v -0.106899 0.323246 -0.749751
v 0.454520 0.064638 -0.287726
v 0.469797 0.062849 -0.219242
v 0.454795 0.066531 -0.292624
v 0.472923 0.062306 -0.216967
v 0.419180 0.090021 -0.254038
v 0.455598 0.076300 -0.201355
v 0.400860 0.096430 -0.231174
v 0.446733 0.085358 -0.177686
v 0.416854 0.081633 -0.312407
v 0.386476 0.097481 -0.274220
v 0.385754 0.093716 -0.342115
v 0.442815 0.068162 -0.331967
v 0.397969 0.084994 -0.358885
v 0.480687 0.059764 -0.183777
v 0.468451 0.073148 -0.166108
v 0.429835 0.057848 0.234968
v 0.470541 0.050766 0.176773
v 0.431801 0.060887 0.216301
v 0.478279 0.049303 0.155157
v 0.413547 0.067599 0.259297
v 0.449906 0.066367 0.198400
v 0.393010 0.055795 0.259481
v 0.439236 0.071938 0.196896
v 0.398209 0.056152 0.289165
v 0.375738 0.049970 0.296126
v 0.366838 0.042601 0.333250
v 0.401101 0.054130 0.260376
v 0.368669 0.041787 0.319830
v 0.486544 0.049571 0.141938
v 0.460057 0.064070 0.168534
v -0.435385 0.071687 -0.303576
v -0.451607 0.067136 -0.234630
v -0.422980 0.077050 -0.305941
v -0.452234 0.066277 -0.229180
v -0.409009 0.088104 -0.273846
v -0.441666 0.078959 -0.221443
v -0.392542 0.095587 -0.252153
v -0.429601 0.088750 -0.199724
v -0.419701 0.079397 -0.330393
v -0.380853 0.096017 -0.293578
v -0.382492 0.093168 -0.356937
v -0.417470 0.080463 -0.346549
v -0.393044 0.089579 -0.372089
v -0.457458 0.065954 -0.201568
v -0.447735 0.077960 -0.187447
v -0.421754 0.048288 0.247575
v -0.453296 0.045983 0.180034
v -0.419182 0.046212 0.230387
v -0.459836 0.043910 0.158519
v -0.410300 0.054678 0.266762
v -0.441525 0.055569 0.200303
v -0.390544 0.042803 0.269291
v -0.433703 0.058358 0.197187
v -0.391839 0.044308 0.300903
v -0.373372 0.034250 0.306863
v -0.363466 0.033475 0.342878
v -0.399338 0.042092 0.279248
v -0.370289 0.033969 0.337096
v -0.470732 0.043632 0.141535
v -0.454520 0.053016 0.164304
v -0.027515 0.467154 -0.172332
v -0.031550 0.529952 -0.205342
v -0.045439 0.457751 -0.168816
v -0.053322 0.515393 -0.201726
v 0.028662 0.471418 -0.174558
v 0.039191 0.533958 -0.212477
v 0.047420 0.464361 -0.173475
v 0.061680 0.525016 -0.211775
v -0.001653 0.440707 -0.160179
v -0.034442 0.432947 -0.157114
v -0.011509 0.403970 -0.148568
v 0.005644 0.567531 -0.231816
v -0.046814 0.549458 -0.225728
v -0.007547 0.597713 -0.252588
v 0.032819 0.438077 -0.157126
v 0.003605 0.406231 -0.146883
v 0.058994 0.555585 -0.236531
v 0.024060 0.598211 -0.258112
v -0.055530 0.259075 -0.128301
v -0.080541 0.217160 -0.100065
v -0.064949 0.284422 -0.135293
v -0.087620 0.229079 -0.119383
v -0.051430 0.199465 0.002755
v -0.084566 0.198063 0.076274
v -0.050489 0.182662 0.068271
v -0.083223 0.169413 0.139501
v -0.038244 0.235067 -0.116713
v -0.052043 0.298414 -0.134730
v -0.034299 0.273198 -0.128972
v -0.112102 0.199008 0.031709
v -0.113172 0.204902 -0.064610
v -0.140378 0.179825 0.047924
v -0.038597 0.197762 0.001041
v -0.031249 0.236602 -0.117121
v -0.105090 0.172079 0.147538
v -0.139071 0.183512 0.103931
v -0.162865 0.609590 -0.330512
v -0.241546 0.564937 -0.333000
v -0.152018 0.559027 -0.291103
v -0.212560 0.513326 -0.295129
v -0.191854 0.799360 -0.483796
v -0.216649 0.624672 -0.496757
v -0.136674 0.680196 -0.529272
v -0.206966 0.598528 -0.556277
v -0.141460 0.721784 -0.379680
v -0.124675 0.595835 -0.302613
v -0.089869 0.669157 -0.350158
v -0.387476 0.633471 -0.398299
v -0.258345 0.511711 -0.307162
v -0.451188 0.590860 -0.347024
v -0.106860 0.715566 -0.482871
v -0.084715 0.707509 -0.392431
v -0.255102 0.566605 -0.527987
v -0.433482 0.598136 -0.442551
v -0.241936 0.219704 -0.252112
v -0.275283 0.154205 -0.199922
v -0.224880 0.257803 -0.236526
v -0.243940 0.182007 -0.192223
v -0.321546 0.126223 -0.294240
v -0.373902 0.104856 -0.219627
v -0.350629 0.110408 -0.301193
v -0.398992 0.090902 -0.223926
v -0.261895 0.204472 -0.307579
v -0.237610 0.295399 -0.266461
v -0.256805 0.291403 -0.323928
v -0.357556 0.115236 -0.178404
v -0.285010 0.149458 -0.168292
v -0.369675 0.109502 -0.145039
v -0.314234 0.131517 -0.338284
v -0.269648 0.233835 -0.348003
v -0.416116 0.085919 -0.185561
v -0.407231 0.094087 -0.148061
v -0.247556 0.133182 -0.007044
v -0.291453 0.117911 -0.042578
v -0.215406 0.160595 -0.049233
v -0.254983 0.146212 -0.076763
v -0.344291 0.079789 0.114760
v -0.401429 0.077091 0.059243
v -0.374545 0.069168 0.151927
v -0.431515 0.069166 0.089948
v -0.271905 0.102943 0.080408
v -0.211599 0.153200 -0.013698
v -0.235976 0.121140 0.077174
v -0.375633 0.090252 -0.012361
v -0.294714 0.123739 -0.076500
v -0.381280 0.092657 -0.048100
v -0.331941 0.070340 0.164621
v -0.264224 0.097567 0.126732
v -0.447324 0.067176 0.047442
v -0.424737 0.076517 -0.019216
v 0.036566 0.262096 -0.126385
v 0.066362 0.217123 -0.092887
v 0.053922 0.289507 -0.135327
v 0.076802 0.232428 -0.124054
v 0.016591 0.200238 0.010224
v 0.052167 0.197707 0.086752
v 0.012397 0.183029 0.073894
v 0.047950 0.169221 0.147523
v 0.006667 0.235807 -0.110564
v 0.037430 0.304049 -0.132428
v 0.008050 0.276864 -0.125007
v 0.000350 0.198384 0.005587
v -0.005130 0.237615 -0.113387
v 0.091528 0.200871 0.037681
v 0.101517 0.206084 -0.070303
v 0.125841 0.184311 0.047052
v 0.074535 0.171014 0.154822
v 0.119087 0.189830 0.108554
v 0.182466 0.628515 -0.351220
v 0.256539 0.572085 -0.347227
v 0.169890 0.572173 -0.310010
v 0.226540 0.519443 -0.311611
v 0.169736 0.702339 -0.508727
v 0.246750 0.605606 -0.520621
v 0.132827 0.653567 -0.557198
v 0.211547 0.579655 -0.583829
v 0.180950 0.813775 -0.412595
v 0.145870 0.615617 -0.322424
v 0.122010 0.711612 -0.372683
v 0.115523 0.697570 -0.507741
v 0.117389 0.777241 -0.419106
v 0.411993 0.628720 -0.400635
v 0.270072 0.512076 -0.323248
v 0.450335 0.582792 -0.343215
v 0.267814 0.557318 -0.553970
v 0.434774 0.588207 -0.438659
v 0.252978 0.211758 -0.266654
v 0.290765 0.145810 -0.212442
v 0.237911 0.252237 -0.253244
v 0.259107 0.173242 -0.208258
v 0.335493 0.117831 -0.298288
v 0.388265 0.096786 -0.220265
v 0.367680 0.104376 -0.300984
v 0.417514 0.083617 -0.220225
v 0.269849 0.194618 -0.317387
v 0.246949 0.289579 -0.281009
v 0.261381 0.283320 -0.332469
v 0.368257 0.107730 -0.183410
v 0.299506 0.145643 -0.180655
v 0.378706 0.103479 -0.150330
v 0.326591 0.121291 -0.342758
v 0.274970 0.223988 -0.356247
v 0.430757 0.076522 -0.182792
v 0.413745 0.085607 -0.149472
v 0.258164 0.133328 -0.025832
v 0.306506 0.120909 -0.059748
v 0.223021 0.160251 -0.067422
v 0.267675 0.145088 -0.095325
v 0.360456 0.087044 0.098749
v 0.424239 0.079044 0.049468
v 0.391572 0.078425 0.136841
v 0.451766 0.071434 0.082332
v 0.282579 0.110326 0.060887
v 0.216470 0.154810 -0.030515
v 0.239662 0.127521 0.060652
v 0.390780 0.091391 -0.022202
v 0.308872 0.128379 -0.091594
v 0.393010 0.093281 -0.055945
v 0.342880 0.082248 0.145714
v 0.269724 0.108182 0.108199
v 0.461801 0.066137 0.043609
v 0.435917 0.076130 -0.023281
v -0.058913 -0.563177 0.056954
v -0.065506 -0.572151 -0.025082
v -0.098889 -0.556968 0.048019
v -0.106626 -0.601813 -0.025617
v 0.070780 -0.572803 0.063199
v 0.073184 -0.575352 -0.023337
v 0.112040 -0.568289 0.056710
v 0.117985 -0.600290 -0.024322
v 0.006488 -0.580004 0.112924
v -0.078439 -0.570315 0.103718
v -0.015654 -0.590502 0.163325
v 0.000810 -0.542930 -0.063031
v -0.089304 -0.600024 -0.063883
v -0.027612 -0.538517 -0.101174
v 0.091827 -0.574017 0.108887
v 0.030095 -0.590694 0.163935
v 0.098007 -0.595250 -0.064643
v 0.026609 -0.538791 -0.101792
v -0.160727 -0.548234 0.322724
v -0.225627 -0.512654 0.346787
v -0.172914 -0.531505 0.254417
v -0.226269 -0.482236 0.281962
v -0.128595 -0.759938 0.489178
v -0.273733 -0.769702 0.542141
v -0.093124 -0.758682 0.585407
v -0.243020 -0.766479 0.649178
v -0.109624 -0.579688 0.400884
v -0.138025 -0.555520 0.265704
v -0.083283 -0.576926 0.339515
v -0.280323 -0.559932 0.442538
v -0.250561 -0.459639 0.318470
v -0.288719 -0.466769 0.411337
v -0.079291 -0.658855 0.511247
v -0.068487 -0.583188 0.403201
v -0.309686 -0.688969 0.615358
v -0.313360 -0.512709 0.479206
v -0.169674 -0.714314 -0.270158
v -0.262376 -0.611145 -0.301731
v -0.215630 -0.784358 -0.224303
v -0.307421 -0.676217 -0.277562
v -0.097161 -0.427636 -0.299299
v -0.148884 -0.361055 -0.319734
v -0.073210 -0.367986 -0.319999
v -0.120196 -0.301818 -0.341320
v -0.102881 -0.547524 -0.254913
v -0.125516 -0.741792 -0.217798
v -0.083321 -0.572459 -0.220388
v -0.225346 -0.412245 -0.300853
v -0.316683 -0.566730 -0.286200
v -0.267969 -0.376115 -0.290960
v -0.057882 -0.420944 -0.296834
v -0.062256 -0.515829 -0.245591
v -0.155022 -0.287579 -0.337810
v -0.224299 -0.316022 -0.305463
v -0.361790 -0.202850 -0.114205
v -0.338558 -0.123612 -0.043671
v -0.367686 -0.295010 -0.105548
v -0.341778 -0.202290 -0.031927
v -0.290287 0.037695 -0.145941
v -0.324821 0.071915 -0.091965
v -0.314957 0.072239 -0.171610
v -0.356306 0.092954 -0.120530
v -0.315023 -0.109839 -0.166568
v -0.359388 -0.292713 -0.153344
v -0.318610 -0.182392 -0.200042
v -0.306114 0.030623 -0.029410
v -0.327758 -0.123709 -0.005796
v -0.310861 0.027106 0.005670
v -0.287323 0.040069 -0.187915
v -0.295172 -0.095551 -0.204833
v -0.363521 0.095152 -0.083675
v -0.335959 0.072659 -0.019912
v -0.300495 -0.210094 0.217726
v -0.308118 -0.131002 0.152791
v -0.292931 -0.264141 0.194313
v -0.305075 -0.193604 0.130192
v -0.329000 -0.056274 0.264990
v -0.335068 0.049693 0.206998
v -0.338744 -0.014625 0.271291
v -0.353197 0.081578 0.220065
v -0.312259 -0.173164 0.281521
v -0.292187 -0.275834 0.241608
v -0.306355 -0.241754 0.311819
v -0.320165 0.006086 0.151682
v -0.310986 -0.125458 0.111548
v -0.319832 0.013009 0.111336
v -0.328188 -0.074802 0.303623
v -0.315614 -0.189984 0.327670
v -0.364912 0.084301 0.171575
v -0.343814 0.061512 0.122285
v 0.172071 -0.551629 0.318743
v 0.233168 -0.512126 0.341331
v 0.184395 -0.533772 0.252503
v 0.235045 -0.483518 0.276956
v 0.126816 -0.760523 0.492487
v 0.274815 -0.770108 0.539382
v 0.092811 -0.759360 0.588257
v 0.245215 -0.766956 0.645874
v 0.118559 -0.592934 0.396343
v 0.150101 -0.557738 0.264234
v 0.094075 -0.584580 0.335115
v 0.080066 -0.665494 0.510791
v 0.076265 -0.598438 0.397713
v 0.279941 -0.556258 0.436828
v 0.256853 -0.460620 0.311719
v 0.289118 -0.467039 0.402497
v 0.312152 -0.689652 0.609201
v 0.308536 -0.512409 0.469396
v 0.171932 -0.721048 -0.271444
v 0.280198 -0.650534 -0.297755
v 0.213719 -0.784187 -0.225584
v 0.321067 -0.684421 -0.258010
v 0.098999 -0.431464 -0.299237
v 0.152872 -0.364757 -0.315125
v 0.074118 -0.371902 -0.321622
v 0.121900 -0.303691 -0.334221
v 0.103644 -0.550655 -0.255193
v 0.122903 -0.740428 -0.215873
v 0.082378 -0.572860 -0.220489
v 0.058356 -0.423627 -0.297796
v 0.061930 -0.516958 -0.245740
v 0.236631 -0.421990 -0.298186
v 0.334745 -0.581518 -0.272436
v 0.281610 -0.385161 -0.287102
v 0.157789 -0.288489 -0.326346
v 0.234527 -0.322033 -0.301053
v 0.362469 -0.210758 -0.111336
v 0.342050 -0.132176 -0.039262
v 0.368122 -0.300749 -0.104049
v 0.346650 -0.210508 -0.030367
v 0.293744 0.034575 -0.130546
v 0.326052 0.072605 -0.073750
v 0.316301 0.073543 -0.152323
v 0.360021 0.096379 -0.099162
v 0.319126 -0.114400 -0.157994
v 0.359558 -0.296879 -0.149435
v 0.327345 -0.184823 -0.194025
v 0.309262 0.022398 -0.016723
v 0.332529 -0.132873 -0.002369
v 0.313994 0.016521 0.016394
v 0.289976 0.035658 -0.172168
v 0.300295 -0.099880 -0.195052
v 0.365619 0.092075 -0.063701
v 0.333468 0.067514 -0.002034
v 0.307351 -0.219174 0.205061
v 0.315692 -0.144233 0.143363
v 0.300714 -0.271389 0.184389
v 0.312894 -0.203651 0.123025
v 0.326555 -0.059435 0.241101
v 0.340674 0.019294 0.180329
v 0.331250 -0.006830 0.243289
v 0.363827 0.051264 0.185834
v 0.314358 -0.180137 0.264961
v 0.298592 -0.282147 0.230183
v 0.308403 -0.247449 0.297372
v 0.322519 -0.012852 0.141866
v 0.317780 -0.137653 0.106420
v 0.320442 -0.001539 0.110797
v 0.324562 -0.074419 0.281831
v 0.315484 -0.195024 0.311153
v 0.361719 0.078166 0.161424
v 0.332552 0.056087 0.125412
v 0.021140 -0.090389 0.754516
v -0.058799 -0.090233 0.742555
v 0.018133 -0.127958 0.791987
v -0.061899 -0.129602 0.758970
v 0.018299 0.009350 0.680162
v -0.051999 0.008145 0.675669
v 0.015001 0.036988 0.650615
v -0.051300 0.035175 0.647029
v 0.060323 -0.036885 0.710730
v 0.064642 -0.109858 0.755941
v 0.101597 -0.053383 0.706136
v -0.090582 -0.037805 0.700106
v -0.098496 -0.109197 0.734226
v -0.128001 -0.053114 0.694358
v 0.051844 0.024573 0.660934
v 0.096071 -0.020294 0.684828
v -0.084482 0.021192 0.653704
v -0.122751 -0.022077 0.674786
v 0.285831 -0.272970 0.617997
v 0.247965 -0.188597 0.663131
v 0.262503 -0.323908 0.659736
v 0.211564 -0.226934 0.692536
v 0.310608 -0.120406 0.471902
v 0.289221 -0.081297 0.515716
v 0.311734 -0.070779 0.421632
v 0.294082 -0.046369 0.462972
v 0.321256 -0.226404 0.521896
v 0.297703 -0.350224 0.619496
v 0.323035 -0.294143 0.515102
v 0.316604 -0.114981 0.421965
v 0.321357 -0.228056 0.466188
v 0.259066 -0.106985 0.614498
v 0.204343 -0.170801 0.692952
v 0.226825 -0.095665 0.653139
v 0.279338 -0.050879 0.505875
v 0.244250 -0.071804 0.601536
v -0.285421 -0.261276 0.619875
v -0.251168 -0.179374 0.656780
v -0.261744 -0.311952 0.658558
v -0.221524 -0.216959 0.688030
v -0.309544 -0.115906 0.480815
v -0.287403 -0.079127 0.518580
v -0.310335 -0.069718 0.433384
v -0.291348 -0.045141 0.470919
v -0.321189 -0.216126 0.531355
v -0.293799 -0.338689 0.622096
v -0.321707 -0.285133 0.525509
v -0.316616 -0.111851 0.434638
v -0.324794 -0.219617 0.479080
v -0.260126 -0.102303 0.607374
v -0.217031 -0.161566 0.686646
v -0.233060 -0.091313 0.641380
v -0.279833 -0.051995 0.509248
v -0.247980 -0.071235 0.593220
v 0.154102 0.083573 0.393622
v 0.154246 0.062079 0.502800
v 0.119661 0.095373 0.398384
v 0.120175 0.078519 0.517440
v 0.263374 0.032995 0.362929
v 0.252915 0.017515 0.442982
v 0.301063 0.017758 0.347917
v 0.283044 0.012309 0.414830
v 0.206877 0.075620 0.326844
v 0.134893 0.101341 0.338002
v 0.186091 0.098657 0.275475
v 0.285398 0.038045 0.311837
v 0.224016 0.084016 0.269392
v 0.204084 0.027079 0.526559
v 0.135092 0.058871 0.561435
v 0.182105 0.019647 0.576598
v 0.261042 0.006335 0.463773
v 0.213558 0.006042 0.549939
v -0.176658 0.065328 0.387291
v -0.176397 0.043096 0.490378
v -0.148817 0.081124 0.387442
v -0.149071 0.060763 0.498950
v -0.271339 0.000352 0.386294
v -0.264723 -0.009822 0.458485
v -0.305597 -0.004120 0.371921
v -0.294257 -0.010256 0.436923
v -0.219709 0.051506 0.337464
v -0.160486 0.088091 0.332859
v -0.200653 0.080510 0.283583
v -0.288265 0.008022 0.339719
v -0.232144 0.060977 0.286708
v -0.215441 0.008318 0.514298
v -0.160087 0.042456 0.545670
v -0.198299 0.006633 0.566705
v -0.270609 -0.012458 0.474847
v -0.224523 -0.007489 0.541945
v 0.017196 0.006382 -0.654772
v -0.052749 0.006936 -0.656744
v 0.015703 -0.002565 -0.601800
v -0.045229 -0.001550 -0.603803
v 0.023337 0.096921 -0.763113
v -0.066082 0.099343 -0.763535
v 0.025969 0.143980 -0.770351
v -0.067422 0.144089 -0.777718
v 0.062162 0.036719 -0.724533
v 0.049591 -0.000541 -0.623163
v 0.099546 0.022555 -0.693267
v -0.100918 0.042234 -0.720316
v -0.081225 0.001035 -0.626858
v -0.133932 0.026239 -0.694837
v 0.072435 0.117282 -0.768102
v 0.110431 0.049504 -0.738648
v -0.111675 0.118166 -0.781210
v -0.145444 0.054483 -0.739751
v 0.139315 -0.014715 -0.363515
v 0.137464 0.013072 -0.447500
v 0.111765 -0.032009 -0.369322
v 0.103510 0.010352 -0.444548
v 0.242506 0.038129 -0.344232
v 0.243862 0.054360 -0.428855
v 0.277314 0.061145 -0.330835
v 0.279345 0.076597 -0.414373
v 0.194173 -0.013065 -0.321219
v 0.143380 -0.071452 -0.347689
v 0.200186 -0.074265 -0.308807
v 0.259917 0.035003 -0.300439
v 0.220580 -0.034048 -0.288437
v 0.191857 0.031281 -0.492335
v 0.120233 0.012696 -0.493867
v 0.174966 0.023228 -0.548787
v 0.262200 0.067853 -0.466901
v 0.211880 0.039129 -0.540838
v -0.140237 -0.007166 -0.372376
v -0.146929 0.019687 -0.453591
v -0.111741 -0.025984 -0.376018
v -0.113830 0.013110 -0.450200
v -0.240458 0.056363 -0.356304
v -0.248242 0.066543 -0.436867
v -0.276744 0.073593 -0.344751
v -0.282945 0.083580 -0.423237
v -0.191482 -0.003438 -0.332346
v -0.137643 -0.061486 -0.352840
v -0.193210 -0.065479 -0.316258
v -0.256993 0.049064 -0.313710
v -0.214996 -0.024818 -0.298588
v -0.202257 0.042700 -0.496332
v -0.134332 0.018837 -0.497658
v -0.190608 0.035011 -0.549869
v -0.268471 0.076510 -0.471924
v -0.224382 0.051624 -0.541616
v 0.287743 0.286000 -0.676621
v 0.279299 0.199273 -0.758701
v 0.251897 0.323545 -0.702078
v 0.232488 0.229418 -0.797771
v 0.321828 0.166681 -0.530986
v 0.314994 0.128095 -0.577776
v 0.337267 0.126970 -0.484059
v 0.327615 0.112713 -0.517415
v 0.301519 0.261273 -0.565717
v 0.267668 0.351955 -0.640581
v 0.287192 0.328012 -0.539302
v 0.324057 0.161518 -0.480345
v 0.297188 0.268025 -0.503213
v 0.296733 0.119333 -0.702735
v 0.237051 0.176352 -0.801096
v 0.262807 0.097142 -0.737004
v 0.306710 0.104964 -0.558810
v 0.277007 0.086829 -0.674840
v -0.292800 0.291170 -0.649467
v -0.296144 0.204782 -0.735085
v -0.263137 0.328880 -0.675879
v -0.261738 0.238695 -0.766593
v -0.317377 0.177633 -0.518938
v -0.316731 0.139619 -0.566541
v -0.330424 0.143710 -0.475819
v -0.326457 0.124546 -0.512143
v -0.299293 0.267502 -0.546829
v -0.272585 0.356251 -0.615651
v -0.286841 0.331572 -0.522763
v -0.315012 0.170181 -0.473669
v -0.293950 0.273956 -0.490294
v -0.304858 0.132750 -0.682715
v -0.264899 0.178952 -0.779592
v -0.279013 0.107365 -0.724966
v -0.310882 0.115808 -0.553194
v -0.287821 0.100447 -0.660882
v 0.510712 0.046862 -0.054750
v 0.505584 0.059015 -0.038297
v 0.503520 0.049112 -0.085093
v 0.500733 0.059142 -0.067643
v 0.503550 0.050218 0.028238
v 0.493574 0.063550 0.047378
v 0.498822 0.049886 0.056140
v 0.486263 0.063046 0.077657
v 0.514096 0.043503 -0.022413
v 0.502864 0.045908 -0.082002
v 0.506166 0.041896 -0.049937
v 0.501401 0.046921 0.032012
v 0.509239 0.040557 -0.020393
v 0.482503 0.073341 0.014128
v 0.485305 0.071374 -0.046523
v 0.447895 0.084063 0.011927
v 0.469974 0.074874 0.075188
v 0.444282 0.083450 0.043074
v -0.495325 0.038582 -0.062043
v -0.487931 0.048083 -0.056592
v -0.486138 0.046363 -0.097759
v -0.475570 0.057851 -0.087161
v -0.500257 0.035145 0.015966
v -0.496943 0.042817 0.028524
v -0.499147 0.036125 0.043604
v -0.495314 0.042908 0.059014
v -0.498486 0.034944 -0.030652
v -0.485747 0.044362 -0.091523
v -0.486382 0.043825 -0.058001
v -0.499216 0.034716 0.022282
v -0.495259 0.035651 -0.027412
v -0.489127 0.052335 -0.011046
v -0.469533 0.062319 -0.066994
v -0.458537 0.068104 -0.014004
v -0.478417 0.055076 0.054381
v -0.465000 0.068355 0.015603
v -0.066704 0.400594 -0.152776
v -0.071203 0.353377 -0.146120
v -0.091714 0.510108 -0.213077
v -0.113604 0.515520 -0.234033
v -0.055536 0.377763 -0.144277
v -0.091834 0.544472 -0.242210
v -0.118167 0.226449 -0.122723
v -0.149146 0.208189 -0.104369
v -0.146182 0.197594 -0.077143
v -0.198423 0.411676 -0.249555
v -0.203825 0.352602 -0.236270
v -0.221462 0.395276 -0.262567
v -0.217239 0.197858 -0.161376
v -0.220039 0.187952 -0.135574
v -0.255417 0.165240 -0.135489
v 0.067173 0.409518 -0.158846
v 0.069227 0.360943 -0.150567
v 0.103563 0.519617 -0.229469
v 0.129039 0.523774 -0.252443
v 0.051834 0.384222 -0.146312
v 0.107216 0.555715 -0.258443
v 0.116476 0.229249 -0.135609
v 0.149176 0.207332 -0.123558
v 0.143572 0.198589 -0.092193
v 0.212079 0.415208 -0.265938
v 0.217492 0.353287 -0.253490
v 0.233248 0.394928 -0.279189
v 0.232140 0.193109 -0.178852
v 0.232634 0.184493 -0.153833
v 0.268643 0.161426 -0.151982
v -0.151396 -0.544916 0.086895
v -0.168037 -0.535215 0.140971
v -0.171115 -0.709754 -0.050845
v -0.207178 -0.792114 -0.093446
v -0.134100 -0.553719 0.148150
v -0.132840 -0.753315 -0.090484
v -0.253420 -0.420449 0.205054
v -0.271181 -0.371127 0.186880
v -0.267547 -0.381814 0.237700
v -0.367839 -0.592272 -0.171902
v -0.366464 -0.482565 -0.131948
v -0.368915 -0.497914 -0.191241
v -0.322560 -0.266702 0.022325
v -0.311485 -0.259455 0.063797
v -0.317965 -0.193642 0.047759
v 0.166139 -0.550358 0.095285
v 0.181328 -0.538579 0.145105
v 0.171918 -0.719246 -0.040527
v 0.208081 -0.791200 -0.092973
v 0.147700 -0.556688 0.152450
v 0.133198 -0.752819 -0.091116
v 0.262736 -0.423149 0.199327
v 0.280360 -0.374988 0.179704
v 0.275407 -0.385267 0.229841
v 0.368115 -0.590676 -0.167299
v 0.366346 -0.481350 -0.129725
v 0.370227 -0.498047 -0.184215
v 0.330164 -0.273829 0.020275
v 0.319629 -0.266788 0.059975
v 0.324759 -0.202533 0.046125
v -0.036031 -0.563025 0.607654
v 0.045010 -0.565548 0.608936
v -0.226931 -0.555116 0.699996
v -0.227543 -0.447810 0.688525
v 0.006061 -0.560029 0.556230
v -0.281737 -0.501917 0.674961
v 0.228203 -0.559792 0.700291
v 0.228020 -0.456770 0.689756
v 0.287132 -0.512978 0.672646
v 0.066453 -0.203076 0.762715
v 0.117920 -0.233225 0.733728
v -0.101039 -0.202483 0.739227
v -0.141694 -0.227772 0.723661
v 0.113848 -0.178501 0.742281
v -0.140905 -0.174450 0.724993
v -0.029778 0.164220 0.132098
v -0.012765 0.164297 0.133606
v -0.093327 0.125910 0.265841
v -0.108285 0.109609 0.327107
v -0.020495 0.181048 0.067708
v -0.117193 0.121905 0.270058
v 0.052053 0.125588 0.275204
v 0.069584 0.114741 0.337149
v 0.081221 0.122647 0.279428
v 0.038734 0.074274 0.592908
v 0.063944 0.085334 0.563672
v -0.079856 0.068927 0.588595
v -0.104624 0.076333 0.555365
v 0.073898 0.063272 0.602104
v -0.109681 0.055281 0.593797
v -0.017761 -0.318550 -0.345509
v 0.015960 -0.323768 -0.351437
v -0.096710 -0.181555 -0.371054
v -0.094902 -0.113947 -0.376559
v -0.000385 -0.369576 -0.322189
v -0.123183 -0.161718 -0.364538
v 0.097683 -0.184558 -0.365740
v 0.096145 -0.119395 -0.372637
v 0.124869 -0.164708 -0.353589
v 0.038411 0.008682 -0.513116
v 0.057384 0.012418 -0.477401
v -0.056352 0.009858 -0.514718
v -0.071434 0.012852 -0.479916
v 0.067466 0.008084 -0.527878
v -0.086763 0.010940 -0.530215
v -0.039095 0.635760 -0.610690
v 0.029559 0.630567 -0.612489
v -0.211101 0.502577 -0.648670
v -0.218998 0.431778 -0.669638
v -0.000221 0.677033 -0.571793
v -0.239515 0.465026 -0.616670
v 0.188205 0.486428 -0.660916
v 0.194862 0.420314 -0.681551
v 0.232968 0.458649 -0.647003
v 0.076874 0.217037 -0.776487
v 0.128741 0.241507 -0.780641
v -0.117427 0.215100 -0.794677
v -0.170084 0.238843 -0.810239
v 0.127696 0.188479 -0.779119
v -0.166153 0.183214 -0.822267
v 0.391154 0.094215 -0.343605
v 0.380687 0.098336 -0.387509
v 0.472462 0.061371 -0.180038
v 0.488904 0.054693 -0.146008
v 0.353977 0.111453 -0.390721
v 0.485139 0.052721 -0.142854
v 0.337760 0.090299 -0.221733
v 0.326745 0.088206 -0.266807
v 0.432530 0.088233 -0.117715
v 0.468629 0.076528 -0.108460
v 0.303168 0.068497 -0.239529
v 0.440167 0.084475 -0.083933
v 0.332334 0.101104 -0.423708
v 0.341858 0.097882 -0.443802
v 0.311124 0.093568 -0.475643
v 0.391030 0.057929 0.217647
v 0.362103 0.042883 0.266521
v 0.487837 0.050493 0.097919
v 0.493936 0.047954 0.090362
v 0.347184 0.053556 0.236197
v 0.492374 0.047824 0.065603
v 0.338093 0.015347 0.288834
v 0.327604 0.001166 0.329775
v 0.431682 0.083162 0.170657
v 0.455258 0.073555 0.138198
v 0.325247 -0.042078 0.329338
v 0.434530 0.086635 0.138294
v 0.311521 0.004005 0.408912
v 0.313219 0.013108 0.397088
v 0.290747 -0.005717 0.444489
v -0.368628 0.102140 -0.348150
v -0.361067 0.106644 -0.391915
v -0.448566 0.065772 -0.191988
v -0.464781 0.058370 -0.161241
v -0.337479 0.119625 -0.390770
v -0.459622 0.060584 -0.155706
v -0.336702 0.087002 -0.242033
v -0.326059 0.089500 -0.285219
v -0.420760 0.093058 -0.139877
v -0.447258 0.081053 -0.130324
v -0.302892 0.069597 -0.257155
v -0.429191 0.087214 -0.105695
v -0.336036 0.105593 -0.434969
v -0.341602 0.104978 -0.450117
v -0.315011 0.099988 -0.479391
v -0.380596 0.045304 0.236640
v -0.358930 0.026970 0.290665
v -0.473077 0.047065 0.097617
v -0.492142 0.037950 0.082053
v -0.342840 0.035239 0.261597
v -0.485846 0.041586 0.060962
v -0.341874 0.005992 0.307432
v -0.329788 -0.008393 0.347586
v -0.425171 0.067911 0.164000
v -0.454635 0.058715 0.127298
v -0.325904 -0.043379 0.347016
v -0.432861 0.069440 0.128584
v -0.313667 -0.002591 0.421144
v -0.319301 0.002269 0.415139
v -0.295305 -0.014671 0.456019
v -0.016702 0.318983 -0.134453
v -0.004610 0.321161 -0.132700
v -0.014924 0.278710 -0.128300
v -0.007560 0.650893 -0.320928
v 0.038660 0.655124 -0.328566
v 0.019745 0.676334 -0.367086
v -0.195978 0.132087 0.120083
v -0.188846 0.122687 0.172302
v -0.220207 0.103030 0.178101
v -0.278050 0.420044 -0.375194
v -0.285696 0.426627 -0.428064
v -0.280045 0.339747 -0.410495
v -0.427483 0.080119 -0.084974
v -0.460091 0.065344 -0.085892
v -0.465688 0.059841 -0.056214
v 0.189247 0.141583 0.109401
v 0.177528 0.134285 0.163745
v 0.215450 0.117365 0.162425
v 0.281319 0.418694 -0.375461
v 0.283175 0.428949 -0.434114
v 0.281526 0.335537 -0.417327
v 0.433972 0.077465 -0.086435
v 0.468504 0.059109 -0.083424
v 0.472248 0.058518 -0.053165
v -0.016478 -0.596163 0.278002
v 0.030006 -0.596589 0.276876
v 0.005511 -0.592856 0.338107
v -0.027999 -0.527154 -0.174830
v 0.023829 -0.525521 -0.174419
v -0.001127 -0.517607 -0.209003
v -0.310025 -0.332523 0.399611
v -0.321873 -0.350362 0.458878
v -0.320527 -0.273595 0.416443
v -0.287916 -0.219653 -0.270390
v -0.244955 -0.181670 -0.292304
v -0.260885 -0.130687 -0.266292
v -0.343834 0.069482 0.047674
v -0.383252 0.085910 0.016386
v -0.383980 0.084374 0.050432
v 0.309827 -0.336816 0.386708
v 0.321089 -0.355636 0.445551
v 0.317882 -0.279595 0.401788
v 0.290796 -0.224809 -0.261167
v 0.259468 -0.184051 -0.292269
v 0.268472 -0.136404 -0.259284
v 0.336742 0.060968 0.062821
v 0.372360 0.087819 0.037748
v 0.370118 0.087997 0.070529
v 0.177753 -0.048459 0.664358
v 0.168320 -0.017827 0.645705
v 0.203991 -0.030648 0.623758
v -0.192982 -0.048125 0.652416
v -0.185289 -0.021264 0.634182
v -0.214275 -0.034411 0.610570
v 0.176324 0.021106 -0.664563
v 0.195445 0.046658 -0.710577
v 0.220593 0.035783 -0.662971
v -0.203023 0.029391 -0.666516
v -0.221829 0.054653 -0.710168
v -0.239999 0.051505 -0.657069
f 1 647 644
f 1 644 643
f 1 643 645
f 1 645 646
f 1 646 647
f 2 649 652
f 6 672 670
f 12 702 699
f 11 696 695
f 8 679 681
f 4 662 659
f 4 659 658
f 4 658 660
f 4 660 661
f 4 661 662
f 5 666 665
f 3 654 657
f 7 673 677
f 9 685 686
f 10 692 688
f 12 701 698
f 6 669 668
f 2 650 648
f 8 682 678
f 11 697 693
f 6 671 669
f 12 700 701
f 11 694 697
f 8 680 682
f 2 651 650
f 10 690 689
f 5 663 664
f 3 655 653
f 7 676 674
f 9 687 684
f 10 691 690
f 5 667 663
f 3 656 655
f 7 675 676
f 9 683 687
f 6 668 672
f 2 648 649
f 8 678 679
f 11 693 696
f 12 698 702
f 10 688 691
f 5 665 667
f 3 657 656
f 7 677 675
f 9 686 683
f 5 664 666
f 3 653 654
f 7 674 673
f 9 684 685
f 10 689 692
f 6 670 671
f 12 699 700
f 11 695 694
f 8 681 680
f 2 652 651
f 35 837 838
f 18 735 736
f 19 742 741
f 40 868 867
f 42 880 879
f 34 832 831
f 33 827 828
f 25 778 780
f 36 844 846
f 20 749 747
f 32 819 820
f 23 765 767
f 24 773 771
f 37 850 849
f 41 876 875
f 34 833 834
f 33 826 825
f 25 779 777
f 36 845 843
f 20 748 750
f 17 729 727
f 14 711 709
f 13 706 703
f 15 718 715
f 16 724 721
f 18 737 733
f 35 839 835
f 42 882 878
f 40 870 866
f 19 744 740
f 30 807 805
f 27 789 787
f 22 762 758
f 28 797 793
f 29 802 799
f 32 821 817
f 23 766 763
f 24 774 770
f 37 852 848
f 41 874 872
f 35 838 836
f 18 736 734
f 19 741 739
f 40 867 865
f 42 879 877
f 34 831 829
f 33 828 824
f 25 780 776
f 36 846 842
f 20 747 745
f 32 820 818
f 23 767 764
f 24 771 769
f 37 849 847
f 41 875 871
f 34 834 830
f 33 825 823
f 25 777 775
f 36 843 841
f 20 750 746
f 14 714 710
f 13 707 704
f 15 719 716
f 16 725 722
f 17 732 728
f 21 755 752
f 31 814 811
f 26 784 781
f 38 857 853
f 39 862 860
f 27 792 788
f 22 759 757
f 28 796 794
f 29 803 800
f 30 810 806
f 31 815 812
f 26 785 782
f 38 856 854
f 39 863 859
f 21 754 751
f 14 712 714
f 13 705 707
f 15 717 719
f 16 723 725
f 17 730 732
f 21 753 755
f 31 816 814
f 26 786 784
f 38 858 857
f 39 861 862
f 27 791 792
f 22 761 759
f 28 795 796
f 29 801 803
f 30 808 810
f 31 813 815
f 26 783 785
f 38 855 856
f 39 864 863
f 21 756 754
f 14 709 712
f 13 703 705
f 15 715 717
f 16 721 723
f 17 727 730
f 21 751 753
f 31 812 816
f 26 782 786
f 38 854 858
f 39 859 861
f 27 787 791
f 22 758 761
f 28 793 795
f 29 799 801
f 30 805 808
f 31 811 813
f 26 781 783
f 38 853 855
f 39 860 864
f 21 752 756
f 17 728 731
f 14 710 713
f 13 704 708
f 15 716 720
f 16 722 726
f 18 734 738
f 35 836 840
f 42 877 881
f 40 865 869
f 19 739 743
f 30 806 809
f 27 788 790
f 22 757 760
f 28 794 798
f 29 800 804
f 32 818 822
f 23 764 768
f 24 769 772
f 37 847 851
f 41 871 873
f 35 835 837
f 18 733 735
f 19 740 742
f 40 866 868
f 42 878 880
f 34 830 832
f 33 823 827
f 25 775 778
f 36 841 844
f 20 746 749
f 32 817 819
f 23 763 765
f 24 770 773
f 37 848 850
f 41 872 876
f 34 829 833
f 33 824 826
f 25 776 779
f 36 842 845
f 20 745 748
f 17 731 729
f 14 713 711
f 13 708 706
f 15 720 718
f 16 726 724
f 18 738 737
f 35 840 839
f 42 881 882
f 40 869 870
f 19 743 744
f 30 809 807
f 27 790 789
f 22 760 762
f 28 798 797
f 29 804 802
f 32 822 821
f 23 768 766
f 24 772 774
f 37 851 852
f 41 873 874
f 107 1269 1270
f 103 1245 1246
f 104 1252 1251
f 110 1288 1287
f 113 1306 1305
f 118 1336 1335
f 154 1551 1552
f 141 1473 1474
f 162 1599 1600
f 121 1354 1353
f 142 1479 1480
f 129 1401 1402
f 130 1408 1407
f 144 1492 1491
f 146 1504 1503
f 151 1533 1534
f 131 1414 1413
f 136 1444 1443
f 161 1594 1593
f 126 1383 1384
f 116 1323 1324
f 108 1275 1276
f 106 1263 1264
f 112 1299 1300
f 115 1317 1318
f 119 1341 1342
f 156 1564 1563
f 139 1462 1461
f 160 1588 1587
f 120 1347 1348
f 149 1521 1522
f 132 1420 1419
f 128 1395 1396
f 145 1497 1498
f 148 1515 1516
f 155 1557 1558
f 133 1425 1426
f 134 1431 1432
f 157 1570 1569
f 124 1372 1371
f 109 1282 1281
f 105 1258 1257
f 111 1294 1293
f 114 1312 1311
f 117 1330 1329
f 125 1378 1377
f 152 1540 1539
f 137 1449 1450
f 158 1575 1576
f 123 1365 1366
f 143 1486 1485
f 127 1390 1389
f 135 1437 1438
f 147 1510 1509
f 150 1528 1527
f 153 1546 1545
f 140 1468 1467
f 138 1455 1456
f 159 1581 1582
f 122 1359 1360
f 107 1272 1271
f 103 1248 1247
f 104 1253 1254
f 110 1289 1290
f 113 1307 1308
f 118 1337 1338
f 154 1554 1553
f 141 1476 1475
f 162 1602 1601
f 121 1355 1356
f 142 1482 1481
f 129 1404 1403
f 130 1409 1410
f 144 1493 1494
f 146 1505 1506
f 151 1536 1535
f 131 1415 1416
f 136 1445 1446
f 161 1595 1596
f 126 1386 1385
f 47 909 907
f 44 891 889
f 43 886 883
f 45 898 895
f 46 904 901
f 49 922 919
f 72 1060 1057
f 102 1240 1237
f 96 1204 1201
f 79 1102 1099
f 62 999 997
f 59 981 979
f 58 976 973
f 60 988 985
f 61 994 991
f 66 1024 1021
f 54 952 949
f 73 1066 1063
f 85 1138 1135
f 92 1179 1177
f 101 1233 1231
f 69 1041 1039
f 50 927 925
f 82 1119 1117
f 97 1209 1207
f 71 1053 1051
f 100 1228 1225
f 94 1192 1189
f 80 1108 1105
f 51 933 931
f 90 1167 1165
f 63 1005 1003
f 55 957 955
f 76 1083 1081
f 87 1150 1147
f 91 1174 1171
f 67 1029 1027
f 56 963 961
f 75 1077 1075
f 83 1126 1123
f 68 1036 1033
f 48 915 913
f 78 1095 1093
f 93 1185 1183
f 98 1216 1213
f 88 1155 1153
f 65 1018 1015
f 57 970 967
f 77 1090 1087
f 86 1143 1141
f 64 1012 1009
f 53 945 943
f 74 1071 1069
f 84 1131 1129
f 89 1162 1159
f 70 1047 1045
f 99 1221 1219
f 95 1197 1195
f 81 1114 1111
f 52 940 937
f 109 1284 1280
f 105 1260 1256
f 111 1296 1292
f 114 1314 1310
f 117 1332 1328
f 125 1380 1376
f 152 1542 1538
f 137 1451 1447
f 158 1577 1573
f 123 1367 1363
f 143 1488 1484
f 127 1392 1388
f 135 1439 1435
f 147 1512 1508
f 150 1530 1526
f 153 1548 1544
f 140 1470 1466
f 138 1457 1453
f 159 1583 1579
f 122 1361 1357
f 107 1270 1268
f 103 1246 1244
f 104 1251 1249
f 110 1287 1285
f 113 1305 1303
f 118 1335 1333
f 154 1552 1550
f 141 1474 1472
f 162 1600 1598
f 121 1353 1351
f 142 1480 1478
f 129 1402 1400
f 130 1407 1405
f 144 1491 1489
f 146 1503 1501
f 151 1534 1532
f 131 1413 1411
f 136 1443 1441
f 161 1593 1591
f 126 1384 1382
f 116 1324 1322
f 108 1276 1274
f 106 1264 1262
f 112 1300 1298
f 115 1318 1316
f 119 1342 1340
f 156 1563 1561
f 139 1461 1459
f 160 1587 1585
f 120 1348 1346
f 149 1522 1520
f 132 1419 1417
f 128 1396 1394
f 145 1498 1496
f 148 1516 1514
f 155 1558 1556
f 133 1426 1424
f 134 1432 1430
f 157 1569 1567
f 124 1371 1369
f 109 1281 1279
f 105 1257 1255
f 111 1293 1291
f 114 1311 1309
f 117 1329 1327
f 125 1377 1375
f 152 1539 1537
f 137 1450 1448
f 158 1576 1574
f 123 1366 1364
f 143 1485 1483
f 127 1389 1387
f 135 1438 1436
f 147 1509 1507
f 150 1527 1525
f 153 1545 1543
f 140 1467 1465
f 138 1456 1454
f 159 1582 1580
f 122 1360 1358
f 107 1271 1267
f 103 1247 1243
f 104 1254 1250
f 110 1290 1286
f 113 1308 1304
f 118 1338 1334
f 154 1553 1549
f 141 1475 1471
f 162 1601 1597
f 121 1356 1352
f 142 1481 1477
f 129 1403 1399
f 130 1410 1406
f 144 1494 1490
f 146 1506 1502
f 151 1535 1531
f 131 1416 1412
f 136 1446 1442
f 161 1596 1592
f 126 1385 1381
f 44 894 890
f 43 887 884
f 45 899 896
f 46 905 902
f 47 912 908
f 52 941 938
f 70 1050 1046
f 99 1224 1220
f 95 1200 1196
f 81 1115 1112
f 59 984 980
f 58 977 974
f 60 989 986
f 61 995 992
f 62 1002 998
f 65 1019 1016
f 57 971 968
f 77 1091 1088
f 86 1146 1142
f 88 1158 1154
f 98 1217 1214
f 68 1037 1034
f 48 918 914
f 78 1098 1094
f 93 1188 1184
f 69 1044 1040
f 101 1236 1232
f 97 1212 1208
f 82 1122 1118
f 50 930 926
f 89 1163 1160
f 64 1013 1010
f 53 948 944
f 74 1074 1070
f 84 1134 1130
f 90 1170 1166
f 63 1008 1004
f 55 960 956
f 76 1086 1082
f 87 1151 1148
f 72 1061 1058
f 49 923 920
f 79 1103 1100
f 96 1205 1202
f 102 1241 1238
f 91 1175 1172
f 67 1032 1028
f 56 966 962
f 75 1080 1076
f 83 1127 1124
f 66 1025 1022
f 54 953 950
f 73 1067 1064
f 85 1139 1136
f 92 1182 1178
f 71 1056 1052
f 100 1229 1226
f 94 1193 1190
f 80 1109 1106
f 51 936 932
f 116 1325 1321
f 108 1277 1273
f 106 1265 1261
f 112 1301 1297
f 115 1319 1315
f 119 1343 1339
f 156 1566 1562
f 139 1464 1460
f 160 1590 1586
f 120 1349 1345
f 149 1523 1519
f 132 1422 1418
f 128 1397 1393
f 145 1499 1495
f 148 1517 1513
f 155 1559 1555
f 133 1427 1423
f 134 1433 1429
f 157 1572 1568
f 124 1374 1370
f 44 892 894
f 43 885 887
f 45 897 899
f 46 903 905
f 47 910 912
f 52 939 941
f 70 1048 1050
f 99 1222 1224
f 95 1198 1200
f 81 1113 1115
f 59 982 984
f 58 975 977
f 60 987 989
f 61 993 995
f 62 1000 1002
f 65 1017 1019
f 57 969 971
f 77 1089 1091
f 86 1144 1146
f 88 1156 1158
f 98 1215 1217
f 68 1035 1037
f 48 916 918
f 78 1096 1098
f 93 1186 1188
f 69 1042 1044
f 101 1234 1236
f 97 1210 1212
f 82 1120 1122
f 50 928 930
f 89 1161 1163
f 64 1011 1013
f 53 946 948
f 74 1072 1074
f 84 1132 1134
f 90 1168 1170
f 63 1006 1008
f 55 958 960
f 76 1084 1086
f 87 1149 1151
f 72 1059 1061
f 49 921 923
f 79 1101 1103
f 96 1203 1205
f 102 1239 1241
f 91 1173 1175
f 67 1030 1032
f 56 964 966
f 75 1078 1080
f 83 1125 1127
f 66 1023 1025
f 54 951 953
f 73 1065 1067
f 85 1137 1139
f 92 1180 1182
f 71 1054 1056
f 100 1227 1229
f 94 1191 1193
f 80 1107 1109
f 51 934 936
f 116 1326 1325
f 108 1278 1277
f 106 1266 1265
f 112 1302 1301
f 115 1320 1319
f 119 1344 1343
f 156 1565 1566
f 139 1463 1464
f 160 1589 1590
f 120 1350 1349
f 149 1524 1523
f 132 1421 1422
f 128 1398 1397
f 145 1500 1499
f 148 1518 1517
f 155 1560 1559
f 133 1428 1427
f 134 1434 1433
f 157 1571 1572
f 124 1373 1374
f 44 889 892
f 43 883 885
f 45 895 897
f 46 901 903
f 47 907 910
f 52 937 939
f 70 1045 1048
f 99 1219 1222
f 95 1195 1198
f 81 1111 1113
f 59 979 982
f 58 973 975
f 60 985 987
f 61 991 993
f 62 997 1000
f 65 1015 1017
f 57 967 969
f 77 1087 1089
f 86 1141 1144
f 88 1153 1156
f 98 1213 1215
f 68 1033 1035
f 48 913 916
f 78 1093 1096
f 93 1183 1186
f 69 1039 1042
f 101 1231 1234
f 97 1207 1210
f 82 1117 1120
f 50 925 928
f 89 1159 1161
f 64 1009 1011
f 53 943 946
f 74 1069 1072
f 84 1129 1132
f 90 1165 1168
f 63 1003 1006
f 55 955 958
f 76 1081 1084
f 87 1147 1149
f 72 1057 1059
f 49 919 921
f 79 1099 1101
f 96 1201 1203
f 102 1237 1239
f 91 1171 1173
f 67 1027 1030
f 56 961 964
f 75 1075 1078
f 83 1123 1125
f 66 1021 1023
f 54 949 951
f 73 1063 1065
f 85 1135 1137
f 92 1177 1180
f 71 1051 1054
f 100 1225 1227
f 94 1189 1191
f 80 1105 1107
f 51 931 934
f 116 1322 1326
f 108 1274 1278
f 106 1262 1266
f 112 1298 1302
f 115 1316 1320
f 119 1340 1344
f 156 1561 1565
f 139 1459 1463
f 160 1585 1589
f 120 1346 1350
f 149 1520 1524
f 132 1417 1421
f 128 1394 1398
f 145 1496 1500
f 148 1514 1518
f 155 1556 1560
f 133 1424 1428
f 134 1430 1434
f 157 1567 1571
f 124 1369 1373
f 47 908 911
f 44 890 893
f 43 884 888
f 45 896 900
f 46 902 906
f 49 920 924
f 72 1058 1062
f 102 1238 1242
f 96 1202 1206
f 79 1100 1104
f 62 998 1001
f 59 980 983
f 58 974 978
f 60 986 990
f 61 992 996
f 66 1022 1026
f 54 950 954
f 73 1064 1068
f 85 1136 1140
f 92 1178 1181
f 101 1232 1235
f 69 1040 1043
f 50 926 929
f 82 1118 1121
f 97 1208 1211
f 71 1052 1055
f 100 1226 1230
f 94 1190 1194
f 80 1106 1110
f 51 932 935
f 90 1166 1169
f 63 1004 1007
f 55 956 959
f 76 1082 1085
f 87 1148 1152
f 91 1172 1176
f 67 1028 1031
f 56 962 965
f 75 1076 1079
f 83 1124 1128
f 68 1034 1038
f 48 914 917
f 78 1094 1097
f 93 1184 1187
f 98 1214 1218
f 88 1154 1157
f 65 1016 1020
f 57 968 972
f 77 1088 1092
f 86 1142 1145
f 64 1010 1014
f 53 944 947
f 74 1070 1073
f 84 1130 1133
f 89 1160 1164
f 70 1046 1049
f 99 1220 1223
f 95 1196 1199
f 81 1112 1116
f 52 938 942
f 109 1279 1283
f 105 1255 1259
f 111 1291 1295
f 114 1309 1313
f 117 1327 1331
f 125 1375 1379
f 152 1537 1541
f 137 1448 1452
f 158 1574 1578
f 123 1364 1368
f 143 1483 1487
f 127 1387 1391
f 135 1436 1440
f 147 1507 1511
f 150 1525 1529
f 153 1543 1547
f 140 1465 1469
f 138 1454 1458
f 159 1580 1584
f 122 1358 1362
f 107 1267 1269
f 103 1243 1245
f 104 1250 1252
f 110 1286 1288
f 113 1304 1306
f 118 1334 1336
f 154 1549 1551
f 141 1471 1473
f 162 1597 1599
f 121 1352 1354
f 142 1477 1479
f 129 1399 1401
f 130 1406 1408
f 144 1490 1492
f 146 1502 1504
f 151 1531 1533
f 131 1412 1414
f 136 1442 1444
f 161 1592 1594
f 126 1381 1383
f 116 1321 1323
f 108 1273 1275
f 106 1261 1263
f 112 1297 1299
f 115 1315 1317
f 119 1339 1341
f 156 1562 1564
f 139 1460 1462
f 160 1586 1588
f 120 1345 1347
f 149 1519 1521
f 132 1418 1420
f 128 1393 1395
f 145 1495 1497
f 148 1513 1515
f 155 1555 1557
f 133 1423 1425
f 134 1429 1431
f 157 1568 1570
f 124 1370 1372
f 109 1280 1282
f 105 1256 1258
f 111 1292 1294
f 114 1310 1312
f 117 1328 1330
f 125 1376 1378
f 152 1538 1540
f 137 1447 1449
f 158 1573 1575
f 123 1363 1365
f 143 1484 1486
f 127 1388 1390
f 135 1435 1437
f 147 1508 1510
f 150 1526 1528
f 153 1544 1546
f 140 1466 1468
f 138 1453 1455
f 159 1579 1581
f 122 1357 1359
f 107 1268 1272
f 103 1244 1248
f 104 1249 1253
f 110 1285 1289
f 113 1303 1307
f 118 1333 1337
f 154 1550 1554
f 141 1472 1476
f 162 1598 1602
f 121 1351 1355
f 142 1478 1482
f 129 1400 1404
f 130 1405 1409
f 144 1489 1493
f 146 1501 1505
f 151 1532 1536
f 131 1411 1415
f 136 1441 1445
f 161 1591 1595
f 126 1382 1386
f 47 911 909
f 44 893 891
f 43 888 886
f 45 900 898
f 46 906 904
f 49 924 922
f 72 1062 1060
f 102 1242 1240
f 96 1206 1204
f 79 1104 1102
f 62 1001 999
f 59 983 981
f 58 978 976
f 60 990 988
f 61 996 994
f 66 1026 1024
f 54 954 952
f 73 1068 1066
f 85 1140 1138
f 92 1181 1179
f 101 1235 1233
f 69 1043 1041
f 50 929 927
f 82 1121 1119
f 97 1211 1209
f 71 1055 1053
f 100 1230 1228
f 94 1194 1192
f 80 1110 1108
f 51 935 933
f 90 1169 1167
f 63 1007 1005
f 55 959 957
f 76 1085 1083
f 87 1152 1150
f 91 1176 1174
f 67 1031 1029
f 56 965 963
f 75 1079 1077
f 83 1128 1126
f 68 1038 1036
f 48 917 915
f 78 1097 1095
f 93 1187 1185
f 98 1218 1216
f 88 1157 1155
f 65 1020 1018
f 57 972 970
f 77 1092 1090
f 86 1145 1143
f 64 1014 1012
f 53 947 945
f 74 1073 1071
f 84 1133 1131
f 89 1164 1162
f 70 1049 1047
f 99 1223 1221
f 95 1199 1197
f 81 1116 1114
f 52 942 940
f 109 1283 1284
f 105 1259 1260
f 111 1295 1296
f 114 1313 1314
f 117 1331 1332
f 125 1379 1380
f 152 1541 1542
f 137 1452 1451
f 158 1578 1577
f 123 1368 1367
f 143 1487 1488
f 127 1391 1392
f 135 1440 1439
f 147 1511 1512
f 150 1529 1530
f 153 1547 1548
f 140 1469 1470
f 138 1458 1457
f 159 1584 1583
f 122 1362 1361
f 407 1609 1616
f 403 1605 1608
f 404 1611 1606
f 410 1614 1612
f 413 1617 1615
f 422 1631 1624
f 486 1688 1692
f 573 1775 1782
f 561 1763 1765
f 512 1719 1714
f 452 1654 1661
f 448 1650 1653
f 449 1656 1651
f 455 1659 1657
f 458 1662 1660
f 470 1672 1675
f 437 1646 1639
f 494 1706 1696
f 531 1735 1733
f 539 1741 1751
f 568 1770 1779
f 478 1680 1683
f 419 1621 1626
f 509 1711 1721
f 554 1756 1766
f 482 1684 1689
f 576 1780 1778
f 558 1767 1760
f 516 1722 1718
f 425 1627 1629
f 542 1744 1747
f 463 1668 1665
f 434 1636 1641
f 497 1699 1704
f 528 1730 1737
f 546 1748 1750
f 464 1666 1676
f 440 1642 1644
f 500 1705 1702
f 524 1736 1726
f 479 1691 1681
f 418 1623 1620
f 508 1713 1710
f 553 1764 1755
f 569 1781 1771
f 538 1749 1740
f 471 1677 1673
f 443 1645 1647
f 501 1703 1707
f 523 1725 1734
f 467 1674 1669
f 433 1638 1635
f 493 1695 1698
f 527 1732 1729
f 543 1752 1745
f 485 1690 1687
f 572 1777 1774
f 557 1759 1762
f 515 1717 1720
f 428 1630 1632
f 591 2191 2189
f 587 1885 1883
f 588 1901 1903
f 594 2279 2281
f 597 2315 2317
f 600 2171 2173
f 634 2160 2158
f 619 2016 2012
f 639 2214 2210
f 602 1919 1924
f 624 2137 2135
f 608 1978 1973
f 610 1991 1996
f 627 2225 2227
f 630 2302 2304
f 635 2178 2176
f 615 2153 2155
f 617 2009 2014
f 637 2207 2212
f 604 1926 1922
f 416 1857 1864
f 408 1803 1810
f 406 1786 1795
f 412 1822 1831
f 415 1840 1849
f 424 1876 1887
f 492 2182 2193
f 582 2312 2321
f 565 2276 2285
f 514 1898 1907
f 461 2091 2098
f 453 2037 2044
f 451 1952 1961
f 457 2056 2067
f 460 2074 2083
f 475 2128 2139
f 439 1966 1975
f 496 1988 1997
f 533 2222 2231
f 551 2293 2298
f 579 2185 2190
f 483 1879 1884
f 426 1893 1900
f 521 2271 2278
f 566 2307 2314
f 489 2163 2170
f 578 2150 2159
f 560 2006 2015
f 518 2204 2213
f 429 1911 1918
f 547 2131 2136
f 465 1969 1977
f 441 1983 1990
f 504 2217 2224
f 537 2290 2301
f 550 2168 2177
f 476 2145 2152
f 444 2001 2008
f 502 2199 2206
f 526 1916 1925
f 481 1808 1817
f 420 1789 1797
f 510 1825 1833
f 555 1843 1851
f 571 1862 1871
f 540 1933 1941
f 473 2110 2119
f 447 2020 2029
f 507 2236 2247
f 534 2257 2262
f 469 2042 2051
f 435 1947 1954
f 498 2059 2064
f 529 2077 2085
f 545 2096 2105
f 487 2113 2121
f 574 2023 2031
f 562 2239 2244
f 520 2254 2265
f 432 1930 1939
f 589 1818 1814
f 583 1798 1793
f 586 1834 1829
f 593 1852 1847
f 596 1872 1868
f 599 1942 1937
f 633 2120 2124
f 620 2030 2034
f 640 2248 2250
f 603 2263 2261
f 622 2052 2050
f 607 1955 1960
f 612 2065 2063
f 626 2086 2081
f 629 2106 2102
f 631 2122 2117
f 614 2032 2027
f 618 2245 2243
f 641 2266 2268
f 605 1940 1944
f 409 1813 1804
f 405 1792 1785
f 411 1828 1821
f 414 1846 1839
f 417 1867 1858
f 431 1936 1929
f 488 2123 2114
f 575 2033 2024
f 563 2249 2240
f 519 2260 2253
f 454 2049 2038
f 450 1959 1951
f 456 2062 2055
f 459 2080 2073
f 462 2101 2092
f 472 2116 2109
f 446 2026 2019
f 506 2242 2235
f 535 2267 2258
f 541 1943 1934
f 570 1869 1861
f 480 1815 1807
f 421 1799 1790
f 511 1835 1826
f 556 1853 1844
f 484 1889 1880
f 580 2195 2186
f 567 2319 2308
f 522 2283 2272
f 427 1905 1894
f 544 2103 2095
f 468 2046 2041
f 436 1957 1948
f 499 2069 2060
f 530 2087 2078
f 548 2141 2132
f 466 1979 1970
f 442 1993 1984
f 505 2229 2218
f 536 2296 2289
f 491 2188 2181
f 423 1882 1875
f 513 1902 1897
f 564 2280 2275
f 581 2316 2311
f 549 2172 2167
f 477 2157 2146
f 445 2011 2002
f 503 2209 2200
f 525 1923 1915
f 474 2134 2127
f 438 1972 1965
f 495 1995 1987
f 532 2226 2221
f 552 2303 2294
f 490 2175 2164
f 577 2154 2149
f 559 2013 2005
f 517 2211 2203
f 430 1921 1912
f 590 1865 1870
f 584 1811 1816
f 585 1796 1800
f 592 1832 1836
f 595 1850 1854
f 598 1888 1890
f 636 2194 2196
f 621 2322 2320
f 642 2286 2284
f 601 1908 1906
f 623 2099 2104
f 611 2045 2047
f 609 1962 1958
f 625 2068 2070
f 628 2084 2088
f 632 2140 2142
f 613 1976 1980
f 616 1998 1994
f 638 2232 2230
f 606 2299 2297
f 407 2330 2329
f 403 2324 2323
f 404 2325 2326
f 410 2332 2333
f 413 2335 2336
f 422 2344 2345
f 486 2410 2409
f 573 2497 2496
f 561 2486 2485
f 512 2434 2435
f 452 2375 2374
f 448 2369 2368
f 449 2370 2371
f 455 2377 2378
f 458 2380 2381
f 470 2393 2392
f 437 2359 2360
f 494 2415 2416
f 531 2455 2456
f 539 2461 2460
f 568 2489 2488
f 478 2399 2398
f 419 2341 2340
f 509 2431 2430
f 554 2476 2475
f 482 2405 2404
f 576 2500 2501
f 558 2481 2482
f 516 2439 2440
f 425 2348 2347
f 542 2465 2464
f 463 2383 2384
f 434 2356 2355
f 497 2420 2419
f 528 2452 2451
f 546 2471 2470
f 464 2386 2385
f 440 2363 2362
f 500 2422 2423
f 524 2445 2446
f 479 2400 2401
f 418 2338 2339
f 508 2428 2429
f 553 2473 2474
f 569 2490 2491
f 538 2458 2459
f 471 2394 2395
f 443 2366 2365
f 501 2425 2424
f 523 2444 2443
f 467 2389 2390
f 433 2353 2354
f 493 2414 2413
f 527 2449 2450
f 543 2466 2467
f 485 2407 2408
f 572 2494 2495
f 557 2480 2479
f 515 2438 2437
f 428 2351 2350
f 591 2510 2511
f 587 2504 2505
f 588 2508 2507
f 594 2514 2513
f 597 2517 2516
f 600 2520 2519
f 634 2554 2556
f 619 2539 2540
f 639 2560 2561
f 602 2523 2521
f 624 2543 2544
f 608 2527 2529
f 610 2532 2530
f 627 2547 2546
f 630 2550 2549
f 635 2552 2553
f 615 2535 2534
f 617 2538 2536
f 637 2558 2557
f 604 2524 2525
f 167 1607 647
f 164 1603 644
f 163 1604 643
f 165 1610 645
f 166 1613 646
f 169 1622 649
f 192 1686 672
f 222 1773 702
f 216 1761 696
f 199 1712 679
f 182 1652 662
f 179 1648 659
f 178 1649 658
f 180 1655 660
f 181 1658 661
f 186 1670 666
f 174 1637 654
f 193 1694 673
f 205 1731 685
f 212 1739 692
f 221 1768 701
f 189 1678 669
f 170 1619 650
f 202 1709 682
f 217 1754 697
f 191 1682 671
f 220 1776 700
f 214 1758 694
f 200 1716 680
f 171 1625 651
f 210 1742 690
f 183 1663 663
f 175 1634 655
f 196 1697 676
f 207 1728 687
f 211 1746 691
f 187 1664 667
f 176 1640 656
f 195 1700 675
f 203 1724 683
f 188 1679 668
f 168 1618 648
f 198 1708 678
f 213 1753 693
f 218 1769 698
f 208 1738 688
f 185 1671 665
f 177 1643 657
f 197 1701 677
f 206 1723 686
f 184 1667 664
f 173 1633 653
f 194 1693 674
f 204 1727 684
f 209 1743 689
f 190 1685 670
f 219 1772 699
f 215 1757 695
f 201 1715 681
f 172 1628 652
f 357 2187 837
f 255 1881 735
f 262 1899 742
f 388 2277 868
f 400 2313 880
f 352 2169 832
f 347 2156 827
f 298 2010 778
f 364 2208 844
f 269 1917 749
f 339 2133 819
f 285 1971 765
f 293 1989 773
f 370 2223 850
f 396 2300 876
f 353 2174 833
f 346 2151 826
f 299 2007 779
f 365 2205 845
f 268 1920 748
f 249 1855 729
f 231 1801 711
f 226 1784 706
f 238 1820 718
f 244 1838 724
f 257 1874 737
f 359 2180 839
f 402 2310 882
f 390 2274 870
f 264 1896 744
f 327 2089 807
f 309 2035 789
f 282 1950 762
f 317 2054 797
f 322 2072 802
f 341 2126 821
f 286 1964 766
f 294 1986 774
f 372 2220 852
f 394 2291 874
f 358 2183 838
f 256 1877 736
f 261 1891 741
f 387 2269 867
f 399 2305 879
f 351 2161 831
f 348 2148 828
f 300 2004 780
f 366 2202 846
f 267 1909 747
f 340 2129 820
f 287 1967 767
f 291 1981 771
f 369 2215 849
f 395 2288 875
f 354 2166 834
f 345 2143 825
f 297 1999 777
f 363 2197 843
f 270 1914 750
f 234 1806 714
f 227 1787 707
f 239 1823 719
f 245 1841 725
f 252 1860 732
f 275 1931 755
f 334 2108 814
f 304 2018 784
f 377 2234 857
f 382 2255 862
f 312 2040 792
f 279 1945 759
f 316 2057 796
f 323 2075 803
f 330 2094 810
f 335 2111 815
f 305 2021 785
f 376 2237 856
f 383 2252 863
f 274 1928 754
f 232 1812 712
f 225 1791 705
f 237 1827 717
f 243 1845 723
f 250 1866 730
f 273 1935 753
f 336 2118 816
f 306 2028 786
f 378 2246 858
f 381 2259 861
f 311 2048 791
f 281 1953 761
f 315 2061 795
f 321 2079 801
f 328 2100 808
f 333 2115 813
f 303 2025 783
f 375 2241 855
f 384 2264 864
f 276 1938 756
f 229 1802 709
f 223 1783 703
f 235 1819 715
f 241 1837 721
f 247 1856 727
f 271 1927 751
f 332 2112 812
f 302 2022 782
f 374 2238 854
f 379 2251 859
f 307 2036 787
f 278 1949 758
f 313 2053 793
f 319 2071 799
f 325 2090 805
f 331 2107 811
f 301 2017 781
f 373 2233 853
f 380 2256 860
f 272 1932 752
f 248 1859 728
f 230 1805 710
f 224 1788 704
f 236 1824 716
f 242 1842 722
f 254 1878 734
f 356 2184 836
f 397 2306 877
f 385 2270 865
f 259 1892 739
f 326 2093 806
f 308 2039 788
f 277 1946 757
f 314 2058 794
f 320 2076 800
f 338 2130 818
f 284 1968 764
f 289 1982 769
f 367 2216 847
f 391 2287 871
f 355 2179 835
f 253 1873 733
f 260 1895 740
f 386 2273 866
f 398 2309 878
f 350 2165 830
f 343 2144 823
f 295 2000 775
f 361 2198 841
f 266 1913 746
f 337 2125 817
f 283 1963 763
f 290 1985 770
f 368 2219 848
f 392 2292 872
f 349 2162 829
f 344 2147 824
f 296 2003 776
f 362 2201 842
f 265 1910 745
f 251 1863 731
f 233 1809 713
f 228 1794 708
f 240 1830 720
f 246 1848 726
f 258 1886 738
f 360 2192 840
f 401 2318 881
f 389 2282 869
f 263 1904 743
f 329 2097 809
f 310 2043 790
f 280 1956 760
f 318 2066 798
f 324 2082 804
f 342 2138 822
f 288 1974 768
f 292 1992 772
f 371 2228 851
f 393 2295 873
f 409 2331 1269
f 405 2327 1245
f 411 2328 1252
f 414 2334 1288
f 417 2337 1306
f 431 2346 1336
f 488 2412 1551
f 575 2499 1473
f 563 2487 1599
f 519 2436 1354
f 454 2376 1479
f 450 2372 1401
f 456 2373 1408
f 459 2379 1492
f 462 2382 1504
f 472 2396 1533
f 446 2361 1414
f 506 2418 1444
f 535 2457 1594
f 541 2463 1383
f 570 2492 1323
f 480 2402 1275
f 421 2343 1263
f 511 2433 1299
f 556 2478 1317
f 484 2406 1341
f 580 2502 1564
f 567 2484 1462
f 522 2442 1588
f 427 2349 1347
f 544 2468 1521
f 468 2387 1420
f 436 2358 1395
f 499 2421 1497
f 530 2454 1515
f 548 2472 1557
f 466 2388 1425
f 442 2364 1431
f 505 2426 1570
f 536 2448 1372
f 491 2403 1282
f 423 2342 1258
f 513 2432 1294
f 564 2477 1312
f 581 2493 1330
f 549 2462 1378
f 477 2397 1540
f 445 2367 1449
f 503 2427 1575
f 525 2447 1365
f 474 2391 1486
f 438 2357 1390
f 495 2417 1437
f 532 2453 1510
f 552 2469 1528
f 490 2411 1546
f 577 2498 1468
f 559 2483 1455
f 517 2441 1581
f 430 2352 1359
f 590 2509 1272
f 584 2503 1248
f 585 2506 1253
f 592 2512 1289
f 595 2515 1307
f 598 2518 1337
f 636 2555 1554
f 621 2541 1476
f 642 2562 1602
f 601 2522 1355
f 623 2542 1482
f 611 2528 1404
f 609 2531 1409
f 625 2545 1493
f 628 2548 1505
f 632 2551 1536
f 613 2533 1415
f 616 2537 1445
f 638 2559 1595
f 606 2526 1386
f 407 1616 909
f 403 1608 891
f 404 1606 886
f 410 1612 898
f 413 1615 904
f 422 1624 922
f 486 1692 1060
f 573 1782 1240
f 561 1765 1204
f 512 1714 1102
f 452 1661 999
f 448 1653 981
f 449 1651 976
f 455 1657 988
f 458 1660 994
f 470 1675 1024
f 437 1639 952
f 494 1696 1066
f 531 1733 1138
f 539 1751 1179
f 568 1779 1233
f 478 1683 1041
f 419 1626 927
f 509 1721 1119
f 554 1766 1209
f 482 1689 1053
f 576 1778 1228
f 558 1760 1192
f 516 1718 1108
f 425 1629 933
f 542 1747 1167
f 463 1665 1005
f 434 1641 957
f 497 1704 1083
f 528 1737 1150
f 546 1750 1174
f 464 1676 1029
f 440 1644 963
f 500 1702 1077
f 524 1726 1126
f 479 1681 1036
f 418 1620 915
f 508 1710 1095
f 553 1755 1185
f 569 1771 1216
f 538 1740 1155
f 471 1673 1018
f 443 1647 970
f 501 1707 1090
f 523 1734 1143
f 467 1669 1012
f 433 1635 945
f 493 1698 1071
f 527 1729 1131
f 543 1745 1162
f 485 1687 1047
f 572 1774 1221
f 557 1762 1197
f 515 1720 1114
f 428 1632 940
f 591 2189 1284
f 587 1883 1260
f 588 1903 1296
f 594 2281 1314
f 597 2317 1332
f 600 2173 1380
f 634 2158 1542
f 619 2012 1451
f 639 2210 1577
f 602 1924 1367
f 624 2135 1488
f 608 1973 1392
f 610 1996 1439
f 627 2227 1512
f 630 2304 1530
f 635 2176 1548
f 615 2155 1470
f 617 2014 1457
f 637 2212 1583
f 604 1922 1361
f 416 1864 1270
f 408 1810 1246
f 406 1795 1251
f 412 1831 1287
f 415 1849 1305
f 424 1887 1335
f 492 2193 1552
f 582 2321 1474
f 565 2285 1600
f 514 1907 1353
f 461 2098 1480
f 453 2044 1402
f 451 1961 1407
f 457 2067 1491
f 460 2083 1503
f 475 2139 1534
f 439 1975 1413
f 496 1997 1443
f 533 2231 1593
f 551 2298 1384
f 579 2190 1324
f 483 1884 1276
f 426 1900 1264
f 521 2278 1300
f 566 2314 1318
f 489 2170 1342
f 578 2159 1563
f 560 2015 1461
f 518 2213 1587
f 429 1918 1348
f 547 2136 1522
f 465 1977 1419
f 441 1990 1396
f 504 2224 1498
f 537 2301 1516
f 550 2177 1558
f 476 2152 1426
f 444 2008 1432
f 502 2206 1569
f 526 1925 1371
f 481 1817 1281
f 420 1797 1257
f 510 1833 1293
f 555 1851 1311
f 571 1871 1329
f 540 1941 1377
f 473 2119 1539
f 447 2029 1450
f 507 2247 1576
f 534 2262 1366
f 469 2051 1485
f 435 1954 1389
f 498 2064 1438
f 529 2085 1509
f 545 2105 1527
f 487 2121 1545
f 574 2031 1467
f 562 2244 1456
f 520 2265 1582
f 432 1939 1360
f 589 1814 1271
f 583 1793 1247
f 586 1829 1254
f 593 1847 1290
f 596 1868 1308
f 599 1937 1338
f 633 2124 1553
f 620 2034 1475
f 640 2250 1601
f 603 2261 1356
f 622 2050 1481
f 607 1960 1403
f 612 2063 1410
f 626 2081 1494
f 629 2102 1506
f 631 2117 1535
f 614 2027 1416
f 618 2243 1446
f 641 2268 1596
f 605 1944 1385
f 409 1804 894
f 405 1785 887
f 411 1821 899
f 414 1839 905
f 417 1858 912
f 431 1929 941
f 488 2114 1050
f 575 2024 1224
f 563 2240 1200
f 519 2253 1115
f 454 2038 984
f 450 1951 977
f 456 2055 989
f 459 2073 995
f 462 2092 1002
f 472 2109 1019
f 446 2019 971
f 506 2235 1091
f 535 2258 1146
f 541 1934 1158
f 570 1861 1217
f 480 1807 1037
f 421 1790 918
f 511 1826 1098
f 556 1844 1188
f 484 1880 1044
f 580 2186 1236
f 567 2308 1212
f 522 2272 1122
f 427 1894 930
f 544 2095 1163
f 468 2041 1013
f 436 1948 948
f 499 2060 1074
f 530 2078 1134
f 548 2132 1170
f 466 1970 1008
f 442 1984 960
f 505 2218 1086
f 536 2289 1151
f 491 2181 1061
f 423 1875 923
f 513 1897 1103
f 564 2275 1205
f 581 2311 1241
f 549 2167 1175
f 477 2146 1032
f 445 2002 966
f 503 2200 1080
f 525 1915 1127
f 474 2127 1025
f 438 1965 953
f 495 1987 1067
f 532 2221 1139
f 552 2294 1182
f 490 2164 1056
f 577 2149 1229
f 559 2005 1193
f 517 2203 1109
f 430 1912 936
f 590 1870 1325
f 584 1816 1277
f 585 1800 1265
f 592 1836 1301
f 595 1854 1319
f 598 1890 1343
f 636 2196 1566
f 621 2320 1464
f 642 2284 1590
f 601 1906 1349
f 623 2104 1523
f 611 2047 1422
f 609 1958 1397
f 625 2070 1499
f 628 2088 1517
f 632 2142 1559
f 613 1980 1427
f 616 1994 1433
f 638 2230 1572
f 606 2297 1374
f 407 2329 892
f 403 2323 885
f 404 2326 897
f 410 2333 903
f 413 2336 910
f 422 2345 939
f 486 2409 1048
f 573 2496 1222
f 561 2485 1198
f 512 2435 1113
f 452 2374 982
f 448 2368 975
f 449 2371 987
f 455 2378 993
f 458 2381 1000
f 470 2392 1017
f 437 2360 969
f 494 2416 1089
f 531 2456 1144
f 539 2460 1156
f 568 2488 1215
f 478 2398 1035
f 419 2340 916
f 509 2430 1096
f 554 2475 1186
f 482 2404 1042
f 576 2501 1234
f 558 2482 1210
f 516 2440 1120
f 425 2347 928
f 542 2464 1161
f 463 2384 1011
f 434 2355 946
f 497 2419 1072
f 528 2451 1132
f 546 2470 1168
f 464 2385 1006
f 440 2362 958
f 500 2423 1084
f 524 2446 1149
f 479 2401 1059
f 418 2339 921
f 508 2429 1101
f 553 2474 1203
f 569 2491 1239
f 538 2459 1173
f 471 2395 1030
f 443 2365 964
f 501 2424 1078
f 523 2443 1125
f 467 2390 1023
f 433 2354 951
f 493 2413 1065
f 527 2450 1137
f 543 2467 1180
f 485 2408 1054
f 572 2495 1227
f 557 2479 1191
f 515 2437 1107
f 428 2350 934
f 591 2511 1326
f 587 2505 1278
f 588 2507 1266
f 594 2513 1302
f 597 2516 1320
f 600 2519 1344
f 634 2556 1565
f 619 2540 1463
f 639 2561 1589
f 602 2521 1350
f 624 2544 1524
f 608 2529 1421
f 610 2530 1398
f 627 2546 1500
f 630 2549 1518
f 635 2553 1560
f 615 2534 1428
f 617 2536 1434
f 637 2557 1571
f 604 2525 1373
f 164 1609 889
f 163 1605 883
f 165 1611 895
f 166 1614 901
f 167 1617 907
f 172 1631 937
f 190 1688 1045
f 219 1775 1219
f 215 1763 1195
f 201 1719 1111
f 179 1654 979
f 178 1650 973
f 180 1656 985
f 181 1659 991
f 182 1662 997
f 185 1672 1015
f 177 1646 967
f 197 1706 1087
f 206 1735 1141
f 208 1741 1153
f 218 1770 1213
f 188 1680 1033
f 168 1621 913
f 198 1711 1093
f 213 1756 1183
f 189 1684 1039
f 221 1780 1231
f 217 1767 1207
f 202 1722 1117
f 170 1627 925
f 209 1744 1159
f 184 1668 1009
f 173 1636 943
f 194 1699 1069
f 204 1730 1129
f 210 1748 1165
f 183 1666 1003
f 175 1642 955
f 196 1705 1081
f 207 1736 1147
f 192 1691 1057
f 169 1623 919
f 199 1713 1099
f 216 1764 1201
f 222 1781 1237
f 211 1749 1171
f 187 1677 1027
f 176 1645 961
f 195 1703 1075
f 203 1725 1123
f 186 1674 1021
f 174 1638 949
f 193 1695 1063
f 205 1732 1135
f 212 1752 1177
f 191 1690 1051
f 220 1777 1225
f 214 1759 1189
f 200 1717 1105
f 171 1630 931
f 358 2191 1322
f 256 1885 1274
f 261 1901 1262
f 387 2279 1298
f 399 2315 1316
f 351 2171 1340
f 348 2160 1561
f 300 2016 1459
f 366 2214 1585
f 267 1919 1346
f 340 2137 1520
f 287 1978 1417
f 291 1991 1394
f 369 2225 1496
f 395 2302 1514
f 354 2178 1556
f 345 2153 1424
f 297 2009 1430
f 363 2207 1567
f 270 1926 1369
f 247 1857 908
f 229 1803 890
f 223 1786 884
f 235 1822 896
f 241 1840 902
f 253 1876 920
f 355 2182 1058
f 398 2312 1238
f 386 2276 1202
f 260 1898 1100
f 325 2091 998
f 307 2037 980
f 278 1952 974
f 313 2056 986
f 319 2074 992
f 337 2128 1022
f 283 1966 950
f 290 1988 1064
f 368 2222 1136
f 392 2293 1178
f 356 2185 1232
f 254 1879 1040
f 259 1893 926
f 385 2271 1118
f 397 2307 1208
f 349 2163 1052
f 344 2150 1226
f 296 2006 1190
f 362 2204 1106
f 265 1911 932
f 338 2131 1166
f 284 1969 1004
f 289 1983 956
f 367 2217 1082
f 391 2290 1148
f 350 2168 1172
f 343 2145 1028
f 295 2001 962
f 361 2199 1076
f 266 1916 1124
f 230 1808 1034
f 224 1789 914
f 236 1825 1094
f 242 1843 1184
f 248 1862 1214
f 272 1933 1154
f 331 2110 1016
f 301 2020 968
f 373 2236 1088
f 380 2257 1142
f 308 2042 1010
f 277 1947 944
f 314 2059 1070
f 320 2077 1130
f 326 2096 1160
f 332 2113 1046
f 302 2023 1220
f 374 2239 1196
f 379 2254 1112
f 271 1930 938
f 234 1818 1279
f 227 1798 1255
f 239 1834 1291
f 245 1852 1309
f 252 1872 1327
f 275 1942 1375
f 334 2120 1537
f 304 2030 1448
f 377 2248 1574
f 382 2263 1364
f 312 2052 1483
f 279 1955 1387
f 316 2065 1436
f 323 2086 1507
f 330 2106 1525
f 335 2122 1543
f 305 2032 1465
f 376 2245 1454
f 383 2266 1580
f 274 1940 1358
f 232 1813 1267
f 225 1792 1243
f 237 1828 1250
f 243 1846 1286
f 250 1867 1304
f 273 1936 1334
f 336 2123 1549
f 306 2033 1471
f 378 2249 1597
f 381 2260 1352
f 311 2049 1477
f 281 1959 1399
f 315 2062 1406
f 321 2080 1490
f 328 2101 1502
f 333 2116 1531
f 303 2026 1412
f 375 2242 1442
f 384 2267 1592
f 276 1943 1381
f 251 1869 1321
f 233 1815 1273
f 228 1799 1261
f 240 1835 1297
f 246 1853 1315
f 258 1889 1339
f 360 2195 1562
f 401 2319 1460
f 389 2283 1586
f 263 1905 1345
f 329 2103 1519
f 310 2046 1418
f 280 1957 1393
f 318 2069 1495
f 324 2087 1513
f 342 2141 1555
f 288 1979 1423
f 292 1993 1429
f 371 2229 1568
f 393 2296 1370
f 357 2188 1280
f 255 1882 1256
f 262 1902 1292
f 388 2280 1310
f 400 2316 1328
f 352 2172 1376
f 347 2157 1538
f 298 2011 1447
f 364 2209 1573
f 269 1923 1363
f 339 2134 1484
f 285 1972 1388
f 293 1995 1435
f 370 2226 1508
f 396 2303 1526
f 353 2175 1544
f 346 2154 1466
f 299 2013 1453
f 365 2211 1579
f 268 1921 1357
f 249 1865 1268
f 231 1811 1244
f 226 1796 1249
f 238 1832 1285
f 244 1850 1303
f 257 1888 1333
f 359 2194 1550
f 402 2322 1472
f 390 2286 1598
f 264 1908 1351
f 327 2099 1478
f 309 2045 1400
f 282 1962 1405
f 317 2068 1489
f 322 2084 1501
f 341 2140 1532
f 286 1976 1411
f 294 1998 1441
f 372 2232 1591
f 394 2299 1382
f 416 2330 911
f 408 2324 893
f 406 2325 888
f 412 2332 900
f 415 2335 906
f 424 2344 924
f 492 2410 1062
f 582 2497 1242
f 565 2486 1206
f 514 2434 1104
f 461 2375 1001
f 453 2369 983
f 451 2370 978
f 457 2377 990
f 460 2380 996
f 475 2393 1026
f 439 2359 954
f 496 2415 1068
f 533 2455 1140
f 551 2461 1181
f 579 2489 1235
f 483 2399 1043
f 426 2341 929
f 521 2431 1121
f 566 2476 1211
f 489 2405 1055
f 578 2500 1230
f 560 2481 1194
f 518 2439 1110
f 429 2348 935
f 547 2465 1169
f 465 2383 1007
f 441 2356 959
f 504 2420 1085
f 537 2452 1152
f 550 2471 1176
f 476 2386 1031
f 444 2363 965
f 502 2422 1079
f 526 2445 1128
f 481 2400 1038
f 420 2338 917
f 510 2428 1097
f 555 2473 1187
f 571 2490 1218
f 540 2458 1157
f 473 2394 1020
f 447 2366 972
f 507 2425 1092
f 534 2444 1145
f 469 2389 1014
f 435 2353 947
f 498 2414 1073
f 529 2449 1133
f 545 2466 1164
f 487 2407 1049
f 574 2494 1223
f 562 2480 1199
f 520 2438 1116
f 432 2351 942
f 589 2510 1283
f 583 2504 1259
f 586 2508 1295
f 593 2514 1313
f 596 2517 1331
f 599 2520 1379
f 633 2554 1541
f 620 2539 1452
f 640 2560 1578
f 603 2523 1368
f 622 2543 1487
f 607 2527 1391
f 612 2532 1440
f 626 2547 1511
f 629 2550 1529
f 631 2552 1547
f 614 2535 1469
f 618 2538 1458
f 641 2558 1584
f 605 2524 1362
f 164 1607 1609
f 163 1603 1605
f 165 1604 1611
f 166 1610 1614
f 167 1613 1617
f 172 1622 1631
f 190 1686 1688
f 219 1773 1775
f 215 1761 1763
f 201 1712 1719
f 179 1652 1654
f 178 1648 1650
f 180 1649 1656
f 181 1655 1659
f 182 1658 1662
f 185 1670 1672
f 177 1637 1646
f 197 1694 1706
f 206 1731 1735
f 208 1739 1741
f 218 1768 1770
f 188 1678 1680
f 168 1619 1621
f 198 1709 1711
f 213 1754 1756
f 189 1682 1684
f 221 1776 1780
f 217 1758 1767
f 202 1716 1722
f 170 1625 1627
f 209 1742 1744
f 184 1663 1668
f 173 1634 1636
f 194 1697 1699
f 204 1728 1730
f 210 1746 1748
f 183 1664 1666
f 175 1640 1642
f 196 1700 1705
f 207 1724 1736
f 192 1679 1691
f 169 1618 1623
f 199 1708 1713
f 216 1753 1764
f 222 1769 1781
f 211 1738 1749
f 187 1671 1677
f 176 1643 1645
f 195 1701 1703
f 203 1723 1725
f 186 1667 1674
f 174 1633 1638
f 193 1693 1695
f 205 1727 1732
f 212 1743 1752
f 191 1685 1690
f 220 1772 1777
f 214 1757 1759
f 200 1715 1717
f 171 1628 1630
f 358 2187 2191
f 256 1881 1885
f 261 1899 1901
f 387 2277 2279
f 399 2313 2315
f 351 2169 2171
f 348 2156 2160
f 300 2010 2016
f 366 2208 2214
f 267 1917 1919
f 340 2133 2137
f 287 1971 1978
f 291 1989 1991
f 369 2223 2225
f 395 2300 2302
f 354 2174 2178
f 345 2151 2153
f 297 2007 2009
f 363 2205 2207
f 270 1920 1926
f 247 1855 1857
f 229 1801 1803
f 223 1784 1786
f 235 1820 1822
f 241 1838 1840
f 253 1874 1876
f 355 2180 2182
f 398 2310 2312
f 386 2274 2276
f 260 1896 1898
f 325 2089 2091
f 307 2035 2037
f 278 1950 1952
f 313 2054 2056
f 319 2072 2074
f 337 2126 2128
f 283 1964 1966
f 290 1986 1988
f 368 2220 2222
f 392 2291 2293
f 356 2183 2185
f 254 1877 1879
f 259 1891 1893
f 385 2269 2271
f 397 2305 2307
f 349 2161 2163
f 344 2148 2150
f 296 2004 2006
f 362 2202 2204
f 265 1909 1911
f 338 2129 2131
f 284 1967 1969
f 289 1981 1983
f 367 2215 2217
f 391 2288 2290
f 350 2166 2168
f 343 2143 2145
f 295 1999 2001
f 361 2197 2199
f 266 1914 1916
f 230 1806 1808
f 224 1787 1789
f 236 1823 1825
f 242 1841 1843
f 248 1860 1862
f 272 1931 1933
f 331 2108 2110
f 301 2018 2020
f 373 2234 2236
f 380 2255 2257
f 308 2040 2042
f 277 1945 1947
f 314 2057 2059
f 320 2075 2077
f 326 2094 2096
f 332 2111 2113
f 302 2021 2023
f 374 2237 2239
f 379 2252 2254
f 271 1928 1930
f 234 1812 1818
f 227 1791 1798
f 239 1827 1834
f 245 1845 1852
f 252 1866 1872
f 275 1935 1942
f 334 2118 2120
f 304 2028 2030
f 377 2246 2248
f 382 2259 2263
f 312 2048 2052
f 279 1953 1955
f 316 2061 2065
f 323 2079 2086
f 330 2100 2106
f 335 2115 2122
f 305 2025 2032
f 376 2241 2245
f 383 2264 2266
f 274 1938 1940
f 232 1802 1813
f 225 1783 1792
f 237 1819 1828
f 243 1837 1846
f 250 1856 1867
f 273 1927 1936
f 336 2112 2123
f 306 2022 2033
f 378 2238 2249
f 381 2251 2260
f 311 2036 2049
f 281 1949 1959
f 315 2053 2062
f 321 2071 2080
f 328 2090 2101
f 333 2107 2116
f 303 2017 2026
f 375 2233 2242
f 384 2256 2267
f 276 1932 1943
f 251 1859 1869
f 233 1805 1815
f 228 1788 1799
f 240 1824 1835
f 246 1842 1853
f 258 1878 1889
f 360 2184 2195
f 401 2306 2319
f 389 2270 2283
f 263 1892 1905
f 329 2093 2103
f 310 2039 2046
f 280 1946 1957
f 318 2058 2069
f 324 2076 2087
f 342 2130 2141
f 288 1968 1979
f 292 1982 1993
f 371 2216 2229
f 393 2287 2296
f 357 2179 2188
f 255 1873 1882
f 262 1895 1902
f 388 2273 2280
f 400 2309 2316
f 352 2165 2172
f 347 2144 2157
f 298 2000 2011
f 364 2198 2209
f 269 1913 1923
f 339 2125 2134
f 285 1963 1972
f 293 1985 1995
f 370 2219 2226
f 396 2292 2303
f 353 2162 2175
f 346 2147 2154
f 299 2003 2013
f 365 2201 2211
f 268 1910 1921
f 249 1863 1865
f 231 1809 1811
f 226 1794 1796
f 238 1830 1832
f 244 1848 1850
f 257 1886 1888
f 359 2192 2194
f 402 2318 2322
f 390 2282 2286
f 264 1904 1908
f 327 2097 2099
f 309 2043 2045
f 282 1956 1962
f 317 2066 2068
f 322 2082 2084
f 341 2138 2140
f 286 1974 1976
f 294 1992 1998
f 372 2228 2232
f 394 2295 2299
f 416 2331 2330
f 408 2327 2324
f 406 2328 2325
f 412 2334 2332
f 415 2337 2335
f 424 2346 2344
f 492 2412 2410
f 582 2499 2497
f 565 2487 2486
f 514 2436 2434
f 461 2376 2375
f 453 2372 2369
f 451 2373 2370
f 457 2379 2377
f 460 2382 2380
f 475 2396 2393
f 439 2361 2359
f 496 2418 2415
f 533 2457 2455
f 551 2463 2461
f 579 2492 2489
f 483 2402 2399
f 426 2343 2341
f 521 2433 2431
f 566 2478 2476
f 489 2406 2405
f 578 2502 2500
f 560 2484 2481
f 518 2442 2439
f 429 2349 2348
f 547 2468 2465
f 465 2387 2383
f 441 2358 2356
f 504 2421 2420
f 537 2454 2452
f 550 2472 2471
f 476 2388 2386
f 444 2364 2363
f 502 2426 2422
f 526 2448 2445
f 481 2403 2400
f 420 2342 2338
f 510 2432 2428
f 555 2477 2473
f 571 2493 2490
f 540 2462 2458
f 473 2397 2394
f 447 2367 2366
f 507 2427 2425
f 534 2447 2444
f 469 2391 2389
f 435 2357 2353
f 498 2417 2414
f 529 2453 2449
f 545 2469 2466
f 487 2411 2407
f 574 2498 2494
f 562 2483 2480
f 520 2441 2438
f 432 2352 2351
f 589 2509 2510
f 583 2503 2504
f 586 2506 2508
f 593 2512 2514
f 596 2515 2517
f 599 2518 2520
f 633 2555 2554
f 620 2541 2539
f 640 2562 2560
f 603 2522 2523
f 622 2542 2543
f 607 2528 2527
f 612 2531 2532
f 626 2545 2547
f 629 2548 2550
f 631 2551 2552
f 614 2533 2535
f 618 2537 2538
f 641 2559 2558
f 605 2526 2524
f 164 644 1607
f 163 643 1603
f 165 645 1604
f 166 646 1610
f 167 647 1613
f 172 652 1622
f 190 670 1686
f 219 699 1773
f 215 695 1761
f 201 681 1712
f 179 659 1652
f 178 658 1648
f 180 660 1649
f 181 661 1655
f 182 662 1658
f 185 665 1670
f 177 657 1637
f 197 677 1694
f 206 686 1731
f 208 688 1739
f 218 698 1768
f 188 668 1678
f 168 648 1619
f 198 678 1709
f 213 693 1754
f 189 669 1682
f 221 701 1776
f 217 697 1758
f 202 682 1716
f 170 650 1625
f 209 689 1742
f 184 664 1663
f 173 653 1634
f 194 674 1697
f 204 684 1728
f 210 690 1746
f 183 663 1664
f 175 655 1640
f 196 676 1700
f 207 687 1724
f 192 672 1679
f 169 649 1618
f 199 679 1708
f 216 696 1753
f 222 702 1769
f 211 691 1738
f 187 667 1671
f 176 656 1643
f 195 675 1701
f 203 683 1723
f 186 666 1667
f 174 654 1633
f 193 673 1693
f 205 685 1727
f 212 692 1743
f 191 671 1685
f 220 700 1772
f 214 694 1757
f 200 680 1715
f 171 651 1628
f 358 838 2187
f 256 736 1881
f 261 741 1899
f 387 867 2277
f 399 879 2313
f 351 831 2169
f 348 828 2156
f 300 780 2010
f 366 846 2208
f 267 747 1917
f 340 820 2133
f 287 767 1971
f 291 771 1989
f 369 849 2223
f 395 875 2300
f 354 834 2174
f 345 825 2151
f 297 777 2007
f 363 843 2205
f 270 750 1920
f 247 727 1855
f 229 709 1801
f 223 703 1784
f 235 715 1820
f 241 721 1838
f 253 733 1874
f 355 835 2180
f 398 878 2310
f 386 866 2274
f 260 740 1896
f 325 805 2089
f 307 787 2035
f 278 758 1950
f 313 793 2054
f 319 799 2072
f 337 817 2126
f 283 763 1964
f 290 770 1986
f 368 848 2220
f 392 872 2291
f 356 836 2183
f 254 734 1877
f 259 739 1891
f 385 865 2269
f 397 877 2305
f 349 829 2161
f 344 824 2148
f 296 776 2004
f 362 842 2202
f 265 745 1909
f 338 818 2129
f 284 764 1967
f 289 769 1981
f 367 847 2215
f 391 871 2288
f 350 830 2166
f 343 823 2143
f 295 775 1999
f 361 841 2197
f 266 746 1914
f 230 710 1806
f 224 704 1787
f 236 716 1823
f 242 722 1841
f 248 728 1860
f 272 752 1931
f 331 811 2108
f 301 781 2018
f 373 853 2234
f 380 860 2255
f 308 788 2040
f 277 757 1945
f 314 794 2057
f 320 800 2075
f 326 806 2094
f 332 812 2111
f 302 782 2021
f 374 854 2237
f 379 859 2252
f 271 751 1928
f 234 714 1812
f 227 707 1791
f 239 719 1827
f 245 725 1845
f 252 732 1866
f 275 755 1935
f 334 814 2118
f 304 784 2028
f 377 857 2246
f 382 862 2259
f 312 792 2048
f 279 759 1953
f 316 796 2061
f 323 803 2079
f 330 810 2100
f 335 815 2115
f 305 785 2025
f 376 856 2241
f 383 863 2264
f 274 754 1938
f 232 712 1802
f 225 705 1783
f 237 717 1819
f 243 723 1837
f 250 730 1856
f 273 753 1927
f 336 816 2112
f 306 786 2022
f 378 858 2238
f 381 861 2251
f 311 791 2036
f 281 761 1949
f 315 795 2053
f 321 801 2071
f 328 808 2090
f 333 813 2107
f 303 783 2017
f 375 855 2233
f 384 864 2256
f 276 756 1932
f 251 731 1859
f 233 713 1805
f 228 708 1788
f 240 720 1824
f 246 726 1842
f 258 738 1878
f 360 840 2184
f 401 881 2306
f 389 869 2270
f 263 743 1892
f 329 809 2093
f 310 790 2039
f 280 760 1946
f 318 798 2058
f 324 804 2076
f 342 822 2130
f 288 768 1968
f 292 772 1982
f 371 851 2216
f 393 873 2287
f 357 837 2179
f 255 735 1873
f 262 742 1895
f 388 868 2273
f 400 880 2309
f 352 832 2165
f 347 827 2144
f 298 778 2000
f 364 844 2198
f 269 749 1913
f 339 819 2125
f 285 765 1963
f 293 773 1985
f 370 850 2219
f 396 876 2292
f 353 833 2162
f 346 826 2147
f 299 779 2003
f 365 845 2201
f 268 748 1910
f 249 729 1863
f 231 711 1809
f 226 706 1794
f 238 718 1830
f 244 724 1848
f 257 737 1886
f 359 839 2192
f 402 882 2318
f 390 870 2282
f 264 744 1904
f 327 807 2097
f 309 789 2043
f 282 762 1956
f 317 797 2066
f 322 802 2082
f 341 821 2138
f 286 766 1974
f 294 774 1992
f 372 852 2228
f 394 874 2295
f 416 1270 2331
f 408 1246 2327
f 406 1251 2328
f 412 1287 2334
f 415 1305 2337
f 424 1335 2346
f 492 1552 2412
f 582 1474 2499
f 565 1600 2487
f 514 1353 2436
f 461 1480 2376
f 453 1402 2372
f 451 1407 2373
f 457 1491 2379
f 460 1503 2382
f 475 1534 2396
f 439 1413 2361
f 496 1443 2418
f 533 1593 2457
f 551 1384 2463
f 579 1324 2492
f 483 1276 2402
f 426 1264 2343
f 521 1300 2433
f 566 1318 2478
f 489 1342 2406
f 578 1563 2502
f 560 1461 2484
f 518 1587 2442
f 429 1348 2349
f 547 1522 2468
f 465 1419 2387
f 441 1396 2358
f 504 1498 2421
f 537 1516 2454
f 550 1558 2472
f 476 1426 2388
f 444 1432 2364
f 502 1569 2426
f 526 1371 2448
f 481 1281 2403
f 420 1257 2342
f 510 1293 2432
f 555 1311 2477
f 571 1329 2493
f 540 1377 2462
f 473 1539 2397
f 447 1450 2367
f 507 1576 2427
f 534 1366 2447
f 469 1485 2391
f 435 1389 2357
f 498 1438 2417
f 529 1509 2453
f 545 1527 2469
f 487 1545 2411
f 574 1467 2498
f 562 1456 2483
f 520 1582 2441
f 432 1360 2352
f 589 1271 2509
f 583 1247 2503
f 586 1254 2506
f 593 1290 2512
f 596 1308 2515
f 599 1338 2518
f 633 1553 2555
f 620 1475 2541
f 640 1601 2562
f 603 1356 2522
f 622 1481 2542
f 607 1403 2528
f 612 1410 2531
f 626 1494 2545
f 629 1506 2548
f 631 1535 2551
f 614 1416 2533
f 618 1446 2537
f 641 1596 2559
f 605 1385 2526
f 167 907 1616
f 164 889 1608
f 163 883 1606
f 165 895 1612
f 166 901 1615
f 169 919 1624
f 192 1057 1692
f 222 1237 1782
f 216 1201 1765
f 199 1099 1714
f 182 997 1661
f 179 979 1653
f 178 973 1651
f 180 985 1657
f 181 991 1660
f 186 1021 1675
f 174 949 1639
f 193 1063 1696
f 205 1135 1733
f 212 1177 1751
f 221 1231 1779
f 189 1039 1683
f 170 925 1626
f 202 1117 1721
f 217 1207 1766
f 191 1051 1689
f 220 1225 1778
f 214 1189 1760
f 200 1105 1718
f 171 931 1629
f 210 1165 1747
f 183 1003 1665
f 175 955 1641
f 196 1081 1704
f 207 1147 1737
f 211 1171 1750
f 187 1027 1676
f 176 961 1644
f 195 1075 1702
f 203 1123 1726
f 188 1033 1681
f 168 913 1620
f 198 1093 1710
f 213 1183 1755
f 218 1213 1771
f 208 1153 1740
f 185 1015 1673
f 177 967 1647
f 197 1087 1707
f 206 1141 1734
f 184 1009 1669
f 173 943 1635
f 194 1069 1698
f 204 1129 1729
f 209 1159 1745
f 190 1045 1687
f 219 1219 1774
f 215 1195 1762
f 201 1111 1720
f 172 937 1632
f 357 1280 2189
f 255 1256 1883
f 262 1292 1903
f 388 1310 2281
f 400 1328 2317
f 352 1376 2173
f 347 1538 2158
f 298 1447 2012
f 364 1573 2210
f 269 1363 1924
f 339 1484 2135
f 285 1388 1973
f 293 1435 1996
f 370 1508 2227
f 396 1526 2304
f 353 1544 2176
f 346 1466 2155
f 299 1453 2014
f 365 1579 2212
f 268 1357 1922
f 249 1268 1864
f 231 1244 1810
f 226 1249 1795
f 238 1285 1831
f 244 1303 1849
f 257 1333 1887
f 359 1550 2193
f 402 1472 2321
f 390 1598 2285
f 264 1351 1907
f 327 1478 2098
f 309 1400 2044
f 282 1405 1961
f 317 1489 2067
f 322 1501 2083
f 341 1532 2139
f 286 1411 1975
f 294 1441 1997
f 372 1591 2231
f 394 1382 2298
f 358 1322 2190
f 256 1274 1884
f 261 1262 1900
f 387 1298 2278
f 399 1316 2314
f 351 1340 2170
f 348 1561 2159
f 300 1459 2015
f 366 1585 2213
f 267 1346 1918
f 340 1520 2136
f 287 1417 1977
f 291 1394 1990
f 369 1496 2224
f 395 1514 2301
f 354 1556 2177
f 345 1424 2152
f 297 1430 2008
f 363 1567 2206
f 270 1369 1925
f 234 1279 1817
f 227 1255 1797
f 239 1291 1833
f 245 1309 1851
f 252 1327 1871
f 275 1375 1941
f 334 1537 2119
f 304 1448 2029
f 377 1574 2247
f 382 1364 2262
f 312 1483 2051
f 279 1387 1954
f 316 1436 2064
f 323 1507 2085
f 330 1525 2105
f 335 1543 2121
f 305 1465 2031
f 376 1454 2244
f 383 1580 2265
f 274 1358 1939
f 232 1267 1814
f 225 1243 1793
f 237 1250 1829
f 243 1286 1847
f 250 1304 1868
f 273 1334 1937
f 336 1549 2124
f 306 1471 2034
f 378 1597 2250
f 381 1352 2261
f 311 1477 2050
f 281 1399 1960
f 315 1406 2063
f 321 1490 2081
f 328 1502 2102
f 333 1531 2117
f 303 1412 2027
f 375 1442 2243
f 384 1592 2268
f 276 1381 1944
f 229 890 1804
f 223 884 1785
f 235 896 1821
f 241 902 1839
f 247 908 1858
f 271 938 1929
f 332 1046 2114
f 302 1220 2024
f 374 1196 2240
f 379 1112 2253
f 307 980 2038
f 278 974 1951
f 313 986 2055
f 319 992 2073
f 325 998 2092
f 331 1016 2109
f 301 968 2019
f 373 1088 2235
f 380 1142 2258
f 272 1154 1934
f 248 1214 1861
f 230 1034 1807
f 224 914 1790
f 236 1094 1826
f 242 1184 1844
f 254 1040 1880
f 356 1232 2186
f 397 1208 2308
f 385 1118 2272
f 259 926 1894
f 326 1160 2095
f 308 1010 2041
f 277 944 1948
f 314 1070 2060
f 320 1130 2078
f 338 1166 2132
f 284 1004 1970
f 289 956 1984
f 367 1082 2218
f 391 1148 2289
f 355 1058 2181
f 253 920 1875
f 260 1100 1897
f 386 1202 2275
f 398 1238 2311
f 350 1172 2167
f 343 1028 2146
f 295 962 2002
f 361 1076 2200
f 266 1124 1915
f 337 1022 2127
f 283 950 1965
f 290 1064 1987
f 368 1136 2221
f 392 1178 2294
f 349 1052 2164
f 344 1226 2149
f 296 1190 2005
f 362 1106 2203
f 265 932 1912
f 251 1321 1870
f 233 1273 1816
f 228 1261 1800
f 240 1297 1836
f 246 1315 1854
f 258 1339 1890
f 360 1562 2196
f 401 1460 2320
f 389 1586 2284
f 263 1345 1906
f 329 1519 2104
f 310 1418 2047
f 280 1393 1958
f 318 1495 2070
f 324 1513 2088
f 342 1555 2142
f 288 1423 1980
f 292 1429 1994
f 371 1568 2230
f 393 1370 2297
f 409 894 2329
f 405 887 2323
f 411 899 2326
f 414 905 2333
f 417 912 2336
f 431 941 2345
f 488 1050 2409
f 575 1224 2496
f 563 1200 2485
f 519 1115 2435
f 454 984 2374
f 450 977 2368
f 456 989 2371
f 459 995 2378
f 462 1002 2381
f 472 1019 2392
f 446 971 2360
f 506 1091 2416
f 535 1146 2456
f 541 1158 2460
f 570 1217 2488
f 480 1037 2398
f 421 918 2340
f 511 1098 2430
f 556 1188 2475
f 484 1044 2404
f 580 1236 2501
f 567 1212 2482
f 522 1122 2440
f 427 930 2347
f 544 1163 2464
f 468 1013 2384
f 436 948 2355
f 499 1074 2419
f 530 1134 2451
f 548 1170 2470
f 466 1008 2385
f 442 960 2362
f 505 1086 2423
f 536 1151 2446
f 491 1061 2401
f 423 923 2339
f 513 1103 2429
f 564 1205 2474
f 581 1241 2491
f 549 1175 2459
f 477 1032 2395
f 445 966 2365
f 503 1080 2424
f 525 1127 2443
f 474 1025 2390
f 438 953 2354
f 495 1067 2413
f 532 1139 2450
f 552 1182 2467
f 490 1056 2408
f 577 1229 2495
f 559 1193 2479
f 517 1109 2437
f 430 936 2350
f 590 1325 2511
f 584 1277 2505
f 585 1265 2507
f 592 1301 2513
f 595 1319 2516
f 598 1343 2519
f 636 1566 2556
f 621 1464 2540
f 642 1590 2561
f 601 1349 2521
f 623 1523 2544
f 611 1422 2529
f 609 1397 2530
f 625 1499 2546
f 628 1517 2549
f 632 1559 2553
f 613 1427 2534
f 616 1433 2536
f 638 1572 2557
f 606 1374 2525
f 407 892 1609
f 403 885 1605
f 404 897 1611
f 410 903 1614
f 413 910 1617
f 422 939 1631
f 486 1048 1688
f 573 1222 1775
f 561 1198 1763
f 512 1113 1719
f 452 982 1654
f 448 975 1650
f 449 987 1656
f 455 993 1659
f 458 1000 1662
f 470 1017 1672
f 437 969 1646
f 494 1089 1706
f 531 1144 1735
f 539 1156 1741
f 568 1215 1770
f 478 1035 1680
f 419 916 1621
f 509 1096 1711
f 554 1186 1756
f 482 1042 1684
f 576 1234 1780
f 558 1210 1767
f 516 1120 1722
f 425 928 1627
f 542 1161 1744
f 463 1011 1668
f 434 946 1636
f 497 1072 1699
f 528 1132 1730
f 546 1168 1748
f 464 1006 1666
f 440 958 1642
f 500 1084 1705
f 524 1149 1736
f 479 1059 1691
f 418 921 1623
f 508 1101 1713
f 553 1203 1764
f 569 1239 1781
f 538 1173 1749
f 471 1030 1677
f 443 964 1645
f 501 1078 1703
f 523 1125 1725
f 467 1023 1674
f 433 951 1638
f 493 1065 1695
f 527 1137 1732
f 543 1180 1752
f 485 1054 1690
f 572 1227 1777
f 557 1191 1759
f 515 1107 1717
f 428 934 1630
f 591 1326 2191
f 587 1278 1885
f 588 1266 1901
f 594 1302 2279
f 597 1320 2315
f 600 1344 2171
f 634 1565 2160
f 619 1463 2016
f 639 1589 2214
f 602 1350 1919
f 624 1524 2137
f 608 1421 1978
f 610 1398 1991
f 627 1500 2225
f 630 1518 2302
f 635 1560 2178
f 615 1428 2153
f 617 1434 2009
f 637 1571 2207
f 604 1373 1926
f 416 911 1857
f 408 893 1803
f 406 888 1786
f 412 900 1822
f 415 906 1840
f 424 924 1876
f 492 1062 2182
f 582 1242 2312
f 565 1206 2276
f 514 1104 1898
f 461 1001 2091
f 453 983 2037
f 451 978 1952
f 457 990 2056
f 460 996 2074
f 475 1026 2128
f 439 954 1966
f 496 1068 1988
f 533 1140 2222
f 551 1181 2293
f 579 1235 2185
f 483 1043 1879
f 426 929 1893
f 521 1121 2271
f 566 1211 2307
f 489 1055 2163
f 578 1230 2150
f 560 1194 2006
f 518 1110 2204
f 429 935 1911
f 547 1169 2131
f 465 1007 1969
f 441 959 1983
f 504 1085 2217
f 537 1152 2290
f 550 1176 2168
f 476 1031 2145
f 444 965 2001
f 502 1079 2199
f 526 1128 1916
f 481 1038 1808
f 420 917 1789
f 510 1097 1825
f 555 1187 1843
f 571 1218 1862
f 540 1157 1933
f 473 1020 2110
f 447 972 2020
f 507 1092 2236
f 534 1145 2257
f 469 1014 2042
f 435 947 1947
f 498 1073 2059
f 529 1133 2077
f 545 1164 2096
f 487 1049 2113
f 574 1223 2023
f 562 1199 2239
f 520 1116 2254
f 432 942 1930
f 589 1283 1818
f 583 1259 1798
f 586 1295 1834
f 593 1313 1852
f 596 1331 1872
f 599 1379 1942
f 633 1541 2120
f 620 1452 2030
f 640 1578 2248
f 603 1368 2263
f 622 1487 2052
f 607 1391 1955
f 612 1440 2065
f 626 1511 2086
f 629 1529 2106
f 631 1547 2122
f 614 1469 2032
f 618 1458 2245
f 641 1584 2266
f 605 1362 1940
f 409 1269 1813
f 405 1245 1792
f 411 1252 1828
f 414 1288 1846
f 417 1306 1867
f 431 1336 1936
f 488 1551 2123
f 575 1473 2033
f 563 1599 2249
f 519 1354 2260
f 454 1479 2049
f 450 1401 1959
f 456 1408 2062
f 459 1492 2080
f 462 1504 2101
f 472 1533 2116
f 446 1414 2026
f 506 1444 2242
f 535 1594 2267
f 541 1383 1943
f 570 1323 1869
f 480 1275 1815
f 421 1263 1799
f 511 1299 1835
f 556 1317 1853
f 484 1341 1889
f 580 1564 2195
f 567 1462 2319
f 522 1588 2283
f 427 1347 1905
f 544 1521 2103
f 468 1420 2046
f 436 1395 1957
f 499 1497 2069
f 530 1515 2087
f 548 1557 2141
f 466 1425 1979
f 442 1431 1993
f 505 1570 2229
f 536 1372 2296
f 491 1282 2188
f 423 1258 1882
f 513 1294 1902
f 564 1312 2280
f 581 1330 2316
f 549 1378 2172
f 477 1540 2157
f 445 1449 2011
f 503 1575 2209
f 525 1365 1923
f 474 1486 2134
f 438 1390 1972
f 495 1437 1995
f 532 1510 2226
f 552 1528 2303
f 490 1546 2175
f 577 1468 2154
f 559 1455 2013
f 517 1581 2211
f 430 1359 1921
f 590 1272 1865
f 584 1248 1811
f 585 1253 1796
f 592 1289 1832
f 595 1307 1850
f 598 1337 1888
f 636 1554 2194
f 621 1476 2322
f 642 1602 2286
f 601 1355 1908
f 623 1482 2099
f 611 1404 2045
f 609 1409 1962
f 625 1493 2068
f 628 1505 2084
f 632 1536 2140
f 613 1415 1976
f 616 1445 1998
f 638 1595 2232
f 606 1386 2299
f 407 909 2330
f 403 891 2324
f 404 886 2325
f 410 898 2332
f 413 904 2335
f 422 922 2344
f 486 1060 2410
f 573 1240 2497
f 561 1204 2486
f 512 1102 2434
f 452 999 2375
f 448 981 2369
f 449 976 2370
f 455 988 2377
f 458 994 2380
f 470 1024 2393
f 437 952 2359
f 494 1066 2415
f 531 1138 2455
f 539 1179 2461
f 568 1233 2489
f 478 1041 2399
f 419 927 2341
f 509 1119 2431
f 554 1209 2476
f 482 1053 2405
f 576 1228 2500
f 558 1192 2481
f 516 1108 2439
f 425 933 2348
f 542 1167 2465
f 463 1005 2383
f 434 957 2356
f 497 1083 2420
f 528 1150 2452
f 546 1174 2471
f 464 1029 2386
f 440 963 2363
f 500 1077 2422
f 524 1126 2445
f 479 1036 2400
f 418 915 2338
f 508 1095 2428
f 553 1185 2473
f 569 1216 2490
f 538 1155 2458
f 471 1018 2394
f 443 970 2366
f 501 1090 2425
f 523 1143 2444
f 467 1012 2389
f 433 945 2353
f 493 1071 2414
f 527 1131 2449
f 543 1162 2466
f 485 1047 2407
f 572 1221 2494
f 557 1197 2480
f 515 1114 2438
f 428 940 2351
f 591 1284 2510
f 587 1260 2504
f 588 1296 2508
f 594 1314 2514
f 597 1332 2517
f 600 1380 2520
f 634 1542 2554
f 619 1451 2539
f 639 1577 2560
f 602 1367 2523
f 624 1488 2543
f 608 1392 2527
f 610 1439 2532
f 627 1512 2547
f 630 1530 2550
f 635 1548 2552
f 615 1470 2535
f 617 1457 2538
f 637 1583 2558
f 604 1361 2524
f 167 1616 1607
f 164 1608 1603
f 163 1606 1604
f 165 1612 1610
f 166 1615 1613
f 169 1624 1622
f 192 1692 1686
f 222 1782 1773
f 216 1765 1761
f 199 1714 1712
f 182 1661 1652
f 179 1653 1648
f 178 1651 1649
f 180 1657 1655
f 181 1660 1658
f 186 1675 1670
f 174 1639 1637
f 193 1696 1694
f 205 1733 1731
f 212 1751 1739
f 221 1779 1768
f 189 1683 1678
f 170 1626 1619
f 202 1721 1709
f 217 1766 1754
f 191 1689 1682
f 220 1778 1776
f 214 1760 1758
f 200 1718 1716
f 171 1629 1625
f 210 1747 1742
f 183 1665 1663
f 175 1641 1634
f 196 1704 1697
f 207 1737 1728
f 211 1750 1746
f 187 1676 1664
f 176 1644 1640
f 195 1702 1700
f 203 1726 1724
f 188 1681 1679
f 168 1620 1618
f 198 1710 1708
f 213 1755 1753
f 218 1771 1769
f 208 1740 1738
f 185 1673 1671
f 177 1647 1643
f 197 1707 1701
f 206 1734 1723
f 184 1669 1667
f 173 1635 1633
f 194 1698 1693
f 204 1729 1727
f 209 1745 1743
f 190 1687 1685
f 219 1774 1772
f 215 1762 1757
f 201 1720 1715
f 172 1632 1628
f 357 2189 2187
f 255 1883 1881
f 262 1903 1899
f 388 2281 2277
f 400 2317 2313
f 352 2173 2169
f 347 2158 2156
f 298 2012 2010
f 364 2210 2208
f 269 1924 1917
f 339 2135 2133
f 285 1973 1971
f 293 1996 1989
f 370 2227 2223
f 396 2304 2300
f 353 2176 2174
f 346 2155 2151
f 299 2014 2007
f 365 2212 2205
f 268 1922 1920
f 249 1864 1855
f 231 1810 1801
f 226 1795 1784
f 238 1831 1820
f 244 1849 1838
f 257 1887 1874
f 359 2193 2180
f 402 2321 2310
f 390 2285 2274
f 264 1907 1896
f 327 2098 2089
f 309 2044 2035
f 282 1961 1950
f 317 2067 2054
f 322 2083 2072
f 341 2139 2126
f 286 1975 1964
f 294 1997 1986
f 372 2231 2220
f 394 2298 2291
f 358 2190 2183
f 256 1884 1877
f 261 1900 1891
f 387 2278 2269
f 399 2314 2305
f 351 2170 2161
f 348 2159 2148
f 300 2015 2004
f 366 2213 2202
f 267 1918 1909
f 340 2136 2129
f 287 1977 1967
f 291 1990 1981
f 369 2224 2215
f 395 2301 2288
f 354 2177 2166
f 345 2152 2143
f 297 2008 1999
f 363 2206 2197
f 270 1925 1914
f 234 1817 1806
f 227 1797 1787
f 239 1833 1823
f 245 1851 1841
f 252 1871 1860
f 275 1941 1931
f 334 2119 2108
f 304 2029 2018
f 377 2247 2234
f 382 2262 2255
f 312 2051 2040
f 279 1954 1945
f 316 2064 2057
f 323 2085 2075
f 330 2105 2094
f 335 2121 2111
f 305 2031 2021
f 376 2244 2237
f 383 2265 2252
f 274 1939 1928
f 232 1814 1812
f 225 1793 1791
f 237 1829 1827
f 243 1847 1845
f 250 1868 1866
f 273 1937 1935
f 336 2124 2118
f 306 2034 2028
f 378 2250 2246
f 381 2261 2259
f 311 2050 2048
f 281 1960 1953
f 315 2063 2061
f 321 2081 2079
f 328 2102 2100
f 333 2117 2115
f 303 2027 2025
f 375 2243 2241
f 384 2268 2264
f 276 1944 1938
f 229 1804 1802
f 223 1785 1783
f 235 1821 1819
f 241 1839 1837
f 247 1858 1856
f 271 1929 1927
f 332 2114 2112
f 302 2024 2022
f 374 2240 2238
f 379 2253 2251
f 307 2038 2036
f 278 1951 1949
f 313 2055 2053
f 319 2073 2071
f 325 2092 2090
f 331 2109 2107
f 301 2019 2017
f 373 2235 2233
f 380 2258 2256
f 272 1934 1932
f 248 1861 1859
f 230 1807 1805
f 224 1790 1788
f 236 1826 1824
f 242 1844 1842
f 254 1880 1878
f 356 2186 2184
f 397 2308 2306
f 385 2272 2270
f 259 1894 1892
f 326 2095 2093
f 308 2041 2039
f 277 1948 1946
f 314 2060 2058
f 320 2078 2076
f 338 2132 2130
f 284 1970 1968
f 289 1984 1982
f 367 2218 2216
f 391 2289 2287
f 355 2181 2179
f 253 1875 1873
f 260 1897 1895
f 386 2275 2273
f 398 2311 2309
f 350 2167 2165
f 343 2146 2144
f 295 2002 2000
f 361 2200 2198
f 266 1915 1913
f 337 2127 2125
f 283 1965 1963
f 290 1987 1985
f 368 2221 2219
f 392 2294 2292
f 349 2164 2162
f 344 2149 2147
f 296 2005 2003
f 362 2203 2201
f 265 1912 1910
f 251 1870 1863
f 233 1816 1809
f 228 1800 1794
f 240 1836 1830
f 246 1854 1848
f 258 1890 1886
f 360 2196 2192
f 401 2320 2318
f 389 2284 2282
f 263 1906 1904
f 329 2104 2097
f 310 2047 2043
f 280 1958 1956
f 318 2070 2066
f 324 2088 2082
f 342 2142 2138
f 288 1980 1974
f 292 1994 1992
f 371 2230 2228
f 393 2297 2295
f 409 2329 2331
f 405 2323 2327
f 411 2326 2328
f 414 2333 2334
f 417 2336 2337
f 431 2345 2346
f 488 2409 2412
f 575 2496 2499
f 563 2485 2487
f 519 2435 2436
f 454 2374 2376
f 450 2368 2372
f 456 2371 2373
f 459 2378 2379
f 462 2381 2382
f 472 2392 2396
f 446 2360 2361
f 506 2416 2418
f 535 2456 2457
f 541 2460 2463
f 570 2488 2492
f 480 2398 2402
f 421 2340 2343
f 511 2430 2433
f 556 2475 2478
f 484 2404 2406
f 580 2501 2502
f 567 2482 2484
f 522 2440 2442
f 427 2347 2349
f 544 2464 2468
f 468 2384 2387
f 436 2355 2358
f 499 2419 2421
f 530 2451 2454
f 548 2470 2472
f 466 2385 2388
f 442 2362 2364
f 505 2423 2426
f 536 2446 2448
f 491 2401 2403
f 423 2339 2342
f 513 2429 2432
f 564 2474 2477
f 581 2491 2493
f 549 2459 2462
f 477 2395 2397
f 445 2365 2367
f 503 2424 2427
f 525 2443 2447
f 474 2390 2391
f 438 2354 2357
f 495 2413 2417
f 532 2450 2453
f 552 2467 2469
f 490 2408 2411
f 577 2495 2498
f 559 2479 2483
f 517 2437 2441
f 430 2350 2352
f 590 2511 2509
f 584 2505 2503
f 585 2507 2506
f 592 2513 2512
f 595 2516 2515
f 598 2519 2518
f 636 2556 2555
f 621 2540 2541
f 642 2561 2562
f 601 2521 2522
f 623 2544 2542
f 611 2529 2528
f 609 2530 2531
f 625 2546 2545
f 628 2549 2548
f 632 2553 2551
f 613 2534 2533
f 616 2536 2537
f 638 2557 2559
f 606 2525 2526
f 1607 644 647
f 1603 643 644
f 1604 645 643
f 1610 646 645
f 1613 647 646
f 1622 652 649
f 1686 670 672
f 1773 699 702
f 1761 695 696
f 1712 681 679
f 1652 659 662
f 1648 658 659
f 1649 660 658
f 1655 661 660
f 1658 662 661
f 1670 665 666
f 1637 657 654
f 1694 677 673
f 1731 686 685
f 1739 688 692
f 1768 698 701
f 1678 668 669
f 1619 648 650
f 1709 678 682
f 1754 693 697
f 1682 669 671
f 1776 701 700
f 1758 697 694
f 1716 682 680
f 1625 650 651
f 1742 689 690
f 1663 664 663
f 1634 653 655
f 1697 674 676
f 1728 684 687
f 1746 690 691
f 1664 663 667
f 1640 655 656
f 1700 676 675
f 1724 687 683
f 1679 672 668
f 1618 649 648
f 1708 679 678
f 1753 696 693
f 1769 702 698
f 1738 691 688
f 1671 667 665
f 1643 656 657
f 1701 675 677
f 1723 683 686
f 1667 666 664
f 1633 654 653
f 1693 673 674
f 1727 685 684
f 1743 692 689
f 1685 671 670
f 1772 700 699
f 1757 694 695
f 1715 680 681
f 1628 651 652
f 2187 838 837
f 1881 736 735
f 1899 741 742
f 2277 867 868
f 2313 879 880
f 2169 831 832
f 2156 828 827
f 2010 780 778
f 2208 846 844
f 1917 747 749
f 2133 820 819
f 1971 767 765
f 1989 771 773
f 2223 849 850
f 2300 875 876
f 2174 834 833
f 2151 825 826
f 2007 777 779
f 2205 843 845
f 1920 750 748
f 1855 727 729
f 1801 709 711
f 1784 703 706
f 1820 715 718
f 1838 721 724
f 1874 733 737
f 2180 835 839
f 2310 878 882
f 2274 866 870
f 1896 740 744
f 2089 805 807
f 2035 787 789
f 1950 758 762
f 2054 793 797
f 2072 799 802
f 2126 817 821
f 1964 763 766
f 1986 770 774
f 2220 848 852
f 2291 872 874
f 2183 836 838
f 1877 734 736
f 1891 739 741
f 2269 865 867
f 2305 877 879
f 2161 829 831
f 2148 824 828
f 2004 776 780
f 2202 842 846
f 1909 745 747
f 2129 818 820
f 1967 764 767
f 1981 769 771
f 2215 847 849
f 2288 871 875
f 2166 830 834
f 2143 823 825
f 1999 775 777
f 2197 841 843
f 1914 746 750
f 1806 710 714
f 1787 704 707
f 1823 716 719
f 1841 722 725
f 1860 728 732
f 1931 752 755
f 2108 811 814
f 2018 781 784
f 2234 853 857
f 2255 860 862
f 2040 788 792
f 1945 757 759
f 2057 794 796
f 2075 800 803
f 2094 806 810
f 2111 812 815
f 2021 782 785
f 2237 854 856
f 2252 859 863
f 1928 751 754
f 1812 714 712
f 1791 707 705
f 1827 719 717
f 1845 725 723
f 1866 732 730
f 1935 755 753
f 2118 814 816
f 2028 784 786
f 2246 857 858
f 2259 862 861
f 2048 792 791
f 1953 759 761
f 2061 796 795
f 2079 803 801
f 2100 810 808
f 2115 815 813
f 2025 785 783
f 2241 856 855
f 2264 863 864
f 1938 754 756
f 1802 712 709
f 1783 705 703
f 1819 717 715
f 1837 723 721
f 1856 730 727
f 1927 753 751
f 2112 816 812
f 2022 786 782
f 2238 858 854
f 2251 861 859
f 2036 791 787
f 1949 761 758
f 2053 795 793
f 2071 801 799
f 2090 808 805
f 2107 813 811
f 2017 783 781
f 2233 855 853
f 2256 864 860
f 1932 756 752
f 1859 731 728
f 1805 713 710
f 1788 708 704
f 1824 720 716
f 1842 726 722
f 1878 738 734
f 2184 840 836
f 2306 881 877
f 2270 869 865
f 1892 743 739
f 2093 809 806
f 2039 790 788
f 1946 760 757
f 2058 798 794
f 2076 804 800
f 2130 822 818
f 1968 768 764
f 1982 772 769
f 2216 851 847
f 2287 873 871
f 2179 837 835
f 1873 735 733
f 1895 742 740
f 2273 868 866
f 2309 880 878
f 2165 832 830
f 2144 827 823
f 2000 778 775
f 2198 844 841
f 1913 749 746
f 2125 819 817
f 1963 765 763
f 1985 773 770
f 2219 850 848
f 2292 876 872
f 2162 833 829
f 2147 826 824
f 2003 779 776
f 2201 845 842
f 1910 748 745
f 1863 729 731
f 1809 711 713
f 1794 706 708
f 1830 718 720
f 1848 724 726
f 1886 737 738
f 2192 839 840
f 2318 882 881
f 2282 870 869
f 1904 744 743
f 2097 807 809
f 2043 789 790
f 1956 762 760
f 2066 797 798
f 2082 802 804
f 2138 821 822
f 1974 766 768
f 1992 774 772
f 2228 852 851
f 2295 874 873
f 2331 1270 1269
f 2327 1246 1245
f 2328 1251 1252
f 2334 1287 1288
f 2337 1305 1306
f 2346 1335 1336
f 2412 1552 1551
f 2499 1474 1473
f 2487 1600 1599
f 2436 1353 1354
f 2376 1480 1479
f 2372 1402 1401
f 2373 1407 1408
f 2379 1491 1492
f 2382 1503 1504
f 2396 1534 1533
f 2361 1413 1414
f 2418 1443 1444
f 2457 1593 1594
f 2463 1384 1383
f 2492 1324 1323
f 2402 1276 1275
f 2343 1264 1263
f 2433 1300 1299
f 2478 1318 1317
f 2406 1342 1341
f 2502 1563 1564
f 2484 1461 1462
f 2442 1587 1588
f 2349 1348 1347
f 2468 1522 1521
f 2387 1419 1420
f 2358 1396 1395
f 2421 1498 1497
f 2454 1516 1515
f 2472 1558 1557
f 2388 1426 1425
f 2364 1432 1431
f 2426 1569 1570
f 2448 1371 1372
f 2403 1281 1282
f 2342 1257 1258
f 2432 1293 1294
f 2477 1311 1312
f 2493 1329 1330
f 2462 1377 1378
f 2397 1539 1540
f 2367 1450 1449
f 2427 1576 1575
f 2447 1366 1365
f 2391 1485 1486
f 2357 1389 1390
f 2417 1438 1437
f 2453 1509 1510
f 2469 1527 1528
f 2411 1545 1546
f 2498 1467 1468
f 2483 1456 1455
f 2441 1582 1581
f 2352 1360 1359
f 2509 1271 1272
f 2503 1247 1248
f 2506 1254 1253
f 2512 1290 1289
f 2515 1308 1307
f 2518 1338 1337
f 2555 1553 1554
f 2541 1475 1476
f 2562 1601 1602
f 2522 1356 1355
f 2542 1481 1482
f 2528 1403 1404
f 2531 1410 1409
f 2545 1494 1493
f 2548 1506 1505
f 2551 1535 1536
f 2533 1416 1415
f 2537 1446 1445
f 2559 1596 1595
f 2526 1385 1386
f 1616 907 909
f 1608 889 891
f 1606 883 886
f 1612 895 898
f 1615 901 904
f 1624 919 922
f 1692 1057 1060
f 1782 1237 1240
f 1765 1201 1204
f 1714 1099 1102
f 1661 997 999
f 1653 979 981
f 1651 973 976
f 1657 985 988
f 1660 991 994
f 1675 1021 1024
f 1639 949 952
f 1696 1063 1066
f 1733 1135 1138
f 1751 1177 1179
f 1779 1231 1233
f 1683 1039 1041
f 1626 925 927
f 1721 1117 1119
f 1766 1207 1209
f 1689 1051 1053
f 1778 1225 1228
f 1760 1189 1192
f 1718 1105 1108
f 1629 931 933
f 1747 1165 1167
f 1665 1003 1005
f 1641 955 957
f 1704 1081 1083
f 1737 1147 1150
f 1750 1171 1174
f 1676 1027 1029
f 1644 961 963
f 1702 1075 1077
f 1726 1123 1126
f 1681 1033 1036
f 1620 913 915
f 1710 1093 1095
f 1755 1183 1185
f 1771 1213 1216
f 1740 1153 1155
f 1673 1015 1018
f 1647 967 970
f 1707 1087 1090
f 1734 1141 1143
f 1669 1009 1012
f 1635 943 945
f 1698 1069 1071
f 1729 1129 1131
f 1745 1159 1162
f 1687 1045 1047
f 1774 1219 1221
f 1762 1195 1197
f 1720 1111 1114
f 1632 937 940
f 2189 1280 1284
f 1883 1256 1260
f 1903 1292 1296
f 2281 1310 1314
f 2317 1328 1332
f 2173 1376 1380
f 2158 1538 1542
f 2012 1447 1451
f 2210 1573 1577
f 1924 1363 1367
f 2135 1484 1488
f 1973 1388 1392
f 1996 1435 1439
f 2227 1508 1512
f 2304 1526 1530
f 2176 1544 1548
f 2155 1466 1470
f 2014 1453 1457
f 2212 1579 1583
f 1922 1357 1361
f 1864 1268 1270
f 1810 1244 1246
f 1795 1249 1251
f 1831 1285 1287
f 1849 1303 1305
f 1887 1333 1335
f 2193 1550 1552
f 2321 1472 1474
f 2285 1598 1600
f 1907 1351 1353
f 2098 1478 1480
f 2044 1400 1402
f 1961 1405 1407
f 2067 1489 1491
f 2083 1501 1503
f 2139 1532 1534
f 1975 1411 1413
f 1997 1441 1443
f 2231 1591 1593
f 2298 1382 1384
f 2190 1322 1324
f 1884 1274 1276
f 1900 1262 1264
f 2278 1298 1300
f 2314 1316 1318
f 2170 1340 1342
f 2159 1561 1563
f 2015 1459 1461
f 2213 1585 1587
f 1918 1346 1348
f 2136 1520 1522
f 1977 1417 1419
f 1990 1394 1396
f 2224 1496 1498
f 2301 1514 1516
f 2177 1556 1558
f 2152 1424 1426
f 2008 1430 1432
f 2206 1567 1569
f 1925 1369 1371
f 1817 1279 1281
f 1797 1255 1257
f 1833 1291 1293
f 1851 1309 1311
f 1871 1327 1329
f 1941 1375 1377
f 2119 1537 1539
f 2029 1448 1450
f 2247 1574 1576
f 2262 1364 1366
f 2051 1483 1485
f 1954 1387 1389
f 2064 1436 1438
f 2085 1507 1509
f 2105 1525 1527
f 2121 1543 1545
f 2031 1465 1467
f 2244 1454 1456
f 2265 1580 1582
f 1939 1358 1360
f 1814 1267 1271
f 1793 1243 1247
f 1829 1250 1254
f 1847 1286 1290
f 1868 1304 1308
f 1937 1334 1338
f 2124 1549 1553
f 2034 1471 1475
f 2250 1597 1601
f 2261 1352 1356
f 2050 1477 1481
f 1960 1399 1403
f 2063 1406 1410
f 2081 1490 1494
f 2102 1502 1506
f 2117 1531 1535
f 2027 1412 1416
f 2243 1442 1446
f 2268 1592 1596
f 1944 1381 1385
f 1804 890 894
f 1785 884 887
f 1821 896 899
f 1839 902 905
f 1858 908 912
f 1929 938 941
f 2114 1046 1050
f 2024 1220 1224
f 2240 1196 1200
f 2253 1112 1115
f 2038 980 984
f 1951 974 977
f 2055 986 989
f 2073 992 995
f 2092 998 1002
f 2109 1016 1019
f 2019 968 971
f 2235 1088 1091
f 2258 1142 1146
f 1934 1154 1158
f 1861 1214 1217
f 1807 1034 1037
f 1790 914 918
f 1826 1094 1098
f 1844 1184 1188
f 1880 1040 1044
f 2186 1232 1236
f 2308 1208 1212
f 2272 1118 1122
f 1894 926 930
f 2095 1160 1163
f 2041 1010 1013
f 1948 944 948
f 2060 1070 1074
f 2078 1130 1134
f 2132 1166 1170
f 1970 1004 1008
f 1984 956 960
f 2218 1082 1086
f 2289 1148 1151
f 2181 1058 1061
f 1875 920 923
f 1897 1100 1103
f 2275 1202 1205
f 2311 1238 1241
f 2167 1172 1175
f 2146 1028 1032
f 2002 962 966
f 2200 1076 1080
f 1915 1124 1127
f 2127 1022 1025
f 1965 950 953
f 1987 1064 1067
f 2221 1136 1139
f 2294 1178 1182
f 2164 1052 1056
f 2149 1226 1229
f 2005 1190 1193
f 2203 1106 1109
f 1912 932 936
f 1870 1321 1325
f 1816 1273 1277
f 1800 1261 1265
f 1836 1297 1301
f 1854 1315 1319
f 1890 1339 1343
f 2196 1562 1566
f 2320 1460 1464
f 2284 1586 1590
f 1906 1345 1349
f 2104 1519 1523
f 2047 1418 1422
f 1958 1393 1397
f 2070 1495 1499
f 2088 1513 1517
f 2142 1555 1559
f 1980 1423 1427
f 1994 1429 1433
f 2230 1568 1572
f 2297 1370 1374
f 2329 894 892
f 2323 887 885
f 2326 899 897
f 2333 905 903
f 2336 912 910
f 2345 941 939
f 2409 1050 1048
f 2496 1224 1222
f 2485 1200 1198
f 2435 1115 1113
f 2374 984 982
f 2368 977 975
f 2371 989 987
f 2378 995 993
f 2381 1002 1000
f 2392 1019 1017
f 2360 971 969
f 2416 1091 1089
f 2456 1146 1144
f 2460 1158 1156
f 2488 1217 1215
f 2398 1037 1035
f 2340 918 916
f 2430 1098 1096
f 2475 1188 1186
f 2404 1044 1042
f 2501 1236 1234
f 2482 1212 1210
f 2440 1122 1120
f 2347 930 928
f 2464 1163 1161
f 2384 1013 1011
f 2355 948 946
f 2419 1074 1072
f 2451 1134 1132
f 2470 1170 1168
f 2385 1008 1006
f 2362 960 958
f 2423 1086 1084
f 2446 1151 1149
f 2401 1061 1059
f 2339 923 921
f 2429 1103 1101
f 2474 1205 1203
f 2491 1241 1239
f 2459 1175 1173
f 2395 1032 1030
f 2365 966 964
f 2424 1080 1078
f 2443 1127 1125
f 2390 1025 1023
f 2354 953 951
f 2413 1067 1065
f 2450 1139 1137
f 2467 1182 1180
f 2408 1056 1054
f 2495 1229 1227
f 2479 1193 1191
f 2437 1109 1107
f 2350 936 934
f 2511 1325 1326
f 2505 1277 1278
f 2507 1265 1266
f 2513 1301 1302
f 2516 1319 1320
f 2519 1343 1344
f 2556 1566 1565
f 2540 1464 1463
f 2561 1590 1589
f 2521 1349 1350
f 2544 1523 1524
f 2529 1422 1421
f 2530 1397 1398
f 2546 1499 1500
f 2549 1517 1518
f 2553 1559 1560
f 2534 1427 1428
f 2536 1433 1434
f 2557 1572 1571
f 2525 1374 1373
f 1609 892 889
f 1605 885 883
f 1611 897 895
f 1614 903 901
f 1617 910 907
f 1631 939 937
f 1688 1048 1045
f 1775 1222 1219
f 1763 1198 1195
f 1719 1113 1111
f 1654 982 979
f 1650 975 973
f 1656 987 985
f 1659 993 991
f 1662 1000 997
f 1672 1017 1015
f 1646 969 967
f 1706 1089 1087
f 1735 1144 1141
f 1741 1156 1153
f 1770 1215 1213
f 1680 1035 1033
f 1621 916 913
f 1711 1096 1093
f 1756 1186 1183
f 1684 1042 1039
f 1780 1234 1231
f 1767 1210 1207
f 1722 1120 1117
f 1627 928 925
f 1744 1161 1159
f 1668 1011 1009
f 1636 946 943
f 1699 1072 1069
f 1730 1132 1129
f 1748 1168 1165
f 1666 1006 1003
f 1642 958 955
f 1705 1084 1081
f 1736 1149 1147
f 1691 1059 1057
f 1623 921 919
f 1713 1101 1099
f 1764 1203 1201
f 1781 1239 1237
f 1749 1173 1171
f 1677 1030 1027
f 1645 964 961
f 1703 1078 1075
f 1725 1125 1123
f 1674 1023 1021
f 1638 951 949
f 1695 1065 1063
f 1732 1137 1135
f 1752 1180 1177
f 1690 1054 1051
f 1777 1227 1225
f 1759 1191 1189
f 1717 1107 1105
f 1630 934 931
f 2191 1326 1322
f 1885 1278 1274
f 1901 1266 1262
f 2279 1302 1298
f 2315 1320 1316
f 2171 1344 1340
f 2160 1565 1561
f 2016 1463 1459
f 2214 1589 1585
f 1919 1350 1346
f 2137 1524 1520
f 1978 1421 1417
f 1991 1398 1394
f 2225 1500 1496
f 2302 1518 1514
f 2178 1560 1556
f 2153 1428 1424
f 2009 1434 1430
f 2207 1571 1567
f 1926 1373 1369
f 1857 911 908
f 1803 893 890
f 1786 888 884
f 1822 900 896
f 1840 906 902
f 1876 924 920
f 2182 1062 1058
f 2312 1242 1238
f 2276 1206 1202
f 1898 1104 1100
f 2091 1001 998
f 2037 983 980
f 1952 978 974
f 2056 990 986
f 2074 996 992
f 2128 1026 1022
f 1966 954 950
f 1988 1068 1064
f 2222 1140 1136
f 2293 1181 1178
f 2185 1235 1232
f 1879 1043 1040
f 1893 929 926
f 2271 1121 1118
f 2307 1211 1208
f 2163 1055 1052
f 2150 1230 1226
f 2006 1194 1190
f 2204 1110 1106
f 1911 935 932
f 2131 1169 1166
f 1969 1007 1004
f 1983 959 956
f 2217 1085 1082
f 2290 1152 1148
f 2168 1176 1172
f 2145 1031 1028
f 2001 965 962
f 2199 1079 1076
f 1916 1128 1124
f 1808 1038 1034
f 1789 917 914
f 1825 1097 1094
f 1843 1187 1184
f 1862 1218 1214
f 1933 1157 1154
f 2110 1020 1016
f 2020 972 968
f 2236 1092 1088
f 2257 1145 1142
f 2042 1014 1010
f 1947 947 944
f 2059 1073 1070
f 2077 1133 1130
f 2096 1164 1160
f 2113 1049 1046
f 2023 1223 1220
f 2239 1199 1196
f 2254 1116 1112
f 1930 942 938
f 1818 1283 1279
f 1798 1259 1255
f 1834 1295 1291
f 1852 1313 1309
f 1872 1331 1327
f 1942 1379 1375
f 2120 1541 1537
f 2030 1452 1448
f 2248 1578 1574
f 2263 1368 1364
f 2052 1487 1483
f 1955 1391 1387
f 2065 1440 1436
f 2086 1511 1507
f 2106 1529 1525
f 2122 1547 1543
f 2032 1469 1465
f 2245 1458 1454
f 2266 1584 1580
f 1940 1362 1358
f 1813 1269 1267
f 1792 1245 1243
f 1828 1252 1250
f 1846 1288 1286
f 1867 1306 1304
f 1936 1336 1334
f 2123 1551 1549
f 2033 1473 1471
f 2249 1599 1597
f 2260 1354 1352
f 2049 1479 1477
f 1959 1401 1399
f 2062 1408 1406
f 2080 1492 1490
f 2101 1504 1502
f 2116 1533 1531
f 2026 1414 1412
f 2242 1444 1442
f 2267 1594 1592
f 1943 1383 1381
f 1869 1323 1321
f 1815 1275 1273
f 1799 1263 1261
f 1835 1299 1297
f 1853 1317 1315
f 1889 1341 1339
f 2195 1564 1562
f 2319 1462 1460
f 2283 1588 1586
f 1905 1347 1345
f 2103 1521 1519
f 2046 1420 1418
f 1957 1395 1393
f 2069 1497 1495
f 2087 1515 1513
f 2141 1557 1555
f 1979 1425 1423
f 1993 1431 1429
f 2229 1570 1568
f 2296 1372 1370
f 2188 1282 1280
f 1882 1258 1256
f 1902 1294 1292
f 2280 1312 1310
f 2316 1330 1328
f 2172 1378 1376
f 2157 1540 1538
f 2011 1449 1447
f 2209 1575 1573
f 1923 1365 1363
f 2134 1486 1484
f 1972 1390 1388
f 1995 1437 1435
f 2226 1510 1508
f 2303 1528 1526
f 2175 1546 1544
f 2154 1468 1466
f 2013 1455 1453
f 2211 1581 1579
f 1921 1359 1357
f 1865 1272 1268
f 1811 1248 1244
f 1796 1253 1249
f 1832 1289 1285
f 1850 1307 1303
f 1888 1337 1333
f 2194 1554 1550
f 2322 1476 1472
f 2286 1602 1598
f 1908 1355 1351
f 2099 1482 1478
f 2045 1404 1400
f 1962 1409 1405
f 2068 1493 1489
f 2084 1505 1501
f 2140 1536 1532
f 1976 1415 1411
f 1998 1445 1441
f 2232 1595 1591
f 2299 1386 1382
f 2330 909 911
f 2324 891 893
f 2325 886 888
f 2332 898 900
f 2335 904 906
f 2344 922 924
f 2410 1060 1062
f 2497 1240 1242
f 2486 1204 1206
f 2434 1102 1104
f 2375 999 1001
f 2369 981 983
f 2370 976 978
f 2377 988 990
f 2380 994 996
f 2393 1024 1026
f 2359 952 954
f 2415 1066 1068
f 2455 1138 1140
f 2461 1179 1181
f 2489 1233 1235
f 2399 1041 1043
f 2341 927 929
f 2431 1119 1121
f 2476 1209 1211
f 2405 1053 1055
f 2500 1228 1230
f 2481 1192 1194
f 2439 1108 1110
f 2348 933 935
f 2465 1167 1169
f 2383 1005 1007
f 2356 957 959
f 2420 1083 1085
f 2452 1150 1152
f 2471 1174 1176
f 2386 1029 1031
f 2363 963 965
f 2422 1077 1079
f 2445 1126 1128
f 2400 1036 1038
f 2338 915 917
f 2428 1095 1097
f 2473 1185 1187
f 2490 1216 1218
f 2458 1155 1157
f 2394 1018 1020
f 2366 970 972
f 2425 1090 1092
f 2444 1143 1145
f 2389 1012 1014
f 2353 945 947
f 2414 1071 1073
f 2449 1131 1133
f 2466 1162 1164
f 2407 1047 1049
f 2494 1221 1223
f 2480 1197 1199
f 2438 1114 1116
f 2351 940 942
f 2510 1284 1283
f 2504 1260 1259
f 2508 1296 1295
f 2514 1314 1313
f 2517 1332 1331
f 2520 1380 1379
f 2554 1542 1541
f 2539 1451 1452
f 2560 1577 1578
f 2523 1367 1368
f 2543 1488 1487
f 2527 1392 1391
f 2532 1439 1440
f 2547 1512 1511
f 2550 1530 1529
f 2552 1548 1547
f 2535 1470 1469
f 2538 1457 1458
f 2558 1583 1584
f 2524 1361 1362
f 1607 1616 1609
f 1603 1608 1605
f 1604 1606 1611
f 1610 1612 1614
f 1613 1615 1617
f 1622 1624 1631
f 1686 1692 1688
f 1773 1782 1775
f 1761 1765 1763
f 1712 1714 1719
f 1652 1661 1654
f 1648 1653 1650
f 1649 1651 1656
f 1655 1657 1659
f 1658 1660 1662
f 1670 1675 1672
f 1637 1639 1646
f 1694 1696 1706
f 1731 1733 1735
f 1739 1751 1741
f 1768 1779 1770
f 1678 1683 1680
f 1619 1626 1621
f 1709 1721 1711
f 1754 1766 1756
f 1682 1689 1684
f 1776 1778 1780
f 1758 1760 1767
f 1716 1718 1722
f 1625 1629 1627
f 1742 1747 1744
f 1663 1665 1668
f 1634 1641 1636
f 1697 1704 1699
f 1728 1737 1730
f 1746 1750 1748
f 1664 1676 1666
f 1640 1644 1642
f 1700 1702 1705
f 1724 1726 1736
f 1679 1681 1691
f 1618 1620 1623
f 1708 1710 1713
f 1753 1755 1764
f 1769 1771 1781
f 1738 1740 1749
f 1671 1673 1677
f 1643 1647 1645
f 1701 1707 1703
f 1723 1734 1725
f 1667 1669 1674
f 1633 1635 1638
f 1693 1698 1695
f 1727 1729 1732
f 1743 1745 1752
f 1685 1687 1690
f 1772 1774 1777
f 1757 1762 1759
f 1715 1720 1717
f 1628 1632 1630
f 2187 2189 2191
f 1881 1883 1885
f 1899 1903 1901
f 2277 2281 2279
f 2313 2317 2315
f 2169 2173 2171
f 2156 2158 2160
f 2010 2012 2016
f 2208 2210 2214
f 1917 1924 1919
f 2133 2135 2137
f 1971 1973 1978
f 1989 1996 1991
f 2223 2227 2225
f 2300 2304 2302
f 2174 2176 2178
f 2151 2155 2153
f 2007 2014 2009
f 2205 2212 2207
f 1920 1922 1926
f 1855 1864 1857
f 1801 1810 1803
f 1784 1795 1786
f 1820 1831 1822
f 1838 1849 1840
f 1874 1887 1876
f 2180 2193 2182
f 2310 2321 2312
f 2274 2285 2276
f 1896 1907 1898
f 2089 2098 2091
f 2035 2044 2037
f 1950 1961 1952
f 2054 2067 2056
f 2072 2083 2074
f 2126 2139 2128
f 1964 1975 1966
f 1986 1997 1988
f 2220 2231 2222
f 2291 2298 2293
f 2183 2190 2185
f 1877 1884 1879
f 1891 1900 1893
f 2269 2278 2271
f 2305 2314 2307
f 2161 2170 2163
f 2148 2159 2150
f 2004 2015 2006
f 2202 2213 2204
f 1909 1918 1911
f 2129 2136 2131
f 1967 1977 1969
f 1981 1990 1983
f 2215 2224 2217
f 2288 2301 2290
f 2166 2177 2168
f 2143 2152 2145
f 1999 2008 2001
f 2197 2206 2199
f 1914 1925 1916
f 1806 1817 1808
f 1787 1797 1789
f 1823 1833 1825
f 1841 1851 1843
f 1860 1871 1862
f 1931 1941 1933
f 2108 2119 2110
f 2018 2029 2020
f 2234 2247 2236
f 2255 2262 2257
f 2040 2051 2042
f 1945 1954 1947
f 2057 2064 2059
f 2075 2085 2077
f 2094 2105 2096
f 2111 2121 2113
f 2021 2031 2023
f 2237 2244 2239
f 2252 2265 2254
f 1928 1939 1930
f 1812 1814 1818
f 1791 1793 1798
f 1827 1829 1834
f 1845 1847 1852
f 1866 1868 1872
f 1935 1937 1942
f 2118 2124 2120
f 2028 2034 2030
f 2246 2250 2248
f 2259 2261 2263
f 2048 2050 2052
f 1953 1960 1955
f 2061 2063 2065
f 2079 2081 2086
f 2100 2102 2106
f 2115 2117 2122
f 2025 2027 2032
f 2241 2243 2245
f 2264 2268 2266
f 1938 1944 1940
f 1802 1804 1813
f 1783 1785 1792
f 1819 1821 1828
f 1837 1839 1846
f 1856 1858 1867
f 1927 1929 1936
f 2112 2114 2123
f 2022 2024 2033
f 2238 2240 2249
f 2251 2253 2260
f 2036 2038 2049
f 1949 1951 1959
f 2053 2055 2062
f 2071 2073 2080
f 2090 2092 2101
f 2107 2109 2116
f 2017 2019 2026
f 2233 2235 2242
f 2256 2258 2267
f 1932 1934 1943
f 1859 1861 1869
f 1805 1807 1815
f 1788 1790 1799
f 1824 1826 1835
f 1842 1844 1853
f 1878 1880 1889
f 2184 2186 2195
f 2306 2308 2319
f 2270 2272 2283
f 1892 1894 1905
f 2093 2095 2103
f 2039 2041 2046
f 1946 1948 1957
f 2058 2060 2069
f 2076 2078 2087
f 2130 2132 2141
f 1968 1970 1979
f 1982 1984 1993
f 2216 2218 2229
f 2287 2289 2296
f 2179 2181 2188
f 1873 1875 1882
f 1895 1897 1902
f 2273 2275 2280
f 2309 2311 2316
f 2165 2167 2172
f 2144 2146 2157
f 2000 2002 2011
f 2198 2200 2209
f 1913 1915 1923
f 2125 2127 2134
f 1963 1965 1972
f 1985 1987 1995
f 2219 2221 2226
f 2292 2294 2303
f 2162 2164 2175
f 2147 2149 2154
f 2003 2005 2013
f 2201 2203 2211
f 1910 1912 1921
f 1863 1870 1865
f 1809 1816 1811
f 1794 1800 1796
f 1830 1836 1832
f 1848 1854 1850
f 1886 1890 1888
f 2192 2196 2194
f 2318 2320 2322
f 2282 2284 2286
f 1904 1906 1908
f 2097 2104 2099
f 2043 2047 2045
f 1956 1958 1962
f 2066 2070 2068
f 2082 2088 2084
f 2138 2142 2140
f 1974 1980 1976
f 1992 1994 1998
f 2228 2230 2232
f 2295 2297 2299
f 2331 2329 2330
f 2327 2323 2324
f 2328 2326 2325
f 2334 2333 2332
f 2337 2336 2335
f 2346 2345 2344
f 2412 2409 2410
f 2499 2496 2497
f 2487 2485 2486
f 2436 2435 2434
f 2376 2374 2375
f 2372 2368 2369
f 2373 2371 2370
f 2379 2378 2377
f 2382 2381 2380
f 2396 2392 2393
f 2361 2360 2359
f 2418 2416 2415
f 2457 2456 2455
f 2463 2460 2461
f 2492 2488 2489
f 2402 2398 2399
f 2343 2340 2341
f 2433 2430 2431
f 2478 2475 2476
f 2406 2404 2405
f 2502 2501 2500
f 2484 2482 2481
f 2442 2440 2439
f 2349 2347 2348
f 2468 2464 2465
f 2387 2384 2383
f 2358 2355 2356
f 2421 2419 2420
f 2454 2451 2452
f 2472 2470 2471
f 2388 2385 2386
f 2364 2362 2363
f 2426 2423 2422
f 2448 2446 2445
f 2403 2401 2400
f 2342 2339 2338
f 2432 2429 2428
f 2477 2474 2473
f 2493 2491 2490
f 2462 2459 2458
f 2397 2395 2394
f 2367 2365 2366
f 2427 2424 2425
f 2447 2443 2444
f 2391 2390 2389
f 2357 2354 2353
f 2417 2413 2414
f 2453 2450 2449
f 2469 2467 2466
f 2411 2408 2407
f 2498 2495 2494
f 2483 2479 2480
f 2441 2437 2438
f 2352 2350 2351
f 2509 2511 2510
f 2503 2505 2504
f 2506 2507 2508
f 2512 2513 2514
f 2515 2516 2517
f 2518 2519 2520
f 2555 2556 2554
f 2541 2540 2539
f 2562 2561 2560
f 2522 2521 2523
f 2542 2544 2543
f 2528 2529 2527
f 2531 2530 2532
f 2545 2546 2547
f 2548 2549 2550
f 2551 2553 2552
f 2533 2534 2535
f 2537 2536 2538
f 2559 2557 2558
f 2526 2525 2524