v -0.144529 0.428178 -0.202912
v 0.134329 0.438796 -0.204677
v -0.285609 -0.579918 -0.000484
v 0.285533 -0.578905 0.004550
v -0.016448 -0.397857 0.709144
v 0.015264 0.113667 0.439957
v -0.003008 -0.133675 -0.392909
v 0.003850 0.403492 -0.715123
v 0.584473 0.008389 -0.283216
v 0.530846 0.007052 0.260954
v -0.580878 0.020246 -0.266619
v -0.539545 0.008936 0.260582
v -0.006683 0.524918 -0.202451
v -0.026018 0.229873 -0.073294
v -0.214624 0.683624 -0.441033
v -0.355981 0.072752 -0.185298
v -0.374125 0.055763 0.034810
v 0.022152 0.232408 -0.073317
v 0.215018 0.671378 -0.442686
v 0.335839 0.074886 -0.185332
v 0.346832 0.043758 0.044027
v -0.004931 -0.618400 0.000455
v -0.192335 -0.621090 0.421124
v -0.177724 -0.582581 -0.288826
v -0.365229 -0.071021 -0.058465
v -0.369319 -0.116052 0.166232
v 0.202686 -0.634215 0.418893
v 0.170737 -0.561555 -0.283719
v 0.361541 -0.067314 -0.076971
v 0.370463 -0.120988 0.172770
v -0.008022 -0.045859 0.722769
v 0.293067 -0.149960 0.587102
v -0.287830 -0.166850 0.571424
v 0.216140 0.035890 0.486887
v -0.212291 0.036518 0.488069
v 0.001155 0.047812 -0.720306
v 0.185606 0.007471 -0.433674
v -0.186536 0.009809 -0.416851
v 0.312660 0.166643 -0.645279
v -0.315040 0.181939 -0.647954
v 0.664679 0.001644 -0.002555
v -0.653373 0.008507 -0.006099
v -0.090700 0.505371 -0.205356
v -0.083564 0.407832 -0.167288
v -0.182779 0.524593 -0.272742
v -0.210606 0.296049 -0.210482
v -0.185729 0.238636 -0.146237
v 0.086203 0.514551 -0.193991
v 0.080867 0.387558 -0.151515
v 0.174750 0.530493 -0.277159
v 0.197761 0.310575 -0.213838
v 0.170147 0.240779 -0.137866
v -0.165099 -0.648422 -0.005754
v -0.221245 -0.531849 0.144838
v -0.318299 -0.746557 -0.145777
v -0.347956 -0.407369 -0.053761
v -0.317654 -0.373514 0.090731
v 0.161578 -0.646139 -0.006223
v 0.222365 -0.533701 0.149588
v 0.324128 -0.755443 -0.143097
v 0.349446 -0.400683 -0.055140
v 0.314514 -0.367189 0.094069
v -0.132414 -0.630599 0.679501
v 0.116065 -0.622806 0.678406
v -0.030594 -0.188887 0.763804
v 0.152011 -0.310179 0.709034
v -0.185170 -0.316785 0.699856
v -0.012422 0.143659 0.221331
v 0.031281 0.140405 0.216319
v 0.011651 0.057845 0.621997
v 0.088355 0.091350 0.491506
v -0.056976 0.096105 0.505600
v -0.059559 -0.325744 -0.337644
v 0.044563 -0.325698 -0.344073
v 0.002677 0.004703 -0.513398
v 0.053784 -0.053025 -0.411908
v -0.057502 -0.059772 -0.408731
v -0.109130 0.570608 -0.634645
v 0.116380 0.566509 -0.638459
v 0.001666 0.215701 -0.778840
v 0.172320 0.321208 -0.745828
v -0.168170 0.328933 -0.743354
v 0.527047 0.020313 -0.216625
v 0.521550 0.023792 -0.185829
v 0.399213 0.027702 -0.382852
v 0.411732 0.038346 -0.424419
v 0.664718 -0.001305 -0.116571
v 0.515074 0.004137 0.199545
v 0.479745 0.001882 0.221946
v 0.365264 -0.017983 0.386268
v 0.386171 -0.013764 0.390026
v 0.620252 0.010871 0.124462
v -0.560687 0.032266 -0.213625
v -0.554317 0.042725 -0.171601
v -0.408619 0.043957 -0.372749
v -0.436254 0.055584 -0.435484
v -0.655593 0.000414 -0.118063
v -0.527651 -0.005399 0.180102
v -0.493248 -0.008675 0.214366
v -0.386848 -0.040057 0.389591
v -0.402504 -0.015398 0.380973
v -0.625538 0.009232 0.108023
v -0.034815 0.434790 -0.154552
v -0.079545 0.616531 -0.294264
v 0.020985 0.441044 -0.158928
v 0.074686 0.618056 -0.295280
v -0.152045 0.180987 -0.005231
v -0.001846 0.243129 -0.085808
v -0.110840 0.128297 0.249023
v -0.324136 0.469766 -0.325970
v 0.007980 0.698654 -0.463482
v -0.267420 0.444508 -0.567718
v -0.381891 0.052389 -0.089636
v -0.304349 0.143152 -0.382692
v -0.608203 0.020612 -0.075301
v -0.307908 0.042434 0.237578
v -0.592198 0.013508 0.026557
v 0.146117 0.178852 0.004494
v 0.126868 0.128386 0.246317
v 0.319789 0.476511 -0.333356
v 0.273989 0.430695 -0.559822
v 0.366281 0.057718 -0.085451
v 0.298581 0.151614 -0.382069
v 0.618819 0.002017 -0.063486
v 0.294920 0.036120 0.253121
v 0.579041 0.003867 0.041391
v -0.083388 -0.590947 0.188405
v -0.092382 -0.672152 -0.146857
v 0.075833 -0.589177 0.190309
v 0.084100 -0.666139 -0.145475
v -0.303316 -0.385763 0.283461
v 0.002613 -0.610123 0.442039
v -0.318704 -0.435582 0.548213
v -0.350293 -0.419521 -0.230312
v -0.005189 -0.535897 -0.252964
v -0.178745 -0.238355 -0.335004
v -0.375808 -0.092787 0.041163
v -0.295499 -0.032470 -0.229978
v -0.589086 0.042896 -0.031860
v -0.350070 -0.160352 0.356786
v -0.562857 0.007928 0.074742
v 0.298906 -0.385190 0.293114
v 0.322524 -0.447834 0.566288
v 0.344842 -0.399750 -0.244031
v 0.167715 -0.224919 -0.334459
v 0.375922 -0.092413 0.045605
v 0.282811 -0.027309 -0.248006
v 0.581958 0.028959 -0.037406
v 0.345027 -0.156274 0.362526
v 0.546123 0.013260 0.088130
v 0.130698 -0.099126 0.716440
v -0.161954 -0.109274 0.711085
v 0.120269 0.006361 0.647741
v -0.114464 0.007259 0.654425
v 0.258077 -0.033727 0.567195
v -0.267346 -0.045874 0.565234
v 0.113359 0.008886 -0.614255
v -0.109028 0.006180 -0.608930
v 0.169441 0.106152 -0.770432
v -0.170328 0.107258 -0.785836
v 0.273009 0.045072 -0.595232
v -0.278202 0.052638 -0.595088
v -0.121410 0.473598 -0.208869
v -0.113935 0.434459 -0.192516
v -0.159562 0.463551 -0.226606
v -0.175551 0.376549 -0.207962
v -0.153056 0.353599 -0.184848
v 0.116427 0.477195 -0.201965
v 0.109688 0.420455 -0.181344
v 0.149996 0.472909 -0.230129
v 0.165288 0.394060 -0.210998
v 0.142368 0.359984 -0.180610
v -0.239522 -0.634893 -0.004792
v -0.250087 -0.548855 0.047534
v -0.311413 -0.674551 -0.045448
v -0.322553 -0.527036 -0.026109
v -0.299250 -0.490369 0.039049
v 0.238426 -0.636628 0.001108
v 0.252053 -0.549145 0.058095
v 0.308618 -0.667938 -0.048457
v 0.325114 -0.526181 -0.023583
v 0.297720 -0.487046 0.042136
v -0.065559 -0.483314 0.691726
v 0.039777 -0.481104 0.693176
v -0.023961 -0.298202 0.734465
v 0.059837 -0.363353 0.718826
v -0.096728 -0.368636 0.711796
v 0.000838 0.118328 0.344957
v 0.025847 0.117315 0.342414
v 0.014835 0.097206 0.536501
v 0.043674 0.105312 0.468052
v -0.013480 0.112116 0.474055
v -0.024429 -0.219236 -0.368779
v 0.013879 -0.218570 -0.372819
v 0.000025 -0.034984 -0.425617
v 0.023250 -0.101568 -0.403595
v -0.028444 -0.101935 -0.401132
v -0.044409 0.476562 -0.682169
v 0.049625 0.474166 -0.684774
v 0.003546 0.317515 -0.751384
v 0.078219 0.371081 -0.728265
v -0.071406 0.374541 -0.725991
v 0.564906 0.015069 -0.249626
v 0.567058 0.018053 -0.242771
v 0.508645 0.012792 -0.333647
v 0.515385 0.023229 -0.345128
v 0.627987 -0.001048 -0.197959
v 0.540011 0.003697 0.239079
v 0.527761 0.014236 0.243781
v 0.461200 0.008026 0.319711
v 0.467040 0.000417 0.318812
v 0.582164 0.005722 0.197419
v -0.583499 0.032255 -0.243402
v -0.581670 0.015210 -0.231445
v -0.519121 0.019347 -0.323915
v -0.526711 0.038398 -0.340967
v -0.625630 0.007147 -0.191305
v -0.548823 -0.003050 0.224612
v -0.535393 -0.001988 0.242040
v -0.469753 -0.007478 0.315482
v -0.481410 -0.008403 0.317043
v -0.596419 0.005261 0.185465
v -0.053233 0.519435 -0.201451
v 0.042468 0.524100 -0.198576
v -0.025114 0.482916 -0.178251
v -0.036621 0.565187 -0.235575
v 0.012025 0.485556 -0.179105
v 0.025403 0.568187 -0.236753
v -0.052168 0.323816 -0.133091
v -0.024060 0.191620 0.078972
v -0.031261 0.341612 -0.133186
v -0.067026 0.218632 -0.045888
v -0.002831 0.239279 -0.086327
v -0.062598 0.196832 0.102026
v -0.213039 0.609284 -0.346527
v -0.174880 0.648264 -0.545935
v -0.150630 0.689632 -0.366849
v -0.367071 0.637451 -0.414803
v -0.169041 0.808815 -0.466689
v -0.270090 0.575573 -0.512979
v -0.258352 0.186515 -0.204863
v -0.481986 0.039283 -0.187760
v -0.239290 0.247279 -0.275075
v -0.375640 0.058948 -0.134504
v -0.322071 0.101144 -0.265652
v -0.506996 0.030016 -0.121093
v -0.272499 0.132537 -0.058610
v -0.468198 0.014308 0.117477
v -0.258594 0.120665 0.021232
v -0.383205 0.053023 -0.037363
v -0.346699 0.050252 0.126906
v -0.495085 0.019536 0.034685
v 0.049096 0.320975 -0.127486
v 0.031977 0.184060 0.076276
v 0.021417 0.354215 -0.133037
v 0.002613 0.237608 -0.087179
v 0.075285 0.217537 -0.031494
v 0.075930 0.185034 0.098087
v 0.212106 0.607909 -0.351701
v 0.179030 0.643906 -0.548861
v 0.152707 0.689888 -0.369075
v 0.159048 0.812876 -0.444951
v 0.370632 0.635045 -0.408114
v 0.273837 0.569346 -0.511379
v 0.236533 0.196234 -0.208499
v 0.455535 0.030039 -0.183892
v 0.246418 0.258531 -0.267437
v 0.360367 0.061168 -0.130203
v 0.302566 0.113594 -0.269452
v 0.499453 0.023984 -0.112343
v 0.245338 0.125357 -0.052763
v 0.440652 0.000922 0.133289
v 0.234390 0.109994 0.029221
v 0.364541 0.052143 -0.031504
v 0.322100 0.033027 0.139779
v 0.472737 0.006850 0.051314
v -0.087835 -0.628380 -0.002771
v 0.079271 -0.626609 -0.006289
v -0.044120 -0.601488 0.082865
v -0.056273 -0.626364 -0.071084
v 0.035126 -0.601988 0.086505
v 0.039273 -0.631534 -0.072049
v -0.196858 -0.541810 0.277552
v -0.196277 -0.804451 0.570265
v -0.123944 -0.576077 0.315709
v -0.261889 -0.507674 0.354330
v -0.094606 -0.653778 0.443029
v -0.303864 -0.607770 0.496298
v -0.257516 -0.737185 -0.272575
v -0.110213 -0.444278 -0.303911
v -0.138364 -0.681293 -0.232969
v -0.289577 -0.550741 -0.294879
v -0.086548 -0.555643 -0.262844
v -0.188811 -0.413571 -0.308197
v -0.358578 -0.247144 -0.066276
v -0.460971 0.035304 -0.100300
v -0.351551 -0.240989 -0.143013
v -0.372826 -0.086021 -0.006971
v -0.343052 -0.053826 -0.134544
v -0.473703 0.012705 -0.039576
v -0.338677 -0.243511 0.135317
v -0.428774 -0.038436 0.188710
v -0.335409 -0.254274 0.223719
v -0.372936 -0.102440 0.095632
v -0.365844 -0.138721 0.253527
v -0.455359 -0.028192 0.118046
v 0.199611 -0.541561 0.281738
v 0.187637 -0.813200 0.570232
v 0.120834 -0.579435 0.310849
v 0.099700 -0.650477 0.444172
v 0.260980 -0.512920 0.366564
v 0.303224 -0.635522 0.517426
v 0.257828 -0.736108 -0.275351
v 0.098108 -0.431991 -0.304892
v 0.124213 -0.676680 -0.235668
v 0.076517 -0.544583 -0.259124
v 0.274563 -0.528591 -0.299187
v 0.177847 -0.395735 -0.310795
v 0.358623 -0.240399 -0.074276
v 0.437747 0.019342 -0.122575
v 0.346900 -0.229011 -0.155838
v 0.372112 -0.080472 -0.010667
v 0.334355 -0.054220 -0.157775
v 0.461831 0.014843 -0.051226
v 0.338131 -0.242027 0.141011
v 0.419721 -0.034671 0.197266
v 0.331663 -0.254143 0.230619
v 0.374265 -0.107409 0.103591
v 0.358668 -0.137096 0.258760
v 0.441710 -0.024825 0.128848
v -0.024095 -0.104333 0.763679
v 0.003830 0.008162 0.680746
v 0.055157 -0.070930 0.734518
v -0.083579 -0.078569 0.728253
v 0.060980 -0.017646 0.693935
v -0.064729 -0.019463 0.694207
v 0.237370 -0.231278 0.667592
v 0.312469 -0.075087 0.480319
v 0.305172 -0.276171 0.575533
v 0.325714 -0.164091 0.476087
v 0.224278 -0.125064 0.671289
v 0.265165 -0.075593 0.575716
v -0.257097 -0.238864 0.661769
v -0.329024 -0.096487 0.479477
v -0.301466 -0.279702 0.563746
v -0.324492 -0.172396 0.468496
v -0.234866 -0.140062 0.660149
v -0.280031 -0.092594 0.572902
v 0.147325 0.067637 0.495654
v 0.301964 -0.000460 0.447153
v 0.178196 0.079658 0.377313
v 0.257709 0.036594 0.368158
v 0.171570 0.025780 0.577863
v 0.248779 -0.003091 0.541512
v -0.122726 0.074331 0.514798
v -0.308758 0.000194 0.442026
v -0.164004 0.078817 0.380986
v -0.263106 0.040213 0.361654
v -0.162729 0.028074 0.589260
v -0.246821 -0.006744 0.539554
v 0.002713 0.014762 -0.624207
v 0.001441 0.121987 -0.770818
v 0.064629 0.022320 -0.674979
v -0.060666 0.017240 -0.684037
v 0.078501 0.079674 -0.744204
v -0.076414 0.069850 -0.766634
v 0.102784 -0.013871 -0.425157
v 0.285972 0.019341 -0.413611
v 0.152560 -0.070267 -0.364106
v 0.225352 -0.005268 -0.336644
v 0.150909 0.011454 -0.524265
v 0.233730 0.026153 -0.521396
v -0.095892 -0.007859 -0.409349
v -0.294300 0.029123 -0.402784
v -0.149657 -0.071677 -0.346445
v -0.236718 -0.007660 -0.323096
v -0.150103 0.012488 -0.511953
v -0.240639 0.030395 -0.509953
v 0.269413 0.251661 -0.741197
v 0.339745 0.086517 -0.524181
v 0.290574 0.288767 -0.605448
v 0.314913 0.173935 -0.507944
v 0.263401 0.131935 -0.766710
v 0.298078 0.085470 -0.636981
v -0.271177 0.261221 -0.741462
v -0.340833 0.096608 -0.528786
v -0.291226 0.300951 -0.610687
v -0.314543 0.181832 -0.511511
v -0.271577 0.139900 -0.768159
v -0.303413 0.099114 -0.636798
v 0.665283 0.003356 -0.054727
v 0.649342 0.012385 0.057746
v 0.651400 -0.003293 -0.034442
v 0.642764 0.005493 0.021989
v 0.648438 0.010715 -0.018818
v 0.636934 0.015403 0.040610
v -0.664899 0.004798 -0.060341
v -0.638687 0.006226 0.048474
v -0.649885 0.012469 -0.040863
v -0.635439 0.009095 0.009521
v -0.642218 0.018078 -0.021574
v -0.625640 0.014731 0.034316
v -0.087978 0.461717 -0.187730
v -0.131839 0.522455 -0.234720
v -0.059754 0.477320 -0.179875
v -0.090808 0.553961 -0.234618
v -0.121455 0.332957 -0.164657
v -0.060968 0.426682 -0.155350
v -0.085997 0.281272 -0.130003
v -0.201438 0.427790 -0.246301
v -0.141440 0.585272 -0.288753
v -0.257681 0.516547 -0.306296
v -0.201205 0.262064 -0.176004
v -0.231163 0.366632 -0.262097
v -0.271464 0.156844 -0.157709
v -0.166015 0.209954 -0.095972
v -0.277403 0.142614 -0.114053
v 0.083961 0.461470 -0.174396
v 0.125488 0.528632 -0.235594
v 0.051362 0.483176 -0.176351
v 0.082645 0.560150 -0.235205
v 0.116182 0.320064 -0.150195
v 0.051326 0.431034 -0.156116
v 0.088033 0.276513 -0.111467
v 0.188152 0.442740 -0.250718
v 0.136204 0.589914 -0.293470
v 0.248081 0.524413 -0.311183
v 0.185635 0.271388 -0.176643
v 0.213052 0.381856 -0.263573
v 0.245981 0.159775 -0.159487
v 0.149304 0.208802 -0.086073
v 0.249710 0.141059 -0.112474
v -0.186523 -0.573980 0.046974
v -0.231795 -0.755404 -0.045007
v -0.118701 -0.588812 0.061121
v -0.131052 -0.704086 -0.067401
v -0.278620 -0.473237 0.121187
v -0.154289 -0.569890 0.170801
v -0.262844 -0.474203 0.222986
v -0.349599 -0.584907 -0.108343
v -0.174052 -0.801848 -0.157599
v -0.360358 -0.613602 -0.220907
v -0.332736 -0.385543 0.016914
v -0.361561 -0.428536 -0.137672
v -0.355312 -0.244087 -0.002153
v -0.306658 -0.371188 0.178637
v -0.347290 -0.242438 0.062594
v 0.189302 -0.581090 0.054296
v 0.225149 -0.762212 -0.041238
v 0.112530 -0.591307 0.069034
v 0.125135 -0.696467 -0.072548
v 0.275127 -0.466227 0.122632
v 0.152591 -0.569286 0.173085
v 0.260644 -0.470693 0.229702
v 0.357162 -0.581069 -0.106147
v 0.176271 -0.792491 -0.163808
v 0.353130 -0.605280 -0.221173
v 0.331387 -0.378989 0.020456
v 0.364807 -0.418386 -0.146258
v 0.355131 -0.238702 -0.001353
v 0.302638 -0.367225 0.183690
v 0.347025 -0.238148 0.067183
v -0.014285 -0.561550 0.650800
v -0.181154 -0.470008 0.698171
v -0.054216 -0.645509 0.565651
v -0.291910 -0.614200 0.670484
v 0.155851 -0.467453 0.700721
v 0.054854 -0.635655 0.572597
v 0.275030 -0.631383 0.689863
v 0.049538 -0.221560 0.754234
v -0.103630 -0.250352 0.735147
v 0.036100 -0.133485 0.797669
v -0.095778 -0.151011 0.746551
v 0.260061 -0.390886 0.665669
v 0.138667 -0.182022 0.728330
v -0.280007 -0.390677 0.661785
v -0.176359 -0.194898 0.712989
v 0.008981 0.143444 0.211982
v -0.030786 0.113368 0.364214
v -0.003827 0.190469 0.067716
v -0.048893 0.140418 0.236098
v 0.060618 0.112124 0.355176
v 0.008458 0.185289 0.065888
v 0.070356 0.138607 0.229981
v 0.056926 0.079962 0.575023
v -0.027949 0.077994 0.579960
v 0.060900 0.033607 0.646026
v -0.046082 0.034062 0.649117
v 0.111394 0.101811 0.368308
v 0.109217 0.055835 0.594786
v -0.083119 0.100159 0.381893
v -0.087294 0.058624 0.600596
v -0.007246 -0.334205 -0.336358
v -0.064420 -0.192946 -0.375448
v -0.039876 -0.446958 -0.296358
v -0.117217 -0.299081 -0.345407
v 0.052389 -0.194072 -0.384081
v 0.025432 -0.442132 -0.298907
v 0.103733 -0.293194 -0.349872
v 0.030474 -0.003558 -0.458432
v -0.028650 -0.006024 -0.455250
v 0.049109 0.005702 -0.566418
v -0.043863 0.004850 -0.564294
v 0.099430 -0.139371 -0.376495
v 0.079766 0.001223 -0.498027
v -0.104881 -0.142938 -0.373571
v -0.075095 0.002055 -0.488743
v 0.002046 0.581774 -0.636460
v -0.142360 0.450526 -0.684395
v -0.064760 0.670404 -0.559306
v -0.211079 0.538409 -0.630047
v 0.148676 0.441849 -0.686483
v 0.065352 0.664010 -0.554414
v 0.218652 0.523881 -0.633728
v 0.088838 0.265982 -0.769148
v -0.085312 0.268033 -0.776626
v 0.087904 0.165224 -0.776654
v -0.087059 0.161122 -0.801910
v 0.241661 0.385083 -0.675700
v 0.185500 0.204081 -0.807632
v -0.230899 0.392942 -0.670809
v -0.184098 0.208056 -0.816092
v 0.468179 0.025205 -0.313878
v 0.625956 0.006244 -0.159418
v 0.402690 0.050556 -0.289566
v 0.595753 0.008370 -0.126470
v 0.461547 0.026891 -0.282541
v 0.614152 0.010804 -0.154655
v 0.394364 0.019315 -0.212144
v 0.565498 0.023092 -0.105216
v 0.428422 0.024621 -0.426565
v 0.341741 0.018778 -0.313491
v 0.329499 0.029752 -0.483873
v 0.369537 0.068264 -0.401860
v 0.347570 0.043945 -0.524276
v 0.652092 0.004238 -0.090856
v 0.652044 0.008102 -0.081917
v 0.453889 -0.000308 0.292228
v 0.590110 0.004328 0.161148
v 0.404491 0.001431 0.234102
v 0.550891 -0.003810 0.113883
v 0.428363 -0.010993 0.302340
v 0.580439 0.012383 0.165833
v 0.391854 -0.047772 0.279088
v 0.520387 0.020270 0.151244
v 0.393036 -0.016519 0.408624
v 0.354854 -0.061407 0.378579
v 0.292016 -0.018772 0.474890
v 0.354196 0.001605 0.339715
v 0.331307 -0.037296 0.501648
v 0.626469 0.005401 0.087919
v 0.612001 0.009554 0.100330
v -0.494613 0.050625 -0.320903
v -0.632493 0.018266 -0.157551
v -0.424355 0.060180 -0.290395
v -0.607209 0.023742 -0.128628
v -0.482468 0.043795 -0.266905
v -0.637344 0.002152 -0.144187
v -0.420703 0.045602 -0.192947
v -0.586236 0.045102 -0.094729
v -0.443379 0.044021 -0.425003
v -0.357823 0.033863 -0.300222
v -0.338290 0.045520 -0.476360
v -0.377183 0.076439 -0.409917
v -0.357748 0.065058 -0.521930
v -0.649714 0.013006 -0.093220
v -0.648267 0.009704 -0.081520
v -0.468887 -0.013278 0.279974
v -0.595890 0.002394 0.139287
v -0.431546 -0.015752 0.222027
v -0.574295 0.001517 0.091184
v -0.437970 -0.016864 0.299607
v -0.585908 -0.002386 0.160308
v -0.398556 -0.040729 0.272302
v -0.536813 -0.003611 0.138366
v -0.402532 -0.025975 0.395195
v -0.368513 -0.074927 0.377684
v -0.333052 -0.054186 0.481374
v -0.370576 -0.006090 0.331982
v -0.328541 -0.026015 0.471804
v -0.621813 0.007153 0.069608
v -0.614143 0.004977 0.089261
v -0.007761 0.437906 -0.158436
v -0.010919 0.352927 -0.135886
v -0.003104 0.626436 -0.280431
v -0.052309 0.683967 -0.372262
v 0.003176 0.359156 -0.134676
v 0.058900 0.682860 -0.370055
v -0.133492 0.165034 0.119670
v -0.233929 0.108688 0.125175
v -0.201254 0.094485 0.249144
v -0.341679 0.491200 -0.445474
v -0.263758 0.308060 -0.365765
v -0.281653 0.317667 -0.485342
v -0.510488 0.022750 -0.072985
v -0.501385 0.019456 -0.025768
v -0.605703 0.020507 -0.028240
v 0.138499 0.162921 0.122536
v 0.221095 0.100034 0.134173
v 0.201829 0.091152 0.253633
v 0.346760 0.487944 -0.441820
v 0.258659 0.312879 -0.353904
v 0.288768 0.312271 -0.476253
v 0.499225 0.027405 -0.066702
v 0.486188 0.022002 -0.016625
v 0.593907 0.008754 -0.016750
v -0.003535 -0.596129 0.195340
v -0.041777 -0.594831 0.319057
v -0.007297 -0.601909 -0.132852
v -0.050476 -0.604664 -0.203946
v 0.041591 -0.596356 0.317699
v 0.041674 -0.598253 -0.199781
v -0.310693 -0.418715 0.408046
v -0.331625 -0.274598 0.327684
v -0.323609 -0.289493 0.444735
v -0.269267 -0.336991 -0.289128
v -0.314589 -0.207834 -0.224996
v -0.236135 -0.147294 -0.291085
v -0.477446 0.004815 0.012942
v -0.466831 -0.013389 0.062761
v -0.586375 0.045305 0.026130
v 0.307090 -0.424732 0.422907
v 0.327197 -0.273902 0.337156
v 0.324283 -0.288787 0.457363
v 0.256088 -0.315811 -0.295546
v 0.299651 -0.192429 -0.236832
v 0.225566 -0.135740 -0.302087
v 0.469928 0.005335 0.009560
v 0.455964 -0.008149 0.069892
v 0.574387 0.026964 0.026880
v 0.127507 -0.042938 0.685588
v 0.202401 -0.063816 0.647947
v -0.139900 -0.049410 0.684664
v -0.217028 -0.074386 0.647125
v 0.189778 -0.018268 0.617415
v -0.192504 -0.023352 0.624012
v 0.141809 0.040537 -0.711563
v 0.190502 0.023530 -0.637953
v -0.143746 0.037855 -0.717014
v -0.196470 0.025569 -0.628310
v 0.228191 0.061609 -0.709306
v -0.235076 0.063811 -0.715970
v -0.134515 0.453409 -0.205487
v -0.131833 0.431481 -0.196645
v -0.151331 0.442906 -0.211750
v -0.159035 0.408216 -0.205068
v -0.147033 0.402016 -0.195170
v 0.126822 0.456643 -0.204002
v 0.123198 0.431810 -0.193674
v 0.141073 0.453489 -0.215790
v 0.146727 0.426108 -0.210165
v 0.135360 0.408893 -0.195866
v -0.266991 -0.608258 -0.002438
v -0.268779 -0.566018 0.018997
v -0.294324 -0.616824 -0.021171
v -0.304758 -0.563130 -0.011319
v -0.291923 -0.540925 0.014510
v 0.267444 -0.609557 0.002690
v 0.269297 -0.564725 0.027178
v 0.294922 -0.617254 -0.018533
v 0.305718 -0.562408 -0.007686
v 0.291151 -0.537214 0.021343
v -0.036625 -0.433988 0.700771
v 0.008497 -0.433061 0.702689
v -0.020122 -0.352657 0.720757
v 0.018113 -0.382186 0.714378
v -0.052593 -0.385695 0.711598
v 0.008889 0.115842 0.398745
v 0.020886 0.115077 0.397887
v 0.015459 0.111558 0.490274
v 0.026772 0.111359 0.454060
v 0.003631 0.114142 0.456051
v -0.011926 -0.171538 -0.382950
v 0.002829 -0.170787 -0.383813
v -0.002566 -0.089447 -0.405787
v 0.008773 -0.120051 -0.398006
v -0.014633 -0.119863 -0.395982
v -0.017499 0.435412 -0.701031
v 0.023668 0.434955 -0.702680
v 0.003105 0.365290 -0.732349
v 0.035948 0.389751 -0.721260
v -0.029848 0.390965 -0.719560
v 0.578843 0.014281 -0.267609
v 0.578065 0.006439 -0.263266
v 0.551569 0.010894 -0.303548
v 0.556575 0.020189 -0.308348
v 0.602739 0.004065 -0.241186
v 0.539437 0.001628 0.251027
v 0.532315 0.007794 0.254570
v 0.502729 0.008461 0.289567
v 0.506298 0.004805 0.288067
v 0.561557 0.001675 0.232004
v -0.585311 0.025900 -0.258399
v -0.584846 0.014062 -0.250817
v -0.559465 0.020402 -0.296291
v -0.564495 0.029856 -0.301743
v -0.602042 0.013857 -0.232549
v -0.542207 0.011021 0.238112
v -0.550150 0.001988 0.256706
v -0.516053 0.005340 0.285575
v -0.516254 0.005285 0.282669
v -0.567027 0.005704 0.229012
v -0.030119 0.522772 -0.202886
v 0.017932 0.525645 -0.201948
v -0.017436 0.503866 -0.189929
v -0.019589 0.544353 -0.218346
v 0.003600 0.505869 -0.190054
v 0.007629 0.545459 -0.217722
v -0.034640 0.275294 -0.118191
v -0.025915 0.212792 0.004327
v -0.023500 0.283073 -0.122502
v -0.043752 0.227133 -0.063227
v -0.012135 0.232412 -0.078770
v -0.042853 0.211408 0.014579
v -0.224124 0.649547 -0.392760
v -0.201825 0.680645 -0.492237
v -0.193078 0.713126 -0.402415
v -0.269329 0.632369 -0.427261
v -0.227486 0.797671 -0.451890
v -0.246955 0.628162 -0.477696
v -0.300236 0.126795 -0.196758
v -0.422997 0.047332 -0.182122
v -0.284422 0.142396 -0.230922
v -0.368036 0.064912 -0.157308
v -0.340154 0.081902 -0.221170
v -0.435527 0.042834 -0.151548
v -0.323887 0.090343 -0.011529
v -0.422746 0.032138 0.077386
v -0.317142 0.087640 0.029997
v -0.381136 0.054223 -0.004177
v -0.362649 0.056549 0.078360
v -0.437110 0.028483 0.035801
v 0.033778 0.280091 -0.112991
v 0.029949 0.207825 0.001717
v 0.018777 0.291706 -0.117317
v 0.008316 0.234599 -0.082689
v 0.045649 0.227220 -0.057186
v 0.049806 0.206698 0.014268
v 0.218675 0.643653 -0.399181
v 0.205808 0.674748 -0.494187
v 0.194818 0.707704 -0.409043
v 0.223081 0.786917 -0.469318
v 0.271939 0.630182 -0.430969
v 0.249361 0.621478 -0.478676
v 0.276857 0.126573 -0.196413
v 0.398133 0.046703 -0.182268
v 0.265346 0.147941 -0.230062
v 0.353094 0.064743 -0.153982
v 0.316338 0.092630 -0.226214
v 0.419935 0.039822 -0.146772
v 0.295408 0.078455 -0.004784
v 0.396011 0.016460 0.090607
v 0.287105 0.071851 0.037474
v 0.357538 0.048491 0.003716
v 0.335346 0.036561 0.089159
v 0.411626 0.019866 0.048947
v -0.047438 -0.621367 -0.000010
v 0.037096 -0.621068 -0.001820
v -0.024353 -0.611640 0.040985
v -0.028853 -0.623223 -0.035836
v 0.015388 -0.610937 0.040311
v 0.016112 -0.624954 -0.036380
v -0.184512 -0.552682 0.357780
v -0.213447 -0.759156 0.462607
v -0.143645 -0.577319 0.384286
v -0.229416 -0.563074 0.394094
v -0.147618 -0.660277 0.433651
v -0.250064 -0.642998 0.454919
v -0.215720 -0.677903 -0.296934
v -0.141678 -0.509978 -0.292400
v -0.160426 -0.649845 -0.269750
v -0.231128 -0.579821 -0.297564
v -0.130027 -0.569949 -0.274690
v -0.187084 -0.502629 -0.298812
v -0.359642 -0.160022 -0.065068
v -0.405003 -0.005263 -0.071109
v -0.355081 -0.154550 -0.099981
v -0.368599 -0.078248 -0.030872
v -0.356513 -0.062721 -0.093751
v -0.412037 -0.015475 -0.041864
v -0.351091 -0.179182 0.152388
v -0.396199 -0.065485 0.176010
v -0.351297 -0.186951 0.194501
v -0.369816 -0.108182 0.128991
v -0.367781 -0.127856 0.207857
v -0.401053 -0.058762 0.140491
v 0.191830 -0.558380 0.365198
v 0.221227 -0.763813 0.462463
v 0.148509 -0.582953 0.381214
v 0.152032 -0.664741 0.432368
v 0.234048 -0.568295 0.409852
v 0.264049 -0.667739 0.463665
v 0.214112 -0.652031 -0.285511
v 0.131557 -0.492730 -0.290641
v 0.152902 -0.628630 -0.263575
v 0.120365 -0.554078 -0.271221
v 0.223068 -0.557637 -0.296321
v 0.176724 -0.482474 -0.297663
v 0.359362 -0.154125 -0.076679
v 0.393572 -0.008069 -0.091707
v 0.351490 -0.147864 -0.116122
v 0.369801 -0.075646 -0.042491
v 0.349578 -0.062043 -0.116548
v 0.402902 -0.010475 -0.057527
v 0.353248 -0.179324 0.159535
v 0.389223 -0.068782 0.184136
v 0.350331 -0.187846 0.201027
v 0.374004 -0.114798 0.136206
v 0.365028 -0.129483 0.214189
v 0.396518 -0.060942 0.147274
v -0.015569 -0.074586 0.742939
v -0.001634 -0.018673 0.702231
v 0.022648 -0.058266 0.730684
v -0.045801 -0.061658 0.729317
v 0.027756 -0.031038 0.710781
v -0.037303 -0.032924 0.709835
v 0.272346 -0.187875 0.633803
v 0.301213 -0.112598 0.532933
v 0.301624 -0.206020 0.582638
v 0.314356 -0.158572 0.532674
v 0.261855 -0.136926 0.633865
v 0.276698 -0.109269 0.580752
v -0.273571 -0.201512 0.618554
v -0.306782 -0.130527 0.525365
v -0.293848 -0.217613 0.568281
v -0.307086 -0.170993 0.522808
v -0.263818 -0.155570 0.617092
v -0.283875 -0.126479 0.572462
v 0.182288 0.053388 0.494588
v 0.257030 0.016762 0.469558
v 0.200444 0.057512 0.437228
v 0.237246 0.035045 0.429487
v 0.194596 0.032683 0.534661
v 0.232324 0.016051 0.519304
v -0.166255 0.056353 0.506564
v -0.261097 0.017624 0.466749
v -0.189431 0.057941 0.437889
v -0.238231 0.038909 0.424283
v -0.187065 0.033137 0.543238
v -0.232532 0.014147 0.521174
v 0.002208 0.026298 -0.676710
v 0.001819 0.081272 -0.750584
v 0.034957 0.035535 -0.696532
v -0.031354 0.031940 -0.705053
v 0.038626 0.065328 -0.731044
v -0.035352 0.059042 -0.745096
v 0.142152 -0.003482 -0.433630
v 0.234136 0.013808 -0.425786
v 0.160093 -0.016543 -0.394029
v 0.205717 -0.000909 -0.385430
v 0.166863 0.011036 -0.479708
v 0.211294 0.018362 -0.478165
v -0.137603 0.002811 -0.415574
v -0.239568 0.019815 -0.412218
v -0.155255 -0.010114 -0.372834
v -0.208826 0.004417 -0.369074
v -0.166728 0.013284 -0.464611
v -0.214776 0.021186 -0.463859
v 0.310546 0.209529 -0.712897
v 0.322489 0.127107 -0.583020
v 0.308960 0.222946 -0.631776
v 0.316155 0.173823 -0.575383
v 0.295812 0.150616 -0.715523
v 0.307180 0.120097 -0.647958
v -0.300841 0.223116 -0.703307
v -0.323847 0.138834 -0.584908
v -0.314429 0.240787 -0.637060
v -0.317199 0.186103 -0.578636
v -0.298899 0.164033 -0.713484
v -0.311291 0.134688 -0.647070
v 0.668408 0.001496 -0.025017
v 0.656157 0.007690 0.027017
v 0.657204 0.000351 -0.017838
v 0.652276 0.003611 0.010031
v 0.662217 0.004492 -0.010825
v 0.659030 0.008930 0.016171
v -0.662747 0.001964 -0.034799
v -0.645586 0.001436 0.016642
v -0.652276 0.006625 -0.025707
v -0.646655 0.005471 -0.001401
v -0.654183 -0.002995 -0.018058
v -0.643623 0.009262 0.012740
v -0.106624 0.491120 -0.209241
v -0.072544 0.514703 -0.202723
v -0.089657 0.484117 -0.196920
v -0.109804 0.515817 -0.220259
v -0.074111 0.493169 -0.193211
v -0.091303 0.529093 -0.217465
v -0.096997 0.427893 -0.182939
v -0.069236 0.370469 -0.148948
v -0.086621 0.441728 -0.178853
v -0.097331 0.382549 -0.170273
v -0.072465 0.419669 -0.159723
v -0.083406 0.348559 -0.151597
v -0.170347 0.491394 -0.246750
v -0.199027 0.564054 -0.307199
v -0.155609 0.525159 -0.254335
v -0.195079 0.481346 -0.260360
v -0.165063 0.558352 -0.283542
v -0.216723 0.520646 -0.291168
v -0.194087 0.339381 -0.210816
v -0.231131 0.244786 -0.209504
v -0.205043 0.364666 -0.230293
v -0.206749 0.275711 -0.192297
v -0.218919 0.325018 -0.234125
v -0.233216 0.224233 -0.187249
v -0.163875 0.299586 -0.170515
v -0.225522 0.181438 -0.105157
v -0.148627 0.287766 -0.158852
v -0.193813 0.250684 -0.161956
v -0.175083 0.224656 -0.125811
v -0.230850 0.190779 -0.129116
v 0.103108 0.496981 -0.198393
v 0.066176 0.521685 -0.194707
v 0.085591 0.492529 -0.183536
v 0.105243 0.522013 -0.214092
v 0.068687 0.499744 -0.183710
v 0.086393 0.539246 -0.207531
v 0.096094 0.404931 -0.167384
v 0.065888 0.356896 -0.138739
v 0.082680 0.427872 -0.164524
v 0.098557 0.351916 -0.150602
v 0.065627 0.413540 -0.154082
v 0.083151 0.328788 -0.134298
v 0.160519 0.498551 -0.250656
v 0.194280 0.567820 -0.311406
v 0.148127 0.530145 -0.257718
v 0.183875 0.491270 -0.265774
v 0.158374 0.563490 -0.287067
v 0.207862 0.527830 -0.296514
v 0.182157 0.354850 -0.213247
v 0.211414 0.260264 -0.213591
v 0.190879 0.381319 -0.234465
v 0.192022 0.288783 -0.194644
v 0.202042 0.343180 -0.237316
v 0.212076 0.235023 -0.191822
v 0.152471 0.302017 -0.163074
v 0.200810 0.180588 -0.100075
v 0.139447 0.283344 -0.145872
v 0.178392 0.254829 -0.158805
v 0.156999 0.226398 -0.115514
v 0.205572 0.191793 -0.128013
v -0.204291 -0.649431 -0.004405
v -0.125728 -0.640061 -0.005380
v -0.175700 -0.609225 0.017543
v -0.194124 -0.699406 -0.025957
v -0.138504 -0.611986 0.022683
v -0.151575 -0.684307 -0.031731
v -0.234742 -0.537879 0.092607
v -0.207850 -0.533887 0.206153
v -0.203740 -0.556065 0.099810
v -0.251240 -0.506591 0.132024
v -0.188099 -0.553761 0.158688
v -0.241045 -0.506150 0.186908
v -0.319683 -0.718265 -0.087405
v -0.301442 -0.760992 -0.214109
v -0.276727 -0.772867 -0.094520
v -0.350939 -0.681632 -0.133330
v -0.261422 -0.790706 -0.159807
v -0.344866 -0.691651 -0.191276
v -0.337180 -0.474436 -0.041762
v -0.354952 -0.329743 -0.062682
v -0.347512 -0.494552 -0.081612
v -0.340685 -0.394843 -0.018317
v -0.354680 -0.418664 -0.094180
v -0.350450 -0.323352 -0.027553
v -0.308370 -0.433484 0.065182
v -0.327011 -0.309473 0.114327
v -0.300578 -0.427026 0.105896
v -0.324580 -0.378629 0.052700
v -0.311713 -0.371036 0.132294
v -0.333023 -0.310347 0.075880
v 0.201705 -0.648802 -0.001627
v 0.120553 -0.636563 -0.007861
v 0.176892 -0.610857 0.020312
v 0.188865 -0.697832 -0.027814
v 0.137013 -0.611231 0.022755
v 0.144636 -0.681079 -0.034917
v 0.236521 -0.539285 0.097459
v 0.209357 -0.533483 0.210285
v 0.205553 -0.559079 0.103911
v 0.251034 -0.502989 0.137506
v 0.189207 -0.554282 0.161720
v 0.240727 -0.503828 0.191382
v 0.322085 -0.720501 -0.084876
v 0.295250 -0.755749 -0.218629
v 0.270586 -0.775517 -0.094391
v 0.358512 -0.675979 -0.126310
v 0.253461 -0.790789 -0.157607
v 0.342070 -0.688424 -0.192674
v 0.340199 -0.470794 -0.040528
v 0.355371 -0.323243 -0.066652
v 0.352422 -0.488633 -0.081629
v 0.340357 -0.389470 -0.016217
v 0.358228 -0.411608 -0.097821
v 0.350481 -0.317752 -0.027945
v 0.304526 -0.429259 0.066989
v 0.325287 -0.304389 0.118892
v 0.295983 -0.423537 0.106833
v 0.322243 -0.372201 0.055480
v 0.307520 -0.365640 0.136082
v 0.331051 -0.304844 0.080234
v -0.098987 -0.543392 0.683260
v -0.167455 -0.761038 0.672862
v -0.069489 -0.582325 0.657548
v -0.166011 -0.557132 0.697626
v -0.088761 -0.661749 0.633810
v -0.215607 -0.678678 0.707146
v 0.076740 -0.540446 0.685452
v 0.157275 -0.748078 0.671480
v 0.048295 -0.583585 0.659595
v 0.143900 -0.550464 0.696885
v 0.077599 -0.657847 0.642325
v 0.196594 -0.654620 0.704218
v -0.027857 -0.241646 0.750497
v -0.028495 -0.143855 0.767638
v 0.005467 -0.205744 0.770464
v -0.067261 -0.219191 0.748925
v 0.001527 -0.157354 0.785455
v -0.063671 -0.170843 0.754570
v 0.105747 -0.338710 0.718502
v 0.197657 -0.273665 0.691650
v 0.156604 -0.386132 0.703186
v 0.101386 -0.267036 0.732446
v 0.205329 -0.350820 0.687865
v 0.144812 -0.240125 0.719202
v -0.141284 -0.346046 0.708910
v -0.224159 -0.279524 0.683958
v -0.185735 -0.389186 0.696654
v -0.143519 -0.281125 0.718936
v -0.231252 -0.353357 0.682217
v -0.182287 -0.250516 0.708485
v -0.003664 0.123305 0.286897
v -0.019239 0.167527 0.151116
v -0.001407 0.143696 0.214983
v -0.017615 0.120999 0.295009
v -0.007796 0.167010 0.144742
v -0.028393 0.142687 0.227753
v 0.028290 0.121763 0.282854
v 0.033123 0.161809 0.147287
v 0.018672 0.141772 0.212302
v 0.044723 0.121386 0.288221
v 0.019645 0.163056 0.142251
v 0.049295 0.140857 0.221800
v 0.013752 0.080147 0.582241
v 0.007808 0.033658 0.653429
v 0.035649 0.068294 0.599913
v -0.009793 0.069129 0.602413
v 0.034965 0.045358 0.634823
v -0.015711 0.046209 0.637165
v 0.064606 0.099350 0.479550
v 0.116199 0.080337 0.494965
v 0.075250 0.101940 0.423081
v 0.073925 0.089763 0.541904
v 0.100642 0.093896 0.429621
v 0.100425 0.078784 0.553374
v -0.033118 0.105191 0.491901
v -0.086963 0.087755 0.513065
v -0.044411 0.105538 0.434452
v -0.042990 0.086760 0.552713
v -0.069894 0.099035 0.447497
v -0.071316 0.079235 0.562614
v -0.040413 -0.270803 -0.354154
v -0.082860 -0.386057 -0.319707
v -0.032281 -0.331289 -0.335897
v -0.063896 -0.260768 -0.357647
v -0.051945 -0.388779 -0.317231
v -0.087775 -0.315516 -0.341485
v 0.026667 -0.270794 -0.360121
v 0.069348 -0.377979 -0.325412
v 0.018450 -0.332931 -0.339132
v 0.049319 -0.263167 -0.367711
v 0.037548 -0.385508 -0.321216
v 0.072338 -0.316031 -0.351273
v 0.001577 -0.003100 -0.461940
v 0.002877 0.008140 -0.569004
v 0.019025 0.001154 -0.487135
v -0.013742 0.001909 -0.485010
v 0.023350 0.006962 -0.540439
v -0.019153 0.005059 -0.538912
v 0.037215 -0.078977 -0.408858
v 0.074229 -0.030712 -0.417057
v 0.054054 -0.122341 -0.395101
v 0.040156 -0.020635 -0.432311
v 0.073413 -0.095582 -0.394169
v 0.062230 -0.008578 -0.446228
v -0.042589 -0.082852 -0.406029
v -0.072875 -0.034719 -0.409942
v -0.061124 -0.125038 -0.390506
v -0.041600 -0.025396 -0.430071
v -0.078240 -0.100414 -0.389868
v -0.060152 -0.010330 -0.440048
v -0.075660 0.522212 -0.659839
v -0.141088 0.613436 -0.596870
v -0.053280 0.578526 -0.635275
v -0.127514 0.510956 -0.660325
v -0.086581 0.624140 -0.599578
v -0.162854 0.559110 -0.635916
v 0.080985 0.517832 -0.660853
v 0.151246 0.614368 -0.606723
v 0.058052 0.573546 -0.633068
v 0.133730 0.503415 -0.661931
v 0.091101 0.619951 -0.599250
v 0.171837 0.550489 -0.638983
v 0.002710 0.267489 -0.769017
v 0.001136 0.166859 -0.781141
v 0.045490 0.240707 -0.773948
v -0.041651 0.241549 -0.778372
v 0.044808 0.190656 -0.779010
v -0.042930 0.190081 -0.788023
v 0.122895 0.347426 -0.734992
v 0.224504 0.289110 -0.755419
v 0.160651 0.380377 -0.712376
v 0.131262 0.292301 -0.763720
v 0.209230 0.351815 -0.713709
v 0.183470 0.259764 -0.789424
v -0.118635 0.352970 -0.734070
v -0.218302 0.298308 -0.746056
v -0.155778 0.388550 -0.710359
v -0.128275 0.297067 -0.766148
v -0.202945 0.360680 -0.709521
v -0.180321 0.271071 -0.791101
v 0.551908 0.019135 -0.232522
v 0.496240 0.024141 -0.199508
v 0.496378 0.021955 -0.264843
v 0.583232 0.013191 -0.185647
v 0.468797 0.022523 -0.247020
v 0.560609 0.017471 -0.168093
v 0.547471 0.022419 -0.216192
v 0.483444 0.029015 -0.153852
v 0.489804 0.024465 -0.231930
v 0.573746 0.023861 -0.171842
v 0.457946 0.025625 -0.200258
v 0.542558 0.025395 -0.143601
v 0.459027 0.020660 -0.363491
v 0.341364 0.025044 -0.399075
v 0.434882 0.030383 -0.335170
v 0.419453 0.024673 -0.411318
v 0.374066 0.030229 -0.351331
v 0.362997 0.026545 -0.432093
v 0.461476 0.027991 -0.382804
v 0.368873 0.054566 -0.471231
v 0.440482 0.032845 -0.368860
v 0.427518 0.031620 -0.432730
v 0.390984 0.048793 -0.412985
v 0.382757 0.042010 -0.479151
v 0.649533 0.003363 -0.155429
v 0.665417 0.004601 -0.085154
v 0.650131 0.000576 -0.137897
v 0.648016 0.003302 -0.135484
v 0.659740 0.005612 -0.102109
v 0.657310 0.005284 -0.100138
v 0.534726 0.001172 0.219119
v 0.483011 -0.002447 0.170900
v 0.487228 0.000493 0.245518
v 0.557227 -0.000376 0.178710
v 0.459685 0.000575 0.217817
v 0.538588 0.000559 0.156383
v 0.508000 0.010892 0.232659
v 0.450872 -0.014048 0.211201
v 0.456467 -0.006075 0.261692
v 0.534746 0.021088 0.194846
v 0.432018 -0.021752 0.250106
v 0.498627 0.011067 0.186700
v 0.409691 -0.003044 0.352068
v 0.331106 -0.040142 0.429274
v 0.397124 -0.015392 0.344830
v 0.376249 -0.010816 0.395020
v 0.359624 -0.038270 0.382595
v 0.325047 -0.010328 0.425091
v 0.422808 -0.005053 0.353211
v 0.344805 -0.011405 0.422569
v 0.418614 -0.003420 0.339418
v 0.396259 -0.019877 0.404293
v 0.372673 -0.005839 0.368307
v 0.362646 -0.021012 0.452741
v 0.604169 0.010044 0.156189
v 0.635387 0.012876 0.088513
v 0.612473 0.008221 0.140362
v 0.603047 0.007320 0.145826
v 0.629521 0.009654 0.106182
v 0.620755 0.006431 0.109317
v -0.575981 0.031987 -0.228615
v -0.530730 0.037427 -0.197393
v -0.524514 0.042308 -0.266143
v -0.603787 0.024794 -0.181251
v -0.496655 0.044717 -0.250731
v -0.592531 0.023239 -0.164237
v -0.570216 0.025601 -0.204612
v -0.515356 0.047691 -0.135101
v -0.519461 0.044283 -0.218119
v -0.603804 0.018825 -0.160648
v -0.490258 0.050739 -0.181152
v -0.575902 0.041613 -0.129588
v -0.466801 0.040503 -0.349697
v -0.351341 0.038704 -0.389275
v -0.444983 0.044595 -0.317384
v -0.427306 0.043450 -0.400599
v -0.385346 0.040794 -0.337520
v -0.372263 0.043704 -0.424015
v -0.487810 0.044757 -0.389613
v -0.381057 0.068380 -0.481922
v -0.471093 0.052350 -0.380505
v -0.446808 0.048233 -0.434295
v -0.411490 0.066920 -0.426165
v -0.395394 0.059275 -0.481824
v -0.645223 0.000918 -0.150065
v -0.660731 0.003743 -0.088765
v -0.647090 0.009477 -0.137657
v -0.649898 -0.001232 -0.126655
v -0.657034 0.008048 -0.105698
v -0.657359 0.001043 -0.098499
v -0.543509 -0.002765 0.205606
v -0.504784 -0.000027 0.150302
v -0.501648 -0.007464 0.227759
v -0.568918 -0.002871 0.159291
v -0.480182 -0.005811 0.200382
v -0.550180 0.001528 0.132935
v -0.516308 -0.003106 0.228235
v -0.464776 -0.020021 0.201366
v -0.465685 -0.008953 0.256057
v -0.547789 -0.001107 0.185914
v -0.443581 -0.019880 0.241806
v -0.523814 -0.004252 0.174671
v -0.423356 -0.019864 0.347689
v -0.356849 -0.065775 0.433874
v -0.410039 -0.022373 0.341960
v -0.395670 -0.031969 0.394227
v -0.378077 -0.053261 0.384710
v -0.361334 -0.050115 0.437167
v -0.447389 -0.013288 0.352024
v -0.354592 -0.009813 0.410394
v -0.439630 -0.017203 0.332438
v -0.408992 -0.021070 0.395182
v -0.390223 -0.013448 0.361038
v -0.365207 -0.018681 0.427814
v -0.617500 0.008188 0.143564
v -0.632883 0.007205 0.078134
v -0.617267 0.012653 0.122725
v -0.618392 0.001606 0.132578
v -0.628989 0.010106 0.088336
v -0.626320 0.007568 0.100230
v -0.031320 0.460492 -0.167316
v -0.035855 0.398225 -0.141646
v -0.046444 0.457183 -0.167113
v -0.048193 0.431021 -0.154303
v -0.020811 0.436313 -0.157420
v -0.022754 0.399604 -0.145932
v -0.056452 0.589684 -0.262407
v -0.110293 0.649113 -0.329605
v -0.086317 0.583515 -0.262097
v -0.113702 0.605268 -0.293772
v -0.043405 0.623294 -0.291220
v -0.069529 0.652668 -0.330023
v 0.017861 0.464286 -0.169000
v 0.020518 0.409452 -0.147843
v 0.035861 0.465972 -0.169407
v 0.036880 0.444957 -0.159244
v 0.005473 0.439123 -0.158532
v 0.008546 0.408013 -0.149111
v 0.047958 0.592883 -0.261786
v 0.109470 0.648457 -0.331668
v 0.079242 0.587045 -0.265035
v 0.109192 0.608177 -0.297020
v 0.037247 0.622540 -0.290633
v 0.069624 0.653997 -0.331299
v -0.106808 0.204921 -0.023130
v -0.203579 0.151736 0.009645
v -0.106892 0.221111 -0.078192
v -0.157100 0.193661 -0.056591
v -0.145064 0.170549 0.053075
v -0.193281 0.143604 0.062607
v 0.005886 0.243074 -0.089101
v -0.001108 0.237862 -0.086779
v -0.002079 0.214162 -0.010662
v -0.002262 0.208197 -0.012274
v 0.007192 0.305368 -0.128891
v -0.002588 0.300796 -0.120689
v -0.086234 0.159776 0.177024
v -0.138246 0.101423 0.316201
v -0.074693 0.135390 0.244229
v -0.097693 0.110501 0.314873
v -0.123036 0.147530 0.182293
v -0.154084 0.114226 0.250053
v -0.439027 0.599220 -0.338862
v -0.239047 0.371863 -0.309497
v -0.306068 0.509737 -0.313752
v -0.257073 0.422830 -0.292914
v -0.425045 0.516192 -0.351796
v -0.279484 0.406431 -0.348582
v -0.068820 0.726229 -0.461865
v 0.077064 0.718445 -0.450477
v -0.032245 0.696596 -0.511696
v 0.037502 0.698360 -0.511311
v -0.027305 0.696870 -0.417778
v 0.038869 0.696357 -0.412595
v -0.271363 0.512931 -0.541608
v -0.273409 0.369414 -0.589252
v -0.244284 0.492048 -0.598896
v -0.251021 0.419862 -0.622085
v -0.291963 0.465007 -0.507075
v -0.275748 0.387873 -0.529160
v -0.379465 0.055004 -0.111173
v -0.383744 0.052189 -0.066335
v -0.322681 0.099168 -0.124449
v -0.325616 0.094098 -0.102049
v -0.446607 0.026945 -0.078310
v -0.445779 0.026458 -0.055460
v -0.308740 0.123572 -0.321193
v -0.310999 0.168994 -0.446285
v -0.354594 0.080055 -0.329118
v -0.339076 0.092913 -0.391581
v -0.274733 0.216447 -0.374726
v -0.286479 0.233775 -0.436589
v -0.566669 0.022826 -0.096354
v -0.639863 0.018362 -0.058050
v -0.607284 0.022450 -0.100567
v -0.637817 0.018235 -0.081393
v -0.563013 0.021080 -0.073050
v -0.609751 0.021724 -0.051593
v -0.327711 0.043780 0.180679
v -0.285190 0.041123 0.298202
v -0.366361 0.013987 0.230183
v -0.340991 0.015688 0.287307
v -0.271293 0.074539 0.183702
v -0.251809 0.070400 0.243503
v -0.552874 0.015713 0.032844
v -0.621605 0.010814 0.019434
v -0.588637 0.009221 0.057087
v -0.614546 0.009036 0.048478
v -0.553667 0.018567 0.001537
v -0.599867 0.017083 -0.002239
v 0.110237 0.204723 -0.010388
v 0.188368 0.146604 0.017992
v 0.110811 0.224767 -0.062174
v 0.148290 0.193781 -0.044231
v 0.143424 0.167274 0.060019
v 0.183261 0.137842 0.070938
v 0.102336 0.159618 0.176238
v 0.152174 0.100577 0.312104
v 0.095972 0.135456 0.238521
v 0.120004 0.112784 0.307514
v 0.133000 0.152005 0.187766
v 0.161187 0.112085 0.251786
v 0.446043 0.599391 -0.349586
v 0.246487 0.380635 -0.300360
v 0.300955 0.512156 -0.322902
v 0.249690 0.427727 -0.297117
v 0.432262 0.512908 -0.366574
v 0.268724 0.413563 -0.346352
v 0.276598 0.502711 -0.536769
v 0.277208 0.358875 -0.582739
v 0.252578 0.479413 -0.598197
v 0.259860 0.408439 -0.619274
v 0.298703 0.456512 -0.500091
v 0.282312 0.378896 -0.521100
v 0.364708 0.060853 -0.108266
v 0.365684 0.056711 -0.060625
v 0.298183 0.095288 -0.122098
v 0.300711 0.088652 -0.098551
v 0.432413 0.040833 -0.075049
v 0.429131 0.038103 -0.050198
v 0.293737 0.132502 -0.321110
v 0.306058 0.161883 -0.442627
v 0.342891 0.087384 -0.333698
v 0.338124 0.099073 -0.394047
v 0.272630 0.223996 -0.365883
v 0.291198 0.233659 -0.429525
v 0.572084 0.013140 -0.081889
v 0.637332 0.004226 -0.047774
v 0.615522 0.003631 -0.091063
v 0.643552 0.002579 -0.075346
v 0.566417 0.013807 -0.060863
v 0.605414 0.009182 -0.040150
v 0.309168 0.033494 0.195041
v 0.277809 0.037707 0.310024
v 0.347737 0.014570 0.244434
v 0.327648 0.015250 0.300222
v 0.258062 0.065289 0.195182
v 0.246640 0.065100 0.255923
v 0.530539 0.001979 0.049064
v 0.620806 0.006240 0.031948
v 0.566699 -0.003503 0.076363
v 0.609526 0.002338 0.066652
v 0.536834 0.010410 0.014117
v 0.587178 0.007245 0.009413
v -0.063119 -0.594841 0.132415
v -0.106184 -0.590158 0.249329
v -0.101455 -0.588909 0.123435
v -0.119697 -0.585466 0.181194
v -0.044090 -0.593990 0.193218
v -0.064741 -0.591326 0.253390
v -0.081657 -0.641936 -0.108081
v -0.111317 -0.690404 -0.190049
v -0.110797 -0.698653 -0.108570
v -0.122895 -0.742692 -0.155837
v -0.054545 -0.620801 -0.139892
v -0.075820 -0.635733 -0.175553
v 0.055360 -0.594635 0.134994
v 0.097682 -0.583666 0.248680
v 0.093236 -0.588832 0.129210
v 0.114560 -0.581103 0.182118
v 0.036016 -0.594722 0.193836
v 0.059002 -0.591066 0.252658
v 0.061744 -0.646150 -0.106529
v 0.102844 -0.681983 -0.190501
v 0.104579 -0.690229 -0.112744
v 0.122637 -0.726158 -0.159163
v 0.043697 -0.622093 -0.134168
v 0.071186 -0.626785 -0.168268
v -0.285412 -0.449688 0.316999
v -0.319446 -0.321446 0.252075
v -0.286078 -0.434696 0.255327
v -0.304055 -0.376166 0.229036
v -0.305264 -0.400667 0.343562
v -0.318597 -0.332295 0.308251
v -0.045188 -0.628595 0.443623
v 0.053064 -0.619597 0.445913
v -0.025859 -0.620793 0.500593
v 0.032342 -0.592912 0.504250
v -0.020359 -0.604467 0.381379
v 0.024670 -0.603513 0.380608
v -0.318248 -0.524104 0.528624
v -0.311075 -0.352833 0.556732
v -0.332845 -0.524599 0.612479
v -0.315097 -0.421702 0.617710
v -0.315242 -0.432151 0.476247
v -0.317574 -0.358954 0.493270
v -0.329103 -0.498704 -0.269942
v -0.356842 -0.333584 -0.189301
v -0.359165 -0.519121 -0.229294
v -0.364950 -0.431733 -0.185127
v -0.320894 -0.386137 -0.271146
v -0.333184 -0.309700 -0.228741
v -0.046060 -0.543079 -0.255746
v 0.035358 -0.537151 -0.254404
v -0.024835 -0.494164 -0.276573
v 0.011931 -0.492107 -0.277455
v -0.026842 -0.573182 -0.229692
v 0.016783 -0.569064 -0.227351
v -0.186108 -0.324226 -0.320408
v -0.163749 -0.152259 -0.339219
v -0.147470 -0.273335 -0.346689
v -0.139436 -0.190397 -0.355185
v -0.221705 -0.286573 -0.310342
v -0.208361 -0.196917 -0.319205
v -0.376301 -0.090074 0.015715
v -0.374658 -0.097376 0.066630
v -0.363463 -0.167406 0.020853
v -0.361504 -0.168852 0.050172
v -0.418591 -0.033314 0.028822
v -0.417351 -0.037119 0.053064
v -0.320823 -0.045587 -0.181099
v -0.268387 -0.023343 -0.277364
v -0.352308 0.014655 -0.208829
v -0.325328 0.013009 -0.261530
v -0.300272 -0.114781 -0.223483
v -0.263017 -0.091641 -0.260360
v -0.533690 0.033369 -0.037008
v -0.628516 0.020391 -0.026617
v -0.590503 0.046652 -0.062584
v -0.622766 0.027894 -0.057392
v -0.534382 0.029037 -0.008307
v -0.594062 0.046515 -0.002805
v -0.359040 -0.149768 0.303283
v -0.339217 -0.167996 0.412928
v -0.369591 -0.096562 0.313414
v -0.358023 -0.108422 0.368200
v -0.342076 -0.216470 0.343267
v -0.334287 -0.223887 0.400297
v -0.511943 -0.005758 0.096018
v -0.603447 0.016954 0.053888
v -0.553902 0.000598 0.103073
v -0.600976 0.008016 0.076670
v -0.516807 0.003014 0.070028
v -0.568719 0.023585 0.050139
v 0.281605 -0.450177 0.328124
v 0.314194 -0.319011 0.260936
v 0.279652 -0.432074 0.263805
v 0.298905 -0.373357 0.235652
v 0.301344 -0.402788 0.354427
v 0.314626 -0.331909 0.317197
v 0.315082 -0.546605 0.548874
v 0.314575 -0.356905 0.572150
v 0.321099 -0.547575 0.629770
v 0.314922 -0.425794 0.635924
v 0.314883 -0.443285 0.493951
v 0.320643 -0.364063 0.509281
v 0.317847 -0.480111 -0.274386
v 0.348363 -0.312823 -0.200407
v 0.353592 -0.506135 -0.235215
v 0.362662 -0.414214 -0.196323
v 0.301905 -0.364343 -0.275386
v 0.321650 -0.291248 -0.243602
v 0.175067 -0.309333 -0.321781
v 0.159773 -0.144931 -0.346175
v 0.135892 -0.262253 -0.344032
v 0.131149 -0.182493 -0.356955
v 0.209724 -0.270193 -0.314249
v 0.197076 -0.182212 -0.321517
v 0.374682 -0.086960 0.017844
v 0.374519 -0.099557 0.074480
v 0.363423 -0.163464 0.023791
v 0.361789 -0.167513 0.054908
v 0.413378 -0.036042 0.030397
v 0.410026 -0.041659 0.059082
v 0.310242 -0.040286 -0.200070
v 0.254505 -0.019807 -0.293628
v 0.334046 0.003746 -0.226361
v 0.308327 0.003094 -0.278516
v 0.287745 -0.104986 -0.238453
v 0.254138 -0.083363 -0.277481
v 0.523370 0.024645 -0.043646
v 0.628383 0.022894 -0.028390
v 0.578128 0.025827 -0.070703
v 0.631281 0.015586 -0.062372
v 0.529050 0.024597 -0.011430
v 0.578358 0.024937 -0.004915
v 0.352209 -0.145968 0.308665
v 0.336106 -0.162290 0.419244
v 0.361405 -0.091440 0.316116
v 0.350250 -0.105206 0.371710
v 0.337114 -0.213528 0.351308
v 0.332303 -0.221152 0.408928
v 0.493019 -0.001053 0.109144
v 0.596660 0.016103 0.064032
v 0.535885 0.017500 0.121430
v 0.582940 0.016872 0.095844
v 0.503353 0.005066 0.078995
v 0.558164 0.020319 0.056014
v 0.090358 -0.084859 0.729475
v 0.176401 -0.114313 0.695522
v 0.086793 -0.116726 0.751142
v 0.132932 -0.134710 0.728668
v 0.128896 -0.069233 0.702255
v 0.169386 -0.081149 0.686056
v -0.122394 -0.095081 0.723315
v -0.200398 -0.124676 0.695198
v -0.130437 -0.127815 0.734317
v -0.171320 -0.146386 0.716446
v -0.151424 -0.078871 0.698571
v -0.190185 -0.092501 0.683050
v 0.091663 -0.004887 0.673416
v 0.146961 0.016727 0.616405
v 0.088905 0.020443 0.650846
v 0.114897 0.030917 0.623787
v 0.124847 -0.017621 0.668010
v 0.154116 -0.006027 0.636875
v -0.090392 -0.005892 0.676400
v -0.138294 0.019498 0.625781
v -0.079552 0.021664 0.655287
v -0.101890 0.034531 0.630883
v -0.127292 -0.020788 0.672328
v -0.152713 -0.008152 0.643842
v 0.258456 -0.051819 0.571983
v 0.256869 -0.019726 0.558944
v 0.283543 -0.033932 0.526518
v 0.291245 -0.025651 0.531676
v 0.230526 -0.047445 0.606351
v 0.225101 -0.028010 0.595083
v -0.273902 -0.066831 0.569772
v -0.258671 -0.026839 0.555537
v -0.300588 -0.051960 0.524772
v -0.296051 -0.035382 0.519637
v -0.241395 -0.058433 0.606040
v -0.230552 -0.035986 0.595473
v 0.091258 0.009492 -0.652625
v 0.132010 0.010100 -0.570478
v 0.078526 0.007118 -0.591697
v 0.097683 0.006470 -0.553576
v 0.127410 0.017775 -0.670417
v 0.150484 0.013888 -0.633538
v -0.085128 0.005547 -0.653566
v -0.132056 0.010542 -0.559648
v -0.073754 0.004692 -0.587868
v -0.093032 0.005814 -0.545828
v -0.127542 0.017249 -0.667910
v -0.152118 0.016384 -0.620487
v 0.122364 0.095391 -0.755468
v 0.216811 0.119643 -0.774360
v 0.130500 0.137006 -0.775402
v 0.178445 0.152731 -0.790892
v 0.156178 0.070125 -0.744583
v 0.202920 0.080647 -0.756923
v -0.121236 0.086964 -0.781036
v -0.221973 0.126010 -0.787510
v -0.130185 0.132839 -0.801167
v -0.181186 0.155835 -0.808673
v -0.157358 0.067687 -0.753301
v -0.206259 0.084394 -0.754602
v 0.253756 0.035230 -0.562927
v 0.287453 0.062269 -0.619700
v 0.300081 0.036774 -0.538558
v 0.313137 0.048577 -0.565119
v 0.230354 0.036756 -0.622710
v 0.251028 0.053512 -0.655228
v -0.261608 0.038813 -0.557036
v -0.292076 0.072710 -0.618507
v -0.306272 0.050026 -0.533115
v -0.318064 0.062715 -0.559263
v -0.239612 0.039816 -0.622248
v -0.255630 0.057169 -0.657114
v -0.116381 0.455255 -0.199721
v -0.140065 0.472632 -0.217458
v -0.103326 0.470336 -0.199272
v -0.126666 0.495392 -0.219776
v -0.132434 0.398797 -0.188875
v -0.100235 0.451482 -0.191325
v -0.115559 0.394406 -0.181195
v -0.168695 0.423889 -0.218465
v -0.147691 0.495851 -0.231928
v -0.180364 0.449975 -0.236395
v -0.165276 0.363102 -0.195069
v -0.187630 0.397793 -0.224673
v -0.184761 0.321818 -0.194924
v -0.138262 0.346184 -0.175122
v -0.176129 0.308613 -0.180875
v 0.112610 0.451174 -0.190427
v 0.133052 0.478322 -0.217603
v 0.100028 0.471020 -0.187342
v 0.120756 0.502015 -0.215975
v 0.123996 0.392320 -0.181543
v 0.097647 0.441177 -0.177529
v 0.111665 0.372395 -0.166887
v 0.158497 0.438088 -0.222526
v 0.139572 0.502485 -0.234837
v 0.169263 0.459749 -0.241103
v 0.153444 0.382923 -0.196197
v 0.175738 0.412457 -0.228980
v 0.172885 0.336872 -0.196307
v 0.130492 0.339644 -0.165083
v 0.163436 0.319398 -0.178954
v -0.242766 -0.588631 0.016407
v -0.272744 -0.661500 -0.022471
v -0.212046 -0.600876 0.012821
v -0.239779 -0.701548 -0.019023
v -0.275351 -0.525182 0.045377
v -0.221650 -0.567397 0.049308
v -0.262136 -0.514152 0.084733
v -0.319147 -0.600495 -0.039753
v -0.283648 -0.729168 -0.041774
v -0.333121 -0.639457 -0.078844
v -0.312012 -0.507289 0.006170
v -0.335419 -0.554940 -0.063066
v -0.327387 -0.458292 -0.006627
v -0.287543 -0.478769 0.076679
v -0.317912 -0.445226 0.028419
v 0.244230 -0.589529 0.028308
v 0.272311 -0.668054 -0.022869
v 0.212237 -0.604691 0.023822
v 0.233493 -0.695655 -0.020839
v 0.276956 -0.520594 0.052753
v 0.223161 -0.570295 0.060253
v 0.262961 -0.509181 0.090560
v 0.321342 -0.598300 -0.039298
v 0.277335 -0.730485 -0.047294
v 0.339325 -0.638725 -0.077610
v 0.310696 -0.501850 0.010067
v 0.340795 -0.553104 -0.061602
v 0.327457 -0.451470 -0.003341
v 0.285226 -0.474381 0.079687
v 0.315225 -0.438222 0.031217
v -0.012446 -0.480307 0.690999
v -0.084433 -0.427452 0.703276
v -0.040640 -0.529807 0.675174
v -0.122004 -0.481508 0.697413
v 0.054892 -0.424819 0.706331
v 0.015423 -0.529073 0.676517
v 0.096124 -0.479718 0.698984
v 0.017664 -0.325660 0.728642
v -0.059534 -0.330968 0.723457
v 0.013172 -0.264383 0.746260
v -0.065618 -0.273881 0.738496
v 0.104654 -0.409592 0.707177
v 0.058863 -0.296104 0.736923
v -0.135608 -0.413596 0.702591
v -0.103657 -0.307341 0.723261
v 0.013657 0.118510 0.340975
v -0.006037 0.114856 0.408854
v 0.007111 0.122734 0.282399
v -0.013568 0.117351 0.353408
v 0.035732 0.111759 0.405265
v 0.016523 0.122439 0.280248
v 0.041476 0.115077 0.347945
v 0.031647 0.103111 0.507732
v -0.000664 0.106471 0.511630
v 0.034515 0.088585 0.557089
v -0.005224 0.089978 0.560851
v 0.052806 0.106925 0.414380
v 0.051747 0.097777 0.526148
v -0.023569 0.111694 0.421842
v -0.020377 0.097653 0.532012
v -0.005146 -0.223528 -0.369298
v -0.027696 -0.161444 -0.384200
v -0.017177 -0.275877 -0.353278
v -0.043944 -0.207934 -0.371616
v 0.019584 -0.160608 -0.388449
v 0.005018 -0.276675 -0.355375
v 0.033075 -0.208991 -0.378390
v 0.010997 -0.064142 -0.412802
v -0.013270 -0.065319 -0.412674
v 0.014137 -0.015564 -0.440449
v -0.013090 -0.017280 -0.440188
v 0.036095 -0.144148 -0.393111
v 0.024826 -0.040461 -0.421776
v -0.044034 -0.144892 -0.388324
v -0.026711 -0.043255 -0.420271
v 0.002444 0.480128 -0.682990
v -0.061375 0.425275 -0.703214
v -0.023697 0.528090 -0.660235
v -0.093307 0.466064 -0.683039
v 0.066603 0.422043 -0.706313
v 0.027433 0.526802 -0.661058
v 0.098324 0.460556 -0.684462
v 0.042612 0.342795 -0.741259
v -0.035270 0.343589 -0.740051
v 0.044586 0.292016 -0.759033
v -0.039239 0.293032 -0.761567
v 0.112750 0.403476 -0.709446
v 0.085512 0.318396 -0.751014
v -0.108006 0.410311 -0.706959
v -0.079934 0.321653 -0.751188
v 0.540323 0.019752 -0.298807
v 0.599644 0.006956 -0.222684
v 0.521219 0.019186 -0.278908
v 0.592741 0.009556 -0.203422
v 0.543225 0.016106 -0.287809
v 0.599313 0.007338 -0.220016
v 0.519595 0.020862 -0.263362
v 0.590625 0.015107 -0.196142
v 0.518413 0.017416 -0.345984
v 0.491322 0.021027 -0.313450
v 0.470714 0.013461 -0.381091
v 0.491915 0.022388 -0.331178
v 0.481732 0.025421 -0.397359
v 0.628287 0.001323 -0.175364
v 0.629028 0.002846 -0.176706
v 0.502963 0.003396 0.277017
v 0.569477 -0.001785 0.213566
v 0.503482 0.005968 0.265274
v 0.568201 0.002135 0.197039
v 0.494397 0.009505 0.279885
v 0.562403 0.009450 0.218303
v 0.478343 0.006074 0.272147
v 0.550662 0.013656 0.205341
v 0.468885 0.001536 0.323490
v 0.446220 0.002014 0.311475
v 0.422682 -0.003080 0.360186
v 0.465164 0.003081 0.308137
v 0.426990 -0.006375 0.361348
v 0.598007 -0.000767 0.183081
v 0.585994 0.008440 0.180842
v -0.556234 0.040918 -0.289597
v -0.611827 0.018742 -0.215626
v -0.548587 0.043655 -0.278448
v -0.613021 0.023407 -0.196216
v -0.549170 0.019683 -0.274882
v -0.610697 0.006354 -0.209272
v -0.534616 0.029208 -0.249500
v -0.617742 0.007435 -0.190077
v -0.536412 0.029524 -0.344195
v -0.501589 0.033936 -0.297718
v -0.481535 0.036358 -0.375216
v -0.519103 0.046689 -0.333277
v -0.492599 0.039959 -0.389111
v -0.633001 0.010999 -0.171588
v -0.636134 0.001450 -0.163225
v -0.515135 -0.003816 0.269679
v -0.576071 0.008933 0.200590
v -0.512244 -0.009013 0.252272
v -0.576705 0.000860 0.184155
v -0.502147 0.000324 0.278679
v -0.581760 0.003158 0.215530
v -0.485833 -0.001424 0.268952
v -0.562788 -0.001357 0.200900
v -0.478128 -0.003901 0.321764
v -0.454787 -0.011353 0.307676
v -0.437328 -0.020248 0.355566
v -0.478267 -0.008750 0.301906
v -0.447879 -0.019604 0.359329
v -0.599618 0.006471 0.162510
v -0.605671 -0.001190 0.170912
v -0.037945 0.501812 -0.190140
v -0.045598 0.540990 -0.217802
v -0.056879 0.497621 -0.190487
v -0.070035 0.536849 -0.217980
v 0.025868 0.505955 -0.188278
v 0.034649 0.545779 -0.215633
v 0.048270 0.503849 -0.185392
v 0.061002 0.543253 -0.211083
v -0.007233 0.484254 -0.179031
v -0.042930 0.481191 -0.178861
v -0.015394 0.461599 -0.167968
v -0.006264 0.567322 -0.235584
v -0.064994 0.561466 -0.235705
v -0.023230 0.592967 -0.255915
v 0.032085 0.485435 -0.178265
v 0.000711 0.462845 -0.168444
v 0.055475 0.566079 -0.236433
v 0.012240 0.594296 -0.254793
v -0.040646 0.334430 -0.132389
v -0.050444 0.263746 -0.111026
v -0.056574 0.385991 -0.143283
v -0.066975 0.307414 -0.133548
v -0.013564 0.214032 -0.003349
v -0.041174 0.192256 0.089222
v -0.012490 0.192133 0.071769
v -0.036385 0.166329 0.159213
v -0.018684 0.288434 -0.126751
v -0.045731 0.395022 -0.142111
v -0.022659 0.347216 -0.135278
v -0.067756 0.206354 0.026868
v -0.070689 0.244274 -0.099902
v -0.101054 0.192023 0.040268
v -0.004436 0.214522 -0.008894
v -0.010316 0.297219 -0.127184
v -0.057273 0.166096 0.168790
v -0.088488 0.186825 0.111369
v -0.183683 0.647950 -0.358951
v -0.270180 0.614992 -0.375812
v -0.175223 0.599237 -0.319215
v -0.243765 0.568400 -0.328074
v -0.170268 0.722218 -0.506987
v -0.218844 0.612953 -0.532253
v -0.124637 0.665177 -0.553777
v -0.191446 0.591734 -0.593955
v -0.155351 0.807488 -0.406001
v -0.145281 0.628493 -0.325624
v -0.106457 0.702108 -0.370290
v -0.320374 0.600526 -0.460753
v -0.312573 0.579207 -0.346501
v -0.438165 0.592425 -0.442320
v -0.104499 0.714940 -0.511297
v -0.094949 0.740144 -0.415044
v -0.234856 0.556682 -0.571188
v -0.322344 0.539677 -0.486329
v -0.249846 0.212055 -0.236398
v -0.311078 0.113186 -0.169993
v -0.233566 0.275027 -0.236726
v -0.265038 0.168431 -0.180223
v -0.403554 0.051898 -0.223417
v -0.502770 0.033676 -0.148535
v -0.454324 0.046968 -0.235328
v -0.556731 0.028307 -0.152619
v -0.272366 0.168637 -0.271111
v -0.235359 0.317315 -0.269682
v -0.245135 0.283474 -0.318365
v -0.441798 0.039696 -0.125409
v -0.318794 0.106156 -0.146708
v -0.445550 0.033848 -0.101636
v -0.377376 0.068436 -0.274014
v -0.269338 0.194355 -0.319568
v -0.563043 0.026509 -0.122704
v -0.508902 0.024082 -0.095617
v -0.267153 0.127145 -0.021718
v -0.326736 0.092520 -0.045788
v -0.219490 0.172608 -0.074285
v -0.275835 0.137918 -0.088143
v -0.406418 0.029688 0.123225
v -0.481246 0.018918 0.073560
v -0.448576 0.007487 0.165124
v -0.525860 0.007301 0.106191
v -0.303528 0.084169 0.075812
v -0.210885 0.160848 -0.037434
v -0.247338 0.113897 0.070877
v -0.442797 0.024963 0.000563
v -0.327330 0.092563 -0.076493
v -0.445159 0.026039 -0.030880
v -0.388607 0.020635 0.174878
v -0.288092 0.078639 0.127714
v -0.538473 0.012308 0.066164
v -0.499501 0.019600 0.002388
v 0.034231 0.343613 -0.130826
v 0.052963 0.260396 -0.100202
v 0.050173 0.383315 -0.142950
v 0.067744 0.298608 -0.118144
v 0.014830 0.206045 -0.005930
v 0.050946 0.184091 0.085026
v 0.018601 0.184172 0.069373
v 0.050866 0.161871 0.155061
v 0.009942 0.298268 -0.120059
v 0.035664 0.405538 -0.147204
v 0.011536 0.356816 -0.136149
v 0.004566 0.207031 -0.009785
v 0.003414 0.301211 -0.120747
v 0.075961 0.203565 0.031030
v 0.080011 0.247139 -0.080122
v 0.108176 0.191537 0.048242
v 0.073457 0.160973 0.164768
v 0.108545 0.193776 0.117510
v 0.180319 0.647556 -0.365615
v 0.271132 0.614081 -0.380446
v 0.169244 0.602082 -0.323302
v 0.240856 0.570569 -0.332820
v 0.166392 0.715993 -0.503687
v 0.224593 0.606082 -0.532108
v 0.126842 0.660556 -0.552782
v 0.199057 0.582470 -0.591562
v 0.179135 0.802408 -0.404568
v 0.142220 0.630953 -0.330098
v 0.112491 0.700777 -0.370149
v 0.106662 0.706037 -0.498961
v 0.102524 0.734714 -0.408022
v 0.321815 0.601076 -0.459318
v 0.313394 0.576950 -0.350075
v 0.437543 0.604144 -0.435341
v 0.240066 0.543636 -0.567599
v 0.326280 0.537812 -0.482874
v 0.233940 0.224166 -0.234325
v 0.287445 0.111238 -0.170163
v 0.207782 0.293949 -0.240865
v 0.242985 0.175182 -0.183175
v 0.376025 0.058056 -0.226244
v 0.480270 0.026713 -0.143897
v 0.425698 0.038236 -0.236962
v 0.527491 0.019757 -0.153383
v 0.259179 0.175951 -0.265839
v 0.219239 0.331379 -0.265013
v 0.255951 0.290516 -0.307316
v 0.429612 0.042192 -0.120427
v 0.293292 0.100443 -0.145396
v 0.433455 0.042765 -0.097078
v 0.355906 0.070592 -0.276126
v 0.254776 0.202732 -0.310144
v 0.557535 0.012374 -0.111697
v 0.503767 0.027476 -0.088324
v 0.240104 0.117546 -0.015207
v 0.301447 0.081745 -0.042208
v 0.195511 0.168608 -0.067764
v 0.249031 0.133242 -0.085423
v 0.380847 0.012916 0.138248
v 0.457183 0.002572 0.090264
v 0.424340 -0.001551 0.181617
v 0.499896 -0.003718 0.126531
v 0.278453 0.068634 0.085508
v 0.190169 0.156755 -0.028811
v 0.228130 0.104427 0.079561
v 0.421848 0.025747 0.010693
v 0.302682 0.085523 -0.072507
v 0.425044 0.033599 -0.022476
v 0.365493 0.007763 0.191524
v 0.269339 0.067582 0.137928
v 0.514137 -0.001135 0.084833
v 0.480321 0.016185 0.014564
v -0.064190 -0.610264 0.037009
v -0.073472 -0.634615 -0.036685
v -0.102457 -0.611312 0.028098
v -0.112898 -0.655457 -0.038113
v 0.056575 -0.611295 0.037043
v 0.059659 -0.635186 -0.038883
v 0.096396 -0.611260 0.031139
v 0.102010 -0.655692 -0.039749
v -0.004411 -0.603457 0.087538
v -0.082270 -0.594707 0.074182
v -0.023990 -0.597898 0.138227
v -0.007504 -0.620241 -0.069653
v -0.101400 -0.654571 -0.072733
v -0.034459 -0.613872 -0.103890
v 0.073502 -0.595443 0.078259
v 0.015175 -0.598035 0.138802
v 0.082362 -0.659236 -0.074030
v 0.017263 -0.614062 -0.103401
v -0.160357 -0.561906 0.299976
v -0.226452 -0.526890 0.319769
v -0.175224 -0.556577 0.224968
v -0.233554 -0.513663 0.248843
v -0.135696 -0.758894 0.494509
v -0.289016 -0.753710 0.533729
v -0.089904 -0.764997 0.591311
v -0.252629 -0.763072 0.650544
v -0.106677 -0.592540 0.391568
v -0.140398 -0.573938 0.240192
v -0.084740 -0.587320 0.320601
v -0.273396 -0.549027 0.422776
v -0.259356 -0.484371 0.286585
v -0.290428 -0.471698 0.382944
v -0.071458 -0.680183 0.506787
v -0.063702 -0.599434 0.387031
v -0.319711 -0.640493 0.579532
v -0.302908 -0.501898 0.453099
v -0.190358 -0.740767 -0.265076
v -0.279975 -0.653258 -0.292252
v -0.225176 -0.785825 -0.221963
v -0.326809 -0.687679 -0.252147
v -0.100456 -0.506395 -0.285088
v -0.148916 -0.434185 -0.308723
v -0.074104 -0.447000 -0.299356
v -0.115791 -0.373500 -0.323309
v -0.112440 -0.614235 -0.248938
v -0.161974 -0.752082 -0.208960
v -0.091980 -0.636655 -0.214946
v -0.234099 -0.478451 -0.298920
v -0.334401 -0.596067 -0.267860
v -0.279792 -0.441965 -0.289851
v -0.062295 -0.500291 -0.279163
v -0.068879 -0.589439 -0.235693
v -0.148929 -0.355955 -0.322414
v -0.229673 -0.380468 -0.302478
v -0.357194 -0.245993 -0.103083
v -0.362760 -0.163198 -0.034241
v -0.358027 -0.334973 -0.101467
v -0.357870 -0.245790 -0.032841
v -0.392706 0.003979 -0.112099
v -0.469184 0.021890 -0.068526
v -0.446601 0.045523 -0.142271
v -0.530049 0.038966 -0.096865
v -0.343836 -0.145726 -0.138146
v -0.358729 -0.336742 -0.143704
v -0.337196 -0.228620 -0.183370
v -0.415842 -0.023538 -0.017418
v -0.365067 -0.166231 -0.006133
v -0.417664 -0.029803 0.006628
v -0.375874 0.012616 -0.158156
v -0.323414 -0.132269 -0.178235
v -0.533929 0.037140 -0.066805
v -0.478764 0.010065 -0.013184
v -0.336020 -0.247238 0.177558
v -0.354934 -0.174705 0.115150
v -0.323176 -0.309272 0.157074
v -0.342862 -0.242416 0.097406
v -0.389254 -0.071252 0.217642
v -0.443647 -0.032143 0.153119
v -0.416462 -0.042226 0.229925
v -0.482012 -0.014476 0.161995
v -0.350106 -0.196138 0.240868
v -0.321027 -0.313319 0.202345
v -0.333882 -0.263489 0.273658
v -0.407013 -0.051969 0.107049
v -0.358109 -0.171216 0.081550
v -0.412643 -0.044998 0.079126
v -0.380564 -0.082980 0.263784
v -0.347077 -0.205728 0.290566
v -0.499859 -0.010065 0.127499
v -0.463227 -0.019363 0.088146
v 0.162134 -0.564892 0.300822
v 0.229228 -0.528836 0.329926
v 0.174626 -0.556306 0.227699
v 0.232852 -0.510149 0.256733
v 0.129611 -0.763810 0.501143
v 0.273668 -0.764417 0.551657
v 0.092218 -0.755474 0.592176
v 0.238748 -0.765464 0.657139
v 0.108435 -0.598598 0.382610
v 0.136251 -0.572989 0.239938
v 0.081797 -0.589245 0.315178
v 0.076489 -0.668857 0.510788
v 0.069477 -0.605043 0.381792
v 0.275188 -0.563691 0.437767
v 0.257702 -0.484540 0.295288
v 0.288340 -0.479542 0.397207
v 0.314523 -0.680239 0.614270
v 0.302565 -0.516819 0.470783
v 0.184474 -0.722754 -0.256025
v 0.272026 -0.640333 -0.294857
v 0.221588 -0.783119 -0.227745
v 0.317233 -0.680804 -0.256062
v 0.089400 -0.494112 -0.283717
v 0.136605 -0.420215 -0.308835
v 0.061215 -0.438625 -0.302119
v 0.102679 -0.364122 -0.327314
v 0.103485 -0.602202 -0.244731
v 0.134409 -0.761293 -0.223780
v 0.087769 -0.624128 -0.208672
v 0.048913 -0.492853 -0.279869
v 0.060354 -0.578825 -0.231788
v 0.223363 -0.459860 -0.301194
v 0.322434 -0.586916 -0.271386
v 0.265079 -0.418569 -0.292096
v 0.138231 -0.340652 -0.326604
v 0.217602 -0.362153 -0.304834
v 0.356151 -0.236892 -0.114202
v 0.363097 -0.158785 -0.040615
v 0.359059 -0.326733 -0.108628
v 0.358133 -0.239487 -0.035844
v 0.379892 -0.011189 -0.133034
v 0.452348 0.023618 -0.081682
v 0.417931 0.016114 -0.166150
v 0.501279 0.032572 -0.111793
v 0.337474 -0.137656 -0.156882
v 0.357815 -0.323147 -0.154172
v 0.327261 -0.213601 -0.199275
v 0.412730 -0.026832 -0.028011
v 0.364004 -0.161454 -0.008116
v 0.414349 -0.032059 0.000910
v 0.359743 -0.002470 -0.178610
v 0.314300 -0.123261 -0.197421
v 0.516263 0.031525 -0.075802
v 0.468551 0.003361 -0.020150
v 0.335355 -0.246369 0.184089
v 0.356141 -0.173964 0.121477
v 0.320310 -0.306329 0.162793
v 0.342946 -0.238838 0.102064
v 0.380363 -0.075155 0.223422
v 0.431977 -0.028389 0.162592
v 0.406567 -0.043244 0.236478
v 0.466308 -0.003915 0.174882
v 0.345696 -0.195954 0.247077
v 0.317350 -0.312043 0.209027
v 0.328403 -0.262825 0.281180
v 0.401782 -0.056430 0.116740
v 0.359044 -0.170511 0.087147
v 0.405404 -0.048963 0.087868
v 0.370532 -0.079937 0.266551
v 0.341863 -0.204588 0.297595
v 0.481809 -0.000791 0.141397
v 0.448633 -0.019181 0.099281
v 0.015758 -0.087892 0.752470
v -0.054046 -0.092631 0.745848
v 0.007464 -0.120052 0.772646
v -0.059262 -0.128801 0.754261
v 0.031330 -0.004768 0.689491
v -0.029447 -0.005158 0.690174
v 0.034002 0.021276 0.665586
v -0.022164 0.021689 0.667262
v 0.058934 -0.043481 0.713454
v 0.048962 -0.101223 0.757484
v 0.092611 -0.056400 0.711855
v -0.074415 -0.048142 0.712688
v -0.091245 -0.112033 0.740708
v -0.112549 -0.064176 0.708158
v 0.061647 0.008417 0.672220
v 0.093232 -0.030277 0.693145
v -0.055523 0.008349 0.674687
v -0.101501 -0.034486 0.693754
v 0.275983 -0.256523 0.624107
v 0.230053 -0.172271 0.671411
v 0.247505 -0.304336 0.662919
v 0.189981 -0.208096 0.698798
v 0.320744 -0.114665 0.479855
v 0.289486 -0.077255 0.528614
v 0.334703 -0.068478 0.431262
v 0.302763 -0.042652 0.475386
v 0.319279 -0.216943 0.527978
v 0.292563 -0.333749 0.626857
v 0.321283 -0.286427 0.518338
v 0.336101 -0.110381 0.426834
v 0.326606 -0.223091 0.468345
v 0.248032 -0.099798 0.626068
v 0.181935 -0.155440 0.699627
v 0.211171 -0.091203 0.660474
v 0.280923 -0.050060 0.524883
v 0.237799 -0.071147 0.618128
v -0.283894 -0.261363 0.617812
v -0.243888 -0.184664 0.660591
v -0.270365 -0.307894 0.660688
v -0.215871 -0.218502 0.688534
v -0.326043 -0.126876 0.476365
v -0.306292 -0.097787 0.527289
v -0.349724 -0.088530 0.429101
v -0.331575 -0.072095 0.482052
v -0.310191 -0.224706 0.514761
v -0.296277 -0.334490 0.615369
v -0.314892 -0.288521 0.505087
v -0.344266 -0.121181 0.423161
v -0.324061 -0.227016 0.458091
v -0.257321 -0.117074 0.617016
v -0.207547 -0.164876 0.694380
v -0.226208 -0.104260 0.656787
v -0.303965 -0.071567 0.527146
v -0.250585 -0.084656 0.612919
v 0.164074 0.074039 0.437211
v 0.160511 0.048482 0.546858
v 0.130445 0.084423 0.433589
v 0.129257 0.062706 0.555393
v 0.280062 0.015672 0.412773
v 0.276017 -0.001900 0.497186
v 0.326605 -0.000328 0.393785
v 0.321982 -0.018434 0.479168
v 0.216197 0.059290 0.374170
v 0.142397 0.091971 0.372990
v 0.190150 0.084212 0.314031
v 0.304049 0.016296 0.355257
v 0.231906 0.063338 0.314093
v 0.207206 0.010986 0.559955
v 0.138943 0.040000 0.591318
v 0.181826 0.004074 0.601215
v 0.292296 -0.019393 0.524410
v 0.218168 -0.008955 0.578833
v -0.143768 0.075126 0.448611
v -0.144278 0.053023 0.563817
v -0.102683 0.088263 0.451638
v -0.104964 0.069868 0.568130
v -0.289862 0.019111 0.411237
v -0.277540 -0.002815 0.492490
v -0.340462 -0.000810 0.387850
v -0.321411 -0.014298 0.461035
v -0.211956 0.060986 0.371671
v -0.120153 0.090824 0.384985
v -0.183591 0.085801 0.314069
v -0.315459 0.016475 0.347977
v -0.232737 0.065108 0.306831
v -0.204225 0.009515 0.566272
v -0.123748 0.045994 0.601629
v -0.177871 0.002527 0.608848
v -0.288695 -0.020154 0.509323
v -0.218650 -0.013623 0.583245
v 0.031893 0.017586 -0.650340
v -0.027960 0.015721 -0.654962
v 0.027082 0.010714 -0.595778
v -0.022360 0.008860 -0.597384
v 0.042111 0.100660 -0.757904
v -0.038422 0.097120 -0.770223
v 0.043352 0.144307 -0.771574
v -0.041277 0.141805 -0.786940
v 0.071709 0.046602 -0.713879
v 0.056490 0.010577 -0.624270
v 0.100650 0.029709 -0.697110
v -0.069154 0.039733 -0.728847
v -0.051868 0.007099 -0.625175
v -0.099745 0.025608 -0.704177
v 0.084592 0.120239 -0.763430
v 0.112344 0.059694 -0.728809
v -0.082557 0.113739 -0.787598
v -0.111444 0.050850 -0.746847
v 0.121781 -0.039095 -0.391802
v 0.127514 0.004331 -0.472883
v 0.091075 -0.062629 -0.389783
v 0.091490 -0.001374 -0.460697
v 0.258016 0.009312 -0.375182
v 0.259134 0.023234 -0.468163
v 0.312987 0.019253 -0.363035
v 0.309829 0.026615 -0.450954
v 0.184084 -0.033609 -0.349190
v 0.125730 -0.106536 -0.371086
v 0.187524 -0.103471 -0.332712
v 0.282355 0.007341 -0.327663
v 0.216552 -0.059100 -0.312018
v 0.190849 0.018486 -0.527588
v 0.113124 0.005507 -0.513942
v 0.170457 0.017293 -0.579159
v 0.280709 0.031020 -0.505452
v 0.211538 0.026389 -0.576567
v -0.117138 -0.035130 -0.378876
v -0.124150 0.005940 -0.459373
v -0.094694 -0.068693 -0.383957
v -0.087266 -0.001019 -0.450427
v -0.266203 0.017346 -0.363398
v -0.265687 0.030092 -0.454944
v -0.325913 0.031096 -0.353537
v -0.318240 0.037410 -0.442265
v -0.183056 -0.034049 -0.331487
v -0.126295 -0.109375 -0.362079
v -0.192957 -0.110731 -0.321066
v -0.296157 0.012617 -0.313203
v -0.220719 -0.064492 -0.295513
v -0.193623 0.021198 -0.515590
v -0.110320 0.006107 -0.502838
v -0.173942 0.018882 -0.568374
v -0.288235 0.038933 -0.496222
v -0.217789 0.029265 -0.567178
v 0.292857 0.273536 -0.676167
v 0.280238 0.188709 -0.771098
v 0.257545 0.319244 -0.708443
v 0.233165 0.226766 -0.793632
v 0.329748 0.126442 -0.518325
v 0.323493 0.089724 -0.582742
v 0.350155 0.078259 -0.462718
v 0.347416 0.062295 -0.526196
v 0.301964 0.232311 -0.558316
v 0.270840 0.339421 -0.644959
v 0.289204 0.300586 -0.539145
v 0.335183 0.115413 -0.454881
v 0.298627 0.236295 -0.492266
v 0.282707 0.105804 -0.701893
v 0.227241 0.171295 -0.796652
v 0.248830 0.088794 -0.740596
v 0.320235 0.064543 -0.576481
v 0.268117 0.074768 -0.680631
v -0.288429 0.285849 -0.675872
v -0.274641 0.197758 -0.767470
v -0.247962 0.326826 -0.700446
v -0.232584 0.236956 -0.788534
v -0.330596 0.133197 -0.521991
v -0.327213 0.105027 -0.584810
v -0.355668 0.077667 -0.473128
v -0.355215 0.078878 -0.530855
v -0.304335 0.243391 -0.563614
v -0.268309 0.350039 -0.647952
v -0.287685 0.310891 -0.546258
v -0.332104 0.118062 -0.457659
v -0.298228 0.242444 -0.498469
v -0.290656 0.117883 -0.704874
v -0.231300 0.176505 -0.797340
v -0.258895 0.095922 -0.751306
v -0.324686 0.081082 -0.577407
v -0.273419 0.083735 -0.681582
v 0.659317 0.000124 -0.044298
v 0.662700 0.004380 -0.036997
v 0.660738 0.004497 -0.072743
v 0.659062 0.006409 -0.068037
v 0.647750 0.008196 0.039695
v 0.651576 0.013343 0.049664
v 0.639146 0.010139 0.071742
v 0.638154 0.014758 0.077609
v 0.643990 0.003493 -0.005989
v 0.652665 0.000451 -0.060111
v 0.627039 0.003328 -0.022697
v 0.636906 0.005715 0.053835
v 0.621626 0.005797 0.003088
v 0.640116 0.013493 0.009714
v 0.651882 0.009876 -0.048858
v 0.618874 0.022683 0.002249
v 0.625487 0.016943 0.073229
v 0.606196 0.019361 0.032852
v -0.661772 0.007953 -0.049293
v -0.655545 0.006668 -0.046066
v -0.660208 0.007345 -0.077293
v -0.661545 0.000513 -0.070633
v -0.639581 0.006316 0.028414
v -0.639089 0.002476 0.038987
v -0.634445 0.009976 0.058154
v -0.634273 0.004960 0.067232
v -0.641640 0.010563 -0.016988
v -0.652211 0.013839 -0.066860
v -0.633764 0.017671 -0.034824
v -0.628686 0.008941 0.038249
v -0.630292 0.014867 -0.008550
v -0.633849 0.018693 0.008617
v -0.647243 0.014213 -0.049537
v -0.618849 0.037205 0.005122
v -0.624645 0.006443 0.060160
v -0.606924 0.028299 0.032158
v -0.074330 0.471816 -0.183999
v -0.074183 0.448918 -0.171978
v -0.113432 0.542316 -0.233847
v -0.137312 0.550528 -0.258659
v -0.060994 0.455336 -0.168161
v -0.114668 0.569998 -0.260646
v -0.103447 0.311431 -0.150107
v -0.131083 0.270182 -0.144979
v -0.116021 0.246145 -0.118752
v -0.223220 0.466580 -0.274187
v -0.219786 0.401394 -0.255232
v -0.247861 0.449395 -0.284234
v -0.235023 0.210310 -0.167096
v -0.233838 0.200342 -0.147872
v -0.274684 0.148062 -0.136681
v 0.069255 0.477869 -0.174074
v 0.068160 0.447377 -0.164308
v 0.106162 0.546484 -0.236353
v 0.130390 0.555577 -0.262084
v 0.052652 0.460733 -0.166712
v 0.107051 0.575069 -0.263779
v 0.100352 0.299103 -0.132824
v 0.124397 0.265614 -0.127488
v 0.114792 0.245995 -0.101769
v 0.208877 0.479663 -0.277907
v 0.202174 0.418490 -0.257488
v 0.234813 0.459411 -0.288089
v 0.211333 0.216476 -0.171114
v 0.209653 0.203945 -0.150101
v 0.247989 0.149707 -0.136419
v -0.152146 -0.580297 0.050402
v -0.170284 -0.569409 0.105117
v -0.172696 -0.754991 -0.050105
v -0.207795 -0.793181 -0.097975
v -0.137023 -0.579570 0.114766
v -0.133320 -0.774222 -0.100581
v -0.269274 -0.469436 0.169074
v -0.292602 -0.423572 0.151086
v -0.287892 -0.427630 0.200202
v -0.361721 -0.608074 -0.163472
v -0.359234 -0.514255 -0.128325
v -0.368506 -0.526827 -0.178898
v -0.345454 -0.317849 0.006716
v -0.339090 -0.313957 0.041030
v -0.351034 -0.243388 0.029346
v 0.151005 -0.586788 0.058395
v 0.169613 -0.571924 0.108344
v 0.170192 -0.748766 -0.061566
v 0.204392 -0.792884 -0.100845
v 0.131256 -0.580621 0.118491
v 0.150922 -0.743628 -0.111717
v 0.266418 -0.465036 0.173185
v 0.287896 -0.419620 0.153846
v 0.282647 -0.422675 0.205598
v 0.365154 -0.603345 -0.160468
v 0.362826 -0.505234 -0.130310
v 0.367630 -0.514139 -0.186243
v 0.344303 -0.311895 0.008949
v 0.338188 -0.308229 0.044397
v 0.351440 -0.238299 0.032358
v -0.041482 -0.574244 0.614690
v 0.018138 -0.591381 0.618367
v -0.237314 -0.540742 0.699732
v -0.235539 -0.437165 0.687933
v -0.003273 -0.578822 0.556339
v -0.290603 -0.486591 0.671198
v 0.218473 -0.542066 0.707407
v 0.212795 -0.438466 0.690040
v 0.279971 -0.495686 0.679189
v 0.030724 -0.169617 0.823016
v 0.091909 -0.205211 0.754603
v -0.100440 -0.197427 0.743171
v -0.139964 -0.223943 0.729022
v 0.086406 -0.153584 0.766754
v -0.135383 -0.171777 0.733852
v 0.000948 0.165776 0.140326
v 0.009812 0.164316 0.140210
v -0.036333 0.117878 0.303852
v -0.054514 0.108118 0.373545
v 0.001016 0.187797 0.065459
v -0.061201 0.113097 0.310590
v 0.066410 0.122111 0.293405
v 0.083643 0.108284 0.362100
v 0.090754 0.119450 0.300574
v 0.059390 0.057451 0.614474
v 0.081345 0.068509 0.586988
v -0.036846 0.057261 0.616681
v -0.054852 0.067814 0.593050
v 0.085420 0.044947 0.622386
v -0.067723 0.046454 0.626484
v -0.021922 -0.390608 -0.316085
v 0.007616 -0.389685 -0.317884
v -0.087798 -0.245455 -0.363447
v -0.085672 -0.172396 -0.377992
v -0.007297 -0.444481 -0.297131
v -0.113062 -0.225880 -0.371637
v 0.071202 -0.254498 -0.380991
v 0.076467 -0.170975 -0.383626
v 0.102185 -0.215956 -0.366007
v 0.040617 0.004092 -0.510619
v 0.052364 0.000329 -0.478668
v -0.035613 0.003602 -0.506902
v -0.048709 0.001083 -0.472566
v 0.066517 0.004108 -0.532621
v -0.061803 0.004004 -0.527476
v -0.028906 0.636810 -0.605914
v 0.031418 0.625243 -0.599334
v -0.179878 0.498650 -0.663168
v -0.190126 0.426621 -0.682842
v -0.000599 0.668471 -0.561309
v -0.222107 0.465679 -0.651025
v 0.185064 0.483295 -0.660760
v 0.196720 0.416733 -0.684293
v 0.234814 0.456211 -0.653556
v 0.089477 0.214296 -0.779031
v 0.135503 0.236439 -0.785603
v -0.087793 0.213757 -0.794875
v -0.134662 0.239919 -0.798540
v 0.134625 0.184425 -0.789883
v -0.136310 0.181529 -0.816859
v 0.438123 0.034283 -0.302838
v 0.414130 0.042916 -0.356627
v 0.614845 0.006448 -0.142910
v 0.643678 0.005049 -0.122866
v 0.385558 0.059650 -0.343921
v 0.632045 0.003901 -0.107574
v 0.430976 0.028458 -0.248489
v 0.403226 0.031150 -0.300201
v 0.600438 0.014063 -0.133355
v 0.637302 0.008237 -0.117197
v 0.369314 0.019276 -0.263433
v 0.623100 0.010634 -0.098132
v 0.379420 0.027661 -0.461853
v 0.385134 0.032312 -0.475335
v 0.342577 0.035772 -0.509864
v 0.434572 0.001982 0.267764
v 0.404496 -0.000566 0.317386
v 0.576230 -0.001485 0.139272
v 0.608996 0.003592 0.122235
v 0.383791 0.001186 0.288502
v 0.592076 -0.002386 0.101221
v 0.411360 -0.029622 0.292685
v 0.384514 -0.032994 0.336343
v 0.548476 0.015527 0.159295
v 0.589358 0.008922 0.133666
v 0.373652 -0.056243 0.326990
v 0.565571 0.017982 0.125905
v 0.339296 -0.011047 0.440241
v 0.363393 -0.022795 0.461156
v 0.320332 -0.025747 0.490138
v -0.463676 0.054371 -0.306854
v -0.436517 0.061745 -0.365861
v -0.628499 0.020622 -0.140253
v -0.643638 0.014249 -0.124395
v -0.398542 0.069556 -0.348956
v -0.636886 0.016533 -0.108842
v -0.455976 0.049360 -0.231649
v -0.422907 0.047196 -0.284325
v -0.620496 0.020652 -0.122253
v -0.646491 0.003381 -0.111844
v -0.390762 0.040916 -0.246579
v -0.621220 0.027926 -0.090359
v -0.390098 0.047921 -0.452665
v -0.400347 0.053707 -0.474091
v -0.352360 0.054917 -0.504019
v -0.455331 -0.015412 0.252850
v -0.424262 -0.016864 0.306623
v -0.589906 0.005845 0.114099
v -0.609186 0.007139 0.101185
v -0.402743 -0.013283 0.276958
v -0.603154 0.005906 0.078977
v -0.419751 -0.024822 0.286558
v -0.398836 -0.039227 0.335986
v -0.566353 -0.002584 0.148923
v -0.608830 0.003137 0.121060
v -0.382320 -0.052148 0.324046
v -0.582632 0.000536 0.112868
v -0.365111 -0.038095 0.437783
v -0.368032 -0.028856 0.435111
v -0.332177 -0.039064 0.478303
v -0.011339 0.405011 -0.147623
v -0.002289 0.407487 -0.148087
v -0.004461 0.359230 -0.135308
v -0.024016 0.652572 -0.327070
v 0.023625 0.652434 -0.327655
v 0.003675 0.676614 -0.371427
v -0.181726 0.137343 0.122949
v -0.167748 0.128269 0.186871
v -0.218357 0.102134 0.186038
v -0.286734 0.423949 -0.404614
v -0.274439 0.411794 -0.473555
v -0.271986 0.319390 -0.424088
v -0.504558 0.021540 -0.050780
v -0.559526 0.021798 -0.049592
v -0.555646 0.019873 -0.025077
v 0.177352 0.131376 0.128358
v 0.169571 0.123969 0.190066
v 0.211868 0.096821 0.192896
v 0.289525 0.418915 -0.403133
v 0.290595 0.398851 -0.460861
v 0.282096 0.316641 -0.415704
v 0.494143 0.025081 -0.042494
v 0.555376 0.015997 -0.039314
v 0.547791 0.013807 -0.013894
v -0.022286 -0.594762 0.255059
v 0.018097 -0.595064 0.254516
v -0.000631 -0.597615 0.318199
v -0.030754 -0.602473 -0.167283
v 0.018839 -0.600808 -0.164094
v -0.005945 -0.589256 -0.198635
v -0.319601 -0.344337 0.366448
v -0.320136 -0.354919 0.429445
v -0.328552 -0.283076 0.385323
v -0.308203 -0.281399 -0.269114
v -0.255810 -0.238607 -0.293207
v -0.281331 -0.180552 -0.262239
v -0.474118 -0.000496 0.038510
v -0.533702 0.030210 0.020674
v -0.525431 0.016725 0.044810
v 0.314998 -0.346009 0.378194
v 0.318330 -0.358074 0.442965
v 0.325838 -0.283873 0.395697
v 0.281858 -0.257937 -0.271807
v 0.239223 -0.219945 -0.296126
v 0.264777 -0.166128 -0.271046
v 0.465405 -0.002232 0.040926
v 0.531380 0.023299 0.021090
v 0.515391 0.015997 0.049787
v 0.164466 -0.054420 0.670316
v 0.159479 -0.029519 0.654744
v 0.195614 -0.040166 0.632460
v -0.178775 -0.063225 0.669770
v -0.166629 -0.035138 0.657992
v -0.204800 -0.048320 0.635129
v 0.167961 0.026325 -0.686372
v 0.186504 0.050001 -0.721422
v 0.209554 0.040324 -0.679199
v -0.172725 0.026482 -0.678889
v -0.189598 0.050247 -0.719692
v -0.216700 0.041442 -0.678229
f 1 647 644
f 1 644 643
f 1 643 645
f 1 645 646
f 1 646 647
f 2 649 652
f 6 672 670
f 12 702 699
f 11 696 695
f 8 679 681
f 4 662 659
f 4 659 658
f 4 658 660
f 4 660 661
f 4 661 662
f 5 666 665
f 3 654 657
f 7 673 677
f 9 685 686
f 10 692 688
f 12 701 698
f 6 669 668
f 2 650 648
f 8 682 678
f 11 697 693
f 6 671 669
f 12 700 701
f 11 694 697
f 8 680 682
f 2 651 650
f 10 690 689
f 5 663 664
f 3 655 653
f 7 676 674
f 9 687 684
f 10 691 690
f 5 667 663
f 3 656 655
f 7 675 676
f 9 683 687
f 6 668 672
f 2 648 649
f 8 678 679
f 11 693 696
f 12 698 702
f 10 688 691
f 5 665 667
f 3 657 656
f 7 677 675
f 9 686 683
f 5 664 666
f 3 653 654
f 7 674 673
f 9 684 685
f 10 689 692
f 6 670 671
f 12 699 700
f 11 695 694
f 8 681 680
f 2 652 651
f 35 837 838
f 18 735 736
f 19 742 741
f 40 868 867
f 42 880 879
f 34 832 831
f 33 827 828
f 25 778 780
f 36 844 846
f 20 749 747
f 32 819 820
f 23 765 767
f 24 773 771
f 37 850 849
f 41 876 875
f 34 833 834
f 33 826 825
f 25 779 777
f 36 845 843
f 20 748 750
f 17 729 727
f 14 711 709
f 13 706 703
f 15 718 715
f 16 724 721
f 18 737 733
f 35 839 835
f 42 882 878
f 40 870 866
f 19 744 740
f 30 807 805
f 27 789 787
f 22 762 758
f 28 797 793
f 29 802 799
f 32 821 817
f 23 766 763
f 24 774 770
f 37 852 848
f 41 874 872
f 35 838 836
f 18 736 734
f 19 741 739
f 40 867 865
f 42 879 877
f 34 831 829
f 33 828 824
f 25 780 776
f 36 846 842
f 20 747 745
f 32 820 818
f 23 767 764
f 24 771 769
f 37 849 847
f 41 875 871
f 34 834 830
f 33 825 823
f 25 777 775
f 36 843 841
f 20 750 746
f 14 714 710
f 13 707 704
f 15 719 716
f 16 725 722
f 17 732 728
f 21 755 752
f 31 814 811
f 26 784 781
f 38 857 853
f 39 862 860
f 27 792 788
f 22 759 757
f 28 796 794
f 29 803 800
f 30 810 806
f 31 815 812
f 26 785 782
f 38 856 854
f 39 863 859
f 21 754 751
f 14 712 714
f 13 705 707
f 15 717 719
f 16 723 725
f 17 730 732
f 21 753 755
f 31 816 814
f 26 786 784
f 38 858 857
f 39 861 862
f 27 791 792
f 22 761 759
f 28 795 796
f 29 801 803
f 30 808 810
f 31 813 815
f 26 783 785
f 38 855 856
f 39 864 863
f 21 756 754
f 14 709 712
f 13 703 705
f 15 715 717
f 16 721 723
f 17 727 730
f 21 751 753
f 31 812 816
f 26 782 786
f 38 854 858
f 39 859 861
f 27 787 791
f 22 758 761
f 28 793 795
f 29 799 801
f 30 805 808
f 31 811 813
f 26 781 783
f 38 853 855
f 39 860 864
f 21 752 756
f 17 728 731
f 14 710 713
f 13 704 708
f 15 716 720
f 16 722 726
f 18 734 738
f 35 836 840
f 42 877 881
f 40 865 869
f 19 739 743
f 30 806 809
f 27 788 790
f 22 757 760
f 28 794 798
f 29 800 804
f 32 818 822
f 23 764 768
f 24 769 772
f 37 847 851
f 41 871 873
f 35 835 837
f 18 733 735
f 19 740 742
f 40 866 868
f 42 878 880
f 34 830 832
f 33 823 827
f 25 775 778
f 36 841 844
f 20 746 749
f 32 817 819
f 23 763 765
f 24 770 773
f 37 848 850
f 41 872 876
f 34 829 833
f 33 824 826
f 25 776 779
f 36 842 845
f 20 745 748
f 17 731 729
f 14 713 711
f 13 708 706
f 15 720 718
f 16 726 724
f 18 738 737
f 35 840 839
f 42 881 882
f 40 869 870
f 19 743 744
f 30 809 807
f 27 790 789
f 22 760 762
f 28 798 797
f 29 804 802
f 32 822 821
f 23 768 766
f 24 772 774
f 37 851 852
f 41 873 874
f 107 1269 1270
f 103 1245 1246
f 104 1252 1251
f 110 1288 1287
f 113 1306 1305
f 118 1336 1335
f 154 1551 1552
f 141 1473 1474
f 162 1599 1600
f 121 1354 1353
f 142 1479 1480
f 129 1401 1402
f 130 1408 1407
f 144 1492 1491
f 146 1504 1503
f 151 1533 1534
f 131 1414 1413
f 136 1444 1443
f 161 1594 1593
f 126 1383 1384
f 116 1323 1324
f 108 1275 1276
f 106 1263 1264
f 112 1299 1300
f 115 1317 1318
f 119 1341 1342
f 156 1564 1563
f 139 1462 1461
f 160 1588 1587
f 120 1347 1348
f 149 1521 1522
f 132 1420 1419
f 128 1395 1396
f 145 1497 1498
f 148 1515 1516
f 155 1557 1558
f 133 1425 1426
f 134 1431 1432
f 157 1570 1569
f 124 1372 1371
f 109 1282 1281
f 105 1258 1257
f 111 1294 1293
f 114 1312 1311
f 117 1330 1329
f 125 1378 1377
f 152 1540 1539
f 137 1449 1450
f 158 1575 1576
f 123 1365 1366
f 143 1486 1485
f 127 1390 1389
f 135 1437 1438
f 147 1510 1509
f 150 1528 1527
f 153 1546 1545
f 140 1468 1467
f 138 1455 1456
f 159 1581 1582
f 122 1359 1360
f 107 1272 1271
f 103 1248 1247
f 104 1253 1254
f 110 1289 1290
f 113 1307 1308
f 118 1337 1338
f 154 1554 1553
f 141 1476 1475
f 162 1602 1601
f 121 1355 1356
f 142 1482 1481
f 129 1404 1403
f 130 1409 1410
f 144 1493 1494
f 146 1505 1506
f 151 1536 1535
f 131 1415 1416
f 136 1445 1446
f 161 1595 1596
f 126 1386 1385
f 47 909 907
f 44 891 889
f 43 886 883
f 45 898 895
f 46 904 901
f 49 922 919
f 72 1060 1057
f 102 1240 1237
f 96 1204 1201
f 79 1102 1099
f 62 999 997
f 59 981 979
f 58 976 973
f 60 988 985
f 61 994 991
f 66 1024 1021
f 54 952 949
f 73 1066 1063
f 85 1138 1135
f 92 1179 1177
f 101 1233 1231
f 69 1041 1039
f 50 927 925
f 82 1119 1117
f 97 1209 1207
f 71 1053 1051
f 100 1228 1225
f 94 1192 1189
f 80 1108 1105
f 51 933 931
f 90 1167 1165
f 63 1005 1003
f 55 957 955
f 76 1083 1081
f 87 1150 1147
f 91 1174 1171
f 67 1029 1027
f 56 963 961
f 75 1077 1075
f 83 1126 1123
f 68 1036 1033
f 48 915 913
f 78 1095 1093
f 93 1185 1183
f 98 1216 1213
f 88 1155 1153
f 65 1018 1015
f 57 970 967
f 77 1090 1087
f 86 1143 1141
f 64 1012 1009
f 53 945 943
f 74 1071 1069
f 84 1131 1129
f 89 1162 1159
f 70 1047 1045
f 99 1221 1219
f 95 1197 1195
f 81 1114 1111
f 52 940 937
f 109 1284 1280
f 105 1260 1256
f 111 1296 1292
f 114 1314 1310
f 117 1332 1328
f 125 1380 1376
f 152 1542 1538
f 137 1451 1447
f 158 1577 1573
f 123 1367 1363
f 143 1488 1484
f 127 1392 1388
f 135 1439 1435
f 147 1512 1508
f 150 1530 1526
f 153 1548 1544
f 140 1470 1466
f 138 1457 1453
f 159 1583 1579
f 122 1361 1357
f 107 1270 1268
f 103 1246 1244
f 104 1251 1249
f 110 1287 1285
f 113 1305 1303
f 118 1335 1333
f 154 1552 1550
f 141 1474 1472
f 162 1600 1598
f 121 1353 1351
f 142 1480 1478
f 129 1402 1400
f 130 1407 1405
f 144 1491 1489
f 146 1503 1501
f 151 1534 1532
f 131 1413 1411
f 136 1443 1441
f 161 1593 1591
f 126 1384 1382
f 116 1324 1322
f 108 1276 1274
f 106 1264 1262
f 112 1300 1298
f 115 1318 1316
f 119 1342 1340
f 156 1563 1561
f 139 1461 1459
f 160 1587 1585
f 120 1348 1346
f 149 1522 1520
f 132 1419 1417
f 128 1396 1394
f 145 1498 1496
f 148 1516 1514
f 155 1558 1556
f 133 1426 1424
f 134 1432 1430
f 157 1569 1567
f 124 1371 1369
f 109 1281 1279
f 105 1257 1255
f 111 1293 1291
f 114 1311 1309
f 117 1329 1327
f 125 1377 1375
f 152 1539 1537
f 137 1450 1448
f 158 1576 1574
f 123 1366 1364
f 143 1485 1483
f 127 1389 1387
f 135 1438 1436
f 147 1509 1507
f 150 1527 1525
f 153 1545 1543
f 140 1467 1465
f 138 1456 1454
f 159 1582 1580
f 122 1360 1358
f 107 1271 1267
f 103 1247 1243
f 104 1254 1250
f 110 1290 1286
f 113 1308 1304
f 118 1338 1334
f 154 1553 1549
f 141 1475 1471
f 162 1601 1597
f 121 1356 1352
f 142 1481 1477
f 129 1403 1399
f 130 1410 1406
f 144 1494 1490
f 146 1506 1502
f 151 1535 1531
f 131 1416 1412
f 136 1446 1442
f 161 1596 1592
f 126 1385 1381
f 44 894 890
f 43 887 884
f 45 899 896
f 46 905 902
f 47 912 908
f 52 941 938
f 70 1050 1046
f 99 1224 1220
f 95 1200 1196
f 81 1115 1112
f 59 984 980
f 58 977 974
f 60 989 986
f 61 995 992
f 62 1002 998
f 65 1019 1016
f 57 971 968
f 77 1091 1088
f 86 1146 1142
f 88 1158 1154
f 98 1217 1214
f 68 1037 1034
f 48 918 914
f 78 1098 1094
f 93 1188 1184
f 69 1044 1040
f 101 1236 1232
f 97 1212 1208
f 82 1122 1118
f 50 930 926
f 89 1163 1160
f 64 1013 1010
f 53 948 944
f 74 1074 1070
f 84 1134 1130
f 90 1170 1166
f 63 1008 1004
f 55 960 956
f 76 1086 1082
f 87 1151 1148
f 72 1061 1058
f 49 923 920
f 79 1103 1100
f 96 1205 1202
f 102 1241 1238
f 91 1175 1172
f 67 1032 1028
f 56 966 962
f 75 1080 1076
f 83 1127 1124
f 66 1025 1022
f 54 953 950
f 73 1067 1064
f 85 1139 1136
f 92 1182 1178
f 71 1056 1052
f 100 1229 1226
f 94 1193 1190
f 80 1109 1106
f 51 936 932
f 116 1325 1321
f 108 1277 1273
f 106 1265 1261
f 112 1301 1297
f 115 1319 1315
f 119 1343 1339
f 156 1566 1562
f 139 1464 1460
f 160 1590 1586
f 120 1349 1345
f 149 1523 1519
f 132 1422 1418
f 128 1397 1393
f 145 1499 1495
f 148 1517 1513
f 155 1559 1555
f 133 1427 1423
f 134 1433 1429
f 157 1572 1568
f 124 1374 1370
f 44 892 894
f 43 885 887
f 45 897 899
f 46 903 905
f 47 910 912
f 52 939 941
f 70 1048 1050
f 99 1222 1224
f 95 1198 1200
f 81 1113 1115
f 59 982 984
f 58 975 977
f 60 987 989
f 61 993 995
f 62 1000 1002
f 65 1017 1019
f 57 969 971
f 77 1089 1091
f 86 1144 1146
f 88 1156 1158
f 98 1215 1217
f 68 1035 1037
f 48 916 918
f 78 1096 1098
f 93 1186 1188
f 69 1042 1044
f 101 1234 1236
f 97 1210 1212
f 82 1120 1122
f 50 928 930
f 89 1161 1163
f 64 1011 1013
f 53 946 948
f 74 1072 1074
f 84 1132 1134
f 90 1168 1170
f 63 1006 1008
f 55 958 960
f 76 1084 1086
f 87 1149 1151
f 72 1059 1061
f 49 921 923
f 79 1101 1103
f 96 1203 1205
f 102 1239 1241
f 91 1173 1175
f 67 1030 1032
f 56 964 966
f 75 1078 1080
f 83 1125 1127
f 66 1023 1025
f 54 951 953
f 73 1065 1067
f 85 1137 1139
f 92 1180 1182
f 71 1054 1056
f 100 1227 1229
f 94 1191 1193
f 80 1107 1109
f 51 934 936
f 116 1326 1325
f 108 1278 1277
f 106 1266 1265
f 112 1302 1301
f 115 1320 1319
f 119 1344 1343
f 156 1565 1566
f 139 1463 1464
f 160 1589 1590
f 120 1350 1349
f 149 1524 1523
f 132 1421 1422
f 128 1398 1397
f 145 1500 1499
f 148 1518 1517
f 155 1560 1559
f 133 1428 1427
f 134 1434 1433
f 157 1571 1572
f 124 1373 1374
f 44 889 892
f 43 883 885
f 45 895 897
f 46 901 903
f 47 907 910
f 52 937 939
f 70 1045 1048
f 99 1219 1222
f 95 1195 1198
f 81 1111 1113
f 59 979 982
f 58 973 975
f 60 985 987
f 61 991 993
f 62 997 1000
f 65 1015 1017
f 57 967 969
f 77 1087 1089
f 86 1141 1144
f 88 1153 1156
f 98 1213 1215
f 68 1033 1035
f 48 913 916
f 78 1093 1096
f 93 1183 1186
f 69 1039 1042
f 101 1231 1234
f 97 1207 1210
f 82 1117 1120
f 50 925 928
f 89 1159 1161
f 64 1009 1011
f 53 943 946
f 74 1069 1072
f 84 1129 1132
f 90 1165 1168
f 63 1003 1006
f 55 955 958
f 76 1081 1084
f 87 1147 1149
f 72 1057 1059
f 49 919 921
f 79 1099 1101
f 96 1201 1203
f 102 1237 1239
f 91 1171 1173
f 67 1027 1030
f 56 961 964
f 75 1075 1078
f 83 1123 1125
f 66 1021 1023
f 54 949 951
f 73 1063 1065
f 85 1135 1137
f 92 1177 1180
f 71 1051 1054
f 100 1225 1227
f 94 1189 1191
f 80 1105 1107
f 51 931 934
f 116 1322 1326
f 108 1274 1278
f 106 1262 1266
f 112 1298 1302
f 115 1316 1320
f 119 1340 1344
f 156 1561 1565
f 139 1459 1463
f 160 1585 1589
f 120 1346 1350
f 149 1520 1524
f 132 1417 1421
f 128 1394 1398
f 145 1496 1500
f 148 1514 1518
f 155 1556 1560
f 133 1424 1428
f 134 1430 1434
f 157 1567 1571
f 124 1369 1373
f 47 908 911
f 44 890 893
f 43 884 888
f 45 896 900
f 46 902 906
f 49 920 924
f 72 1058 1062
f 102 1238 1242
f 96 1202 1206
f 79 1100 1104
f 62 998 1001
f 59 980 983
f 58 974 978
f 60 986 990
f 61 992 996
f 66 1022 1026
f 54 950 954
f 73 1064 1068
f 85 1136 1140
f 92 1178 1181
f 101 1232 1235
f 69 1040 1043
f 50 926 929
f 82 1118 1121
f 97 1208 1211
f 71 1052 1055
f 100 1226 1230
f 94 1190 1194
f 80 1106 1110
f 51 932 935
f 90 1166 1169
f 63 1004 1007
f 55 956 959
f 76 1082 1085
f 87 1148 1152
f 91 1172 1176
f 67 1028 1031
f 56 962 965
f 75 1076 1079
f 83 1124 1128
f 68 1034 1038
f 48 914 917
f 78 1094 1097
f 93 1184 1187
f 98 1214 1218
f 88 1154 1157
f 65 1016 1020
f 57 968 972
f 77 1088 1092
f 86 1142 1145
f 64 1010 1014
f 53 944 947
f 74 1070 1073
f 84 1130 1133
f 89 1160 1164
f 70 1046 1049
f 99 1220 1223
f 95 1196 1199
f 81 1112 1116
f 52 938 942
f 109 1279 1283
f 105 1255 1259
f 111 1291 1295
f 114 1309 1313
f 117 1327 1331
f 125 1375 1379
f 152 1537 1541
f 137 1448 1452
f 158 1574 1578
f 123 1364 1368
f 143 1483 1487
f 127 1387 1391
f 135 1436 1440
f 147 1507 1511
f 150 1525 1529
f 153 1543 1547
f 140 1465 1469
f 138 1454 1458
f 159 1580 1584
f 122 1358 1362
f 107 1267 1269
f 103 1243 1245
f 104 1250 1252
f 110 1286 1288
f 113 1304 1306
f 118 1334 1336
f 154 1549 1551
f 141 1471 1473
f 162 1597 1599
f 121 1352 1354
f 142 1477 1479
f 129 1399 1401
f 130 1406 1408
f 144 1490 1492
f 146 1502 1504
f 151 1531 1533
f 131 1412 1414
f 136 1442 1444
f 161 1592 1594
f 126 1381 1383
f 116 1321 1323
f 108 1273 1275
f 106 1261 1263
f 112 1297 1299
f 115 1315 1317
f 119 1339 1341
f 156 1562 1564
f 139 1460 1462
f 160 1586 1588
f 120 1345 1347
f 149 1519 1521
f 132 1418 1420
f 128 1393 1395
f 145 1495 1497
f 148 1513 1515
f 155 1555 1557
f 133 1423 1425
f 134 1429 1431
f 157 1568 1570
f 124 1370 1372
f 109 1280 1282
f 105 1256 1258
f 111 1292 1294
f 114 1310 1312
f 117 1328 1330
f 125 1376 1378
f 152 1538 1540
f 137 1447 1449
f 158 1573 1575
f 123 1363 1365
f 143 1484 1486
f 127 1388 1390
f 135 1435 1437
f 147 1508 1510
f 150 1526 1528
f 153 1544 1546
f 140 1466 1468
f 138 1453 1455
f 159 1579 1581
f 122 1357 1359
f 107 1268 1272
f 103 1244 1248
f 104 1249 1253
f 110 1285 1289
f 113 1303 1307
f 118 1333 1337
f 154 1550 1554
f 141 1472 1476
f 162 1598 1602
f 121 1351 1355
f 142 1478 1482
f 129 1400 1404
f 130 1405 1409
f 144 1489 1493
f 146 1501 1505
f 151 1532 1536
f 131 1411 1415
f 136 1441 1445
f 161 1591 1595
f 126 1382 1386
f 47 911 909
f 44 893 891
f 43 888 886
f 45 900 898
f 46 906 904
f 49 924 922
f 72 1062 1060
f 102 1242 1240
f 96 1206 1204
f 79 1104 1102
f 62 1001 999
f 59 983 981
f 58 978 976
f 60 990 988
f 61 996 994
f 66 1026 1024
f 54 954 952
f 73 1068 1066
f 85 1140 1138
f 92 1181 1179
f 101 1235 1233
f 69 1043 1041
f 50 929 927
f 82 1121 1119
f 97 1211 1209
f 71 1055 1053
f 100 1230 1228
f 94 1194 1192
f 80 1110 1108
f 51 935 933
f 90 1169 1167
f 63 1007 1005
f 55 959 957
f 76 1085 1083
f 87 1152 1150
f 91 1176 1174
f 67 1031 1029
f 56 965 963
f 75 1079 1077
f 83 1128 1126
f 68 1038 1036
f 48 917 915
f 78 1097 1095
f 93 1187 1185
f 98 1218 1216
f 88 1157 1155
f 65 1020 1018
f 57 972 970
f 77 1092 1090
f 86 1145 1143
f 64 1014 1012
f 53 947 945
f 74 1073 1071
f 84 1133 1131
f 89 1164 1162
f 70 1049 1047
f 99 1223 1221
f 95 1199 1197
f 81 1116 1114
f 52 942 940
f 109 1283 1284
f 105 1259 1260
f 111 1295 1296
f 114 1313 1314
f 117 1331 1332
f 125 1379 1380
f 152 1541 1542
f 137 1452 1451
f 158 1578 1577
f 123 1368 1367
f 143 1487 1488
f 127 1391 1392
f 135 1440 1439
f 147 1511 1512
f 150 1529 1530
f 153 1547 1548
f 140 1469 1470
f 138 1458 1457
f 159 1584 1583
f 122 1362 1361
f 407 1609 1616
f 403 1605 1608
f 404 1611 1606
f 410 1614 1612
f 413 1617 1615
f 422 1631 1624
f 486 1688 1692
f 573 1775 1782
f 561 1763 1765
f 512 1719 1714
f 452 1654 1661
f 448 1650 1653
f 449 1656 1651
f 455 1659 1657
f 458 1662 1660
f 470 1672 1675
f 437 1646 1639
f 494 1706 1696
f 531 1735 1733
f 539 1741 1751
f 568 1770 1779
f 478 1680 1683
f 419 1621 1626
f 509 1711 1721
f 554 1756 1766
f 482 1684 1689
f 576 1780 1778
f 558 1767 1760
f 516 1722 1718
f 425 1627 1629
f 542 1744 1747
f 463 1668 1665
f 434 1636 1641
f 497 1699 1704
f 528 1730 1737
f 546 1748 1750
f 464 1666 1676
f 440 1642 1644
f 500 1705 1702
f 524 1736 1726
f 479 1691 1681
f 418 1623 1620
f 508 1713 1710
f 553 1764 1755
f 569 1781 1771
f 538 1749 1740
f 471 1677 1673
f 443 1645 1647
f 501 1703 1707
f 523 1725 1734
f 467 1674 1669
f 433 1638 1635
f 493 1695 1698
f 527 1732 1729
f 543 1752 1745
f 485 1690 1687
f 572 1777 1774
f 557 1759 1762
f 515 1717 1720
f 428 1630 1632
f 591 2191 2189
f 587 1885 1883
f 588 1901 1903
f 594 2279 2281
f 597 2315 2317
f 600 2171 2173
f 634 2160 2158
f 619 2016 2012
f 639 2214 2210
f 602 1919 1924
f 624 2137 2135
f 608 1978 1973
f 610 1991 1996
f 627 2225 2227
f 630 2302 2304
f 635 2178 2176
f 615 2153 2155
f 617 2009 2014
f 637 2207 2212
f 604 1926 1922
f 416 1857 1864
f 408 1803 1810
f 406 1786 1795
f 412 1822 1831
f 415 1840 1849
f 424 1876 1887
f 492 2182 2193
f 582 2312 2321
f 565 2276 2285
f 514 1898 1907
f 461 2091 2098
f 453 2037 2044
f 451 1952 1961
f 457 2056 2067
f 460 2074 2083
f 475 2128 2139
f 439 1966 1975
f 496 1988 1997
f 533 2222 2231
f 551 2293 2298
f 579 2185 2190
f 483 1879 1884
f 426 1893 1900
f 521 2271 2278
f 566 2307 2314
f 489 2163 2170
f 578 2150 2159
f 560 2006 2015
f 518 2204 2213
f 429 1911 1918
f 547 2131 2136
f 465 1969 1977
f 441 1983 1990
f 504 2217 2224
f 537 2290 2301
f 550 2168 2177
f 476 2145 2152
f 444 2001 2008
f 502 2199 2206
f 526 1916 1925
f 481 1808 1817
f 420 1789 1797
f 510 1825 1833
f 555 1843 1851
f 571 1862 1871
f 540 1933 1941
f 473 2110 2119
f 447 2020 2029
f 507 2236 2247
f 534 2257 2262
f 469 2042 2051
f 435 1947 1954
f 498 2059 2064
f 529 2077 2085
f 545 2096 2105
f 487 2113 2121
f 574 2023 2031
f 562 2239 2244
f 520 2254 2265
f 432 1930 1939
f 589 1818 1814
f 583 1798 1793
f 586 1834 1829
f 593 1852 1847
f 596 1872 1868
f 599 1942 1937
f 633 2120 2124
f 620 2030 2034
f 640 2248 2250
f 603 2263 2261
f 622 2052 2050
f 607 1955 1960
f 612 2065 2063
f 626 2086 2081
f 629 2106 2102
f 631 2122 2117
f 614 2032 2027
f 618 2245 2243
f 641 2266 2268
f 605 1940 1944
f 409 1813 1804
f 405 1792 1785
f 411 1828 1821
f 414 1846 1839
f 417 1867 1858
f 431 1936 1929
f 488 2123 2114
f 575 2033 2024
f 563 2249 2240
f 519 2260 2253
f 454 2049 2038
f 450 1959 1951
f 456 2062 2055
f 459 2080 2073
f 462 2101 2092
f 472 2116 2109
f 446 2026 2019
f 506 2242 2235
f 535 2267 2258
f 541 1943 1934
f 570 1869 1861
f 480 1815 1807
f 421 1799 1790
f 511 1835 1826
f 556 1853 1844
f 484 1889 1880
f 580 2195 2186
f 567 2319 2308
f 522 2283 2272
f 427 1905 1894
f 544 2103 2095
f 468 2046 2041
f 436 1957 1948
f 499 2069 2060
f 530 2087 2078
f 548 2141 2132
f 466 1979 1970
f 442 1993 1984
f 505 2229 2218
f 536 2296 2289
f 491 2188 2181
f 423 1882 1875
f 513 1902 1897
f 564 2280 2275
f 581 2316 2311
f 549 2172 2167
f 477 2157 2146
f 445 2011 2002
f 503 2209 2200
f 525 1923 1915
f 474 2134 2127
f 438 1972 1965
f 495 1995 1987
f 532 2226 2221
f 552 2303 2294
f 490 2175 2164
f 577 2154 2149
f 559 2013 2005
f 517 2211 2203
f 430 1921 1912
f 590 1865 1870
f 584 1811 1816
f 585 1796 1800
f 592 1832 1836
f 595 1850 1854
f 598 1888 1890
f 636 2194 2196
f 621 2322 2320
f 642 2286 2284
f 601 1908 1906
f 623 2099 2104
f 611 2045 2047
f 609 1962 1958
f 625 2068 2070
f 628 2084 2088
f 632 2140 2142
f 613 1976 1980
f 616 1998 1994
f 638 2232 2230
f 606 2299 2297
f 407 2330 2329
f 403 2324 2323
f 404 2325 2326
f 410 2332 2333
f 413 2335 2336
f 422 2344 2345
f 486 2410 2409
f 573 2497 2496
f 561 2486 2485
f 512 2434 2435
f 452 2375 2374
f 448 2369 2368
f 449 2370 2371
f 455 2377 2378
f 458 2380 2381
f 470 2393 2392
f 437 2359 2360
f 494 2415 2416
f 531 2455 2456
f 539 2461 2460
f 568 2489 2488
f 478 2399 2398
f 419 2341 2340
f 509 2431 2430
f 554 2476 2475
f 482 2405 2404
f 576 2500 2501
f 558 2481 2482
f 516 2439 2440
f 425 2348 2347
f 542 2465 2464
f 463 2383 2384
f 434 2356 2355
f 497 2420 2419
f 528 2452 2451
f 546 2471 2470
f 464 2386 2385
f 440 2363 2362
f 500 2422 2423
f 524 2445 2446
f 479 2400 2401
f 418 2338 2339
f 508 2428 2429
f 553 2473 2474
f 569 2490 2491
f 538 2458 2459
f 471 2394 2395
f 443 2366 2365
f 501 2425 2424
f 523 2444 2443
f 467 2389 2390
f 433 2353 2354
f 493 2414 2413
f 527 2449 2450
f 543 2466 2467
f 485 2407 2408
f 572 2494 2495
f 557 2480 2479
f 515 2438 2437
f 428 2351 2350
f 591 2510 2511
f 587 2504 2505
f 588 2508 2507
f 594 2514 2513
f 597 2517 2516
f 600 2520 2519
f 634 2554 2556
f 619 2539 2540
f 639 2560 2561
f 602 2523 2521
f 624 2543 2544
f 608 2527 2529
f 610 2532 2530
f 627 2547 2546
f 630 2550 2549
f 635 2552 2553
f 615 2535 2534
f 617 2538 2536
f 637 2558 2557
f 604 2524 2525
f 167 1607 647
f 164 1603 644
f 163 1604 643
f 165 1610 645
f 166 1613 646
f 169 1622 649
f 192 1686 672
f 222 1773 702
f 216 1761 696
f 199 1712 679
f 182 1652 662
f 179 1648 659
f 178 1649 658
f 180 1655 660
f 181 1658 661
f 186 1670 666
f 174 1637 654
f 193 1694 673
f 205 1731 685
f 212 1739 692
f 221 1768 701
f 189 1678 669
f 170 1619 650
f 202 1709 682
f 217 1754 697
f 191 1682 671
f 220 1776 700
f 214 1758 694
f 200 1716 680
f 171 1625 651
f 210 1742 690
f 183 1663 663
f 175 1634 655
f 196 1697 676
f 207 1728 687
f 211 1746 691
f 187 1664 667
f 176 1640 656
f 195 1700 675
f 203 1724 683
f 188 1679 668
f 168 1618 648
f 198 1708 678
f 213 1753 693
f 218 1769 698
f 208 1738 688
f 185 1671 665
f 177 1643 657
f 197 1701 677
f 206 1723 686
f 184 1667 664
f 173 1633 653
f 194 1693 674
f 204 1727 684
f 209 1743 689
f 190 1685 670
f 219 1772 699
f 215 1757 695
f 201 1715 681
f 172 1628 652
f 357 2187 837
f 255 1881 735
f 262 1899 742
f 388 2277 868
f 400 2313 880
f 352 2169 832
f 347 2156 827
f 298 2010 778
f 364 2208 844
f 269 1917 749
f 339 2133 819
f 285 1971 765
f 293 1989 773
f 370 2223 850
f 396 2300 876
f 353 2174 833
f 346 2151 826
f 299 2007 779
f 365 2205 845
f 268 1920 748
f 249 1855 729
f 231 1801 711
f 226 1784 706
f 238 1820 718
f 244 1838 724
f 257 1874 737
f 359 2180 839
f 402 2310 882
f 390 2274 870
f 264 1896 744
f 327 2089 807
f 309 2035 789
f 282 1950 762
f 317 2054 797
f 322 2072 802
f 341 2126 821
f 286 1964 766
f 294 1986 774
f 372 2220 852
f 394 2291 874
f 358 2183 838
f 256 1877 736
f 261 1891 741
f 387 2269 867
f 399 2305 879
f 351 2161 831
f 348 2148 828
f 300 2004 780
f 366 2202 846
f 267 1909 747
f 340 2129 820
f 287 1967 767
f 291 1981 771
f 369 2215 849
f 395 2288 875
f 354 2166 834
f 345 2143 825
f 297 1999 777
f 363 2197 843
f 270 1914 750
f 234 1806 714
f 227 1787 707
f 239 1823 719
f 245 1841 725
f 252 1860 732
f 275 1931 755
f 334 2108 814
f 304 2018 784
f 377 2234 857
f 382 2255 862
f 312 2040 792
f 279 1945 759
f 316 2057 796
f 323 2075 803
f 330 2094 810
f 335 2111 815
f 305 2021 785
f 376 2237 856
f 383 2252 863
f 274 1928 754
f 232 1812 712
f 225 1791 705
f 237 1827 717
f 243 1845 723
f 250 1866 730
f 273 1935 753
f 336 2118 816
f 306 2028 786
f 378 2246 858
f 381 2259 861
f 311 2048 791
f 281 1953 761
f 315 2061 795
f 321 2079 801
f 328 2100 808
f 333 2115 813
f 303 2025 783
f 375 2241 855
f 384 2264 864
f 276 1938 756
f 229 1802 709
f 223 1783 703
f 235 1819 715
f 241 1837 721
f 247 1856 727
f 271 1927 751
f 332 2112 812
f 302 2022 782
f 374 2238 854
f 379 2251 859
f 307 2036 787
f 278 1949 758
f 313 2053 793
f 319 2071 799
f 325 2090 805
f 331 2107 811
f 301 2017 781
f 373 2233 853
f 380 2256 860
f 272 1932 752
f 248 1859 728
f 230 1805 710
f 224 1788 704
f 236 1824 716
f 242 1842 722
f 254 1878 734
f 356 2184 836
f 397 2306 877
f 385 2270 865
f 259 1892 739
f 326 2093 806
f 308 2039 788
f 277 1946 757
f 314 2058 794
f 320 2076 800
f 338 2130 818
f 284 1968 764
f 289 1982 769
f 367 2216 847
f 391 2287 871
f 355 2179 835
f 253 1873 733
f 260 1895 740
f 386 2273 866
f 398 2309 878
f 350 2165 830
f 343 2144 823
f 295 2000 775
f 361 2198 841
f 266 1913 746
f 337 2125 817
f 283 1963 763
f 290 1985 770
f 368 2219 848
f 392 2292 872
f 349 2162 829
f 344 2147 824
f 296 2003 776
f 362 2201 842
f 265 1910 745
f 251 1863 731
f 233 1809 713
f 228 1794 708
f 240 1830 720
f 246 1848 726
f 258 1886 738
f 360 2192 840
f 401 2318 881
f 389 2282 869
f 263 1904 743
f 329 2097 809
f 310 2043 790
f 280 1956 760
f 318 2066 798
f 324 2082 804
f 342 2138 822
f 288 1974 768
f 292 1992 772
f 371 2228 851
f 393 2295 873
f 409 2331 1269
f 405 2327 1245
f 411 2328 1252
f 414 2334 1288
f 417 2337 1306
f 431 2346 1336
f 488 2412 1551
f 575 2499 1473
f 563 2487 1599
f 519 2436 1354
f 454 2376 1479
f 450 2372 1401
f 456 2373 1408
f 459 2379 1492
f 462 2382 1504
f 472 2396 1533
f 446 2361 1414
f 506 2418 1444
f 535 2457 1594
f 541 2463 1383
f 570 2492 1323
f 480 2402 1275
f 421 2343 1263
f 511 2433 1299
f 556 2478 1317
f 484 2406 1341
f 580 2502 1564
f 567 2484 1462
f 522 2442 1588
f 427 2349 1347
f 544 2468 1521
f 468 2387 1420
f 436 2358 1395
f 499 2421 1497
f 530 2454 1515
f 548 2472 1557
f 466 2388 1425
f 442 2364 1431
f 505 2426 1570
f 536 2448 1372
f 491 2403 1282
f 423 2342 1258
f 513 2432 1294
f 564 2477 1312
f 581 2493 1330
f 549 2462 1378
f 477 2397 1540
f 445 2367 1449
f 503 2427 1575
f 525 2447 1365
f 474 2391 1486
f 438 2357 1390
f 495 2417 1437
f 532 2453 1510
f 552 2469 1528
f 490 2411 1546
f 577 2498 1468
f 559 2483 1455
f 517 2441 1581
f 430 2352 1359
f 590 2509 1272
f 584 2503 1248
f 585 2506 1253
f 592 2512 1289
f 595 2515 1307
f 598 2518 1337
f 636 2555 1554
f 621 2541 1476
f 642 2562 1602
f 601 2522 1355
f 623 2542 1482
f 611 2528 1404
f 609 2531 1409
f 625 2545 1493
f 628 2548 1505
f 632 2551 1536
f 613 2533 1415
f 616 2537 1445
f 638 2559 1595
f 606 2526 1386
f 407 1616 909
f 403 1608 891
f 404 1606 886
f 410 1612 898
f 413 1615 904
f 422 1624 922
f 486 1692 1060
f 573 1782 1240
f 561 1765 1204
f 512 1714 1102
f 452 1661 999
f 448 1653 981
f 449 1651 976
f 455 1657 988
f 458 1660 994
f 470 1675 1024
f 437 1639 952
f 494 1696 1066
f 531 1733 1138
f 539 1751 1179
f 568 1779 1233
f 478 1683 1041
f 419 1626 927
f 509 1721 1119
f 554 1766 1209
f 482 1689 1053
f 576 1778 1228
f 558 1760 1192
f 516 1718 1108
f 425 1629 933
f 542 1747 1167
f 463 1665 1005
f 434 1641 957
f 497 1704 1083
f 528 1737 1150
f 546 1750 1174
f 464 1676 1029
f 440 1644 963
f 500 1702 1077
f 524 1726 1126
f 479 1681 1036
f 418 1620 915
f 508 1710 1095
f 553 1755 1185
f 569 1771 1216
f 538 1740 1155
f 471 1673 1018
f 443 1647 970
f 501 1707 1090
f 523 1734 1143
f 467 1669 1012
f 433 1635 945
f 493 1698 1071
f 527 1729 1131
f 543 1745 1162
f 485 1687 1047
f 572 1774 1221
f 557 1762 1197
f 515 1720 1114
f 428 1632 940
f 591 2189 1284
f 587 1883 1260
f 588 1903 1296
f 594 2281 1314
f 597 2317 1332
f 600 2173 1380
f 634 2158 1542
f 619 2012 1451
f 639 2210 1577
f 602 1924 1367
f 624 2135 1488
f 608 1973 1392
f 610 1996 1439
f 627 2227 1512
f 630 2304 1530
f 635 2176 1548
f 615 2155 1470
f 617 2014 1457
f 637 2212 1583
f 604 1922 1361
f 416 1864 1270
f 408 1810 1246
f 406 1795 1251
f 412 1831 1287
f 415 1849 1305
f 424 1887 1335
f 492 2193 1552
f 582 2321 1474
f 565 2285 1600
f 514 1907 1353
f 461 2098 1480
f 453 2044 1402
f 451 1961 1407
f 457 2067 1491
f 460 2083 1503
f 475 2139 1534
f 439 1975 1413
f 496 1997 1443
f 533 2231 1593
f 551 2298 1384
f 579 2190 1324
f 483 1884 1276
f 426 1900 1264
f 521 2278 1300
f 566 2314 1318
f 489 2170 1342
f 578 2159 1563
f 560 2015 1461
f 518 2213 1587
f 429 1918 1348
f 547 2136 1522
f 465 1977 1419
f 441 1990 1396
f 504 2224 1498
f 537 2301 1516
f 550 2177 1558
f 476 2152 1426
f 444 2008 1432
f 502 2206 1569
f 526 1925 1371
f 481 1817 1281
f 420 1797 1257
f 510 1833 1293
f 555 1851 1311
f 571 1871 1329
f 540 1941 1377
f 473 2119 1539
f 447 2029 1450
f 507 2247 1576
f 534 2262 1366
f 469 2051 1485
f 435 1954 1389
f 498 2064 1438
f 529 2085 1509
f 545 2105 1527
f 487 2121 1545
f 574 2031 1467
f 562 2244 1456
f 520 2265 1582
f 432 1939 1360
f 589 1814 1271
f 583 1793 1247
f 586 1829 1254
f 593 1847 1290
f 596 1868 1308
f 599 1937 1338
f 633 2124 1553
f 620 2034 1475
f 640 2250 1601
f 603 2261 1356
f 622 2050 1481
f 607 1960 1403
f 612 2063 1410
f 626 2081 1494
f 629 2102 1506
f 631 2117 1535
f 614 2027 1416
f 618 2243 1446
f 641 2268 1596
f 605 1944 1385
f 409 1804 894
f 405 1785 887
f 411 1821 899
f 414 1839 905
f 417 1858 912
f 431 1929 941
f 488 2114 1050
f 575 2024 1224
f 563 2240 1200
f 519 2253 1115
f 454 2038 984
f 450 1951 977
f 456 2055 989
f 459 2073 995
f 462 2092 1002
f 472 2109 1019
f 446 2019 971
f 506 2235 1091
f 535 2258 1146
f 541 1934 1158
f 570 1861 1217
f 480 1807 1037
f 421 1790 918
f 511 1826 1098
f 556 1844 1188
f 484 1880 1044
f 580 2186 1236
f 567 2308 1212
f 522 2272 1122
f 427 1894 930
f 544 2095 1163
f 468 2041 1013
f 436 1948 948
f 499 2060 1074
f 530 2078 1134
f 548 2132 1170
f 466 1970 1008
f 442 1984 960
f 505 2218 1086
f 536 2289 1151
f 491 2181 1061
f 423 1875 923
f 513 1897 1103
f 564 2275 1205
f 581 2311 1241
f 549 2167 1175
f 477 2146 1032
f 445 2002 966
f 503 2200 1080
f 525 1915 1127
f 474 2127 1025
f 438 1965 953
f 495 1987 1067
f 532 2221 1139
f 552 2294 1182
f 490 2164 1056
f 577 2149 1229
f 559 2005 1193
f 517 2203 1109
f 430 1912 936
f 590 1870 1325
f 584 1816 1277
f 585 1800 1265
f 592 1836 1301
f 595 1854 1319
f 598 1890 1343
f 636 2196 1566
f 621 2320 1464
f 642 2284 1590
f 601 1906 1349
f 623 2104 1523
f 611 2047 1422
f 609 1958 1397
f 625 2070 1499
f 628 2088 1517
f 632 2142 1559
f 613 1980 1427
f 616 1994 1433
f 638 2230 1572
f 606 2297 1374
f 407 2329 892
f 403 2323 885
f 404 2326 897
f 410 2333 903
f 413 2336 910
f 422 2345 939
f 486 2409 1048
f 573 2496 1222
f 561 2485 1198
f 512 2435 1113
f 452 2374 982
f 448 2368 975
f 449 2371 987
f 455 2378 993
f 458 2381 1000
f 470 2392 1017
f 437 2360 969
f 494 2416 1089
f 531 2456 1144
f 539 2460 1156
f 568 2488 1215
f 478 2398 1035
f 419 2340 916
f 509 2430 1096
f 554 2475 1186
f 482 2404 1042
f 576 2501 1234
f 558 2482 1210
f 516 2440 1120
f 425 2347 928
f 542 2464 1161
f 463 2384 1011
f 434 2355 946
f 497 2419 1072
f 528 2451 1132
f 546 2470 1168
f 464 2385 1006
f 440 2362 958
f 500 2423 1084
f 524 2446 1149
f 479 2401 1059
f 418 2339 921
f 508 2429 1101
f 553 2474 1203
f 569 2491 1239
f 538 2459 1173
f 471 2395 1030
f 443 2365 964
f 501 2424 1078
f 523 2443 1125
f 467 2390 1023
f 433 2354 951
f 493 2413 1065
f 527 2450 1137
f 543 2467 1180
f 485 2408 1054
f 572 2495 1227
f 557 2479 1191
f 515 2437 1107
f 428 2350 934
f 591 2511 1326
f 587 2505 1278
f 588 2507 1266
f 594 2513 1302
f 597 2516 1320
f 600 2519 1344
f 634 2556 1565
f 619 2540 1463
f 639 2561 1589
f 602 2521 1350
f 624 2544 1524
f 608 2529 1421
f 610 2530 1398
f 627 2546 1500
f 630 2549 1518
f 635 2553 1560
f 615 2534 1428
f 617 2536 1434
f 637 2557 1571
f 604 2525 1373
f 164 1609 889
f 163 1605 883
f 165 1611 895
f 166 1614 901
f 167 1617 907
f 172 1631 937
f 190 1688 1045
f 219 1775 1219
f 215 1763 1195
f 201 1719 1111
f 179 1654 979
f 178 1650 973
f 180 1656 985
f 181 1659 991
f 182 1662 997
f 185 1672 1015
f 177 1646 967
f 197 1706 1087
f 206 1735 1141
f 208 1741 1153
f 218 1770 1213
f 188 1680 1033
f 168 1621 913
f 198 1711 1093
f 213 1756 1183
f 189 1684 1039
f 221 1780 1231
f 217 1767 1207
f 202 1722 1117
f 170 1627 925
f 209 1744 1159
f 184 1668 1009
f 173 1636 943
f 194 1699 1069
f 204 1730 1129
f 210 1748 1165
f 183 1666 1003
f 175 1642 955
f 196 1705 1081
f 207 1736 1147
f 192 1691 1057
f 169 1623 919
f 199 1713 1099
f 216 1764 1201
f 222 1781 1237
f 211 1749 1171
f 187 1677 1027
f 176 1645 961
f 195 1703 1075
f 203 1725 1123
f 186 1674 1021
f 174 1638 949
f 193 1695 1063
f 205 1732 1135
f 212 1752 1177
f 191 1690 1051
f 220 1777 1225
f 214 1759 1189
f 200 1717 1105
f 171 1630 931
f 358 2191 1322
f 256 1885 1274
f 261 1901 1262
f 387 2279 1298
f 399 2315 1316
f 351 2171 1340
f 348 2160 1561
f 300 2016 1459
f 366 2214 1585
f 267 1919 1346
f 340 2137 1520
f 287 1978 1417
f 291 1991 1394
f 369 2225 1496
f 395 2302 1514
f 354 2178 1556
f 345 2153 1424
f 297 2009 1430
f 363 2207 1567
f 270 1926 1369
f 247 1857 908
f 229 1803 890
f 223 1786 884
f 235 1822 896
f 241 1840 902
f 253 1876 920
f 355 2182 1058
f 398 2312 1238
f 386 2276 1202
f 260 1898 1100
f 325 2091 998
f 307 2037 980
f 278 1952 974
f 313 2056 986
f 319 2074 992
f 337 2128 1022
f 283 1966 950
f 290 1988 1064
f 368 2222 1136
f 392 2293 1178
f 356 2185 1232
f 254 1879 1040
f 259 1893 926
f 385 2271 1118
f 397 2307 1208
f 349 2163 1052
f 344 2150 1226
f 296 2006 1190
f 362 2204 1106
f 265 1911 932
f 338 2131 1166
f 284 1969 1004
f 289 1983 956
f 367 2217 1082
f 391 2290 1148
f 350 2168 1172
f 343 2145 1028
f 295 2001 962
f 361 2199 1076
f 266 1916 1124
f 230 1808 1034
f 224 1789 914
f 236 1825 1094
f 242 1843 1184
f 248 1862 1214
f 272 1933 1154
f 331 2110 1016
f 301 2020 968
f 373 2236 1088
f 380 2257 1142
f 308 2042 1010
f 277 1947 944
f 314 2059 1070
f 320 2077 1130
f 326 2096 1160
f 332 2113 1046
f 302 2023 1220
f 374 2239 1196
f 379 2254 1112
f 271 1930 938
f 234 1818 1279
f 227 1798 1255
f 239 1834 1291
f 245 1852 1309
f 252 1872 1327
f 275 1942 1375
f 334 2120 1537
f 304 2030 1448
f 377 2248 1574
f 382 2263 1364
f 312 2052 1483
f 279 1955 1387
f 316 2065 1436
f 323 2086 1507
f 330 2106 1525
f 335 2122 1543
f 305 2032 1465
f 376 2245 1454
f 383 2266 1580
f 274 1940 1358
f 232 1813 1267
f 225 1792 1243
f 237 1828 1250
f 243 1846 1286
f 250 1867 1304
f 273 1936 1334
f 336 2123 1549
f 306 2033 1471
f 378 2249 1597
f 381 2260 1352
f 311 2049 1477
f 281 1959 1399
f 315 2062 1406
f 321 2080 1490
f 328 2101 1502
f 333 2116 1531
f 303 2026 1412
f 375 2242 1442
f 384 2267 1592
f 276 1943 1381
f 251 1869 1321
f 233 1815 1273
f 228 1799 1261
f 240 1835 1297
f 246 1853 1315
f 258 1889 1339
f 360 2195 1562
f 401 2319 1460
f 389 2283 1586
f 263 1905 1345
f 329 2103 1519
f 310 2046 1418
f 280 1957 1393
f 318 2069 1495
f 324 2087 1513
f 342 2141 1555
f 288 1979 1423
f 292 1993 1429
f 371 2229 1568
f 393 2296 1370
f 357 2188 1280
f 255 1882 1256
f 262 1902 1292
f 388 2280 1310
f 400 2316 1328
f 352 2172 1376
f 347 2157 1538
f 298 2011 1447
f 364 2209 1573
f 269 1923 1363
f 339 2134 1484
f 285 1972 1388
f 293 1995 1435
f 370 2226 1508
f 396 2303 1526
f 353 2175 1544
f 346 2154 1466
f 299 2013 1453
f 365 2211 1579
f 268 1921 1357
f 249 1865 1268
f 231 1811 1244
f 226 1796 1249
f 238 1832 1285
f 244 1850 1303
f 257 1888 1333
f 359 2194 1550
f 402 2322 1472
f 390 2286 1598
f 264 1908 1351
f 327 2099 1478
f 309 2045 1400
f 282 1962 1405
f 317 2068 1489
f 322 2084 1501
f 341 2140 1532
f 286 1976 1411
f 294 1998 1441
f 372 2232 1591
f 394 2299 1382
f 416 2330 911
f 408 2324 893
f 406 2325 888
f 412 2332 900
f 415 2335 906
f 424 2344 924
f 492 2410 1062
f 582 2497 1242
f 565 2486 1206
f 514 2434 1104
f 461 2375 1001
f 453 2369 983
f 451 2370 978
f 457 2377 990
f 460 2380 996
f 475 2393 1026
f 439 2359 954
f 496 2415 1068
f 533 2455 1140
f 551 2461 1181
f 579 2489 1235
f 483 2399 1043
f 426 2341 929
f 521 2431 1121
f 566 2476 1211
f 489 2405 1055
f 578 2500 1230
f 560 2481 1194
f 518 2439 1110
f 429 2348 935
f 547 2465 1169
f 465 2383 1007
f 441 2356 959
f 504 2420 1085
f 537 2452 1152
f 550 2471 1176
f 476 2386 1031
f 444 2363 965
f 502 2422 1079
f 526 2445 1128
f 481 2400 1038
f 420 2338 917
f 510 2428 1097
f 555 2473 1187
f 571 2490 1218
f 540 2458 1157
f 473 2394 1020
f 447 2366 972
f 507 2425 1092
f 534 2444 1145
f 469 2389 1014
f 435 2353 947
f 498 2414 1073
f 529 2449 1133
f 545 2466 1164
f 487 2407 1049
f 574 2494 1223
f 562 2480 1199
f 520 2438 1116
f 432 2351 942
f 589 2510 1283
f 583 2504 1259
f 586 2508 1295
f 593 2514 1313
f 596 2517 1331
f 599 2520 1379
f 633 2554 1541
f 620 2539 1452
f 640 2560 1578
f 603 2523 1368
f 622 2543 1487
f 607 2527 1391
f 612 2532 1440
f 626 2547 1511
f 629 2550 1529
f 631 2552 1547
f 614 2535 1469
f 618 2538 1458
f 641 2558 1584
f 605 2524 1362
f 164 1607 1609
f 163 1603 1605
f 165 1604 1611
f 166 1610 1614
f 167 1613 1617
f 172 1622 1631
f 190 1686 1688
f 219 1773 1775
f 215 1761 1763
f 201 1712 1719
f 179 1652 1654
f 178 1648 1650
f 180 1649 1656
f 181 1655 1659
f 182 1658 1662
f 185 1670 1672
f 177 1637 1646
f 197 1694 1706
f 206 1731 1735
f 208 1739 1741
f 218 1768 1770
f 188 1678 1680
f 168 1619 1621
f 198 1709 1711
f 213 1754 1756
f 189 1682 1684
f 221 1776 1780
f 217 1758 1767
f 202 1716 1722
f 170 1625 1627
f 209 1742 1744
f 184 1663 1668
f 173 1634 1636
f 194 1697 1699
f 204 1728 1730
f 210 1746 1748
f 183 1664 1666
f 175 1640 1642
f 196 1700 1705
f 207 1724 1736
f 192 1679 1691
f 169 1618 1623
f 199 1708 1713
f 216 1753 1764
f 222 1769 1781
f 211 1738 1749
f 187 1671 1677
f 176 1643 1645
f 195 1701 1703
f 203 1723 1725
f 186 1667 1674
f 174 1633 1638
f 193 1693 1695
f 205 1727 1732
f 212 1743 1752
f 191 1685 1690
f 220 1772 1777
f 214 1757 1759
f 200 1715 1717
f 171 1628 1630
f 358 2187 2191
f 256 1881 1885
f 261 1899 1901
f 387 2277 2279
f 399 2313 2315
f 351 2169 2171
f 348 2156 2160
f 300 2010 2016
f 366 2208 2214
f 267 1917 1919
f 340 2133 2137
f 287 1971 1978
f 291 1989 1991
f 369 2223 2225
f 395 2300 2302
f 354 2174 2178
f 345 2151 2153
f 297 2007 2009
f 363 2205 2207
f 270 1920 1926
f 247 1855 1857
f 229 1801 1803
f 223 1784 1786
f 235 1820 1822
f 241 1838 1840
f 253 1874 1876
f 355 2180 2182
f 398 2310 2312
f 386 2274 2276
f 260 1896 1898
f 325 2089 2091
f 307 2035 2037
f 278 1950 1952
f 313 2054 2056
f 319 2072 2074
f 337 2126 2128
f 283 1964 1966
f 290 1986 1988
f 368 2220 2222
f 392 2291 2293
f 356 2183 2185
f 254 1877 1879
f 259 1891 1893
f 385 2269 2271
f 397 2305 2307
f 349 2161 2163
f 344 2148 2150
f 296 2004 2006
f 362 2202 2204
f 265 1909 1911
f 338 2129 2131
f 284 1967 1969
f 289 1981 1983
f 367 2215 2217
f 391 2288 2290
f 350 2166 2168
f 343 2143 2145
f 295 1999 2001
f 361 2197 2199
f 266 1914 1916
f 230 1806 1808
f 224 1787 1789
f 236 1823 1825
f 242 1841 1843
f 248 1860 1862
f 272 1931 1933
f 331 2108 2110
f 301 2018 2020
f 373 2234 2236
f 380 2255 2257
f 308 2040 2042
f 277 1945 1947
f 314 2057 2059
f 320 2075 2077
f 326 2094 2096
f 332 2111 2113
f 302 2021 2023
f 374 2237 2239
f 379 2252 2254
f 271 1928 1930
f 234 1812 1818
f 227 1791 1798
f 239 1827 1834
f 245 1845 1852
f 252 1866 1872
f 275 1935 1942
f 334 2118 2120
f 304 2028 2030
f 377 2246 2248
f 382 2259 2263
f 312 2048 2052
f 279 1953 1955
f 316 2061 2065
f 323 2079 2086
f 330 2100 2106
f 335 2115 2122
f 305 2025 2032
f 376 2241 2245
f 383 2264 2266
f 274 1938 1940
f 232 1802 1813
f 225 1783 1792
f 237 1819 1828
f 243 1837 1846
f 250 1856 1867
f 273 1927 1936
f 336 2112 2123
f 306 2022 2033
f 378 2238 2249
f 381 2251 2260
f 311 2036 2049
f 281 1949 1959
f 315 2053 2062
f 321 2071 2080
f 328 2090 2101
f 333 2107 2116
f 303 2017 2026
f 375 2233 2242
f 384 2256 2267
f 276 1932 1943
f 251 1859 1869
f 233 1805 1815
f 228 1788 1799
f 240 1824 1835
f 246 1842 1853
f 258 1878 1889
f 360 2184 2195
f 401 2306 2319
f 389 2270 2283
f 263 1892 1905
f 329 2093 2103
f 310 2039 2046
f 280 1946 1957
f 318 2058 2069
f 324 2076 2087
f 342 2130 2141
f 288 1968 1979
f 292 1982 1993
f 371 2216 2229
f 393 2287 2296
f 357 2179 2188
f 255 1873 1882
f 262 1895 1902
f 388 2273 2280
f 400 2309 2316
f 352 2165 2172
f 347 2144 2157
f 298 2000 2011
f 364 2198 2209
f 269 1913 1923
f 339 2125 2134
f 285 1963 1972
f 293 1985 1995
f 370 2219 2226
f 396 2292 2303
f 353 2162 2175
f 346 2147 2154
f 299 2003 2013
f 365 2201 2211
f 268 1910 1921
f 249 1863 1865
f 231 1809 1811
f 226 1794 1796
f 238 1830 1832
f 244 1848 1850
f 257 1886 1888
f 359 2192 2194
f 402 2318 2322
f 390 2282 2286
f 264 1904 1908
f 327 2097 2099
f 309 2043 2045
f 282 1956 1962
f 317 2066 2068
f 322 2082 2084
f 341 2138 2140
f 286 1974 1976
f 294 1992 1998
f 372 2228 2232
f 394 2295 2299
f 416 2331 2330
f 408 2327 2324
f 406 2328 2325
f 412 2334 2332
f 415 2337 2335
f 424 2346 2344
f 492 2412 2410
f 582 2499 2497
f 565 2487 2486
f 514 2436 2434
f 461 2376 2375
f 453 2372 2369
f 451 2373 2370
f 457 2379 2377
f 460 2382 2380
f 475 2396 2393
f 439 2361 2359
f 496 2418 2415
f 533 2457 2455
f 551 2463 2461
f 579 2492 2489
f 483 2402 2399
f 426 2343 2341
f 521 2433 2431
f 566 2478 2476
f 489 2406 2405
f 578 2502 2500
f 560 2484 2481
f 518 2442 2439
f 429 2349 2348
f 547 2468 2465
f 465 2387 2383
f 441 2358 2356
f 504 2421 2420
f 537 2454 2452
f 550 2472 2471
f 476 2388 2386
f 444 2364 2363
f 502 2426 2422
f 526 2448 2445
f 481 2403 2400
f 420 2342 2338
f 510 2432 2428
f 555 2477 2473
f 571 2493 2490
f 540 2462 2458
f 473 2397 2394
f 447 2367 2366
f 507 2427 2425
f 534 2447 2444
f 469 2391 2389
f 435 2357 2353
f 498 2417 2414
f 529 2453 2449
f 545 2469 2466
f 487 2411 2407
f 574 2498 2494
f 562 2483 2480
f 520 2441 2438
f 432 2352 2351
f 589 2509 2510
f 583 2503 2504
f 586 2506 2508
f 593 2512 2514
f 596 2515 2517
f 599 2518 2520
f 633 2555 2554
f 620 2541 2539
f 640 2562 2560
f 603 2522 2523
f 622 2542 2543
f 607 2528 2527
f 612 2531 2532
f 626 2545 2547
f 629 2548 2550
f 631 2551 2552
f 614 2533 2535
f 618 2537 2538
f 641 2559 2558
f 605 2526 2524
f 164 644 1607
f 163 643 1603
f 165 645 1604
f 166 646 1610
f 167 647 1613
f 172 652 1622
f 190 670 1686
f 219 699 1773
f 215 695 1761
f 201 681 1712
f 179 659 1652
f 178 658 1648
f 180 660 1649
f 181 661 1655
f 182 662 1658
f 185 665 1670
f 177 657 1637
f 197 677 1694
f 206 686 1731
f 208 688 1739
f 218 698 1768
f 188 668 1678
f 168 648 1619
f 198 678 1709
f 213 693 1754
f 189 669 1682
f 221 701 1776
f 217 697 1758
f 202 682 1716
f 170 650 1625
f 209 689 1742
f 184 664 1663
f 173 653 1634
f 194 674 1697
f 204 684 1728
f 210 690 1746
f 183 663 1664
f 175 655 1640
f 196 676 1700
f 207 687 1724
f 192 672 1679
f 169 649 1618
f 199 679 1708
f 216 696 1753
f 222 702 1769
f 211 691 1738
f 187 667 1671
f 176 656 1643
f 195 675 1701
f 203 683 1723
f 186 666 1667
f 174 654 1633
f 193 673 1693
f 205 685 1727
f 212 692 1743
f 191 671 1685
f 220 700 1772
f 214 694 1757
f 200 680 1715
f 171 651 1628
f 358 838 2187
f 256 736 1881
f 261 741 1899
f 387 867 2277
f 399 879 2313
f 351 831 2169
f 348 828 2156
f 300 780 2010
f 366 846 2208
f 267 747 1917
f 340 820 2133
f 287 767 1971
f 291 771 1989
f 369 849 2223
f 395 875 2300
f 354 834 2174
f 345 825 2151
f 297 777 2007
f 363 843 2205
f 270 750 1920
f 247 727 1855
f 229 709 1801
f 223 703 1784
f 235 715 1820
f 241 721 1838
f 253 733 1874
f 355 835 2180
f 398 878 2310
f 386 866 2274
f 260 740 1896
f 325 805 2089
f 307 787 2035
f 278 758 1950
f 313 793 2054
f 319 799 2072
f 337 817 2126
f 283 763 1964
f 290 770 1986
f 368 848 2220
f 392 872 2291
f 356 836 2183
f 254 734 1877
f 259 739 1891
f 385 865 2269
f 397 877 2305
f 349 829 2161
f 344 824 2148
f 296 776 2004
f 362 842 2202
f 265 745 1909
f 338 818 2129
f 284 764 1967
f 289 769 1981
f 367 847 2215
f 391 871 2288
f 350 830 2166
f 343 823 2143
f 295 775 1999
f 361 841 2197
f 266 746 1914
f 230 710 1806
f 224 704 1787
f 236 716 1823
f 242 722 1841
f 248 728 1860
f 272 752 1931
f 331 811 2108
f 301 781 2018
f 373 853 2234
f 380 860 2255
f 308 788 2040
f 277 757 1945
f 314 794 2057
f 320 800 2075
f 326 806 2094
f 332 812 2111
f 302 782 2021
f 374 854 2237
f 379 859 2252
f 271 751 1928
f 234 714 1812
f 227 707 1791
f 239 719 1827
f 245 725 1845
f 252 732 1866
f 275 755 1935
f 334 814 2118
f 304 784 2028
f 377 857 2246
f 382 862 2259
f 312 792 2048
f 279 759 1953
f 316 796 2061
f 323 803 2079
f 330 810 2100
f 335 815 2115
f 305 785 2025
f 376 856 2241
f 383 863 2264
f 274 754 1938
f 232 712 1802
f 225 705 1783
f 237 717 1819
f 243 723 1837
f 250 730 1856
f 273 753 1927
f 336 816 2112
f 306 786 2022
f 378 858 2238
f 381 861 2251
f 311 791 2036
f 281 761 1949
f 315 795 2053
f 321 801 2071
f 328 808 2090
f 333 813 2107
f 303 783 2017
f 375 855 2233
f 384 864 2256
f 276 756 1932
f 251 731 1859
f 233 713 1805
f 228 708 1788
f 240 720 1824
f 246 726 1842
f 258 738 1878
f 360 840 2184
f 401 881 2306
f 389 869 2270
f 263 743 1892
f 329 809 2093
f 310 790 2039
f 280 760 1946
f 318 798 2058
f 324 804 2076
f 342 822 2130
f 288 768 1968
f 292 772 1982
f 371 851 2216
f 393 873 2287
f 357 837 2179
f 255 735 1873
f 262 742 1895
f 388 868 2273
f 400 880 2309
f 352 832 2165
f 347 827 2144
f 298 778 2000
f 364 844 2198
f 269 749 1913
f 339 819 2125
f 285 765 1963
f 293 773 1985
f 370 850 2219
f 396 876 2292
f 353 833 2162
f 346 826 2147
f 299 779 2003
f 365 845 2201
f 268 748 1910
f 249 729 1863
f 231 711 1809
f 226 706 1794
f 238 718 1830
f 244 724 1848
f 257 737 1886
f 359 839 2192
f 402 882 2318
f 390 870 2282
f 264 744 1904
f 327 807 2097
f 309 789 2043
f 282 762 1956
f 317 797 2066
f 322 802 2082
f 341 821 2138
f 286 766 1974
f 294 774 1992
f 372 852 2228
f 394 874 2295
f 416 1270 2331
f 408 1246 2327
f 406 1251 2328
f 412 1287 2334
f 415 1305 2337
f 424 1335 2346
f 492 1552 2412
f 582 1474 2499
f 565 1600 2487
f 514 1353 2436
f 461 1480 2376
f 453 1402 2372
f 451 1407 2373
f 457 1491 2379
f 460 1503 2382
f 475 1534 2396
f 439 1413 2361
f 496 1443 2418
f 533 1593 2457
f 551 1384 2463
f 579 1324 2492
f 483 1276 2402
f 426 1264 2343
f 521 1300 2433
f 566 1318 2478
f 489 1342 2406
f 578 1563 2502
f 560 1461 2484
f 518 1587 2442
f 429 1348 2349
f 547 1522 2468
f 465 1419 2387
f 441 1396 2358
f 504 1498 2421
f 537 1516 2454
f 550 1558 2472
f 476 1426 2388
f 444 1432 2364
f 502 1569 2426
f 526 1371 2448
f 481 1281 2403
f 420 1257 2342
f 510 1293 2432
f 555 1311 2477
f 571 1329 2493
f 540 1377 2462
f 473 1539 2397
f 447 1450 2367
f 507 1576 2427
f 534 1366 2447
f 469 1485 2391
f 435 1389 2357
f 498 1438 2417
f 529 1509 2453
f 545 1527 2469
f 487 1545 2411
f 574 1467 2498
f 562 1456 2483
f 520 1582 2441
f 432 1360 2352
f 589 1271 2509
f 583 1247 2503
f 586 1254 2506
f 593 1290 2512
f 596 1308 2515
f 599 1338 2518
f 633 1553 2555
f 620 1475 2541
f 640 1601 2562
f 603 1356 2522
f 622 1481 2542
f 607 1403 2528
f 612 1410 2531
f 626 1494 2545
f 629 1506 2548
f 631 1535 2551
f 614 1416 2533
f 618 1446 2537
f 641 1596 2559
f 605 1385 2526
f 167 907 1616
f 164 889 1608
f 163 883 1606
f 165 895 1612
f 166 901 1615
f 169 919 1624
f 192 1057 1692
f 222 1237 1782
f 216 1201 1765
f 199 1099 1714
f 182 997 1661
f 179 979 1653
f 178 973 1651
f 180 985 1657
f 181 991 1660
f 186 1021 1675
f 174 949 1639
f 193 1063 1696
f 205 1135 1733
f 212 1177 1751
f 221 1231 1779
f 189 1039 1683
f 170 925 1626
f 202 1117 1721
f 217 1207 1766
f 191 1051 1689
f 220 1225 1778
f 214 1189 1760
f 200 1105 1718
f 171 931 1629
f 210 1165 1747
f 183 1003 1665
f 175 955 1641
f 196 1081 1704
f 207 1147 1737
f 211 1171 1750
f 187 1027 1676
f 176 961 1644
f 195 1075 1702
f 203 1123 1726
f 188 1033 1681
f 168 913 1620
f 198 1093 1710
f 213 1183 1755
f 218 1213 1771
f 208 1153 1740
f 185 1015 1673
f 177 967 1647
f 197 1087 1707
f 206 1141 1734
f 184 1009 1669
f 173 943 1635
f 194 1069 1698
f 204 1129 1729
f 209 1159 1745
f 190 1045 1687
f 219 1219 1774
f 215 1195 1762
f 201 1111 1720
f 172 937 1632
f 357 1280 2189
f 255 1256 1883
f 262 1292 1903
f 388 1310 2281
f 400 1328 2317
f 352 1376 2173
f 347 1538 2158
f 298 1447 2012
f 364 1573 2210
f 269 1363 1924
f 339 1484 2135
f 285 1388 1973
f 293 1435 1996
f 370 1508 2227
f 396 1526 2304
f 353 1544 2176
f 346 1466 2155
f 299 1453 2014
f 365 1579 2212
f 268 1357 1922
f 249 1268 1864
f 231 1244 1810
f 226 1249 1795
f 238 1285 1831
f 244 1303 1849
f 257 1333 1887
f 359 1550 2193
f 402 1472 2321
f 390 1598 2285
f 264 1351 1907
f 327 1478 2098
f 309 1400 2044
f 282 1405 1961
f 317 1489 2067
f 322 1501 2083
f 341 1532 2139
f 286 1411 1975
f 294 1441 1997
f 372 1591 2231
f 394 1382 2298
f 358 1322 2190
f 256 1274 1884
f 261 1262 1900
f 387 1298 2278
f 399 1316 2314
f 351 1340 2170
f 348 1561 2159
f 300 1459 2015
f 366 1585 2213
f 267 1346 1918
f 340 1520 2136
f 287 1417 1977
f 291 1394 1990
f 369 1496 2224
f 395 1514 2301
f 354 1556 2177
f 345 1424 2152
f 297 1430 2008
f 363 1567 2206
f 270 1369 1925
f 234 1279 1817
f 227 1255 1797
f 239 1291 1833
f 245 1309 1851
f 252 1327 1871
f 275 1375 1941
f 334 1537 2119
f 304 1448 2029
f 377 1574 2247
f 382 1364 2262
f 312 1483 2051
f 279 1387 1954
f 316 1436 2064
f 323 1507 2085
f 330 1525 2105
f 335 1543 2121
f 305 1465 2031
f 376 1454 2244
f 383 1580 2265
f 274 1358 1939
f 232 1267 1814
f 225 1243 1793
f 237 1250 1829
f 243 1286 1847
f 250 1304 1868
f 273 1334 1937
f 336 1549 2124
f 306 1471 2034
f 378 1597 2250
f 381 1352 2261
f 311 1477 2050
f 281 1399 1960
f 315 1406 2063
f 321 1490 2081
f 328 1502 2102
f 333 1531 2117
f 303 1412 2027
f 375 1442 2243
f 384 1592 2268
f 276 1381 1944
f 229 890 1804
f 223 884 1785
f 235 896 1821
f 241 902 1839
f 247 908 1858
f 271 938 1929
f 332 1046 2114
f 302 1220 2024
f 374 1196 2240
f 379 1112 2253
f 307 980 2038
f 278 974 1951
f 313 986 2055
f 319 992 2073
f 325 998 2092
f 331 1016 2109
f 301 968 2019
f 373 1088 2235
f 380 1142 2258
f 272 1154 1934
f 248 1214 1861
f 230 1034 1807
f 224 914 1790
f 236 1094 1826
f 242 1184 1844
f 254 1040 1880
f 356 1232 2186
f 397 1208 2308
f 385 1118 2272
f 259 926 1894
f 326 1160 2095
f 308 1010 2041
f 277 944 1948
f 314 1070 2060
f 320 1130 2078
f 338 1166 2132
f 284 1004 1970
f 289 956 1984
f 367 1082 2218
f 391 1148 2289
f 355 1058 2181
f 253 920 1875
f 260 1100 1897
f 386 1202 2275
f 398 1238 2311
f 350 1172 2167
f 343 1028 2146
f 295 962 2002
f 361 1076 2200
f 266 1124 1915
f 337 1022 2127
f 283 950 1965
f 290 1064 1987
f 368 1136 2221
f 392 1178 2294
f 349 1052 2164
f 344 1226 2149
f 296 1190 2005
f 362 1106 2203
f 265 932 1912
f 251 1321 1870
f 233 1273 1816
f 228 1261 1800
f 240 1297 1836
f 246 1315 1854
f 258 1339 1890
f 360 1562 2196
f 401 1460 2320
f 389 1586 2284
f 263 1345 1906
f 329 1519 2104
f 310 1418 2047
f 280 1393 1958
f 318 1495 2070
f 324 1513 2088
f 342 1555 2142
f 288 1423 1980
f 292 1429 1994
f 371 1568 2230
f 393 1370 2297
f 409 894 2329
f 405 887 2323
f 411 899 2326
f 414 905 2333
f 417 912 2336
f 431 941 2345
f 488 1050 2409
f 575 1224 2496
f 563 1200 2485
f 519 1115 2435
f 454 984 2374
f 450 977 2368
f 456 989 2371
f 459 995 2378
f 462 1002 2381
f 472 1019 2392
f 446 971 2360
f 506 1091 2416
f 535 1146 2456
f 541 1158 2460
f 570 1217 2488
f 480 1037 2398
f 421 918 2340
f 511 1098 2430
f 556 1188 2475
f 484 1044 2404
f 580 1236 2501
f 567 1212 2482
f 522 1122 2440
f 427 930 2347
f 544 1163 2464
f 468 1013 2384
f 436 948 2355
f 499 1074 2419
f 530 1134 2451
f 548 1170 2470
f 466 1008 2385
f 442 960 2362
f 505 1086 2423
f 536 1151 2446
f 491 1061 2401
f 423 923 2339
f 513 1103 2429
f 564 1205 2474
f 581 1241 2491
f 549 1175 2459
f 477 1032 2395
f 445 966 2365
f 503 1080 2424
f 525 1127 2443
f 474 1025 2390
f 438 953 2354
f 495 1067 2413
f 532 1139 2450
f 552 1182 2467
f 490 1056 2408
f 577 1229 2495
f 559 1193 2479
f 517 1109 2437
f 430 936 2350
f 590 1325 2511
f 584 1277 2505
f 585 1265 2507
f 592 1301 2513
f 595 1319 2516
f 598 1343 2519
f 636 1566 2556
f 621 1464 2540
f 642 1590 2561
f 601 1349 2521
f 623 1523 2544
f 611 1422 2529
f 609 1397 2530
f 625 1499 2546
f 628 1517 2549
f 632 1559 2553
f 613 1427 2534
f 616 1433 2536
f 638 1572 2557
f 606 1374 2525
f 407 892 1609
f 403 885 1605
f 404 897 1611
f 410 903 1614
f 413 910 1617
f 422 939 1631
f 486 1048 1688
f 573 1222 1775
f 561 1198 1763
f 512 1113 1719
f 452 982 1654
f 448 975 1650
f 449 987 1656
f 455 993 1659
f 458 1000 1662
f 470 1017 1672
f 437 969 1646
f 494 1089 1706
f 531 1144 1735
f 539 1156 1741
f 568 1215 1770
f 478 1035 1680
f 419 916 1621
f 509 1096 1711
f 554 1186 1756
f 482 1042 1684
f 576 1234 1780
f 558 1210 1767
f 516 1120 1722
f 425 928 1627
f 542 1161 1744
f 463 1011 1668
f 434 946 1636
f 497 1072 1699
f 528 1132 1730
f 546 1168 1748
f 464 1006 1666
f 440 958 1642
f 500 1084 1705
f 524 1149 1736
f 479 1059 1691
f 418 921 1623
f 508 1101 1713
f 553 1203 1764
f 569 1239 1781
f 538 1173 1749
f 471 1030 1677
f 443 964 1645
f 501 1078 1703
f 523 1125 1725
f 467 1023 1674
f 433 951 1638
f 493 1065 1695
f 527 1137 1732
f 543 1180 1752
f 485 1054 1690
f 572 1227 1777
f 557 1191 1759
f 515 1107 1717
f 428 934 1630
f 591 1326 2191
f 587 1278 1885
f 588 1266 1901
f 594 1302 2279
f 597 1320 2315
f 600 1344 2171
f 634 1565 2160
f 619 1463 2016
f 639 1589 2214
f 602 1350 1919
f 624 1524 2137
f 608 1421 1978
f 610 1398 1991
f 627 1500 2225
f 630 1518 2302
f 635 1560 2178
f 615 1428 2153
f 617 1434 2009
f 637 1571 2207
f 604 1373 1926
f 416 911 1857
f 408 893 1803
f 406 888 1786
f 412 900 1822
f 415 906 1840
f 424 924 1876
f 492 1062 2182
f 582 1242 2312
f 565 1206 2276
f 514 1104 1898
f 461 1001 2091
f 453 983 2037
f 451 978 1952
f 457 990 2056
f 460 996 2074
f 475 1026 2128
f 439 954 1966
f 496 1068 1988
f 533 1140 2222
f 551 1181 2293
f 579 1235 2185
f 483 1043 1879
f 426 929 1893
f 521 1121 2271
f 566 1211 2307
f 489 1055 2163
f 578 1230 2150
f 560 1194 2006
f 518 1110 2204
f 429 935 1911
f 547 1169 2131
f 465 1007 1969
f 441 959 1983
f 504 1085 2217
f 537 1152 2290
f 550 1176 2168
f 476 1031 2145
f 444 965 2001
f 502 1079 2199
f 526 1128 1916
f 481 1038 1808
f 420 917 1789
f 510 1097 1825
f 555 1187 1843
f 571 1218 1862
f 540 1157 1933
f 473 1020 2110
f 447 972 2020
f 507 1092 2236
f 534 1145 2257
f 469 1014 2042
f 435 947 1947
f 498 1073 2059
f 529 1133 2077
f 545 1164 2096
f 487 1049 2113
f 574 1223 2023
f 562 1199 2239
f 520 1116 2254
f 432 942 1930
f 589 1283 1818
f 583 1259 1798
f 586 1295 1834
f 593 1313 1852
f 596 1331 1872
f 599 1379 1942
f 633 1541 2120
f 620 1452 2030
f 640 1578 2248
f 603 1368 2263
f 622 1487 2052
f 607 1391 1955
f 612 1440 2065
f 626 1511 2086
f 629 1529 2106
f 631 1547 2122
f 614 1469 2032
f 618 1458 2245
f 641 1584 2266
f 605 1362 1940
f 409 1269 1813
f 405 1245 1792
f 411 1252 1828
f 414 1288 1846
f 417 1306 1867
f 431 1336 1936
f 488 1551 2123
f 575 1473 2033
f 563 1599 2249
f 519 1354 2260
f 454 1479 2049
f 450 1401 1959
f 456 1408 2062
f 459 1492 2080
f 462 1504 2101
f 472 1533 2116
f 446 1414 2026
f 506 1444 2242
f 535 1594 2267
f 541 1383 1943
f 570 1323 1869
f 480 1275 1815
f 421 1263 1799
f 511 1299 1835
f 556 1317 1853
f 484 1341 1889
f 580 1564 2195
f 567 1462 2319
f 522 1588 2283
f 427 1347 1905
f 544 1521 2103
f 468 1420 2046
f 436 1395 1957
f 499 1497 2069
f 530 1515 2087
f 548 1557 2141
f 466 1425 1979
f 442 1431 1993
f 505 1570 2229
f 536 1372 2296
f 491 1282 2188
f 423 1258 1882
f 513 1294 1902
f 564 1312 2280
f 581 1330 2316
f 549 1378 2172
f 477 1540 2157
f 445 1449 2011
f 503 1575 2209
f 525 1365 1923
f 474 1486 2134
f 438 1390 1972
f 495 1437 1995
f 532 1510 2226
f 552 1528 2303
f 490 1546 2175
f 577 1468 2154
f 559 1455 2013
f 517 1581 2211
f 430 1359 1921
f 590 1272 1865
f 584 1248 1811
f 585 1253 1796
f 592 1289 1832
f 595 1307 1850
f 598 1337 1888
f 636 1554 2194
f 621 1476 2322
f 642 1602 2286
f 601 1355 1908
f 623 1482 2099
f 611 1404 2045
f 609 1409 1962
f 625 1493 2068
f 628 1505 2084
f 632 1536 2140
f 613 1415 1976
f 616 1445 1998
f 638 1595 2232
f 606 1386 2299
f 407 909 2330
f 403 891 2324
f 404 886 2325
f 410 898 2332
f 413 904 2335
f 422 922 2344
f 486 1060 2410
f 573 1240 2497
f 561 1204 2486
f 512 1102 2434
f 452 999 2375
f 448 981 2369
f 449 976 2370
f 455 988 2377
f 458 994 2380
f 470 1024 2393
f 437 952 2359
f 494 1066 2415
f 531 1138 2455
f 539 1179 2461
f 568 1233 2489
f 478 1041 2399
f 419 927 2341
f 509 1119 2431
f 554 1209 2476
f 482 1053 2405
f 576 1228 2500
f 558 1192 2481
f 516 1108 2439
f 425 933 2348
f 542 1167 2465
f 463 1005 2383
f 434 957 2356
f 497 1083 2420
f 528 1150 2452
f 546 1174 2471
f 464 1029 2386
f 440 963 2363
f 500 1077 2422
f 524 1126 2445
f 479 1036 2400
f 418 915 2338
f 508 1095 2428
f 553 1185 2473
f 569 1216 2490
f 538 1155 2458
f 471 1018 2394
f 443 970 2366
f 501 1090 2425
f 523 1143 2444
f 467 1012 2389
f 433 945 2353
f 493 1071 2414
f 527 1131 2449
f 543 1162 2466
f 485 1047 2407
f 572 1221 2494
f 557 1197 2480
f 515 1114 2438
f 428 940 2351
f 591 1284 2510
f 587 1260 2504
f 588 1296 2508
f 594 1314 2514
f 597 1332 2517
f 600 1380 2520
f 634 1542 2554
f 619 1451 2539
f 639 1577 2560
f 602 1367 2523
f 624 1488 2543
f 608 1392 2527
f 610 1439 2532
f 627 1512 2547
f 630 1530 2550
f 635 1548 2552
f 615 1470 2535
f 617 1457 2538
f 637 1583 2558
f 604 1361 2524
f 167 1616 1607
f 164 1608 1603
f 163 1606 1604
f 165 1612 1610
f 166 1615 1613
f 169 1624 1622
f 192 1692 1686
f 222 1782 1773
f 216 1765 1761
f 199 1714 1712
f 182 1661 1652
f 179 1653 1648
f 178 1651 1649
f 180 1657 1655
f 181 1660 1658
f 186 1675 1670
f 174 1639 1637
f 193 1696 1694
f 205 1733 1731
f 212 1751 1739
f 221 1779 1768
f 189 1683 1678
f 170 1626 1619
f 202 1721 1709
f 217 1766 1754
f 191 1689 1682
f 220 1778 1776
f 214 1760 1758
f 200 1718 1716
f 171 1629 1625
f 210 1747 1742
f 183 1665 1663
f 175 1641 1634
f 196 1704 1697
f 207 1737 1728
f 211 1750 1746
f 187 1676 1664
f 176 1644 1640
f 195 1702 1700
f 203 1726 1724
f 188 1681 1679
f 168 1620 1618
f 198 1710 1708
f 213 1755 1753
f 218 1771 1769
f 208 1740 1738
f 185 1673 1671
f 177 1647 1643
f 197 1707 1701
f 206 1734 1723
f 184 1669 1667
f 173 1635 1633
f 194 1698 1693
f 204 1729 1727
f 209 1745 1743
f 190 1687 1685
f 219 1774 1772
f 215 1762 1757
f 201 1720 1715
f 172 1632 1628
f 357 2189 2187
f 255 1883 1881
f 262 1903 1899
f 388 2281 2277
f 400 2317 2313
f 352 2173 2169
f 347 2158 2156
f 298 2012 2010
f 364 2210 2208
f 269 1924 1917
f 339 2135 2133
f 285 1973 1971
f 293 1996 1989
f 370 2227 2223
f 396 2304 2300
f 353 2176 2174
f 346 2155 2151
f 299 2014 2007
f 365 2212 2205
f 268 1922 1920
f 249 1864 1855
f 231 1810 1801
f 226 1795 1784
f 238 1831 1820
f 244 1849 1838
f 257 1887 1874
f 359 2193 2180
f 402 2321 2310
f 390 2285 2274
f 264 1907 1896
f 327 2098 2089
f 309 2044 2035
f 282 1961 1950
f 317 2067 2054
f 322 2083 2072
f 341 2139 2126
f 286 1975 1964
f 294 1997 1986
f 372 2231 2220
f 394 2298 2291
f 358 2190 2183
f 256 1884 1877
f 261 1900 1891
f 387 2278 2269
f 399 2314 2305
f 351 2170 2161
f 348 2159 2148
f 300 2015 2004
f 366 2213 2202
f 267 1918 1909
f 340 2136 2129
f 287 1977 1967
f 291 1990 1981
f 369 2224 2215
f 395 2301 2288
f 354 2177 2166
f 345 2152 2143
f 297 2008 1999
f 363 2206 2197
f 270 1925 1914
f 234 1817 1806
f 227 1797 1787
f 239 1833 1823
f 245 1851 1841
f 252 1871 1860
f 275 1941 1931
f 334 2119 2108
f 304 2029 2018
f 377 2247 2234
f 382 2262 2255
f 312 2051 2040
f 279 1954 1945
f 316 2064 2057
f 323 2085 2075
f 330 2105 2094
f 335 2121 2111
f 305 2031 2021
f 376 2244 2237
f 383 2265 2252
f 274 1939 1928
f 232 1814 1812
f 225 1793 1791
f 237 1829 1827
f 243 1847 1845
f 250 1868 1866
f 273 1937 1935
f 336 2124 2118
f 306 2034 2028
f 378 2250 2246
f 381 2261 2259
f 311 2050 2048
f 281 1960 1953
f 315 2063 2061
f 321 2081 2079
f 328 2102 2100
f 333 2117 2115
f 303 2027 2025
f 375 2243 2241
f 384 2268 2264
f 276 1944 1938
f 229 1804 1802
f 223 1785 1783
f 235 1821 1819
f 241 1839 1837
f 247 1858 1856
f 271 1929 1927
f 332 2114 2112
f 302 2024 2022
f 374 2240 2238
f 379 2253 2251
f 307 2038 2036
f 278 1951 1949
f 313 2055 2053
f 319 2073 2071
f 325 2092 2090
f 331 2109 2107
f 301 2019 2017
f 373 2235 2233
f 380 2258 2256
f 272 1934 1932
f 248 1861 1859
f 230 1807 1805
f 224 1790 1788
f 236 1826 1824
f 242 1844 1842
f 254 1880 1878
f 356 2186 2184
f 397 2308 2306
f 385 2272 2270
f 259 1894 1892
f 326 2095 2093
f 308 2041 2039
f 277 1948 1946
f 314 2060 2058
f 320 2078 2076
f 338 2132 2130
f 284 1970 1968
f 289 1984 1982
f 367 2218 2216
f 391 2289 2287
f 355 2181 2179
f 253 1875 1873
f 260 1897 1895
f 386 2275 2273
f 398 2311 2309
f 350 2167 2165
f 343 2146 2144
f 295 2002 2000
f 361 2200 2198
f 266 1915 1913
f 337 2127 2125
f 283 1965 1963
f 290 1987 1985
f 368 2221 2219
f 392 2294 2292
f 349 2164 2162
f 344 2149 2147
f 296 2005 2003
f 362 2203 2201
f 265 1912 1910
f 251 1870 1863
f 233 1816 1809
f 228 1800 1794
f 240 1836 1830
f 246 1854 1848
f 258 1890 1886
f 360 2196 2192
f 401 2320 2318
f 389 2284 2282
f 263 1906 1904
f 329 2104 2097
f 310 2047 2043
f 280 1958 1956
f 318 2070 2066
f 324 2088 2082
f 342 2142 2138
f 288 1980 1974
f 292 1994 1992
f 371 2230 2228
f 393 2297 2295
f 409 2329 2331
f 405 2323 2327
f 411 2326 2328
f 414 2333 2334
f 417 2336 2337
f 431 2345 2346
f 488 2409 2412
f 575 2496 2499
f 563 2485 2487
f 519 2435 2436
f 454 2374 2376
f 450 2368 2372
f 456 2371 2373
f 459 2378 2379
f 462 2381 2382
f 472 2392 2396
f 446 2360 2361
f 506 2416 2418
f 535 2456 2457
f 541 2460 2463
f 570 2488 2492
f 480 2398 2402
f 421 2340 2343
f 511 2430 2433
f 556 2475 2478
f 484 2404 2406
f 580 2501 2502
f 567 2482 2484
f 522 2440 2442
f 427 2347 2349
f 544 2464 2468
f 468 2384 2387
f 436 2355 2358
f 499 2419 2421
f 530 2451 2454
f 548 2470 2472
f 466 2385 2388
f 442 2362 2364
f 505 2423 2426
f 536 2446 2448
f 491 2401 2403
f 423 2339 2342
f 513 2429 2432
f 564 2474 2477
f 581 2491 2493
f 549 2459 2462
f 477 2395 2397
f 445 2365 2367
f 503 2424 2427
f 525 2443 2447
f 474 2390 2391
f 438 2354 2357
f 495 2413 2417
f 532 2450 2453
f 552 2467 2469
f 490 2408 2411
f 577 2495 2498
f 559 2479 2483
f 517 2437 2441
f 430 2350 2352
f 590 2511 2509
f 584 2505 2503
f 585 2507 2506
f 592 2513 2512
f 595 2516 2515
f 598 2519 2518
f 636 2556 2555
f 621 2540 2541
f 642 2561 2562
f 601 2521 2522
f 623 2544 2542
f 611 2529 2528
f 609 2530 2531
f 625 2546 2545
f 628 2549 2548
f 632 2553 2551
f 613 2534 2533
f 616 2536 2537
f 638 2557 2559
f 606 2525 2526
f 1607 644 647
f 1603 643 644
f 1604 645 643
f 1610 646 645
f 1613 647 646
f 1622 652 649
f 1686 670 672
f 1773 699 702
f 1761 695 696
f 1712 681 679
f 1652 659 662
f 1648 658 659
f 1649 660 658
f 1655 661 660
f 1658 662 661
f 1670 665 666
f 1637 657 654
f 1694 677 673
f 1731 686 685
f 1739 688 692
f 1768 698 701
f 1678 668 669
f 1619 648 650
f 1709 678 682
f 1754 693 697
f 1682 669 671
f 1776 701 700
f 1758 697 694
f 1716 682 680
f 1625 650 651
f 1742 689 690
f 1663 664 663
f 1634 653 655
f 1697 674 676
f 1728 684 687
f 1746 690 691
f 1664 663 667
f 1640 655 656
f 1700 676 675
f 1724 687 683
f 1679 672 668
f 1618 649 648
f 1708 679 678
f 1753 696 693
f 1769 702 698
f 1738 691 688
f 1671 667 665
f 1643 656 657
f 1701 675 677
f 1723 683 686
f 1667 666 664
f 1633 654 653
f 1693 673 674
f 1727 685 684
f 1743 692 689
f 1685 671 670
f 1772 700 699
f 1757 694 695
f 1715 680 681
f 1628 651 652
f 2187 838 837
f 1881 736 735
f 1899 741 742
f 2277 867 868
f 2313 879 880
f 2169 831 832
f 2156 828 827
f 2010 780 778
f 2208 846 844
f 1917 747 749
f 2133 820 819
f 1971 767 765
f 1989 771 773
f 2223 849 850
f 2300 875 876
f 2174 834 833
f 2151 825 826
f 2007 777 779
f 2205 843 845
f 1920 750 748
f 1855 727 729
f 1801 709 711
f 1784 703 706
f 1820 715 718
f 1838 721 724
f 1874 733 737
f 2180 835 839
f 2310 878 882
f 2274 866 870
f 1896 740 744
f 2089 805 807
f 2035 787 789
f 1950 758 762
f 2054 793 797
f 2072 799 802
f 2126 817 821
f 1964 763 766
f 1986 770 774
f 2220 848 852
f 2291 872 874
f 2183 836 838
f 1877 734 736
f 1891 739 741
f 2269 865 867
f 2305 877 879
f 2161 829 831
f 2148 824 828
f 2004 776 780
f 2202 842 846
f 1909 745 747
f 2129 818 820
f 1967 764 767
f 1981 769 771
f 2215 847 849
f 2288 871 875
f 2166 830 834
f 2143 823 825
f 1999 775 777
f 2197 841 843
f 1914 746 750
f 1806 710 714
f 1787 704 707
f 1823 716 719
f 1841 722 725
f 1860 728 732
f 1931 752 755
f 2108 811 814
f 2018 781 784
f 2234 853 857
f 2255 860 862
f 2040 788 792
f 1945 757 759
f 2057 794 796
f 2075 800 803
f 2094 806 810
f 2111 812 815
f 2021 782 785
f 2237 854 856
f 2252 859 863
f 1928 751 754
f 1812 714 712
f 1791 707 705
f 1827 719 717
f 1845 725 723
f 1866 732 730
f 1935 755 753
f 2118 814 816
f 2028 784 786
f 2246 857 858
f 2259 862 861
f 2048 792 791
f 1953 759 761
f 2061 796 795
f 2079 803 801
f 2100 810 808
f 2115 815 813
f 2025 785 783
f 2241 856 855
f 2264 863 864
f 1938 754 756
f 1802 712 709
f 1783 705 703
f 1819 717 715
f 1837 723 721
f 1856 730 727
f 1927 753 751
f 2112 816 812
f 2022 786 782
f 2238 858 854
f 2251 861 859
f 2036 791 787
f 1949 761 758
f 2053 795 793
f 2071 801 799
f 2090 808 805
f 2107 813 811
f 2017 783 781
f 2233 855 853
f 2256 864 860
f 1932 756 752
f 1859 731 728
f 1805 713 710
f 1788 708 704
f 1824 720 716
f 1842 726 722
f 1878 738 734
f 2184 840 836
f 2306 881 877
f 2270 869 865
f 1892 743 739
f 2093 809 806
f 2039 790 788
f 1946 760 757
f 2058 798 794
f 2076 804 800
f 2130 822 818
f 1968 768 764
f 1982 772 769
f 2216 851 847
f 2287 873 871
f 2179 837 835
f 1873 735 733
f 1895 742 740
f 2273 868 866
f 2309 880 878
f 2165 832 830
f 2144 827 823
f 2000 778 775
f 2198 844 841
f 1913 749 746
f 2125 819 817
f 1963 765 763
f 1985 773 770
f 2219 850 848
f 2292 876 872
f 2162 833 829
f 2147 826 824
f 2003 779 776
f 2201 845 842
f 1910 748 745
f 1863 729 731
f 1809 711 713
f 1794 706 708
f 1830 718 720
f 1848 724 726
f 1886 737 738
f 2192 839 840
f 2318 882 881
f 2282 870 869
f 1904 744 743
f 2097 807 809
f 2043 789 790
f 1956 762 760
f 2066 797 798
f 2082 802 804
f 2138 821 822
f 1974 766 768
f 1992 774 772
f 2228 852 851
f 2295 874 873
f 2331 1270 1269
f 2327 1246 1245
f 2328 1251 1252
f 2334 1287 1288
f 2337 1305 1306
f 2346 1335 1336
f 2412 1552 1551
f 2499 1474 1473
f 2487 1600 1599
f 2436 1353 1354
f 2376 1480 1479
f 2372 1402 1401
f 2373 1407 1408
f 2379 1491 1492
f 2382 1503 1504
f 2396 1534 1533
f 2361 1413 1414
f 2418 1443 1444
f 2457 1593 1594
f 2463 1384 1383
f 2492 1324 1323
f 2402 1276 1275
f 2343 1264 1263
f 2433 1300 1299
f 2478 1318 1317
f 2406 1342 1341
f 2502 1563 1564
f 2484 1461 1462
f 2442 1587 1588
f 2349 1348 1347
f 2468 1522 1521
f 2387 1419 1420
f 2358 1396 1395
f 2421 1498 1497
f 2454 1516 1515
f 2472 1558 1557
f 2388 1426 1425
f 2364 1432 1431
f 2426 1569 1570
f 2448 1371 1372
f 2403 1281 1282
f 2342 1257 1258
f 2432 1293 1294
f 2477 1311 1312
f 2493 1329 1330
f 2462 1377 1378
f 2397 1539 1540
f 2367 1450 1449
f 2427 1576 1575
f 2447 1366 1365
f 2391 1485 1486
f 2357 1389 1390
f 2417 1438 1437
f 2453 1509 1510
f 2469 1527 1528
f 2411 1545 1546
f 2498 1467 1468
f 2483 1456 1455
f 2441 1582 1581
f 2352 1360 1359
f 2509 1271 1272
f 2503 1247 1248
f 2506 1254 1253
f 2512 1290 1289
f 2515 1308 1307
f 2518 1338 1337
f 2555 1553 1554
f 2541 1475 1476
f 2562 1601 1602
f 2522 1356 1355
f 2542 1481 1482
f 2528 1403 1404
f 2531 1410 1409
f 2545 1494 1493
f 2548 1506 1505
f 2551 1535 1536
f 2533 1416 1415
f 2537 1446 1445
f 2559 1596 1595
f 2526 1385 1386
f 1616 907 909
f 1608 889 891
f 1606 883 886
f 1612 895 898
f 1615 901 904
f 1624 919 922
f 1692 1057 1060
f 1782 1237 1240
f 1765 1201 1204
f 1714 1099 1102
f 1661 997 999
f 1653 979 981
f 1651 973 976
f 1657 985 988
f 1660 991 994
f 1675 1021 1024
f 1639 949 952
f 1696 1063 1066
f 1733 1135 1138
f 1751 1177 1179
f 1779 1231 1233
f 1683 1039 1041
f 1626 925 927
f 1721 1117 1119
f 1766 1207 1209
f 1689 1051 1053
f 1778 1225 1228
f 1760 1189 1192
f 1718 1105 1108
f 1629 931 933
f 1747 1165 1167
f 1665 1003 1005
f 1641 955 957
f 1704 1081 1083
f 1737 1147 1150
f 1750 1171 1174
f 1676 1027 1029
f 1644 961 963
f 1702 1075 1077
f 1726 1123 1126
f 1681 1033 1036
f 1620 913 915
f 1710 1093 1095
f 1755 1183 1185
f 1771 1213 1216
f 1740 1153 1155
f 1673 1015 1018
f 1647 967 970
f 1707 1087 1090
f 1734 1141 1143
f 1669 1009 1012
f 1635 943 945
f 1698 1069 1071
f 1729 1129 1131
f 1745 1159 1162
f 1687 1045 1047
f 1774 1219 1221
f 1762 1195 1197
f 1720 1111 1114
f 1632 937 940
f 2189 1280 1284
f 1883 1256 1260
f 1903 1292 1296
f 2281 1310 1314
f 2317 1328 1332
f 2173 1376 1380
f 2158 1538 1542
f 2012 1447 1451
f 2210 1573 1577
f 1924 1363 1367
f 2135 1484 1488
f 1973 1388 1392
f 1996 1435 1439
f 2227 1508 1512
f 2304 1526 1530
f 2176 1544 1548
f 2155 1466 1470
f 2014 1453 1457
f 2212 1579 1583
f 1922 1357 1361
f 1864 1268 1270
f 1810 1244 1246
f 1795 1249 1251
f 1831 1285 1287
f 1849 1303 1305
f 1887 1333 1335
f 2193 1550 1552
f 2321 1472 1474
f 2285 1598 1600
f 1907 1351 1353
f 2098 1478 1480
f 2044 1400 1402
f 1961 1405 1407
f 2067 1489 1491
f 2083 1501 1503
f 2139 1532 1534
f 1975 1411 1413
f 1997 1441 1443
f 2231 1591 1593
f 2298 1382 1384
f 2190 1322 1324
f 1884 1274 1276
f 1900 1262 1264
f 2278 1298 1300
f 2314 1316 1318
f 2170 1340 1342
f 2159 1561 1563
f 2015 1459 1461
f 2213 1585 1587
f 1918 1346 1348
f 2136 1520 1522
f 1977 1417 1419
f 1990 1394 1396
f 2224 1496 1498
f 2301 1514 1516
f 2177 1556 1558
f 2152 1424 1426
f 2008 1430 1432
f 2206 1567 1569
f 1925 1369 1371
f 1817 1279 1281
f 1797 1255 1257
f 1833 1291 1293
f 1851 1309 1311
f 1871 1327 1329
f 1941 1375 1377
f 2119 1537 1539
f 2029 1448 1450
f 2247 1574 1576
f 2262 1364 1366
f 2051 1483 1485
f 1954 1387 1389
f 2064 1436 1438
f 2085 1507 1509
f 2105 1525 1527
f 2121 1543 1545
f 2031 1465 1467
f 2244 1454 1456
f 2265 1580 1582
f 1939 1358 1360
f 1814 1267 1271
f 1793 1243 1247
f 1829 1250 1254
f 1847 1286 1290
f 1868 1304 1308
f 1937 1334 1338
f 2124 1549 1553
f 2034 1471 1475
f 2250 1597 1601
f 2261 1352 1356
f 2050 1477 1481
f 1960 1399 1403
f 2063 1406 1410
f 2081 1490 1494
f 2102 1502 1506
f 2117 1531 1535
f 2027 1412 1416
f 2243 1442 1446
f 2268 1592 1596
f 1944 1381 1385
f 1804 890 894
f 1785 884 887
f 1821 896 899
f 1839 902 905
f 1858 908 912
f 1929 938 941
f 2114 1046 1050
f 2024 1220 1224
f 2240 1196 1200
f 2253 1112 1115
f 2038 980 984
f 1951 974 977
f 2055 986 989
f 2073 992 995
f 2092 998 1002
f 2109 1016 1019
f 2019 968 971
f 2235 1088 1091
f 2258 1142 1146
f 1934 1154 1158
f 1861 1214 1217
f 1807 1034 1037
f 1790 914 918
f 1826 1094 1098
f 1844 1184 1188
f 1880 1040 1044
f 2186 1232 1236
f 2308 1208 1212
f 2272 1118 1122
f 1894 926 930
f 2095 1160 1163
f 2041 1010 1013
f 1948 944 948
f 2060 1070 1074
f 2078 1130 1134
f 2132 1166 1170
f 1970 1004 1008
f 1984 956 960
f 2218 1082 1086
f 2289 1148 1151
f 2181 1058 1061
f 1875 920 923
f 1897 1100 1103
f 2275 1202 1205
f 2311 1238 1241
f 2167 1172 1175
f 2146 1028 1032
f 2002 962 966
f 2200 1076 1080
f 1915 1124 1127
f 2127 1022 1025
f 1965 950 953
f 1987 1064 1067
f 2221 1136 1139
f 2294 1178 1182
f 2164 1052 1056
f 2149 1226 1229
f 2005 1190 1193
f 2203 1106 1109
f 1912 932 936
f 1870 1321 1325
f 1816 1273 1277
f 1800 1261 1265
f 1836 1297 1301
f 1854 1315 1319
f 1890 1339 1343
f 2196 1562 1566
f 2320 1460 1464
f 2284 1586 1590
f 1906 1345 1349
f 2104 1519 1523
f 2047 1418 1422
f 1958 1393 1397
f 2070 1495 1499
f 2088 1513 1517
f 2142 1555 1559
f 1980 1423 1427
f 1994 1429 1433
f 2230 1568 1572
f 2297 1370 1374
f 2329 894 892
f 2323 887 885
f 2326 899 897
f 2333 905 903
f 2336 912 910
f 2345 941 939
f 2409 1050 1048
f 2496 1224 1222
f 2485 1200 1198
f 2435 1115 1113
f 2374 984 982
f 2368 977 975
f 2371 989 987
f 2378 995 993
f 2381 1002 1000
f 2392 1019 1017
f 2360 971 969
f 2416 1091 1089
f 2456 1146 1144
f 2460 1158 1156
f 2488 1217 1215
f 2398 1037 1035
f 2340 918 916
f 2430 1098 1096
f 2475 1188 1186
f 2404 1044 1042
f 2501 1236 1234
f 2482 1212 1210
f 2440 1122 1120
f 2347 930 928
f 2464 1163 1161
f 2384 1013 1011
f 2355 948 946
f 2419 1074 1072
f 2451 1134 1132
f 2470 1170 1168
f 2385 1008 1006
f 2362 960 958
f 2423 1086 1084
f 2446 1151 1149
f 2401 1061 1059
f 2339 923 921
f 2429 1103 1101
f 2474 1205 1203
f 2491 1241 1239
f 2459 1175 1173
f 2395 1032 1030
f 2365 966 964
f 2424 1080 1078
f 2443 1127 1125
f 2390 1025 1023
f 2354 953 951
f 2413 1067 1065
f 2450 1139 1137
f 2467 1182 1180
f 2408 1056 1054
f 2495 1229 1227
f 2479 1193 1191
f 2437 1109 1107
f 2350 936 934
f 2511 1325 1326
f 2505 1277 1278
f 2507 1265 1266
f 2513 1301 1302
f 2516 1319 1320
f 2519 1343 1344
f 2556 1566 1565
f 2540 1464 1463
f 2561 1590 1589
f 2521 1349 1350
f 2544 1523 1524
f 2529 1422 1421
f 2530 1397 1398
f 2546 1499 1500
f 2549 1517 1518
f 2553 1559 1560
f 2534 1427 1428
f 2536 1433 1434
f 2557 1572 1571
f 2525 1374 1373
f 1609 892 889
f 1605 885 883
f 1611 897 895
f 1614 903 901
f 1617 910 907
f 1631 939 937
f 1688 1048 1045
f 1775 1222 1219
f 1763 1198 1195
f 1719 1113 1111
f 1654 982 979
f 1650 975 973
f 1656 987 985
f 1659 993 991
f 1662 1000 997
f 1672 1017 1015
f 1646 969 967
f 1706 1089 1087
f 1735 1144 1141
f 1741 1156 1153
f 1770 1215 1213
f 1680 1035 1033
f 1621 916 913
f 1711 1096 1093
f 1756 1186 1183
f 1684 1042 1039
f 1780 1234 1231
f 1767 1210 1207
f 1722 1120 1117
f 1627 928 925
f 1744 1161 1159
f 1668 1011 1009
f 1636 946 943
f 1699 1072 1069
f 1730 1132 1129
f 1748 1168 1165
f 1666 1006 1003
f 1642 958 955
f 1705 1084 1081
f 1736 1149 1147
f 1691 1059 1057
f 1623 921 919
f 1713 1101 1099
f 1764 1203 1201
f 1781 1239 1237
f 1749 1173 1171
f 1677 1030 1027
f 1645 964 961
f 1703 1078 1075
f 1725 1125 1123
f 1674 1023 1021
f 1638 951 949
f 1695 1065 1063
f 1732 1137 1135
f 1752 1180 1177
f 1690 1054 1051
f 1777 1227 1225
f 1759 1191 1189
f 1717 1107 1105
f 1630 934 931
f 2191 1326 1322
f 1885 1278 1274
f 1901 1266 1262
f 2279 1302 1298
f 2315 1320 1316
f 2171 1344 1340
f 2160 1565 1561
f 2016 1463 1459
f 2214 1589 1585
f 1919 1350 1346
f 2137 1524 1520
f 1978 1421 1417
f 1991 1398 1394
f 2225 1500 1496
f 2302 1518 1514
f 2178 1560 1556
f 2153 1428 1424
f 2009 1434 1430
f 2207 1571 1567
f 1926 1373 1369
f 1857 911 908
f 1803 893 890
f 1786 888 884
f 1822 900 896
f 1840 906 902
f 1876 924 920
f 2182 1062 1058
f 2312 1242 1238
f 2276 1206 1202
f 1898 1104 1100
f 2091 1001 998
f 2037 983 980
f 1952 978 974
f 2056 990 986
f 2074 996 992
f 2128 1026 1022
f 1966 954 950
f 1988 1068 1064
f 2222 1140 1136
f 2293 1181 1178
f 2185 1235 1232
f 1879 1043 1040
f 1893 929 926
f 2271 1121 1118
f 2307 1211 1208
f 2163 1055 1052
f 2150 1230 1226
f 2006 1194 1190
f 2204 1110 1106
f 1911 935 932
f 2131 1169 1166
f 1969 1007 1004
f 1983 959 956
f 2217 1085 1082
f 2290 1152 1148
f 2168 1176 1172
f 2145 1031 1028
f 2001 965 962
f 2199 1079 1076
f 1916 1128 1124
f 1808 1038 1034
f 1789 917 914
f 1825 1097 1094
f 1843 1187 1184
f 1862 1218 1214
f 1933 1157 1154
f 2110 1020 1016
f 2020 972 968
f 2236 1092 1088
f 2257 1145 1142
f 2042 1014 1010
f 1947 947 944
f 2059 1073 1070
f 2077 1133 1130
f 2096 1164 1160
f 2113 1049 1046
f 2023 1223 1220
f 2239 1199 1196
f 2254 1116 1112
f 1930 942 938
f 1818 1283 1279
f 1798 1259 1255
f 1834 1295 1291
f 1852 1313 1309
f 1872 1331 1327
f 1942 1379 1375
f 2120 1541 1537
f 2030 1452 1448
f 2248 1578 1574
f 2263 1368 1364
f 2052 1487 1483
f 1955 1391 1387
f 2065 1440 1436
f 2086 1511 1507
f 2106 1529 1525
f 2122 1547 1543
f 2032 1469 1465
f 2245 1458 1454
f 2266 1584 1580
f 1940 1362 1358
f 1813 1269 1267
f 1792 1245 1243
f 1828 1252 1250
f 1846 1288 1286
f 1867 1306 1304
f 1936 1336 1334
f 2123 1551 1549
f 2033 1473 1471
f 2249 1599 1597
f 2260 1354 1352
f 2049 1479 1477
f 1959 1401 1399
f 2062 1408 1406
f 2080 1492 1490
f 2101 1504 1502
f 2116 1533 1531
f 2026 1414 1412
f 2242 1444 1442
f 2267 1594 1592
f 1943 1383 1381
f 1869 1323 1321
f 1815 1275 1273
f 1799 1263 1261
f 1835 1299 1297
f 1853 1317 1315
f 1889 1341 1339
f 2195 1564 1562
f 2319 1462 1460
f 2283 1588 1586
f 1905 1347 1345
f 2103 1521 1519
f 2046 1420 1418
f 1957 1395 1393
f 2069 1497 1495
f 2087 1515 1513
f 2141 1557 1555
f 1979 1425 1423
f 1993 1431 1429
f 2229 1570 1568
f 2296 1372 1370
f 2188 1282 1280
f 1882 1258 1256
f 1902 1294 1292
f 2280 1312 1310
f 2316 1330 1328
f 2172 1378 1376
f 2157 1540 1538
f 2011 1449 1447
f 2209 1575 1573
f 1923 1365 1363
f 2134 1486 1484
f 1972 1390 1388
f 1995 1437 1435
f 2226 1510 1508
f 2303 1528 1526
f 2175 1546 1544
f 2154 1468 1466
f 2013 1455 1453
f 2211 1581 1579
f 1921 1359 1357
f 1865 1272 1268
f 1811 1248 1244
f 1796 1253 1249
f 1832 1289 1285
f 1850 1307 1303
f 1888 1337 1333
f 2194 1554 1550
f 2322 1476 1472
f 2286 1602 1598
f 1908 1355 1351
f 2099 1482 1478
f 2045 1404 1400
f 1962 1409 1405
f 2068 1493 1489
f 2084 1505 1501
f 2140 1536 1532
f 1976 1415 1411
f 1998 1445 1441
f 2232 1595 1591
f 2299 1386 1382
f 2330 909 911
f 2324 891 893
f 2325 886 888
f 2332 898 900
f 2335 904 906
f 2344 922 924
f 2410 1060 1062
f 2497 1240 1242
f 2486 1204 1206
f 2434 1102 1104
f 2375 999 1001
f 2369 981 983
f 2370 976 978
f 2377 988 990
f 2380 994 996
f 2393 1024 1026
f 2359 952 954
f 2415 1066 1068
f 2455 1138 1140
f 2461 1179 1181
f 2489 1233 1235
f 2399 1041 1043
f 2341 927 929
f 2431 1119 1121
f 2476 1209 1211
f 2405 1053 1055
f 2500 1228 1230
f 2481 1192 1194
f 2439 1108 1110
f 2348 933 935
f 2465 1167 1169
f 2383 1005 1007
f 2356 957 959
f 2420 1083 1085
f 2452 1150 1152
f 2471 1174 1176
f 2386 1029 1031
f 2363 963 965
f 2422 1077 1079
f 2445 1126 1128
f 2400 1036 1038
f 2338 915 917
f 2428 1095 1097
f 2473 1185 1187
f 2490 1216 1218
f 2458 1155 1157
f 2394 1018 1020
f 2366 970 972
f 2425 1090 1092
f 2444 1143 1145
f 2389 1012 1014
f 2353 945 947
f 2414 1071 1073
f 2449 1131 1133
f 2466 1162 1164
f 2407 1047 1049
f 2494 1221 1223
f 2480 1197 1199
f 2438 1114 1116
f 2351 940 942
f 2510 1284 1283
f 2504 1260 1259
f 2508 1296 1295
f 2514 1314 1313
f 2517 1332 1331
f 2520 1380 1379
f 2554 1542 1541
f 2539 1451 1452
f 2560 1577 1578
f 2523 1367 1368
f 2543 1488 1487
f 2527 1392 1391
f 2532 1439 1440
f 2547 1512 1511
f 2550 1530 1529
f 2552 1548 1547
f 2535 1470 1469
f 2538 1457 1458
f 2558 1583 1584
f 2524 1361 1362
f 1607 1616 1609
f 1603 1608 1605
f 1604 1606 1611
f 1610 1612 1614
f 1613 1615 1617
f 1622 1624 1631
f 1686 1692 1688
f 1773 1782 1775
f 1761 1765 1763
f 1712 1714 1719
f 1652 1661 1654
f 1648 1653 1650
f 1649 1651 1656
f 1655 1657 1659
f 1658 1660 1662
f 1670 1675 1672
f 1637 1639 1646
f 1694 1696 1706
f 1731 1733 1735
f 1739 1751 1741
f 1768 1779 1770
f 1678 1683 1680
f 1619 1626 1621
f 1709 1721 1711
f 1754 1766 1756
f 1682 1689 1684
f 1776 1778 1780
f 1758 1760 1767
f 1716 1718 1722
f 1625 1629 1627
f 1742 1747 1744
f 1663 1665 1668
f 1634 1641 1636
f 1697 1704 1699
f 1728 1737 1730
f 1746 1750 1748
f 1664 1676 1666
f 1640 1644 1642
f 1700 1702 1705
f 1724 1726 1736
f 1679 1681 1691
f 1618 1620 1623
f 1708 1710 1713
f 1753 1755 1764
f 1769 1771 1781
f 1738 1740 1749
f 1671 1673 1677
f 1643 1647 1645
f 1701 1707 1703
f 1723 1734 1725
f 1667 1669 1674
f 1633 1635 1638
f 1693 1698 1695
f 1727 1729 1732
f 1743 1745 1752
f 1685 1687 1690
f 1772 1774 1777
f 1757 1762 1759
f 1715 1720 1717
f 1628 1632 1630
f 2187 2189 2191
f 1881 1883 1885
f 1899 1903 1901
f 2277 2281 2279
f 2313 2317 2315
f 2169 2173 2171
f 2156 2158 2160
f 2010 2012 2016
f 2208 2210 2214
f 1917 1924 1919
f 2133 2135 2137
f 1971 1973 1978
f 1989 1996 1991
f 2223 2227 2225
f 2300 2304 2302
f 2174 2176 2178
f 2151 2155 2153
f 2007 2014 2009
f 2205 2212 2207
f 1920 1922 1926
f 1855 1864 1857
f 1801 1810 1803
f 1784 1795 1786
f 1820 1831 1822
f 1838 1849 1840
f 1874 1887 1876
f 2180 2193 2182
f 2310 2321 2312
f 2274 2285 2276
f 1896 1907 1898
f 2089 2098 2091
f 2035 2044 2037
f 1950 1961 1952
f 2054 2067 2056
f 2072 2083 2074
f 2126 2139 2128
f 1964 1975 1966
f 1986 1997 1988
f 2220 2231 2222
f 2291 2298 2293
f 2183 2190 2185
f 1877 1884 1879
f 1891 1900 1893
f 2269 2278 2271
f 2305 2314 2307
f 2161 2170 2163
f 2148 2159 2150
f 2004 2015 2006
f 2202 2213 2204
f 1909 1918 1911
f 2129 2136 2131
f 1967 1977 1969
f 1981 1990 1983
f 2215 2224 2217
f 2288 2301 2290
f 2166 2177 2168
f 2143 2152 2145
f 1999 2008 2001
f 2197 2206 2199
f 1914 1925 1916
f 1806 1817 1808
f 1787 1797 1789
f 1823 1833 1825
f 1841 1851 1843
f 1860 1871 1862
f 1931 1941 1933
f 2108 2119 2110
f 2018 2029 2020
f 2234 2247 2236
f 2255 2262 2257
f 2040 2051 2042
f 1945 1954 1947
f 2057 2064 2059
f 2075 2085 2077
f 2094 2105 2096
f 2111 2121 2113
f 2021 2031 2023
f 2237 2244 2239
f 2252 2265 2254
f 1928 1939 1930
f 1812 1814 1818
f 1791 1793 1798
f 1827 1829 1834
f 1845 1847 1852
f 1866 1868 1872
f 1935 1937 1942
f 2118 2124 2120
f 2028 2034 2030
f 2246 2250 2248
f 2259 2261 2263
f 2048 2050 2052
f 1953 1960 1955
f 2061 2063 2065
f 2079 2081 2086
f 2100 2102 2106
f 2115 2117 2122
f 2025 2027 2032
f 2241 2243 2245
f 2264 2268 2266
f 1938 1944 1940
f 1802 1804 1813
f 1783 1785 1792
f 1819 1821 1828
f 1837 1839 1846
f 1856 1858 1867
f 1927 1929 1936
f 2112 2114 2123
f 2022 2024 2033
f 2238 2240 2249
f 2251 2253 2260
f 2036 2038 2049
f 1949 1951 1959
f 2053 2055 2062
f 2071 2073 2080
f 2090 2092 2101
f 2107 2109 2116
f 2017 2019 2026
f 2233 2235 2242
f 2256 2258 2267
f 1932 1934 1943
f 1859 1861 1869
f 1805 1807 1815
f 1788 1790 1799
f 1824 1826 1835
f 1842 1844 1853
f 1878 1880 1889
f 2184 2186 2195
f 2306 2308 2319
f 2270 2272 2283
f 1892 1894 1905
f 2093 2095 2103
f 2039 2041 2046
f 1946 1948 1957
f 2058 2060 2069
f 2076 2078 2087
f 2130 2132 2141
f 1968 1970 1979
f 1982 1984 1993
f 2216 2218 2229
f 2287 2289 2296
f 2179 2181 2188
f 1873 1875 1882
f 1895 1897 1902
f 2273 2275 2280
f 2309 2311 2316
f 2165 2167 2172
f 2144 2146 2157
f 2000 2002 2011
f 2198 2200 2209
f 1913 1915 1923
f 2125 2127 2134
f 1963 1965 1972
f 1985 1987 1995
f 2219 2221 2226
f 2292 2294 2303
f 2162 2164 2175
f 2147 2149 2154
f 2003 2005 2013
f 2201 2203 2211
f 1910 1912 1921
f 1863 1870 1865
f 1809 1816 1811
f 1794 1800 1796
f 1830 1836 1832
f 1848 1854 1850
f 1886 1890 1888
f 2192 2196 2194
f 2318 2320 2322
f 2282 2284 2286
f 1904 1906 1908
f 2097 2104 2099
f 2043 2047 2045
f 1956 1958 1962
f 2066 2070 2068
f 2082 2088 2084
f 2138 2142 2140
f 1974 1980 1976
f 1992 1994 1998
f 2228 2230 2232
f 2295 2297 2299
f 2331 2329 2330
f 2327 2323 2324
f 2328 2326 2325
f 2334 2333 2332
f 2337 2336 2335
f 2346 2345 2344
f 2412 2409 2410
f 2499 2496 2497
f 2487 2485 2486
f 2436 2435 2434
f 2376 2374 2375
f 2372 2368 2369
f 2373 2371 2370
f 2379 2378 2377
f 2382 2381 2380
f 2396 2392 2393
f 2361 2360 2359
f 2418 2416 2415
f 2457 2456 2455
f 2463 2460 2461
f 2492 2488 2489
f 2402 2398 2399
f 2343 2340 2341
f 2433 2430 2431
f 2478 2475 2476
f 2406 2404 2405
f 2502 2501 2500
f 2484 2482 2481
f 2442 2440 2439
f 2349 2347 2348
f 2468 2464 2465
f 2387 2384 2383
f 2358 2355 2356
f 2421 2419 2420
f 2454 2451 2452
f 2472 2470 2471
f 2388 2385 2386
f 2364 2362 2363
f 2426 2423 2422
f 2448 2446 2445
f 2403 2401 2400
f 2342 2339 2338
f 2432 2429 2428
f 2477 2474 2473
f 2493 2491 2490
f 2462 2459 2458
f 2397 2395 2394
f 2367 2365 2366
f 2427 2424 2425
f 2447 2443 2444
f 2391 2390 2389
f 2357 2354 2353
f 2417 2413 2414
f 2453 2450 2449
f 2469 2467 2466
f 2411 2408 2407
f 2498 2495 2494
f 2483 2479 2480
f 2441 2437 2438
f 2352 2350 2351
f 2509 2511 2510
f 2503 2505 2504
f 2506 2507 2508
f 2512 2513 2514
f 2515 2516 2517
f 2518 2519 2520
f 2555 2556 2554
f 2541 2540 2539
f 2562 2561 2560
f 2522 2521 2523
f 2542 2544 2543
f 2528 2529 2527
f 2531 2530 2532
f 2545 2546 2547
f 2548 2549 2550
f 2551 2553 2552
f 2533 2534 2535
f 2537 2536 2538
f 2559 2557 2558
f 2526 2525 2524