v -0.428579 0.663113 0.003280
v 0.428627 0.663076 0.003263
v -0.432875 -0.670383 0.003327
v 0.432826 -0.670448 0.003353
v -0.000093 -0.468709 0.753794
v -0.000000 0.460553 0.752319
v 0.000001 -0.458331 -0.751547
v -0.000005 0.455349 -0.750505
v 0.757857 0.001322 -0.472870
v 0.771149 -0.000052 0.475486
v -0.757861 0.001326 -0.472871
v -0.771153 -0.000057 0.475488
v 0.000001 0.804737 -0.002267
v -0.254661 0.630738 0.411715
v -0.238358 0.662803 -0.437102
v -0.685477 0.417227 -0.260714
v -0.706333 0.430694 0.268923
v 0.254637 0.630718 0.411676
v 0.238300 0.662809 -0.437141
v 0.685480 0.417256 -0.260704
v 0.706320 0.430679 0.268923
v -0.000021 -0.814141 0.030946
v -0.273304 -0.716387 0.467906
v -0.249604 -0.621599 -0.408736
v -0.686382 -0.418430 -0.258874
v -0.705332 -0.431145 0.269117
v 0.273140 -0.716344 0.467830
v 0.249571 -0.621638 -0.408735
v 0.686371 -0.418428 -0.258874
v 0.705342 -0.431143 0.269120
v -0.000001 -0.002268 0.889341
v 0.446566 -0.271570 0.721779
v -0.446509 -0.271542 0.721763
v 0.446095 0.273535 0.723188
v -0.446079 0.273519 0.723167
v -0.000000 0.003143 -0.891380
v 0.444478 -0.272420 -0.719946
v -0.444477 -0.272418 -0.719944
v 0.442685 0.271306 -0.718011
v -0.442690 0.271297 -0.718007
v 0.893828 0.000526 0.001549
v -0.893849 0.000527 0.001555
v -0.206441 0.743543 0.004375
v -0.354632 0.666749 0.192615
v -0.355394 0.674440 -0.190007
v -0.573707 0.576527 -0.119558
v -0.579113 0.578046 0.127502
v 0.206448 0.743556 0.004353
v 0.354634 0.666743 0.192602
v 0.354862 0.674100 -0.190017
v 0.573698 0.576527 -0.119562
v 0.579116 0.578047 0.127505
v -0.213038 -0.756196 0.007173
v -0.360614 -0.687575 0.202875
v -0.359177 -0.685335 -0.191253
v -0.573511 -0.573637 -0.118424
v -0.582212 -0.585403 0.129966
v 0.213061 -0.756086 0.007160
v 0.360454 -0.687643 0.202702
v 0.359191 -0.685133 -0.191169
v 0.573516 -0.573656 -0.118420
v 0.582247 -0.585446 0.129982
v -0.151577 -0.678193 0.699494
v 0.151018 -0.678010 0.699135
v -0.000019 -0.255955 0.852629
v 0.209951 -0.387261 0.758844
v -0.209945 -0.387404 0.759108
v -0.127753 0.559132 0.610125
v 0.127746 0.559131 0.610122
v 0.000001 0.258620 0.854119
v 0.214349 0.385763 0.764408
v -0.214350 0.385764 0.764410
v -0.126936 -0.549205 -0.607808
v 0.126942 -0.549207 -0.607806
v 0.000002 -0.258556 -0.858151
v 0.216424 -0.388870 -0.765663
v -0.216427 -0.388872 -0.765669
v -0.127888 0.576369 -0.620437
v 0.128099 0.576314 -0.620078
v -0.000002 0.256191 -0.856290
v 0.214789 0.386323 -0.763363
v -0.214786 0.386320 -0.763378
v 0.752778 0.206573 -0.389644
v 0.753337 -0.208608 -0.389044
v 0.633987 -0.133322 -0.610511
v 0.634222 0.133002 -0.610425
v 0.843480 0.000464 -0.252290
v 0.774695 0.213751 0.393568
v 0.773338 -0.216508 0.393779
v 0.639326 -0.136630 0.616362
v 0.640419 0.134118 0.616357
v 0.863706 0.000317 0.259966
v -0.752772 0.206565 -0.389642
v -0.753334 -0.208590 -0.389050
v -0.633990 -0.133322 -0.610510
v -0.634222 0.133002 -0.610425
v -0.843372 0.000452 -0.252287
v -0.774651 0.213741 0.393551
v -0.773341 -0.216509 0.393779
v -0.639327 -0.136630 0.616361
v -0.640415 0.134115 0.616359
v -0.863703 0.000313 0.259961
v -0.108971 0.732918 0.191975
v -0.109669 0.754011 -0.206208
v 0.108970 0.732917 0.191972
v 0.109752 0.754213 -0.206529
v -0.500082 0.559303 0.369578
v -0.000003 0.659354 0.414336
v -0.376085 0.499085 0.592389
v -0.494589 0.554136 -0.368911
v -0.000088 0.698804 -0.438605
v -0.372009 0.490859 -0.588212
v -0.737227 0.438983 0.004201
v -0.588824 0.369381 -0.513969
v -0.833931 0.229462 -0.128774
v -0.599993 0.378308 0.518821
v -0.844063 0.233575 0.134653
v 0.500083 0.559307 0.369574
v 0.376107 0.499167 0.592449
v 0.494627 0.554132 -0.368903
v 0.371912 0.490789 -0.588105
v 0.737234 0.438982 0.004200
v 0.588797 0.369336 -0.513937
v 0.833928 0.229479 -0.128756
v 0.599989 0.378300 0.518821
v 0.844063 0.233573 0.134653
v -0.106687 -0.776072 0.218413
v -0.116813 -0.749921 -0.197580
v 0.106936 -0.775948 0.218465
v 0.116906 -0.749878 -0.197553
v -0.509155 -0.582588 0.383061
v 0.000147 -0.752556 0.474231
v -0.378391 -0.521372 0.605527
v -0.489098 -0.541517 -0.363761
v 0.000008 -0.659991 -0.418679
v -0.372415 -0.489877 -0.590131
v -0.737373 -0.439741 0.004379
v -0.590275 -0.371512 -0.513738
v -0.833335 -0.232002 -0.128477
v -0.599949 -0.378289 0.517121
v -0.843402 -0.235499 0.135526
v 0.509155 -0.582333 0.382910
v 0.378331 -0.521535 0.605563
v 0.489102 -0.541453 -0.363778
v 0.372407 -0.489867 -0.590133
v 0.737336 -0.439695 0.004378
v 0.590278 -0.371513 -0.513746
v 0.833347 -0.232014 -0.128463
v 0.599955 -0.378291 0.517082
v 0.843392 -0.235496 0.135527
v 0.239418 -0.137774 0.848489
v -0.239474 -0.137752 0.848486
v 0.240505 0.135240 0.849094
v -0.240502 0.135238 0.849096
v 0.461305 -0.000828 0.766333
v -0.461309 -0.000830 0.766333
v 0.241975 -0.135530 -0.849139
v -0.241977 -0.135529 -0.849144
v 0.239630 0.137878 -0.847867
v -0.239623 0.137885 -0.847869
v 0.459914 0.002221 -0.764169
v -0.459912 0.002219 -0.764169
v -0.333263 0.698456 0.004288
v -0.397317 0.669002 0.087264
v -0.397927 0.671077 -0.080455
v -0.501147 0.631986 -0.051039
v -0.499110 0.628356 0.056704
v 0.333277 0.698463 0.004300
v 0.397299 0.668985 0.087270
v 0.397905 0.671045 -0.080470
v 0.501162 0.631992 -0.051043
v 0.499107 0.628350 0.056688
v -0.338401 -0.709335 0.004111
v -0.402900 -0.681856 0.090515
v -0.399858 -0.676867 -0.081961
v -0.499898 -0.630643 -0.050891
v -0.503367 -0.637094 0.058087
v 0.338500 -0.708907 0.004103
v 0.402844 -0.681957 0.090375
v 0.399877 -0.676806 -0.081879
v 0.499892 -0.630670 -0.050886
v 0.503410 -0.637128 0.058131
v -0.061151 -0.552123 0.722848
v 0.061253 -0.552166 0.722629
v -0.000122 -0.370265 0.798259
v 0.094614 -0.435652 0.762582
v -0.094830 -0.436019 0.762863
v -0.059020 0.510573 0.693992
v 0.059014 0.510571 0.693997
v 0.000000 0.375086 0.803751
v 0.097889 0.433502 0.766806
v -0.097890 0.433502 0.766805
v -0.059177 -0.505135 -0.692617
v 0.059177 -0.505121 -0.692605
v 0.000001 -0.376202 -0.807749
v 0.096760 -0.430254 -0.762207
v -0.096761 -0.430258 -0.762205
v -0.058276 0.509245 -0.692781
v 0.058635 0.509591 -0.692953
v -0.000003 0.372092 -0.805509
v 0.096453 0.426981 -0.760711
v -0.096466 0.426996 -0.760696
v 0.762753 0.095054 -0.439785
v 0.762135 -0.094237 -0.439195
v 0.708491 -0.058657 -0.538526
v 0.709251 0.060513 -0.539204
v 0.799632 0.000848 -0.378100
v 0.779063 0.096492 0.441770
v 0.777740 -0.097688 0.441756
v 0.716690 -0.061217 0.543348
v 0.717625 0.059807 0.543684
v 0.823445 0.000312 0.382444
v -0.762752 0.095051 -0.439788
v -0.762139 -0.094236 -0.439194
v -0.708491 -0.058659 -0.538520
v -0.709249 0.060513 -0.539202
v -0.799676 0.000856 -0.378093
v -0.779065 0.096481 0.441768
v -0.777736 -0.097686 0.441753
v -0.716697 -0.061219 0.543359
v -0.717625 0.059802 0.543686
v -0.823448 0.000306 0.382439
v -0.076513 0.787564 0.000562
v 0.076545 0.787591 0.000571
v -0.038894 0.782126 0.069868
v -0.037219 0.798354 -0.073453
v 0.038889 0.782126 0.069864
v 0.037211 0.798273 -0.073396
v -0.307359 0.653517 0.302706
v -0.194127 0.598971 0.514931
v -0.182377 0.682198 0.305996
v -0.379291 0.599473 0.398682
v -0.127753 0.651491 0.414360
v -0.320215 0.572612 0.506343
v -0.301562 0.668490 -0.312125
v -0.195207 0.637113 -0.536128
v -0.181171 0.725509 -0.352965
v -0.374842 0.608677 -0.402919
v -0.160485 0.798574 -0.482559
v -0.316005 0.582136 -0.512008
v -0.636505 0.507468 -0.190597
v -0.725945 0.315217 -0.328399
v -0.595092 0.490386 -0.320292
v -0.723676 0.435253 -0.129515
v -0.642319 0.398181 -0.392039
v -0.768203 0.331733 -0.196321
v -0.650265 0.515642 0.199532
v -0.750872 0.327345 0.334965
v -0.611899 0.505062 0.325207
v -0.732807 0.439873 0.137887
v -0.658768 0.409068 0.394615
v -0.782544 0.338088 0.203785
v 0.307355 0.653508 0.302707
v 0.194137 0.598983 0.514936
v 0.182380 0.682215 0.306014
v 0.127755 0.651468 0.414357
v 0.379291 0.599470 0.398679
v 0.320217 0.572610 0.506336
v 0.301989 0.668237 -0.312515
v 0.195243 0.637100 -0.536299
v 0.180997 0.725321 -0.352888
v 0.160453 0.798577 -0.482640
v 0.375008 0.608810 -0.403339
v 0.316601 0.582851 -0.512718
v 0.636517 0.507483 -0.190607
v 0.725921 0.315200 -0.328407
v 0.595093 0.490382 -0.320297
v 0.723677 0.435246 -0.129516
v 0.642321 0.398171 -0.392047
v 0.768247 0.331768 -0.196334
v 0.650291 0.515663 0.199549
v 0.750866 0.327345 0.334964
v 0.611872 0.505035 0.325193
v 0.732813 0.439869 0.137888
v 0.658761 0.409052 0.394617
v 0.782522 0.338068 0.203781
v -0.081888 -0.796438 0.020640
v 0.081923 -0.796409 0.020607
v -0.031106 -0.814710 0.100094
v -0.046560 -0.778812 -0.065360
v 0.031042 -0.814728 0.100154
v 0.046504 -0.778868 -0.065345
v -0.313874 -0.692081 0.326555
v -0.242122 -0.775947 0.624622
v -0.188029 -0.738147 0.345777
v -0.387021 -0.639193 0.422218
v -0.146658 -0.767007 0.481330
v -0.337194 -0.642356 0.551919
v -0.306970 -0.662811 -0.301764
v -0.190962 -0.588299 -0.513376
v -0.184792 -0.692731 -0.309153
v -0.371677 -0.585391 -0.393626
v -0.125174 -0.645570 -0.414711
v -0.314795 -0.558934 -0.504083
v -0.637135 -0.505972 -0.188913
v -0.726607 -0.317342 -0.326947
v -0.595806 -0.489711 -0.318244
v -0.724223 -0.436040 -0.127882
v -0.643210 -0.399582 -0.390566
v -0.768849 -0.334076 -0.194617
v -0.650667 -0.518839 0.201235
v -0.749277 -0.328978 0.335159
v -0.613892 -0.510816 0.328739
v -0.732243 -0.440305 0.137533
v -0.657575 -0.409686 0.394877
v -0.781269 -0.339569 0.203894
v 0.313868 -0.692099 0.326830
v 0.242476 -0.776020 0.624575
v 0.188406 -0.738856 0.345223
v 0.147733 -0.767210 0.481542
v 0.387254 -0.639467 0.422640
v 0.337681 -0.642273 0.551888
v 0.306913 -0.662732 -0.301663
v 0.190956 -0.588296 -0.513379
v 0.184761 -0.692752 -0.309174
v 0.125190 -0.645591 -0.414718
v 0.371681 -0.585349 -0.393607
v 0.314797 -0.558908 -0.504075
v 0.637138 -0.505978 -0.188921
v 0.726596 -0.317346 -0.326941
v 0.595823 -0.489772 -0.318255
v 0.724223 -0.436045 -0.127880
v 0.643214 -0.399573 -0.390571
v 0.768838 -0.334058 -0.194623
v 0.650659 -0.518840 0.201256
v 0.749280 -0.328969 0.335165
v 0.613830 -0.510857 0.328703
v 0.732253 -0.440307 0.137530
v 0.657563 -0.409686 0.394856
v 0.781269 -0.339567 0.203897
v 0.000023 -0.133812 0.882866
v 0.000000 0.130528 0.883978
v 0.121149 -0.069600 0.880828
v -0.121138 -0.069608 0.880828
v 0.121739 0.065272 0.881101
v -0.121736 0.065271 0.881102
v 0.330531 -0.329871 0.745896
v 0.547395 -0.207259 0.675454
v 0.414492 -0.393766 0.660488
v 0.525684 -0.329358 0.623688
v 0.350490 -0.206322 0.795796
v 0.457607 -0.142657 0.756295
v -0.330366 -0.330099 0.745828
v -0.547413 -0.207238 0.675455
v -0.414277 -0.394040 0.660329
v -0.525576 -0.329465 0.623586
v -0.350518 -0.206280 0.795778
v -0.457598 -0.142644 0.756304
v 0.334457 0.333321 0.752401
v 0.547695 0.206742 0.676155
v 0.417244 0.393498 0.663904
v 0.526982 0.330742 0.627036
v 0.351221 0.205921 0.796605
v 0.458440 0.141129 0.756478
v -0.334459 0.333323 0.752405
v -0.547694 0.206745 0.676158
v -0.417239 0.393507 0.663906
v -0.526998 0.330759 0.627056
v -0.351221 0.205920 0.796607
v -0.458458 0.141148 0.756521
v -0.000001 -0.130204 -0.884907
v -0.000002 0.132959 -0.883210
v 0.122376 -0.065148 -0.879726
v -0.122377 -0.065147 -0.879730
v 0.121948 0.069600 -0.879616
v -0.121947 0.069602 -0.879614
v 0.331565 -0.332786 -0.748789
v 0.545969 -0.206266 -0.674807
v 0.415820 -0.392873 -0.662427
v 0.522989 -0.329003 -0.624696
v 0.349811 -0.205553 -0.795250
v 0.456676 -0.139030 -0.753443
v -0.331567 -0.332785 -0.748785
v -0.545965 -0.206267 -0.674809
v -0.415825 -0.392871 -0.662424
v -0.522986 -0.329004 -0.624695
v -0.349813 -0.205555 -0.795252
v -0.456675 -0.139029 -0.753446
v 0.329588 0.331560 -0.747332
v 0.545422 0.204844 -0.673457
v 0.414519 0.391212 -0.661139
v 0.521628 0.327226 -0.623778
v 0.347259 0.205920 -0.793442
v 0.455985 0.140768 -0.753185
v -0.329586 0.331569 -0.747345
v -0.545421 0.204835 -0.673455
v -0.414482 0.391197 -0.661116
v -0.521617 0.327214 -0.623776
v -0.347248 0.205923 -0.793433
v -0.455988 0.140767 -0.753186
v 0.878321 0.000220 -0.124589
v 0.889495 0.000661 0.130395
v 0.876230 0.117040 -0.062384
v 0.882004 0.118594 0.066153
v 0.874896 -0.118071 -0.062149
v 0.881330 -0.119146 0.067033
v -0.878279 0.000215 -0.124592
v -0.889500 0.000644 0.130400
v -0.876224 0.117037 -0.062388
v -0.882001 0.118604 0.066161
v -0.874972 -0.118088 -0.062158
v -0.881331 -0.119142 0.067037
v -0.278166 0.710219 0.097155
v -0.279175 0.713516 -0.091254
v -0.150142 0.751009 0.092118
v -0.150832 0.759200 -0.089227
v -0.473325 0.625727 0.169955
v -0.230242 0.703604 0.198356
v -0.430420 0.616567 0.284866
v -0.474515 0.630566 -0.163700
v -0.229079 0.715045 -0.205740
v -0.436296 0.633462 -0.287385
v -0.588772 0.579966 0.003471
v -0.539426 0.568100 -0.243620
v -0.664292 0.517268 -0.061245
v -0.546577 0.571589 0.249481
v -0.668433 0.519266 0.069945
v 0.278172 0.710229 0.097174
v 0.279251 0.713591 -0.091350
v 0.150129 0.751020 0.092115
v 0.150781 0.759370 -0.089252
v 0.473318 0.625735 0.169953
v 0.230248 0.703604 0.198345
v 0.430416 0.616567 0.284863
v 0.474478 0.630569 -0.163689
v 0.229424 0.715540 -0.205784
v 0.436205 0.633579 -0.287240
v 0.588801 0.579989 0.003472
v 0.539444 0.568096 -0.243576
v 0.664293 0.517251 -0.061240
v 0.546623 0.571634 0.249504
v 0.668433 0.519266 0.069943
v -0.282647 -0.724191 0.104753
v -0.292345 -0.748910 -0.096743
v -0.150367 -0.772263 0.108338
v -0.164925 -0.783224 -0.092783
v -0.482674 -0.643257 0.176482
v -0.233268 -0.733249 0.217023
v -0.441908 -0.643019 0.300308
v -0.468014 -0.621949 -0.161197
v -0.242644 -0.769181 -0.221247
v -0.422641 -0.607359 -0.276160
v -0.590622 -0.581250 0.004203
v -0.536221 -0.558956 -0.240182
v -0.664651 -0.516122 -0.060641
v -0.557277 -0.589364 0.259378
v -0.669580 -0.520657 0.070293
v 0.282651 -0.724398 0.104906
v 0.292466 -0.748823 -0.096777
v 0.150417 -0.772117 0.108400
v 0.165035 -0.783131 -0.092837
v 0.482708 -0.643294 0.176437
v 0.233075 -0.733139 0.217103
v 0.441801 -0.643026 0.300228
v 0.468049 -0.621933 -0.161132
v 0.242598 -0.769320 -0.221318
v 0.422561 -0.607641 -0.276097
v 0.590625 -0.581264 0.004207
v 0.536196 -0.558809 -0.240180
v 0.664684 -0.516150 -0.060651
v 0.557300 -0.589412 0.259402
v 0.669590 -0.520673 0.070294
v -0.000005 -0.654182 0.674637
v -0.183146 -0.522836 0.716736
v -0.081255 -0.735760 0.598518
v -0.281913 -0.619373 0.672382
v 0.182811 -0.522820 0.716821
v 0.081636 -0.736106 0.598284
v 0.281618 -0.620003 0.672617
v 0.116730 -0.315328 0.822213
v -0.116536 -0.315384 0.822312
v 0.121482 -0.198408 0.863633
v -0.121543 -0.198360 0.863618
v 0.299022 -0.461437 0.691173
v 0.233388 -0.263011 0.816481
v -0.299598 -0.461527 0.691036
v -0.233317 -0.263059 0.816492
v -0.000001 0.568161 0.610439
v -0.180668 0.488961 0.695627
v -0.065207 0.613602 0.516766
v -0.254073 0.536298 0.606593
v 0.180669 0.488964 0.695628
v 0.065201 0.613571 0.516750
v 0.254057 0.536249 0.606562
v 0.115877 0.322907 0.825903
v -0.115875 0.322911 0.825903
v 0.121972 0.197639 0.865004
v -0.121969 0.197637 0.865004
v 0.302039 0.448948 0.687527
v 0.234318 0.265683 0.818760
v -0.302039 0.448945 0.687531
v -0.234317 0.265683 0.818758
v 0.000001 -0.557129 -0.608304
v -0.181287 -0.485018 -0.693576
v -0.063760 -0.604422 -0.515325
v -0.252452 -0.526456 -0.604483
v 0.181275 -0.484995 -0.693566
v 0.063774 -0.604476 -0.515360
v 0.252447 -0.526459 -0.604493
v 0.113248 -0.321928 -0.820318
v -0.113248 -0.321930 -0.820325
v 0.120598 -0.197709 -0.862606
v -0.120596 -0.197709 -0.862609
v 0.299675 -0.444301 -0.683822
v 0.235247 -0.267610 -0.819729
v -0.299675 -0.444299 -0.683821
v -0.235247 -0.267611 -0.819725
v -0.000133 0.599941 -0.630488
v -0.180210 0.484662 -0.692043
v -0.070418 0.661689 -0.542868
v -0.250573 0.537351 -0.606632
v 0.179946 0.484366 -0.691807
v 0.070494 0.661834 -0.542873
v 0.250976 0.537454 -0.606563
v 0.112084 0.319027 -0.818530
v -0.112067 0.319026 -0.818471
v 0.119244 0.197552 -0.860993
v -0.119236 0.197558 -0.860994
v 0.299739 0.442808 -0.682056
v 0.232452 0.266009 -0.817659
v -0.299767 0.442830 -0.681977
v -0.232447 0.266017 -0.817647
v 0.702246 0.180834 -0.509785
v 0.808028 0.107988 -0.319153
v 0.680557 0.294297 -0.458087
v 0.796555 0.220080 -0.259237
v 0.702261 -0.182695 -0.509842
v 0.807431 -0.108307 -0.318875
v 0.680895 -0.297055 -0.457528
v 0.797137 -0.222561 -0.258631
v 0.639320 0.001046 -0.624339
v 0.619138 -0.258746 -0.571799
v 0.554352 -0.069289 -0.697209
v 0.618494 0.255932 -0.571328
v 0.554903 0.071894 -0.697903
v 0.851886 0.114407 -0.189261
v 0.850929 -0.115487 -0.189793
v 0.711799 0.182161 0.511376
v 0.831254 0.112567 0.324982
v 0.693867 0.300335 0.460017
v 0.817313 0.227300 0.266617
v 0.710545 -0.185380 0.512188
v 0.830275 -0.113552 0.325292
v 0.692455 -0.301967 0.459708
v 0.816374 -0.229464 0.267591
v 0.643493 -0.000714 0.629382
v 0.627915 -0.263426 0.578961
v 0.555168 -0.071495 0.698855
v 0.628598 0.262112 0.579562
v 0.555944 0.070210 0.699479
v 0.865237 0.117457 0.197019
v 0.864580 -0.117930 0.198110
v -0.702247 0.180834 -0.509788
v -0.808010 0.107971 -0.319199
v -0.680563 0.294303 -0.458091
v -0.796522 0.220057 -0.259258
v -0.702264 -0.182688 -0.509830
v -0.807419 -0.108297 -0.318875
v -0.680907 -0.297065 -0.457536
v -0.797126 -0.222543 -0.258644
v -0.639317 0.001044 -0.624338
v -0.619138 -0.258747 -0.571796
v -0.554349 -0.069294 -0.697217
v -0.618492 0.255926 -0.571325
v -0.554903 0.071892 -0.697903
v -0.852048 0.114434 -0.189311
v -0.850927 -0.115490 -0.189787
v -0.711807 0.182167 0.511388
v -0.831253 0.112558 0.324981
v -0.693868 0.300341 0.460013
v -0.817317 0.227304 0.266615
v -0.710549 -0.185377 0.512188
v -0.830280 -0.113556 0.325291
v -0.692476 -0.301951 0.459692
v -0.816383 -0.229468 0.267590
v -0.643485 -0.000715 0.629368
v -0.627923 -0.263406 0.578959
v -0.555178 -0.071505 0.698880
v -0.628598 0.262110 0.579565
v -0.555938 0.070212 0.699477
v -0.865226 0.117445 0.197028
v -0.864580 -0.117933 0.198105
v 0.000004 0.744965 0.185017
v -0.060036 0.699341 0.303631
v 0.000025 0.779664 -0.193485
v -0.065463 0.746719 -0.335226
v 0.060042 0.699320 0.303634
v 0.065447 0.746741 -0.335200
v -0.442502 0.535525 0.485080
v -0.557624 0.482611 0.447725
v -0.491326 0.444116 0.560788
v -0.435972 0.527548 -0.483341
v -0.547551 0.469352 -0.446550
v -0.484676 0.435372 -0.559328
v -0.793176 0.339704 -0.063715
v -0.800270 0.344018 0.070804
v -0.848105 0.232745 0.002261
v 0.442505 0.535538 0.485080
v 0.557618 0.482623 0.447712
v 0.491324 0.444105 0.560774
v 0.436036 0.527536 -0.483326
v 0.547555 0.469334 -0.446545
v 0.484670 0.435332 -0.559329
v 0.793131 0.339688 -0.063719
v 0.800217 0.343984 0.070804
v 0.848109 0.232744 0.002254
v -0.000085 -0.806231 0.208234
v -0.061955 -0.774150 0.346229
v -0.000046 -0.737902 -0.186055
v -0.061226 -0.696518 -0.305449
v 0.061931 -0.773916 0.346110
v 0.061220 -0.696493 -0.305462
v -0.447065 -0.558612 0.498546
v -0.557468 -0.486298 0.449921
v -0.491118 -0.448705 0.561640
v -0.435712 -0.521227 -0.483168
v -0.548171 -0.469867 -0.444815
v -0.485274 -0.436688 -0.559009
v -0.792848 -0.341743 -0.062928
v -0.799492 -0.345755 0.070457
v -0.847442 -0.234917 0.002766
v 0.446713 -0.559091 0.498704
v 0.557549 -0.486117 0.449864
v 0.491066 -0.448722 0.561436
v 0.435701 -0.521223 -0.483163
v 0.548161 -0.469847 -0.444802
v 0.485251 -0.436669 -0.558993
v 0.792862 -0.341752 -0.062927
v 0.799491 -0.345744 0.070451
v 0.847442 -0.234917 0.002765
v 0.240412 -0.001780 0.857077
v 0.354481 -0.071845 0.815028
v -0.240401 -0.001782 0.857078
v -0.354474 -0.071859 0.815026
v 0.355229 0.069223 0.815489
v -0.355228 0.069223 0.815489
v 0.242058 0.002700 -0.856503
v 0.354464 -0.067489 -0.814075
v -0.242058 0.002699 -0.856502
v -0.354465 -0.067490 -0.814078
v 0.353986 0.072221 -0.814777
v -0.353982 0.072221 -0.814777
v -0.387275 0.678875 0.004030
v -0.415541 0.666783 0.040604
v -0.415993 0.667948 -0.033342
v -0.461935 0.650745 -0.020198
v -0.460690 0.648732 0.026508
v 0.387273 0.678868 0.004041
v 0.415527 0.666796 0.040619
v 0.415987 0.667961 -0.033331
v 0.461902 0.650730 -0.020175
v 0.460692 0.648742 0.026521
v -0.391205 -0.687313 0.003440
v -0.420913 -0.677083 0.041483
v -0.418105 -0.672866 -0.034361
v -0.464035 -0.654569 -0.020790
v -0.465343 -0.657776 0.026708
v 0.391337 -0.687173 0.003275
v 0.420882 -0.677186 0.041487
v 0.418140 -0.672716 -0.034224
v 0.464039 -0.654633 -0.020784
v 0.465365 -0.657769 0.026739
v -0.026542 -0.505542 0.739823
v 0.026256 -0.505354 0.740134
v -0.000060 -0.425359 0.772484
v 0.042206 -0.455146 0.758631
v -0.042039 -0.455030 0.759307
v -0.026502 0.485167 0.728614
v 0.026501 0.485170 0.728614
v -0.000001 0.425394 0.777369
v 0.043489 0.450136 0.760158
v -0.043490 0.450135 0.760158
v -0.026420 -0.481529 -0.727526
v 0.026424 -0.481522 -0.727520
v 0.000002 -0.425070 -0.778312
v 0.042791 -0.447456 -0.758319
v -0.042791 -0.447457 -0.758314
v -0.026242 0.479170 -0.725889
v 0.026044 0.479124 -0.725861
v 0.000005 0.421533 -0.776675
v 0.042617 0.444142 -0.757057
v -0.042627 0.444164 -0.757043
v 0.763140 0.043142 -0.460136
v 0.762802 -0.040860 -0.459790
v 0.739641 -0.024845 -0.504154
v 0.739851 0.027681 -0.504523
v 0.778991 0.001227 -0.433171
v 0.777835 0.043009 0.462289
v 0.776954 -0.043292 0.462050
v 0.749057 -0.027036 0.507073
v 0.749654 0.026579 0.507306
v 0.795180 0.000131 0.434844
v -0.763138 0.043141 -0.460137
v -0.762820 -0.040870 -0.459795
v -0.739635 -0.024850 -0.504146
v -0.739849 0.027683 -0.504520
v -0.778995 0.001228 -0.433174
v -0.777862 0.042998 0.462299
v -0.776958 -0.043293 0.462050
v -0.749061 -0.027036 0.507075
v -0.749654 0.026574 0.507308
v -0.795187 0.000127 0.434836
v -0.031003 0.800477 -0.000744
v 0.031006 0.800485 -0.000733
v -0.015814 0.797528 0.027224
v -0.013850 0.808024 -0.030723
v 0.015820 0.797524 0.027225
v 0.013867 0.808053 -0.030726
v -0.281861 0.643278 0.357582
v -0.225350 0.615930 0.464381
v -0.218977 0.656873 0.359954
v -0.316822 0.615549 0.406104
v -0.191311 0.642496 0.413827
v -0.288514 0.602897 0.460344
v -0.270154 0.662418 -0.375236
v -0.221189 0.660747 -0.492115
v -0.216898 0.715077 -0.403478
v -0.307740 0.632073 -0.417672
v -0.211519 0.755314 -0.485830
v -0.280599 0.623908 -0.473653
v -0.661701 0.463838 -0.225714
v -0.706949 0.367317 -0.295086
v -0.641103 0.454960 -0.291312
v -0.705688 0.426507 -0.194954
v -0.664373 0.408031 -0.326685
v -0.727759 0.376034 -0.228942
v -0.680058 0.476502 0.234661
v -0.730257 0.380515 0.302428
v -0.662320 0.471425 0.298398
v -0.720366 0.434844 0.203486
v -0.686560 0.422823 0.332595
v -0.745281 0.385325 0.236926
v 0.281883 0.643315 0.357613
v 0.225375 0.615948 0.464401
v 0.218975 0.656848 0.359943
v 0.191303 0.642501 0.413809
v 0.316816 0.615542 0.406080
v 0.288498 0.602862 0.460305
v 0.269955 0.662494 -0.375386
v 0.221111 0.660564 -0.491641
v 0.217028 0.715134 -0.403417
v 0.211527 0.755059 -0.485903
v 0.307832 0.632215 -0.417527
v 0.279985 0.623425 -0.473244
v 0.661725 0.463818 -0.225728
v 0.706942 0.367317 -0.295081
v 0.641133 0.455003 -0.291337
v 0.705676 0.426480 -0.194957
v 0.664376 0.408017 -0.326691
v 0.727759 0.376062 -0.228931
v 0.680054 0.476500 0.234661
v 0.730287 0.380530 0.302442
v 0.662311 0.471421 0.298396
v 0.720370 0.434844 0.203488
v 0.686563 0.422809 0.332592
v 0.745288 0.385317 0.236934
v -0.035858 -0.809129 0.027799
v 0.035847 -0.809103 0.027783
v -0.016946 -0.816752 0.063213
v -0.017731 -0.801715 -0.006201
v 0.016946 -0.816743 0.063231
v 0.017706 -0.801716 -0.006202
v -0.291426 -0.698034 0.394599
v -0.271314 -0.767207 0.550953
v -0.229489 -0.723770 0.409489
v -0.328577 -0.674626 0.444684
v -0.215728 -0.756494 0.480440
v -0.310018 -0.690936 0.516009
v -0.278206 -0.640799 -0.354568
v -0.220775 -0.605050 -0.463488
v -0.217004 -0.655476 -0.359601
v -0.310963 -0.604627 -0.402670
v -0.187622 -0.634629 -0.412654
v -0.282601 -0.589749 -0.458217
v -0.662591 -0.464088 -0.223862
v -0.707772 -0.369055 -0.293428
v -0.642031 -0.455378 -0.289352
v -0.706485 -0.427545 -0.193100
v -0.665195 -0.409183 -0.324943
v -0.728446 -0.377690 -0.227115
v -0.679057 -0.477222 0.235215
v -0.728870 -0.381298 0.302680
v -0.662369 -0.472933 0.299563
v -0.719650 -0.435495 0.203535
v -0.685535 -0.423381 0.332996
v -0.744033 -0.386173 0.236984
v 0.291260 -0.697642 0.394980
v 0.271236 -0.766340 0.550642
v 0.229456 -0.723339 0.409028
v 0.216365 -0.756413 0.480104
v 0.328694 -0.674932 0.444625
v 0.310280 -0.690935 0.515148
v 0.278183 -0.640853 -0.354522
v 0.220805 -0.605021 -0.463534
v 0.217008 -0.655488 -0.359684
v 0.187633 -0.634609 -0.412658
v 0.310943 -0.604654 -0.402663
v 0.282637 -0.589732 -0.458203
v 0.662642 -0.464171 -0.223877
v 0.707776 -0.369059 -0.293424
v 0.641993 -0.455310 -0.289346
v 0.706486 -0.427532 -0.193109
v 0.665183 -0.409186 -0.324941
v 0.728450 -0.377694 -0.227110
v 0.679034 -0.477199 0.235231
v 0.728874 -0.381286 0.302678
v 0.662336 -0.472953 0.299571
v 0.719666 -0.435505 0.203540
v 0.685530 -0.423403 0.333027
v 0.744036 -0.386170 0.236983
v 0.000005 -0.068877 0.888262
v 0.000000 0.064625 0.889065
v 0.060765 -0.035741 0.887254
v -0.060764 -0.035744 0.887255
v 0.060960 0.031242 0.887225
v -0.060960 0.031241 0.887226
v 0.392963 -0.300758 0.738879
v 0.497581 -0.240255 0.700178
v 0.432467 -0.332347 0.692242
v 0.486545 -0.301160 0.673787
v 0.401626 -0.240034 0.762886
v 0.453873 -0.209314 0.743003
v -0.392818 -0.300869 0.739070
v -0.497574 -0.240241 0.700174
v -0.432394 -0.332348 0.692326
v -0.486408 -0.301194 0.673684
v -0.401671 -0.239998 0.762849
v -0.453917 -0.209288 0.742984
v 0.392843 0.304847 0.741952
v 0.497508 0.240616 0.700989
v 0.433857 0.335049 0.696427
v 0.487288 0.303162 0.676852
v 0.401610 0.241157 0.763885
v 0.454043 0.209010 0.743348
v -0.392840 0.304842 0.741945
v -0.497504 0.240609 0.700987
v -0.433837 0.335036 0.696402
v -0.487288 0.303170 0.676855
v -0.401610 0.241154 0.763886
v -0.454069 0.209036 0.743398
v 0.000001 -0.064005 -0.889644
v -0.000002 0.068920 -0.889633
v 0.061210 -0.030711 -0.886815
v -0.061210 -0.030710 -0.886816
v 0.061154 0.036096 -0.887213
v -0.061155 0.036096 -0.887211
v 0.388895 -0.303297 -0.736049
v 0.497078 -0.240557 -0.700312
v 0.431847 -0.334378 -0.693067
v 0.487257 -0.303870 -0.676857
v 0.398749 -0.239513 -0.759602
v 0.452044 -0.207154 -0.739804
v -0.388897 -0.303296 -0.736046
v -0.497073 -0.240555 -0.700309
v -0.431851 -0.334376 -0.693065
v -0.487257 -0.303865 -0.676853
v -0.398749 -0.239512 -0.759601
v -0.452041 -0.207153 -0.739806
v 0.386729 0.302128 -0.734218
v 0.495939 0.239159 -0.698547
v 0.429995 0.332931 -0.691312
v 0.485719 0.302241 -0.674998
v 0.396779 0.239185 -0.758027
v 0.450529 0.207006 -0.738294
v -0.386740 0.302126 -0.734231
v -0.495933 0.239151 -0.698537
v -0.429970 0.332920 -0.691281
v -0.485720 0.302237 -0.674995
v -0.396765 0.239181 -0.758019
v -0.450529 0.207001 -0.738286
v 0.888483 0.000306 -0.061725
v 0.894350 0.000579 0.065474
v 0.888857 0.059128 -0.030354
v 0.890708 0.059559 0.033491
v 0.887862 -0.058986 -0.030015
v 0.889997 -0.059075 0.033942
v -0.888455 0.000306 -0.061725
v -0.894363 0.000582 0.065477
v -0.888854 0.059129 -0.030354
v -0.890704 0.059566 0.033499
v -0.887886 -0.058991 -0.030013
v -0.890009 -0.059071 0.033945
v -0.272356 0.720110 0.004350
v -0.138234 0.767567 0.003257
v -0.241197 0.728510 0.050152
v -0.242409 0.730514 -0.042226
v -0.174028 0.751811 0.047982
v -0.176166 0.754047 -0.041222
v -0.376378 0.668792 0.138585
v -0.331694 0.661642 0.247830
v -0.316042 0.689459 0.144739
v -0.414892 0.646511 0.183379
v -0.292775 0.686108 0.197469
v -0.393274 0.642567 0.239987
v -0.377629 0.673343 -0.133133
v -0.329420 0.672163 -0.249656
v -0.316402 0.694061 -0.141059
v -0.416316 0.653149 -0.178595
v -0.291740 0.694233 -0.198918
v -0.394001 0.652678 -0.238311
v -0.538020 0.605989 -0.084469
v -0.607172 0.544582 -0.155181
v -0.525251 0.604116 -0.143756
v -0.584308 0.578876 -0.058049
v -0.558980 0.573348 -0.181541
v -0.621035 0.548543 -0.091797
v -0.539673 0.604658 0.091158
v -0.616300 0.548844 0.163687
v -0.527630 0.602751 0.150775
v -0.585630 0.578777 0.065190
v -0.565539 0.575712 0.188953
v -0.625259 0.549960 0.099991
v 0.272358 0.720100 0.004380
v 0.138267 0.767572 0.003236
v 0.241208 0.728529 0.050140
v 0.242336 0.730538 -0.042206
v 0.174041 0.751820 0.048010
v 0.176080 0.754040 -0.041186
v 0.376385 0.668818 0.138599
v 0.331695 0.661641 0.247822
v 0.316031 0.689425 0.144745
v 0.414889 0.646512 0.183373
v 0.292783 0.686105 0.197458
v 0.393273 0.642562 0.239993
v 0.377654 0.673446 -0.133062
v 0.329693 0.671998 -0.250050
v 0.316484 0.693962 -0.140954
v 0.416424 0.653177 -0.178573
v 0.291739 0.694169 -0.198638
v 0.393988 0.652500 -0.238099
v 0.538012 0.605993 -0.084470
v 0.607182 0.544597 -0.155197
v 0.525254 0.604102 -0.143752
v 0.584300 0.578870 -0.058059
v 0.558978 0.573346 -0.181539
v 0.621017 0.548490 -0.091799
v 0.539670 0.604670 0.091147
v 0.616319 0.548839 0.163695
v 0.527619 0.602759 0.150770
v 0.585611 0.578780 0.065189
v 0.565543 0.575718 0.188956
v 0.625259 0.549963 0.099993
v -0.279066 -0.732761 0.005474
v -0.141878 -0.776174 0.012199
v -0.246217 -0.739911 0.055984
v -0.252109 -0.752811 -0.044592
v -0.178090 -0.763664 0.058442
v -0.186856 -0.772592 -0.041557
v -0.382414 -0.684962 0.144848
v -0.337334 -0.689572 0.263031
v -0.320698 -0.706697 0.153797
v -0.422263 -0.665560 0.191151
v -0.297168 -0.710292 0.211123
v -0.401012 -0.666604 0.251650
v -0.380323 -0.682612 -0.134834
v -0.335365 -0.680381 -0.248423
v -0.329215 -0.726738 -0.147006
v -0.412952 -0.648111 -0.175990
v -0.312688 -0.742507 -0.210648
v -0.389973 -0.642949 -0.233289
v -0.537037 -0.603481 -0.083928
v -0.607188 -0.541531 -0.153645
v -0.523182 -0.598135 -0.142225
v -0.583863 -0.577565 -0.057153
v -0.557391 -0.567483 -0.179352
v -0.620735 -0.546258 -0.090762
v -0.544125 -0.613047 0.093300
v -0.618398 -0.554841 0.166209
v -0.535880 -0.616040 0.156082
v -0.589036 -0.583537 0.066452
v -0.572431 -0.587872 0.195035
v -0.627848 -0.554210 0.101266
v 0.279006 -0.733037 0.005320
v 0.141884 -0.776166 0.012160
v 0.246112 -0.739712 0.056053
v 0.252379 -0.753015 -0.044704
v 0.178081 -0.763678 0.058455
v 0.186764 -0.772526 -0.041542
v 0.382367 -0.685043 0.144952
v 0.337349 -0.689118 0.263149
v 0.320855 -0.706947 0.153556
v 0.422218 -0.665571 0.191169
v 0.297209 -0.710155 0.211359
v 0.401135 -0.666671 0.251882
v 0.380381 -0.682355 -0.134940
v 0.335364 -0.680403 -0.248323
v 0.329350 -0.727392 -0.147182
v 0.412961 -0.648007 -0.175867
v 0.312329 -0.742377 -0.210537
v 0.389932 -0.643463 -0.233222
v 0.537041 -0.603493 -0.083925
v 0.607182 -0.541554 -0.153638
v 0.523184 -0.598099 -0.142266
v 0.583867 -0.577578 -0.057145
v 0.557389 -0.567447 -0.179354
v 0.620742 -0.546270 -0.090759
v 0.544175 -0.613083 0.093339
v 0.618399 -0.554856 0.166214
v 0.535852 -0.616050 0.156076
v 0.589037 -0.583557 0.066461
v 0.572439 -0.587902 0.195033
v 0.627860 -0.554239 0.101284
v -0.102260 -0.607287 0.706049
v -0.201760 -0.749864 0.677656
v -0.074695 -0.661007 0.681026
v -0.169652 -0.598117 0.705907
v -0.120527 -0.723683 0.658554
v -0.224587 -0.665386 0.697303
v 0.101955 -0.606633 0.706045
v 0.200328 -0.750614 0.677816
v 0.074459 -0.660917 0.680793
v 0.168997 -0.598114 0.705995
v 0.120013 -0.723179 0.658125
v 0.224172 -0.665704 0.697266
v 0.000019 -0.313597 0.826391
v -0.000017 -0.196591 0.871024
v 0.059901 -0.285251 0.839713
v -0.059833 -0.285282 0.839703
v 0.060904 -0.227182 0.860662
v -0.060977 -0.227143 0.860644
v 0.151764 -0.413073 0.762901
v 0.269607 -0.359326 0.752660
v 0.196367 -0.452631 0.734200
v 0.163564 -0.350558 0.790915
v 0.255642 -0.424360 0.725630
v 0.222776 -0.324337 0.787537
v -0.151553 -0.412724 0.763059
v -0.269588 -0.359057 0.752757
v -0.196232 -0.452623 0.734268
v -0.163727 -0.350714 0.790801
v -0.255390 -0.424538 0.726169
v -0.222558 -0.324296 0.787632
v -0.093117 0.535017 0.653478
v -0.161713 0.580729 0.563968
v -0.063865 0.565633 0.610368
v -0.156439 0.527515 0.654552
v -0.097364 0.588482 0.564728
v -0.191662 0.550212 0.609779
v 0.093115 0.535025 0.653491
v 0.161712 0.580740 0.563968
v 0.063856 0.565628 0.610368
v 0.156444 0.527510 0.654555
v 0.097353 0.588485 0.564723
v 0.191657 0.550219 0.609776
v 0.000001 0.318754 0.831010
v 0.000001 0.195412 0.871558
v 0.059417 0.290054 0.841985
v -0.059414 0.290056 0.841986
v 0.060889 0.227943 0.861800
v -0.060887 0.227943 0.861800
v 0.155309 0.410681 0.767488
v 0.274524 0.360091 0.759366
v 0.198982 0.439746 0.730922
v 0.166939 0.354484 0.798298
v 0.259297 0.417178 0.727154
v 0.226165 0.327202 0.793922
v -0.155308 0.410684 0.767487
v -0.274526 0.360090 0.759367
v -0.198981 0.439744 0.730922
v -0.166934 0.354477 0.798280
v -0.259297 0.417175 0.727158
v -0.226172 0.327224 0.793955
v -0.093159 -0.527773 -0.651998
v -0.159780 -0.569600 -0.561400
v -0.063571 -0.555194 -0.608392
v -0.155334 -0.518567 -0.651348
v -0.096067 -0.577409 -0.562393
v -0.189641 -0.538875 -0.606327
v 0.093166 -0.527786 -0.652005
v 0.159786 -0.569615 -0.561398
v 0.063563 -0.555176 -0.608373
v 0.155330 -0.518574 -0.651352
v 0.096061 -0.577412 -0.562381
v 0.189638 -0.538880 -0.606328
v 0.000001 -0.319549 -0.835132
v 0.000001 -0.195059 -0.874548
v 0.057705 -0.289973 -0.842196
v -0.057702 -0.289972 -0.842195
v 0.059560 -0.227799 -0.862028
v -0.059557 -0.227797 -0.862027
v 0.155731 -0.410937 -0.765001
v 0.274466 -0.362099 -0.759834
v 0.201638 -0.442193 -0.732053
v 0.166219 -0.355060 -0.794894
v 0.259877 -0.418336 -0.727269
v 0.227552 -0.330089 -0.795607
v -0.155731 -0.410940 -0.765003
v -0.274471 -0.362100 -0.759832
v -0.201639 -0.442198 -0.732049
v -0.166224 -0.355068 -0.794910
v -0.259881 -0.418339 -0.727267
v -0.227556 -0.330095 -0.795613
v -0.092961 0.542568 -0.657445
v -0.163220 0.608342 -0.580177
v -0.065589 0.591316 -0.625709
v -0.154346 0.528728 -0.654484
v -0.101966 0.627762 -0.587324
v -0.189900 0.558506 -0.614220
v 0.092517 0.542376 -0.657338
v 0.163018 0.608063 -0.579606
v 0.065358 0.590608 -0.624797
v 0.154888 0.529258 -0.654797
v 0.102128 0.628659 -0.587960
v 0.190003 0.558668 -0.614031
v -0.000005 0.315604 -0.833551
v -0.000002 0.195412 -0.872607
v 0.057039 0.287055 -0.840199
v -0.057038 0.287054 -0.840208
v 0.058887 0.226635 -0.860354
v -0.058886 0.226637 -0.860353
v 0.154961 0.407838 -0.763065
v 0.272595 0.360408 -0.758086
v 0.201652 0.439711 -0.730665
v 0.164635 0.352307 -0.792618
v 0.259437 0.416495 -0.725962
v 0.225070 0.327978 -0.793054
v -0.154949 0.407843 -0.763063
v -0.272592 0.360416 -0.758106
v -0.201673 0.439742 -0.730591
v -0.164623 0.352299 -0.792595
v -0.259440 0.416514 -0.725942
v -0.225065 0.327974 -0.793059
v 0.759770 0.150615 -0.416256
v 0.741666 0.261622 -0.360225
v 0.728765 0.196079 -0.451622
v 0.782878 0.158391 -0.354088
v 0.718519 0.251883 -0.424694
v 0.775159 0.214014 -0.324962
v 0.759883 -0.151458 -0.415828
v 0.742177 -0.263960 -0.359092
v 0.728837 -0.197786 -0.451233
v 0.782713 -0.159562 -0.353542
v 0.719106 -0.254351 -0.424209
v 0.775779 -0.216311 -0.324168
v 0.673157 -0.095500 -0.574664
v 0.591428 -0.170418 -0.644197
v 0.669277 -0.159804 -0.561375
v 0.637706 -0.066618 -0.620583
v 0.628567 -0.198185 -0.594680
v 0.595536 -0.102768 -0.655795
v 0.673634 0.096087 -0.574977
v 0.591189 0.169426 -0.643451
v 0.669403 0.158627 -0.561324
v 0.638198 0.068082 -0.621039
v 0.628259 0.196050 -0.594180
v 0.596148 0.104017 -0.656335
v 0.821259 0.000567 -0.316619
v 0.865059 0.000264 -0.187629
v 0.828557 0.055384 -0.285184
v 0.828072 -0.054892 -0.285167
v 0.850755 0.056923 -0.220392
v 0.850179 -0.056814 -0.220619
v 0.778907 0.154717 0.418817
v 0.765591 0.271563 0.365469
v 0.744719 0.200286 0.453726
v 0.806671 0.164936 0.358998
v 0.736058 0.258184 0.427068
v 0.799074 0.222452 0.331082
v 0.777798 -0.157146 0.419142
v 0.764348 -0.274065 0.365804
v 0.743381 -0.203225 0.454228
v 0.805695 -0.167350 0.359389
v 0.734710 -0.260701 0.427337
v 0.798080 -0.225145 0.331745
v 0.680405 -0.098859 0.581396
v 0.594779 -0.172797 0.647485
v 0.676703 -0.163778 0.567343
v 0.642309 -0.069014 0.625914
v 0.634992 -0.202251 0.601225
v 0.598540 -0.105283 0.659602
v 0.681558 0.096672 0.581769
v 0.595438 0.170882 0.647353
v 0.677786 0.160626 0.566723
v 0.643440 0.067280 0.627079
v 0.636246 0.199695 0.600959
v 0.599491 0.103463 0.660196
v 0.844160 0.000236 0.322475
v 0.878053 0.000479 0.195609
v 0.850955 0.057737 0.292039
v 0.850101 -0.057571 0.292278
v 0.868115 0.058902 0.228168
v 0.867222 -0.058475 0.228843
v -0.759774 0.150615 -0.416255
v -0.741672 0.261623 -0.360216
v -0.728760 0.196083 -0.451616
v -0.782886 0.158400 -0.354071
v -0.718513 0.251898 -0.424693
v -0.775152 0.214015 -0.324943
v -0.759886 -0.151445 -0.415834
v -0.742184 -0.263950 -0.359093
v -0.728837 -0.197771 -0.451221
v -0.782711 -0.159554 -0.353543
v -0.719106 -0.254335 -0.424206
v -0.775769 -0.216309 -0.324149
v -0.673160 -0.095500 -0.574660
v -0.591425 -0.170418 -0.644197
v -0.669281 -0.159801 -0.561371
v -0.637704 -0.066617 -0.620580
v -0.628566 -0.198182 -0.594674
v -0.595533 -0.102770 -0.655797
v -0.673634 0.096087 -0.574978
v -0.591191 0.169420 -0.643451
v -0.669406 0.158624 -0.561327
v -0.638196 0.068084 -0.621040
v -0.628261 0.196042 -0.594178
v -0.596147 0.104018 -0.656336
v -0.821323 0.000580 -0.316634
v -0.865079 0.000260 -0.187648
v -0.828606 0.055407 -0.285192
v -0.828063 -0.054885 -0.285162
v -0.850827 0.056934 -0.220396
v -0.850189 -0.056809 -0.220611
v -0.778903 0.154710 0.418812
v -0.765554 0.271535 0.365448
v -0.744731 0.200296 0.453741
v -0.806668 0.164922 0.358999
v -0.736073 0.258193 0.427083
v -0.799084 0.222460 0.331086
v -0.777800 -0.157143 0.419135
v -0.764297 -0.274036 0.365794
v -0.743384 -0.203223 0.454229
v -0.805698 -0.167347 0.359389
v -0.734749 -0.260744 0.427355
v -0.798087 -0.225147 0.331738
v -0.680411 -0.098864 0.581400
v -0.594783 -0.172780 0.647490
v -0.676707 -0.163777 0.567342
v -0.642304 -0.069013 0.625895
v -0.634999 -0.202238 0.601231
v -0.598543 -0.105289 0.659608
v -0.681556 0.096666 0.581774
v -0.595440 0.170890 0.647362
v -0.677786 0.160629 0.566726
v -0.643447 0.067289 0.627112
v -0.636250 0.199696 0.600964
v -0.599489 0.103466 0.660199
v -0.844156 0.000227 0.322471
v -0.878056 0.000496 0.195595
v -0.850973 0.057732 0.292022
v -0.850078 -0.057573 0.292293
v -0.868115 0.058898 0.228169
v -0.867223 -0.058476 0.228844
v -0.072922 0.758037 0.131588
v -0.145635 0.707701 0.250063
v -0.129529 0.744656 0.139798
v -0.168448 0.720183 0.196450
v -0.052789 0.742346 0.186956
v -0.085966 0.718015 0.247298
v -0.072510 0.776975 -0.137020
v -0.145029 0.734463 -0.276756
v -0.129999 0.757806 -0.144782
v -0.168073 0.735668 -0.208822
v -0.053465 0.768696 -0.199971
v -0.088329 0.751455 -0.272019
v 0.072919 0.758031 0.131595
v 0.145631 0.707690 0.250053
v 0.129524 0.744661 0.139794
v 0.168455 0.720178 0.196448
v 0.052789 0.742338 0.186952
v 0.085961 0.718014 0.247296
v 0.072492 0.776983 -0.136908
v 0.144979 0.734616 -0.276627
v 0.129987 0.757144 -0.145119
v 0.168316 0.735568 -0.208798
v 0.053345 0.769207 -0.199846
v 0.087972 0.751597 -0.272078
v -0.440119 0.580462 0.386030
v -0.557735 0.534568 0.349247
v -0.466436 0.589287 0.328302
v -0.525133 0.566798 0.310069
v -0.471760 0.547757 0.427431
v -0.530513 0.524255 0.409189
v -0.063848 0.657001 0.414188
v 0.063853 0.657043 0.414204
v -0.032458 0.636827 0.466422
v 0.032455 0.636867 0.466421
v -0.031166 0.679982 0.359763
v 0.031165 0.679972 0.359751
v -0.349841 0.539102 0.550530
v -0.398027 0.449116 0.629377
v -0.315776 0.519580 0.601199
v -0.340602 0.476906 0.642533
v -0.410638 0.519699 0.540327
v -0.434052 0.472929 0.578062
v -0.441086 0.588367 -0.390132
v -0.546497 0.522858 -0.346197
v -0.463488 0.592752 -0.327564
v -0.517714 0.561539 -0.306204
v -0.466238 0.542596 -0.427307
v -0.521118 0.512060 -0.407480
v -0.080923 0.716674 -0.447278
v 0.080818 0.716812 -0.447384
v -0.037746 0.686684 -0.494035
v 0.037977 0.686336 -0.493397
v -0.039827 0.719197 -0.387522
v 0.039805 0.719277 -0.387583
v -0.346804 0.538112 -0.550743
v -0.396371 0.444568 -0.627299
v -0.311764 0.514742 -0.597922
v -0.338316 0.468703 -0.636731
v -0.404760 0.510647 -0.537260
v -0.430914 0.466061 -0.577405
v -0.732696 0.437426 -0.062995
v -0.739417 0.442033 0.071529
v -0.702462 0.480740 -0.028995
v -0.705818 0.483043 0.037785
v -0.766542 0.391173 -0.029784
v -0.769950 0.393401 0.037606
v -0.619324 0.387578 -0.456086
v -0.555858 0.349254 -0.569727
v -0.638012 0.333833 -0.488299
v -0.605439 0.313879 -0.544353
v -0.569680 0.421995 -0.481559
v -0.537436 0.403080 -0.537736
v -0.804782 0.282800 -0.162895
v -0.857456 0.173898 -0.095201
v -0.817861 0.225773 -0.193702
v -0.846425 0.172287 -0.159124
v -0.816091 0.285530 -0.097052
v -0.842769 0.231021 -0.063582
v -0.629885 0.394622 0.457044
v -0.566212 0.357226 0.576028
v -0.647988 0.339879 0.490664
v -0.616810 0.321725 0.551830
v -0.580387 0.433177 0.484039
v -0.548245 0.414300 0.542380
v -0.815016 0.287057 0.169422
v -0.867360 0.177372 0.100084
v -0.832223 0.230836 0.200904
v -0.856422 0.175610 0.165887
v -0.826356 0.290605 0.103365
v -0.849275 0.234251 0.068530
v 0.440154 0.580509 0.386057
v 0.557771 0.534631 0.349264
v 0.466422 0.589285 0.328283
v 0.525127 0.566800 0.310066
v 0.471779 0.547771 0.427444
v 0.530508 0.524245 0.409192
v 0.349843 0.539124 0.550534
v 0.398032 0.449106 0.629371
v 0.315794 0.519591 0.601215
v 0.340616 0.476914 0.642540
v 0.410596 0.519581 0.540255
v 0.434054 0.472907 0.578047
v 0.441042 0.588366 -0.390137
v 0.546516 0.522837 -0.346204
v 0.463676 0.592672 -0.327338
v 0.517710 0.561573 -0.306184
v 0.466000 0.542723 -0.427137
v 0.521181 0.511992 -0.407522
v 0.346294 0.537642 -0.550314
v 0.396411 0.444572 -0.627392
v 0.311782 0.514771 -0.597959
v 0.338238 0.468600 -0.636776
v 0.404832 0.510701 -0.537090
v 0.430862 0.465978 -0.577491
v 0.732705 0.437426 -0.062997
v 0.739421 0.442035 0.071533
v 0.702474 0.480745 -0.028998
v 0.705809 0.483024 0.037784
v 0.766556 0.391181 -0.029793
v 0.769909 0.393353 0.037600
v 0.619330 0.387580 -0.456089
v 0.555903 0.349298 -0.569770
v 0.638048 0.333855 -0.488332
v 0.605405 0.313865 -0.544326
v 0.569692 0.421995 -0.481548
v 0.537451 0.403086 -0.537728
v 0.804788 0.282811 -0.162894
v 0.857450 0.173909 -0.095203
v 0.817821 0.225782 -0.193700
v 0.846431 0.172309 -0.159139
v 0.816093 0.285535 -0.097055
v 0.842768 0.231028 -0.063575
v 0.629894 0.394635 0.457046
v 0.566190 0.357207 0.576007
v 0.647983 0.339866 0.490664
v 0.616820 0.321728 0.551848
v 0.580387 0.433177 0.484031
v 0.548235 0.414280 0.542358
v 0.815012 0.287057 0.169424
v 0.867366 0.177369 0.100081
v 0.832222 0.230831 0.200911
v 0.856419 0.175609 0.165894
v 0.826354 0.290605 0.103364
v 0.849278 0.234253 0.068524
v -0.066217 -0.797062 0.155188
v -0.147261 -0.756741 0.281765
v -0.126765 -0.775987 0.160230
v -0.168811 -0.755796 0.219354
v -0.049757 -0.794359 0.214707
v -0.086289 -0.775773 0.280815
v -0.081752 -0.761015 -0.130507
v -0.151346 -0.727629 -0.256971
v -0.142236 -0.775772 -0.145595
v -0.178103 -0.777539 -0.214632
v -0.057661 -0.739708 -0.188200
v -0.090013 -0.719954 -0.249726
v 0.066253 -0.797193 0.155304
v 0.147401 -0.756765 0.281706
v 0.126675 -0.776132 0.160153
v 0.168865 -0.755728 0.219591
v 0.049802 -0.794115 0.214443
v 0.085833 -0.775775 0.280723
v 0.081754 -0.761115 -0.130568
v 0.151371 -0.727704 -0.256828
v 0.142083 -0.775432 -0.145551
v 0.178346 -0.776714 -0.214516
v 0.057676 -0.739749 -0.188242
v 0.089966 -0.719945 -0.249774
v -0.448249 -0.609316 0.403322
v -0.563298 -0.548027 0.356943
v -0.477059 -0.614982 0.343684
v -0.536180 -0.588261 0.322321
v -0.478573 -0.571154 0.441422
v -0.533984 -0.536375 0.416601
v -0.074058 -0.758369 0.476874
v 0.074335 -0.758868 0.476997
v -0.041434 -0.732871 0.534150
v 0.041241 -0.732819 0.534269
v -0.034059 -0.766879 0.411607
v 0.033697 -0.766603 0.411610
v -0.359528 -0.584271 0.580242
v -0.396352 -0.457395 0.631601
v -0.326557 -0.565738 0.633355
v -0.340618 -0.494310 0.651899
v -0.413440 -0.542605 0.553588
v -0.434167 -0.483673 0.582765
v -0.431538 -0.564407 -0.381107
v -0.544572 -0.517448 -0.343050
v -0.456253 -0.573625 -0.319996
v -0.513033 -0.550276 -0.301646
v -0.463607 -0.532255 -0.424841
v -0.520019 -0.507966 -0.405511
v -0.062409 -0.655108 -0.417356
v 0.062399 -0.655103 -0.417377
v -0.031789 -0.633862 -0.468444
v 0.031775 -0.633848 -0.468433
v -0.030835 -0.676258 -0.361625
v 0.030820 -0.676249 -0.361614
v -0.345016 -0.526610 -0.548458
v -0.396093 -0.445805 -0.628417
v -0.312988 -0.509771 -0.599044
v -0.337552 -0.469218 -0.638790
v -0.404709 -0.506876 -0.537951
v -0.430530 -0.466825 -0.577907
v -0.732965 -0.438116 -0.062093
v -0.739425 -0.442811 0.071168
v -0.702738 -0.480540 -0.028584
v -0.706030 -0.483214 0.037818
v -0.766570 -0.392597 -0.029298
v -0.769753 -0.394744 0.037407
v -0.620257 -0.389058 -0.455147
v -0.557256 -0.351297 -0.570047
v -0.639228 -0.336841 -0.488302
v -0.606643 -0.316610 -0.544601
v -0.571085 -0.423512 -0.480543
v -0.538541 -0.404517 -0.537190
v -0.805220 -0.285650 -0.161902
v -0.856354 -0.175884 -0.095093
v -0.818292 -0.228602 -0.193294
v -0.845673 -0.174565 -0.159453
v -0.815698 -0.288001 -0.096294
v -0.842267 -0.233381 -0.063160
v -0.629142 -0.395017 0.456501
v -0.564750 -0.355979 0.572282
v -0.647026 -0.340407 0.489345
v -0.616652 -0.321954 0.549950
v -0.579817 -0.433605 0.483604
v -0.547152 -0.414433 0.540342
v -0.814219 -0.289051 0.169950
v -0.866793 -0.178764 0.101186
v -0.831523 -0.232833 0.201946
v -0.855941 -0.176926 0.167153
v -0.825527 -0.292735 0.103416
v -0.848569 -0.236141 0.069180
v 0.448091 -0.609154 0.403316
v 0.563374 -0.548053 0.356959
v 0.476992 -0.614874 0.343482
v 0.536245 -0.588326 0.322345
v 0.478257 -0.571039 0.441411
v 0.534176 -0.536297 0.416645
v 0.359433 -0.584432 0.580609
v 0.396444 -0.457155 0.631517
v 0.326394 -0.565760 0.633579
v 0.340394 -0.494699 0.652076
v 0.413276 -0.542213 0.553685
v 0.434030 -0.483511 0.582653
v 0.431544 -0.564342 -0.381089
v 0.544577 -0.517433 -0.343049
v 0.456146 -0.573568 -0.319878
v 0.513019 -0.550191 -0.301661
v 0.463616 -0.532244 -0.424857
v 0.520021 -0.507958 -0.405515
v 0.345003 -0.526633 -0.548454
v 0.396084 -0.445804 -0.628420
v 0.312985 -0.509767 -0.599044
v 0.337547 -0.469216 -0.638787
v 0.404696 -0.506868 -0.537946
v 0.430533 -0.466823 -0.577920
v 0.732975 -0.438132 -0.062097
v 0.739399 -0.442807 0.071165
v 0.702788 -0.480600 -0.028595
v 0.706012 -0.483223 0.037817
v 0.766603 -0.392618 -0.029296
v 0.769763 -0.394742 0.037412
v 0.620252 -0.389057 -0.455147
v 0.557259 -0.351290 -0.570045
v 0.639230 -0.336837 -0.488307
v 0.606649 -0.316608 -0.544604
v 0.571099 -0.423527 -0.480565
v 0.538526 -0.404497 -0.537180
v 0.805225 -0.285647 -0.161893
v 0.856359 -0.175883 -0.095098
v 0.818291 -0.228603 -0.193300
v 0.845672 -0.174572 -0.159445
v 0.815740 -0.288011 -0.096304
v 0.842273 -0.233379 -0.063165
v 0.629144 -0.395004 0.456446
v 0.564924 -0.355963 0.572294
v 0.647049 -0.340417 0.489345
v 0.616678 -0.321961 0.549937
v 0.579806 -0.433574 0.483603
v 0.547280 -0.414296 0.540383
v 0.814236 -0.289061 0.169957
v 0.866792 -0.178762 0.101184
v 0.831509 -0.232824 0.201945
v 0.855936 -0.176926 0.167152
v 0.825493 -0.292720 0.103418
v 0.848561 -0.236140 0.069179
v 0.180852 -0.103681 0.868103
v 0.296058 -0.172061 0.824268
v 0.180777 -0.168844 0.859374
v 0.237940 -0.201960 0.836392
v 0.239995 -0.070728 0.855077
v 0.297666 -0.105558 0.833915
v -0.180846 -0.103685 0.868105
v -0.296117 -0.172029 0.824235
v -0.180830 -0.168806 0.859371
v -0.237934 -0.201953 0.836382
v -0.239985 -0.070734 0.855080
v -0.297688 -0.105559 0.833911
v 0.181774 0.099977 0.868135
v 0.297144 0.170691 0.825124
v 0.181797 0.167074 0.860498
v 0.238796 0.201577 0.837275
v 0.240675 0.067291 0.855367
v 0.298653 0.102774 0.834288
v -0.181772 0.099975 0.868137
v -0.297142 0.170691 0.825124
v -0.181794 0.167071 0.860499
v -0.238794 0.201577 0.837275
v -0.240673 0.067291 0.855368
v -0.298651 0.102774 0.834287
v 0.459939 -0.072685 0.763475
v 0.460589 0.070899 0.763606
v 0.509272 -0.036573 0.734287
v 0.509724 0.035135 0.734547
v 0.409309 -0.036896 0.792988
v 0.409670 0.034692 0.793171
v -0.459944 -0.072692 0.763479
v -0.460600 0.070901 0.763623
v -0.509281 -0.036579 0.734301
v -0.509712 0.035132 0.734532
v -0.409308 -0.036901 0.792989
v -0.409669 0.034692 0.793171
v 0.182749 -0.100059 -0.866376
v 0.298135 -0.171138 -0.826132
v 0.181785 -0.167218 -0.857935
v 0.239808 -0.202546 -0.837484
v 0.242040 -0.066577 -0.854193
v 0.299724 -0.102010 -0.835311
v -0.182751 -0.100057 -0.866390
v -0.298138 -0.171139 -0.826133
v -0.181786 -0.167218 -0.857945
v -0.239809 -0.202546 -0.837486
v -0.242041 -0.066576 -0.854195
v -0.299727 -0.102009 -0.835313
v 0.181563 0.103426 -0.866059
v 0.295490 0.172494 -0.825054
v 0.179734 0.168165 -0.856354
v 0.236825 0.202592 -0.835513
v 0.241382 0.071310 -0.854869
v 0.298244 0.106284 -0.835423
v -0.181558 0.103428 -0.866059
v -0.295484 0.172498 -0.825055
v -0.179727 0.168168 -0.856355
v -0.236816 0.202597 -0.835495
v -0.241379 0.071313 -0.854869
v -0.298239 0.106286 -0.835424
v 0.458843 -0.068619 -0.761014
v 0.458743 0.072282 -0.761601
v 0.508338 -0.033527 -0.732225
v 0.508512 0.037197 -0.732603
v 0.408202 -0.032820 -0.791010
v 0.408147 0.037522 -0.791395
v -0.458843 -0.068621 -0.761019
v -0.458741 0.072280 -0.761602
v -0.508336 -0.033530 -0.732230
v -0.508510 0.037196 -0.732603
v -0.408201 -0.032822 -0.791012
v -0.408144 0.037519 -0.791395
v -0.363218 0.685380 0.046720
v -0.364129 0.686796 -0.038746
v -0.304818 0.706533 0.049686
v -0.305740 0.707976 -0.041456
v -0.449710 0.648542 0.075262
v -0.339623 0.688948 0.094101
v -0.433843 0.648126 0.128000
v -0.451519 0.651730 -0.068802
v -0.340574 0.691661 -0.087436
v -0.435642 0.652532 -0.121769
v -0.504352 0.630669 0.002738
v -0.490324 0.631610 -0.106289
v -0.546378 0.607578 -0.026266
v -0.488039 0.626944 0.112095
v -0.546175 0.606469 0.032211
v 0.363229 0.685390 0.046726
v 0.364103 0.686806 -0.038743
v 0.304826 0.706548 0.049683
v 0.305691 0.707997 -0.041451
v 0.449714 0.648538 0.075262
v 0.339613 0.688954 0.094120
v 0.433844 0.648123 0.127995
v 0.451518 0.651758 -0.068793
v 0.340562 0.691684 -0.087517
v 0.435624 0.652555 -0.121809
v 0.504364 0.630673 0.002739
v 0.490314 0.631599 -0.106265
v 0.546367 0.607593 -0.026269
v 0.488042 0.626945 0.112081
v 0.546159 0.606441 0.032211
v -0.368109 -0.695845 0.048791
v -0.368304 -0.695821 -0.040434
v -0.309887 -0.717155 0.053146
v -0.313031 -0.725124 -0.044116
v -0.455570 -0.660541 0.077270
v -0.344711 -0.702334 0.099089
v -0.440649 -0.663486 0.132570
v -0.451324 -0.651476 -0.069121
v -0.347421 -0.709313 -0.091078
v -0.433998 -0.651511 -0.121862
v -0.505519 -0.634484 0.003234
v -0.489017 -0.627342 -0.106157
v -0.545804 -0.607452 -0.025506
v -0.495241 -0.640101 0.115585
v -0.548228 -0.610526 0.033152
v 0.368214 -0.695755 0.048670
v 0.368231 -0.695860 -0.040390
v 0.309626 -0.717399 0.052972
v 0.312938 -0.725123 -0.044124
v 0.455596 -0.660497 0.077249
v 0.344476 -0.702126 0.099382
v 0.440605 -0.663500 0.132586
v 0.451312 -0.651508 -0.069112
v 0.347449 -0.709267 -0.091123
v 0.434061 -0.651523 -0.121896
v 0.505526 -0.634518 0.003232
v 0.488984 -0.627334 -0.106187
v 0.545815 -0.607474 -0.025499
v 0.495351 -0.640151 0.115571
v 0.548237 -0.610555 0.033150
v -0.000009 -0.555248 0.722216
v -0.080912 -0.494343 0.741057
v -0.034244 -0.606527 0.702425
v -0.122625 -0.542316 0.722362
v 0.081056 -0.494528 0.740637
v 0.034066 -0.606658 0.702626
v 0.122423 -0.542457 0.722226
v 0.049889 -0.400463 0.782696
v -0.050011 -0.400706 0.782256
v 0.055744 -0.343112 0.810548
v -0.055678 -0.343078 0.810536
v 0.138828 -0.476839 0.739706
v 0.106169 -0.375369 0.790796
v -0.138495 -0.477038 0.739843
v -0.106012 -0.375152 0.790425
v -0.000005 0.514298 0.693644
v -0.082031 0.477246 0.732715
v -0.030966 0.540973 0.653669
v -0.119523 0.502417 0.695743
v 0.082030 0.477246 0.732716
v 0.030964 0.540971 0.653677
v 0.119522 0.502419 0.695748
v 0.051293 0.403301 0.788557
v -0.051292 0.403301 0.788556
v 0.056114 0.348874 0.816206
v -0.056112 0.348875 0.816206
v 0.140009 0.461100 0.733664
v 0.108496 0.380779 0.798034
v -0.140009 0.461098 0.733662
v -0.108495 0.380783 0.798034
v 0.000001 -0.506671 -0.691061
v -0.081685 -0.473162 -0.729982
v -0.031021 -0.531983 -0.651604
v -0.119825 -0.497716 -0.693838
v 0.081685 -0.473161 -0.729983
v 0.031031 -0.531990 -0.651608
v 0.119825 -0.497740 -0.693847
v 0.050297 -0.402397 -0.787641
v -0.050294 -0.402385 -0.787627
v 0.054697 -0.348742 -0.815927
v -0.054693 -0.348727 -0.815877
v 0.140787 -0.459501 -0.731570
v 0.106596 -0.379179 -0.792627
v -0.140791 -0.459506 -0.731564
v -0.106589 -0.379155 -0.792584
v 0.000109 0.513888 -0.693061
v -0.081392 0.470445 -0.728319
v -0.031102 0.551718 -0.659903
v -0.117715 0.498648 -0.692560
v 0.081141 0.470278 -0.728275
v 0.031049 0.551486 -0.659901
v 0.118295 0.499058 -0.692729
v 0.049971 0.398537 -0.785501
v -0.049969 0.398524 -0.785508
v 0.054186 0.345133 -0.814109
v -0.054185 0.345137 -0.814155
v 0.140515 0.456746 -0.730068
v 0.105723 0.375675 -0.790407
v -0.140695 0.456880 -0.730020
v -0.105713 0.375680 -0.790409
v 0.737919 0.081553 -0.492185
v 0.785048 0.049722 -0.408076
v 0.734575 0.138406 -0.474101
v 0.785908 0.103033 -0.381733
v 0.737414 -0.080151 -0.491541
v 0.784660 -0.048254 -0.407659
v 0.734522 -0.138841 -0.473779
v 0.785470 -0.102879 -0.381296
v 0.711017 0.001307 -0.544341
v 0.706145 -0.120440 -0.526820
v 0.676527 -0.031151 -0.583148
v 0.706564 0.120409 -0.527111
v 0.676930 0.033167 -0.583551
v 0.806634 0.053122 -0.348598
v 0.806174 -0.052203 -0.348321
v 0.749401 0.081681 0.494632
v 0.805898 0.051110 0.411135
v 0.748181 0.140216 0.476078
v 0.808277 0.106830 0.385545
v 0.748264 -0.082848 0.494471
v 0.804631 -0.051071 0.410955
v 0.746865 -0.142540 0.476416
v 0.806993 -0.108029 0.385609
v 0.718796 -0.000414 0.549537
v 0.714229 -0.123166 0.530276
v 0.683178 -0.033361 0.590062
v 0.715614 0.120819 0.530285
v 0.683802 0.031930 0.590526
v 0.830830 0.055574 0.353660
v 0.829895 -0.055553 0.353566
v -0.737919 0.081555 -0.492184
v -0.785059 0.049730 -0.408065
v -0.734573 0.138408 -0.474104
v -0.785916 0.103068 -0.381703
v -0.737417 -0.080157 -0.491533
v -0.784656 -0.048248 -0.407663
v -0.734529 -0.138843 -0.473769
v -0.785479 -0.102872 -0.381303
v -0.711013 0.001305 -0.544339
v -0.706151 -0.120440 -0.526814
v -0.676525 -0.031151 -0.583145
v -0.706566 0.120408 -0.527109
v -0.676925 0.033167 -0.583549
v -0.806453 0.053105 -0.348556
v -0.806175 -0.052195 -0.348307
v -0.749402 0.081674 0.494634
v -0.805890 0.051096 0.411121
v -0.748177 0.140208 0.476082
v -0.808260 0.106816 0.385532
v -0.748263 -0.082846 0.494467
v -0.804632 -0.051070 0.410954
v -0.746868 -0.142538 0.476410
v -0.806995 -0.108030 0.385607
v -0.718801 -0.000417 0.549548
v -0.714233 -0.123166 0.530275
v -0.683190 -0.033364 0.590090
v -0.715612 0.120815 0.530287
v -0.683797 0.031926 0.590531
v -0.830820 0.055549 0.353670
v -0.829903 -0.055560 0.353552
v -0.054931 0.789161 0.032668
v -0.053181 0.796276 -0.033630
v -0.109437 0.772605 0.041837
v -0.111218 0.776658 -0.038463
v 0.054933 0.789160 0.032665
v 0.053200 0.796307 -0.033653
v 0.109449 0.772622 0.041851
v 0.111150 0.776627 -0.038449
v 0.000001 0.787350 0.061581
v -0.090217 0.768634 0.083075
v -0.023118 0.765685 0.124384
v 0.000016 0.808361 -0.066870
v -0.089006 0.780688 -0.082275
v -0.022147 0.792813 -0.127246
v 0.090221 0.768629 0.083075
v 0.023126 0.765686 0.124382
v 0.088954 0.780772 -0.082165
v 0.022152 0.792736 -0.127215
v -0.244940 0.669745 0.306121
v -0.344319 0.627310 0.352208
v -0.269146 0.678799 0.251091
v -0.369765 0.636254 0.296676
v -0.161199 0.625681 0.465644
v -0.257889 0.587571 0.512256
v -0.129889 0.607994 0.516282
v -0.225454 0.569903 0.561993
v -0.156252 0.668008 0.360624
v -0.206953 0.695306 0.252208
v -0.120945 0.693380 0.305204
v -0.350835 0.587450 0.453580
v -0.406134 0.609552 0.342875
v -0.411802 0.569024 0.442459
v -0.097173 0.633327 0.466586
v -0.093639 0.675869 0.360225
v -0.287540 0.554793 0.556883
v -0.382085 0.555863 0.497958
v -0.239231 0.695417 -0.329534
v -0.338178 0.640093 -0.358464
v -0.265994 0.693502 -0.261242
v -0.367736 0.648049 -0.298705
v -0.172903 0.701306 -0.506860
v -0.253650 0.608770 -0.524447
v -0.136073 0.656405 -0.542498
v -0.223663 0.586213 -0.571256
v -0.190021 0.816583 -0.433002
v -0.203898 0.715391 -0.272490
v -0.127707 0.747469 -0.349494
v -0.344704 0.596501 -0.458736
v -0.404868 0.619891 -0.344647
v -0.410913 0.573876 -0.446298
v -0.111679 0.701683 -0.501411
v -0.109868 0.758643 -0.406221
v -0.284332 0.561704 -0.560814
v -0.378294 0.556698 -0.499378
v -0.616210 0.498717 -0.255236
v -0.681419 0.473353 -0.160540
v -0.589599 0.538891 -0.218809
v -0.653355 0.513994 -0.126000
v -0.685418 0.358034 -0.361045
v -0.747524 0.323839 -0.262311
v -0.703986 0.305835 -0.394159
v -0.763251 0.269272 -0.294332
v -0.619814 0.446311 -0.356953
v -0.568317 0.530748 -0.282250
v -0.572941 0.481565 -0.384865
v -0.747653 0.385233 -0.163132
v -0.695992 0.479331 -0.095283
v -0.760211 0.389532 -0.097035
v -0.663003 0.347524 -0.426034
v -0.597418 0.436931 -0.421789
v -0.784362 0.276368 -0.228277
v -0.785200 0.338032 -0.130522
v -0.633471 0.511427 0.262847
v -0.693630 0.480338 0.169779
v -0.600493 0.545336 0.226022
v -0.661644 0.517863 0.134974
v -0.707032 0.369947 0.365742
v -0.767548 0.332948 0.269584
v -0.723842 0.315238 0.397576
v -0.786008 0.278674 0.301268
v -0.637064 0.460000 0.360276
v -0.580847 0.540891 0.287891
v -0.585944 0.495245 0.386589
v -0.758410 0.390047 0.170944
v -0.703450 0.483626 0.104248
v -0.769575 0.395284 0.104988
v -0.678266 0.355830 0.428357
v -0.608899 0.446686 0.422090
v -0.802491 0.283418 0.235813
v -0.794443 0.342435 0.137547
v 0.244942 0.669746 0.306127
v 0.344319 0.627296 0.352224
v 0.269151 0.678812 0.251094
v 0.369763 0.636260 0.296674
v 0.161181 0.625698 0.465631
v 0.257901 0.587580 0.512262
v 0.129886 0.607962 0.516277
v 0.225461 0.569900 0.561990
v 0.156256 0.668023 0.360633
v 0.206958 0.695304 0.252201
v 0.120936 0.693364 0.305195
v 0.097178 0.633339 0.466592
v 0.093660 0.675892 0.360243
v 0.350861 0.587490 0.453607
v 0.406130 0.609564 0.342869
v 0.411791 0.569011 0.442453
v 0.287558 0.554809 0.556895
v 0.382077 0.555866 0.497948
v 0.238783 0.695092 -0.329490
v 0.338165 0.640125 -0.358545
v 0.265769 0.693711 -0.261242
v 0.368064 0.648473 -0.298979
v 0.173103 0.701467 -0.506609
v 0.254318 0.608997 -0.524976
v 0.136265 0.656605 -0.542829
v 0.224175 0.587020 -0.571956
v 0.190061 0.816605 -0.433109
v 0.204650 0.715956 -0.272586
v 0.127783 0.747224 -0.349372
v 0.111779 0.701692 -0.501466
v 0.109894 0.758177 -0.406060
v 0.344841 0.596652 -0.458783
v 0.404543 0.619490 -0.344740
v 0.410642 0.573741 -0.446065
v 0.284508 0.562032 -0.560917
v 0.378417 0.556463 -0.499184
v 0.616203 0.498723 -0.255240
v 0.681379 0.473339 -0.160522
v 0.589601 0.538888 -0.218817
v 0.653336 0.513973 -0.125996
v 0.685410 0.358026 -0.361042
v 0.747460 0.323806 -0.262300
v 0.703987 0.305848 -0.394156
v 0.763188 0.269262 -0.294315
v 0.619813 0.446322 -0.356959
v 0.568337 0.530745 -0.282261
v 0.572934 0.481564 -0.384864
v 0.747757 0.385318 -0.163174
v 0.695992 0.479333 -0.095285
v 0.760240 0.389553 -0.097043
v 0.663009 0.347544 -0.426045
v 0.597422 0.436945 -0.421779
v 0.784433 0.276404 -0.228317
v 0.785247 0.338058 -0.130537
v 0.633479 0.511435 0.262848
v 0.693607 0.480317 0.169771
v 0.600454 0.545324 0.226010
v 0.661601 0.517832 0.134964
v 0.707029 0.369937 0.365719
v 0.767541 0.332939 0.269584
v 0.723838 0.315228 0.397569
v 0.786000 0.278670 0.301269
v 0.637057 0.459994 0.360280
v 0.580825 0.540865 0.287884
v 0.585951 0.495237 0.386590
v 0.758411 0.390042 0.170947
v 0.703439 0.483624 0.104247
v 0.769569 0.395276 0.104993
v 0.678278 0.355835 0.428352
v 0.608894 0.446681 0.422098
v 0.802490 0.283415 0.235814
v 0.794458 0.342446 0.137556
v -0.053193 -0.808924 0.062594
v -0.063194 -0.793102 -0.017494
v -0.110744 -0.789113 0.060693
v -0.120733 -0.783556 -0.032564
v 0.053232 -0.808904 0.062578
v 0.063174 -0.793125 -0.017501
v 0.110693 -0.789095 0.060675
v 0.120644 -0.783628 -0.032570
v -0.000020 -0.819729 0.101057
v -0.085910 -0.795607 0.105992
v -0.017583 -0.812455 0.147922
v -0.000019 -0.781621 -0.058038
v -0.102914 -0.778388 -0.080182
v -0.026488 -0.759730 -0.125674
v 0.085842 -0.795610 0.105999
v 0.017527 -0.812322 0.147983
v 0.102973 -0.778363 -0.080182
v 0.026508 -0.759722 -0.125677
v -0.251294 -0.716256 0.338243
v -0.351957 -0.668356 0.377051
v -0.273965 -0.712856 0.272571
v -0.376570 -0.666738 0.313120
v -0.203394 -0.805779 0.557236
v -0.291771 -0.705656 0.589136
v -0.166099 -0.792169 0.625352
v -0.272159 -0.708861 0.664467
v -0.166741 -0.747814 0.414679
v -0.210322 -0.735501 0.279058
v -0.125132 -0.759039 0.347052
v -0.361481 -0.640746 0.487197
v -0.413964 -0.640265 0.360134
v -0.418508 -0.602207 0.462977
v -0.118962 -0.768794 0.546354
v -0.101259 -0.761847 0.412954
v -0.311836 -0.638202 0.616002
v -0.389029 -0.595291 0.522835
v -0.246967 -0.684066 -0.309586
v -0.338416 -0.620738 -0.346276
v -0.278687 -0.716471 -0.263012
v -0.365077 -0.634836 -0.289856
v -0.158257 -0.617565 -0.466182
v -0.253407 -0.575136 -0.510326
v -0.127685 -0.598235 -0.514725
v -0.222553 -0.558019 -0.559444
v -0.154989 -0.665810 -0.360669
v -0.215637 -0.737027 -0.267891
v -0.122750 -0.695502 -0.307158
v -0.344401 -0.572869 -0.451360
v -0.397665 -0.596984 -0.335026
v -0.405131 -0.554005 -0.440380
v -0.094904 -0.626225 -0.466407
v -0.092700 -0.672612 -0.361914
v -0.284696 -0.544178 -0.555829
v -0.375777 -0.541270 -0.495371
v -0.617116 -0.498082 -0.253315
v -0.682288 -0.473484 -0.158958
v -0.589060 -0.534827 -0.216585
v -0.653672 -0.512153 -0.124938
v -0.686036 -0.359791 -0.359542
v -0.748106 -0.325822 -0.260647
v -0.704626 -0.308298 -0.393190
v -0.763831 -0.271659 -0.293104
v -0.620712 -0.446934 -0.355053
v -0.567430 -0.526478 -0.279664
v -0.573368 -0.480952 -0.382744
v -0.748245 -0.387208 -0.161391
v -0.696585 -0.479034 -0.094249
v -0.760417 -0.391160 -0.095714
v -0.663695 -0.349692 -0.425101
v -0.598369 -0.437701 -0.420122
v -0.784954 -0.278897 -0.227133
v -0.785046 -0.340054 -0.129164
v -0.635251 -0.516497 0.265916
v -0.693040 -0.480852 0.169894
v -0.605760 -0.555288 0.231398
v -0.662967 -0.520546 0.135929
v -0.705552 -0.370839 0.365805
v -0.766288 -0.334588 0.269963
v -0.722340 -0.316848 0.397640
v -0.784669 -0.280798 0.301799
v -0.636367 -0.461402 0.361697
v -0.588415 -0.554468 0.295481
v -0.585669 -0.498589 0.389566
v -0.757190 -0.390885 0.170647
v -0.703890 -0.484202 0.104141
v -0.768453 -0.396035 0.104280
v -0.677050 -0.356760 0.427913
v -0.608273 -0.448110 0.422986
v -0.801290 -0.285369 0.236462
v -0.793277 -0.344052 0.137247
v 0.251374 -0.716675 0.338256
v 0.352041 -0.668378 0.377251
v 0.274111 -0.712920 0.272726
v 0.376792 -0.666441 0.313190
v 0.205671 -0.805245 0.557304
v 0.291676 -0.705859 0.588693
v 0.167376 -0.792119 0.625266
v 0.271364 -0.709875 0.664351
v 0.167182 -0.747642 0.414740
v 0.210630 -0.735660 0.279235
v 0.124719 -0.758655 0.346893
v 0.119871 -0.769936 0.546490
v 0.101710 -0.762660 0.413353
v 0.361762 -0.641034 0.486944
v 0.413922 -0.640387 0.360420
v 0.418369 -0.602511 0.462814
v 0.311848 -0.638482 0.616017
v 0.389083 -0.595515 0.523051
v 0.246948 -0.684105 -0.309472
v 0.338377 -0.620609 -0.346144
v 0.278979 -0.717469 -0.263362
v 0.364985 -0.634345 -0.289784
v 0.158266 -0.617577 -0.466226
v 0.253378 -0.575112 -0.510301
v 0.127682 -0.598252 -0.514724
v 0.222540 -0.558025 -0.559436
v 0.154902 -0.665668 -0.360681
v 0.215491 -0.736843 -0.267765
v 0.122813 -0.695459 -0.307071
v 0.094902 -0.626185 -0.466397
v 0.092744 -0.672605 -0.361827
v 0.344433 -0.572871 -0.451390
v 0.397721 -0.597005 -0.335341
v 0.405140 -0.553990 -0.440397
v 0.284687 -0.544191 -0.555823
v 0.375769 -0.541265 -0.495361
v 0.617118 -0.498095 -0.253322
v 0.682301 -0.473488 -0.158959
v 0.589080 -0.534843 -0.216583
v 0.653675 -0.512157 -0.124935
v 0.686037 -0.359794 -0.359541
v 0.748099 -0.325820 -0.260648
v 0.704634 -0.308317 -0.393197
v 0.763842 -0.271658 -0.293144
v 0.620696 -0.446917 -0.355045
v 0.567456 -0.526475 -0.279675
v 0.573323 -0.480917 -0.382705
v 0.748239 -0.387216 -0.161385
v 0.696577 -0.479023 -0.094251
v 0.760371 -0.391120 -0.095705
v 0.663689 -0.349689 -0.425097
v 0.598372 -0.437686 -0.420127
v 0.784956 -0.278896 -0.227117
v 0.785072 -0.340068 -0.129176
v 0.635208 -0.516517 0.265915
v 0.693046 -0.480860 0.169903
v 0.605754 -0.555318 0.231384
v 0.662953 -0.520552 0.135933
v 0.705551 -0.370858 0.365812
v 0.766295 -0.334591 0.269967
v 0.722323 -0.316853 0.397652
v 0.784673 -0.280796 0.301805
v 0.636346 -0.461404 0.361670
v 0.588399 -0.554548 0.295436
v 0.585744 -0.498565 0.389539
v 0.757197 -0.390885 0.170649
v 0.703876 -0.484194 0.104130
v 0.768450 -0.396026 0.104286
v 0.677036 -0.356764 0.427925
v 0.608287 -0.448043 0.422963
v 0.801286 -0.285364 0.236465
v 0.793277 -0.344054 0.137247
v 0.060786 -0.101847 0.883692
v -0.060760 -0.101852 0.883694
v 0.060915 -0.165916 0.874778
v -0.060919 -0.165900 0.874780
v 0.061226 0.097986 0.884277
v -0.061224 0.097985 0.884278
v 0.061418 0.163784 0.876810
v -0.061417 0.163784 0.876811
v 0.121243 -0.002229 0.882479
v 0.121385 -0.135307 0.875030
v 0.180995 -0.036240 0.871552
v -0.121242 -0.002232 0.882479
v -0.121369 -0.135301 0.875036
v -0.180986 -0.036246 0.871553
v 0.122305 0.132088 0.876183
v 0.181362 0.032162 0.872160
v -0.122303 0.132087 0.876185
v -0.181359 0.032161 0.872162
v 0.374975 -0.363061 0.706025
v 0.344743 -0.268241 0.775715
v 0.314449 -0.393739 0.716315
v 0.283657 -0.296044 0.783033
v 0.539396 -0.269795 0.653280
v 0.503704 -0.175644 0.717938
v 0.588830 -0.236698 0.628753
v 0.552366 -0.141050 0.690434
v 0.470829 -0.361561 0.642750
v 0.356801 -0.427554 0.676253
v 0.452954 -0.422787 0.612219
v 0.579613 -0.297376 0.603450
v 0.509040 -0.388777 0.592308
v 0.405564 -0.175981 0.779007
v 0.293144 -0.235277 0.808838
v 0.353079 -0.140779 0.808491
v 0.507229 -0.107345 0.728667
v 0.408014 -0.107680 0.788675
v -0.374965 -0.362965 0.706082
v -0.344604 -0.268269 0.775782
v -0.314499 -0.394144 0.716322
v -0.283678 -0.296117 0.782802
v -0.539337 -0.269755 0.653319
v -0.503712 -0.175623 0.717941
v -0.588833 -0.236684 0.628751
v -0.552357 -0.141033 0.690441
v -0.471234 -0.361836 0.643253
v -0.356897 -0.427376 0.675724
v -0.452838 -0.422211 0.611696
v -0.579553 -0.297351 0.603488
v -0.509573 -0.389045 0.592562
v -0.405603 -0.175925 0.779008
v -0.293033 -0.235295 0.808898
v -0.353127 -0.140762 0.808474
v -0.507224 -0.107339 0.728673
v -0.408010 -0.107690 0.788676
v 0.379238 0.366200 0.712940
v 0.344664 0.270802 0.777486
v 0.320384 0.393261 0.722208
v 0.285978 0.299502 0.787358
v 0.539312 0.270265 0.654785
v 0.504322 0.174877 0.718444
v 0.589338 0.235995 0.629673
v 0.552967 0.139575 0.690374
v 0.472566 0.362636 0.646508
v 0.361313 0.423884 0.679178
v 0.454385 0.419107 0.612840
v 0.579674 0.297708 0.605421
v 0.510649 0.388871 0.595145
v 0.406335 0.174573 0.779489
v 0.293727 0.236366 0.810101
v 0.353964 0.138566 0.808693
v 0.507973 0.105862 0.728843
v 0.408820 0.105473 0.788797
v -0.379244 0.366200 0.712948
v -0.344664 0.270802 0.777485
v -0.320386 0.393258 0.722212
v -0.285979 0.299503 0.787358
v -0.539340 0.270284 0.654822
v -0.504290 0.174833 0.718367
v -0.589325 0.235983 0.629660
v -0.552966 0.139578 0.690378
v -0.472558 0.362648 0.646506
v -0.361314 0.423879 0.679179
v -0.454345 0.419070 0.612797
v -0.579681 0.297722 0.605436
v -0.510648 0.388886 0.595156
v -0.406336 0.174573 0.779494
v -0.293724 0.236367 0.810099
v -0.353965 0.138565 0.808693
v -0.507964 0.105861 0.728834
v -0.408819 0.105471 0.788794
v 0.061079 -0.097683 -0.883927
v -0.061075 -0.097686 -0.883873
v 0.060659 -0.163527 -0.876380
v -0.060654 -0.163513 -0.876350
v 0.060825 0.101367 -0.883136
v -0.060826 0.101368 -0.883135
v 0.060098 0.164837 -0.874401
v -0.060097 0.164844 -0.874400
v 0.122296 0.002791 -0.881429
v 0.121940 -0.132146 -0.874359
v 0.182802 -0.031536 -0.869817
v -0.122298 0.002792 -0.881427
v -0.121936 -0.132144 -0.874339
v -0.182802 -0.031534 -0.869817
v 0.120906 0.134451 -0.872961
v 0.182481 0.036651 -0.870213
v -0.120900 0.134455 -0.872961
v -0.182480 0.036652 -0.870209
v 0.374657 -0.363226 -0.706539
v 0.343028 -0.271021 -0.775740
v 0.317168 -0.391106 -0.717866
v 0.286304 -0.301795 -0.789132
v 0.536862 -0.269630 -0.652898
v 0.503455 -0.174222 -0.717343
v 0.583855 -0.234257 -0.624956
v 0.551251 -0.139331 -0.689121
v 0.471664 -0.363423 -0.647062
v 0.357469 -0.418941 -0.673941
v 0.452459 -0.418204 -0.613922
v 0.572565 -0.294412 -0.599741
v 0.505490 -0.384984 -0.593119
v 0.404419 -0.172691 -0.776368
v 0.293857 -0.237441 -0.810619
v 0.353497 -0.137474 -0.808155
v 0.506796 -0.104590 -0.727375
v 0.407315 -0.103360 -0.786981
v -0.374660 -0.363225 -0.706535
v -0.343029 -0.271020 -0.775736
v -0.317172 -0.391107 -0.717864
v -0.286308 -0.301796 -0.789128
v -0.536860 -0.269629 -0.652894
v -0.503451 -0.174223 -0.717348
v -0.583855 -0.234258 -0.624955
v -0.551247 -0.139336 -0.689136
v -0.471666 -0.363419 -0.647062
v -0.357473 -0.418939 -0.673938
v -0.452457 -0.418207 -0.613919
v -0.572561 -0.294412 -0.599740
v -0.505487 -0.384983 -0.593110
v -0.404418 -0.172691 -0.776369
v -0.293859 -0.237442 -0.810620
v -0.353497 -0.137475 -0.808157
v -0.506794 -0.104595 -0.727387
v -0.407316 -0.103360 -0.786986
v 0.373081 0.361768 -0.705020
v 0.340398 0.270190 -0.773874
v 0.316149 0.389559 -0.716491
v 0.283638 0.300331 -0.787096
v 0.535985 0.267521 -0.651648
v 0.502823 0.174184 -0.716388
v 0.583199 0.231895 -0.623858
v 0.551452 0.139918 -0.688930
v 0.469979 0.362043 -0.645859
v 0.357201 0.417506 -0.672573
v 0.451688 0.416800 -0.613464
v 0.571552 0.291973 -0.599040
v 0.504190 0.383613 -0.592920
v 0.402792 0.173919 -0.775398
v 0.290871 0.236938 -0.808931
v 0.351642 0.140032 -0.807068
v 0.506797 0.106848 -0.727642
v 0.406458 0.106641 -0.786699
v -0.373056 0.361754 -0.704994
v -0.340400 0.270196 -0.773893
v -0.316182 0.389631 -0.716564
v -0.283618 0.300326 -0.787074
v -0.535981 0.267510 -0.651639
v -0.502826 0.174180 -0.716387
v -0.583195 0.231877 -0.623849
v -0.551453 0.139916 -0.688931
v -0.469973 0.362042 -0.645857
v -0.357180 0.417489 -0.672505
v -0.451675 0.416812 -0.613478
v -0.571537 0.291960 -0.599027
v -0.504180 0.383624 -0.592939
v -0.402790 0.173920 -0.775397
v -0.290862 0.236949 -0.808922
v -0.351641 0.140034 -0.807072
v -0.506800 0.106847 -0.727643
v -0.406457 0.106640 -0.786701
v 0.880273 0.058680 -0.093363
v 0.879252 -0.058790 -0.093437
v 0.869700 0.057978 -0.156294
v 0.868973 -0.058142 -0.156460
v 0.890528 0.060060 0.097719
v 0.889877 -0.059193 0.098446
v 0.879920 0.059528 0.163298
v 0.879266 -0.058904 0.163939
v 0.881390 0.117870 0.001527
v 0.866587 0.116084 -0.125687
v 0.865099 0.175113 -0.030781
v 0.876892 0.118647 0.131511
v 0.867595 0.176334 0.034445
v 0.880598 -0.118585 0.002059
v 0.865188 -0.117275 -0.125982
v 0.864052 -0.176838 -0.030284
v 0.876206 -0.118980 0.132646
v 0.866744 -0.177859 0.035188
v -0.880266 0.058683 -0.093360
v -0.879272 -0.058800 -0.093443
v -0.869694 0.057973 -0.156303
v -0.868910 -0.058139 -0.156449
v -0.890524 0.060065 0.097719
v -0.889885 -0.059186 0.098448
v -0.879922 0.059524 0.163302
v -0.879269 -0.058902 0.163935
v -0.881389 0.117884 0.001533
v -0.866585 0.116074 -0.125682
v -0.865097 0.175109 -0.030782
v -0.876889 0.118652 0.131505
v -0.867592 0.176333 0.034456
v -0.880598 -0.118590 0.002054
v -0.865119 -0.117263 -0.125976
v -0.864053 -0.176843 -0.030288
v -0.876204 -0.118975 0.132648
v -0.866743 -0.177859 0.035188
v -0.213982 0.731593 0.096579
v -0.253471 0.710132 0.146969
v -0.215292 0.736266 -0.091947
v -0.254186 0.715627 -0.145997
v -0.190489 0.728429 0.145060
v -0.191317 0.737123 -0.147705
v -0.453301 0.622233 0.227580
v -0.511092 0.600204 0.210562
v -0.490084 0.595595 0.269599
v -0.456879 0.631057 -0.224478
v -0.508313 0.601516 -0.204244
v -0.487665 0.598202 -0.265667
v -0.628917 0.550683 -0.028118
v -0.629480 0.550630 0.035972
v -0.669004 0.518742 0.004332
v 0.213982 0.731597 0.096598
v 0.253472 0.710090 0.146953
v 0.215265 0.736290 -0.092051
v 0.253966 0.715326 -0.145907
v 0.190504 0.728454 0.145056
v 0.191435 0.736859 -0.147613
v 0.453294 0.622232 0.227581
v 0.511071 0.600152 0.210557
v 0.490121 0.595643 0.269613
v 0.456906 0.631174 -0.224437
v 0.508317 0.601501 -0.204205
v 0.487556 0.598163 -0.265727
v 0.628957 0.550713 -0.028121
v 0.629468 0.550630 0.035975
v 0.668984 0.518725 0.004328
v -0.217280 -0.747294 0.107691
v -0.256949 -0.730050 0.158991
v -0.231506 -0.784704 -0.097674
v -0.277168 -0.782117 -0.157559
v -0.191844 -0.752816 0.161669
v -0.207161 -0.802817 -0.158280
v -0.464018 -0.643768 0.238052
v -0.521578 -0.617905 0.219490
v -0.502090 -0.617989 0.282391
v -0.446185 -0.614732 -0.217759
v -0.502853 -0.590705 -0.200075
v -0.479677 -0.582571 -0.259481
v -0.629226 -0.549909 -0.027430
v -0.631525 -0.552604 0.036599
v -0.669813 -0.518944 0.004641
v 0.217370 -0.747347 0.107776
v 0.257036 -0.730009 0.158897
v 0.231363 -0.784767 -0.097610
v 0.277201 -0.781977 -0.157543
v 0.191762 -0.752859 0.161669
v 0.206978 -0.803086 -0.158256
v 0.463941 -0.643823 0.237976
v 0.521605 -0.617934 0.219533
v 0.502088 -0.617868 0.282378
v 0.446268 -0.615074 -0.217795
v 0.502834 -0.590639 -0.200133
v 0.479772 -0.582729 -0.259517
v 0.629234 -0.549913 -0.027432
v 0.631536 -0.552629 0.036606
v 0.669783 -0.518927 0.004641
v -0.039765 -0.694495 0.639538
v 0.039448 -0.694821 0.639436
v -0.231105 -0.572642 0.694821
v -0.241201 -0.494492 0.704468
v -0.000099 -0.701863 0.586564
v -0.286659 -0.534682 0.673864
v 0.230722 -0.572661 0.695377
v 0.241682 -0.494746 0.704819
v 0.286333 -0.535072 0.674297
v 0.120792 -0.258388 0.846896
v 0.174963 -0.289673 0.821892
v -0.120825 -0.258411 0.846889
v -0.174825 -0.289775 0.821821
v 0.179739 -0.230834 0.845154
v -0.179712 -0.230856 0.845149
v -0.032400 0.591752 0.564614
v 0.032400 0.591756 0.564618
v -0.218837 0.514778 0.653252
v -0.241116 0.469923 0.692162
v -0.000003 0.614619 0.516298
v -0.280243 0.497450 0.649202
v 0.218847 0.514804 0.653267
v 0.241117 0.469930 0.692161
v 0.280225 0.497411 0.649157
v 0.120022 0.261547 0.848042
v 0.175205 0.294662 0.824837
v -0.120018 0.261548 0.848042
v -0.175201 0.294659 0.824828
v 0.179986 0.232034 0.846086
v -0.179983 0.232034 0.846086
v -0.031947 -0.580698 -0.562366
v 0.031946 -0.580727 -0.562392
v -0.217479 -0.506021 -0.650065
v -0.241749 -0.467630 -0.691060
v 0.000001 -0.607892 -0.516329
v -0.278782 -0.490091 -0.646537
v 0.217475 -0.506031 -0.650072
v 0.241747 -0.467628 -0.691060
v 0.278779 -0.490093 -0.646534
v 0.117880 -0.261204 -0.844702
v 0.174169 -0.295201 -0.822133
v -0.117878 -0.261204 -0.844700
v -0.174167 -0.295203 -0.822130
v 0.179048 -0.232342 -0.843100
v -0.179046 -0.232342 -0.843098
v -0.035005 0.638949 -0.590498
v 0.034888 0.638043 -0.590111
v -0.217172 0.511722 -0.650558
v -0.241325 0.466154 -0.689044
v -0.000235 0.659113 -0.541271
v -0.277541 0.490571 -0.644280
v 0.216534 0.511376 -0.650442
v 0.241383 0.466093 -0.689069
v 0.277390 0.490398 -0.644082
v 0.116467 0.259227 -0.843008
v 0.172012 0.293052 -0.819737
v -0.116469 0.259234 -0.843006
v -0.172019 0.293056 -0.819749
v 0.176784 0.231252 -0.840983
v -0.176781 0.231263 -0.840988
v 0.693470 0.238903 -0.486363
v 0.661976 0.218900 -0.541354
v 0.804959 0.163926 -0.289470
v 0.829986 0.111519 -0.254496
v 0.652230 0.277514 -0.516913
v 0.826786 0.168547 -0.223997
v 0.693865 -0.241732 -0.486309
v 0.662704 -0.221884 -0.541968
v 0.804835 -0.165596 -0.288929
v 0.829018 -0.112200 -0.254536
v 0.652846 -0.280620 -0.517048
v 0.826490 -0.170577 -0.223961
v 0.597823 -0.033442 -0.661686
v 0.598232 0.035827 -0.662225
v 0.555593 0.001683 -0.700372
v 0.705109 0.242673 0.488158
v 0.671692 0.222843 0.546459
v 0.826507 0.170084 0.296113
v 0.850398 0.115713 0.261815
v 0.662331 0.283025 0.521394
v 0.843733 0.173513 0.231632
v 0.703687 -0.245265 0.488473
v 0.670610 -0.225966 0.547189
v 0.825644 -0.171875 0.296937
v 0.849337 -0.116355 0.262753
v 0.661394 -0.284677 0.520863
v 0.842798 -0.174939 0.232839
v 0.600776 -0.035697 0.665582
v 0.601402 0.034275 0.666331
v 0.556761 -0.000626 0.702371
v -0.693469 0.238888 -0.486353
v -0.661973 0.218893 -0.541356
v -0.804963 0.163934 -0.289439
v -0.829881 0.111466 -0.254442
v -0.652226 0.277508 -0.516911
v -0.826780 0.168540 -0.224006
v -0.693873 -0.241730 -0.486303
v -0.662703 -0.221883 -0.541960
v -0.804839 -0.165609 -0.288914
v -0.829038 -0.112206 -0.254537
v -0.652847 -0.280619 -0.517041
v -0.826471 -0.170570 -0.223953
v -0.597820 -0.033446 -0.661689
v -0.598230 0.035824 -0.662225
v -0.555589 0.001678 -0.700372
v -0.705127 0.242683 0.488171
v -0.671700 0.222849 0.546470
v -0.826502 0.170074 0.296121
v -0.850393 0.115708 0.261805
v -0.662334 0.283026 0.521394
v -0.843731 0.173505 0.231629
v -0.703693 -0.245266 0.488478
v -0.670615 -0.225961 0.547196
v -0.825643 -0.171879 0.296927
v -0.849335 -0.116358 0.262754
v -0.661410 -0.284662 0.520857
v -0.842800 -0.174942 0.232834
v -0.600767 -0.035700 0.665558
v -0.601370 0.034273 0.666268
v -0.556766 -0.000630 0.702380
v -0.028428 0.723153 0.245159
v 0.028431 0.723145 0.245165
v -0.000003 0.703001 0.303378
v -0.029379 0.758238 -0.265927
v 0.029469 0.758617 -0.265991
v 0.000129 0.741920 -0.329597
v -0.501742 0.511928 0.468491
v -0.469615 0.495369 0.525137
v -0.527421 0.467683 0.506919
v -0.493209 0.498358 -0.466476
v -0.462631 0.482936 -0.522925
v -0.517075 0.453044 -0.503628
v -0.798346 0.341804 0.003401
v -0.822999 0.287378 -0.030573
v -0.825880 0.289103 0.036333
v 0.501750 0.511909 0.468490
v 0.469627 0.495378 0.525142
v 0.527430 0.467674 0.506926
v 0.493244 0.498275 -0.466559
v 0.462593 0.482899 -0.523015
v 0.517089 0.453043 -0.503658
v 0.798434 0.341847 0.003395
v 0.823004 0.287382 -0.030576
v 0.825887 0.289102 0.036333
v -0.026023 -0.794290 0.278551
v 0.025801 -0.794371 0.278315
v -0.000041 -0.785562 0.346497
v -0.030224 -0.717263 -0.246518
v 0.030214 -0.717232 -0.246534
v -0.000019 -0.696451 -0.304437
v -0.504939 -0.524587 0.475713
v -0.472209 -0.508256 0.531209
v -0.528574 -0.472494 0.508865
v -0.493317 -0.497157 -0.465855
v -0.462789 -0.483214 -0.522879
v -0.517887 -0.454423 -0.502904
v -0.797774 -0.343670 0.003593
v -0.822454 -0.289658 -0.030059
v -0.825227 -0.291308 0.036575
v 0.505037 -0.524505 0.475659
v 0.472077 -0.508548 0.531299
v 0.528675 -0.472347 0.508784
v 0.493326 -0.497193 -0.465856
v 0.462773 -0.483197 -0.522862
v 0.517911 -0.454447 -0.502919
v 0.797805 -0.343693 0.003595
v 0.822453 -0.289657 -0.030059
v 0.825225 -0.291307 0.036575
v 0.298536 -0.036441 0.838347
v 0.298932 0.033373 0.838514
v 0.355095 -0.001338 0.817295
v -0.298520 -0.036447 0.838349
v -0.298927 0.033375 0.838516
v -0.355089 -0.001339 0.817297
v 0.299751 -0.032133 -0.838765
v 0.299540 0.037726 -0.839524
v 0.354500 0.002607 -0.816060
v -0.299752 -0.032134 -0.838765
v -0.299538 0.037725 -0.839522
v -0.354498 0.002605 -0.816058
f 1 647 644
f 1 644 643
f 1 643 645
f 1 645 646
f 1 646 647
f 2 649 652
f 6 672 670
f 12 702 699
f 11 696 695
f 8 679 681
f 4 662 659
f 4 659 658
f 4 658 660
f 4 660 661
f 4 661 662
f 5 666 665
f 3 654 657
f 7 673 677
f 9 685 686
f 10 692 688
f 12 701 698
f 6 669 668
f 2 650 648
f 8 682 678
f 11 697 693
f 6 671 669
f 12 700 701
f 11 694 697
f 8 680 682
f 2 651 650
f 10 690 689
f 5 663 664
f 3 655 653
f 7 676 674
f 9 687 684
f 10 691 690
f 5 667 663
f 3 656 655
f 7 675 676
f 9 683 687
f 6 668 672
f 2 648 649
f 8 678 679
f 11 693 696
f 12 698 702
f 10 688 691
f 5 665 667
f 3 657 656
f 7 677 675
f 9 686 683
f 5 664 666
f 3 653 654
f 7 674 673
f 9 684 685
f 10 689 692
f 6 670 671
f 12 699 700
f 11 695 694
f 8 681 680
f 2 652 651
f 35 837 838
f 18 735 736
f 19 742 741
f 40 868 867
f 42 880 879
f 34 832 831
f 33 827 828
f 25 778 780
f 36 844 846
f 20 749 747
f 32 819 820
f 23 765 767
f 24 773 771
f 37 850 849
f 41 876 875
f 34 833 834
f 33 826 825
f 25 779 777
f 36 845 843
f 20 748 750
f 17 729 727
f 14 711 709
f 13 706 703
f 15 718 715
f 16 724 721
f 18 737 733
f 35 839 835
f 42 882 878
f 40 870 866
f 19 744 740
f 30 807 805
f 27 789 787
f 22 762 758
f 28 797 793
f 29 802 799
f 32 821 817
f 23 766 763
f 24 774 770
f 37 852 848
f 41 874 872
f 35 838 836
f 18 736 734
f 19 741 739
f 40 867 865
f 42 879 877
f 34 831 829
f 33 828 824
f 25 780 776
f 36 846 842
f 20 747 745
f 32 820 818
f 23 767 764
f 24 771 769
f 37 849 847
f 41 875 871
f 34 834 830
f 33 825 823
f 25 777 775
f 36 843 841
f 20 750 746
f 14 714 710
f 13 707 704
f 15 719 716
f 16 725 722
f 17 732 728
f 21 755 752
f 31 814 811
f 26 784 781
f 38 857 853
f 39 862 860
f 27 792 788
f 22 759 757
f 28 796 794
f 29 803 800
f 30 810 806
f 31 815 812
f 26 785 782
f 38 856 854
f 39 863 859
f 21 754 751
f 14 712 714
f 13 705 707
f 15 717 719
f 16 723 725
f 17 730 732
f 21 753 755
f 31 816 814
f 26 786 784
f 38 858 857
f 39 861 862
f 27 791 792
f 22 761 759
f 28 795 796
f 29 801 803
f 30 808 810
f 31 813 815
f 26 783 785
f 38 855 856
f 39 864 863
f 21 756 754
f 14 709 712
f 13 703 705
f 15 715 717
f 16 721 723
f 17 727 730
f 21 751 753
f 31 812 816
f 26 782 786
f 38 854 858
f 39 859 861
f 27 787 791
f 22 758 761
f 28 793 795
f 29 799 801
f 30 805 808
f 31 811 813
f 26 781 783
f 38 853 855
f 39 860 864
f 21 752 756
f 17 728 731
f 14 710 713
f 13 704 708
f 15 716 720
f 16 722 726
f 18 734 738
f 35 836 840
f 42 877 881
f 40 865 869
f 19 739 743
f 30 806 809
f 27 788 790
f 22 757 760
f 28 794 798
f 29 800 804
f 32 818 822
f 23 764 768
f 24 769 772
f 37 847 851
f 41 871 873
f 35 835 837
f 18 733 735
f 19 740 742
f 40 866 868
f 42 878 880
f 34 830 832
f 33 823 827
f 25 775 778
f 36 841 844
f 20 746 749
f 32 817 819
f 23 763 765
f 24 770 773
f 37 848 850
f 41 872 876
f 34 829 833
f 33 824 826
f 25 776 779
f 36 842 845
f 20 745 748
f 17 731 729
f 14 713 711
f 13 708 706
f 15 720 718
f 16 726 724
f 18 738 737
f 35 840 839
f 42 881 882
f 40 869 870
f 19 743 744
f 30 809 807
f 27 790 789
f 22 760 762
f 28 798 797
f 29 804 802
f 32 822 821
f 23 768 766
f 24 772 774
f 37 851 852
f 41 873 874
f 107 1269 1270
f 103 1245 1246
f 104 1252 1251
f 110 1288 1287
f 113 1306 1305
f 118 1336 1335
f 154 1551 1552
f 141 1473 1474
f 162 1599 1600
f 121 1354 1353
f 142 1479 1480
f 129 1401 1402
f 130 1408 1407
f 144 1492 1491
f 146 1504 1503
f 151 1533 1534
f 131 1414 1413
f 136 1444 1443
f 161 1594 1593
f 126 1383 1384
f 116 1323 1324
f 108 1275 1276
f 106 1263 1264
f 112 1299 1300
f 115 1317 1318
f 119 1341 1342
f 156 1564 1563
f 139 1462 1461
f 160 1588 1587
f 120 1347 1348
f 149 1521 1522
f 132 1420 1419
f 128 1395 1396
f 145 1497 1498
f 148 1515 1516
f 155 1557 1558
f 133 1425 1426
f 134 1431 1432
f 157 1570 1569
f 124 1372 1371
f 109 1282 1281
f 105 1258 1257
f 111 1294 1293
f 114 1312 1311
f 117 1330 1329
f 125 1378 1377
f 152 1540 1539
f 137 1449 1450
f 158 1575 1576
f 123 1365 1366
f 143 1486 1485
f 127 1390 1389
f 135 1437 1438
f 147 1510 1509
f 150 1528 1527
f 153 1546 1545
f 140 1468 1467
f 138 1455 1456
f 159 1581 1582
f 122 1359 1360
f 107 1272 1271
f 103 1248 1247
f 104 1253 1254
f 110 1289 1290
f 113 1307 1308
f 118 1337 1338
f 154 1554 1553
f 141 1476 1475
f 162 1602 1601
f 121 1355 1356
f 142 1482 1481
f 129 1404 1403
f 130 1409 1410
f 144 1493 1494
f 146 1505 1506
f 151 1536 1535
f 131 1415 1416
f 136 1445 1446
f 161 1595 1596
f 126 1386 1385
f 47 909 907
f 44 891 889
f 43 886 883
f 45 898 895
f 46 904 901
f 49 922 919
f 72 1060 1057
f 102 1240 1237
f 96 1204 1201
f 79 1102 1099
f 62 999 997
f 59 981 979
f 58 976 973
f 60 988 985
f 61 994 991
f 66 1024 1021
f 54 952 949
f 73 1066 1063
f 85 1138 1135
f 92 1179 1177
f 101 1233 1231
f 69 1041 1039
f 50 927 925
f 82 1119 1117
f 97 1209 1207
f 71 1053 1051
f 100 1228 1225
f 94 1192 1189
f 80 1108 1105
f 51 933 931
f 90 1167 1165
f 63 1005 1003
f 55 957 955
f 76 1083 1081
f 87 1150 1147
f 91 1174 1171
f 67 1029 1027
f 56 963 961
f 75 1077 1075
f 83 1126 1123
f 68 1036 1033
f 48 915 913
f 78 1095 1093
f 93 1185 1183
f 98 1216 1213
f 88 1155 1153
f 65 1018 1015
f 57 970 967
f 77 1090 1087
f 86 1143 1141
f 64 1012 1009
f 53 945 943
f 74 1071 1069
f 84 1131 1129
f 89 1162 1159
f 70 1047 1045
f 99 1221 1219
f 95 1197 1195
f 81 1114 1111
f 52 940 937
f 109 1284 1280
f 105 1260 1256
f 111 1296 1292
f 114 1314 1310
f 117 1332 1328
f 125 1380 1376
f 152 1542 1538
f 137 1451 1447
f 158 1577 1573
f 123 1367 1363
f 143 1488 1484
f 127 1392 1388
f 135 1439 1435
f 147 1512 1508
f 150 1530 1526
f 153 1548 1544
f 140 1470 1466
f 138 1457 1453
f 159 1583 1579
f 122 1361 1357
f 107 1270 1268
f 103 1246 1244
f 104 1251 1249
f 110 1287 1285
f 113 1305 1303
f 118 1335 1333
f 154 1552 1550
f 141 1474 1472
f 162 1600 1598
f 121 1353 1351
f 142 1480 1478
f 129 1402 1400
f 130 1407 1405
f 144 1491 1489
f 146 1503 1501
f 151 1534 1532
f 131 1413 1411
f 136 1443 1441
f 161 1593 1591
f 126 1384 1382
f 116 1324 1322
f 108 1276 1274
f 106 1264 1262
f 112 1300 1298
f 115 1318 1316
f 119 1342 1340
f 156 1563 1561
f 139 1461 1459
f 160 1587 1585
f 120 1348 1346
f 149 1522 1520
f 132 1419 1417
f 128 1396 1394
f 145 1498 1496
f 148 1516 1514
f 155 1558 1556
f 133 1426 1424
f 134 1432 1430
f 157 1569 1567
f 124 1371 1369
f 109 1281 1279
f 105 1257 1255
f 111 1293 1291
f 114 1311 1309
f 117 1329 1327
f 125 1377 1375
f 152 1539 1537
f 137 1450 1448
f 158 1576 1574
f 123 1366 1364
f 143 1485 1483
f 127 1389 1387
f 135 1438 1436
f 147 1509 1507
f 150 1527 1525
f 153 1545 1543
f 140 1467 1465
f 138 1456 1454
f 159 1582 1580
f 122 1360 1358
f 107 1271 1267
f 103 1247 1243
f 104 1254 1250
f 110 1290 1286
f 113 1308 1304
f 118 1338 1334
f 154 1553 1549
f 141 1475 1471
f 162 1601 1597
f 121 1356 1352
f 142 1481 1477
f 129 1403 1399
f 130 1410 1406
f 144 1494 1490
f 146 1506 1502
f 151 1535 1531
f 131 1416 1412
f 136 1446 1442
f 161 1596 1592
f 126 1385 1381
f 44 894 890
f 43 887 884
f 45 899 896
f 46 905 902
f 47 912 908
f 52 941 938
f 70 1050 1046
f 99 1224 1220
f 95 1200 1196
f 81 1115 1112
f 59 984 980
f 58 977 974
f 60 989 986
f 61 995 992
f 62 1002 998
f 65 1019 1016
f 57 971 968
f 77 1091 1088
f 86 1146 1142
f 88 1158 1154
f 98 1217 1214
f 68 1037 1034
f 48 918 914
f 78 1098 1094
f 93 1188 1184
f 69 1044 1040
f 101 1236 1232
f 97 1212 1208
f 82 1122 1118
f 50 930 926
f 89 1163 1160
f 64 1013 1010
f 53 948 944
f 74 1074 1070
f 84 1134 1130
f 90 1170 1166
f 63 1008 1004
f 55 960 956
f 76 1086 1082
f 87 1151 1148
f 72 1061 1058
f 49 923 920
f 79 1103 1100
f 96 1205 1202
f 102 1241 1238
f 91 1175 1172
f 67 1032 1028
f 56 966 962
f 75 1080 1076
f 83 1127 1124
f 66 1025 1022
f 54 953 950
f 73 1067 1064
f 85 1139 1136
f 92 1182 1178
f 71 1056 1052
f 100 1229 1226
f 94 1193 1190
f 80 1109 1106
f 51 936 932
f 116 1325 1321
f 108 1277 1273
f 106 1265 1261
f 112 1301 1297
f 115 1319 1315
f 119 1343 1339
f 156 1566 1562
f 139 1464 1460
f 160 1590 1586
f 120 1349 1345
f 149 1523 1519
f 132 1422 1418
f 128 1397 1393
f 145 1499 1495
f 148 1517 1513
f 155 1559 1555
f 133 1427 1423
f 134 1433 1429
f 157 1572 1568
f 124 1374 1370
f 44 892 894
f 43 885 887
f 45 897 899
f 46 903 905
f 47 910 912
f 52 939 941
f 70 1048 1050
f 99 1222 1224
f 95 1198 1200
f 81 1113 1115
f 59 982 984
f 58 975 977
f 60 987 989
f 61 993 995
f 62 1000 1002
f 65 1017 1019
f 57 969 971
f 77 1089 1091
f 86 1144 1146
f 88 1156 1158
f 98 1215 1217
f 68 1035 1037
f 48 916 918
f 78 1096 1098
f 93 1186 1188
f 69 1042 1044
f 101 1234 1236
f 97 1210 1212
f 82 1120 1122
f 50 928 930
f 89 1161 1163
f 64 1011 1013
f 53 946 948
f 74 1072 1074
f 84 1132 1134
f 90 1168 1170
f 63 1006 1008
f 55 958 960
f 76 1084 1086
f 87 1149 1151
f 72 1059 1061
f 49 921 923
f 79 1101 1103
f 96 1203 1205
f 102 1239 1241
f 91 1173 1175
f 67 1030 1032
f 56 964 966
f 75 1078 1080
f 83 1125 1127
f 66 1023 1025
f 54 951 953
f 73 1065 1067
f 85 1137 1139
f 92 1180 1182
f 71 1054 1056
f 100 1227 1229
f 94 1191 1193
f 80 1107 1109
f 51 934 936
f 116 1326 1325
f 108 1278 1277
f 106 1266 1265
f 112 1302 1301
f 115 1320 1319
f 119 1344 1343
f 156 1565 1566
f 139 1463 1464
f 160 1589 1590
f 120 1350 1349
f 149 1524 1523
f 132 1421 1422
f 128 1398 1397
f 145 1500 1499
f 148 1518 1517
f 155 1560 1559
f 133 1428 1427
f 134 1434 1433
f 157 1571 1572
f 124 1373 1374
f 44 889 892
f 43 883 885
f 45 895 897
f 46 901 903
f 47 907 910
f 52 937 939
f 70 1045 1048
f 99 1219 1222
f 95 1195 1198
f 81 1111 1113
f 59 979 982
f 58 973 975
f 60 985 987
f 61 991 993
f 62 997 1000
f 65 1015 1017
f 57 967 969
f 77 1087 1089
f 86 1141 1144
f 88 1153 1156
f 98 1213 1215
f 68 1033 1035
f 48 913 916
f 78 1093 1096
f 93 1183 1186
f 69 1039 1042
f 101 1231 1234
f 97 1207 1210
f 82 1117 1120
f 50 925 928
f 89 1159 1161
f 64 1009 1011
f 53 943 946
f 74 1069 1072
f 84 1129 1132
f 90 1165 1168
f 63 1003 1006
f 55 955 958
f 76 1081 1084
f 87 1147 1149
f 72 1057 1059
f 49 919 921
f 79 1099 1101
f 96 1201 1203
f 102 1237 1239
f 91 1171 1173
f 67 1027 1030
f 56 961 964
f 75 1075 1078
f 83 1123 1125
f 66 1021 1023
f 54 949 951
f 73 1063 1065
f 85 1135 1137
f 92 1177 1180
f 71 1051 1054
f 100 1225 1227
f 94 1189 1191
f 80 1105 1107
f 51 931 934
f 116 1322 1326
f 108 1274 1278
f 106 1262 1266
f 112 1298 1302
f 115 1316 1320
f 119 1340 1344
f 156 1561 1565
f 139 1459 1463
f 160 1585 1589
f 120 1346 1350
f 149 1520 1524
f 132 1417 1421
f 128 1394 1398
f 145 1496 1500
f 148 1514 1518
f 155 1556 1560
f 133 1424 1428
f 134 1430 1434
f 157 1567 1571
f 124 1369 1373
f 47 908 911
f 44 890 893
f 43 884 888
f 45 896 900
f 46 902 906
f 49 920 924
f 72 1058 1062
f 102 1238 1242
f 96 1202 1206
f 79 1100 1104
f 62 998 1001
f 59 980 983
f 58 974 978
f 60 986 990
f 61 992 996
f 66 1022 1026
f 54 950 954
f 73 1064 1068
f 85 1136 1140
f 92 1178 1181
f 101 1232 1235
f 69 1040 1043
f 50 926 929
f 82 1118 1121
f 97 1208 1211
f 71 1052 1055
f 100 1226 1230
f 94 1190 1194
f 80 1106 1110
f 51 932 935
f 90 1166 1169
f 63 1004 1007
f 55 956 959
f 76 1082 1085
f 87 1148 1152
f 91 1172 1176
f 67 1028 1031
f 56 962 965
f 75 1076 1079
f 83 1124 1128
f 68 1034 1038
f 48 914 917
f 78 1094 1097
f 93 1184 1187
f 98 1214 1218
f 88 1154 1157
f 65 1016 1020
f 57 968 972
f 77 1088 1092
f 86 1142 1145
f 64 1010 1014
f 53 944 947
f 74 1070 1073
f 84 1130 1133
f 89 1160 1164
f 70 1046 1049
f 99 1220 1223
f 95 1196 1199
f 81 1112 1116
f 52 938 942
f 109 1279 1283
f 105 1255 1259
f 111 1291 1295
f 114 1309 1313
f 117 1327 1331
f 125 1375 1379
f 152 1537 1541
f 137 1448 1452
f 158 1574 1578
f 123 1364 1368
f 143 1483 1487
f 127 1387 1391
f 135 1436 1440
f 147 1507 1511
f 150 1525 1529
f 153 1543 1547
f 140 1465 1469
f 138 1454 1458
f 159 1580 1584
f 122 1358 1362
f 107 1267 1269
f 103 1243 1245
f 104 1250 1252
f 110 1286 1288
f 113 1304 1306
f 118 1334 1336
f 154 1549 1551
f 141 1471 1473
f 162 1597 1599
f 121 1352 1354
f 142 1477 1479
f 129 1399 1401
f 130 1406 1408
f 144 1490 1492
f 146 1502 1504
f 151 1531 1533
f 131 1412 1414
f 136 1442 1444
f 161 1592 1594
f 126 1381 1383
f 116 1321 1323
f 108 1273 1275
f 106 1261 1263
f 112 1297 1299
f 115 1315 1317
f 119 1339 1341
f 156 1562 1564
f 139 1460 1462
f 160 1586 1588
f 120 1345 1347
f 149 1519 1521
f 132 1418 1420
f 128 1393 1395
f 145 1495 1497
f 148 1513 1515
f 155 1555 1557
f 133 1423 1425
f 134 1429 1431
f 157 1568 1570
f 124 1370 1372
f 109 1280 1282
f 105 1256 1258
f 111 1292 1294
f 114 1310 1312
f 117 1328 1330
f 125 1376 1378
f 152 1538 1540
f 137 1447 1449
f 158 1573 1575
f 123 1363 1365
f 143 1484 1486
f 127 1388 1390
f 135 1435 1437
f 147 1508 1510
f 150 1526 1528
f 153 1544 1546
f 140 1466 1468
f 138 1453 1455
f 159 1579 1581
f 122 1357 1359
f 107 1268 1272
f 103 1244 1248
f 104 1249 1253
f 110 1285 1289
f 113 1303 1307
f 118 1333 1337
f 154 1550 1554
f 141 1472 1476
f 162 1598 1602
f 121 1351 1355
f 142 1478 1482
f 129 1400 1404
f 130 1405 1409
f 144 1489 1493
f 146 1501 1505
f 151 1532 1536
f 131 1411 1415
f 136 1441 1445
f 161 1591 1595
f 126 1382 1386
f 47 911 909
f 44 893 891
f 43 888 886
f 45 900 898
f 46 906 904
f 49 924 922
f 72 1062 1060
f 102 1242 1240
f 96 1206 1204
f 79 1104 1102
f 62 1001 999
f 59 983 981
f 58 978 976
f 60 990 988
f 61 996 994
f 66 1026 1024
f 54 954 952
f 73 1068 1066
f 85 1140 1138
f 92 1181 1179
f 101 1235 1233
f 69 1043 1041
f 50 929 927
f 82 1121 1119
f 97 1211 1209
f 71 1055 1053
f 100 1230 1228
f 94 1194 1192
f 80 1110 1108
f 51 935 933
f 90 1169 1167
f 63 1007 1005
f 55 959 957
f 76 1085 1083
f 87 1152 1150
f 91 1176 1174
f 67 1031 1029
f 56 965 963
f 75 1079 1077
f 83 1128 1126
f 68 1038 1036
f 48 917 915
f 78 1097 1095
f 93 1187 1185
f 98 1218 1216
f 88 1157 1155
f 65 1020 1018
f 57 972 970
f 77 1092 1090
f 86 1145 1143
f 64 1014 1012
f 53 947 945
f 74 1073 1071
f 84 1133 1131
f 89 1164 1162
f 70 1049 1047
f 99 1223 1221
f 95 1199 1197
f 81 1116 1114
f 52 942 940
f 109 1283 1284
f 105 1259 1260
f 111 1295 1296
f 114 1313 1314
f 117 1331 1332
f 125 1379 1380
f 152 1541 1542
f 137 1452 1451
f 158 1578 1577
f 123 1368 1367
f 143 1487 1488
f 127 1391 1392
f 135 1440 1439
f 147 1511 1512
f 150 1529 1530
f 153 1547 1548
f 140 1469 1470
f 138 1458 1457
f 159 1584 1583
f 122 1362 1361
f 407 1609 1616
f 403 1605 1608
f 404 1611 1606
f 410 1614 1612
f 413 1617 1615
f 422 1631 1624
f 486 1688 1692
f 573 1775 1782
f 561 1763 1765
f 512 1719 1714
f 452 1654 1661
f 448 1650 1653
f 449 1656 1651
f 455 1659 1657
f 458 1662 1660
f 470 1672 1675
f 437 1646 1639
f 494 1706 1696
f 531 1735 1733
f 539 1741 1751
f 568 1770 1779
f 478 1680 1683
f 419 1621 1626
f 509 1711 1721
f 554 1756 1766
f 482 1684 1689
f 576 1780 1778
f 558 1767 1760
f 516 1722 1718
f 425 1627 1629
f 542 1744 1747
f 463 1668 1665
f 434 1636 1641
f 497 1699 1704
f 528 1730 1737
f 546 1748 1750
f 464 1666 1676
f 440 1642 1644
f 500 1705 1702
f 524 1736 1726
f 479 1691 1681
f 418 1623 1620
f 508 1713 1710
f 553 1764 1755
f 569 1781 1771
f 538 1749 1740
f 471 1677 1673
f 443 1645 1647
f 501 1703 1707
f 523 1725 1734
f 467 1674 1669
f 433 1638 1635
f 493 1695 1698
f 527 1732 1729
f 543 1752 1745
f 485 1690 1687
f 572 1777 1774
f 557 1759 1762
f 515 1717 1720
f 428 1630 1632
f 591 2191 2189
f 587 1885 1883
f 588 1901 1903
f 594 2279 2281
f 597 2315 2317
f 600 2171 2173
f 634 2160 2158
f 619 2016 2012
f 639 2214 2210
f 602 1919 1924
f 624 2137 2135
f 608 1978 1973
f 610 1991 1996
f 627 2225 2227
f 630 2302 2304
f 635 2178 2176
f 615 2153 2155
f 617 2009 2014
f 637 2207 2212
f 604 1926 1922
f 416 1857 1864
f 408 1803 1810
f 406 1786 1795
f 412 1822 1831
f 415 1840 1849
f 424 1876 1887
f 492 2182 2193
f 582 2312 2321
f 565 2276 2285
f 514 1898 1907
f 461 2091 2098
f 453 2037 2044
f 451 1952 1961
f 457 2056 2067
f 460 2074 2083
f 475 2128 2139
f 439 1966 1975
f 496 1988 1997
f 533 2222 2231
f 551 2293 2298
f 579 2185 2190
f 483 1879 1884
f 426 1893 1900
f 521 2271 2278
f 566 2307 2314
f 489 2163 2170
f 578 2150 2159
f 560 2006 2015
f 518 2204 2213
f 429 1911 1918
f 547 2131 2136
f 465 1969 1977
f 441 1983 1990
f 504 2217 2224
f 537 2290 2301
f 550 2168 2177
f 476 2145 2152
f 444 2001 2008
f 502 2199 2206
f 526 1916 1925
f 481 1808 1817
f 420 1789 1797
f 510 1825 1833
f 555 1843 1851
f 571 1862 1871
f 540 1933 1941
f 473 2110 2119
f 447 2020 2029
f 507 2236 2247
f 534 2257 2262
f 469 2042 2051
f 435 1947 1954
f 498 2059 2064
f 529 2077 2085
f 545 2096 2105
f 487 2113 2121
f 574 2023 2031
f 562 2239 2244
f 520 2254 2265
f 432 1930 1939
f 589 1818 1814
f 583 1798 1793
f 586 1834 1829
f 593 1852 1847
f 596 1872 1868
f 599 1942 1937
f 633 2120 2124
f 620 2030 2034
f 640 2248 2250
f 603 2263 2261
f 622 2052 2050
f 607 1955 1960
f 612 2065 2063
f 626 2086 2081
f 629 2106 2102
f 631 2122 2117
f 614 2032 2027
f 618 2245 2243
f 641 2266 2268
f 605 1940 1944
f 409 1813 1804
f 405 1792 1785
f 411 1828 1821
f 414 1846 1839
f 417 1867 1858
f 431 1936 1929
f 488 2123 2114
f 575 2033 2024
f 563 2249 2240
f 519 2260 2253
f 454 2049 2038
f 450 1959 1951
f 456 2062 2055
f 459 2080 2073
f 462 2101 2092
f 472 2116 2109
f 446 2026 2019
f 506 2242 2235
f 535 2267 2258
f 541 1943 1934
f 570 1869 1861
f 480 1815 1807
f 421 1799 1790
f 511 1835 1826
f 556 1853 1844
f 484 1889 1880
f 580 2195 2186
f 567 2319 2308
f 522 2283 2272
f 427 1905 1894
f 544 2103 2095
f 468 2046 2041
f 436 1957 1948
f 499 2069 2060
f 530 2087 2078
f 548 2141 2132
f 466 1979 1970
f 442 1993 1984
f 505 2229 2218
f 536 2296 2289
f 491 2188 2181
f 423 1882 1875
f 513 1902 1897
f 564 2280 2275
f 581 2316 2311
f 549 2172 2167
f 477 2157 2146
f 445 2011 2002
f 503 2209 2200
f 525 1923 1915
f 474 2134 2127
f 438 1972 1965
f 495 1995 1987
f 532 2226 2221
f 552 2303 2294
f 490 2175 2164
f 577 2154 2149
f 559 2013 2005
f 517 2211 2203
f 430 1921 1912
f 590 1865 1870
f 584 1811 1816
f 585 1796 1800
f 592 1832 1836
f 595 1850 1854
f 598 1888 1890
f 636 2194 2196
f 621 2322 2320
f 642 2286 2284
f 601 1908 1906
f 623 2099 2104
f 611 2045 2047
f 609 1962 1958
f 625 2068 2070
f 628 2084 2088
f 632 2140 2142
f 613 1976 1980
f 616 1998 1994
f 638 2232 2230
f 606 2299 2297
f 407 2330 2329
f 403 2324 2323
f 404 2325 2326
f 410 2332 2333
f 413 2335 2336
f 422 2344 2345
f 486 2410 2409
f 573 2497 2496
f 561 2486 2485
f 512 2434 2435
f 452 2375 2374
f 448 2369 2368
f 449 2370 2371
f 455 2377 2378
f 458 2380 2381
f 470 2393 2392
f 437 2359 2360
f 494 2415 2416
f 531 2455 2456
f 539 2461 2460
f 568 2489 2488
f 478 2399 2398
f 419 2341 2340
f 509 2431 2430
f 554 2476 2475
f 482 2405 2404
f 576 2500 2501
f 558 2481 2482
f 516 2439 2440
f 425 2348 2347
f 542 2465 2464
f 463 2383 2384
f 434 2356 2355
f 497 2420 2419
f 528 2452 2451
f 546 2471 2470
f 464 2386 2385
f 440 2363 2362
f 500 2422 2423
f 524 2445 2446
f 479 2400 2401
f 418 2338 2339
f 508 2428 2429
f 553 2473 2474
f 569 2490 2491
f 538 2458 2459
f 471 2394 2395
f 443 2366 2365
f 501 2425 2424
f 523 2444 2443
f 467 2389 2390
f 433 2353 2354
f 493 2414 2413
f 527 2449 2450
f 543 2466 2467
f 485 2407 2408
f 572 2494 2495
f 557 2480 2479
f 515 2438 2437
f 428 2351 2350
f 591 2510 2511
f 587 2504 2505
f 588 2508 2507
f 594 2514 2513
f 597 2517 2516
f 600 2520 2519
f 634 2554 2556
f 619 2539 2540
f 639 2560 2561
f 602 2523 2521
f 624 2543 2544
f 608 2527 2529
f 610 2532 2530
f 627 2547 2546
f 630 2550 2549
f 635 2552 2553
f 615 2535 2534
f 617 2538 2536
f 637 2558 2557
f 604 2524 2525
f 167 1607 647
f 164 1603 644
f 163 1604 643
f 165 1610 645
f 166 1613 646
f 169 1622 649
f 192 1686 672
f 222 1773 702
f 216 1761 696
f 199 1712 679
f 182 1652 662
f 179 1648 659
f 178 1649 658
f 180 1655 660
f 181 1658 661
f 186 1670 666
f 174 1637 654
f 193 1694 673
f 205 1731 685
f 212 1739 692
f 221 1768 701
f 189 1678 669
f 170 1619 650
f 202 1709 682
f 217 1754 697
f 191 1682 671
f 220 1776 700
f 214 1758 694
f 200 1716 680
f 171 1625 651
f 210 1742 690
f 183 1663 663
f 175 1634 655
f 196 1697 676
f 207 1728 687
f 211 1746 691
f 187 1664 667
f 176 1640 656
f 195 1700 675
f 203 1724 683
f 188 1679 668
f 168 1618 648
f 198 1708 678
f 213 1753 693
f 218 1769 698
f 208 1738 688
f 185 1671 665
f 177 1643 657
f 197 1701 677
f 206 1723 686
f 184 1667 664
f 173 1633 653
f 194 1693 674
f 204 1727 684
f 209 1743 689
f 190 1685 670
f 219 1772 699
f 215 1757 695
f 201 1715 681
f 172 1628 652
f 357 2187 837
f 255 1881 735
f 262 1899 742
f 388 2277 868
f 400 2313 880
f 352 2169 832
f 347 2156 827
f 298 2010 778
f 364 2208 844
f 269 1917 749
f 339 2133 819
f 285 1971 765
f 293 1989 773
f 370 2223 850
f 396 2300 876
f 353 2174 833
f 346 2151 826
f 299 2007 779
f 365 2205 845
f 268 1920 748
f 249 1855 729
f 231 1801 711
f 226 1784 706
f 238 1820 718
f 244 1838 724
f 257 1874 737
f 359 2180 839
f 402 2310 882
f 390 2274 870
f 264 1896 744
f 327 2089 807
f 309 2035 789
f 282 1950 762
f 317 2054 797
f 322 2072 802
f 341 2126 821
f 286 1964 766
f 294 1986 774
f 372 2220 852
f 394 2291 874
f 358 2183 838
f 256 1877 736
f 261 1891 741
f 387 2269 867
f 399 2305 879
f 351 2161 831
f 348 2148 828
f 300 2004 780
f 366 2202 846
f 267 1909 747
f 340 2129 820
f 287 1967 767
f 291 1981 771
f 369 2215 849
f 395 2288 875
f 354 2166 834
f 345 2143 825
f 297 1999 777
f 363 2197 843
f 270 1914 750
f 234 1806 714
f 227 1787 707
f 239 1823 719
f 245 1841 725
f 252 1860 732
f 275 1931 755
f 334 2108 814
f 304 2018 784
f 377 2234 857
f 382 2255 862
f 312 2040 792
f 279 1945 759
f 316 2057 796
f 323 2075 803
f 330 2094 810
f 335 2111 815
f 305 2021 785
f 376 2237 856
f 383 2252 863
f 274 1928 754
f 232 1812 712
f 225 1791 705
f 237 1827 717
f 243 1845 723
f 250 1866 730
f 273 1935 753
f 336 2118 816
f 306 2028 786
f 378 2246 858
f 381 2259 861
f 311 2048 791
f 281 1953 761
f 315 2061 795
f 321 2079 801
f 328 2100 808
f 333 2115 813
f 303 2025 783
f 375 2241 855
f 384 2264 864
f 276 1938 756
f 229 1802 709
f 223 1783 703
f 235 1819 715
f 241 1837 721
f 247 1856 727
f 271 1927 751
f 332 2112 812
f 302 2022 782
f 374 2238 854
f 379 2251 859
f 307 2036 787
f 278 1949 758
f 313 2053 793
f 319 2071 799
f 325 2090 805
f 331 2107 811
f 301 2017 781
f 373 2233 853
f 380 2256 860
f 272 1932 752
f 248 1859 728
f 230 1805 710
f 224 1788 704
f 236 1824 716
f 242 1842 722
f 254 1878 734
f 356 2184 836
f 397 2306 877
f 385 2270 865
f 259 1892 739
f 326 2093 806
f 308 2039 788
f 277 1946 757
f 314 2058 794
f 320 2076 800
f 338 2130 818
f 284 1968 764
f 289 1982 769
f 367 2216 847
f 391 2287 871
f 355 2179 835
f 253 1873 733
f 260 1895 740
f 386 2273 866
f 398 2309 878
f 350 2165 830
f 343 2144 823
f 295 2000 775
f 361 2198 841
f 266 1913 746
f 337 2125 817
f 283 1963 763
f 290 1985 770
f 368 2219 848
f 392 2292 872
f 349 2162 829
f 344 2147 824
f 296 2003 776
f 362 2201 842
f 265 1910 745
f 251 1863 731
f 233 1809 713
f 228 1794 708
f 240 1830 720
f 246 1848 726
f 258 1886 738
f 360 2192 840
f 401 2318 881
f 389 2282 869
f 263 1904 743
f 329 2097 809
f 310 2043 790
f 280 1956 760
f 318 2066 798
f 324 2082 804
f 342 2138 822
f 288 1974 768
f 292 1992 772
f 371 2228 851
f 393 2295 873
f 409 2331 1269
f 405 2327 1245
f 411 2328 1252
f 414 2334 1288
f 417 2337 1306
f 431 2346 1336
f 488 2412 1551
f 575 2499 1473
f 563 2487 1599
f 519 2436 1354
f 454 2376 1479
f 450 2372 1401
f 456 2373 1408
f 459 2379 1492
f 462 2382 1504
f 472 2396 1533
f 446 2361 1414
f 506 2418 1444
f 535 2457 1594
f 541 2463 1383
f 570 2492 1323
f 480 2402 1275
f 421 2343 1263
f 511 2433 1299
f 556 2478 1317
f 484 2406 1341
f 580 2502 1564
f 567 2484 1462
f 522 2442 1588
f 427 2349 1347
f 544 2468 1521
f 468 2387 1420
f 436 2358 1395
f 499 2421 1497
f 530 2454 1515
f 548 2472 1557
f 466 2388 1425
f 442 2364 1431
f 505 2426 1570
f 536 2448 1372
f 491 2403 1282
f 423 2342 1258
f 513 2432 1294
f 564 2477 1312
f 581 2493 1330
f 549 2462 1378
f 477 2397 1540
f 445 2367 1449
f 503 2427 1575
f 525 2447 1365
f 474 2391 1486
f 438 2357 1390
f 495 2417 1437
f 532 2453 1510
f 552 2469 1528
f 490 2411 1546
f 577 2498 1468
f 559 2483 1455
f 517 2441 1581
f 430 2352 1359
f 590 2509 1272
f 584 2503 1248
f 585 2506 1253
f 592 2512 1289
f 595 2515 1307
f 598 2518 1337
f 636 2555 1554
f 621 2541 1476
f 642 2562 1602
f 601 2522 1355
f 623 2542 1482
f 611 2528 1404
f 609 2531 1409
f 625 2545 1493
f 628 2548 1505
f 632 2551 1536
f 613 2533 1415
f 616 2537 1445
f 638 2559 1595
f 606 2526 1386
f 407 1616 909
f 403 1608 891
f 404 1606 886
f 410 1612 898
f 413 1615 904
f 422 1624 922
f 486 1692 1060
f 573 1782 1240
f 561 1765 1204
f 512 1714 1102
f 452 1661 999
f 448 1653 981
f 449 1651 976
f 455 1657 988
f 458 1660 994
f 470 1675 1024
f 437 1639 952
f 494 1696 1066
f 531 1733 1138
f 539 1751 1179
f 568 1779 1233
f 478 1683 1041
f 419 1626 927
f 509 1721 1119
f 554 1766 1209
f 482 1689 1053
f 576 1778 1228
f 558 1760 1192
f 516 1718 1108
f 425 1629 933
f 542 1747 1167
f 463 1665 1005
f 434 1641 957
f 497 1704 1083
f 528 1737 1150
f 546 1750 1174
f 464 1676 1029
f 440 1644 963
f 500 1702 1077
f 524 1726 1126
f 479 1681 1036
f 418 1620 915
f 508 1710 1095
f 553 1755 1185
f 569 1771 1216
f 538 1740 1155
f 471 1673 1018
f 443 1647 970
f 501 1707 1090
f 523 1734 1143
f 467 1669 1012
f 433 1635 945
f 493 1698 1071
f 527 1729 1131
f 543 1745 1162
f 485 1687 1047
f 572 1774 1221
f 557 1762 1197
f 515 1720 1114
f 428 1632 940
f 591 2189 1284
f 587 1883 1260
f 588 1903 1296
f 594 2281 1314
f 597 2317 1332
f 600 2173 1380
f 634 2158 1542
f 619 2012 1451
f 639 2210 1577
f 602 1924 1367
f 624 2135 1488
f 608 1973 1392
f 610 1996 1439
f 627 2227 1512
f 630 2304 1530
f 635 2176 1548
f 615 2155 1470
f 617 2014 1457
f 637 2212 1583
f 604 1922 1361
f 416 1864 1270
f 408 1810 1246
f 406 1795 1251
f 412 1831 1287
f 415 1849 1305
f 424 1887 1335
f 492 2193 1552
f 582 2321 1474
f 565 2285 1600
f 514 1907 1353
f 461 2098 1480
f 453 2044 1402
f 451 1961 1407
f 457 2067 1491
f 460 2083 1503
f 475 2139 1534
f 439 1975 1413
f 496 1997 1443
f 533 2231 1593
f 551 2298 1384
f 579 2190 1324
f 483 1884 1276
f 426 1900 1264
f 521 2278 1300
f 566 2314 1318
f 489 2170 1342
f 578 2159 1563
f 560 2015 1461
f 518 2213 1587
f 429 1918 1348
f 547 2136 1522
f 465 1977 1419
f 441 1990 1396
f 504 2224 1498
f 537 2301 1516
f 550 2177 1558
f 476 2152 1426
f 444 2008 1432
f 502 2206 1569
f 526 1925 1371
f 481 1817 1281
f 420 1797 1257
f 510 1833 1293
f 555 1851 1311
f 571 1871 1329
f 540 1941 1377
f 473 2119 1539
f 447 2029 1450
f 507 2247 1576
f 534 2262 1366
f 469 2051 1485
f 435 1954 1389
f 498 2064 1438
f 529 2085 1509
f 545 2105 1527
f 487 2121 1545
f 574 2031 1467
f 562 2244 1456
f 520 2265 1582
f 432 1939 1360
f 589 1814 1271
f 583 1793 1247
f 586 1829 1254
f 593 1847 1290
f 596 1868 1308
f 599 1937 1338
f 633 2124 1553
f 620 2034 1475
f 640 2250 1601
f 603 2261 1356
f 622 2050 1481
f 607 1960 1403
f 612 2063 1410
f 626 2081 1494
f 629 2102 1506
f 631 2117 1535
f 614 2027 1416
f 618 2243 1446
f 641 2268 1596
f 605 1944 1385
f 409 1804 894
f 405 1785 887
f 411 1821 899
f 414 1839 905
f 417 1858 912
f 431 1929 941
f 488 2114 1050
f 575 2024 1224
f 563 2240 1200
f 519 2253 1115
f 454 2038 984
f 450 1951 977
f 456 2055 989
f 459 2073 995
f 462 2092 1002
f 472 2109 1019
f 446 2019 971
f 506 2235 1091
f 535 2258 1146
f 541 1934 1158
f 570 1861 1217
f 480 1807 1037
f 421 1790 918
f 511 1826 1098
f 556 1844 1188
f 484 1880 1044
f 580 2186 1236
f 567 2308 1212
f 522 2272 1122
f 427 1894 930
f 544 2095 1163
f 468 2041 1013
f 436 1948 948
f 499 2060 1074
f 530 2078 1134
f 548 2132 1170
f 466 1970 1008
f 442 1984 960
f 505 2218 1086
f 536 2289 1151
f 491 2181 1061
f 423 1875 923
f 513 1897 1103
f 564 2275 1205
f 581 2311 1241
f 549 2167 1175
f 477 2146 1032
f 445 2002 966
f 503 2200 1080
f 525 1915 1127
f 474 2127 1025
f 438 1965 953
f 495 1987 1067
f 532 2221 1139
f 552 2294 1182
f 490 2164 1056
f 577 2149 1229
f 559 2005 1193
f 517 2203 1109
f 430 1912 936
f 590 1870 1325
f 584 1816 1277
f 585 1800 1265
f 592 1836 1301
f 595 1854 1319
f 598 1890 1343
f 636 2196 1566
f 621 2320 1464
f 642 2284 1590
f 601 1906 1349
f 623 2104 1523
f 611 2047 1422
f 609 1958 1397
f 625 2070 1499
f 628 2088 1517
f 632 2142 1559
f 613 1980 1427
f 616 1994 1433
f 638 2230 1572
f 606 2297 1374
f 407 2329 892
f 403 2323 885
f 404 2326 897
f 410 2333 903
f 413 2336 910
f 422 2345 939
f 486 2409 1048
f 573 2496 1222
f 561 2485 1198
f 512 2435 1113
f 452 2374 982
f 448 2368 975
f 449 2371 987
f 455 2378 993
f 458 2381 1000
f 470 2392 1017
f 437 2360 969
f 494 2416 1089
f 531 2456 1144
f 539 2460 1156
f 568 2488 1215
f 478 2398 1035
f 419 2340 916
f 509 2430 1096
f 554 2475 1186
f 482 2404 1042
f 576 2501 1234
f 558 2482 1210
f 516 2440 1120
f 425 2347 928
f 542 2464 1161
f 463 2384 1011
f 434 2355 946
f 497 2419 1072
f 528 2451 1132
f 546 2470 1168
f 464 2385 1006
f 440 2362 958
f 500 2423 1084
f 524 2446 1149
f 479 2401 1059
f 418 2339 921
f 508 2429 1101
f 553 2474 1203
f 569 2491 1239
f 538 2459 1173
f 471 2395 1030
f 443 2365 964
f 501 2424 1078
f 523 2443 1125
f 467 2390 1023
f 433 2354 951
f 493 2413 1065
f 527 2450 1137
f 543 2467 1180
f 485 2408 1054
f 572 2495 1227
f 557 2479 1191
f 515 2437 1107
f 428 2350 934
f 591 2511 1326
f 587 2505 1278
f 588 2507 1266
f 594 2513 1302
f 597 2516 1320
f 600 2519 1344
f 634 2556 1565
f 619 2540 1463
f 639 2561 1589
f 602 2521 1350
f 624 2544 1524
f 608 2529 1421
f 610 2530 1398
f 627 2546 1500
f 630 2549 1518
f 635 2553 1560
f 615 2534 1428
f 617 2536 1434
f 637 2557 1571
f 604 2525 1373
f 164 1609 889
f 163 1605 883
f 165 1611 895
f 166 1614 901
f 167 1617 907
f 172 1631 937
f 190 1688 1045
f 219 1775 1219
f 215 1763 1195
f 201 1719 1111
f 179 1654 979
f 178 1650 973
f 180 1656 985
f 181 1659 991
f 182 1662 997
f 185 1672 1015
f 177 1646 967
f 197 1706 1087
f 206 1735 1141
f 208 1741 1153
f 218 1770 1213
f 188 1680 1033
f 168 1621 913
f 198 1711 1093
f 213 1756 1183
f 189 1684 1039
f 221 1780 1231
f 217 1767 1207
f 202 1722 1117
f 170 1627 925
f 209 1744 1159
f 184 1668 1009
f 173 1636 943
f 194 1699 1069
f 204 1730 1129
f 210 1748 1165
f 183 1666 1003
f 175 1642 955
f 196 1705 1081
f 207 1736 1147
f 192 1691 1057
f 169 1623 919
f 199 1713 1099
f 216 1764 1201
f 222 1781 1237
f 211 1749 1171
f 187 1677 1027
f 176 1645 961
f 195 1703 1075
f 203 1725 1123
f 186 1674 1021
f 174 1638 949
f 193 1695 1063
f 205 1732 1135
f 212 1752 1177
f 191 1690 1051
f 220 1777 1225
f 214 1759 1189
f 200 1717 1105
f 171 1630 931
f 358 2191 1322
f 256 1885 1274
f 261 1901 1262
f 387 2279 1298
f 399 2315 1316
f 351 2171 1340
f 348 2160 1561
f 300 2016 1459
f 366 2214 1585
f 267 1919 1346
f 340 2137 1520
f 287 1978 1417
f 291 1991 1394
f 369 2225 1496
f 395 2302 1514
f 354 2178 1556
f 345 2153 1424
f 297 2009 1430
f 363 2207 1567
f 270 1926 1369
f 247 1857 908
f 229 1803 890
f 223 1786 884
f 235 1822 896
f 241 1840 902
f 253 1876 920
f 355 2182 1058
f 398 2312 1238
f 386 2276 1202
f 260 1898 1100
f 325 2091 998
f 307 2037 980
f 278 1952 974
f 313 2056 986
f 319 2074 992
f 337 2128 1022
f 283 1966 950
f 290 1988 1064
f 368 2222 1136
f 392 2293 1178
f 356 2185 1232
f 254 1879 1040
f 259 1893 926
f 385 2271 1118
f 397 2307 1208
f 349 2163 1052
f 344 2150 1226
f 296 2006 1190
f 362 2204 1106
f 265 1911 932
f 338 2131 1166
f 284 1969 1004
f 289 1983 956
f 367 2217 1082
f 391 2290 1148
f 350 2168 1172
f 343 2145 1028
f 295 2001 962
f 361 2199 1076
f 266 1916 1124
f 230 1808 1034
f 224 1789 914
f 236 1825 1094
f 242 1843 1184
f 248 1862 1214
f 272 1933 1154
f 331 2110 1016
f 301 2020 968
f 373 2236 1088
f 380 2257 1142
f 308 2042 1010
f 277 1947 944
f 314 2059 1070
f 320 2077 1130
f 326 2096 1160
f 332 2113 1046
f 302 2023 1220
f 374 2239 1196
f 379 2254 1112
f 271 1930 938
f 234 1818 1279
f 227 1798 1255
f 239 1834 1291
f 245 1852 1309
f 252 1872 1327
f 275 1942 1375
f 334 2120 1537
f 304 2030 1448
f 377 2248 1574
f 382 2263 1364
f 312 2052 1483
f 279 1955 1387
f 316 2065 1436
f 323 2086 1507
f 330 2106 1525
f 335 2122 1543
f 305 2032 1465
f 376 2245 1454
f 383 2266 1580
f 274 1940 1358
f 232 1813 1267
f 225 1792 1243
f 237 1828 1250
f 243 1846 1286
f 250 1867 1304
f 273 1936 1334
f 336 2123 1549
f 306 2033 1471
f 378 2249 1597
f 381 2260 1352
f 311 2049 1477
f 281 1959 1399
f 315 2062 1406
f 321 2080 1490
f 328 2101 1502
f 333 2116 1531
f 303 2026 1412
f 375 2242 1442
f 384 2267 1592
f 276 1943 1381
f 251 1869 1321
f 233 1815 1273
f 228 1799 1261
f 240 1835 1297
f 246 1853 1315
f 258 1889 1339
f 360 2195 1562
f 401 2319 1460
f 389 2283 1586
f 263 1905 1345
f 329 2103 1519
f 310 2046 1418
f 280 1957 1393
f 318 2069 1495
f 324 2087 1513
f 342 2141 1555
f 288 1979 1423
f 292 1993 1429
f 371 2229 1568
f 393 2296 1370
f 357 2188 1280
f 255 1882 1256
f 262 1902 1292
f 388 2280 1310
f 400 2316 1328
f 352 2172 1376
f 347 2157 1538
f 298 2011 1447
f 364 2209 1573
f 269 1923 1363
f 339 2134 1484
f 285 1972 1388
f 293 1995 1435
f 370 2226 1508
f 396 2303 1526
f 353 2175 1544
f 346 2154 1466
f 299 2013 1453
f 365 2211 1579
f 268 1921 1357
f 249 1865 1268
f 231 1811 1244
f 226 1796 1249
f 238 1832 1285
f 244 1850 1303
f 257 1888 1333
f 359 2194 1550
f 402 2322 1472
f 390 2286 1598
f 264 1908 1351
f 327 2099 1478
f 309 2045 1400
f 282 1962 1405
f 317 2068 1489
f 322 2084 1501
f 341 2140 1532
f 286 1976 1411
f 294 1998 1441
f 372 2232 1591
f 394 2299 1382
f 416 2330 911
f 408 2324 893
f 406 2325 888
f 412 2332 900
f 415 2335 906
f 424 2344 924
f 492 2410 1062
f 582 2497 1242
f 565 2486 1206
f 514 2434 1104
f 461 2375 1001
f 453 2369 983
f 451 2370 978
f 457 2377 990
f 460 2380 996
f 475 2393 1026
f 439 2359 954
f 496 2415 1068
f 533 2455 1140
f 551 2461 1181
f 579 2489 1235
f 483 2399 1043
f 426 2341 929
f 521 2431 1121
f 566 2476 1211
f 489 2405 1055
f 578 2500 1230
f 560 2481 1194
f 518 2439 1110
f 429 2348 935
f 547 2465 1169
f 465 2383 1007
f 441 2356 959
f 504 2420 1085
f 537 2452 1152
f 550 2471 1176
f 476 2386 1031
f 444 2363 965
f 502 2422 1079
f 526 2445 1128
f 481 2400 1038
f 420 2338 917
f 510 2428 1097
f 555 2473 1187
f 571 2490 1218
f 540 2458 1157
f 473 2394 1020
f 447 2366 972
f 507 2425 1092
f 534 2444 1145
f 469 2389 1014
f 435 2353 947
f 498 2414 1073
f 529 2449 1133
f 545 2466 1164
f 487 2407 1049
f 574 2494 1223
f 562 2480 1199
f 520 2438 1116
f 432 2351 942
f 589 2510 1283
f 583 2504 1259
f 586 2508 1295
f 593 2514 1313
f 596 2517 1331
f 599 2520 1379
f 633 2554 1541
f 620 2539 1452
f 640 2560 1578
f 603 2523 1368
f 622 2543 1487
f 607 2527 1391
f 612 2532 1440
f 626 2547 1511
f 629 2550 1529
f 631 2552 1547
f 614 2535 1469
f 618 2538 1458
f 641 2558 1584
f 605 2524 1362
f 164 1607 1609
f 163 1603 1605
f 165 1604 1611
f 166 1610 1614
f 167 1613 1617
f 172 1622 1631
f 190 1686 1688
f 219 1773 1775
f 215 1761 1763
f 201 1712 1719
f 179 1652 1654
f 178 1648 1650
f 180 1649 1656
f 181 1655 1659
f 182 1658 1662
f 185 1670 1672
f 177 1637 1646
f 197 1694 1706
f 206 1731 1735
f 208 1739 1741
f 218 1768 1770
f 188 1678 1680
f 168 1619 1621
f 198 1709 1711
f 213 1754 1756
f 189 1682 1684
f 221 1776 1780
f 217 1758 1767
f 202 1716 1722
f 170 1625 1627
f 209 1742 1744
f 184 1663 1668
f 173 1634 1636
f 194 1697 1699
f 204 1728 1730
f 210 1746 1748
f 183 1664 1666
f 175 1640 1642
f 196 1700 1705
f 207 1724 1736
f 192 1679 1691
f 169 1618 1623
f 199 1708 1713
f 216 1753 1764
f 222 1769 1781
f 211 1738 1749
f 187 1671 1677
f 176 1643 1645
f 195 1701 1703
f 203 1723 1725
f 186 1667 1674
f 174 1633 1638
f 193 1693 1695
f 205 1727 1732
f 212 1743 1752
f 191 1685 1690
f 220 1772 1777
f 214 1757 1759
f 200 1715 1717
f 171 1628 1630
f 358 2187 2191
f 256 1881 1885
f 261 1899 1901
f 387 2277 2279
f 399 2313 2315
f 351 2169 2171
f 348 2156 2160
f 300 2010 2016
f 366 2208 2214
f 267 1917 1919
f 340 2133 2137
f 287 1971 1978
f 291 1989 1991
f 369 2223 2225
f 395 2300 2302
f 354 2174 2178
f 345 2151 2153
f 297 2007 2009
f 363 2205 2207
f 270 1920 1926
f 247 1855 1857
f 229 1801 1803
f 223 1784 1786
f 235 1820 1822
f 241 1838 1840
f 253 1874 1876
f 355 2180 2182
f 398 2310 2312
f 386 2274 2276
f 260 1896 1898
f 325 2089 2091
f 307 2035 2037
f 278 1950 1952
f 313 2054 2056
f 319 2072 2074
f 337 2126 2128
f 283 1964 1966
f 290 1986 1988
f 368 2220 2222
f 392 2291 2293
f 356 2183 2185
f 254 1877 1879
f 259 1891 1893
f 385 2269 2271
f 397 2305 2307
f 349 2161 2163
f 344 2148 2150
f 296 2004 2006
f 362 2202 2204
f 265 1909 1911
f 338 2129 2131
f 284 1967 1969
f 289 1981 1983
f 367 2215 2217
f 391 2288 2290
f 350 2166 2168
f 343 2143 2145
f 295 1999 2001
f 361 2197 2199
f 266 1914 1916
f 230 1806 1808
f 224 1787 1789
f 236 1823 1825
f 242 1841 1843
f 248 1860 1862
f 272 1931 1933
f 331 2108 2110
f 301 2018 2020
f 373 2234 2236
f 380 2255 2257
f 308 2040 2042
f 277 1945 1947
f 314 2057 2059
f 320 2075 2077
f 326 2094 2096
f 332 2111 2113
f 302 2021 2023
f 374 2237 2239
f 379 2252 2254
f 271 1928 1930
f 234 1812 1818
f 227 1791 1798
f 239 1827 1834
f 245 1845 1852
f 252 1866 1872
f 275 1935 1942
f 334 2118 2120
f 304 2028 2030
f 377 2246 2248
f 382 2259 2263
f 312 2048 2052
f 279 1953 1955
f 316 2061 2065
f 323 2079 2086
f 330 2100 2106
f 335 2115 2122
f 305 2025 2032
f 376 2241 2245
f 383 2264 2266
f 274 1938 1940
f 232 1802 1813
f 225 1783 1792
f 237 1819 1828
f 243 1837 1846
f 250 1856 1867
f 273 1927 1936
f 336 2112 2123
f 306 2022 2033
f 378 2238 2249
f 381 2251 2260
f 311 2036 2049
f 281 1949 1959
f 315 2053 2062
f 321 2071 2080
f 328 2090 2101
f 333 2107 2116
f 303 2017 2026
f 375 2233 2242
f 384 2256 2267
f 276 1932 1943
f 251 1859 1869
f 233 1805 1815
f 228 1788 1799
f 240 1824 1835
f 246 1842 1853
f 258 1878 1889
f 360 2184 2195
f 401 2306 2319
f 389 2270 2283
f 263 1892 1905
f 329 2093 2103
f 310 2039 2046
f 280 1946 1957
f 318 2058 2069
f 324 2076 2087
f 342 2130 2141
f 288 1968 1979
f 292 1982 1993
f 371 2216 2229
f 393 2287 2296
f 357 2179 2188
f 255 1873 1882
f 262 1895 1902
f 388 2273 2280
f 400 2309 2316
f 352 2165 2172
f 347 2144 2157
f 298 2000 2011
f 364 2198 2209
f 269 1913 1923
f 339 2125 2134
f 285 1963 1972
f 293 1985 1995
f 370 2219 2226
f 396 2292 2303
f 353 2162 2175
f 346 2147 2154
f 299 2003 2013
f 365 2201 2211
f 268 1910 1921
f 249 1863 1865
f 231 1809 1811
f 226 1794 1796
f 238 1830 1832
f 244 1848 1850
f 257 1886 1888
f 359 2192 2194
f 402 2318 2322
f 390 2282 2286
f 264 1904 1908
f 327 2097 2099
f 309 2043 2045
f 282 1956 1962
f 317 2066 2068
f 322 2082 2084
f 341 2138 2140
f 286 1974 1976
f 294 1992 1998
f 372 2228 2232
f 394 2295 2299
f 416 2331 2330
f 408 2327 2324
f 406 2328 2325
f 412 2334 2332
f 415 2337 2335
f 424 2346 2344
f 492 2412 2410
f 582 2499 2497
f 565 2487 2486
f 514 2436 2434
f 461 2376 2375
f 453 2372 2369
f 451 2373 2370
f 457 2379 2377
f 460 2382 2380
f 475 2396 2393
f 439 2361 2359
f 496 2418 2415
f 533 2457 2455
f 551 2463 2461
f 579 2492 2489
f 483 2402 2399
f 426 2343 2341
f 521 2433 2431
f 566 2478 2476
f 489 2406 2405
f 578 2502 2500
f 560 2484 2481
f 518 2442 2439
f 429 2349 2348
f 547 2468 2465
f 465 2387 2383
f 441 2358 2356
f 504 2421 2420
f 537 2454 2452
f 550 2472 2471
f 476 2388 2386
f 444 2364 2363
f 502 2426 2422
f 526 2448 2445
f 481 2403 2400
f 420 2342 2338
f 510 2432 2428
f 555 2477 2473
f 571 2493 2490
f 540 2462 2458
f 473 2397 2394
f 447 2367 2366
f 507 2427 2425
f 534 2447 2444
f 469 2391 2389
f 435 2357 2353
f 498 2417 2414
f 529 2453 2449
f 545 2469 2466
f 487 2411 2407
f 574 2498 2494
f 562 2483 2480
f 520 2441 2438
f 432 2352 2351
f 589 2509 2510
f 583 2503 2504
f 586 2506 2508
f 593 2512 2514
f 596 2515 2517
f 599 2518 2520
f 633 2555 2554
f 620 2541 2539
f 640 2562 2560
f 603 2522 2523
f 622 2542 2543
f 607 2528 2527
f 612 2531 2532
f 626 2545 2547
f 629 2548 2550
f 631 2551 2552
f 614 2533 2535
f 618 2537 2538
f 641 2559 2558
f 605 2526 2524
f 164 644 1607
f 163 643 1603
f 165 645 1604
f 166 646 1610
f 167 647 1613
f 172 652 1622
f 190 670 1686
f 219 699 1773
f 215 695 1761
f 201 681 1712
f 179 659 1652
f 178 658 1648
f 180 660 1649
f 181 661 1655
f 182 662 1658
f 185 665 1670
f 177 657 1637
f 197 677 1694
f 206 686 1731
f 208 688 1739
f 218 698 1768
f 188 668 1678
f 168 648 1619
f 198 678 1709
f 213 693 1754
f 189 669 1682
f 221 701 1776
f 217 697 1758
f 202 682 1716
f 170 650 1625
f 209 689 1742
f 184 664 1663
f 173 653 1634
f 194 674 1697
f 204 684 1728
f 210 690 1746
f 183 663 1664
f 175 655 1640
f 196 676 1700
f 207 687 1724
f 192 672 1679
f 169 649 1618
f 199 679 1708
f 216 696 1753
f 222 702 1769
f 211 691 1738
f 187 667 1671
f 176 656 1643
f 195 675 1701
f 203 683 1723
f 186 666 1667
f 174 654 1633
f 193 673 1693
f 205 685 1727
f 212 692 1743
f 191 671 1685
f 220 700 1772
f 214 694 1757
f 200 680 1715
f 171 651 1628
f 358 838 2187
f 256 736 1881
f 261 741 1899
f 387 867 2277
f 399 879 2313
f 351 831 2169
f 348 828 2156
f 300 780 2010
f 366 846 2208
f 267 747 1917
f 340 820 2133
f 287 767 1971
f 291 771 1989
f 369 849 2223
f 395 875 2300
f 354 834 2174
f 345 825 2151
f 297 777 2007
f 363 843 2205
f 270 750 1920
f 247 727 1855
f 229 709 1801
f 223 703 1784
f 235 715 1820
f 241 721 1838
f 253 733 1874
f 355 835 2180
f 398 878 2310
f 386 866 2274
f 260 740 1896
f 325 805 2089
f 307 787 2035
f 278 758 1950
f 313 793 2054
f 319 799 2072
f 337 817 2126
f 283 763 1964
f 290 770 1986
f 368 848 2220
f 392 872 2291
f 356 836 2183
f 254 734 1877
f 259 739 1891
f 385 865 2269
f 397 877 2305
f 349 829 2161
f 344 824 2148
f 296 776 2004
f 362 842 2202
f 265 745 1909
f 338 818 2129
f 284 764 1967
f 289 769 1981
f 367 847 2215
f 391 871 2288
f 350 830 2166
f 343 823 2143
f 295 775 1999
f 361 841 2197
f 266 746 1914
f 230 710 1806
f 224 704 1787
f 236 716 1823
f 242 722 1841
f 248 728 1860
f 272 752 1931
f 331 811 2108
f 301 781 2018
f 373 853 2234
f 380 860 2255
f 308 788 2040
f 277 757 1945
f 314 794 2057
f 320 800 2075
f 326 806 2094
f 332 812 2111
f 302 782 2021
f 374 854 2237
f 379 859 2252
f 271 751 1928
f 234 714 1812
f 227 707 1791
f 239 719 1827
f 245 725 1845
f 252 732 1866
f 275 755 1935
f 334 814 2118
f 304 784 2028
f 377 857 2246
f 382 862 2259
f 312 792 2048
f 279 759 1953
f 316 796 2061
f 323 803 2079
f 330 810 2100
f 335 815 2115
f 305 785 2025
f 376 856 2241
f 383 863 2264
f 274 754 1938
f 232 712 1802
f 225 705 1783
f 237 717 1819
f 243 723 1837
f 250 730 1856
f 273 753 1927
f 336 816 2112
f 306 786 2022
f 378 858 2238
f 381 861 2251
f 311 791 2036
f 281 761 1949
f 315 795 2053
f 321 801 2071
f 328 808 2090
f 333 813 2107
f 303 783 2017
f 375 855 2233
f 384 864 2256
f 276 756 1932
f 251 731 1859
f 233 713 1805
f 228 708 1788
f 240 720 1824
f 246 726 1842
f 258 738 1878
f 360 840 2184
f 401 881 2306
f 389 869 2270
f 263 743 1892
f 329 809 2093
f 310 790 2039
f 280 760 1946
f 318 798 2058
f 324 804 2076
f 342 822 2130
f 288 768 1968
f 292 772 1982
f 371 851 2216
f 393 873 2287
f 357 837 2179
f 255 735 1873
f 262 742 1895
f 388 868 2273
f 400 880 2309
f 352 832 2165
f 347 827 2144
f 298 778 2000
f 364 844 2198
f 269 749 1913
f 339 819 2125
f 285 765 1963
f 293 773 1985
f 370 850 2219
f 396 876 2292
f 353 833 2162
f 346 826 2147
f 299 779 2003
f 365 845 2201
f 268 748 1910
f 249 729 1863
f 231 711 1809
f 226 706 1794
f 238 718 1830
f 244 724 1848
f 257 737 1886
f 359 839 2192
f 402 882 2318
f 390 870 2282
f 264 744 1904
f 327 807 2097
f 309 789 2043
f 282 762 1956
f 317 797 2066
f 322 802 2082
f 341 821 2138
f 286 766 1974
f 294 774 1992
f 372 852 2228
f 394 874 2295
f 416 1270 2331
f 408 1246 2327
f 406 1251 2328
f 412 1287 2334
f 415 1305 2337
f 424 1335 2346
f 492 1552 2412
f 582 1474 2499
f 565 1600 2487
f 514 1353 2436
f 461 1480 2376
f 453 1402 2372
f 451 1407 2373
f 457 1491 2379
f 460 1503 2382
f 475 1534 2396
f 439 1413 2361
f 496 1443 2418
f 533 1593 2457
f 551 1384 2463
f 579 1324 2492
f 483 1276 2402
f 426 1264 2343
f 521 1300 2433
f 566 1318 2478
f 489 1342 2406
f 578 1563 2502
f 560 1461 2484
f 518 1587 2442
f 429 1348 2349
f 547 1522 2468
f 465 1419 2387
f 441 1396 2358
f 504 1498 2421
f 537 1516 2454
f 550 1558 2472
f 476 1426 2388
f 444 1432 2364
f 502 1569 2426
f 526 1371 2448
f 481 1281 2403
f 420 1257 2342
f 510 1293 2432
f 555 1311 2477
f 571 1329 2493
f 540 1377 2462
f 473 1539 2397
f 447 1450 2367
f 507 1576 2427
f 534 1366 2447
f 469 1485 2391
f 435 1389 2357
f 498 1438 2417
f 529 1509 2453
f 545 1527 2469
f 487 1545 2411
f 574 1467 2498
f 562 1456 2483
f 520 1582 2441
f 432 1360 2352
f 589 1271 2509
f 583 1247 2503
f 586 1254 2506
f 593 1290 2512
f 596 1308 2515
f 599 1338 2518
f 633 1553 2555
f 620 1475 2541
f 640 1601 2562
f 603 1356 2522
f 622 1481 2542
f 607 1403 2528
f 612 1410 2531
f 626 1494 2545
f 629 1506 2548
f 631 1535 2551
f 614 1416 2533
f 618 1446 2537
f 641 1596 2559
f 605 1385 2526
f 167 907 1616
f 164 889 1608
f 163 883 1606
f 165 895 1612
f 166 901 1615
f 169 919 1624
f 192 1057 1692
f 222 1237 1782
f 216 1201 1765
f 199 1099 1714
f 182 997 1661
f 179 979 1653
f 178 973 1651
f 180 985 1657
f 181 991 1660
f 186 1021 1675
f 174 949 1639
f 193 1063 1696
f 205 1135 1733
f 212 1177 1751
f 221 1231 1779
f 189 1039 1683
f 170 925 1626
f 202 1117 1721
f 217 1207 1766
f 191 1051 1689
f 220 1225 1778
f 214 1189 1760
f 200 1105 1718
f 171 931 1629
f 210 1165 1747
f 183 1003 1665
f 175 955 1641
f 196 1081 1704
f 207 1147 1737
f 211 1171 1750
f 187 1027 1676
f 176 961 1644
f 195 1075 1702
f 203 1123 1726
f 188 1033 1681
f 168 913 1620
f 198 1093 1710
f 213 1183 1755
f 218 1213 1771
f 208 1153 1740
f 185 1015 1673
f 177 967 1647
f 197 1087 1707
f 206 1141 1734
f 184 1009 1669
f 173 943 1635
f 194 1069 1698
f 204 1129 1729
f 209 1159 1745
f 190 1045 1687
f 219 1219 1774
f 215 1195 1762
f 201 1111 1720
f 172 937 1632
f 357 1280 2189
f 255 1256 1883
f 262 1292 1903
f 388 1310 2281
f 400 1328 2317
f 352 1376 2173
f 347 1538 2158
f 298 1447 2012
f 364 1573 2210
f 269 1363 1924
f 339 1484 2135
f 285 1388 1973
f 293 1435 1996
f 370 1508 2227
f 396 1526 2304
f 353 1544 2176
f 346 1466 2155
f 299 1453 2014
f 365 1579 2212
f 268 1357 1922
f 249 1268 1864
f 231 1244 1810
f 226 1249 1795
f 238 1285 1831
f 244 1303 1849
f 257 1333 1887
f 359 1550 2193
f 402 1472 2321
f 390 1598 2285
f 264 1351 1907
f 327 1478 2098
f 309 1400 2044
f 282 1405 1961
f 317 1489 2067
f 322 1501 2083
f 341 1532 2139
f 286 1411 1975
f 294 1441 1997
f 372 1591 2231
f 394 1382 2298
f 358 1322 2190
f 256 1274 1884
f 261 1262 1900
f 387 1298 2278
f 399 1316 2314
f 351 1340 2170
f 348 1561 2159
f 300 1459 2015
f 366 1585 2213
f 267 1346 1918
f 340 1520 2136
f 287 1417 1977
f 291 1394 1990
f 369 1496 2224
f 395 1514 2301
f 354 1556 2177
f 345 1424 2152
f 297 1430 2008
f 363 1567 2206
f 270 1369 1925
f 234 1279 1817
f 227 1255 1797
f 239 1291 1833
f 245 1309 1851
f 252 1327 1871
f 275 1375 1941
f 334 1537 2119
f 304 1448 2029
f 377 1574 2247
f 382 1364 2262
f 312 1483 2051
f 279 1387 1954
f 316 1436 2064
f 323 1507 2085
f 330 1525 2105
f 335 1543 2121
f 305 1465 2031
f 376 1454 2244
f 383 1580 2265
f 274 1358 1939
f 232 1267 1814
f 225 1243 1793
f 237 1250 1829
f 243 1286 1847
f 250 1304 1868
f 273 1334 1937
f 336 1549 2124
f 306 1471 2034
f 378 1597 2250
f 381 1352 2261
f 311 1477 2050
f 281 1399 1960
f 315 1406 2063
f 321 1490 2081
f 328 1502 2102
f 333 1531 2117
f 303 1412 2027
f 375 1442 2243
f 384 1592 2268
f 276 1381 1944
f 229 890 1804
f 223 884 1785
f 235 896 1821
f 241 902 1839
f 247 908 1858
f 271 938 1929
f 332 1046 2114
f 302 1220 2024
f 374 1196 2240
f 379 1112 2253
f 307 980 2038
f 278 974 1951
f 313 986 2055
f 319 992 2073
f 325 998 2092
f 331 1016 2109
f 301 968 2019
f 373 1088 2235
f 380 1142 2258
f 272 1154 1934
f 248 1214 1861
f 230 1034 1807
f 224 914 1790
f 236 1094 1826
f 242 1184 1844
f 254 1040 1880
f 356 1232 2186
f 397 1208 2308
f 385 1118 2272
f 259 926 1894
f 326 1160 2095
f 308 1010 2041
f 277 944 1948
f 314 1070 2060
f 320 1130 2078
f 338 1166 2132
f 284 1004 1970
f 289 956 1984
f 367 1082 2218
f 391 1148 2289
f 355 1058 2181
f 253 920 1875
f 260 1100 1897
f 386 1202 2275
f 398 1238 2311
f 350 1172 2167
f 343 1028 2146
f 295 962 2002
f 361 1076 2200
f 266 1124 1915
f 337 1022 2127
f 283 950 1965
f 290 1064 1987
f 368 1136 2221
f 392 1178 2294
f 349 1052 2164
f 344 1226 2149
f 296 1190 2005
f 362 1106 2203
f 265 932 1912
f 251 1321 1870
f 233 1273 1816
f 228 1261 1800
f 240 1297 1836
f 246 1315 1854
f 258 1339 1890
f 360 1562 2196
f 401 1460 2320
f 389 1586 2284
f 263 1345 1906
f 329 1519 2104
f 310 1418 2047
f 280 1393 1958
f 318 1495 2070
f 324 1513 2088
f 342 1555 2142
f 288 1423 1980
f 292 1429 1994
f 371 1568 2230
f 393 1370 2297
f 409 894 2329
f 405 887 2323
f 411 899 2326
f 414 905 2333
f 417 912 2336
f 431 941 2345
f 488 1050 2409
f 575 1224 2496
f 563 1200 2485
f 519 1115 2435
f 454 984 2374
f 450 977 2368
f 456 989 2371
f 459 995 2378
f 462 1002 2381
f 472 1019 2392
f 446 971 2360
f 506 1091 2416
f 535 1146 2456
f 541 1158 2460
f 570 1217 2488
f 480 1037 2398
f 421 918 2340
f 511 1098 2430
f 556 1188 2475
f 484 1044 2404
f 580 1236 2501
f 567 1212 2482
f 522 1122 2440
f 427 930 2347
f 544 1163 2464
f 468 1013 2384
f 436 948 2355
f 499 1074 2419
f 530 1134 2451
f 548 1170 2470
f 466 1008 2385
f 442 960 2362
f 505 1086 2423
f 536 1151 2446
f 491 1061 2401
f 423 923 2339
f 513 1103 2429
f 564 1205 2474
f 581 1241 2491
f 549 1175 2459
f 477 1032 2395
f 445 966 2365
f 503 1080 2424
f 525 1127 2443
f 474 1025 2390
f 438 953 2354
f 495 1067 2413
f 532 1139 2450
f 552 1182 2467
f 490 1056 2408
f 577 1229 2495
f 559 1193 2479
f 517 1109 2437
f 430 936 2350
f 590 1325 2511
f 584 1277 2505
f 585 1265 2507
f 592 1301 2513
f 595 1319 2516
f 598 1343 2519
f 636 1566 2556
f 621 1464 2540
f 642 1590 2561
f 601 1349 2521
f 623 1523 2544
f 611 1422 2529
f 609 1397 2530
f 625 1499 2546
f 628 1517 2549
f 632 1559 2553
f 613 1427 2534
f 616 1433 2536
f 638 1572 2557
f 606 1374 2525
f 407 892 1609
f 403 885 1605
f 404 897 1611
f 410 903 1614
f 413 910 1617
f 422 939 1631
f 486 1048 1688
f 573 1222 1775
f 561 1198 1763
f 512 1113 1719
f 452 982 1654
f 448 975 1650
f 449 987 1656
f 455 993 1659
f 458 1000 1662
f 470 1017 1672
f 437 969 1646
f 494 1089 1706
f 531 1144 1735
f 539 1156 1741
f 568 1215 1770
f 478 1035 1680
f 419 916 1621
f 509 1096 1711
f 554 1186 1756
f 482 1042 1684
f 576 1234 1780
f 558 1210 1767
f 516 1120 1722
f 425 928 1627
f 542 1161 1744
f 463 1011 1668
f 434 946 1636
f 497 1072 1699
f 528 1132 1730
f 546 1168 1748
f 464 1006 1666
f 440 958 1642
f 500 1084 1705
f 524 1149 1736
f 479 1059 1691
f 418 921 1623
f 508 1101 1713
f 553 1203 1764
f 569 1239 1781
f 538 1173 1749
f 471 1030 1677
f 443 964 1645
f 501 1078 1703
f 523 1125 1725
f 467 1023 1674
f 433 951 1638
f 493 1065 1695
f 527 1137 1732
f 543 1180 1752
f 485 1054 1690
f 572 1227 1777
f 557 1191 1759
f 515 1107 1717
f 428 934 1630
f 591 1326 2191
f 587 1278 1885
f 588 1266 1901
f 594 1302 2279
f 597 1320 2315
f 600 1344 2171
f 634 1565 2160
f 619 1463 2016
f 639 1589 2214
f 602 1350 1919
f 624 1524 2137
f 608 1421 1978
f 610 1398 1991
f 627 1500 2225
f 630 1518 2302
f 635 1560 2178
f 615 1428 2153
f 617 1434 2009
f 637 1571 2207
f 604 1373 1926
f 416 911 1857
f 408 893 1803
f 406 888 1786
f 412 900 1822
f 415 906 1840
f 424 924 1876
f 492 1062 2182
f 582 1242 2312
f 565 1206 2276
f 514 1104 1898
f 461 1001 2091
f 453 983 2037
f 451 978 1952
f 457 990 2056
f 460 996 2074
f 475 1026 2128
f 439 954 1966
f 496 1068 1988
f 533 1140 2222
f 551 1181 2293
f 579 1235 2185
f 483 1043 1879
f 426 929 1893
f 521 1121 2271
f 566 1211 2307
f 489 1055 2163
f 578 1230 2150
f 560 1194 2006
f 518 1110 2204
f 429 935 1911
f 547 1169 2131
f 465 1007 1969
f 441 959 1983
f 504 1085 2217
f 537 1152 2290
f 550 1176 2168
f 476 1031 2145
f 444 965 2001
f 502 1079 2199
f 526 1128 1916
f 481 1038 1808
f 420 917 1789
f 510 1097 1825
f 555 1187 1843
f 571 1218 1862
f 540 1157 1933
f 473 1020 2110
f 447 972 2020
f 507 1092 2236
f 534 1145 2257
f 469 1014 2042
f 435 947 1947
f 498 1073 2059
f 529 1133 2077
f 545 1164 2096
f 487 1049 2113
f 574 1223 2023
f 562 1199 2239
f 520 1116 2254
f 432 942 1930
f 589 1283 1818
f 583 1259 1798
f 586 1295 1834
f 593 1313 1852
f 596 1331 1872
f 599 1379 1942
f 633 1541 2120
f 620 1452 2030
f 640 1578 2248
f 603 1368 2263
f 622 1487 2052
f 607 1391 1955
f 612 1440 2065
f 626 1511 2086
f 629 1529 2106
f 631 1547 2122
f 614 1469 2032
f 618 1458 2245
f 641 1584 2266
f 605 1362 1940
f 409 1269 1813
f 405 1245 1792
f 411 1252 1828
f 414 1288 1846
f 417 1306 1867
f 431 1336 1936
f 488 1551 2123
f 575 1473 2033
f 563 1599 2249
f 519 1354 2260
f 454 1479 2049
f 450 1401 1959
f 456 1408 2062
f 459 1492 2080
f 462 1504 2101
f 472 1533 2116
f 446 1414 2026
f 506 1444 2242
f 535 1594 2267
f 541 1383 1943
f 570 1323 1869
f 480 1275 1815
f 421 1263 1799
f 511 1299 1835
f 556 1317 1853
f 484 1341 1889
f 580 1564 2195
f 567 1462 2319
f 522 1588 2283
f 427 1347 1905
f 544 1521 2103
f 468 1420 2046
f 436 1395 1957
f 499 1497 2069
f 530 1515 2087
f 548 1557 2141
f 466 1425 1979
f 442 1431 1993
f 505 1570 2229
f 536 1372 2296
f 491 1282 2188
f 423 1258 1882
f 513 1294 1902
f 564 1312 2280
f 581 1330 2316
f 549 1378 2172
f 477 1540 2157
f 445 1449 2011
f 503 1575 2209
f 525 1365 1923
f 474 1486 2134
f 438 1390 1972
f 495 1437 1995
f 532 1510 2226
f 552 1528 2303
f 490 1546 2175
f 577 1468 2154
f 559 1455 2013
f 517 1581 2211
f 430 1359 1921
f 590 1272 1865
f 584 1248 1811
f 585 1253 1796
f 592 1289 1832
f 595 1307 1850
f 598 1337 1888
f 636 1554 2194
f 621 1476 2322
f 642 1602 2286
f 601 1355 1908
f 623 1482 2099
f 611 1404 2045
f 609 1409 1962
f 625 1493 2068
f 628 1505 2084
f 632 1536 2140
f 613 1415 1976
f 616 1445 1998
f 638 1595 2232
f 606 1386 2299
f 407 909 2330
f 403 891 2324
f 404 886 2325
f 410 898 2332
f 413 904 2335
f 422 922 2344
f 486 1060 2410
f 573 1240 2497
f 561 1204 2486
f 512 1102 2434
f 452 999 2375
f 448 981 2369
f 449 976 2370
f 455 988 2377
f 458 994 2380
f 470 1024 2393
f 437 952 2359
f 494 1066 2415
f 531 1138 2455
f 539 1179 2461
f 568 1233 2489
f 478 1041 2399
f 419 927 2341
f 509 1119 2431
f 554 1209 2476
f 482 1053 2405
f 576 1228 2500
f 558 1192 2481
f 516 1108 2439
f 425 933 2348
f 542 1167 2465
f 463 1005 2383
f 434 957 2356
f 497 1083 2420
f 528 1150 2452
f 546 1174 2471
f 464 1029 2386
f 440 963 2363
f 500 1077 2422
f 524 1126 2445
f 479 1036 2400
f 418 915 2338
f 508 1095 2428
f 553 1185 2473
f 569 1216 2490
f 538 1155 2458
f 471 1018 2394
f 443 970 2366
f 501 1090 2425
f 523 1143 2444
f 467 1012 2389
f 433 945 2353
f 493 1071 2414
f 527 1131 2449
f 543 1162 2466
f 485 1047 2407
f 572 1221 2494
f 557 1197 2480
f 515 1114 2438
f 428 940 2351
f 591 1284 2510
f 587 1260 2504
f 588 1296 2508
f 594 1314 2514
f 597 1332 2517
f 600 1380 2520
f 634 1542 2554
f 619 1451 2539
f 639 1577 2560
f 602 1367 2523
f 624 1488 2543
f 608 1392 2527
f 610 1439 2532
f 627 1512 2547
f 630 1530 2550
f 635 1548 2552
f 615 1470 2535
f 617 1457 2538
f 637 1583 2558
f 604 1361 2524
f 167 1616 1607
f 164 1608 1603
f 163 1606 1604
f 165 1612 1610
f 166 1615 1613
f 169 1624 1622
f 192 1692 1686
f 222 1782 1773
f 216 1765 1761
f 199 1714 1712
f 182 1661 1652
f 179 1653 1648
f 178 1651 1649
f 180 1657 1655
f 181 1660 1658
f 186 1675 1670
f 174 1639 1637
f 193 1696 1694
f 205 1733 1731
f 212 1751 1739
f 221 1779 1768
f 189 1683 1678
f 170 1626 1619
f 202 1721 1709
f 217 1766 1754
f 191 1689 1682
f 220 1778 1776
f 214 1760 1758
f 200 1718 1716
f 171 1629 1625
f 210 1747 1742
f 183 1665 1663
f 175 1641 1634
f 196 1704 1697
f 207 1737 1728
f 211 1750 1746
f 187 1676 1664
f 176 1644 1640
f 195 1702 1700
f 203 1726 1724
f 188 1681 1679
f 168 1620 1618
f 198 1710 1708
f 213 1755 1753
f 218 1771 1769
f 208 1740 1738
f 185 1673 1671
f 177 1647 1643
f 197 1707 1701
f 206 1734 1723
f 184 1669 1667
f 173 1635 1633
f 194 1698 1693
f 204 1729 1727
f 209 1745 1743
f 190 1687 1685
f 219 1774 1772
f 215 1762 1757
f 201 1720 1715
f 172 1632 1628
f 357 2189 2187
f 255 1883 1881
f 262 1903 1899
f 388 2281 2277
f 400 2317 2313
f 352 2173 2169
f 347 2158 2156
f 298 2012 2010
f 364 2210 2208
f 269 1924 1917
f 339 2135 2133
f 285 1973 1971
f 293 1996 1989
f 370 2227 2223
f 396 2304 2300
f 353 2176 2174
f 346 2155 2151
f 299 2014 2007
f 365 2212 2205
f 268 1922 1920
f 249 1864 1855
f 231 1810 1801
f 226 1795 1784
f 238 1831 1820
f 244 1849 1838
f 257 1887 1874
f 359 2193 2180
f 402 2321 2310
f 390 2285 2274
f 264 1907 1896
f 327 2098 2089
f 309 2044 2035
f 282 1961 1950
f 317 2067 2054
f 322 2083 2072
f 341 2139 2126
f 286 1975 1964
f 294 1997 1986
f 372 2231 2220
f 394 2298 2291
f 358 2190 2183
f 256 1884 1877
f 261 1900 1891
f 387 2278 2269
f 399 2314 2305
f 351 2170 2161
f 348 2159 2148
f 300 2015 2004
f 366 2213 2202
f 267 1918 1909
f 340 2136 2129
f 287 1977 1967
f 291 1990 1981
f 369 2224 2215
f 395 2301 2288
f 354 2177 2166
f 345 2152 2143
f 297 2008 1999
f 363 2206 2197
f 270 1925 1914
f 234 1817 1806
f 227 1797 1787
f 239 1833 1823
f 245 1851 1841
f 252 1871 1860
f 275 1941 1931
f 334 2119 2108
f 304 2029 2018
f 377 2247 2234
f 382 2262 2255
f 312 2051 2040
f 279 1954 1945
f 316 2064 2057
f 323 2085 2075
f 330 2105 2094
f 335 2121 2111
f 305 2031 2021
f 376 2244 2237
f 383 2265 2252
f 274 1939 1928
f 232 1814 1812
f 225 1793 1791
f 237 1829 1827
f 243 1847 1845
f 250 1868 1866
f 273 1937 1935
f 336 2124 2118
f 306 2034 2028
f 378 2250 2246
f 381 2261 2259
f 311 2050 2048
f 281 1960 1953
f 315 2063 2061
f 321 2081 2079
f 328 2102 2100
f 333 2117 2115
f 303 2027 2025
f 375 2243 2241
f 384 2268 2264
f 276 1944 1938
f 229 1804 1802
f 223 1785 1783
f 235 1821 1819
f 241 1839 1837
f 247 1858 1856
f 271 1929 1927
f 332 2114 2112
f 302 2024 2022
f 374 2240 2238
f 379 2253 2251
f 307 2038 2036
f 278 1951 1949
f 313 2055 2053
f 319 2073 2071
f 325 2092 2090
f 331 2109 2107
f 301 2019 2017
f 373 2235 2233
f 380 2258 2256
f 272 1934 1932
f 248 1861 1859
f 230 1807 1805
f 224 1790 1788
f 236 1826 1824
f 242 1844 1842
f 254 1880 1878
f 356 2186 2184
f 397 2308 2306
f 385 2272 2270
f 259 1894 1892
f 326 2095 2093
f 308 2041 2039
f 277 1948 1946
f 314 2060 2058
f 320 2078 2076
f 338 2132 2130
f 284 1970 1968
f 289 1984 1982
f 367 2218 2216
f 391 2289 2287
f 355 2181 2179
f 253 1875 1873
f 260 1897 1895
f 386 2275 2273
f 398 2311 2309
f 350 2167 2165
f 343 2146 2144
f 295 2002 2000
f 361 2200 2198
f 266 1915 1913
f 337 2127 2125
f 283 1965 1963
f 290 1987 1985
f 368 2221 2219
f 392 2294 2292
f 349 2164 2162
f 344 2149 2147
f 296 2005 2003
f 362 2203 2201
f 265 1912 1910
f 251 1870 1863
f 233 1816 1809
f 228 1800 1794
f 240 1836 1830
f 246 1854 1848
f 258 1890 1886
f 360 2196 2192
f 401 2320 2318
f 389 2284 2282
f 263 1906 1904
f 329 2104 2097
f 310 2047 2043
f 280 1958 1956
f 318 2070 2066
f 324 2088 2082
f 342 2142 2138
f 288 1980 1974
f 292 1994 1992
f 371 2230 2228
f 393 2297 2295
f 409 2329 2331
f 405 2323 2327
f 411 2326 2328
f 414 2333 2334
f 417 2336 2337
f 431 2345 2346
f 488 2409 2412
f 575 2496 2499
f 563 2485 2487
f 519 2435 2436
f 454 2374 2376
f 450 2368 2372
f 456 2371 2373
f 459 2378 2379
f 462 2381 2382
f 472 2392 2396
f 446 2360 2361
f 506 2416 2418
f 535 2456 2457
f 541 2460 2463
f 570 2488 2492
f 480 2398 2402
f 421 2340 2343
f 511 2430 2433
f 556 2475 2478
f 484 2404 2406
f 580 2501 2502
f 567 2482 2484
f 522 2440 2442
f 427 2347 2349
f 544 2464 2468
f 468 2384 2387
f 436 2355 2358
f 499 2419 2421
f 530 2451 2454
f 548 2470 2472
f 466 2385 2388
f 442 2362 2364
f 505 2423 2426
f 536 2446 2448
f 491 2401 2403
f 423 2339 2342
f 513 2429 2432
f 564 2474 2477
f 581 2491 2493
f 549 2459 2462
f 477 2395 2397
f 445 2365 2367
f 503 2424 2427
f 525 2443 2447
f 474 2390 2391
f 438 2354 2357
f 495 2413 2417
f 532 2450 2453
f 552 2467 2469
f 490 2408 2411
f 577 2495 2498
f 559 2479 2483
f 517 2437 2441
f 430 2350 2352
f 590 2511 2509
f 584 2505 2503
f 585 2507 2506
f 592 2513 2512
f 595 2516 2515
f 598 2519 2518
f 636 2556 2555
f 621 2540 2541
f 642 2561 2562
f 601 2521 2522
f 623 2544 2542
f 611 2529 2528
f 609 2530 2531
f 625 2546 2545
f 628 2549 2548
f 632 2553 2551
f 613 2534 2533
f 616 2536 2537
f 638 2557 2559
f 606 2525 2526
f 1607 644 647
f 1603 643 644
f 1604 645 643
f 1610 646 645
f 1613 647 646
f 1622 652 649
f 1686 670 672
f 1773 699 702
f 1761 695 696
f 1712 681 679
f 1652 659 662
f 1648 658 659
f 1649 660 658
f 1655 661 660
f 1658 662 661
f 1670 665 666
f 1637 657 654
f 1694 677 673
f 1731 686 685
f 1739 688 692
f 1768 698 701
f 1678 668 669
f 1619 648 650
f 1709 678 682
f 1754 693 697
f 1682 669 671
f 1776 701 700
f 1758 697 694
f 1716 682 680
f 1625 650 651
f 1742 689 690
f 1663 664 663
f 1634 653 655
f 1697 674 676
f 1728 684 687
f 1746 690 691
f 1664 663 667
f 1640 655 656
f 1700 676 675
f 1724 687 683
f 1679 672 668
f 1618 649 648
f 1708 679 678
f 1753 696 693
f 1769 702 698
f 1738 691 688
f 1671 667 665
f 1643 656 657
f 1701 675 677
f 1723 683 686
f 1667 666 664
f 1633 654 653
f 1693 673 674
f 1727 685 684
f 1743 692 689
f 1685 671 670
f 1772 700 699
f 1757 694 695
f 1715 680 681
f 1628 651 652
f 2187 838 837
f 1881 736 735
f 1899 741 742
f 2277 867 868
f 2313 879 880
f 2169 831 832
f 2156 828 827
f 2010 780 778
f 2208 846 844
f 1917 747 749
f 2133 820 819
f 1971 767 765
f 1989 771 773
f 2223 849 850
f 2300 875 876
f 2174 834 833
f 2151 825 826
f 2007 777 779
f 2205 843 845
f 1920 750 748
f 1855 727 729
f 1801 709 711
f 1784 703 706
f 1820 715 718
f 1838 721 724
f 1874 733 737
f 2180 835 839
f 2310 878 882
f 2274 866 870
f 1896 740 744
f 2089 805 807
f 2035 787 789
f 1950 758 762
f 2054 793 797
f 2072 799 802
f 2126 817 821
f 1964 763 766
f 1986 770 774
f 2220 848 852
f 2291 872 874
f 2183 836 838
f 1877 734 736
f 1891 739 741
f 2269 865 867
f 2305 877 879
f 2161 829 831
f 2148 824 828
f 2004 776 780
f 2202 842 846
f 1909 745 747
f 2129 818 820
f 1967 764 767
f 1981 769 771
f 2215 847 849
f 2288 871 875
f 2166 830 834
f 2143 823 825
f 1999 775 777
f 2197 841 843
f 1914 746 750
f 1806 710 714
f 1787 704 707
f 1823 716 719
f 1841 722 725
f 1860 728 732
f 1931 752 755
f 2108 811 814
f 2018 781 784
f 2234 853 857
f 2255 860 862
f 2040 788 792
f 1945 757 759
f 2057 794 796
f 2075 800 803
f 2094 806 810
f 2111 812 815
f 2021 782 785
f 2237 854 856
f 2252 859 863
f 1928 751 754
f 1812 714 712
f 1791 707 705
f 1827 719 717
f 1845 725 723
f 1866 732 730
f 1935 755 753
f 2118 814 816
f 2028 784 786
f 2246 857 858
f 2259 862 861
f 2048 792 791
f 1953 759 761
f 2061 796 795
f 2079 803 801
f 2100 810 808
f 2115 815 813
f 2025 785 783
f 2241 856 855
f 2264 863 864
f 1938 754 756
f 1802 712 709
f 1783 705 703
f 1819 717 715
f 1837 723 721
f 1856 730 727
f 1927 753 751
f 2112 816 812
f 2022 786 782
f 2238 858 854
f 2251 861 859
f 2036 791 787
f 1949 761 758
f 2053 795 793
f 2071 801 799
f 2090 808 805
f 2107 813 811
f 2017 783 781
f 2233 855 853
f 2256 864 860
f 1932 756 752
f 1859 731 728
f 1805 713 710
f 1788 708 704
f 1824 720 716
f 1842 726 722
f 1878 738 734
f 2184 840 836
f 2306 881 877
f 2270 869 865
f 1892 743 739
f 2093 809 806
f 2039 790 788
f 1946 760 757
f 2058 798 794
f 2076 804 800
f 2130 822 818
f 1968 768 764
f 1982 772 769
f 2216 851 847
f 2287 873 871
f 2179 837 835
f 1873 735 733
f 1895 742 740
f 2273 868 866
f 2309 880 878
f 2165 832 830
f 2144 827 823
f 2000 778 775
f 2198 844 841
f 1913 749 746
f 2125 819 817
f 1963 765 763
f 1985 773 770
f 2219 850 848
f 2292 876 872
f 2162 833 829
f 2147 826 824
f 2003 779 776
f 2201 845 842
f 1910 748 745
f 1863 729 731
f 1809 711 713
f 1794 706 708
f 1830 718 720
f 1848 724 726
f 1886 737 738
f 2192 839 840
f 2318 882 881
f 2282 870 869
f 1904 744 743
f 2097 807 809
f 2043 789 790
f 1956 762 760
f 2066 797 798
f 2082 802 804
f 2138 821 822
f 1974 766 768
f 1992 774 772
f 2228 852 851
f 2295 874 873
f 2331 1270 1269
f 2327 1246 1245
f 2328 1251 1252
f 2334 1287 1288
f 2337 1305 1306
f 2346 1335 1336
f 2412 1552 1551
f 2499 1474 1473
f 2487 1600 1599
f 2436 1353 1354
f 2376 1480 1479
f 2372 1402 1401
f 2373 1407 1408
f 2379 1491 1492
f 2382 1503 1504
f 2396 1534 1533
f 2361 1413 1414
f 2418 1443 1444
f 2457 1593 1594
f 2463 1384 1383
f 2492 1324 1323
f 2402 1276 1275
f 2343 1264 1263
f 2433 1300 1299
f 2478 1318 1317
f 2406 1342 1341
f 2502 1563 1564
f 2484 1461 1462
f 2442 1587 1588
f 2349 1348 1347
f 2468 1522 1521
f 2387 1419 1420
f 2358 1396 1395
f 2421 1498 1497
f 2454 1516 1515
f 2472 1558 1557
f 2388 1426 1425
f 2364 1432 1431
f 2426 1569 1570
f 2448 1371 1372
f 2403 1281 1282
f 2342 1257 1258
f 2432 1293 1294
f 2477 1311 1312
f 2493 1329 1330
f 2462 1377 1378
f 2397 1539 1540
f 2367 1450 1449
f 2427 1576 1575
f 2447 1366 1365
f 2391 1485 1486
f 2357 1389 1390
f 2417 1438 1437
f 2453 1509 1510
f 2469 1527 1528
f 2411 1545 1546
f 2498 1467 1468
f 2483 1456 1455
f 2441 1582 1581
f 2352 1360 1359
f 2509 1271 1272
f 2503 1247 1248
f 2506 1254 1253
f 2512 1290 1289
f 2515 1308 1307
f 2518 1338 1337
f 2555 1553 1554
f 2541 1475 1476
f 2562 1601 1602
f 2522 1356 1355
f 2542 1481 1482
f 2528 1403 1404
f 2531 1410 1409
f 2545 1494 1493
f 2548 1506 1505
f 2551 1535 1536
f 2533 1416 1415
f 2537 1446 1445
f 2559 1596 1595
f 2526 1385 1386
f 1616 907 909
f 1608 889 891
f 1606 883 886
f 1612 895 898
f 1615 901 904
f 1624 919 922
f 1692 1057 1060
f 1782 1237 1240
f 1765 1201 1204
f 1714 1099 1102
f 1661 997 999
f 1653 979 981
f 1651 973 976
f 1657 985 988
f 1660 991 994
f 1675 1021 1024
f 1639 949 952
f 1696 1063 1066
f 1733 1135 1138
f 1751 1177 1179
f 1779 1231 1233
f 1683 1039 1041
f 1626 925 927
f 1721 1117 1119
f 1766 1207 1209
f 1689 1051 1053
f 1778 1225 1228
f 1760 1189 1192
f 1718 1105 1108
f 1629 931 933
f 1747 1165 1167
f 1665 1003 1005
f 1641 955 957
f 1704 1081 1083
f 1737 1147 1150
f 1750 1171 1174
f 1676 1027 1029
f 1644 961 963
f 1702 1075 1077
f 1726 1123 1126
f 1681 1033 1036
f 1620 913 915
f 1710 1093 1095
f 1755 1183 1185
f 1771 1213 1216
f 1740 1153 1155
f 1673 1015 1018
f 1647 967 970
f 1707 1087 1090
f 1734 1141 1143
f 1669 1009 1012
f 1635 943 945
f 1698 1069 1071
f 1729 1129 1131
f 1745 1159 1162
f 1687 1045 1047
f 1774 1219 1221
f 1762 1195 1197
f 1720 1111 1114
f 1632 937 940
f 2189 1280 1284
f 1883 1256 1260
f 1903 1292 1296
f 2281 1310 1314
f 2317 1328 1332
f 2173 1376 1380
f 2158 1538 1542
f 2012 1447 1451
f 2210 1573 1577
f 1924 1363 1367
f 2135 1484 1488
f 1973 1388 1392
f 1996 1435 1439
f 2227 1508 1512
f 2304 1526 1530
f 2176 1544 1548
f 2155 1466 1470
f 2014 1453 1457
f 2212 1579 1583
f 1922 1357 1361
f 1864 1268 1270
f 1810 1244 1246
f 1795 1249 1251
f 1831 1285 1287
f 1849 1303 1305
f 1887 1333 1335
f 2193 1550 1552
f 2321 1472 1474
f 2285 1598 1600
f 1907 1351 1353
f 2098 1478 1480
f 2044 1400 1402
f 1961 1405 1407
f 2067 1489 1491
f 2083 1501 1503
f 2139 1532 1534
f 1975 1411 1413
f 1997 1441 1443
f 2231 1591 1593
f 2298 1382 1384
f 2190 1322 1324
f 1884 1274 1276
f 1900 1262 1264
f 2278 1298 1300
f 2314 1316 1318
f 2170 1340 1342
f 2159 1561 1563
f 2015 1459 1461
f 2213 1585 1587
f 1918 1346 1348
f 2136 1520 1522
f 1977 1417 1419
f 1990 1394 1396
f 2224 1496 1498
f 2301 1514 1516
f 2177 1556 1558
f 2152 1424 1426
f 2008 1430 1432
f 2206 1567 1569
f 1925 1369 1371
f 1817 1279 1281
f 1797 1255 1257
f 1833 1291 1293
f 1851 1309 1311
f 1871 1327 1329
f 1941 1375 1377
f 2119 1537 1539
f 2029 1448 1450
f 2247 1574 1576
f 2262 1364 1366
f 2051 1483 1485
f 1954 1387 1389
f 2064 1436 1438
f 2085 1507 1509
f 2105 1525 1527
f 2121 1543 1545
f 2031 1465 1467
f 2244 1454 1456
f 2265 1580 1582
f 1939 1358 1360
f 1814 1267 1271
f 1793 1243 1247
f 1829 1250 1254
f 1847 1286 1290
f 1868 1304 1308
f 1937 1334 1338
f 2124 1549 1553
f 2034 1471 1475
f 2250 1597 1601
f 2261 1352 1356
f 2050 1477 1481
f 1960 1399 1403
f 2063 1406 1410
f 2081 1490 1494
f 2102 1502 1506
f 2117 1531 1535
f 2027 1412 1416
f 2243 1442 1446
f 2268 1592 1596
f 1944 1381 1385
f 1804 890 894
f 1785 884 887
f 1821 896 899
f 1839 902 905
f 1858 908 912
f 1929 938 941
f 2114 1046 1050
f 2024 1220 1224
f 2240 1196 1200
f 2253 1112 1115
f 2038 980 984
f 1951 974 977
f 2055 986 989
f 2073 992 995
f 2092 998 1002
f 2109 1016 1019
f 2019 968 971
f 2235 1088 1091
f 2258 1142 1146
f 1934 1154 1158
f 1861 1214 1217
f 1807 1034 1037
f 1790 914 918
f 1826 1094 1098
f 1844 1184 1188
f 1880 1040 1044
f 2186 1232 1236
f 2308 1208 1212
f 2272 1118 1122
f 1894 926 930
f 2095 1160 1163
f 2041 1010 1013
f 1948 944 948
f 2060 1070 1074
f 2078 1130 1134
f 2132 1166 1170
f 1970 1004 1008
f 1984 956 960
f 2218 1082 1086
f 2289 1148 1151
f 2181 1058 1061
f 1875 920 923
f 1897 1100 1103
f 2275 1202 1205
f 2311 1238 1241
f 2167 1172 1175
f 2146 1028 1032
f 2002 962 966
f 2200 1076 1080
f 1915 1124 1127
f 2127 1022 1025
f 1965 950 953
f 1987 1064 1067
f 2221 1136 1139
f 2294 1178 1182
f 2164 1052 1056
f 2149 1226 1229
f 2005 1190 1193
f 2203 1106 1109
f 1912 932 936
f 1870 1321 1325
f 1816 1273 1277
f 1800 1261 1265
f 1836 1297 1301
f 1854 1315 1319
f 1890 1339 1343
f 2196 1562 1566
f 2320 1460 1464
f 2284 1586 1590
f 1906 1345 1349
f 2104 1519 1523
f 2047 1418 1422
f 1958 1393 1397
f 2070 1495 1499
f 2088 1513 1517
f 2142 1555 1559
f 1980 1423 1427
f 1994 1429 1433
f 2230 1568 1572
f 2297 1370 1374
f 2329 894 892
f 2323 887 885
f 2326 899 897
f 2333 905 903
f 2336 912 910
f 2345 941 939
f 2409 1050 1048
f 2496 1224 1222
f 2485 1200 1198
f 2435 1115 1113
f 2374 984 982
f 2368 977 975
f 2371 989 987
f 2378 995 993
f 2381 1002 1000
f 2392 1019 1017
f 2360 971 969
f 2416 1091 1089
f 2456 1146 1144
f 2460 1158 1156
f 2488 1217 1215
f 2398 1037 1035
f 2340 918 916
f 2430 1098 1096
f 2475 1188 1186
f 2404 1044 1042
f 2501 1236 1234
f 2482 1212 1210
f 2440 1122 1120
f 2347 930 928
f 2464 1163 1161
f 2384 1013 1011
f 2355 948 946
f 2419 1074 1072
f 2451 1134 1132
f 2470 1170 1168
f 2385 1008 1006
f 2362 960 958
f 2423 1086 1084
f 2446 1151 1149
f 2401 1061 1059
f 2339 923 921
f 2429 1103 1101
f 2474 1205 1203
f 2491 1241 1239
f 2459 1175 1173
f 2395 1032 1030
f 2365 966 964
f 2424 1080 1078
f 2443 1127 1125
f 2390 1025 1023
f 2354 953 951
f 2413 1067 1065
f 2450 1139 1137
f 2467 1182 1180
f 2408 1056 1054
f 2495 1229 1227
f 2479 1193 1191
f 2437 1109 1107
f 2350 936 934
f 2511 1325 1326
f 2505 1277 1278
f 2507 1265 1266
f 2513 1301 1302
f 2516 1319 1320
f 2519 1343 1344
f 2556 1566 1565
f 2540 1464 1463
f 2561 1590 1589
f 2521 1349 1350
f 2544 1523 1524
f 2529 1422 1421
f 2530 1397 1398
f 2546 1499 1500
f 2549 1517 1518
f 2553 1559 1560
f 2534 1427 1428
f 2536 1433 1434
f 2557 1572 1571
f 2525 1374 1373
f 1609 892 889
f 1605 885 883
f 1611 897 895
f 1614 903 901
f 1617 910 907
f 1631 939 937
f 1688 1048 1045
f 1775 1222 1219
f 1763 1198 1195
f 1719 1113 1111
f 1654 982 979
f 1650 975 973
f 1656 987 985
f 1659 993 991
f 1662 1000 997
f 1672 1017 1015
f 1646 969 967
f 1706 1089 1087
f 1735 1144 1141
f 1741 1156 1153
f 1770 1215 1213
f 1680 1035 1033
f 1621 916 913
f 1711 1096 1093
f 1756 1186 1183
f 1684 1042 1039
f 1780 1234 1231
f 1767 1210 1207
f 1722 1120 1117
f 1627 928 925
f 1744 1161 1159
f 1668 1011 1009
f 1636 946 943
f 1699 1072 1069
f 1730 1132 1129
f 1748 1168 1165
f 1666 1006 1003
f 1642 958 955
f 1705 1084 1081
f 1736 1149 1147
f 1691 1059 1057
f 1623 921 919
f 1713 1101 1099
f 1764 1203 1201
f 1781 1239 1237
f 1749 1173 1171
f 1677 1030 1027
f 1645 964 961
f 1703 1078 1075
f 1725 1125 1123
f 1674 1023 1021
f 1638 951 949
f 1695 1065 1063
f 1732 1137 1135
f 1752 1180 1177
f 1690 1054 1051
f 1777 1227 1225
f 1759 1191 1189
f 1717 1107 1105
f 1630 934 931
f 2191 1326 1322
f 1885 1278 1274
f 1901 1266 1262
f 2279 1302 1298
f 2315 1320 1316
f 2171 1344 1340
f 2160 1565 1561
f 2016 1463 1459
f 2214 1589 1585
f 1919 1350 1346
f 2137 1524 1520
f 1978 1421 1417
f 1991 1398 1394
f 2225 1500 1496
f 2302 1518 1514
f 2178 1560 1556
f 2153 1428 1424
f 2009 1434 1430
f 2207 1571 1567
f 1926 1373 1369
f 1857 911 908
f 1803 893 890
f 1786 888 884
f 1822 900 896
f 1840 906 902
f 1876 924 920
f 2182 1062 1058
f 2312 1242 1238
f 2276 1206 1202
f 1898 1104 1100
f 2091 1001 998
f 2037 983 980
f 1952 978 974
f 2056 990 986
f 2074 996 992
f 2128 1026 1022
f 1966 954 950
f 1988 1068 1064
f 2222 1140 1136
f 2293 1181 1178
f 2185 1235 1232
f 1879 1043 1040
f 1893 929 926
f 2271 1121 1118
f 2307 1211 1208
f 2163 1055 1052
f 2150 1230 1226
f 2006 1194 1190
f 2204 1110 1106
f 1911 935 932
f 2131 1169 1166
f 1969 1007 1004
f 1983 959 956
f 2217 1085 1082
f 2290 1152 1148
f 2168 1176 1172
f 2145 1031 1028
f 2001 965 962
f 2199 1079 1076
f 1916 1128 1124
f 1808 1038 1034
f 1789 917 914
f 1825 1097 1094
f 1843 1187 1184
f 1862 1218 1214
f 1933 1157 1154
f 2110 1020 1016
f 2020 972 968
f 2236 1092 1088
f 2257 1145 1142
f 2042 1014 1010
f 1947 947 944
f 2059 1073 1070
f 2077 1133 1130
f 2096 1164 1160
f 2113 1049 1046
f 2023 1223 1220
f 2239 1199 1196
f 2254 1116 1112
f 1930 942 938
f 1818 1283 1279
f 1798 1259 1255
f 1834 1295 1291
f 1852 1313 1309
f 1872 1331 1327
f 1942 1379 1375
f 2120 1541 1537
f 2030 1452 1448
f 2248 1578 1574
f 2263 1368 1364
f 2052 1487 1483
f 1955 1391 1387
f 2065 1440 1436
f 2086 1511 1507
f 2106 1529 1525
f 2122 1547 1543
f 2032 1469 1465
f 2245 1458 1454
f 2266 1584 1580
f 1940 1362 1358
f 1813 1269 1267
f 1792 1245 1243
f 1828 1252 1250
f 1846 1288 1286
f 1867 1306 1304
f 1936 1336 1334
f 2123 1551 1549
f 2033 1473 1471
f 2249 1599 1597
f 2260 1354 1352
f 2049 1479 1477
f 1959 1401 1399
f 2062 1408 1406
f 2080 1492 1490
f 2101 1504 1502
f 2116 1533 1531
f 2026 1414 1412
f 2242 1444 1442
f 2267 1594 1592
f 1943 1383 1381
f 1869 1323 1321
f 1815 1275 1273
f 1799 1263 1261
f 1835 1299 1297
f 1853 1317 1315
f 1889 1341 1339
f 2195 1564 1562
f 2319 1462 1460
f 2283 1588 1586
f 1905 1347 1345
f 2103 1521 1519
f 2046 1420 1418
f 1957 1395 1393
f 2069 1497 1495
f 2087 1515 1513
f 2141 1557 1555
f 1979 1425 1423
f 1993 1431 1429
f 2229 1570 1568
f 2296 1372 1370
f 2188 1282 1280
f 1882 1258 1256
f 1902 1294 1292
f 2280 1312 1310
f 2316 1330 1328
f 2172 1378 1376
f 2157 1540 1538
f 2011 1449 1447
f 2209 1575 1573
f 1923 1365 1363
f 2134 1486 1484
f 1972 1390 1388
f 1995 1437 1435
f 2226 1510 1508
f 2303 1528 1526
f 2175 1546 1544
f 2154 1468 1466
f 2013 1455 1453
f 2211 1581 1579
f 1921 1359 1357
f 1865 1272 1268
f 1811 1248 1244
f 1796 1253 1249
f 1832 1289 1285
f 1850 1307 1303
f 1888 1337 1333
f 2194 1554 1550
f 2322 1476 1472
f 2286 1602 1598
f 1908 1355 1351
f 2099 1482 1478
f 2045 1404 1400
f 1962 1409 1405
f 2068 1493 1489
f 2084 1505 1501
f 2140 1536 1532
f 1976 1415 1411
f 1998 1445 1441
f 2232 1595 1591
f 2299 1386 1382
f 2330 909 911
f 2324 891 893
f 2325 886 888
f 2332 898 900
f 2335 904 906
f 2344 922 924
f 2410 1060 1062
f 2497 1240 1242
f 2486 1204 1206
f 2434 1102 1104
f 2375 999 1001
f 2369 981 983
f 2370 976 978
f 2377 988 990
f 2380 994 996
f 2393 1024 1026
f 2359 952 954
f 2415 1066 1068
f 2455 1138 1140
f 2461 1179 1181
f 2489 1233 1235
f 2399 1041 1043
f 2341 927 929
f 2431 1119 1121
f 2476 1209 1211
f 2405 1053 1055
f 2500 1228 1230
f 2481 1192 1194
f 2439 1108 1110
f 2348 933 935
f 2465 1167 1169
f 2383 1005 1007
f 2356 957 959
f 2420 1083 1085
f 2452 1150 1152
f 2471 1174 1176
f 2386 1029 1031
f 2363 963 965
f 2422 1077 1079
f 2445 1126 1128
f 2400 1036 1038
f 2338 915 917
f 2428 1095 1097
f 2473 1185 1187
f 2490 1216 1218
f 2458 1155 1157
f 2394 1018 1020
f 2366 970 972
f 2425 1090 1092
f 2444 1143 1145
f 2389 1012 1014
f 2353 945 947
f 2414 1071 1073
f 2449 1131 1133
f 2466 1162 1164
f 2407 1047 1049
f 2494 1221 1223
f 2480 1197 1199
f 2438 1114 1116
f 2351 940 942
f 2510 1284 1283
f 2504 1260 1259
f 2508 1296 1295
f 2514 1314 1313
f 2517 1332 1331
f 2520 1380 1379
f 2554 1542 1541
f 2539 1451 1452
f 2560 1577 1578
f 2523 1367 1368
f 2543 1488 1487
f 2527 1392 1391
f 2532 1439 1440
f 2547 1512 1511
f 2550 1530 1529
f 2552 1548 1547
f 2535 1470 1469
f 2538 1457 1458
f 2558 1583 1584
f 2524 1361 1362
f 1607 1616 1609
f 1603 1608 1605
f 1604 1606 1611
f 1610 1612 1614
f 1613 1615 1617
f 1622 1624 1631
f 1686 1692 1688
f 1773 1782 1775
f 1761 1765 1763
f 1712 1714 1719
f 1652 1661 1654
f 1648 1653 1650
f 1649 1651 1656
f 1655 1657 1659
f 1658 1660 1662
f 1670 1675 1672
f 1637 1639 1646
f 1694 1696 1706
f 1731 1733 1735
f 1739 1751 1741
f 1768 1779 1770
f 1678 1683 1680
f 1619 1626 1621
f 1709 1721 1711
f 1754 1766 1756
f 1682 1689 1684
f 1776 1778 1780
f 1758 1760 1767
f 1716 1718 1722
f 1625 1629 1627
f 1742 1747 1744
f 1663 1665 1668
f 1634 1641 1636
f 1697 1704 1699
f 1728 1737 1730
f 1746 1750 1748
f 1664 1676 1666
f 1640 1644 1642
f 1700 1702 1705
f 1724 1726 1736
f 1679 1681 1691
f 1618 1620 1623
f 1708 1710 1713
f 1753 1755 1764
f 1769 1771 1781
f 1738 1740 1749
f 1671 1673 1677
f 1643 1647 1645
f 1701 1707 1703
f 1723 1734 1725
f 1667 1669 1674
f 1633 1635 1638
f 1693 1698 1695
f 1727 1729 1732
f 1743 1745 1752
f 1685 1687 1690
f 1772 1774 1777
f 1757 1762 1759
f 1715 1720 1717
f 1628 1632 1630
f 2187 2189 2191
f 1881 1883 1885
f 1899 1903 1901
f 2277 2281 2279
f 2313 2317 2315
f 2169 2173 2171
f 2156 2158 2160
f 2010 2012 2016
f 2208 2210 2214
f 1917 1924 1919
f 2133 2135 2137
f 1971 1973 1978
f 1989 1996 1991
f 2223 2227 2225
f 2300 2304 2302
f 2174 2176 2178
f 2151 2155 2153
f 2007 2014 2009
f 2205 2212 2207
f 1920 1922 1926
f 1855 1864 1857
f 1801 1810 1803
f 1784 1795 1786
f 1820 1831 1822
f 1838 1849 1840
f 1874 1887 1876
f 2180 2193 2182
f 2310 2321 2312
f 2274 2285 2276
f 1896 1907 1898
f 2089 2098 2091
f 2035 2044 2037
f 1950 1961 1952
f 2054 2067 2056
f 2072 2083 2074
f 2126 2139 2128
f 1964 1975 1966
f 1986 1997 1988
f 2220 2231 2222
f 2291 2298 2293
f 2183 2190 2185
f 1877 1884 1879
f 1891 1900 1893
f 2269 2278 2271
f 2305 2314 2307
f 2161 2170 2163
f 2148 2159 2150
f 2004 2015 2006
f 2202 2213 2204
f 1909 1918 1911
f 2129 2136 2131
f 1967 1977 1969
f 1981 1990 1983
f 2215 2224 2217
f 2288 2301 2290
f 2166 2177 2168
f 2143 2152 2145
f 1999 2008 2001
f 2197 2206 2199
f 1914 1925 1916
f 1806 1817 1808
f 1787 1797 1789
f 1823 1833 1825
f 1841 1851 1843
f 1860 1871 1862
f 1931 1941 1933
f 2108 2119 2110
f 2018 2029 2020
f 2234 2247 2236
f 2255 2262 2257
f 2040 2051 2042
f 1945 1954 1947
f 2057 2064 2059
f 2075 2085 2077
f 2094 2105 2096
f 2111 2121 2113
f 2021 2031 2023
f 2237 2244 2239
f 2252 2265 2254
f 1928 1939 1930
f 1812 1814 1818
f 1791 1793 1798
f 1827 1829 1834
f 1845 1847 1852
f 1866 1868 1872
f 1935 1937 1942
f 2118 2124 2120
f 2028 2034 2030
f 2246 2250 2248
f 2259 2261 2263
f 2048 2050 2052
f 1953 1960 1955
f 2061 2063 2065
f 2079 2081 2086
f 2100 2102 2106
f 2115 2117 2122
f 2025 2027 2032
f 2241 2243 2245
f 2264 2268 2266
f 1938 1944 1940
f 1802 1804 1813
f 1783 1785 1792
f 1819 1821 1828
f 1837 1839 1846
f 1856 1858 1867
f 1927 1929 1936
f 2112 2114 2123
f 2022 2024 2033
f 2238 2240 2249
f 2251 2253 2260
f 2036 2038 2049
f 1949 1951 1959
f 2053 2055 2062
f 2071 2073 2080
f 2090 2092 2101
f 2107 2109 2116
f 2017 2019 2026
f 2233 2235 2242
f 2256 2258 2267
f 1932 1934 1943
f 1859 1861 1869
f 1805 1807 1815
f 1788 1790 1799
f 1824 1826 1835
f 1842 1844 1853
f 1878 1880 1889
f 2184 2186 2195
f 2306 2308 2319
f 2270 2272 2283
f 1892 1894 1905
f 2093 2095 2103
f 2039 2041 2046
f 1946 1948 1957
f 2058 2060 2069
f 2076 2078 2087
f 2130 2132 2141
f 1968 1970 1979
f 1982 1984 1993
f 2216 2218 2229
f 2287 2289 2296
f 2179 2181 2188
f 1873 1875 1882
f 1895 1897 1902
f 2273 2275 2280
f 2309 2311 2316
f 2165 2167 2172
f 2144 2146 2157
f 2000 2002 2011
f 2198 2200 2209
f 1913 1915 1923
f 2125 2127 2134
f 1963 1965 1972
f 1985 1987 1995
f 2219 2221 2226
f 2292 2294 2303
f 2162 2164 2175
f 2147 2149 2154
f 2003 2005 2013
f 2201 2203 2211
f 1910 1912 1921
f 1863 1870 1865
f 1809 1816 1811
f 1794 1800 1796
f 1830 1836 1832
f 1848 1854 1850
f 1886 1890 1888
f 2192 2196 2194
f 2318 2320 2322
f 2282 2284 2286
f 1904 1906 1908
f 2097 2104 2099
f 2043 2047 2045
f 1956 1958 1962
f 2066 2070 2068
f 2082 2088 2084
f 2138 2142 2140
f 1974 1980 1976
f 1992 1994 1998
f 2228 2230 2232
f 2295 2297 2299
f 2331 2329 2330
f 2327 2323 2324
f 2328 2326 2325
f 2334 2333 2332
f 2337 2336 2335
f 2346 2345 2344
f 2412 2409 2410
f 2499 2496 2497
f 2487 2485 2486
f 2436 2435 2434
f 2376 2374 2375
f 2372 2368 2369
f 2373 2371 2370
f 2379 2378 2377
f 2382 2381 2380
f 2396 2392 2393
f 2361 2360 2359
f 2418 2416 2415
f 2457 2456 2455
f 2463 2460 2461
f 2492 2488 2489
f 2402 2398 2399
f 2343 2340 2341
f 2433 2430 2431
f 2478 2475 2476
f 2406 2404 2405
f 2502 2501 2500
f 2484 2482 2481
f 2442 2440 2439
f 2349 2347 2348
f 2468 2464 2465
f 2387 2384 2383
f 2358 2355 2356
f 2421 2419 2420
f 2454 2451 2452
f 2472 2470 2471
f 2388 2385 2386
f 2364 2362 2363
f 2426 2423 2422
f 2448 2446 2445
f 2403 2401 2400
f 2342 2339 2338
f 2432 2429 2428
f 2477 2474 2473
f 2493 2491 2490
f 2462 2459 2458
f 2397 2395 2394
f 2367 2365 2366
f 2427 2424 2425
f 2447 2443 2444
f 2391 2390 2389
f 2357 2354 2353
f 2417 2413 2414
f 2453 2450 2449
f 2469 2467 2466
f 2411 2408 2407
f 2498 2495 2494
f 2483 2479 2480
f 2441 2437 2438
f 2352 2350 2351
f 2509 2511 2510
f 2503 2505 2504
f 2506 2507 2508
f 2512 2513 2514
f 2515 2516 2517
f 2518 2519 2520
f 2555 2556 2554
f 2541 2540 2539
f 2562 2561 2560
f 2522 2521 2523
f 2542 2544 2543
f 2528 2529 2527
f 2531 2530 2532
f 2545 2546 2547
f 2548 2549 2550
f 2551 2553 2552
f 2533 2534 2535
f 2537 2536 2538
f 2559 2557 2558
f 2526 2525 2524