v -0.408127 0.613880 0.004045
v 0.407941 0.613718 0.004076
v -0.413555 -0.633632 0.005712
v 0.413174 -0.633658 0.005614
v -0.000221 -0.459294 0.730569
v -0.000003 0.432229 0.720578
v 0.000004 -0.426759 -0.718854
v -0.000145 0.428831 -0.716485
v 0.726706 0.001385 -0.455126
v 0.742862 -0.000212 0.457974
v -0.726713 0.001392 -0.455124
v -0.742856 -0.000223 0.457984
v 0.000010 0.729965 -0.009906
v -0.239779 0.573366 0.387577
v -0.220193 0.650632 -0.436786
v -0.651595 0.387903 -0.247336
v -0.671114 0.402372 0.256165
v 0.239793 0.573393 0.387599
v 0.220096 0.650549 -0.436759
v 0.651708 0.387831 -0.247390
v 0.671102 0.402366 0.256168
v -0.000011 -0.759821 0.034463
v -0.263726 -0.701875 0.461819
v -0.238975 -0.588533 -0.388207
v -0.652741 -0.389781 -0.245483
v -0.669778 -0.404332 0.256645
v 0.263346 -0.701586 0.461518
v 0.238755 -0.588460 -0.388136
v 0.652720 -0.389782 -0.245498
v 0.669770 -0.404286 0.256625
v -0.000015 -0.003356 0.852603
v 0.425845 -0.255305 0.687974
v -0.425759 -0.255301 0.688244
v 0.426284 0.259945 0.692431
v -0.426315 0.259966 0.692476
v 0.000002 0.003031 -0.851882
v 0.422756 -0.258209 -0.687311
v -0.422753 -0.258212 -0.687312
v 0.420703 0.256531 -0.685447
v -0.420684 0.256543 -0.685454
v 0.856779 0.000325 0.004103
v -0.856726 0.000322 0.004097
v -0.191046 0.680445 0.000670
v -0.334043 0.609673 0.177981
v -0.340219 0.639860 -0.186135
v -0.546109 0.540094 -0.110784
v -0.547312 0.532516 0.118931
v 0.191017 0.680514 0.000569
v 0.334024 0.609692 0.177965
v 0.340014 0.640046 -0.186430
v 0.546117 0.540108 -0.110778
v 0.547302 0.532504 0.118940
v -0.206542 -0.722942 0.005769
v -0.346099 -0.652261 0.198574
v -0.351144 -0.670907 -0.188997
v -0.543771 -0.530782 -0.106778
v -0.553830 -0.550844 0.125377
v 0.206345 -0.723240 0.005772
v 0.346268 -0.651724 0.198506
v 0.351021 -0.671010 -0.188677
v 0.543724 -0.530854 -0.106785
v 0.553869 -0.550833 0.125385
v -0.150932 -0.678671 0.703385
v 0.149801 -0.678632 0.703168
v 0.000078 -0.241080 0.813274
v 0.198976 -0.375970 0.728327
v -0.199090 -0.375279 0.728457
v -0.119734 0.509907 0.583015
v 0.119728 0.509899 0.583012
v 0.000000 0.250174 0.817754
v 0.202616 0.366918 0.731295
v -0.202618 0.366921 0.731298
v -0.118120 -0.503024 -0.582408
v 0.118082 -0.502965 -0.582366
v 0.000004 -0.250346 -0.818715
v 0.203611 -0.367536 -0.731609
v -0.203610 -0.367512 -0.731555
v -0.129536 0.577487 -0.625356
v 0.130096 0.577256 -0.625548
v -0.000022 0.248404 -0.817628
v 0.203797 0.360640 -0.729085
v -0.203915 0.360719 -0.728958
v 0.719098 0.191060 -0.373887
v 0.719272 -0.194283 -0.373727
v 0.607641 -0.123818 -0.584103
v 0.608035 0.123816 -0.584644
v 0.806605 0.000549 -0.243713
v 0.740888 0.197887 0.377344
v 0.739526 -0.201241 0.378069
v 0.615079 -0.127543 0.589088
v 0.616225 0.124699 0.588800
v 0.829641 0.000452 0.252511
v -0.719101 0.191050 -0.373893
v -0.719280 -0.194274 -0.373724
v -0.607632 -0.123826 -0.584106
v -0.608036 0.123813 -0.584645
v -0.806586 0.000518 -0.243716
v -0.740872 0.197871 0.377341
v -0.739546 -0.201220 0.378063
v -0.615068 -0.127546 0.589107
v -0.616234 0.124700 0.588804
v -0.829655 0.000445 0.252510
v -0.099761 0.665153 0.172714
v -0.096588 0.709658 -0.203592
v 0.099772 0.665144 0.172720
v 0.096603 0.709943 -0.203617
v -0.474876 0.511016 0.350905
v 0.000002 0.598137 0.387493
v -0.358587 0.460965 0.564527
v -0.471481 0.541709 -0.360284
v 0.000085 0.712699 -0.442516
v -0.354807 0.467952 -0.567183
v -0.699845 0.409847 0.006415
v -0.560006 0.344569 -0.492133
v -0.794506 0.214656 -0.119932
v -0.571716 0.357491 0.495007
v -0.805430 0.219742 0.129463
v 0.474887 0.511050 0.350905
v 0.358587 0.460935 0.564513
v 0.471755 0.541759 -0.359938
v 0.354911 0.467666 -0.566835
v 0.699840 0.409831 0.006411
v 0.560069 0.344563 -0.492192
v 0.794516 0.214654 -0.119937
v 0.571710 0.357473 0.495001
v 0.805435 0.219742 0.129473
v -0.095444 -0.726571 0.214907
v -0.116593 -0.732785 -0.193126
v 0.095847 -0.726594 0.215622
v 0.116171 -0.732432 -0.193018
v -0.484142 -0.548037 0.367797
v -0.000090 -0.731142 0.467508
v -0.364305 -0.507276 0.591117
v -0.463707 -0.499737 -0.344305
v -0.000079 -0.623996 -0.400452
v -0.353988 -0.449310 -0.564366
v -0.700428 -0.410494 0.006662
v -0.560433 -0.348905 -0.491508
v -0.793939 -0.218758 -0.119044
v -0.570272 -0.357744 0.492322
v -0.804474 -0.222570 0.130206
v 0.484058 -0.548026 0.367788
v 0.364441 -0.506965 0.590921
v 0.462872 -0.499860 -0.343585
v 0.354006 -0.449287 -0.564367
v 0.700467 -0.410529 0.006659
v 0.560433 -0.348914 -0.491508
v 0.793946 -0.218763 -0.119058
v 0.570225 -0.357785 0.492380
v 0.804483 -0.222568 0.130204
v 0.230677 -0.130622 0.813706
v -0.230638 -0.130618 0.813707
v 0.231527 0.128962 0.814080
v -0.231522 0.128950 0.814082
v 0.441814 -0.001350 0.734910
v -0.441856 -0.001338 0.734848
v 0.230752 -0.128814 -0.812718
v -0.230751 -0.128814 -0.812713
v 0.228210 0.131807 -0.811586
v -0.228200 0.131812 -0.811586
v 0.440478 0.001972 -0.732321
v -0.440473 0.001971 -0.732320
v -0.314241 0.643772 0.003027
v -0.376343 0.616752 0.081744
v -0.378649 0.626022 -0.076753
v -0.476364 0.586530 -0.046186
v -0.473347 0.580623 0.053431
v 0.314272 0.643804 0.003026
v 0.376327 0.616722 0.081764
v 0.378750 0.626040 -0.076797
v 0.476394 0.586517 -0.046121
v 0.473346 0.580653 0.053422
v -0.323683 -0.675558 0.003385
v -0.386157 -0.644234 0.089826
v -0.383062 -0.649357 -0.078027
v -0.475880 -0.592186 -0.044018
v -0.487122 -0.602980 0.057998
v 0.324449 -0.676442 0.004083
v 0.386090 -0.644320 0.089507
v 0.383009 -0.649262 -0.077856
v 0.475788 -0.592250 -0.043963
v 0.487265 -0.602815 0.057904
v -0.059498 -0.542951 0.708059
v 0.059108 -0.543131 0.708071
v -0.000044 -0.358352 0.762388
v 0.089821 -0.425149 0.734536
v -0.089899 -0.425705 0.734750
v -0.054543 0.470676 0.664667
v 0.054538 0.470674 0.664661
v -0.000002 0.359148 0.768866
v 0.090502 0.409817 0.733462
v -0.090502 0.409816 0.733464
v -0.054710 -0.463995 -0.663399
v 0.054720 -0.463978 -0.663402
v -0.000003 -0.358884 -0.769551
v 0.090834 -0.403977 -0.729538
v -0.090835 -0.403978 -0.729537
v -0.055732 0.495720 -0.676769
v 0.055862 0.495936 -0.677127
v 0.000095 0.350696 -0.768800
v 0.089852 0.400732 -0.725834
v -0.089820 0.400772 -0.726001
v 0.730893 0.086892 -0.423418
v 0.729716 -0.086132 -0.422555
v 0.679700 -0.053391 -0.516552
v 0.680764 0.055429 -0.517541
v 0.766467 0.000918 -0.365691
v 0.748801 0.088437 0.425430
v 0.746581 -0.090144 0.425466
v 0.690610 -0.056739 0.520873
v 0.692026 0.055037 0.520967
v 0.790163 0.000175 0.369848
v -0.730878 0.086890 -0.423414
v -0.729783 -0.086132 -0.422607
v -0.679709 -0.053388 -0.516547
v -0.680753 0.055425 -0.517530
v -0.766531 0.000920 -0.365715
v -0.748824 0.088432 0.425439
v -0.746603 -0.090152 0.425477
v -0.690614 -0.056736 0.520857
v -0.692028 0.055031 0.520969
v -0.790186 0.000176 0.369855
v -0.062429 0.718967 -0.005419
v 0.062456 0.718966 -0.005346
v -0.033093 0.709892 0.056006
v -0.024975 0.735569 -0.070283
v 0.033098 0.709870 0.056000
v 0.024978 0.735486 -0.070325
v -0.288948 0.594977 0.281513
v -0.182837 0.544216 0.488598
v -0.169717 0.619982 0.283056
v -0.359997 0.545812 0.376779
v -0.118800 0.591353 0.388110
v -0.304081 0.521564 0.481003
v -0.290378 0.651271 -0.312456
v -0.192358 0.639900 -0.540794
v -0.162700 0.691004 -0.347699
v -0.372439 0.618318 -0.408097
v -0.157407 0.807767 -0.465113
v -0.309952 0.573129 -0.509650
v -0.602235 0.471334 -0.178158
v -0.691637 0.294446 -0.313882
v -0.562342 0.457545 -0.303162
v -0.686670 0.405956 -0.119839
v -0.611533 0.369687 -0.375814
v -0.730069 0.310128 -0.184633
v -0.615144 0.475344 0.189010
v -0.715014 0.307331 0.319806
v -0.580312 0.465632 0.309610
v -0.695896 0.410362 0.131693
v -0.627605 0.384475 0.376929
v -0.745253 0.317433 0.194357
v 0.288955 0.594976 0.281511
v 0.182833 0.544210 0.488588
v 0.169725 0.619965 0.283052
v 0.118803 0.591365 0.388111
v 0.360026 0.545842 0.376801
v 0.304080 0.521554 0.480993
v 0.290758 0.651440 -0.312624
v 0.191902 0.639270 -0.540195
v 0.162784 0.690782 -0.347931
v 0.157440 0.807816 -0.464993
v 0.370898 0.615963 -0.406970
v 0.312108 0.575239 -0.511419
v 0.602507 0.471277 -0.178188
v 0.691644 0.294456 -0.313902
v 0.562080 0.457866 -0.303186
v 0.686642 0.405951 -0.119827
v 0.611531 0.369639 -0.375878
v 0.730050 0.310108 -0.184641
v 0.615148 0.475352 0.189008
v 0.715015 0.307335 0.319812
v 0.580314 0.465640 0.309612
v 0.695890 0.410349 0.131688
v 0.627615 0.384468 0.376929
v 0.745265 0.317448 0.194353
v -0.076772 -0.749397 0.020973
v 0.076785 -0.749387 0.020937
v -0.024699 -0.758787 0.103972
v -0.051599 -0.738854 -0.061196
v 0.024641 -0.758781 0.103943
v 0.051511 -0.738688 -0.061185
v -0.296779 -0.656531 0.322640
v -0.240404 -0.779095 0.623370
v -0.172359 -0.698215 0.342694
v -0.368047 -0.610688 0.414137
v -0.137167 -0.752459 0.475518
v -0.329389 -0.629656 0.545482
v -0.298763 -0.643009 -0.293230
v -0.180287 -0.543355 -0.489448
v -0.182157 -0.678535 -0.303323
v -0.353108 -0.546889 -0.371259
v -0.120861 -0.611609 -0.395805
v -0.298156 -0.514239 -0.478510
v -0.603436 -0.465551 -0.176164
v -0.692395 -0.298212 -0.312552
v -0.564956 -0.449823 -0.302053
v -0.687208 -0.406248 -0.118067
v -0.611641 -0.373294 -0.373894
v -0.730816 -0.313955 -0.183098
v -0.616381 -0.484476 0.192505
v -0.714013 -0.308829 0.319857
v -0.584774 -0.481568 0.316471
v -0.695712 -0.411385 0.131515
v -0.625898 -0.386538 0.377215
v -0.744415 -0.319162 0.194432
v 0.296958 -0.656254 0.322388
v 0.241058 -0.778866 0.622850
v 0.172566 -0.698256 0.342813
v 0.138009 -0.753766 0.475906
v 0.368212 -0.610732 0.414110
v 0.329342 -0.629883 0.545585
v 0.298707 -0.643710 -0.293784
v 0.180694 -0.543280 -0.489471
v 0.181769 -0.678567 -0.303527
v 0.120781 -0.611114 -0.395465
v 0.352894 -0.547111 -0.371316
v 0.298303 -0.514123 -0.478433
v 0.603416 -0.465534 -0.176124
v 0.692392 -0.298219 -0.312549
v 0.564880 -0.449677 -0.301964
v 0.687219 -0.406230 -0.118059
v 0.611641 -0.373297 -0.373895
v 0.730799 -0.313936 -0.183094
v 0.616417 -0.484488 0.192487
v 0.714022 -0.308813 0.319872
v 0.584755 -0.481572 0.316471
v 0.695700 -0.411420 0.131523
v 0.625898 -0.386486 0.377278
v 0.744391 -0.319181 0.194432
v -0.000017 -0.128825 0.845700
v 0.000012 0.126391 0.846517
v 0.117341 -0.067513 0.842502
v -0.117352 -0.067508 0.842463
v 0.117622 0.062159 0.842767
v -0.117617 0.062168 0.842765
v 0.311751 -0.316627 0.710834
v 0.526282 -0.195608 0.647288
v 0.393801 -0.378448 0.632757
v 0.500301 -0.312049 0.594377
v 0.336226 -0.193459 0.762708
v 0.439235 -0.134168 0.724500
v -0.311933 -0.316153 0.711094
v -0.526338 -0.195555 0.647250
v -0.393630 -0.378884 0.632307
v -0.500297 -0.311798 0.594209
v -0.336170 -0.193542 0.762739
v -0.439216 -0.134148 0.724512
v 0.318416 0.317624 0.719485
v 0.526024 0.195195 0.647959
v 0.398293 0.372046 0.634908
v 0.503235 0.313439 0.599536
v 0.335798 0.196293 0.763180
v 0.439197 0.133123 0.724694
v -0.318408 0.317625 0.719489
v -0.526040 0.195196 0.647959
v -0.398281 0.372015 0.634883
v -0.503200 0.313401 0.599493
v -0.335794 0.196293 0.763189
v -0.439184 0.133100 0.724690
v 0.000001 -0.126310 -0.845456
v -0.000004 0.128210 -0.844539
v 0.117744 -0.061989 -0.842948
v -0.117736 -0.061989 -0.842931
v 0.117164 0.067102 -0.842598
v -0.117167 0.067104 -0.842589
v 0.314766 -0.315276 -0.715444
v 0.521217 -0.194288 -0.644053
v 0.395355 -0.368268 -0.632732
v 0.497255 -0.310087 -0.596621
v 0.333685 -0.195778 -0.760895
v 0.437148 -0.131805 -0.721584
v -0.314769 -0.315276 -0.715441
v -0.521197 -0.194273 -0.644023
v -0.395358 -0.368262 -0.632729
v -0.497253 -0.310091 -0.596619
v -0.333684 -0.195776 -0.760894
v -0.437150 -0.131804 -0.721587
v 0.313272 0.312022 -0.713589
v 0.520085 0.193347 -0.642699
v 0.395176 0.364161 -0.630227
v 0.496633 0.306499 -0.595956
v 0.330378 0.196589 -0.759462
v 0.436250 0.133885 -0.721097
v -0.313328 0.312019 -0.713555
v -0.520084 0.193334 -0.642706
v -0.395215 0.364133 -0.630198
v -0.496617 0.306505 -0.595905
v -0.330376 0.196592 -0.759454
v -0.436245 0.133880 -0.721096
v 0.840751 0.000439 -0.117836
v 0.852012 0.000505 0.127269
v 0.838521 0.109369 -0.057011
v 0.843689 0.111007 0.065612
v 0.836354 -0.111008 -0.056477
v 0.841488 -0.112540 0.066417
v -0.840763 0.000459 -0.117799
v -0.852027 0.000498 0.127310
v -0.838537 0.109362 -0.056993
v -0.843689 0.111010 0.065617
v -0.836351 -0.111014 -0.056486
v -0.841495 -0.112536 0.066413
v -0.260535 0.648894 0.088595
v -0.262178 0.663522 -0.089366
v -0.135827 0.683759 0.081016
v -0.134670 0.701934 -0.088061
v -0.447553 0.575153 0.157386
v -0.214300 0.640870 0.181590
v -0.407975 0.563574 0.267152
v -0.452929 0.595330 -0.155705
v -0.214156 0.676079 -0.202730
v -0.416465 0.608206 -0.282878
v -0.556211 0.536998 0.004409
v -0.513039 0.538507 -0.232656
v -0.628122 0.480531 -0.055573
v -0.517800 0.523999 0.234972
v -0.632443 0.480749 0.067178
v 0.260561 0.648886 0.088614
v 0.262296 0.663397 -0.089596
v 0.135808 0.683763 0.081004
v 0.135007 0.701735 -0.088207
v 0.447565 0.575118 0.157384
v 0.214282 0.640870 0.181580
v 0.407975 0.563578 0.267153
v 0.452858 0.595334 -0.155749
v 0.214168 0.676621 -0.202416
v 0.416545 0.607705 -0.283081
v 0.556178 0.536996 0.004393
v 0.512854 0.538362 -0.232834
v 0.628120 0.480542 -0.055606
v 0.517746 0.523962 0.234943
v 0.632443 0.480735 0.067179
v -0.269764 -0.683838 0.102912
v -0.294935 -0.748640 -0.094408
v -0.139688 -0.723226 0.107718
v -0.166019 -0.768139 -0.090404
v -0.465652 -0.613807 0.170588
v -0.219396 -0.689383 0.214535
v -0.421358 -0.610839 0.289420
v -0.443185 -0.586703 -0.149968
v -0.244378 -0.780426 -0.227045
v -0.401699 -0.575071 -0.261189
v -0.558429 -0.542160 0.007808
v -0.506257 -0.517525 -0.224155
v -0.629010 -0.478461 -0.053790
v -0.528298 -0.552967 0.247355
v -0.633628 -0.485050 0.068755
v 0.269094 -0.683663 0.102623
v 0.294813 -0.748889 -0.094226
v 0.139286 -0.723229 0.107442
v 0.165964 -0.767926 -0.090608
v 0.465643 -0.613755 0.170740
v 0.219281 -0.689466 0.214440
v 0.421327 -0.610939 0.289391
v 0.443172 -0.586598 -0.149699
v 0.243919 -0.780923 -0.227128
v 0.401654 -0.574939 -0.261237
v 0.558421 -0.542197 0.007777
v 0.506221 -0.517618 -0.223925
v 0.628996 -0.478455 -0.053802
v 0.528337 -0.552924 0.247346
v 0.633601 -0.485089 0.068774
v -0.000154 -0.643736 0.666806
v -0.179699 -0.516215 0.703767
v -0.075107 -0.723376 0.593873
v -0.287010 -0.621962 0.676478
v 0.178950 -0.516648 0.703941
v 0.076527 -0.724121 0.593935
v 0.286965 -0.622552 0.676985
v 0.105434 -0.301944 0.778693
v -0.105296 -0.302413 0.778616
v 0.115760 -0.186493 0.826671
v -0.115715 -0.186484 0.826688
v 0.288372 -0.451666 0.672116
v 0.219587 -0.249242 0.776762
v -0.288200 -0.451834 0.671769
v -0.219394 -0.249362 0.776753
v 0.000002 0.516620 0.583330
v -0.169367 0.453587 0.665819
v -0.060843 0.556811 0.489958
v -0.240811 0.491390 0.578863
v 0.169358 0.453564 0.665799
v 0.060849 0.556825 0.489968
v 0.240810 0.491363 0.578842
v 0.108286 0.310228 0.787843
v -0.108282 0.310230 0.787842
v 0.116391 0.190293 0.827636
v -0.116394 0.190293 0.827636
v 0.287695 0.421434 0.657216
v 0.223442 0.254661 0.784182
v -0.287691 0.421449 0.657220
v -0.223447 0.254659 0.784178
v -0.000026 -0.510102 -0.582258
v -0.168847 -0.446266 -0.664139
v -0.060131 -0.559436 -0.492705
v -0.238066 -0.481320 -0.579381
v 0.168859 -0.446224 -0.664103
v 0.060263 -0.559363 -0.492569
v 0.238052 -0.481307 -0.579391
v 0.107372 -0.308599 -0.783741
v -0.107369 -0.308593 -0.783743
v 0.115535 -0.190524 -0.825794
v -0.115542 -0.190537 -0.825851
v 0.283761 -0.412715 -0.653756
v 0.222881 -0.255555 -0.783152
v -0.283778 -0.412737 -0.653771
v -0.222882 -0.255554 -0.783152
v -0.000356 0.601697 -0.634621
v -0.168897 0.464119 -0.670408
v -0.070616 0.669916 -0.550931
v -0.247305 0.529888 -0.603270
v 0.168721 0.464400 -0.670188
v 0.071650 0.668913 -0.550788
v 0.247873 0.530217 -0.603874
v 0.106880 0.303762 -0.782141
v -0.106807 0.303833 -0.782150
v 0.114273 0.190781 -0.824961
v -0.114269 0.190781 -0.824965
v 0.281544 0.416531 -0.652667
v 0.220186 0.254298 -0.782164
v -0.281504 0.416242 -0.652723
v -0.220200 0.254309 -0.782169
v 0.670049 0.166363 -0.487436
v 0.772602 0.099444 -0.307934
v 0.647104 0.275026 -0.438089
v 0.759539 0.204867 -0.247583
v 0.669894 -0.168055 -0.487025
v 0.771040 -0.100071 -0.307295
v 0.648173 -0.278676 -0.437723
v 0.759264 -0.208600 -0.246690
v 0.614480 0.001133 -0.598154
v 0.589986 -0.243329 -0.546994
v 0.530860 -0.064638 -0.666566
v 0.588841 0.240234 -0.546524
v 0.531520 0.066826 -0.667098
v 0.813153 0.105970 -0.181326
v 0.811213 -0.107337 -0.180914
v 0.683877 0.169648 0.489912
v 0.796705 0.103178 0.313618
v 0.663325 0.282957 0.439820
v 0.781630 0.212807 0.255369
v 0.682526 -0.172979 0.490531
v 0.794286 -0.104727 0.314333
v 0.661895 -0.284101 0.438935
v 0.780447 -0.215609 0.256553
v 0.621172 -0.001084 0.603150
v 0.601186 -0.247858 0.551791
v 0.534449 -0.067892 0.670319
v 0.601578 0.247303 0.553034
v 0.535496 0.065514 0.671242
v 0.829167 0.109612 0.190465
v 0.827413 -0.110658 0.191567
v -0.670044 0.166364 -0.487433
v -0.772609 0.099442 -0.307948
v -0.647102 0.275010 -0.438084
v -0.759473 0.204843 -0.247563
v -0.669889 -0.168061 -0.487016
v -0.770992 -0.100060 -0.307268
v -0.648159 -0.278660 -0.437713
v -0.759192 -0.208569 -0.246643
v -0.614479 0.001123 -0.598154
v -0.590009 -0.243323 -0.547003
v -0.530864 -0.064636 -0.666569
v -0.588862 0.240232 -0.546541
v -0.531518 0.066825 -0.667097
v -0.813142 0.105956 -0.181298
v -0.811192 -0.107340 -0.180925
v -0.683868 0.169638 0.489904
v -0.796703 0.103173 0.313609
v -0.663319 0.282948 0.439822
v -0.781611 0.212799 0.255350
v -0.682545 -0.172947 0.490539
v -0.794301 -0.104733 0.314330
v -0.661834 -0.284121 0.438976
v -0.780450 -0.215611 0.256541
v -0.621179 -0.001085 0.603166
v -0.601201 -0.247911 0.551798
v -0.534449 -0.067880 0.670327
v -0.601584 0.247295 0.553021
v -0.535488 0.065506 0.671248
v -0.829177 0.109620 0.190491
v -0.827378 -0.110656 0.191564
v 0.000003 0.675865 0.164304
v -0.055388 0.634197 0.279349
v 0.000063 0.728538 -0.189848
v -0.058775 0.727904 -0.333571
v 0.055391 0.634221 0.279360
v 0.058643 0.728004 -0.333555
v -0.421135 0.490595 0.461901
v -0.529775 0.447290 0.426667
v -0.468888 0.416349 0.535872
v -0.419610 0.511164 -0.469688
v -0.516937 0.438514 -0.423750
v -0.460348 0.405697 -0.532310
v -0.754491 0.318931 -0.057371
v -0.760704 0.322433 0.068660
v -0.809515 0.218723 0.004692
v 0.421140 0.490602 0.461894
v 0.529765 0.447249 0.426662
v 0.468903 0.416372 0.535872
v 0.418992 0.511384 -0.469372
v 0.517335 0.437921 -0.424008
v 0.460031 0.405474 -0.531912
v 0.754504 0.318935 -0.057374
v 0.760731 0.322459 0.068657
v 0.809518 0.218725 0.004686
v 0.000057 -0.750135 0.208008
v -0.056689 -0.733016 0.340673
v 0.000035 -0.702959 -0.173502
v -0.060468 -0.669164 -0.292816
v 0.056741 -0.732957 0.340669
v 0.060668 -0.669265 -0.293282
v -0.425670 -0.532694 0.483390
v -0.531412 -0.461102 0.431817
v -0.467310 -0.427890 0.538951
v -0.414910 -0.476244 -0.461659
v -0.520109 -0.432846 -0.425922
v -0.461669 -0.405711 -0.534844
v -0.754640 -0.321629 -0.056770
v -0.760697 -0.324715 0.068457
v -0.808926 -0.222383 0.005294
v 0.425296 -0.532416 0.483037
v 0.531188 -0.460977 0.431718
v 0.467043 -0.427467 0.538802
v 0.415006 -0.476198 -0.461683
v 0.520134 -0.432767 -0.425939
v 0.461641 -0.405706 -0.534811
v 0.754648 -0.321639 -0.056767
v 0.760745 -0.324723 0.068458
v 0.808922 -0.222384 0.005294
v 0.231789 -0.002469 0.821333
v 0.339805 -0.068189 0.781924
v -0.231797 -0.002451 0.821360
v -0.339811 -0.068170 0.781893
v 0.340422 0.065166 0.782633
v -0.340430 0.065162 0.782610
v 0.231079 0.002552 -0.819993
v 0.339145 -0.064352 -0.779977
v -0.231070 0.002550 -0.819968
v -0.339144 -0.064355 -0.779978
v 0.338193 0.068519 -0.779909
v -0.338191 0.068517 -0.779911
v -0.367051 0.627269 0.003674
v -0.394447 0.616168 0.038552
v -0.395139 0.619256 -0.031214
v -0.439314 0.602680 -0.017727
v -0.437190 0.599698 0.025517
v 0.367093 0.627367 0.003745
v 0.394503 0.616121 0.038566
v 0.395153 0.619304 -0.031172
v 0.439325 0.602627 -0.017729
v 0.437206 0.599695 0.025513
v -0.374078 -0.652234 0.004940
v -0.402874 -0.639324 0.042445
v -0.399350 -0.639380 -0.031135
v -0.442518 -0.616699 -0.016310
v -0.446799 -0.619380 0.028523
v 0.373991 -0.652488 0.004924
v 0.402127 -0.638852 0.041947
v 0.399957 -0.639152 -0.031282
v 0.442480 -0.616496 -0.016393
v 0.447086 -0.619647 0.028768
v -0.025479 -0.495549 0.719938
v 0.025267 -0.495353 0.720467
v -0.000088 -0.414110 0.743297
v 0.040030 -0.444916 0.733317
v -0.039996 -0.444747 0.733046
v -0.024344 0.451001 0.697933
v 0.024340 0.450998 0.697927
v -0.000003 0.403688 0.744227
v 0.039886 0.423860 0.727751
v -0.039890 0.423859 0.727757
v -0.024582 -0.444811 -0.696269
v 0.024591 -0.444815 -0.696261
v 0.000002 -0.400555 -0.743316
v 0.039959 -0.418222 -0.725482
v -0.039959 -0.418221 -0.725485
v -0.024380 0.457921 -0.698978
v 0.024160 0.458084 -0.699497
v 0.000113 0.393432 -0.738602
v 0.039460 0.417042 -0.721786
v -0.039591 0.416915 -0.722373
v 0.731790 0.039388 -0.443160
v 0.731163 -0.036981 -0.442579
v 0.709161 -0.022332 -0.484271
v 0.709507 0.025251 -0.484635
v 0.747130 0.001306 -0.417940
v 0.748837 0.039271 0.445367
v 0.747477 -0.039886 0.445268
v 0.722219 -0.024959 0.487478
v 0.723000 0.024110 0.487556
v 0.765370 -0.000015 0.420018
v -0.731790 0.039384 -0.443162
v -0.731188 -0.036984 -0.442602
v -0.709106 -0.022329 -0.484218
v -0.709539 0.025258 -0.484654
v -0.747119 0.001314 -0.417939
v -0.748836 0.039262 0.445368
v -0.747421 -0.039912 0.445240
v -0.722221 -0.024972 0.487479
v -0.723000 0.024099 0.487555
v -0.765369 -0.000026 0.420025
v -0.027403 0.726881 -0.008734
v 0.027447 0.726900 -0.008704
v -0.014403 0.721415 0.019653
v -0.012725 0.734298 -0.038793
v 0.014386 0.721412 0.019627
v 0.012777 0.734330 -0.038777
v -0.264986 0.584921 0.334520
v -0.212401 0.559633 0.438915
v -0.204858 0.597155 0.336136
v -0.299792 0.560042 0.383129
v -0.178993 0.583462 0.388266
v -0.273100 0.548171 0.435768
v -0.254859 0.647076 -0.373536
v -0.205267 0.656090 -0.491059
v -0.200510 0.691843 -0.398764
v -0.298029 0.627998 -0.419042
v -0.214258 0.783835 -0.478839
v -0.268990 0.616603 -0.473281
v -0.626766 0.430361 -0.212554
v -0.673503 0.342847 -0.281635
v -0.607100 0.422314 -0.275935
v -0.669972 0.396885 -0.183224
v -0.632124 0.378800 -0.311767
v -0.692372 0.351288 -0.216714
v -0.644442 0.441516 0.223100
v -0.694545 0.357054 0.288314
v -0.628590 0.437682 0.284393
v -0.684566 0.405914 0.193827
v -0.653049 0.396500 0.317368
v -0.709522 0.361559 0.225845
v 0.265005 0.584973 0.334552
v 0.212406 0.559645 0.438906
v 0.204873 0.597125 0.336146
v 0.178997 0.583475 0.388263
v 0.299802 0.560066 0.383131
v 0.273101 0.548167 0.435770
v 0.254963 0.647247 -0.373543
v 0.205045 0.655825 -0.490885
v 0.200294 0.691574 -0.398770
v 0.214457 0.784176 -0.478425
v 0.297813 0.627352 -0.418512
v 0.270505 0.617404 -0.473576
v 0.626786 0.430332 -0.212511
v 0.673521 0.342865 -0.281609
v 0.607232 0.422543 -0.275996
v 0.669997 0.396837 -0.183216
v 0.632088 0.378646 -0.311844
v 0.692375 0.351271 -0.216701
v 0.644439 0.441515 0.223105
v 0.694519 0.357040 0.288313
v 0.628591 0.437679 0.284395
v 0.684566 0.405912 0.193828
v 0.653043 0.396494 0.317367
v 0.709547 0.361575 0.225852
v -0.034300 -0.757993 0.031215
v 0.034277 -0.757948 0.031252
v -0.013901 -0.761953 0.068530
v -0.020298 -0.752332 -0.001706
v 0.013835 -0.761960 0.068524
v 0.020280 -0.752253 -0.001668
v -0.272773 -0.663563 0.392669
v -0.271284 -0.769240 0.542279
v -0.214721 -0.696133 0.406981
v -0.311083 -0.646574 0.442091
v -0.209922 -0.758830 0.472407
v -0.302913 -0.678240 0.510586
v -0.268095 -0.614283 -0.339398
v -0.209854 -0.564932 -0.438582
v -0.210447 -0.631656 -0.345242
v -0.296498 -0.569462 -0.381466
v -0.180435 -0.602739 -0.392789
v -0.268443 -0.549236 -0.433398
v -0.628775 -0.429088 -0.210889
v -0.673966 -0.345952 -0.279498
v -0.609572 -0.420877 -0.274704
v -0.671209 -0.398392 -0.181250
v -0.632841 -0.381350 -0.310040
v -0.693063 -0.354121 -0.214705
v -0.643721 -0.446006 0.224740
v -0.693172 -0.357913 0.288309
v -0.628470 -0.443973 0.286947
v -0.683943 -0.407820 0.194162
v -0.651715 -0.398790 0.318080
v -0.708257 -0.362649 0.225820
v 0.273305 -0.664100 0.392398
v 0.271537 -0.768688 0.542130
v 0.215030 -0.696247 0.406723
v 0.210961 -0.758354 0.472152
v 0.311145 -0.646685 0.442097
v 0.302790 -0.678321 0.509967
v 0.267847 -0.613797 -0.338773
v 0.209745 -0.565011 -0.439037
v 0.210226 -0.632066 -0.345440
v 0.180156 -0.602439 -0.392865
v 0.296657 -0.569441 -0.381038
v 0.268391 -0.549703 -0.433089
v 0.628747 -0.429112 -0.210882
v 0.673980 -0.345944 -0.279504
v 0.609561 -0.420852 -0.274689
v 0.671215 -0.398386 -0.181258
v 0.632838 -0.381351 -0.310046
v 0.693049 -0.354074 -0.214698
v 0.643710 -0.445955 0.224712
v 0.693182 -0.357903 0.288287
v 0.628505 -0.443936 0.286935
v 0.683928 -0.407805 0.194163
v 0.651778 -0.398795 0.318069
v 0.708247 -0.362652 0.225822
v -0.000016 -0.067573 0.851132
v 0.000015 0.061784 0.851432
v 0.058885 -0.035526 0.849674
v -0.058914 -0.035511 0.849656
v 0.059003 0.029257 0.849789
v -0.059006 0.029274 0.849728
v 0.369848 -0.285434 0.700416
v 0.476910 -0.226046 0.669354
v 0.409151 -0.316135 0.658574
v 0.462705 -0.284976 0.641425
v 0.383980 -0.224661 0.728699
v 0.435658 -0.196200 0.711379
v -0.369575 -0.285496 0.700542
v -0.476905 -0.226037 0.669370
v -0.408942 -0.316437 0.658419
v -0.462615 -0.284789 0.641498
v -0.383961 -0.224765 0.728618
v -0.435709 -0.196158 0.711331
v 0.374283 0.290402 0.709330
v 0.476889 0.228085 0.671693
v 0.413738 0.317918 0.665637
v 0.465862 0.287772 0.647913
v 0.383595 0.229437 0.731270
v 0.434716 0.198026 0.712016
v -0.374285 0.290408 0.709333
v -0.476903 0.228085 0.671701
v -0.413761 0.317939 0.665679
v -0.465819 0.287733 0.647822
v -0.383595 0.229432 0.731271
v -0.434713 0.198008 0.711995
v 0.000001 -0.061780 -0.850637
v -0.000004 0.066332 -0.850455
v 0.058994 -0.029326 -0.848847
v -0.058989 -0.029317 -0.848817
v 0.058867 0.034890 -0.848802
v -0.058863 0.034888 -0.848766
v 0.369784 -0.287628 -0.703276
v 0.473593 -0.227436 -0.668098
v 0.410570 -0.315767 -0.661896
v 0.462945 -0.287238 -0.645535
v 0.379874 -0.227798 -0.726319
v 0.431891 -0.196768 -0.707869
v -0.369781 -0.287630 -0.703274
v -0.473589 -0.227440 -0.668105
v -0.410568 -0.315768 -0.661895
v -0.462941 -0.287242 -0.645533
v -0.379873 -0.227796 -0.726321
v -0.431888 -0.196768 -0.707870
v 0.367869 0.285264 -0.701298
v 0.471809 0.226237 -0.666462
v 0.409708 0.312344 -0.660038
v 0.461533 0.284289 -0.643930
v 0.377237 0.227468 -0.724769
v 0.429786 0.196893 -0.706389
v -0.367845 0.285255 -0.701297
v -0.471817 0.226227 -0.666467
v -0.409702 0.312332 -0.660052
v -0.461520 0.284287 -0.643907
v -0.377229 0.227481 -0.724771
v -0.429788 0.196885 -0.706389
v 0.851613 0.000426 -0.056649
v 0.856209 0.000378 0.065277
v 0.852092 0.055283 -0.026421
v 0.853305 0.055697 0.034582
v 0.850192 -0.055492 -0.026064
v 0.851307 -0.055847 0.035125
v -0.851659 0.000412 -0.056651
v -0.856214 0.000370 0.065277
v -0.852074 0.055284 -0.026418
v -0.853294 0.055697 0.034574
v -0.850190 -0.055498 -0.026064
v -0.851316 -0.055853 0.035119
v -0.254875 0.661260 0.001636
v -0.123013 0.701419 -0.000628
v -0.224686 0.666285 0.044442
v -0.225574 0.673366 -0.042728
v -0.160128 0.684767 0.041215
v -0.159849 0.693468 -0.042037
v -0.356253 0.615201 0.129071
v -0.311890 0.603418 0.229241
v -0.297113 0.630491 0.133333
v -0.392091 0.593170 0.170068
v -0.274354 0.625453 0.181595
v -0.371250 0.587439 0.222803
v -0.360196 0.633146 -0.128475
v -0.317577 0.646858 -0.248997
v -0.300495 0.652171 -0.137597
v -0.397465 0.617717 -0.173238
v -0.277202 0.658640 -0.195936
v -0.378117 0.625326 -0.235420
v -0.513473 0.566829 -0.077849
v -0.577653 0.509410 -0.144217
v -0.501866 0.569137 -0.134694
v -0.554434 0.539271 -0.052935
v -0.532116 0.540467 -0.170527
v -0.588972 0.511136 -0.084371
v -0.510411 0.557832 0.085075
v -0.582905 0.505351 0.154083
v -0.498943 0.554681 0.140076
v -0.553848 0.534708 0.061531
v -0.534524 0.528692 0.176706
v -0.591097 0.507736 0.094311
v 0.254875 0.661233 0.001621
v 0.123022 0.701384 -0.000577
v 0.224678 0.666263 0.044532
v 0.225450 0.673308 -0.042719
v 0.160146 0.684743 0.041287
v 0.159828 0.693560 -0.042077
v 0.356239 0.615272 0.129081
v 0.311904 0.603426 0.229237
v 0.297128 0.630485 0.133334
v 0.392085 0.593164 0.170047
v 0.274333 0.625455 0.181566
v 0.371263 0.587451 0.222797
v 0.360218 0.633257 -0.128555
v 0.317842 0.647144 -0.249025
v 0.300642 0.652212 -0.137598
v 0.397317 0.617783 -0.173359
v 0.277420 0.658869 -0.196110
v 0.378328 0.625710 -0.235595
v 0.513516 0.566784 -0.077760
v 0.577837 0.509428 -0.144146
v 0.501868 0.569042 -0.134737
v 0.554452 0.539294 -0.052903
v 0.532444 0.540448 -0.170584
v 0.588994 0.511158 -0.084331
v 0.510410 0.557827 0.085059
v 0.582897 0.505367 0.154083
v 0.498956 0.554672 0.140078
v 0.553884 0.534731 0.061519
v 0.534524 0.528699 0.176712
v 0.591102 0.507743 0.094316
v -0.268356 -0.702039 0.004198
v -0.140705 -0.737348 0.010660
v -0.235195 -0.701671 0.054292
v -0.248685 -0.737088 -0.043296
v -0.169213 -0.719978 0.056475
v -0.186465 -0.751089 -0.040314
v -0.367310 -0.648665 0.142177
v -0.321712 -0.653570 0.257908
v -0.306260 -0.667657 0.151028
v -0.408838 -0.634154 0.186533
v -0.282184 -0.670163 0.207874
v -0.385645 -0.634695 0.245480
v -0.367124 -0.661746 -0.131084
v -0.328651 -0.666432 -0.244971
v -0.324727 -0.717129 -0.146934
v -0.393496 -0.620564 -0.168304
v -0.317970 -0.741714 -0.218143
v -0.374009 -0.619048 -0.224164
v -0.509601 -0.562505 -0.074243
v -0.575158 -0.498877 -0.141190
v -0.493177 -0.557559 -0.129539
v -0.554138 -0.537154 -0.049517
v -0.526414 -0.524448 -0.164913
v -0.587814 -0.505397 -0.081509
v -0.521576 -0.579736 0.091266
v -0.586990 -0.519830 0.159724
v -0.511921 -0.583645 0.149886
v -0.558545 -0.546802 0.065873
v -0.543000 -0.552609 0.185933
v -0.594732 -0.518338 0.098266
v 0.268295 -0.702601 0.004301
v 0.140811 -0.737176 0.010644
v 0.235411 -0.701596 0.054277
v 0.249071 -0.736428 -0.043446
v 0.169255 -0.720699 0.056547
v 0.186575 -0.751080 -0.040341
v 0.367413 -0.648856 0.141919
v 0.321344 -0.653580 0.258679
v 0.306550 -0.667415 0.151282
v 0.408748 -0.634448 0.186557
v 0.282767 -0.670008 0.208229
v 0.385816 -0.634822 0.245051
v 0.366641 -0.661064 -0.130849
v 0.328759 -0.666768 -0.245024
v 0.324577 -0.716739 -0.146681
v 0.393723 -0.620817 -0.168333
v 0.317940 -0.741657 -0.217016
v 0.373840 -0.619034 -0.223903
v 0.509610 -0.562287 -0.074271
v 0.575144 -0.498910 -0.141142
v 0.493253 -0.557691 -0.129671
v 0.554214 -0.537269 -0.049450
v 0.526607 -0.524378 -0.165186
v 0.587818 -0.505441 -0.081480
v 0.521724 -0.579654 0.091241
v 0.586966 -0.519873 0.159678
v 0.511945 -0.583663 0.149969
v 0.558565 -0.546813 0.065837
v 0.542980 -0.552551 0.185947
v 0.594692 -0.518422 0.098254
v -0.100890 -0.600494 0.698684
v -0.199206 -0.749581 0.678934
v -0.073333 -0.652861 0.675243
v -0.167785 -0.594596 0.701637
v -0.114734 -0.713773 0.653604
v -0.224605 -0.663414 0.698480
v 0.100770 -0.600684 0.698316
v 0.197773 -0.750419 0.678749
v 0.072677 -0.652710 0.674459
v 0.167181 -0.594959 0.701993
v 0.114697 -0.714018 0.653377
v 0.223619 -0.664117 0.698571
v 0.000112 -0.299533 0.786645
v 0.000001 -0.185677 0.834097
v 0.054375 -0.270472 0.798306
v -0.054334 -0.270538 0.798159
v 0.057442 -0.213318 0.823767
v -0.057324 -0.213347 0.823795
v 0.143675 -0.402507 0.733729
v 0.255037 -0.346999 0.720553
v 0.189160 -0.443963 0.712574
v 0.153021 -0.338394 0.754395
v 0.244321 -0.413870 0.700489
v 0.209567 -0.311024 0.750615
v -0.143892 -0.402083 0.733513
v -0.255248 -0.346191 0.720347
v -0.189068 -0.443759 0.712146
v -0.153098 -0.337985 0.754300
v -0.244087 -0.414248 0.700797
v -0.209238 -0.311039 0.751157
v -0.086823 0.490258 0.625471
v -0.151880 0.527810 0.536998
v -0.059600 0.514773 0.583254
v -0.146320 0.483909 0.626090
v -0.091015 0.534359 0.537912
v -0.180520 0.502433 0.582273
v 0.086822 0.490258 0.625475
v 0.151873 0.527812 0.536992
v 0.059607 0.514786 0.583278
v 0.146309 0.483896 0.626071
v 0.091014 0.534364 0.537910
v 0.180506 0.502423 0.582253
v 0.000001 0.307418 0.794501
v -0.000003 0.189554 0.835867
v 0.055659 0.279975 0.804978
v -0.055654 0.279975 0.804974
v 0.057742 0.220522 0.825628
v -0.057744 0.220524 0.825626
v 0.145417 0.389614 0.733950
v 0.260779 0.342909 0.726469
v 0.187774 0.414222 0.700063
v 0.156923 0.339063 0.762485
v 0.246428 0.394690 0.696171
v 0.214512 0.313013 0.759539
v -0.145412 0.389615 0.733951
v -0.260778 0.342908 0.726466
v -0.187775 0.414229 0.700067
v -0.156920 0.339059 0.762476
v -0.246430 0.394705 0.696183
v -0.214502 0.313029 0.759556
v -0.086330 -0.483233 -0.624994
v -0.149430 -0.522314 -0.536185
v -0.058981 -0.508600 -0.583005
v -0.144698 -0.475001 -0.624264
v -0.089625 -0.530566 -0.538257
v -0.177547 -0.493038 -0.580515
v 0.086337 -0.483240 -0.624986
v 0.149326 -0.522495 -0.536344
v 0.058938 -0.508619 -0.583015
v 0.144668 -0.475007 -0.624264
v 0.089702 -0.530468 -0.538251
v 0.177580 -0.492984 -0.580421
v -0.000002 -0.307672 -0.795528
v 0.000003 -0.189291 -0.835337
v 0.054988 -0.279409 -0.803348
v -0.054990 -0.279414 -0.803360
v 0.057125 -0.220329 -0.824017
v -0.057121 -0.220326 -0.823995
v 0.146451 -0.387262 -0.731874
v 0.259611 -0.342660 -0.725494
v 0.188906 -0.412066 -0.700113
v 0.156780 -0.337846 -0.759449
v 0.245302 -0.391666 -0.694993
v 0.214531 -0.314112 -0.758909
v -0.146438 -0.387225 -0.731834
v -0.259619 -0.342664 -0.725492
v -0.188913 -0.412061 -0.700095
v -0.156764 -0.337800 -0.759411
v -0.245306 -0.391664 -0.694979
v -0.214537 -0.314114 -0.758902
v -0.091896 0.537069 -0.653857
v -0.168314 0.615267 -0.592195
v -0.066902 0.593801 -0.632833
v -0.150834 0.520074 -0.647597
v -0.106140 0.633240 -0.599499
v -0.190909 0.557490 -0.617962
v 0.091835 0.537608 -0.654136
v 0.165723 0.611708 -0.587772
v 0.067338 0.592907 -0.632217
v 0.150049 0.519335 -0.646789
v 0.108382 0.634354 -0.601578
v 0.189579 0.556042 -0.616164
v 0.000004 0.302578 -0.793798
v 0.000007 0.189110 -0.833849
v 0.054592 0.275946 -0.801899
v -0.054589 0.275941 -0.801894
v 0.056587 0.219382 -0.823142
v -0.056605 0.219370 -0.823148
v 0.144234 0.381509 -0.727334
v 0.258976 0.337639 -0.723552
v 0.185908 0.411420 -0.696915
v 0.156851 0.332200 -0.757847
v 0.242278 0.388486 -0.690806
v 0.213467 0.309502 -0.756889
v -0.144199 0.381705 -0.727196
v -0.259126 0.337654 -0.723492
v -0.185816 0.411332 -0.696936
v -0.156806 0.332253 -0.757829
v -0.242115 0.388713 -0.691042
v -0.213454 0.309534 -0.756852
v 0.727367 0.138409 -0.400502
v 0.707276 0.243707 -0.344914
v 0.695985 0.180699 -0.432710
v 0.748462 0.146071 -0.340850
v 0.685130 0.234273 -0.406550
v 0.739879 0.198699 -0.311590
v 0.726475 -0.139768 -0.399874
v 0.707756 -0.247471 -0.344266
v 0.695969 -0.183242 -0.432555
v 0.747341 -0.148068 -0.340140
v 0.685756 -0.237776 -0.406414
v 0.739618 -0.202116 -0.310982
v 0.645333 -0.087755 -0.550172
v 0.565802 -0.159517 -0.615452
v 0.639891 -0.147865 -0.536773
v 0.612483 -0.061268 -0.594237
v 0.600599 -0.185260 -0.568701
v 0.570940 -0.095618 -0.626992
v 0.646332 0.088741 -0.551273
v 0.565467 0.158759 -0.614915
v 0.640053 0.146951 -0.537187
v 0.613034 0.062893 -0.594862
v 0.600076 0.183455 -0.568427
v 0.571562 0.096751 -0.627534
v 0.786000 0.000596 -0.306379
v 0.827001 0.000600 -0.180173
v 0.793016 0.051075 -0.275757
v 0.791765 -0.050561 -0.275449
v 0.813638 0.052637 -0.212356
v 0.812350 -0.052324 -0.212100
v 0.746584 0.142133 0.402636
v 0.730930 0.253972 0.349819
v 0.713629 0.185583 0.435016
v 0.772177 0.151630 0.345346
v 0.704265 0.241706 0.409100
v 0.763679 0.206809 0.317352
v 0.744868 -0.145191 0.403262
v 0.729512 -0.256385 0.350157
v 0.712243 -0.189031 0.435587
v 0.770421 -0.154750 0.346304
v 0.702883 -0.244260 0.409161
v 0.762574 -0.210052 0.318346
v 0.654868 -0.091694 0.555895
v 0.572241 -0.162722 0.620102
v 0.650487 -0.152598 0.542195
v 0.618929 -0.064475 0.599061
v 0.610131 -0.189606 0.574283
v 0.576411 -0.099044 0.631752
v 0.656565 0.089210 0.555819
v 0.572237 0.160145 0.619347
v 0.651641 0.149411 0.541420
v 0.620458 0.062106 0.599636
v 0.610800 0.187110 0.573920
v 0.577633 0.096465 0.632272
v 0.810125 0.000166 0.312747
v 0.841891 0.000497 0.190166
v 0.817319 0.052902 0.282959
v 0.815384 -0.052975 0.283463
v 0.833467 0.054643 0.221328
v 0.831891 -0.054391 0.222050
v -0.727350 0.138406 -0.400487
v -0.707281 0.243704 -0.344903
v -0.695983 0.180702 -0.432705
v -0.748435 0.146059 -0.340834
v -0.685127 0.234259 -0.406557
v -0.739917 0.198707 -0.311594
v -0.726472 -0.139752 -0.399870
v -0.707751 -0.247449 -0.344275
v -0.695972 -0.183240 -0.432559
v -0.747350 -0.148066 -0.340137
v -0.685755 -0.237769 -0.406405
v -0.739637 -0.202110 -0.310965
v -0.645348 -0.087761 -0.550183
v -0.565775 -0.159494 -0.615404
v -0.639880 -0.147866 -0.536776
v -0.612485 -0.061277 -0.594244
v -0.600595 -0.185264 -0.568704
v -0.570914 -0.095607 -0.626948
v -0.646331 0.088742 -0.551272
v -0.565466 0.158750 -0.614919
v -0.640053 0.146949 -0.537184
v -0.613034 0.062891 -0.594861
v -0.600078 0.183446 -0.568427
v -0.571562 0.096749 -0.627536
v -0.785953 0.000611 -0.306345
v -0.826985 0.000602 -0.180192
v -0.792936 0.051088 -0.275763
v -0.791741 -0.050561 -0.275426
v -0.813636 0.052632 -0.212339
v -0.812330 -0.052332 -0.212104
v -0.746581 0.142121 0.402645
v -0.730942 0.253975 0.349827
v -0.713625 0.185576 0.435016
v -0.772174 0.151619 0.345341
v -0.704244 0.241687 0.409094
v -0.763684 0.206805 0.317354
v -0.744899 -0.145193 0.403257
v -0.729512 -0.256374 0.350135
v -0.712251 -0.189002 0.435578
v -0.770431 -0.154752 0.346289
v -0.702836 -0.244285 0.409146
v -0.762591 -0.210039 0.318339
v -0.654860 -0.091670 0.555863
v -0.572237 -0.162713 0.620105
v -0.650485 -0.152578 0.542201
v -0.618935 -0.064477 0.599102
v -0.610108 -0.189606 0.574270
v -0.576404 -0.099045 0.631765
v -0.656553 0.089205 0.555807
v -0.572226 0.160141 0.619324
v -0.651644 0.149409 0.541413
v -0.620454 0.062096 0.599627
v -0.610817 0.187131 0.573945
v -0.577631 0.096459 0.632276
v -0.810130 0.000152 0.312751
v -0.841864 0.000496 0.190121
v -0.817314 0.052898 0.282962
v -0.815414 -0.052986 0.283465
v -0.833466 0.054638 0.221324
v -0.831911 -0.054386 0.222043
v -0.065426 0.687716 0.114972
v -0.134691 0.642385 0.228668
v -0.117523 0.676768 0.124132
v -0.155404 0.654349 0.178203
v -0.048305 0.672638 0.167202
v -0.079186 0.651293 0.225071
v -0.061420 0.721772 -0.135045
v -0.129676 0.699288 -0.273259
v -0.115109 0.706287 -0.142126
v -0.153349 0.693563 -0.206082
v -0.045832 0.722784 -0.196912
v -0.076993 0.716583 -0.269930
v 0.065423 0.687704 0.114952
v 0.134698 0.642371 0.228663
v 0.117525 0.676749 0.124113
v 0.155403 0.654326 0.178186
v 0.048301 0.672649 0.167193
v 0.079186 0.651281 0.225078
v 0.061341 0.721993 -0.134859
v 0.129547 0.698825 -0.273511
v 0.115278 0.706508 -0.142225
v 0.152823 0.693626 -0.205267
v 0.045901 0.722902 -0.196899
v 0.077129 0.716510 -0.269960
v -0.418133 0.529178 0.365636
v -0.529140 0.490191 0.332167
v -0.442661 0.537971 0.309846
v -0.498308 0.518526 0.293501
v -0.448281 0.501029 0.406396
v -0.503895 0.481597 0.389778
v -0.059207 0.596308 0.387649
v 0.059211 0.596336 0.387647
v -0.030124 0.577734 0.439445
v 0.030121 0.577731 0.439431
v -0.028754 0.616883 0.333804
v 0.028755 0.616888 0.333807
v -0.333145 0.493608 0.524313
v -0.379986 0.420421 0.601073
v -0.300453 0.477700 0.573092
v -0.324510 0.443086 0.612815
v -0.391092 0.477115 0.514445
v -0.414333 0.439940 0.551672
v -0.434132 0.609781 -0.400030
v -0.516372 0.496129 -0.330613
v -0.447830 0.584592 -0.325623
v -0.492497 0.539098 -0.295830
v -0.448315 0.532387 -0.417715
v -0.493841 0.488285 -0.390253
v -0.078375 0.726117 -0.445027
v 0.078413 0.726086 -0.445129
v -0.036964 0.697616 -0.498267
v 0.037158 0.696966 -0.498065
v -0.034438 0.727280 -0.389576
v 0.034552 0.726571 -0.389263
v -0.335351 0.522256 -0.539230
v -0.374018 0.414810 -0.597271
v -0.300588 0.498422 -0.584253
v -0.319440 0.443557 -0.611555
v -0.387641 0.489640 -0.519288
v -0.407670 0.436858 -0.549889
v -0.695250 0.408460 -0.056700
v -0.701409 0.411868 0.069378
v -0.664711 0.446696 -0.025000
v -0.668006 0.448143 0.037536
v -0.728960 0.366778 -0.025462
v -0.731862 0.368376 0.037721
v -0.588866 0.359839 -0.437282
v -0.529237 0.326636 -0.545203
v -0.605754 0.312192 -0.467302
v -0.575465 0.293981 -0.520783
v -0.539514 0.390767 -0.458597
v -0.509995 0.374507 -0.512130
v -0.765202 0.264552 -0.152202
v -0.818705 0.162605 -0.088201
v -0.779179 0.210557 -0.183292
v -0.806805 0.160251 -0.150519
v -0.776899 0.268097 -0.088951
v -0.804019 0.216942 -0.057530
v -0.600298 0.371635 0.436339
v -0.539606 0.338051 0.549717
v -0.618334 0.321001 0.468344
v -0.588351 0.304303 0.526259
v -0.552372 0.406171 0.461776
v -0.522258 0.390403 0.517906
v -0.777530 0.270172 0.162007
v -0.827811 0.166172 0.097173
v -0.795378 0.216916 0.192497
v -0.819233 0.164754 0.159883
v -0.786504 0.273123 0.099219
v -0.809735 0.219933 0.066932
v 0.418132 0.529171 0.365629
v 0.529167 0.490198 0.332184
v 0.442648 0.537966 0.309836
v 0.498313 0.518547 0.293497
v 0.448279 0.501035 0.406396
v 0.503910 0.481624 0.389792
v 0.333153 0.493608 0.524314
v 0.379969 0.420401 0.601050
v 0.300452 0.477732 0.573102
v 0.324512 0.443063 0.612811
v 0.391103 0.477119 0.514447
v 0.414323 0.439911 0.551651
v 0.433838 0.610560 -0.400248
v 0.516466 0.495784 -0.330390
v 0.447707 0.584400 -0.325616
v 0.492231 0.539111 -0.295771
v 0.448134 0.533088 -0.417573
v 0.493578 0.488721 -0.390308
v 0.334612 0.522232 -0.538981
v 0.374075 0.414603 -0.597392
v 0.300719 0.498487 -0.584572
v 0.318883 0.443212 -0.611478
v 0.387198 0.489770 -0.519214
v 0.407723 0.436933 -0.549949
v 0.695285 0.408499 -0.056709
v 0.701406 0.411863 0.069378
v 0.664699 0.446674 -0.025021
v 0.668008 0.448133 0.037534
v 0.728978 0.366797 -0.025460
v 0.731875 0.368379 0.037724
v 0.588828 0.359852 -0.437324
v 0.529309 0.326597 -0.545224
v 0.605715 0.312181 -0.467299
v 0.575442 0.294014 -0.520828
v 0.539813 0.390720 -0.458467
v 0.509890 0.374545 -0.512159
v 0.765201 0.264557 -0.152183
v 0.818712 0.162607 -0.088193
v 0.779171 0.210569 -0.183282
v 0.806828 0.160253 -0.150510
v 0.776899 0.268098 -0.088944
v 0.804024 0.216947 -0.057529
v 0.600309 0.371644 0.436353
v 0.539589 0.338029 0.549700
v 0.618340 0.321008 0.468342
v 0.588348 0.304293 0.526254
v 0.552357 0.406147 0.461770
v 0.522267 0.390417 0.517912
v 0.777535 0.270172 0.162009
v 0.827811 0.166172 0.097165
v 0.795379 0.216916 0.192491
v 0.819237 0.164757 0.159883
v 0.786510 0.273126 0.099214
v 0.809738 0.219931 0.066934
v -0.053252 -0.745068 0.152489
v -0.134837 -0.711891 0.278348
v -0.115494 -0.725798 0.159209
v -0.156810 -0.708698 0.217147
v -0.043854 -0.741537 0.212330
v -0.077101 -0.728430 0.277050
v -0.085156 -0.733423 -0.126091
v -0.149655 -0.716840 -0.254468
v -0.141413 -0.762483 -0.143711
v -0.171282 -0.779073 -0.216989
v -0.060647 -0.707555 -0.177177
v -0.090462 -0.696236 -0.240566
v 0.052968 -0.745194 0.152185
v 0.134942 -0.711512 0.278714
v 0.115275 -0.725740 0.159332
v 0.156446 -0.708608 0.217195
v 0.043897 -0.741662 0.212491
v 0.077806 -0.728345 0.277140
v 0.085122 -0.733141 -0.125926
v 0.149148 -0.716238 -0.254128
v 0.141760 -0.762485 -0.143236
v 0.171002 -0.778869 -0.216610
v 0.060769 -0.707479 -0.177148
v 0.090265 -0.695997 -0.240364
v -0.426042 -0.577477 0.389957
v -0.537927 -0.516789 0.344036
v -0.454985 -0.582323 0.330943
v -0.509725 -0.552002 0.308619
v -0.454439 -0.540172 0.425353
v -0.510840 -0.508928 0.401683
v -0.068343 -0.737532 0.470695
v 0.068943 -0.739026 0.471161
v -0.038608 -0.718419 0.528216
v 0.039155 -0.718876 0.528422
v -0.031427 -0.735606 0.404611
v 0.031632 -0.735721 0.404864
v -0.349062 -0.570493 0.571155
v -0.379116 -0.442298 0.609444
v -0.320177 -0.557688 0.625650
v -0.329069 -0.483848 0.635880
v -0.395896 -0.522487 0.538898
v -0.414282 -0.464944 0.563078
v -0.408780 -0.523770 -0.359277
v -0.516072 -0.475552 -0.325198
v -0.431656 -0.535925 -0.301415
v -0.484998 -0.509310 -0.283798
v -0.440380 -0.488332 -0.403774
v -0.493699 -0.466228 -0.386632
v -0.060979 -0.619352 -0.398580
v 0.061066 -0.619140 -0.398259
v -0.030250 -0.589885 -0.446246
v 0.030262 -0.590233 -0.446936
v -0.030379 -0.646042 -0.346684
v 0.030474 -0.646103 -0.347074
v -0.327609 -0.481223 -0.523359
v -0.376629 -0.413139 -0.600345
v -0.296545 -0.466239 -0.573200
v -0.320485 -0.432733 -0.610798
v -0.384883 -0.463285 -0.513730
v -0.409505 -0.429911 -0.552407
v -0.695930 -0.408848 -0.055733
v -0.701905 -0.412685 0.069123
v -0.665820 -0.446712 -0.023994
v -0.668384 -0.449015 0.038064
v -0.729428 -0.368244 -0.025088
v -0.732121 -0.369713 0.037526
v -0.588588 -0.364388 -0.435520
v -0.529630 -0.330428 -0.545011
v -0.606782 -0.316463 -0.466640
v -0.576517 -0.297931 -0.520739
v -0.541983 -0.394689 -0.460274
v -0.511851 -0.378209 -0.514092
v -0.765471 -0.269029 -0.151015
v -0.817344 -0.165704 -0.087486
v -0.778877 -0.214758 -0.182441
v -0.805238 -0.163339 -0.149894
v -0.776670 -0.271789 -0.088122
v -0.803543 -0.220778 -0.056745
v -0.598638 -0.373063 0.435391
v -0.536934 -0.336859 0.545139
v -0.616960 -0.321186 0.466351
v -0.587611 -0.303590 0.523085
v -0.550736 -0.409893 0.461593
v -0.520734 -0.393696 0.516425
v -0.776504 -0.272481 0.162486
v -0.826796 -0.168994 0.097992
v -0.794326 -0.219628 0.193514
v -0.817739 -0.166907 0.160990
v -0.785957 -0.275962 0.099265
v -0.809240 -0.223321 0.067443
v 0.425995 -0.577649 0.389854
v 0.537832 -0.516756 0.344066
v 0.454964 -0.582271 0.330995
v 0.509690 -0.552043 0.308604
v 0.455080 -0.540303 0.425910
v 0.510719 -0.509020 0.401657
v 0.348529 -0.570898 0.570552
v 0.378965 -0.442492 0.610172
v 0.320082 -0.558111 0.625532
v 0.328985 -0.484094 0.636200
v 0.395934 -0.522444 0.539056
v 0.414531 -0.465364 0.563194
v 0.408704 -0.523519 -0.359310
v 0.516225 -0.475752 -0.325384
v 0.431864 -0.535842 -0.301392
v 0.484686 -0.509558 -0.283412
v 0.440497 -0.488554 -0.403868
v 0.493831 -0.466315 -0.386746
v 0.327549 -0.481233 -0.523372
v 0.376617 -0.413176 -0.600342
v 0.296586 -0.466192 -0.573198
v 0.320454 -0.432734 -0.610773
v 0.384930 -0.463183 -0.513747
v 0.409476 -0.429925 -0.552394
v 0.695912 -0.408833 -0.055723
v 0.701888 -0.412678 0.069124
v 0.665818 -0.446692 -0.023996
v 0.668394 -0.449029 0.038069
v 0.729483 -0.368274 -0.025098
v 0.732132 -0.369706 0.037526
v 0.588627 -0.364403 -0.435527
v 0.529624 -0.330429 -0.545003
v 0.606781 -0.316471 -0.466642
v 0.576517 -0.297935 -0.520744
v 0.541988 -0.394716 -0.460282
v 0.511878 -0.378274 -0.514110
v 0.765493 -0.269033 -0.151025
v 0.817338 -0.165698 -0.087474
v 0.778838 -0.214767 -0.182406
v 0.805229 -0.163327 -0.149880
v 0.776657 -0.271793 -0.088118
v 0.803510 -0.220773 -0.056742
v 0.598612 -0.373084 0.435421
v 0.536953 -0.336854 0.544920
v 0.616939 -0.321164 0.466390
v 0.587575 -0.303570 0.523098
v 0.550648 -0.410019 0.461569
v 0.520733 -0.393899 0.516352
v 0.776495 -0.272479 0.162491
v 0.826763 -0.168983 0.097991
v 0.794326 -0.219614 0.193520
v 0.817743 -0.166904 0.160993
v 0.785969 -0.275960 0.099268
v 0.809222 -0.223313 0.067450
v 0.174681 -0.098983 0.830277
v 0.284789 -0.162074 0.791317
v 0.173729 -0.159270 0.822694
v 0.227874 -0.189850 0.801417
v 0.231297 -0.067618 0.819086
v 0.286284 -0.100195 0.800493
v -0.174695 -0.098999 0.830256
v -0.284671 -0.162096 0.791368
v -0.173617 -0.159258 0.822732
v -0.227827 -0.189904 0.801413
v -0.231337 -0.067620 0.819091
v -0.286316 -0.100200 0.800481
v 0.175267 0.095317 0.830624
v 0.285446 0.162736 0.791943
v 0.174271 0.159855 0.823225
v 0.228951 0.192906 0.802465
v 0.231920 0.063469 0.819305
v 0.287009 0.097443 0.800651
v -0.175268 0.095310 0.830622
v -0.285433 0.162726 0.791954
v -0.174263 0.159848 0.823229
v -0.228944 0.192903 0.802466
v -0.231924 0.063471 0.819299
v -0.287014 0.097437 0.800649
v 0.440902 -0.068785 0.731926
v 0.441475 0.066413 0.732462
v 0.489258 -0.034980 0.704015
v 0.489827 0.032578 0.704620
v 0.391603 -0.035179 0.759980
v 0.391875 0.032157 0.760233
v -0.440893 -0.068765 0.731944
v -0.441456 0.066412 0.732445
v -0.489268 -0.034973 0.704009
v -0.489852 0.032584 0.704620
v -0.391644 -0.035179 0.760053
v -0.391894 0.032159 0.760208
v 0.175102 -0.095180 -0.830288
v 0.283784 -0.162603 -0.789939
v 0.173827 -0.160020 -0.821739
v 0.228042 -0.193235 -0.800861
v 0.231449 -0.063237 -0.818409
v 0.286036 -0.097043 -0.799205
v -0.175098 -0.095179 -0.830273
v -0.283783 -0.162603 -0.789939
v -0.173824 -0.160021 -0.821728
v -0.228044 -0.193234 -0.800860
v -0.231449 -0.063234 -0.818408
v -0.286035 -0.097044 -0.799206
v 0.173616 0.099242 -0.829628
v 0.280769 0.164624 -0.788967
v 0.171551 0.161683 -0.820347
v 0.225146 0.194363 -0.800489
v 0.230116 0.067909 -0.818278
v 0.283874 0.100925 -0.798341
v -0.173607 0.099240 -0.829636
v -0.280764 0.164620 -0.788962
v -0.171538 0.161682 -0.820352
v -0.225147 0.194362 -0.800500
v -0.230107 0.067902 -0.818243
v -0.283872 0.100931 -0.798338
v 0.439531 -0.064982 -0.729201
v 0.439474 0.068506 -0.729423
v 0.486999 -0.031631 -0.701277
v 0.487131 0.034808 -0.701270
v 0.391251 -0.031265 -0.758724
v 0.390972 0.035579 -0.758651
v -0.439531 -0.064981 -0.729204
v -0.439472 0.068504 -0.729422
v -0.486997 -0.031629 -0.701279
v -0.487126 0.034806 -0.701266
v -0.391250 -0.031267 -0.758726
v -0.390970 0.035576 -0.758650
v -0.343548 0.631767 0.043554
v -0.344677 0.636407 -0.037338
v -0.286412 0.648429 0.045105
v -0.287455 0.654246 -0.041163
v -0.426809 0.599113 0.070679
v -0.320401 0.633413 0.087340
v -0.411738 0.597827 0.119431
v -0.431376 0.607556 -0.063845
v -0.322457 0.644306 -0.084989
v -0.416121 0.612878 -0.115717
v -0.478362 0.583015 0.003821
v -0.467405 0.591159 -0.098735
v -0.516400 0.562451 -0.023033
v -0.462246 0.578104 0.104507
v -0.515849 0.559990 0.030900
v 0.343572 0.631732 0.043595
v 0.344557 0.636213 -0.037439
v 0.286409 0.648421 0.045169
v 0.287426 0.654316 -0.041151
v 0.426814 0.599094 0.070671
v 0.320427 0.633400 0.087368
v 0.411676 0.597806 0.119388
v 0.431369 0.607515 -0.063686
v 0.322423 0.644428 -0.085044
v 0.416056 0.612861 -0.115801
v 0.478351 0.583029 0.003810
v 0.467461 0.591074 -0.098623
v 0.516413 0.562473 -0.023001
v 0.462231 0.578106 0.104504
v 0.515822 0.560012 0.030888
v -0.352443 -0.658872 0.048082
v -0.352485 -0.667380 -0.039677
v -0.296117 -0.680694 0.051611
v -0.304503 -0.703395 -0.043014
v -0.439104 -0.624680 0.076706
v -0.330135 -0.663967 0.097702
v -0.425658 -0.629958 0.129683
v -0.429173 -0.617673 -0.063277
v -0.337868 -0.691094 -0.089072
v -0.412677 -0.620797 -0.114301
v -0.487618 -0.597332 0.006629
v -0.460634 -0.589512 -0.095934
v -0.520546 -0.568297 -0.019716
v -0.477188 -0.607731 0.112708
v -0.524481 -0.574076 0.034896
v 0.352339 -0.659292 0.048174
v 0.353128 -0.667685 -0.039247
v 0.296300 -0.681367 0.051970
v 0.304075 -0.703087 -0.043139
v 0.439237 -0.624985 0.076725
v 0.329611 -0.664076 0.097469
v 0.425458 -0.629858 0.129836
v 0.429379 -0.617596 -0.063135
v 0.337461 -0.691295 -0.088664
v 0.412736 -0.620206 -0.114461
v 0.487546 -0.597551 0.006537
v 0.460936 -0.589497 -0.095952
v 0.520443 -0.568332 -0.019836
v 0.477309 -0.607545 0.112753
v 0.524530 -0.574048 0.034791
v -0.000282 -0.545361 0.707132
v -0.077968 -0.485645 0.720657
v -0.033717 -0.597474 0.691487
v -0.119651 -0.534669 0.708856
v 0.077828 -0.485223 0.720816
v 0.033034 -0.597417 0.691131
v 0.119587 -0.534779 0.708651
v 0.046499 -0.389242 0.749828
v -0.046543 -0.389103 0.750084
v 0.050860 -0.330302 0.772012
v -0.050730 -0.330290 0.772189
v 0.133440 -0.467970 0.719073
v 0.098385 -0.364177 0.753823
v -0.133378 -0.468091 0.718567
v -0.098069 -0.364147 0.754024
v -0.000006 0.473368 0.664241
v -0.075487 0.444412 0.701285
v -0.028792 0.494444 0.625621
v -0.110974 0.464172 0.666143
v 0.075489 0.444438 0.701299
v 0.028785 0.494407 0.625582
v 0.110978 0.464191 0.666154
v 0.047504 0.384195 0.754246
v -0.047510 0.384203 0.754254
v 0.052245 0.334898 0.779791
v -0.052245 0.334899 0.779790
v 0.130499 0.431966 0.702500
v 0.100832 0.363797 0.761688
v -0.130489 0.431934 0.702473
v -0.100831 0.363802 0.761690
v 0.000004 -0.465675 -0.661807
v -0.076033 -0.437788 -0.698658
v -0.028610 -0.486793 -0.623950
v -0.110873 -0.456842 -0.664238
v 0.076035 -0.437813 -0.698672
v 0.028632 -0.486795 -0.623957
v 0.110883 -0.456884 -0.664295
v 0.047341 -0.380916 -0.752132
v -0.047339 -0.380933 -0.752137
v 0.051849 -0.333569 -0.778328
v -0.051852 -0.333595 -0.778354
v 0.131402 -0.426519 -0.700235
v 0.100533 -0.360160 -0.757421
v -0.131404 -0.426521 -0.700236
v -0.100537 -0.360170 -0.757433
v 0.000165 0.500339 -0.677825
v -0.075263 0.447570 -0.699816
v -0.030794 0.545980 -0.655469
v -0.112388 0.482631 -0.675079
v 0.075236 0.447728 -0.699894
v 0.030415 0.546460 -0.655710
v 0.112228 0.483025 -0.675288
v 0.047000 0.373626 -0.748736
v -0.046998 0.373759 -0.748528
v 0.051598 0.327474 -0.777058
v -0.051523 0.327517 -0.777021
v 0.129576 0.431461 -0.699171
v 0.100000 0.353291 -0.754542
v -0.129854 0.431446 -0.699416
v -0.099915 0.353283 -0.754406
v 0.707121 0.074350 -0.472789
v 0.753153 0.045674 -0.394286
v 0.702737 0.126719 -0.454782
v 0.752761 0.094639 -0.368352
v 0.706124 -0.072843 -0.471806
v 0.752147 -0.043970 -0.393617
v 0.701898 -0.127188 -0.454039
v 0.751506 -0.094656 -0.367615
v 0.683059 0.001483 -0.522665
v 0.675349 -0.110042 -0.504012
v 0.650363 -0.028235 -0.559388
v 0.676184 0.110335 -0.504930
v 0.650922 0.030736 -0.559924
v 0.772882 0.049041 -0.337284
v 0.771832 -0.048055 -0.336800
v 0.721865 0.075006 0.475236
v 0.773657 0.046243 0.396803
v 0.718931 0.129234 0.457049
v 0.775397 0.097468 0.371834
v 0.719930 -0.076639 0.475151
v 0.772117 -0.046763 0.396891
v 0.717162 -0.132154 0.457504
v 0.773013 -0.099254 0.372227
v 0.693857 -0.000607 0.526942
v 0.686845 -0.114274 0.507969
v 0.658870 -0.031216 0.564726
v 0.688591 0.111638 0.507681
v 0.659647 0.029282 0.564685
v 0.797235 0.050405 0.342140
v 0.795185 -0.050752 0.342348
v -0.707121 0.074338 -0.472783
v -0.753169 0.045690 -0.394296
v -0.702731 0.126714 -0.454770
v -0.752749 0.094634 -0.368330
v -0.706164 -0.072841 -0.471821
v -0.752127 -0.043966 -0.393607
v -0.701866 -0.127163 -0.454002
v -0.751522 -0.094650 -0.367622
v -0.683069 0.001491 -0.522661
v -0.675353 -0.110035 -0.504003
v -0.650401 -0.028250 -0.559422
v -0.676180 0.110334 -0.504926
v -0.650922 0.030727 -0.559920
v -0.772922 0.049023 -0.337292
v -0.771834 -0.048051 -0.336792
v -0.721859 0.074999 0.475233
v -0.773660 0.046237 0.396803
v -0.718923 0.129224 0.457056
v -0.775374 0.097451 0.371816
v -0.719973 -0.076658 0.475160
v -0.772137 -0.046778 0.396884
v -0.717190 -0.132137 0.457497
v -0.772949 -0.099241 0.372208
v -0.693855 -0.000613 0.526934
v -0.686852 -0.114254 0.507962
v -0.658872 -0.031208 0.564711
v -0.688597 0.111637 0.507686
v -0.659648 0.029274 0.564685
v -0.797243 0.050405 0.342134
v -0.795217 -0.050766 0.342352
v -0.044809 0.717255 0.022761
v -0.040409 0.729142 -0.037621
v -0.094634 0.703940 0.033875
v -0.093258 0.713763 -0.039137
v 0.044810 0.717254 0.022759
v 0.040465 0.729196 -0.037622
v 0.094638 0.703967 0.033902
v 0.093176 0.713854 -0.039198
v 0.000008 0.714124 0.047978
v -0.078605 0.699062 0.070057
v -0.020531 0.694142 0.107164
v 0.000075 0.739625 -0.070324
v -0.071681 0.721448 -0.078987
v -0.015713 0.735153 -0.120501
v 0.078604 0.699055 0.070036
v 0.020541 0.694130 0.107160
v 0.071684 0.721405 -0.079222
v 0.015786 0.735060 -0.120607
v -0.229044 0.609069 0.283807
v -0.325301 0.570906 0.330187
v -0.251914 0.618376 0.231911
v -0.349253 0.580275 0.276774
v -0.151068 0.568009 0.439309
v -0.244077 0.534393 0.486426
v -0.121723 0.551980 0.489651
v -0.213027 0.519034 0.535233
v -0.145230 0.606594 0.335639
v -0.192478 0.631902 0.231481
v -0.111798 0.629439 0.281348
v -0.333254 0.534619 0.430032
v -0.385352 0.555733 0.322818
v -0.391695 0.519025 0.420266
v -0.090568 0.574915 0.439873
v -0.086622 0.613454 0.334630
v -0.273180 0.507006 0.530596
v -0.363704 0.507454 0.473601
v -0.221608 0.663855 -0.324725
v -0.333219 0.644267 -0.363844
v -0.251979 0.663490 -0.258671
v -0.363805 0.640147 -0.304790
v -0.169084 0.711258 -0.504616
v -0.247335 0.604201 -0.525869
v -0.135983 0.663210 -0.548041
v -0.227350 0.588382 -0.581460
v -0.185313 0.814898 -0.422060
v -0.188375 0.680683 -0.268514
v -0.111842 0.719220 -0.348251
v -0.337080 0.591838 -0.457147
v -0.405937 0.634785 -0.357440
v -0.405471 0.570995 -0.443863
v -0.108787 0.711346 -0.501708
v -0.104220 0.753033 -0.400535
v -0.280087 0.554207 -0.558494
v -0.366607 0.543566 -0.489946
v -0.583056 0.464521 -0.240723
v -0.645017 0.439298 -0.149663
v -0.558909 0.504261 -0.205613
v -0.620007 0.478720 -0.116686
v -0.652981 0.333967 -0.345899
v -0.711210 0.302194 -0.249266
v -0.670675 0.285943 -0.377420
v -0.727276 0.251119 -0.280973
v -0.586451 0.413317 -0.339069
v -0.538388 0.499935 -0.268221
v -0.540937 0.449043 -0.365056
v -0.710358 0.360472 -0.152327
v -0.658957 0.445675 -0.087465
v -0.722377 0.365005 -0.088741
v -0.630852 0.324527 -0.408386
v -0.566639 0.403370 -0.401940
v -0.746605 0.257970 -0.216359
v -0.746184 0.316912 -0.120538
v -0.599867 0.471197 0.249674
v -0.656880 0.444834 0.161289
v -0.568372 0.501072 0.213580
v -0.625727 0.478221 0.127965
v -0.673379 0.348167 0.349306
v -0.731512 0.312882 0.257243
v -0.690568 0.296242 0.380239
v -0.750376 0.261403 0.288030
v -0.606091 0.429132 0.343981
v -0.550556 0.496219 0.273118
v -0.556414 0.457649 0.368562
v -0.721645 0.365709 0.163107
v -0.666072 0.448263 0.099725
v -0.731079 0.369860 0.100628
v -0.646963 0.335489 0.409219
v -0.579775 0.417893 0.403080
v -0.766057 0.266635 0.225235
v -0.755688 0.321169 0.131391
v 0.229039 0.609055 0.283805
v 0.325306 0.570888 0.330195
v 0.251921 0.618370 0.231909
v 0.349252 0.580275 0.276767
v 0.151056 0.568028 0.439303
v 0.244068 0.534393 0.486419
v 0.121717 0.551983 0.489655
v 0.213022 0.519031 0.535227
v 0.145238 0.606614 0.335651
v 0.192482 0.631858 0.231467
v 0.111795 0.629468 0.281336
v 0.090560 0.574925 0.439873
v 0.086620 0.613445 0.334627
v 0.333238 0.534654 0.430011
v 0.385381 0.555745 0.322840
v 0.391692 0.519002 0.420260
v 0.273173 0.507022 0.530596
v 0.363710 0.507461 0.473597
v 0.221555 0.663969 -0.324958
v 0.332622 0.642469 -0.363100
v 0.252296 0.663483 -0.258764
v 0.364302 0.641177 -0.305312
v 0.168825 0.710302 -0.504856
v 0.247802 0.605342 -0.526527
v 0.135846 0.662633 -0.547631
v 0.228080 0.588706 -0.582054
v 0.185056 0.814937 -0.422038
v 0.188578 0.681263 -0.268688
v 0.111926 0.719142 -0.348416
v 0.108674 0.711684 -0.501413
v 0.104354 0.753233 -0.400454
v 0.337891 0.591652 -0.457352
v 0.406024 0.635074 -0.356451
v 0.404597 0.569813 -0.443392
v 0.279896 0.554156 -0.558924
v 0.367358 0.543785 -0.490244
v 0.583024 0.464498 -0.240570
v 0.644923 0.439137 -0.149699
v 0.558610 0.504279 -0.205666
v 0.619988 0.478705 -0.116657
v 0.653000 0.333989 -0.345883
v 0.711222 0.302249 -0.249269
v 0.670671 0.285958 -0.377422
v 0.727250 0.251120 -0.280967
v 0.586537 0.413548 -0.338802
v 0.537610 0.500321 -0.268356
v 0.541507 0.448792 -0.365079
v 0.710323 0.360475 -0.152330
v 0.658931 0.445669 -0.087455
v 0.722402 0.365022 -0.088761
v 0.630840 0.324541 -0.408389
v 0.566526 0.403344 -0.401917
v 0.746622 0.257976 -0.216383
v 0.746183 0.316920 -0.120534
v 0.599860 0.471184 0.249670
v 0.656882 0.444831 0.161290
v 0.568406 0.501088 0.213596
v 0.625731 0.478229 0.127965
v 0.673392 0.348172 0.349317
v 0.731519 0.312888 0.257250
v 0.690576 0.296244 0.380243
v 0.750381 0.261409 0.288034
v 0.606111 0.429131 0.343989
v 0.550561 0.496226 0.273118
v 0.556427 0.457670 0.368566
v 0.721643 0.365705 0.163102
v 0.666038 0.448217 0.099710
v 0.731072 0.369864 0.100619
v 0.646953 0.335472 0.409216
v 0.579754 0.417873 0.403062
v 0.766061 0.266635 0.225236
v 0.755693 0.321155 0.131396
v -0.045711 -0.755471 0.065062
v -0.068001 -0.749792 -0.018552
v -0.098564 -0.739165 0.059148
v -0.123819 -0.750720 -0.032622
v 0.045720 -0.755477 0.065018
v 0.067942 -0.749837 -0.018435
v 0.098758 -0.739186 0.059200
v 0.123753 -0.750579 -0.032667
v -0.000068 -0.760882 0.106249
v -0.070139 -0.744210 0.104856
v -0.014915 -0.755771 0.150282
v -0.000044 -0.736363 -0.055346
v -0.105785 -0.750377 -0.078159
v -0.028765 -0.720760 -0.114549
v 0.070291 -0.744320 0.104755
v 0.014667 -0.755903 0.150287
v 0.106067 -0.750202 -0.078663
v 0.028824 -0.720720 -0.114576
v -0.234683 -0.678708 0.335205
v -0.333950 -0.636592 0.371693
v -0.258058 -0.673534 0.268987
v -0.359318 -0.634050 0.306637
v -0.186116 -0.809466 0.550019
v -0.296748 -0.705495 0.588295
v -0.151621 -0.788170 0.625414
v -0.274479 -0.706878 0.663113
v -0.154661 -0.718889 0.411669
v -0.195382 -0.692806 0.275621
v -0.113469 -0.718686 0.343234
v -0.345578 -0.617743 0.479687
v -0.394153 -0.608477 0.350595
v -0.398753 -0.575651 0.450965
v -0.109392 -0.755850 0.540587
v -0.093442 -0.732540 0.407654
v -0.310060 -0.632157 0.612181
v -0.374137 -0.574811 0.511318
v -0.242535 -0.669422 -0.303227
v -0.323643 -0.589364 -0.329202
v -0.279048 -0.713349 -0.266943
v -0.349774 -0.607377 -0.277123
v -0.150681 -0.576802 -0.442529
v -0.239665 -0.530565 -0.485001
v -0.120393 -0.553066 -0.491109
v -0.209959 -0.511724 -0.535219
v -0.150735 -0.640319 -0.347208
v -0.217053 -0.739730 -0.274144
v -0.121050 -0.673755 -0.297388
v -0.326433 -0.530566 -0.425518
v -0.378193 -0.562895 -0.316342
v -0.383999 -0.509910 -0.416192
v -0.090702 -0.585075 -0.444928
v -0.090897 -0.643382 -0.346733
v -0.269959 -0.497776 -0.531705
v -0.356675 -0.495927 -0.470526
v -0.584937 -0.457728 -0.238730
v -0.646610 -0.437942 -0.147877
v -0.557182 -0.491676 -0.201654
v -0.619184 -0.472998 -0.114681
v -0.653148 -0.337270 -0.343843
v -0.712032 -0.306025 -0.247660
v -0.671263 -0.289487 -0.376442
v -0.727720 -0.255149 -0.279955
v -0.589449 -0.413270 -0.338876
v -0.536824 -0.484026 -0.262984
v -0.543902 -0.442032 -0.365345
v -0.711157 -0.362929 -0.150635
v -0.659685 -0.444287 -0.085888
v -0.723071 -0.366863 -0.087708
v -0.631267 -0.328428 -0.406990
v -0.567786 -0.405718 -0.401959
v -0.747012 -0.262219 -0.215149
v -0.746292 -0.319960 -0.119529
v -0.602010 -0.483072 0.254631
v -0.657066 -0.448576 0.162419
v -0.573966 -0.519368 0.221189
v -0.628477 -0.486099 0.130693
v -0.671581 -0.348920 0.349085
v -0.730512 -0.314463 0.257443
v -0.688860 -0.297459 0.379808
v -0.749058 -0.263587 0.288538
v -0.605671 -0.435394 0.346669
v -0.557858 -0.518666 0.282948
v -0.559011 -0.472031 0.374605
v -0.720828 -0.366795 0.162931
v -0.666895 -0.450545 0.100259
v -0.730846 -0.370914 0.100121
v -0.645290 -0.336327 0.408375
v -0.579373 -0.424049 0.404821
v -0.764881 -0.268791 0.225808
v -0.754941 -0.322966 0.131269
v 0.234717 -0.678627 0.334790
v 0.333529 -0.636254 0.371510
v 0.258147 -0.673399 0.269180
v 0.359073 -0.633256 0.306558
v 0.188770 -0.808898 0.550122
v 0.296413 -0.705722 0.588345
v 0.153879 -0.788764 0.625051
v 0.273758 -0.708268 0.662991
v 0.155513 -0.719221 0.411921
v 0.195887 -0.692877 0.275934
v 0.113471 -0.718395 0.343321
v 0.111055 -0.758957 0.541120
v 0.093751 -0.732833 0.408019
v 0.345775 -0.617882 0.479708
v 0.393931 -0.608842 0.350504
v 0.399263 -0.575737 0.450857
v 0.309559 -0.632750 0.612310
v 0.373832 -0.574754 0.511520
v 0.242483 -0.670168 -0.303667
v 0.323635 -0.589370 -0.328983
v 0.280115 -0.715963 -0.268256
v 0.349702 -0.607462 -0.276912
v 0.150705 -0.576675 -0.442677
v 0.239771 -0.530527 -0.484925
v 0.120296 -0.553055 -0.490987
v 0.209953 -0.511637 -0.535211
v 0.150900 -0.640029 -0.347148
v 0.215796 -0.738291 -0.272913
v 0.120871 -0.674111 -0.297419
v 0.090622 -0.585088 -0.444687
v 0.090910 -0.643598 -0.346757
v 0.326290 -0.530809 -0.425272
v 0.378142 -0.562740 -0.316758
v 0.384081 -0.509852 -0.416283
v 0.269892 -0.497658 -0.531778
v 0.356647 -0.495829 -0.470683
v 0.584950 -0.457691 -0.238706
v 0.646573 -0.437935 -0.147910
v 0.557207 -0.491640 -0.201761
v 0.619147 -0.473062 -0.114682
v 0.653163 -0.337263 -0.343852
v 0.712034 -0.306026 -0.247659
v 0.671272 -0.289503 -0.376450
v 0.727718 -0.255156 -0.279962
v 0.589451 -0.413254 -0.338900
v 0.536904 -0.483905 -0.263144
v 0.543988 -0.441868 -0.365424
v 0.711142 -0.362904 -0.150637
v 0.659748 -0.444323 -0.085910
v 0.723036 -0.366857 -0.087700
v 0.631273 -0.328429 -0.406985
v 0.567742 -0.405693 -0.401952
v 0.747008 -0.262245 -0.215164
v 0.746321 -0.319975 -0.119525
v 0.602043 -0.483080 0.254593
v 0.657092 -0.448588 0.162429
v 0.574021 -0.519380 0.221171
v 0.628451 -0.486127 0.130707
v 0.671605 -0.348929 0.349037
v 0.730499 -0.314477 0.257450
v 0.688902 -0.297441 0.379776
v 0.749041 -0.263599 0.288554
v 0.605582 -0.435351 0.346639
v 0.557858 -0.518675 0.282952
v 0.559031 -0.472092 0.374653
v 0.720806 -0.366813 0.162934
v 0.666880 -0.450573 0.100269
v 0.730843 -0.370923 0.100121
v 0.645302 -0.336321 0.408378
v 0.579320 -0.423977 0.404844
v 0.764876 -0.268801 0.225818
v 0.754939 -0.322975 0.131272
v 0.058819 -0.098451 0.846071
v -0.058841 -0.098488 0.846078
v 0.058600 -0.157907 0.839102
v -0.058628 -0.157926 0.839065
v 0.059006 0.094237 0.846634
v -0.058982 0.094242 0.846634
v 0.058718 0.158208 0.839557
v -0.058714 0.158205 0.839558
v 0.117472 -0.003084 0.844351
v 0.117048 -0.129071 0.837186
v 0.175011 -0.035315 0.833915
v -0.117482 -0.003060 0.844230
v -0.117065 -0.129116 0.837234
v -0.175023 -0.035310 0.833889
v 0.117426 0.126935 0.837766
v 0.175318 0.029913 0.834165
v -0.117412 0.126928 0.837773
v -0.175330 0.029923 0.834172
v 0.353732 -0.348403 0.673984
v 0.325813 -0.253479 0.737826
v 0.298883 -0.382054 0.688276
v 0.266717 -0.282598 0.744974
v 0.515735 -0.254337 0.623369
v 0.484598 -0.165986 0.688829
v 0.564967 -0.223003 0.601033
v 0.531614 -0.133556 0.662324
v 0.447170 -0.344380 0.613418
v 0.340635 -0.414814 0.652281
v 0.431188 -0.404644 0.587683
v 0.552383 -0.280194 0.574280
v 0.484560 -0.370225 0.566149
v 0.389279 -0.164706 0.746335
v 0.278929 -0.221194 0.772386
v 0.339046 -0.132571 0.775738
v 0.487425 -0.101612 0.698683
v 0.390922 -0.101430 0.755780
v -0.354229 -0.348816 0.673815
v -0.325524 -0.253564 0.737772
v -0.299108 -0.381989 0.688195
v -0.266847 -0.282918 0.744895
v -0.515678 -0.254382 0.623491
v -0.484614 -0.165970 0.688810
v -0.564967 -0.222926 0.600937
v -0.531608 -0.133561 0.662328
v -0.447375 -0.344710 0.613453
v -0.340631 -0.414557 0.652035
v -0.430980 -0.404988 0.587342
v -0.552294 -0.280257 0.574348
v -0.484524 -0.370252 0.566453
v -0.389206 -0.164677 0.746286
v -0.278957 -0.221165 0.772243
v -0.339002 -0.132569 0.775788
v -0.487413 -0.101605 0.698701
v -0.390912 -0.101408 0.755811
v 0.360764 0.347298 0.680797
v 0.329269 0.258724 0.744631
v 0.304812 0.372732 0.690335
v 0.272645 0.286464 0.753968
v 0.516413 0.256111 0.626829
v 0.484215 0.165200 0.688691
v 0.565109 0.222722 0.602389
v 0.532012 0.131113 0.662108
v 0.451289 0.343489 0.618438
v 0.344400 0.399128 0.648560
v 0.434024 0.394492 0.585995
v 0.554019 0.282062 0.578693
v 0.487448 0.367520 0.568997
v 0.388817 0.165473 0.746697
v 0.280755 0.226092 0.776091
v 0.339209 0.131542 0.775839
v 0.488064 0.099540 0.699167
v 0.391254 0.099437 0.756182
v -0.360764 0.347297 0.680801
v -0.329267 0.258729 0.744631
v -0.304800 0.372735 0.690339
v -0.272648 0.286464 0.753965
v -0.516428 0.256116 0.626844
v -0.484232 0.165210 0.688719
v -0.565097 0.222716 0.602371
v -0.532010 0.131115 0.662114
v -0.451347 0.343563 0.618511
v -0.344389 0.399137 0.648555
v -0.433995 0.394481 0.585969
v -0.554015 0.282062 0.578695
v -0.487451 0.367537 0.569014
v -0.388805 0.165462 0.746690
v -0.280750 0.226094 0.776090
v -0.339195 0.131531 0.775836
v -0.488065 0.099518 0.699186
v -0.391274 0.099428 0.756220
v 0.058887 -0.094173 -0.845660
v -0.058886 -0.094174 -0.845659
v 0.058360 -0.158174 -0.837946
v -0.058353 -0.158166 -0.837897
v 0.058539 0.097678 -0.845038
v -0.058543 0.097683 -0.845061
v 0.057812 0.159168 -0.836465
v -0.057809 0.159171 -0.836474
v 0.117631 0.003184 -0.844589
v 0.117210 -0.126960 -0.837248
v 0.175290 -0.029640 -0.834116
v -0.117625 0.003178 -0.844542
v -0.117217 -0.126966 -0.837299
v -0.175304 -0.029637 -0.834135
v 0.116140 0.129519 -0.836203
v 0.174705 0.035408 -0.833867
v -0.116138 0.129525 -0.836235
v -0.174725 0.035430 -0.833947
v 0.356206 -0.342354 -0.675206
v 0.325928 -0.257692 -0.741148
v 0.300963 -0.367782 -0.686306
v 0.270965 -0.286871 -0.752672
v 0.511032 -0.254558 -0.622982
v 0.481103 -0.164242 -0.685086
v 0.557052 -0.220524 -0.597203
v 0.527362 -0.130383 -0.657990
v 0.447949 -0.341246 -0.617288
v 0.339971 -0.391320 -0.644220
v 0.429992 -0.389291 -0.585943
v 0.544966 -0.277770 -0.573399
v 0.480437 -0.360414 -0.566513
v 0.386749 -0.164308 -0.743585
v 0.278868 -0.226257 -0.774364
v 0.337693 -0.130757 -0.773476
v 0.484898 -0.098313 -0.695482
v 0.390131 -0.098178 -0.754116
v -0.356209 -0.342353 -0.675199
v -0.325928 -0.257692 -0.741150
v -0.300969 -0.367777 -0.686302
v -0.270966 -0.286871 -0.752672
v -0.511007 -0.254542 -0.622953
v -0.481106 -0.164235 -0.685089
v -0.557086 -0.220566 -0.597256
v -0.527410 -0.130421 -0.658080
v -0.447953 -0.341245 -0.617287
v -0.339978 -0.391316 -0.644220
v -0.430024 -0.389321 -0.585975
v -0.544964 -0.277772 -0.573397
v -0.480429 -0.360390 -0.566505
v -0.386749 -0.164308 -0.743585
v -0.278866 -0.226254 -0.774361
v -0.337694 -0.130757 -0.773476
v -0.484904 -0.098310 -0.695484
v -0.390131 -0.098180 -0.754117
v 0.355258 0.338661 -0.672939
v 0.323043 0.256406 -0.739274
v 0.298122 0.364263 -0.682503
v 0.268550 0.284169 -0.750562
v 0.509631 0.252195 -0.621841
v 0.480280 0.164906 -0.684244
v 0.556016 0.218401 -0.596409
v 0.527491 0.131201 -0.657822
v 0.448227 0.336966 -0.615989
v 0.338474 0.390281 -0.641709
v 0.429120 0.386441 -0.582776
v 0.543800 0.274326 -0.572755
v 0.480400 0.356885 -0.565606
v 0.384442 0.165954 -0.742559
v 0.275700 0.226358 -0.773536
v 0.335405 0.133637 -0.772718
v 0.485098 0.100604 -0.695611
v 0.389031 0.101701 -0.753722
v -0.355286 0.338684 -0.672966
v -0.323014 0.256422 -0.739264
v -0.298082 0.364219 -0.682425
v -0.268536 0.284179 -0.750556
v -0.509632 0.252166 -0.621818
v -0.480274 0.164894 -0.684248
v -0.556021 0.218396 -0.596411
v -0.527491 0.131196 -0.657825
v -0.448225 0.337050 -0.616040
v -0.338340 0.390530 -0.641814
v -0.428917 0.386486 -0.582751
v -0.543817 0.274342 -0.572780
v -0.480198 0.356853 -0.565562
v -0.384441 0.165946 -0.742550
v -0.275695 0.226371 -0.773534
v -0.335400 0.133635 -0.772716
v -0.485097 0.100602 -0.695610
v -0.389028 0.101700 -0.753722
v 0.843332 0.054724 -0.087349
v 0.841343 -0.054779 -0.087170
v 0.831604 0.054017 -0.149092
v 0.829884 -0.053788 -0.148960
v 0.852500 0.056108 0.096046
v 0.850685 -0.055889 0.096667
v 0.843670 0.055655 0.158670
v 0.842084 -0.055428 0.159295
v 0.844100 0.110227 0.004135
v 0.828161 0.108095 -0.118568
v 0.827194 0.164112 -0.026452
v 0.839202 0.111069 0.127748
v 0.828863 0.165275 0.035236
v 0.841792 -0.112029 0.004806
v 0.825922 -0.109607 -0.118157
v 0.825832 -0.167324 -0.025714
v 0.837336 -0.112265 0.128669
v 0.827490 -0.168256 0.035981
v -0.843380 0.054715 -0.087334
v -0.841335 -0.054781 -0.087164
v -0.831598 0.054007 -0.149123
v -0.829911 -0.053798 -0.148961
v -0.852495 0.056115 0.096049
v -0.850703 -0.055896 0.096657
v -0.843659 0.055653 0.158671
v -0.842003 -0.055424 0.159298
v -0.844101 0.110222 0.004138
v -0.828161 0.108086 -0.118563
v -0.827190 0.164109 -0.026441
v -0.839195 0.111067 0.127734
v -0.828860 0.165277 0.035235
v -0.841848 -0.112049 0.004808
v -0.825915 -0.109617 -0.118172
v -0.825843 -0.167331 -0.025713
v -0.837307 -0.112259 0.128661
v -0.827499 -0.168258 0.035982
v -0.198219 0.666741 0.086897
v -0.236570 0.646714 0.134061
v -0.199145 0.682700 -0.090586
v -0.238351 0.670908 -0.142596
v -0.175876 0.662456 0.130999
v -0.175768 0.688665 -0.145093
v -0.428454 0.569688 0.211520
v -0.483502 0.550498 0.196205
v -0.464678 0.545112 0.253230
v -0.433994 0.598535 -0.217514
v -0.485791 0.570792 -0.195305
v -0.465893 0.573530 -0.258683
v -0.593848 0.510813 -0.024764
v -0.594936 0.509657 0.034858
v -0.632060 0.480843 0.005768
v 0.198227 0.666746 0.086947
v 0.236542 0.646748 0.134066
v 0.199294 0.682503 -0.090865
v 0.238234 0.670804 -0.142706
v 0.175899 0.662442 0.130980
v 0.175505 0.689021 -0.144383
v 0.428477 0.569691 0.211529
v 0.483511 0.550487 0.196227
v 0.464669 0.545118 0.253225
v 0.434176 0.599051 -0.217745
v 0.485828 0.571220 -0.195137
v 0.465987 0.573281 -0.258984
v 0.593829 0.510804 -0.024785
v 0.594937 0.509657 0.034842
v 0.632052 0.480817 0.005750
v -0.206242 -0.703197 0.106253
v -0.243672 -0.686701 0.157224
v -0.233906 -0.788274 -0.091997
v -0.279374 -0.785732 -0.158695
v -0.179893 -0.705874 0.160089
v -0.205767 -0.801537 -0.157684
v -0.449124 -0.615811 0.230471
v -0.497674 -0.585461 0.209820
v -0.479159 -0.584842 0.270717
v -0.423595 -0.581919 -0.205528
v -0.474501 -0.552042 -0.186196
v -0.453836 -0.545207 -0.243651
v -0.594843 -0.510797 -0.022174
v -0.597273 -0.515215 0.037590
v -0.632885 -0.481796 0.007312
v 0.205841 -0.703124 0.106190
v 0.243767 -0.686484 0.157118
v 0.233885 -0.788343 -0.091884
v 0.279190 -0.785787 -0.158622
v 0.179774 -0.706118 0.159892
v 0.205290 -0.801479 -0.157409
v 0.449046 -0.615855 0.230605
v 0.497658 -0.585327 0.209907
v 0.479124 -0.584868 0.270696
v 0.423644 -0.581978 -0.205402
v 0.474724 -0.552042 -0.186227
v 0.453809 -0.545152 -0.243608
v 0.594842 -0.510827 -0.022181
v 0.597259 -0.515247 0.037592
v 0.632923 -0.481809 0.007313
v -0.038395 -0.680542 0.634347
v 0.038434 -0.680857 0.634070
v -0.230309 -0.569448 0.691395
v -0.235290 -0.487474 0.691062
v -0.000215 -0.686813 0.581858
v -0.282340 -0.529313 0.665882
v 0.229680 -0.569044 0.690452
v 0.235136 -0.487137 0.690661
v 0.281952 -0.528681 0.665652
v 0.112058 -0.241599 0.807606
v 0.161720 -0.276294 0.779394
v -0.112046 -0.241779 0.807617
v -0.161589 -0.275991 0.779274
v 0.170042 -0.216020 0.807382
v -0.170075 -0.216159 0.807376
v -0.030287 0.537018 0.537668
v 0.030288 0.537022 0.537673
v -0.206502 0.474119 0.624708
v -0.228355 0.438454 0.662158
v -0.000001 0.557370 0.489162
v -0.266068 0.460029 0.619838
v 0.206510 0.474118 0.624701
v 0.228351 0.438440 0.662148
v 0.266073 0.460025 0.619828
v 0.113381 0.251818 0.810691
v 0.165739 0.282918 0.788724
v -0.113381 0.251821 0.810688
v -0.165740 0.282911 0.788718
v 0.171433 0.222661 0.809543
v -0.171434 0.222665 0.809540
v -0.029931 -0.534162 -0.538638
v 0.029861 -0.534122 -0.538635
v -0.204136 -0.463900 -0.623172
v -0.226972 -0.431821 -0.660901
v 0.000017 -0.561085 -0.492931
v -0.262899 -0.449790 -0.618818
v 0.204075 -0.463890 -0.623111
v 0.226975 -0.431829 -0.660910
v 0.262860 -0.449775 -0.618784
v 0.112374 -0.251649 -0.807763
v 0.164840 -0.282680 -0.785275
v -0.112378 -0.251654 -0.807764
v -0.164845 -0.282681 -0.785272
v 0.170443 -0.222874 -0.806507
v -0.170445 -0.222878 -0.806506
v -0.036609 0.643996 -0.605971
v 0.035757 0.639893 -0.601347
v -0.208883 0.497806 -0.638627
v -0.224937 0.441646 -0.662447
v -0.000028 0.669304 -0.551095
v -0.264049 0.471402 -0.625246
v 0.208677 0.497775 -0.638297
v 0.225748 0.441499 -0.662557
v 0.264218 0.471495 -0.625929
v 0.111260 0.249628 -0.806845
v 0.163375 0.279402 -0.783585
v -0.111289 0.249596 -0.806858
v -0.163350 0.279418 -0.783573
v 0.168512 0.222680 -0.806744
v -0.168531 0.222673 -0.806741
v 0.660339 0.221881 -0.464859
v 0.631065 0.204066 -0.517715
v 0.768031 0.151610 -0.278065
v 0.792724 0.102941 -0.245031
v 0.619801 0.259795 -0.494335
v 0.788083 0.156301 -0.214298
v 0.661117 -0.224994 -0.464862
v 0.631964 -0.206820 -0.518072
v 0.766873 -0.153994 -0.277438
v 0.790935 -0.104043 -0.244519
v 0.621206 -0.263407 -0.494582
v 0.786830 -0.159084 -0.213628
v 0.573951 -0.031002 -0.633416
v 0.574584 0.033287 -0.634167
v 0.532474 0.001444 -0.669946
v 0.675798 0.227302 0.467246
v 0.644414 0.209064 0.522308
v 0.791751 0.157816 0.284816
v 0.815816 0.107173 0.252811
v 0.633320 0.266668 0.497688
v 0.808358 0.162219 0.222721
v 0.674519 -0.229859 0.467145
v 0.643414 -0.211499 0.522340
v 0.789998 -0.160398 0.285980
v 0.813747 -0.108415 0.253954
v 0.632230 -0.267383 0.496195
v 0.806772 -0.164438 0.224086
v 0.579532 -0.033900 0.638728
v 0.580214 0.031484 0.639120
v 0.536408 -0.001198 0.674210
v -0.660335 0.221879 -0.464856
v -0.631062 0.204064 -0.517702
v -0.768103 0.151634 -0.278112
v -0.792725 0.102931 -0.245044
v -0.619781 0.259770 -0.494315
v -0.788062 0.156297 -0.214258
v -0.661116 -0.224993 -0.464854
v -0.631953 -0.206819 -0.518071
v -0.766888 -0.153994 -0.277466
v -0.790957 -0.104044 -0.244537
v -0.621189 -0.263405 -0.494565
v -0.786784 -0.159078 -0.213607
v -0.573949 -0.031004 -0.633414
v -0.574579 0.033285 -0.634163
v -0.532469 0.001443 -0.669946
v -0.675789 0.227285 0.467238
v -0.644403 0.209062 0.522317
v -0.791750 0.157813 0.284815
v -0.815816 0.107168 0.252805
v -0.633309 0.266682 0.497706
v -0.808356 0.162219 0.222719
v -0.674448 -0.229855 0.467116
v -0.643407 -0.211543 0.522371
v -0.790002 -0.160402 0.285976
v -0.813771 -0.108419 0.253956
v -0.632202 -0.267428 0.496258
v -0.806772 -0.164443 0.224085
v -0.579520 -0.033891 0.638704
v -0.580225 0.031482 0.639138
v -0.536458 -0.001189 0.674255
v -0.026064 0.655134 0.222645
v 0.026073 0.655136 0.222675
v -0.000003 0.637098 0.278634
v -0.025666 0.725043 -0.263838
v 0.025488 0.725386 -0.263643
v 0.000130 0.727835 -0.330055
v -0.476866 0.471300 0.446406
v -0.446820 0.457099 0.500230
v -0.501384 0.435088 0.483378
v -0.467604 0.475113 -0.446518
v -0.439033 0.456919 -0.499277
v -0.489555 0.423442 -0.478882
v -0.759679 0.320939 0.005649
v -0.784413 0.270373 -0.026206
v -0.786955 0.271822 0.036500
v 0.476853 0.471279 0.446406
v 0.446825 0.457076 0.500223
v 0.501384 0.435084 0.483378
v 0.467590 0.475063 -0.446474
v 0.438788 0.456757 -0.499101
v 0.489470 0.423229 -0.479032
v 0.759646 0.320911 0.005639
v 0.784416 0.270373 -0.026205
v 0.786958 0.271822 0.036496
v -0.025291 -0.739840 0.274638
v 0.024874 -0.740097 0.274545
v 0.000129 -0.742476 0.337002
v -0.030179 -0.687621 -0.234870
v 0.030163 -0.687535 -0.234692
v -0.000099 -0.667129 -0.291904
v -0.481015 -0.498069 0.458009
v -0.448741 -0.483002 0.512040
v -0.501957 -0.447967 0.487632
v -0.468442 -0.455538 -0.445361
v -0.439984 -0.443258 -0.500262
v -0.492061 -0.420381 -0.481716
v -0.759621 -0.323269 0.005812
v -0.784303 -0.273773 -0.025647
v -0.786669 -0.274932 0.036717
v 0.480991 -0.498130 0.458067
v 0.448635 -0.483050 0.511949
v 0.501992 -0.448069 0.487592
v 0.468514 -0.455382 -0.445397
v 0.439985 -0.443182 -0.500291
v 0.492088 -0.420442 -0.481754
v 0.759614 -0.323254 0.005811
v 0.784320 -0.273792 -0.025648
v 0.786680 -0.274934 0.036717
v 0.286804 -0.035321 0.804417
v 0.287264 0.031049 0.804823
v 0.340265 -0.001854 0.784180
v -0.286821 -0.035307 0.804421
v -0.287266 0.031062 0.804818
v -0.340273 -0.001841 0.784148
v 0.286302 -0.030812 -0.802766
v 0.285695 0.035404 -0.802894
v 0.339284 0.002225 -0.782079
v -0.286302 -0.030813 -0.802769
v -0.285698 0.035410 -0.802896
v -0.339283 0.002222 -0.782081
f 1 647 644
f 1 644 643
f 1 643 645
f 1 645 646
f 1 646 647
f 2 649 652
f 6 672 670
f 12 702 699
f 11 696 695
f 8 679 681
f 4 662 659
f 4 659 658
f 4 658 660
f 4 660 661
f 4 661 662
f 5 666 665
f 3 654 657
f 7 673 677
f 9 685 686
f 10 692 688
f 12 701 698
f 6 669 668
f 2 650 648
f 8 682 678
f 11 697 693
f 6 671 669
f 12 700 701
f 11 694 697
f 8 680 682
f 2 651 650
f 10 690 689
f 5 663 664
f 3 655 653
f 7 676 674
f 9 687 684
f 10 691 690
f 5 667 663
f 3 656 655
f 7 675 676
f 9 683 687
f 6 668 672
f 2 648 649
f 8 678 679
f 11 693 696
f 12 698 702
f 10 688 691
f 5 665 667
f 3 657 656
f 7 677 675
f 9 686 683
f 5 664 666
f 3 653 654
f 7 674 673
f 9 684 685
f 10 689 692
f 6 670 671
f 12 699 700
f 11 695 694
f 8 681 680
f 2 652 651
f 35 837 838
f 18 735 736
f 19 742 741
f 40 868 867
f 42 880 879
f 34 832 831
f 33 827 828
f 25 778 780
f 36 844 846
f 20 749 747
f 32 819 820
f 23 765 767
f 24 773 771
f 37 850 849
f 41 876 875
f 34 833 834
f 33 826 825
f 25 779 777
f 36 845 843
f 20 748 750
f 17 729 727
f 14 711 709
f 13 706 703
f 15 718 715
f 16 724 721
f 18 737 733
f 35 839 835
f 42 882 878
f 40 870 866
f 19 744 740
f 30 807 805
f 27 789 787
f 22 762 758
f 28 797 793
f 29 802 799
f 32 821 817
f 23 766 763
f 24 774 770
f 37 852 848
f 41 874 872
f 35 838 836
f 18 736 734
f 19 741 739
f 40 867 865
f 42 879 877
f 34 831 829
f 33 828 824
f 25 780 776
f 36 846 842
f 20 747 745
f 32 820 818
f 23 767 764
f 24 771 769
f 37 849 847
f 41 875 871
f 34 834 830
f 33 825 823
f 25 777 775
f 36 843 841
f 20 750 746
f 14 714 710
f 13 707 704
f 15 719 716
f 16 725 722
f 17 732 728
f 21 755 752
f 31 814 811
f 26 784 781
f 38 857 853
f 39 862 860
f 27 792 788
f 22 759 757
f 28 796 794
f 29 803 800
f 30 810 806
f 31 815 812
f 26 785 782
f 38 856 854
f 39 863 859
f 21 754 751
f 14 712 714
f 13 705 707
f 15 717 719
f 16 723 725
f 17 730 732
f 21 753 755
f 31 816 814
f 26 786 784
f 38 858 857
f 39 861 862
f 27 791 792
f 22 761 759
f 28 795 796
f 29 801 803
f 30 808 810
f 31 813 815
f 26 783 785
f 38 855 856
f 39 864 863
f 21 756 754
f 14 709 712
f 13 703 705
f 15 715 717
f 16 721 723
f 17 727 730
f 21 751 753
f 31 812 816
f 26 782 786
f 38 854 858
f 39 859 861
f 27 787 791
f 22 758 761
f 28 793 795
f 29 799 801
f 30 805 808
f 31 811 813
f 26 781 783
f 38 853 855
f 39 860 864
f 21 752 756
f 17 728 731
f 14 710 713
f 13 704 708
f 15 716 720
f 16 722 726
f 18 734 738
f 35 836 840
f 42 877 881
f 40 865 869
f 19 739 743
f 30 806 809
f 27 788 790
f 22 757 760
f 28 794 798
f 29 800 804
f 32 818 822
f 23 764 768
f 24 769 772
f 37 847 851
f 41 871 873
f 35 835 837
f 18 733 735
f 19 740 742
f 40 866 868
f 42 878 880
f 34 830 832
f 33 823 827
f 25 775 778
f 36 841 844
f 20 746 749
f 32 817 819
f 23 763 765
f 24 770 773
f 37 848 850
f 41 872 876
f 34 829 833
f 33 824 826
f 25 776 779
f 36 842 845
f 20 745 748
f 17 731 729
f 14 713 711
f 13 708 706
f 15 720 718
f 16 726 724
f 18 738 737
f 35 840 839
f 42 881 882
f 40 869 870
f 19 743 744
f 30 809 807
f 27 790 789
f 22 760 762
f 28 798 797
f 29 804 802
f 32 822 821
f 23 768 766
f 24 772 774
f 37 851 852
f 41 873 874
f 107 1269 1270
f 103 1245 1246
f 104 1252 1251
f 110 1288 1287
f 113 1306 1305
f 118 1336 1335
f 154 1551 1552
f 141 1473 1474
f 162 1599 1600
f 121 1354 1353
f 142 1479 1480
f 129 1401 1402
f 130 1408 1407
f 144 1492 1491
f 146 1504 1503
f 151 1533 1534
f 131 1414 1413
f 136 1444 1443
f 161 1594 1593
f 126 1383 1384
f 116 1323 1324
f 108 1275 1276
f 106 1263 1264
f 112 1299 1300
f 115 1317 1318
f 119 1341 1342
f 156 1564 1563
f 139 1462 1461
f 160 1588 1587
f 120 1347 1348
f 149 1521 1522
f 132 1420 1419
f 128 1395 1396
f 145 1497 1498
f 148 1515 1516
f 155 1557 1558
f 133 1425 1426
f 134 1431 1432
f 157 1570 1569
f 124 1372 1371
f 109 1282 1281
f 105 1258 1257
f 111 1294 1293
f 114 1312 1311
f 117 1330 1329
f 125 1378 1377
f 152 1540 1539
f 137 1449 1450
f 158 1575 1576
f 123 1365 1366
f 143 1486 1485
f 127 1390 1389
f 135 1437 1438
f 147 1510 1509
f 150 1528 1527
f 153 1546 1545
f 140 1468 1467
f 138 1455 1456
f 159 1581 1582
f 122 1359 1360
f 107 1272 1271
f 103 1248 1247
f 104 1253 1254
f 110 1289 1290
f 113 1307 1308
f 118 1337 1338
f 154 1554 1553
f 141 1476 1475
f 162 1602 1601
f 121 1355 1356
f 142 1482 1481
f 129 1404 1403
f 130 1409 1410
f 144 1493 1494
f 146 1505 1506
f 151 1536 1535
f 131 1415 1416
f 136 1445 1446
f 161 1595 1596
f 126 1386 1385
f 47 909 907
f 44 891 889
f 43 886 883
f 45 898 895
f 46 904 901
f 49 922 919
f 72 1060 1057
f 102 1240 1237
f 96 1204 1201
f 79 1102 1099
f 62 999 997
f 59 981 979
f 58 976 973
f 60 988 985
f 61 994 991
f 66 1024 1021
f 54 952 949
f 73 1066 1063
f 85 1138 1135
f 92 1179 1177
f 101 1233 1231
f 69 1041 1039
f 50 927 925
f 82 1119 1117
f 97 1209 1207
f 71 1053 1051
f 100 1228 1225
f 94 1192 1189
f 80 1108 1105
f 51 933 931
f 90 1167 1165
f 63 1005 1003
f 55 957 955
f 76 1083 1081
f 87 1150 1147
f 91 1174 1171
f 67 1029 1027
f 56 963 961
f 75 1077 1075
f 83 1126 1123
f 68 1036 1033
f 48 915 913
f 78 1095 1093
f 93 1185 1183
f 98 1216 1213
f 88 1155 1153
f 65 1018 1015
f 57 970 967
f 77 1090 1087
f 86 1143 1141
f 64 1012 1009
f 53 945 943
f 74 1071 1069
f 84 1131 1129
f 89 1162 1159
f 70 1047 1045
f 99 1221 1219
f 95 1197 1195
f 81 1114 1111
f 52 940 937
f 109 1284 1280
f 105 1260 1256
f 111 1296 1292
f 114 1314 1310
f 117 1332 1328
f 125 1380 1376
f 152 1542 1538
f 137 1451 1447
f 158 1577 1573
f 123 1367 1363
f 143 1488 1484
f 127 1392 1388
f 135 1439 1435
f 147 1512 1508
f 150 1530 1526
f 153 1548 1544
f 140 1470 1466
f 138 1457 1453
f 159 1583 1579
f 122 1361 1357
f 107 1270 1268
f 103 1246 1244
f 104 1251 1249
f 110 1287 1285
f 113 1305 1303
f 118 1335 1333
f 154 1552 1550
f 141 1474 1472
f 162 1600 1598
f 121 1353 1351
f 142 1480 1478
f 129 1402 1400
f 130 1407 1405
f 144 1491 1489
f 146 1503 1501
f 151 1534 1532
f 131 1413 1411
f 136 1443 1441
f 161 1593 1591
f 126 1384 1382
f 116 1324 1322
f 108 1276 1274
f 106 1264 1262
f 112 1300 1298
f 115 1318 1316
f 119 1342 1340
f 156 1563 1561
f 139 1461 1459
f 160 1587 1585
f 120 1348 1346
f 149 1522 1520
f 132 1419 1417
f 128 1396 1394
f 145 1498 1496
f 148 1516 1514
f 155 1558 1556
f 133 1426 1424
f 134 1432 1430
f 157 1569 1567
f 124 1371 1369
f 109 1281 1279
f 105 1257 1255
f 111 1293 1291
f 114 1311 1309
f 117 1329 1327
f 125 1377 1375
f 152 1539 1537
f 137 1450 1448
f 158 1576 1574
f 123 1366 1364
f 143 1485 1483
f 127 1389 1387
f 135 1438 1436
f 147 1509 1507
f 150 1527 1525
f 153 1545 1543
f 140 1467 1465
f 138 1456 1454
f 159 1582 1580
f 122 1360 1358
f 107 1271 1267
f 103 1247 1243
f 104 1254 1250
f 110 1290 1286
f 113 1308 1304
f 118 1338 1334
f 154 1553 1549
f 141 1475 1471
f 162 1601 1597
f 121 1356 1352
f 142 1481 1477
f 129 1403 1399
f 130 1410 1406
f 144 1494 1490
f 146 1506 1502
f 151 1535 1531
f 131 1416 1412
f 136 1446 1442
f 161 1596 1592
f 126 1385 1381
f 44 894 890
f 43 887 884
f 45 899 896
f 46 905 902
f 47 912 908
f 52 941 938
f 70 1050 1046
f 99 1224 1220
f 95 1200 1196
f 81 1115 1112
f 59 984 980
f 58 977 974
f 60 989 986
f 61 995 992
f 62 1002 998
f 65 1019 1016
f 57 971 968
f 77 1091 1088
f 86 1146 1142
f 88 1158 1154
f 98 1217 1214
f 68 1037 1034
f 48 918 914
f 78 1098 1094
f 93 1188 1184
f 69 1044 1040
f 101 1236 1232
f 97 1212 1208
f 82 1122 1118
f 50 930 926
f 89 1163 1160
f 64 1013 1010
f 53 948 944
f 74 1074 1070
f 84 1134 1130
f 90 1170 1166
f 63 1008 1004
f 55 960 956
f 76 1086 1082
f 87 1151 1148
f 72 1061 1058
f 49 923 920
f 79 1103 1100
f 96 1205 1202
f 102 1241 1238
f 91 1175 1172
f 67 1032 1028
f 56 966 962
f 75 1080 1076
f 83 1127 1124
f 66 1025 1022
f 54 953 950
f 73 1067 1064
f 85 1139 1136
f 92 1182 1178
f 71 1056 1052
f 100 1229 1226
f 94 1193 1190
f 80 1109 1106
f 51 936 932
f 116 1325 1321
f 108 1277 1273
f 106 1265 1261
f 112 1301 1297
f 115 1319 1315
f 119 1343 1339
f 156 1566 1562
f 139 1464 1460
f 160 1590 1586
f 120 1349 1345
f 149 1523 1519
f 132 1422 1418
f 128 1397 1393
f 145 1499 1495
f 148 1517 1513
f 155 1559 1555
f 133 1427 1423
f 134 1433 1429
f 157 1572 1568
f 124 1374 1370
f 44 892 894
f 43 885 887
f 45 897 899
f 46 903 905
f 47 910 912
f 52 939 941
f 70 1048 1050
f 99 1222 1224
f 95 1198 1200
f 81 1113 1115
f 59 982 984
f 58 975 977
f 60 987 989
f 61 993 995
f 62 1000 1002
f 65 1017 1019
f 57 969 971
f 77 1089 1091
f 86 1144 1146
f 88 1156 1158
f 98 1215 1217
f 68 1035 1037
f 48 916 918
f 78 1096 1098
f 93 1186 1188
f 69 1042 1044
f 101 1234 1236
f 97 1210 1212
f 82 1120 1122
f 50 928 930
f 89 1161 1163
f 64 1011 1013
f 53 946 948
f 74 1072 1074
f 84 1132 1134
f 90 1168 1170
f 63 1006 1008
f 55 958 960
f 76 1084 1086
f 87 1149 1151
f 72 1059 1061
f 49 921 923
f 79 1101 1103
f 96 1203 1205
f 102 1239 1241
f 91 1173 1175
f 67 1030 1032
f 56 964 966
f 75 1078 1080
f 83 1125 1127
f 66 1023 1025
f 54 951 953
f 73 1065 1067
f 85 1137 1139
f 92 1180 1182
f 71 1054 1056
f 100 1227 1229
f 94 1191 1193
f 80 1107 1109
f 51 934 936
f 116 1326 1325
f 108 1278 1277
f 106 1266 1265
f 112 1302 1301
f 115 1320 1319
f 119 1344 1343
f 156 1565 1566
f 139 1463 1464
f 160 1589 1590
f 120 1350 1349
f 149 1524 1523
f 132 1421 1422
f 128 1398 1397
f 145 1500 1499
f 148 1518 1517
f 155 1560 1559
f 133 1428 1427
f 134 1434 1433
f 157 1571 1572
f 124 1373 1374
f 44 889 892
f 43 883 885
f 45 895 897
f 46 901 903
f 47 907 910
f 52 937 939
f 70 1045 1048
f 99 1219 1222
f 95 1195 1198
f 81 1111 1113
f 59 979 982
f 58 973 975
f 60 985 987
f 61 991 993
f 62 997 1000
f 65 1015 1017
f 57 967 969
f 77 1087 1089
f 86 1141 1144
f 88 1153 1156
f 98 1213 1215
f 68 1033 1035
f 48 913 916
f 78 1093 1096
f 93 1183 1186
f 69 1039 1042
f 101 1231 1234
f 97 1207 1210
f 82 1117 1120
f 50 925 928
f 89 1159 1161
f 64 1009 1011
f 53 943 946
f 74 1069 1072
f 84 1129 1132
f 90 1165 1168
f 63 1003 1006
f 55 955 958
f 76 1081 1084
f 87 1147 1149
f 72 1057 1059
f 49 919 921
f 79 1099 1101
f 96 1201 1203
f 102 1237 1239
f 91 1171 1173
f 67 1027 1030
f 56 961 964
f 75 1075 1078
f 83 1123 1125
f 66 1021 1023
f 54 949 951
f 73 1063 1065
f 85 1135 1137
f 92 1177 1180
f 71 1051 1054
f 100 1225 1227
f 94 1189 1191
f 80 1105 1107
f 51 931 934
f 116 1322 1326
f 108 1274 1278
f 106 1262 1266
f 112 1298 1302
f 115 1316 1320
f 119 1340 1344
f 156 1561 1565
f 139 1459 1463
f 160 1585 1589
f 120 1346 1350
f 149 1520 1524
f 132 1417 1421
f 128 1394 1398
f 145 1496 1500
f 148 1514 1518
f 155 1556 1560
f 133 1424 1428
f 134 1430 1434
f 157 1567 1571
f 124 1369 1373
f 47 908 911
f 44 890 893
f 43 884 888
f 45 896 900
f 46 902 906
f 49 920 924
f 72 1058 1062
f 102 1238 1242
f 96 1202 1206
f 79 1100 1104
f 62 998 1001
f 59 980 983
f 58 974 978
f 60 986 990
f 61 992 996
f 66 1022 1026
f 54 950 954
f 73 1064 1068
f 85 1136 1140
f 92 1178 1181
f 101 1232 1235
f 69 1040 1043
f 50 926 929
f 82 1118 1121
f 97 1208 1211
f 71 1052 1055
f 100 1226 1230
f 94 1190 1194
f 80 1106 1110
f 51 932 935
f 90 1166 1169
f 63 1004 1007
f 55 956 959
f 76 1082 1085
f 87 1148 1152
f 91 1172 1176
f 67 1028 1031
f 56 962 965
f 75 1076 1079
f 83 1124 1128
f 68 1034 1038
f 48 914 917
f 78 1094 1097
f 93 1184 1187
f 98 1214 1218
f 88 1154 1157
f 65 1016 1020
f 57 968 972
f 77 1088 1092
f 86 1142 1145
f 64 1010 1014
f 53 944 947
f 74 1070 1073
f 84 1130 1133
f 89 1160 1164
f 70 1046 1049
f 99 1220 1223
f 95 1196 1199
f 81 1112 1116
f 52 938 942
f 109 1279 1283
f 105 1255 1259
f 111 1291 1295
f 114 1309 1313
f 117 1327 1331
f 125 1375 1379
f 152 1537 1541
f 137 1448 1452
f 158 1574 1578
f 123 1364 1368
f 143 1483 1487
f 127 1387 1391
f 135 1436 1440
f 147 1507 1511
f 150 1525 1529
f 153 1543 1547
f 140 1465 1469
f 138 1454 1458
f 159 1580 1584
f 122 1358 1362
f 107 1267 1269
f 103 1243 1245
f 104 1250 1252
f 110 1286 1288
f 113 1304 1306
f 118 1334 1336
f 154 1549 1551
f 141 1471 1473
f 162 1597 1599
f 121 1352 1354
f 142 1477 1479
f 129 1399 1401
f 130 1406 1408
f 144 1490 1492
f 146 1502 1504
f 151 1531 1533
f 131 1412 1414
f 136 1442 1444
f 161 1592 1594
f 126 1381 1383
f 116 1321 1323
f 108 1273 1275
f 106 1261 1263
f 112 1297 1299
f 115 1315 1317
f 119 1339 1341
f 156 1562 1564
f 139 1460 1462
f 160 1586 1588
f 120 1345 1347
f 149 1519 1521
f 132 1418 1420
f 128 1393 1395
f 145 1495 1497
f 148 1513 1515
f 155 1555 1557
f 133 1423 1425
f 134 1429 1431
f 157 1568 1570
f 124 1370 1372
f 109 1280 1282
f 105 1256 1258
f 111 1292 1294
f 114 1310 1312
f 117 1328 1330
f 125 1376 1378
f 152 1538 1540
f 137 1447 1449
f 158 1573 1575
f 123 1363 1365
f 143 1484 1486
f 127 1388 1390
f 135 1435 1437
f 147 1508 1510
f 150 1526 1528
f 153 1544 1546
f 140 1466 1468
f 138 1453 1455
f 159 1579 1581
f 122 1357 1359
f 107 1268 1272
f 103 1244 1248
f 104 1249 1253
f 110 1285 1289
f 113 1303 1307
f 118 1333 1337
f 154 1550 1554
f 141 1472 1476
f 162 1598 1602
f 121 1351 1355
f 142 1478 1482
f 129 1400 1404
f 130 1405 1409
f 144 1489 1493
f 146 1501 1505
f 151 1532 1536
f 131 1411 1415
f 136 1441 1445
f 161 1591 1595
f 126 1382 1386
f 47 911 909
f 44 893 891
f 43 888 886
f 45 900 898
f 46 906 904
f 49 924 922
f 72 1062 1060
f 102 1242 1240
f 96 1206 1204
f 79 1104 1102
f 62 1001 999
f 59 983 981
f 58 978 976
f 60 990 988
f 61 996 994
f 66 1026 1024
f 54 954 952
f 73 1068 1066
f 85 1140 1138
f 92 1181 1179
f 101 1235 1233
f 69 1043 1041
f 50 929 927
f 82 1121 1119
f 97 1211 1209
f 71 1055 1053
f 100 1230 1228
f 94 1194 1192
f 80 1110 1108
f 51 935 933
f 90 1169 1167
f 63 1007 1005
f 55 959 957
f 76 1085 1083
f 87 1152 1150
f 91 1176 1174
f 67 1031 1029
f 56 965 963
f 75 1079 1077
f 83 1128 1126
f 68 1038 1036
f 48 917 915
f 78 1097 1095
f 93 1187 1185
f 98 1218 1216
f 88 1157 1155
f 65 1020 1018
f 57 972 970
f 77 1092 1090
f 86 1145 1143
f 64 1014 1012
f 53 947 945
f 74 1073 1071
f 84 1133 1131
f 89 1164 1162
f 70 1049 1047
f 99 1223 1221
f 95 1199 1197
f 81 1116 1114
f 52 942 940
f 109 1283 1284
f 105 1259 1260
f 111 1295 1296
f 114 1313 1314
f 117 1331 1332
f 125 1379 1380
f 152 1541 1542
f 137 1452 1451
f 158 1578 1577
f 123 1368 1367
f 143 1487 1488
f 127 1391 1392
f 135 1440 1439
f 147 1511 1512
f 150 1529 1530
f 153 1547 1548
f 140 1469 1470
f 138 1458 1457
f 159 1584 1583
f 122 1362 1361
f 407 1609 1616
f 403 1605 1608
f 404 1611 1606
f 410 1614 1612
f 413 1617 1615
f 422 1631 1624
f 486 1688 1692
f 573 1775 1782
f 561 1763 1765
f 512 1719 1714
f 452 1654 1661
f 448 1650 1653
f 449 1656 1651
f 455 1659 1657
f 458 1662 1660
f 470 1672 1675
f 437 1646 1639
f 494 1706 1696
f 531 1735 1733
f 539 1741 1751
f 568 1770 1779
f 478 1680 1683
f 419 1621 1626
f 509 1711 1721
f 554 1756 1766
f 482 1684 1689
f 576 1780 1778
f 558 1767 1760
f 516 1722 1718
f 425 1627 1629
f 542 1744 1747
f 463 1668 1665
f 434 1636 1641
f 497 1699 1704
f 528 1730 1737
f 546 1748 1750
f 464 1666 1676
f 440 1642 1644
f 500 1705 1702
f 524 1736 1726
f 479 1691 1681
f 418 1623 1620
f 508 1713 1710
f 553 1764 1755
f 569 1781 1771
f 538 1749 1740
f 471 1677 1673
f 443 1645 1647
f 501 1703 1707
f 523 1725 1734
f 467 1674 1669
f 433 1638 1635
f 493 1695 1698
f 527 1732 1729
f 543 1752 1745
f 485 1690 1687
f 572 1777 1774
f 557 1759 1762
f 515 1717 1720
f 428 1630 1632
f 591 2191 2189
f 587 1885 1883
f 588 1901 1903
f 594 2279 2281
f 597 2315 2317
f 600 2171 2173
f 634 2160 2158
f 619 2016 2012
f 639 2214 2210
f 602 1919 1924
f 624 2137 2135
f 608 1978 1973
f 610 1991 1996
f 627 2225 2227
f 630 2302 2304
f 635 2178 2176
f 615 2153 2155
f 617 2009 2014
f 637 2207 2212
f 604 1926 1922
f 416 1857 1864
f 408 1803 1810
f 406 1786 1795
f 412 1822 1831
f 415 1840 1849
f 424 1876 1887
f 492 2182 2193
f 582 2312 2321
f 565 2276 2285
f 514 1898 1907
f 461 2091 2098
f 453 2037 2044
f 451 1952 1961
f 457 2056 2067
f 460 2074 2083
f 475 2128 2139
f 439 1966 1975
f 496 1988 1997
f 533 2222 2231
f 551 2293 2298
f 579 2185 2190
f 483 1879 1884
f 426 1893 1900
f 521 2271 2278
f 566 2307 2314
f 489 2163 2170
f 578 2150 2159
f 560 2006 2015
f 518 2204 2213
f 429 1911 1918
f 547 2131 2136
f 465 1969 1977
f 441 1983 1990
f 504 2217 2224
f 537 2290 2301
f 550 2168 2177
f 476 2145 2152
f 444 2001 2008
f 502 2199 2206
f 526 1916 1925
f 481 1808 1817
f 420 1789 1797
f 510 1825 1833
f 555 1843 1851
f 571 1862 1871
f 540 1933 1941
f 473 2110 2119
f 447 2020 2029
f 507 2236 2247
f 534 2257 2262
f 469 2042 2051
f 435 1947 1954
f 498 2059 2064
f 529 2077 2085
f 545 2096 2105
f 487 2113 2121
f 574 2023 2031
f 562 2239 2244
f 520 2254 2265
f 432 1930 1939
f 589 1818 1814
f 583 1798 1793
f 586 1834 1829
f 593 1852 1847
f 596 1872 1868
f 599 1942 1937
f 633 2120 2124
f 620 2030 2034
f 640 2248 2250
f 603 2263 2261
f 622 2052 2050
f 607 1955 1960
f 612 2065 2063
f 626 2086 2081
f 629 2106 2102
f 631 2122 2117
f 614 2032 2027
f 618 2245 2243
f 641 2266 2268
f 605 1940 1944
f 409 1813 1804
f 405 1792 1785
f 411 1828 1821
f 414 1846 1839
f 417 1867 1858
f 431 1936 1929
f 488 2123 2114
f 575 2033 2024
f 563 2249 2240
f 519 2260 2253
f 454 2049 2038
f 450 1959 1951
f 456 2062 2055
f 459 2080 2073
f 462 2101 2092
f 472 2116 2109
f 446 2026 2019
f 506 2242 2235
f 535 2267 2258
f 541 1943 1934
f 570 1869 1861
f 480 1815 1807
f 421 1799 1790
f 511 1835 1826
f 556 1853 1844
f 484 1889 1880
f 580 2195 2186
f 567 2319 2308
f 522 2283 2272
f 427 1905 1894
f 544 2103 2095
f 468 2046 2041
f 436 1957 1948
f 499 2069 2060
f 530 2087 2078
f 548 2141 2132
f 466 1979 1970
f 442 1993 1984
f 505 2229 2218
f 536 2296 2289
f 491 2188 2181
f 423 1882 1875
f 513 1902 1897
f 564 2280 2275
f 581 2316 2311
f 549 2172 2167
f 477 2157 2146
f 445 2011 2002
f 503 2209 2200
f 525 1923 1915
f 474 2134 2127
f 438 1972 1965
f 495 1995 1987
f 532 2226 2221
f 552 2303 2294
f 490 2175 2164
f 577 2154 2149
f 559 2013 2005
f 517 2211 2203
f 430 1921 1912
f 590 1865 1870
f 584 1811 1816
f 585 1796 1800
f 592 1832 1836
f 595 1850 1854
f 598 1888 1890
f 636 2194 2196
f 621 2322 2320
f 642 2286 2284
f 601 1908 1906
f 623 2099 2104
f 611 2045 2047
f 609 1962 1958
f 625 2068 2070
f 628 2084 2088
f 632 2140 2142
f 613 1976 1980
f 616 1998 1994
f 638 2232 2230
f 606 2299 2297
f 407 2330 2329
f 403 2324 2323
f 404 2325 2326
f 410 2332 2333
f 413 2335 2336
f 422 2344 2345
f 486 2410 2409
f 573 2497 2496
f 561 2486 2485
f 512 2434 2435
f 452 2375 2374
f 448 2369 2368
f 449 2370 2371
f 455 2377 2378
f 458 2380 2381
f 470 2393 2392
f 437 2359 2360
f 494 2415 2416
f 531 2455 2456
f 539 2461 2460
f 568 2489 2488
f 478 2399 2398
f 419 2341 2340
f 509 2431 2430
f 554 2476 2475
f 482 2405 2404
f 576 2500 2501
f 558 2481 2482
f 516 2439 2440
f 425 2348 2347
f 542 2465 2464
f 463 2383 2384
f 434 2356 2355
f 497 2420 2419
f 528 2452 2451
f 546 2471 2470
f 464 2386 2385
f 440 2363 2362
f 500 2422 2423
f 524 2445 2446
f 479 2400 2401
f 418 2338 2339
f 508 2428 2429
f 553 2473 2474
f 569 2490 2491
f 538 2458 2459
f 471 2394 2395
f 443 2366 2365
f 501 2425 2424
f 523 2444 2443
f 467 2389 2390
f 433 2353 2354
f 493 2414 2413
f 527 2449 2450
f 543 2466 2467
f 485 2407 2408
f 572 2494 2495
f 557 2480 2479
f 515 2438 2437
f 428 2351 2350
f 591 2510 2511
f 587 2504 2505
f 588 2508 2507
f 594 2514 2513
f 597 2517 2516
f 600 2520 2519
f 634 2554 2556
f 619 2539 2540
f 639 2560 2561
f 602 2523 2521
f 624 2543 2544
f 608 2527 2529
f 610 2532 2530
f 627 2547 2546
f 630 2550 2549
f 635 2552 2553
f 615 2535 2534
f 617 2538 2536
f 637 2558 2557
f 604 2524 2525
f 167 1607 647
f 164 1603 644
f 163 1604 643
f 165 1610 645
f 166 1613 646
f 169 1622 649
f 192 1686 672
f 222 1773 702
f 216 1761 696
f 199 1712 679
f 182 1652 662
f 179 1648 659
f 178 1649 658
f 180 1655 660
f 181 1658 661
f 186 1670 666
f 174 1637 654
f 193 1694 673
f 205 1731 685
f 212 1739 692
f 221 1768 701
f 189 1678 669
f 170 1619 650
f 202 1709 682
f 217 1754 697
f 191 1682 671
f 220 1776 700
f 214 1758 694
f 200 1716 680
f 171 1625 651
f 210 1742 690
f 183 1663 663
f 175 1634 655
f 196 1697 676
f 207 1728 687
f 211 1746 691
f 187 1664 667
f 176 1640 656
f 195 1700 675
f 203 1724 683
f 188 1679 668
f 168 1618 648
f 198 1708 678
f 213 1753 693
f 218 1769 698
f 208 1738 688
f 185 1671 665
f 177 1643 657
f 197 1701 677
f 206 1723 686
f 184 1667 664
f 173 1633 653
f 194 1693 674
f 204 1727 684
f 209 1743 689
f 190 1685 670
f 219 1772 699
f 215 1757 695
f 201 1715 681
f 172 1628 652
f 357 2187 837
f 255 1881 735
f 262 1899 742
f 388 2277 868
f 400 2313 880
f 352 2169 832
f 347 2156 827
f 298 2010 778
f 364 2208 844
f 269 1917 749
f 339 2133 819
f 285 1971 765
f 293 1989 773
f 370 2223 850
f 396 2300 876
f 353 2174 833
f 346 2151 826
f 299 2007 779
f 365 2205 845
f 268 1920 748
f 249 1855 729
f 231 1801 711
f 226 1784 706
f 238 1820 718
f 244 1838 724
f 257 1874 737
f 359 2180 839
f 402 2310 882
f 390 2274 870
f 264 1896 744
f 327 2089 807
f 309 2035 789
f 282 1950 762
f 317 2054 797
f 322 2072 802
f 341 2126 821
f 286 1964 766
f 294 1986 774
f 372 2220 852
f 394 2291 874
f 358 2183 838
f 256 1877 736
f 261 1891 741
f 387 2269 867
f 399 2305 879
f 351 2161 831
f 348 2148 828
f 300 2004 780
f 366 2202 846
f 267 1909 747
f 340 2129 820
f 287 1967 767
f 291 1981 771
f 369 2215 849
f 395 2288 875
f 354 2166 834
f 345 2143 825
f 297 1999 777
f 363 2197 843
f 270 1914 750
f 234 1806 714
f 227 1787 707
f 239 1823 719
f 245 1841 725
f 252 1860 732
f 275 1931 755
f 334 2108 814
f 304 2018 784
f 377 2234 857
f 382 2255 862
f 312 2040 792
f 279 1945 759
f 316 2057 796
f 323 2075 803
f 330 2094 810
f 335 2111 815
f 305 2021 785
f 376 2237 856
f 383 2252 863
f 274 1928 754
f 232 1812 712
f 225 1791 705
f 237 1827 717
f 243 1845 723
f 250 1866 730
f 273 1935 753
f 336 2118 816
f 306 2028 786
f 378 2246 858
f 381 2259 861
f 311 2048 791
f 281 1953 761
f 315 2061 795
f 321 2079 801
f 328 2100 808
f 333 2115 813
f 303 2025 783
f 375 2241 855
f 384 2264 864
f 276 1938 756
f 229 1802 709
f 223 1783 703
f 235 1819 715
f 241 1837 721
f 247 1856 727
f 271 1927 751
f 332 2112 812
f 302 2022 782
f 374 2238 854
f 379 2251 859
f 307 2036 787
f 278 1949 758
f 313 2053 793
f 319 2071 799
f 325 2090 805
f 331 2107 811
f 301 2017 781
f 373 2233 853
f 380 2256 860
f 272 1932 752
f 248 1859 728
f 230 1805 710
f 224 1788 704
f 236 1824 716
f 242 1842 722
f 254 1878 734
f 356 2184 836
f 397 2306 877
f 385 2270 865
f 259 1892 739
f 326 2093 806
f 308 2039 788
f 277 1946 757
f 314 2058 794
f 320 2076 800
f 338 2130 818
f 284 1968 764
f 289 1982 769
f 367 2216 847
f 391 2287 871
f 355 2179 835
f 253 1873 733
f 260 1895 740
f 386 2273 866
f 398 2309 878
f 350 2165 830
f 343 2144 823
f 295 2000 775
f 361 2198 841
f 266 1913 746
f 337 2125 817
f 283 1963 763
f 290 1985 770
f 368 2219 848
f 392 2292 872
f 349 2162 829
f 344 2147 824
f 296 2003 776
f 362 2201 842
f 265 1910 745
f 251 1863 731
f 233 1809 713
f 228 1794 708
f 240 1830 720
f 246 1848 726
f 258 1886 738
f 360 2192 840
f 401 2318 881
f 389 2282 869
f 263 1904 743
f 329 2097 809
f 310 2043 790
f 280 1956 760
f 318 2066 798
f 324 2082 804
f 342 2138 822
f 288 1974 768
f 292 1992 772
f 371 2228 851
f 393 2295 873
f 409 2331 1269
f 405 2327 1245
f 411 2328 1252
f 414 2334 1288
f 417 2337 1306
f 431 2346 1336
f 488 2412 1551
f 575 2499 1473
f 563 2487 1599
f 519 2436 1354
f 454 2376 1479
f 450 2372 1401
f 456 2373 1408
f 459 2379 1492
f 462 2382 1504
f 472 2396 1533
f 446 2361 1414
f 506 2418 1444
f 535 2457 1594
f 541 2463 1383
f 570 2492 1323
f 480 2402 1275
f 421 2343 1263
f 511 2433 1299
f 556 2478 1317
f 484 2406 1341
f 580 2502 1564
f 567 2484 1462
f 522 2442 1588
f 427 2349 1347
f 544 2468 1521
f 468 2387 1420
f 436 2358 1395
f 499 2421 1497
f 530 2454 1515
f 548 2472 1557
f 466 2388 1425
f 442 2364 1431
f 505 2426 1570
f 536 2448 1372
f 491 2403 1282
f 423 2342 1258
f 513 2432 1294
f 564 2477 1312
f 581 2493 1330
f 549 2462 1378
f 477 2397 1540
f 445 2367 1449
f 503 2427 1575
f 525 2447 1365
f 474 2391 1486
f 438 2357 1390
f 495 2417 1437
f 532 2453 1510
f 552 2469 1528
f 490 2411 1546
f 577 2498 1468
f 559 2483 1455
f 517 2441 1581
f 430 2352 1359
f 590 2509 1272
f 584 2503 1248
f 585 2506 1253
f 592 2512 1289
f 595 2515 1307
f 598 2518 1337
f 636 2555 1554
f 621 2541 1476
f 642 2562 1602
f 601 2522 1355
f 623 2542 1482
f 611 2528 1404
f 609 2531 1409
f 625 2545 1493
f 628 2548 1505
f 632 2551 1536
f 613 2533 1415
f 616 2537 1445
f 638 2559 1595
f 606 2526 1386
f 407 1616 909
f 403 1608 891
f 404 1606 886
f 410 1612 898
f 413 1615 904
f 422 1624 922
f 486 1692 1060
f 573 1782 1240
f 561 1765 1204
f 512 1714 1102
f 452 1661 999
f 448 1653 981
f 449 1651 976
f 455 1657 988
f 458 1660 994
f 470 1675 1024
f 437 1639 952
f 494 1696 1066
f 531 1733 1138
f 539 1751 1179
f 568 1779 1233
f 478 1683 1041
f 419 1626 927
f 509 1721 1119
f 554 1766 1209
f 482 1689 1053
f 576 1778 1228
f 558 1760 1192
f 516 1718 1108
f 425 1629 933
f 542 1747 1167
f 463 1665 1005
f 434 1641 957
f 497 1704 1083
f 528 1737 1150
f 546 1750 1174
f 464 1676 1029
f 440 1644 963
f 500 1702 1077
f 524 1726 1126
f 479 1681 1036
f 418 1620 915
f 508 1710 1095
f 553 1755 1185
f 569 1771 1216
f 538 1740 1155
f 471 1673 1018
f 443 1647 970
f 501 1707 1090
f 523 1734 1143
f 467 1669 1012
f 433 1635 945
f 493 1698 1071
f 527 1729 1131
f 543 1745 1162
f 485 1687 1047
f 572 1774 1221
f 557 1762 1197
f 515 1720 1114
f 428 1632 940
f 591 2189 1284
f 587 1883 1260
f 588 1903 1296
f 594 2281 1314
f 597 2317 1332
f 600 2173 1380
f 634 2158 1542
f 619 2012 1451
f 639 2210 1577
f 602 1924 1367
f 624 2135 1488
f 608 1973 1392
f 610 1996 1439
f 627 2227 1512
f 630 2304 1530
f 635 2176 1548
f 615 2155 1470
f 617 2014 1457
f 637 2212 1583
f 604 1922 1361
f 416 1864 1270
f 408 1810 1246
f 406 1795 1251
f 412 1831 1287
f 415 1849 1305
f 424 1887 1335
f 492 2193 1552
f 582 2321 1474
f 565 2285 1600
f 514 1907 1353
f 461 2098 1480
f 453 2044 1402
f 451 1961 1407
f 457 2067 1491
f 460 2083 1503
f 475 2139 1534
f 439 1975 1413
f 496 1997 1443
f 533 2231 1593
f 551 2298 1384
f 579 2190 1324
f 483 1884 1276
f 426 1900 1264
f 521 2278 1300
f 566 2314 1318
f 489 2170 1342
f 578 2159 1563
f 560 2015 1461
f 518 2213 1587
f 429 1918 1348
f 547 2136 1522
f 465 1977 1419
f 441 1990 1396
f 504 2224 1498
f 537 2301 1516
f 550 2177 1558
f 476 2152 1426
f 444 2008 1432
f 502 2206 1569
f 526 1925 1371
f 481 1817 1281
f 420 1797 1257
f 510 1833 1293
f 555 1851 1311
f 571 1871 1329
f 540 1941 1377
f 473 2119 1539
f 447 2029 1450
f 507 2247 1576
f 534 2262 1366
f 469 2051 1485
f 435 1954 1389
f 498 2064 1438
f 529 2085 1509
f 545 2105 1527
f 487 2121 1545
f 574 2031 1467
f 562 2244 1456
f 520 2265 1582
f 432 1939 1360
f 589 1814 1271
f 583 1793 1247
f 586 1829 1254
f 593 1847 1290
f 596 1868 1308
f 599 1937 1338
f 633 2124 1553
f 620 2034 1475
f 640 2250 1601
f 603 2261 1356
f 622 2050 1481
f 607 1960 1403
f 612 2063 1410
f 626 2081 1494
f 629 2102 1506
f 631 2117 1535
f 614 2027 1416
f 618 2243 1446
f 641 2268 1596
f 605 1944 1385
f 409 1804 894
f 405 1785 887
f 411 1821 899
f 414 1839 905
f 417 1858 912
f 431 1929 941
f 488 2114 1050
f 575 2024 1224
f 563 2240 1200
f 519 2253 1115
f 454 2038 984
f 450 1951 977
f 456 2055 989
f 459 2073 995
f 462 2092 1002
f 472 2109 1019
f 446 2019 971
f 506 2235 1091
f 535 2258 1146
f 541 1934 1158
f 570 1861 1217
f 480 1807 1037
f 421 1790 918
f 511 1826 1098
f 556 1844 1188
f 484 1880 1044
f 580 2186 1236
f 567 2308 1212
f 522 2272 1122
f 427 1894 930
f 544 2095 1163
f 468 2041 1013
f 436 1948 948
f 499 2060 1074
f 530 2078 1134
f 548 2132 1170
f 466 1970 1008
f 442 1984 960
f 505 2218 1086
f 536 2289 1151
f 491 2181 1061
f 423 1875 923
f 513 1897 1103
f 564 2275 1205
f 581 2311 1241
f 549 2167 1175
f 477 2146 1032
f 445 2002 966
f 503 2200 1080
f 525 1915 1127
f 474 2127 1025
f 438 1965 953
f 495 1987 1067
f 532 2221 1139
f 552 2294 1182
f 490 2164 1056
f 577 2149 1229
f 559 2005 1193
f 517 2203 1109
f 430 1912 936
f 590 1870 1325
f 584 1816 1277
f 585 1800 1265
f 592 1836 1301
f 595 1854 1319
f 598 1890 1343
f 636 2196 1566
f 621 2320 1464
f 642 2284 1590
f 601 1906 1349
f 623 2104 1523
f 611 2047 1422
f 609 1958 1397
f 625 2070 1499
f 628 2088 1517
f 632 2142 1559
f 613 1980 1427
f 616 1994 1433
f 638 2230 1572
f 606 2297 1374
f 407 2329 892
f 403 2323 885
f 404 2326 897
f 410 2333 903
f 413 2336 910
f 422 2345 939
f 486 2409 1048
f 573 2496 1222
f 561 2485 1198
f 512 2435 1113
f 452 2374 982
f 448 2368 975
f 449 2371 987
f 455 2378 993
f 458 2381 1000
f 470 2392 1017
f 437 2360 969
f 494 2416 1089
f 531 2456 1144
f 539 2460 1156
f 568 2488 1215
f 478 2398 1035
f 419 2340 916
f 509 2430 1096
f 554 2475 1186
f 482 2404 1042
f 576 2501 1234
f 558 2482 1210
f 516 2440 1120
f 425 2347 928
f 542 2464 1161
f 463 2384 1011
f 434 2355 946
f 497 2419 1072
f 528 2451 1132
f 546 2470 1168
f 464 2385 1006
f 440 2362 958
f 500 2423 1084
f 524 2446 1149
f 479 2401 1059
f 418 2339 921
f 508 2429 1101
f 553 2474 1203
f 569 2491 1239
f 538 2459 1173
f 471 2395 1030
f 443 2365 964
f 501 2424 1078
f 523 2443 1125
f 467 2390 1023
f 433 2354 951
f 493 2413 1065
f 527 2450 1137
f 543 2467 1180
f 485 2408 1054
f 572 2495 1227
f 557 2479 1191
f 515 2437 1107
f 428 2350 934
f 591 2511 1326
f 587 2505 1278
f 588 2507 1266
f 594 2513 1302
f 597 2516 1320
f 600 2519 1344
f 634 2556 1565
f 619 2540 1463
f 639 2561 1589
f 602 2521 1350
f 624 2544 1524
f 608 2529 1421
f 610 2530 1398
f 627 2546 1500
f 630 2549 1518
f 635 2553 1560
f 615 2534 1428
f 617 2536 1434
f 637 2557 1571
f 604 2525 1373
f 164 1609 889
f 163 1605 883
f 165 1611 895
f 166 1614 901
f 167 1617 907
f 172 1631 937
f 190 1688 1045
f 219 1775 1219
f 215 1763 1195
f 201 1719 1111
f 179 1654 979
f 178 1650 973
f 180 1656 985
f 181 1659 991
f 182 1662 997
f 185 1672 1015
f 177 1646 967
f 197 1706 1087
f 206 1735 1141
f 208 1741 1153
f 218 1770 1213
f 188 1680 1033
f 168 1621 913
f 198 1711 1093
f 213 1756 1183
f 189 1684 1039
f 221 1780 1231
f 217 1767 1207
f 202 1722 1117
f 170 1627 925
f 209 1744 1159
f 184 1668 1009
f 173 1636 943
f 194 1699 1069
f 204 1730 1129
f 210 1748 1165
f 183 1666 1003
f 175 1642 955
f 196 1705 1081
f 207 1736 1147
f 192 1691 1057
f 169 1623 919
f 199 1713 1099
f 216 1764 1201
f 222 1781 1237
f 211 1749 1171
f 187 1677 1027
f 176 1645 961
f 195 1703 1075
f 203 1725 1123
f 186 1674 1021
f 174 1638 949
f 193 1695 1063
f 205 1732 1135
f 212 1752 1177
f 191 1690 1051
f 220 1777 1225
f 214 1759 1189
f 200 1717 1105
f 171 1630 931
f 358 2191 1322
f 256 1885 1274
f 261 1901 1262
f 387 2279 1298
f 399 2315 1316
f 351 2171 1340
f 348 2160 1561
f 300 2016 1459
f 366 2214 1585
f 267 1919 1346
f 340 2137 1520
f 287 1978 1417
f 291 1991 1394
f 369 2225 1496
f 395 2302 1514
f 354 2178 1556
f 345 2153 1424
f 297 2009 1430
f 363 2207 1567
f 270 1926 1369
f 247 1857 908
f 229 1803 890
f 223 1786 884
f 235 1822 896
f 241 1840 902
f 253 1876 920
f 355 2182 1058
f 398 2312 1238
f 386 2276 1202
f 260 1898 1100
f 325 2091 998
f 307 2037 980
f 278 1952 974
f 313 2056 986
f 319 2074 992
f 337 2128 1022
f 283 1966 950
f 290 1988 1064
f 368 2222 1136
f 392 2293 1178
f 356 2185 1232
f 254 1879 1040
f 259 1893 926
f 385 2271 1118
f 397 2307 1208
f 349 2163 1052
f 344 2150 1226
f 296 2006 1190
f 362 2204 1106
f 265 1911 932
f 338 2131 1166
f 284 1969 1004
f 289 1983 956
f 367 2217 1082
f 391 2290 1148
f 350 2168 1172
f 343 2145 1028
f 295 2001 962
f 361 2199 1076
f 266 1916 1124
f 230 1808 1034
f 224 1789 914
f 236 1825 1094
f 242 1843 1184
f 248 1862 1214
f 272 1933 1154
f 331 2110 1016
f 301 2020 968
f 373 2236 1088
f 380 2257 1142
f 308 2042 1010
f 277 1947 944
f 314 2059 1070
f 320 2077 1130
f 326 2096 1160
f 332 2113 1046
f 302 2023 1220
f 374 2239 1196
f 379 2254 1112
f 271 1930 938
f 234 1818 1279
f 227 1798 1255
f 239 1834 1291
f 245 1852 1309
f 252 1872 1327
f 275 1942 1375
f 334 2120 1537
f 304 2030 1448
f 377 2248 1574
f 382 2263 1364
f 312 2052 1483
f 279 1955 1387
f 316 2065 1436
f 323 2086 1507
f 330 2106 1525
f 335 2122 1543
f 305 2032 1465
f 376 2245 1454
f 383 2266 1580
f 274 1940 1358
f 232 1813 1267
f 225 1792 1243
f 237 1828 1250
f 243 1846 1286
f 250 1867 1304
f 273 1936 1334
f 336 2123 1549
f 306 2033 1471
f 378 2249 1597
f 381 2260 1352
f 311 2049 1477
f 281 1959 1399
f 315 2062 1406
f 321 2080 1490
f 328 2101 1502
f 333 2116 1531
f 303 2026 1412
f 375 2242 1442
f 384 2267 1592
f 276 1943 1381
f 251 1869 1321
f 233 1815 1273
f 228 1799 1261
f 240 1835 1297
f 246 1853 1315
f 258 1889 1339
f 360 2195 1562
f 401 2319 1460
f 389 2283 1586
f 263 1905 1345
f 329 2103 1519
f 310 2046 1418
f 280 1957 1393
f 318 2069 1495
f 324 2087 1513
f 342 2141 1555
f 288 1979 1423
f 292 1993 1429
f 371 2229 1568
f 393 2296 1370
f 357 2188 1280
f 255 1882 1256
f 262 1902 1292
f 388 2280 1310
f 400 2316 1328
f 352 2172 1376
f 347 2157 1538
f 298 2011 1447
f 364 2209 1573
f 269 1923 1363
f 339 2134 1484
f 285 1972 1388
f 293 1995 1435
f 370 2226 1508
f 396 2303 1526
f 353 2175 1544
f 346 2154 1466
f 299 2013 1453
f 365 2211 1579
f 268 1921 1357
f 249 1865 1268
f 231 1811 1244
f 226 1796 1249
f 238 1832 1285
f 244 1850 1303
f 257 1888 1333
f 359 2194 1550
f 402 2322 1472
f 390 2286 1598
f 264 1908 1351
f 327 2099 1478
f 309 2045 1400
f 282 1962 1405
f 317 2068 1489
f 322 2084 1501
f 341 2140 1532
f 286 1976 1411
f 294 1998 1441
f 372 2232 1591
f 394 2299 1382
f 416 2330 911
f 408 2324 893
f 406 2325 888
f 412 2332 900
f 415 2335 906
f 424 2344 924
f 492 2410 1062
f 582 2497 1242
f 565 2486 1206
f 514 2434 1104
f 461 2375 1001
f 453 2369 983
f 451 2370 978
f 457 2377 990
f 460 2380 996
f 475 2393 1026
f 439 2359 954
f 496 2415 1068
f 533 2455 1140
f 551 2461 1181
f 579 2489 1235
f 483 2399 1043
f 426 2341 929
f 521 2431 1121
f 566 2476 1211
f 489 2405 1055
f 578 2500 1230
f 560 2481 1194
f 518 2439 1110
f 429 2348 935
f 547 2465 1169
f 465 2383 1007
f 441 2356 959
f 504 2420 1085
f 537 2452 1152
f 550 2471 1176
f 476 2386 1031
f 444 2363 965
f 502 2422 1079
f 526 2445 1128
f 481 2400 1038
f 420 2338 917
f 510 2428 1097
f 555 2473 1187
f 571 2490 1218
f 540 2458 1157
f 473 2394 1020
f 447 2366 972
f 507 2425 1092
f 534 2444 1145
f 469 2389 1014
f 435 2353 947
f 498 2414 1073
f 529 2449 1133
f 545 2466 1164
f 487 2407 1049
f 574 2494 1223
f 562 2480 1199
f 520 2438 1116
f 432 2351 942
f 589 2510 1283
f 583 2504 1259
f 586 2508 1295
f 593 2514 1313
f 596 2517 1331
f 599 2520 1379
f 633 2554 1541
f 620 2539 1452
f 640 2560 1578
f 603 2523 1368
f 622 2543 1487
f 607 2527 1391
f 612 2532 1440
f 626 2547 1511
f 629 2550 1529
f 631 2552 1547
f 614 2535 1469
f 618 2538 1458
f 641 2558 1584
f 605 2524 1362
f 164 1607 1609
f 163 1603 1605
f 165 1604 1611
f 166 1610 1614
f 167 1613 1617
f 172 1622 1631
f 190 1686 1688
f 219 1773 1775
f 215 1761 1763
f 201 1712 1719
f 179 1652 1654
f 178 1648 1650
f 180 1649 1656
f 181 1655 1659
f 182 1658 1662
f 185 1670 1672
f 177 1637 1646
f 197 1694 1706
f 206 1731 1735
f 208 1739 1741
f 218 1768 1770
f 188 1678 1680
f 168 1619 1621
f 198 1709 1711
f 213 1754 1756
f 189 1682 1684
f 221 1776 1780
f 217 1758 1767
f 202 1716 1722
f 170 1625 1627
f 209 1742 1744
f 184 1663 1668
f 173 1634 1636
f 194 1697 1699
f 204 1728 1730
f 210 1746 1748
f 183 1664 1666
f 175 1640 1642
f 196 1700 1705
f 207 1724 1736
f 192 1679 1691
f 169 1618 1623
f 199 1708 1713
f 216 1753 1764
f 222 1769 1781
f 211 1738 1749
f 187 1671 1677
f 176 1643 1645
f 195 1701 1703
f 203 1723 1725
f 186 1667 1674
f 174 1633 1638
f 193 1693 1695
f 205 1727 1732
f 212 1743 1752
f 191 1685 1690
f 220 1772 1777
f 214 1757 1759
f 200 1715 1717
f 171 1628 1630
f 358 2187 2191
f 256 1881 1885
f 261 1899 1901
f 387 2277 2279
f 399 2313 2315
f 351 2169 2171
f 348 2156 2160
f 300 2010 2016
f 366 2208 2214
f 267 1917 1919
f 340 2133 2137
f 287 1971 1978
f 291 1989 1991
f 369 2223 2225
f 395 2300 2302
f 354 2174 2178
f 345 2151 2153
f 297 2007 2009
f 363 2205 2207
f 270 1920 1926
f 247 1855 1857
f 229 1801 1803
f 223 1784 1786
f 235 1820 1822
f 241 1838 1840
f 253 1874 1876
f 355 2180 2182
f 398 2310 2312
f 386 2274 2276
f 260 1896 1898
f 325 2089 2091
f 307 2035 2037
f 278 1950 1952
f 313 2054 2056
f 319 2072 2074
f 337 2126 2128
f 283 1964 1966
f 290 1986 1988
f 368 2220 2222
f 392 2291 2293
f 356 2183 2185
f 254 1877 1879
f 259 1891 1893
f 385 2269 2271
f 397 2305 2307
f 349 2161 2163
f 344 2148 2150
f 296 2004 2006
f 362 2202 2204
f 265 1909 1911
f 338 2129 2131
f 284 1967 1969
f 289 1981 1983
f 367 2215 2217
f 391 2288 2290
f 350 2166 2168
f 343 2143 2145
f 295 1999 2001
f 361 2197 2199
f 266 1914 1916
f 230 1806 1808
f 224 1787 1789
f 236 1823 1825
f 242 1841 1843
f 248 1860 1862
f 272 1931 1933
f 331 2108 2110
f 301 2018 2020
f 373 2234 2236
f 380 2255 2257
f 308 2040 2042
f 277 1945 1947
f 314 2057 2059
f 320 2075 2077
f 326 2094 2096
f 332 2111 2113
f 302 2021 2023
f 374 2237 2239
f 379 2252 2254
f 271 1928 1930
f 234 1812 1818
f 227 1791 1798
f 239 1827 1834
f 245 1845 1852
f 252 1866 1872
f 275 1935 1942
f 334 2118 2120
f 304 2028 2030
f 377 2246 2248
f 382 2259 2263
f 312 2048 2052
f 279 1953 1955
f 316 2061 2065
f 323 2079 2086
f 330 2100 2106
f 335 2115 2122
f 305 2025 2032
f 376 2241 2245
f 383 2264 2266
f 274 1938 1940
f 232 1802 1813
f 225 1783 1792
f 237 1819 1828
f 243 1837 1846
f 250 1856 1867
f 273 1927 1936
f 336 2112 2123
f 306 2022 2033
f 378 2238 2249
f 381 2251 2260
f 311 2036 2049
f 281 1949 1959
f 315 2053 2062
f 321 2071 2080
f 328 2090 2101
f 333 2107 2116
f 303 2017 2026
f 375 2233 2242
f 384 2256 2267
f 276 1932 1943
f 251 1859 1869
f 233 1805 1815
f 228 1788 1799
f 240 1824 1835
f 246 1842 1853
f 258 1878 1889
f 360 2184 2195
f 401 2306 2319
f 389 2270 2283
f 263 1892 1905
f 329 2093 2103
f 310 2039 2046
f 280 1946 1957
f 318 2058 2069
f 324 2076 2087
f 342 2130 2141
f 288 1968 1979
f 292 1982 1993
f 371 2216 2229
f 393 2287 2296
f 357 2179 2188
f 255 1873 1882
f 262 1895 1902
f 388 2273 2280
f 400 2309 2316
f 352 2165 2172
f 347 2144 2157
f 298 2000 2011
f 364 2198 2209
f 269 1913 1923
f 339 2125 2134
f 285 1963 1972
f 293 1985 1995
f 370 2219 2226
f 396 2292 2303
f 353 2162 2175
f 346 2147 2154
f 299 2003 2013
f 365 2201 2211
f 268 1910 1921
f 249 1863 1865
f 231 1809 1811
f 226 1794 1796
f 238 1830 1832
f 244 1848 1850
f 257 1886 1888
f 359 2192 2194
f 402 2318 2322
f 390 2282 2286
f 264 1904 1908
f 327 2097 2099
f 309 2043 2045
f 282 1956 1962
f 317 2066 2068
f 322 2082 2084
f 341 2138 2140
f 286 1974 1976
f 294 1992 1998
f 372 2228 2232
f 394 2295 2299
f 416 2331 2330
f 408 2327 2324
f 406 2328 2325
f 412 2334 2332
f 415 2337 2335
f 424 2346 2344
f 492 2412 2410
f 582 2499 2497
f 565 2487 2486
f 514 2436 2434
f 461 2376 2375
f 453 2372 2369
f 451 2373 2370
f 457 2379 2377
f 460 2382 2380
f 475 2396 2393
f 439 2361 2359
f 496 2418 2415
f 533 2457 2455
f 551 2463 2461
f 579 2492 2489
f 483 2402 2399
f 426 2343 2341
f 521 2433 2431
f 566 2478 2476
f 489 2406 2405
f 578 2502 2500
f 560 2484 2481
f 518 2442 2439
f 429 2349 2348
f 547 2468 2465
f 465 2387 2383
f 441 2358 2356
f 504 2421 2420
f 537 2454 2452
f 550 2472 2471
f 476 2388 2386
f 444 2364 2363
f 502 2426 2422
f 526 2448 2445
f 481 2403 2400
f 420 2342 2338
f 510 2432 2428
f 555 2477 2473
f 571 2493 2490
f 540 2462 2458
f 473 2397 2394
f 447 2367 2366
f 507 2427 2425
f 534 2447 2444
f 469 2391 2389
f 435 2357 2353
f 498 2417 2414
f 529 2453 2449
f 545 2469 2466
f 487 2411 2407
f 574 2498 2494
f 562 2483 2480
f 520 2441 2438
f 432 2352 2351
f 589 2509 2510
f 583 2503 2504
f 586 2506 2508
f 593 2512 2514
f 596 2515 2517
f 599 2518 2520
f 633 2555 2554
f 620 2541 2539
f 640 2562 2560
f 603 2522 2523
f 622 2542 2543
f 607 2528 2527
f 612 2531 2532
f 626 2545 2547
f 629 2548 2550
f 631 2551 2552
f 614 2533 2535
f 618 2537 2538
f 641 2559 2558
f 605 2526 2524
f 164 644 1607
f 163 643 1603
f 165 645 1604
f 166 646 1610
f 167 647 1613
f 172 652 1622
f 190 670 1686
f 219 699 1773
f 215 695 1761
f 201 681 1712
f 179 659 1652
f 178 658 1648
f 180 660 1649
f 181 661 1655
f 182 662 1658
f 185 665 1670
f 177 657 1637
f 197 677 1694
f 206 686 1731
f 208 688 1739
f 218 698 1768
f 188 668 1678
f 168 648 1619
f 198 678 1709
f 213 693 1754
f 189 669 1682
f 221 701 1776
f 217 697 1758
f 202 682 1716
f 170 650 1625
f 209 689 1742
f 184 664 1663
f 173 653 1634
f 194 674 1697
f 204 684 1728
f 210 690 1746
f 183 663 1664
f 175 655 1640
f 196 676 1700
f 207 687 1724
f 192 672 1679
f 169 649 1618
f 199 679 1708
f 216 696 1753
f 222 702 1769
f 211 691 1738
f 187 667 1671
f 176 656 1643
f 195 675 1701
f 203 683 1723
f 186 666 1667
f 174 654 1633
f 193 673 1693
f 205 685 1727
f 212 692 1743
f 191 671 1685
f 220 700 1772
f 214 694 1757
f 200 680 1715
f 171 651 1628
f 358 838 2187
f 256 736 1881
f 261 741 1899
f 387 867 2277
f 399 879 2313
f 351 831 2169
f 348 828 2156
f 300 780 2010
f 366 846 2208
f 267 747 1917
f 340 820 2133
f 287 767 1971
f 291 771 1989
f 369 849 2223
f 395 875 2300
f 354 834 2174
f 345 825 2151
f 297 777 2007
f 363 843 2205
f 270 750 1920
f 247 727 1855
f 229 709 1801
f 223 703 1784
f 235 715 1820
f 241 721 1838
f 253 733 1874
f 355 835 2180
f 398 878 2310
f 386 866 2274
f 260 740 1896
f 325 805 2089
f 307 787 2035
f 278 758 1950
f 313 793 2054
f 319 799 2072
f 337 817 2126
f 283 763 1964
f 290 770 1986
f 368 848 2220
f 392 872 2291
f 356 836 2183
f 254 734 1877
f 259 739 1891
f 385 865 2269
f 397 877 2305
f 349 829 2161
f 344 824 2148
f 296 776 2004
f 362 842 2202
f 265 745 1909
f 338 818 2129
f 284 764 1967
f 289 769 1981
f 367 847 2215
f 391 871 2288
f 350 830 2166
f 343 823 2143
f 295 775 1999
f 361 841 2197
f 266 746 1914
f 230 710 1806
f 224 704 1787
f 236 716 1823
f 242 722 1841
f 248 728 1860
f 272 752 1931
f 331 811 2108
f 301 781 2018
f 373 853 2234
f 380 860 2255
f 308 788 2040
f 277 757 1945
f 314 794 2057
f 320 800 2075
f 326 806 2094
f 332 812 2111
f 302 782 2021
f 374 854 2237
f 379 859 2252
f 271 751 1928
f 234 714 1812
f 227 707 1791
f 239 719 1827
f 245 725 1845
f 252 732 1866
f 275 755 1935
f 334 814 2118
f 304 784 2028
f 377 857 2246
f 382 862 2259
f 312 792 2048
f 279 759 1953
f 316 796 2061
f 323 803 2079
f 330 810 2100
f 335 815 2115
f 305 785 2025
f 376 856 2241
f 383 863 2264
f 274 754 1938
f 232 712 1802
f 225 705 1783
f 237 717 1819
f 243 723 1837
f 250 730 1856
f 273 753 1927
f 336 816 2112
f 306 786 2022
f 378 858 2238
f 381 861 2251
f 311 791 2036
f 281 761 1949
f 315 795 2053
f 321 801 2071
f 328 808 2090
f 333 813 2107
f 303 783 2017
f 375 855 2233
f 384 864 2256
f 276 756 1932
f 251 731 1859
f 233 713 1805
f 228 708 1788
f 240 720 1824
f 246 726 1842
f 258 738 1878
f 360 840 2184
f 401 881 2306
f 389 869 2270
f 263 743 1892
f 329 809 2093
f 310 790 2039
f 280 760 1946
f 318 798 2058
f 324 804 2076
f 342 822 2130
f 288 768 1968
f 292 772 1982
f 371 851 2216
f 393 873 2287
f 357 837 2179
f 255 735 1873
f 262 742 1895
f 388 868 2273
f 400 880 2309
f 352 832 2165
f 347 827 2144
f 298 778 2000
f 364 844 2198
f 269 749 1913
f 339 819 2125
f 285 765 1963
f 293 773 1985
f 370 850 2219
f 396 876 2292
f 353 833 2162
f 346 826 2147
f 299 779 2003
f 365 845 2201
f 268 748 1910
f 249 729 1863
f 231 711 1809
f 226 706 1794
f 238 718 1830
f 244 724 1848
f 257 737 1886
f 359 839 2192
f 402 882 2318
f 390 870 2282
f 264 744 1904
f 327 807 2097
f 309 789 2043
f 282 762 1956
f 317 797 2066
f 322 802 2082
f 341 821 2138
f 286 766 1974
f 294 774 1992
f 372 852 2228
f 394 874 2295
f 416 1270 2331
f 408 1246 2327
f 406 1251 2328
f 412 1287 2334
f 415 1305 2337
f 424 1335 2346
f 492 1552 2412
f 582 1474 2499
f 565 1600 2487
f 514 1353 2436
f 461 1480 2376
f 453 1402 2372
f 451 1407 2373
f 457 1491 2379
f 460 1503 2382
f 475 1534 2396
f 439 1413 2361
f 496 1443 2418
f 533 1593 2457
f 551 1384 2463
f 579 1324 2492
f 483 1276 2402
f 426 1264 2343
f 521 1300 2433
f 566 1318 2478
f 489 1342 2406
f 578 1563 2502
f 560 1461 2484
f 518 1587 2442
f 429 1348 2349
f 547 1522 2468
f 465 1419 2387
f 441 1396 2358
f 504 1498 2421
f 537 1516 2454
f 550 1558 2472
f 476 1426 2388
f 444 1432 2364
f 502 1569 2426
f 526 1371 2448
f 481 1281 2403
f 420 1257 2342
f 510 1293 2432
f 555 1311 2477
f 571 1329 2493
f 540 1377 2462
f 473 1539 2397
f 447 1450 2367
f 507 1576 2427
f 534 1366 2447
f 469 1485 2391
f 435 1389 2357
f 498 1438 2417
f 529 1509 2453
f 545 1527 2469
f 487 1545 2411
f 574 1467 2498
f 562 1456 2483
f 520 1582 2441
f 432 1360 2352
f 589 1271 2509
f 583 1247 2503
f 586 1254 2506
f 593 1290 2512
f 596 1308 2515
f 599 1338 2518
f 633 1553 2555
f 620 1475 2541
f 640 1601 2562
f 603 1356 2522
f 622 1481 2542
f 607 1403 2528
f 612 1410 2531
f 626 1494 2545
f 629 1506 2548
f 631 1535 2551
f 614 1416 2533
f 618 1446 2537
f 641 1596 2559
f 605 1385 2526
f 167 907 1616
f 164 889 1608
f 163 883 1606
f 165 895 1612
f 166 901 1615
f 169 919 1624
f 192 1057 1692
f 222 1237 1782
f 216 1201 1765
f 199 1099 1714
f 182 997 1661
f 179 979 1653
f 178 973 1651
f 180 985 1657
f 181 991 1660
f 186 1021 1675
f 174 949 1639
f 193 1063 1696
f 205 1135 1733
f 212 1177 1751
f 221 1231 1779
f 189 1039 1683
f 170 925 1626
f 202 1117 1721
f 217 1207 1766
f 191 1051 1689
f 220 1225 1778
f 214 1189 1760
f 200 1105 1718
f 171 931 1629
f 210 1165 1747
f 183 1003 1665
f 175 955 1641
f 196 1081 1704
f 207 1147 1737
f 211 1171 1750
f 187 1027 1676
f 176 961 1644
f 195 1075 1702
f 203 1123 1726
f 188 1033 1681
f 168 913 1620
f 198 1093 1710
f 213 1183 1755
f 218 1213 1771
f 208 1153 1740
f 185 1015 1673
f 177 967 1647
f 197 1087 1707
f 206 1141 1734
f 184 1009 1669
f 173 943 1635
f 194 1069 1698
f 204 1129 1729
f 209 1159 1745
f 190 1045 1687
f 219 1219 1774
f 215 1195 1762
f 201 1111 1720
f 172 937 1632
f 357 1280 2189
f 255 1256 1883
f 262 1292 1903
f 388 1310 2281
f 400 1328 2317
f 352 1376 2173
f 347 1538 2158
f 298 1447 2012
f 364 1573 2210
f 269 1363 1924
f 339 1484 2135
f 285 1388 1973
f 293 1435 1996
f 370 1508 2227
f 396 1526 2304
f 353 1544 2176
f 346 1466 2155
f 299 1453 2014
f 365 1579 2212
f 268 1357 1922
f 249 1268 1864
f 231 1244 1810
f 226 1249 1795
f 238 1285 1831
f 244 1303 1849
f 257 1333 1887
f 359 1550 2193
f 402 1472 2321
f 390 1598 2285
f 264 1351 1907
f 327 1478 2098
f 309 1400 2044
f 282 1405 1961
f 317 1489 2067
f 322 1501 2083
f 341 1532 2139
f 286 1411 1975
f 294 1441 1997
f 372 1591 2231
f 394 1382 2298
f 358 1322 2190
f 256 1274 1884
f 261 1262 1900
f 387 1298 2278
f 399 1316 2314
f 351 1340 2170
f 348 1561 2159
f 300 1459 2015
f 366 1585 2213
f 267 1346 1918
f 340 1520 2136
f 287 1417 1977
f 291 1394 1990
f 369 1496 2224
f 395 1514 2301
f 354 1556 2177
f 345 1424 2152
f 297 1430 2008
f 363 1567 2206
f 270 1369 1925
f 234 1279 1817
f 227 1255 1797
f 239 1291 1833
f 245 1309 1851
f 252 1327 1871
f 275 1375 1941
f 334 1537 2119
f 304 1448 2029
f 377 1574 2247
f 382 1364 2262
f 312 1483 2051
f 279 1387 1954
f 316 1436 2064
f 323 1507 2085
f 330 1525 2105
f 335 1543 2121
f 305 1465 2031
f 376 1454 2244
f 383 1580 2265
f 274 1358 1939
f 232 1267 1814
f 225 1243 1793
f 237 1250 1829
f 243 1286 1847
f 250 1304 1868
f 273 1334 1937
f 336 1549 2124
f 306 1471 2034
f 378 1597 2250
f 381 1352 2261
f 311 1477 2050
f 281 1399 1960
f 315 1406 2063
f 321 1490 2081
f 328 1502 2102
f 333 1531 2117
f 303 1412 2027
f 375 1442 2243
f 384 1592 2268
f 276 1381 1944
f 229 890 1804
f 223 884 1785
f 235 896 1821
f 241 902 1839
f 247 908 1858
f 271 938 1929
f 332 1046 2114
f 302 1220 2024
f 374 1196 2240
f 379 1112 2253
f 307 980 2038
f 278 974 1951
f 313 986 2055
f 319 992 2073
f 325 998 2092
f 331 1016 2109
f 301 968 2019
f 373 1088 2235
f 380 1142 2258
f 272 1154 1934
f 248 1214 1861
f 230 1034 1807
f 224 914 1790
f 236 1094 1826
f 242 1184 1844
f 254 1040 1880
f 356 1232 2186
f 397 1208 2308
f 385 1118 2272
f 259 926 1894
f 326 1160 2095
f 308 1010 2041
f 277 944 1948
f 314 1070 2060
f 320 1130 2078
f 338 1166 2132
f 284 1004 1970
f 289 956 1984
f 367 1082 2218
f 391 1148 2289
f 355 1058 2181
f 253 920 1875
f 260 1100 1897
f 386 1202 2275
f 398 1238 2311
f 350 1172 2167
f 343 1028 2146
f 295 962 2002
f 361 1076 2200
f 266 1124 1915
f 337 1022 2127
f 283 950 1965
f 290 1064 1987
f 368 1136 2221
f 392 1178 2294
f 349 1052 2164
f 344 1226 2149
f 296 1190 2005
f 362 1106 2203
f 265 932 1912
f 251 1321 1870
f 233 1273 1816
f 228 1261 1800
f 240 1297 1836
f 246 1315 1854
f 258 1339 1890
f 360 1562 2196
f 401 1460 2320
f 389 1586 2284
f 263 1345 1906
f 329 1519 2104
f 310 1418 2047
f 280 1393 1958
f 318 1495 2070
f 324 1513 2088
f 342 1555 2142
f 288 1423 1980
f 292 1429 1994
f 371 1568 2230
f 393 1370 2297
f 409 894 2329
f 405 887 2323
f 411 899 2326
f 414 905 2333
f 417 912 2336
f 431 941 2345
f 488 1050 2409
f 575 1224 2496
f 563 1200 2485
f 519 1115 2435
f 454 984 2374
f 450 977 2368
f 456 989 2371
f 459 995 2378
f 462 1002 2381
f 472 1019 2392
f 446 971 2360
f 506 1091 2416
f 535 1146 2456
f 541 1158 2460
f 570 1217 2488
f 480 1037 2398
f 421 918 2340
f 511 1098 2430
f 556 1188 2475
f 484 1044 2404
f 580 1236 2501
f 567 1212 2482
f 522 1122 2440
f 427 930 2347
f 544 1163 2464
f 468 1013 2384
f 436 948 2355
f 499 1074 2419
f 530 1134 2451
f 548 1170 2470
f 466 1008 2385
f 442 960 2362
f 505 1086 2423
f 536 1151 2446
f 491 1061 2401
f 423 923 2339
f 513 1103 2429
f 564 1205 2474
f 581 1241 2491
f 549 1175 2459
f 477 1032 2395
f 445 966 2365
f 503 1080 2424
f 525 1127 2443
f 474 1025 2390
f 438 953 2354
f 495 1067 2413
f 532 1139 2450
f 552 1182 2467
f 490 1056 2408
f 577 1229 2495
f 559 1193 2479
f 517 1109 2437
f 430 936 2350
f 590 1325 2511
f 584 1277 2505
f 585 1265 2507
f 592 1301 2513
f 595 1319 2516
f 598 1343 2519
f 636 1566 2556
f 621 1464 2540
f 642 1590 2561
f 601 1349 2521
f 623 1523 2544
f 611 1422 2529
f 609 1397 2530
f 625 1499 2546
f 628 1517 2549
f 632 1559 2553
f 613 1427 2534
f 616 1433 2536
f 638 1572 2557
f 606 1374 2525
f 407 892 1609
f 403 885 1605
f 404 897 1611
f 410 903 1614
f 413 910 1617
f 422 939 1631
f 486 1048 1688
f 573 1222 1775
f 561 1198 1763
f 512 1113 1719
f 452 982 1654
f 448 975 1650
f 449 987 1656
f 455 993 1659
f 458 1000 1662
f 470 1017 1672
f 437 969 1646
f 494 1089 1706
f 531 1144 1735
f 539 1156 1741
f 568 1215 1770
f 478 1035 1680
f 419 916 1621
f 509 1096 1711
f 554 1186 1756
f 482 1042 1684
f 576 1234 1780
f 558 1210 1767
f 516 1120 1722
f 425 928 1627
f 542 1161 1744
f 463 1011 1668
f 434 946 1636
f 497 1072 1699
f 528 1132 1730
f 546 1168 1748
f 464 1006 1666
f 440 958 1642
f 500 1084 1705
f 524 1149 1736
f 479 1059 1691
f 418 921 1623
f 508 1101 1713
f 553 1203 1764
f 569 1239 1781
f 538 1173 1749
f 471 1030 1677
f 443 964 1645
f 501 1078 1703
f 523 1125 1725
f 467 1023 1674
f 433 951 1638
f 493 1065 1695
f 527 1137 1732
f 543 1180 1752
f 485 1054 1690
f 572 1227 1777
f 557 1191 1759
f 515 1107 1717
f 428 934 1630
f 591 1326 2191
f 587 1278 1885
f 588 1266 1901
f 594 1302 2279
f 597 1320 2315
f 600 1344 2171
f 634 1565 2160
f 619 1463 2016
f 639 1589 2214
f 602 1350 1919
f 624 1524 2137
f 608 1421 1978
f 610 1398 1991
f 627 1500 2225
f 630 1518 2302
f 635 1560 2178
f 615 1428 2153
f 617 1434 2009
f 637 1571 2207
f 604 1373 1926
f 416 911 1857
f 408 893 1803
f 406 888 1786
f 412 900 1822
f 415 906 1840
f 424 924 1876
f 492 1062 2182
f 582 1242 2312
f 565 1206 2276
f 514 1104 1898
f 461 1001 2091
f 453 983 2037
f 451 978 1952
f 457 990 2056
f 460 996 2074
f 475 1026 2128
f 439 954 1966
f 496 1068 1988
f 533 1140 2222
f 551 1181 2293
f 579 1235 2185
f 483 1043 1879
f 426 929 1893
f 521 1121 2271
f 566 1211 2307
f 489 1055 2163
f 578 1230 2150
f 560 1194 2006
f 518 1110 2204
f 429 935 1911
f 547 1169 2131
f 465 1007 1969
f 441 959 1983
f 504 1085 2217
f 537 1152 2290
f 550 1176 2168
f 476 1031 2145
f 444 965 2001
f 502 1079 2199
f 526 1128 1916
f 481 1038 1808
f 420 917 1789
f 510 1097 1825
f 555 1187 1843
f 571 1218 1862
f 540 1157 1933
f 473 1020 2110
f 447 972 2020
f 507 1092 2236
f 534 1145 2257
f 469 1014 2042
f 435 947 1947
f 498 1073 2059
f 529 1133 2077
f 545 1164 2096
f 487 1049 2113
f 574 1223 2023
f 562 1199 2239
f 520 1116 2254
f 432 942 1930
f 589 1283 1818
f 583 1259 1798
f 586 1295 1834
f 593 1313 1852
f 596 1331 1872
f 599 1379 1942
f 633 1541 2120
f 620 1452 2030
f 640 1578 2248
f 603 1368 2263
f 622 1487 2052
f 607 1391 1955
f 612 1440 2065
f 626 1511 2086
f 629 1529 2106
f 631 1547 2122
f 614 1469 2032
f 618 1458 2245
f 641 1584 2266
f 605 1362 1940
f 409 1269 1813
f 405 1245 1792
f 411 1252 1828
f 414 1288 1846
f 417 1306 1867
f 431 1336 1936
f 488 1551 2123
f 575 1473 2033
f 563 1599 2249
f 519 1354 2260
f 454 1479 2049
f 450 1401 1959
f 456 1408 2062
f 459 1492 2080
f 462 1504 2101
f 472 1533 2116
f 446 1414 2026
f 506 1444 2242
f 535 1594 2267
f 541 1383 1943
f 570 1323 1869
f 480 1275 1815
f 421 1263 1799
f 511 1299 1835
f 556 1317 1853
f 484 1341 1889
f 580 1564 2195
f 567 1462 2319
f 522 1588 2283
f 427 1347 1905
f 544 1521 2103
f 468 1420 2046
f 436 1395 1957
f 499 1497 2069
f 530 1515 2087
f 548 1557 2141
f 466 1425 1979
f 442 1431 1993
f 505 1570 2229
f 536 1372 2296
f 491 1282 2188
f 423 1258 1882
f 513 1294 1902
f 564 1312 2280
f 581 1330 2316
f 549 1378 2172
f 477 1540 2157
f 445 1449 2011
f 503 1575 2209
f 525 1365 1923
f 474 1486 2134
f 438 1390 1972
f 495 1437 1995
f 532 1510 2226
f 552 1528 2303
f 490 1546 2175
f 577 1468 2154
f 559 1455 2013
f 517 1581 2211
f 430 1359 1921
f 590 1272 1865
f 584 1248 1811
f 585 1253 1796
f 592 1289 1832
f 595 1307 1850
f 598 1337 1888
f 636 1554 2194
f 621 1476 2322
f 642 1602 2286
f 601 1355 1908
f 623 1482 2099
f 611 1404 2045
f 609 1409 1962
f 625 1493 2068
f 628 1505 2084
f 632 1536 2140
f 613 1415 1976
f 616 1445 1998
f 638 1595 2232
f 606 1386 2299
f 407 909 2330
f 403 891 2324
f 404 886 2325
f 410 898 2332
f 413 904 2335
f 422 922 2344
f 486 1060 2410
f 573 1240 2497
f 561 1204 2486
f 512 1102 2434
f 452 999 2375
f 448 981 2369
f 449 976 2370
f 455 988 2377
f 458 994 2380
f 470 1024 2393
f 437 952 2359
f 494 1066 2415
f 531 1138 2455
f 539 1179 2461
f 568 1233 2489
f 478 1041 2399
f 419 927 2341
f 509 1119 2431
f 554 1209 2476
f 482 1053 2405
f 576 1228 2500
f 558 1192 2481
f 516 1108 2439
f 425 933 2348
f 542 1167 2465
f 463 1005 2383
f 434 957 2356
f 497 1083 2420
f 528 1150 2452
f 546 1174 2471
f 464 1029 2386
f 440 963 2363
f 500 1077 2422
f 524 1126 2445
f 479 1036 2400
f 418 915 2338
f 508 1095 2428
f 553 1185 2473
f 569 1216 2490
f 538 1155 2458
f 471 1018 2394
f 443 970 2366
f 501 1090 2425
f 523 1143 2444
f 467 1012 2389
f 433 945 2353
f 493 1071 2414
f 527 1131 2449
f 543 1162 2466
f 485 1047 2407
f 572 1221 2494
f 557 1197 2480
f 515 1114 2438
f 428 940 2351
f 591 1284 2510
f 587 1260 2504
f 588 1296 2508
f 594 1314 2514
f 597 1332 2517
f 600 1380 2520
f 634 1542 2554
f 619 1451 2539
f 639 1577 2560
f 602 1367 2523
f 624 1488 2543
f 608 1392 2527
f 610 1439 2532
f 627 1512 2547
f 630 1530 2550
f 635 1548 2552
f 615 1470 2535
f 617 1457 2538
f 637 1583 2558
f 604 1361 2524
f 167 1616 1607
f 164 1608 1603
f 163 1606 1604
f 165 1612 1610
f 166 1615 1613
f 169 1624 1622
f 192 1692 1686
f 222 1782 1773
f 216 1765 1761
f 199 1714 1712
f 182 1661 1652
f 179 1653 1648
f 178 1651 1649
f 180 1657 1655
f 181 1660 1658
f 186 1675 1670
f 174 1639 1637
f 193 1696 1694
f 205 1733 1731
f 212 1751 1739
f 221 1779 1768
f 189 1683 1678
f 170 1626 1619
f 202 1721 1709
f 217 1766 1754
f 191 1689 1682
f 220 1778 1776
f 214 1760 1758
f 200 1718 1716
f 171 1629 1625
f 210 1747 1742
f 183 1665 1663
f 175 1641 1634
f 196 1704 1697
f 207 1737 1728
f 211 1750 1746
f 187 1676 1664
f 176 1644 1640
f 195 1702 1700
f 203 1726 1724
f 188 1681 1679
f 168 1620 1618
f 198 1710 1708
f 213 1755 1753
f 218 1771 1769
f 208 1740 1738
f 185 1673 1671
f 177 1647 1643
f 197 1707 1701
f 206 1734 1723
f 184 1669 1667
f 173 1635 1633
f 194 1698 1693
f 204 1729 1727
f 209 1745 1743
f 190 1687 1685
f 219 1774 1772
f 215 1762 1757
f 201 1720 1715
f 172 1632 1628
f 357 2189 2187
f 255 1883 1881
f 262 1903 1899
f 388 2281 2277
f 400 2317 2313
f 352 2173 2169
f 347 2158 2156
f 298 2012 2010
f 364 2210 2208
f 269 1924 1917
f 339 2135 2133
f 285 1973 1971
f 293 1996 1989
f 370 2227 2223
f 396 2304 2300
f 353 2176 2174
f 346 2155 2151
f 299 2014 2007
f 365 2212 2205
f 268 1922 1920
f 249 1864 1855
f 231 1810 1801
f 226 1795 1784
f 238 1831 1820
f 244 1849 1838
f 257 1887 1874
f 359 2193 2180
f 402 2321 2310
f 390 2285 2274
f 264 1907 1896
f 327 2098 2089
f 309 2044 2035
f 282 1961 1950
f 317 2067 2054
f 322 2083 2072
f 341 2139 2126
f 286 1975 1964
f 294 1997 1986
f 372 2231 2220
f 394 2298 2291
f 358 2190 2183
f 256 1884 1877
f 261 1900 1891
f 387 2278 2269
f 399 2314 2305
f 351 2170 2161
f 348 2159 2148
f 300 2015 2004
f 366 2213 2202
f 267 1918 1909
f 340 2136 2129
f 287 1977 1967
f 291 1990 1981
f 369 2224 2215
f 395 2301 2288
f 354 2177 2166
f 345 2152 2143
f 297 2008 1999
f 363 2206 2197
f 270 1925 1914
f 234 1817 1806
f 227 1797 1787
f 239 1833 1823
f 245 1851 1841
f 252 1871 1860
f 275 1941 1931
f 334 2119 2108
f 304 2029 2018
f 377 2247 2234
f 382 2262 2255
f 312 2051 2040
f 279 1954 1945
f 316 2064 2057
f 323 2085 2075
f 330 2105 2094
f 335 2121 2111
f 305 2031 2021
f 376 2244 2237
f 383 2265 2252
f 274 1939 1928
f 232 1814 1812
f 225 1793 1791
f 237 1829 1827
f 243 1847 1845
f 250 1868 1866
f 273 1937 1935
f 336 2124 2118
f 306 2034 2028
f 378 2250 2246
f 381 2261 2259
f 311 2050 2048
f 281 1960 1953
f 315 2063 2061
f 321 2081 2079
f 328 2102 2100
f 333 2117 2115
f 303 2027 2025
f 375 2243 2241
f 384 2268 2264
f 276 1944 1938
f 229 1804 1802
f 223 1785 1783
f 235 1821 1819
f 241 1839 1837
f 247 1858 1856
f 271 1929 1927
f 332 2114 2112
f 302 2024 2022
f 374 2240 2238
f 379 2253 2251
f 307 2038 2036
f 278 1951 1949
f 313 2055 2053
f 319 2073 2071
f 325 2092 2090
f 331 2109 2107
f 301 2019 2017
f 373 2235 2233
f 380 2258 2256
f 272 1934 1932
f 248 1861 1859
f 230 1807 1805
f 224 1790 1788
f 236 1826 1824
f 242 1844 1842
f 254 1880 1878
f 356 2186 2184
f 397 2308 2306
f 385 2272 2270
f 259 1894 1892
f 326 2095 2093
f 308 2041 2039
f 277 1948 1946
f 314 2060 2058
f 320 2078 2076
f 338 2132 2130
f 284 1970 1968
f 289 1984 1982
f 367 2218 2216
f 391 2289 2287
f 355 2181 2179
f 253 1875 1873
f 260 1897 1895
f 386 2275 2273
f 398 2311 2309
f 350 2167 2165
f 343 2146 2144
f 295 2002 2000
f 361 2200 2198
f 266 1915 1913
f 337 2127 2125
f 283 1965 1963
f 290 1987 1985
f 368 2221 2219
f 392 2294 2292
f 349 2164 2162
f 344 2149 2147
f 296 2005 2003
f 362 2203 2201
f 265 1912 1910
f 251 1870 1863
f 233 1816 1809
f 228 1800 1794
f 240 1836 1830
f 246 1854 1848
f 258 1890 1886
f 360 2196 2192
f 401 2320 2318
f 389 2284 2282
f 263 1906 1904
f 329 2104 2097
f 310 2047 2043
f 280 1958 1956
f 318 2070 2066
f 324 2088 2082
f 342 2142 2138
f 288 1980 1974
f 292 1994 1992
f 371 2230 2228
f 393 2297 2295
f 409 2329 2331
f 405 2323 2327
f 411 2326 2328
f 414 2333 2334
f 417 2336 2337
f 431 2345 2346
f 488 2409 2412
f 575 2496 2499
f 563 2485 2487
f 519 2435 2436
f 454 2374 2376
f 450 2368 2372
f 456 2371 2373
f 459 2378 2379
f 462 2381 2382
f 472 2392 2396
f 446 2360 2361
f 506 2416 2418
f 535 2456 2457
f 541 2460 2463
f 570 2488 2492
f 480 2398 2402
f 421 2340 2343
f 511 2430 2433
f 556 2475 2478
f 484 2404 2406
f 580 2501 2502
f 567 2482 2484
f 522 2440 2442
f 427 2347 2349
f 544 2464 2468
f 468 2384 2387
f 436 2355 2358
f 499 2419 2421
f 530 2451 2454
f 548 2470 2472
f 466 2385 2388
f 442 2362 2364
f 505 2423 2426
f 536 2446 2448
f 491 2401 2403
f 423 2339 2342
f 513 2429 2432
f 564 2474 2477
f 581 2491 2493
f 549 2459 2462
f 477 2395 2397
f 445 2365 2367
f 503 2424 2427
f 525 2443 2447
f 474 2390 2391
f 438 2354 2357
f 495 2413 2417
f 532 2450 2453
f 552 2467 2469
f 490 2408 2411
f 577 2495 2498
f 559 2479 2483
f 517 2437 2441
f 430 2350 2352
f 590 2511 2509
f 584 2505 2503
f 585 2507 2506
f 592 2513 2512
f 595 2516 2515
f 598 2519 2518
f 636 2556 2555
f 621 2540 2541
f 642 2561 2562
f 601 2521 2522
f 623 2544 2542
f 611 2529 2528
f 609 2530 2531
f 625 2546 2545
f 628 2549 2548
f 632 2553 2551
f 613 2534 2533
f 616 2536 2537
f 638 2557 2559
f 606 2525 2526
f 1607 644 647
f 1603 643 644
f 1604 645 643
f 1610 646 645
f 1613 647 646
f 1622 652 649
f 1686 670 672
f 1773 699 702
f 1761 695 696
f 1712 681 679
f 1652 659 662
f 1648 658 659
f 1649 660 658
f 1655 661 660
f 1658 662 661
f 1670 665 666
f 1637 657 654
f 1694 677 673
f 1731 686 685
f 1739 688 692
f 1768 698 701
f 1678 668 669
f 1619 648 650
f 1709 678 682
f 1754 693 697
f 1682 669 671
f 1776 701 700
f 1758 697 694
f 1716 682 680
f 1625 650 651
f 1742 689 690
f 1663 664 663
f 1634 653 655
f 1697 674 676
f 1728 684 687
f 1746 690 691
f 1664 663 667
f 1640 655 656
f 1700 676 675
f 1724 687 683
f 1679 672 668
f 1618 649 648
f 1708 679 678
f 1753 696 693
f 1769 702 698
f 1738 691 688
f 1671 667 665
f 1643 656 657
f 1701 675 677
f 1723 683 686
f 1667 666 664
f 1633 654 653
f 1693 673 674
f 1727 685 684
f 1743 692 689
f 1685 671 670
f 1772 700 699
f 1757 694 695
f 1715 680 681
f 1628 651 652
f 2187 838 837
f 1881 736 735
f 1899 741 742
f 2277 867 868
f 2313 879 880
f 2169 831 832
f 2156 828 827
f 2010 780 778
f 2208 846 844
f 1917 747 749
f 2133 820 819
f 1971 767 765
f 1989 771 773
f 2223 849 850
f 2300 875 876
f 2174 834 833
f 2151 825 826
f 2007 777 779
f 2205 843 845
f 1920 750 748
f 1855 727 729
f 1801 709 711
f 1784 703 706
f 1820 715 718
f 1838 721 724
f 1874 733 737
f 2180 835 839
f 2310 878 882
f 2274 866 870
f 1896 740 744
f 2089 805 807
f 2035 787 789
f 1950 758 762
f 2054 793 797
f 2072 799 802
f 2126 817 821
f 1964 763 766
f 1986 770 774
f 2220 848 852
f 2291 872 874
f 2183 836 838
f 1877 734 736
f 1891 739 741
f 2269 865 867
f 2305 877 879
f 2161 829 831
f 2148 824 828
f 2004 776 780
f 2202 842 846
f 1909 745 747
f 2129 818 820
f 1967 764 767
f 1981 769 771
f 2215 847 849
f 2288 871 875
f 2166 830 834
f 2143 823 825
f 1999 775 777
f 2197 841 843
f 1914 746 750
f 1806 710 714
f 1787 704 707
f 1823 716 719
f 1841 722 725
f 1860 728 732
f 1931 752 755
f 2108 811 814
f 2018 781 784
f 2234 853 857
f 2255 860 862
f 2040 788 792
f 1945 757 759
f 2057 794 796
f 2075 800 803
f 2094 806 810
f 2111 812 815
f 2021 782 785
f 2237 854 856
f 2252 859 863
f 1928 751 754
f 1812 714 712
f 1791 707 705
f 1827 719 717
f 1845 725 723
f 1866 732 730
f 1935 755 753
f 2118 814 816
f 2028 784 786
f 2246 857 858
f 2259 862 861
f 2048 792 791
f 1953 759 761
f 2061 796 795
f 2079 803 801
f 2100 810 808
f 2115 815 813
f 2025 785 783
f 2241 856 855
f 2264 863 864
f 1938 754 756
f 1802 712 709
f 1783 705 703
f 1819 717 715
f 1837 723 721
f 1856 730 727
f 1927 753 751
f 2112 816 812
f 2022 786 782
f 2238 858 854
f 2251 861 859
f 2036 791 787
f 1949 761 758
f 2053 795 793
f 2071 801 799
f 2090 808 805
f 2107 813 811
f 2017 783 781
f 2233 855 853
f 2256 864 860
f 1932 756 752
f 1859 731 728
f 1805 713 710
f 1788 708 704
f 1824 720 716
f 1842 726 722
f 1878 738 734
f 2184 840 836
f 2306 881 877
f 2270 869 865
f 1892 743 739
f 2093 809 806
f 2039 790 788
f 1946 760 757
f 2058 798 794
f 2076 804 800
f 2130 822 818
f 1968 768 764
f 1982 772 769
f 2216 851 847
f 2287 873 871
f 2179 837 835
f 1873 735 733
f 1895 742 740
f 2273 868 866
f 2309 880 878
f 2165 832 830
f 2144 827 823
f 2000 778 775
f 2198 844 841
f 1913 749 746
f 2125 819 817
f 1963 765 763
f 1985 773 770
f 2219 850 848
f 2292 876 872
f 2162 833 829
f 2147 826 824
f 2003 779 776
f 2201 845 842
f 1910 748 745
f 1863 729 731
f 1809 711 713
f 1794 706 708
f 1830 718 720
f 1848 724 726
f 1886 737 738
f 2192 839 840
f 2318 882 881
f 2282 870 869
f 1904 744 743
f 2097 807 809
f 2043 789 790
f 1956 762 760
f 2066 797 798
f 2082 802 804
f 2138 821 822
f 1974 766 768
f 1992 774 772
f 2228 852 851
f 2295 874 873
f 2331 1270 1269
f 2327 1246 1245
f 2328 1251 1252
f 2334 1287 1288
f 2337 1305 1306
f 2346 1335 1336
f 2412 1552 1551
f 2499 1474 1473
f 2487 1600 1599
f 2436 1353 1354
f 2376 1480 1479
f 2372 1402 1401
f 2373 1407 1408
f 2379 1491 1492
f 2382 1503 1504
f 2396 1534 1533
f 2361 1413 1414
f 2418 1443 1444
f 2457 1593 1594
f 2463 1384 1383
f 2492 1324 1323
f 2402 1276 1275
f 2343 1264 1263
f 2433 1300 1299
f 2478 1318 1317
f 2406 1342 1341
f 2502 1563 1564
f 2484 1461 1462
f 2442 1587 1588
f 2349 1348 1347
f 2468 1522 1521
f 2387 1419 1420
f 2358 1396 1395
f 2421 1498 1497
f 2454 1516 1515
f 2472 1558 1557
f 2388 1426 1425
f 2364 1432 1431
f 2426 1569 1570
f 2448 1371 1372
f 2403 1281 1282
f 2342 1257 1258
f 2432 1293 1294
f 2477 1311 1312
f 2493 1329 1330
f 2462 1377 1378
f 2397 1539 1540
f 2367 1450 1449
f 2427 1576 1575
f 2447 1366 1365
f 2391 1485 1486
f 2357 1389 1390
f 2417 1438 1437
f 2453 1509 1510
f 2469 1527 1528
f 2411 1545 1546
f 2498 1467 1468
f 2483 1456 1455
f 2441 1582 1581
f 2352 1360 1359
f 2509 1271 1272
f 2503 1247 1248
f 2506 1254 1253
f 2512 1290 1289
f 2515 1308 1307
f 2518 1338 1337
f 2555 1553 1554
f 2541 1475 1476
f 2562 1601 1602
f 2522 1356 1355
f 2542 1481 1482
f 2528 1403 1404
f 2531 1410 1409
f 2545 1494 1493
f 2548 1506 1505
f 2551 1535 1536
f 2533 1416 1415
f 2537 1446 1445
f 2559 1596 1595
f 2526 1385 1386
f 1616 907 909
f 1608 889 891
f 1606 883 886
f 1612 895 898
f 1615 901 904
f 1624 919 922
f 1692 1057 1060
f 1782 1237 1240
f 1765 1201 1204
f 1714 1099 1102
f 1661 997 999
f 1653 979 981
f 1651 973 976
f 1657 985 988
f 1660 991 994
f 1675 1021 1024
f 1639 949 952
f 1696 1063 1066
f 1733 1135 1138
f 1751 1177 1179
f 1779 1231 1233
f 1683 1039 1041
f 1626 925 927
f 1721 1117 1119
f 1766 1207 1209
f 1689 1051 1053
f 1778 1225 1228
f 1760 1189 1192
f 1718 1105 1108
f 1629 931 933
f 1747 1165 1167
f 1665 1003 1005
f 1641 955 957
f 1704 1081 1083
f 1737 1147 1150
f 1750 1171 1174
f 1676 1027 1029
f 1644 961 963
f 1702 1075 1077
f 1726 1123 1126
f 1681 1033 1036
f 1620 913 915
f 1710 1093 1095
f 1755 1183 1185
f 1771 1213 1216
f 1740 1153 1155
f 1673 1015 1018
f 1647 967 970
f 1707 1087 1090
f 1734 1141 1143
f 1669 1009 1012
f 1635 943 945
f 1698 1069 1071
f 1729 1129 1131
f 1745 1159 1162
f 1687 1045 1047
f 1774 1219 1221
f 1762 1195 1197
f 1720 1111 1114
f 1632 937 940
f 2189 1280 1284
f 1883 1256 1260
f 1903 1292 1296
f 2281 1310 1314
f 2317 1328 1332
f 2173 1376 1380
f 2158 1538 1542
f 2012 1447 1451
f 2210 1573 1577
f 1924 1363 1367
f 2135 1484 1488
f 1973 1388 1392
f 1996 1435 1439
f 2227 1508 1512
f 2304 1526 1530
f 2176 1544 1548
f 2155 1466 1470
f 2014 1453 1457
f 2212 1579 1583
f 1922 1357 1361
f 1864 1268 1270
f 1810 1244 1246
f 1795 1249 1251
f 1831 1285 1287
f 1849 1303 1305
f 1887 1333 1335
f 2193 1550 1552
f 2321 1472 1474
f 2285 1598 1600
f 1907 1351 1353
f 2098 1478 1480
f 2044 1400 1402
f 1961 1405 1407
f 2067 1489 1491
f 2083 1501 1503
f 2139 1532 1534
f 1975 1411 1413
f 1997 1441 1443
f 2231 1591 1593
f 2298 1382 1384
f 2190 1322 1324
f 1884 1274 1276
f 1900 1262 1264
f 2278 1298 1300
f 2314 1316 1318
f 2170 1340 1342
f 2159 1561 1563
f 2015 1459 1461
f 2213 1585 1587
f 1918 1346 1348
f 2136 1520 1522
f 1977 1417 1419
f 1990 1394 1396
f 2224 1496 1498
f 2301 1514 1516
f 2177 1556 1558
f 2152 1424 1426
f 2008 1430 1432
f 2206 1567 1569
f 1925 1369 1371
f 1817 1279 1281
f 1797 1255 1257
f 1833 1291 1293
f 1851 1309 1311
f 1871 1327 1329
f 1941 1375 1377
f 2119 1537 1539
f 2029 1448 1450
f 2247 1574 1576
f 2262 1364 1366
f 2051 1483 1485
f 1954 1387 1389
f 2064 1436 1438
f 2085 1507 1509
f 2105 1525 1527
f 2121 1543 1545
f 2031 1465 1467
f 2244 1454 1456
f 2265 1580 1582
f 1939 1358 1360
f 1814 1267 1271
f 1793 1243 1247
f 1829 1250 1254
f 1847 1286 1290
f 1868 1304 1308
f 1937 1334 1338
f 2124 1549 1553
f 2034 1471 1475
f 2250 1597 1601
f 2261 1352 1356
f 2050 1477 1481
f 1960 1399 1403
f 2063 1406 1410
f 2081 1490 1494
f 2102 1502 1506
f 2117 1531 1535
f 2027 1412 1416
f 2243 1442 1446
f 2268 1592 1596
f 1944 1381 1385
f 1804 890 894
f 1785 884 887
f 1821 896 899
f 1839 902 905
f 1858 908 912
f 1929 938 941
f 2114 1046 1050
f 2024 1220 1224
f 2240 1196 1200
f 2253 1112 1115
f 2038 980 984
f 1951 974 977
f 2055 986 989
f 2073 992 995
f 2092 998 1002
f 2109 1016 1019
f 2019 968 971
f 2235 1088 1091
f 2258 1142 1146
f 1934 1154 1158
f 1861 1214 1217
f 1807 1034 1037
f 1790 914 918
f 1826 1094 1098
f 1844 1184 1188
f 1880 1040 1044
f 2186 1232 1236
f 2308 1208 1212
f 2272 1118 1122
f 1894 926 930
f 2095 1160 1163
f 2041 1010 1013
f 1948 944 948
f 2060 1070 1074
f 2078 1130 1134
f 2132 1166 1170
f 1970 1004 1008
f 1984 956 960
f 2218 1082 1086
f 2289 1148 1151
f 2181 1058 1061
f 1875 920 923
f 1897 1100 1103
f 2275 1202 1205
f 2311 1238 1241
f 2167 1172 1175
f 2146 1028 1032
f 2002 962 966
f 2200 1076 1080
f 1915 1124 1127
f 2127 1022 1025
f 1965 950 953
f 1987 1064 1067
f 2221 1136 1139
f 2294 1178 1182
f 2164 1052 1056
f 2149 1226 1229
f 2005 1190 1193
f 2203 1106 1109
f 1912 932 936
f 1870 1321 1325
f 1816 1273 1277
f 1800 1261 1265
f 1836 1297 1301
f 1854 1315 1319
f 1890 1339 1343
f 2196 1562 1566
f 2320 1460 1464
f 2284 1586 1590
f 1906 1345 1349
f 2104 1519 1523
f 2047 1418 1422
f 1958 1393 1397
f 2070 1495 1499
f 2088 1513 1517
f 2142 1555 1559
f 1980 1423 1427
f 1994 1429 1433
f 2230 1568 1572
f 2297 1370 1374
f 2329 894 892
f 2323 887 885
f 2326 899 897
f 2333 905 903
f 2336 912 910
f 2345 941 939
f 2409 1050 1048
f 2496 1224 1222
f 2485 1200 1198
f 2435 1115 1113
f 2374 984 982
f 2368 977 975
f 2371 989 987
f 2378 995 993
f 2381 1002 1000
f 2392 1019 1017
f 2360 971 969
f 2416 1091 1089
f 2456 1146 1144
f 2460 1158 1156
f 2488 1217 1215
f 2398 1037 1035
f 2340 918 916
f 2430 1098 1096
f 2475 1188 1186
f 2404 1044 1042
f 2501 1236 1234
f 2482 1212 1210
f 2440 1122 1120
f 2347 930 928
f 2464 1163 1161
f 2384 1013 1011
f 2355 948 946
f 2419 1074 1072
f 2451 1134 1132
f 2470 1170 1168
f 2385 1008 1006
f 2362 960 958
f 2423 1086 1084
f 2446 1151 1149
f 2401 1061 1059
f 2339 923 921
f 2429 1103 1101
f 2474 1205 1203
f 2491 1241 1239
f 2459 1175 1173
f 2395 1032 1030
f 2365 966 964
f 2424 1080 1078
f 2443 1127 1125
f 2390 1025 1023
f 2354 953 951
f 2413 1067 1065
f 2450 1139 1137
f 2467 1182 1180
f 2408 1056 1054
f 2495 1229 1227
f 2479 1193 1191
f 2437 1109 1107
f 2350 936 934
f 2511 1325 1326
f 2505 1277 1278
f 2507 1265 1266
f 2513 1301 1302
f 2516 1319 1320
f 2519 1343 1344
f 2556 1566 1565
f 2540 1464 1463
f 2561 1590 1589
f 2521 1349 1350
f 2544 1523 1524
f 2529 1422 1421
f 2530 1397 1398
f 2546 1499 1500
f 2549 1517 1518
f 2553 1559 1560
f 2534 1427 1428
f 2536 1433 1434
f 2557 1572 1571
f 2525 1374 1373
f 1609 892 889
f 1605 885 883
f 1611 897 895
f 1614 903 901
f 1617 910 907
f 1631 939 937
f 1688 1048 1045
f 1775 1222 1219
f 1763 1198 1195
f 1719 1113 1111
f 1654 982 979
f 1650 975 973
f 1656 987 985
f 1659 993 991
f 1662 1000 997
f 1672 1017 1015
f 1646 969 967
f 1706 1089 1087
f 1735 1144 1141
f 1741 1156 1153
f 1770 1215 1213
f 1680 1035 1033
f 1621 916 913
f 1711 1096 1093
f 1756 1186 1183
f 1684 1042 1039
f 1780 1234 1231
f 1767 1210 1207
f 1722 1120 1117
f 1627 928 925
f 1744 1161 1159
f 1668 1011 1009
f 1636 946 943
f 1699 1072 1069
f 1730 1132 1129
f 1748 1168 1165
f 1666 1006 1003
f 1642 958 955
f 1705 1084 1081
f 1736 1149 1147
f 1691 1059 1057
f 1623 921 919
f 1713 1101 1099
f 1764 1203 1201
f 1781 1239 1237
f 1749 1173 1171
f 1677 1030 1027
f 1645 964 961
f 1703 1078 1075
f 1725 1125 1123
f 1674 1023 1021
f 1638 951 949
f 1695 1065 1063
f 1732 1137 1135
f 1752 1180 1177
f 1690 1054 1051
f 1777 1227 1225
f 1759 1191 1189
f 1717 1107 1105
f 1630 934 931
f 2191 1326 1322
f 1885 1278 1274
f 1901 1266 1262
f 2279 1302 1298
f 2315 1320 1316
f 2171 1344 1340
f 2160 1565 1561
f 2016 1463 1459
f 2214 1589 1585
f 1919 1350 1346
f 2137 1524 1520
f 1978 1421 1417
f 1991 1398 1394
f 2225 1500 1496
f 2302 1518 1514
f 2178 1560 1556
f 2153 1428 1424
f 2009 1434 1430
f 2207 1571 1567
f 1926 1373 1369
f 1857 911 908
f 1803 893 890
f 1786 888 884
f 1822 900 896
f 1840 906 902
f 1876 924 920
f 2182 1062 1058
f 2312 1242 1238
f 2276 1206 1202
f 1898 1104 1100
f 2091 1001 998
f 2037 983 980
f 1952 978 974
f 2056 990 986
f 2074 996 992
f 2128 1026 1022
f 1966 954 950
f 1988 1068 1064
f 2222 1140 1136
f 2293 1181 1178
f 2185 1235 1232
f 1879 1043 1040
f 1893 929 926
f 2271 1121 1118
f 2307 1211 1208
f 2163 1055 1052
f 2150 1230 1226
f 2006 1194 1190
f 2204 1110 1106
f 1911 935 932
f 2131 1169 1166
f 1969 1007 1004
f 1983 959 956
f 2217 1085 1082
f 2290 1152 1148
f 2168 1176 1172
f 2145 1031 1028
f 2001 965 962
f 2199 1079 1076
f 1916 1128 1124
f 1808 1038 1034
f 1789 917 914
f 1825 1097 1094
f 1843 1187 1184
f 1862 1218 1214
f 1933 1157 1154
f 2110 1020 1016
f 2020 972 968
f 2236 1092 1088
f 2257 1145 1142
f 2042 1014 1010
f 1947 947 944
f 2059 1073 1070
f 2077 1133 1130
f 2096 1164 1160
f 2113 1049 1046
f 2023 1223 1220
f 2239 1199 1196
f 2254 1116 1112
f 1930 942 938
f 1818 1283 1279
f 1798 1259 1255
f 1834 1295 1291
f 1852 1313 1309
f 1872 1331 1327
f 1942 1379 1375
f 2120 1541 1537
f 2030 1452 1448
f 2248 1578 1574
f 2263 1368 1364
f 2052 1487 1483
f 1955 1391 1387
f 2065 1440 1436
f 2086 1511 1507
f 2106 1529 1525
f 2122 1547 1543
f 2032 1469 1465
f 2245 1458 1454
f 2266 1584 1580
f 1940 1362 1358
f 1813 1269 1267
f 1792 1245 1243
f 1828 1252 1250
f 1846 1288 1286
f 1867 1306 1304
f 1936 1336 1334
f 2123 1551 1549
f 2033 1473 1471
f 2249 1599 1597
f 2260 1354 1352
f 2049 1479 1477
f 1959 1401 1399
f 2062 1408 1406
f 2080 1492 1490
f 2101 1504 1502
f 2116 1533 1531
f 2026 1414 1412
f 2242 1444 1442
f 2267 1594 1592
f 1943 1383 1381
f 1869 1323 1321
f 1815 1275 1273
f 1799 1263 1261
f 1835 1299 1297
f 1853 1317 1315
f 1889 1341 1339
f 2195 1564 1562
f 2319 1462 1460
f 2283 1588 1586
f 1905 1347 1345
f 2103 1521 1519
f 2046 1420 1418
f 1957 1395 1393
f 2069 1497 1495
f 2087 1515 1513
f 2141 1557 1555
f 1979 1425 1423
f 1993 1431 1429
f 2229 1570 1568
f 2296 1372 1370
f 2188 1282 1280
f 1882 1258 1256
f 1902 1294 1292
f 2280 1312 1310
f 2316 1330 1328
f 2172 1378 1376
f 2157 1540 1538
f 2011 1449 1447
f 2209 1575 1573
f 1923 1365 1363
f 2134 1486 1484
f 1972 1390 1388
f 1995 1437 1435
f 2226 1510 1508
f 2303 1528 1526
f 2175 1546 1544
f 2154 1468 1466
f 2013 1455 1453
f 2211 1581 1579
f 1921 1359 1357
f 1865 1272 1268
f 1811 1248 1244
f 1796 1253 1249
f 1832 1289 1285
f 1850 1307 1303
f 1888 1337 1333
f 2194 1554 1550
f 2322 1476 1472
f 2286 1602 1598
f 1908 1355 1351
f 2099 1482 1478
f 2045 1404 1400
f 1962 1409 1405
f 2068 1493 1489
f 2084 1505 1501
f 2140 1536 1532
f 1976 1415 1411
f 1998 1445 1441
f 2232 1595 1591
f 2299 1386 1382
f 2330 909 911
f 2324 891 893
f 2325 886 888
f 2332 898 900
f 2335 904 906
f 2344 922 924
f 2410 1060 1062
f 2497 1240 1242
f 2486 1204 1206
f 2434 1102 1104
f 2375 999 1001
f 2369 981 983
f 2370 976 978
f 2377 988 990
f 2380 994 996
f 2393 1024 1026
f 2359 952 954
f 2415 1066 1068
f 2455 1138 1140
f 2461 1179 1181
f 2489 1233 1235
f 2399 1041 1043
f 2341 927 929
f 2431 1119 1121
f 2476 1209 1211
f 2405 1053 1055
f 2500 1228 1230
f 2481 1192 1194
f 2439 1108 1110
f 2348 933 935
f 2465 1167 1169
f 2383 1005 1007
f 2356 957 959
f 2420 1083 1085
f 2452 1150 1152
f 2471 1174 1176
f 2386 1029 1031
f 2363 963 965
f 2422 1077 1079
f 2445 1126 1128
f 2400 1036 1038
f 2338 915 917
f 2428 1095 1097
f 2473 1185 1187
f 2490 1216 1218
f 2458 1155 1157
f 2394 1018 1020
f 2366 970 972
f 2425 1090 1092
f 2444 1143 1145
f 2389 1012 1014
f 2353 945 947
f 2414 1071 1073
f 2449 1131 1133
f 2466 1162 1164
f 2407 1047 1049
f 2494 1221 1223
f 2480 1197 1199
f 2438 1114 1116
f 2351 940 942
f 2510 1284 1283
f 2504 1260 1259
f 2508 1296 1295
f 2514 1314 1313
f 2517 1332 1331
f 2520 1380 1379
f 2554 1542 1541
f 2539 1451 1452
f 2560 1577 1578
f 2523 1367 1368
f 2543 1488 1487
f 2527 1392 1391
f 2532 1439 1440
f 2547 1512 1511
f 2550 1530 1529
f 2552 1548 1547
f 2535 1470 1469
f 2538 1457 1458
f 2558 1583 1584
f 2524 1361 1362
f 1607 1616 1609
f 1603 1608 1605
f 1604 1606 1611
f 1610 1612 1614
f 1613 1615 1617
f 1622 1624 1631
f 1686 1692 1688
f 1773 1782 1775
f 1761 1765 1763
f 1712 1714 1719
f 1652 1661 1654
f 1648 1653 1650
f 1649 1651 1656
f 1655 1657 1659
f 1658 1660 1662
f 1670 1675 1672
f 1637 1639 1646
f 1694 1696 1706
f 1731 1733 1735
f 1739 1751 1741
f 1768 1779 1770
f 1678 1683 1680
f 1619 1626 1621
f 1709 1721 1711
f 1754 1766 1756
f 1682 1689 1684
f 1776 1778 1780
f 1758 1760 1767
f 1716 1718 1722
f 1625 1629 1627
f 1742 1747 1744
f 1663 1665 1668
f 1634 1641 1636
f 1697 1704 1699
f 1728 1737 1730
f 1746 1750 1748
f 1664 1676 1666
f 1640 1644 1642
f 1700 1702 1705
f 1724 1726 1736
f 1679 1681 1691
f 1618 1620 1623
f 1708 1710 1713
f 1753 1755 1764
f 1769 1771 1781
f 1738 1740 1749
f 1671 1673 1677
f 1643 1647 1645
f 1701 1707 1703
f 1723 1734 1725
f 1667 1669 1674
f 1633 1635 1638
f 1693 1698 1695
f 1727 1729 1732
f 1743 1745 1752
f 1685 1687 1690
f 1772 1774 1777
f 1757 1762 1759
f 1715 1720 1717
f 1628 1632 1630
f 2187 2189 2191
f 1881 1883 1885
f 1899 1903 1901
f 2277 2281 2279
f 2313 2317 2315
f 2169 2173 2171
f 2156 2158 2160
f 2010 2012 2016
f 2208 2210 2214
f 1917 1924 1919
f 2133 2135 2137
f 1971 1973 1978
f 1989 1996 1991
f 2223 2227 2225
f 2300 2304 2302
f 2174 2176 2178
f 2151 2155 2153
f 2007 2014 2009
f 2205 2212 2207
f 1920 1922 1926
f 1855 1864 1857
f 1801 1810 1803
f 1784 1795 1786
f 1820 1831 1822
f 1838 1849 1840
f 1874 1887 1876
f 2180 2193 2182
f 2310 2321 2312
f 2274 2285 2276
f 1896 1907 1898
f 2089 2098 2091
f 2035 2044 2037
f 1950 1961 1952
f 2054 2067 2056
f 2072 2083 2074
f 2126 2139 2128
f 1964 1975 1966
f 1986 1997 1988
f 2220 2231 2222
f 2291 2298 2293
f 2183 2190 2185
f 1877 1884 1879
f 1891 1900 1893
f 2269 2278 2271
f 2305 2314 2307
f 2161 2170 2163
f 2148 2159 2150
f 2004 2015 2006
f 2202 2213 2204
f 1909 1918 1911
f 2129 2136 2131
f 1967 1977 1969
f 1981 1990 1983
f 2215 2224 2217
f 2288 2301 2290
f 2166 2177 2168
f 2143 2152 2145
f 1999 2008 2001
f 2197 2206 2199
f 1914 1925 1916
f 1806 1817 1808
f 1787 1797 1789
f 1823 1833 1825
f 1841 1851 1843
f 1860 1871 1862
f 1931 1941 1933
f 2108 2119 2110
f 2018 2029 2020
f 2234 2247 2236
f 2255 2262 2257
f 2040 2051 2042
f 1945 1954 1947
f 2057 2064 2059
f 2075 2085 2077
f 2094 2105 2096
f 2111 2121 2113
f 2021 2031 2023
f 2237 2244 2239
f 2252 2265 2254
f 1928 1939 1930
f 1812 1814 1818
f 1791 1793 1798
f 1827 1829 1834
f 1845 1847 1852
f 1866 1868 1872
f 1935 1937 1942
f 2118 2124 2120
f 2028 2034 2030
f 2246 2250 2248
f 2259 2261 2263
f 2048 2050 2052
f 1953 1960 1955
f 2061 2063 2065
f 2079 2081 2086
f 2100 2102 2106
f 2115 2117 2122
f 2025 2027 2032
f 2241 2243 2245
f 2264 2268 2266
f 1938 1944 1940
f 1802 1804 1813
f 1783 1785 1792
f 1819 1821 1828
f 1837 1839 1846
f 1856 1858 1867
f 1927 1929 1936
f 2112 2114 2123
f 2022 2024 2033
f 2238 2240 2249
f 2251 2253 2260
f 2036 2038 2049
f 1949 1951 1959
f 2053 2055 2062
f 2071 2073 2080
f 2090 2092 2101
f 2107 2109 2116
f 2017 2019 2026
f 2233 2235 2242
f 2256 2258 2267
f 1932 1934 1943
f 1859 1861 1869
f 1805 1807 1815
f 1788 1790 1799
f 1824 1826 1835
f 1842 1844 1853
f 1878 1880 1889
f 2184 2186 2195
f 2306 2308 2319
f 2270 2272 2283
f 1892 1894 1905
f 2093 2095 2103
f 2039 2041 2046
f 1946 1948 1957
f 2058 2060 2069
f 2076 2078 2087
f 2130 2132 2141
f 1968 1970 1979
f 1982 1984 1993
f 2216 2218 2229
f 2287 2289 2296
f 2179 2181 2188
f 1873 1875 1882
f 1895 1897 1902
f 2273 2275 2280
f 2309 2311 2316
f 2165 2167 2172
f 2144 2146 2157
f 2000 2002 2011
f 2198 2200 2209
f 1913 1915 1923
f 2125 2127 2134
f 1963 1965 1972
f 1985 1987 1995
f 2219 2221 2226
f 2292 2294 2303
f 2162 2164 2175
f 2147 2149 2154
f 2003 2005 2013
f 2201 2203 2211
f 1910 1912 1921
f 1863 1870 1865
f 1809 1816 1811
f 1794 1800 1796
f 1830 1836 1832
f 1848 1854 1850
f 1886 1890 1888
f 2192 2196 2194
f 2318 2320 2322
f 2282 2284 2286
f 1904 1906 1908
f 2097 2104 2099
f 2043 2047 2045
f 1956 1958 1962
f 2066 2070 2068
f 2082 2088 2084
f 2138 2142 2140
f 1974 1980 1976
f 1992 1994 1998
f 2228 2230 2232
f 2295 2297 2299
f 2331 2329 2330
f 2327 2323 2324
f 2328 2326 2325
f 2334 2333 2332
f 2337 2336 2335
f 2346 2345 2344
f 2412 2409 2410
f 2499 2496 2497
f 2487 2485 2486
f 2436 2435 2434
f 2376 2374 2375
f 2372 2368 2369
f 2373 2371 2370
f 2379 2378 2377
f 2382 2381 2380
f 2396 2392 2393
f 2361 2360 2359
f 2418 2416 2415
f 2457 2456 2455
f 2463 2460 2461
f 2492 2488 2489
f 2402 2398 2399
f 2343 2340 2341
f 2433 2430 2431
f 2478 2475 2476
f 2406 2404 2405
f 2502 2501 2500
f 2484 2482 2481
f 2442 2440 2439
f 2349 2347 2348
f 2468 2464 2465
f 2387 2384 2383
f 2358 2355 2356
f 2421 2419 2420
f 2454 2451 2452
f 2472 2470 2471
f 2388 2385 2386
f 2364 2362 2363
f 2426 2423 2422
f 2448 2446 2445
f 2403 2401 2400
f 2342 2339 2338
f 2432 2429 2428
f 2477 2474 2473
f 2493 2491 2490
f 2462 2459 2458
f 2397 2395 2394
f 2367 2365 2366
f 2427 2424 2425
f 2447 2443 2444
f 2391 2390 2389
f 2357 2354 2353
f 2417 2413 2414
f 2453 2450 2449
f 2469 2467 2466
f 2411 2408 2407
f 2498 2495 2494
f 2483 2479 2480
f 2441 2437 2438
f 2352 2350 2351
f 2509 2511 2510
f 2503 2505 2504
f 2506 2507 2508
f 2512 2513 2514
f 2515 2516 2517
f 2518 2519 2520
f 2555 2556 2554
f 2541 2540 2539
f 2562 2561 2560
f 2522 2521 2523
f 2542 2544 2543
f 2528 2529 2527
f 2531 2530 2532
f 2545 2546 2547
f 2548 2549 2550
f 2551 2553 2552
f 2533 2534 2535
f 2537 2536 2538
f 2559 2557 2558
f 2526 2525 2524