v -0.268916 0.331585 -0.062916
v 0.268499 0.331851 -0.063579
v -0.333833 -0.538012 0.003813
v 0.333551 -0.538101 0.003884
v -0.000155 -0.443785 0.704154
v -0.000022 0.186842 0.555363
v 0.000009 -0.188463 -0.535264
v 0.000702 0.420789 -0.706694
v 0.517519 0.004012 -0.334443
v 0.540317 0.007027 0.325621
v -0.517585 0.003953 -0.334558
v -0.540332 0.007012 0.325635
v -0.000004 0.419657 -0.101049
v -0.176637 0.234503 0.266809
v -0.214839 0.657479 -0.447503
v -0.425102 0.223937 -0.195846
v -0.475528 0.179396 0.193631
v 0.176684 0.233926 0.266711
v 0.214996 0.657335 -0.448258
v 0.425176 0.224130 -0.195759
v 0.475476 0.179353 0.193794
v -0.000279 -0.598251 0.010711
v -0.239471 -0.669013 0.452798
v -0.194595 -0.477467 -0.303402
v -0.422441 -0.198481 -0.160797
v -0.442236 -0.242707 0.205954
v 0.238745 -0.668127 0.451601
v 0.194610 -0.477837 -0.303397
v 0.422270 -0.198359 -0.160674
v 0.441738 -0.241912 0.206059
v 0.000089 0.003785 0.694019
v 0.320284 -0.212640 0.562187
v -0.320196 -0.212533 0.561899
v 0.299160 0.144209 0.483851
v -0.298919 0.144006 0.483803
v 0.000255 0.028612 -0.689502
v 0.283510 -0.114290 -0.477151
v -0.283509 -0.114389 -0.477307
v 0.334452 0.208634 -0.606871
v -0.334495 0.209077 -0.607143
v 0.611899 0.002632 0.018645
v -0.611901 0.002577 0.018625
v -0.153467 0.389917 -0.091926
v -0.238468 0.283924 0.082427
v -0.238665 0.464213 -0.232883
v -0.341583 0.308750 -0.125640
v -0.371066 0.247296 0.063849
v 0.153812 0.390499 -0.091540
v 0.238587 0.283853 0.082525
v 0.239319 0.464899 -0.233489
v 0.341565 0.308523 -0.126158
v 0.372166 0.246687 0.063970
v -0.211161 -0.645061 0.000363
v -0.280792 -0.527656 0.188135
v -0.353170 -0.677979 -0.190010
v -0.375244 -0.394411 -0.071299
v -0.383210 -0.398828 0.113894
v 0.211168 -0.645603 0.000207
v 0.281072 -0.527611 0.188727
v 0.353189 -0.678205 -0.189957
v 0.375347 -0.393969 -0.071424
v 0.382916 -0.398510 0.113902
v -0.132036 -0.645697 0.673940
v 0.132390 -0.645588 0.674376
v -0.000298 -0.229170 0.764409
v 0.187036 -0.365080 0.698073
v -0.187518 -0.364842 0.697908
v -0.089460 0.194813 0.457764
v 0.089409 0.194901 0.457942
v 0.000091 0.159588 0.571418
v 0.141189 0.182713 0.537616
v -0.141111 0.182917 0.537608
v -0.076680 -0.269262 -0.399432
v 0.076763 -0.269241 -0.399392
v -0.000055 -0.151068 -0.554885
v 0.128723 -0.179255 -0.517924
v -0.128677 -0.179315 -0.517945
v -0.125307 0.573493 -0.634541
v 0.125304 0.573252 -0.634579
v 0.000115 0.238138 -0.788467
v 0.189065 0.350688 -0.720895
v -0.189249 0.351361 -0.721418
v 0.504509 0.082495 -0.281395
v 0.501530 -0.067206 -0.271819
v 0.431626 -0.042193 -0.416627
v 0.448437 0.074489 -0.448711
v 0.558905 0.002023 -0.177574
v 0.521971 0.085405 0.274216
v 0.512014 -0.090446 0.274804
v 0.441152 -0.069492 0.420021
v 0.442910 0.062713 0.407787
v 0.596202 0.004933 0.196219
v -0.504882 0.081986 -0.281728
v -0.501482 -0.067149 -0.271837
v -0.431427 -0.042199 -0.416655
v -0.448144 0.074528 -0.448592
v -0.558928 0.002031 -0.177584
v -0.521435 0.084857 0.274077
v -0.511955 -0.090405 0.274664
v -0.442169 -0.068881 0.420214
v -0.442829 0.062468 0.407772
v -0.596231 0.004770 0.196202
v -0.082107 0.311445 0.080818
v -0.093203 0.575000 -0.265208
v 0.082558 0.310983 0.080952
v 0.093229 0.575353 -0.266146
v -0.345483 0.212720 0.248408
v 0.000027 0.240854 0.268756
v -0.270316 0.189378 0.437948
v -0.348626 0.456586 -0.329285
v 0.000206 0.701047 -0.457572
v -0.283300 0.435571 -0.539867
v -0.482713 0.194708 0.012594
v -0.372581 0.237291 -0.401433
v -0.548415 0.093143 -0.078820
v -0.411630 0.167351 0.361341
v -0.560796 0.092897 0.109788
v 0.345624 0.212385 0.248674
v 0.270373 0.189305 0.437885
v 0.348864 0.456653 -0.329902
v 0.283403 0.435306 -0.539902
v 0.482804 0.194579 0.012760
v 0.372702 0.236831 -0.401275
v 0.548468 0.093186 -0.078761
v 0.411571 0.167372 0.361323
v 0.561566 0.092910 0.110129
v -0.099813 -0.583172 0.231629
v -0.105760 -0.669976 -0.189180
v 0.100270 -0.583030 0.231713
v 0.104602 -0.667499 -0.188625
v -0.354909 -0.429415 0.328886
v -0.000116 -0.641119 0.471138
v -0.324652 -0.478923 0.568511
v -0.330669 -0.349063 -0.245457
v -0.000075 -0.464975 -0.294419
v -0.228457 -0.233922 -0.380147
v -0.450199 -0.222877 0.024280
v -0.372771 -0.155764 -0.337942
v -0.540413 -0.079325 -0.076999
v -0.396339 -0.250968 0.390952
v -0.550774 -0.088055 0.108034
v 0.355979 -0.430040 0.328868
v 0.324376 -0.479416 0.568505
v 0.331115 -0.349051 -0.245012
v 0.228516 -0.233979 -0.380223
v 0.450382 -0.222638 0.024310
v 0.372740 -0.155624 -0.338148
v 0.540801 -0.079146 -0.076915
v 0.396605 -0.250935 0.391118
v 0.550320 -0.088518 0.107964
v 0.191971 -0.109780 0.692601
v -0.191914 -0.109706 0.692371
v 0.160653 0.075071 0.582030
v -0.160382 0.074760 0.581977
v 0.326146 -0.006607 0.534286
v -0.327454 -0.006261 0.535050
v 0.161173 -0.053871 -0.577963
v -0.161170 -0.053704 -0.578090
v 0.226091 0.117680 -0.777870
v -0.226645 0.116858 -0.778971
v 0.328964 0.028176 -0.560493
v -0.328838 0.028290 -0.560421
v -0.219509 0.360363 -0.077874
v -0.258275 0.309121 0.001164
v -0.249267 0.378303 -0.139022
v -0.302642 0.324588 -0.092023
v -0.313002 0.290731 -0.006717
v 0.219139 0.360193 -0.078348
v 0.257686 0.309787 0.000961
v 0.249413 0.378454 -0.139774
v 0.303149 0.324494 -0.092776
v 0.312488 0.290886 -0.006867
v -0.292118 -0.601081 -0.003605
v -0.311485 -0.528208 0.076957
v -0.340989 -0.600356 -0.072636
v -0.360142 -0.485845 -0.032256
v -0.358641 -0.473014 0.055248
v 0.291985 -0.601310 -0.003997
v 0.311746 -0.528444 0.077175
v 0.340328 -0.600201 -0.072481
v 0.359357 -0.485918 -0.031961
v 0.357740 -0.472756 0.055107
v -0.056414 -0.521039 0.688029
v 0.056261 -0.520763 0.688101
v 0.000018 -0.349028 0.724135
v 0.085422 -0.413722 0.707549
v -0.086198 -0.413935 0.707877
v -0.041013 0.184603 0.537986
v 0.040953 0.184116 0.537907
v -0.000046 0.176847 0.568831
v 0.063273 0.182904 0.553814
v -0.062974 0.182605 0.553309
v -0.034482 -0.211270 -0.482969
v 0.034534 -0.211222 -0.482967
v -0.000009 -0.183683 -0.545283
v 0.057049 -0.186678 -0.534798
v -0.056972 -0.186678 -0.534818
v -0.053339 0.486994 -0.675195
v 0.053145 0.487372 -0.675411
v -0.000122 0.340137 -0.746617
v 0.085209 0.393342 -0.716305
v -0.084598 0.393205 -0.716437
v 0.522926 0.033780 -0.317109
v 0.517389 -0.026788 -0.310034
v 0.486346 -0.014076 -0.374976
v 0.491374 0.029896 -0.383694
v 0.538264 0.002007 -0.269557
v 0.542002 0.038342 0.307506
v 0.541219 -0.026448 0.305696
v 0.505927 -0.016841 0.366913
v 0.503984 0.029316 0.365068
v 0.567927 0.006013 0.270220
v -0.522941 0.033715 -0.317106
v -0.517471 -0.026846 -0.310052
v -0.486401 -0.014185 -0.375053
v -0.491289 0.029882 -0.383704
v -0.538307 0.001945 -0.269569
v -0.542005 0.038284 0.307452
v -0.541203 -0.026780 0.305875
v -0.506002 -0.016836 0.367058
v -0.503977 0.029045 0.364958
v -0.567957 0.005924 0.270217
v -0.079075 0.412134 -0.098977
v 0.079075 0.412337 -0.098706
v -0.040258 0.360474 -0.011603
v -0.042176 0.494080 -0.181483
v 0.039943 0.360427 -0.011642
v 0.041957 0.494582 -0.181676
v -0.211390 0.258973 0.172025
v -0.136439 0.211483 0.363906
v -0.127784 0.269454 0.174018
v -0.263601 0.224828 0.261446
v -0.088573 0.239405 0.268153
v -0.226895 0.207199 0.358833
v -0.243948 0.585709 -0.336815
v -0.182493 0.638404 -0.542462
v -0.162481 0.674111 -0.357899
v -0.415145 0.629583 -0.404518
v -0.153890 0.811321 -0.459076
v -0.280900 0.562284 -0.499807
v -0.382981 0.276914 -0.158807
v -0.465008 0.154901 -0.237514
v -0.349003 0.317233 -0.262758
v -0.462099 0.208004 -0.087159
v -0.395539 0.236942 -0.299045
v -0.492971 0.152918 -0.133989
v -0.431157 0.210995 0.134308
v -0.500254 0.134932 0.237153
v -0.415173 0.200046 0.224647
v -0.485035 0.185788 0.104112
v -0.449476 0.172486 0.279809
v -0.521720 0.141501 0.153718
v 0.211392 0.258888 0.172125
v 0.135786 0.211646 0.363492
v 0.128439 0.269406 0.173099
v 0.088898 0.239250 0.268508
v 0.264596 0.224214 0.262114
v 0.227101 0.206925 0.358992
v 0.244395 0.586673 -0.338730
v 0.182527 0.638085 -0.542572
v 0.163005 0.674163 -0.358686
v 0.153658 0.811243 -0.458882
v 0.415759 0.629276 -0.404842
v 0.281103 0.562006 -0.499779
v 0.383007 0.276872 -0.159044
v 0.464739 0.154996 -0.237882
v 0.349286 0.317087 -0.263042
v 0.461127 0.207657 -0.087425
v 0.395769 0.236771 -0.299407
v 0.492979 0.153016 -0.133769
v 0.431307 0.210658 0.134703
v 0.500598 0.135012 0.237513
v 0.415230 0.199824 0.224821
v 0.485065 0.185660 0.104343
v 0.449379 0.172414 0.279821
v 0.521719 0.141247 0.153673
v -0.107912 -0.620756 0.005236
v 0.107363 -0.620700 0.005257
v -0.051006 -0.589994 0.113708
v -0.066574 -0.602837 -0.083798
v 0.051200 -0.589946 0.113612
v 0.066065 -0.602109 -0.084018
v -0.249615 -0.549672 0.329052
v -0.197151 -0.801640 0.607435
v -0.152805 -0.582720 0.368935
v -0.304997 -0.534208 0.401503
v -0.116068 -0.696477 0.466955
v -0.307888 -0.626908 0.535269
v -0.290001 -0.628964 -0.293933
v -0.127543 -0.358664 -0.334556
v -0.160702 -0.625159 -0.275620
v -0.281505 -0.431559 -0.288633
v -0.096733 -0.474885 -0.298900
v -0.206452 -0.331681 -0.321285
v -0.385929 -0.287780 -0.108964
v -0.464945 -0.123957 -0.218215
v -0.365459 -0.265162 -0.197926
v -0.438038 -0.210689 -0.066664
v -0.401840 -0.177857 -0.252485
v -0.481687 -0.135481 -0.120687
v -0.409525 -0.321123 0.164290
v -0.477198 -0.164787 0.242159
v -0.397385 -0.333047 0.263713
v -0.451547 -0.233456 0.114528
v -0.424046 -0.250225 0.299053
v -0.494605 -0.159372 0.155021
v 0.249809 -0.549866 0.329671
v 0.197845 -0.802297 0.605844
v 0.153508 -0.582754 0.368520
v 0.115495 -0.695249 0.466401
v 0.304957 -0.535077 0.401073
v 0.308297 -0.627786 0.535352
v 0.289707 -0.629440 -0.293948
v 0.127291 -0.358679 -0.334865
v 0.160990 -0.624632 -0.275322
v 0.096633 -0.474890 -0.298492
v 0.281097 -0.431654 -0.288347
v 0.206636 -0.331847 -0.321620
v 0.386192 -0.287820 -0.108916
v 0.465936 -0.123148 -0.219010
v 0.365665 -0.265101 -0.197962
v 0.437995 -0.210581 -0.066760
v 0.402200 -0.177649 -0.252644
v 0.481782 -0.134974 -0.120819
v 0.409946 -0.320709 0.164521
v 0.478064 -0.164146 0.241940
v 0.396954 -0.333483 0.263858
v 0.451429 -0.233570 0.114618
v 0.423568 -0.249785 0.298661
v 0.494374 -0.158939 0.155075
v -0.000002 -0.103475 0.773517
v 0.000167 0.078904 0.613328
v 0.095008 -0.055059 0.704377
v -0.095067 -0.055006 0.704831
v 0.084889 0.035702 0.634748
v -0.084833 0.035707 0.635044
v 0.266537 -0.293634 0.646961
v 0.377291 -0.136518 0.484917
v 0.319263 -0.336981 0.567152
v 0.362596 -0.240638 0.480073
v 0.266506 -0.166927 0.636919
v 0.324216 -0.103287 0.551767
v -0.266818 -0.293436 0.646659
v -0.376984 -0.136695 0.484713
v -0.319213 -0.336968 0.567316
v -0.362558 -0.240589 0.479742
v -0.267145 -0.167200 0.637442
v -0.324725 -0.103079 0.552071
v 0.220795 0.176539 0.513778
v 0.373809 0.101328 0.448545
v 0.286768 0.180229 0.466803
v 0.359979 0.159884 0.429495
v 0.231389 0.112880 0.532958
v 0.312456 0.071674 0.506539
v -0.220886 0.176378 0.514001
v -0.373962 0.101291 0.448760
v -0.286775 0.180229 0.466802
v -0.359881 0.160100 0.429462
v -0.231448 0.113316 0.532728
v -0.312523 0.071401 0.506417
v -0.000187 -0.059285 -0.595157
v 0.000099 0.126285 -0.773144
v 0.088842 -0.015493 -0.637190
v -0.088976 -0.013662 -0.635633
v 0.108986 0.056307 -0.759869
v -0.106880 0.073755 -0.738567
v 0.206023 -0.153968 -0.499368
v 0.359312 -0.075623 -0.449881
v 0.259124 -0.170634 -0.441532
v 0.335102 -0.135094 -0.416980
v 0.225675 -0.088168 -0.531338
v 0.305833 -0.046503 -0.514399
v -0.206071 -0.153886 -0.499493
v -0.359277 -0.075495 -0.450162
v -0.259074 -0.170714 -0.441534
v -0.335046 -0.135055 -0.416879
v -0.225788 -0.088402 -0.531228
v -0.305215 -0.046277 -0.514450
v 0.274894 0.286688 -0.686614
v 0.403031 0.134690 -0.529616
v 0.297628 0.314189 -0.575668
v 0.355407 0.227010 -0.503847
v 0.306395 0.177426 -0.720233
v 0.347274 0.112908 -0.601836
v -0.274865 0.287292 -0.686847
v -0.403617 0.134671 -0.529985
v -0.298141 0.314527 -0.575885
v -0.355333 0.226978 -0.504003
v -0.306341 0.177704 -0.720487
v -0.346885 0.113063 -0.601934
v 0.588704 0.002202 -0.078747
v 0.606456 0.003774 0.110053
v 0.595467 0.041601 -0.027642
v 0.598403 0.044000 0.065956
v 0.588817 -0.034551 -0.030089
v 0.595712 -0.035286 0.063210
v -0.588825 0.002197 -0.078719
v -0.606468 0.003700 0.110076
v -0.595540 0.041560 -0.027619
v -0.598273 0.043998 0.066017
v -0.588971 -0.034525 -0.030122
v -0.595787 -0.035327 0.063205
v -0.192595 0.331386 -0.002681
v -0.191658 0.430793 -0.165755
v -0.118608 0.350080 -0.008319
v -0.121751 0.471475 -0.178868
v -0.308584 0.265930 0.077441
v -0.162713 0.300391 0.082243
v -0.290794 0.244774 0.166636
v -0.282274 0.379513 -0.190846
v -0.174502 0.532606 -0.257026
v -0.303783 0.484354 -0.290602
v -0.362180 0.272479 -0.028597
v -0.311855 0.364076 -0.230697
v -0.411178 0.246557 -0.056355
v -0.368159 0.227537 0.155622
v -0.427735 0.225466 0.040947
v 0.191963 0.331564 -0.002898
v 0.192164 0.430974 -0.166657
v 0.118556 0.349637 -0.008772
v 0.121661 0.471503 -0.179860
v 0.308035 0.266131 0.077412
v 0.162219 0.300205 0.082386
v 0.290689 0.245055 0.166740
v 0.282163 0.380163 -0.191990
v 0.174902 0.532632 -0.257871
v 0.303987 0.485274 -0.291764
v 0.362203 0.272327 -0.028479
v 0.311891 0.364825 -0.231629
v 0.411167 0.246660 -0.056320
v 0.366799 0.227864 0.155290
v 0.427842 0.225466 0.041013
v -0.240369 -0.556744 0.079388
v -0.298172 -0.748203 -0.083217
v -0.149307 -0.574896 0.093844
v -0.158712 -0.765706 -0.072044
v -0.359176 -0.480108 0.154604
v -0.195851 -0.561778 0.216122
v -0.325197 -0.489355 0.272149
v -0.361859 -0.510616 -0.127646
v -0.227579 -0.785031 -0.222736
v -0.359349 -0.508591 -0.234644
v -0.382578 -0.394812 0.019906
v -0.363076 -0.385409 -0.164067
v -0.402553 -0.300548 -0.019041
v -0.375182 -0.410072 0.217526
v -0.412797 -0.311664 0.070180
v 0.240299 -0.556551 0.079742
v 0.297475 -0.749373 -0.083453
v 0.149158 -0.574950 0.094072
v 0.156557 -0.764881 -0.073655
v 0.359258 -0.480221 0.154629
v 0.195583 -0.561651 0.216469
v 0.326195 -0.489935 0.272167
v 0.361310 -0.510332 -0.127645
v 0.226362 -0.785100 -0.223047
v 0.359739 -0.508589 -0.234550
v 0.382304 -0.394541 0.019817
v 0.363080 -0.385775 -0.164093
v 0.403122 -0.300967 -0.019719
v 0.374685 -0.409692 0.217229
v 0.412924 -0.311448 0.069953
v -0.000230 -0.595485 0.651122
v -0.176198 -0.507822 0.694650
v -0.058245 -0.665414 0.584054
v -0.282890 -0.630172 0.677235
v 0.176537 -0.508462 0.695416
v 0.058099 -0.664730 0.584328
v 0.283117 -0.630693 0.677006
v 0.095763 -0.293798 0.729161
v -0.095825 -0.293555 0.728878
v 0.100089 -0.169047 0.744136
v -0.100161 -0.169154 0.744306
v 0.281918 -0.441158 0.666328
v 0.191558 -0.232790 0.703102
v -0.281850 -0.440675 0.666111
v -0.191543 -0.232768 0.703125
v -0.000045 0.195167 0.457803
v -0.126111 0.185297 0.531178
v -0.045337 0.210852 0.365110
v -0.181605 0.192531 0.454966
v 0.126170 0.185098 0.531175
v 0.045259 0.211414 0.365190
v 0.181616 0.192537 0.455169
v 0.071934 0.176876 0.560296
v -0.072059 0.176921 0.560086
v 0.077765 0.118392 0.580424
v -0.077321 0.118220 0.579720
v 0.208596 0.184990 0.501525
v 0.151060 0.157322 0.548155
v -0.208548 0.184936 0.501525
v -0.150957 0.160779 0.547884
v -0.000015 -0.272046 -0.401051
v -0.106475 -0.207454 -0.476973
v -0.042924 -0.365700 -0.341273
v -0.153055 -0.255887 -0.391295
v 0.106540 -0.207479 -0.476958
v 0.042905 -0.365562 -0.341472
v 0.153022 -0.255696 -0.391359
v 0.067849 -0.175266 -0.543215
v -0.067862 -0.175254 -0.543331
v 0.076716 -0.103033 -0.568588
v -0.076967 -0.103242 -0.568639
v 0.182312 -0.195563 -0.462814
v 0.144558 -0.135015 -0.537902
v -0.182140 -0.195817 -0.462346
v -0.144592 -0.134773 -0.537988
v 0.000202 0.584454 -0.636831
v -0.161956 0.461642 -0.673555
v -0.067942 0.664805 -0.560286
v -0.224066 0.521889 -0.601526
v 0.162131 0.461356 -0.673517
v 0.067694 0.664962 -0.560186
v 0.224064 0.521638 -0.601688
v 0.105734 0.294530 -0.773085
v -0.105671 0.294796 -0.772857
v 0.119855 0.181378 -0.821383
v -0.120806 0.183918 -0.820420
v 0.247415 0.401469 -0.642370
v 0.223873 0.243511 -0.789258
v -0.247887 0.402017 -0.642790
v -0.223640 0.243688 -0.789210
v 0.485459 0.077263 -0.373355
v 0.542109 0.037492 -0.227979
v 0.442264 0.152505 -0.338296
v 0.524103 0.089709 -0.180874
v 0.468831 -0.058829 -0.347448
v 0.537878 -0.032262 -0.225521
v 0.444103 -0.107906 -0.309979
v 0.519685 -0.075462 -0.176063
v 0.449638 0.013236 -0.440582
v 0.406653 -0.095973 -0.384538
v 0.382517 -0.011943 -0.483509
v 0.422776 0.146586 -0.435038
v 0.400292 0.057241 -0.513831
v 0.566337 0.040693 -0.128297
v 0.560353 -0.034821 -0.128444
v 0.487628 0.077187 0.344783
v 0.571248 0.041601 0.236974
v 0.469053 0.128576 0.316319
v 0.548301 0.090074 0.196218
v 0.481421 -0.083241 0.350670
v 0.570093 -0.031435 0.233091
v 0.451606 -0.164471 0.326854
v 0.539993 -0.087598 0.193594
v 0.455951 0.004806 0.422774
v 0.418588 -0.156156 0.408300
v 0.391936 -0.041496 0.483369
v 0.425640 0.117654 0.385793
v 0.393930 0.038411 0.472066
v 0.590895 0.043534 0.155801
v 0.588906 -0.034101 0.151901
v -0.485374 0.077179 -0.373337
v -0.542115 0.037438 -0.228040
v -0.442403 0.153382 -0.338435
v -0.524063 0.089853 -0.180972
v -0.468827 -0.058845 -0.347455
v -0.537951 -0.032334 -0.225596
v -0.444097 -0.107810 -0.310061
v -0.519599 -0.075501 -0.176177
v -0.449639 0.013095 -0.440606
v -0.406629 -0.095944 -0.384486
v -0.382582 -0.012315 -0.483946
v -0.422626 0.146918 -0.434926
v -0.400415 0.057170 -0.514050
v -0.566330 0.040674 -0.128353
v -0.560427 -0.034881 -0.128528
v -0.487313 0.077381 0.344612
v -0.571202 0.041530 0.236971
v -0.469230 0.129024 0.316621
v -0.548369 0.090104 0.196186
v -0.481609 -0.083516 0.350476
v -0.570033 -0.031545 0.233147
v -0.451212 -0.164352 0.327056
v -0.540017 -0.087781 0.193814
v -0.456056 0.004816 0.422681
v -0.418001 -0.156614 0.408477
v -0.391580 -0.041664 0.483244
v -0.425730 0.117884 0.386000
v -0.394295 0.038508 0.472468
v -0.590838 0.043608 0.155839
v -0.588893 -0.034072 0.151828
v 0.000024 0.315092 0.079706
v -0.042840 0.275241 0.173915
v -0.000001 0.599068 -0.253369
v -0.059312 0.675749 -0.358722
v 0.042918 0.275056 0.173818
v 0.059270 0.675470 -0.358821
v -0.316836 0.198612 0.347887
v -0.386707 0.191088 0.316126
v -0.343751 0.184262 0.400475
v -0.344055 0.474209 -0.441926
v -0.322895 0.341624 -0.363740
v -0.307769 0.332691 -0.470077
v -0.523139 0.150096 -0.028918
v -0.527293 0.144625 0.063831
v -0.565931 0.093621 0.019246
v 0.316812 0.198609 0.347955
v 0.386729 0.191062 0.316196
v 0.343736 0.184240 0.400420
v 0.344080 0.473834 -0.442000
v 0.323007 0.341420 -0.363784
v 0.307753 0.332584 -0.470160
v 0.523009 0.149817 -0.028706
v 0.527334 0.144459 0.063937
v 0.565935 0.093652 0.019332
v 0.000003 -0.591014 0.235941
v -0.051028 -0.603742 0.362431
v -0.000396 -0.558497 -0.164898
v -0.053738 -0.554264 -0.243991
v 0.051489 -0.603528 0.362283
v 0.052951 -0.553969 -0.244654
v -0.338242 -0.460925 0.445762
v -0.377850 -0.346162 0.366507
v -0.351993 -0.352297 0.469573
v -0.274221 -0.284438 -0.304197
v -0.336401 -0.232132 -0.280665
v -0.301661 -0.198969 -0.363124
v -0.498539 -0.142291 -0.025076
v -0.502929 -0.151499 0.066133
v -0.559820 -0.080226 0.018478
v 0.338175 -0.461802 0.445767
v 0.377037 -0.346326 0.366257
v 0.351827 -0.352752 0.469418
v 0.274164 -0.284721 -0.304141
v 0.336130 -0.232008 -0.280580
v 0.301667 -0.198925 -0.363146
v 0.498548 -0.142143 -0.024841
v 0.502623 -0.151874 0.065992
v 0.559823 -0.080339 0.018442
v 0.174347 -0.011051 0.633963
v 0.256487 -0.059843 0.604632
v -0.174144 -0.011157 0.634148
v -0.256022 -0.060163 0.603748
v 0.244059 0.031409 0.566157
v -0.243983 0.031612 0.565920
v 0.187084 0.026926 -0.667224
v 0.248434 -0.010227 -0.584438
v -0.188277 0.026436 -0.667885
v -0.248838 -0.010638 -0.584337
v 0.280370 0.071926 -0.659418
v -0.279274 0.072531 -0.658907
v -0.247195 0.344632 -0.070057
v -0.264373 0.321739 -0.034711
v -0.259936 0.351275 -0.096041
v -0.284151 0.329511 -0.075935
v -0.287972 0.312663 -0.038246
v 0.246910 0.345026 -0.070524
v 0.264087 0.321708 -0.035251
v 0.259662 0.351151 -0.096767
v 0.284276 0.329529 -0.076622
v 0.287709 0.313121 -0.038611
v -0.317921 -0.567451 -0.000255
v -0.324385 -0.533855 0.034548
v -0.335559 -0.562700 -0.029492
v -0.347831 -0.518595 -0.012689
v -0.344316 -0.507512 0.026619
v 0.316795 -0.567660 0.000148
v 0.324119 -0.533831 0.034883
v 0.335050 -0.562722 -0.029319
v 0.347518 -0.518603 -0.012540
v 0.343439 -0.507268 0.026865
v -0.024424 -0.477234 0.697055
v 0.023992 -0.477340 0.696645
v 0.000157 -0.402395 0.712981
v 0.038166 -0.431114 0.706333
v -0.038376 -0.431061 0.706716
v -0.017667 0.186265 0.547351
v 0.017805 0.186517 0.546912
v -0.000020 0.184962 0.560933
v 0.027903 0.185162 0.556615
v -0.027887 0.185179 0.556440
v -0.015547 -0.191837 -0.523335
v 0.015609 -0.191832 -0.523311
v 0.000015 -0.185752 -0.542830
v 0.025406 -0.186259 -0.541354
v -0.025356 -0.186257 -0.541372
v -0.023144 0.449631 -0.692713
v 0.023470 0.450155 -0.692685
v -0.000071 0.385187 -0.724562
v 0.037233 0.408816 -0.711687
v -0.037319 0.409094 -0.711762
v 0.522250 0.016912 -0.328125
v 0.519331 -0.009776 -0.324458
v 0.505359 -0.003437 -0.353285
v 0.507780 0.014362 -0.356405
v 0.528918 0.002580 -0.307893
v 0.543709 0.020697 0.318503
v 0.544026 -0.006850 0.317834
v 0.528375 -0.001761 0.344333
v 0.527514 0.016151 0.344024
v 0.553717 0.006656 0.301858
v -0.522276 0.016797 -0.328193
v -0.519384 -0.009809 -0.324557
v -0.505457 -0.003514 -0.353409
v -0.507838 0.014264 -0.356552
v -0.528988 0.002583 -0.307961
v -0.543720 0.020541 0.318583
v -0.543985 -0.006909 0.317852
v -0.528287 -0.001717 0.344280
v -0.527481 0.016090 0.344035
v -0.553771 0.006613 0.301867
v -0.039853 0.417670 -0.101060
v 0.039760 0.417770 -0.100862
v -0.019820 0.388600 -0.057241
v -0.020257 0.455659 -0.141872
v 0.019904 0.387965 -0.057870
v 0.020383 0.455608 -0.141876
v -0.195070 0.246545 0.218978
v -0.156902 0.222892 0.314709
v -0.151902 0.250601 0.220133
v -0.220455 0.230092 0.264841
v -0.132627 0.237342 0.267877
v -0.201990 0.219677 0.313100
v -0.232407 0.637277 -0.395797
v -0.203853 0.665367 -0.495844
v -0.199777 0.699747 -0.405060
v -0.291167 0.630111 -0.427631
v -0.218155 0.793816 -0.469780
v -0.258796 0.617103 -0.475307
v -0.404672 0.253300 -0.176477
v -0.445116 0.190677 -0.216430
v -0.388093 0.266586 -0.228583
v -0.442184 0.215815 -0.142765
v -0.409753 0.231490 -0.247775
v -0.460616 0.186691 -0.164140
v -0.455461 0.195653 0.165599
v -0.489932 0.159388 0.217266
v -0.447087 0.191417 0.210243
v -0.482672 0.182820 0.149508
v -0.464178 0.175857 0.237001
v -0.500299 0.162792 0.174718
v 0.194861 0.246239 0.219146
v 0.157360 0.222046 0.315281
v 0.151921 0.250620 0.220188
v 0.133107 0.237373 0.268139
v 0.220404 0.229767 0.264711
v 0.201753 0.219685 0.312891
v 0.232473 0.637753 -0.397315
v 0.203889 0.664868 -0.496519
v 0.199113 0.699828 -0.406005
v 0.218252 0.793889 -0.469712
v 0.291757 0.629502 -0.428768
v 0.259250 0.616907 -0.475385
v 0.404501 0.253291 -0.176655
v 0.445184 0.190705 -0.216559
v 0.387772 0.266910 -0.229412
v 0.442404 0.215790 -0.142585
v 0.409744 0.231704 -0.248244
v 0.460586 0.186674 -0.164061
v 0.455559 0.195488 0.165815
v 0.489942 0.159240 0.217307
v 0.447010 0.191270 0.210460
v 0.482677 0.182754 0.149735
v 0.464099 0.175769 0.237075
v 0.500330 0.162679 0.174777
v -0.055449 -0.604078 0.009050
v 0.054872 -0.604619 0.009051
v -0.026396 -0.595778 0.060903
v -0.030954 -0.595252 -0.037198
v 0.026119 -0.596015 0.060930
v 0.030776 -0.594960 -0.037352
v -0.239997 -0.580894 0.406979
v -0.240015 -0.784342 0.511007
v -0.193601 -0.629032 0.411516
v -0.276833 -0.594529 0.438999
v -0.188636 -0.739482 0.450442
v -0.294999 -0.683876 0.496611
v -0.237985 -0.551139 -0.297544
v -0.158415 -0.414283 -0.315932
v -0.182527 -0.556441 -0.294287
v -0.241300 -0.461765 -0.299505
v -0.145789 -0.480395 -0.302180
v -0.202065 -0.402170 -0.311458
v -0.402489 -0.240377 -0.133774
v -0.443347 -0.159500 -0.189029
v -0.393797 -0.231607 -0.179691
v -0.430536 -0.205205 -0.113680
v -0.413002 -0.189360 -0.207068
v -0.451720 -0.166247 -0.141199
v -0.425156 -0.282047 0.186405
v -0.459688 -0.203431 0.225239
v -0.418679 -0.286717 0.234234
v -0.447740 -0.238230 0.160029
v -0.434234 -0.246284 0.251961
v -0.467296 -0.199969 0.180144
v 0.239615 -0.580858 0.406973
v 0.239885 -0.784311 0.508919
v 0.193662 -0.627926 0.411228
v 0.188500 -0.735817 0.448696
v 0.276604 -0.594778 0.438928
v 0.294641 -0.683866 0.496279
v 0.237626 -0.551769 -0.297583
v 0.158276 -0.414382 -0.315426
v 0.182443 -0.556409 -0.293676
v 0.145725 -0.480479 -0.302073
v 0.241192 -0.461542 -0.299746
v 0.201508 -0.402553 -0.311589
v 0.402590 -0.240642 -0.133786
v 0.443516 -0.159604 -0.189037
v 0.393515 -0.231598 -0.179450
v 0.430610 -0.205476 -0.113858
v 0.413078 -0.188841 -0.207230
v 0.451731 -0.166379 -0.141144
v 0.425243 -0.281562 0.186270
v 0.459361 -0.203139 0.224776
v 0.418420 -0.286763 0.234013
v 0.447738 -0.237918 0.160412
v 0.433879 -0.246646 0.252725
v 0.467109 -0.199655 0.180193
v -0.000006 -0.047693 0.731881
v 0.000012 0.039724 0.647795
v 0.046615 -0.026118 0.702656
v -0.046495 -0.026157 0.702616
v 0.043979 0.017640 0.662731
v -0.043791 0.018072 0.663090
v 0.293846 -0.253064 0.604665
v 0.347747 -0.173532 0.521812
v 0.318450 -0.273131 0.564724
v 0.343272 -0.229121 0.522665
v 0.294100 -0.192043 0.599638
v 0.322474 -0.156402 0.558261
v -0.294073 -0.252701 0.605175
v -0.347567 -0.174021 0.521611
v -0.318606 -0.272950 0.564788
v -0.342623 -0.228920 0.522078
v -0.294341 -0.192222 0.599927
v -0.322637 -0.156188 0.558338
v 0.260170 0.170898 0.497995
v 0.337313 0.122794 0.467265
v 0.293620 0.171822 0.476076
v 0.331379 0.156343 0.458787
v 0.265692 0.130204 0.508535
v 0.305232 0.108668 0.494279
v -0.260104 0.170798 0.498257
v -0.336935 0.122107 0.467218
v -0.293649 0.171744 0.476141
v -0.331296 0.156552 0.458920
v -0.265538 0.129730 0.508290
v -0.305055 0.107880 0.494268
v -0.000088 -0.014724 -0.640155
v 0.000082 0.074754 -0.737531
v 0.046377 0.005461 -0.665528
v -0.046501 0.007772 -0.662802
v 0.051448 0.047095 -0.718448
v -0.050899 0.052689 -0.711992
v 0.244977 -0.135109 -0.488798
v 0.321683 -0.094367 -0.464333
v 0.271891 -0.143907 -0.460676
v 0.309967 -0.124905 -0.447750
v 0.255704 -0.102870 -0.505214
v 0.294829 -0.082032 -0.494801
v -0.244997 -0.135082 -0.488819
v -0.321514 -0.094400 -0.464646
v -0.271895 -0.143923 -0.460543
v -0.310080 -0.124996 -0.447788
v -0.255613 -0.103005 -0.505142
v -0.294521 -0.081550 -0.494698
v 0.304998 0.248029 -0.648485
v 0.369944 0.170336 -0.569539
v 0.316146 0.260096 -0.593270
v 0.346572 0.219151 -0.555231
v 0.320444 0.195393 -0.661054
v 0.348382 0.159822 -0.612677
v -0.304912 0.248056 -0.649149
v -0.370415 0.170145 -0.569864
v -0.315827 0.260139 -0.593092
v -0.346818 0.219113 -0.555493
v -0.320225 0.195635 -0.661012
v -0.348599 0.160023 -0.613039
v 0.604002 0.002249 -0.029157
v 0.609872 0.003261 0.064738
v 0.608312 0.020852 -0.004006
v 0.609275 0.022018 0.042679
v 0.605036 -0.015398 -0.005657
v 0.607569 -0.015411 0.040926
v -0.603992 0.002219 -0.029154
v -0.609865 0.003201 0.064752
v -0.608300 0.020768 -0.003965
v -0.609291 0.021919 0.042703
v -0.605091 -0.015383 -0.005709
v -0.607546 -0.015445 0.040947
v -0.187981 0.375792 -0.085151
v -0.117053 0.402583 -0.096434
v -0.172058 0.358816 -0.046562
v -0.171811 0.410574 -0.129854
v -0.135831 0.370272 -0.050836
v -0.136499 0.427520 -0.135933
v -0.249494 0.296718 0.040532
v -0.225886 0.271381 0.126628
v -0.214727 0.306317 0.040195
v -0.275022 0.274795 0.081053
v -0.201503 0.292391 0.083075
v -0.264289 0.263338 0.125007
v -0.240859 0.415385 -0.185952
v -0.241921 0.521991 -0.282453
v -0.213852 0.448797 -0.199944
v -0.261288 0.422597 -0.215421
v -0.209130 0.500962 -0.247050
v -0.268344 0.476711 -0.263613
v -0.321629 0.318160 -0.108958
v -0.362113 0.294466 -0.141718
v -0.309988 0.342946 -0.159148
v -0.353238 0.288866 -0.076001
v -0.327958 0.333295 -0.177253
v -0.375678 0.276008 -0.090931
v -0.341780 0.267825 0.027926
v -0.404095 0.227562 0.100508
v -0.340971 0.256711 0.071647
v -0.368501 0.258189 0.018107
v -0.371986 0.236838 0.109602
v -0.399999 0.237192 0.053210
v 0.187763 0.375777 -0.085760
v 0.117396 0.403109 -0.095802
v 0.172217 0.358807 -0.046895
v 0.172118 0.410964 -0.130683
v 0.136332 0.370015 -0.050838
v 0.136923 0.427707 -0.136389
v 0.249213 0.296875 0.040345
v 0.225840 0.271542 0.126444
v 0.214384 0.306677 0.040204
v 0.273985 0.275244 0.081079
v 0.200899 0.292525 0.082852
v 0.263407 0.263588 0.124828
v 0.241204 0.415740 -0.187171
v 0.242065 0.522621 -0.283202
v 0.214150 0.449279 -0.200592
v 0.261572 0.423010 -0.216399
v 0.209440 0.501522 -0.248016
v 0.268716 0.477484 -0.264533
v 0.321789 0.318128 -0.109277
v 0.361602 0.295319 -0.142613
v 0.310031 0.343345 -0.160025
v 0.353275 0.288656 -0.076162
v 0.327585 0.333777 -0.178270
v 0.375523 0.276588 -0.091872
v 0.342008 0.267786 0.028024
v 0.404394 0.227073 0.101282
v 0.341490 0.256180 0.072013
v 0.368859 0.258287 0.018055
v 0.372241 0.236477 0.110031
v 0.400982 0.236647 0.053700
v -0.257460 -0.631690 -0.002083
v -0.159128 -0.637559 0.001243
v -0.224415 -0.587406 0.030095
v -0.257239 -0.717929 -0.026345
v -0.177907 -0.593557 0.035756
v -0.192887 -0.704074 -0.035276
v -0.297413 -0.525923 0.128473
v -0.264408 -0.535302 0.255405
v -0.259163 -0.543460 0.137664
v -0.319452 -0.504874 0.172156
v -0.239654 -0.546519 0.203428
v -0.304213 -0.510407 0.233440
v -0.349124 -0.643691 -0.125680
v -0.330868 -0.673167 -0.254031
v -0.330547 -0.738165 -0.145587
v -0.359446 -0.586096 -0.158326
v -0.306967 -0.749208 -0.213137
v -0.362096 -0.597304 -0.219574
v -0.368670 -0.443325 -0.051858
v -0.380093 -0.341372 -0.089866
v -0.366587 -0.447844 -0.099385
v -0.378992 -0.393973 -0.025551
v -0.369857 -0.392015 -0.117554
v -0.387027 -0.345658 -0.044692
v -0.371292 -0.436843 0.085031
v -0.395952 -0.360220 0.140234
v -0.370183 -0.440201 0.134927
v -0.383612 -0.395940 0.065848
v -0.380816 -0.403842 0.164480
v -0.397349 -0.355674 0.091579
v 0.256894 -0.632340 -0.002192
v 0.158694 -0.637517 0.001418
v 0.224059 -0.587372 0.029995
v 0.256303 -0.719725 -0.026599
v 0.177603 -0.593409 0.035606
v 0.191289 -0.704023 -0.036011
v 0.297321 -0.525742 0.128670
v 0.264598 -0.535046 0.255333
v 0.259306 -0.543623 0.137646
v 0.319886 -0.505315 0.172270
v 0.240118 -0.546542 0.203123
v 0.304194 -0.510312 0.233875
v 0.348736 -0.643771 -0.125536
v 0.330696 -0.673476 -0.253937
v 0.330279 -0.738552 -0.145471
v 0.358957 -0.586013 -0.157991
v 0.306547 -0.749635 -0.213159
v 0.362259 -0.597461 -0.219427
v 0.368731 -0.443535 -0.051900
v 0.380266 -0.341358 -0.089782
v 0.366647 -0.447968 -0.098977
v 0.379070 -0.394539 -0.025923
v 0.370493 -0.392371 -0.117804
v 0.387209 -0.345687 -0.044701
v 0.370840 -0.436434 0.085296
v 0.395918 -0.359527 0.140426
v 0.370072 -0.440392 0.134617
v 0.383844 -0.395768 0.065780
v 0.380858 -0.403803 0.163942
v 0.397318 -0.355597 0.091970
v -0.093443 -0.573941 0.679422
v -0.167038 -0.752830 0.676614
v -0.063716 -0.611060 0.656512
v -0.160662 -0.582718 0.690154
v -0.093038 -0.675227 0.637898
v -0.214627 -0.677704 0.701543
v 0.092974 -0.574068 0.679506
v 0.168049 -0.753199 0.677054
v 0.063331 -0.610792 0.657046
v 0.160802 -0.582850 0.690874
v 0.092890 -0.675091 0.638261
v 0.214744 -0.677310 0.701445
v 0.000094 -0.290737 0.739607
v 0.000111 -0.166192 0.825094
v 0.048778 -0.260774 0.745213
v -0.048745 -0.260843 0.745124
v 0.049602 -0.198967 0.764287
v -0.049852 -0.198873 0.764509
v 0.136612 -0.392218 0.705201
v 0.233272 -0.331819 0.681008
v 0.183668 -0.434898 0.696170
v 0.141197 -0.328001 0.712370
v 0.234651 -0.403826 0.684069
v 0.190113 -0.298008 0.701977
v -0.136859 -0.391911 0.705476
v -0.233221 -0.331899 0.681041
v -0.183906 -0.434624 0.695815
v -0.141708 -0.327861 0.712326
v -0.234719 -0.403585 0.684038
v -0.190321 -0.298032 0.702320
v -0.065458 0.189090 0.502554
v -0.113142 0.202445 0.411300
v -0.044479 0.195183 0.458190
v -0.110304 0.188188 0.502978
v -0.067699 0.202761 0.411904
v -0.134928 0.193851 0.456653
v 0.065530 0.188953 0.502473
v 0.112952 0.202153 0.411481
v 0.044547 0.195325 0.458184
v 0.110321 0.188315 0.502938
v 0.067696 0.202409 0.412322
v 0.134971 0.193940 0.456839
v -0.000117 0.175635 0.571334
v -0.000032 0.119527 0.586871
v 0.036735 0.168108 0.569501
v -0.036667 0.166832 0.569125
v 0.038007 0.137579 0.577422
v -0.037844 0.137516 0.576867
v 0.101614 0.182684 0.546742
v 0.181171 0.181268 0.526969
v 0.135008 0.184171 0.535730
v 0.106838 0.181150 0.549273
v 0.175512 0.183962 0.523467
v 0.146425 0.178616 0.541039
v -0.101493 0.183044 0.546906
v -0.181102 0.181003 0.526978
v -0.134768 0.184107 0.535684
v -0.106755 0.181200 0.549481
v -0.175413 0.183748 0.523390
v -0.146394 0.178467 0.541109
v -0.054962 -0.236859 -0.440693
v -0.100366 -0.309797 -0.362985
v -0.038377 -0.271372 -0.400762
v -0.092102 -0.233705 -0.438306
v -0.060721 -0.314345 -0.365943
v -0.114853 -0.263417 -0.395798
v 0.054966 -0.236801 -0.440669
v 0.100513 -0.309746 -0.363053
v 0.038416 -0.271540 -0.400728
v 0.092061 -0.233670 -0.438340
v 0.060626 -0.314099 -0.365995
v 0.114898 -0.263243 -0.395849
v -0.000033 -0.179066 -0.548015
v -0.000080 -0.106719 -0.569624
v 0.035092 -0.177133 -0.547487
v -0.035191 -0.177146 -0.547493
v 0.037287 -0.129021 -0.561196
v -0.037460 -0.129102 -0.561024
v 0.091861 -0.184648 -0.526596
v 0.167093 -0.169028 -0.509120
v 0.119184 -0.190629 -0.506254
v 0.099033 -0.175920 -0.533156
v 0.156684 -0.185614 -0.495387
v 0.137051 -0.163747 -0.527161
v -0.091801 -0.184670 -0.526608
v -0.167067 -0.169041 -0.509165
v -0.119113 -0.190621 -0.506284
v -0.099003 -0.175942 -0.533211
v -0.156585 -0.185665 -0.495336
v -0.136980 -0.163773 -0.527173
v -0.087570 0.529647 -0.656032
v -0.159628 0.612513 -0.601121
v -0.062759 0.581316 -0.635617
v -0.146117 0.517882 -0.654463
v -0.098764 0.624456 -0.605364
v -0.185866 0.559613 -0.630550
v 0.087452 0.528759 -0.655708
v 0.159979 0.612209 -0.601411
v 0.062996 0.581149 -0.635689
v 0.146079 0.517636 -0.654483
v 0.098870 0.624327 -0.605602
v 0.186132 0.559206 -0.630826
v -0.000017 0.291105 -0.770652
v -0.000110 0.182164 -0.791199
v 0.055232 0.266132 -0.784204
v -0.055192 0.266370 -0.783680
v 0.058457 0.210671 -0.799743
v -0.058739 0.211675 -0.798934
v 0.136208 0.373552 -0.720128
v 0.240309 0.323724 -0.715219
v 0.175419 0.405480 -0.694776
v 0.149944 0.322425 -0.750211
v 0.224833 0.379312 -0.687531
v 0.206368 0.298232 -0.754891
v -0.136438 0.373965 -0.720256
v -0.239867 0.324082 -0.715119
v -0.175117 0.405544 -0.694514
v -0.149815 0.322577 -0.750083
v -0.224425 0.379620 -0.687514
v -0.206268 0.298499 -0.754927
v 0.517612 0.054677 -0.301579
v 0.485143 0.118197 -0.259507
v 0.495894 0.079059 -0.329256
v 0.526960 0.057215 -0.254586
v 0.475106 0.114966 -0.309353
v 0.513526 0.086430 -0.231673
v 0.511702 -0.045886 -0.292389
v 0.485880 -0.092375 -0.247147
v 0.487017 -0.063523 -0.311793
v 0.521991 -0.049309 -0.249058
v 0.475277 -0.086706 -0.292198
v 0.510547 -0.071802 -0.225009
v 0.462172 -0.027370 -0.396772
v 0.396059 -0.057985 -0.434089
v 0.451456 -0.051916 -0.382810
v 0.442437 -0.015096 -0.430110
v 0.419612 -0.069101 -0.401405
v 0.407401 -0.028472 -0.449312
v 0.470888 0.050080 -0.414451
v 0.426191 0.102826 -0.487140
v 0.468789 0.077219 -0.412502
v 0.450036 0.043456 -0.446369
v 0.443968 0.106404 -0.447150
v 0.426293 0.067718 -0.482847
v 0.548026 0.001848 -0.225330
v 0.573277 0.002035 -0.128563
v 0.552571 0.019568 -0.202462
v 0.550186 -0.015375 -0.201720
v 0.565041 0.020414 -0.153349
v 0.561890 -0.016010 -0.153161
v 0.532419 0.060738 0.291519
v 0.511046 0.110171 0.256309
v 0.506371 0.081721 0.310910
v 0.546634 0.063476 0.255006
v 0.496020 0.107071 0.294819
v 0.535620 0.087877 0.235892
v 0.527159 -0.057201 0.290618
v 0.495314 -0.126811 0.258749
v 0.497173 -0.087959 0.313354
v 0.542275 -0.058750 0.252583
v 0.481367 -0.126132 0.299538
v 0.526375 -0.090422 0.235066
v 0.474881 -0.040683 0.392175
v 0.409354 -0.101122 0.450944
v 0.463219 -0.077188 0.386032
v 0.450431 -0.030524 0.422794
v 0.430452 -0.111288 0.415127
v 0.417794 -0.057100 0.452691
v 0.475164 0.044991 0.386626
v 0.409613 0.081336 0.428969
v 0.465989 0.070951 0.376479
v 0.452054 0.034867 0.417289
v 0.434266 0.090498 0.397362
v 0.419640 0.052237 0.439863
v 0.583074 0.005513 0.234688
v 0.602315 0.004304 0.154137
v 0.588042 0.022527 0.217300
v 0.587481 -0.012149 0.214664
v 0.597729 0.022681 0.176971
v 0.596642 -0.013364 0.174249
v -0.517578 0.054535 -0.301528
v -0.484726 0.118820 -0.259534
v -0.496051 0.078739 -0.329374
v -0.526814 0.057076 -0.254516
v -0.474918 0.115771 -0.309126
v -0.513721 0.086389 -0.231894
v -0.511776 -0.045922 -0.292429
v -0.486103 -0.092221 -0.247361
v -0.487034 -0.063503 -0.311883
v -0.522049 -0.049357 -0.249108
v -0.475234 -0.086608 -0.292227
v -0.510482 -0.071698 -0.225027
v -0.462097 -0.027478 -0.396814
v -0.396369 -0.058038 -0.434028
v -0.451451 -0.051984 -0.382792
v -0.442439 -0.015087 -0.430181
v -0.419546 -0.069063 -0.401443
v -0.407583 -0.028816 -0.449535
v -0.471016 0.050017 -0.414450
v -0.425826 0.103055 -0.487034
v -0.468813 0.077229 -0.412506
v -0.449822 0.043382 -0.446290
v -0.444254 0.106557 -0.447213
v -0.426169 0.067708 -0.482840
v -0.548090 0.001854 -0.225298
v -0.573341 0.002080 -0.128554
v -0.552598 0.019550 -0.202519
v -0.550202 -0.015418 -0.201723
v -0.565042 0.020411 -0.153392
v -0.561982 -0.016035 -0.153220
v -0.532451 0.060872 0.291483
v -0.511404 0.110141 0.256276
v -0.505750 0.081658 0.310589
v -0.546583 0.063523 0.254959
v -0.495362 0.106920 0.294452
v -0.536001 0.087979 0.236219
v -0.527766 -0.056503 0.290575
v -0.495596 -0.126169 0.258640
v -0.497314 -0.087751 0.313281
v -0.542489 -0.058667 0.252970
v -0.481076 -0.125301 0.299593
v -0.526704 -0.090381 0.234978
v -0.475064 -0.040474 0.392170
v -0.408653 -0.101538 0.451043
v -0.462959 -0.078011 0.386093
v -0.450570 -0.030309 0.422811
v -0.429911 -0.111812 0.415141
v -0.417072 -0.057516 0.452135
v -0.474874 0.045043 0.386382
v -0.409894 0.081890 0.429317
v -0.466399 0.071164 0.376745
v -0.451907 0.034842 0.417064
v -0.434410 0.090582 0.397494
v -0.419292 0.052213 0.439899
v -0.583118 0.005388 0.234645
v -0.602331 0.004194 0.154165
v -0.588018 0.022355 0.217339
v -0.587490 -0.012116 0.214644
v -0.597708 0.022557 0.176963
v -0.596618 -0.013393 0.174242
v -0.060777 0.334639 0.034700
v -0.104666 0.289546 0.127539
v -0.100932 0.330253 0.035375
v -0.123071 0.306537 0.081606
v -0.041606 0.313895 0.079604
v -0.062849 0.293162 0.126915
v -0.066141 0.533767 -0.222661
v -0.125421 0.620541 -0.311013
v -0.107636 0.521251 -0.222604
v -0.135283 0.557834 -0.263302
v -0.047475 0.585562 -0.263067
v -0.077663 0.630057 -0.311311
v 0.061008 0.334790 0.034772
v 0.104831 0.289674 0.127266
v 0.100803 0.330297 0.035878
v 0.122664 0.306594 0.082316
v 0.041230 0.314117 0.080036
v 0.063023 0.293069 0.126757
v 0.065932 0.534155 -0.222642
v 0.125777 0.620923 -0.310725
v 0.108027 0.521666 -0.222470
v 0.136180 0.558270 -0.263806
v 0.047784 0.585781 -0.263690
v 0.077979 0.630408 -0.311106
v -0.305021 0.219166 0.255926
v -0.381668 0.206817 0.237544
v -0.318278 0.227670 0.208187
v -0.357273 0.220369 0.201105
v -0.332404 0.205310 0.297669
v -0.368360 0.200916 0.284855
v -0.044173 0.240556 0.269069
v 0.044261 0.240061 0.268770
v -0.022934 0.224706 0.317074
v 0.022380 0.224502 0.317023
v -0.021689 0.257520 0.221312
v 0.022320 0.257621 0.221248
v -0.252208 0.196053 0.403808
v -0.279350 0.185131 0.454992
v -0.227447 0.191103 0.449377
v -0.240777 0.186532 0.473814
v -0.296089 0.193287 0.395375
v -0.307586 0.187760 0.419065
v -0.457844 0.573648 -0.347941
v -0.309174 0.382606 -0.297688
v -0.342993 0.483998 -0.310592
v -0.305395 0.409066 -0.283246
v -0.369170 0.482099 -0.385605
v -0.314840 0.404566 -0.348258
v -0.074558 0.715329 -0.454665
v 0.074455 0.715585 -0.454719
v -0.036283 0.692279 -0.511103
v 0.035540 0.692220 -0.510549
v -0.033595 0.697909 -0.407674
v 0.033671 0.697463 -0.407534
v -0.284355 0.499689 -0.521284
v -0.286027 0.372947 -0.558029
v -0.257355 0.480414 -0.571982
v -0.264900 0.419419 -0.591637
v -0.308040 0.453466 -0.490089
v -0.298567 0.386450 -0.505926
v -0.476707 0.200656 -0.034552
v -0.485095 0.189665 0.058571
v -0.448138 0.219301 -0.020881
v -0.455428 0.211444 0.027483
v -0.506523 0.174820 -0.005704
v -0.507898 0.170508 0.039781
v -0.383118 0.238624 -0.350043
v -0.363469 0.233136 -0.452611
v -0.407944 0.193954 -0.369155
v -0.397987 0.191028 -0.418977
v -0.347051 0.286799 -0.382434
v -0.337929 0.283144 -0.434794
v -0.521892 0.122038 -0.105847
v -0.574461 0.065502 -0.052407
v -0.536007 0.091789 -0.129779
v -0.560854 0.065006 -0.103177
v -0.535125 0.121854 -0.054464
v -0.561061 0.093244 -0.028315
v -0.432487 0.170113 0.322108
v -0.386740 0.163436 0.396691
v -0.441730 0.150169 0.339275
v -0.418685 0.144812 0.374572
v -0.401225 0.181023 0.341893
v -0.378550 0.177926 0.381378
v -0.540913 0.117255 0.131569
v -0.580572 0.068218 0.088108
v -0.556246 0.091747 0.153909
v -0.576354 0.067866 0.132736
v -0.545120 0.118616 0.087161
v -0.564358 0.093484 0.065043
v 0.305352 0.218797 0.256017
v 0.381833 0.206607 0.237879
v 0.318185 0.227697 0.208204
v 0.357521 0.219973 0.201321
v 0.332341 0.205087 0.297789
v 0.368423 0.200841 0.284990
v 0.252015 0.196195 0.403864
v 0.279390 0.185072 0.454952
v 0.227493 0.191139 0.449434
v 0.240848 0.186585 0.473775
v 0.296110 0.193303 0.395352
v 0.307617 0.187661 0.419004
v 0.457683 0.573469 -0.347987
v 0.309121 0.383015 -0.298508
v 0.343828 0.484627 -0.311072
v 0.305490 0.409699 -0.284316
v 0.369301 0.481611 -0.385656
v 0.314949 0.404553 -0.348646
v 0.284719 0.499365 -0.521620
v 0.286544 0.372455 -0.557987
v 0.257367 0.480512 -0.572231
v 0.265131 0.419086 -0.592230
v 0.307734 0.453252 -0.489923
v 0.298178 0.386211 -0.506226
v 0.476649 0.200485 -0.034714
v 0.485063 0.189458 0.058814
v 0.448065 0.219213 -0.020677
v 0.455483 0.211416 0.027769
v 0.506541 0.174516 -0.005565
v 0.507917 0.170192 0.039940
v 0.383424 0.238649 -0.350255
v 0.363830 0.232838 -0.452513
v 0.407923 0.193440 -0.369043
v 0.398044 0.190550 -0.419064
v 0.347120 0.286581 -0.382347
v 0.337932 0.283268 -0.434919
v 0.522014 0.122015 -0.105600
v 0.574367 0.065557 -0.052351
v 0.536000 0.091990 -0.129699
v 0.560812 0.065008 -0.103106
v 0.535548 0.121736 -0.054077
v 0.560934 0.093235 -0.028319
v 0.432392 0.170137 0.322066
v 0.386842 0.163317 0.396719
v 0.441834 0.150013 0.339251
v 0.418830 0.144779 0.374457
v 0.401110 0.181127 0.341936
v 0.378528 0.177944 0.381366
v 0.541219 0.117463 0.131699
v 0.580072 0.068333 0.088092
v 0.556115 0.091866 0.153856
v 0.576419 0.067965 0.132792
v 0.545628 0.118847 0.087553
v 0.564251 0.093369 0.065118
v -0.075064 -0.585684 0.170459
v -0.125504 -0.581638 0.297663
v -0.123999 -0.578394 0.163697
v -0.148788 -0.573980 0.225963
v -0.050181 -0.589035 0.234878
v -0.075506 -0.590084 0.299396
v -0.087376 -0.641358 -0.133899
v -0.131337 -0.667664 -0.241767
v -0.117643 -0.750030 -0.147688
v -0.151122 -0.765822 -0.218366
v -0.065648 -0.590812 -0.171858
v -0.082715 -0.604759 -0.218555
v 0.075141 -0.585260 0.170705
v 0.125982 -0.582310 0.297528
v 0.124580 -0.577602 0.163548
v 0.149068 -0.574419 0.226369
v 0.050517 -0.588742 0.234916
v 0.075952 -0.590686 0.299032
v 0.086877 -0.638985 -0.134000
v 0.130255 -0.665240 -0.240660
v 0.116303 -0.744328 -0.147188
v 0.146347 -0.761807 -0.219120
v 0.064848 -0.589698 -0.171862
v 0.081518 -0.603634 -0.218182
v -0.331222 -0.480310 0.363914
v -0.376518 -0.380479 0.295235
v -0.343162 -0.462920 0.304211
v -0.365877 -0.418283 0.272212
v -0.345765 -0.444152 0.386661
v -0.366708 -0.389961 0.349457
v -0.057108 -0.656518 0.471310
v 0.056924 -0.657062 0.471134
v -0.031239 -0.638422 0.525613
v 0.031076 -0.637773 0.525514
v -0.027439 -0.629285 0.416201
v 0.027254 -0.629483 0.416093
v -0.321022 -0.554523 0.558395
v -0.322699 -0.405920 0.570036
v -0.319238 -0.556560 0.629693
v -0.314533 -0.469073 0.628553
v -0.331970 -0.474464 0.506915
v -0.336021 -0.411312 0.516009
v -0.310961 -0.392353 -0.269254
v -0.346254 -0.305690 -0.220015
v -0.346465 -0.422844 -0.241128
v -0.351706 -0.371771 -0.207980
v -0.303158 -0.319504 -0.276246
v -0.325316 -0.282180 -0.256571
v -0.048335 -0.468029 -0.295742
v 0.047893 -0.468140 -0.295777
v -0.022810 -0.416522 -0.318018
v 0.022582 -0.416518 -0.317974
v -0.025403 -0.510515 -0.270109
v 0.025241 -0.510580 -0.270207
v -0.215152 -0.274758 -0.346910
v -0.243706 -0.199140 -0.413375
v -0.191115 -0.247284 -0.386304
v -0.205588 -0.213412 -0.420754
v -0.250396 -0.256101 -0.340154
v -0.265202 -0.217495 -0.372650
v -0.444798 -0.216539 -0.020753
v -0.452500 -0.228176 0.069135
v -0.425152 -0.260458 0.003115
v -0.430201 -0.266547 0.047506
v -0.473284 -0.181257 0.000141
v -0.476532 -0.186431 0.045289
v -0.388576 -0.166231 -0.296118
v -0.355801 -0.144912 -0.379902
v -0.408578 -0.132070 -0.324102
v -0.391036 -0.124119 -0.363799
v -0.354100 -0.191622 -0.309379
v -0.336971 -0.178496 -0.351091
v -0.512401 -0.105131 -0.099312
v -0.567186 -0.055285 -0.053828
v -0.529288 -0.078181 -0.126366
v -0.553243 -0.055728 -0.103052
v -0.521810 -0.107694 -0.050722
v -0.552283 -0.079292 -0.028419
v -0.411288 -0.251648 0.345234
v -0.379991 -0.247107 0.436013
v -0.423149 -0.206044 0.357204
v -0.406594 -0.203057 0.400359
v -0.387016 -0.299308 0.379970
v -0.372755 -0.299362 0.427782
v -0.522692 -0.121892 0.131025
v -0.575680 -0.059360 0.085476
v -0.546262 -0.088475 0.151629
v -0.571965 -0.059255 0.129617
v -0.527600 -0.118716 0.087124
v -0.555187 -0.085573 0.063519
v 0.331603 -0.480819 0.364182
v 0.376693 -0.380445 0.295430
v 0.343276 -0.462869 0.304289
v 0.366014 -0.418002 0.272345
v 0.346429 -0.445203 0.387130
v 0.366801 -0.390729 0.349705
v 0.321311 -0.555311 0.558624
v 0.322332 -0.406229 0.570112
v 0.319318 -0.557397 0.629664
v 0.314759 -0.469832 0.628982
v 0.331927 -0.475868 0.506752
v 0.335802 -0.411845 0.515894
v 0.310716 -0.392568 -0.269083
v 0.346522 -0.305905 -0.220469
v 0.346953 -0.423483 -0.241402
v 0.350999 -0.371672 -0.207599
v 0.303159 -0.319536 -0.276302
v 0.325388 -0.282564 -0.256644
v 0.215114 -0.274635 -0.347059
v 0.243843 -0.198873 -0.413717
v 0.191077 -0.247234 -0.386332
v 0.205670 -0.213691 -0.420634
v 0.250451 -0.255877 -0.340248
v 0.265272 -0.217795 -0.372526
v 0.444820 -0.216465 -0.020662
v 0.452576 -0.228987 0.069186
v 0.425263 -0.260352 0.003166
v 0.430309 -0.266845 0.047170
v 0.473287 -0.181404 0.000024
v 0.476294 -0.186417 0.045046
v 0.388488 -0.166382 -0.295931
v 0.355744 -0.144867 -0.379768
v 0.408374 -0.132018 -0.323923
v 0.391029 -0.124023 -0.363782
v 0.353939 -0.192153 -0.309018
v 0.337214 -0.178470 -0.351154
v 0.511056 -0.106819 -0.099258
v 0.567112 -0.055206 -0.053824
v 0.529720 -0.077964 -0.126327
v 0.553165 -0.055651 -0.103008
v 0.522278 -0.107186 -0.050542
v 0.552276 -0.079294 -0.028421
v 0.411118 -0.251755 0.345436
v 0.379776 -0.247410 0.435875
v 0.422843 -0.206061 0.357427
v 0.406436 -0.202709 0.400057
v 0.387047 -0.299180 0.380015
v 0.372258 -0.299309 0.427745
v 0.522615 -0.121449 0.130947
v 0.575901 -0.059405 0.085549
v 0.546315 -0.088301 0.151439
v 0.572209 -0.059411 0.129594
v 0.527423 -0.119140 0.086903
v 0.555739 -0.085325 0.063625
v 0.146143 -0.081196 0.705875
v 0.230036 -0.140090 0.664664
v 0.152875 -0.137562 0.731709
v 0.194775 -0.169381 0.705198
v 0.185027 -0.056196 0.667551
v 0.223751 -0.085374 0.646044
v -0.145982 -0.081053 0.705797
v -0.230086 -0.140064 0.664690
v -0.152931 -0.137446 0.731784
v -0.194651 -0.169262 0.704925
v -0.184782 -0.056447 0.667325
v -0.223905 -0.085442 0.646050
v 0.123792 0.055420 0.607997
v 0.196232 0.094352 0.557237
v 0.118798 0.096898 0.583325
v 0.155321 0.116281 0.562809
v 0.166749 0.032733 0.606114
v 0.202324 0.052403 0.576292
v -0.123578 0.055073 0.608176
v -0.196262 0.094652 0.557136
v -0.118510 0.096985 0.582923
v -0.155283 0.116833 0.562821
v -0.166967 0.032376 0.605955
v -0.202384 0.052869 0.576118
v 0.326149 -0.052999 0.543754
v 0.319961 0.033757 0.520352
v 0.364264 -0.022214 0.512300
v 0.362341 0.018471 0.503319
v 0.290089 -0.033498 0.567237
v 0.285204 0.010567 0.551337
v -0.326484 -0.052859 0.544150
v -0.320551 0.033824 0.520657
v -0.364283 -0.022142 0.512224
v -0.362842 0.018811 0.503771
v -0.290502 -0.033511 0.567037
v -0.285823 0.011300 0.551751
v 0.126027 -0.033750 -0.604666
v 0.194320 -0.071847 -0.555268
v 0.118165 -0.077537 -0.574743
v 0.152331 -0.095438 -0.555149
v 0.172807 -0.012463 -0.618212
v 0.205487 -0.031549 -0.585169
v -0.126520 -0.033527 -0.605485
v -0.194311 -0.071763 -0.555504
v -0.118398 -0.078040 -0.574402
v -0.152458 -0.095425 -0.555364
v -0.173005 -0.012169 -0.618207
v -0.205562 -0.031705 -0.585017
v 0.166962 0.086409 -0.774329
v 0.276104 0.147932 -0.762704
v 0.175935 0.148537 -0.809562
v 0.231435 0.181092 -0.799435
v 0.206471 0.067395 -0.723629
v 0.263520 0.089170 -0.728478
v -0.168919 0.089266 -0.773287
v -0.275746 0.148158 -0.762879
v -0.176987 0.149847 -0.810615
v -0.231259 0.180943 -0.799417
v -0.210628 0.061260 -0.730937
v -0.260975 0.090440 -0.726322
v 0.317453 -0.009800 -0.536583
v 0.340353 0.068845 -0.583325
v 0.356081 0.006535 -0.520584
v 0.366903 0.044223 -0.539453
v 0.290032 0.009818 -0.575829
v 0.303480 0.050727 -0.605838
v -0.317158 -0.009995 -0.536393
v -0.339622 0.069100 -0.583092
v -0.356008 0.006893 -0.520008
v -0.366507 0.044363 -0.539634
v -0.290016 0.009646 -0.575918
v -0.302994 0.050632 -0.605569
v -0.237274 0.333426 -0.037216
v -0.233788 0.371176 -0.110389
v -0.206234 0.345900 -0.041696
v -0.204380 0.391215 -0.121429
v -0.286825 0.299573 -0.000835
v -0.226647 0.320320 0.000005
v -0.281888 0.286892 0.039021
v -0.275800 0.352133 -0.118048
v -0.221833 0.404453 -0.154964
v -0.266185 0.380935 -0.165849
v -0.309960 0.305637 -0.048437
v -0.292766 0.349285 -0.139179
v -0.331428 0.298177 -0.061680
v -0.312325 0.277649 0.034746
v -0.338174 0.281654 -0.016239
v 0.236571 0.333966 -0.037464
v 0.233350 0.371468 -0.110717
v 0.205661 0.346774 -0.042060
v 0.204433 0.391907 -0.121919
v 0.286008 0.300046 -0.001127
v 0.226158 0.320757 -0.000399
v 0.281581 0.287377 0.039088
v 0.275969 0.351931 -0.118899
v 0.221978 0.404893 -0.155715
v 0.266161 0.382009 -0.166327
v 0.309545 0.306092 -0.048812
v 0.292980 0.349707 -0.140058
v 0.331554 0.297939 -0.061645
v 0.312321 0.277744 0.034992
v 0.338218 0.281730 -0.016355
v -0.298999 -0.557114 0.033545
v -0.319238 -0.612945 -0.038277
v -0.265649 -0.573327 0.027508
v -0.293435 -0.665292 -0.039409
v -0.338543 -0.503492 0.068430
v -0.278890 -0.547214 0.080363
v -0.331087 -0.502866 0.117008
v -0.350257 -0.538227 -0.054793
v -0.334590 -0.679149 -0.083810
v -0.354543 -0.563284 -0.102736
v -0.358844 -0.476809 0.011434
v -0.360557 -0.498237 -0.078118
v -0.370426 -0.438777 -0.006599
v -0.356783 -0.473950 0.102537
v -0.370925 -0.436014 0.038708
v 0.298577 -0.557073 0.033401
v 0.318846 -0.613103 -0.038182
v 0.265552 -0.573486 0.027511
v 0.292707 -0.666130 -0.039593
v 0.338500 -0.503371 0.068728
v 0.278948 -0.547466 0.080173
v 0.331794 -0.503045 0.116946
v 0.349878 -0.538454 -0.054618
v 0.334818 -0.680022 -0.083752
v 0.354146 -0.562889 -0.102761
v 0.358762 -0.476829 0.011605
v 0.360387 -0.498583 -0.077849
v 0.370122 -0.438489 -0.006611
v 0.357517 -0.474207 0.102458
v 0.371322 -0.436626 0.038686
v -0.000215 -0.520712 0.686178
v -0.075127 -0.469535 0.698958
v -0.030639 -0.564119 0.672398
v -0.115149 -0.518567 0.692529
v 0.074673 -0.469600 0.698445
v 0.030450 -0.564124 0.672966
v 0.114984 -0.518837 0.692234
v 0.043561 -0.378850 0.716395
v -0.043462 -0.378842 0.716628
v 0.046601 -0.321309 0.729214
v -0.046983 -0.321075 0.728727
v 0.128752 -0.456369 0.699389
v 0.091513 -0.354658 0.717107
v -0.128836 -0.456250 0.699564
v -0.092030 -0.354534 0.716956
v -0.000067 0.182283 0.535878
v -0.054744 0.183541 0.546609
v -0.021653 0.188681 0.501449
v -0.083107 0.185496 0.537837
v 0.054895 0.183913 0.546508
v 0.021704 0.188595 0.501222
v 0.083093 0.185126 0.537820
v 0.032622 0.182464 0.562990
v -0.032698 0.182303 0.562419
v 0.034254 0.179238 0.565684
v -0.034651 0.178484 0.565472
v 0.094374 0.184123 0.544678
v 0.068313 0.181155 0.556632
v -0.094146 0.184070 0.544672
v -0.068487 0.180925 0.556225
v 0.000008 -0.212559 -0.482995
v -0.048053 -0.191716 -0.522068
v -0.018304 -0.238092 -0.441417
v -0.069939 -0.209480 -0.481577
v 0.048118 -0.191752 -0.522020
v 0.018240 -0.238008 -0.441378
v 0.069951 -0.209497 -0.481581
v 0.029730 -0.185008 -0.543213
v -0.029702 -0.185027 -0.543205
v 0.032620 -0.182171 -0.545483
v -0.032647 -0.182192 -0.545484
v 0.083156 -0.190313 -0.519578
v 0.063078 -0.182532 -0.538944
v -0.083081 -0.190295 -0.519613
v -0.063051 -0.182557 -0.538978
v -0.000196 0.490558 -0.674827
v -0.071387 0.440631 -0.695274
v -0.028984 0.534704 -0.656162
v -0.107273 0.477032 -0.675286
v 0.071494 0.440434 -0.694977
v 0.029134 0.534815 -0.656244
v 0.107741 0.477321 -0.675299
v 0.044592 0.364974 -0.733312
v -0.044449 0.364834 -0.733379
v 0.050273 0.317023 -0.758599
v -0.050227 0.316988 -0.758730
v 0.123253 0.425257 -0.696106
v 0.095338 0.344223 -0.742156
v -0.122862 0.425279 -0.695900
v -0.095340 0.344651 -0.741955
v 0.509466 0.032795 -0.352794
v 0.532741 0.017644 -0.292186
v 0.507127 0.052943 -0.344198
v 0.532227 0.035655 -0.274591
v 0.502185 -0.022072 -0.343319
v 0.530844 -0.012794 -0.289902
v 0.495964 -0.042060 -0.328980
v 0.528571 -0.029981 -0.270513
v 0.489971 0.007710 -0.381904
v 0.478905 -0.036125 -0.362998
v 0.469395 -0.002483 -0.407111
v 0.491015 0.052737 -0.381004
v 0.471798 0.023236 -0.412928
v 0.542226 0.018483 -0.249422
v 0.540148 -0.014399 -0.247933
v 0.525162 0.035145 0.337555
v 0.558029 0.022175 0.288419
v 0.517310 0.057242 0.326047
v 0.556280 0.040593 0.273369
v 0.527036 -0.021519 0.337877
v 0.557639 -0.009752 0.286959
v 0.513712 -0.051678 0.326629
v 0.554749 -0.030410 0.270649
v 0.507122 0.006719 0.368767
v 0.497750 -0.045705 0.360600
v 0.481742 -0.008275 0.395020
v 0.497209 0.052353 0.356707
v 0.481402 0.019205 0.393229
v 0.572742 0.022635 0.254178
v 0.572181 -0.011401 0.252123
v -0.509411 0.032688 -0.352848
v -0.532856 0.017551 -0.292242
v -0.507072 0.052874 -0.344166
v -0.532248 0.035609 -0.274627
v -0.502268 -0.022096 -0.343350
v -0.530871 -0.012806 -0.289921
v -0.496058 -0.042067 -0.328983
v -0.528591 -0.030008 -0.270552
v -0.490023 0.007670 -0.381999
v -0.478901 -0.036185 -0.362959
v -0.469365 -0.002629 -0.407195
v -0.490749 0.052749 -0.380950
v -0.471785 0.023259 -0.412906
v -0.542278 0.018483 -0.249462
v -0.540214 -0.014407 -0.247961
v -0.525088 0.034961 0.337563
v -0.558078 0.022023 0.288420
v -0.517416 0.057024 0.326018
v -0.556243 0.040650 0.273355
v -0.527147 -0.021580 0.338034
v -0.557667 -0.009907 0.287031
v -0.513696 -0.051938 0.326547
v -0.554552 -0.030780 0.270529
v -0.507056 0.006663 0.368758
v -0.498257 -0.045649 0.360894
v -0.481876 -0.008209 0.395052
v -0.496994 0.052258 0.356536
v -0.481394 0.019102 0.393156
v -0.572774 0.022533 0.254184
v -0.572186 -0.011506 0.252166
v -0.059492 0.385315 -0.056182
v -0.060750 0.450970 -0.141157
v -0.098509 0.379070 -0.053988
v -0.099621 0.441309 -0.139336
v 0.059794 0.384629 -0.056673
v 0.060445 0.450697 -0.141172
v 0.098682 0.378853 -0.053888
v 0.099370 0.441147 -0.139916
v 0.000174 0.361511 -0.012626
v -0.080007 0.356193 -0.010431
v -0.020649 0.336925 0.033716
v 0.000242 0.497147 -0.181458
v -0.082764 0.485029 -0.181173
v -0.022300 0.542631 -0.219993
v 0.079827 0.356313 -0.010466
v 0.020544 0.337270 0.033871
v 0.082936 0.485430 -0.182006
v 0.022522 0.542616 -0.220381
v -0.170297 0.264446 0.173622
v -0.236806 0.241015 0.216685
v -0.187070 0.278366 0.127347
v -0.251551 0.252237 0.170128
v -0.112440 0.224604 0.316409
v -0.181151 0.210284 0.361138
v -0.090699 0.212186 0.364458
v -0.159285 0.201490 0.409656
v -0.108632 0.254462 0.220638
v -0.146254 0.284635 0.127866
v -0.085216 0.273285 0.172922
v -0.246602 0.215601 0.310348
v -0.277827 0.235035 0.213283
v -0.290170 0.210761 0.305129
v -0.067588 0.225206 0.316643
v -0.065411 0.256536 0.220975
v -0.205109 0.199591 0.406722
v -0.273519 0.203040 0.355462
v -0.200340 0.625585 -0.351037
v -0.299536 0.626240 -0.377810
v -0.206339 0.560785 -0.297285
v -0.284272 0.542285 -0.315498
v -0.166264 0.712056 -0.504817
v -0.229610 0.600735 -0.523317
v -0.130628 0.659644 -0.553791
v -0.205102 0.578913 -0.575539
v -0.171413 0.811581 -0.408194
v -0.167309 0.595326 -0.306542
v -0.116102 0.690714 -0.359475
v -0.335019 0.590023 -0.454815
v -0.350530 0.557422 -0.341688
v -0.433110 0.574766 -0.444320
v -0.107240 0.704621 -0.505280
v -0.101181 0.733922 -0.407943
v -0.247208 0.540996 -0.549041
v -0.331095 0.525796 -0.475651
v -0.366035 0.296129 -0.211235
v -0.421859 0.240398 -0.123275
v -0.346032 0.318250 -0.194078
v -0.398502 0.260444 -0.106995
v -0.431195 0.193732 -0.267891
v -0.478256 0.154487 -0.186356
v -0.452781 0.155085 -0.288481
v -0.495901 0.120808 -0.208803
v -0.372472 0.278550 -0.280342
v -0.327429 0.346163 -0.246218
v -0.335003 0.334195 -0.313019
v -0.477516 0.182273 -0.110404
v -0.436689 0.229139 -0.071175
v -0.495848 0.178451 -0.055570
v -0.418967 0.195069 -0.318669
v -0.358928 0.285699 -0.331121
v -0.508671 0.121732 -0.157446
v -0.507825 0.151337 -0.081449
v -0.425938 0.205361 0.179846
v -0.459617 0.200160 0.120519
v -0.401224 0.219691 0.146383
v -0.431588 0.217803 0.088090
v -0.475795 0.155566 0.258818
v -0.513532 0.139049 0.196529
v -0.485623 0.131645 0.277351
v -0.524437 0.113071 0.216461
v -0.434881 0.187510 0.254738
v -0.392643 0.213149 0.191513
v -0.402171 0.195276 0.270308
v -0.505343 0.164869 0.130262
v -0.459192 0.205312 0.074400
v -0.507320 0.167118 0.084973
v -0.460145 0.152861 0.299996
v -0.419400 0.183864 0.298765
v -0.535352 0.115890 0.175216
v -0.525117 0.142618 0.108813
v 0.170261 0.264570 0.173218
v 0.237232 0.240868 0.216881
v 0.186615 0.278492 0.127538
v 0.251342 0.252334 0.169986
v 0.112009 0.224326 0.316147
v 0.180979 0.210031 0.361233
v 0.090550 0.212078 0.364558
v 0.158664 0.201319 0.409639
v 0.109004 0.254398 0.220939
v 0.146123 0.284893 0.127828
v 0.085605 0.272735 0.173838
v 0.067257 0.224752 0.316496
v 0.065327 0.256359 0.221271
v 0.246535 0.215644 0.310236
v 0.278175 0.234712 0.213417
v 0.290032 0.210870 0.304931
v 0.204934 0.199551 0.406427
v 0.273285 0.202806 0.355661
v 0.200803 0.625940 -0.352152
v 0.300304 0.627815 -0.380948
v 0.206346 0.560908 -0.298103
v 0.284861 0.542907 -0.317132
v 0.166303 0.712230 -0.505202
v 0.229477 0.600240 -0.523388
v 0.130696 0.659740 -0.553715
v 0.204951 0.578477 -0.575178
v 0.171399 0.811474 -0.408210
v 0.167785 0.595429 -0.307079
v 0.116537 0.691245 -0.359425
v 0.107526 0.704582 -0.505336
v 0.101448 0.733617 -0.407830
v 0.335209 0.589724 -0.455318
v 0.350962 0.557721 -0.342244
v 0.433375 0.574065 -0.444126
v 0.246952 0.540455 -0.549476
v 0.331280 0.525608 -0.475325
v 0.366123 0.296324 -0.211481
v 0.420939 0.240638 -0.124053
v 0.345450 0.318156 -0.194653
v 0.398210 0.260725 -0.107527
v 0.431513 0.193563 -0.268023
v 0.478530 0.154320 -0.186120
v 0.453065 0.154401 -0.288480
v 0.495986 0.120605 -0.208872
v 0.372572 0.278401 -0.280416
v 0.327290 0.346495 -0.246909
v 0.334687 0.334452 -0.313611
v 0.478382 0.182309 -0.109831
v 0.436114 0.229130 -0.071590
v 0.495460 0.178082 -0.055776
v 0.419050 0.193885 -0.318712
v 0.358841 0.285829 -0.331442
v 0.508319 0.122087 -0.157409
v 0.508467 0.151153 -0.080835
v 0.426067 0.204984 0.180102
v 0.459721 0.200020 0.120797
v 0.401803 0.219377 0.146775
v 0.431495 0.217386 0.088237
v 0.475949 0.155419 0.258899
v 0.513523 0.138836 0.196553
v 0.485460 0.131709 0.277265
v 0.524465 0.113259 0.216459
v 0.434875 0.187421 0.254900
v 0.392925 0.212802 0.191646
v 0.402225 0.195168 0.270383
v 0.505339 0.164681 0.130406
v 0.459002 0.204997 0.074667
v 0.507291 0.166849 0.085176
v 0.460088 0.152801 0.299875
v 0.419359 0.183838 0.298902
v 0.535289 0.115773 0.175180
v 0.525151 0.142524 0.108945
v -0.078184 -0.597302 0.055986
v -0.087670 -0.623191 -0.039738
v -0.128657 -0.594348 0.044458
v -0.136238 -0.670687 -0.038173
v 0.078160 -0.597010 0.055721
v 0.087296 -0.622089 -0.040280
v 0.128709 -0.593983 0.044260
v 0.135609 -0.670209 -0.038610
v 0.000091 -0.591049 0.115947
v -0.100895 -0.584422 0.106182
v -0.024931 -0.588859 0.173900
v -0.000314 -0.578958 -0.080866
v -0.109375 -0.675520 -0.085927
v -0.038150 -0.573477 -0.124361
v 0.100906 -0.584641 0.105950
v 0.024979 -0.589111 0.173925
v 0.108099 -0.673578 -0.086038
v 0.037226 -0.573313 -0.124435
v -0.203333 -0.564875 0.361039
v -0.279656 -0.544152 0.373986
v -0.221089 -0.554439 0.276420
v -0.289568 -0.522106 0.300545
v -0.143761 -0.795437 0.519444
v -0.288036 -0.753715 0.581317
v -0.104463 -0.764577 0.611527
v -0.254627 -0.741970 0.660181
v -0.139097 -0.645975 0.414537
v -0.174573 -0.569724 0.291198
v -0.101833 -0.594250 0.368325
v -0.305058 -0.579320 0.465231
v -0.312696 -0.505334 0.336236
v -0.324530 -0.505633 0.425980
v -0.085070 -0.703256 0.529741
v -0.081994 -0.637650 0.416640
v -0.316335 -0.656030 0.618572
v -0.321898 -0.534094 0.490682
v -0.228141 -0.660309 -0.301019
v -0.290012 -0.522858 -0.292809
v -0.268699 -0.732657 -0.272978
v -0.336387 -0.576251 -0.270487
v -0.113865 -0.418102 -0.317916
v -0.167916 -0.348045 -0.327933
v -0.085479 -0.363946 -0.339767
v -0.139497 -0.301127 -0.357377
v -0.128014 -0.540912 -0.283855
v -0.190876 -0.736128 -0.274026
v -0.105722 -0.585996 -0.256332
v -0.241543 -0.381532 -0.304013
v -0.327095 -0.477327 -0.271310
v -0.275052 -0.353345 -0.292086
v -0.068575 -0.417770 -0.318341
v -0.076711 -0.522333 -0.274557
v -0.177995 -0.289361 -0.352008
v -0.242174 -0.310248 -0.314123
v -0.377407 -0.278563 -0.154693
v -0.410171 -0.247028 -0.087253
v -0.372897 -0.334829 -0.135727
v -0.394376 -0.294684 -0.063796
v -0.434741 -0.150006 -0.236633
v -0.472780 -0.130981 -0.169332
v -0.458859 -0.113359 -0.268536
v -0.493113 -0.099322 -0.197719
v -0.382192 -0.219120 -0.223869
v -0.362476 -0.323547 -0.179734
v -0.351126 -0.248591 -0.239231
v -0.459855 -0.171169 -0.093352
v -0.417836 -0.253500 -0.041438
v -0.467472 -0.175854 -0.045981
v -0.424916 -0.138872 -0.283769
v -0.368886 -0.205408 -0.267012
v -0.501970 -0.103486 -0.148400
v -0.490505 -0.138998 -0.072364
v -0.404604 -0.326650 0.212944
v -0.429544 -0.277180 0.139112
v -0.391924 -0.365840 0.190358
v -0.412817 -0.316508 0.116762
v -0.449700 -0.205963 0.269668
v -0.487248 -0.162483 0.198792
v -0.465460 -0.164943 0.284693
v -0.507765 -0.124951 0.216856
v -0.410077 -0.292165 0.282702
v -0.385310 -0.372260 0.241933
v -0.387871 -0.339734 0.314534
v -0.472767 -0.195985 0.135009
v -0.431339 -0.272069 0.093137
v -0.475793 -0.191505 0.090319
v -0.437444 -0.206983 0.313438
v -0.399276 -0.296571 0.331531
v -0.516304 -0.123708 0.174439
v -0.499516 -0.156342 0.110658
v 0.203564 -0.565178 0.360615
v 0.279635 -0.544305 0.373910
v 0.221053 -0.554630 0.275890
v 0.289722 -0.522488 0.300329
v 0.143203 -0.794416 0.517831
v 0.287389 -0.753558 0.580659
v 0.103799 -0.764299 0.610861
v 0.255737 -0.741747 0.659628
v 0.138937 -0.645104 0.414075
v 0.174238 -0.569406 0.291067
v 0.102429 -0.593994 0.368021
v 0.084768 -0.702135 0.529122
v 0.082241 -0.636567 0.416533
v 0.304705 -0.580006 0.465224
v 0.312979 -0.505538 0.336546
v 0.324943 -0.505880 0.425762
v 0.315981 -0.656801 0.618330
v 0.321681 -0.534130 0.489458
v 0.228088 -0.661052 -0.301193
v 0.289978 -0.523291 -0.292746
v 0.268443 -0.733016 -0.272948
v 0.336327 -0.576791 -0.270732
v 0.113547 -0.418336 -0.317729
v 0.168179 -0.348098 -0.328138
v 0.085627 -0.364163 -0.340027
v 0.139637 -0.301019 -0.357514
v 0.127850 -0.540753 -0.283447
v 0.191262 -0.735790 -0.273719
v 0.104927 -0.584606 -0.256271
v 0.068173 -0.418086 -0.318291
v 0.076076 -0.522261 -0.274395
v 0.241314 -0.381911 -0.303643
v 0.327200 -0.477626 -0.271519
v 0.275519 -0.353383 -0.292707
v 0.177909 -0.289274 -0.352080
v 0.242203 -0.310367 -0.314079
v 0.377518 -0.278642 -0.154558
v 0.410289 -0.247212 -0.087290
v 0.373133 -0.334831 -0.135805
v 0.394714 -0.294783 -0.063725
v 0.434726 -0.150022 -0.236763
v 0.472927 -0.130322 -0.169500
v 0.458530 -0.113528 -0.268259
v 0.492840 -0.099443 -0.197705
v 0.382133 -0.219395 -0.223860
v 0.362714 -0.323535 -0.179821
v 0.351147 -0.248342 -0.239453
v 0.459709 -0.171591 -0.093387
v 0.417910 -0.253629 -0.041507
v 0.467386 -0.176032 -0.046023
v 0.424689 -0.139014 -0.283584
v 0.368995 -0.205632 -0.267091
v 0.501470 -0.103927 -0.148298
v 0.490309 -0.139140 -0.072269
v 0.404601 -0.326603 0.213567
v 0.429613 -0.276796 0.139485
v 0.391978 -0.365662 0.190366
v 0.412835 -0.315839 0.116476
v 0.449446 -0.205488 0.269139
v 0.487303 -0.161908 0.199030
v 0.465540 -0.165673 0.285134
v 0.507319 -0.125492 0.217173
v 0.409800 -0.291736 0.282328
v 0.385321 -0.372715 0.242114
v 0.388104 -0.339691 0.314943
v 0.472660 -0.196091 0.135246
v 0.431525 -0.272138 0.093166
v 0.475963 -0.191712 0.090146
v 0.437188 -0.207168 0.313611
v 0.399600 -0.296714 0.331222
v 0.516655 -0.123517 0.174596
v 0.499543 -0.156263 0.110595
v 0.049008 -0.078553 0.738450
v -0.048905 -0.078538 0.738331
v 0.049933 -0.137015 0.764889
v -0.049741 -0.137352 0.764326
v 0.041531 0.058136 0.626765
v -0.041425 0.058251 0.626768
v 0.039453 0.098692 0.596131
v -0.039523 0.098461 0.596621
v 0.089498 -0.007744 0.668810
v 0.099509 -0.109166 0.733841
v 0.137005 -0.032414 0.670655
v -0.089703 -0.007007 0.670211
v -0.099659 -0.109048 0.734029
v -0.136862 -0.032666 0.671293
v 0.080839 0.077392 0.604729
v 0.129565 0.012091 0.637355
v -0.080908 0.076883 0.604674
v -0.129723 0.012746 0.637451
v 0.296003 -0.318321 0.609801
v 0.266081 -0.228417 0.642985
v 0.274562 -0.364387 0.658352
v 0.232791 -0.264218 0.678895
v 0.369754 -0.187211 0.483237
v 0.352507 -0.121519 0.519520
v 0.399178 -0.148217 0.447439
v 0.384567 -0.088030 0.484415
v 0.339227 -0.287463 0.521960
v 0.301997 -0.389606 0.617370
v 0.337056 -0.348569 0.520048
v 0.389257 -0.196671 0.442342
v 0.356069 -0.295460 0.475356
v 0.294607 -0.135302 0.592037
v 0.233836 -0.199907 0.676768
v 0.261637 -0.111127 0.622104
v 0.357361 -0.071408 0.515893
v 0.292674 -0.082148 0.580288
v -0.295820 -0.318004 0.610029
v -0.266636 -0.228077 0.642970
v -0.274820 -0.364121 0.658018
v -0.232831 -0.264235 0.678870
v -0.369429 -0.187724 0.483255
v -0.352136 -0.121367 0.519585
v -0.398727 -0.148636 0.447222
v -0.384311 -0.088263 0.484628
v -0.339164 -0.287205 0.521585
v -0.302458 -0.388939 0.617550
v -0.337029 -0.348272 0.519772
v -0.389133 -0.197166 0.442315
v -0.356372 -0.295336 0.475601
v -0.294229 -0.134981 0.592049
v -0.233741 -0.200061 0.676351
v -0.260929 -0.111659 0.620776
v -0.357208 -0.071380 0.516131
v -0.292286 -0.082603 0.580089
v 0.254495 0.178926 0.492028
v 0.225993 0.151565 0.521432
v 0.215030 0.182076 0.507600
v 0.185943 0.175138 0.531679
v 0.366331 0.132256 0.438466
v 0.344599 0.088320 0.477742
v 0.400716 0.110377 0.418169
v 0.383157 0.070044 0.460289
v 0.324312 0.173239 0.449029
v 0.248136 0.183571 0.484144
v 0.316625 0.181845 0.436215
v 0.393291 0.138663 0.407356
v 0.352527 0.174983 0.417064
v 0.271801 0.091368 0.520834
v 0.191042 0.135133 0.542126
v 0.237440 0.072473 0.547575
v 0.354155 0.054628 0.490790
v 0.278699 0.052370 0.535524
v -0.254491 0.178940 0.492155
v -0.225628 0.151510 0.521107
v -0.215012 0.182063 0.507712
v -0.186037 0.174869 0.531802
v -0.366331 0.132102 0.438555
v -0.344211 0.087612 0.478159
v -0.400893 0.110502 0.418187
v -0.383430 0.069778 0.460264
v -0.324401 0.173243 0.449027
v -0.248072 0.183587 0.484118
v -0.316664 0.181832 0.436221
v -0.393406 0.138296 0.407316
v -0.352525 0.175050 0.416955
v -0.272145 0.091785 0.520632
v -0.191325 0.135350 0.542169
v -0.237351 0.073466 0.547538
v -0.353300 0.053690 0.490590
v -0.278930 0.052510 0.535196
v 0.042767 -0.036124 -0.615067
v -0.042998 -0.036075 -0.615395
v 0.039703 -0.082490 -0.580160
v -0.040027 -0.082444 -0.579939
v 0.056133 0.094888 -0.765471
v -0.055571 0.100611 -0.757705
v 0.058525 0.151493 -0.793387
v -0.058674 0.154689 -0.790585
v 0.097499 0.023656 -0.691508
v 0.081653 -0.057470 -0.592820
v 0.136781 0.005598 -0.654788
v -0.096950 0.029048 -0.685069
v -0.082100 -0.057500 -0.593746
v -0.137328 0.006700 -0.653663
v 0.116735 0.114414 -0.805097
v 0.150635 0.044208 -0.711927
v -0.116800 0.123172 -0.794151
v -0.151482 0.047795 -0.708731
v 0.233434 -0.161379 -0.472364
v 0.216293 -0.125740 -0.513516
v 0.194889 -0.175632 -0.484028
v 0.176393 -0.145763 -0.520705
v 0.347559 -0.105781 -0.433694
v 0.333188 -0.061626 -0.481863
v 0.384362 -0.087039 -0.418288
v 0.370784 -0.044026 -0.466655
v 0.297474 -0.153736 -0.430212
v 0.220556 -0.185086 -0.451991
v 0.282020 -0.182554 -0.405289
v 0.371537 -0.115625 -0.401435
v 0.319572 -0.164635 -0.394382
v 0.266138 -0.066845 -0.524299
v 0.185013 -0.110787 -0.535342
v 0.236424 -0.049893 -0.554675
v 0.344793 -0.028277 -0.500628
v 0.277709 -0.029016 -0.548248
v -0.233320 -0.161317 -0.472321
v -0.216252 -0.125612 -0.513554
v -0.194821 -0.175624 -0.483914
v -0.176358 -0.145653 -0.520759
v -0.347738 -0.105839 -0.433722
v -0.333005 -0.062246 -0.481668
v -0.384394 -0.087046 -0.418305
v -0.370688 -0.044278 -0.466921
v -0.297419 -0.153739 -0.430197
v -0.220489 -0.185240 -0.451937
v -0.282057 -0.182381 -0.405485
v -0.371481 -0.115539 -0.401341
v -0.319689 -0.164496 -0.394579
v -0.265951 -0.066733 -0.524597
v -0.184918 -0.110672 -0.535362
v -0.236270 -0.049952 -0.554499
v -0.344525 -0.028350 -0.500739
v -0.277246 -0.028914 -0.548178
v 0.287929 0.301922 -0.630659
v 0.295950 0.234061 -0.713332
v 0.258558 0.342080 -0.662211
v 0.257561 0.269054 -0.745061
v 0.379786 0.179612 -0.518455
v 0.380030 0.126360 -0.569075
v 0.413683 0.141344 -0.482812
v 0.403543 0.095336 -0.524048
v 0.324210 0.269666 -0.539975
v 0.273881 0.358586 -0.610350
v 0.302311 0.323684 -0.523188
v 0.388985 0.186104 -0.468902
v 0.330251 0.276820 -0.487678
v 0.323051 0.143445 -0.655011
v 0.272985 0.211086 -0.767322
v 0.297049 0.120227 -0.696457
v 0.373654 0.084047 -0.555632
v 0.315542 0.094646 -0.633975
v -0.287935 0.301857 -0.629711
v -0.295727 0.234067 -0.713018
v -0.258144 0.342307 -0.662506
v -0.257754 0.269671 -0.745744
v -0.379979 0.179798 -0.518662
v -0.380466 0.126698 -0.569450
v -0.413934 0.141286 -0.482978
v -0.402834 0.095441 -0.523770
v -0.324345 0.269956 -0.539996
v -0.273584 0.358862 -0.610453
v -0.302130 0.323821 -0.523356
v -0.388932 0.186297 -0.468714
v -0.330148 0.276797 -0.487543
v -0.322971 0.143697 -0.655143
v -0.272960 0.211213 -0.767589
v -0.296021 0.120804 -0.695738
v -0.373743 0.084246 -0.555922
v -0.314903 0.095111 -0.633484
v 0.595989 0.020665 -0.052932
v 0.591885 -0.015807 -0.054278
v 0.579702 0.020831 -0.103262
v 0.576381 -0.016102 -0.103841
v 0.605883 0.022883 0.088432
v 0.604575 -0.015255 0.086594
v 0.602013 0.023023 0.133366
v 0.600784 -0.014600 0.131166
v 0.601514 0.042483 0.020110
v 0.581289 0.041356 -0.077538
v 0.585296 0.066096 -0.003272
v 0.594642 0.044271 0.111255
v 0.583925 0.067836 0.042769
v 0.597882 -0.034204 0.017294
v 0.574620 -0.034832 -0.078938
v 0.578669 -0.055298 -0.005900
v 0.592167 -0.035385 0.108160
v 0.580721 -0.056858 0.040475
v -0.596009 0.020737 -0.052860
v -0.591968 -0.015843 -0.054334
v -0.579690 0.020830 -0.103246
v -0.576450 -0.016120 -0.103894
v -0.605899 0.022828 0.088393
v -0.604581 -0.015339 0.086614
v -0.602023 0.022925 0.133349
v -0.600799 -0.014689 0.131182
v -0.601552 0.042467 0.020159
v -0.581238 0.041349 -0.077578
v -0.585293 0.066181 -0.003267
v -0.594533 0.044329 0.111307
v -0.583658 0.067798 0.042717
v -0.597948 -0.034236 0.017266
v -0.574756 -0.034865 -0.078993
v -0.578909 -0.055188 -0.005927
v -0.592170 -0.035444 0.108127
v -0.580776 -0.056858 0.040418
v -0.156214 0.341631 -0.005697
v -0.177912 0.315748 0.038826
v -0.157879 0.453250 -0.174053
v -0.182228 0.478079 -0.210738
v -0.140081 0.323473 0.036939
v -0.146495 0.502150 -0.218312
v -0.301563 0.254946 0.121524
v -0.337617 0.246090 0.116635
v -0.329530 0.236566 0.161888
v -0.280518 0.424823 -0.243647
v -0.298077 0.374804 -0.212754
v -0.296532 0.422057 -0.267744
v -0.386683 0.260854 -0.041802
v -0.395849 0.247079 0.007250
v -0.421571 0.234559 -0.006486
v 0.156481 0.341212 -0.005689
v 0.177659 0.315745 0.039123
v 0.158541 0.452926 -0.174764
v 0.182601 0.478416 -0.211094
v 0.139981 0.323600 0.037310
v 0.147406 0.502549 -0.218332
v 0.300982 0.255111 0.121432
v 0.336737 0.246268 0.116343
v 0.329379 0.236715 0.161901
v 0.280949 0.425511 -0.244692
v 0.297530 0.375435 -0.213953
v 0.296859 0.422610 -0.268836
v 0.386475 0.260696 -0.042095
v 0.394689 0.248017 0.005945
v 0.420944 0.234961 -0.007054
v -0.196314 -0.566025 0.084421
v -0.216945 -0.556924 0.145944
v -0.232452 -0.784422 -0.078649
v -0.271664 -0.788651 -0.153990
v -0.171794 -0.568299 0.155175
v -0.185873 -0.799209 -0.149468
v -0.343009 -0.482254 0.211901
v -0.365745 -0.446018 0.188292
v -0.356645 -0.452747 0.245378
v -0.362347 -0.516183 -0.180584
v -0.364011 -0.449298 -0.147715
v -0.357983 -0.442251 -0.196036
v -0.392442 -0.349101 0.000321
v -0.396334 -0.352467 0.045775
v -0.409426 -0.306525 0.024907
v 0.195908 -0.565820 0.084872
v 0.217198 -0.557339 0.145453
v 0.230326 -0.785794 -0.079551
v 0.270585 -0.789084 -0.154242
v 0.172033 -0.568377 0.154704
v 0.181438 -0.798659 -0.150409
v 0.342541 -0.482263 0.211841
v 0.365909 -0.445693 0.188175
v 0.356771 -0.452858 0.245430
v 0.361320 -0.515907 -0.180416
v 0.363580 -0.449153 -0.147162
v 0.357930 -0.442330 -0.195887
v 0.392796 -0.349093 0.000457
v 0.396575 -0.352071 0.045510
v 0.409985 -0.306677 0.024341
v -0.033327 -0.611874 0.623641
v 0.032701 -0.611772 0.623554
v -0.232724 -0.572127 0.698594
v -0.236413 -0.482590 0.690883
v -0.000289 -0.602741 0.575819
v -0.285915 -0.528987 0.673620
v 0.232313 -0.572641 0.698818
v 0.235956 -0.483056 0.690745
v 0.286138 -0.529766 0.673732
v 0.098409 -0.231337 0.740239
v 0.145626 -0.264263 0.722035
v -0.098536 -0.231269 0.739780
v -0.145815 -0.264145 0.722207
v 0.149428 -0.200593 0.729193
v -0.149388 -0.200598 0.729275
v -0.022684 0.201696 0.412684
v 0.022552 0.201796 0.412946
v -0.155346 0.187638 0.498658
v -0.168379 0.185256 0.519316
v -0.000040 0.210012 0.365490
v -0.199251 0.187097 0.488938
v 0.155406 0.187744 0.498624
v 0.168499 0.185378 0.519284
v 0.199385 0.187209 0.488946
v 0.074286 0.158680 0.562981
v 0.111080 0.179064 0.550608
v -0.074470 0.158033 0.563843
v -0.111066 0.178547 0.550894
v 0.114535 0.138226 0.563761
v -0.114597 0.138481 0.564123
v -0.020230 -0.315964 -0.367012
v 0.020345 -0.315811 -0.367100
v -0.129694 -0.229481 -0.433856
v -0.144040 -0.202746 -0.470581
v -0.000068 -0.366092 -0.341753
v -0.167619 -0.223838 -0.427600
v 0.129695 -0.229379 -0.433983
v 0.144170 -0.202673 -0.470750
v 0.167654 -0.223800 -0.427747
v 0.072291 -0.150175 -0.550349
v 0.105117 -0.161857 -0.539678
v -0.072408 -0.149619 -0.550484
v -0.105199 -0.161701 -0.539808
v 0.111720 -0.120627 -0.554266
v -0.111500 -0.122551 -0.552835
v -0.033549 0.632412 -0.611623
v 0.033625 0.632265 -0.611630
v -0.204481 0.502159 -0.651250
v -0.214753 0.440027 -0.668168
v 0.000247 0.675621 -0.574728
v -0.240303 0.465028 -0.627010
v 0.204690 0.501939 -0.651385
v 0.214975 0.439919 -0.668166
v 0.240372 0.464081 -0.626642
v 0.116187 0.243271 -0.809036
v 0.165989 0.271990 -0.789639
v -0.116484 0.243696 -0.808702
v -0.165860 0.272079 -0.789399
v 0.176247 0.213903 -0.815402
v -0.176403 0.214216 -0.815459
v 0.465866 0.112173 -0.357351
v 0.457313 0.108055 -0.404009
v 0.536968 0.060130 -0.204872
v 0.552919 0.039560 -0.178672
v 0.432415 0.150244 -0.387107
v 0.548188 0.062916 -0.154061
v 0.457478 -0.082616 -0.329815
v 0.439103 -0.076883 -0.366260
v 0.531452 -0.052302 -0.201852
v 0.548059 -0.033939 -0.177612
v 0.425395 -0.102853 -0.347382
v 0.541745 -0.054402 -0.152705
v 0.418458 0.001572 -0.463925
v 0.425641 0.033366 -0.475789
v 0.393062 0.021606 -0.500011
v 0.477953 0.102853 0.330938
v 0.457250 0.097570 0.365015
v 0.561023 0.064991 0.217007
v 0.584257 0.042354 0.198136
v 0.449023 0.124287 0.352535
v 0.571496 0.066503 0.176395
v 0.465961 -0.123342 0.339296
v 0.449093 -0.118574 0.377746
v 0.558137 -0.057190 0.213402
v 0.583059 -0.032227 0.193679
v 0.435699 -0.161154 0.367788
v 0.568592 -0.057405 0.172419
v 0.425365 -0.015312 0.452451
v 0.427579 0.021387 0.449090
v 0.399405 0.003497 0.481318
v -0.466191 0.111579 -0.357576
v -0.457466 0.108070 -0.404082
v -0.536848 0.060066 -0.204902
v -0.552920 0.039530 -0.178765
v -0.432771 0.149767 -0.387572
v -0.548178 0.062986 -0.154140
v -0.457469 -0.082574 -0.329893
v -0.439070 -0.076889 -0.366239
v -0.531488 -0.052277 -0.201884
v -0.548145 -0.034013 -0.177661
v -0.425393 -0.102877 -0.347317
v -0.541823 -0.054397 -0.152799
v -0.418272 0.001578 -0.464048
v -0.425701 0.033367 -0.475825
v -0.392992 0.021585 -0.500265
v -0.477543 0.102943 0.330783
v -0.457880 0.097991 0.365418
v -0.560966 0.065145 0.216913
v -0.584254 0.042353 0.198171
v -0.448864 0.124089 0.352513
v -0.571530 0.066559 0.176385
v -0.465943 -0.122091 0.338483
v -0.449101 -0.118443 0.377853
v -0.557999 -0.057351 0.213315
v -0.583046 -0.032158 0.193713
v -0.435356 -0.161434 0.367889
v -0.568578 -0.057235 0.172391
v -0.425517 -0.015067 0.452490
v -0.427608 0.021401 0.448920
v -0.399408 0.003590 0.481155
v -0.020851 0.294820 0.125870
v 0.021185 0.294678 0.126537
v 0.000044 0.275854 0.173953
v -0.026418 0.631985 -0.308748
v 0.026705 0.631842 -0.308797
v 0.000238 0.668474 -0.358636
v -0.352508 0.195537 0.332453
v -0.331939 0.191009 0.377417
v -0.367584 0.187456 0.360308
v -0.314953 0.408930 -0.401177
v -0.307345 0.399994 -0.454444
v -0.315151 0.340004 -0.416683
v -0.528359 0.147640 0.018693
v -0.545988 0.121504 -0.004362
v -0.546605 0.119989 0.041745
v 0.352489 0.195559 0.332526
v 0.331932 0.190943 0.377395
v 0.367567 0.187395 0.360331
v 0.315067 0.408821 -0.401538
v 0.307527 0.399635 -0.454679
v 0.315141 0.339842 -0.416592
v 0.528167 0.147353 0.018803
v 0.545892 0.121343 -0.004311
v 0.546569 0.120006 0.041883
v -0.025159 -0.595504 0.298472
v 0.025639 -0.595867 0.298240
v 0.000452 -0.608834 0.359062
v -0.031137 -0.561742 -0.206969
v 0.030415 -0.561329 -0.206693
v -0.000300 -0.542213 -0.240781
v -0.356611 -0.400210 0.404379
v -0.347215 -0.408451 0.460131
v -0.365213 -0.350918 0.417840
v -0.304433 -0.258045 -0.292757
v -0.285728 -0.237400 -0.332210
v -0.319639 -0.215484 -0.321835
v -0.503068 -0.146444 0.021087
v -0.533242 -0.106388 -0.002731
v -0.532037 -0.113314 0.042354
v 0.357005 -0.400582 0.404263
v 0.347191 -0.408836 0.460094
v 0.365582 -0.350993 0.418240
v 0.304344 -0.258160 -0.292744
v 0.285556 -0.237743 -0.332291
v 0.319521 -0.215780 -0.321571
v 0.503025 -0.146429 0.021101
v 0.533256 -0.106380 -0.002834
v 0.532401 -0.112941 0.042350
v 0.217175 -0.035489 0.623547
v 0.209112 0.009749 0.598523
v 0.250544 -0.012657 0.585481
v -0.216825 -0.035758 0.623181
v -0.209174 0.009613 0.598684
v -0.250758 -0.012611 0.585316
v 0.218841 0.008682 -0.624192
v 0.236853 0.048708 -0.670657
v 0.263206 0.030010 -0.620243
v -0.219123 0.008479 -0.624093
v -0.237146 0.048027 -0.671950
v -0.262997 0.029575 -0.620062
f 1 647 644
f 1 644 643
f 1 643 645
f 1 645 646
f 1 646 647
f 2 649 652
f 6 672 670
f 12 702 699
f 11 696 695
f 8 679 681
f 4 662 659
f 4 659 658
f 4 658 660
f 4 660 661
f 4 661 662
f 5 666 665
f 3 654 657
f 7 673 677
f 9 685 686
f 10 692 688
f 12 701 698
f 6 669 668
f 2 650 648
f 8 682 678
f 11 697 693
f 6 671 669
f 12 700 701
f 11 694 697
f 8 680 682
f 2 651 650
f 10 690 689
f 5 663 664
f 3 655 653
f 7 676 674
f 9 687 684
f 10 691 690
f 5 667 663
f 3 656 655
f 7 675 676
f 9 683 687
f 6 668 672
f 2 648 649
f 8 678 679
f 11 693 696
f 12 698 702
f 10 688 691
f 5 665 667
f 3 657 656
f 7 677 675
f 9 686 683
f 5 664 666
f 3 653 654
f 7 674 673
f 9 684 685
f 10 689 692
f 6 670 671
f 12 699 700
f 11 695 694
f 8 681 680
f 2 652 651
f 35 837 838
f 18 735 736
f 19 742 741
f 40 868 867
f 42 880 879
f 34 832 831
f 33 827 828
f 25 778 780
f 36 844 846
f 20 749 747
f 32 819 820
f 23 765 767
f 24 773 771
f 37 850 849
f 41 876 875
f 34 833 834
f 33 826 825
f 25 779 777
f 36 845 843
f 20 748 750
f 17 729 727
f 14 711 709
f 13 706 703
f 15 718 715
f 16 724 721
f 18 737 733
f 35 839 835
f 42 882 878
f 40 870 866
f 19 744 740
f 30 807 805
f 27 789 787
f 22 762 758
f 28 797 793
f 29 802 799
f 32 821 817
f 23 766 763
f 24 774 770
f 37 852 848
f 41 874 872
f 35 838 836
f 18 736 734
f 19 741 739
f 40 867 865
f 42 879 877
f 34 831 829
f 33 828 824
f 25 780 776
f 36 846 842
f 20 747 745
f 32 820 818
f 23 767 764
f 24 771 769
f 37 849 847
f 41 875 871
f 34 834 830
f 33 825 823
f 25 777 775
f 36 843 841
f 20 750 746
f 14 714 710
f 13 707 704
f 15 719 716
f 16 725 722
f 17 732 728
f 21 755 752
f 31 814 811
f 26 784 781
f 38 857 853
f 39 862 860
f 27 792 788
f 22 759 757
f 28 796 794
f 29 803 800
f 30 810 806
f 31 815 812
f 26 785 782
f 38 856 854
f 39 863 859
f 21 754 751
f 14 712 714
f 13 705 707
f 15 717 719
f 16 723 725
f 17 730 732
f 21 753 755
f 31 816 814
f 26 786 784
f 38 858 857
f 39 861 862
f 27 791 792
f 22 761 759
f 28 795 796
f 29 801 803
f 30 808 810
f 31 813 815
f 26 783 785
f 38 855 856
f 39 864 863
f 21 756 754
f 14 709 712
f 13 703 705
f 15 715 717
f 16 721 723
f 17 727 730
f 21 751 753
f 31 812 816
f 26 782 786
f 38 854 858
f 39 859 861
f 27 787 791
f 22 758 761
f 28 793 795
f 29 799 801
f 30 805 808
f 31 811 813
f 26 781 783
f 38 853 855
f 39 860 864
f 21 752 756
f 17 728 731
f 14 710 713
f 13 704 708
f 15 716 720
f 16 722 726
f 18 734 738
f 35 836 840
f 42 877 881
f 40 865 869
f 19 739 743
f 30 806 809
f 27 788 790
f 22 757 760
f 28 794 798
f 29 800 804
f 32 818 822
f 23 764 768
f 24 769 772
f 37 847 851
f 41 871 873
f 35 835 837
f 18 733 735
f 19 740 742
f 40 866 868
f 42 878 880
f 34 830 832
f 33 823 827
f 25 775 778
f 36 841 844
f 20 746 749
f 32 817 819
f 23 763 765
f 24 770 773
f 37 848 850
f 41 872 876
f 34 829 833
f 33 824 826
f 25 776 779
f 36 842 845
f 20 745 748
f 17 731 729
f 14 713 711
f 13 708 706
f 15 720 718
f 16 726 724
f 18 738 737
f 35 840 839
f 42 881 882
f 40 869 870
f 19 743 744
f 30 809 807
f 27 790 789
f 22 760 762
f 28 798 797
f 29 804 802
f 32 822 821
f 23 768 766
f 24 772 774
f 37 851 852
f 41 873 874
f 107 1269 1270
f 103 1245 1246
f 104 1252 1251
f 110 1288 1287
f 113 1306 1305
f 118 1336 1335
f 154 1551 1552
f 141 1473 1474
f 162 1599 1600
f 121 1354 1353
f 142 1479 1480
f 129 1401 1402
f 130 1408 1407
f 144 1492 1491
f 146 1504 1503
f 151 1533 1534
f 131 1414 1413
f 136 1444 1443
f 161 1594 1593
f 126 1383 1384
f 116 1323 1324
f 108 1275 1276
f 106 1263 1264
f 112 1299 1300
f 115 1317 1318
f 119 1341 1342
f 156 1564 1563
f 139 1462 1461
f 160 1588 1587
f 120 1347 1348
f 149 1521 1522
f 132 1420 1419
f 128 1395 1396
f 145 1497 1498
f 148 1515 1516
f 155 1557 1558
f 133 1425 1426
f 134 1431 1432
f 157 1570 1569
f 124 1372 1371
f 109 1282 1281
f 105 1258 1257
f 111 1294 1293
f 114 1312 1311
f 117 1330 1329
f 125 1378 1377
f 152 1540 1539
f 137 1449 1450
f 158 1575 1576
f 123 1365 1366
f 143 1486 1485
f 127 1390 1389
f 135 1437 1438
f 147 1510 1509
f 150 1528 1527
f 153 1546 1545
f 140 1468 1467
f 138 1455 1456
f 159 1581 1582
f 122 1359 1360
f 107 1272 1271
f 103 1248 1247
f 104 1253 1254
f 110 1289 1290
f 113 1307 1308
f 118 1337 1338
f 154 1554 1553
f 141 1476 1475
f 162 1602 1601
f 121 1355 1356
f 142 1482 1481
f 129 1404 1403
f 130 1409 1410
f 144 1493 1494
f 146 1505 1506
f 151 1536 1535
f 131 1415 1416
f 136 1445 1446
f 161 1595 1596
f 126 1386 1385
f 47 909 907
f 44 891 889
f 43 886 883
f 45 898 895
f 46 904 901
f 49 922 919
f 72 1060 1057
f 102 1240 1237
f 96 1204 1201
f 79 1102 1099
f 62 999 997
f 59 981 979
f 58 976 973
f 60 988 985
f 61 994 991
f 66 1024 1021
f 54 952 949
f 73 1066 1063
f 85 1138 1135
f 92 1179 1177
f 101 1233 1231
f 69 1041 1039
f 50 927 925
f 82 1119 1117
f 97 1209 1207
f 71 1053 1051
f 100 1228 1225
f 94 1192 1189
f 80 1108 1105
f 51 933 931
f 90 1167 1165
f 63 1005 1003
f 55 957 955
f 76 1083 1081
f 87 1150 1147
f 91 1174 1171
f 67 1029 1027
f 56 963 961
f 75 1077 1075
f 83 1126 1123
f 68 1036 1033
f 48 915 913
f 78 1095 1093
f 93 1185 1183
f 98 1216 1213
f 88 1155 1153
f 65 1018 1015
f 57 970 967
f 77 1090 1087
f 86 1143 1141
f 64 1012 1009
f 53 945 943
f 74 1071 1069
f 84 1131 1129
f 89 1162 1159
f 70 1047 1045
f 99 1221 1219
f 95 1197 1195
f 81 1114 1111
f 52 940 937
f 109 1284 1280
f 105 1260 1256
f 111 1296 1292
f 114 1314 1310
f 117 1332 1328
f 125 1380 1376
f 152 1542 1538
f 137 1451 1447
f 158 1577 1573
f 123 1367 1363
f 143 1488 1484
f 127 1392 1388
f 135 1439 1435
f 147 1512 1508
f 150 1530 1526
f 153 1548 1544
f 140 1470 1466
f 138 1457 1453
f 159 1583 1579
f 122 1361 1357
f 107 1270 1268
f 103 1246 1244
f 104 1251 1249
f 110 1287 1285
f 113 1305 1303
f 118 1335 1333
f 154 1552 1550
f 141 1474 1472
f 162 1600 1598
f 121 1353 1351
f 142 1480 1478
f 129 1402 1400
f 130 1407 1405
f 144 1491 1489
f 146 1503 1501
f 151 1534 1532
f 131 1413 1411
f 136 1443 1441
f 161 1593 1591
f 126 1384 1382
f 116 1324 1322
f 108 1276 1274
f 106 1264 1262
f 112 1300 1298
f 115 1318 1316
f 119 1342 1340
f 156 1563 1561
f 139 1461 1459
f 160 1587 1585
f 120 1348 1346
f 149 1522 1520
f 132 1419 1417
f 128 1396 1394
f 145 1498 1496
f 148 1516 1514
f 155 1558 1556
f 133 1426 1424
f 134 1432 1430
f 157 1569 1567
f 124 1371 1369
f 109 1281 1279
f 105 1257 1255
f 111 1293 1291
f 114 1311 1309
f 117 1329 1327
f 125 1377 1375
f 152 1539 1537
f 137 1450 1448
f 158 1576 1574
f 123 1366 1364
f 143 1485 1483
f 127 1389 1387
f 135 1438 1436
f 147 1509 1507
f 150 1527 1525
f 153 1545 1543
f 140 1467 1465
f 138 1456 1454
f 159 1582 1580
f 122 1360 1358
f 107 1271 1267
f 103 1247 1243
f 104 1254 1250
f 110 1290 1286
f 113 1308 1304
f 118 1338 1334
f 154 1553 1549
f 141 1475 1471
f 162 1601 1597
f 121 1356 1352
f 142 1481 1477
f 129 1403 1399
f 130 1410 1406
f 144 1494 1490
f 146 1506 1502
f 151 1535 1531
f 131 1416 1412
f 136 1446 1442
f 161 1596 1592
f 126 1385 1381
f 44 894 890
f 43 887 884
f 45 899 896
f 46 905 902
f 47 912 908
f 52 941 938
f 70 1050 1046
f 99 1224 1220
f 95 1200 1196
f 81 1115 1112
f 59 984 980
f 58 977 974
f 60 989 986
f 61 995 992
f 62 1002 998
f 65 1019 1016
f 57 971 968
f 77 1091 1088
f 86 1146 1142
f 88 1158 1154
f 98 1217 1214
f 68 1037 1034
f 48 918 914
f 78 1098 1094
f 93 1188 1184
f 69 1044 1040
f 101 1236 1232
f 97 1212 1208
f 82 1122 1118
f 50 930 926
f 89 1163 1160
f 64 1013 1010
f 53 948 944
f 74 1074 1070
f 84 1134 1130
f 90 1170 1166
f 63 1008 1004
f 55 960 956
f 76 1086 1082
f 87 1151 1148
f 72 1061 1058
f 49 923 920
f 79 1103 1100
f 96 1205 1202
f 102 1241 1238
f 91 1175 1172
f 67 1032 1028
f 56 966 962
f 75 1080 1076
f 83 1127 1124
f 66 1025 1022
f 54 953 950
f 73 1067 1064
f 85 1139 1136
f 92 1182 1178
f 71 1056 1052
f 100 1229 1226
f 94 1193 1190
f 80 1109 1106
f 51 936 932
f 116 1325 1321
f 108 1277 1273
f 106 1265 1261
f 112 1301 1297
f 115 1319 1315
f 119 1343 1339
f 156 1566 1562
f 139 1464 1460
f 160 1590 1586
f 120 1349 1345
f 149 1523 1519
f 132 1422 1418
f 128 1397 1393
f 145 1499 1495
f 148 1517 1513
f 155 1559 1555
f 133 1427 1423
f 134 1433 1429
f 157 1572 1568
f 124 1374 1370
f 44 892 894
f 43 885 887
f 45 897 899
f 46 903 905
f 47 910 912
f 52 939 941
f 70 1048 1050
f 99 1222 1224
f 95 1198 1200
f 81 1113 1115
f 59 982 984
f 58 975 977
f 60 987 989
f 61 993 995
f 62 1000 1002
f 65 1017 1019
f 57 969 971
f 77 1089 1091
f 86 1144 1146
f 88 1156 1158
f 98 1215 1217
f 68 1035 1037
f 48 916 918
f 78 1096 1098
f 93 1186 1188
f 69 1042 1044
f 101 1234 1236
f 97 1210 1212
f 82 1120 1122
f 50 928 930
f 89 1161 1163
f 64 1011 1013
f 53 946 948
f 74 1072 1074
f 84 1132 1134
f 90 1168 1170
f 63 1006 1008
f 55 958 960
f 76 1084 1086
f 87 1149 1151
f 72 1059 1061
f 49 921 923
f 79 1101 1103
f 96 1203 1205
f 102 1239 1241
f 91 1173 1175
f 67 1030 1032
f 56 964 966
f 75 1078 1080
f 83 1125 1127
f 66 1023 1025
f 54 951 953
f 73 1065 1067
f 85 1137 1139
f 92 1180 1182
f 71 1054 1056
f 100 1227 1229
f 94 1191 1193
f 80 1107 1109
f 51 934 936
f 116 1326 1325
f 108 1278 1277
f 106 1266 1265
f 112 1302 1301
f 115 1320 1319
f 119 1344 1343
f 156 1565 1566
f 139 1463 1464
f 160 1589 1590
f 120 1350 1349
f 149 1524 1523
f 132 1421 1422
f 128 1398 1397
f 145 1500 1499
f 148 1518 1517
f 155 1560 1559
f 133 1428 1427
f 134 1434 1433
f 157 1571 1572
f 124 1373 1374
f 44 889 892
f 43 883 885
f 45 895 897
f 46 901 903
f 47 907 910
f 52 937 939
f 70 1045 1048
f 99 1219 1222
f 95 1195 1198
f 81 1111 1113
f 59 979 982
f 58 973 975
f 60 985 987
f 61 991 993
f 62 997 1000
f 65 1015 1017
f 57 967 969
f 77 1087 1089
f 86 1141 1144
f 88 1153 1156
f 98 1213 1215
f 68 1033 1035
f 48 913 916
f 78 1093 1096
f 93 1183 1186
f 69 1039 1042
f 101 1231 1234
f 97 1207 1210
f 82 1117 1120
f 50 925 928
f 89 1159 1161
f 64 1009 1011
f 53 943 946
f 74 1069 1072
f 84 1129 1132
f 90 1165 1168
f 63 1003 1006
f 55 955 958
f 76 1081 1084
f 87 1147 1149
f 72 1057 1059
f 49 919 921
f 79 1099 1101
f 96 1201 1203
f 102 1237 1239
f 91 1171 1173
f 67 1027 1030
f 56 961 964
f 75 1075 1078
f 83 1123 1125
f 66 1021 1023
f 54 949 951
f 73 1063 1065
f 85 1135 1137
f 92 1177 1180
f 71 1051 1054
f 100 1225 1227
f 94 1189 1191
f 80 1105 1107
f 51 931 934
f 116 1322 1326
f 108 1274 1278
f 106 1262 1266
f 112 1298 1302
f 115 1316 1320
f 119 1340 1344
f 156 1561 1565
f 139 1459 1463
f 160 1585 1589
f 120 1346 1350
f 149 1520 1524
f 132 1417 1421
f 128 1394 1398
f 145 1496 1500
f 148 1514 1518
f 155 1556 1560
f 133 1424 1428
f 134 1430 1434
f 157 1567 1571
f 124 1369 1373
f 47 908 911
f 44 890 893
f 43 884 888
f 45 896 900
f 46 902 906
f 49 920 924
f 72 1058 1062
f 102 1238 1242
f 96 1202 1206
f 79 1100 1104
f 62 998 1001
f 59 980 983
f 58 974 978
f 60 986 990
f 61 992 996
f 66 1022 1026
f 54 950 954
f 73 1064 1068
f 85 1136 1140
f 92 1178 1181
f 101 1232 1235
f 69 1040 1043
f 50 926 929
f 82 1118 1121
f 97 1208 1211
f 71 1052 1055
f 100 1226 1230
f 94 1190 1194
f 80 1106 1110
f 51 932 935
f 90 1166 1169
f 63 1004 1007
f 55 956 959
f 76 1082 1085
f 87 1148 1152
f 91 1172 1176
f 67 1028 1031
f 56 962 965
f 75 1076 1079
f 83 1124 1128
f 68 1034 1038
f 48 914 917
f 78 1094 1097
f 93 1184 1187
f 98 1214 1218
f 88 1154 1157
f 65 1016 1020
f 57 968 972
f 77 1088 1092
f 86 1142 1145
f 64 1010 1014
f 53 944 947
f 74 1070 1073
f 84 1130 1133
f 89 1160 1164
f 70 1046 1049
f 99 1220 1223
f 95 1196 1199
f 81 1112 1116
f 52 938 942
f 109 1279 1283
f 105 1255 1259
f 111 1291 1295
f 114 1309 1313
f 117 1327 1331
f 125 1375 1379
f 152 1537 1541
f 137 1448 1452
f 158 1574 1578
f 123 1364 1368
f 143 1483 1487
f 127 1387 1391
f 135 1436 1440
f 147 1507 1511
f 150 1525 1529
f 153 1543 1547
f 140 1465 1469
f 138 1454 1458
f 159 1580 1584
f 122 1358 1362
f 107 1267 1269
f 103 1243 1245
f 104 1250 1252
f 110 1286 1288
f 113 1304 1306
f 118 1334 1336
f 154 1549 1551
f 141 1471 1473
f 162 1597 1599
f 121 1352 1354
f 142 1477 1479
f 129 1399 1401
f 130 1406 1408
f 144 1490 1492
f 146 1502 1504
f 151 1531 1533
f 131 1412 1414
f 136 1442 1444
f 161 1592 1594
f 126 1381 1383
f 116 1321 1323
f 108 1273 1275
f 106 1261 1263
f 112 1297 1299
f 115 1315 1317
f 119 1339 1341
f 156 1562 1564
f 139 1460 1462
f 160 1586 1588
f 120 1345 1347
f 149 1519 1521
f 132 1418 1420
f 128 1393 1395
f 145 1495 1497
f 148 1513 1515
f 155 1555 1557
f 133 1423 1425
f 134 1429 1431
f 157 1568 1570
f 124 1370 1372
f 109 1280 1282
f 105 1256 1258
f 111 1292 1294
f 114 1310 1312
f 117 1328 1330
f 125 1376 1378
f 152 1538 1540
f 137 1447 1449
f 158 1573 1575
f 123 1363 1365
f 143 1484 1486
f 127 1388 1390
f 135 1435 1437
f 147 1508 1510
f 150 1526 1528
f 153 1544 1546
f 140 1466 1468
f 138 1453 1455
f 159 1579 1581
f 122 1357 1359
f 107 1268 1272
f 103 1244 1248
f 104 1249 1253
f 110 1285 1289
f 113 1303 1307
f 118 1333 1337
f 154 1550 1554
f 141 1472 1476
f 162 1598 1602
f 121 1351 1355
f 142 1478 1482
f 129 1400 1404
f 130 1405 1409
f 144 1489 1493
f 146 1501 1505
f 151 1532 1536
f 131 1411 1415
f 136 1441 1445
f 161 1591 1595
f 126 1382 1386
f 47 911 909
f 44 893 891
f 43 888 886
f 45 900 898
f 46 906 904
f 49 924 922
f 72 1062 1060
f 102 1242 1240
f 96 1206 1204
f 79 1104 1102
f 62 1001 999
f 59 983 981
f 58 978 976
f 60 990 988
f 61 996 994
f 66 1026 1024
f 54 954 952
f 73 1068 1066
f 85 1140 1138
f 92 1181 1179
f 101 1235 1233
f 69 1043 1041
f 50 929 927
f 82 1121 1119
f 97 1211 1209
f 71 1055 1053
f 100 1230 1228
f 94 1194 1192
f 80 1110 1108
f 51 935 933
f 90 1169 1167
f 63 1007 1005
f 55 959 957
f 76 1085 1083
f 87 1152 1150
f 91 1176 1174
f 67 1031 1029
f 56 965 963
f 75 1079 1077
f 83 1128 1126
f 68 1038 1036
f 48 917 915
f 78 1097 1095
f 93 1187 1185
f 98 1218 1216
f 88 1157 1155
f 65 1020 1018
f 57 972 970
f 77 1092 1090
f 86 1145 1143
f 64 1014 1012
f 53 947 945
f 74 1073 1071
f 84 1133 1131
f 89 1164 1162
f 70 1049 1047
f 99 1223 1221
f 95 1199 1197
f 81 1116 1114
f 52 942 940
f 109 1283 1284
f 105 1259 1260
f 111 1295 1296
f 114 1313 1314
f 117 1331 1332
f 125 1379 1380
f 152 1541 1542
f 137 1452 1451
f 158 1578 1577
f 123 1368 1367
f 143 1487 1488
f 127 1391 1392
f 135 1440 1439
f 147 1511 1512
f 150 1529 1530
f 153 1547 1548
f 140 1469 1470
f 138 1458 1457
f 159 1584 1583
f 122 1362 1361
f 407 1609 1616
f 403 1605 1608
f 404 1611 1606
f 410 1614 1612
f 413 1617 1615
f 422 1631 1624
f 486 1688 1692
f 573 1775 1782
f 561 1763 1765
f 512 1719 1714
f 452 1654 1661
f 448 1650 1653
f 449 1656 1651
f 455 1659 1657
f 458 1662 1660
f 470 1672 1675
f 437 1646 1639
f 494 1706 1696
f 531 1735 1733
f 539 1741 1751
f 568 1770 1779
f 478 1680 1683
f 419 1621 1626
f 509 1711 1721
f 554 1756 1766
f 482 1684 1689
f 576 1780 1778
f 558 1767 1760
f 516 1722 1718
f 425 1627 1629
f 542 1744 1747
f 463 1668 1665
f 434 1636 1641
f 497 1699 1704
f 528 1730 1737
f 546 1748 1750
f 464 1666 1676
f 440 1642 1644
f 500 1705 1702
f 524 1736 1726
f 479 1691 1681
f 418 1623 1620
f 508 1713 1710
f 553 1764 1755
f 569 1781 1771
f 538 1749 1740
f 471 1677 1673
f 443 1645 1647
f 501 1703 1707
f 523 1725 1734
f 467 1674 1669
f 433 1638 1635
f 493 1695 1698
f 527 1732 1729
f 543 1752 1745
f 485 1690 1687
f 572 1777 1774
f 557 1759 1762
f 515 1717 1720
f 428 1630 1632
f 591 2191 2189
f 587 1885 1883
f 588 1901 1903
f 594 2279 2281
f 597 2315 2317
f 600 2171 2173
f 634 2160 2158
f 619 2016 2012
f 639 2214 2210
f 602 1919 1924
f 624 2137 2135
f 608 1978 1973
f 610 1991 1996
f 627 2225 2227
f 630 2302 2304
f 635 2178 2176
f 615 2153 2155
f 617 2009 2014
f 637 2207 2212
f 604 1926 1922
f 416 1857 1864
f 408 1803 1810
f 406 1786 1795
f 412 1822 1831
f 415 1840 1849
f 424 1876 1887
f 492 2182 2193
f 582 2312 2321
f 565 2276 2285
f 514 1898 1907
f 461 2091 2098
f 453 2037 2044
f 451 1952 1961
f 457 2056 2067
f 460 2074 2083
f 475 2128 2139
f 439 1966 1975
f 496 1988 1997
f 533 2222 2231
f 551 2293 2298
f 579 2185 2190
f 483 1879 1884
f 426 1893 1900
f 521 2271 2278
f 566 2307 2314
f 489 2163 2170
f 578 2150 2159
f 560 2006 2015
f 518 2204 2213
f 429 1911 1918
f 547 2131 2136
f 465 1969 1977
f 441 1983 1990
f 504 2217 2224
f 537 2290 2301
f 550 2168 2177
f 476 2145 2152
f 444 2001 2008
f 502 2199 2206
f 526 1916 1925
f 481 1808 1817
f 420 1789 1797
f 510 1825 1833
f 555 1843 1851
f 571 1862 1871
f 540 1933 1941
f 473 2110 2119
f 447 2020 2029
f 507 2236 2247
f 534 2257 2262
f 469 2042 2051
f 435 1947 1954
f 498 2059 2064
f 529 2077 2085
f 545 2096 2105
f 487 2113 2121
f 574 2023 2031
f 562 2239 2244
f 520 2254 2265
f 432 1930 1939
f 589 1818 1814
f 583 1798 1793
f 586 1834 1829
f 593 1852 1847
f 596 1872 1868
f 599 1942 1937
f 633 2120 2124
f 620 2030 2034
f 640 2248 2250
f 603 2263 2261
f 622 2052 2050
f 607 1955 1960
f 612 2065 2063
f 626 2086 2081
f 629 2106 2102
f 631 2122 2117
f 614 2032 2027
f 618 2245 2243
f 641 2266 2268
f 605 1940 1944
f 409 1813 1804
f 405 1792 1785
f 411 1828 1821
f 414 1846 1839
f 417 1867 1858
f 431 1936 1929
f 488 2123 2114
f 575 2033 2024
f 563 2249 2240
f 519 2260 2253
f 454 2049 2038
f 450 1959 1951
f 456 2062 2055
f 459 2080 2073
f 462 2101 2092
f 472 2116 2109
f 446 2026 2019
f 506 2242 2235
f 535 2267 2258
f 541 1943 1934
f 570 1869 1861
f 480 1815 1807
f 421 1799 1790
f 511 1835 1826
f 556 1853 1844
f 484 1889 1880
f 580 2195 2186
f 567 2319 2308
f 522 2283 2272
f 427 1905 1894
f 544 2103 2095
f 468 2046 2041
f 436 1957 1948
f 499 2069 2060
f 530 2087 2078
f 548 2141 2132
f 466 1979 1970
f 442 1993 1984
f 505 2229 2218
f 536 2296 2289
f 491 2188 2181
f 423 1882 1875
f 513 1902 1897
f 564 2280 2275
f 581 2316 2311
f 549 2172 2167
f 477 2157 2146
f 445 2011 2002
f 503 2209 2200
f 525 1923 1915
f 474 2134 2127
f 438 1972 1965
f 495 1995 1987
f 532 2226 2221
f 552 2303 2294
f 490 2175 2164
f 577 2154 2149
f 559 2013 2005
f 517 2211 2203
f 430 1921 1912
f 590 1865 1870
f 584 1811 1816
f 585 1796 1800
f 592 1832 1836
f 595 1850 1854
f 598 1888 1890
f 636 2194 2196
f 621 2322 2320
f 642 2286 2284
f 601 1908 1906
f 623 2099 2104
f 611 2045 2047
f 609 1962 1958
f 625 2068 2070
f 628 2084 2088
f 632 2140 2142
f 613 1976 1980
f 616 1998 1994
f 638 2232 2230
f 606 2299 2297
f 407 2330 2329
f 403 2324 2323
f 404 2325 2326
f 410 2332 2333
f 413 2335 2336
f 422 2344 2345
f 486 2410 2409
f 573 2497 2496
f 561 2486 2485
f 512 2434 2435
f 452 2375 2374
f 448 2369 2368
f 449 2370 2371
f 455 2377 2378
f 458 2380 2381
f 470 2393 2392
f 437 2359 2360
f 494 2415 2416
f 531 2455 2456
f 539 2461 2460
f 568 2489 2488
f 478 2399 2398
f 419 2341 2340
f 509 2431 2430
f 554 2476 2475
f 482 2405 2404
f 576 2500 2501
f 558 2481 2482
f 516 2439 2440
f 425 2348 2347
f 542 2465 2464
f 463 2383 2384
f 434 2356 2355
f 497 2420 2419
f 528 2452 2451
f 546 2471 2470
f 464 2386 2385
f 440 2363 2362
f 500 2422 2423
f 524 2445 2446
f 479 2400 2401
f 418 2338 2339
f 508 2428 2429
f 553 2473 2474
f 569 2490 2491
f 538 2458 2459
f 471 2394 2395
f 443 2366 2365
f 501 2425 2424
f 523 2444 2443
f 467 2389 2390
f 433 2353 2354
f 493 2414 2413
f 527 2449 2450
f 543 2466 2467
f 485 2407 2408
f 572 2494 2495
f 557 2480 2479
f 515 2438 2437
f 428 2351 2350
f 591 2510 2511
f 587 2504 2505
f 588 2508 2507
f 594 2514 2513
f 597 2517 2516
f 600 2520 2519
f 634 2554 2556
f 619 2539 2540
f 639 2560 2561
f 602 2523 2521
f 624 2543 2544
f 608 2527 2529
f 610 2532 2530
f 627 2547 2546
f 630 2550 2549
f 635 2552 2553
f 615 2535 2534
f 617 2538 2536
f 637 2558 2557
f 604 2524 2525
f 167 1607 647
f 164 1603 644
f 163 1604 643
f 165 1610 645
f 166 1613 646
f 169 1622 649
f 192 1686 672
f 222 1773 702
f 216 1761 696
f 199 1712 679
f 182 1652 662
f 179 1648 659
f 178 1649 658
f 180 1655 660
f 181 1658 661
f 186 1670 666
f 174 1637 654
f 193 1694 673
f 205 1731 685
f 212 1739 692
f 221 1768 701
f 189 1678 669
f 170 1619 650
f 202 1709 682
f 217 1754 697
f 191 1682 671
f 220 1776 700
f 214 1758 694
f 200 1716 680
f 171 1625 651
f 210 1742 690
f 183 1663 663
f 175 1634 655
f 196 1697 676
f 207 1728 687
f 211 1746 691
f 187 1664 667
f 176 1640 656
f 195 1700 675
f 203 1724 683
f 188 1679 668
f 168 1618 648
f 198 1708 678
f 213 1753 693
f 218 1769 698
f 208 1738 688
f 185 1671 665
f 177 1643 657
f 197 1701 677
f 206 1723 686
f 184 1667 664
f 173 1633 653
f 194 1693 674
f 204 1727 684
f 209 1743 689
f 190 1685 670
f 219 1772 699
f 215 1757 695
f 201 1715 681
f 172 1628 652
f 357 2187 837
f 255 1881 735
f 262 1899 742
f 388 2277 868
f 400 2313 880
f 352 2169 832
f 347 2156 827
f 298 2010 778
f 364 2208 844
f 269 1917 749
f 339 2133 819
f 285 1971 765
f 293 1989 773
f 370 2223 850
f 396 2300 876
f 353 2174 833
f 346 2151 826
f 299 2007 779
f 365 2205 845
f 268 1920 748
f 249 1855 729
f 231 1801 711
f 226 1784 706
f 238 1820 718
f 244 1838 724
f 257 1874 737
f 359 2180 839
f 402 2310 882
f 390 2274 870
f 264 1896 744
f 327 2089 807
f 309 2035 789
f 282 1950 762
f 317 2054 797
f 322 2072 802
f 341 2126 821
f 286 1964 766
f 294 1986 774
f 372 2220 852
f 394 2291 874
f 358 2183 838
f 256 1877 736
f 261 1891 741
f 387 2269 867
f 399 2305 879
f 351 2161 831
f 348 2148 828
f 300 2004 780
f 366 2202 846
f 267 1909 747
f 340 2129 820
f 287 1967 767
f 291 1981 771
f 369 2215 849
f 395 2288 875
f 354 2166 834
f 345 2143 825
f 297 1999 777
f 363 2197 843
f 270 1914 750
f 234 1806 714
f 227 1787 707
f 239 1823 719
f 245 1841 725
f 252 1860 732
f 275 1931 755
f 334 2108 814
f 304 2018 784
f 377 2234 857
f 382 2255 862
f 312 2040 792
f 279 1945 759
f 316 2057 796
f 323 2075 803
f 330 2094 810
f 335 2111 815
f 305 2021 785
f 376 2237 856
f 383 2252 863
f 274 1928 754
f 232 1812 712
f 225 1791 705
f 237 1827 717
f 243 1845 723
f 250 1866 730
f 273 1935 753
f 336 2118 816
f 306 2028 786
f 378 2246 858
f 381 2259 861
f 311 2048 791
f 281 1953 761
f 315 2061 795
f 321 2079 801
f 328 2100 808
f 333 2115 813
f 303 2025 783
f 375 2241 855
f 384 2264 864
f 276 1938 756
f 229 1802 709
f 223 1783 703
f 235 1819 715
f 241 1837 721
f 247 1856 727
f 271 1927 751
f 332 2112 812
f 302 2022 782
f 374 2238 854
f 379 2251 859
f 307 2036 787
f 278 1949 758
f 313 2053 793
f 319 2071 799
f 325 2090 805
f 331 2107 811
f 301 2017 781
f 373 2233 853
f 380 2256 860
f 272 1932 752
f 248 1859 728
f 230 1805 710
f 224 1788 704
f 236 1824 716
f 242 1842 722
f 254 1878 734
f 356 2184 836
f 397 2306 877
f 385 2270 865
f 259 1892 739
f 326 2093 806
f 308 2039 788
f 277 1946 757
f 314 2058 794
f 320 2076 800
f 338 2130 818
f 284 1968 764
f 289 1982 769
f 367 2216 847
f 391 2287 871
f 355 2179 835
f 253 1873 733
f 260 1895 740
f 386 2273 866
f 398 2309 878
f 350 2165 830
f 343 2144 823
f 295 2000 775
f 361 2198 841
f 266 1913 746
f 337 2125 817
f 283 1963 763
f 290 1985 770
f 368 2219 848
f 392 2292 872
f 349 2162 829
f 344 2147 824
f 296 2003 776
f 362 2201 842
f 265 1910 745
f 251 1863 731
f 233 1809 713
f 228 1794 708
f 240 1830 720
f 246 1848 726
f 258 1886 738
f 360 2192 840
f 401 2318 881
f 389 2282 869
f 263 1904 743
f 329 2097 809
f 310 2043 790
f 280 1956 760
f 318 2066 798
f 324 2082 804
f 342 2138 822
f 288 1974 768
f 292 1992 772
f 371 2228 851
f 393 2295 873
f 409 2331 1269
f 405 2327 1245
f 411 2328 1252
f 414 2334 1288
f 417 2337 1306
f 431 2346 1336
f 488 2412 1551
f 575 2499 1473
f 563 2487 1599
f 519 2436 1354
f 454 2376 1479
f 450 2372 1401
f 456 2373 1408
f 459 2379 1492
f 462 2382 1504
f 472 2396 1533
f 446 2361 1414
f 506 2418 1444
f 535 2457 1594
f 541 2463 1383
f 570 2492 1323
f 480 2402 1275
f 421 2343 1263
f 511 2433 1299
f 556 2478 1317
f 484 2406 1341
f 580 2502 1564
f 567 2484 1462
f 522 2442 1588
f 427 2349 1347
f 544 2468 1521
f 468 2387 1420
f 436 2358 1395
f 499 2421 1497
f 530 2454 1515
f 548 2472 1557
f 466 2388 1425
f 442 2364 1431
f 505 2426 1570
f 536 2448 1372
f 491 2403 1282
f 423 2342 1258
f 513 2432 1294
f 564 2477 1312
f 581 2493 1330
f 549 2462 1378
f 477 2397 1540
f 445 2367 1449
f 503 2427 1575
f 525 2447 1365
f 474 2391 1486
f 438 2357 1390
f 495 2417 1437
f 532 2453 1510
f 552 2469 1528
f 490 2411 1546
f 577 2498 1468
f 559 2483 1455
f 517 2441 1581
f 430 2352 1359
f 590 2509 1272
f 584 2503 1248
f 585 2506 1253
f 592 2512 1289
f 595 2515 1307
f 598 2518 1337
f 636 2555 1554
f 621 2541 1476
f 642 2562 1602
f 601 2522 1355
f 623 2542 1482
f 611 2528 1404
f 609 2531 1409
f 625 2545 1493
f 628 2548 1505
f 632 2551 1536
f 613 2533 1415
f 616 2537 1445
f 638 2559 1595
f 606 2526 1386
f 407 1616 909
f 403 1608 891
f 404 1606 886
f 410 1612 898
f 413 1615 904
f 422 1624 922
f 486 1692 1060
f 573 1782 1240
f 561 1765 1204
f 512 1714 1102
f 452 1661 999
f 448 1653 981
f 449 1651 976
f 455 1657 988
f 458 1660 994
f 470 1675 1024
f 437 1639 952
f 494 1696 1066
f 531 1733 1138
f 539 1751 1179
f 568 1779 1233
f 478 1683 1041
f 419 1626 927
f 509 1721 1119
f 554 1766 1209
f 482 1689 1053
f 576 1778 1228
f 558 1760 1192
f 516 1718 1108
f 425 1629 933
f 542 1747 1167
f 463 1665 1005
f 434 1641 957
f 497 1704 1083
f 528 1737 1150
f 546 1750 1174
f 464 1676 1029
f 440 1644 963
f 500 1702 1077
f 524 1726 1126
f 479 1681 1036
f 418 1620 915
f 508 1710 1095
f 553 1755 1185
f 569 1771 1216
f 538 1740 1155
f 471 1673 1018
f 443 1647 970
f 501 1707 1090
f 523 1734 1143
f 467 1669 1012
f 433 1635 945
f 493 1698 1071
f 527 1729 1131
f 543 1745 1162
f 485 1687 1047
f 572 1774 1221
f 557 1762 1197
f 515 1720 1114
f 428 1632 940
f 591 2189 1284
f 587 1883 1260
f 588 1903 1296
f 594 2281 1314
f 597 2317 1332
f 600 2173 1380
f 634 2158 1542
f 619 2012 1451
f 639 2210 1577
f 602 1924 1367
f 624 2135 1488
f 608 1973 1392
f 610 1996 1439
f 627 2227 1512
f 630 2304 1530
f 635 2176 1548
f 615 2155 1470
f 617 2014 1457
f 637 2212 1583
f 604 1922 1361
f 416 1864 1270
f 408 1810 1246
f 406 1795 1251
f 412 1831 1287
f 415 1849 1305
f 424 1887 1335
f 492 2193 1552
f 582 2321 1474
f 565 2285 1600
f 514 1907 1353
f 461 2098 1480
f 453 2044 1402
f 451 1961 1407
f 457 2067 1491
f 460 2083 1503
f 475 2139 1534
f 439 1975 1413
f 496 1997 1443
f 533 2231 1593
f 551 2298 1384
f 579 2190 1324
f 483 1884 1276
f 426 1900 1264
f 521 2278 1300
f 566 2314 1318
f 489 2170 1342
f 578 2159 1563
f 560 2015 1461
f 518 2213 1587
f 429 1918 1348
f 547 2136 1522
f 465 1977 1419
f 441 1990 1396
f 504 2224 1498
f 537 2301 1516
f 550 2177 1558
f 476 2152 1426
f 444 2008 1432
f 502 2206 1569
f 526 1925 1371
f 481 1817 1281
f 420 1797 1257
f 510 1833 1293
f 555 1851 1311
f 571 1871 1329
f 540 1941 1377
f 473 2119 1539
f 447 2029 1450
f 507 2247 1576
f 534 2262 1366
f 469 2051 1485
f 435 1954 1389
f 498 2064 1438
f 529 2085 1509
f 545 2105 1527
f 487 2121 1545
f 574 2031 1467
f 562 2244 1456
f 520 2265 1582
f 432 1939 1360
f 589 1814 1271
f 583 1793 1247
f 586 1829 1254
f 593 1847 1290
f 596 1868 1308
f 599 1937 1338
f 633 2124 1553
f 620 2034 1475
f 640 2250 1601
f 603 2261 1356
f 622 2050 1481
f 607 1960 1403
f 612 2063 1410
f 626 2081 1494
f 629 2102 1506
f 631 2117 1535
f 614 2027 1416
f 618 2243 1446
f 641 2268 1596
f 605 1944 1385
f 409 1804 894
f 405 1785 887
f 411 1821 899
f 414 1839 905
f 417 1858 912
f 431 1929 941
f 488 2114 1050
f 575 2024 1224
f 563 2240 1200
f 519 2253 1115
f 454 2038 984
f 450 1951 977
f 456 2055 989
f 459 2073 995
f 462 2092 1002
f 472 2109 1019
f 446 2019 971
f 506 2235 1091
f 535 2258 1146
f 541 1934 1158
f 570 1861 1217
f 480 1807 1037
f 421 1790 918
f 511 1826 1098
f 556 1844 1188
f 484 1880 1044
f 580 2186 1236
f 567 2308 1212
f 522 2272 1122
f 427 1894 930
f 544 2095 1163
f 468 2041 1013
f 436 1948 948
f 499 2060 1074
f 530 2078 1134
f 548 2132 1170
f 466 1970 1008
f 442 1984 960
f 505 2218 1086
f 536 2289 1151
f 491 2181 1061
f 423 1875 923
f 513 1897 1103
f 564 2275 1205
f 581 2311 1241
f 549 2167 1175
f 477 2146 1032
f 445 2002 966
f 503 2200 1080
f 525 1915 1127
f 474 2127 1025
f 438 1965 953
f 495 1987 1067
f 532 2221 1139
f 552 2294 1182
f 490 2164 1056
f 577 2149 1229
f 559 2005 1193
f 517 2203 1109
f 430 1912 936
f 590 1870 1325
f 584 1816 1277
f 585 1800 1265
f 592 1836 1301
f 595 1854 1319
f 598 1890 1343
f 636 2196 1566
f 621 2320 1464
f 642 2284 1590
f 601 1906 1349
f 623 2104 1523
f 611 2047 1422
f 609 1958 1397
f 625 2070 1499
f 628 2088 1517
f 632 2142 1559
f 613 1980 1427
f 616 1994 1433
f 638 2230 1572
f 606 2297 1374
f 407 2329 892
f 403 2323 885
f 404 2326 897
f 410 2333 903
f 413 2336 910
f 422 2345 939
f 486 2409 1048
f 573 2496 1222
f 561 2485 1198
f 512 2435 1113
f 452 2374 982
f 448 2368 975
f 449 2371 987
f 455 2378 993
f 458 2381 1000
f 470 2392 1017
f 437 2360 969
f 494 2416 1089
f 531 2456 1144
f 539 2460 1156
f 568 2488 1215
f 478 2398 1035
f 419 2340 916
f 509 2430 1096
f 554 2475 1186
f 482 2404 1042
f 576 2501 1234
f 558 2482 1210
f 516 2440 1120
f 425 2347 928
f 542 2464 1161
f 463 2384 1011
f 434 2355 946
f 497 2419 1072
f 528 2451 1132
f 546 2470 1168
f 464 2385 1006
f 440 2362 958
f 500 2423 1084
f 524 2446 1149
f 479 2401 1059
f 418 2339 921
f 508 2429 1101
f 553 2474 1203
f 569 2491 1239
f 538 2459 1173
f 471 2395 1030
f 443 2365 964
f 501 2424 1078
f 523 2443 1125
f 467 2390 1023
f 433 2354 951
f 493 2413 1065
f 527 2450 1137
f 543 2467 1180
f 485 2408 1054
f 572 2495 1227
f 557 2479 1191
f 515 2437 1107
f 428 2350 934
f 591 2511 1326
f 587 2505 1278
f 588 2507 1266
f 594 2513 1302
f 597 2516 1320
f 600 2519 1344
f 634 2556 1565
f 619 2540 1463
f 639 2561 1589
f 602 2521 1350
f 624 2544 1524
f 608 2529 1421
f 610 2530 1398
f 627 2546 1500
f 630 2549 1518
f 635 2553 1560
f 615 2534 1428
f 617 2536 1434
f 637 2557 1571
f 604 2525 1373
f 164 1609 889
f 163 1605 883
f 165 1611 895
f 166 1614 901
f 167 1617 907
f 172 1631 937
f 190 1688 1045
f 219 1775 1219
f 215 1763 1195
f 201 1719 1111
f 179 1654 979
f 178 1650 973
f 180 1656 985
f 181 1659 991
f 182 1662 997
f 185 1672 1015
f 177 1646 967
f 197 1706 1087
f 206 1735 1141
f 208 1741 1153
f 218 1770 1213
f 188 1680 1033
f 168 1621 913
f 198 1711 1093
f 213 1756 1183
f 189 1684 1039
f 221 1780 1231
f 217 1767 1207
f 202 1722 1117
f 170 1627 925
f 209 1744 1159
f 184 1668 1009
f 173 1636 943
f 194 1699 1069
f 204 1730 1129
f 210 1748 1165
f 183 1666 1003
f 175 1642 955
f 196 1705 1081
f 207 1736 1147
f 192 1691 1057
f 169 1623 919
f 199 1713 1099
f 216 1764 1201
f 222 1781 1237
f 211 1749 1171
f 187 1677 1027
f 176 1645 961
f 195 1703 1075
f 203 1725 1123
f 186 1674 1021
f 174 1638 949
f 193 1695 1063
f 205 1732 1135
f 212 1752 1177
f 191 1690 1051
f 220 1777 1225
f 214 1759 1189
f 200 1717 1105
f 171 1630 931
f 358 2191 1322
f 256 1885 1274
f 261 1901 1262
f 387 2279 1298
f 399 2315 1316
f 351 2171 1340
f 348 2160 1561
f 300 2016 1459
f 366 2214 1585
f 267 1919 1346
f 340 2137 1520
f 287 1978 1417
f 291 1991 1394
f 369 2225 1496
f 395 2302 1514
f 354 2178 1556
f 345 2153 1424
f 297 2009 1430
f 363 2207 1567
f 270 1926 1369
f 247 1857 908
f 229 1803 890
f 223 1786 884
f 235 1822 896
f 241 1840 902
f 253 1876 920
f 355 2182 1058
f 398 2312 1238
f 386 2276 1202
f 260 1898 1100
f 325 2091 998
f 307 2037 980
f 278 1952 974
f 313 2056 986
f 319 2074 992
f 337 2128 1022
f 283 1966 950
f 290 1988 1064
f 368 2222 1136
f 392 2293 1178
f 356 2185 1232
f 254 1879 1040
f 259 1893 926
f 385 2271 1118
f 397 2307 1208
f 349 2163 1052
f 344 2150 1226
f 296 2006 1190
f 362 2204 1106
f 265 1911 932
f 338 2131 1166
f 284 1969 1004
f 289 1983 956
f 367 2217 1082
f 391 2290 1148
f 350 2168 1172
f 343 2145 1028
f 295 2001 962
f 361 2199 1076
f 266 1916 1124
f 230 1808 1034
f 224 1789 914
f 236 1825 1094
f 242 1843 1184
f 248 1862 1214
f 272 1933 1154
f 331 2110 1016
f 301 2020 968
f 373 2236 1088
f 380 2257 1142
f 308 2042 1010
f 277 1947 944
f 314 2059 1070
f 320 2077 1130
f 326 2096 1160
f 332 2113 1046
f 302 2023 1220
f 374 2239 1196
f 379 2254 1112
f 271 1930 938
f 234 1818 1279
f 227 1798 1255
f 239 1834 1291
f 245 1852 1309
f 252 1872 1327
f 275 1942 1375
f 334 2120 1537
f 304 2030 1448
f 377 2248 1574
f 382 2263 1364
f 312 2052 1483
f 279 1955 1387
f 316 2065 1436
f 323 2086 1507
f 330 2106 1525
f 335 2122 1543
f 305 2032 1465
f 376 2245 1454
f 383 2266 1580
f 274 1940 1358
f 232 1813 1267
f 225 1792 1243
f 237 1828 1250
f 243 1846 1286
f 250 1867 1304
f 273 1936 1334
f 336 2123 1549
f 306 2033 1471
f 378 2249 1597
f 381 2260 1352
f 311 2049 1477
f 281 1959 1399
f 315 2062 1406
f 321 2080 1490
f 328 2101 1502
f 333 2116 1531
f 303 2026 1412
f 375 2242 1442
f 384 2267 1592
f 276 1943 1381
f 251 1869 1321
f 233 1815 1273
f 228 1799 1261
f 240 1835 1297
f 246 1853 1315
f 258 1889 1339
f 360 2195 1562
f 401 2319 1460
f 389 2283 1586
f 263 1905 1345
f 329 2103 1519
f 310 2046 1418
f 280 1957 1393
f 318 2069 1495
f 324 2087 1513
f 342 2141 1555
f 288 1979 1423
f 292 1993 1429
f 371 2229 1568
f 393 2296 1370
f 357 2188 1280
f 255 1882 1256
f 262 1902 1292
f 388 2280 1310
f 400 2316 1328
f 352 2172 1376
f 347 2157 1538
f 298 2011 1447
f 364 2209 1573
f 269 1923 1363
f 339 2134 1484
f 285 1972 1388
f 293 1995 1435
f 370 2226 1508
f 396 2303 1526
f 353 2175 1544
f 346 2154 1466
f 299 2013 1453
f 365 2211 1579
f 268 1921 1357
f 249 1865 1268
f 231 1811 1244
f 226 1796 1249
f 238 1832 1285
f 244 1850 1303
f 257 1888 1333
f 359 2194 1550
f 402 2322 1472
f 390 2286 1598
f 264 1908 1351
f 327 2099 1478
f 309 2045 1400
f 282 1962 1405
f 317 2068 1489
f 322 2084 1501
f 341 2140 1532
f 286 1976 1411
f 294 1998 1441
f 372 2232 1591
f 394 2299 1382
f 416 2330 911
f 408 2324 893
f 406 2325 888
f 412 2332 900
f 415 2335 906
f 424 2344 924
f 492 2410 1062
f 582 2497 1242
f 565 2486 1206
f 514 2434 1104
f 461 2375 1001
f 453 2369 983
f 451 2370 978
f 457 2377 990
f 460 2380 996
f 475 2393 1026
f 439 2359 954
f 496 2415 1068
f 533 2455 1140
f 551 2461 1181
f 579 2489 1235
f 483 2399 1043
f 426 2341 929
f 521 2431 1121
f 566 2476 1211
f 489 2405 1055
f 578 2500 1230
f 560 2481 1194
f 518 2439 1110
f 429 2348 935
f 547 2465 1169
f 465 2383 1007
f 441 2356 959
f 504 2420 1085
f 537 2452 1152
f 550 2471 1176
f 476 2386 1031
f 444 2363 965
f 502 2422 1079
f 526 2445 1128
f 481 2400 1038
f 420 2338 917
f 510 2428 1097
f 555 2473 1187
f 571 2490 1218
f 540 2458 1157
f 473 2394 1020
f 447 2366 972
f 507 2425 1092
f 534 2444 1145
f 469 2389 1014
f 435 2353 947
f 498 2414 1073
f 529 2449 1133
f 545 2466 1164
f 487 2407 1049
f 574 2494 1223
f 562 2480 1199
f 520 2438 1116
f 432 2351 942
f 589 2510 1283
f 583 2504 1259
f 586 2508 1295
f 593 2514 1313
f 596 2517 1331
f 599 2520 1379
f 633 2554 1541
f 620 2539 1452
f 640 2560 1578
f 603 2523 1368
f 622 2543 1487
f 607 2527 1391
f 612 2532 1440
f 626 2547 1511
f 629 2550 1529
f 631 2552 1547
f 614 2535 1469
f 618 2538 1458
f 641 2558 1584
f 605 2524 1362
f 164 1607 1609
f 163 1603 1605
f 165 1604 1611
f 166 1610 1614
f 167 1613 1617
f 172 1622 1631
f 190 1686 1688
f 219 1773 1775
f 215 1761 1763
f 201 1712 1719
f 179 1652 1654
f 178 1648 1650
f 180 1649 1656
f 181 1655 1659
f 182 1658 1662
f 185 1670 1672
f 177 1637 1646
f 197 1694 1706
f 206 1731 1735
f 208 1739 1741
f 218 1768 1770
f 188 1678 1680
f 168 1619 1621
f 198 1709 1711
f 213 1754 1756
f 189 1682 1684
f 221 1776 1780
f 217 1758 1767
f 202 1716 1722
f 170 1625 1627
f 209 1742 1744
f 184 1663 1668
f 173 1634 1636
f 194 1697 1699
f 204 1728 1730
f 210 1746 1748
f 183 1664 1666
f 175 1640 1642
f 196 1700 1705
f 207 1724 1736
f 192 1679 1691
f 169 1618 1623
f 199 1708 1713
f 216 1753 1764
f 222 1769 1781
f 211 1738 1749
f 187 1671 1677
f 176 1643 1645
f 195 1701 1703
f 203 1723 1725
f 186 1667 1674
f 174 1633 1638
f 193 1693 1695
f 205 1727 1732
f 212 1743 1752
f 191 1685 1690
f 220 1772 1777
f 214 1757 1759
f 200 1715 1717
f 171 1628 1630
f 358 2187 2191
f 256 1881 1885
f 261 1899 1901
f 387 2277 2279
f 399 2313 2315
f 351 2169 2171
f 348 2156 2160
f 300 2010 2016
f 366 2208 2214
f 267 1917 1919
f 340 2133 2137
f 287 1971 1978
f 291 1989 1991
f 369 2223 2225
f 395 2300 2302
f 354 2174 2178
f 345 2151 2153
f 297 2007 2009
f 363 2205 2207
f 270 1920 1926
f 247 1855 1857
f 229 1801 1803
f 223 1784 1786
f 235 1820 1822
f 241 1838 1840
f 253 1874 1876
f 355 2180 2182
f 398 2310 2312
f 386 2274 2276
f 260 1896 1898
f 325 2089 2091
f 307 2035 2037
f 278 1950 1952
f 313 2054 2056
f 319 2072 2074
f 337 2126 2128
f 283 1964 1966
f 290 1986 1988
f 368 2220 2222
f 392 2291 2293
f 356 2183 2185
f 254 1877 1879
f 259 1891 1893
f 385 2269 2271
f 397 2305 2307
f 349 2161 2163
f 344 2148 2150
f 296 2004 2006
f 362 2202 2204
f 265 1909 1911
f 338 2129 2131
f 284 1967 1969
f 289 1981 1983
f 367 2215 2217
f 391 2288 2290
f 350 2166 2168
f 343 2143 2145
f 295 1999 2001
f 361 2197 2199
f 266 1914 1916
f 230 1806 1808
f 224 1787 1789
f 236 1823 1825
f 242 1841 1843
f 248 1860 1862
f 272 1931 1933
f 331 2108 2110
f 301 2018 2020
f 373 2234 2236
f 380 2255 2257
f 308 2040 2042
f 277 1945 1947
f 314 2057 2059
f 320 2075 2077
f 326 2094 2096
f 332 2111 2113
f 302 2021 2023
f 374 2237 2239
f 379 2252 2254
f 271 1928 1930
f 234 1812 1818
f 227 1791 1798
f 239 1827 1834
f 245 1845 1852
f 252 1866 1872
f 275 1935 1942
f 334 2118 2120
f 304 2028 2030
f 377 2246 2248
f 382 2259 2263
f 312 2048 2052
f 279 1953 1955
f 316 2061 2065
f 323 2079 2086
f 330 2100 2106
f 335 2115 2122
f 305 2025 2032
f 376 2241 2245
f 383 2264 2266
f 274 1938 1940
f 232 1802 1813
f 225 1783 1792
f 237 1819 1828
f 243 1837 1846
f 250 1856 1867
f 273 1927 1936
f 336 2112 2123
f 306 2022 2033
f 378 2238 2249
f 381 2251 2260
f 311 2036 2049
f 281 1949 1959
f 315 2053 2062
f 321 2071 2080
f 328 2090 2101
f 333 2107 2116
f 303 2017 2026
f 375 2233 2242
f 384 2256 2267
f 276 1932 1943
f 251 1859 1869
f 233 1805 1815
f 228 1788 1799
f 240 1824 1835
f 246 1842 1853
f 258 1878 1889
f 360 2184 2195
f 401 2306 2319
f 389 2270 2283
f 263 1892 1905
f 329 2093 2103
f 310 2039 2046
f 280 1946 1957
f 318 2058 2069
f 324 2076 2087
f 342 2130 2141
f 288 1968 1979
f 292 1982 1993
f 371 2216 2229
f 393 2287 2296
f 357 2179 2188
f 255 1873 1882
f 262 1895 1902
f 388 2273 2280
f 400 2309 2316
f 352 2165 2172
f 347 2144 2157
f 298 2000 2011
f 364 2198 2209
f 269 1913 1923
f 339 2125 2134
f 285 1963 1972
f 293 1985 1995
f 370 2219 2226
f 396 2292 2303
f 353 2162 2175
f 346 2147 2154
f 299 2003 2013
f 365 2201 2211
f 268 1910 1921
f 249 1863 1865
f 231 1809 1811
f 226 1794 1796
f 238 1830 1832
f 244 1848 1850
f 257 1886 1888
f 359 2192 2194
f 402 2318 2322
f 390 2282 2286
f 264 1904 1908
f 327 2097 2099
f 309 2043 2045
f 282 1956 1962
f 317 2066 2068
f 322 2082 2084
f 341 2138 2140
f 286 1974 1976
f 294 1992 1998
f 372 2228 2232
f 394 2295 2299
f 416 2331 2330
f 408 2327 2324
f 406 2328 2325
f 412 2334 2332
f 415 2337 2335
f 424 2346 2344
f 492 2412 2410
f 582 2499 2497
f 565 2487 2486
f 514 2436 2434
f 461 2376 2375
f 453 2372 2369
f 451 2373 2370
f 457 2379 2377
f 460 2382 2380
f 475 2396 2393
f 439 2361 2359
f 496 2418 2415
f 533 2457 2455
f 551 2463 2461
f 579 2492 2489
f 483 2402 2399
f 426 2343 2341
f 521 2433 2431
f 566 2478 2476
f 489 2406 2405
f 578 2502 2500
f 560 2484 2481
f 518 2442 2439
f 429 2349 2348
f 547 2468 2465
f 465 2387 2383
f 441 2358 2356
f 504 2421 2420
f 537 2454 2452
f 550 2472 2471
f 476 2388 2386
f 444 2364 2363
f 502 2426 2422
f 526 2448 2445
f 481 2403 2400
f 420 2342 2338
f 510 2432 2428
f 555 2477 2473
f 571 2493 2490
f 540 2462 2458
f 473 2397 2394
f 447 2367 2366
f 507 2427 2425
f 534 2447 2444
f 469 2391 2389
f 435 2357 2353
f 498 2417 2414
f 529 2453 2449
f 545 2469 2466
f 487 2411 2407
f 574 2498 2494
f 562 2483 2480
f 520 2441 2438
f 432 2352 2351
f 589 2509 2510
f 583 2503 2504
f 586 2506 2508
f 593 2512 2514
f 596 2515 2517
f 599 2518 2520
f 633 2555 2554
f 620 2541 2539
f 640 2562 2560
f 603 2522 2523
f 622 2542 2543
f 607 2528 2527
f 612 2531 2532
f 626 2545 2547
f 629 2548 2550
f 631 2551 2552
f 614 2533 2535
f 618 2537 2538
f 641 2559 2558
f 605 2526 2524
f 164 644 1607
f 163 643 1603
f 165 645 1604
f 166 646 1610
f 167 647 1613
f 172 652 1622
f 190 670 1686
f 219 699 1773
f 215 695 1761
f 201 681 1712
f 179 659 1652
f 178 658 1648
f 180 660 1649
f 181 661 1655
f 182 662 1658
f 185 665 1670
f 177 657 1637
f 197 677 1694
f 206 686 1731
f 208 688 1739
f 218 698 1768
f 188 668 1678
f 168 648 1619
f 198 678 1709
f 213 693 1754
f 189 669 1682
f 221 701 1776
f 217 697 1758
f 202 682 1716
f 170 650 1625
f 209 689 1742
f 184 664 1663
f 173 653 1634
f 194 674 1697
f 204 684 1728
f 210 690 1746
f 183 663 1664
f 175 655 1640
f 196 676 1700
f 207 687 1724
f 192 672 1679
f 169 649 1618
f 199 679 1708
f 216 696 1753
f 222 702 1769
f 211 691 1738
f 187 667 1671
f 176 656 1643
f 195 675 1701
f 203 683 1723
f 186 666 1667
f 174 654 1633
f 193 673 1693
f 205 685 1727
f 212 692 1743
f 191 671 1685
f 220 700 1772
f 214 694 1757
f 200 680 1715
f 171 651 1628
f 358 838 2187
f 256 736 1881
f 261 741 1899
f 387 867 2277
f 399 879 2313
f 351 831 2169
f 348 828 2156
f 300 780 2010
f 366 846 2208
f 267 747 1917
f 340 820 2133
f 287 767 1971
f 291 771 1989
f 369 849 2223
f 395 875 2300
f 354 834 2174
f 345 825 2151
f 297 777 2007
f 363 843 2205
f 270 750 1920
f 247 727 1855
f 229 709 1801
f 223 703 1784
f 235 715 1820
f 241 721 1838
f 253 733 1874
f 355 835 2180
f 398 878 2310
f 386 866 2274
f 260 740 1896
f 325 805 2089
f 307 787 2035
f 278 758 1950
f 313 793 2054
f 319 799 2072
f 337 817 2126
f 283 763 1964
f 290 770 1986
f 368 848 2220
f 392 872 2291
f 356 836 2183
f 254 734 1877
f 259 739 1891
f 385 865 2269
f 397 877 2305
f 349 829 2161
f 344 824 2148
f 296 776 2004
f 362 842 2202
f 265 745 1909
f 338 818 2129
f 284 764 1967
f 289 769 1981
f 367 847 2215
f 391 871 2288
f 350 830 2166
f 343 823 2143
f 295 775 1999
f 361 841 2197
f 266 746 1914
f 230 710 1806
f 224 704 1787
f 236 716 1823
f 242 722 1841
f 248 728 1860
f 272 752 1931
f 331 811 2108
f 301 781 2018
f 373 853 2234
f 380 860 2255
f 308 788 2040
f 277 757 1945
f 314 794 2057
f 320 800 2075
f 326 806 2094
f 332 812 2111
f 302 782 2021
f 374 854 2237
f 379 859 2252
f 271 751 1928
f 234 714 1812
f 227 707 1791
f 239 719 1827
f 245 725 1845
f 252 732 1866
f 275 755 1935
f 334 814 2118
f 304 784 2028
f 377 857 2246
f 382 862 2259
f 312 792 2048
f 279 759 1953
f 316 796 2061
f 323 803 2079
f 330 810 2100
f 335 815 2115
f 305 785 2025
f 376 856 2241
f 383 863 2264
f 274 754 1938
f 232 712 1802
f 225 705 1783
f 237 717 1819
f 243 723 1837
f 250 730 1856
f 273 753 1927
f 336 816 2112
f 306 786 2022
f 378 858 2238
f 381 861 2251
f 311 791 2036
f 281 761 1949
f 315 795 2053
f 321 801 2071
f 328 808 2090
f 333 813 2107
f 303 783 2017
f 375 855 2233
f 384 864 2256
f 276 756 1932
f 251 731 1859
f 233 713 1805
f 228 708 1788
f 240 720 1824
f 246 726 1842
f 258 738 1878
f 360 840 2184
f 401 881 2306
f 389 869 2270
f 263 743 1892
f 329 809 2093
f 310 790 2039
f 280 760 1946
f 318 798 2058
f 324 804 2076
f 342 822 2130
f 288 768 1968
f 292 772 1982
f 371 851 2216
f 393 873 2287
f 357 837 2179
f 255 735 1873
f 262 742 1895
f 388 868 2273
f 400 880 2309
f 352 832 2165
f 347 827 2144
f 298 778 2000
f 364 844 2198
f 269 749 1913
f 339 819 2125
f 285 765 1963
f 293 773 1985
f 370 850 2219
f 396 876 2292
f 353 833 2162
f 346 826 2147
f 299 779 2003
f 365 845 2201
f 268 748 1910
f 249 729 1863
f 231 711 1809
f 226 706 1794
f 238 718 1830
f 244 724 1848
f 257 737 1886
f 359 839 2192
f 402 882 2318
f 390 870 2282
f 264 744 1904
f 327 807 2097
f 309 789 2043
f 282 762 1956
f 317 797 2066
f 322 802 2082
f 341 821 2138
f 286 766 1974
f 294 774 1992
f 372 852 2228
f 394 874 2295
f 416 1270 2331
f 408 1246 2327
f 406 1251 2328
f 412 1287 2334
f 415 1305 2337
f 424 1335 2346
f 492 1552 2412
f 582 1474 2499
f 565 1600 2487
f 514 1353 2436
f 461 1480 2376
f 453 1402 2372
f 451 1407 2373
f 457 1491 2379
f 460 1503 2382
f 475 1534 2396
f 439 1413 2361
f 496 1443 2418
f 533 1593 2457
f 551 1384 2463
f 579 1324 2492
f 483 1276 2402
f 426 1264 2343
f 521 1300 2433
f 566 1318 2478
f 489 1342 2406
f 578 1563 2502
f 560 1461 2484
f 518 1587 2442
f 429 1348 2349
f 547 1522 2468
f 465 1419 2387
f 441 1396 2358
f 504 1498 2421
f 537 1516 2454
f 550 1558 2472
f 476 1426 2388
f 444 1432 2364
f 502 1569 2426
f 526 1371 2448
f 481 1281 2403
f 420 1257 2342
f 510 1293 2432
f 555 1311 2477
f 571 1329 2493
f 540 1377 2462
f 473 1539 2397
f 447 1450 2367
f 507 1576 2427
f 534 1366 2447
f 469 1485 2391
f 435 1389 2357
f 498 1438 2417
f 529 1509 2453
f 545 1527 2469
f 487 1545 2411
f 574 1467 2498
f 562 1456 2483
f 520 1582 2441
f 432 1360 2352
f 589 1271 2509
f 583 1247 2503
f 586 1254 2506
f 593 1290 2512
f 596 1308 2515
f 599 1338 2518
f 633 1553 2555
f 620 1475 2541
f 640 1601 2562
f 603 1356 2522
f 622 1481 2542
f 607 1403 2528
f 612 1410 2531
f 626 1494 2545
f 629 1506 2548
f 631 1535 2551
f 614 1416 2533
f 618 1446 2537
f 641 1596 2559
f 605 1385 2526
f 167 907 1616
f 164 889 1608
f 163 883 1606
f 165 895 1612
f 166 901 1615
f 169 919 1624
f 192 1057 1692
f 222 1237 1782
f 216 1201 1765
f 199 1099 1714
f 182 997 1661
f 179 979 1653
f 178 973 1651
f 180 985 1657
f 181 991 1660
f 186 1021 1675
f 174 949 1639
f 193 1063 1696
f 205 1135 1733
f 212 1177 1751
f 221 1231 1779
f 189 1039 1683
f 170 925 1626
f 202 1117 1721
f 217 1207 1766
f 191 1051 1689
f 220 1225 1778
f 214 1189 1760
f 200 1105 1718
f 171 931 1629
f 210 1165 1747
f 183 1003 1665
f 175 955 1641
f 196 1081 1704
f 207 1147 1737
f 211 1171 1750
f 187 1027 1676
f 176 961 1644
f 195 1075 1702
f 203 1123 1726
f 188 1033 1681
f 168 913 1620
f 198 1093 1710
f 213 1183 1755
f 218 1213 1771
f 208 1153 1740
f 185 1015 1673
f 177 967 1647
f 197 1087 1707
f 206 1141 1734
f 184 1009 1669
f 173 943 1635
f 194 1069 1698
f 204 1129 1729
f 209 1159 1745
f 190 1045 1687
f 219 1219 1774
f 215 1195 1762
f 201 1111 1720
f 172 937 1632
f 357 1280 2189
f 255 1256 1883
f 262 1292 1903
f 388 1310 2281
f 400 1328 2317
f 352 1376 2173
f 347 1538 2158
f 298 1447 2012
f 364 1573 2210
f 269 1363 1924
f 339 1484 2135
f 285 1388 1973
f 293 1435 1996
f 370 1508 2227
f 396 1526 2304
f 353 1544 2176
f 346 1466 2155
f 299 1453 2014
f 365 1579 2212
f 268 1357 1922
f 249 1268 1864
f 231 1244 1810
f 226 1249 1795
f 238 1285 1831
f 244 1303 1849
f 257 1333 1887
f 359 1550 2193
f 402 1472 2321
f 390 1598 2285
f 264 1351 1907
f 327 1478 2098
f 309 1400 2044
f 282 1405 1961
f 317 1489 2067
f 322 1501 2083
f 341 1532 2139
f 286 1411 1975
f 294 1441 1997
f 372 1591 2231
f 394 1382 2298
f 358 1322 2190
f 256 1274 1884
f 261 1262 1900
f 387 1298 2278
f 399 1316 2314
f 351 1340 2170
f 348 1561 2159
f 300 1459 2015
f 366 1585 2213
f 267 1346 1918
f 340 1520 2136
f 287 1417 1977
f 291 1394 1990
f 369 1496 2224
f 395 1514 2301
f 354 1556 2177
f 345 1424 2152
f 297 1430 2008
f 363 1567 2206
f 270 1369 1925
f 234 1279 1817
f 227 1255 1797
f 239 1291 1833
f 245 1309 1851
f 252 1327 1871
f 275 1375 1941
f 334 1537 2119
f 304 1448 2029
f 377 1574 2247
f 382 1364 2262
f 312 1483 2051
f 279 1387 1954
f 316 1436 2064
f 323 1507 2085
f 330 1525 2105
f 335 1543 2121
f 305 1465 2031
f 376 1454 2244
f 383 1580 2265
f 274 1358 1939
f 232 1267 1814
f 225 1243 1793
f 237 1250 1829
f 243 1286 1847
f 250 1304 1868
f 273 1334 1937
f 336 1549 2124
f 306 1471 2034
f 378 1597 2250
f 381 1352 2261
f 311 1477 2050
f 281 1399 1960
f 315 1406 2063
f 321 1490 2081
f 328 1502 2102
f 333 1531 2117
f 303 1412 2027
f 375 1442 2243
f 384 1592 2268
f 276 1381 1944
f 229 890 1804
f 223 884 1785
f 235 896 1821
f 241 902 1839
f 247 908 1858
f 271 938 1929
f 332 1046 2114
f 302 1220 2024
f 374 1196 2240
f 379 1112 2253
f 307 980 2038
f 278 974 1951
f 313 986 2055
f 319 992 2073
f 325 998 2092
f 331 1016 2109
f 301 968 2019
f 373 1088 2235
f 380 1142 2258
f 272 1154 1934
f 248 1214 1861
f 230 1034 1807
f 224 914 1790
f 236 1094 1826
f 242 1184 1844
f 254 1040 1880
f 356 1232 2186
f 397 1208 2308
f 385 1118 2272
f 259 926 1894
f 326 1160 2095
f 308 1010 2041
f 277 944 1948
f 314 1070 2060
f 320 1130 2078
f 338 1166 2132
f 284 1004 1970
f 289 956 1984
f 367 1082 2218
f 391 1148 2289
f 355 1058 2181
f 253 920 1875
f 260 1100 1897
f 386 1202 2275
f 398 1238 2311
f 350 1172 2167
f 343 1028 2146
f 295 962 2002
f 361 1076 2200
f 266 1124 1915
f 337 1022 2127
f 283 950 1965
f 290 1064 1987
f 368 1136 2221
f 392 1178 2294
f 349 1052 2164
f 344 1226 2149
f 296 1190 2005
f 362 1106 2203
f 265 932 1912
f 251 1321 1870
f 233 1273 1816
f 228 1261 1800
f 240 1297 1836
f 246 1315 1854
f 258 1339 1890
f 360 1562 2196
f 401 1460 2320
f 389 1586 2284
f 263 1345 1906
f 329 1519 2104
f 310 1418 2047
f 280 1393 1958
f 318 1495 2070
f 324 1513 2088
f 342 1555 2142
f 288 1423 1980
f 292 1429 1994
f 371 1568 2230
f 393 1370 2297
f 409 894 2329
f 405 887 2323
f 411 899 2326
f 414 905 2333
f 417 912 2336
f 431 941 2345
f 488 1050 2409
f 575 1224 2496
f 563 1200 2485
f 519 1115 2435
f 454 984 2374
f 450 977 2368
f 456 989 2371
f 459 995 2378
f 462 1002 2381
f 472 1019 2392
f 446 971 2360
f 506 1091 2416
f 535 1146 2456
f 541 1158 2460
f 570 1217 2488
f 480 1037 2398
f 421 918 2340
f 511 1098 2430
f 556 1188 2475
f 484 1044 2404
f 580 1236 2501
f 567 1212 2482
f 522 1122 2440
f 427 930 2347
f 544 1163 2464
f 468 1013 2384
f 436 948 2355
f 499 1074 2419
f 530 1134 2451
f 548 1170 2470
f 466 1008 2385
f 442 960 2362
f 505 1086 2423
f 536 1151 2446
f 491 1061 2401
f 423 923 2339
f 513 1103 2429
f 564 1205 2474
f 581 1241 2491
f 549 1175 2459
f 477 1032 2395
f 445 966 2365
f 503 1080 2424
f 525 1127 2443
f 474 1025 2390
f 438 953 2354
f 495 1067 2413
f 532 1139 2450
f 552 1182 2467
f 490 1056 2408
f 577 1229 2495
f 559 1193 2479
f 517 1109 2437
f 430 936 2350
f 590 1325 2511
f 584 1277 2505
f 585 1265 2507
f 592 1301 2513
f 595 1319 2516
f 598 1343 2519
f 636 1566 2556
f 621 1464 2540
f 642 1590 2561
f 601 1349 2521
f 623 1523 2544
f 611 1422 2529
f 609 1397 2530
f 625 1499 2546
f 628 1517 2549
f 632 1559 2553
f 613 1427 2534
f 616 1433 2536
f 638 1572 2557
f 606 1374 2525
f 407 892 1609
f 403 885 1605
f 404 897 1611
f 410 903 1614
f 413 910 1617
f 422 939 1631
f 486 1048 1688
f 573 1222 1775
f 561 1198 1763
f 512 1113 1719
f 452 982 1654
f 448 975 1650
f 449 987 1656
f 455 993 1659
f 458 1000 1662
f 470 1017 1672
f 437 969 1646
f 494 1089 1706
f 531 1144 1735
f 539 1156 1741
f 568 1215 1770
f 478 1035 1680
f 419 916 1621
f 509 1096 1711
f 554 1186 1756
f 482 1042 1684
f 576 1234 1780
f 558 1210 1767
f 516 1120 1722
f 425 928 1627
f 542 1161 1744
f 463 1011 1668
f 434 946 1636
f 497 1072 1699
f 528 1132 1730
f 546 1168 1748
f 464 1006 1666
f 440 958 1642
f 500 1084 1705
f 524 1149 1736
f 479 1059 1691
f 418 921 1623
f 508 1101 1713
f 553 1203 1764
f 569 1239 1781
f 538 1173 1749
f 471 1030 1677
f 443 964 1645
f 501 1078 1703
f 523 1125 1725
f 467 1023 1674
f 433 951 1638
f 493 1065 1695
f 527 1137 1732
f 543 1180 1752
f 485 1054 1690
f 572 1227 1777
f 557 1191 1759
f 515 1107 1717
f 428 934 1630
f 591 1326 2191
f 587 1278 1885
f 588 1266 1901
f 594 1302 2279
f 597 1320 2315
f 600 1344 2171
f 634 1565 2160
f 619 1463 2016
f 639 1589 2214
f 602 1350 1919
f 624 1524 2137
f 608 1421 1978
f 610 1398 1991
f 627 1500 2225
f 630 1518 2302
f 635 1560 2178
f 615 1428 2153
f 617 1434 2009
f 637 1571 2207
f 604 1373 1926
f 416 911 1857
f 408 893 1803
f 406 888 1786
f 412 900 1822
f 415 906 1840
f 424 924 1876
f 492 1062 2182
f 582 1242 2312
f 565 1206 2276
f 514 1104 1898
f 461 1001 2091
f 453 983 2037
f 451 978 1952
f 457 990 2056
f 460 996 2074
f 475 1026 2128
f 439 954 1966
f 496 1068 1988
f 533 1140 2222
f 551 1181 2293
f 579 1235 2185
f 483 1043 1879
f 426 929 1893
f 521 1121 2271
f 566 1211 2307
f 489 1055 2163
f 578 1230 2150
f 560 1194 2006
f 518 1110 2204
f 429 935 1911
f 547 1169 2131
f 465 1007 1969
f 441 959 1983
f 504 1085 2217
f 537 1152 2290
f 550 1176 2168
f 476 1031 2145
f 444 965 2001
f 502 1079 2199
f 526 1128 1916
f 481 1038 1808
f 420 917 1789
f 510 1097 1825
f 555 1187 1843
f 571 1218 1862
f 540 1157 1933
f 473 1020 2110
f 447 972 2020
f 507 1092 2236
f 534 1145 2257
f 469 1014 2042
f 435 947 1947
f 498 1073 2059
f 529 1133 2077
f 545 1164 2096
f 487 1049 2113
f 574 1223 2023
f 562 1199 2239
f 520 1116 2254
f 432 942 1930
f 589 1283 1818
f 583 1259 1798
f 586 1295 1834
f 593 1313 1852
f 596 1331 1872
f 599 1379 1942
f 633 1541 2120
f 620 1452 2030
f 640 1578 2248
f 603 1368 2263
f 622 1487 2052
f 607 1391 1955
f 612 1440 2065
f 626 1511 2086
f 629 1529 2106
f 631 1547 2122
f 614 1469 2032
f 618 1458 2245
f 641 1584 2266
f 605 1362 1940
f 409 1269 1813
f 405 1245 1792
f 411 1252 1828
f 414 1288 1846
f 417 1306 1867
f 431 1336 1936
f 488 1551 2123
f 575 1473 2033
f 563 1599 2249
f 519 1354 2260
f 454 1479 2049
f 450 1401 1959
f 456 1408 2062
f 459 1492 2080
f 462 1504 2101
f 472 1533 2116
f 446 1414 2026
f 506 1444 2242
f 535 1594 2267
f 541 1383 1943
f 570 1323 1869
f 480 1275 1815
f 421 1263 1799
f 511 1299 1835
f 556 1317 1853
f 484 1341 1889
f 580 1564 2195
f 567 1462 2319
f 522 1588 2283
f 427 1347 1905
f 544 1521 2103
f 468 1420 2046
f 436 1395 1957
f 499 1497 2069
f 530 1515 2087
f 548 1557 2141
f 466 1425 1979
f 442 1431 1993
f 505 1570 2229
f 536 1372 2296
f 491 1282 2188
f 423 1258 1882
f 513 1294 1902
f 564 1312 2280
f 581 1330 2316
f 549 1378 2172
f 477 1540 2157
f 445 1449 2011
f 503 1575 2209
f 525 1365 1923
f 474 1486 2134
f 438 1390 1972
f 495 1437 1995
f 532 1510 2226
f 552 1528 2303
f 490 1546 2175
f 577 1468 2154
f 559 1455 2013
f 517 1581 2211
f 430 1359 1921
f 590 1272 1865
f 584 1248 1811
f 585 1253 1796
f 592 1289 1832
f 595 1307 1850
f 598 1337 1888
f 636 1554 2194
f 621 1476 2322
f 642 1602 2286
f 601 1355 1908
f 623 1482 2099
f 611 1404 2045
f 609 1409 1962
f 625 1493 2068
f 628 1505 2084
f 632 1536 2140
f 613 1415 1976
f 616 1445 1998
f 638 1595 2232
f 606 1386 2299
f 407 909 2330
f 403 891 2324
f 404 886 2325
f 410 898 2332
f 413 904 2335
f 422 922 2344
f 486 1060 2410
f 573 1240 2497
f 561 1204 2486
f 512 1102 2434
f 452 999 2375
f 448 981 2369
f 449 976 2370
f 455 988 2377
f 458 994 2380
f 470 1024 2393
f 437 952 2359
f 494 1066 2415
f 531 1138 2455
f 539 1179 2461
f 568 1233 2489
f 478 1041 2399
f 419 927 2341
f 509 1119 2431
f 554 1209 2476
f 482 1053 2405
f 576 1228 2500
f 558 1192 2481
f 516 1108 2439
f 425 933 2348
f 542 1167 2465
f 463 1005 2383
f 434 957 2356
f 497 1083 2420
f 528 1150 2452
f 546 1174 2471
f 464 1029 2386
f 440 963 2363
f 500 1077 2422
f 524 1126 2445
f 479 1036 2400
f 418 915 2338
f 508 1095 2428
f 553 1185 2473
f 569 1216 2490
f 538 1155 2458
f 471 1018 2394
f 443 970 2366
f 501 1090 2425
f 523 1143 2444
f 467 1012 2389
f 433 945 2353
f 493 1071 2414
f 527 1131 2449
f 543 1162 2466
f 485 1047 2407
f 572 1221 2494
f 557 1197 2480
f 515 1114 2438
f 428 940 2351
f 591 1284 2510
f 587 1260 2504
f 588 1296 2508
f 594 1314 2514
f 597 1332 2517
f 600 1380 2520
f 634 1542 2554
f 619 1451 2539
f 639 1577 2560
f 602 1367 2523
f 624 1488 2543
f 608 1392 2527
f 610 1439 2532
f 627 1512 2547
f 630 1530 2550
f 635 1548 2552
f 615 1470 2535
f 617 1457 2538
f 637 1583 2558
f 604 1361 2524
f 167 1616 1607
f 164 1608 1603
f 163 1606 1604
f 165 1612 1610
f 166 1615 1613
f 169 1624 1622
f 192 1692 1686
f 222 1782 1773
f 216 1765 1761
f 199 1714 1712
f 182 1661 1652
f 179 1653 1648
f 178 1651 1649
f 180 1657 1655
f 181 1660 1658
f 186 1675 1670
f 174 1639 1637
f 193 1696 1694
f 205 1733 1731
f 212 1751 1739
f 221 1779 1768
f 189 1683 1678
f 170 1626 1619
f 202 1721 1709
f 217 1766 1754
f 191 1689 1682
f 220 1778 1776
f 214 1760 1758
f 200 1718 1716
f 171 1629 1625
f 210 1747 1742
f 183 1665 1663
f 175 1641 1634
f 196 1704 1697
f 207 1737 1728
f 211 1750 1746
f 187 1676 1664
f 176 1644 1640
f 195 1702 1700
f 203 1726 1724
f 188 1681 1679
f 168 1620 1618
f 198 1710 1708
f 213 1755 1753
f 218 1771 1769
f 208 1740 1738
f 185 1673 1671
f 177 1647 1643
f 197 1707 1701
f 206 1734 1723
f 184 1669 1667
f 173 1635 1633
f 194 1698 1693
f 204 1729 1727
f 209 1745 1743
f 190 1687 1685
f 219 1774 1772
f 215 1762 1757
f 201 1720 1715
f 172 1632 1628
f 357 2189 2187
f 255 1883 1881
f 262 1903 1899
f 388 2281 2277
f 400 2317 2313
f 352 2173 2169
f 347 2158 2156
f 298 2012 2010
f 364 2210 2208
f 269 1924 1917
f 339 2135 2133
f 285 1973 1971
f 293 1996 1989
f 370 2227 2223
f 396 2304 2300
f 353 2176 2174
f 346 2155 2151
f 299 2014 2007
f 365 2212 2205
f 268 1922 1920
f 249 1864 1855
f 231 1810 1801
f 226 1795 1784
f 238 1831 1820
f 244 1849 1838
f 257 1887 1874
f 359 2193 2180
f 402 2321 2310
f 390 2285 2274
f 264 1907 1896
f 327 2098 2089
f 309 2044 2035
f 282 1961 1950
f 317 2067 2054
f 322 2083 2072
f 341 2139 2126
f 286 1975 1964
f 294 1997 1986
f 372 2231 2220
f 394 2298 2291
f 358 2190 2183
f 256 1884 1877
f 261 1900 1891
f 387 2278 2269
f 399 2314 2305
f 351 2170 2161
f 348 2159 2148
f 300 2015 2004
f 366 2213 2202
f 267 1918 1909
f 340 2136 2129
f 287 1977 1967
f 291 1990 1981
f 369 2224 2215
f 395 2301 2288
f 354 2177 2166
f 345 2152 2143
f 297 2008 1999
f 363 2206 2197
f 270 1925 1914
f 234 1817 1806
f 227 1797 1787
f 239 1833 1823
f 245 1851 1841
f 252 1871 1860
f 275 1941 1931
f 334 2119 2108
f 304 2029 2018
f 377 2247 2234
f 382 2262 2255
f 312 2051 2040
f 279 1954 1945
f 316 2064 2057
f 323 2085 2075
f 330 2105 2094
f 335 2121 2111
f 305 2031 2021
f 376 2244 2237
f 383 2265 2252
f 274 1939 1928
f 232 1814 1812
f 225 1793 1791
f 237 1829 1827
f 243 1847 1845
f 250 1868 1866
f 273 1937 1935
f 336 2124 2118
f 306 2034 2028
f 378 2250 2246
f 381 2261 2259
f 311 2050 2048
f 281 1960 1953
f 315 2063 2061
f 321 2081 2079
f 328 2102 2100
f 333 2117 2115
f 303 2027 2025
f 375 2243 2241
f 384 2268 2264
f 276 1944 1938
f 229 1804 1802
f 223 1785 1783
f 235 1821 1819
f 241 1839 1837
f 247 1858 1856
f 271 1929 1927
f 332 2114 2112
f 302 2024 2022
f 374 2240 2238
f 379 2253 2251
f 307 2038 2036
f 278 1951 1949
f 313 2055 2053
f 319 2073 2071
f 325 2092 2090
f 331 2109 2107
f 301 2019 2017
f 373 2235 2233
f 380 2258 2256
f 272 1934 1932
f 248 1861 1859
f 230 1807 1805
f 224 1790 1788
f 236 1826 1824
f 242 1844 1842
f 254 1880 1878
f 356 2186 2184
f 397 2308 2306
f 385 2272 2270
f 259 1894 1892
f 326 2095 2093
f 308 2041 2039
f 277 1948 1946
f 314 2060 2058
f 320 2078 2076
f 338 2132 2130
f 284 1970 1968
f 289 1984 1982
f 367 2218 2216
f 391 2289 2287
f 355 2181 2179
f 253 1875 1873
f 260 1897 1895
f 386 2275 2273
f 398 2311 2309
f 350 2167 2165
f 343 2146 2144
f 295 2002 2000
f 361 2200 2198
f 266 1915 1913
f 337 2127 2125
f 283 1965 1963
f 290 1987 1985
f 368 2221 2219
f 392 2294 2292
f 349 2164 2162
f 344 2149 2147
f 296 2005 2003
f 362 2203 2201
f 265 1912 1910
f 251 1870 1863
f 233 1816 1809
f 228 1800 1794
f 240 1836 1830
f 246 1854 1848
f 258 1890 1886
f 360 2196 2192
f 401 2320 2318
f 389 2284 2282
f 263 1906 1904
f 329 2104 2097
f 310 2047 2043
f 280 1958 1956
f 318 2070 2066
f 324 2088 2082
f 342 2142 2138
f 288 1980 1974
f 292 1994 1992
f 371 2230 2228
f 393 2297 2295
f 409 2329 2331
f 405 2323 2327
f 411 2326 2328
f 414 2333 2334
f 417 2336 2337
f 431 2345 2346
f 488 2409 2412
f 575 2496 2499
f 563 2485 2487
f 519 2435 2436
f 454 2374 2376
f 450 2368 2372
f 456 2371 2373
f 459 2378 2379
f 462 2381 2382
f 472 2392 2396
f 446 2360 2361
f 506 2416 2418
f 535 2456 2457
f 541 2460 2463
f 570 2488 2492
f 480 2398 2402
f 421 2340 2343
f 511 2430 2433
f 556 2475 2478
f 484 2404 2406
f 580 2501 2502
f 567 2482 2484
f 522 2440 2442
f 427 2347 2349
f 544 2464 2468
f 468 2384 2387
f 436 2355 2358
f 499 2419 2421
f 530 2451 2454
f 548 2470 2472
f 466 2385 2388
f 442 2362 2364
f 505 2423 2426
f 536 2446 2448
f 491 2401 2403
f 423 2339 2342
f 513 2429 2432
f 564 2474 2477
f 581 2491 2493
f 549 2459 2462
f 477 2395 2397
f 445 2365 2367
f 503 2424 2427
f 525 2443 2447
f 474 2390 2391
f 438 2354 2357
f 495 2413 2417
f 532 2450 2453
f 552 2467 2469
f 490 2408 2411
f 577 2495 2498
f 559 2479 2483
f 517 2437 2441
f 430 2350 2352
f 590 2511 2509
f 584 2505 2503
f 585 2507 2506
f 592 2513 2512
f 595 2516 2515
f 598 2519 2518
f 636 2556 2555
f 621 2540 2541
f 642 2561 2562
f 601 2521 2522
f 623 2544 2542
f 611 2529 2528
f 609 2530 2531
f 625 2546 2545
f 628 2549 2548
f 632 2553 2551
f 613 2534 2533
f 616 2536 2537
f 638 2557 2559
f 606 2525 2526
f 1607 644 647
f 1603 643 644
f 1604 645 643
f 1610 646 645
f 1613 647 646
f 1622 652 649
f 1686 670 672
f 1773 699 702
f 1761 695 696
f 1712 681 679
f 1652 659 662
f 1648 658 659
f 1649 660 658
f 1655 661 660
f 1658 662 661
f 1670 665 666
f 1637 657 654
f 1694 677 673
f 1731 686 685
f 1739 688 692
f 1768 698 701
f 1678 668 669
f 1619 648 650
f 1709 678 682
f 1754 693 697
f 1682 669 671
f 1776 701 700
f 1758 697 694
f 1716 682 680
f 1625 650 651
f 1742 689 690
f 1663 664 663
f 1634 653 655
f 1697 674 676
f 1728 684 687
f 1746 690 691
f 1664 663 667
f 1640 655 656
f 1700 676 675
f 1724 687 683
f 1679 672 668
f 1618 649 648
f 1708 679 678
f 1753 696 693
f 1769 702 698
f 1738 691 688
f 1671 667 665
f 1643 656 657
f 1701 675 677
f 1723 683 686
f 1667 666 664
f 1633 654 653
f 1693 673 674
f 1727 685 684
f 1743 692 689
f 1685 671 670
f 1772 700 699
f 1757 694 695
f 1715 680 681
f 1628 651 652
f 2187 838 837
f 1881 736 735
f 1899 741 742
f 2277 867 868
f 2313 879 880
f 2169 831 832
f 2156 828 827
f 2010 780 778
f 2208 846 844
f 1917 747 749
f 2133 820 819
f 1971 767 765
f 1989 771 773
f 2223 849 850
f 2300 875 876
f 2174 834 833
f 2151 825 826
f 2007 777 779
f 2205 843 845
f 1920 750 748
f 1855 727 729
f 1801 709 711
f 1784 703 706
f 1820 715 718
f 1838 721 724
f 1874 733 737
f 2180 835 839
f 2310 878 882
f 2274 866 870
f 1896 740 744
f 2089 805 807
f 2035 787 789
f 1950 758 762
f 2054 793 797
f 2072 799 802
f 2126 817 821
f 1964 763 766
f 1986 770 774
f 2220 848 852
f 2291 872 874
f 2183 836 838
f 1877 734 736
f 1891 739 741
f 2269 865 867
f 2305 877 879
f 2161 829 831
f 2148 824 828
f 2004 776 780
f 2202 842 846
f 1909 745 747
f 2129 818 820
f 1967 764 767
f 1981 769 771
f 2215 847 849
f 2288 871 875
f 2166 830 834
f 2143 823 825
f 1999 775 777
f 2197 841 843
f 1914 746 750
f 1806 710 714
f 1787 704 707
f 1823 716 719
f 1841 722 725
f 1860 728 732
f 1931 752 755
f 2108 811 814
f 2018 781 784
f 2234 853 857
f 2255 860 862
f 2040 788 792
f 1945 757 759
f 2057 794 796
f 2075 800 803
f 2094 806 810
f 2111 812 815
f 2021 782 785
f 2237 854 856
f 2252 859 863
f 1928 751 754
f 1812 714 712
f 1791 707 705
f 1827 719 717
f 1845 725 723
f 1866 732 730
f 1935 755 753
f 2118 814 816
f 2028 784 786
f 2246 857 858
f 2259 862 861
f 2048 792 791
f 1953 759 761
f 2061 796 795
f 2079 803 801
f 2100 810 808
f 2115 815 813
f 2025 785 783
f 2241 856 855
f 2264 863 864
f 1938 754 756
f 1802 712 709
f 1783 705 703
f 1819 717 715
f 1837 723 721
f 1856 730 727
f 1927 753 751
f 2112 816 812
f 2022 786 782
f 2238 858 854
f 2251 861 859
f 2036 791 787
f 1949 761 758
f 2053 795 793
f 2071 801 799
f 2090 808 805
f 2107 813 811
f 2017 783 781
f 2233 855 853
f 2256 864 860
f 1932 756 752
f 1859 731 728
f 1805 713 710
f 1788 708 704
f 1824 720 716
f 1842 726 722
f 1878 738 734
f 2184 840 836
f 2306 881 877
f 2270 869 865
f 1892 743 739
f 2093 809 806
f 2039 790 788
f 1946 760 757
f 2058 798 794
f 2076 804 800
f 2130 822 818
f 1968 768 764
f 1982 772 769
f 2216 851 847
f 2287 873 871
f 2179 837 835
f 1873 735 733
f 1895 742 740
f 2273 868 866
f 2309 880 878
f 2165 832 830
f 2144 827 823
f 2000 778 775
f 2198 844 841
f 1913 749 746
f 2125 819 817
f 1963 765 763
f 1985 773 770
f 2219 850 848
f 2292 876 872
f 2162 833 829
f 2147 826 824
f 2003 779 776
f 2201 845 842
f 1910 748 745
f 1863 729 731
f 1809 711 713
f 1794 706 708
f 1830 718 720
f 1848 724 726
f 1886 737 738
f 2192 839 840
f 2318 882 881
f 2282 870 869
f 1904 744 743
f 2097 807 809
f 2043 789 790
f 1956 762 760
f 2066 797 798
f 2082 802 804
f 2138 821 822
f 1974 766 768
f 1992 774 772
f 2228 852 851
f 2295 874 873
f 2331 1270 1269
f 2327 1246 1245
f 2328 1251 1252
f 2334 1287 1288
f 2337 1305 1306
f 2346 1335 1336
f 2412 1552 1551
f 2499 1474 1473
f 2487 1600 1599
f 2436 1353 1354
f 2376 1480 1479
f 2372 1402 1401
f 2373 1407 1408
f 2379 1491 1492
f 2382 1503 1504
f 2396 1534 1533
f 2361 1413 1414
f 2418 1443 1444
f 2457 1593 1594
f 2463 1384 1383
f 2492 1324 1323
f 2402 1276 1275
f 2343 1264 1263
f 2433 1300 1299
f 2478 1318 1317
f 2406 1342 1341
f 2502 1563 1564
f 2484 1461 1462
f 2442 1587 1588
f 2349 1348 1347
f 2468 1522 1521
f 2387 1419 1420
f 2358 1396 1395
f 2421 1498 1497
f 2454 1516 1515
f 2472 1558 1557
f 2388 1426 1425
f 2364 1432 1431
f 2426 1569 1570
f 2448 1371 1372
f 2403 1281 1282
f 2342 1257 1258
f 2432 1293 1294
f 2477 1311 1312
f 2493 1329 1330
f 2462 1377 1378
f 2397 1539 1540
f 2367 1450 1449
f 2427 1576 1575
f 2447 1366 1365
f 2391 1485 1486
f 2357 1389 1390
f 2417 1438 1437
f 2453 1509 1510
f 2469 1527 1528
f 2411 1545 1546
f 2498 1467 1468
f 2483 1456 1455
f 2441 1582 1581
f 2352 1360 1359
f 2509 1271 1272
f 2503 1247 1248
f 2506 1254 1253
f 2512 1290 1289
f 2515 1308 1307
f 2518 1338 1337
f 2555 1553 1554
f 2541 1475 1476
f 2562 1601 1602
f 2522 1356 1355
f 2542 1481 1482
f 2528 1403 1404
f 2531 1410 1409
f 2545 1494 1493
f 2548 1506 1505
f 2551 1535 1536
f 2533 1416 1415
f 2537 1446 1445
f 2559 1596 1595
f 2526 1385 1386
f 1616 907 909
f 1608 889 891
f 1606 883 886
f 1612 895 898
f 1615 901 904
f 1624 919 922
f 1692 1057 1060
f 1782 1237 1240
f 1765 1201 1204
f 1714 1099 1102
f 1661 997 999
f 1653 979 981
f 1651 973 976
f 1657 985 988
f 1660 991 994
f 1675 1021 1024
f 1639 949 952
f 1696 1063 1066
f 1733 1135 1138
f 1751 1177 1179
f 1779 1231 1233
f 1683 1039 1041
f 1626 925 927
f 1721 1117 1119
f 1766 1207 1209
f 1689 1051 1053
f 1778 1225 1228
f 1760 1189 1192
f 1718 1105 1108
f 1629 931 933
f 1747 1165 1167
f 1665 1003 1005
f 1641 955 957
f 1704 1081 1083
f 1737 1147 1150
f 1750 1171 1174
f 1676 1027 1029
f 1644 961 963
f 1702 1075 1077
f 1726 1123 1126
f 1681 1033 1036
f 1620 913 915
f 1710 1093 1095
f 1755 1183 1185
f 1771 1213 1216
f 1740 1153 1155
f 1673 1015 1018
f 1647 967 970
f 1707 1087 1090
f 1734 1141 1143
f 1669 1009 1012
f 1635 943 945
f 1698 1069 1071
f 1729 1129 1131
f 1745 1159 1162
f 1687 1045 1047
f 1774 1219 1221
f 1762 1195 1197
f 1720 1111 1114
f 1632 937 940
f 2189 1280 1284
f 1883 1256 1260
f 1903 1292 1296
f 2281 1310 1314
f 2317 1328 1332
f 2173 1376 1380
f 2158 1538 1542
f 2012 1447 1451
f 2210 1573 1577
f 1924 1363 1367
f 2135 1484 1488
f 1973 1388 1392
f 1996 1435 1439
f 2227 1508 1512
f 2304 1526 1530
f 2176 1544 1548
f 2155 1466 1470
f 2014 1453 1457
f 2212 1579 1583
f 1922 1357 1361
f 1864 1268 1270
f 1810 1244 1246
f 1795 1249 1251
f 1831 1285 1287
f 1849 1303 1305
f 1887 1333 1335
f 2193 1550 1552
f 2321 1472 1474
f 2285 1598 1600
f 1907 1351 1353
f 2098 1478 1480
f 2044 1400 1402
f 1961 1405 1407
f 2067 1489 1491
f 2083 1501 1503
f 2139 1532 1534
f 1975 1411 1413
f 1997 1441 1443
f 2231 1591 1593
f 2298 1382 1384
f 2190 1322 1324
f 1884 1274 1276
f 1900 1262 1264
f 2278 1298 1300
f 2314 1316 1318
f 2170 1340 1342
f 2159 1561 1563
f 2015 1459 1461
f 2213 1585 1587
f 1918 1346 1348
f 2136 1520 1522
f 1977 1417 1419
f 1990 1394 1396
f 2224 1496 1498
f 2301 1514 1516
f 2177 1556 1558
f 2152 1424 1426
f 2008 1430 1432
f 2206 1567 1569
f 1925 1369 1371
f 1817 1279 1281
f 1797 1255 1257
f 1833 1291 1293
f 1851 1309 1311
f 1871 1327 1329
f 1941 1375 1377
f 2119 1537 1539
f 2029 1448 1450
f 2247 1574 1576
f 2262 1364 1366
f 2051 1483 1485
f 1954 1387 1389
f 2064 1436 1438
f 2085 1507 1509
f 2105 1525 1527
f 2121 1543 1545
f 2031 1465 1467
f 2244 1454 1456
f 2265 1580 1582
f 1939 1358 1360
f 1814 1267 1271
f 1793 1243 1247
f 1829 1250 1254
f 1847 1286 1290
f 1868 1304 1308
f 1937 1334 1338
f 2124 1549 1553
f 2034 1471 1475
f 2250 1597 1601
f 2261 1352 1356
f 2050 1477 1481
f 1960 1399 1403
f 2063 1406 1410
f 2081 1490 1494
f 2102 1502 1506
f 2117 1531 1535
f 2027 1412 1416
f 2243 1442 1446
f 2268 1592 1596
f 1944 1381 1385
f 1804 890 894
f 1785 884 887
f 1821 896 899
f 1839 902 905
f 1858 908 912
f 1929 938 941
f 2114 1046 1050
f 2024 1220 1224
f 2240 1196 1200
f 2253 1112 1115
f 2038 980 984
f 1951 974 977
f 2055 986 989
f 2073 992 995
f 2092 998 1002
f 2109 1016 1019
f 2019 968 971
f 2235 1088 1091
f 2258 1142 1146
f 1934 1154 1158
f 1861 1214 1217
f 1807 1034 1037
f 1790 914 918
f 1826 1094 1098
f 1844 1184 1188
f 1880 1040 1044
f 2186 1232 1236
f 2308 1208 1212
f 2272 1118 1122
f 1894 926 930
f 2095 1160 1163
f 2041 1010 1013
f 1948 944 948
f 2060 1070 1074
f 2078 1130 1134
f 2132 1166 1170
f 1970 1004 1008
f 1984 956 960
f 2218 1082 1086
f 2289 1148 1151
f 2181 1058 1061
f 1875 920 923
f 1897 1100 1103
f 2275 1202 1205
f 2311 1238 1241
f 2167 1172 1175
f 2146 1028 1032
f 2002 962 966
f 2200 1076 1080
f 1915 1124 1127
f 2127 1022 1025
f 1965 950 953
f 1987 1064 1067
f 2221 1136 1139
f 2294 1178 1182
f 2164 1052 1056
f 2149 1226 1229
f 2005 1190 1193
f 2203 1106 1109
f 1912 932 936
f 1870 1321 1325
f 1816 1273 1277
f 1800 1261 1265
f 1836 1297 1301
f 1854 1315 1319
f 1890 1339 1343
f 2196 1562 1566
f 2320 1460 1464
f 2284 1586 1590
f 1906 1345 1349
f 2104 1519 1523
f 2047 1418 1422
f 1958 1393 1397
f 2070 1495 1499
f 2088 1513 1517
f 2142 1555 1559
f 1980 1423 1427
f 1994 1429 1433
f 2230 1568 1572
f 2297 1370 1374
f 2329 894 892
f 2323 887 885
f 2326 899 897
f 2333 905 903
f 2336 912 910
f 2345 941 939
f 2409 1050 1048
f 2496 1224 1222
f 2485 1200 1198
f 2435 1115 1113
f 2374 984 982
f 2368 977 975
f 2371 989 987
f 2378 995 993
f 2381 1002 1000
f 2392 1019 1017
f 2360 971 969
f 2416 1091 1089
f 2456 1146 1144
f 2460 1158 1156
f 2488 1217 1215
f 2398 1037 1035
f 2340 918 916
f 2430 1098 1096
f 2475 1188 1186
f 2404 1044 1042
f 2501 1236 1234
f 2482 1212 1210
f 2440 1122 1120
f 2347 930 928
f 2464 1163 1161
f 2384 1013 1011
f 2355 948 946
f 2419 1074 1072
f 2451 1134 1132
f 2470 1170 1168
f 2385 1008 1006
f 2362 960 958
f 2423 1086 1084
f 2446 1151 1149
f 2401 1061 1059
f 2339 923 921
f 2429 1103 1101
f 2474 1205 1203
f 2491 1241 1239
f 2459 1175 1173
f 2395 1032 1030
f 2365 966 964
f 2424 1080 1078
f 2443 1127 1125
f 2390 1025 1023
f 2354 953 951
f 2413 1067 1065
f 2450 1139 1137
f 2467 1182 1180
f 2408 1056 1054
f 2495 1229 1227
f 2479 1193 1191
f 2437 1109 1107
f 2350 936 934
f 2511 1325 1326
f 2505 1277 1278
f 2507 1265 1266
f 2513 1301 1302
f 2516 1319 1320
f 2519 1343 1344
f 2556 1566 1565
f 2540 1464 1463
f 2561 1590 1589
f 2521 1349 1350
f 2544 1523 1524
f 2529 1422 1421
f 2530 1397 1398
f 2546 1499 1500
f 2549 1517 1518
f 2553 1559 1560
f 2534 1427 1428
f 2536 1433 1434
f 2557 1572 1571
f 2525 1374 1373
f 1609 892 889
f 1605 885 883
f 1611 897 895
f 1614 903 901
f 1617 910 907
f 1631 939 937
f 1688 1048 1045
f 1775 1222 1219
f 1763 1198 1195
f 1719 1113 1111
f 1654 982 979
f 1650 975 973
f 1656 987 985
f 1659 993 991
f 1662 1000 997
f 1672 1017 1015
f 1646 969 967
f 1706 1089 1087
f 1735 1144 1141
f 1741 1156 1153
f 1770 1215 1213
f 1680 1035 1033
f 1621 916 913
f 1711 1096 1093
f 1756 1186 1183
f 1684 1042 1039
f 1780 1234 1231
f 1767 1210 1207
f 1722 1120 1117
f 1627 928 925
f 1744 1161 1159
f 1668 1011 1009
f 1636 946 943
f 1699 1072 1069
f 1730 1132 1129
f 1748 1168 1165
f 1666 1006 1003
f 1642 958 955
f 1705 1084 1081
f 1736 1149 1147
f 1691 1059 1057
f 1623 921 919
f 1713 1101 1099
f 1764 1203 1201
f 1781 1239 1237
f 1749 1173 1171
f 1677 1030 1027
f 1645 964 961
f 1703 1078 1075
f 1725 1125 1123
f 1674 1023 1021
f 1638 951 949
f 1695 1065 1063
f 1732 1137 1135
f 1752 1180 1177
f 1690 1054 1051
f 1777 1227 1225
f 1759 1191 1189
f 1717 1107 1105
f 1630 934 931
f 2191 1326 1322
f 1885 1278 1274
f 1901 1266 1262
f 2279 1302 1298
f 2315 1320 1316
f 2171 1344 1340
f 2160 1565 1561
f 2016 1463 1459
f 2214 1589 1585
f 1919 1350 1346
f 2137 1524 1520
f 1978 1421 1417
f 1991 1398 1394
f 2225 1500 1496
f 2302 1518 1514
f 2178 1560 1556
f 2153 1428 1424
f 2009 1434 1430
f 2207 1571 1567
f 1926 1373 1369
f 1857 911 908
f 1803 893 890
f 1786 888 884
f 1822 900 896
f 1840 906 902
f 1876 924 920
f 2182 1062 1058
f 2312 1242 1238
f 2276 1206 1202
f 1898 1104 1100
f 2091 1001 998
f 2037 983 980
f 1952 978 974
f 2056 990 986
f 2074 996 992
f 2128 1026 1022
f 1966 954 950
f 1988 1068 1064
f 2222 1140 1136
f 2293 1181 1178
f 2185 1235 1232
f 1879 1043 1040
f 1893 929 926
f 2271 1121 1118
f 2307 1211 1208
f 2163 1055 1052
f 2150 1230 1226
f 2006 1194 1190
f 2204 1110 1106
f 1911 935 932
f 2131 1169 1166
f 1969 1007 1004
f 1983 959 956
f 2217 1085 1082
f 2290 1152 1148
f 2168 1176 1172
f 2145 1031 1028
f 2001 965 962
f 2199 1079 1076
f 1916 1128 1124
f 1808 1038 1034
f 1789 917 914
f 1825 1097 1094
f 1843 1187 1184
f 1862 1218 1214
f 1933 1157 1154
f 2110 1020 1016
f 2020 972 968
f 2236 1092 1088
f 2257 1145 1142
f 2042 1014 1010
f 1947 947 944
f 2059 1073 1070
f 2077 1133 1130
f 2096 1164 1160
f 2113 1049 1046
f 2023 1223 1220
f 2239 1199 1196
f 2254 1116 1112
f 1930 942 938
f 1818 1283 1279
f 1798 1259 1255
f 1834 1295 1291
f 1852 1313 1309
f 1872 1331 1327
f 1942 1379 1375
f 2120 1541 1537
f 2030 1452 1448
f 2248 1578 1574
f 2263 1368 1364
f 2052 1487 1483
f 1955 1391 1387
f 2065 1440 1436
f 2086 1511 1507
f 2106 1529 1525
f 2122 1547 1543
f 2032 1469 1465
f 2245 1458 1454
f 2266 1584 1580
f 1940 1362 1358
f 1813 1269 1267
f 1792 1245 1243
f 1828 1252 1250
f 1846 1288 1286
f 1867 1306 1304
f 1936 1336 1334
f 2123 1551 1549
f 2033 1473 1471
f 2249 1599 1597
f 2260 1354 1352
f 2049 1479 1477
f 1959 1401 1399
f 2062 1408 1406
f 2080 1492 1490
f 2101 1504 1502
f 2116 1533 1531
f 2026 1414 1412
f 2242 1444 1442
f 2267 1594 1592
f 1943 1383 1381
f 1869 1323 1321
f 1815 1275 1273
f 1799 1263 1261
f 1835 1299 1297
f 1853 1317 1315
f 1889 1341 1339
f 2195 1564 1562
f 2319 1462 1460
f 2283 1588 1586
f 1905 1347 1345
f 2103 1521 1519
f 2046 1420 1418
f 1957 1395 1393
f 2069 1497 1495
f 2087 1515 1513
f 2141 1557 1555
f 1979 1425 1423
f 1993 1431 1429
f 2229 1570 1568
f 2296 1372 1370
f 2188 1282 1280
f 1882 1258 1256
f 1902 1294 1292
f 2280 1312 1310
f 2316 1330 1328
f 2172 1378 1376
f 2157 1540 1538
f 2011 1449 1447
f 2209 1575 1573
f 1923 1365 1363
f 2134 1486 1484
f 1972 1390 1388
f 1995 1437 1435
f 2226 1510 1508
f 2303 1528 1526
f 2175 1546 1544
f 2154 1468 1466
f 2013 1455 1453
f 2211 1581 1579
f 1921 1359 1357
f 1865 1272 1268
f 1811 1248 1244
f 1796 1253 1249
f 1832 1289 1285
f 1850 1307 1303
f 1888 1337 1333
f 2194 1554 1550
f 2322 1476 1472
f 2286 1602 1598
f 1908 1355 1351
f 2099 1482 1478
f 2045 1404 1400
f 1962 1409 1405
f 2068 1493 1489
f 2084 1505 1501
f 2140 1536 1532
f 1976 1415 1411
f 1998 1445 1441
f 2232 1595 1591
f 2299 1386 1382
f 2330 909 911
f 2324 891 893
f 2325 886 888
f 2332 898 900
f 2335 904 906
f 2344 922 924
f 2410 1060 1062
f 2497 1240 1242
f 2486 1204 1206
f 2434 1102 1104
f 2375 999 1001
f 2369 981 983
f 2370 976 978
f 2377 988 990
f 2380 994 996
f 2393 1024 1026
f 2359 952 954
f 2415 1066 1068
f 2455 1138 1140
f 2461 1179 1181
f 2489 1233 1235
f 2399 1041 1043
f 2341 927 929
f 2431 1119 1121
f 2476 1209 1211
f 2405 1053 1055
f 2500 1228 1230
f 2481 1192 1194
f 2439 1108 1110
f 2348 933 935
f 2465 1167 1169
f 2383 1005 1007
f 2356 957 959
f 2420 1083 1085
f 2452 1150 1152
f 2471 1174 1176
f 2386 1029 1031
f 2363 963 965
f 2422 1077 1079
f 2445 1126 1128
f 2400 1036 1038
f 2338 915 917
f 2428 1095 1097
f 2473 1185 1187
f 2490 1216 1218
f 2458 1155 1157
f 2394 1018 1020
f 2366 970 972
f 2425 1090 1092
f 2444 1143 1145
f 2389 1012 1014
f 2353 945 947
f 2414 1071 1073
f 2449 1131 1133
f 2466 1162 1164
f 2407 1047 1049
f 2494 1221 1223
f 2480 1197 1199
f 2438 1114 1116
f 2351 940 942
f 2510 1284 1283
f 2504 1260 1259
f 2508 1296 1295
f 2514 1314 1313
f 2517 1332 1331
f 2520 1380 1379
f 2554 1542 1541
f 2539 1451 1452
f 2560 1577 1578
f 2523 1367 1368
f 2543 1488 1487
f 2527 1392 1391
f 2532 1439 1440
f 2547 1512 1511
f 2550 1530 1529
f 2552 1548 1547
f 2535 1470 1469
f 2538 1457 1458
f 2558 1583 1584
f 2524 1361 1362
f 1607 1616 1609
f 1603 1608 1605
f 1604 1606 1611
f 1610 1612 1614
f 1613 1615 1617
f 1622 1624 1631
f 1686 1692 1688
f 1773 1782 1775
f 1761 1765 1763
f 1712 1714 1719
f 1652 1661 1654
f 1648 1653 1650
f 1649 1651 1656
f 1655 1657 1659
f 1658 1660 1662
f 1670 1675 1672
f 1637 1639 1646
f 1694 1696 1706
f 1731 1733 1735
f 1739 1751 1741
f 1768 1779 1770
f 1678 1683 1680
f 1619 1626 1621
f 1709 1721 1711
f 1754 1766 1756
f 1682 1689 1684
f 1776 1778 1780
f 1758 1760 1767
f 1716 1718 1722
f 1625 1629 1627
f 1742 1747 1744
f 1663 1665 1668
f 1634 1641 1636
f 1697 1704 1699
f 1728 1737 1730
f 1746 1750 1748
f 1664 1676 1666
f 1640 1644 1642
f 1700 1702 1705
f 1724 1726 1736
f 1679 1681 1691
f 1618 1620 1623
f 1708 1710 1713
f 1753 1755 1764
f 1769 1771 1781
f 1738 1740 1749
f 1671 1673 1677
f 1643 1647 1645
f 1701 1707 1703
f 1723 1734 1725
f 1667 1669 1674
f 1633 1635 1638
f 1693 1698 1695
f 1727 1729 1732
f 1743 1745 1752
f 1685 1687 1690
f 1772 1774 1777
f 1757 1762 1759
f 1715 1720 1717
f 1628 1632 1630
f 2187 2189 2191
f 1881 1883 1885
f 1899 1903 1901
f 2277 2281 2279
f 2313 2317 2315
f 2169 2173 2171
f 2156 2158 2160
f 2010 2012 2016
f 2208 2210 2214
f 1917 1924 1919
f 2133 2135 2137
f 1971 1973 1978
f 1989 1996 1991
f 2223 2227 2225
f 2300 2304 2302
f 2174 2176 2178
f 2151 2155 2153
f 2007 2014 2009
f 2205 2212 2207
f 1920 1922 1926
f 1855 1864 1857
f 1801 1810 1803
f 1784 1795 1786
f 1820 1831 1822
f 1838 1849 1840
f 1874 1887 1876
f 2180 2193 2182
f 2310 2321 2312
f 2274 2285 2276
f 1896 1907 1898
f 2089 2098 2091
f 2035 2044 2037
f 1950 1961 1952
f 2054 2067 2056
f 2072 2083 2074
f 2126 2139 2128
f 1964 1975 1966
f 1986 1997 1988
f 2220 2231 2222
f 2291 2298 2293
f 2183 2190 2185
f 1877 1884 1879
f 1891 1900 1893
f 2269 2278 2271
f 2305 2314 2307
f 2161 2170 2163
f 2148 2159 2150
f 2004 2015 2006
f 2202 2213 2204
f 1909 1918 1911
f 2129 2136 2131
f 1967 1977 1969
f 1981 1990 1983
f 2215 2224 2217
f 2288 2301 2290
f 2166 2177 2168
f 2143 2152 2145
f 1999 2008 2001
f 2197 2206 2199
f 1914 1925 1916
f 1806 1817 1808
f 1787 1797 1789
f 1823 1833 1825
f 1841 1851 1843
f 1860 1871 1862
f 1931 1941 1933
f 2108 2119 2110
f 2018 2029 2020
f 2234 2247 2236
f 2255 2262 2257
f 2040 2051 2042
f 1945 1954 1947
f 2057 2064 2059
f 2075 2085 2077
f 2094 2105 2096
f 2111 2121 2113
f 2021 2031 2023
f 2237 2244 2239
f 2252 2265 2254
f 1928 1939 1930
f 1812 1814 1818
f 1791 1793 1798
f 1827 1829 1834
f 1845 1847 1852
f 1866 1868 1872
f 1935 1937 1942
f 2118 2124 2120
f 2028 2034 2030
f 2246 2250 2248
f 2259 2261 2263
f 2048 2050 2052
f 1953 1960 1955
f 2061 2063 2065
f 2079 2081 2086
f 2100 2102 2106
f 2115 2117 2122
f 2025 2027 2032
f 2241 2243 2245
f 2264 2268 2266
f 1938 1944 1940
f 1802 1804 1813
f 1783 1785 1792
f 1819 1821 1828
f 1837 1839 1846
f 1856 1858 1867
f 1927 1929 1936
f 2112 2114 2123
f 2022 2024 2033
f 2238 2240 2249
f 2251 2253 2260
f 2036 2038 2049
f 1949 1951 1959
f 2053 2055 2062
f 2071 2073 2080
f 2090 2092 2101
f 2107 2109 2116
f 2017 2019 2026
f 2233 2235 2242
f 2256 2258 2267
f 1932 1934 1943
f 1859 1861 1869
f 1805 1807 1815
f 1788 1790 1799
f 1824 1826 1835
f 1842 1844 1853
f 1878 1880 1889
f 2184 2186 2195
f 2306 2308 2319
f 2270 2272 2283
f 1892 1894 1905
f 2093 2095 2103
f 2039 2041 2046
f 1946 1948 1957
f 2058 2060 2069
f 2076 2078 2087
f 2130 2132 2141
f 1968 1970 1979
f 1982 1984 1993
f 2216 2218 2229
f 2287 2289 2296
f 2179 2181 2188
f 1873 1875 1882
f 1895 1897 1902
f 2273 2275 2280
f 2309 2311 2316
f 2165 2167 2172
f 2144 2146 2157
f 2000 2002 2011
f 2198 2200 2209
f 1913 1915 1923
f 2125 2127 2134
f 1963 1965 1972
f 1985 1987 1995
f 2219 2221 2226
f 2292 2294 2303
f 2162 2164 2175
f 2147 2149 2154
f 2003 2005 2013
f 2201 2203 2211
f 1910 1912 1921
f 1863 1870 1865
f 1809 1816 1811
f 1794 1800 1796
f 1830 1836 1832
f 1848 1854 1850
f 1886 1890 1888
f 2192 2196 2194
f 2318 2320 2322
f 2282 2284 2286
f 1904 1906 1908
f 2097 2104 2099
f 2043 2047 2045
f 1956 1958 1962
f 2066 2070 2068
f 2082 2088 2084
f 2138 2142 2140
f 1974 1980 1976
f 1992 1994 1998
f 2228 2230 2232
f 2295 2297 2299
f 2331 2329 2330
f 2327 2323 2324
f 2328 2326 2325
f 2334 2333 2332
f 2337 2336 2335
f 2346 2345 2344
f 2412 2409 2410
f 2499 2496 2497
f 2487 2485 2486
f 2436 2435 2434
f 2376 2374 2375
f 2372 2368 2369
f 2373 2371 2370
f 2379 2378 2377
f 2382 2381 2380
f 2396 2392 2393
f 2361 2360 2359
f 2418 2416 2415
f 2457 2456 2455
f 2463 2460 2461
f 2492 2488 2489
f 2402 2398 2399
f 2343 2340 2341
f 2433 2430 2431
f 2478 2475 2476
f 2406 2404 2405
f 2502 2501 2500
f 2484 2482 2481
f 2442 2440 2439
f 2349 2347 2348
f 2468 2464 2465
f 2387 2384 2383
f 2358 2355 2356
f 2421 2419 2420
f 2454 2451 2452
f 2472 2470 2471
f 2388 2385 2386
f 2364 2362 2363
f 2426 2423 2422
f 2448 2446 2445
f 2403 2401 2400
f 2342 2339 2338
f 2432 2429 2428
f 2477 2474 2473
f 2493 2491 2490
f 2462 2459 2458
f 2397 2395 2394
f 2367 2365 2366
f 2427 2424 2425
f 2447 2443 2444
f 2391 2390 2389
f 2357 2354 2353
f 2417 2413 2414
f 2453 2450 2449
f 2469 2467 2466
f 2411 2408 2407
f 2498 2495 2494
f 2483 2479 2480
f 2441 2437 2438
f 2352 2350 2351
f 2509 2511 2510
f 2503 2505 2504
f 2506 2507 2508
f 2512 2513 2514
f 2515 2516 2517
f 2518 2519 2520
f 2555 2556 2554
f 2541 2540 2539
f 2562 2561 2560
f 2522 2521 2523
f 2542 2544 2543
f 2528 2529 2527
f 2531 2530 2532
f 2545 2546 2547
f 2548 2549 2550
f 2551 2553 2552
f 2533 2534 2535
f 2537 2536 2538
f 2559 2557 2558
f 2526 2525 2524