v -0.375021 0.537618 -0.001482
v 0.374994 0.537472 -0.001377
v -0.384676 -0.590702 0.006811
v 0.384346 -0.590389 0.006999
v -0.000158 -0.450255 0.703553
v -0.000004 0.373599 0.668862
v 0.000003 -0.366534 -0.667418
v 0.000134 0.424595 -0.707363
v 0.672008 0.001671 -0.423693
v 0.690562 -0.000784 0.425859
v -0.672031 0.001676 -0.423690
v -0.690565 -0.000783 0.425862
v 0.000017 0.628480 -0.022994
v -0.219459 0.480582 0.350565
v -0.218546 0.654721 -0.442147
v -0.590820 0.339584 -0.224046
v -0.613829 0.347487 0.235809
v 0.219438 0.480590 0.350542
v 0.218246 0.654742 -0.442356
v 0.590718 0.339802 -0.224127
v 0.613817 0.347454 0.235791
v 0.000026 -0.692635 0.019490
v -0.251257 -0.682369 0.458364
v -0.222725 -0.544517 -0.358292
v -0.597459 -0.335383 -0.223818
v -0.610153 -0.356676 0.236918
v 0.251297 -0.682629 0.458473
v 0.222166 -0.544913 -0.357922
v 0.597436 -0.335207 -0.223802
v 0.610117 -0.356712 0.236925
v -0.000015 -0.003136 0.787425
v 0.383542 -0.232763 0.625599
v -0.383010 -0.232756 0.625575
v 0.390045 0.233148 0.634379
v -0.390046 0.233169 0.634387
v 0.000209 0.004201 -0.781202
v 0.384958 -0.230087 -0.630998
v -0.384951 -0.230052 -0.631003
v 0.394291 0.232812 -0.646952
v -0.393948 0.232633 -0.646686
v 0.791856 -0.000101 0.008182
v -0.791853 -0.000103 0.008187
v -0.175970 0.594589 -0.013579
v -0.306747 0.521634 0.155129
v -0.309244 0.580465 -0.189361
v -0.500577 0.480423 -0.102403
v -0.499350 0.459675 0.106925
v 0.176212 0.594718 -0.013865
v 0.306744 0.521713 0.155156
v 0.309298 0.581056 -0.189910
v 0.500393 0.480420 -0.102255
v 0.499281 0.459578 0.106861
v -0.202622 -0.687784 0.003606
v -0.321147 -0.597917 0.193641
v -0.347661 -0.659167 -0.182901
v -0.489405 -0.475110 -0.092232
v -0.507575 -0.495691 0.121477
v 0.202484 -0.687451 0.003839
v 0.320970 -0.598444 0.193756
v 0.347674 -0.660449 -0.183439
v 0.488742 -0.475505 -0.092358
v 0.506384 -0.495221 0.120953
v -0.146156 -0.672522 0.703317
v 0.145309 -0.672376 0.702612
v 0.000011 -0.229673 0.765582
v 0.188299 -0.366117 0.695094
v -0.188628 -0.365737 0.695021
v -0.108594 0.426027 0.541708
v 0.108595 0.426027 0.541709
v -0.000000 0.231788 0.750317
v 0.184242 0.327823 0.677349
v -0.184243 0.327823 0.677348
v -0.106341 -0.433928 -0.538400
v 0.106400 -0.434356 -0.538058
v -0.000004 -0.230223 -0.745731
v 0.182961 -0.321946 -0.677390
v -0.183023 -0.321870 -0.677410
v -0.132945 0.576017 -0.632979
v 0.133019 0.575815 -0.632963
v -0.000089 0.243861 -0.803597
v 0.193215 0.353436 -0.716267
v -0.193189 0.353319 -0.716167
v 0.661226 0.163057 -0.346705
v 0.658276 -0.168881 -0.345019
v 0.558785 -0.106969 -0.537026
v 0.560869 0.106308 -0.539349
v 0.742668 0.000740 -0.227740
v 0.678526 0.170619 0.347779
v 0.677966 -0.172682 0.348026
v 0.571131 -0.108693 0.540464
v 0.570196 0.107616 0.540497
v 0.769686 0.000020 0.238502
v -0.661199 0.163089 -0.346650
v -0.658280 -0.168889 -0.345003
v -0.558788 -0.106963 -0.537040
v -0.560849 0.106304 -0.539370
v -0.742623 0.000741 -0.227729
v -0.678552 0.170622 0.347778
v -0.677941 -0.172717 0.348037
v -0.571128 -0.108725 0.540488
v -0.570179 0.107606 0.540477
v -0.769658 0.000013 0.238504
v -0.093108 0.564631 0.147941
v -0.084703 0.646460 -0.213654
v 0.093132 0.564661 0.147892
v 0.084621 0.646393 -0.213721
v -0.435812 0.431918 0.319898
v -0.000065 0.498898 0.351207
v -0.329652 0.390828 0.523348
v -0.441033 0.515939 -0.347974
v -0.000315 0.708553 -0.447890
v -0.328666 0.450527 -0.550196
v -0.637609 0.355816 0.009917
v -0.507101 0.302651 -0.450222
v -0.724618 0.185273 -0.107363
v -0.525433 0.313581 0.456342
v -0.735428 0.190481 0.123186
v 0.435837 0.431908 0.319915
v 0.329650 0.390833 0.523343
v 0.441216 0.516005 -0.349336
v 0.328186 0.450341 -0.550446
v 0.637688 0.355732 0.009910
v 0.507187 0.302808 -0.450452
v 0.724676 0.185274 -0.107397
v 0.525435 0.313552 0.456337
v 0.735432 0.190488 0.123196
v -0.086308 -0.657742 0.218578
v -0.113367 -0.712687 -0.186283
v 0.086057 -0.657667 0.218422
v 0.112564 -0.711956 -0.185833
v -0.443926 -0.504746 0.349424
v -0.000004 -0.693070 0.466819
v -0.347105 -0.490661 0.575604
v -0.419946 -0.442856 -0.310971
v -0.000123 -0.564347 -0.365863
v -0.323205 -0.383251 -0.522971
v -0.639545 -0.356628 0.011508
v -0.514994 -0.301001 -0.456228
v -0.722996 -0.191210 -0.106509
v -0.518736 -0.319986 0.451981
v -0.734549 -0.194229 0.123408
v 0.443953 -0.504502 0.349225
v 0.347249 -0.490557 0.575340
v 0.419928 -0.442749 -0.311101
v 0.323321 -0.383219 -0.523170
v 0.639445 -0.356681 0.011520
v 0.514988 -0.301019 -0.456260
v 0.722994 -0.191213 -0.106492
v 0.518547 -0.320148 0.451948
v 0.734502 -0.194216 0.123394
v 0.212941 -0.114670 0.753257
v -0.212973 -0.114793 0.753296
v 0.212640 0.117731 0.747394
v -0.212675 0.117702 0.747390
v 0.410444 -0.000599 0.676411
v -0.410416 -0.000627 0.676380
v 0.209304 -0.119921 -0.742782
v -0.209286 -0.119876 -0.742706
v 0.219284 0.130092 -0.780037
v -0.219192 0.129950 -0.780084
v 0.407537 0.002823 -0.674994
v -0.407547 0.002882 -0.674996
v -0.289289 0.563949 -0.007026
v -0.345231 0.533701 0.068485
v -0.346450 0.553722 -0.080513
v -0.438988 0.517238 -0.045342
v -0.434334 0.506106 0.046329
v 0.289356 0.564164 -0.007043
v 0.345205 0.533668 0.068477
v 0.346326 0.553888 -0.081022
v 0.438933 0.516976 -0.045252
v 0.434336 0.506030 0.046391
v -0.308523 -0.638642 -0.000392
v -0.362102 -0.595924 0.085897
v -0.364386 -0.620916 -0.073189
v -0.434090 -0.544562 -0.036544
v -0.448514 -0.550761 0.060036
v 0.308002 -0.638252 -0.000041
v 0.362316 -0.595842 0.085862
v 0.364214 -0.620682 -0.072922
v 0.434477 -0.544778 -0.036572
v 0.448357 -0.550745 0.060061
v -0.058851 -0.533787 0.693544
v 0.058508 -0.534353 0.693642
v -0.000063 -0.349067 0.720827
v 0.086721 -0.417043 0.706429
v -0.087051 -0.416916 0.706247
v -0.049160 0.398349 0.618829
v 0.049153 0.398360 0.618831
v -0.000001 0.324914 0.711607
v 0.081164 0.358844 0.679470
v -0.081162 0.358849 0.679475
v -0.048977 -0.395467 -0.618265
v 0.048953 -0.395428 -0.618319
v 0.000009 -0.319799 -0.709996
v 0.081111 -0.350809 -0.677507
v -0.081068 -0.350794 -0.677515
v -0.056236 0.491093 -0.674443
v 0.056143 0.491306 -0.674398
v -0.000004 0.344359 -0.749327
v 0.087565 0.397054 -0.716211
v -0.087615 0.396640 -0.716380
v 0.674298 0.073447 -0.393862
v 0.672659 -0.072996 -0.392606
v 0.627920 -0.044656 -0.478706
v 0.628879 0.047156 -0.479720
v 0.708235 0.001283 -0.342486
v 0.693670 0.074977 0.395281
v 0.691357 -0.076902 0.395004
v 0.643079 -0.048666 0.481083
v 0.643959 0.046151 0.481239
v 0.731512 -0.000475 0.345713
v -0.674295 0.073425 -0.393892
v -0.672696 -0.072977 -0.392642
v -0.627929 -0.044648 -0.478702
v -0.628876 0.047142 -0.479751
v -0.708266 0.001275 -0.342494
v -0.693675 0.074965 0.395291
v -0.691364 -0.076878 0.395021
v -0.643097 -0.048640 0.481095
v -0.643976 0.046142 0.481243
v -0.731476 -0.000492 0.345676
v -0.058697 0.622663 -0.018346
v 0.058784 0.622844 -0.018311
v -0.032309 0.608957 0.040760
v -0.024222 0.640028 -0.090495
v 0.032387 0.608980 0.040808
v 0.024505 0.640297 -0.090494
v -0.265257 0.503107 0.250250
v -0.166684 0.453899 0.449599
v -0.156080 0.522203 0.251064
v -0.330987 0.459505 0.342595
v -0.108371 0.493637 0.351230
v -0.279126 0.437024 0.442958
v -0.274954 0.622821 -0.315555
v -0.187794 0.638328 -0.540220
v -0.157162 0.681668 -0.350316
v -0.379389 0.630487 -0.424894
v -0.155727 0.812199 -0.459216
v -0.291470 0.565597 -0.504311
v -0.546200 0.418623 -0.162803
v -0.634146 0.253505 -0.288195
v -0.508654 0.415138 -0.281574
v -0.622924 0.351723 -0.104159
v -0.553235 0.325119 -0.341618
v -0.665994 0.267368 -0.166147
v -0.560951 0.407599 0.172219
v -0.653206 0.267680 0.294397
v -0.531561 0.396929 0.283895
v -0.634792 0.354676 0.121976
v -0.576178 0.334213 0.348260
v -0.681931 0.277361 0.180453
v 0.265225 0.503130 0.250220
v 0.166699 0.453927 0.449628
v 0.156176 0.522295 0.251103
v 0.108365 0.493684 0.351224
v 0.330981 0.459511 0.342586
v 0.279141 0.437035 0.442972
v 0.274997 0.623408 -0.316401
v 0.187702 0.638235 -0.540227
v 0.157010 0.681664 -0.350428
v 0.155452 0.811690 -0.459634
v 0.378917 0.630203 -0.427193
v 0.291324 0.565306 -0.504615
v 0.546055 0.418623 -0.162635
v 0.634234 0.253440 -0.288098
v 0.508930 0.414914 -0.281609
v 0.622901 0.351502 -0.104255
v 0.552787 0.325511 -0.341371
v 0.665959 0.267332 -0.166159
v 0.560949 0.407614 0.172231
v 0.653183 0.267654 0.294396
v 0.531580 0.396907 0.283892
v 0.634739 0.354686 0.121989
v 0.576187 0.334234 0.348258
v 0.681937 0.277367 0.180438
v -0.092006 -0.694725 0.010854
v 0.092077 -0.694790 0.010686
v -0.032676 -0.682341 0.105610
v -0.056573 -0.689608 -0.064413
v 0.032516 -0.682509 0.105515
v 0.056625 -0.689612 -0.064560
v -0.273778 -0.605634 0.322333
v -0.233327 -0.783643 0.623427
v -0.153315 -0.641522 0.348446
v -0.343748 -0.574718 0.407736
v -0.126564 -0.731574 0.473896
v -0.322228 -0.619197 0.541707
v -0.293168 -0.627205 -0.283453
v -0.163487 -0.483253 -0.447507
v -0.176619 -0.658268 -0.291544
v -0.322892 -0.497037 -0.337510
v -0.113074 -0.562352 -0.364790
v -0.270450 -0.453967 -0.436884
v -0.545810 -0.404259 -0.155602
v -0.635755 -0.260528 -0.289174
v -0.512259 -0.389146 -0.273528
v -0.628461 -0.349035 -0.103258
v -0.562145 -0.320676 -0.345504
v -0.668754 -0.273160 -0.166143
v -0.560094 -0.431029 0.179869
v -0.651240 -0.269380 0.293604
v -0.529979 -0.430594 0.292450
v -0.633776 -0.360591 0.124049
v -0.571834 -0.344870 0.347759
v -0.680792 -0.280161 0.180556
v 0.273644 -0.605159 0.322297
v 0.232655 -0.784238 0.622945
v 0.153574 -0.641548 0.348716
v 0.126957 -0.731486 0.473534
v 0.343544 -0.574678 0.407460
v 0.322243 -0.619470 0.542149
v 0.292551 -0.627540 -0.283343
v 0.163475 -0.483179 -0.447234
v 0.175658 -0.658247 -0.291263
v 0.112733 -0.562556 -0.365098
v 0.322370 -0.496874 -0.337145
v 0.270239 -0.454052 -0.436355
v 0.544692 -0.404415 -0.155899
v 0.635760 -0.260570 -0.289192
v 0.512586 -0.388862 -0.273652
v 0.628404 -0.349026 -0.103337
v 0.562097 -0.320778 -0.345563
v 0.668755 -0.273249 -0.166165
v 0.560174 -0.430920 0.179846
v 0.651244 -0.269350 0.293624
v 0.529992 -0.430564 0.292455
v 0.633845 -0.360599 0.124030
v 0.571796 -0.344895 0.347799
v 0.680777 -0.280163 0.180554
v 0.000034 -0.116016 0.793965
v -0.000014 0.115600 0.778218
v 0.107788 -0.058408 0.776041
v -0.107709 -0.058314 0.776177
v 0.107815 0.056633 0.773438
v -0.107829 0.056664 0.773402
v 0.285552 -0.299902 0.662178
v 0.483878 -0.169644 0.590024
v 0.363133 -0.357585 0.595383
v 0.455128 -0.282041 0.545304
v 0.302192 -0.173909 0.693679
v 0.405851 -0.115123 0.664994
v -0.285543 -0.299385 0.662119
v -0.483885 -0.169634 0.590001
v -0.363586 -0.357563 0.595721
v -0.455073 -0.282205 0.545374
v -0.302098 -0.174069 0.693800
v -0.405858 -0.115084 0.664995
v 0.290072 0.285969 0.663104
v 0.484691 0.173114 0.594330
v 0.366297 0.327925 0.587440
v 0.463068 0.279200 0.552185
v 0.306539 0.177853 0.700168
v 0.404743 0.118389 0.664998
v -0.290069 0.285971 0.663101
v -0.484695 0.173114 0.594310
v -0.366283 0.327906 0.587424
v -0.463048 0.279202 0.552194
v -0.306538 0.177852 0.700141
v -0.404713 0.118386 0.664947
v 0.000087 -0.118805 -0.770898
v -0.000125 0.127373 -0.803582
v 0.106699 -0.058027 -0.768473
v -0.106920 -0.057861 -0.768611
v 0.109525 0.066799 -0.785295
v -0.109311 0.066445 -0.785402
v 0.286588 -0.280366 -0.660811
v 0.475620 -0.170690 -0.588020
v 0.361336 -0.317846 -0.587690
v 0.455278 -0.271587 -0.551596
v 0.303476 -0.178433 -0.695952
v 0.400768 -0.118535 -0.661060
v -0.286619 -0.280339 -0.660876
v -0.475625 -0.170689 -0.588015
v -0.361366 -0.317856 -0.587640
v -0.455281 -0.271577 -0.551656
v -0.303503 -0.178436 -0.695930
v -0.400808 -0.118539 -0.661077
v 0.294528 0.296071 -0.688663
v 0.483179 0.169137 -0.595998
v 0.359844 0.338723 -0.596725
v 0.454021 0.271128 -0.551192
v 0.314959 0.187250 -0.728745
v 0.404020 0.121052 -0.669064
v -0.294632 0.296049 -0.688905
v -0.483168 0.169086 -0.595911
v -0.360450 0.338551 -0.596880
v -0.454171 0.270645 -0.551020
v -0.314957 0.187167 -0.728528
v -0.404166 0.121036 -0.668826
v 0.774522 0.000066 -0.106812
v 0.786045 0.000000 0.122986
v 0.771324 0.094607 -0.048673
v 0.775638 0.096224 0.065523
v 0.767473 -0.097256 -0.048285
v 0.772241 -0.098345 0.065715
v -0.774493 0.000067 -0.106817
v -0.786035 0.000016 0.122990
v -0.771322 0.094588 -0.048683
v -0.775636 0.096203 0.065517
v -0.767494 -0.097274 -0.048308
v -0.772212 -0.098344 0.065704
v -0.240973 0.562768 0.071856
v -0.239155 0.588863 -0.099691
v -0.127649 0.588854 0.061939
v -0.118897 0.620450 -0.100836
v -0.409841 0.494265 0.139651
v -0.198502 0.546423 0.156464
v -0.373645 0.478375 0.238985
v -0.410132 0.531949 -0.152365
v -0.195876 0.620418 -0.210998
v -0.387232 0.569068 -0.277132
v -0.509909 0.470356 0.004182
v -0.467299 0.489366 -0.220976
v -0.570237 0.419488 -0.047651
v -0.474459 0.447738 0.212783
v -0.575568 0.415989 0.062087
v 0.241086 0.562823 0.071829
v 0.239052 0.588975 -0.099846
v 0.127665 0.588948 0.061929
v 0.119025 0.620034 -0.101226
v 0.409876 0.494247 0.139594
v 0.198413 0.546495 0.156498
v 0.373625 0.478403 0.238977
v 0.409839 0.532023 -0.152755
v 0.195549 0.620118 -0.211132
v 0.387269 0.569607 -0.278966
v 0.510042 0.470227 0.004323
v 0.466682 0.489708 -0.221658
v 0.570240 0.419446 -0.047615
v 0.474430 0.447765 0.212799
v 0.575627 0.415927 0.062037
v -0.252458 -0.630692 0.096193
v -0.299164 -0.750770 -0.084971
v -0.131398 -0.660758 0.100769
v -0.159469 -0.759377 -0.083499
v -0.438140 -0.562543 0.164644
v -0.201387 -0.629105 0.212976
v -0.390485 -0.562436 0.279906
v -0.407894 -0.545092 -0.137144
v -0.240876 -0.782344 -0.222170
v -0.371491 -0.533406 -0.240467
v -0.508330 -0.484495 0.014600
v -0.457304 -0.463395 -0.201286
v -0.572545 -0.416491 -0.041427
v -0.486456 -0.504099 0.232977
v -0.574209 -0.425612 0.068804
v 0.252297 -0.630458 0.096157
v 0.299119 -0.750616 -0.084712
v 0.131288 -0.660824 0.100919
v 0.159015 -0.758206 -0.083468
v 0.438352 -0.562232 0.164570
v 0.201456 -0.629270 0.212981
v 0.390429 -0.562246 0.279948
v 0.407511 -0.545194 -0.136627
v 0.238800 -0.783116 -0.221790
v 0.371640 -0.533502 -0.240444
v 0.508675 -0.484356 0.014665
v 0.457652 -0.463571 -0.201553
v 0.572396 -0.416525 -0.041506
v 0.486420 -0.504109 0.233055
v 0.574226 -0.425597 0.068856
v -0.000109 -0.626128 0.658210
v -0.179340 -0.510056 0.696418
v -0.068863 -0.702646 0.588843
v -0.289631 -0.620054 0.673867
v 0.178895 -0.510453 0.696152
v 0.068632 -0.702794 0.587869
v 0.289030 -0.620653 0.674174
v 0.096967 -0.292950 0.728526
v -0.096896 -0.293081 0.728341
v 0.105376 -0.169931 0.767745
v -0.105321 -0.170091 0.767796
v 0.280564 -0.442096 0.659241
v 0.199078 -0.234784 0.717261
v -0.280748 -0.442124 0.658629
v -0.199220 -0.234769 0.717429
v -0.000001 0.430645 0.542049
v -0.153361 0.386638 0.619332
v -0.055151 0.462674 0.450501
v -0.219700 0.412726 0.537557
v 0.153352 0.386626 0.619296
v 0.055162 0.462689 0.450518
v 0.219673 0.412718 0.537514
v 0.096992 0.283631 0.723663
v -0.096983 0.283641 0.723659
v 0.104885 0.175697 0.756654
v -0.104896 0.175678 0.756671
v 0.262373 0.363841 0.610051
v 0.202957 0.233717 0.719795
v -0.262361 0.363823 0.610049
v -0.202938 0.233730 0.719779
v 0.000012 -0.441093 -0.539282
v -0.151854 -0.380605 -0.619454
v -0.054822 -0.496138 -0.451784
v -0.214337 -0.413576 -0.533474
v 0.151851 -0.380465 -0.619497
v 0.054777 -0.496777 -0.452060
v 0.214559 -0.413407 -0.533751
v 0.096829 -0.280106 -0.721555
v -0.096835 -0.280144 -0.721511
v 0.104751 -0.177585 -0.755533
v -0.104712 -0.177496 -0.755464
v 0.257711 -0.353025 -0.608347
v 0.200219 -0.231776 -0.715944
v -0.257696 -0.353057 -0.608381
v -0.200217 -0.231797 -0.715928
v 0.000200 0.589792 -0.632556
v -0.170597 0.461952 -0.672010
v -0.069991 0.667922 -0.551863
v -0.237959 0.521133 -0.599213
v 0.171078 0.462384 -0.672316
v 0.070131 0.667378 -0.552357
v 0.237276 0.520865 -0.598768
v 0.105101 0.299199 -0.773916
v -0.105057 0.299059 -0.773092
v 0.114762 0.190604 -0.820605
v -0.114709 0.190805 -0.820564
v 0.266926 0.405038 -0.640052
v 0.220772 0.251571 -0.784841
v -0.267107 0.405073 -0.640145
v -0.220787 0.251733 -0.784688
v 0.615461 0.140023 -0.449092
v 0.710630 0.085120 -0.287201
v 0.595232 0.233793 -0.402977
v 0.694126 0.175723 -0.228085
v 0.611997 -0.143878 -0.446864
v 0.707677 -0.086086 -0.285769
v 0.593743 -0.242910 -0.404201
v 0.692083 -0.181127 -0.227130
v 0.569593 0.002067 -0.552967
v 0.539466 -0.212858 -0.503566
v 0.489496 -0.056099 -0.611724
v 0.543364 0.205668 -0.504769
v 0.489708 0.059048 -0.612558
v 0.744998 0.090911 -0.167579
v 0.741260 -0.093009 -0.166667
v 0.630809 0.146611 0.450175
v 0.735753 0.087951 0.292746
v 0.608766 0.248639 0.404478
v 0.716401 0.184598 0.237209
v 0.630506 -0.147679 0.449828
v 0.732504 -0.089811 0.293047
v 0.606048 -0.248168 0.401454
v 0.715473 -0.187430 0.237796
v 0.579794 -0.001660 0.557006
v 0.549826 -0.214693 0.500582
v 0.500066 -0.058664 0.619986
v 0.551665 0.216787 0.504782
v 0.498527 0.057061 0.619195
v 0.764013 0.094153 0.180489
v 0.760756 -0.095966 0.180954
v -0.615512 0.140032 -0.449020
v -0.710655 0.085134 -0.287202
v -0.595127 0.233724 -0.403015
v -0.694174 0.175746 -0.228109
v -0.612001 -0.143859 -0.446869
v -0.707640 -0.086068 -0.285734
v -0.593720 -0.242924 -0.404187
v -0.692090 -0.181181 -0.227135
v -0.569598 0.002055 -0.552949
v -0.539454 -0.212830 -0.503538
v -0.489516 -0.056112 -0.611717
v -0.543298 0.205520 -0.504707
v -0.489682 0.059040 -0.612564
v -0.745010 0.090891 -0.167559
v -0.741280 -0.093024 -0.166668
v -0.630793 0.146588 0.450166
v -0.735755 0.087949 0.292743
v -0.608754 0.248633 0.404473
v -0.716387 0.184579 0.237208
v -0.630467 -0.147731 0.449821
v -0.732505 -0.089802 0.293044
v -0.606065 -0.248139 0.401388
v -0.715386 -0.187385 0.237796
v -0.579796 -0.001636 0.557011
v -0.549716 -0.214572 0.500499
v -0.500042 -0.058727 0.619983
v -0.551644 0.216786 0.504792
v -0.498511 0.057084 0.619168
v -0.764019 0.094132 0.180491
v -0.760739 -0.095966 0.180943
v 0.000000 0.572214 0.141142
v -0.050974 0.533320 0.247956
v 0.000294 0.658110 -0.209434
v -0.055453 0.691150 -0.341016
v 0.050964 0.533355 0.247968
v 0.055383 0.691567 -0.340689
v -0.387890 0.413175 0.425555
v -0.487161 0.380792 0.393537
v -0.432349 0.359146 0.496301
v -0.391860 0.495868 -0.459906
v -0.467159 0.404653 -0.395850
v -0.418063 0.376544 -0.500065
v -0.688784 0.276950 -0.047325
v -0.693958 0.280660 0.066552
v -0.740739 0.190793 0.009095
v 0.387943 0.413188 0.425600
v 0.487160 0.380785 0.393534
v 0.432340 0.359123 0.496293
v 0.392035 0.494859 -0.459451
v 0.467432 0.404244 -0.395780
v 0.417575 0.376251 -0.500032
v 0.688813 0.276935 -0.047306
v 0.693943 0.280674 0.066549
v 0.740715 0.190801 0.009085
v 0.000055 -0.672465 0.220636
v -0.050031 -0.674071 0.345890
v -0.000175 -0.653667 -0.159988
v -0.058882 -0.628490 -0.273553
v 0.050595 -0.674355 0.346383
v 0.058935 -0.628624 -0.273731
v -0.394503 -0.501782 0.464910
v -0.484808 -0.420682 0.403501
v -0.428185 -0.396584 0.506673
v -0.374032 -0.414047 -0.417562
v -0.476820 -0.368964 -0.392037
v -0.423081 -0.345482 -0.495682
v -0.690858 -0.281529 -0.047335
v -0.694500 -0.284348 0.066660
v -0.739765 -0.195839 0.009330
v 0.394601 -0.500977 0.464800
v 0.484889 -0.420797 0.403378
v 0.428138 -0.396605 0.506744
v 0.374039 -0.414327 -0.417369
v 0.476725 -0.368867 -0.392052
v 0.423161 -0.345486 -0.495630
v 0.690833 -0.281490 -0.047341
v 0.694497 -0.284332 0.066683
v 0.739754 -0.195842 0.009336
v 0.215183 -0.001154 0.756681
v 0.315903 -0.058249 0.723222
v -0.215159 -0.001163 0.756706
v -0.315929 -0.058316 0.723259
v 0.314852 0.058286 0.720867
v -0.314862 0.058278 0.720891
v 0.211744 0.004026 -0.753103
v 0.310639 -0.058643 -0.713398
v -0.211978 0.004354 -0.753033
v -0.310651 -0.058620 -0.713421
v 0.312732 0.065439 -0.722217
v -0.313049 0.065510 -0.722333
v -0.339040 0.550024 -0.002899
v -0.362377 0.536851 0.029851
v -0.363901 0.544936 -0.035061
v -0.404799 0.529649 -0.020243
v -0.403019 0.525004 0.019922
v 0.338998 0.550081 -0.002791
v 0.362394 0.536879 0.029982
v 0.363930 0.544977 -0.034888
v 0.404898 0.529566 -0.020037
v 0.402992 0.525021 0.020064
v -0.351633 -0.612615 0.003825
v -0.375393 -0.593668 0.041200
v -0.374308 -0.602069 -0.028337
v -0.408293 -0.572161 -0.012455
v -0.411941 -0.571866 0.030346
v 0.352037 -0.612739 0.003990
v 0.375859 -0.593791 0.040998
v 0.374178 -0.601868 -0.028844
v 0.408028 -0.572819 -0.012269
v 0.412153 -0.571862 0.030442
v -0.024936 -0.486408 0.698323
v 0.024478 -0.486970 0.698932
v 0.000011 -0.405494 0.710242
v 0.038768 -0.436163 0.705139
v -0.038948 -0.436654 0.705382
v -0.021813 0.385476 0.648962
v 0.021806 0.385473 0.648973
v -0.000003 0.355316 0.689663
v 0.035583 0.368182 0.675100
v -0.035585 0.368206 0.675119
v -0.021813 -0.379742 -0.648381
v 0.021876 -0.379773 -0.648383
v 0.000007 -0.348891 -0.688858
v 0.035634 -0.360704 -0.673598
v -0.035603 -0.360730 -0.673592
v -0.023786 0.454315 -0.692902
v 0.024044 0.453803 -0.692200
v 0.000293 0.389071 -0.724788
v 0.038783 0.413209 -0.711728
v -0.038541 0.412990 -0.711971
v 0.676716 0.033430 -0.412877
v 0.675988 -0.030538 -0.412164
v 0.655448 -0.018154 -0.449769
v 0.655882 0.021577 -0.450263
v 0.691265 0.001690 -0.390478
v 0.695508 0.032547 0.414447
v 0.694136 -0.034137 0.414229
v 0.672417 -0.021680 0.452015
v 0.673093 0.019693 0.452122
v 0.709924 -0.000588 0.391624
v -0.676718 0.033420 -0.412885
v -0.675998 -0.030509 -0.412171
v -0.655461 -0.018140 -0.449757
v -0.655891 0.021572 -0.450263
v -0.691259 0.001683 -0.390451
v -0.695522 0.032537 0.414442
v -0.694137 -0.034132 0.414239
v -0.672418 -0.021655 0.452036
v -0.673106 0.019684 0.452114
v -0.709919 -0.000597 0.391618
v -0.028209 0.626999 -0.021556
v 0.028238 0.627101 -0.021578
v -0.015156 0.619492 0.008501
v -0.012889 0.635185 -0.055599
v 0.015107 0.619582 0.008429
v 0.013033 0.635231 -0.055670
v -0.243015 0.492320 0.299996
v -0.193771 0.467305 0.400299
v -0.187809 0.501435 0.301227
v -0.274909 0.470370 0.347153
v -0.163487 0.487893 0.351170
v -0.250149 0.458902 0.398062
v -0.251390 0.643492 -0.380653
v -0.206097 0.662698 -0.494046
v -0.198050 0.694041 -0.401293
v -0.293391 0.626542 -0.425256
v -0.216978 0.791414 -0.472840
v -0.262272 0.616707 -0.475615
v -0.568251 0.380662 -0.193019
v -0.613337 0.297222 -0.255807
v -0.550387 0.376261 -0.252649
v -0.607484 0.345486 -0.164319
v -0.573016 0.333205 -0.283714
v -0.629828 0.304127 -0.195302
v -0.588785 0.379169 0.204520
v -0.635553 0.310685 0.265791
v -0.574977 0.375023 0.261345
v -0.626025 0.351283 0.178657
v -0.598007 0.342994 0.292755
v -0.649870 0.315120 0.208646
v 0.243022 0.492323 0.299975
v 0.193754 0.467295 0.400285
v 0.187867 0.501431 0.301250
v 0.163452 0.487876 0.351125
v 0.274925 0.470370 0.347160
v 0.250175 0.458897 0.398086
v 0.250930 0.642781 -0.381211
v 0.205991 0.662748 -0.494056
v 0.197597 0.694126 -0.401608
v 0.217194 0.791659 -0.472530
v 0.292881 0.626524 -0.426621
v 0.261965 0.616068 -0.475345
v 0.567943 0.380773 -0.193400
v 0.613460 0.297138 -0.255860
v 0.550127 0.376027 -0.252584
v 0.607621 0.345616 -0.163852
v 0.572783 0.333365 -0.283410
v 0.629899 0.304003 -0.195247
v 0.588788 0.379179 0.204516
v 0.635532 0.310675 0.265782
v 0.574993 0.375003 0.261344
v 0.626012 0.351258 0.178645
v 0.598015 0.343027 0.292750
v 0.649877 0.315111 0.208622
v -0.044537 -0.692555 0.015964
v 0.044743 -0.692483 0.015762
v -0.019161 -0.688207 0.061328
v -0.025411 -0.691119 -0.023496
v 0.019096 -0.688184 0.061380
v 0.025223 -0.691072 -0.023540
v -0.251945 -0.618484 0.397612
v -0.268056 -0.772793 0.530612
v -0.198998 -0.662356 0.409072
v -0.292882 -0.614739 0.441108
v -0.199451 -0.761320 0.465613
v -0.294366 -0.666188 0.506464
v -0.255302 -0.584156 -0.318770
v -0.192613 -0.511385 -0.401738
v -0.201118 -0.601024 -0.325669
v -0.273441 -0.522106 -0.347713
v -0.168799 -0.557397 -0.363234
v -0.245522 -0.495459 -0.395163
v -0.571945 -0.369692 -0.189521
v -0.618881 -0.299478 -0.257303
v -0.555771 -0.362474 -0.249765
v -0.613660 -0.342451 -0.162981
v -0.580667 -0.328084 -0.285074
v -0.635345 -0.306145 -0.195631
v -0.586014 -0.395431 0.208390
v -0.631901 -0.314434 0.265274
v -0.570748 -0.393674 0.264698
v -0.623700 -0.359414 0.180502
v -0.594143 -0.353049 0.293024
v -0.647114 -0.319126 0.208830
v 0.252265 -0.618745 0.397972
v 0.267275 -0.772970 0.530321
v 0.199110 -0.662331 0.409300
v 0.199429 -0.761161 0.465506
v 0.293014 -0.614602 0.441358
v 0.294827 -0.667004 0.506664
v 0.254993 -0.584663 -0.319082
v 0.192451 -0.511731 -0.401668
v 0.200443 -0.601256 -0.324895
v 0.168604 -0.557632 -0.363472
v 0.273590 -0.522244 -0.348318
v 0.245543 -0.494574 -0.395004
v 0.572410 -0.369815 -0.189437
v 0.618835 -0.299542 -0.257321
v 0.556110 -0.362337 -0.249736
v 0.613583 -0.342339 -0.163062
v 0.580551 -0.328188 -0.285080
v 0.635336 -0.306206 -0.195639
v 0.585972 -0.395430 0.208468
v 0.631903 -0.314419 0.265284
v 0.570834 -0.393705 0.264719
v 0.623759 -0.359382 0.180471
v 0.594072 -0.353090 0.293093
v 0.647139 -0.319125 0.208825
v -0.000011 -0.059100 0.787058
v -0.000024 0.055401 0.784142
v 0.054136 -0.030445 0.783029
v -0.054012 -0.030467 0.783075
v 0.054018 0.026487 0.782147
v -0.054067 0.026535 0.782130
v 0.334549 -0.265876 0.644106
v 0.433325 -0.200262 0.607343
v 0.372764 -0.293964 0.608596
v 0.420034 -0.258649 0.587012
v 0.343860 -0.204076 0.660927
v 0.394944 -0.173075 0.645252
v -0.333812 -0.266136 0.643642
v -0.432936 -0.200289 0.607311
v -0.372417 -0.293977 0.608614
v -0.419961 -0.258920 0.587288
v -0.344297 -0.204278 0.661024
v -0.395019 -0.173115 0.645136
v 0.340877 0.260908 0.650621
v 0.438319 0.204163 0.616091
v 0.379528 0.284457 0.613024
v 0.427989 0.257578 0.595420
v 0.349694 0.206642 0.669578
v 0.398496 0.177137 0.651883
v -0.340863 0.260910 0.650605
v -0.438301 0.204132 0.616045
v -0.379525 0.284463 0.613036
v -0.427975 0.257572 0.595423
v -0.349694 0.206640 0.669573
v -0.398497 0.177147 0.651883
v -0.000353 -0.057787 -0.775522
v -0.000284 0.066425 -0.790761
v 0.053929 -0.026734 -0.776005
v -0.053978 -0.026728 -0.775836
v 0.054341 0.035290 -0.784290
v -0.054260 0.035437 -0.783824
v 0.337087 -0.256895 -0.648120
v 0.431392 -0.201571 -0.611156
v 0.374623 -0.277943 -0.611467
v 0.421832 -0.253029 -0.593472
v 0.346312 -0.205959 -0.666482
v 0.393663 -0.176331 -0.647665
v -0.337091 -0.256859 -0.648179
v -0.431388 -0.201592 -0.611128
v -0.374605 -0.277868 -0.611531
v -0.421835 -0.253005 -0.593513
v -0.346297 -0.205991 -0.666456
v -0.393674 -0.176366 -0.647690
v 0.343866 0.264517 -0.668097
v 0.440685 0.200944 -0.622521
v 0.376720 0.284972 -0.621475
v 0.424975 0.252304 -0.599088
v 0.358014 0.211279 -0.691038
v 0.403452 0.178883 -0.663721
v -0.343897 0.264460 -0.668167
v -0.440525 0.200916 -0.622422
v -0.376633 0.285202 -0.621613
v -0.424858 0.252573 -0.599346
v -0.357658 0.211251 -0.690760
v -0.403437 0.178837 -0.663710
v 0.786556 -0.000070 -0.048471
v 0.789887 -0.000095 0.065138
v 0.787492 0.047632 -0.020040
v 0.787695 0.048073 0.036714
v 0.785063 -0.048601 -0.019821
v 0.785154 -0.049014 0.036871
v -0.786544 -0.000076 -0.048475
v -0.789911 -0.000094 0.065135
v -0.787472 0.047616 -0.020035
v -0.787699 0.048069 0.036711
v -0.785047 -0.048612 -0.019819
v -0.785216 -0.049010 0.036872
v -0.234754 0.579813 -0.010548
v -0.114830 0.609946 -0.015615
v -0.208301 0.580548 0.029426
v -0.206697 0.592435 -0.055531
v -0.149136 0.594452 0.024841
v -0.145539 0.607841 -0.056404
v -0.326324 0.528482 0.110532
v -0.286657 0.513442 0.202035
v -0.273860 0.542769 0.113546
v -0.359036 0.507989 0.149271
v -0.253065 0.534882 0.157466
v -0.340368 0.500524 0.197161
v -0.327363 0.565377 -0.132522
v -0.292344 0.599823 -0.250859
v -0.273416 0.585385 -0.144543
v -0.361101 0.557021 -0.172717
v -0.253607 0.601648 -0.202176
v -0.346939 0.574688 -0.233892
v -0.471626 0.501150 -0.073251
v -0.524256 0.452724 -0.132459
v -0.455984 0.506104 -0.128479
v -0.509161 0.475943 -0.047810
v -0.483276 0.483386 -0.160077
v -0.536224 0.450602 -0.075540
v -0.466679 0.483798 0.075627
v -0.531042 0.434273 0.139447
v -0.455903 0.477760 0.125159
v -0.506776 0.465072 0.055385
v -0.488590 0.454022 0.159420
v -0.539017 0.439136 0.085595
v 0.235111 0.580121 -0.010448
v 0.114701 0.610050 -0.015530
v 0.208218 0.580546 0.029564
v 0.206518 0.592673 -0.055451
v 0.149073 0.594472 0.024952
v 0.145885 0.608008 -0.056733
v 0.326373 0.528562 0.110506
v 0.286616 0.513456 0.202030
v 0.273870 0.542657 0.113496
v 0.359049 0.508021 0.149266
v 0.253047 0.534979 0.157477
v 0.340336 0.500549 0.197149
v 0.327505 0.565690 -0.132549
v 0.292500 0.600349 -0.251576
v 0.273157 0.585096 -0.144804
v 0.361411 0.557424 -0.173670
v 0.253351 0.601884 -0.202458
v 0.347135 0.575858 -0.234632
v 0.471539 0.501177 -0.073067
v 0.524283 0.452944 -0.132251
v 0.455813 0.506051 -0.128551
v 0.509045 0.475967 -0.047531
v 0.482953 0.483269 -0.160272
v 0.536238 0.450550 -0.075467
v 0.466739 0.483717 0.075647
v 0.531011 0.434338 0.139420
v 0.455901 0.477743 0.125120
v 0.506817 0.464922 0.055371
v 0.488598 0.454051 0.159399
v 0.539002 0.439115 0.085517
v -0.258652 -0.668509 0.001798
v -0.144366 -0.694540 0.005832
v -0.222263 -0.651526 0.045540
v -0.244753 -0.719617 -0.038605
v -0.162072 -0.666563 0.047556
v -0.183799 -0.727299 -0.038466
v -0.343644 -0.597052 0.136917
v -0.297662 -0.600143 0.255106
v -0.285623 -0.613175 0.145906
v -0.380927 -0.581082 0.180151
v -0.261744 -0.613439 0.205022
v -0.357684 -0.582077 0.238686
v -0.356585 -0.642642 -0.124914
v -0.338869 -0.664798 -0.247726
v -0.332639 -0.717679 -0.142635
v -0.374854 -0.595432 -0.159081
v -0.319702 -0.739072 -0.210370
v -0.359863 -0.595935 -0.213902
v -0.461357 -0.511137 -0.063398
v -0.517010 -0.439858 -0.123385
v -0.447930 -0.508270 -0.115656
v -0.501678 -0.480050 -0.038353
v -0.473903 -0.470322 -0.146483
v -0.530976 -0.445528 -0.067388
v -0.479015 -0.524399 0.090990
v -0.534758 -0.464938 0.150883
v -0.474595 -0.530877 0.144663
v -0.509407 -0.489997 0.067236
v -0.499639 -0.500794 0.176503
v -0.539616 -0.460066 0.095693
v 0.258681 -0.668564 0.002122
v 0.144506 -0.694150 0.005795
v 0.222237 -0.651289 0.045624
v 0.244900 -0.719315 -0.038440
v 0.162422 -0.666339 0.047617
v 0.183623 -0.727272 -0.038210
v 0.343908 -0.596926 0.137216
v 0.297426 -0.600036 0.254977
v 0.285760 -0.613482 0.145758
v 0.380483 -0.581188 0.180231
v 0.261348 -0.614100 0.204617
v 0.357931 -0.582443 0.238802
v 0.356561 -0.642935 -0.124521
v 0.338725 -0.665430 -0.247596
v 0.332322 -0.717598 -0.142125
v 0.375121 -0.595701 -0.159222
v 0.319227 -0.739562 -0.209959
v 0.360010 -0.596260 -0.213752
v 0.461291 -0.511250 -0.063133
v 0.517164 -0.439705 -0.123392
v 0.447544 -0.507551 -0.114920
v 0.501785 -0.479875 -0.038489
v 0.473956 -0.470192 -0.146553
v 0.531280 -0.445370 -0.067269
v 0.478047 -0.524098 0.090788
v 0.535093 -0.465128 0.150889
v 0.474935 -0.530967 0.144659
v 0.509704 -0.489657 0.067287
v 0.499798 -0.501011 0.176430
v 0.540113 -0.460354 0.095801
v -0.099252 -0.591155 0.690682
v -0.191297 -0.749427 0.679994
v -0.070516 -0.638254 0.667771
v -0.167850 -0.588816 0.698866
v -0.108085 -0.700296 0.649009
v -0.224161 -0.660937 0.698627
v 0.098867 -0.591042 0.690511
v 0.190017 -0.751106 0.679513
v 0.070250 -0.638759 0.668203
v 0.167337 -0.589395 0.698954
v 0.107111 -0.700943 0.648529
v 0.223296 -0.661860 0.698612
v 0.000174 -0.289901 0.738389
v 0.000086 -0.173363 0.823700
v 0.049667 -0.259449 0.745158
v -0.049581 -0.259212 0.745051
v 0.051680 -0.201078 0.773116
v -0.051480 -0.201200 0.773122
v 0.137396 -0.394005 0.703434
v 0.237728 -0.333957 0.680856
v 0.184255 -0.436278 0.693378
v 0.142904 -0.328648 0.711877
v 0.234704 -0.404942 0.679129
v 0.193292 -0.298336 0.703387
v -0.137833 -0.393728 0.703401
v -0.237571 -0.333935 0.680731
v -0.184915 -0.435880 0.693550
v -0.143212 -0.328352 0.711651
v -0.234696 -0.404784 0.678598
v -0.192997 -0.299194 0.703244
v -0.078627 0.412051 0.582819
v -0.138052 0.439949 0.496757
v -0.054017 0.429445 0.541915
v -0.132574 0.407319 0.582982
v -0.082601 0.444635 0.497903
v -0.164160 0.420660 0.541195
v 0.078624 0.412048 0.582825
v 0.138059 0.439939 0.496747
v 0.054018 0.429455 0.541919
v 0.132575 0.407332 0.582982
v 0.082595 0.444631 0.497894
v 0.164156 0.420649 0.541180
v 0.000002 0.282436 0.731589
v 0.000003 0.175617 0.767057
v 0.049606 0.257890 0.738672
v -0.049601 0.257913 0.738693
v 0.051631 0.204073 0.755926
v -0.051627 0.204077 0.755955
v 0.131426 0.344659 0.679737
v 0.237674 0.308178 0.671924
v 0.170359 0.360679 0.649996
v 0.141889 0.307058 0.703412
v 0.224374 0.346379 0.645808
v 0.194956 0.285045 0.700433
v -0.131421 0.344665 0.679757
v -0.237680 0.308181 0.671926
v -0.170354 0.360681 0.649999
v -0.141888 0.307040 0.703409
v -0.224363 0.346375 0.645808
v -0.194957 0.285039 0.700429
v -0.077617 -0.413537 -0.581595
v -0.135130 -0.457371 -0.492928
v -0.053073 -0.439374 -0.538541
v -0.130450 -0.406387 -0.580772
v -0.081011 -0.464336 -0.494678
v -0.160091 -0.425406 -0.536804
v 0.077775 -0.413328 -0.581751
v 0.134978 -0.457495 -0.492874
v 0.053048 -0.439438 -0.538405
v 0.130563 -0.406308 -0.581032
v 0.081007 -0.464480 -0.494837
v 0.160074 -0.425404 -0.536361
v -0.000021 -0.279539 -0.728885
v 0.000034 -0.176375 -0.760985
v 0.049588 -0.255260 -0.735154
v -0.049607 -0.255261 -0.735156
v 0.051654 -0.203780 -0.751626
v -0.051640 -0.203780 -0.751670
v 0.131103 -0.338267 -0.679466
v 0.235124 -0.302523 -0.671044
v 0.169325 -0.353831 -0.651266
v 0.141140 -0.301955 -0.701802
v 0.221676 -0.338154 -0.645783
v 0.193051 -0.280984 -0.698440
v -0.131127 -0.338186 -0.679493
v -0.235169 -0.302461 -0.671080
v -0.169282 -0.353864 -0.651272
v -0.141138 -0.301922 -0.701797
v -0.221666 -0.338155 -0.645778
v -0.193039 -0.280996 -0.698445
v -0.093270 0.532883 -0.654885
v -0.166314 0.611640 -0.596037
v -0.066518 0.585735 -0.631609
v -0.154997 0.518917 -0.654015
v -0.104489 0.630158 -0.602628
v -0.195614 0.556719 -0.627364
v 0.092756 0.532077 -0.653981
v 0.166992 0.611708 -0.596346
v 0.066670 0.586094 -0.632185
v 0.154991 0.518837 -0.653853
v 0.105060 0.630327 -0.602614
v 0.195805 0.556776 -0.627734
v -0.000053 0.296082 -0.777340
v 0.000016 0.186951 -0.813984
v 0.054444 0.271269 -0.790834
v -0.053930 0.271349 -0.791091
v 0.056669 0.217173 -0.815181
v -0.056840 0.217282 -0.815258
v 0.139952 0.376554 -0.718289
v 0.245257 0.326429 -0.706600
v 0.181441 0.406274 -0.690754
v 0.151863 0.326761 -0.748679
v 0.231946 0.379778 -0.679943
v 0.207786 0.303099 -0.749701
v -0.139976 0.376860 -0.718348
v -0.245267 0.326476 -0.706569
v -0.181300 0.406445 -0.690850
v -0.151828 0.326524 -0.748821
v -0.232062 0.379887 -0.680033
v -0.208094 0.303283 -0.750153
v 0.669175 0.117451 -0.371632
v 0.650041 0.208833 -0.318833
v 0.639677 0.152869 -0.399767
v 0.687394 0.124718 -0.316657
v 0.630774 0.199435 -0.375841
v 0.677898 0.170013 -0.288197
v 0.666465 -0.120131 -0.369859
v 0.648655 -0.216861 -0.318491
v 0.636069 -0.157780 -0.397643
v 0.684496 -0.127911 -0.314997
v 0.627789 -0.207488 -0.374839
v 0.675681 -0.175728 -0.287081
v 0.595049 -0.074700 -0.508074
v 0.518288 -0.139140 -0.563284
v 0.585728 -0.126627 -0.492642
v 0.566311 -0.052120 -0.548198
v 0.549476 -0.161042 -0.521759
v 0.525882 -0.082852 -0.575560
v 0.596234 0.075729 -0.509462
v 0.522968 0.137593 -0.568192
v 0.588546 0.124240 -0.494821
v 0.566591 0.054757 -0.549078
v 0.553873 0.156654 -0.525017
v 0.526910 0.083984 -0.577213
v 0.724944 0.000978 -0.286970
v 0.759812 0.000406 -0.167000
v 0.730039 0.043970 -0.257836
v 0.728248 -0.043260 -0.257055
v 0.747783 0.045259 -0.197700
v 0.745701 -0.045131 -0.197088
v 0.687480 0.121724 0.372472
v 0.667757 0.220424 0.321880
v 0.655989 0.160266 0.400401
v 0.709531 0.129929 0.320102
v 0.645330 0.210558 0.376284
v 0.698977 0.178549 0.293227
v 0.685684 -0.123726 0.372508
v 0.666517 -0.221722 0.321475
v 0.655609 -0.161846 0.400399
v 0.707428 -0.132209 0.320464
v 0.644198 -0.211301 0.375225
v 0.698217 -0.181046 0.293696
v 0.608886 -0.078125 0.511129
v 0.529726 -0.139203 0.567462
v 0.601944 -0.129725 0.496103
v 0.577091 -0.055314 0.552256
v 0.562285 -0.161742 0.522864
v 0.537607 -0.084913 0.582547
v 0.609279 0.075896 0.511348
v 0.528386 0.140267 0.568288
v 0.601560 0.128715 0.496323
v 0.577106 0.052750 0.552484
v 0.561889 0.162675 0.524546
v 0.536369 0.083716 0.582365
v 0.751167 -0.000340 0.293433
v 0.778299 0.000021 0.181085
v 0.757393 0.044768 0.265844
v 0.755273 -0.045729 0.266201
v 0.771336 0.046580 0.209607
v 0.769081 -0.047186 0.209967
v -0.669168 0.117431 -0.371607
v -0.650046 0.208799 -0.318853
v -0.639687 0.152862 -0.399693
v -0.687401 0.124744 -0.316674
v -0.630741 0.199405 -0.375829
v -0.677917 0.170029 -0.288234
v -0.666490 -0.120129 -0.369863
v -0.648630 -0.216882 -0.318484
v -0.636080 -0.157769 -0.397640
v -0.684443 -0.127894 -0.314999
v -0.627762 -0.207492 -0.374827
v -0.675638 -0.175717 -0.287087
v -0.595075 -0.074704 -0.508091
v -0.518284 -0.139128 -0.563300
v -0.585722 -0.126630 -0.492660
v -0.566333 -0.052125 -0.548205
v -0.549464 -0.161024 -0.521758
v -0.525878 -0.082861 -0.575552
v -0.596222 0.075706 -0.509460
v -0.523054 0.137626 -0.568219
v -0.588578 0.124263 -0.494823
v -0.566570 0.054736 -0.549104
v -0.553879 0.156706 -0.524993
v -0.526902 0.083961 -0.577200
v -0.724946 0.000967 -0.286965
v -0.759785 0.000408 -0.167002
v -0.730057 0.043955 -0.257834
v -0.728240 -0.043249 -0.257050
v -0.747770 0.045234 -0.197696
v -0.745709 -0.045130 -0.197071
v -0.687472 0.121714 0.372470
v -0.667741 0.220423 0.321875
v -0.655951 0.160244 0.400380
v -0.709527 0.129925 0.320105
v -0.645305 0.210539 0.376271
v -0.698959 0.178538 0.293226
v -0.685673 -0.123741 0.372515
v -0.666469 -0.221748 0.321458
v -0.655569 -0.161895 0.400388
v -0.707430 -0.132199 0.320469
v -0.644208 -0.211268 0.375216
v -0.698272 -0.181091 0.293729
v -0.608883 -0.078167 0.511121
v -0.529765 -0.139139 0.567420
v -0.601920 -0.129750 0.496102
v -0.577097 -0.055346 0.552243
v -0.562322 -0.161658 0.522829
v -0.537571 -0.084943 0.582521
v -0.609294 0.075889 0.511352
v -0.528399 0.140269 0.568292
v -0.601574 0.128704 0.496323
v -0.577096 0.052759 0.552496
v -0.561892 0.162663 0.524531
v -0.536373 0.083731 0.582395
v -0.751205 -0.000339 0.293420
v -0.778329 0.000007 0.181082
v -0.757394 0.044765 0.265844
v -0.755256 -0.045739 0.266188
v -0.771321 0.046574 0.209614
v -0.769084 -0.047210 0.209949
v -0.061445 0.587528 0.093513
v -0.124550 0.543584 0.200011
v -0.110275 0.578683 0.102141
v -0.144590 0.556293 0.152979
v -0.044947 0.570920 0.142556
v -0.073326 0.549728 0.196900
v -0.050188 0.641842 -0.147041
v -0.118363 0.656618 -0.281706
v -0.100172 0.632583 -0.153164
v -0.138220 0.635082 -0.215019
v -0.040489 0.654998 -0.211215
v -0.069919 0.666206 -0.279083
v 0.061474 0.587542 0.093505
v 0.124604 0.543402 0.200073
v 0.110239 0.578708 0.102158
v 0.144603 0.556333 0.152983
v 0.044952 0.570914 0.142575
v 0.073309 0.549724 0.196878
v 0.050327 0.641958 -0.147083
v 0.118783 0.657406 -0.281398
v 0.100125 0.632573 -0.153168
v 0.137853 0.635125 -0.214779
v 0.040328 0.655062 -0.211045
v 0.069858 0.666339 -0.279115
v -0.383951 0.446268 0.332640
v -0.485657 0.415963 0.303914
v -0.405699 0.455425 0.280034
v -0.457067 0.440577 0.266713
v -0.412974 0.422885 0.373295
v -0.462936 0.407243 0.357690
v -0.053955 0.497502 0.351119
v 0.054029 0.497487 0.351120
v -0.027361 0.480532 0.401176
v 0.027339 0.480544 0.401165
v -0.026350 0.515827 0.299662
v 0.026298 0.515820 0.299658
v -0.306186 0.414859 0.485308
v -0.349576 0.362548 0.557273
v -0.275194 0.402882 0.531814
v -0.297178 0.378233 0.568705
v -0.360211 0.402591 0.475801
v -0.381720 0.375846 0.510993
v -0.445912 0.605286 -0.399946
v -0.468790 0.458878 -0.311896
v -0.423989 0.555041 -0.318366
v -0.452813 0.501015 -0.283349
v -0.424754 0.515816 -0.410169
v -0.448297 0.458480 -0.370397
v -0.076385 0.722201 -0.447359
v 0.076549 0.722116 -0.447488
v -0.036062 0.695530 -0.500409
v 0.036668 0.694726 -0.500593
v -0.033278 0.708868 -0.395046
v 0.033439 0.708427 -0.395263
v -0.311728 0.508553 -0.528347
v -0.344489 0.393852 -0.573227
v -0.281904 0.485922 -0.574164
v -0.298206 0.428294 -0.595991
v -0.359336 0.472751 -0.504802
v -0.373469 0.414072 -0.525837
v -0.632023 0.354071 -0.046658
v -0.638813 0.356202 0.065857
v -0.604410 0.388256 -0.018969
v -0.607623 0.388013 0.036710
v -0.664773 0.318496 -0.018202
v -0.667789 0.320183 0.038332
v -0.531730 0.315011 -0.397453
v -0.481156 0.287594 -0.501195
v -0.552653 0.267667 -0.427021
v -0.526110 0.253806 -0.478172
v -0.487072 0.352837 -0.422924
v -0.461889 0.339090 -0.474802
v -0.697550 0.228077 -0.136736
v -0.749101 0.140548 -0.077997
v -0.710499 0.180993 -0.167566
v -0.736548 0.137780 -0.137500
v -0.708950 0.232243 -0.077181
v -0.734813 0.188454 -0.048513
v -0.552060 0.324902 0.403265
v -0.495826 0.298499 0.506003
v -0.568181 0.282743 0.431106
v -0.539704 0.268041 0.482056
v -0.507661 0.350032 0.426392
v -0.480287 0.338857 0.478242
v -0.710247 0.235336 0.151915
v -0.757965 0.143976 0.094355
v -0.727941 0.188239 0.180389
v -0.751121 0.142354 0.151698
v -0.716907 0.237503 0.094837
v -0.739486 0.191173 0.066109
v 0.383954 0.446273 0.332634
v 0.485652 0.415946 0.303891
v 0.405717 0.455430 0.280061
v 0.457080 0.440559 0.266737
v 0.412965 0.422901 0.373276
v 0.462920 0.407241 0.357665
v 0.306140 0.414863 0.485250
v 0.349583 0.362555 0.557281
v 0.275166 0.402845 0.531771
v 0.297178 0.378229 0.568699
v 0.360252 0.402618 0.475847
v 0.381711 0.375830 0.510977
v 0.445838 0.605310 -0.402346
v 0.468828 0.459156 -0.312072
v 0.425217 0.555460 -0.320127
v 0.452934 0.501182 -0.284377
v 0.424322 0.515388 -0.410062
v 0.448236 0.458208 -0.370518
v 0.311874 0.508433 -0.528507
v 0.344178 0.393392 -0.572623
v 0.282326 0.485658 -0.574091
v 0.297928 0.428129 -0.596162
v 0.358624 0.472074 -0.504671
v 0.373334 0.414017 -0.525592
v 0.631972 0.354077 -0.046620
v 0.638795 0.356211 0.065844
v 0.604379 0.388320 -0.018906
v 0.607666 0.387900 0.036698
v 0.664804 0.318429 -0.018210
v 0.667781 0.320168 0.038317
v 0.531609 0.315253 -0.397154
v 0.482039 0.287301 -0.501522
v 0.552816 0.267555 -0.426975
v 0.525965 0.253681 -0.477958
v 0.487116 0.352698 -0.422467
v 0.462309 0.338920 -0.475107
v 0.697553 0.228078 -0.136716
v 0.749099 0.140564 -0.078021
v 0.710585 0.181004 -0.167530
v 0.736568 0.137768 -0.137533
v 0.708989 0.232255 -0.077183
v 0.734783 0.188459 -0.048545
v 0.552061 0.324891 0.403253
v 0.495843 0.298489 0.506004
v 0.568159 0.282699 0.431084
v 0.539711 0.268029 0.482042
v 0.507678 0.350026 0.426389
v 0.480305 0.338874 0.478262
v 0.710244 0.235331 0.151909
v 0.757960 0.143987 0.094351
v 0.727920 0.188234 0.180388
v 0.751125 0.142364 0.151701
v 0.716916 0.237504 0.094824
v 0.739540 0.191205 0.066094
v -0.048495 -0.672468 0.154461
v -0.118769 -0.646461 0.281598
v -0.105789 -0.658716 0.157173
v -0.141708 -0.643600 0.216941
v -0.040134 -0.668590 0.220077
v -0.067843 -0.660961 0.282597
v -0.086672 -0.701432 -0.121587
v -0.145508 -0.700176 -0.246622
v -0.130588 -0.762665 -0.138695
v -0.164689 -0.776892 -0.214133
v -0.063490 -0.668313 -0.166972
v -0.088372 -0.665980 -0.229037
v 0.048173 -0.672438 0.154335
v 0.119120 -0.646147 0.281843
v 0.105895 -0.658734 0.157145
v 0.141827 -0.643622 0.217129
v 0.040169 -0.668673 0.219854
v 0.068651 -0.661004 0.282735
v 0.086442 -0.701055 -0.121449
v 0.144603 -0.700807 -0.246513
v 0.130426 -0.760959 -0.137901
v 0.163213 -0.776132 -0.212523
v 0.063055 -0.668040 -0.166578
v 0.088354 -0.665525 -0.228839
v -0.393973 -0.538207 0.377382
v -0.488475 -0.468277 0.320624
v -0.419682 -0.537111 0.317208
v -0.469025 -0.506571 0.291269
v -0.418523 -0.502317 0.406981
v -0.464882 -0.464849 0.377472
v -0.062132 -0.704638 0.469430
v 0.062518 -0.704142 0.469672
v -0.033876 -0.687387 0.522559
v 0.034413 -0.687661 0.522538
v -0.027871 -0.687649 0.407943
v 0.028116 -0.687389 0.407665
v -0.337233 -0.557369 0.562690
v -0.355500 -0.423368 0.584962
v -0.316438 -0.550181 0.621130
v -0.318195 -0.472073 0.623235
v -0.371976 -0.499067 0.521508
v -0.385198 -0.440218 0.538649
v -0.371273 -0.469634 -0.325185
v -0.466906 -0.416014 -0.294040
v -0.393910 -0.485346 -0.273921
v -0.439346 -0.454381 -0.256793
v -0.397996 -0.428769 -0.364832
v -0.448403 -0.403993 -0.351306
v -0.056565 -0.563306 -0.364978
v 0.056384 -0.563940 -0.365159
v -0.027838 -0.530195 -0.409028
v 0.027623 -0.530279 -0.408738
v -0.028889 -0.596068 -0.320090
v 0.028985 -0.596532 -0.320238
v -0.296274 -0.417102 -0.478815
v -0.344524 -0.351840 -0.558692
v -0.268959 -0.399377 -0.529175
v -0.292018 -0.368291 -0.568120
v -0.348752 -0.398856 -0.470062
v -0.374239 -0.365296 -0.511315
v -0.636030 -0.353073 -0.045348
v -0.638756 -0.359282 0.067870
v -0.606625 -0.387188 -0.015351
v -0.607831 -0.391134 0.040619
v -0.667498 -0.320632 -0.017927
v -0.668520 -0.322536 0.038911
v -0.541014 -0.312306 -0.403464
v -0.486056 -0.287173 -0.505518
v -0.556347 -0.274503 -0.431951
v -0.528529 -0.260285 -0.482157
v -0.498052 -0.336222 -0.426284
v -0.470481 -0.324406 -0.477585
v -0.697395 -0.234453 -0.136199
v -0.745910 -0.144876 -0.077384
v -0.708372 -0.186551 -0.166644
v -0.733084 -0.141953 -0.136610
v -0.709012 -0.238106 -0.076830
v -0.733587 -0.193990 -0.047956
v -0.547580 -0.334656 0.401168
v -0.487797 -0.302568 0.500014
v -0.563145 -0.283698 0.426471
v -0.534341 -0.267204 0.476098
v -0.503431 -0.372625 0.428500
v -0.473144 -0.357216 0.478496
v -0.709723 -0.238578 0.152065
v -0.755697 -0.147256 0.094519
v -0.727165 -0.191577 0.180788
v -0.748722 -0.145193 0.152081
v -0.716802 -0.241496 0.094853
v -0.738812 -0.195583 0.066188
v 0.393970 -0.538271 0.377295
v 0.488557 -0.468226 0.320653
v 0.419693 -0.537198 0.317257
v 0.469006 -0.506693 0.291400
v 0.418331 -0.502325 0.407419
v 0.464644 -0.464465 0.377130
v 0.337444 -0.557704 0.562772
v 0.355017 -0.422988 0.585096
v 0.316117 -0.550420 0.620782
v 0.318367 -0.472210 0.623498
v 0.371743 -0.498803 0.521670
v 0.385086 -0.439904 0.538351
v 0.371646 -0.470385 -0.325194
v 0.467491 -0.415653 -0.294313
v 0.393822 -0.484764 -0.273994
v 0.439673 -0.454120 -0.256514
v 0.398101 -0.429123 -0.364562
v 0.448420 -0.404106 -0.351085
v 0.296204 -0.417123 -0.479079
v 0.344575 -0.351778 -0.558692
v 0.269197 -0.399085 -0.529460
v 0.292087 -0.368307 -0.568108
v 0.348868 -0.398757 -0.470123
v 0.374314 -0.365240 -0.511357
v 0.636053 -0.353160 -0.045349
v 0.638708 -0.359320 0.067853
v 0.606510 -0.387250 -0.015382
v 0.607713 -0.391145 0.040589
v 0.667559 -0.320641 -0.017934
v 0.668517 -0.322496 0.038921
v 0.540967 -0.312385 -0.403495
v 0.486057 -0.287147 -0.505523
v 0.556371 -0.274485 -0.431952
v 0.528559 -0.260282 -0.482147
v 0.498028 -0.336268 -0.426340
v 0.470470 -0.324427 -0.477580
v 0.697389 -0.234461 -0.136202
v 0.745906 -0.144881 -0.077374
v 0.708430 -0.186589 -0.166623
v 0.733084 -0.141936 -0.136616
v 0.708997 -0.238099 -0.076835
v 0.733608 -0.194004 -0.047963
v 0.547595 -0.334637 0.401289
v 0.487867 -0.302404 0.500319
v 0.563232 -0.283665 0.426508
v 0.534531 -0.267376 0.476161
v 0.503578 -0.372619 0.428498
v 0.473037 -0.357381 0.478238
v 0.709732 -0.238583 0.152077
v 0.755704 -0.147260 0.094523
v 0.727221 -0.191617 0.180788
v 0.748734 -0.145201 0.152077
v 0.716810 -0.241503 0.094843
v 0.738793 -0.195584 0.066181
v 0.161078 -0.086324 0.766614
v 0.259252 -0.143687 0.725711
v 0.159849 -0.141721 0.764434
v 0.206075 -0.173309 0.735533
v 0.214892 -0.058518 0.756852
v 0.265783 -0.086441 0.740992
v -0.161009 -0.086301 0.766606
v -0.259141 -0.143755 0.725997
v -0.159876 -0.141879 0.764534
v -0.205808 -0.173122 0.735432
v -0.214868 -0.058501 0.756861
v -0.265822 -0.086455 0.740966
v 0.160931 0.087013 0.762010
v 0.261797 0.148370 0.728166
v 0.158865 0.146886 0.753546
v 0.209086 0.177424 0.736409
v 0.214409 0.057687 0.753602
v 0.265265 0.087971 0.737815
v -0.160926 0.086996 0.761967
v -0.261836 0.148366 0.728153
v -0.158902 0.146857 0.753542
v -0.209099 0.177434 0.736401
v -0.214396 0.057708 0.753587
v -0.265290 0.087954 0.737794
v 0.410222 -0.058533 0.674741
v 0.408753 0.058758 0.673307
v 0.456432 -0.030028 0.649896
v 0.455452 0.028600 0.648988
v 0.363851 -0.029651 0.701108
v 0.363089 0.028911 0.699915
v -0.410224 -0.058596 0.674725
v -0.408745 0.058740 0.673297
v -0.456401 -0.030073 0.649858
v -0.455459 0.028591 0.649000
v -0.363799 -0.029664 0.701026
v -0.363084 0.028898 0.699937
v 0.159340 -0.089541 -0.760329
v 0.257690 -0.149712 -0.721531
v 0.157420 -0.149461 -0.752464
v 0.205757 -0.177923 -0.731514
v 0.210897 -0.058648 -0.748559
v 0.260522 -0.089497 -0.729292
v -0.159320 -0.089466 -0.760133
v -0.257747 -0.149748 -0.721470
v -0.157424 -0.149467 -0.752446
v -0.205807 -0.177920 -0.731504
v -0.210926 -0.058861 -0.748663
v -0.260411 -0.089346 -0.729348
v 0.164598 0.098505 -0.784954
v 0.271435 0.161198 -0.764431
v 0.170828 0.161187 -0.809951
v 0.226967 0.194944 -0.802392
v 0.214628 0.066783 -0.762918
v 0.265682 0.097478 -0.749844
v -0.164647 0.098324 -0.785715
v -0.271177 0.160999 -0.764048
v -0.170950 0.161095 -0.809721
v -0.226878 0.194975 -0.802424
v -0.214288 0.066948 -0.763332
v -0.265968 0.097555 -0.749584
v 0.405936 -0.058279 -0.670945
v 0.405568 0.062575 -0.672454
v 0.449890 -0.027313 -0.644856
v 0.449842 0.031863 -0.645417
v 0.360380 -0.027847 -0.696335
v 0.360618 0.033835 -0.698599
v -0.406002 -0.058279 -0.670900
v -0.405493 0.062670 -0.672459
v -0.449895 -0.027294 -0.644822
v -0.449761 0.031895 -0.645411
v -0.360362 -0.027867 -0.696390
v -0.360448 0.033693 -0.698738
v -0.316306 0.550015 0.032319
v -0.316313 0.560267 -0.044891
v -0.264616 0.565661 0.032195
v -0.263398 0.576583 -0.051088
v -0.392098 0.520734 0.060575
v -0.294743 0.547744 0.071743
v -0.376457 0.514690 0.103618
v -0.394708 0.535914 -0.065027
v -0.294278 0.571696 -0.092200
v -0.377949 0.544554 -0.116540
v -0.440533 0.511693 0.001275
v -0.426791 0.523324 -0.096224
v -0.475556 0.495071 -0.022199
v -0.423782 0.500639 0.092200
v -0.473613 0.489462 0.026913
v 0.316176 0.549967 0.032395
v 0.316092 0.560525 -0.044686
v 0.264535 0.565590 0.032201
v 0.263406 0.576498 -0.051292
v 0.392122 0.520748 0.060571
v 0.294817 0.547720 0.071714
v 0.376374 0.514591 0.103573
v 0.394808 0.536135 -0.064732
v 0.294846 0.572066 -0.092082
v 0.377971 0.544661 -0.116581
v 0.440429 0.511621 0.001435
v 0.426684 0.523472 -0.096111
v 0.475485 0.495031 -0.022003
v 0.423818 0.500569 0.092164
v 0.473642 0.489405 0.027073
v -0.330758 -0.614275 0.044023
v -0.337909 -0.638089 -0.037539
v -0.279468 -0.632976 0.043968
v -0.296812 -0.681780 -0.040429
v -0.410985 -0.576974 0.075621
v -0.309038 -0.613819 0.091961
v -0.401403 -0.580684 0.125756
v -0.398794 -0.578859 -0.057210
v -0.331522 -0.675628 -0.084064
v -0.387210 -0.588083 -0.106321
v -0.442222 -0.545334 0.011244
v -0.422767 -0.545928 -0.086129
v -0.470787 -0.513705 -0.012254
v -0.447928 -0.557955 0.111428
v -0.476569 -0.518201 0.038718
v 0.331076 -0.613937 0.044078
v 0.337598 -0.638200 -0.037333
v 0.279190 -0.632964 0.044060
v 0.296689 -0.681949 -0.040267
v 0.410548 -0.576891 0.075678
v 0.309064 -0.613606 0.092002
v 0.401095 -0.580838 0.125897
v 0.398479 -0.578918 -0.057277
v 0.331563 -0.675399 -0.083897
v 0.387311 -0.587889 -0.106583
v 0.443108 -0.545595 0.011475
v 0.422774 -0.545501 -0.085768
v 0.471329 -0.514079 -0.012034
v 0.448152 -0.557880 0.111376
v 0.476611 -0.518239 0.038641
v -0.000439 -0.535674 0.691562
v -0.076410 -0.476888 0.700253
v -0.032902 -0.585060 0.680620
v -0.118792 -0.527217 0.696561
v 0.076327 -0.477020 0.699681
v 0.032684 -0.585178 0.680979
v 0.118442 -0.526926 0.696646
v 0.044057 -0.380292 0.713444
v -0.044343 -0.380712 0.713270
v 0.047137 -0.321034 0.726829
v -0.047197 -0.320939 0.726570
v 0.130389 -0.460035 0.699281
v 0.092929 -0.355590 0.715209
v -0.130852 -0.460204 0.699587
v -0.092861 -0.355227 0.714854
v -0.000003 0.399998 0.618438
v -0.067757 0.381012 0.651327
v -0.026023 0.414557 0.582540
v -0.100178 0.393897 0.619860
v 0.067751 0.381005 0.651346
v 0.026016 0.414559 0.582547
v 0.100172 0.393896 0.619874
v 0.042435 0.342287 0.698398
v -0.042436 0.342312 0.698406
v 0.046728 0.305094 0.719565
v -0.046726 0.305097 0.719602
v 0.117782 0.372830 0.652283
v 0.090439 0.326310 0.703021
v -0.117787 0.372840 0.652325
v -0.090429 0.326313 0.703023
v -0.000014 -0.397482 -0.617083
v -0.067651 -0.374434 -0.650313
v -0.025590 -0.417199 -0.580052
v -0.099304 -0.389630 -0.618855
v 0.067646 -0.374428 -0.650313
v 0.025696 -0.417324 -0.579690
v 0.099355 -0.389549 -0.618960
v 0.042455 -0.335786 -0.696753
v -0.042450 -0.335758 -0.696785
v 0.046761 -0.300701 -0.717387
v -0.046779 -0.300728 -0.717400
v 0.117391 -0.365790 -0.652120
v 0.090375 -0.320597 -0.701360
v -0.117346 -0.365849 -0.652107
v -0.090382 -0.320557 -0.701373
v 0.000068 0.495077 -0.674122
v -0.074975 0.443707 -0.694471
v -0.030603 0.539665 -0.654403
v -0.113353 0.480496 -0.675021
v 0.074960 0.443390 -0.694145
v 0.031189 0.539920 -0.654515
v 0.113037 0.479348 -0.674203
v 0.045831 0.368981 -0.734706
v -0.045450 0.369086 -0.734611
v 0.050301 0.321563 -0.762044
v -0.050133 0.321183 -0.761699
v 0.128496 0.427728 -0.694691
v 0.096842 0.348320 -0.742417
v -0.128299 0.427763 -0.694908
v -0.096984 0.348321 -0.742305
v 0.652474 0.062640 -0.438508
v 0.696243 0.039019 -0.368711
v 0.646122 0.106715 -0.420299
v 0.694148 0.080629 -0.343719
v 0.651272 -0.061234 -0.437397
v 0.695167 -0.036779 -0.367868
v 0.643728 -0.108394 -0.418607
v 0.691748 -0.080964 -0.342229
v 0.632019 0.001899 -0.485080
v 0.619992 -0.093369 -0.464334
v 0.602200 -0.023215 -0.518266
v 0.621784 0.092841 -0.465808
v 0.602496 0.026907 -0.518788
v 0.712984 0.042108 -0.315673
v 0.711446 -0.040694 -0.314793
v 0.671010 0.063291 0.440654
v 0.716766 0.038600 0.370102
v 0.665118 0.110772 0.422507
v 0.715744 0.082693 0.345885
v 0.669394 -0.065450 0.440456
v 0.714999 -0.039994 0.369976
v 0.663824 -0.112790 0.422551
v 0.712991 -0.084590 0.345890
v 0.645842 -0.001262 0.486332
v 0.637784 -0.097424 0.468117
v 0.613650 -0.027047 0.520132
v 0.638307 0.095429 0.468005
v 0.613983 0.024043 0.520235
v 0.737939 0.042267 0.319832
v 0.735807 -0.043541 0.319961
v -0.652466 0.062626 -0.438537
v -0.696242 0.039007 -0.368716
v -0.646140 0.106702 -0.420280
v -0.694159 0.080619 -0.343754
v -0.651225 -0.061230 -0.437377
v -0.695159 -0.036768 -0.367877
v -0.643689 -0.108373 -0.418572
v -0.691782 -0.080964 -0.342253
v -0.632045 0.001909 -0.485077
v -0.619999 -0.093359 -0.464347
v -0.602208 -0.023205 -0.518253
v -0.621820 0.092834 -0.465823
v -0.602501 0.026900 -0.518785
v -0.712969 0.042089 -0.315674
v -0.711422 -0.040711 -0.314777
v -0.671006 0.063276 0.440638
v -0.716751 0.038584 0.370094
v -0.665116 0.110752 0.422512
v -0.715732 0.082689 0.345894
v -0.669412 -0.065406 0.440472
v -0.714997 -0.039983 0.369987
v -0.663827 -0.112800 0.422543
v -0.712987 -0.084569 0.345904
v -0.645857 -0.001245 0.486347
v -0.637786 -0.097464 0.468100
v -0.613666 -0.027012 0.520147
v -0.638315 0.095413 0.468001
v -0.614012 0.024050 0.520273
v -0.737927 0.042264 0.319822
v -0.735820 -0.043546 0.319966
v -0.047156 0.616714 0.011769
v -0.040672 0.631581 -0.053100
v -0.089383 0.608762 0.017910
v -0.079030 0.623602 -0.051427
v 0.047216 0.616733 0.011780
v 0.040855 0.631741 -0.053073
v 0.089408 0.608872 0.017966
v 0.078906 0.623900 -0.051195
v 0.000001 0.611444 0.037226
v -0.074980 0.600618 0.051947
v -0.019269 0.592495 0.086876
v 0.000115 0.641615 -0.094595
v -0.053675 0.633450 -0.088596
v -0.014639 0.647331 -0.142492
v 0.075006 0.600644 0.051959
v 0.019290 0.592523 0.086884
v 0.053980 0.633799 -0.088400
v 0.014890 0.647524 -0.142600
v -0.210587 0.513871 0.251731
v -0.298469 0.481618 0.296840
v -0.232033 0.524562 0.203469
v -0.320059 0.491606 0.246413
v -0.137734 0.473793 0.401156
v -0.223183 0.446540 0.447731
v -0.110613 0.459301 0.450269
v -0.194431 0.433742 0.495658
v -0.133149 0.508524 0.301007
v -0.177820 0.535190 0.202723
v -0.102894 0.528650 0.249515
v -0.306226 0.448584 0.393511
v -0.352995 0.469266 0.290407
v -0.361084 0.436734 0.385783
v -0.082330 0.478586 0.401585
v -0.079269 0.513570 0.300164
v -0.250105 0.424885 0.490965
v -0.335031 0.426222 0.436724
v -0.214710 0.650253 -0.331684
v -0.321056 0.622157 -0.366156
v -0.234345 0.621899 -0.264870
v -0.335532 0.599703 -0.299146
v -0.168314 0.712787 -0.503582
v -0.237283 0.600829 -0.523053
v -0.134517 0.662334 -0.549371
v -0.214915 0.578968 -0.572964
v -0.176827 0.811178 -0.411901
v -0.174749 0.641928 -0.275781
v -0.109331 0.700184 -0.350715
v -0.328271 0.590420 -0.462509
v -0.391430 0.609175 -0.350230
v -0.397693 0.569781 -0.456444
v -0.107758 0.710657 -0.501591
v -0.101093 0.740871 -0.401025
v -0.262158 0.543538 -0.550456
v -0.346842 0.533698 -0.486245
v -0.528234 0.416648 -0.221948
v -0.585139 0.385336 -0.133539
v -0.506254 0.453244 -0.191723
v -0.561178 0.420311 -0.104188
v -0.595042 0.289191 -0.314887
v -0.650094 0.260640 -0.227227
v -0.616060 0.244660 -0.347147
v -0.666096 0.215735 -0.258498
v -0.530767 0.371062 -0.311014
v -0.488671 0.455776 -0.251680
v -0.488916 0.411581 -0.339840
v -0.645654 0.310744 -0.134797
v -0.597207 0.387773 -0.075439
v -0.657552 0.315689 -0.075520
v -0.574626 0.279447 -0.372125
v -0.509781 0.363634 -0.368178
v -0.682245 0.222170 -0.197531
v -0.680131 0.273574 -0.105694
v -0.548713 0.403118 0.228334
v -0.598798 0.382595 0.147867
v -0.520165 0.429372 0.194253
v -0.569825 0.411743 0.116716
v -0.616902 0.304219 0.322331
v -0.669794 0.273416 0.237556
v -0.632103 0.258974 0.350011
v -0.686179 0.227321 0.265758
v -0.555679 0.368027 0.317034
v -0.504371 0.423065 0.249032
v -0.510681 0.389284 0.338933
v -0.659817 0.318335 0.151419
v -0.606353 0.386451 0.092137
v -0.666784 0.321160 0.094710
v -0.593770 0.294369 0.377472
v -0.532543 0.359164 0.372004
v -0.701168 0.232619 0.209031
v -0.689863 0.279939 0.123365
v 0.210575 0.513869 0.251732
v 0.298507 0.481636 0.296855
v 0.231959 0.524629 0.203488
v 0.320039 0.491625 0.246432
v 0.137728 0.473756 0.401153
v 0.223193 0.446531 0.447730
v 0.110582 0.459306 0.450259
v 0.194430 0.433722 0.495651
v 0.133116 0.508697 0.301064
v 0.177801 0.535224 0.202783
v 0.102897 0.528697 0.249481
v 0.082347 0.478586 0.401577
v 0.079371 0.513497 0.300200
v 0.306222 0.448586 0.393489
v 0.353035 0.469286 0.290435
v 0.361074 0.436750 0.385756
v 0.250087 0.424867 0.490939
v 0.335033 0.426233 0.436714
v 0.214878 0.650727 -0.331721
v 0.321438 0.622871 -0.367394
v 0.234119 0.622046 -0.265114
v 0.336277 0.600494 -0.300319
v 0.168544 0.713059 -0.503953
v 0.237602 0.600335 -0.522925
v 0.134257 0.662010 -0.550008
v 0.214789 0.578813 -0.572690
v 0.176371 0.811353 -0.411876
v 0.174604 0.642029 -0.276110
v 0.109300 0.700075 -0.350671
v 0.108061 0.710881 -0.501215
v 0.100858 0.740817 -0.401102
v 0.328019 0.589903 -0.462153
v 0.393541 0.611833 -0.353005
v 0.394620 0.567105 -0.453954
v 0.263132 0.543175 -0.550812
v 0.345870 0.533036 -0.485421
v 0.528568 0.417067 -0.222178
v 0.585355 0.385613 -0.133150
v 0.506696 0.453079 -0.191701
v 0.561367 0.420319 -0.104089
v 0.595079 0.289175 -0.315202
v 0.650144 0.260607 -0.227130
v 0.616173 0.244644 -0.347058
v 0.666153 0.215787 -0.258522
v 0.530947 0.370674 -0.311204
v 0.488407 0.455725 -0.252175
v 0.488564 0.412024 -0.339954
v 0.645584 0.310606 -0.134791
v 0.597265 0.387714 -0.075417
v 0.657510 0.315658 -0.075503
v 0.574626 0.279301 -0.372259
v 0.509549 0.363296 -0.368042
v 0.682243 0.222144 -0.197562
v 0.680101 0.273547 -0.105693
v 0.548719 0.403128 0.228334
v 0.598776 0.382613 0.147878
v 0.520150 0.429411 0.194272
v 0.569816 0.411771 0.116711
v 0.616920 0.304235 0.322347
v 0.669818 0.273449 0.237559
v 0.632110 0.258964 0.350018
v 0.686197 0.227340 0.265757
v 0.555664 0.368012 0.317013
v 0.504370 0.423068 0.249037
v 0.510636 0.389245 0.338893
v 0.659824 0.318328 0.151396
v 0.606327 0.386469 0.092134
v 0.666762 0.321174 0.094710
v 0.593785 0.294366 0.377488
v 0.532524 0.359150 0.371979
v 0.701173 0.232638 0.209034
v 0.689877 0.279952 0.123355
v -0.057088 -0.687000 0.056596
v -0.075182 -0.700636 -0.029194
v -0.104570 -0.678867 0.051364
v -0.126777 -0.716097 -0.035583
v 0.056979 -0.686829 0.056668
v 0.075401 -0.700711 -0.029231
v 0.104506 -0.678764 0.051284
v 0.126658 -0.715769 -0.035546
v 0.000047 -0.683996 0.108707
v -0.065870 -0.675632 0.098556
v -0.016705 -0.677311 0.160805
v 0.000147 -0.680441 -0.058370
v -0.106350 -0.720933 -0.078635
v -0.031950 -0.670685 -0.106709
v 0.065588 -0.675473 0.098420
v 0.016445 -0.677281 0.160931
v 0.105823 -0.720807 -0.078568
v 0.032011 -0.670686 -0.106805
v -0.211802 -0.620579 0.340721
v -0.310011 -0.593550 0.369065
v -0.237088 -0.616424 0.269255
v -0.332544 -0.584840 0.301223
v -0.173833 -0.808823 0.545973
v -0.304255 -0.714033 0.590713
v -0.135317 -0.782894 0.625960
v -0.272366 -0.709545 0.663170
v -0.141319 -0.686599 0.413244
v -0.176528 -0.631061 0.278027
v -0.099438 -0.660657 0.348115
v -0.328112 -0.593783 0.475201
v -0.365045 -0.565293 0.342354
v -0.371855 -0.543894 0.439032
v -0.099838 -0.736745 0.537844
v -0.084437 -0.690681 0.409726
v -0.313703 -0.632292 0.613879
v -0.353864 -0.551914 0.501415
v -0.237853 -0.656330 -0.294359
v -0.304159 -0.553599 -0.305535
v -0.285211 -0.721512 -0.269042
v -0.336167 -0.581689 -0.263385
v -0.138549 -0.522084 -0.406031
v -0.217437 -0.470435 -0.442773
v -0.109424 -0.491560 -0.450328
v -0.188998 -0.447061 -0.489990
v -0.143502 -0.603504 -0.325161
v -0.213622 -0.742882 -0.275371
v -0.116891 -0.642623 -0.280938
v -0.297125 -0.475707 -0.386977
v -0.347897 -0.516465 -0.288779
v -0.347795 -0.453140 -0.376635
v -0.083613 -0.527741 -0.408548
v -0.086216 -0.599658 -0.321719
v -0.243219 -0.433117 -0.485633
v -0.322382 -0.435323 -0.427693
v -0.528906 -0.397491 -0.214269
v -0.587699 -0.376602 -0.130376
v -0.501316 -0.433240 -0.179769
v -0.560205 -0.410887 -0.098287
v -0.600939 -0.292674 -0.318421
v -0.652609 -0.266638 -0.227621
v -0.616699 -0.253336 -0.348710
v -0.665380 -0.222573 -0.258093
v -0.539469 -0.354431 -0.310781
v -0.484642 -0.425306 -0.236462
v -0.496773 -0.379252 -0.334141
v -0.651085 -0.313078 -0.134790
v -0.602005 -0.383013 -0.071951
v -0.661714 -0.317594 -0.075605
v -0.580429 -0.284810 -0.377189
v -0.521105 -0.345961 -0.370613
v -0.681865 -0.228517 -0.197028
v -0.682103 -0.278491 -0.105850
v -0.546884 -0.431470 0.236056
v -0.597534 -0.395633 0.152325
v -0.523003 -0.467198 0.206707
v -0.570603 -0.429700 0.124274
v -0.612429 -0.307141 0.320691
v -0.667403 -0.275389 0.237374
v -0.629442 -0.259826 0.348232
v -0.684962 -0.229307 0.265849
v -0.553407 -0.391010 0.320684
v -0.508983 -0.469443 0.263732
v -0.509608 -0.427606 0.348642
v -0.658266 -0.322013 0.152071
v -0.605827 -0.394642 0.096500
v -0.666516 -0.323983 0.095380
v -0.589832 -0.297270 0.374757
v -0.529799 -0.383125 0.375448
v -0.700322 -0.235172 0.209230
v -0.689196 -0.282840 0.123531
v 0.212141 -0.620657 0.340935
v 0.309703 -0.593482 0.368938
v 0.236975 -0.616339 0.269186
v 0.332298 -0.584799 0.301164
v 0.174044 -0.809139 0.546058
v 0.303805 -0.714011 0.591058
v 0.134351 -0.782434 0.624272
v 0.271608 -0.711009 0.663294
v 0.141728 -0.686903 0.413221
v 0.176713 -0.631016 0.278372
v 0.099681 -0.660766 0.348116
v 0.099661 -0.736327 0.537319
v 0.084975 -0.690747 0.409941
v 0.327924 -0.593340 0.475352
v 0.365286 -0.565487 0.342022
v 0.372035 -0.543981 0.438856
v 0.313849 -0.632859 0.614245
v 0.354100 -0.552635 0.500967
v 0.237232 -0.656604 -0.294563
v 0.304354 -0.554018 -0.305668
v 0.284365 -0.722644 -0.269026
v 0.335700 -0.581864 -0.263246
v 0.138252 -0.522486 -0.405903
v 0.217231 -0.470360 -0.442724
v 0.109346 -0.491630 -0.450347
v 0.189077 -0.446892 -0.490204
v 0.143366 -0.603793 -0.324692
v 0.212356 -0.742579 -0.275021
v 0.116336 -0.642754 -0.281029
v 0.083370 -0.527968 -0.407707
v 0.086302 -0.600092 -0.322015
v 0.297026 -0.475300 -0.386819
v 0.347812 -0.516588 -0.288687
v 0.347716 -0.453455 -0.376719
v 0.243101 -0.433139 -0.485440
v 0.322519 -0.435282 -0.428033
v 0.528934 -0.397036 -0.214483
v 0.587947 -0.376623 -0.130341
v 0.501686 -0.432975 -0.179491
v 0.560393 -0.410942 -0.098179
v 0.600892 -0.292728 -0.318454
v 0.652473 -0.266627 -0.227576
v 0.616698 -0.253316 -0.348724
v 0.665386 -0.222585 -0.258102
v 0.539415 -0.354302 -0.310536
v 0.484743 -0.425390 -0.236643
v 0.496661 -0.379187 -0.333803
v 0.651033 -0.313114 -0.134753
v 0.601952 -0.383004 -0.072108
v 0.661710 -0.317651 -0.075584
v 0.580400 -0.284826 -0.377207
v 0.521020 -0.346088 -0.370648
v 0.681863 -0.228531 -0.197039
v 0.682105 -0.278527 -0.105849
v 0.546813 -0.431442 0.236039
v 0.597613 -0.395707 0.152311
v 0.522905 -0.467039 0.206664
v 0.570562 -0.429618 0.124212
v 0.612416 -0.307120 0.320724
v 0.667434 -0.275381 0.237368
v 0.629469 -0.259814 0.348222
v 0.684980 -0.229259 0.265837
v 0.553430 -0.391144 0.320731
v 0.508594 -0.469380 0.263596
v 0.509678 -0.427807 0.348661
v 0.658252 -0.322005 0.152075
v 0.605721 -0.394643 0.096409
v 0.666483 -0.323984 0.095406
v 0.589808 -0.297319 0.374802
v 0.529690 -0.383207 0.375464
v 0.700330 -0.235148 0.209252
v 0.689176 -0.282848 0.123551
v 0.053964 -0.087060 0.785347
v -0.053842 -0.087149 0.785378
v 0.053385 -0.143387 0.788531
v -0.053218 -0.143441 0.788599
v 0.053697 0.085754 0.777659
v -0.053725 0.085757 0.777652
v 0.052986 0.145818 0.769386
v -0.052998 0.145803 0.769371
v 0.108161 -0.001766 0.776288
v 0.107272 -0.114220 0.776106
v 0.162008 -0.030142 0.768092
v -0.108179 -0.001714 0.776279
v -0.107068 -0.114363 0.776027
v -0.161964 -0.030067 0.768008
v 0.106797 0.116325 0.767135
v 0.161874 0.027722 0.766498
v -0.106824 0.116304 0.767126
v -0.161894 0.027735 0.766558
v 0.326280 -0.330896 0.631713
v 0.293113 -0.235662 0.676276
v 0.280414 -0.368552 0.656351
v 0.242810 -0.267273 0.690740
v 0.468818 -0.225164 0.566516
v 0.446333 -0.143177 0.629099
v 0.517374 -0.193495 0.546097
v 0.494888 -0.114347 0.609395
v 0.408463 -0.318715 0.569497
v 0.320295 -0.399740 0.624762
v 0.397025 -0.379387 0.553080
v 0.502542 -0.247541 0.522613
v 0.441835 -0.339457 0.525396
v 0.354224 -0.143872 0.679708
v 0.250531 -0.204418 0.706830
v 0.311834 -0.114203 0.713637
v 0.454352 -0.087043 0.644536
v 0.362050 -0.086563 0.696307
v -0.326125 -0.330618 0.631657
v -0.293029 -0.235643 0.675961
v -0.281172 -0.368109 0.656040
v -0.243081 -0.266980 0.690422
v -0.469165 -0.225262 0.566700
v -0.446354 -0.143144 0.629152
v -0.517228 -0.193342 0.546062
v -0.494924 -0.114269 0.609361
v -0.408093 -0.318647 0.569311
v -0.320809 -0.398771 0.624989
v -0.397164 -0.379096 0.553158
v -0.502810 -0.247819 0.522582
v -0.441981 -0.340079 0.525521
v -0.353917 -0.144014 0.680165
v -0.250444 -0.204048 0.706233
v -0.311789 -0.114242 0.713719
v -0.454348 -0.087057 0.644489
v -0.362108 -0.086576 0.696241
v 0.329839 0.309050 0.628069
v 0.299129 0.234081 0.682965
v 0.278063 0.329594 0.638951
v 0.247819 0.260798 0.693915
v 0.474559 0.228110 0.574751
v 0.446503 0.146892 0.632190
v 0.518967 0.195869 0.550525
v 0.493069 0.115735 0.609787
v 0.415607 0.305008 0.571172
v 0.315316 0.347714 0.600638
v 0.400268 0.344166 0.542957
v 0.508166 0.249225 0.529608
v 0.449144 0.323089 0.525985
v 0.356231 0.148516 0.684233
v 0.255852 0.206840 0.712963
v 0.311760 0.118510 0.713060
v 0.452201 0.087878 0.643223
v 0.360643 0.088664 0.694397
v -0.329837 0.309053 0.628070
v -0.299115 0.234074 0.682953
v -0.278057 0.329591 0.638951
v -0.247808 0.260799 0.693915
v -0.474538 0.228098 0.574742
v -0.446521 0.146914 0.632209
v -0.518964 0.195861 0.550526
v -0.493073 0.115749 0.609786
v -0.415603 0.305023 0.571187
v -0.315319 0.347713 0.600643
v -0.400281 0.344199 0.542977
v -0.508152 0.249220 0.529619
v -0.449134 0.323079 0.525977
v -0.356249 0.148532 0.684264
v -0.255856 0.206886 0.712985
v -0.311790 0.118517 0.713066
v -0.452216 0.087904 0.643266
v -0.360618 0.088660 0.694327
v 0.053564 -0.088229 -0.771069
v -0.053552 -0.088040 -0.771033
v 0.053259 -0.148389 -0.765979
v -0.053180 -0.148465 -0.765983
v 0.055358 0.097457 -0.795677
v -0.055450 0.097100 -0.795584
v 0.056226 0.158071 -0.809030
v -0.056478 0.158264 -0.809204
v 0.107444 0.004576 -0.774424
v 0.107048 -0.119860 -0.767370
v 0.159776 -0.026730 -0.762494
v -0.107578 0.004776 -0.774711
v -0.106981 -0.120018 -0.767300
v -0.159586 -0.026844 -0.762824
v 0.111939 0.128488 -0.801161
v 0.161383 0.035758 -0.770871
v -0.111857 0.128384 -0.801003
v -0.161270 0.035624 -0.770816
v 0.325341 -0.300319 -0.626138
v 0.296091 -0.232379 -0.679990
v 0.274064 -0.320366 -0.637502
v 0.244850 -0.257407 -0.690745
v 0.466506 -0.224322 -0.571727
v 0.439369 -0.145490 -0.625767
v 0.509417 -0.193825 -0.547991
v 0.483556 -0.114239 -0.601669
v 0.409608 -0.296546 -0.571645
v 0.310502 -0.336533 -0.599747
v 0.393822 -0.332576 -0.544244
v 0.498961 -0.244089 -0.529168
v 0.440968 -0.311127 -0.526330
v 0.353680 -0.149723 -0.681366
v 0.252148 -0.205715 -0.707523
v 0.308849 -0.120319 -0.708054
v 0.445772 -0.086952 -0.637324
v 0.358815 -0.089861 -0.691704
v -0.325359 -0.300262 -0.626157
v -0.296079 -0.232374 -0.679998
v -0.274102 -0.320361 -0.637479
v -0.244834 -0.257395 -0.690755
v -0.466523 -0.224329 -0.571736
v -0.439332 -0.145475 -0.625728
v -0.509408 -0.193821 -0.547969
v -0.483549 -0.114261 -0.601674
v -0.409600 -0.296509 -0.571688
v -0.310486 -0.336587 -0.599718
v -0.393828 -0.332619 -0.544224
v -0.498946 -0.244075 -0.529173
v -0.440988 -0.311146 -0.526300
v -0.353713 -0.149723 -0.681350
v -0.252157 -0.205724 -0.707506
v -0.308841 -0.120341 -0.708031
v -0.445792 -0.086964 -0.637317
v -0.358838 -0.089855 -0.691657
v 0.328257 0.317484 -0.642873
v 0.307721 0.242785 -0.713841
v 0.280531 0.349561 -0.663005
v 0.258995 0.274385 -0.736452
v 0.472421 0.220602 -0.577138
v 0.444856 0.146046 -0.633640
v 0.516204 0.189029 -0.553280
v 0.486233 0.114465 -0.605229
v 0.406896 0.304776 -0.573926
v 0.313034 0.372402 -0.618548
v 0.389063 0.358404 -0.548788
v 0.499684 0.237690 -0.528132
v 0.435786 0.322556 -0.525038
v 0.359774 0.153703 -0.697541
v 0.270018 0.220939 -0.761764
v 0.314661 0.126867 -0.728185
v 0.446891 0.089182 -0.640035
v 0.360653 0.094597 -0.699724
v -0.328301 0.317951 -0.643014
v -0.308822 0.243326 -0.715247
v -0.280254 0.349535 -0.663014
v -0.259807 0.274966 -0.737401
v -0.472270 0.220516 -0.577053
v -0.444915 0.146013 -0.633689
v -0.516135 0.189011 -0.553235
v -0.486267 0.114416 -0.605198
v -0.407466 0.304395 -0.574061
v -0.313401 0.372267 -0.618586
v -0.389874 0.358520 -0.549045
v -0.499585 0.237734 -0.528262
v -0.435638 0.322605 -0.525789
v -0.359863 0.153717 -0.697620
v -0.269865 0.221108 -0.761403
v -0.314447 0.126755 -0.727844
v -0.446958 0.089190 -0.640010
v -0.360488 0.094518 -0.699962
v 0.777175 0.046997 -0.077670
v 0.774788 -0.047891 -0.077326
v 0.764227 0.046260 -0.137046
v 0.761902 -0.046757 -0.136533
v 0.785608 0.048270 0.093963
v 0.783127 -0.048897 0.094102
v 0.779053 0.047667 0.151901
v 0.776729 -0.048259 0.152130
v 0.777280 0.095742 0.008567
v 0.759853 0.092996 -0.107437
v 0.758812 0.142848 -0.019768
v 0.771564 0.095784 0.122928
v 0.759980 0.143850 0.037282
v 0.773756 -0.098258 0.008800
v 0.756086 -0.095532 -0.106774
v 0.756027 -0.147185 -0.019336
v 0.768235 -0.097628 0.123197
v 0.757623 -0.147572 0.037491
v -0.777164 0.046987 -0.077677
v -0.774790 -0.047898 -0.077327
v -0.764182 0.046247 -0.137063
v -0.761910 -0.046750 -0.136528
v -0.785616 0.048268 0.093957
v -0.783114 -0.048907 0.094109
v -0.779061 0.047665 0.151905
v -0.776768 -0.048274 0.152122
v -0.777298 0.095735 0.008575
v -0.759842 0.092961 -0.107440
v -0.758814 0.142828 -0.019775
v -0.771563 0.095781 0.122915
v -0.759972 0.143827 0.037291
v -0.773770 -0.098266 0.008812
v -0.756079 -0.095520 -0.106743
v -0.756027 -0.147187 -0.019345
v -0.768238 -0.097638 0.123191
v -0.757609 -0.147571 0.037481
v -0.184583 0.575613 0.068403
v -0.219124 0.555581 0.112858
v -0.180499 0.605479 -0.103015
v -0.216162 0.603033 -0.152479
v -0.163944 0.567457 0.109036
v -0.157966 0.619251 -0.155896
v -0.392519 0.486572 0.188484
v -0.443001 0.471734 0.176189
v -0.426000 0.464164 0.228057
v -0.395723 0.545769 -0.212095
v -0.440191 0.514151 -0.187401
v -0.427929 0.528872 -0.250077
v -0.542909 0.447941 -0.020686
v -0.543155 0.443762 0.032505
v -0.574823 0.417951 0.007483
v 0.184602 0.575658 0.068425
v 0.219163 0.555650 0.112838
v 0.180464 0.605325 -0.103348
v 0.216415 0.603157 -0.152701
v 0.163947 0.567490 0.109056
v 0.157908 0.619066 -0.155823
v 0.392538 0.486585 0.188458
v 0.442973 0.471756 0.176146
v 0.425976 0.464206 0.228078
v 0.395548 0.545972 -0.213380
v 0.439919 0.514576 -0.187950
v 0.427944 0.529385 -0.250835
v 0.542875 0.447920 -0.020537
v 0.543276 0.443671 0.032472
v 0.574879 0.417954 0.007534
v -0.192721 -0.645942 0.099343
v -0.226163 -0.628655 0.152027
v -0.225578 -0.787306 -0.081577
v -0.278233 -0.785626 -0.154349
v -0.166124 -0.644206 0.156285
v -0.196160 -0.799599 -0.149101
v -0.418457 -0.563604 0.220945
v -0.464320 -0.535998 0.200446
v -0.446181 -0.538330 0.258199
v -0.391116 -0.542132 -0.189469
v -0.431515 -0.503172 -0.168140
v -0.413758 -0.496202 -0.221440
v -0.541064 -0.450324 -0.012281
v -0.541818 -0.455234 0.041447
v -0.574757 -0.421084 0.013751
v 0.192596 -0.645845 0.099070
v 0.226187 -0.629096 0.152456
v 0.225385 -0.787029 -0.081198
v 0.277570 -0.786006 -0.154097
v 0.166261 -0.644016 0.156305
v 0.194029 -0.799564 -0.147990
v 0.418560 -0.563347 0.220980
v 0.464247 -0.536091 0.200332
v 0.446170 -0.538342 0.258309
v 0.391190 -0.542089 -0.189321
v 0.431512 -0.503711 -0.168284
v 0.413770 -0.495923 -0.221319
v 0.541110 -0.450190 -0.012358
v 0.541701 -0.455220 0.041394
v 0.574853 -0.421126 0.013804
v -0.036514 -0.655046 0.624677
v 0.036708 -0.654641 0.624612
v -0.236422 -0.567831 0.697802
v -0.235895 -0.481207 0.686972
v 0.000162 -0.655006 0.570688
v -0.287864 -0.527456 0.672903
v 0.235801 -0.568497 0.697958
v 0.235542 -0.481694 0.687356
v 0.287768 -0.527811 0.673001
v 0.100921 -0.230957 0.747204
v 0.147704 -0.264509 0.725365
v -0.100898 -0.231124 0.747086
v -0.147763 -0.264718 0.725320
v 0.153588 -0.201957 0.743162
v -0.153103 -0.202154 0.742986
v -0.027449 0.446557 0.497349
v 0.027426 0.446542 0.497339
v -0.187609 0.400220 0.581251
v -0.207686 0.376303 0.615724
v 0.000055 0.463628 0.450096
v -0.242612 0.390315 0.576043
v 0.187617 0.400218 0.581280
v 0.207696 0.376322 0.615736
v 0.242614 0.390306 0.576047
v 0.101644 0.232171 0.741568
v 0.149441 0.259194 0.723144
v -0.101640 0.232214 0.741636
v -0.149421 0.259188 0.723119
v 0.155089 0.205090 0.740353
v -0.155081 0.205091 0.740345
v -0.026953 -0.467650 -0.495617
v 0.026949 -0.467770 -0.495677
v -0.184122 -0.396022 -0.579147
v -0.204804 -0.368158 -0.615460
v 0.000011 -0.497863 -0.452237
v -0.238352 -0.383161 -0.575014
v 0.184337 -0.395948 -0.579241
v 0.204814 -0.368078 -0.615490
v 0.238450 -0.383052 -0.575071
v 0.101364 -0.231372 -0.739368
v 0.148296 -0.256771 -0.720878
v -0.101376 -0.231360 -0.739361
v -0.148289 -0.256800 -0.720842
v 0.153623 -0.205392 -0.738046
v -0.153638 -0.205374 -0.738057
v -0.035462 0.638978 -0.604981
v 0.036123 0.639460 -0.605432
v -0.213127 0.497425 -0.646118
v -0.223238 0.437205 -0.661239
v -0.000010 0.667719 -0.552695
v -0.253879 0.462633 -0.619662
v 0.213709 0.497563 -0.646145
v 0.223160 0.437265 -0.661439
v 0.253784 0.462402 -0.619470
v 0.112476 0.248139 -0.807226
v 0.163678 0.276995 -0.785306
v -0.112464 0.248000 -0.806936
v -0.163899 0.276871 -0.784979
v 0.170970 0.222902 -0.811142
v -0.170828 0.223221 -0.811203
v 0.607586 0.187379 -0.428503
v 0.581271 0.172989 -0.477698
v 0.703640 0.129816 -0.257890
v 0.727704 0.088349 -0.227973
v 0.570536 0.220742 -0.455246
v 0.720464 0.134110 -0.197868
v 0.603425 -0.194570 -0.426811
v 0.576512 -0.178326 -0.474834
v 0.700522 -0.133205 -0.256506
v 0.724382 -0.089883 -0.226787
v 0.567515 -0.229085 -0.455425
v 0.717087 -0.137782 -0.196731
v 0.530846 -0.026050 -0.583231
v 0.530878 0.029741 -0.583622
v 0.491645 0.002104 -0.615607
v 0.621047 0.198475 0.428837
v 0.592347 0.181904 0.477586
v 0.727988 0.135744 0.265110
v 0.753919 0.091694 0.237438
v 0.581469 0.234245 0.455863
v 0.743356 0.140011 0.208888
v 0.620009 -0.198194 0.427117
v 0.592053 -0.181356 0.475856
v 0.725814 -0.138245 0.265753
v 0.750657 -0.093645 0.238060
v 0.578399 -0.232666 0.451634
v 0.741017 -0.142806 0.209544
v 0.541891 -0.029698 0.590718
v 0.541552 0.026640 0.590668
v 0.501047 -0.001355 0.622762
v -0.607549 0.187397 -0.428465
v -0.581277 0.173023 -0.477650
v -0.703630 0.129833 -0.257889
v -0.727709 0.088342 -0.227961
v -0.570401 0.220642 -0.455233
v -0.720477 0.134091 -0.197860
v -0.603426 -0.194549 -0.426799
v -0.576512 -0.178315 -0.474837
v -0.700507 -0.133201 -0.256495
v -0.724399 -0.089874 -0.226801
v -0.567502 -0.229097 -0.455410
v -0.717156 -0.137804 -0.196751
v -0.530839 -0.026064 -0.583216
v -0.530839 0.029753 -0.583642
v -0.491654 0.002171 -0.615673
v -0.621022 0.198451 0.428831
v -0.592352 0.181893 0.477592
v -0.727987 0.135738 0.265107
v -0.753922 0.091677 0.237435
v -0.581473 0.234231 0.455878
v -0.743356 0.139999 0.208884
v -0.620005 -0.198160 0.427093
v -0.592099 -0.181308 0.475837
v -0.725820 -0.138227 0.265742
v -0.750650 -0.093660 0.238055
v -0.578388 -0.232599 0.451661
v -0.741011 -0.142791 0.209538
v -0.541904 -0.029722 0.590714
v -0.541556 0.026676 0.590693
v -0.501032 -0.001349 0.622720
v -0.024190 0.552321 0.195026
v 0.024201 0.552295 0.195029
v 0.000015 0.534205 0.247408
v -0.023549 0.671793 -0.275481
v 0.023735 0.671575 -0.275237
v 0.000180 0.690070 -0.337117
v -0.439009 0.398437 0.411476
v -0.411760 0.387972 0.462543
v -0.461398 0.371346 0.446663
v -0.426183 0.449448 -0.425223
v -0.402058 0.433415 -0.477391
v -0.443558 0.392197 -0.449217
v -0.694285 0.279768 0.009923
v -0.717171 0.235681 -0.019119
v -0.718805 0.237066 0.037936
v 0.438980 0.398430 0.411446
v 0.411792 0.387988 0.462571
v 0.461405 0.371337 0.446662
v 0.426823 0.449025 -0.425656
v 0.401753 0.432849 -0.477360
v 0.443853 0.392524 -0.449051
v 0.694272 0.279788 0.009931
v 0.717150 0.235699 -0.019122
v 0.718826 0.237093 0.037937
v -0.022862 -0.670697 0.282787
v 0.022475 -0.670903 0.283083
v 0.000103 -0.677275 0.345644
v -0.031199 -0.643754 -0.218768
v 0.030967 -0.643503 -0.218976
v -0.000210 -0.622783 -0.271007
v -0.438734 -0.458553 0.432794
v -0.412533 -0.450753 0.486806
v -0.457161 -0.410190 0.456421
v -0.425447 -0.391771 -0.405506
v -0.400666 -0.378538 -0.459041
v -0.450451 -0.357761 -0.444318
v -0.694913 -0.283468 0.009932
v -0.717206 -0.240938 -0.018917
v -0.718754 -0.241537 0.037958
v 0.438865 -0.458507 0.433018
v 0.412777 -0.451242 0.487298
v 0.457264 -0.410019 0.456308
v 0.425376 -0.391709 -0.405733
v 0.400491 -0.378391 -0.459156
v 0.450500 -0.357679 -0.444335
v 0.694920 -0.283437 0.009935
v 0.717213 -0.240954 -0.018919
v 0.718731 -0.241523 0.037971
v 0.267614 -0.030298 0.744632
v 0.267083 0.027933 0.742954
v 0.316323 -0.000941 0.724375
v -0.267568 -0.030285 0.744638
v -0.267054 0.027964 0.742937
v -0.316310 -0.000960 0.724427
v 0.261716 -0.027182 -0.733894
v 0.262970 0.035223 -0.739860
v 0.311774 0.003476 -0.717408
v -0.261431 -0.027433 -0.733517
v -0.263171 0.035375 -0.740208
v -0.311594 0.003537 -0.717529
f 1 647 644
f 1 644 643
f 1 643 645
f 1 645 646
f 1 646 647
f 2 649 652
f 6 672 670
f 12 702 699
f 11 696 695
f 8 679 681
f 4 662 659
f 4 659 658
f 4 658 660
f 4 660 661
f 4 661 662
f 5 666 665
f 3 654 657
f 7 673 677
f 9 685 686
f 10 692 688
f 12 701 698
f 6 669 668
f 2 650 648
f 8 682 678
f 11 697 693
f 6 671 669
f 12 700 701
f 11 694 697
f 8 680 682
f 2 651 650
f 10 690 689
f 5 663 664
f 3 655 653
f 7 676 674
f 9 687 684
f 10 691 690
f 5 667 663
f 3 656 655
f 7 675 676
f 9 683 687
f 6 668 672
f 2 648 649
f 8 678 679
f 11 693 696
f 12 698 702
f 10 688 691
f 5 665 667
f 3 657 656
f 7 677 675
f 9 686 683
f 5 664 666
f 3 653 654
f 7 674 673
f 9 684 685
f 10 689 692
f 6 670 671
f 12 699 700
f 11 695 694
f 8 681 680
f 2 652 651
f 35 837 838
f 18 735 736
f 19 742 741
f 40 868 867
f 42 880 879
f 34 832 831
f 33 827 828
f 25 778 780
f 36 844 846
f 20 749 747
f 32 819 820
f 23 765 767
f 24 773 771
f 37 850 849
f 41 876 875
f 34 833 834
f 33 826 825
f 25 779 777
f 36 845 843
f 20 748 750
f 17 729 727
f 14 711 709
f 13 706 703
f 15 718 715
f 16 724 721
f 18 737 733
f 35 839 835
f 42 882 878
f 40 870 866
f 19 744 740
f 30 807 805
f 27 789 787
f 22 762 758
f 28 797 793
f 29 802 799
f 32 821 817
f 23 766 763
f 24 774 770
f 37 852 848
f 41 874 872
f 35 838 836
f 18 736 734
f 19 741 739
f 40 867 865
f 42 879 877
f 34 831 829
f 33 828 824
f 25 780 776
f 36 846 842
f 20 747 745
f 32 820 818
f 23 767 764
f 24 771 769
f 37 849 847
f 41 875 871
f 34 834 830
f 33 825 823
f 25 777 775
f 36 843 841
f 20 750 746
f 14 714 710
f 13 707 704
f 15 719 716
f 16 725 722
f 17 732 728
f 21 755 752
f 31 814 811
f 26 784 781
f 38 857 853
f 39 862 860
f 27 792 788
f 22 759 757
f 28 796 794
f 29 803 800
f 30 810 806
f 31 815 812
f 26 785 782
f 38 856 854
f 39 863 859
f 21 754 751
f 14 712 714
f 13 705 707
f 15 717 719
f 16 723 725
f 17 730 732
f 21 753 755
f 31 816 814
f 26 786 784
f 38 858 857
f 39 861 862
f 27 791 792
f 22 761 759
f 28 795 796
f 29 801 803
f 30 808 810
f 31 813 815
f 26 783 785
f 38 855 856
f 39 864 863
f 21 756 754
f 14 709 712
f 13 703 705
f 15 715 717
f 16 721 723
f 17 727 730
f 21 751 753
f 31 812 816
f 26 782 786
f 38 854 858
f 39 859 861
f 27 787 791
f 22 758 761
f 28 793 795
f 29 799 801
f 30 805 808
f 31 811 813
f 26 781 783
f 38 853 855
f 39 860 864
f 21 752 756
f 17 728 731
f 14 710 713
f 13 704 708
f 15 716 720
f 16 722 726
f 18 734 738
f 35 836 840
f 42 877 881
f 40 865 869
f 19 739 743
f 30 806 809
f 27 788 790
f 22 757 760
f 28 794 798
f 29 800 804
f 32 818 822
f 23 764 768
f 24 769 772
f 37 847 851
f 41 871 873
f 35 835 837
f 18 733 735
f 19 740 742
f 40 866 868
f 42 878 880
f 34 830 832
f 33 823 827
f 25 775 778
f 36 841 844
f 20 746 749
f 32 817 819
f 23 763 765
f 24 770 773
f 37 848 850
f 41 872 876
f 34 829 833
f 33 824 826
f 25 776 779
f 36 842 845
f 20 745 748
f 17 731 729
f 14 713 711
f 13 708 706
f 15 720 718
f 16 726 724
f 18 738 737
f 35 840 839
f 42 881 882
f 40 869 870
f 19 743 744
f 30 809 807
f 27 790 789
f 22 760 762
f 28 798 797
f 29 804 802
f 32 822 821
f 23 768 766
f 24 772 774
f 37 851 852
f 41 873 874
f 107 1269 1270
f 103 1245 1246
f 104 1252 1251
f 110 1288 1287
f 113 1306 1305
f 118 1336 1335
f 154 1551 1552
f 141 1473 1474
f 162 1599 1600
f 121 1354 1353
f 142 1479 1480
f 129 1401 1402
f 130 1408 1407
f 144 1492 1491
f 146 1504 1503
f 151 1533 1534
f 131 1414 1413
f 136 1444 1443
f 161 1594 1593
f 126 1383 1384
f 116 1323 1324
f 108 1275 1276
f 106 1263 1264
f 112 1299 1300
f 115 1317 1318
f 119 1341 1342
f 156 1564 1563
f 139 1462 1461
f 160 1588 1587
f 120 1347 1348
f 149 1521 1522
f 132 1420 1419
f 128 1395 1396
f 145 1497 1498
f 148 1515 1516
f 155 1557 1558
f 133 1425 1426
f 134 1431 1432
f 157 1570 1569
f 124 1372 1371
f 109 1282 1281
f 105 1258 1257
f 111 1294 1293
f 114 1312 1311
f 117 1330 1329
f 125 1378 1377
f 152 1540 1539
f 137 1449 1450
f 158 1575 1576
f 123 1365 1366
f 143 1486 1485
f 127 1390 1389
f 135 1437 1438
f 147 1510 1509
f 150 1528 1527
f 153 1546 1545
f 140 1468 1467
f 138 1455 1456
f 159 1581 1582
f 122 1359 1360
f 107 1272 1271
f 103 1248 1247
f 104 1253 1254
f 110 1289 1290
f 113 1307 1308
f 118 1337 1338
f 154 1554 1553
f 141 1476 1475
f 162 1602 1601
f 121 1355 1356
f 142 1482 1481
f 129 1404 1403
f 130 1409 1410
f 144 1493 1494
f 146 1505 1506
f 151 1536 1535
f 131 1415 1416
f 136 1445 1446
f 161 1595 1596
f 126 1386 1385
f 47 909 907
f 44 891 889
f 43 886 883
f 45 898 895
f 46 904 901
f 49 922 919
f 72 1060 1057
f 102 1240 1237
f 96 1204 1201
f 79 1102 1099
f 62 999 997
f 59 981 979
f 58 976 973
f 60 988 985
f 61 994 991
f 66 1024 1021
f 54 952 949
f 73 1066 1063
f 85 1138 1135
f 92 1179 1177
f 101 1233 1231
f 69 1041 1039
f 50 927 925
f 82 1119 1117
f 97 1209 1207
f 71 1053 1051
f 100 1228 1225
f 94 1192 1189
f 80 1108 1105
f 51 933 931
f 90 1167 1165
f 63 1005 1003
f 55 957 955
f 76 1083 1081
f 87 1150 1147
f 91 1174 1171
f 67 1029 1027
f 56 963 961
f 75 1077 1075
f 83 1126 1123
f 68 1036 1033
f 48 915 913
f 78 1095 1093
f 93 1185 1183
f 98 1216 1213
f 88 1155 1153
f 65 1018 1015
f 57 970 967
f 77 1090 1087
f 86 1143 1141
f 64 1012 1009
f 53 945 943
f 74 1071 1069
f 84 1131 1129
f 89 1162 1159
f 70 1047 1045
f 99 1221 1219
f 95 1197 1195
f 81 1114 1111
f 52 940 937
f 109 1284 1280
f 105 1260 1256
f 111 1296 1292
f 114 1314 1310
f 117 1332 1328
f 125 1380 1376
f 152 1542 1538
f 137 1451 1447
f 158 1577 1573
f 123 1367 1363
f 143 1488 1484
f 127 1392 1388
f 135 1439 1435
f 147 1512 1508
f 150 1530 1526
f 153 1548 1544
f 140 1470 1466
f 138 1457 1453
f 159 1583 1579
f 122 1361 1357
f 107 1270 1268
f 103 1246 1244
f 104 1251 1249
f 110 1287 1285
f 113 1305 1303
f 118 1335 1333
f 154 1552 1550
f 141 1474 1472
f 162 1600 1598
f 121 1353 1351
f 142 1480 1478
f 129 1402 1400
f 130 1407 1405
f 144 1491 1489
f 146 1503 1501
f 151 1534 1532
f 131 1413 1411
f 136 1443 1441
f 161 1593 1591
f 126 1384 1382
f 116 1324 1322
f 108 1276 1274
f 106 1264 1262
f 112 1300 1298
f 115 1318 1316
f 119 1342 1340
f 156 1563 1561
f 139 1461 1459
f 160 1587 1585
f 120 1348 1346
f 149 1522 1520
f 132 1419 1417
f 128 1396 1394
f 145 1498 1496
f 148 1516 1514
f 155 1558 1556
f 133 1426 1424
f 134 1432 1430
f 157 1569 1567
f 124 1371 1369
f 109 1281 1279
f 105 1257 1255
f 111 1293 1291
f 114 1311 1309
f 117 1329 1327
f 125 1377 1375
f 152 1539 1537
f 137 1450 1448
f 158 1576 1574
f 123 1366 1364
f 143 1485 1483
f 127 1389 1387
f 135 1438 1436
f 147 1509 1507
f 150 1527 1525
f 153 1545 1543
f 140 1467 1465
f 138 1456 1454
f 159 1582 1580
f 122 1360 1358
f 107 1271 1267
f 103 1247 1243
f 104 1254 1250
f 110 1290 1286
f 113 1308 1304
f 118 1338 1334
f 154 1553 1549
f 141 1475 1471
f 162 1601 1597
f 121 1356 1352
f 142 1481 1477
f 129 1403 1399
f 130 1410 1406
f 144 1494 1490
f 146 1506 1502
f 151 1535 1531
f 131 1416 1412
f 136 1446 1442
f 161 1596 1592
f 126 1385 1381
f 44 894 890
f 43 887 884
f 45 899 896
f 46 905 902
f 47 912 908
f 52 941 938
f 70 1050 1046
f 99 1224 1220
f 95 1200 1196
f 81 1115 1112
f 59 984 980
f 58 977 974
f 60 989 986
f 61 995 992
f 62 1002 998
f 65 1019 1016
f 57 971 968
f 77 1091 1088
f 86 1146 1142
f 88 1158 1154
f 98 1217 1214
f 68 1037 1034
f 48 918 914
f 78 1098 1094
f 93 1188 1184
f 69 1044 1040
f 101 1236 1232
f 97 1212 1208
f 82 1122 1118
f 50 930 926
f 89 1163 1160
f 64 1013 1010
f 53 948 944
f 74 1074 1070
f 84 1134 1130
f 90 1170 1166
f 63 1008 1004
f 55 960 956
f 76 1086 1082
f 87 1151 1148
f 72 1061 1058
f 49 923 920
f 79 1103 1100
f 96 1205 1202
f 102 1241 1238
f 91 1175 1172
f 67 1032 1028
f 56 966 962
f 75 1080 1076
f 83 1127 1124
f 66 1025 1022
f 54 953 950
f 73 1067 1064
f 85 1139 1136
f 92 1182 1178
f 71 1056 1052
f 100 1229 1226
f 94 1193 1190
f 80 1109 1106
f 51 936 932
f 116 1325 1321
f 108 1277 1273
f 106 1265 1261
f 112 1301 1297
f 115 1319 1315
f 119 1343 1339
f 156 1566 1562
f 139 1464 1460
f 160 1590 1586
f 120 1349 1345
f 149 1523 1519
f 132 1422 1418
f 128 1397 1393
f 145 1499 1495
f 148 1517 1513
f 155 1559 1555
f 133 1427 1423
f 134 1433 1429
f 157 1572 1568
f 124 1374 1370
f 44 892 894
f 43 885 887
f 45 897 899
f 46 903 905
f 47 910 912
f 52 939 941
f 70 1048 1050
f 99 1222 1224
f 95 1198 1200
f 81 1113 1115
f 59 982 984
f 58 975 977
f 60 987 989
f 61 993 995
f 62 1000 1002
f 65 1017 1019
f 57 969 971
f 77 1089 1091
f 86 1144 1146
f 88 1156 1158
f 98 1215 1217
f 68 1035 1037
f 48 916 918
f 78 1096 1098
f 93 1186 1188
f 69 1042 1044
f 101 1234 1236
f 97 1210 1212
f 82 1120 1122
f 50 928 930
f 89 1161 1163
f 64 1011 1013
f 53 946 948
f 74 1072 1074
f 84 1132 1134
f 90 1168 1170
f 63 1006 1008
f 55 958 960
f 76 1084 1086
f 87 1149 1151
f 72 1059 1061
f 49 921 923
f 79 1101 1103
f 96 1203 1205
f 102 1239 1241
f 91 1173 1175
f 67 1030 1032
f 56 964 966
f 75 1078 1080
f 83 1125 1127
f 66 1023 1025
f 54 951 953
f 73 1065 1067
f 85 1137 1139
f 92 1180 1182
f 71 1054 1056
f 100 1227 1229
f 94 1191 1193
f 80 1107 1109
f 51 934 936
f 116 1326 1325
f 108 1278 1277
f 106 1266 1265
f 112 1302 1301
f 115 1320 1319
f 119 1344 1343
f 156 1565 1566
f 139 1463 1464
f 160 1589 1590
f 120 1350 1349
f 149 1524 1523
f 132 1421 1422
f 128 1398 1397
f 145 1500 1499
f 148 1518 1517
f 155 1560 1559
f 133 1428 1427
f 134 1434 1433
f 157 1571 1572
f 124 1373 1374
f 44 889 892
f 43 883 885
f 45 895 897
f 46 901 903
f 47 907 910
f 52 937 939
f 70 1045 1048
f 99 1219 1222
f 95 1195 1198
f 81 1111 1113
f 59 979 982
f 58 973 975
f 60 985 987
f 61 991 993
f 62 997 1000
f 65 1015 1017
f 57 967 969
f 77 1087 1089
f 86 1141 1144
f 88 1153 1156
f 98 1213 1215
f 68 1033 1035
f 48 913 916
f 78 1093 1096
f 93 1183 1186
f 69 1039 1042
f 101 1231 1234
f 97 1207 1210
f 82 1117 1120
f 50 925 928
f 89 1159 1161
f 64 1009 1011
f 53 943 946
f 74 1069 1072
f 84 1129 1132
f 90 1165 1168
f 63 1003 1006
f 55 955 958
f 76 1081 1084
f 87 1147 1149
f 72 1057 1059
f 49 919 921
f 79 1099 1101
f 96 1201 1203
f 102 1237 1239
f 91 1171 1173
f 67 1027 1030
f 56 961 964
f 75 1075 1078
f 83 1123 1125
f 66 1021 1023
f 54 949 951
f 73 1063 1065
f 85 1135 1137
f 92 1177 1180
f 71 1051 1054
f 100 1225 1227
f 94 1189 1191
f 80 1105 1107
f 51 931 934
f 116 1322 1326
f 108 1274 1278
f 106 1262 1266
f 112 1298 1302
f 115 1316 1320
f 119 1340 1344
f 156 1561 1565
f 139 1459 1463
f 160 1585 1589
f 120 1346 1350
f 149 1520 1524
f 132 1417 1421
f 128 1394 1398
f 145 1496 1500
f 148 1514 1518
f 155 1556 1560
f 133 1424 1428
f 134 1430 1434
f 157 1567 1571
f 124 1369 1373
f 47 908 911
f 44 890 893
f 43 884 888
f 45 896 900
f 46 902 906
f 49 920 924
f 72 1058 1062
f 102 1238 1242
f 96 1202 1206
f 79 1100 1104
f 62 998 1001
f 59 980 983
f 58 974 978
f 60 986 990
f 61 992 996
f 66 1022 1026
f 54 950 954
f 73 1064 1068
f 85 1136 1140
f 92 1178 1181
f 101 1232 1235
f 69 1040 1043
f 50 926 929
f 82 1118 1121
f 97 1208 1211
f 71 1052 1055
f 100 1226 1230
f 94 1190 1194
f 80 1106 1110
f 51 932 935
f 90 1166 1169
f 63 1004 1007
f 55 956 959
f 76 1082 1085
f 87 1148 1152
f 91 1172 1176
f 67 1028 1031
f 56 962 965
f 75 1076 1079
f 83 1124 1128
f 68 1034 1038
f 48 914 917
f 78 1094 1097
f 93 1184 1187
f 98 1214 1218
f 88 1154 1157
f 65 1016 1020
f 57 968 972
f 77 1088 1092
f 86 1142 1145
f 64 1010 1014
f 53 944 947
f 74 1070 1073
f 84 1130 1133
f 89 1160 1164
f 70 1046 1049
f 99 1220 1223
f 95 1196 1199
f 81 1112 1116
f 52 938 942
f 109 1279 1283
f 105 1255 1259
f 111 1291 1295
f 114 1309 1313
f 117 1327 1331
f 125 1375 1379
f 152 1537 1541
f 137 1448 1452
f 158 1574 1578
f 123 1364 1368
f 143 1483 1487
f 127 1387 1391
f 135 1436 1440
f 147 1507 1511
f 150 1525 1529
f 153 1543 1547
f 140 1465 1469
f 138 1454 1458
f 159 1580 1584
f 122 1358 1362
f 107 1267 1269
f 103 1243 1245
f 104 1250 1252
f 110 1286 1288
f 113 1304 1306
f 118 1334 1336
f 154 1549 1551
f 141 1471 1473
f 162 1597 1599
f 121 1352 1354
f 142 1477 1479
f 129 1399 1401
f 130 1406 1408
f 144 1490 1492
f 146 1502 1504
f 151 1531 1533
f 131 1412 1414
f 136 1442 1444
f 161 1592 1594
f 126 1381 1383
f 116 1321 1323
f 108 1273 1275
f 106 1261 1263
f 112 1297 1299
f 115 1315 1317
f 119 1339 1341
f 156 1562 1564
f 139 1460 1462
f 160 1586 1588
f 120 1345 1347
f 149 1519 1521
f 132 1418 1420
f 128 1393 1395
f 145 1495 1497
f 148 1513 1515
f 155 1555 1557
f 133 1423 1425
f 134 1429 1431
f 157 1568 1570
f 124 1370 1372
f 109 1280 1282
f 105 1256 1258
f 111 1292 1294
f 114 1310 1312
f 117 1328 1330
f 125 1376 1378
f 152 1538 1540
f 137 1447 1449
f 158 1573 1575
f 123 1363 1365
f 143 1484 1486
f 127 1388 1390
f 135 1435 1437
f 147 1508 1510
f 150 1526 1528
f 153 1544 1546
f 140 1466 1468
f 138 1453 1455
f 159 1579 1581
f 122 1357 1359
f 107 1268 1272
f 103 1244 1248
f 104 1249 1253
f 110 1285 1289
f 113 1303 1307
f 118 1333 1337
f 154 1550 1554
f 141 1472 1476
f 162 1598 1602
f 121 1351 1355
f 142 1478 1482
f 129 1400 1404
f 130 1405 1409
f 144 1489 1493
f 146 1501 1505
f 151 1532 1536
f 131 1411 1415
f 136 1441 1445
f 161 1591 1595
f 126 1382 1386
f 47 911 909
f 44 893 891
f 43 888 886
f 45 900 898
f 46 906 904
f 49 924 922
f 72 1062 1060
f 102 1242 1240
f 96 1206 1204
f 79 1104 1102
f 62 1001 999
f 59 983 981
f 58 978 976
f 60 990 988
f 61 996 994
f 66 1026 1024
f 54 954 952
f 73 1068 1066
f 85 1140 1138
f 92 1181 1179
f 101 1235 1233
f 69 1043 1041
f 50 929 927
f 82 1121 1119
f 97 1211 1209
f 71 1055 1053
f 100 1230 1228
f 94 1194 1192
f 80 1110 1108
f 51 935 933
f 90 1169 1167
f 63 1007 1005
f 55 959 957
f 76 1085 1083
f 87 1152 1150
f 91 1176 1174
f 67 1031 1029
f 56 965 963
f 75 1079 1077
f 83 1128 1126
f 68 1038 1036
f 48 917 915
f 78 1097 1095
f 93 1187 1185
f 98 1218 1216
f 88 1157 1155
f 65 1020 1018
f 57 972 970
f 77 1092 1090
f 86 1145 1143
f 64 1014 1012
f 53 947 945
f 74 1073 1071
f 84 1133 1131
f 89 1164 1162
f 70 1049 1047
f 99 1223 1221
f 95 1199 1197
f 81 1116 1114
f 52 942 940
f 109 1283 1284
f 105 1259 1260
f 111 1295 1296
f 114 1313 1314
f 117 1331 1332
f 125 1379 1380
f 152 1541 1542
f 137 1452 1451
f 158 1578 1577
f 123 1368 1367
f 143 1487 1488
f 127 1391 1392
f 135 1440 1439
f 147 1511 1512
f 150 1529 1530
f 153 1547 1548
f 140 1469 1470
f 138 1458 1457
f 159 1584 1583
f 122 1362 1361
f 407 1609 1616
f 403 1605 1608
f 404 1611 1606
f 410 1614 1612
f 413 1617 1615
f 422 1631 1624
f 486 1688 1692
f 573 1775 1782
f 561 1763 1765
f 512 1719 1714
f 452 1654 1661
f 448 1650 1653
f 449 1656 1651
f 455 1659 1657
f 458 1662 1660
f 470 1672 1675
f 437 1646 1639
f 494 1706 1696
f 531 1735 1733
f 539 1741 1751
f 568 1770 1779
f 478 1680 1683
f 419 1621 1626
f 509 1711 1721
f 554 1756 1766
f 482 1684 1689
f 576 1780 1778
f 558 1767 1760
f 516 1722 1718
f 425 1627 1629
f 542 1744 1747
f 463 1668 1665
f 434 1636 1641
f 497 1699 1704
f 528 1730 1737
f 546 1748 1750
f 464 1666 1676
f 440 1642 1644
f 500 1705 1702
f 524 1736 1726
f 479 1691 1681
f 418 1623 1620
f 508 1713 1710
f 553 1764 1755
f 569 1781 1771
f 538 1749 1740
f 471 1677 1673
f 443 1645 1647
f 501 1703 1707
f 523 1725 1734
f 467 1674 1669
f 433 1638 1635
f 493 1695 1698
f 527 1732 1729
f 543 1752 1745
f 485 1690 1687
f 572 1777 1774
f 557 1759 1762
f 515 1717 1720
f 428 1630 1632
f 591 2191 2189
f 587 1885 1883
f 588 1901 1903
f 594 2279 2281
f 597 2315 2317
f 600 2171 2173
f 634 2160 2158
f 619 2016 2012
f 639 2214 2210
f 602 1919 1924
f 624 2137 2135
f 608 1978 1973
f 610 1991 1996
f 627 2225 2227
f 630 2302 2304
f 635 2178 2176
f 615 2153 2155
f 617 2009 2014
f 637 2207 2212
f 604 1926 1922
f 416 1857 1864
f 408 1803 1810
f 406 1786 1795
f 412 1822 1831
f 415 1840 1849
f 424 1876 1887
f 492 2182 2193
f 582 2312 2321
f 565 2276 2285
f 514 1898 1907
f 461 2091 2098
f 453 2037 2044
f 451 1952 1961
f 457 2056 2067
f 460 2074 2083
f 475 2128 2139
f 439 1966 1975
f 496 1988 1997
f 533 2222 2231
f 551 2293 2298
f 579 2185 2190
f 483 1879 1884
f 426 1893 1900
f 521 2271 2278
f 566 2307 2314
f 489 2163 2170
f 578 2150 2159
f 560 2006 2015
f 518 2204 2213
f 429 1911 1918
f 547 2131 2136
f 465 1969 1977
f 441 1983 1990
f 504 2217 2224
f 537 2290 2301
f 550 2168 2177
f 476 2145 2152
f 444 2001 2008
f 502 2199 2206
f 526 1916 1925
f 481 1808 1817
f 420 1789 1797
f 510 1825 1833
f 555 1843 1851
f 571 1862 1871
f 540 1933 1941
f 473 2110 2119
f 447 2020 2029
f 507 2236 2247
f 534 2257 2262
f 469 2042 2051
f 435 1947 1954
f 498 2059 2064
f 529 2077 2085
f 545 2096 2105
f 487 2113 2121
f 574 2023 2031
f 562 2239 2244
f 520 2254 2265
f 432 1930 1939
f 589 1818 1814
f 583 1798 1793
f 586 1834 1829
f 593 1852 1847
f 596 1872 1868
f 599 1942 1937
f 633 2120 2124
f 620 2030 2034
f 640 2248 2250
f 603 2263 2261
f 622 2052 2050
f 607 1955 1960
f 612 2065 2063
f 626 2086 2081
f 629 2106 2102
f 631 2122 2117
f 614 2032 2027
f 618 2245 2243
f 641 2266 2268
f 605 1940 1944
f 409 1813 1804
f 405 1792 1785
f 411 1828 1821
f 414 1846 1839
f 417 1867 1858
f 431 1936 1929
f 488 2123 2114
f 575 2033 2024
f 563 2249 2240
f 519 2260 2253
f 454 2049 2038
f 450 1959 1951
f 456 2062 2055
f 459 2080 2073
f 462 2101 2092
f 472 2116 2109
f 446 2026 2019
f 506 2242 2235
f 535 2267 2258
f 541 1943 1934
f 570 1869 1861
f 480 1815 1807
f 421 1799 1790
f 511 1835 1826
f 556 1853 1844
f 484 1889 1880
f 580 2195 2186
f 567 2319 2308
f 522 2283 2272
f 427 1905 1894
f 544 2103 2095
f 468 2046 2041
f 436 1957 1948
f 499 2069 2060
f 530 2087 2078
f 548 2141 2132
f 466 1979 1970
f 442 1993 1984
f 505 2229 2218
f 536 2296 2289
f 491 2188 2181
f 423 1882 1875
f 513 1902 1897
f 564 2280 2275
f 581 2316 2311
f 549 2172 2167
f 477 2157 2146
f 445 2011 2002
f 503 2209 2200
f 525 1923 1915
f 474 2134 2127
f 438 1972 1965
f 495 1995 1987
f 532 2226 2221
f 552 2303 2294
f 490 2175 2164
f 577 2154 2149
f 559 2013 2005
f 517 2211 2203
f 430 1921 1912
f 590 1865 1870
f 584 1811 1816
f 585 1796 1800
f 592 1832 1836
f 595 1850 1854
f 598 1888 1890
f 636 2194 2196
f 621 2322 2320
f 642 2286 2284
f 601 1908 1906
f 623 2099 2104
f 611 2045 2047
f 609 1962 1958
f 625 2068 2070
f 628 2084 2088
f 632 2140 2142
f 613 1976 1980
f 616 1998 1994
f 638 2232 2230
f 606 2299 2297
f 407 2330 2329
f 403 2324 2323
f 404 2325 2326
f 410 2332 2333
f 413 2335 2336
f 422 2344 2345
f 486 2410 2409
f 573 2497 2496
f 561 2486 2485
f 512 2434 2435
f 452 2375 2374
f 448 2369 2368
f 449 2370 2371
f 455 2377 2378
f 458 2380 2381
f 470 2393 2392
f 437 2359 2360
f 494 2415 2416
f 531 2455 2456
f 539 2461 2460
f 568 2489 2488
f 478 2399 2398
f 419 2341 2340
f 509 2431 2430
f 554 2476 2475
f 482 2405 2404
f 576 2500 2501
f 558 2481 2482
f 516 2439 2440
f 425 2348 2347
f 542 2465 2464
f 463 2383 2384
f 434 2356 2355
f 497 2420 2419
f 528 2452 2451
f 546 2471 2470
f 464 2386 2385
f 440 2363 2362
f 500 2422 2423
f 524 2445 2446
f 479 2400 2401
f 418 2338 2339
f 508 2428 2429
f 553 2473 2474
f 569 2490 2491
f 538 2458 2459
f 471 2394 2395
f 443 2366 2365
f 501 2425 2424
f 523 2444 2443
f 467 2389 2390
f 433 2353 2354
f 493 2414 2413
f 527 2449 2450
f 543 2466 2467
f 485 2407 2408
f 572 2494 2495
f 557 2480 2479
f 515 2438 2437
f 428 2351 2350
f 591 2510 2511
f 587 2504 2505
f 588 2508 2507
f 594 2514 2513
f 597 2517 2516
f 600 2520 2519
f 634 2554 2556
f 619 2539 2540
f 639 2560 2561
f 602 2523 2521
f 624 2543 2544
f 608 2527 2529
f 610 2532 2530
f 627 2547 2546
f 630 2550 2549
f 635 2552 2553
f 615 2535 2534
f 617 2538 2536
f 637 2558 2557
f 604 2524 2525
f 167 1607 647
f 164 1603 644
f 163 1604 643
f 165 1610 645
f 166 1613 646
f 169 1622 649
f 192 1686 672
f 222 1773 702
f 216 1761 696
f 199 1712 679
f 182 1652 662
f 179 1648 659
f 178 1649 658
f 180 1655 660
f 181 1658 661
f 186 1670 666
f 174 1637 654
f 193 1694 673
f 205 1731 685
f 212 1739 692
f 221 1768 701
f 189 1678 669
f 170 1619 650
f 202 1709 682
f 217 1754 697
f 191 1682 671
f 220 1776 700
f 214 1758 694
f 200 1716 680
f 171 1625 651
f 210 1742 690
f 183 1663 663
f 175 1634 655
f 196 1697 676
f 207 1728 687
f 211 1746 691
f 187 1664 667
f 176 1640 656
f 195 1700 675
f 203 1724 683
f 188 1679 668
f 168 1618 648
f 198 1708 678
f 213 1753 693
f 218 1769 698
f 208 1738 688
f 185 1671 665
f 177 1643 657
f 197 1701 677
f 206 1723 686
f 184 1667 664
f 173 1633 653
f 194 1693 674
f 204 1727 684
f 209 1743 689
f 190 1685 670
f 219 1772 699
f 215 1757 695
f 201 1715 681
f 172 1628 652
f 357 2187 837
f 255 1881 735
f 262 1899 742
f 388 2277 868
f 400 2313 880
f 352 2169 832
f 347 2156 827
f 298 2010 778
f 364 2208 844
f 269 1917 749
f 339 2133 819
f 285 1971 765
f 293 1989 773
f 370 2223 850
f 396 2300 876
f 353 2174 833
f 346 2151 826
f 299 2007 779
f 365 2205 845
f 268 1920 748
f 249 1855 729
f 231 1801 711
f 226 1784 706
f 238 1820 718
f 244 1838 724
f 257 1874 737
f 359 2180 839
f 402 2310 882
f 390 2274 870
f 264 1896 744
f 327 2089 807
f 309 2035 789
f 282 1950 762
f 317 2054 797
f 322 2072 802
f 341 2126 821
f 286 1964 766
f 294 1986 774
f 372 2220 852
f 394 2291 874
f 358 2183 838
f 256 1877 736
f 261 1891 741
f 387 2269 867
f 399 2305 879
f 351 2161 831
f 348 2148 828
f 300 2004 780
f 366 2202 846
f 267 1909 747
f 340 2129 820
f 287 1967 767
f 291 1981 771
f 369 2215 849
f 395 2288 875
f 354 2166 834
f 345 2143 825
f 297 1999 777
f 363 2197 843
f 270 1914 750
f 234 1806 714
f 227 1787 707
f 239 1823 719
f 245 1841 725
f 252 1860 732
f 275 1931 755
f 334 2108 814
f 304 2018 784
f 377 2234 857
f 382 2255 862
f 312 2040 792
f 279 1945 759
f 316 2057 796
f 323 2075 803
f 330 2094 810
f 335 2111 815
f 305 2021 785
f 376 2237 856
f 383 2252 863
f 274 1928 754
f 232 1812 712
f 225 1791 705
f 237 1827 717
f 243 1845 723
f 250 1866 730
f 273 1935 753
f 336 2118 816
f 306 2028 786
f 378 2246 858
f 381 2259 861
f 311 2048 791
f 281 1953 761
f 315 2061 795
f 321 2079 801
f 328 2100 808
f 333 2115 813
f 303 2025 783
f 375 2241 855
f 384 2264 864
f 276 1938 756
f 229 1802 709
f 223 1783 703
f 235 1819 715
f 241 1837 721
f 247 1856 727
f 271 1927 751
f 332 2112 812
f 302 2022 782
f 374 2238 854
f 379 2251 859
f 307 2036 787
f 278 1949 758
f 313 2053 793
f 319 2071 799
f 325 2090 805
f 331 2107 811
f 301 2017 781
f 373 2233 853
f 380 2256 860
f 272 1932 752
f 248 1859 728
f 230 1805 710
f 224 1788 704
f 236 1824 716
f 242 1842 722
f 254 1878 734
f 356 2184 836
f 397 2306 877
f 385 2270 865
f 259 1892 739
f 326 2093 806
f 308 2039 788
f 277 1946 757
f 314 2058 794
f 320 2076 800
f 338 2130 818
f 284 1968 764
f 289 1982 769
f 367 2216 847
f 391 2287 871
f 355 2179 835
f 253 1873 733
f 260 1895 740
f 386 2273 866
f 398 2309 878
f 350 2165 830
f 343 2144 823
f 295 2000 775
f 361 2198 841
f 266 1913 746
f 337 2125 817
f 283 1963 763
f 290 1985 770
f 368 2219 848
f 392 2292 872
f 349 2162 829
f 344 2147 824
f 296 2003 776
f 362 2201 842
f 265 1910 745
f 251 1863 731
f 233 1809 713
f 228 1794 708
f 240 1830 720
f 246 1848 726
f 258 1886 738
f 360 2192 840
f 401 2318 881
f 389 2282 869
f 263 1904 743
f 329 2097 809
f 310 2043 790
f 280 1956 760
f 318 2066 798
f 324 2082 804
f 342 2138 822
f 288 1974 768
f 292 1992 772
f 371 2228 851
f 393 2295 873
f 409 2331 1269
f 405 2327 1245
f 411 2328 1252
f 414 2334 1288
f 417 2337 1306
f 431 2346 1336
f 488 2412 1551
f 575 2499 1473
f 563 2487 1599
f 519 2436 1354
f 454 2376 1479
f 450 2372 1401
f 456 2373 1408
f 459 2379 1492
f 462 2382 1504
f 472 2396 1533
f 446 2361 1414
f 506 2418 1444
f 535 2457 1594
f 541 2463 1383
f 570 2492 1323
f 480 2402 1275
f 421 2343 1263
f 511 2433 1299
f 556 2478 1317
f 484 2406 1341
f 580 2502 1564
f 567 2484 1462
f 522 2442 1588
f 427 2349 1347
f 544 2468 1521
f 468 2387 1420
f 436 2358 1395
f 499 2421 1497
f 530 2454 1515
f 548 2472 1557
f 466 2388 1425
f 442 2364 1431
f 505 2426 1570
f 536 2448 1372
f 491 2403 1282
f 423 2342 1258
f 513 2432 1294
f 564 2477 1312
f 581 2493 1330
f 549 2462 1378
f 477 2397 1540
f 445 2367 1449
f 503 2427 1575
f 525 2447 1365
f 474 2391 1486
f 438 2357 1390
f 495 2417 1437
f 532 2453 1510
f 552 2469 1528
f 490 2411 1546
f 577 2498 1468
f 559 2483 1455
f 517 2441 1581
f 430 2352 1359
f 590 2509 1272
f 584 2503 1248
f 585 2506 1253
f 592 2512 1289
f 595 2515 1307
f 598 2518 1337
f 636 2555 1554
f 621 2541 1476
f 642 2562 1602
f 601 2522 1355
f 623 2542 1482
f 611 2528 1404
f 609 2531 1409
f 625 2545 1493
f 628 2548 1505
f 632 2551 1536
f 613 2533 1415
f 616 2537 1445
f 638 2559 1595
f 606 2526 1386
f 407 1616 909
f 403 1608 891
f 404 1606 886
f 410 1612 898
f 413 1615 904
f 422 1624 922
f 486 1692 1060
f 573 1782 1240
f 561 1765 1204
f 512 1714 1102
f 452 1661 999
f 448 1653 981
f 449 1651 976
f 455 1657 988
f 458 1660 994
f 470 1675 1024
f 437 1639 952
f 494 1696 1066
f 531 1733 1138
f 539 1751 1179
f 568 1779 1233
f 478 1683 1041
f 419 1626 927
f 509 1721 1119
f 554 1766 1209
f 482 1689 1053
f 576 1778 1228
f 558 1760 1192
f 516 1718 1108
f 425 1629 933
f 542 1747 1167
f 463 1665 1005
f 434 1641 957
f 497 1704 1083
f 528 1737 1150
f 546 1750 1174
f 464 1676 1029
f 440 1644 963
f 500 1702 1077
f 524 1726 1126
f 479 1681 1036
f 418 1620 915
f 508 1710 1095
f 553 1755 1185
f 569 1771 1216
f 538 1740 1155
f 471 1673 1018
f 443 1647 970
f 501 1707 1090
f 523 1734 1143
f 467 1669 1012
f 433 1635 945
f 493 1698 1071
f 527 1729 1131
f 543 1745 1162
f 485 1687 1047
f 572 1774 1221
f 557 1762 1197
f 515 1720 1114
f 428 1632 940
f 591 2189 1284
f 587 1883 1260
f 588 1903 1296
f 594 2281 1314
f 597 2317 1332
f 600 2173 1380
f 634 2158 1542
f 619 2012 1451
f 639 2210 1577
f 602 1924 1367
f 624 2135 1488
f 608 1973 1392
f 610 1996 1439
f 627 2227 1512
f 630 2304 1530
f 635 2176 1548
f 615 2155 1470
f 617 2014 1457
f 637 2212 1583
f 604 1922 1361
f 416 1864 1270
f 408 1810 1246
f 406 1795 1251
f 412 1831 1287
f 415 1849 1305
f 424 1887 1335
f 492 2193 1552
f 582 2321 1474
f 565 2285 1600
f 514 1907 1353
f 461 2098 1480
f 453 2044 1402
f 451 1961 1407
f 457 2067 1491
f 460 2083 1503
f 475 2139 1534
f 439 1975 1413
f 496 1997 1443
f 533 2231 1593
f 551 2298 1384
f 579 2190 1324
f 483 1884 1276
f 426 1900 1264
f 521 2278 1300
f 566 2314 1318
f 489 2170 1342
f 578 2159 1563
f 560 2015 1461
f 518 2213 1587
f 429 1918 1348
f 547 2136 1522
f 465 1977 1419
f 441 1990 1396
f 504 2224 1498
f 537 2301 1516
f 550 2177 1558
f 476 2152 1426
f 444 2008 1432
f 502 2206 1569
f 526 1925 1371
f 481 1817 1281
f 420 1797 1257
f 510 1833 1293
f 555 1851 1311
f 571 1871 1329
f 540 1941 1377
f 473 2119 1539
f 447 2029 1450
f 507 2247 1576
f 534 2262 1366
f 469 2051 1485
f 435 1954 1389
f 498 2064 1438
f 529 2085 1509
f 545 2105 1527
f 487 2121 1545
f 574 2031 1467
f 562 2244 1456
f 520 2265 1582
f 432 1939 1360
f 589 1814 1271
f 583 1793 1247
f 586 1829 1254
f 593 1847 1290
f 596 1868 1308
f 599 1937 1338
f 633 2124 1553
f 620 2034 1475
f 640 2250 1601
f 603 2261 1356
f 622 2050 1481
f 607 1960 1403
f 612 2063 1410
f 626 2081 1494
f 629 2102 1506
f 631 2117 1535
f 614 2027 1416
f 618 2243 1446
f 641 2268 1596
f 605 1944 1385
f 409 1804 894
f 405 1785 887
f 411 1821 899
f 414 1839 905
f 417 1858 912
f 431 1929 941
f 488 2114 1050
f 575 2024 1224
f 563 2240 1200
f 519 2253 1115
f 454 2038 984
f 450 1951 977
f 456 2055 989
f 459 2073 995
f 462 2092 1002
f 472 2109 1019
f 446 2019 971
f 506 2235 1091
f 535 2258 1146
f 541 1934 1158
f 570 1861 1217
f 480 1807 1037
f 421 1790 918
f 511 1826 1098
f 556 1844 1188
f 484 1880 1044
f 580 2186 1236
f 567 2308 1212
f 522 2272 1122
f 427 1894 930
f 544 2095 1163
f 468 2041 1013
f 436 1948 948
f 499 2060 1074
f 530 2078 1134
f 548 2132 1170
f 466 1970 1008
f 442 1984 960
f 505 2218 1086
f 536 2289 1151
f 491 2181 1061
f 423 1875 923
f 513 1897 1103
f 564 2275 1205
f 581 2311 1241
f 549 2167 1175
f 477 2146 1032
f 445 2002 966
f 503 2200 1080
f 525 1915 1127
f 474 2127 1025
f 438 1965 953
f 495 1987 1067
f 532 2221 1139
f 552 2294 1182
f 490 2164 1056
f 577 2149 1229
f 559 2005 1193
f 517 2203 1109
f 430 1912 936
f 590 1870 1325
f 584 1816 1277
f 585 1800 1265
f 592 1836 1301
f 595 1854 1319
f 598 1890 1343
f 636 2196 1566
f 621 2320 1464
f 642 2284 1590
f 601 1906 1349
f 623 2104 1523
f 611 2047 1422
f 609 1958 1397
f 625 2070 1499
f 628 2088 1517
f 632 2142 1559
f 613 1980 1427
f 616 1994 1433
f 638 2230 1572
f 606 2297 1374
f 407 2329 892
f 403 2323 885
f 404 2326 897
f 410 2333 903
f 413 2336 910
f 422 2345 939
f 486 2409 1048
f 573 2496 1222
f 561 2485 1198
f 512 2435 1113
f 452 2374 982
f 448 2368 975
f 449 2371 987
f 455 2378 993
f 458 2381 1000
f 470 2392 1017
f 437 2360 969
f 494 2416 1089
f 531 2456 1144
f 539 2460 1156
f 568 2488 1215
f 478 2398 1035
f 419 2340 916
f 509 2430 1096
f 554 2475 1186
f 482 2404 1042
f 576 2501 1234
f 558 2482 1210
f 516 2440 1120
f 425 2347 928
f 542 2464 1161
f 463 2384 1011
f 434 2355 946
f 497 2419 1072
f 528 2451 1132
f 546 2470 1168
f 464 2385 1006
f 440 2362 958
f 500 2423 1084
f 524 2446 1149
f 479 2401 1059
f 418 2339 921
f 508 2429 1101
f 553 2474 1203
f 569 2491 1239
f 538 2459 1173
f 471 2395 1030
f 443 2365 964
f 501 2424 1078
f 523 2443 1125
f 467 2390 1023
f 433 2354 951
f 493 2413 1065
f 527 2450 1137
f 543 2467 1180
f 485 2408 1054
f 572 2495 1227
f 557 2479 1191
f 515 2437 1107
f 428 2350 934
f 591 2511 1326
f 587 2505 1278
f 588 2507 1266
f 594 2513 1302
f 597 2516 1320
f 600 2519 1344
f 634 2556 1565
f 619 2540 1463
f 639 2561 1589
f 602 2521 1350
f 624 2544 1524
f 608 2529 1421
f 610 2530 1398
f 627 2546 1500
f 630 2549 1518
f 635 2553 1560
f 615 2534 1428
f 617 2536 1434
f 637 2557 1571
f 604 2525 1373
f 164 1609 889
f 163 1605 883
f 165 1611 895
f 166 1614 901
f 167 1617 907
f 172 1631 937
f 190 1688 1045
f 219 1775 1219
f 215 1763 1195
f 201 1719 1111
f 179 1654 979
f 178 1650 973
f 180 1656 985
f 181 1659 991
f 182 1662 997
f 185 1672 1015
f 177 1646 967
f 197 1706 1087
f 206 1735 1141
f 208 1741 1153
f 218 1770 1213
f 188 1680 1033
f 168 1621 913
f 198 1711 1093
f 213 1756 1183
f 189 1684 1039
f 221 1780 1231
f 217 1767 1207
f 202 1722 1117
f 170 1627 925
f 209 1744 1159
f 184 1668 1009
f 173 1636 943
f 194 1699 1069
f 204 1730 1129
f 210 1748 1165
f 183 1666 1003
f 175 1642 955
f 196 1705 1081
f 207 1736 1147
f 192 1691 1057
f 169 1623 919
f 199 1713 1099
f 216 1764 1201
f 222 1781 1237
f 211 1749 1171
f 187 1677 1027
f 176 1645 961
f 195 1703 1075
f 203 1725 1123
f 186 1674 1021
f 174 1638 949
f 193 1695 1063
f 205 1732 1135
f 212 1752 1177
f 191 1690 1051
f 220 1777 1225
f 214 1759 1189
f 200 1717 1105
f 171 1630 931
f 358 2191 1322
f 256 1885 1274
f 261 1901 1262
f 387 2279 1298
f 399 2315 1316
f 351 2171 1340
f 348 2160 1561
f 300 2016 1459
f 366 2214 1585
f 267 1919 1346
f 340 2137 1520
f 287 1978 1417
f 291 1991 1394
f 369 2225 1496
f 395 2302 1514
f 354 2178 1556
f 345 2153 1424
f 297 2009 1430
f 363 2207 1567
f 270 1926 1369
f 247 1857 908
f 229 1803 890
f 223 1786 884
f 235 1822 896
f 241 1840 902
f 253 1876 920
f 355 2182 1058
f 398 2312 1238
f 386 2276 1202
f 260 1898 1100
f 325 2091 998
f 307 2037 980
f 278 1952 974
f 313 2056 986
f 319 2074 992
f 337 2128 1022
f 283 1966 950
f 290 1988 1064
f 368 2222 1136
f 392 2293 1178
f 356 2185 1232
f 254 1879 1040
f 259 1893 926
f 385 2271 1118
f 397 2307 1208
f 349 2163 1052
f 344 2150 1226
f 296 2006 1190
f 362 2204 1106
f 265 1911 932
f 338 2131 1166
f 284 1969 1004
f 289 1983 956
f 367 2217 1082
f 391 2290 1148
f 350 2168 1172
f 343 2145 1028
f 295 2001 962
f 361 2199 1076
f 266 1916 1124
f 230 1808 1034
f 224 1789 914
f 236 1825 1094
f 242 1843 1184
f 248 1862 1214
f 272 1933 1154
f 331 2110 1016
f 301 2020 968
f 373 2236 1088
f 380 2257 1142
f 308 2042 1010
f 277 1947 944
f 314 2059 1070
f 320 2077 1130
f 326 2096 1160
f 332 2113 1046
f 302 2023 1220
f 374 2239 1196
f 379 2254 1112
f 271 1930 938
f 234 1818 1279
f 227 1798 1255
f 239 1834 1291
f 245 1852 1309
f 252 1872 1327
f 275 1942 1375
f 334 2120 1537
f 304 2030 1448
f 377 2248 1574
f 382 2263 1364
f 312 2052 1483
f 279 1955 1387
f 316 2065 1436
f 323 2086 1507
f 330 2106 1525
f 335 2122 1543
f 305 2032 1465
f 376 2245 1454
f 383 2266 1580
f 274 1940 1358
f 232 1813 1267
f 225 1792 1243
f 237 1828 1250
f 243 1846 1286
f 250 1867 1304
f 273 1936 1334
f 336 2123 1549
f 306 2033 1471
f 378 2249 1597
f 381 2260 1352
f 311 2049 1477
f 281 1959 1399
f 315 2062 1406
f 321 2080 1490
f 328 2101 1502
f 333 2116 1531
f 303 2026 1412
f 375 2242 1442
f 384 2267 1592
f 276 1943 1381
f 251 1869 1321
f 233 1815 1273
f 228 1799 1261
f 240 1835 1297
f 246 1853 1315
f 258 1889 1339
f 360 2195 1562
f 401 2319 1460
f 389 2283 1586
f 263 1905 1345
f 329 2103 1519
f 310 2046 1418
f 280 1957 1393
f 318 2069 1495
f 324 2087 1513
f 342 2141 1555
f 288 1979 1423
f 292 1993 1429
f 371 2229 1568
f 393 2296 1370
f 357 2188 1280
f 255 1882 1256
f 262 1902 1292
f 388 2280 1310
f 400 2316 1328
f 352 2172 1376
f 347 2157 1538
f 298 2011 1447
f 364 2209 1573
f 269 1923 1363
f 339 2134 1484
f 285 1972 1388
f 293 1995 1435
f 370 2226 1508
f 396 2303 1526
f 353 2175 1544
f 346 2154 1466
f 299 2013 1453
f 365 2211 1579
f 268 1921 1357
f 249 1865 1268
f 231 1811 1244
f 226 1796 1249
f 238 1832 1285
f 244 1850 1303
f 257 1888 1333
f 359 2194 1550
f 402 2322 1472
f 390 2286 1598
f 264 1908 1351
f 327 2099 1478
f 309 2045 1400
f 282 1962 1405
f 317 2068 1489
f 322 2084 1501
f 341 2140 1532
f 286 1976 1411
f 294 1998 1441
f 372 2232 1591
f 394 2299 1382
f 416 2330 911
f 408 2324 893
f 406 2325 888
f 412 2332 900
f 415 2335 906
f 424 2344 924
f 492 2410 1062
f 582 2497 1242
f 565 2486 1206
f 514 2434 1104
f 461 2375 1001
f 453 2369 983
f 451 2370 978
f 457 2377 990
f 460 2380 996
f 475 2393 1026
f 439 2359 954
f 496 2415 1068
f 533 2455 1140
f 551 2461 1181
f 579 2489 1235
f 483 2399 1043
f 426 2341 929
f 521 2431 1121
f 566 2476 1211
f 489 2405 1055
f 578 2500 1230
f 560 2481 1194
f 518 2439 1110
f 429 2348 935
f 547 2465 1169
f 465 2383 1007
f 441 2356 959
f 504 2420 1085
f 537 2452 1152
f 550 2471 1176
f 476 2386 1031
f 444 2363 965
f 502 2422 1079
f 526 2445 1128
f 481 2400 1038
f 420 2338 917
f 510 2428 1097
f 555 2473 1187
f 571 2490 1218
f 540 2458 1157
f 473 2394 1020
f 447 2366 972
f 507 2425 1092
f 534 2444 1145
f 469 2389 1014
f 435 2353 947
f 498 2414 1073
f 529 2449 1133
f 545 2466 1164
f 487 2407 1049
f 574 2494 1223
f 562 2480 1199
f 520 2438 1116
f 432 2351 942
f 589 2510 1283
f 583 2504 1259
f 586 2508 1295
f 593 2514 1313
f 596 2517 1331
f 599 2520 1379
f 633 2554 1541
f 620 2539 1452
f 640 2560 1578
f 603 2523 1368
f 622 2543 1487
f 607 2527 1391
f 612 2532 1440
f 626 2547 1511
f 629 2550 1529
f 631 2552 1547
f 614 2535 1469
f 618 2538 1458
f 641 2558 1584
f 605 2524 1362
f 164 1607 1609
f 163 1603 1605
f 165 1604 1611
f 166 1610 1614
f 167 1613 1617
f 172 1622 1631
f 190 1686 1688
f 219 1773 1775
f 215 1761 1763
f 201 1712 1719
f 179 1652 1654
f 178 1648 1650
f 180 1649 1656
f 181 1655 1659
f 182 1658 1662
f 185 1670 1672
f 177 1637 1646
f 197 1694 1706
f 206 1731 1735
f 208 1739 1741
f 218 1768 1770
f 188 1678 1680
f 168 1619 1621
f 198 1709 1711
f 213 1754 1756
f 189 1682 1684
f 221 1776 1780
f 217 1758 1767
f 202 1716 1722
f 170 1625 1627
f 209 1742 1744
f 184 1663 1668
f 173 1634 1636
f 194 1697 1699
f 204 1728 1730
f 210 1746 1748
f 183 1664 1666
f 175 1640 1642
f 196 1700 1705
f 207 1724 1736
f 192 1679 1691
f 169 1618 1623
f 199 1708 1713
f 216 1753 1764
f 222 1769 1781
f 211 1738 1749
f 187 1671 1677
f 176 1643 1645
f 195 1701 1703
f 203 1723 1725
f 186 1667 1674
f 174 1633 1638
f 193 1693 1695
f 205 1727 1732
f 212 1743 1752
f 191 1685 1690
f 220 1772 1777
f 214 1757 1759
f 200 1715 1717
f 171 1628 1630
f 358 2187 2191
f 256 1881 1885
f 261 1899 1901
f 387 2277 2279
f 399 2313 2315
f 351 2169 2171
f 348 2156 2160
f 300 2010 2016
f 366 2208 2214
f 267 1917 1919
f 340 2133 2137
f 287 1971 1978
f 291 1989 1991
f 369 2223 2225
f 395 2300 2302
f 354 2174 2178
f 345 2151 2153
f 297 2007 2009
f 363 2205 2207
f 270 1920 1926
f 247 1855 1857
f 229 1801 1803
f 223 1784 1786
f 235 1820 1822
f 241 1838 1840
f 253 1874 1876
f 355 2180 2182
f 398 2310 2312
f 386 2274 2276
f 260 1896 1898
f 325 2089 2091
f 307 2035 2037
f 278 1950 1952
f 313 2054 2056
f 319 2072 2074
f 337 2126 2128
f 283 1964 1966
f 290 1986 1988
f 368 2220 2222
f 392 2291 2293
f 356 2183 2185
f 254 1877 1879
f 259 1891 1893
f 385 2269 2271
f 397 2305 2307
f 349 2161 2163
f 344 2148 2150
f 296 2004 2006
f 362 2202 2204
f 265 1909 1911
f 338 2129 2131
f 284 1967 1969
f 289 1981 1983
f 367 2215 2217
f 391 2288 2290
f 350 2166 2168
f 343 2143 2145
f 295 1999 2001
f 361 2197 2199
f 266 1914 1916
f 230 1806 1808
f 224 1787 1789
f 236 1823 1825
f 242 1841 1843
f 248 1860 1862
f 272 1931 1933
f 331 2108 2110
f 301 2018 2020
f 373 2234 2236
f 380 2255 2257
f 308 2040 2042
f 277 1945 1947
f 314 2057 2059
f 320 2075 2077
f 326 2094 2096
f 332 2111 2113
f 302 2021 2023
f 374 2237 2239
f 379 2252 2254
f 271 1928 1930
f 234 1812 1818
f 227 1791 1798
f 239 1827 1834
f 245 1845 1852
f 252 1866 1872
f 275 1935 1942
f 334 2118 2120
f 304 2028 2030
f 377 2246 2248
f 382 2259 2263
f 312 2048 2052
f 279 1953 1955
f 316 2061 2065
f 323 2079 2086
f 330 2100 2106
f 335 2115 2122
f 305 2025 2032
f 376 2241 2245
f 383 2264 2266
f 274 1938 1940
f 232 1802 1813
f 225 1783 1792
f 237 1819 1828
f 243 1837 1846
f 250 1856 1867
f 273 1927 1936
f 336 2112 2123
f 306 2022 2033
f 378 2238 2249
f 381 2251 2260
f 311 2036 2049
f 281 1949 1959
f 315 2053 2062
f 321 2071 2080
f 328 2090 2101
f 333 2107 2116
f 303 2017 2026
f 375 2233 2242
f 384 2256 2267
f 276 1932 1943
f 251 1859 1869
f 233 1805 1815
f 228 1788 1799
f 240 1824 1835
f 246 1842 1853
f 258 1878 1889
f 360 2184 2195
f 401 2306 2319
f 389 2270 2283
f 263 1892 1905
f 329 2093 2103
f 310 2039 2046
f 280 1946 1957
f 318 2058 2069
f 324 2076 2087
f 342 2130 2141
f 288 1968 1979
f 292 1982 1993
f 371 2216 2229
f 393 2287 2296
f 357 2179 2188
f 255 1873 1882
f 262 1895 1902
f 388 2273 2280
f 400 2309 2316
f 352 2165 2172
f 347 2144 2157
f 298 2000 2011
f 364 2198 2209
f 269 1913 1923
f 339 2125 2134
f 285 1963 1972
f 293 1985 1995
f 370 2219 2226
f 396 2292 2303
f 353 2162 2175
f 346 2147 2154
f 299 2003 2013
f 365 2201 2211
f 268 1910 1921
f 249 1863 1865
f 231 1809 1811
f 226 1794 1796
f 238 1830 1832
f 244 1848 1850
f 257 1886 1888
f 359 2192 2194
f 402 2318 2322
f 390 2282 2286
f 264 1904 1908
f 327 2097 2099
f 309 2043 2045
f 282 1956 1962
f 317 2066 2068
f 322 2082 2084
f 341 2138 2140
f 286 1974 1976
f 294 1992 1998
f 372 2228 2232
f 394 2295 2299
f 416 2331 2330
f 408 2327 2324
f 406 2328 2325
f 412 2334 2332
f 415 2337 2335
f 424 2346 2344
f 492 2412 2410
f 582 2499 2497
f 565 2487 2486
f 514 2436 2434
f 461 2376 2375
f 453 2372 2369
f 451 2373 2370
f 457 2379 2377
f 460 2382 2380
f 475 2396 2393
f 439 2361 2359
f 496 2418 2415
f 533 2457 2455
f 551 2463 2461
f 579 2492 2489
f 483 2402 2399
f 426 2343 2341
f 521 2433 2431
f 566 2478 2476
f 489 2406 2405
f 578 2502 2500
f 560 2484 2481
f 518 2442 2439
f 429 2349 2348
f 547 2468 2465
f 465 2387 2383
f 441 2358 2356
f 504 2421 2420
f 537 2454 2452
f 550 2472 2471
f 476 2388 2386
f 444 2364 2363
f 502 2426 2422
f 526 2448 2445
f 481 2403 2400
f 420 2342 2338
f 510 2432 2428
f 555 2477 2473
f 571 2493 2490
f 540 2462 2458
f 473 2397 2394
f 447 2367 2366
f 507 2427 2425
f 534 2447 2444
f 469 2391 2389
f 435 2357 2353
f 498 2417 2414
f 529 2453 2449
f 545 2469 2466
f 487 2411 2407
f 574 2498 2494
f 562 2483 2480
f 520 2441 2438
f 432 2352 2351
f 589 2509 2510
f 583 2503 2504
f 586 2506 2508
f 593 2512 2514
f 596 2515 2517
f 599 2518 2520
f 633 2555 2554
f 620 2541 2539
f 640 2562 2560
f 603 2522 2523
f 622 2542 2543
f 607 2528 2527
f 612 2531 2532
f 626 2545 2547
f 629 2548 2550
f 631 2551 2552
f 614 2533 2535
f 618 2537 2538
f 641 2559 2558
f 605 2526 2524
f 164 644 1607
f 163 643 1603
f 165 645 1604
f 166 646 1610
f 167 647 1613
f 172 652 1622
f 190 670 1686
f 219 699 1773
f 215 695 1761
f 201 681 1712
f 179 659 1652
f 178 658 1648
f 180 660 1649
f 181 661 1655
f 182 662 1658
f 185 665 1670
f 177 657 1637
f 197 677 1694
f 206 686 1731
f 208 688 1739
f 218 698 1768
f 188 668 1678
f 168 648 1619
f 198 678 1709
f 213 693 1754
f 189 669 1682
f 221 701 1776
f 217 697 1758
f 202 682 1716
f 170 650 1625
f 209 689 1742
f 184 664 1663
f 173 653 1634
f 194 674 1697
f 204 684 1728
f 210 690 1746
f 183 663 1664
f 175 655 1640
f 196 676 1700
f 207 687 1724
f 192 672 1679
f 169 649 1618
f 199 679 1708
f 216 696 1753
f 222 702 1769
f 211 691 1738
f 187 667 1671
f 176 656 1643
f 195 675 1701
f 203 683 1723
f 186 666 1667
f 174 654 1633
f 193 673 1693
f 205 685 1727
f 212 692 1743
f 191 671 1685
f 220 700 1772
f 214 694 1757
f 200 680 1715
f 171 651 1628
f 358 838 2187
f 256 736 1881
f 261 741 1899
f 387 867 2277
f 399 879 2313
f 351 831 2169
f 348 828 2156
f 300 780 2010
f 366 846 2208
f 267 747 1917
f 340 820 2133
f 287 767 1971
f 291 771 1989
f 369 849 2223
f 395 875 2300
f 354 834 2174
f 345 825 2151
f 297 777 2007
f 363 843 2205
f 270 750 1920
f 247 727 1855
f 229 709 1801
f 223 703 1784
f 235 715 1820
f 241 721 1838
f 253 733 1874
f 355 835 2180
f 398 878 2310
f 386 866 2274
f 260 740 1896
f 325 805 2089
f 307 787 2035
f 278 758 1950
f 313 793 2054
f 319 799 2072
f 337 817 2126
f 283 763 1964
f 290 770 1986
f 368 848 2220
f 392 872 2291
f 356 836 2183
f 254 734 1877
f 259 739 1891
f 385 865 2269
f 397 877 2305
f 349 829 2161
f 344 824 2148
f 296 776 2004
f 362 842 2202
f 265 745 1909
f 338 818 2129
f 284 764 1967
f 289 769 1981
f 367 847 2215
f 391 871 2288
f 350 830 2166
f 343 823 2143
f 295 775 1999
f 361 841 2197
f 266 746 1914
f 230 710 1806
f 224 704 1787
f 236 716 1823
f 242 722 1841
f 248 728 1860
f 272 752 1931
f 331 811 2108
f 301 781 2018
f 373 853 2234
f 380 860 2255
f 308 788 2040
f 277 757 1945
f 314 794 2057
f 320 800 2075
f 326 806 2094
f 332 812 2111
f 302 782 2021
f 374 854 2237
f 379 859 2252
f 271 751 1928
f 234 714 1812
f 227 707 1791
f 239 719 1827
f 245 725 1845
f 252 732 1866
f 275 755 1935
f 334 814 2118
f 304 784 2028
f 377 857 2246
f 382 862 2259
f 312 792 2048
f 279 759 1953
f 316 796 2061
f 323 803 2079
f 330 810 2100
f 335 815 2115
f 305 785 2025
f 376 856 2241
f 383 863 2264
f 274 754 1938
f 232 712 1802
f 225 705 1783
f 237 717 1819
f 243 723 1837
f 250 730 1856
f 273 753 1927
f 336 816 2112
f 306 786 2022
f 378 858 2238
f 381 861 2251
f 311 791 2036
f 281 761 1949
f 315 795 2053
f 321 801 2071
f 328 808 2090
f 333 813 2107
f 303 783 2017
f 375 855 2233
f 384 864 2256
f 276 756 1932
f 251 731 1859
f 233 713 1805
f 228 708 1788
f 240 720 1824
f 246 726 1842
f 258 738 1878
f 360 840 2184
f 401 881 2306
f 389 869 2270
f 263 743 1892
f 329 809 2093
f 310 790 2039
f 280 760 1946
f 318 798 2058
f 324 804 2076
f 342 822 2130
f 288 768 1968
f 292 772 1982
f 371 851 2216
f 393 873 2287
f 357 837 2179
f 255 735 1873
f 262 742 1895
f 388 868 2273
f 400 880 2309
f 352 832 2165
f 347 827 2144
f 298 778 2000
f 364 844 2198
f 269 749 1913
f 339 819 2125
f 285 765 1963
f 293 773 1985
f 370 850 2219
f 396 876 2292
f 353 833 2162
f 346 826 2147
f 299 779 2003
f 365 845 2201
f 268 748 1910
f 249 729 1863
f 231 711 1809
f 226 706 1794
f 238 718 1830
f 244 724 1848
f 257 737 1886
f 359 839 2192
f 402 882 2318
f 390 870 2282
f 264 744 1904
f 327 807 2097
f 309 789 2043
f 282 762 1956
f 317 797 2066
f 322 802 2082
f 341 821 2138
f 286 766 1974
f 294 774 1992
f 372 852 2228
f 394 874 2295
f 416 1270 2331
f 408 1246 2327
f 406 1251 2328
f 412 1287 2334
f 415 1305 2337
f 424 1335 2346
f 492 1552 2412
f 582 1474 2499
f 565 1600 2487
f 514 1353 2436
f 461 1480 2376
f 453 1402 2372
f 451 1407 2373
f 457 1491 2379
f 460 1503 2382
f 475 1534 2396
f 439 1413 2361
f 496 1443 2418
f 533 1593 2457
f 551 1384 2463
f 579 1324 2492
f 483 1276 2402
f 426 1264 2343
f 521 1300 2433
f 566 1318 2478
f 489 1342 2406
f 578 1563 2502
f 560 1461 2484
f 518 1587 2442
f 429 1348 2349
f 547 1522 2468
f 465 1419 2387
f 441 1396 2358
f 504 1498 2421
f 537 1516 2454
f 550 1558 2472
f 476 1426 2388
f 444 1432 2364
f 502 1569 2426
f 526 1371 2448
f 481 1281 2403
f 420 1257 2342
f 510 1293 2432
f 555 1311 2477
f 571 1329 2493
f 540 1377 2462
f 473 1539 2397
f 447 1450 2367
f 507 1576 2427
f 534 1366 2447
f 469 1485 2391
f 435 1389 2357
f 498 1438 2417
f 529 1509 2453
f 545 1527 2469
f 487 1545 2411
f 574 1467 2498
f 562 1456 2483
f 520 1582 2441
f 432 1360 2352
f 589 1271 2509
f 583 1247 2503
f 586 1254 2506
f 593 1290 2512
f 596 1308 2515
f 599 1338 2518
f 633 1553 2555
f 620 1475 2541
f 640 1601 2562
f 603 1356 2522
f 622 1481 2542
f 607 1403 2528
f 612 1410 2531
f 626 1494 2545
f 629 1506 2548
f 631 1535 2551
f 614 1416 2533
f 618 1446 2537
f 641 1596 2559
f 605 1385 2526
f 167 907 1616
f 164 889 1608
f 163 883 1606
f 165 895 1612
f 166 901 1615
f 169 919 1624
f 192 1057 1692
f 222 1237 1782
f 216 1201 1765
f 199 1099 1714
f 182 997 1661
f 179 979 1653
f 178 973 1651
f 180 985 1657
f 181 991 1660
f 186 1021 1675
f 174 949 1639
f 193 1063 1696
f 205 1135 1733
f 212 1177 1751
f 221 1231 1779
f 189 1039 1683
f 170 925 1626
f 202 1117 1721
f 217 1207 1766
f 191 1051 1689
f 220 1225 1778
f 214 1189 1760
f 200 1105 1718
f 171 931 1629
f 210 1165 1747
f 183 1003 1665
f 175 955 1641
f 196 1081 1704
f 207 1147 1737
f 211 1171 1750
f 187 1027 1676
f 176 961 1644
f 195 1075 1702
f 203 1123 1726
f 188 1033 1681
f 168 913 1620
f 198 1093 1710
f 213 1183 1755
f 218 1213 1771
f 208 1153 1740
f 185 1015 1673
f 177 967 1647
f 197 1087 1707
f 206 1141 1734
f 184 1009 1669
f 173 943 1635
f 194 1069 1698
f 204 1129 1729
f 209 1159 1745
f 190 1045 1687
f 219 1219 1774
f 215 1195 1762
f 201 1111 1720
f 172 937 1632
f 357 1280 2189
f 255 1256 1883
f 262 1292 1903
f 388 1310 2281
f 400 1328 2317
f 352 1376 2173
f 347 1538 2158
f 298 1447 2012
f 364 1573 2210
f 269 1363 1924
f 339 1484 2135
f 285 1388 1973
f 293 1435 1996
f 370 1508 2227
f 396 1526 2304
f 353 1544 2176
f 346 1466 2155
f 299 1453 2014
f 365 1579 2212
f 268 1357 1922
f 249 1268 1864
f 231 1244 1810
f 226 1249 1795
f 238 1285 1831
f 244 1303 1849
f 257 1333 1887
f 359 1550 2193
f 402 1472 2321
f 390 1598 2285
f 264 1351 1907
f 327 1478 2098
f 309 1400 2044
f 282 1405 1961
f 317 1489 2067
f 322 1501 2083
f 341 1532 2139
f 286 1411 1975
f 294 1441 1997
f 372 1591 2231
f 394 1382 2298
f 358 1322 2190
f 256 1274 1884
f 261 1262 1900
f 387 1298 2278
f 399 1316 2314
f 351 1340 2170
f 348 1561 2159
f 300 1459 2015
f 366 1585 2213
f 267 1346 1918
f 340 1520 2136
f 287 1417 1977
f 291 1394 1990
f 369 1496 2224
f 395 1514 2301
f 354 1556 2177
f 345 1424 2152
f 297 1430 2008
f 363 1567 2206
f 270 1369 1925
f 234 1279 1817
f 227 1255 1797
f 239 1291 1833
f 245 1309 1851
f 252 1327 1871
f 275 1375 1941
f 334 1537 2119
f 304 1448 2029
f 377 1574 2247
f 382 1364 2262
f 312 1483 2051
f 279 1387 1954
f 316 1436 2064
f 323 1507 2085
f 330 1525 2105
f 335 1543 2121
f 305 1465 2031
f 376 1454 2244
f 383 1580 2265
f 274 1358 1939
f 232 1267 1814
f 225 1243 1793
f 237 1250 1829
f 243 1286 1847
f 250 1304 1868
f 273 1334 1937
f 336 1549 2124
f 306 1471 2034
f 378 1597 2250
f 381 1352 2261
f 311 1477 2050
f 281 1399 1960
f 315 1406 2063
f 321 1490 2081
f 328 1502 2102
f 333 1531 2117
f 303 1412 2027
f 375 1442 2243
f 384 1592 2268
f 276 1381 1944
f 229 890 1804
f 223 884 1785
f 235 896 1821
f 241 902 1839
f 247 908 1858
f 271 938 1929
f 332 1046 2114
f 302 1220 2024
f 374 1196 2240
f 379 1112 2253
f 307 980 2038
f 278 974 1951
f 313 986 2055
f 319 992 2073
f 325 998 2092
f 331 1016 2109
f 301 968 2019
f 373 1088 2235
f 380 1142 2258
f 272 1154 1934
f 248 1214 1861
f 230 1034 1807
f 224 914 1790
f 236 1094 1826
f 242 1184 1844
f 254 1040 1880
f 356 1232 2186
f 397 1208 2308
f 385 1118 2272
f 259 926 1894
f 326 1160 2095
f 308 1010 2041
f 277 944 1948
f 314 1070 2060
f 320 1130 2078
f 338 1166 2132
f 284 1004 1970
f 289 956 1984
f 367 1082 2218
f 391 1148 2289
f 355 1058 2181
f 253 920 1875
f 260 1100 1897
f 386 1202 2275
f 398 1238 2311
f 350 1172 2167
f 343 1028 2146
f 295 962 2002
f 361 1076 2200
f 266 1124 1915
f 337 1022 2127
f 283 950 1965
f 290 1064 1987
f 368 1136 2221
f 392 1178 2294
f 349 1052 2164
f 344 1226 2149
f 296 1190 2005
f 362 1106 2203
f 265 932 1912
f 251 1321 1870
f 233 1273 1816
f 228 1261 1800
f 240 1297 1836
f 246 1315 1854
f 258 1339 1890
f 360 1562 2196
f 401 1460 2320
f 389 1586 2284
f 263 1345 1906
f 329 1519 2104
f 310 1418 2047
f 280 1393 1958
f 318 1495 2070
f 324 1513 2088
f 342 1555 2142
f 288 1423 1980
f 292 1429 1994
f 371 1568 2230
f 393 1370 2297
f 409 894 2329
f 405 887 2323
f 411 899 2326
f 414 905 2333
f 417 912 2336
f 431 941 2345
f 488 1050 2409
f 575 1224 2496
f 563 1200 2485
f 519 1115 2435
f 454 984 2374
f 450 977 2368
f 456 989 2371
f 459 995 2378
f 462 1002 2381
f 472 1019 2392
f 446 971 2360
f 506 1091 2416
f 535 1146 2456
f 541 1158 2460
f 570 1217 2488
f 480 1037 2398
f 421 918 2340
f 511 1098 2430
f 556 1188 2475
f 484 1044 2404
f 580 1236 2501
f 567 1212 2482
f 522 1122 2440
f 427 930 2347
f 544 1163 2464
f 468 1013 2384
f 436 948 2355
f 499 1074 2419
f 530 1134 2451
f 548 1170 2470
f 466 1008 2385
f 442 960 2362
f 505 1086 2423
f 536 1151 2446
f 491 1061 2401
f 423 923 2339
f 513 1103 2429
f 564 1205 2474
f 581 1241 2491
f 549 1175 2459
f 477 1032 2395
f 445 966 2365
f 503 1080 2424
f 525 1127 2443
f 474 1025 2390
f 438 953 2354
f 495 1067 2413
f 532 1139 2450
f 552 1182 2467
f 490 1056 2408
f 577 1229 2495
f 559 1193 2479
f 517 1109 2437
f 430 936 2350
f 590 1325 2511
f 584 1277 2505
f 585 1265 2507
f 592 1301 2513
f 595 1319 2516
f 598 1343 2519
f 636 1566 2556
f 621 1464 2540
f 642 1590 2561
f 601 1349 2521
f 623 1523 2544
f 611 1422 2529
f 609 1397 2530
f 625 1499 2546
f 628 1517 2549
f 632 1559 2553
f 613 1427 2534
f 616 1433 2536
f 638 1572 2557
f 606 1374 2525
f 407 892 1609
f 403 885 1605
f 404 897 1611
f 410 903 1614
f 413 910 1617
f 422 939 1631
f 486 1048 1688
f 573 1222 1775
f 561 1198 1763
f 512 1113 1719
f 452 982 1654
f 448 975 1650
f 449 987 1656
f 455 993 1659
f 458 1000 1662
f 470 1017 1672
f 437 969 1646
f 494 1089 1706
f 531 1144 1735
f 539 1156 1741
f 568 1215 1770
f 478 1035 1680
f 419 916 1621
f 509 1096 1711
f 554 1186 1756
f 482 1042 1684
f 576 1234 1780
f 558 1210 1767
f 516 1120 1722
f 425 928 1627
f 542 1161 1744
f 463 1011 1668
f 434 946 1636
f 497 1072 1699
f 528 1132 1730
f 546 1168 1748
f 464 1006 1666
f 440 958 1642
f 500 1084 1705
f 524 1149 1736
f 479 1059 1691
f 418 921 1623
f 508 1101 1713
f 553 1203 1764
f 569 1239 1781
f 538 1173 1749
f 471 1030 1677
f 443 964 1645
f 501 1078 1703
f 523 1125 1725
f 467 1023 1674
f 433 951 1638
f 493 1065 1695
f 527 1137 1732
f 543 1180 1752
f 485 1054 1690
f 572 1227 1777
f 557 1191 1759
f 515 1107 1717
f 428 934 1630
f 591 1326 2191
f 587 1278 1885
f 588 1266 1901
f 594 1302 2279
f 597 1320 2315
f 600 1344 2171
f 634 1565 2160
f 619 1463 2016
f 639 1589 2214
f 602 1350 1919
f 624 1524 2137
f 608 1421 1978
f 610 1398 1991
f 627 1500 2225
f 630 1518 2302
f 635 1560 2178
f 615 1428 2153
f 617 1434 2009
f 637 1571 2207
f 604 1373 1926
f 416 911 1857
f 408 893 1803
f 406 888 1786
f 412 900 1822
f 415 906 1840
f 424 924 1876
f 492 1062 2182
f 582 1242 2312
f 565 1206 2276
f 514 1104 1898
f 461 1001 2091
f 453 983 2037
f 451 978 1952
f 457 990 2056
f 460 996 2074
f 475 1026 2128
f 439 954 1966
f 496 1068 1988
f 533 1140 2222
f 551 1181 2293
f 579 1235 2185
f 483 1043 1879
f 426 929 1893
f 521 1121 2271
f 566 1211 2307
f 489 1055 2163
f 578 1230 2150
f 560 1194 2006
f 518 1110 2204
f 429 935 1911
f 547 1169 2131
f 465 1007 1969
f 441 959 1983
f 504 1085 2217
f 537 1152 2290
f 550 1176 2168
f 476 1031 2145
f 444 965 2001
f 502 1079 2199
f 526 1128 1916
f 481 1038 1808
f 420 917 1789
f 510 1097 1825
f 555 1187 1843
f 571 1218 1862
f 540 1157 1933
f 473 1020 2110
f 447 972 2020
f 507 1092 2236
f 534 1145 2257
f 469 1014 2042
f 435 947 1947
f 498 1073 2059
f 529 1133 2077
f 545 1164 2096
f 487 1049 2113
f 574 1223 2023
f 562 1199 2239
f 520 1116 2254
f 432 942 1930
f 589 1283 1818
f 583 1259 1798
f 586 1295 1834
f 593 1313 1852
f 596 1331 1872
f 599 1379 1942
f 633 1541 2120
f 620 1452 2030
f 640 1578 2248
f 603 1368 2263
f 622 1487 2052
f 607 1391 1955
f 612 1440 2065
f 626 1511 2086
f 629 1529 2106
f 631 1547 2122
f 614 1469 2032
f 618 1458 2245
f 641 1584 2266
f 605 1362 1940
f 409 1269 1813
f 405 1245 1792
f 411 1252 1828
f 414 1288 1846
f 417 1306 1867
f 431 1336 1936
f 488 1551 2123
f 575 1473 2033
f 563 1599 2249
f 519 1354 2260
f 454 1479 2049
f 450 1401 1959
f 456 1408 2062
f 459 1492 2080
f 462 1504 2101
f 472 1533 2116
f 446 1414 2026
f 506 1444 2242
f 535 1594 2267
f 541 1383 1943
f 570 1323 1869
f 480 1275 1815
f 421 1263 1799
f 511 1299 1835
f 556 1317 1853
f 484 1341 1889
f 580 1564 2195
f 567 1462 2319
f 522 1588 2283
f 427 1347 1905
f 544 1521 2103
f 468 1420 2046
f 436 1395 1957
f 499 1497 2069
f 530 1515 2087
f 548 1557 2141
f 466 1425 1979
f 442 1431 1993
f 505 1570 2229
f 536 1372 2296
f 491 1282 2188
f 423 1258 1882
f 513 1294 1902
f 564 1312 2280
f 581 1330 2316
f 549 1378 2172
f 477 1540 2157
f 445 1449 2011
f 503 1575 2209
f 525 1365 1923
f 474 1486 2134
f 438 1390 1972
f 495 1437 1995
f 532 1510 2226
f 552 1528 2303
f 490 1546 2175
f 577 1468 2154
f 559 1455 2013
f 517 1581 2211
f 430 1359 1921
f 590 1272 1865
f 584 1248 1811
f 585 1253 1796
f 592 1289 1832
f 595 1307 1850
f 598 1337 1888
f 636 1554 2194
f 621 1476 2322
f 642 1602 2286
f 601 1355 1908
f 623 1482 2099
f 611 1404 2045
f 609 1409 1962
f 625 1493 2068
f 628 1505 2084
f 632 1536 2140
f 613 1415 1976
f 616 1445 1998
f 638 1595 2232
f 606 1386 2299
f 407 909 2330
f 403 891 2324
f 404 886 2325
f 410 898 2332
f 413 904 2335
f 422 922 2344
f 486 1060 2410
f 573 1240 2497
f 561 1204 2486
f 512 1102 2434
f 452 999 2375
f 448 981 2369
f 449 976 2370
f 455 988 2377
f 458 994 2380
f 470 1024 2393
f 437 952 2359
f 494 1066 2415
f 531 1138 2455
f 539 1179 2461
f 568 1233 2489
f 478 1041 2399
f 419 927 2341
f 509 1119 2431
f 554 1209 2476
f 482 1053 2405
f 576 1228 2500
f 558 1192 2481
f 516 1108 2439
f 425 933 2348
f 542 1167 2465
f 463 1005 2383
f 434 957 2356
f 497 1083 2420
f 528 1150 2452
f 546 1174 2471
f 464 1029 2386
f 440 963 2363
f 500 1077 2422
f 524 1126 2445
f 479 1036 2400
f 418 915 2338
f 508 1095 2428
f 553 1185 2473
f 569 1216 2490
f 538 1155 2458
f 471 1018 2394
f 443 970 2366
f 501 1090 2425
f 523 1143 2444
f 467 1012 2389
f 433 945 2353
f 493 1071 2414
f 527 1131 2449
f 543 1162 2466
f 485 1047 2407
f 572 1221 2494
f 557 1197 2480
f 515 1114 2438
f 428 940 2351
f 591 1284 2510
f 587 1260 2504
f 588 1296 2508
f 594 1314 2514
f 597 1332 2517
f 600 1380 2520
f 634 1542 2554
f 619 1451 2539
f 639 1577 2560
f 602 1367 2523
f 624 1488 2543
f 608 1392 2527
f 610 1439 2532
f 627 1512 2547
f 630 1530 2550
f 635 1548 2552
f 615 1470 2535
f 617 1457 2538
f 637 1583 2558
f 604 1361 2524
f 167 1616 1607
f 164 1608 1603
f 163 1606 1604
f 165 1612 1610
f 166 1615 1613
f 169 1624 1622
f 192 1692 1686
f 222 1782 1773
f 216 1765 1761
f 199 1714 1712
f 182 1661 1652
f 179 1653 1648
f 178 1651 1649
f 180 1657 1655
f 181 1660 1658
f 186 1675 1670
f 174 1639 1637
f 193 1696 1694
f 205 1733 1731
f 212 1751 1739
f 221 1779 1768
f 189 1683 1678
f 170 1626 1619
f 202 1721 1709
f 217 1766 1754
f 191 1689 1682
f 220 1778 1776
f 214 1760 1758
f 200 1718 1716
f 171 1629 1625
f 210 1747 1742
f 183 1665 1663
f 175 1641 1634
f 196 1704 1697
f 207 1737 1728
f 211 1750 1746
f 187 1676 1664
f 176 1644 1640
f 195 1702 1700
f 203 1726 1724
f 188 1681 1679
f 168 1620 1618
f 198 1710 1708
f 213 1755 1753
f 218 1771 1769
f 208 1740 1738
f 185 1673 1671
f 177 1647 1643
f 197 1707 1701
f 206 1734 1723
f 184 1669 1667
f 173 1635 1633
f 194 1698 1693
f 204 1729 1727
f 209 1745 1743
f 190 1687 1685
f 219 1774 1772
f 215 1762 1757
f 201 1720 1715
f 172 1632 1628
f 357 2189 2187
f 255 1883 1881
f 262 1903 1899
f 388 2281 2277
f 400 2317 2313
f 352 2173 2169
f 347 2158 2156
f 298 2012 2010
f 364 2210 2208
f 269 1924 1917
f 339 2135 2133
f 285 1973 1971
f 293 1996 1989
f 370 2227 2223
f 396 2304 2300
f 353 2176 2174
f 346 2155 2151
f 299 2014 2007
f 365 2212 2205
f 268 1922 1920
f 249 1864 1855
f 231 1810 1801
f 226 1795 1784
f 238 1831 1820
f 244 1849 1838
f 257 1887 1874
f 359 2193 2180
f 402 2321 2310
f 390 2285 2274
f 264 1907 1896
f 327 2098 2089
f 309 2044 2035
f 282 1961 1950
f 317 2067 2054
f 322 2083 2072
f 341 2139 2126
f 286 1975 1964
f 294 1997 1986
f 372 2231 2220
f 394 2298 2291
f 358 2190 2183
f 256 1884 1877
f 261 1900 1891
f 387 2278 2269
f 399 2314 2305
f 351 2170 2161
f 348 2159 2148
f 300 2015 2004
f 366 2213 2202
f 267 1918 1909
f 340 2136 2129
f 287 1977 1967
f 291 1990 1981
f 369 2224 2215
f 395 2301 2288
f 354 2177 2166
f 345 2152 2143
f 297 2008 1999
f 363 2206 2197
f 270 1925 1914
f 234 1817 1806
f 227 1797 1787
f 239 1833 1823
f 245 1851 1841
f 252 1871 1860
f 275 1941 1931
f 334 2119 2108
f 304 2029 2018
f 377 2247 2234
f 382 2262 2255
f 312 2051 2040
f 279 1954 1945
f 316 2064 2057
f 323 2085 2075
f 330 2105 2094
f 335 2121 2111
f 305 2031 2021
f 376 2244 2237
f 383 2265 2252
f 274 1939 1928
f 232 1814 1812
f 225 1793 1791
f 237 1829 1827
f 243 1847 1845
f 250 1868 1866
f 273 1937 1935
f 336 2124 2118
f 306 2034 2028
f 378 2250 2246
f 381 2261 2259
f 311 2050 2048
f 281 1960 1953
f 315 2063 2061
f 321 2081 2079
f 328 2102 2100
f 333 2117 2115
f 303 2027 2025
f 375 2243 2241
f 384 2268 2264
f 276 1944 1938
f 229 1804 1802
f 223 1785 1783
f 235 1821 1819
f 241 1839 1837
f 247 1858 1856
f 271 1929 1927
f 332 2114 2112
f 302 2024 2022
f 374 2240 2238
f 379 2253 2251
f 307 2038 2036
f 278 1951 1949
f 313 2055 2053
f 319 2073 2071
f 325 2092 2090
f 331 2109 2107
f 301 2019 2017
f 373 2235 2233
f 380 2258 2256
f 272 1934 1932
f 248 1861 1859
f 230 1807 1805
f 224 1790 1788
f 236 1826 1824
f 242 1844 1842
f 254 1880 1878
f 356 2186 2184
f 397 2308 2306
f 385 2272 2270
f 259 1894 1892
f 326 2095 2093
f 308 2041 2039
f 277 1948 1946
f 314 2060 2058
f 320 2078 2076
f 338 2132 2130
f 284 1970 1968
f 289 1984 1982
f 367 2218 2216
f 391 2289 2287
f 355 2181 2179
f 253 1875 1873
f 260 1897 1895
f 386 2275 2273
f 398 2311 2309
f 350 2167 2165
f 343 2146 2144
f 295 2002 2000
f 361 2200 2198
f 266 1915 1913
f 337 2127 2125
f 283 1965 1963
f 290 1987 1985
f 368 2221 2219
f 392 2294 2292
f 349 2164 2162
f 344 2149 2147
f 296 2005 2003
f 362 2203 2201
f 265 1912 1910
f 251 1870 1863
f 233 1816 1809
f 228 1800 1794
f 240 1836 1830
f 246 1854 1848
f 258 1890 1886
f 360 2196 2192
f 401 2320 2318
f 389 2284 2282
f 263 1906 1904
f 329 2104 2097
f 310 2047 2043
f 280 1958 1956
f 318 2070 2066
f 324 2088 2082
f 342 2142 2138
f 288 1980 1974
f 292 1994 1992
f 371 2230 2228
f 393 2297 2295
f 409 2329 2331
f 405 2323 2327
f 411 2326 2328
f 414 2333 2334
f 417 2336 2337
f 431 2345 2346
f 488 2409 2412
f 575 2496 2499
f 563 2485 2487
f 519 2435 2436
f 454 2374 2376
f 450 2368 2372
f 456 2371 2373
f 459 2378 2379
f 462 2381 2382
f 472 2392 2396
f 446 2360 2361
f 506 2416 2418
f 535 2456 2457
f 541 2460 2463
f 570 2488 2492
f 480 2398 2402
f 421 2340 2343
f 511 2430 2433
f 556 2475 2478
f 484 2404 2406
f 580 2501 2502
f 567 2482 2484
f 522 2440 2442
f 427 2347 2349
f 544 2464 2468
f 468 2384 2387
f 436 2355 2358
f 499 2419 2421
f 530 2451 2454
f 548 2470 2472
f 466 2385 2388
f 442 2362 2364
f 505 2423 2426
f 536 2446 2448
f 491 2401 2403
f 423 2339 2342
f 513 2429 2432
f 564 2474 2477
f 581 2491 2493
f 549 2459 2462
f 477 2395 2397
f 445 2365 2367
f 503 2424 2427
f 525 2443 2447
f 474 2390 2391
f 438 2354 2357
f 495 2413 2417
f 532 2450 2453
f 552 2467 2469
f 490 2408 2411
f 577 2495 2498
f 559 2479 2483
f 517 2437 2441
f 430 2350 2352
f 590 2511 2509
f 584 2505 2503
f 585 2507 2506
f 592 2513 2512
f 595 2516 2515
f 598 2519 2518
f 636 2556 2555
f 621 2540 2541
f 642 2561 2562
f 601 2521 2522
f 623 2544 2542
f 611 2529 2528
f 609 2530 2531
f 625 2546 2545
f 628 2549 2548
f 632 2553 2551
f 613 2534 2533
f 616 2536 2537
f 638 2557 2559
f 606 2525 2526
f 1607 644 647
f 1603 643 644
f 1604 645 643
f 1610 646 645
f 1613 647 646
f 1622 652 649
f 1686 670 672
f 1773 699 702
f 1761 695 696
f 1712 681 679
f 1652 659 662
f 1648 658 659
f 1649 660 658
f 1655 661 660
f 1658 662 661
f 1670 665 666
f 1637 657 654
f 1694 677 673
f 1731 686 685
f 1739 688 692
f 1768 698 701
f 1678 668 669
f 1619 648 650
f 1709 678 682
f 1754 693 697
f 1682 669 671
f 1776 701 700
f 1758 697 694
f 1716 682 680
f 1625 650 651
f 1742 689 690
f 1663 664 663
f 1634 653 655
f 1697 674 676
f 1728 684 687
f 1746 690 691
f 1664 663 667
f 1640 655 656
f 1700 676 675
f 1724 687 683
f 1679 672 668
f 1618 649 648
f 1708 679 678
f 1753 696 693
f 1769 702 698
f 1738 691 688
f 1671 667 665
f 1643 656 657
f 1701 675 677
f 1723 683 686
f 1667 666 664
f 1633 654 653
f 1693 673 674
f 1727 685 684
f 1743 692 689
f 1685 671 670
f 1772 700 699
f 1757 694 695
f 1715 680 681
f 1628 651 652
f 2187 838 837
f 1881 736 735
f 1899 741 742
f 2277 867 868
f 2313 879 880
f 2169 831 832
f 2156 828 827
f 2010 780 778
f 2208 846 844
f 1917 747 749
f 2133 820 819
f 1971 767 765
f 1989 771 773
f 2223 849 850
f 2300 875 876
f 2174 834 833
f 2151 825 826
f 2007 777 779
f 2205 843 845
f 1920 750 748
f 1855 727 729
f 1801 709 711
f 1784 703 706
f 1820 715 718
f 1838 721 724
f 1874 733 737
f 2180 835 839
f 2310 878 882
f 2274 866 870
f 1896 740 744
f 2089 805 807
f 2035 787 789
f 1950 758 762
f 2054 793 797
f 2072 799 802
f 2126 817 821
f 1964 763 766
f 1986 770 774
f 2220 848 852
f 2291 872 874
f 2183 836 838
f 1877 734 736
f 1891 739 741
f 2269 865 867
f 2305 877 879
f 2161 829 831
f 2148 824 828
f 2004 776 780
f 2202 842 846
f 1909 745 747
f 2129 818 820
f 1967 764 767
f 1981 769 771
f 2215 847 849
f 2288 871 875
f 2166 830 834
f 2143 823 825
f 1999 775 777
f 2197 841 843
f 1914 746 750
f 1806 710 714
f 1787 704 707
f 1823 716 719
f 1841 722 725
f 1860 728 732
f 1931 752 755
f 2108 811 814
f 2018 781 784
f 2234 853 857
f 2255 860 862
f 2040 788 792
f 1945 757 759
f 2057 794 796
f 2075 800 803
f 2094 806 810
f 2111 812 815
f 2021 782 785
f 2237 854 856
f 2252 859 863
f 1928 751 754
f 1812 714 712
f 1791 707 705
f 1827 719 717
f 1845 725 723
f 1866 732 730
f 1935 755 753
f 2118 814 816
f 2028 784 786
f 2246 857 858
f 2259 862 861
f 2048 792 791
f 1953 759 761
f 2061 796 795
f 2079 803 801
f 2100 810 808
f 2115 815 813
f 2025 785 783
f 2241 856 855
f 2264 863 864
f 1938 754 756
f 1802 712 709
f 1783 705 703
f 1819 717 715
f 1837 723 721
f 1856 730 727
f 1927 753 751
f 2112 816 812
f 2022 786 782
f 2238 858 854
f 2251 861 859
f 2036 791 787
f 1949 761 758
f 2053 795 793
f 2071 801 799
f 2090 808 805
f 2107 813 811
f 2017 783 781
f 2233 855 853
f 2256 864 860
f 1932 756 752
f 1859 731 728
f 1805 713 710
f 1788 708 704
f 1824 720 716
f 1842 726 722
f 1878 738 734
f 2184 840 836
f 2306 881 877
f 2270 869 865
f 1892 743 739
f 2093 809 806
f 2039 790 788
f 1946 760 757
f 2058 798 794
f 2076 804 800
f 2130 822 818
f 1968 768 764
f 1982 772 769
f 2216 851 847
f 2287 873 871
f 2179 837 835
f 1873 735 733
f 1895 742 740
f 2273 868 866
f 2309 880 878
f 2165 832 830
f 2144 827 823
f 2000 778 775
f 2198 844 841
f 1913 749 746
f 2125 819 817
f 1963 765 763
f 1985 773 770
f 2219 850 848
f 2292 876 872
f 2162 833 829
f 2147 826 824
f 2003 779 776
f 2201 845 842
f 1910 748 745
f 1863 729 731
f 1809 711 713
f 1794 706 708
f 1830 718 720
f 1848 724 726
f 1886 737 738
f 2192 839 840
f 2318 882 881
f 2282 870 869
f 1904 744 743
f 2097 807 809
f 2043 789 790
f 1956 762 760
f 2066 797 798
f 2082 802 804
f 2138 821 822
f 1974 766 768
f 1992 774 772
f 2228 852 851
f 2295 874 873
f 2331 1270 1269
f 2327 1246 1245
f 2328 1251 1252
f 2334 1287 1288
f 2337 1305 1306
f 2346 1335 1336
f 2412 1552 1551
f 2499 1474 1473
f 2487 1600 1599
f 2436 1353 1354
f 2376 1480 1479
f 2372 1402 1401
f 2373 1407 1408
f 2379 1491 1492
f 2382 1503 1504
f 2396 1534 1533
f 2361 1413 1414
f 2418 1443 1444
f 2457 1593 1594
f 2463 1384 1383
f 2492 1324 1323
f 2402 1276 1275
f 2343 1264 1263
f 2433 1300 1299
f 2478 1318 1317
f 2406 1342 1341
f 2502 1563 1564
f 2484 1461 1462
f 2442 1587 1588
f 2349 1348 1347
f 2468 1522 1521
f 2387 1419 1420
f 2358 1396 1395
f 2421 1498 1497
f 2454 1516 1515
f 2472 1558 1557
f 2388 1426 1425
f 2364 1432 1431
f 2426 1569 1570
f 2448 1371 1372
f 2403 1281 1282
f 2342 1257 1258
f 2432 1293 1294
f 2477 1311 1312
f 2493 1329 1330
f 2462 1377 1378
f 2397 1539 1540
f 2367 1450 1449
f 2427 1576 1575
f 2447 1366 1365
f 2391 1485 1486
f 2357 1389 1390
f 2417 1438 1437
f 2453 1509 1510
f 2469 1527 1528
f 2411 1545 1546
f 2498 1467 1468
f 2483 1456 1455
f 2441 1582 1581
f 2352 1360 1359
f 2509 1271 1272
f 2503 1247 1248
f 2506 1254 1253
f 2512 1290 1289
f 2515 1308 1307
f 2518 1338 1337
f 2555 1553 1554
f 2541 1475 1476
f 2562 1601 1602
f 2522 1356 1355
f 2542 1481 1482
f 2528 1403 1404
f 2531 1410 1409
f 2545 1494 1493
f 2548 1506 1505
f 2551 1535 1536
f 2533 1416 1415
f 2537 1446 1445
f 2559 1596 1595
f 2526 1385 1386
f 1616 907 909
f 1608 889 891
f 1606 883 886
f 1612 895 898
f 1615 901 904
f 1624 919 922
f 1692 1057 1060
f 1782 1237 1240
f 1765 1201 1204
f 1714 1099 1102
f 1661 997 999
f 1653 979 981
f 1651 973 976
f 1657 985 988
f 1660 991 994
f 1675 1021 1024
f 1639 949 952
f 1696 1063 1066
f 1733 1135 1138
f 1751 1177 1179
f 1779 1231 1233
f 1683 1039 1041
f 1626 925 927
f 1721 1117 1119
f 1766 1207 1209
f 1689 1051 1053
f 1778 1225 1228
f 1760 1189 1192
f 1718 1105 1108
f 1629 931 933
f 1747 1165 1167
f 1665 1003 1005
f 1641 955 957
f 1704 1081 1083
f 1737 1147 1150
f 1750 1171 1174
f 1676 1027 1029
f 1644 961 963
f 1702 1075 1077
f 1726 1123 1126
f 1681 1033 1036
f 1620 913 915
f 1710 1093 1095
f 1755 1183 1185
f 1771 1213 1216
f 1740 1153 1155
f 1673 1015 1018
f 1647 967 970
f 1707 1087 1090
f 1734 1141 1143
f 1669 1009 1012
f 1635 943 945
f 1698 1069 1071
f 1729 1129 1131
f 1745 1159 1162
f 1687 1045 1047
f 1774 1219 1221
f 1762 1195 1197
f 1720 1111 1114
f 1632 937 940
f 2189 1280 1284
f 1883 1256 1260
f 1903 1292 1296
f 2281 1310 1314
f 2317 1328 1332
f 2173 1376 1380
f 2158 1538 1542
f 2012 1447 1451
f 2210 1573 1577
f 1924 1363 1367
f 2135 1484 1488
f 1973 1388 1392
f 1996 1435 1439
f 2227 1508 1512
f 2304 1526 1530
f 2176 1544 1548
f 2155 1466 1470
f 2014 1453 1457
f 2212 1579 1583
f 1922 1357 1361
f 1864 1268 1270
f 1810 1244 1246
f 1795 1249 1251
f 1831 1285 1287
f 1849 1303 1305
f 1887 1333 1335
f 2193 1550 1552
f 2321 1472 1474
f 2285 1598 1600
f 1907 1351 1353
f 2098 1478 1480
f 2044 1400 1402
f 1961 1405 1407
f 2067 1489 1491
f 2083 1501 1503
f 2139 1532 1534
f 1975 1411 1413
f 1997 1441 1443
f 2231 1591 1593
f 2298 1382 1384
f 2190 1322 1324
f 1884 1274 1276
f 1900 1262 1264
f 2278 1298 1300
f 2314 1316 1318
f 2170 1340 1342
f 2159 1561 1563
f 2015 1459 1461
f 2213 1585 1587
f 1918 1346 1348
f 2136 1520 1522
f 1977 1417 1419
f 1990 1394 1396
f 2224 1496 1498
f 2301 1514 1516
f 2177 1556 1558
f 2152 1424 1426
f 2008 1430 1432
f 2206 1567 1569
f 1925 1369 1371
f 1817 1279 1281
f 1797 1255 1257
f 1833 1291 1293
f 1851 1309 1311
f 1871 1327 1329
f 1941 1375 1377
f 2119 1537 1539
f 2029 1448 1450
f 2247 1574 1576
f 2262 1364 1366
f 2051 1483 1485
f 1954 1387 1389
f 2064 1436 1438
f 2085 1507 1509
f 2105 1525 1527
f 2121 1543 1545
f 2031 1465 1467
f 2244 1454 1456
f 2265 1580 1582
f 1939 1358 1360
f 1814 1267 1271
f 1793 1243 1247
f 1829 1250 1254
f 1847 1286 1290
f 1868 1304 1308
f 1937 1334 1338
f 2124 1549 1553
f 2034 1471 1475
f 2250 1597 1601
f 2261 1352 1356
f 2050 1477 1481
f 1960 1399 1403
f 2063 1406 1410
f 2081 1490 1494
f 2102 1502 1506
f 2117 1531 1535
f 2027 1412 1416
f 2243 1442 1446
f 2268 1592 1596
f 1944 1381 1385
f 1804 890 894
f 1785 884 887
f 1821 896 899
f 1839 902 905
f 1858 908 912
f 1929 938 941
f 2114 1046 1050
f 2024 1220 1224
f 2240 1196 1200
f 2253 1112 1115
f 2038 980 984
f 1951 974 977
f 2055 986 989
f 2073 992 995
f 2092 998 1002
f 2109 1016 1019
f 2019 968 971
f 2235 1088 1091
f 2258 1142 1146
f 1934 1154 1158
f 1861 1214 1217
f 1807 1034 1037
f 1790 914 918
f 1826 1094 1098
f 1844 1184 1188
f 1880 1040 1044
f 2186 1232 1236
f 2308 1208 1212
f 2272 1118 1122
f 1894 926 930
f 2095 1160 1163
f 2041 1010 1013
f 1948 944 948
f 2060 1070 1074
f 2078 1130 1134
f 2132 1166 1170
f 1970 1004 1008
f 1984 956 960
f 2218 1082 1086
f 2289 1148 1151
f 2181 1058 1061
f 1875 920 923
f 1897 1100 1103
f 2275 1202 1205
f 2311 1238 1241
f 2167 1172 1175
f 2146 1028 1032
f 2002 962 966
f 2200 1076 1080
f 1915 1124 1127
f 2127 1022 1025
f 1965 950 953
f 1987 1064 1067
f 2221 1136 1139
f 2294 1178 1182
f 2164 1052 1056
f 2149 1226 1229
f 2005 1190 1193
f 2203 1106 1109
f 1912 932 936
f 1870 1321 1325
f 1816 1273 1277
f 1800 1261 1265
f 1836 1297 1301
f 1854 1315 1319
f 1890 1339 1343
f 2196 1562 1566
f 2320 1460 1464
f 2284 1586 1590
f 1906 1345 1349
f 2104 1519 1523
f 2047 1418 1422
f 1958 1393 1397
f 2070 1495 1499
f 2088 1513 1517
f 2142 1555 1559
f 1980 1423 1427
f 1994 1429 1433
f 2230 1568 1572
f 2297 1370 1374
f 2329 894 892
f 2323 887 885
f 2326 899 897
f 2333 905 903
f 2336 912 910
f 2345 941 939
f 2409 1050 1048
f 2496 1224 1222
f 2485 1200 1198
f 2435 1115 1113
f 2374 984 982
f 2368 977 975
f 2371 989 987
f 2378 995 993
f 2381 1002 1000
f 2392 1019 1017
f 2360 971 969
f 2416 1091 1089
f 2456 1146 1144
f 2460 1158 1156
f 2488 1217 1215
f 2398 1037 1035
f 2340 918 916
f 2430 1098 1096
f 2475 1188 1186
f 2404 1044 1042
f 2501 1236 1234
f 2482 1212 1210
f 2440 1122 1120
f 2347 930 928
f 2464 1163 1161
f 2384 1013 1011
f 2355 948 946
f 2419 1074 1072
f 2451 1134 1132
f 2470 1170 1168
f 2385 1008 1006
f 2362 960 958
f 2423 1086 1084
f 2446 1151 1149
f 2401 1061 1059
f 2339 923 921
f 2429 1103 1101
f 2474 1205 1203
f 2491 1241 1239
f 2459 1175 1173
f 2395 1032 1030
f 2365 966 964
f 2424 1080 1078
f 2443 1127 1125
f 2390 1025 1023
f 2354 953 951
f 2413 1067 1065
f 2450 1139 1137
f 2467 1182 1180
f 2408 1056 1054
f 2495 1229 1227
f 2479 1193 1191
f 2437 1109 1107
f 2350 936 934
f 2511 1325 1326
f 2505 1277 1278
f 2507 1265 1266
f 2513 1301 1302
f 2516 1319 1320
f 2519 1343 1344
f 2556 1566 1565
f 2540 1464 1463
f 2561 1590 1589
f 2521 1349 1350
f 2544 1523 1524
f 2529 1422 1421
f 2530 1397 1398
f 2546 1499 1500
f 2549 1517 1518
f 2553 1559 1560
f 2534 1427 1428
f 2536 1433 1434
f 2557 1572 1571
f 2525 1374 1373
f 1609 892 889
f 1605 885 883
f 1611 897 895
f 1614 903 901
f 1617 910 907
f 1631 939 937
f 1688 1048 1045
f 1775 1222 1219
f 1763 1198 1195
f 1719 1113 1111
f 1654 982 979
f 1650 975 973
f 1656 987 985
f 1659 993 991
f 1662 1000 997
f 1672 1017 1015
f 1646 969 967
f 1706 1089 1087
f 1735 1144 1141
f 1741 1156 1153
f 1770 1215 1213
f 1680 1035 1033
f 1621 916 913
f 1711 1096 1093
f 1756 1186 1183
f 1684 1042 1039
f 1780 1234 1231
f 1767 1210 1207
f 1722 1120 1117
f 1627 928 925
f 1744 1161 1159
f 1668 1011 1009
f 1636 946 943
f 1699 1072 1069
f 1730 1132 1129
f 1748 1168 1165
f 1666 1006 1003
f 1642 958 955
f 1705 1084 1081
f 1736 1149 1147
f 1691 1059 1057
f 1623 921 919
f 1713 1101 1099
f 1764 1203 1201
f 1781 1239 1237
f 1749 1173 1171
f 1677 1030 1027
f 1645 964 961
f 1703 1078 1075
f 1725 1125 1123
f 1674 1023 1021
f 1638 951 949
f 1695 1065 1063
f 1732 1137 1135
f 1752 1180 1177
f 1690 1054 1051
f 1777 1227 1225
f 1759 1191 1189
f 1717 1107 1105
f 1630 934 931
f 2191 1326 1322
f 1885 1278 1274
f 1901 1266 1262
f 2279 1302 1298
f 2315 1320 1316
f 2171 1344 1340
f 2160 1565 1561
f 2016 1463 1459
f 2214 1589 1585
f 1919 1350 1346
f 2137 1524 1520
f 1978 1421 1417
f 1991 1398 1394
f 2225 1500 1496
f 2302 1518 1514
f 2178 1560 1556
f 2153 1428 1424
f 2009 1434 1430
f 2207 1571 1567
f 1926 1373 1369
f 1857 911 908
f 1803 893 890
f 1786 888 884
f 1822 900 896
f 1840 906 902
f 1876 924 920
f 2182 1062 1058
f 2312 1242 1238
f 2276 1206 1202
f 1898 1104 1100
f 2091 1001 998
f 2037 983 980
f 1952 978 974
f 2056 990 986
f 2074 996 992
f 2128 1026 1022
f 1966 954 950
f 1988 1068 1064
f 2222 1140 1136
f 2293 1181 1178
f 2185 1235 1232
f 1879 1043 1040
f 1893 929 926
f 2271 1121 1118
f 2307 1211 1208
f 2163 1055 1052
f 2150 1230 1226
f 2006 1194 1190
f 2204 1110 1106
f 1911 935 932
f 2131 1169 1166
f 1969 1007 1004
f 1983 959 956
f 2217 1085 1082
f 2290 1152 1148
f 2168 1176 1172
f 2145 1031 1028
f 2001 965 962
f 2199 1079 1076
f 1916 1128 1124
f 1808 1038 1034
f 1789 917 914
f 1825 1097 1094
f 1843 1187 1184
f 1862 1218 1214
f 1933 1157 1154
f 2110 1020 1016
f 2020 972 968
f 2236 1092 1088
f 2257 1145 1142
f 2042 1014 1010
f 1947 947 944
f 2059 1073 1070
f 2077 1133 1130
f 2096 1164 1160
f 2113 1049 1046
f 2023 1223 1220
f 2239 1199 1196
f 2254 1116 1112
f 1930 942 938
f 1818 1283 1279
f 1798 1259 1255
f 1834 1295 1291
f 1852 1313 1309
f 1872 1331 1327
f 1942 1379 1375
f 2120 1541 1537
f 2030 1452 1448
f 2248 1578 1574
f 2263 1368 1364
f 2052 1487 1483
f 1955 1391 1387
f 2065 1440 1436
f 2086 1511 1507
f 2106 1529 1525
f 2122 1547 1543
f 2032 1469 1465
f 2245 1458 1454
f 2266 1584 1580
f 1940 1362 1358
f 1813 1269 1267
f 1792 1245 1243
f 1828 1252 1250
f 1846 1288 1286
f 1867 1306 1304
f 1936 1336 1334
f 2123 1551 1549
f 2033 1473 1471
f 2249 1599 1597
f 2260 1354 1352
f 2049 1479 1477
f 1959 1401 1399
f 2062 1408 1406
f 2080 1492 1490
f 2101 1504 1502
f 2116 1533 1531
f 2026 1414 1412
f 2242 1444 1442
f 2267 1594 1592
f 1943 1383 1381
f 1869 1323 1321
f 1815 1275 1273
f 1799 1263 1261
f 1835 1299 1297
f 1853 1317 1315
f 1889 1341 1339
f 2195 1564 1562
f 2319 1462 1460
f 2283 1588 1586
f 1905 1347 1345
f 2103 1521 1519
f 2046 1420 1418
f 1957 1395 1393
f 2069 1497 1495
f 2087 1515 1513
f 2141 1557 1555
f 1979 1425 1423
f 1993 1431 1429
f 2229 1570 1568
f 2296 1372 1370
f 2188 1282 1280
f 1882 1258 1256
f 1902 1294 1292
f 2280 1312 1310
f 2316 1330 1328
f 2172 1378 1376
f 2157 1540 1538
f 2011 1449 1447
f 2209 1575 1573
f 1923 1365 1363
f 2134 1486 1484
f 1972 1390 1388
f 1995 1437 1435
f 2226 1510 1508
f 2303 1528 1526
f 2175 1546 1544
f 2154 1468 1466
f 2013 1455 1453
f 2211 1581 1579
f 1921 1359 1357
f 1865 1272 1268
f 1811 1248 1244
f 1796 1253 1249
f 1832 1289 1285
f 1850 1307 1303
f 1888 1337 1333
f 2194 1554 1550
f 2322 1476 1472
f 2286 1602 1598
f 1908 1355 1351
f 2099 1482 1478
f 2045 1404 1400
f 1962 1409 1405
f 2068 1493 1489
f 2084 1505 1501
f 2140 1536 1532
f 1976 1415 1411
f 1998 1445 1441
f 2232 1595 1591
f 2299 1386 1382
f 2330 909 911
f 2324 891 893
f 2325 886 888
f 2332 898 900
f 2335 904 906
f 2344 922 924
f 2410 1060 1062
f 2497 1240 1242
f 2486 1204 1206
f 2434 1102 1104
f 2375 999 1001
f 2369 981 983
f 2370 976 978
f 2377 988 990
f 2380 994 996
f 2393 1024 1026
f 2359 952 954
f 2415 1066 1068
f 2455 1138 1140
f 2461 1179 1181
f 2489 1233 1235
f 2399 1041 1043
f 2341 927 929
f 2431 1119 1121
f 2476 1209 1211
f 2405 1053 1055
f 2500 1228 1230
f 2481 1192 1194
f 2439 1108 1110
f 2348 933 935
f 2465 1167 1169
f 2383 1005 1007
f 2356 957 959
f 2420 1083 1085
f 2452 1150 1152
f 2471 1174 1176
f 2386 1029 1031
f 2363 963 965
f 2422 1077 1079
f 2445 1126 1128
f 2400 1036 1038
f 2338 915 917
f 2428 1095 1097
f 2473 1185 1187
f 2490 1216 1218
f 2458 1155 1157
f 2394 1018 1020
f 2366 970 972
f 2425 1090 1092
f 2444 1143 1145
f 2389 1012 1014
f 2353 945 947
f 2414 1071 1073
f 2449 1131 1133
f 2466 1162 1164
f 2407 1047 1049
f 2494 1221 1223
f 2480 1197 1199
f 2438 1114 1116
f 2351 940 942
f 2510 1284 1283
f 2504 1260 1259
f 2508 1296 1295
f 2514 1314 1313
f 2517 1332 1331
f 2520 1380 1379
f 2554 1542 1541
f 2539 1451 1452
f 2560 1577 1578
f 2523 1367 1368
f 2543 1488 1487
f 2527 1392 1391
f 2532 1439 1440
f 2547 1512 1511
f 2550 1530 1529
f 2552 1548 1547
f 2535 1470 1469
f 2538 1457 1458
f 2558 1583 1584
f 2524 1361 1362
f 1607 1616 1609
f 1603 1608 1605
f 1604 1606 1611
f 1610 1612 1614
f 1613 1615 1617
f 1622 1624 1631
f 1686 1692 1688
f 1773 1782 1775
f 1761 1765 1763
f 1712 1714 1719
f 1652 1661 1654
f 1648 1653 1650
f 1649 1651 1656
f 1655 1657 1659
f 1658 1660 1662
f 1670 1675 1672
f 1637 1639 1646
f 1694 1696 1706
f 1731 1733 1735
f 1739 1751 1741
f 1768 1779 1770
f 1678 1683 1680
f 1619 1626 1621
f 1709 1721 1711
f 1754 1766 1756
f 1682 1689 1684
f 1776 1778 1780
f 1758 1760 1767
f 1716 1718 1722
f 1625 1629 1627
f 1742 1747 1744
f 1663 1665 1668
f 1634 1641 1636
f 1697 1704 1699
f 1728 1737 1730
f 1746 1750 1748
f 1664 1676 1666
f 1640 1644 1642
f 1700 1702 1705
f 1724 1726 1736
f 1679 1681 1691
f 1618 1620 1623
f 1708 1710 1713
f 1753 1755 1764
f 1769 1771 1781
f 1738 1740 1749
f 1671 1673 1677
f 1643 1647 1645
f 1701 1707 1703
f 1723 1734 1725
f 1667 1669 1674
f 1633 1635 1638
f 1693 1698 1695
f 1727 1729 1732
f 1743 1745 1752
f 1685 1687 1690
f 1772 1774 1777
f 1757 1762 1759
f 1715 1720 1717
f 1628 1632 1630
f 2187 2189 2191
f 1881 1883 1885
f 1899 1903 1901
f 2277 2281 2279
f 2313 2317 2315
f 2169 2173 2171
f 2156 2158 2160
f 2010 2012 2016
f 2208 2210 2214
f 1917 1924 1919
f 2133 2135 2137
f 1971 1973 1978
f 1989 1996 1991
f 2223 2227 2225
f 2300 2304 2302
f 2174 2176 2178
f 2151 2155 2153
f 2007 2014 2009
f 2205 2212 2207
f 1920 1922 1926
f 1855 1864 1857
f 1801 1810 1803
f 1784 1795 1786
f 1820 1831 1822
f 1838 1849 1840
f 1874 1887 1876
f 2180 2193 2182
f 2310 2321 2312
f 2274 2285 2276
f 1896 1907 1898
f 2089 2098 2091
f 2035 2044 2037
f 1950 1961 1952
f 2054 2067 2056
f 2072 2083 2074
f 2126 2139 2128
f 1964 1975 1966
f 1986 1997 1988
f 2220 2231 2222
f 2291 2298 2293
f 2183 2190 2185
f 1877 1884 1879
f 1891 1900 1893
f 2269 2278 2271
f 2305 2314 2307
f 2161 2170 2163
f 2148 2159 2150
f 2004 2015 2006
f 2202 2213 2204
f 1909 1918 1911
f 2129 2136 2131
f 1967 1977 1969
f 1981 1990 1983
f 2215 2224 2217
f 2288 2301 2290
f 2166 2177 2168
f 2143 2152 2145
f 1999 2008 2001
f 2197 2206 2199
f 1914 1925 1916
f 1806 1817 1808
f 1787 1797 1789
f 1823 1833 1825
f 1841 1851 1843
f 1860 1871 1862
f 1931 1941 1933
f 2108 2119 2110
f 2018 2029 2020
f 2234 2247 2236
f 2255 2262 2257
f 2040 2051 2042
f 1945 1954 1947
f 2057 2064 2059
f 2075 2085 2077
f 2094 2105 2096
f 2111 2121 2113
f 2021 2031 2023
f 2237 2244 2239
f 2252 2265 2254
f 1928 1939 1930
f 1812 1814 1818
f 1791 1793 1798
f 1827 1829 1834
f 1845 1847 1852
f 1866 1868 1872
f 1935 1937 1942
f 2118 2124 2120
f 2028 2034 2030
f 2246 2250 2248
f 2259 2261 2263
f 2048 2050 2052
f 1953 1960 1955
f 2061 2063 2065
f 2079 2081 2086
f 2100 2102 2106
f 2115 2117 2122
f 2025 2027 2032
f 2241 2243 2245
f 2264 2268 2266
f 1938 1944 1940
f 1802 1804 1813
f 1783 1785 1792
f 1819 1821 1828
f 1837 1839 1846
f 1856 1858 1867
f 1927 1929 1936
f 2112 2114 2123
f 2022 2024 2033
f 2238 2240 2249
f 2251 2253 2260
f 2036 2038 2049
f 1949 1951 1959
f 2053 2055 2062
f 2071 2073 2080
f 2090 2092 2101
f 2107 2109 2116
f 2017 2019 2026
f 2233 2235 2242
f 2256 2258 2267
f 1932 1934 1943
f 1859 1861 1869
f 1805 1807 1815
f 1788 1790 1799
f 1824 1826 1835
f 1842 1844 1853
f 1878 1880 1889
f 2184 2186 2195
f 2306 2308 2319
f 2270 2272 2283
f 1892 1894 1905
f 2093 2095 2103
f 2039 2041 2046
f 1946 1948 1957
f 2058 2060 2069
f 2076 2078 2087
f 2130 2132 2141
f 1968 1970 1979
f 1982 1984 1993
f 2216 2218 2229
f 2287 2289 2296
f 2179 2181 2188
f 1873 1875 1882
f 1895 1897 1902
f 2273 2275 2280
f 2309 2311 2316
f 2165 2167 2172
f 2144 2146 2157
f 2000 2002 2011
f 2198 2200 2209
f 1913 1915 1923
f 2125 2127 2134
f 1963 1965 1972
f 1985 1987 1995
f 2219 2221 2226
f 2292 2294 2303
f 2162 2164 2175
f 2147 2149 2154
f 2003 2005 2013
f 2201 2203 2211
f 1910 1912 1921
f 1863 1870 1865
f 1809 1816 1811
f 1794 1800 1796
f 1830 1836 1832
f 1848 1854 1850
f 1886 1890 1888
f 2192 2196 2194
f 2318 2320 2322
f 2282 2284 2286
f 1904 1906 1908
f 2097 2104 2099
f 2043 2047 2045
f 1956 1958 1962
f 2066 2070 2068
f 2082 2088 2084
f 2138 2142 2140
f 1974 1980 1976
f 1992 1994 1998
f 2228 2230 2232
f 2295 2297 2299
f 2331 2329 2330
f 2327 2323 2324
f 2328 2326 2325
f 2334 2333 2332
f 2337 2336 2335
f 2346 2345 2344
f 2412 2409 2410
f 2499 2496 2497
f 2487 2485 2486
f 2436 2435 2434
f 2376 2374 2375
f 2372 2368 2369
f 2373 2371 2370
f 2379 2378 2377
f 2382 2381 2380
f 2396 2392 2393
f 2361 2360 2359
f 2418 2416 2415
f 2457 2456 2455
f 2463 2460 2461
f 2492 2488 2489
f 2402 2398 2399
f 2343 2340 2341
f 2433 2430 2431
f 2478 2475 2476
f 2406 2404 2405
f 2502 2501 2500
f 2484 2482 2481
f 2442 2440 2439
f 2349 2347 2348
f 2468 2464 2465
f 2387 2384 2383
f 2358 2355 2356
f 2421 2419 2420
f 2454 2451 2452
f 2472 2470 2471
f 2388 2385 2386
f 2364 2362 2363
f 2426 2423 2422
f 2448 2446 2445
f 2403 2401 2400
f 2342 2339 2338
f 2432 2429 2428
f 2477 2474 2473
f 2493 2491 2490
f 2462 2459 2458
f 2397 2395 2394
f 2367 2365 2366
f 2427 2424 2425
f 2447 2443 2444
f 2391 2390 2389
f 2357 2354 2353
f 2417 2413 2414
f 2453 2450 2449
f 2469 2467 2466
f 2411 2408 2407
f 2498 2495 2494
f 2483 2479 2480
f 2441 2437 2438
f 2352 2350 2351
f 2509 2511 2510
f 2503 2505 2504
f 2506 2507 2508
f 2512 2513 2514
f 2515 2516 2517
f 2518 2519 2520
f 2555 2556 2554
f 2541 2540 2539
f 2562 2561 2560
f 2522 2521 2523
f 2542 2544 2543
f 2528 2529 2527
f 2531 2530 2532
f 2545 2546 2547
f 2548 2549 2550
f 2551 2553 2552
f 2533 2534 2535
f 2537 2536 2538
f 2559 2557 2558
f 2526 2525 2524