v -0.390458 0.572988 0.002029
v 0.390034 0.572908 0.001897
v -0.397306 -0.607692 0.006477
v 0.397131 -0.607630 0.006522
v -0.000178 -0.453749 0.713691
v -0.000002 0.402330 0.692741
v -0.000023 -0.395513 -0.691012
v -0.000076 0.421356 -0.701990
v 0.698220 0.001332 -0.438849
v 0.715891 -0.000474 0.441519
v -0.698229 0.001337 -0.438846
v -0.715896 -0.000477 0.441517
v 0.000027 0.667777 -0.016617
v -0.228218 0.523559 0.367025
v -0.221782 0.651135 -0.437022
v -0.619901 0.362365 -0.234444
v -0.640678 0.374149 0.245354
v 0.228233 0.523545 0.367031
v 0.222053 0.650788 -0.436306
v 0.619969 0.362124 -0.234276
v 0.640649 0.374115 0.245356
v 0.000028 -0.725613 0.031237
v -0.254837 -0.690338 0.459125
v -0.230044 -0.563686 -0.371527
v -0.623871 -0.361034 -0.233928
v -0.638599 -0.378962 0.246404
v 0.254891 -0.690286 0.459568
v 0.230041 -0.563473 -0.371511
v 0.623877 -0.361062 -0.233977
v 0.638557 -0.378981 0.246396
v -0.000011 -0.004276 0.818678
v 0.402304 -0.242543 0.653770
v -0.402125 -0.242684 0.653336
v 0.407581 0.246535 0.662336
v -0.407571 0.246528 0.662326
v -0.000046 0.002995 -0.814607
v 0.402582 -0.244191 -0.657154
v -0.402577 -0.244157 -0.657152
v 0.405700 0.241460 -0.661228
v -0.405596 0.241660 -0.661304
v 0.822704 0.000068 0.006176
v -0.822716 0.000061 0.006170
v -0.181882 0.633054 -0.005939
v -0.318938 0.562776 0.166406
v -0.321789 0.605750 -0.187678
v -0.521589 0.508974 -0.105085
v -0.521344 0.493763 0.112742
v 0.181907 0.633065 -0.006015
v 0.318966 0.562737 0.166347
v 0.322126 0.606310 -0.187882
v 0.521539 0.508597 -0.105060
v 0.521366 0.493751 0.112761
v -0.204466 -0.702797 0.005191
v -0.332443 -0.621372 0.195554
v -0.348455 -0.661392 -0.185786
v -0.514279 -0.500373 -0.098483
v -0.530086 -0.521406 0.122972
v 0.204261 -0.702692 0.004707
v 0.332427 -0.621351 0.195928
v 0.348372 -0.662171 -0.185437
v 0.514532 -0.500221 -0.098763
v 0.530048 -0.521502 0.122770
v -0.149038 -0.675714 0.703173
v 0.148045 -0.675911 0.703122
v 0.000085 -0.231020 0.775336
v 0.191426 -0.368613 0.705229
v -0.191701 -0.368539 0.704632
v -0.113471 0.465431 0.560406
v 0.113469 0.465435 0.560411
v 0.000008 0.241305 0.782863
v 0.192754 0.347486 0.702485
v -0.192747 0.347488 0.702487
v -0.111818 -0.465601 -0.559071
v 0.111740 -0.465728 -0.559202
v -0.000003 -0.240934 -0.780500
v 0.192586 -0.344618 -0.702388
v -0.192621 -0.344641 -0.702457
v -0.132050 0.579484 -0.632565
v 0.132295 0.579874 -0.632730
v -0.000002 0.243382 -0.811483
v 0.192524 0.351422 -0.711375
v -0.192745 0.351761 -0.711546
v 0.688040 0.177333 -0.359430
v 0.687471 -0.181329 -0.358702
v 0.582489 -0.115014 -0.559783
v 0.582658 0.115476 -0.560490
v 0.773331 0.000613 -0.235521
v 0.708782 0.183977 0.361990
v 0.707807 -0.187005 0.362721
v 0.592472 -0.118445 0.564044
v 0.592717 0.115824 0.563672
v 0.798656 0.000202 0.245161
v -0.688092 0.177278 -0.359430
v -0.687439 -0.181295 -0.358683
v -0.582493 -0.115003 -0.559782
v -0.582677 0.115456 -0.560482
v -0.773308 0.000608 -0.235513
v -0.708795 0.183971 0.362001
v -0.707815 -0.186999 0.362685
v -0.592435 -0.118425 0.564048
v -0.592716 0.115832 0.563699
v -0.798670 0.000204 0.245149
v -0.094928 0.609832 0.158615
v -0.090344 0.677041 -0.206875
v 0.094956 0.609799 0.158651
v 0.090413 0.677360 -0.206761
v -0.453685 0.468943 0.334205
v 0.000006 0.543400 0.366756
v -0.343030 0.424085 0.541950
v -0.454780 0.527231 -0.356324
v 0.000088 0.712459 -0.443166
v -0.339535 0.455118 -0.554448
v -0.667159 0.381871 0.008080
v -0.532044 0.319297 -0.468243
v -0.757910 0.199897 -0.113025
v -0.546947 0.335964 0.474500
v -0.769201 0.205007 0.126090
v 0.453694 0.468967 0.334206
v 0.343044 0.424111 0.541959
v 0.454650 0.527594 -0.357163
v 0.339875 0.455118 -0.554623
v 0.667144 0.381862 0.008055
v 0.531979 0.319415 -0.468349
v 0.757904 0.199896 -0.113015
v 0.546933 0.335915 0.474485
v 0.769212 0.205014 0.126092
v -0.090059 -0.688796 0.216206
v -0.114566 -0.721720 -0.188563
v 0.090031 -0.689022 0.216460
v 0.114408 -0.721593 -0.188311
v -0.463454 -0.525027 0.357521
v 0.000339 -0.708170 0.465971
v -0.354050 -0.497004 0.580968
v -0.441156 -0.468319 -0.327157
v 0.000399 -0.593130 -0.384755
v -0.338138 -0.413819 -0.542944
v -0.668236 -0.382814 0.008865
v -0.535938 -0.325125 -0.473215
v -0.756969 -0.205214 -0.111753
v -0.543330 -0.337677 0.470627
v -0.768191 -0.208474 0.126358
v 0.463263 -0.525023 0.357594
v 0.353795 -0.496609 0.581204
v 0.440867 -0.468611 -0.326734
v 0.338172 -0.414007 -0.542888
v 0.668230 -0.382862 0.008843
v 0.535939 -0.325066 -0.473194
v 0.757013 -0.205216 -0.111776
v 0.543346 -0.337570 0.470624
v 0.768218 -0.208490 0.126375
v 0.221940 -0.121415 0.781234
v -0.221876 -0.121400 0.781281
v 0.222198 0.123115 0.780301
v -0.222216 0.123112 0.780297
v 0.424915 -0.001400 0.704141
v -0.424952 -0.001397 0.704185
v 0.219852 -0.124008 -0.777415
v -0.219853 -0.124009 -0.777415
v 0.220949 0.129593 -0.786569
v -0.220960 0.129571 -0.786539
v 0.423765 0.002195 -0.702892
v -0.423695 0.002192 -0.702792
v -0.301064 0.601749 -0.000777
v -0.359325 0.571956 0.075281
v -0.362723 0.586491 -0.076693
v -0.454376 0.548722 -0.044986
v -0.451491 0.539785 0.050158
v 0.301160 0.601909 -0.000731
v 0.359303 0.571957 0.075307
v 0.362744 0.586205 -0.076662
v 0.454434 0.548716 -0.045020
v 0.451493 0.539845 0.050184
v -0.314722 -0.653597 0.001148
v -0.372520 -0.616259 0.087866
v -0.372025 -0.631856 -0.075896
v -0.454201 -0.564741 -0.039168
v -0.467159 -0.573150 0.060043
v 0.314572 -0.653195 0.001310
v 0.372616 -0.616491 0.087776
v 0.372166 -0.631808 -0.075515
v 0.454163 -0.564695 -0.039277
v 0.467088 -0.572988 0.059990
v -0.058994 -0.537950 0.699098
v 0.058589 -0.538511 0.699500
v -0.000045 -0.351595 0.733647
v 0.087073 -0.419928 0.715636
v -0.087234 -0.419327 0.714766
v -0.051494 0.432826 0.639436
v 0.051487 0.432830 0.639463
v -0.000002 0.342881 0.738774
v 0.085185 0.384191 0.704442
v -0.085189 0.384192 0.704449
v -0.051456 -0.427517 -0.639576
v 0.051541 -0.427470 -0.639638
v 0.000014 -0.339488 -0.737170
v 0.085364 -0.376891 -0.701550
v -0.085390 -0.376872 -0.701562
v -0.055581 0.490522 -0.672272
v 0.055754 0.490757 -0.672751
v 0.000142 0.341528 -0.746141
v 0.086573 0.393707 -0.712375
v -0.086811 0.393992 -0.712267
v 0.701822 0.079982 -0.408105
v 0.700080 -0.079037 -0.407188
v 0.652845 -0.048762 -0.496872
v 0.654112 0.050928 -0.497935
v 0.736218 0.000859 -0.353901
v 0.720448 0.081304 0.409950
v 0.717601 -0.083181 0.409793
v 0.665945 -0.052563 0.499995
v 0.667512 0.050428 0.500270
v 0.759525 -0.000248 0.357638
v -0.701837 0.079984 -0.408107
v -0.700029 -0.079018 -0.407160
v -0.652861 -0.048771 -0.496879
v -0.654118 0.050925 -0.497945
v -0.736196 0.000858 -0.353874
v -0.720423 0.081281 0.409942
v -0.717592 -0.083192 0.409774
v -0.665950 -0.052577 0.499996
v -0.667510 0.050423 0.500271
v -0.759593 -0.000232 0.357649
v -0.057122 0.665193 -0.012111
v 0.057164 0.665234 -0.012126
v -0.031044 0.651347 0.045980
v -0.020609 0.682502 -0.079037
v 0.031047 0.651340 0.045991
v 0.020683 0.682507 -0.079093
v -0.275492 0.545604 0.264337
v -0.173696 0.495863 0.467119
v -0.161565 0.566716 0.265278
v -0.344192 0.499876 0.358276
v -0.112655 0.538294 0.367511
v -0.290580 0.476760 0.460498
v -0.280376 0.633219 -0.314535
v -0.189205 0.637546 -0.539904
v -0.156361 0.687387 -0.348054
v -0.379427 0.628362 -0.426491
v -0.160065 0.809893 -0.465747
v -0.297008 0.567177 -0.504479
v -0.573619 0.444031 -0.169016
v -0.662390 0.273087 -0.301080
v -0.533875 0.435267 -0.291192
v -0.653545 0.376998 -0.111245
v -0.580380 0.344583 -0.356615
v -0.696882 0.288189 -0.174956
v -0.585882 0.439639 0.179771
v -0.682184 0.287234 0.306225
v -0.554049 0.429490 0.295832
v -0.663302 0.381611 0.126192
v -0.600239 0.359288 0.361831
v -0.711848 0.297021 0.186756
v 0.275494 0.545597 0.264355
v 0.173690 0.495859 0.467107
v 0.161573 0.566717 0.265277
v 0.112653 0.538302 0.367505
v 0.344190 0.499846 0.358287
v 0.290584 0.476748 0.460497
v 0.280575 0.634525 -0.315590
v 0.190290 0.637325 -0.540440
v 0.156496 0.687678 -0.347928
v 0.159701 0.809719 -0.465693
v 0.377655 0.626910 -0.425658
v 0.296875 0.567425 -0.504923
v 0.573230 0.443795 -0.168848
v 0.662304 0.273068 -0.301066
v 0.534033 0.435238 -0.290916
v 0.653512 0.376987 -0.111200
v 0.580858 0.345006 -0.356570
v 0.696906 0.288186 -0.174937
v 0.585875 0.439674 0.179751
v 0.682151 0.287196 0.306217
v 0.554084 0.429510 0.295854
v 0.663314 0.381634 0.126186
v 0.600232 0.359257 0.361817
v 0.711858 0.297044 0.186752
v -0.087381 -0.717493 0.014720
v 0.087562 -0.717351 0.014670
v -0.027101 -0.717375 0.106109
v -0.053376 -0.713251 -0.062946
v 0.026936 -0.717393 0.106138
v 0.053466 -0.713104 -0.063018
v -0.283407 -0.626670 0.321810
v -0.235104 -0.782354 0.623950
v -0.161400 -0.665244 0.344621
v -0.353042 -0.589527 0.410309
v -0.129852 -0.739058 0.474383
v -0.323411 -0.623145 0.543340
v -0.295413 -0.632320 -0.287097
v -0.171470 -0.510051 -0.467493
v -0.179624 -0.666866 -0.295716
v -0.337022 -0.520025 -0.354013
v -0.116825 -0.584116 -0.378923
v -0.283704 -0.481440 -0.456227
v -0.572820 -0.431741 -0.164801
v -0.662042 -0.279317 -0.300118
v -0.537941 -0.416230 -0.286947
v -0.656559 -0.376396 -0.110310
v -0.585395 -0.346448 -0.359257
v -0.697599 -0.293633 -0.173892
v -0.585940 -0.455612 0.184848
v -0.681081 -0.288894 0.306093
v -0.556421 -0.453799 0.303408
v -0.663018 -0.385026 0.127396
v -0.598024 -0.364470 0.362032
v -0.711278 -0.299339 0.186928
v 0.283004 -0.627060 0.321625
v 0.235319 -0.782180 0.623313
v 0.161572 -0.665330 0.344558
v 0.130788 -0.739378 0.474289
v 0.352995 -0.589409 0.410386
v 0.323605 -0.623202 0.543277
v 0.295087 -0.633457 -0.286805
v 0.171516 -0.510266 -0.466453
v 0.178730 -0.667215 -0.295969
v 0.116485 -0.584275 -0.378692
v 0.336731 -0.520182 -0.353698
v 0.283952 -0.480873 -0.456636
v 0.572735 -0.431505 -0.164769
v 0.662067 -0.279310 -0.300142
v 0.538048 -0.416358 -0.286924
v 0.656549 -0.376423 -0.110296
v 0.585354 -0.346461 -0.359258
v 0.697612 -0.293596 -0.173932
v 0.585924 -0.455620 0.184882
v 0.681098 -0.288937 0.306069
v 0.556392 -0.453672 0.303302
v 0.663026 -0.385015 0.127387
v 0.598050 -0.364413 0.362042
v 0.711292 -0.299334 0.186931
v 0.000019 -0.119911 0.813546
v -0.000002 0.121211 0.812001
v 0.112525 -0.063336 0.807945
v -0.112536 -0.063417 0.807929
v 0.112607 0.058568 0.806837
v -0.112619 0.058605 0.806878
v 0.295955 -0.306691 0.681855
v 0.505407 -0.182424 0.618811
v 0.376370 -0.366417 0.610599
v 0.476797 -0.296019 0.567706
v 0.319326 -0.181283 0.727279
v 0.422845 -0.124549 0.694639
v -0.296171 -0.306429 0.682092
v -0.505461 -0.182478 0.618761
v -0.376282 -0.366558 0.610781
v -0.476647 -0.296189 0.567891
v -0.319038 -0.181340 0.727106
v -0.422770 -0.124595 0.694661
v 0.303397 0.301907 0.689496
v 0.505049 0.183983 0.620524
v 0.381478 0.350190 0.609507
v 0.482073 0.296284 0.574343
v 0.320751 0.187073 0.731371
v 0.421231 0.125473 0.694286
v -0.303384 0.301908 0.689498
v -0.505055 0.183990 0.620523
v -0.381498 0.350237 0.609530
v -0.482071 0.296297 0.574361
v -0.320742 0.187060 0.731344
v -0.421223 0.125471 0.694295
v -0.000001 -0.121927 -0.808267
v 0.000041 0.126870 -0.813481
v 0.112708 -0.060016 -0.808023
v -0.112713 -0.060013 -0.808027
v 0.111610 0.065427 -0.805982
v -0.111613 0.065488 -0.806063
v 0.299797 -0.297755 -0.685950
v 0.497552 -0.182581 -0.614871
v 0.377339 -0.342731 -0.608664
v 0.474631 -0.290772 -0.572214
v 0.318135 -0.187063 -0.727718
v 0.418372 -0.125087 -0.690627
v -0.299806 -0.297736 -0.685957
v -0.497546 -0.182583 -0.614870
v -0.377323 -0.342781 -0.608628
v -0.474598 -0.290773 -0.572198
v -0.318152 -0.187087 -0.727731
v -0.418372 -0.125083 -0.690626
v 0.299848 0.297761 -0.691427
v 0.497705 0.180724 -0.615445
v 0.373833 0.345191 -0.605394
v 0.474376 0.284151 -0.569577
v 0.321791 0.191611 -0.741824
v 0.417275 0.127442 -0.691831
v -0.300725 0.297788 -0.691761
v -0.497704 0.180734 -0.615446
v -0.374097 0.344737 -0.605206
v -0.474703 0.283945 -0.569507
v -0.321725 0.191583 -0.741821
v -0.417297 0.127417 -0.691841
v 0.806253 0.000216 -0.112172
v 0.817738 0.000291 0.125008
v 0.803558 0.101665 -0.052645
v 0.808250 0.103585 0.065590
v 0.800519 -0.104038 -0.052051
v 0.805242 -0.105572 0.065953
v -0.806198 0.000203 -0.112171
v -0.817661 0.000295 0.124981
v -0.803558 0.101655 -0.052642
v -0.808253 0.103590 0.065598
v -0.800518 -0.104041 -0.052048
v -0.805210 -0.105567 0.065952
v -0.249264 0.602246 0.080282
v -0.249494 0.622421 -0.093949
v -0.130502 0.630669 0.071161
v -0.124402 0.656716 -0.093317
v -0.426775 0.531105 0.148273
v -0.204583 0.589785 0.168366
v -0.389155 0.517804 0.251935
v -0.431576 0.560086 -0.152295
v -0.203752 0.646166 -0.206172
v -0.397975 0.584513 -0.282084
v -0.532617 0.502497 0.004630
v -0.488703 0.513050 -0.225995
v -0.596643 0.447131 -0.050883
v -0.494042 0.483246 0.223101
v -0.601893 0.446367 0.064377
v 0.249241 0.602340 0.080310
v 0.249396 0.622573 -0.093959
v 0.130496 0.630725 0.071169
v 0.124373 0.656927 -0.093107
v 0.426753 0.531111 0.148297
v 0.204573 0.589754 0.168366
v 0.389158 0.517816 0.251939
v 0.431161 0.559952 -0.152151
v 0.203680 0.646260 -0.206330
v 0.397741 0.585578 -0.283807
v 0.532594 0.502577 0.004674
v 0.488502 0.512666 -0.226279
v 0.596701 0.447121 -0.050828
v 0.494077 0.483282 0.223093
v 0.601937 0.446316 0.064363
v -0.259791 -0.653182 0.099520
v -0.298923 -0.752767 -0.091748
v -0.133656 -0.687961 0.104547
v -0.162209 -0.760649 -0.087583
v -0.454466 -0.586913 0.167517
v -0.209202 -0.656058 0.213437
v -0.406348 -0.585618 0.284129
v -0.423214 -0.563119 -0.143085
v -0.244098 -0.781113 -0.224306
v -0.385155 -0.551743 -0.250826
v -0.534444 -0.510891 0.011722
v -0.479896 -0.487531 -0.212073
v -0.599731 -0.444829 -0.047003
v -0.504938 -0.526394 0.238074
v -0.601996 -0.453194 0.068538
v 0.259949 -0.653991 0.099979
v 0.298866 -0.752469 -0.091628
v 0.133376 -0.688353 0.104592
v 0.162021 -0.760500 -0.087488
v 0.454436 -0.586998 0.167380
v 0.209254 -0.655824 0.213417
v 0.406240 -0.585297 0.284170
v 0.423734 -0.563027 -0.143124
v 0.242814 -0.781740 -0.223739
v 0.385354 -0.551651 -0.250380
v 0.534481 -0.510931 0.011625
v 0.479709 -0.487649 -0.212008
v 0.599721 -0.444781 -0.047012
v 0.505208 -0.526663 0.238264
v 0.601867 -0.453124 0.068538
v -0.000315 -0.634330 0.661682
v -0.178852 -0.512298 0.698120
v -0.070368 -0.711666 0.590213
v -0.288907 -0.619103 0.675345
v 0.178482 -0.512308 0.698320
v 0.070877 -0.712076 0.590262
v 0.288442 -0.619175 0.675767
v 0.099429 -0.293796 0.743082
v -0.099528 -0.294617 0.743128
v 0.109933 -0.174134 0.794168
v -0.109689 -0.173961 0.794064
v 0.282551 -0.445388 0.662096
v 0.207014 -0.238878 0.739972
v -0.282914 -0.445009 0.661964
v -0.206968 -0.239096 0.740587
v 0.000001 0.470681 0.560594
v -0.160518 0.418781 0.640350
v -0.057566 0.505964 0.468274
v -0.229141 0.449920 0.556221
v 0.160517 0.418785 0.640353
v 0.057563 0.505985 0.468304
v 0.229141 0.449902 0.556215
v 0.102058 0.297060 0.753637
v -0.102044 0.297049 0.753637
v 0.110558 0.183448 0.791586
v -0.110540 0.183443 0.791557
v 0.274328 0.392062 0.631703
v 0.212921 0.244411 0.751049
v -0.274331 0.392071 0.631706
v -0.212912 0.244417 0.751058
v 0.000051 -0.472705 -0.560532
v -0.159425 -0.411499 -0.640582
v -0.057327 -0.524984 -0.471277
v -0.226193 -0.444206 -0.556497
v 0.159468 -0.411508 -0.640561
v 0.057133 -0.525123 -0.471573
v 0.226202 -0.444348 -0.556670
v 0.101836 -0.294333 -0.750350
v -0.101829 -0.294332 -0.750346
v 0.110113 -0.183879 -0.789818
v -0.110106 -0.183879 -0.789808
v 0.269825 -0.381233 -0.629839
v 0.210977 -0.243701 -0.747545
v -0.269800 -0.381240 -0.629832
v -0.210977 -0.243707 -0.747552
v 0.000260 0.592692 -0.632109
v -0.169359 0.461441 -0.669901
v -0.070117 0.667675 -0.550460
v -0.246255 0.522947 -0.603617
v 0.168628 0.460951 -0.669046
v 0.070742 0.667516 -0.550667
v 0.246903 0.523524 -0.604335
v 0.104050 0.297522 -0.771041
v -0.104036 0.297330 -0.770481
v 0.113212 0.190413 -0.814357
v -0.113215 0.190439 -0.814329
v 0.271733 0.406211 -0.640392
v 0.221782 0.251677 -0.782388
v -0.271489 0.406320 -0.640246
v -0.221981 0.251249 -0.782661
v 0.640108 0.153560 -0.466842
v 0.740305 0.092155 -0.296947
v 0.620239 0.253499 -0.420983
v 0.725025 0.190086 -0.237337
v 0.639874 -0.155414 -0.466132
v 0.737785 -0.092831 -0.296137
v 0.618790 -0.260754 -0.419722
v 0.723976 -0.194943 -0.236256
v 0.591852 0.001354 -0.574897
v 0.563188 -0.228020 -0.523981
v 0.509911 -0.060412 -0.638136
v 0.564082 0.222659 -0.524587
v 0.509726 0.063057 -0.638698
v 0.777647 0.098176 -0.174070
v 0.774675 -0.099955 -0.173381
v 0.656816 0.157690 0.469266
v 0.765116 0.095170 0.302780
v 0.634596 0.265555 0.421125
v 0.748005 0.198519 0.245671
v 0.655847 -0.160400 0.469690
v 0.761861 -0.097037 0.303406
v 0.632820 -0.265996 0.419423
v 0.746959 -0.201682 0.246582
v 0.599957 -0.001550 0.579213
v 0.575148 -0.231365 0.525382
v 0.516354 -0.063763 0.644419
v 0.575861 0.232260 0.527885
v 0.516404 0.060989 0.644627
v 0.795298 0.101759 0.185119
v 0.792525 -0.103405 0.185962
v -0.640138 0.153552 -0.466827
v -0.740333 0.092164 -0.296967
v -0.620112 0.253550 -0.421024
v -0.724990 0.190062 -0.237324
v -0.639863 -0.155415 -0.466122
v -0.737761 -0.092825 -0.296136
v -0.618776 -0.260757 -0.419711
v -0.724035 -0.194944 -0.236303
v -0.591854 0.001351 -0.574910
v -0.563210 -0.228018 -0.524004
v -0.509910 -0.060421 -0.638145
v -0.564042 0.222678 -0.524617
v -0.509725 0.063053 -0.638699
v -0.777679 0.098165 -0.174073
v -0.774671 -0.099962 -0.173385
v -0.656785 0.157672 0.469245
v -0.765114 0.095161 0.302783
v -0.634585 0.265545 0.421120
v -0.747991 0.198505 0.245652
v -0.655845 -0.160387 0.469702
v -0.761860 -0.097029 0.303412
v -0.632802 -0.266034 0.419437
v -0.746959 -0.201694 0.246577
v -0.599984 -0.001554 0.579203
v -0.575164 -0.231388 0.525378
v -0.516351 -0.063722 0.644459
v -0.575812 0.232223 0.527857
v -0.516432 0.060998 0.644691
v -0.795322 0.101771 0.185121
v -0.792518 -0.103386 0.185933
v 0.000001 0.617687 0.150280
v -0.052569 0.579040 0.261304
v 0.000348 0.691046 -0.198055
v -0.056230 0.711035 -0.334267
v 0.052572 0.579030 0.261294
v 0.056305 0.711161 -0.334388
v -0.402921 0.449223 0.441901
v -0.506703 0.412492 0.408929
v -0.449279 0.387017 0.514554
v -0.402683 0.502805 -0.462890
v -0.490205 0.419666 -0.407777
v -0.436017 0.387104 -0.510591
v -0.719893 0.297943 -0.052138
v -0.725215 0.301417 0.067362
v -0.773589 0.204674 0.007176
v 0.402902 0.449209 0.441877
v 0.506707 0.412484 0.408923
v 0.449275 0.387004 0.514547
v 0.402927 0.502555 -0.462506
v 0.490329 0.419331 -0.407810
v 0.436288 0.386813 -0.510893
v 0.719871 0.297924 -0.052151
v 0.725220 0.301410 0.067347
v 0.773557 0.204675 0.007161
v -0.000228 -0.708383 0.211914
v -0.052329 -0.696856 0.342610
v 0.000103 -0.676575 -0.166184
v -0.059601 -0.646768 -0.282401
v 0.052948 -0.697125 0.342923
v 0.059501 -0.646861 -0.282619
v -0.407977 -0.514639 0.472447
v -0.509081 -0.440153 0.417117
v -0.445801 -0.410140 0.520420
v -0.393101 -0.442368 -0.437947
v -0.497748 -0.398714 -0.408372
v -0.441680 -0.374062 -0.514698
v -0.720531 -0.301776 -0.051721
v -0.725859 -0.304298 0.067208
v -0.772964 -0.209206 0.007648
v 0.407869 -0.514418 0.472267
v 0.509070 -0.440171 0.417142
v 0.445860 -0.410168 0.520550
v 0.393092 -0.442426 -0.437840
v 0.497761 -0.398667 -0.408399
v 0.441652 -0.374058 -0.514695
v 0.720589 -0.301797 -0.051726
v 0.725856 -0.304292 0.067208
v 0.772990 -0.209220 0.007646
v 0.223275 -0.002737 0.787287
v 0.327628 -0.063846 0.751447
v -0.223275 -0.002742 0.787253
v -0.327627 -0.063877 0.751449
v 0.326984 0.061362 0.751031
v -0.326965 0.061391 0.750992
v 0.220556 0.002567 -0.784711
v 0.325095 -0.061664 -0.747315
v -0.220560 0.002575 -0.784675
v -0.325091 -0.061658 -0.747325
v 0.323335 0.066129 -0.746098
v -0.323346 0.066172 -0.746034
v -0.352108 0.586189 0.001007
v -0.377904 0.574255 0.034808
v -0.379125 0.579374 -0.031758
v -0.419244 0.562685 -0.018408
v -0.418157 0.558967 0.023026
v 0.352250 0.586455 0.001061
v 0.377935 0.574300 0.034885
v 0.379319 0.579421 -0.031740
v 0.419315 0.562665 -0.018440
v 0.418317 0.559014 0.023085
v -0.361413 -0.628616 0.004300
v -0.387146 -0.611904 0.041658
v -0.385170 -0.616813 -0.029655
v -0.423592 -0.590137 -0.013625
v -0.427385 -0.591403 0.030171
v 0.361272 -0.627961 0.003973
v 0.387087 -0.612292 0.042061
v 0.385029 -0.616854 -0.029619
v 0.423272 -0.590634 -0.013573
v 0.427490 -0.591482 0.030100
v -0.024948 -0.490814 0.707650
v 0.024518 -0.490146 0.707192
v -0.000257 -0.408234 0.721216
v 0.038718 -0.439119 0.714972
v -0.039109 -0.438881 0.714975
v -0.022888 0.417171 0.671465
v 0.022883 0.417167 0.671460
v -0.000002 0.379695 0.715111
v 0.037386 0.395638 0.699450
v -0.037388 0.395644 0.699454
v -0.022962 -0.410646 -0.670419
v 0.022939 -0.410606 -0.670441
v 0.000011 -0.374334 -0.713738
v 0.037470 -0.388612 -0.697347
v -0.037509 -0.388587 -0.697351
v -0.024346 0.451421 -0.689782
v 0.024202 0.451651 -0.688868
v 0.000049 0.385238 -0.720345
v 0.038366 0.409528 -0.707398
v -0.038592 0.410007 -0.707762
v 0.703352 0.035843 -0.427481
v 0.702414 -0.033472 -0.426983
v 0.681108 -0.020151 -0.466298
v 0.681728 0.022921 -0.466709
v 0.718010 0.001243 -0.403842
v 0.721361 0.035641 0.429515
v 0.719653 -0.036789 0.429358
v 0.696483 -0.023133 0.469076
v 0.697372 0.021836 0.469133
v 0.736510 -0.000331 0.405594
v -0.703352 0.035865 -0.427475
v -0.702444 -0.033455 -0.426995
v -0.681105 -0.020163 -0.466280
v -0.681745 0.022935 -0.466725
v -0.718050 0.001258 -0.403853
v -0.721352 0.035639 0.429509
v -0.719649 -0.036788 0.429368
v -0.696483 -0.023146 0.469087
v -0.697375 0.021843 0.469133
v -0.736527 -0.000330 0.405583
v -0.027363 0.667481 -0.015501
v 0.027403 0.667522 -0.015519
v -0.014425 0.660253 0.013485
v -0.012266 0.675459 -0.047702
v 0.014437 0.660256 0.013483
v 0.012355 0.675502 -0.047695
v -0.252490 0.535138 0.315355
v -0.201883 0.510148 0.417713
v -0.195018 0.545557 0.316786
v -0.286148 0.512325 0.363605
v -0.170021 0.531786 0.367610
v -0.260463 0.500674 0.415319
v -0.253964 0.645639 -0.377828
v -0.207730 0.658480 -0.494191
v -0.197271 0.686788 -0.396059
v -0.295660 0.626708 -0.424010
v -0.215014 0.788827 -0.475153
v -0.265038 0.615223 -0.473970
v -0.596698 0.404281 -0.201491
v -0.643091 0.318706 -0.267992
v -0.577656 0.397983 -0.262655
v -0.637445 0.369832 -0.172631
v -0.600637 0.354130 -0.295852
v -0.660616 0.326576 -0.205148
v -0.614612 0.408890 0.213063
v -0.663294 0.333749 0.276367
v -0.599829 0.404939 0.272112
v -0.653373 0.377660 0.185596
v -0.623760 0.369409 0.304478
v -0.678037 0.338033 0.216572
v 0.252495 0.535129 0.315353
v 0.201855 0.510160 0.417645
v 0.195018 0.545550 0.316774
v 0.170019 0.531789 0.367591
v 0.286176 0.512316 0.363638
v 0.260463 0.500654 0.415307
v 0.254518 0.645549 -0.377746
v 0.207929 0.658045 -0.494039
v 0.197446 0.686682 -0.395659
v 0.214874 0.789177 -0.475046
v 0.295347 0.626253 -0.424098
v 0.265654 0.615453 -0.474075
v 0.596711 0.404167 -0.201409
v 0.642912 0.318494 -0.267957
v 0.577410 0.397931 -0.262837
v 0.637574 0.369675 -0.172573
v 0.600851 0.354378 -0.295972
v 0.660502 0.326609 -0.205151
v 0.614573 0.408828 0.213050
v 0.663289 0.333752 0.276365
v 0.599833 0.404934 0.272131
v 0.653362 0.377624 0.185589
v 0.623762 0.369407 0.304479
v 0.678052 0.338039 0.216587
v -0.040511 -0.720840 0.023639
v 0.040441 -0.720717 0.023449
v -0.015545 -0.722183 0.066415
v -0.022730 -0.720006 -0.008611
v 0.015440 -0.722208 0.066398
v 0.022857 -0.720112 -0.008568
v -0.259657 -0.636658 0.395625
v -0.267146 -0.772768 0.534036
v -0.204051 -0.674679 0.408684
v -0.297675 -0.626401 0.441309
v -0.202687 -0.760250 0.467466
v -0.296716 -0.671049 0.507796
v -0.260962 -0.595761 -0.326603
v -0.200721 -0.535993 -0.419297
v -0.205734 -0.614390 -0.333618
v -0.284471 -0.543202 -0.364119
v -0.174319 -0.576889 -0.376473
v -0.256216 -0.519554 -0.412680
v -0.599667 -0.396869 -0.199351
v -0.645010 -0.322687 -0.267938
v -0.581888 -0.389286 -0.261439
v -0.641180 -0.368757 -0.171493
v -0.605444 -0.353670 -0.296949
v -0.662783 -0.330028 -0.204572
v -0.613580 -0.419364 0.215955
v -0.661140 -0.335253 0.276421
v -0.598598 -0.416757 0.275250
v -0.652390 -0.382456 0.186915
v -0.622094 -0.374367 0.305429
v -0.676292 -0.340035 0.216938
v 0.259738 -0.636365 0.395528
v 0.266965 -0.772665 0.533574
v 0.204306 -0.674730 0.408771
v 0.202996 -0.760462 0.467705
v 0.297772 -0.626095 0.440870
v 0.296524 -0.671285 0.507966
v 0.260634 -0.596117 -0.326991
v 0.200552 -0.535375 -0.418660
v 0.205169 -0.614058 -0.333766
v 0.173719 -0.576782 -0.376272
v 0.284124 -0.543230 -0.363682
v 0.256639 -0.519565 -0.413473
v 0.599640 -0.396931 -0.199334
v 0.645022 -0.322688 -0.267950
v 0.581905 -0.389316 -0.261458
v 0.641181 -0.368725 -0.171471
v 0.605427 -0.353685 -0.296963
v 0.662810 -0.330032 -0.204578
v 0.613561 -0.419291 0.215919
v 0.661131 -0.335288 0.276406
v 0.598589 -0.416708 0.275220
v 0.652368 -0.382466 0.186900
v 0.622093 -0.374364 0.305377
v 0.676242 -0.340030 0.216947
v 0.000004 -0.064094 0.818040
v -0.000022 0.058062 0.816870
v 0.056359 -0.033910 0.814846
v -0.056366 -0.033955 0.814827
v 0.056389 0.027111 0.814280
v -0.056410 0.027104 0.814279
v 0.349084 -0.274708 0.668085
v 0.455104 -0.212033 0.637740
v 0.388563 -0.304308 0.630035
v 0.440226 -0.270904 0.611920
v 0.362507 -0.212232 0.692310
v 0.416330 -0.183036 0.678868
v -0.348943 -0.274291 0.668117
v -0.455040 -0.212199 0.637684
v -0.388451 -0.303819 0.630278
v -0.440240 -0.270719 0.612218
v -0.362290 -0.212419 0.692226
v -0.416295 -0.183212 0.678837
v 0.356681 0.275739 0.678403
v 0.457189 0.215968 0.643082
v 0.395672 0.301012 0.637494
v 0.446112 0.272530 0.620171
v 0.366018 0.218102 0.699840
v 0.416083 0.187406 0.681359
v -0.356669 0.275733 0.678400
v -0.457189 0.215961 0.643075
v -0.395655 0.301007 0.637485
v -0.446110 0.272541 0.620199
v -0.365985 0.218083 0.699767
v -0.416099 0.187412 0.681374
v 0.000005 -0.059627 -0.813425
v -0.000029 0.065454 -0.813399
v 0.056443 -0.028329 -0.813032
v -0.056497 -0.028333 -0.813059
v 0.056046 0.033925 -0.810854
v -0.055838 0.033932 -0.810880
v 0.352301 -0.272204 -0.673479
v 0.451484 -0.214805 -0.638212
v 0.391264 -0.296941 -0.634509
v 0.440790 -0.270330 -0.617223
v 0.362289 -0.216824 -0.694990
v 0.412075 -0.186822 -0.676950
v -0.352310 -0.272191 -0.673490
v -0.451467 -0.214776 -0.638192
v -0.391267 -0.296942 -0.634509
v -0.440791 -0.270317 -0.617230
v -0.362292 -0.216833 -0.694998
v -0.412068 -0.186803 -0.676941
v 0.352879 0.269472 -0.676723
v 0.453238 0.212267 -0.640530
v 0.391806 0.292948 -0.634250
v 0.443535 0.264271 -0.618019
v 0.364810 0.216819 -0.702365
v 0.412541 0.186454 -0.679726
v -0.352783 0.269365 -0.676606
v -0.453137 0.212336 -0.640540
v -0.391891 0.292934 -0.634166
v -0.443436 0.264383 -0.618170
v -0.364670 0.216953 -0.702446
v -0.412478 0.186468 -0.679742
v 0.817717 0.000126 -0.052423
v 0.821504 0.000117 0.065230
v 0.818579 0.051271 -0.023203
v 0.819067 0.051867 0.035687
v 0.816457 -0.052047 -0.022848
v 0.816709 -0.052517 0.035975
v -0.817726 0.000117 -0.052419
v -0.821506 0.000109 0.065232
v -0.818601 0.051262 -0.023202
v -0.819072 0.051860 0.035689
v -0.816462 -0.052054 -0.022851
v -0.816710 -0.052530 0.035976
v -0.243613 0.617805 -0.002793
v -0.116080 0.650334 -0.008180
v -0.215368 0.618440 0.037086
v -0.214581 0.628922 -0.048492
v -0.153411 0.633763 0.032865
v -0.150446 0.645920 -0.048578
v -0.339492 0.568256 0.119581
v -0.297805 0.555303 0.214895
v -0.283742 0.583146 0.123264
v -0.373822 0.547040 0.159346
v -0.261995 0.577170 0.169260
v -0.354472 0.540977 0.209419
v -0.342945 0.595222 -0.129358
v -0.301537 0.618849 -0.250399
v -0.285387 0.614886 -0.140654
v -0.378581 0.583840 -0.172182
v -0.263322 0.626223 -0.199036
v -0.359407 0.595505 -0.234926
v -0.490927 0.532270 -0.074105
v -0.549196 0.479545 -0.136722
v -0.480613 0.536851 -0.129701
v -0.530349 0.505990 -0.049561
v -0.509170 0.511657 -0.163795
v -0.559221 0.477904 -0.078915
v -0.486672 0.518020 0.080525
v -0.554704 0.467704 0.146089
v -0.475063 0.512883 0.132332
v -0.529373 0.498547 0.058715
v -0.509026 0.488526 0.167429
v -0.563600 0.471909 0.089798
v 0.243585 0.617905 -0.002814
v 0.116045 0.650346 -0.008182
v 0.215378 0.618395 0.037005
v 0.214587 0.628863 -0.048470
v 0.153502 0.633750 0.032857
v 0.150367 0.646102 -0.048557
v 0.339681 0.568580 0.119789
v 0.297820 0.555302 0.214908
v 0.283748 0.582981 0.123177
v 0.373809 0.547018 0.159327
v 0.261952 0.577206 0.169243
v 0.354454 0.540953 0.209420
v 0.343070 0.595753 -0.129080
v 0.301936 0.619643 -0.250802
v 0.285435 0.615198 -0.140297
v 0.378530 0.584517 -0.172116
v 0.263966 0.627247 -0.198981
v 0.359654 0.596265 -0.235534
v 0.491059 0.532029 -0.074088
v 0.549051 0.479353 -0.136685
v 0.480726 0.536655 -0.129393
v 0.530324 0.505948 -0.049549
v 0.509050 0.511565 -0.163590
v 0.559200 0.477847 -0.078874
v 0.486698 0.518001 0.080561
v 0.554696 0.467737 0.146057
v 0.475034 0.512858 0.132353
v 0.529367 0.498475 0.058753
v 0.508976 0.488527 0.167414
v 0.563624 0.471860 0.089796
v -0.262758 -0.682362 0.002603
v -0.140614 -0.710668 0.007154
v -0.227605 -0.673316 0.050149
v -0.246265 -0.726428 -0.041883
v -0.164162 -0.689242 0.052549
v -0.184663 -0.736922 -0.039213
v -0.354335 -0.618895 0.139442
v -0.308180 -0.623144 0.256554
v -0.295077 -0.636639 0.147979
v -0.394044 -0.604683 0.183120
v -0.270655 -0.638792 0.205566
v -0.371351 -0.605518 0.241557
v -0.360398 -0.648537 -0.127985
v -0.330735 -0.659558 -0.243813
v -0.327151 -0.713244 -0.145018
v -0.382649 -0.605348 -0.163621
v -0.322432 -0.736207 -0.214275
v -0.365336 -0.604525 -0.218242
v -0.484473 -0.533963 -0.068199
v -0.543434 -0.465729 -0.131059
v -0.468639 -0.529898 -0.121960
v -0.528123 -0.505837 -0.042922
v -0.497806 -0.493860 -0.154966
v -0.559643 -0.472564 -0.073316
v -0.498306 -0.548749 0.090987
v -0.558676 -0.490114 0.153968
v -0.493482 -0.555820 0.146898
v -0.533284 -0.515611 0.066631
v -0.519885 -0.524883 0.179823
v -0.566526 -0.487445 0.096645
v 0.262858 -0.682146 0.002211
v 0.140863 -0.710264 0.007146
v 0.227739 -0.672752 0.050105
v 0.246457 -0.726273 -0.041282
v 0.163831 -0.689194 0.052446
v 0.184293 -0.736583 -0.039500
v 0.353983 -0.619403 0.139795
v 0.308410 -0.623302 0.256136
v 0.295070 -0.637021 0.148185
v 0.394113 -0.604154 0.182882
v 0.271102 -0.638833 0.206648
v 0.370990 -0.605510 0.241289
v 0.360247 -0.648922 -0.127728
v 0.331047 -0.660479 -0.243543
v 0.327377 -0.713417 -0.144401
v 0.382436 -0.605381 -0.163327
v 0.322288 -0.736851 -0.213194
v 0.365187 -0.604456 -0.217884
v 0.484460 -0.534058 -0.067745
v 0.543681 -0.466285 -0.131219
v 0.468631 -0.529558 -0.122196
v 0.528110 -0.505817 -0.043112
v 0.497649 -0.494242 -0.154858
v 0.559537 -0.472356 -0.073220
v 0.498559 -0.548562 0.091082
v 0.558645 -0.490114 0.153968
v 0.493488 -0.555826 0.146711
v 0.533424 -0.515738 0.066588
v 0.519916 -0.524979 0.179902
v 0.566487 -0.487526 0.096593
v -0.099925 -0.595159 0.693255
v -0.195319 -0.749434 0.679269
v -0.071514 -0.644807 0.670402
v -0.167635 -0.591246 0.699193
v -0.110230 -0.705959 0.650348
v -0.224640 -0.661860 0.698351
v 0.099511 -0.595580 0.693787
v 0.193754 -0.750597 0.678943
v 0.071375 -0.645439 0.670711
v 0.167450 -0.591901 0.700380
v 0.109727 -0.706035 0.649935
v 0.223477 -0.662050 0.698400
v 0.000145 -0.291629 0.751362
v 0.000111 -0.173372 0.805773
v 0.051032 -0.261615 0.760510
v -0.050999 -0.261899 0.760044
v 0.053867 -0.201526 0.787022
v -0.053572 -0.201406 0.787018
v 0.139105 -0.396143 0.712185
v 0.243672 -0.337997 0.694011
v 0.185454 -0.438262 0.698514
v 0.145467 -0.330310 0.724329
v 0.237225 -0.407806 0.685461
v 0.198378 -0.301613 0.718833
v -0.138906 -0.395826 0.711635
v -0.243608 -0.338086 0.694218
v -0.185299 -0.438289 0.698395
v -0.145911 -0.330333 0.724235
v -0.237584 -0.407528 0.685569
v -0.198630 -0.302149 0.719263
v -0.082252 0.449206 0.602112
v -0.144088 0.480924 0.514958
v -0.056480 0.469391 0.560676
v -0.138668 0.443745 0.602427
v -0.086244 0.486237 0.515967
v -0.171431 0.459317 0.559936
v 0.082244 0.449234 0.602106
v 0.144085 0.480929 0.514958
v 0.056482 0.469423 0.560697
v 0.138670 0.443754 0.602429
v 0.086232 0.486240 0.515953
v 0.171441 0.459338 0.559955
v 0.000006 0.294723 0.760856
v -0.000000 0.183131 0.800957
v 0.052328 0.269062 0.770023
v -0.052313 0.269061 0.770025
v 0.054572 0.212965 0.790360
v -0.054560 0.212970 0.790361
v 0.137725 0.367290 0.705068
v 0.248402 0.325419 0.697156
v 0.178340 0.387000 0.673030
v 0.148654 0.323047 0.730823
v 0.234903 0.370847 0.669308
v 0.204024 0.298937 0.728147
v -0.137726 0.367297 0.705065
v -0.248391 0.325403 0.697148
v -0.178338 0.386999 0.673025
v -0.148649 0.323055 0.730826
v -0.234895 0.370859 0.669308
v -0.204024 0.298959 0.728189
v -0.081617 -0.445627 -0.602397
v -0.142093 -0.487166 -0.514604
v -0.055867 -0.470767 -0.560555
v -0.137026 -0.438246 -0.601411
v -0.085247 -0.494386 -0.515819
v -0.168630 -0.456376 -0.557912
v 0.081763 -0.445719 -0.602476
v 0.142372 -0.486699 -0.514521
v 0.055739 -0.471070 -0.559984
v 0.137011 -0.438173 -0.601485
v 0.085192 -0.494410 -0.516244
v 0.168534 -0.456609 -0.558185
v -0.000002 -0.293719 -0.759627
v -0.000002 -0.182972 -0.797072
v 0.052188 -0.267496 -0.766993
v -0.052187 -0.267489 -0.766990
v 0.054388 -0.212406 -0.786717
v -0.054389 -0.212413 -0.786731
v 0.138040 -0.362388 -0.703587
v 0.246629 -0.322486 -0.696144
v 0.178030 -0.381761 -0.673978
v 0.148496 -0.319833 -0.728316
v 0.232636 -0.364166 -0.668818
v 0.203116 -0.297495 -0.726179
v -0.138060 -0.362366 -0.703589
v -0.246648 -0.322464 -0.696160
v -0.178041 -0.381775 -0.673966
v -0.148488 -0.319821 -0.728310
v -0.232648 -0.364180 -0.668789
v -0.203114 -0.297483 -0.726188
v -0.091980 0.534514 -0.654440
v -0.165920 0.612679 -0.594289
v -0.066474 0.590675 -0.633721
v -0.154296 0.521201 -0.654306
v -0.104120 0.631988 -0.600939
v -0.193528 0.557464 -0.625230
v 0.092771 0.534996 -0.654792
v 0.166511 0.612876 -0.594920
v 0.067006 0.590790 -0.633685
v 0.155100 0.522046 -0.655145
v 0.103836 0.632037 -0.600580
v 0.194012 0.558116 -0.626316
v -0.000071 0.293901 -0.776952
v -0.000005 0.187325 -0.815741
v 0.053796 0.269328 -0.791197
v -0.053910 0.269765 -0.791280
v 0.056675 0.217882 -0.816715
v -0.056684 0.217735 -0.816769
v 0.138905 0.374180 -0.714051
v 0.246398 0.325734 -0.703648
v 0.180285 0.404835 -0.686859
v 0.150264 0.324123 -0.743424
v 0.233566 0.379280 -0.677061
v 0.206396 0.300613 -0.742583
v -0.138675 0.374797 -0.714019
v -0.246729 0.326003 -0.703927
v -0.180744 0.404716 -0.686826
v -0.149805 0.324786 -0.742748
v -0.233294 0.379199 -0.676929
v -0.205796 0.301070 -0.742646
v 0.696644 0.128113 -0.385076
v 0.677057 0.226160 -0.331639
v 0.665198 0.166978 -0.415005
v 0.716334 0.135510 -0.327995
v 0.655782 0.216905 -0.390789
v 0.707058 0.184403 -0.299329
v 0.695423 -0.129439 -0.384403
v 0.676342 -0.232039 -0.330559
v 0.664830 -0.170061 -0.414326
v 0.714658 -0.137764 -0.327209
v 0.655218 -0.222630 -0.389800
v 0.706187 -0.188908 -0.298483
v 0.619367 -0.080869 -0.528372
v 0.541264 -0.149121 -0.588467
v 0.611912 -0.136792 -0.514003
v 0.588784 -0.056564 -0.570363
v 0.574020 -0.172895 -0.544295
v 0.548019 -0.089082 -0.600527
v 0.620373 0.082280 -0.529540
v 0.541024 0.148371 -0.588702
v 0.612040 0.135867 -0.514517
v 0.589241 0.058699 -0.571074
v 0.574039 0.170577 -0.544678
v 0.547993 0.090647 -0.601135
v 0.754278 0.000658 -0.296450
v 0.791929 0.000493 -0.173401
v 0.760253 0.047331 -0.266437
v 0.758438 -0.046805 -0.265957
v 0.779357 0.048774 -0.204763
v 0.777439 -0.048573 -0.204367
v 0.716051 0.131466 0.387024
v 0.698204 0.237198 0.335133
v 0.684204 0.172538 0.417136
v 0.739802 0.140366 0.332206
v 0.673945 0.226070 0.392043
v 0.730261 0.192448 0.304647
v 0.714012 -0.134120 0.387546
v 0.696752 -0.239213 0.335173
v 0.683089 -0.175384 0.417580
v 0.737668 -0.143156 0.333091
v 0.672479 -0.227846 0.391583
v 0.729406 -0.195647 0.305547
v 0.630976 -0.084975 0.532364
v 0.550658 -0.151230 0.593447
v 0.625540 -0.141282 0.518411
v 0.597083 -0.060136 0.574462
v 0.585838 -0.175862 0.548006
v 0.556195 -0.092359 0.606351
v 0.632421 0.082237 0.532515
v 0.549800 0.149930 0.592959
v 0.626012 0.138644 0.517832
v 0.598132 0.057107 0.574899
v 0.585877 0.174707 0.548369
v 0.556449 0.089750 0.606518
v 0.779509 -0.000147 0.302832
v 0.808924 0.000259 0.185308
v 0.786309 0.048585 0.274000
v 0.784066 -0.049271 0.274588
v 0.801358 0.050550 0.215096
v 0.799210 -0.050806 0.215679
v -0.696665 0.128106 -0.385079
v -0.677030 0.226169 -0.331643
v -0.665246 0.166949 -0.414993
v -0.716332 0.135505 -0.327996
v -0.655777 0.216901 -0.390792
v -0.707126 0.184375 -0.299347
v -0.695408 -0.129426 -0.384413
v -0.676324 -0.232027 -0.330544
v -0.664811 -0.170040 -0.414315
v -0.714657 -0.137757 -0.327197
v -0.655209 -0.222615 -0.389800
v -0.706204 -0.188910 -0.298491
v -0.619383 -0.080877 -0.528387
v -0.541269 -0.149120 -0.588475
v -0.611905 -0.136795 -0.514010
v -0.588763 -0.056558 -0.570341
v -0.574054 -0.172899 -0.544329
v -0.548038 -0.089087 -0.600553
v -0.620388 0.082258 -0.529538
v -0.541038 0.148353 -0.588702
v -0.612053 0.135850 -0.514492
v -0.589245 0.058687 -0.571076
v -0.574039 0.170596 -0.544678
v -0.548006 0.090637 -0.601143
v -0.754261 0.000659 -0.296456
v -0.791967 0.000497 -0.173398
v -0.760213 0.047323 -0.266433
v -0.758447 -0.046791 -0.265943
v -0.779330 0.048748 -0.204754
v -0.777361 -0.048598 -0.204384
v -0.716054 0.131451 0.387032
v -0.698190 0.237185 0.335133
v -0.684181 0.172514 0.417132
v -0.739802 0.140356 0.332211
v -0.673954 0.226070 0.392054
v -0.730271 0.192450 0.304652
v -0.714008 -0.134127 0.387512
v -0.696751 -0.239192 0.335154
v -0.683107 -0.175365 0.417578
v -0.737661 -0.143162 0.333093
v -0.672500 -0.227847 0.391666
v -0.729392 -0.195651 0.305514
v -0.630993 -0.084966 0.532384
v -0.550642 -0.151240 0.593440
v -0.625515 -0.141263 0.518428
v -0.597105 -0.060118 0.574472
v -0.585807 -0.175873 0.548031
v -0.556167 -0.092337 0.606388
v -0.632419 0.082230 0.532521
v -0.549805 0.149933 0.592969
v -0.626007 0.138635 0.517832
v -0.598126 0.057104 0.574903
v -0.585866 0.174710 0.548376
v -0.556435 0.089743 0.606508
v -0.779424 -0.000165 0.302814
v -0.808995 0.000238 0.185348
v -0.786309 0.048579 0.273996
v -0.784067 -0.049257 0.274569
v -0.801382 0.050551 0.215092
v -0.799199 -0.050800 0.215671
v -0.061817 0.631328 0.102465
v -0.128212 0.588059 0.212735
v -0.112798 0.621608 0.112636
v -0.148351 0.601007 0.164614
v -0.045890 0.615244 0.153205
v -0.075339 0.594998 0.209070
v -0.053460 0.678688 -0.138649
v -0.123538 0.677874 -0.275360
v -0.105866 0.666623 -0.146180
v -0.144792 0.663099 -0.209248
v -0.041984 0.687003 -0.201370
v -0.073260 0.691122 -0.271667
v 0.061791 0.631338 0.102437
v 0.128220 0.588089 0.212756
v 0.112791 0.621642 0.112630
v 0.148331 0.601068 0.164624
v 0.045885 0.615269 0.153200
v 0.075349 0.594963 0.209111
v 0.053386 0.678763 -0.138469
v 0.123796 0.677988 -0.275207
v 0.105978 0.666623 -0.146380
v 0.144533 0.663010 -0.208905
v 0.042334 0.687190 -0.201509
v 0.073475 0.691731 -0.271679
v -0.399599 0.485066 0.347849
v -0.505576 0.450920 0.316948
v -0.422812 0.494069 0.294015
v -0.475972 0.477143 0.279190
v -0.429133 0.459522 0.388538
v -0.481564 0.442030 0.372366
v -0.056097 0.542456 0.367163
v 0.056107 0.542446 0.367155
v -0.028523 0.524813 0.418122
v 0.028520 0.524797 0.418117
v -0.027248 0.561477 0.314234
v 0.027261 0.561478 0.314222
v -0.318532 0.451986 0.503031
v -0.363932 0.390847 0.577391
v -0.286715 0.438341 0.550524
v -0.309856 0.409354 0.588707
v -0.374459 0.437676 0.493300
v -0.396966 0.406613 0.529626
v -0.440386 0.608791 -0.408779
v -0.491417 0.476861 -0.321288
v -0.433808 0.567335 -0.325360
v -0.470674 0.518590 -0.290478
v -0.434060 0.524258 -0.415278
v -0.470111 0.472485 -0.380830
v -0.074966 0.722397 -0.443758
v 0.075058 0.722564 -0.443710
v -0.036258 0.695465 -0.497492
v 0.036576 0.695336 -0.497553
v -0.033151 0.720327 -0.390098
v 0.033135 0.719995 -0.390064
v -0.320542 0.512194 -0.530369
v -0.356691 0.399138 -0.578753
v -0.292278 0.488709 -0.577326
v -0.306974 0.431175 -0.598965
v -0.369983 0.478704 -0.508659
v -0.387827 0.421555 -0.532731
v -0.662318 0.379960 -0.051381
v -0.668256 0.383314 0.067182
v -0.632923 0.415501 -0.021766
v -0.636249 0.416592 0.036984
v -0.695453 0.342541 -0.021773
v -0.698145 0.344374 0.037825
v -0.559825 0.333632 -0.415045
v -0.503434 0.302774 -0.519599
v -0.580218 0.287019 -0.447882
v -0.551259 0.271613 -0.499437
v -0.511757 0.368553 -0.437549
v -0.483971 0.352426 -0.489217
v -0.729415 0.246000 -0.143897
v -0.782452 0.151372 -0.082634
v -0.743046 0.195584 -0.174826
v -0.770119 0.148869 -0.143496
v -0.741103 0.250183 -0.082580
v -0.767747 0.202647 -0.052538
v -0.574510 0.348306 0.418778
v -0.516123 0.318293 0.526257
v -0.591645 0.301809 0.448509
v -0.562524 0.286198 0.502596
v -0.528401 0.377869 0.443098
v -0.499665 0.364544 0.496746
v -0.742360 0.252507 0.156503
v -0.791615 0.154949 0.095716
v -0.760609 0.202465 0.185955
v -0.783990 0.153440 0.155503
v -0.749981 0.255155 0.096805
v -0.773050 0.205423 0.066531
v 0.399581 0.485061 0.347828
v 0.505576 0.450912 0.316949
v 0.422851 0.494083 0.294034
v 0.475958 0.477154 0.279175
v 0.429110 0.459521 0.388507
v 0.481586 0.442047 0.372375
v 0.318528 0.451955 0.503028
v 0.363953 0.390894 0.577415
v 0.286715 0.438317 0.550518
v 0.309864 0.409388 0.588712
v 0.374449 0.437688 0.493292
v 0.396958 0.406619 0.529613
v 0.439896 0.608025 -0.409626
v 0.491818 0.477077 -0.321447
v 0.433012 0.567808 -0.326703
v 0.470557 0.518976 -0.291426
v 0.433340 0.524358 -0.415042
v 0.470138 0.472594 -0.380738
v 0.320465 0.512814 -0.531183
v 0.356662 0.399061 -0.578668
v 0.292011 0.488980 -0.577580
v 0.307007 0.431249 -0.599122
v 0.370370 0.478580 -0.508630
v 0.388161 0.421051 -0.532204
v 0.662306 0.379930 -0.051415
v 0.668249 0.383288 0.067187
v 0.632921 0.415538 -0.021788
v 0.636278 0.416582 0.036963
v 0.695443 0.342522 -0.021795
v 0.698135 0.344339 0.037830
v 0.559932 0.333482 -0.415450
v 0.503265 0.302798 -0.519299
v 0.580222 0.286997 -0.447882
v 0.551155 0.271653 -0.499501
v 0.511342 0.368551 -0.437384
v 0.484164 0.352291 -0.489205
v 0.729422 0.246025 -0.143906
v 0.782443 0.151379 -0.082637
v 0.743087 0.195625 -0.174836
v 0.770103 0.148868 -0.143501
v 0.741067 0.250166 -0.082578
v 0.767762 0.202650 -0.052534
v 0.574546 0.348350 0.418797
v 0.516131 0.318306 0.526278
v 0.591630 0.301798 0.448496
v 0.562516 0.286164 0.502573
v 0.528420 0.377895 0.443106
v 0.499656 0.364508 0.496737
v 0.742373 0.252512 0.156505
v 0.791622 0.154951 0.095719
v 0.760623 0.202473 0.185951
v 0.783992 0.153442 0.155506
v 0.749999 0.255175 0.096803
v 0.773035 0.205427 0.066529
v -0.048170 -0.706367 0.153129
v -0.126015 -0.675396 0.279370
v -0.108681 -0.688721 0.158399
v -0.147862 -0.672681 0.216638
v -0.041331 -0.701877 0.214727
v -0.072199 -0.690255 0.278643
v -0.085751 -0.716246 -0.122559
v -0.147996 -0.707956 -0.249040
v -0.134555 -0.764646 -0.139895
v -0.167838 -0.778021 -0.214304
v -0.061799 -0.686379 -0.171522
v -0.090592 -0.679051 -0.233646
v 0.047993 -0.706785 0.152564
v 0.126053 -0.675190 0.279077
v 0.108847 -0.688824 0.158449
v 0.148275 -0.672990 0.217259
v 0.040668 -0.701430 0.215119
v 0.072376 -0.690471 0.278981
v 0.085510 -0.715892 -0.122599
v 0.147263 -0.707116 -0.248601
v 0.134411 -0.763408 -0.139547
v 0.166748 -0.777301 -0.213788
v 0.061645 -0.686310 -0.171627
v 0.089835 -0.679203 -0.233469
v -0.408574 -0.556043 0.382865
v -0.511373 -0.489957 0.330636
v -0.437192 -0.559211 0.323204
v -0.486261 -0.526944 0.297961
v -0.434785 -0.518808 0.414954
v -0.486035 -0.483840 0.387799
v -0.063331 -0.716620 0.469446
v 0.064187 -0.717096 0.469502
v -0.034465 -0.701318 0.523695
v 0.035405 -0.701067 0.523775
v -0.029152 -0.705567 0.405510
v 0.029115 -0.705951 0.405879
v -0.340833 -0.561893 0.565503
v -0.365508 -0.430666 0.595281
v -0.316977 -0.551524 0.622149
v -0.322441 -0.476081 0.627975
v -0.381516 -0.507996 0.528644
v -0.398088 -0.450003 0.548436
v -0.388914 -0.494580 -0.341299
v -0.491272 -0.442365 -0.309080
v -0.411876 -0.508075 -0.287169
v -0.461211 -0.479326 -0.269606
v -0.418234 -0.456232 -0.382977
v -0.471552 -0.432422 -0.368942
v -0.058842 -0.588758 -0.381256
v 0.058579 -0.588306 -0.380766
v -0.029186 -0.557760 -0.427298
v 0.028998 -0.557503 -0.427323
v -0.029611 -0.618492 -0.332326
v 0.029533 -0.618459 -0.332467
v -0.311583 -0.446353 -0.500524
v -0.359865 -0.380871 -0.578503
v -0.282642 -0.430081 -0.551137
v -0.305287 -0.398099 -0.588237
v -0.366740 -0.427999 -0.491708
v -0.391176 -0.395208 -0.530783
v -0.664416 -0.380041 -0.050460
v -0.668554 -0.385191 0.068128
v -0.634893 -0.415137 -0.019559
v -0.636365 -0.418559 0.039127
v -0.696504 -0.344452 -0.021599
v -0.698492 -0.345873 0.037895
v -0.562891 -0.338145 -0.418997
v -0.505961 -0.308442 -0.523738
v -0.579208 -0.295657 -0.448183
v -0.550541 -0.279073 -0.500026
v -0.518640 -0.364334 -0.442920
v -0.489919 -0.350744 -0.495327
v -0.729293 -0.252006 -0.142598
v -0.780228 -0.155277 -0.081744
v -0.742016 -0.200849 -0.173662
v -0.767728 -0.152631 -0.142543
v -0.740944 -0.255298 -0.081614
v -0.767192 -0.207577 -0.051603
v -0.571999 -0.352734 0.417348
v -0.511508 -0.318771 0.521068
v -0.588825 -0.301761 0.445356
v -0.560215 -0.285175 0.498361
v -0.525902 -0.389310 0.443587
v -0.495927 -0.373891 0.495633
v -0.741743 -0.255390 0.156692
v -0.789539 -0.158213 0.096041
v -0.759623 -0.205706 0.186608
v -0.782104 -0.156273 0.156176
v -0.749909 -0.258555 0.096693
v -0.772610 -0.209505 0.066715
v 0.408617 -0.555903 0.382897
v 0.511419 -0.489886 0.330440
v 0.437086 -0.558872 0.323080
v 0.486261 -0.526703 0.297828
v 0.434989 -0.518978 0.415146
v 0.485851 -0.483718 0.387921
v 0.340668 -0.562085 0.565718
v 0.365074 -0.430793 0.595046
v 0.317302 -0.552245 0.622194
v 0.322125 -0.476259 0.627730
v 0.381735 -0.508090 0.528483
v 0.398031 -0.450303 0.548235
v 0.388915 -0.494364 -0.341327
v 0.491200 -0.442690 -0.309156
v 0.411706 -0.508010 -0.287033
v 0.461632 -0.478927 -0.269779
v 0.418363 -0.456196 -0.382996
v 0.471640 -0.432432 -0.369088
v 0.311654 -0.446058 -0.500619
v 0.359856 -0.380938 -0.578462
v 0.282631 -0.430141 -0.551064
v 0.305283 -0.398265 -0.588166
v 0.366865 -0.427960 -0.491640
v 0.391185 -0.395325 -0.530775
v 0.664341 -0.380053 -0.050486
v 0.668528 -0.385210 0.068130
v 0.634866 -0.415140 -0.019586
v 0.636354 -0.418546 0.039115
v 0.696508 -0.344483 -0.021568
v 0.698425 -0.345848 0.037910
v 0.562873 -0.338106 -0.418954
v 0.505998 -0.308445 -0.523760
v 0.579221 -0.295616 -0.448198
v 0.550549 -0.279046 -0.500028
v 0.518627 -0.364349 -0.442938
v 0.489898 -0.350739 -0.495319
v 0.729307 -0.252005 -0.142609
v 0.780234 -0.155277 -0.081740
v 0.742014 -0.200858 -0.173643
v 0.767753 -0.152635 -0.142510
v 0.741018 -0.255345 -0.081620
v 0.767207 -0.207577 -0.051593
v 0.572036 -0.352671 0.417422
v 0.511259 -0.318533 0.521149
v 0.588791 -0.301690 0.445347
v 0.560258 -0.285138 0.498449
v 0.525999 -0.389237 0.443558
v 0.495874 -0.373969 0.495646
v 0.741753 -0.255390 0.156694
v 0.789542 -0.158221 0.096056
v 0.759585 -0.205681 0.186592
v 0.782087 -0.156267 0.156187
v 0.749912 -0.258558 0.096702
v 0.772590 -0.209504 0.066724
v 0.167901 -0.092251 0.796647
v 0.273005 -0.150868 0.758770
v 0.165878 -0.148185 0.788586
v 0.216406 -0.178046 0.764989
v 0.223226 -0.063583 0.786615
v 0.276240 -0.093541 0.769478
v -0.167893 -0.092307 0.796664
v -0.272797 -0.150805 0.758754
v -0.165702 -0.148128 0.788636
v -0.216171 -0.177987 0.764868
v -0.223254 -0.063636 0.786610
v -0.276229 -0.093594 0.769484
v 0.168072 0.090604 0.795309
v 0.273503 0.155506 0.759818
v 0.166618 0.153377 0.787635
v 0.219142 0.185377 0.769238
v 0.223047 0.059866 0.785331
v 0.275782 0.092340 0.768470
v -0.168082 0.090616 0.795311
v -0.273527 0.155507 0.759815
v -0.166635 0.153374 0.787637
v -0.219150 0.185389 0.769256
v -0.223035 0.059888 0.785314
v -0.275783 0.092347 0.768474
v 0.424829 -0.064061 0.702218
v 0.424123 0.062310 0.702174
v 0.471801 -0.032939 0.675819
v 0.471697 0.030234 0.676011
v 0.376915 -0.032921 0.729218
v 0.376540 0.030145 0.729163
v -0.424800 -0.064061 0.702236
v -0.424133 0.062328 0.702192
v -0.471804 -0.032913 0.675823
v -0.471692 0.030242 0.675951
v -0.376904 -0.032940 0.729152
v -0.376538 0.030162 0.729043
v 0.167336 -0.091985 -0.795756
v 0.270335 -0.155903 -0.755040
v 0.165558 -0.154354 -0.786679
v 0.216627 -0.185426 -0.765373
v 0.221164 -0.060990 -0.783985
v 0.273175 -0.093229 -0.764471
v -0.167340 -0.091981 -0.795764
v -0.270341 -0.155905 -0.755043
v -0.165569 -0.154354 -0.786689
v -0.216635 -0.185430 -0.765384
v -0.221139 -0.060983 -0.783911
v -0.273175 -0.093223 -0.764473
v 0.166685 0.097388 -0.797468
v 0.272830 0.160981 -0.767404
v 0.168382 0.161099 -0.804680
v 0.225509 0.194363 -0.799496
v 0.220074 0.066319 -0.784833
v 0.272018 0.097733 -0.766238
v -0.166744 0.097449 -0.797400
v -0.272820 0.160945 -0.767351
v -0.168332 0.161058 -0.804734
v -0.225524 0.194419 -0.799530
v -0.220029 0.066283 -0.784875
v -0.271996 0.097759 -0.766240
v 0.422528 -0.061752 -0.699547
v 0.421520 0.065653 -0.699827
v 0.468239 -0.029685 -0.672143
v 0.468012 0.033289 -0.672548
v 0.375988 -0.029677 -0.727667
v 0.375181 0.034502 -0.727475
v -0.422525 -0.061755 -0.699549
v -0.421523 0.065654 -0.699846
v -0.468219 -0.029689 -0.672119
v -0.467992 0.033289 -0.672524
v -0.375983 -0.029674 -0.727680
v -0.375168 0.034489 -0.727498
v -0.329496 0.589296 0.038881
v -0.329819 0.595542 -0.039872
v -0.274440 0.604623 0.039432
v -0.274602 0.612295 -0.044880
v -0.407921 0.556503 0.065876
v -0.306256 0.587524 0.079700
v -0.392219 0.552497 0.111448
v -0.411689 0.568122 -0.062991
v -0.307585 0.604805 -0.087403
v -0.398107 0.574500 -0.113801
v -0.456410 0.544002 0.002965
v -0.446435 0.553970 -0.095987
v -0.495072 0.527264 -0.021942
v -0.441043 0.535809 0.098381
v -0.493859 0.523002 0.029388
v 0.329453 0.589387 0.038889
v 0.329807 0.595309 -0.040141
v 0.274453 0.604676 0.039445
v 0.274539 0.612232 -0.045266
v 0.407922 0.556593 0.065869
v 0.306316 0.587542 0.079761
v 0.392193 0.552489 0.111462
v 0.411727 0.568121 -0.063083
v 0.307566 0.604445 -0.087197
v 0.397934 0.574179 -0.113479
v 0.456435 0.544014 0.002945
v 0.446526 0.553971 -0.095830
v 0.495087 0.527238 -0.021957
v 0.441041 0.535827 0.098399
v 0.493840 0.523024 0.029415
v -0.340064 -0.632808 0.046341
v -0.344078 -0.649331 -0.039117
v -0.286546 -0.653467 0.048242
v -0.300253 -0.690961 -0.042797
v -0.423014 -0.596678 0.076840
v -0.318015 -0.635251 0.094603
v -0.411062 -0.601106 0.127993
v -0.411956 -0.594900 -0.059934
v -0.333850 -0.681318 -0.087333
v -0.398293 -0.601287 -0.110226
v -0.463959 -0.567392 0.009886
v -0.440308 -0.564256 -0.090574
v -0.497514 -0.537966 -0.014799
v -0.464592 -0.581528 0.112772
v -0.500754 -0.542612 0.037573
v 0.339996 -0.633048 0.046074
v 0.343767 -0.648925 -0.039104
v 0.286519 -0.653191 0.048095
v 0.300159 -0.690674 -0.042733
v 0.422975 -0.596524 0.076591
v 0.318110 -0.635347 0.094789
v 0.410953 -0.601211 0.127893
v 0.412164 -0.594810 -0.059742
v 0.333768 -0.681113 -0.087190
v 0.398139 -0.601246 -0.109731
v 0.464229 -0.567141 0.009951
v 0.440018 -0.564315 -0.090468
v 0.497683 -0.537941 -0.014980
v 0.464516 -0.581491 0.112658
v 0.500633 -0.542523 0.037494
v -0.000117 -0.540173 0.698308
v -0.076991 -0.480276 0.707459
v -0.033015 -0.590695 0.685264
v -0.119065 -0.529863 0.700811
v 0.076814 -0.480112 0.707303
v 0.032609 -0.590981 0.685035
v 0.118579 -0.529985 0.700664
v 0.044562 -0.383157 0.724911
v -0.044597 -0.383278 0.725239
v 0.048130 -0.322921 0.739887
v -0.048173 -0.322615 0.739719
v 0.130571 -0.462730 0.705205
v 0.094107 -0.357654 0.726439
v -0.130864 -0.462847 0.705199
v -0.094299 -0.357447 0.725935
v -0.000003 0.434937 0.639180
v -0.071066 0.411611 0.674042
v -0.027227 0.452199 0.601889
v -0.104945 0.427576 0.640785
v 0.071065 0.411599 0.674023
v 0.027223 0.452216 0.601904
v 0.104939 0.427587 0.640764
v 0.044626 0.363968 0.724703
v -0.044635 0.363949 0.724684
v 0.049126 0.319910 0.747495
v -0.049121 0.319911 0.747488
v 0.123416 0.401608 0.675279
v 0.094996 0.345765 0.730586
v -0.123423 0.401631 0.675299
v -0.095009 0.345767 0.730591
v 0.000053 -0.429304 -0.638120
v -0.071182 -0.404624 -0.672698
v -0.026984 -0.449232 -0.600788
v -0.104417 -0.420934 -0.640076
v 0.071167 -0.404544 -0.672701
v 0.027063 -0.449307 -0.600817
v 0.104449 -0.420949 -0.640048
v 0.044699 -0.358407 -0.722258
v -0.044681 -0.358403 -0.722264
v 0.049175 -0.317248 -0.745489
v -0.049158 -0.317237 -0.745481
v 0.123430 -0.394870 -0.674523
v 0.095114 -0.340498 -0.727231
v -0.123446 -0.394923 -0.674514
v -0.095103 -0.340485 -0.727224
v 0.000076 0.494678 -0.671911
v -0.073910 0.441985 -0.691020
v -0.030684 0.541339 -0.654468
v -0.112085 0.479392 -0.671912
v 0.073889 0.441915 -0.690997
v 0.030925 0.541431 -0.654255
v 0.112614 0.479827 -0.673263
v 0.044892 0.365506 -0.730343
v -0.044891 0.365883 -0.731144
v 0.050099 0.319068 -0.758972
v -0.049874 0.318945 -0.759614
v 0.127089 0.425954 -0.691340
v 0.096066 0.345475 -0.739065
v -0.127130 0.426149 -0.691248
v -0.095946 0.345918 -0.738409
v 0.678984 0.068158 -0.454961
v 0.723730 0.041839 -0.381085
v 0.672858 0.116827 -0.436564
v 0.722351 0.087512 -0.355376
v 0.677467 -0.066532 -0.453915
v 0.722329 -0.040139 -0.380465
v 0.671797 -0.117168 -0.435709
v 0.720154 -0.087411 -0.354487
v 0.656446 0.001393 -0.502892
v 0.646668 -0.101094 -0.483446
v 0.625552 -0.025828 -0.538050
v 0.647759 0.101703 -0.484529
v 0.626090 0.028400 -0.538545
v 0.741703 0.045272 -0.325995
v 0.740021 -0.044242 -0.325476
v 0.695807 0.068821 0.457336
v 0.744161 0.042078 0.383205
v 0.691181 0.119509 0.439064
v 0.744531 0.089580 0.358491
v 0.693620 -0.070791 0.457203
v 0.742168 -0.043162 0.383213
v 0.689498 -0.122215 0.439547
v 0.741591 -0.091540 0.358853
v 0.669162 -0.000906 0.505601
v 0.661415 -0.105750 0.487273
v 0.635409 -0.029119 0.541154
v 0.662880 0.103126 0.487001
v 0.636382 0.026539 0.541465
v 0.766336 0.045983 0.330675
v 0.764004 -0.046959 0.330950
v -0.678996 0.068165 -0.454977
v -0.723720 0.041842 -0.381068
v -0.672879 0.116815 -0.436562
v -0.722296 0.087519 -0.355372
v -0.677492 -0.066530 -0.453918
v -0.722338 -0.040118 -0.380473
v -0.671815 -0.117168 -0.435721
v -0.720163 -0.087402 -0.354496
v -0.656447 0.001405 -0.502889
v -0.646658 -0.101103 -0.483433
v -0.625541 -0.025824 -0.538052
v -0.647770 0.101689 -0.484533
v -0.626087 0.028402 -0.538550
v -0.741699 0.045261 -0.325991
v -0.740098 -0.044246 -0.325502
v -0.695814 0.068812 0.457345
v -0.744159 0.042068 0.383198
v -0.691182 0.119493 0.439067
v -0.744538 0.089564 0.358498
v -0.693603 -0.070800 0.457198
v -0.742200 -0.043168 0.383227
v -0.689502 -0.122221 0.439515
v -0.741608 -0.091547 0.358863
v -0.669164 -0.000904 0.505602
v -0.661421 -0.105744 0.487271
v -0.635434 -0.029127 0.541150
v -0.662881 0.103112 0.486999
v -0.636375 0.026539 0.541470
v -0.766341 0.045971 0.330680
v -0.763999 -0.046958 0.330946
v -0.042940 0.660517 0.015568
v -0.038631 0.674154 -0.045112
v -0.088381 0.651076 0.025180
v -0.083114 0.663339 -0.044548
v 0.042969 0.660470 0.015570
v 0.038709 0.674217 -0.045096
v 0.088388 0.651078 0.025184
v 0.083131 0.663400 -0.044545
v 0.000010 0.653211 0.038546
v -0.074178 0.643877 0.059638
v -0.019407 0.635413 0.095089
v 0.000103 0.683816 -0.082850
v -0.059681 0.672728 -0.082164
v -0.012914 0.687035 -0.127840
v 0.074187 0.643862 0.059655
v 0.019409 0.635406 0.095080
v 0.059835 0.672794 -0.082279
v 0.012871 0.687101 -0.127956
v -0.218332 0.557962 0.266276
v -0.310221 0.522979 0.311630
v -0.240309 0.567970 0.216620
v -0.333140 0.532774 0.260275
v -0.143347 0.517181 0.418113
v -0.232685 0.487797 0.465618
v -0.115342 0.502129 0.467990
v -0.202680 0.473843 0.513646
v -0.138027 0.553115 0.316170
v -0.183430 0.579536 0.215840
v -0.106334 0.573855 0.263332
v -0.318487 0.488879 0.410214
v -0.367816 0.509666 0.305317
v -0.375118 0.475323 0.401655
v -0.085738 0.522695 0.418616
v -0.082156 0.558886 0.315147
v -0.260522 0.463531 0.508986
v -0.348193 0.464332 0.453574
v -0.218060 0.658937 -0.328247
v -0.324386 0.627635 -0.367618
v -0.241687 0.640829 -0.262270
v -0.342870 0.611810 -0.301578
v -0.169500 0.710751 -0.504509
v -0.240862 0.600212 -0.522937
v -0.134642 0.661547 -0.548595
v -0.217420 0.579693 -0.573082
v -0.173774 0.814127 -0.415184
v -0.181193 0.662000 -0.271846
v -0.107604 0.703791 -0.347756
v -0.330630 0.591333 -0.460715
v -0.391478 0.613266 -0.357449
v -0.395158 0.572395 -0.448783
v -0.109551 0.708263 -0.500638
v -0.100655 0.746952 -0.399266
v -0.269484 0.545070 -0.552101
v -0.352706 0.537647 -0.485889
v -0.554269 0.439723 -0.229987
v -0.614590 0.410794 -0.140227
v -0.531121 0.477825 -0.197425
v -0.588919 0.447183 -0.108955
v -0.624362 0.310012 -0.330327
v -0.679776 0.280574 -0.237850
v -0.642897 0.264432 -0.362772
v -0.694978 0.232927 -0.269356
v -0.556896 0.390565 -0.323118
v -0.511244 0.477121 -0.259228
v -0.512700 0.429374 -0.350899
v -0.677209 0.334624 -0.142873
v -0.626895 0.414584 -0.080647
v -0.689181 0.340125 -0.081817
v -0.604033 0.299532 -0.390994
v -0.536209 0.380956 -0.382442
v -0.712674 0.239571 -0.206515
v -0.711528 0.294913 -0.112786
v -0.572555 0.435551 0.238289
v -0.625843 0.412275 0.153827
v -0.542120 0.463189 0.203126
v -0.595914 0.443279 0.121728
v -0.643380 0.326202 0.335049
v -0.698744 0.292672 0.246595
v -0.659723 0.277435 0.364195
v -0.717024 0.244237 0.276123
v -0.579098 0.397611 0.329763
v -0.525373 0.457468 0.260088
v -0.531731 0.421797 0.352709
v -0.688988 0.341715 0.156716
v -0.634267 0.415828 0.095315
v -0.696942 0.345315 0.097198
v -0.618709 0.314969 0.392383
v -0.554375 0.387760 0.386597
v -0.732364 0.249431 0.216415
v -0.720811 0.300247 0.126957
v 0.218341 0.557972 0.266284
v 0.310244 0.522977 0.311643
v 0.240301 0.567932 0.216636
v 0.333144 0.532778 0.260290
v 0.143344 0.517170 0.418102
v 0.232691 0.487807 0.465619
v 0.115324 0.502118 0.467967
v 0.202679 0.473829 0.513630
v 0.138028 0.553119 0.316176
v 0.183439 0.579590 0.215861
v 0.106344 0.573852 0.263356
v 0.085740 0.522687 0.418613
v 0.082152 0.558866 0.315129
v 0.318492 0.488899 0.410214
v 0.367767 0.509663 0.305263
v 0.375140 0.475338 0.401682
v 0.260524 0.463569 0.508987
v 0.348188 0.464332 0.453569
v 0.218604 0.659685 -0.328400
v 0.323012 0.627909 -0.368478
v 0.241453 0.641469 -0.261800
v 0.343504 0.612805 -0.304076
v 0.169857 0.710520 -0.504214
v 0.241580 0.600914 -0.524140
v 0.135176 0.661324 -0.548795
v 0.219984 0.580254 -0.575745
v 0.173932 0.814278 -0.415344
v 0.181179 0.662071 -0.271306
v 0.107855 0.704608 -0.347714
v 0.109897 0.707900 -0.500889
v 0.100557 0.746308 -0.399702
v 0.330294 0.590552 -0.460500
v 0.391904 0.615392 -0.362254
v 0.393365 0.570937 -0.447401
v 0.269863 0.546025 -0.553480
v 0.352397 0.537241 -0.485938
v 0.554623 0.439942 -0.230033
v 0.614490 0.410942 -0.140244
v 0.531196 0.477513 -0.197623
v 0.589000 0.447163 -0.108874
v 0.624159 0.309720 -0.330304
v 0.679831 0.280622 -0.237855
v 0.642933 0.264394 -0.362772
v 0.694988 0.232936 -0.269350
v 0.557455 0.390477 -0.323097
v 0.512005 0.477810 -0.259110
v 0.512835 0.429579 -0.350687
v 0.677224 0.334614 -0.142926
v 0.626919 0.414593 -0.080551
v 0.689189 0.340159 -0.081822
v 0.603861 0.299377 -0.391051
v 0.535420 0.380947 -0.381894
v 0.712680 0.239558 -0.206512
v 0.711502 0.294917 -0.112802
v 0.572544 0.435536 0.238284
v 0.625845 0.412303 0.153817
v 0.542122 0.463197 0.203100
v 0.595895 0.443301 0.121708
v 0.643361 0.326188 0.335039
v 0.698779 0.292700 0.246606
v 0.659729 0.277441 0.364196
v 0.717033 0.244249 0.276125
v 0.579064 0.397576 0.329740
v 0.525389 0.457498 0.260089
v 0.531728 0.421764 0.352707
v 0.689009 0.341723 0.156719
v 0.634263 0.415848 0.095322
v 0.696952 0.345351 0.097191
v 0.618732 0.314975 0.392390
v 0.554389 0.387775 0.386597
v 0.732371 0.249436 0.216422
v 0.720833 0.300252 0.126967
v -0.045379 -0.717016 0.060828
v -0.072429 -0.722402 -0.024101
v -0.099408 -0.703547 0.055514
v -0.125095 -0.729778 -0.034518
v 0.045429 -0.716997 0.060641
v 0.072287 -0.722381 -0.024220
v 0.099424 -0.703496 0.055355
v 0.125095 -0.730055 -0.034660
v -0.000081 -0.719216 0.109134
v -0.065395 -0.706482 0.102872
v -0.015516 -0.714024 0.156115
v 0.000037 -0.707735 -0.056135
v -0.105486 -0.734145 -0.078437
v -0.029860 -0.694035 -0.109562
v 0.065136 -0.706651 0.102780
v 0.015431 -0.714095 0.156074
v 0.105682 -0.733817 -0.078142
v 0.030134 -0.694044 -0.109630
v -0.221534 -0.644862 0.337455
v -0.319091 -0.611201 0.369756
v -0.246206 -0.641011 0.268720
v -0.344532 -0.606012 0.303077
v -0.177687 -0.809107 0.548943
v -0.302731 -0.712435 0.592077
v -0.139602 -0.783391 0.626995
v -0.274166 -0.708455 0.662913
v -0.145734 -0.698325 0.412103
v -0.184900 -0.658319 0.276425
v -0.104582 -0.683169 0.344503
v -0.332158 -0.601746 0.477518
v -0.378375 -0.584507 0.345562
v -0.382738 -0.557136 0.444251
v -0.102115 -0.744100 0.539180
v -0.087501 -0.706315 0.408476
v -0.309193 -0.630472 0.611390
v -0.361097 -0.560984 0.505422
v -0.241096 -0.662029 -0.297976
v -0.312269 -0.567093 -0.315616
v -0.286217 -0.718714 -0.269335
v -0.341922 -0.592068 -0.269552
v -0.144188 -0.546322 -0.422947
v -0.227914 -0.497376 -0.462347
v -0.114291 -0.519423 -0.469991
v -0.198639 -0.476390 -0.511271
v -0.147446 -0.619929 -0.334274
v -0.216591 -0.741165 -0.273350
v -0.119018 -0.657260 -0.287832
v -0.310902 -0.500818 -0.405295
v -0.361384 -0.536770 -0.302154
v -0.364777 -0.479146 -0.395086
v -0.086963 -0.553524 -0.425929
v -0.088679 -0.619348 -0.332809
v -0.255684 -0.462189 -0.506925
v -0.338878 -0.462941 -0.448123
v -0.555472 -0.424139 -0.225403
v -0.616627 -0.404498 -0.138184
v -0.526744 -0.459094 -0.189529
v -0.589490 -0.438830 -0.105242
v -0.625463 -0.315172 -0.330678
v -0.680179 -0.286205 -0.236923
v -0.641870 -0.271386 -0.361619
v -0.694566 -0.238782 -0.268312
v -0.563089 -0.381712 -0.323771
v -0.509017 -0.451467 -0.248845
v -0.519688 -0.408001 -0.348937
v -0.679482 -0.338100 -0.142171
v -0.629521 -0.411101 -0.078413
v -0.690365 -0.342260 -0.081402
v -0.603896 -0.306975 -0.391428
v -0.542946 -0.374060 -0.385448
v -0.712386 -0.245384 -0.205321
v -0.711865 -0.299519 -0.111990
v -0.572084 -0.454733 0.243745
v -0.625871 -0.421089 0.156718
v -0.546095 -0.491184 0.212140
v -0.597394 -0.456041 0.126609
v -0.640711 -0.327217 0.334388
v -0.697487 -0.294541 0.246833
v -0.657728 -0.278349 0.363336
v -0.715836 -0.246587 0.276516
v -0.579292 -0.411677 0.333436
v -0.530225 -0.490653 0.270915
v -0.534808 -0.448779 0.361067
v -0.687948 -0.343625 0.157080
v -0.634508 -0.421488 0.097893
v -0.696854 -0.346861 0.097304
v -0.616212 -0.315975 0.390811
v -0.554309 -0.402191 0.389495
v -0.731445 -0.251989 0.216850
v -0.720532 -0.302578 0.126882
v 0.221297 -0.644813 0.337849
v 0.319309 -0.611826 0.369889
v 0.246387 -0.641120 0.268450
v 0.344850 -0.606148 0.303348
v 0.177982 -0.809776 0.548766
v 0.302974 -0.712493 0.591770
v 0.139222 -0.783787 0.625956
v 0.273064 -0.709373 0.662806
v 0.146239 -0.698224 0.412716
v 0.185393 -0.658492 0.276625
v 0.105075 -0.683023 0.344464
v 0.103094 -0.744188 0.538790
v 0.087978 -0.706795 0.407999
v 0.331845 -0.601798 0.477592
v 0.378495 -0.585243 0.345793
v 0.382899 -0.557326 0.443753
v 0.308703 -0.630691 0.611252
v 0.361445 -0.561085 0.505332
v 0.240117 -0.662101 -0.297714
v 0.311688 -0.567091 -0.315204
v 0.285451 -0.720916 -0.268941
v 0.341648 -0.592585 -0.269520
v 0.144195 -0.546689 -0.422346
v 0.228085 -0.496854 -0.462682
v 0.114520 -0.519124 -0.469631
v 0.198469 -0.476118 -0.511059
v 0.147326 -0.619821 -0.334158
v 0.214495 -0.741480 -0.273099
v 0.118507 -0.656581 -0.287510
v 0.086733 -0.553859 -0.425112
v 0.088504 -0.619167 -0.333000
v 0.310817 -0.500617 -0.405292
v 0.361726 -0.537372 -0.302086
v 0.364476 -0.479018 -0.395109
v 0.255536 -0.462127 -0.506939
v 0.338950 -0.462519 -0.448609
v 0.555523 -0.424068 -0.225373
v 0.616555 -0.404584 -0.138249
v 0.527014 -0.458797 -0.189620
v 0.589553 -0.438734 -0.105190
v 0.625479 -0.315185 -0.330685
v 0.680176 -0.286190 -0.236936
v 0.641913 -0.271377 -0.361643
v 0.694545 -0.238757 -0.268306
v 0.563113 -0.381749 -0.323792
v 0.508894 -0.451378 -0.248838
v 0.519670 -0.407971 -0.348900
v 0.679495 -0.338097 -0.142171
v 0.629488 -0.411106 -0.078448
v 0.690386 -0.342271 -0.081380
v 0.603916 -0.306960 -0.391437
v 0.542966 -0.374106 -0.385541
v 0.712386 -0.245370 -0.205328
v 0.711891 -0.299529 -0.111983
v 0.571962 -0.454596 0.243884
v 0.625906 -0.421075 0.156728
v 0.546063 -0.491316 0.212202
v 0.597397 -0.456030 0.126628
v 0.640725 -0.327192 0.334357
v 0.697455 -0.294529 0.246835
v 0.657744 -0.278322 0.363289
v 0.715833 -0.246579 0.276538
v 0.579317 -0.411671 0.333427
v 0.530168 -0.491105 0.271105
v 0.534800 -0.448727 0.360976
v 0.687950 -0.343618 0.157071
v 0.634518 -0.421482 0.097907
v 0.696852 -0.346876 0.097280
v 0.616225 -0.315971 0.390837
v 0.554344 -0.402102 0.389542
v 0.731465 -0.251972 0.216848
v 0.720537 -0.302578 0.126879
v 0.056147 -0.092098 0.813052
v -0.056142 -0.092183 0.813009
v 0.055556 -0.146955 0.806678
v -0.055465 -0.146960 0.806692
v 0.056272 0.089649 0.811403
v -0.056296 0.089649 0.811387
v 0.055789 0.152333 0.803711
v -0.055790 0.152332 0.803737
v 0.112693 -0.003414 0.808525
v 0.111711 -0.119894 0.803500
v 0.168512 -0.033609 0.799507
v -0.112707 -0.003396 0.808571
v -0.111685 -0.119928 0.803576
v -0.168516 -0.033646 0.799448
v 0.112075 0.121461 0.801782
v 0.168491 0.027817 0.798818
v -0.112092 0.121453 0.801779
v -0.168482 0.027847 0.798743
v 0.337231 -0.338278 0.648232
v 0.306985 -0.242558 0.702870
v 0.287370 -0.373213 0.667042
v 0.252212 -0.272710 0.712035
v 0.491933 -0.239013 0.594131
v 0.466137 -0.154339 0.659533
v 0.540920 -0.208093 0.572855
v 0.512945 -0.124311 0.635663
v 0.426017 -0.330421 0.588930
v 0.328432 -0.405115 0.635007
v 0.412070 -0.390191 0.567957
v 0.526920 -0.263432 0.547459
v 0.461702 -0.353854 0.543491
v 0.373135 -0.153050 0.714305
v 0.262962 -0.210467 0.734931
v 0.326161 -0.123206 0.744638
v 0.470258 -0.094657 0.670826
v 0.376381 -0.094195 0.725090
v -0.337489 -0.337957 0.648413
v -0.307088 -0.242758 0.702663
v -0.287277 -0.373031 0.666905
v -0.252690 -0.272765 0.712141
v -0.491947 -0.239164 0.593946
v -0.466128 -0.154416 0.659506
v -0.540909 -0.208104 0.572900
v -0.512861 -0.124312 0.635675
v -0.426209 -0.330246 0.588590
v -0.328439 -0.404944 0.634594
v -0.411926 -0.390495 0.567684
v -0.526954 -0.263548 0.547379
v -0.461414 -0.353272 0.543579
v -0.373075 -0.153149 0.714348
v -0.263092 -0.210527 0.734976
v -0.326047 -0.123240 0.744682
v -0.470201 -0.094652 0.670856
v -0.376297 -0.094218 0.725095
v 0.344363 0.328319 0.652428
v 0.313582 0.246662 0.712836
v 0.290754 0.351532 0.662793
v 0.259583 0.273753 0.722500
v 0.494877 0.242080 0.599655
v 0.464886 0.155799 0.659969
v 0.541562 0.209433 0.575659
v 0.512033 0.123146 0.635346
v 0.432383 0.324180 0.593056
v 0.329088 0.373358 0.622741
v 0.416161 0.369214 0.562896
v 0.530090 0.265886 0.552819
v 0.467164 0.345600 0.546171
v 0.371826 0.156857 0.715085
v 0.267988 0.216505 0.743909
v 0.324950 0.124887 0.744037
v 0.469375 0.093423 0.670596
v 0.375073 0.093811 0.724691
v -0.344358 0.328333 0.652432
v -0.313559 0.246648 0.712818
v -0.290751 0.351546 0.662802
v -0.259567 0.273738 0.722502
v -0.494875 0.242080 0.599672
v -0.464881 0.155797 0.659967
v -0.541555 0.209441 0.575681
v -0.512020 0.123141 0.635355
v -0.432369 0.324168 0.593043
v -0.329071 0.373364 0.622725
v -0.416173 0.369251 0.562908
v -0.530077 0.265870 0.552819
v -0.467166 0.345621 0.546168
v -0.371843 0.156858 0.715112
v -0.267986 0.216512 0.743931
v -0.324949 0.124880 0.744003
v -0.469372 0.093406 0.670594
v -0.375082 0.093821 0.724706
v 0.056372 -0.090909 -0.809621
v -0.056372 -0.090909 -0.809626
v 0.055728 -0.152825 -0.801089
v -0.055736 -0.152825 -0.801100
v 0.056048 0.096653 -0.811844
v -0.056022 0.096761 -0.811776
v 0.056320 0.157890 -0.813758
v -0.056318 0.157888 -0.813768
v 0.112250 0.002934 -0.809250
v 0.112028 -0.122732 -0.801816
v 0.167517 -0.028858 -0.799846
v -0.112299 0.002919 -0.809218
v -0.112023 -0.122727 -0.801823
v -0.167533 -0.028854 -0.799893
v 0.111917 0.128432 -0.808529
v 0.166340 0.034350 -0.797514
v -0.112062 0.128061 -0.808433
v -0.166345 0.034357 -0.797470
v 0.339813 -0.321316 -0.648748
v 0.310249 -0.245061 -0.708743
v 0.286723 -0.343751 -0.660196
v 0.257090 -0.272002 -0.719301
v 0.487311 -0.239485 -0.595541
v 0.459469 -0.154804 -0.654343
v 0.532019 -0.207139 -0.571341
v 0.504956 -0.122153 -0.628937
v 0.427336 -0.318813 -0.592547
v 0.324382 -0.363047 -0.620607
v 0.410931 -0.359764 -0.563887
v 0.520203 -0.260797 -0.549549
v 0.459391 -0.335306 -0.545178
v 0.369536 -0.156865 -0.711749
v 0.265136 -0.216077 -0.739741
v 0.322748 -0.125205 -0.740271
v 0.464946 -0.092616 -0.665499
v 0.374176 -0.093923 -0.722699
v -0.339832 -0.321336 -0.648739
v -0.310257 -0.245065 -0.708749
v -0.286732 -0.343737 -0.660140
v -0.257093 -0.271994 -0.719308
v -0.487309 -0.239473 -0.595545
v -0.459459 -0.154810 -0.654346
v -0.532032 -0.207139 -0.571360
v -0.504941 -0.122154 -0.628924
v -0.427304 -0.318835 -0.592523
v -0.324375 -0.363079 -0.620592
v -0.410939 -0.359736 -0.563889
v -0.520186 -0.260793 -0.549539
v -0.459380 -0.335306 -0.545178
v -0.369537 -0.156877 -0.711748
v -0.265147 -0.216087 -0.739753
v -0.322746 -0.125210 -0.740272
v -0.464936 -0.092625 -0.665501
v -0.374174 -0.093923 -0.722702
v 0.338282 0.322119 -0.649113
v 0.313238 0.245410 -0.719306
v 0.285601 0.351082 -0.664006
v 0.260735 0.274007 -0.734391
v 0.489263 0.234603 -0.596534
v 0.459169 0.155302 -0.655647
v 0.532947 0.203614 -0.572203
v 0.504463 0.123124 -0.629410
v 0.424766 0.314146 -0.587771
v 0.322231 0.375356 -0.622911
v 0.406991 0.366005 -0.558861
v 0.521366 0.254215 -0.549335
v 0.455596 0.334394 -0.539555
v 0.369902 0.160122 -0.717460
v 0.272649 0.221264 -0.763496
v 0.322298 0.129349 -0.744434
v 0.464214 0.095145 -0.666191
v 0.372510 0.097914 -0.723203
v -0.338811 0.321606 -0.649256
v -0.313292 0.245357 -0.719269
v -0.285789 0.350974 -0.664048
v -0.260561 0.274484 -0.734679
v -0.489171 0.234700 -0.596575
v -0.459173 0.155291 -0.655651
v -0.532880 0.203610 -0.572151
v -0.504470 0.123099 -0.629405
v -0.425209 0.313928 -0.587545
v -0.322349 0.375435 -0.622827
v -0.406281 0.366413 -0.559107
v -0.521427 0.254224 -0.549357
v -0.454870 0.334397 -0.539154
v -0.369900 0.160060 -0.717436
v -0.272621 0.221186 -0.763552
v -0.322385 0.129578 -0.744636
v -0.464228 0.095134 -0.666192
v -0.372509 0.097849 -0.723176
v 0.808964 0.050587 -0.082377
v 0.806928 -0.051216 -0.081961
v 0.796449 0.049863 -0.142918
v 0.794591 -0.050033 -0.142396
v 0.817467 0.052278 0.095006
v 0.815291 -0.052494 0.095273
v 0.810143 0.051738 0.155081
v 0.808005 -0.051930 0.155490
v 0.809463 0.102730 0.006447
v 0.792470 0.100275 -0.112728
v 0.791704 0.153250 -0.022771
v 0.803961 0.103435 0.125189
v 0.793082 0.154416 0.036415
v 0.806331 -0.105154 0.006865
v 0.789513 -0.102361 -0.111991
v 0.789670 -0.157257 -0.022163
v 0.801154 -0.105094 0.125741
v 0.791068 -0.157981 0.036780
v -0.808901 0.050564 -0.082380
v -0.806940 -0.051223 -0.081963
v -0.796482 0.049833 -0.142915
v -0.794587 -0.050027 -0.142385
v -0.817458 0.052283 0.095019
v -0.815291 -0.052514 0.095286
v -0.810125 0.051725 0.155073
v -0.807985 -0.051923 0.155474
v -0.809467 0.102727 0.006446
v -0.792483 0.100264 -0.112722
v -0.791703 0.153245 -0.022762
v -0.803934 0.103430 0.125185
v -0.793079 0.154409 0.036413
v -0.806359 -0.105174 0.006861
v -0.789532 -0.102357 -0.111982
v -0.789657 -0.157252 -0.022153
v -0.801132 -0.105097 0.125742
v -0.791068 -0.157972 0.036775
v -0.190038 0.616770 0.077550
v -0.226123 0.597871 0.123321
v -0.188173 0.640148 -0.096058
v -0.225755 0.633720 -0.146953
v -0.168079 0.611035 0.119609
v -0.165387 0.651428 -0.149386
v -0.409217 0.525085 0.199649
v -0.461017 0.507811 0.185632
v -0.443737 0.501749 0.239902
v -0.413198 0.568642 -0.214742
v -0.462925 0.540458 -0.190075
v -0.444664 0.548959 -0.255344
v -0.565926 0.476850 -0.022321
v -0.568267 0.475440 0.033895
v -0.601491 0.447076 0.006759
v 0.190044 0.616816 0.077611
v 0.226064 0.597991 0.123371
v 0.188288 0.640187 -0.096236
v 0.225912 0.633757 -0.147444
v 0.168115 0.611029 0.119642
v 0.165301 0.651178 -0.149425
v 0.409206 0.525107 0.199655
v 0.461032 0.507831 0.185637
v 0.443745 0.501742 0.239879
v 0.412808 0.569432 -0.215017
v 0.462330 0.540483 -0.190075
v 0.444598 0.549917 -0.256188
v 0.565968 0.476909 -0.022293
v 0.568347 0.475411 0.033917
v 0.601484 0.447162 0.006751
v -0.197709 -0.671368 0.103038
v -0.233817 -0.654222 0.154628
v -0.227541 -0.788490 -0.085723
v -0.278824 -0.784636 -0.156962
v -0.171213 -0.671623 0.158117
v -0.199142 -0.800633 -0.150870
v -0.432994 -0.587341 0.224550
v -0.481471 -0.560483 0.204136
v -0.461868 -0.560902 0.263017
v -0.404820 -0.558512 -0.197023
v -0.451050 -0.524989 -0.176986
v -0.432357 -0.518137 -0.232249
v -0.567393 -0.478147 -0.016744
v -0.567740 -0.482393 0.039583
v -0.602008 -0.448985 0.010690
v 0.198066 -0.671303 0.103209
v 0.234027 -0.654297 0.154877
v 0.227457 -0.788325 -0.085736
v 0.278738 -0.784835 -0.156549
v 0.170957 -0.671275 0.158431
v 0.198121 -0.801009 -0.150058
v 0.432856 -0.587426 0.224504
v 0.481504 -0.560477 0.203955
v 0.461780 -0.560789 0.262805
v 0.404871 -0.558553 -0.196884
v 0.450899 -0.524586 -0.176721
v 0.432293 -0.518042 -0.232105
v 0.567242 -0.478091 -0.016809
v 0.568306 -0.482435 0.039609
v 0.601883 -0.448971 0.010635
v -0.037115 -0.667031 0.628500
v 0.037001 -0.667349 0.628209
v -0.235071 -0.568500 0.698099
v -0.234416 -0.483312 0.685713
v 0.000313 -0.671016 0.573810
v -0.285582 -0.526264 0.670144
v 0.234251 -0.568781 0.698332
v 0.233997 -0.483335 0.685589
v 0.285662 -0.526957 0.670854
v 0.104644 -0.232215 0.766069
v 0.152638 -0.267219 0.742957
v -0.104317 -0.232501 0.766230
v -0.152369 -0.266594 0.743325
v 0.159695 -0.205571 0.767265
v -0.159569 -0.205596 0.766912
v -0.028664 0.488360 0.515510
v 0.028665 0.488376 0.515537
v -0.196114 0.435406 0.600850
v -0.217251 0.406377 0.636872
v 0.000008 0.506646 0.467358
v -0.253339 0.423617 0.595837
v 0.196109 0.435450 0.600834
v 0.217248 0.406378 0.636871
v 0.253334 0.423581 0.595821
v 0.107281 0.242595 0.775004
v 0.157030 0.271330 0.754210
v -0.107280 0.242603 0.775015
v -0.157020 0.271338 0.754211
v 0.163192 0.214338 0.774177
v -0.163180 0.214351 0.774176
v -0.028380 -0.497852 -0.516832
v 0.028488 -0.497726 -0.516968
v -0.193472 -0.427349 -0.600279
v -0.214854 -0.397919 -0.637052
v 0.000063 -0.527095 -0.472909
v -0.249858 -0.413905 -0.596005
v 0.193608 -0.427459 -0.600388
v 0.214869 -0.397911 -0.637049
v 0.249889 -0.414052 -0.595972
v 0.106760 -0.241664 -0.772025
v 0.156068 -0.269549 -0.750704
v -0.106757 -0.241662 -0.772037
v -0.156067 -0.269553 -0.750701
v 0.161902 -0.214185 -0.771383
v -0.161903 -0.214190 -0.771395
v -0.035005 0.639443 -0.602502
v 0.035607 0.640008 -0.603409
v -0.213516 0.497981 -0.646741
v -0.221900 0.435725 -0.657443
v 0.000160 0.667965 -0.550480
v -0.258980 0.463855 -0.620897
v 0.212291 0.498057 -0.645569
v 0.221688 0.435732 -0.657483
v 0.259202 0.464184 -0.620837
v 0.111921 0.247583 -0.804814
v 0.161454 0.275753 -0.779441
v -0.111890 0.247348 -0.804873
v -0.161734 0.276185 -0.779411
v 0.172103 0.225220 -0.815917
v -0.172064 0.224979 -0.815863
v 0.631199 0.204675 -0.445764
v 0.603204 0.188510 -0.496057
v 0.734323 0.140712 -0.267422
v 0.758786 0.095450 -0.235999
v 0.593650 0.239541 -0.474670
v 0.752702 0.145090 -0.205537
v 0.630685 -0.209543 -0.444677
v 0.603012 -0.192424 -0.495593
v 0.732288 -0.143521 -0.266495
v 0.755998 -0.096786 -0.235295
v 0.592466 -0.246323 -0.473701
v 0.750497 -0.148423 -0.204633
v 0.552222 -0.028648 -0.607473
v 0.552490 0.031386 -0.608045
v 0.511932 0.001584 -0.641947
v 0.647628 0.212566 0.447187
v 0.617982 0.195391 0.499194
v 0.758805 0.146465 0.274415
v 0.783892 0.099230 0.244687
v 0.606498 0.250566 0.475856
v 0.774809 0.150948 0.215316
v 0.646700 -0.214255 0.446640
v 0.617441 -0.196711 0.498677
v 0.756797 -0.149291 0.275495
v 0.780921 -0.101053 0.245717
v 0.604462 -0.249891 0.473070
v 0.772843 -0.153765 0.216406
v 0.559797 -0.032140 0.613743
v 0.560277 0.028751 0.614130
v 0.517623 -0.001640 0.647276
v -0.631220 0.204656 -0.445752
v -0.603184 0.188484 -0.496019
v -0.734323 0.140701 -0.267441
v -0.758747 0.095438 -0.235993
v -0.593589 0.239547 -0.474711
v -0.752660 0.145057 -0.205515
v -0.630683 -0.209526 -0.444679
v -0.602993 -0.192397 -0.495582
v -0.732357 -0.143539 -0.266535
v -0.756026 -0.096795 -0.235296
v -0.592478 -0.246288 -0.473692
v -0.750530 -0.148425 -0.204575
v -0.552240 -0.028641 -0.607500
v -0.552486 0.031383 -0.608049
v -0.511937 0.001586 -0.641953
v -0.647640 0.212574 0.447202
v -0.617939 0.195354 0.499160
v -0.758802 0.146461 0.274419
v -0.783891 0.099222 0.244683
v -0.606473 0.250538 0.475829
v -0.774806 0.150939 0.215315
v -0.646602 -0.214196 0.446648
v -0.617401 -0.196730 0.498680
v -0.756799 -0.149291 0.275512
v -0.780929 -0.101040 0.245702
v -0.604478 -0.249855 0.473086
v -0.772858 -0.153767 0.216409
v -0.559826 -0.032109 0.613730
v -0.560284 0.028754 0.614102
v -0.517721 -0.001613 0.647331
v -0.024775 0.598611 0.206253
v 0.024785 0.598596 0.206260
v 0.000012 0.580505 0.260355
v -0.024603 0.697813 -0.266840
v 0.024224 0.697536 -0.266700
v -0.000002 0.709190 -0.329314
v -0.456300 0.432645 0.427498
v -0.427942 0.420722 0.479795
v -0.479757 0.401867 0.463612
v -0.445954 0.461411 -0.435088
v -0.417617 0.442782 -0.484820
v -0.464200 0.405144 -0.460902
v -0.724964 0.300462 0.007789
v -0.748922 0.253129 -0.022379
v -0.751097 0.254481 0.037235
v 0.456288 0.432626 0.427482
v 0.427938 0.420709 0.479787
v 0.479760 0.401864 0.463599
v 0.446267 0.461152 -0.434809
v 0.417933 0.442443 -0.484320
v 0.464483 0.405093 -0.460710
v 0.724985 0.300467 0.007795
v 0.748963 0.253144 -0.022381
v 0.751046 0.254465 0.037228
v -0.023222 -0.699591 0.277689
v 0.023570 -0.699932 0.277686
v 0.000326 -0.701208 0.342106
v -0.030568 -0.664202 -0.226295
v 0.030694 -0.664423 -0.226105
v 0.000181 -0.643454 -0.280366
v -0.457868 -0.474975 0.443471
v -0.428742 -0.464286 0.497247
v -0.478595 -0.426606 0.470294
v -0.447340 -0.420714 -0.425611
v -0.420155 -0.408364 -0.479309
v -0.470623 -0.387081 -0.462663
v -0.725388 -0.303422 0.007838
v -0.748851 -0.257465 -0.021863
v -0.751261 -0.258276 0.037366
v 0.457780 -0.474958 0.443680
v 0.428623 -0.464155 0.497473
v 0.478488 -0.426953 0.470313
v 0.447393 -0.420862 -0.425637
v 0.420241 -0.408432 -0.479294
v 0.470659 -0.387064 -0.462687
v 0.725375 -0.303440 0.007858
v 0.748834 -0.257443 -0.021876
v 0.751246 -0.258262 0.037374
v 0.276811 -0.033557 0.772834
v 0.276709 0.028819 0.772587
v 0.327495 -0.001929 0.752707
v -0.276857 -0.033604 0.772826
v -0.276695 0.028830 0.772627
v -0.327525 -0.001932 0.752683
v 0.273998 -0.029459 -0.768704
v 0.272687 0.034375 -0.766908
v 0.325477 0.002473 -0.749642
v -0.274022 -0.029449 -0.768753
v -0.272702 0.034358 -0.766965
v -0.325453 0.002458 -0.749628
f 1 647 644
f 1 644 643
f 1 643 645
f 1 645 646
f 1 646 647
f 2 649 652
f 6 672 670
f 12 702 699
f 11 696 695
f 8 679 681
f 4 662 659
f 4 659 658
f 4 658 660
f 4 660 661
f 4 661 662
f 5 666 665
f 3 654 657
f 7 673 677
f 9 685 686
f 10 692 688
f 12 701 698
f 6 669 668
f 2 650 648
f 8 682 678
f 11 697 693
f 6 671 669
f 12 700 701
f 11 694 697
f 8 680 682
f 2 651 650
f 10 690 689
f 5 663 664
f 3 655 653
f 7 676 674
f 9 687 684
f 10 691 690
f 5 667 663
f 3 656 655
f 7 675 676
f 9 683 687
f 6 668 672
f 2 648 649
f 8 678 679
f 11 693 696
f 12 698 702
f 10 688 691
f 5 665 667
f 3 657 656
f 7 677 675
f 9 686 683
f 5 664 666
f 3 653 654
f 7 674 673
f 9 684 685
f 10 689 692
f 6 670 671
f 12 699 700
f 11 695 694
f 8 681 680
f 2 652 651
f 35 837 838
f 18 735 736
f 19 742 741
f 40 868 867
f 42 880 879
f 34 832 831
f 33 827 828
f 25 778 780
f 36 844 846
f 20 749 747
f 32 819 820
f 23 765 767
f 24 773 771
f 37 850 849
f 41 876 875
f 34 833 834
f 33 826 825
f 25 779 777
f 36 845 843
f 20 748 750
f 17 729 727
f 14 711 709
f 13 706 703
f 15 718 715
f 16 724 721
f 18 737 733
f 35 839 835
f 42 882 878
f 40 870 866
f 19 744 740
f 30 807 805
f 27 789 787
f 22 762 758
f 28 797 793
f 29 802 799
f 32 821 817
f 23 766 763
f 24 774 770
f 37 852 848
f 41 874 872
f 35 838 836
f 18 736 734
f 19 741 739
f 40 867 865
f 42 879 877
f 34 831 829
f 33 828 824
f 25 780 776
f 36 846 842
f 20 747 745
f 32 820 818
f 23 767 764
f 24 771 769
f 37 849 847
f 41 875 871
f 34 834 830
f 33 825 823
f 25 777 775
f 36 843 841
f 20 750 746
f 14 714 710
f 13 707 704
f 15 719 716
f 16 725 722
f 17 732 728
f 21 755 752
f 31 814 811
f 26 784 781
f 38 857 853
f 39 862 860
f 27 792 788
f 22 759 757
f 28 796 794
f 29 803 800
f 30 810 806
f 31 815 812
f 26 785 782
f 38 856 854
f 39 863 859
f 21 754 751
f 14 712 714
f 13 705 707
f 15 717 719
f 16 723 725
f 17 730 732
f 21 753 755
f 31 816 814
f 26 786 784
f 38 858 857
f 39 861 862
f 27 791 792
f 22 761 759
f 28 795 796
f 29 801 803
f 30 808 810
f 31 813 815
f 26 783 785
f 38 855 856
f 39 864 863
f 21 756 754
f 14 709 712
f 13 703 705
f 15 715 717
f 16 721 723
f 17 727 730
f 21 751 753
f 31 812 816
f 26 782 786
f 38 854 858
f 39 859 861
f 27 787 791
f 22 758 761
f 28 793 795
f 29 799 801
f 30 805 808
f 31 811 813
f 26 781 783
f 38 853 855
f 39 860 864
f 21 752 756
f 17 728 731
f 14 710 713
f 13 704 708
f 15 716 720
f 16 722 726
f 18 734 738
f 35 836 840
f 42 877 881
f 40 865 869
f 19 739 743
f 30 806 809
f 27 788 790
f 22 757 760
f 28 794 798
f 29 800 804
f 32 818 822
f 23 764 768
f 24 769 772
f 37 847 851
f 41 871 873
f 35 835 837
f 18 733 735
f 19 740 742
f 40 866 868
f 42 878 880
f 34 830 832
f 33 823 827
f 25 775 778
f 36 841 844
f 20 746 749
f 32 817 819
f 23 763 765
f 24 770 773
f 37 848 850
f 41 872 876
f 34 829 833
f 33 824 826
f 25 776 779
f 36 842 845
f 20 745 748
f 17 731 729
f 14 713 711
f 13 708 706
f 15 720 718
f 16 726 724
f 18 738 737
f 35 840 839
f 42 881 882
f 40 869 870
f 19 743 744
f 30 809 807
f 27 790 789
f 22 760 762
f 28 798 797
f 29 804 802
f 32 822 821
f 23 768 766
f 24 772 774
f 37 851 852
f 41 873 874
f 107 1269 1270
f 103 1245 1246
f 104 1252 1251
f 110 1288 1287
f 113 1306 1305
f 118 1336 1335
f 154 1551 1552
f 141 1473 1474
f 162 1599 1600
f 121 1354 1353
f 142 1479 1480
f 129 1401 1402
f 130 1408 1407
f 144 1492 1491
f 146 1504 1503
f 151 1533 1534
f 131 1414 1413
f 136 1444 1443
f 161 1594 1593
f 126 1383 1384
f 116 1323 1324
f 108 1275 1276
f 106 1263 1264
f 112 1299 1300
f 115 1317 1318
f 119 1341 1342
f 156 1564 1563
f 139 1462 1461
f 160 1588 1587
f 120 1347 1348
f 149 1521 1522
f 132 1420 1419
f 128 1395 1396
f 145 1497 1498
f 148 1515 1516
f 155 1557 1558
f 133 1425 1426
f 134 1431 1432
f 157 1570 1569
f 124 1372 1371
f 109 1282 1281
f 105 1258 1257
f 111 1294 1293
f 114 1312 1311
f 117 1330 1329
f 125 1378 1377
f 152 1540 1539
f 137 1449 1450
f 158 1575 1576
f 123 1365 1366
f 143 1486 1485
f 127 1390 1389
f 135 1437 1438
f 147 1510 1509
f 150 1528 1527
f 153 1546 1545
f 140 1468 1467
f 138 1455 1456
f 159 1581 1582
f 122 1359 1360
f 107 1272 1271
f 103 1248 1247
f 104 1253 1254
f 110 1289 1290
f 113 1307 1308
f 118 1337 1338
f 154 1554 1553
f 141 1476 1475
f 162 1602 1601
f 121 1355 1356
f 142 1482 1481
f 129 1404 1403
f 130 1409 1410
f 144 1493 1494
f 146 1505 1506
f 151 1536 1535
f 131 1415 1416
f 136 1445 1446
f 161 1595 1596
f 126 1386 1385
f 47 909 907
f 44 891 889
f 43 886 883
f 45 898 895
f 46 904 901
f 49 922 919
f 72 1060 1057
f 102 1240 1237
f 96 1204 1201
f 79 1102 1099
f 62 999 997
f 59 981 979
f 58 976 973
f 60 988 985
f 61 994 991
f 66 1024 1021
f 54 952 949
f 73 1066 1063
f 85 1138 1135
f 92 1179 1177
f 101 1233 1231
f 69 1041 1039
f 50 927 925
f 82 1119 1117
f 97 1209 1207
f 71 1053 1051
f 100 1228 1225
f 94 1192 1189
f 80 1108 1105
f 51 933 931
f 90 1167 1165
f 63 1005 1003
f 55 957 955
f 76 1083 1081
f 87 1150 1147
f 91 1174 1171
f 67 1029 1027
f 56 963 961
f 75 1077 1075
f 83 1126 1123
f 68 1036 1033
f 48 915 913
f 78 1095 1093
f 93 1185 1183
f 98 1216 1213
f 88 1155 1153
f 65 1018 1015
f 57 970 967
f 77 1090 1087
f 86 1143 1141
f 64 1012 1009
f 53 945 943
f 74 1071 1069
f 84 1131 1129
f 89 1162 1159
f 70 1047 1045
f 99 1221 1219
f 95 1197 1195
f 81 1114 1111
f 52 940 937
f 109 1284 1280
f 105 1260 1256
f 111 1296 1292
f 114 1314 1310
f 117 1332 1328
f 125 1380 1376
f 152 1542 1538
f 137 1451 1447
f 158 1577 1573
f 123 1367 1363
f 143 1488 1484
f 127 1392 1388
f 135 1439 1435
f 147 1512 1508
f 150 1530 1526
f 153 1548 1544
f 140 1470 1466
f 138 1457 1453
f 159 1583 1579
f 122 1361 1357
f 107 1270 1268
f 103 1246 1244
f 104 1251 1249
f 110 1287 1285
f 113 1305 1303
f 118 1335 1333
f 154 1552 1550
f 141 1474 1472
f 162 1600 1598
f 121 1353 1351
f 142 1480 1478
f 129 1402 1400
f 130 1407 1405
f 144 1491 1489
f 146 1503 1501
f 151 1534 1532
f 131 1413 1411
f 136 1443 1441
f 161 1593 1591
f 126 1384 1382
f 116 1324 1322
f 108 1276 1274
f 106 1264 1262
f 112 1300 1298
f 115 1318 1316
f 119 1342 1340
f 156 1563 1561
f 139 1461 1459
f 160 1587 1585
f 120 1348 1346
f 149 1522 1520
f 132 1419 1417
f 128 1396 1394
f 145 1498 1496
f 148 1516 1514
f 155 1558 1556
f 133 1426 1424
f 134 1432 1430
f 157 1569 1567
f 124 1371 1369
f 109 1281 1279
f 105 1257 1255
f 111 1293 1291
f 114 1311 1309
f 117 1329 1327
f 125 1377 1375
f 152 1539 1537
f 137 1450 1448
f 158 1576 1574
f 123 1366 1364
f 143 1485 1483
f 127 1389 1387
f 135 1438 1436
f 147 1509 1507
f 150 1527 1525
f 153 1545 1543
f 140 1467 1465
f 138 1456 1454
f 159 1582 1580
f 122 1360 1358
f 107 1271 1267
f 103 1247 1243
f 104 1254 1250
f 110 1290 1286
f 113 1308 1304
f 118 1338 1334
f 154 1553 1549
f 141 1475 1471
f 162 1601 1597
f 121 1356 1352
f 142 1481 1477
f 129 1403 1399
f 130 1410 1406
f 144 1494 1490
f 146 1506 1502
f 151 1535 1531
f 131 1416 1412
f 136 1446 1442
f 161 1596 1592
f 126 1385 1381
f 44 894 890
f 43 887 884
f 45 899 896
f 46 905 902
f 47 912 908
f 52 941 938
f 70 1050 1046
f 99 1224 1220
f 95 1200 1196
f 81 1115 1112
f 59 984 980
f 58 977 974
f 60 989 986
f 61 995 992
f 62 1002 998
f 65 1019 1016
f 57 971 968
f 77 1091 1088
f 86 1146 1142
f 88 1158 1154
f 98 1217 1214
f 68 1037 1034
f 48 918 914
f 78 1098 1094
f 93 1188 1184
f 69 1044 1040
f 101 1236 1232
f 97 1212 1208
f 82 1122 1118
f 50 930 926
f 89 1163 1160
f 64 1013 1010
f 53 948 944
f 74 1074 1070
f 84 1134 1130
f 90 1170 1166
f 63 1008 1004
f 55 960 956
f 76 1086 1082
f 87 1151 1148
f 72 1061 1058
f 49 923 920
f 79 1103 1100
f 96 1205 1202
f 102 1241 1238
f 91 1175 1172
f 67 1032 1028
f 56 966 962
f 75 1080 1076
f 83 1127 1124
f 66 1025 1022
f 54 953 950
f 73 1067 1064
f 85 1139 1136
f 92 1182 1178
f 71 1056 1052
f 100 1229 1226
f 94 1193 1190
f 80 1109 1106
f 51 936 932
f 116 1325 1321
f 108 1277 1273
f 106 1265 1261
f 112 1301 1297
f 115 1319 1315
f 119 1343 1339
f 156 1566 1562
f 139 1464 1460
f 160 1590 1586
f 120 1349 1345
f 149 1523 1519
f 132 1422 1418
f 128 1397 1393
f 145 1499 1495
f 148 1517 1513
f 155 1559 1555
f 133 1427 1423
f 134 1433 1429
f 157 1572 1568
f 124 1374 1370
f 44 892 894
f 43 885 887
f 45 897 899
f 46 903 905
f 47 910 912
f 52 939 941
f 70 1048 1050
f 99 1222 1224
f 95 1198 1200
f 81 1113 1115
f 59 982 984
f 58 975 977
f 60 987 989
f 61 993 995
f 62 1000 1002
f 65 1017 1019
f 57 969 971
f 77 1089 1091
f 86 1144 1146
f 88 1156 1158
f 98 1215 1217
f 68 1035 1037
f 48 916 918
f 78 1096 1098
f 93 1186 1188
f 69 1042 1044
f 101 1234 1236
f 97 1210 1212
f 82 1120 1122
f 50 928 930
f 89 1161 1163
f 64 1011 1013
f 53 946 948
f 74 1072 1074
f 84 1132 1134
f 90 1168 1170
f 63 1006 1008
f 55 958 960
f 76 1084 1086
f 87 1149 1151
f 72 1059 1061
f 49 921 923
f 79 1101 1103
f 96 1203 1205
f 102 1239 1241
f 91 1173 1175
f 67 1030 1032
f 56 964 966
f 75 1078 1080
f 83 1125 1127
f 66 1023 1025
f 54 951 953
f 73 1065 1067
f 85 1137 1139
f 92 1180 1182
f 71 1054 1056
f 100 1227 1229
f 94 1191 1193
f 80 1107 1109
f 51 934 936
f 116 1326 1325
f 108 1278 1277
f 106 1266 1265
f 112 1302 1301
f 115 1320 1319
f 119 1344 1343
f 156 1565 1566
f 139 1463 1464
f 160 1589 1590
f 120 1350 1349
f 149 1524 1523
f 132 1421 1422
f 128 1398 1397
f 145 1500 1499
f 148 1518 1517
f 155 1560 1559
f 133 1428 1427
f 134 1434 1433
f 157 1571 1572
f 124 1373 1374
f 44 889 892
f 43 883 885
f 45 895 897
f 46 901 903
f 47 907 910
f 52 937 939
f 70 1045 1048
f 99 1219 1222
f 95 1195 1198
f 81 1111 1113
f 59 979 982
f 58 973 975
f 60 985 987
f 61 991 993
f 62 997 1000
f 65 1015 1017
f 57 967 969
f 77 1087 1089
f 86 1141 1144
f 88 1153 1156
f 98 1213 1215
f 68 1033 1035
f 48 913 916
f 78 1093 1096
f 93 1183 1186
f 69 1039 1042
f 101 1231 1234
f 97 1207 1210
f 82 1117 1120
f 50 925 928
f 89 1159 1161
f 64 1009 1011
f 53 943 946
f 74 1069 1072
f 84 1129 1132
f 90 1165 1168
f 63 1003 1006
f 55 955 958
f 76 1081 1084
f 87 1147 1149
f 72 1057 1059
f 49 919 921
f 79 1099 1101
f 96 1201 1203
f 102 1237 1239
f 91 1171 1173
f 67 1027 1030
f 56 961 964
f 75 1075 1078
f 83 1123 1125
f 66 1021 1023
f 54 949 951
f 73 1063 1065
f 85 1135 1137
f 92 1177 1180
f 71 1051 1054
f 100 1225 1227
f 94 1189 1191
f 80 1105 1107
f 51 931 934
f 116 1322 1326
f 108 1274 1278
f 106 1262 1266
f 112 1298 1302
f 115 1316 1320
f 119 1340 1344
f 156 1561 1565
f 139 1459 1463
f 160 1585 1589
f 120 1346 1350
f 149 1520 1524
f 132 1417 1421
f 128 1394 1398
f 145 1496 1500
f 148 1514 1518
f 155 1556 1560
f 133 1424 1428
f 134 1430 1434
f 157 1567 1571
f 124 1369 1373
f 47 908 911
f 44 890 893
f 43 884 888
f 45 896 900
f 46 902 906
f 49 920 924
f 72 1058 1062
f 102 1238 1242
f 96 1202 1206
f 79 1100 1104
f 62 998 1001
f 59 980 983
f 58 974 978
f 60 986 990
f 61 992 996
f 66 1022 1026
f 54 950 954
f 73 1064 1068
f 85 1136 1140
f 92 1178 1181
f 101 1232 1235
f 69 1040 1043
f 50 926 929
f 82 1118 1121
f 97 1208 1211
f 71 1052 1055
f 100 1226 1230
f 94 1190 1194
f 80 1106 1110
f 51 932 935
f 90 1166 1169
f 63 1004 1007
f 55 956 959
f 76 1082 1085
f 87 1148 1152
f 91 1172 1176
f 67 1028 1031
f 56 962 965
f 75 1076 1079
f 83 1124 1128
f 68 1034 1038
f 48 914 917
f 78 1094 1097
f 93 1184 1187
f 98 1214 1218
f 88 1154 1157
f 65 1016 1020
f 57 968 972
f 77 1088 1092
f 86 1142 1145
f 64 1010 1014
f 53 944 947
f 74 1070 1073
f 84 1130 1133
f 89 1160 1164
f 70 1046 1049
f 99 1220 1223
f 95 1196 1199
f 81 1112 1116
f 52 938 942
f 109 1279 1283
f 105 1255 1259
f 111 1291 1295
f 114 1309 1313
f 117 1327 1331
f 125 1375 1379
f 152 1537 1541
f 137 1448 1452
f 158 1574 1578
f 123 1364 1368
f 143 1483 1487
f 127 1387 1391
f 135 1436 1440
f 147 1507 1511
f 150 1525 1529
f 153 1543 1547
f 140 1465 1469
f 138 1454 1458
f 159 1580 1584
f 122 1358 1362
f 107 1267 1269
f 103 1243 1245
f 104 1250 1252
f 110 1286 1288
f 113 1304 1306
f 118 1334 1336
f 154 1549 1551
f 141 1471 1473
f 162 1597 1599
f 121 1352 1354
f 142 1477 1479
f 129 1399 1401
f 130 1406 1408
f 144 1490 1492
f 146 1502 1504
f 151 1531 1533
f 131 1412 1414
f 136 1442 1444
f 161 1592 1594
f 126 1381 1383
f 116 1321 1323
f 108 1273 1275
f 106 1261 1263
f 112 1297 1299
f 115 1315 1317
f 119 1339 1341
f 156 1562 1564
f 139 1460 1462
f 160 1586 1588
f 120 1345 1347
f 149 1519 1521
f 132 1418 1420
f 128 1393 1395
f 145 1495 1497
f 148 1513 1515
f 155 1555 1557
f 133 1423 1425
f 134 1429 1431
f 157 1568 1570
f 124 1370 1372
f 109 1280 1282
f 105 1256 1258
f 111 1292 1294
f 114 1310 1312
f 117 1328 1330
f 125 1376 1378
f 152 1538 1540
f 137 1447 1449
f 158 1573 1575
f 123 1363 1365
f 143 1484 1486
f 127 1388 1390
f 135 1435 1437
f 147 1508 1510
f 150 1526 1528
f 153 1544 1546
f 140 1466 1468
f 138 1453 1455
f 159 1579 1581
f 122 1357 1359
f 107 1268 1272
f 103 1244 1248
f 104 1249 1253
f 110 1285 1289
f 113 1303 1307
f 118 1333 1337
f 154 1550 1554
f 141 1472 1476
f 162 1598 1602
f 121 1351 1355
f 142 1478 1482
f 129 1400 1404
f 130 1405 1409
f 144 1489 1493
f 146 1501 1505
f 151 1532 1536
f 131 1411 1415
f 136 1441 1445
f 161 1591 1595
f 126 1382 1386
f 47 911 909
f 44 893 891
f 43 888 886
f 45 900 898
f 46 906 904
f 49 924 922
f 72 1062 1060
f 102 1242 1240
f 96 1206 1204
f 79 1104 1102
f 62 1001 999
f 59 983 981
f 58 978 976
f 60 990 988
f 61 996 994
f 66 1026 1024
f 54 954 952
f 73 1068 1066
f 85 1140 1138
f 92 1181 1179
f 101 1235 1233
f 69 1043 1041
f 50 929 927
f 82 1121 1119
f 97 1211 1209
f 71 1055 1053
f 100 1230 1228
f 94 1194 1192
f 80 1110 1108
f 51 935 933
f 90 1169 1167
f 63 1007 1005
f 55 959 957
f 76 1085 1083
f 87 1152 1150
f 91 1176 1174
f 67 1031 1029
f 56 965 963
f 75 1079 1077
f 83 1128 1126
f 68 1038 1036
f 48 917 915
f 78 1097 1095
f 93 1187 1185
f 98 1218 1216
f 88 1157 1155
f 65 1020 1018
f 57 972 970
f 77 1092 1090
f 86 1145 1143
f 64 1014 1012
f 53 947 945
f 74 1073 1071
f 84 1133 1131
f 89 1164 1162
f 70 1049 1047
f 99 1223 1221
f 95 1199 1197
f 81 1116 1114
f 52 942 940
f 109 1283 1284
f 105 1259 1260
f 111 1295 1296
f 114 1313 1314
f 117 1331 1332
f 125 1379 1380
f 152 1541 1542
f 137 1452 1451
f 158 1578 1577
f 123 1368 1367
f 143 1487 1488
f 127 1391 1392
f 135 1440 1439
f 147 1511 1512
f 150 1529 1530
f 153 1547 1548
f 140 1469 1470
f 138 1458 1457
f 159 1584 1583
f 122 1362 1361
f 407 1609 1616
f 403 1605 1608
f 404 1611 1606
f 410 1614 1612
f 413 1617 1615
f 422 1631 1624
f 486 1688 1692
f 573 1775 1782
f 561 1763 1765
f 512 1719 1714
f 452 1654 1661
f 448 1650 1653
f 449 1656 1651
f 455 1659 1657
f 458 1662 1660
f 470 1672 1675
f 437 1646 1639
f 494 1706 1696
f 531 1735 1733
f 539 1741 1751
f 568 1770 1779
f 478 1680 1683
f 419 1621 1626
f 509 1711 1721
f 554 1756 1766
f 482 1684 1689
f 576 1780 1778
f 558 1767 1760
f 516 1722 1718
f 425 1627 1629
f 542 1744 1747
f 463 1668 1665
f 434 1636 1641
f 497 1699 1704
f 528 1730 1737
f 546 1748 1750
f 464 1666 1676
f 440 1642 1644
f 500 1705 1702
f 524 1736 1726
f 479 1691 1681
f 418 1623 1620
f 508 1713 1710
f 553 1764 1755
f 569 1781 1771
f 538 1749 1740
f 471 1677 1673
f 443 1645 1647
f 501 1703 1707
f 523 1725 1734
f 467 1674 1669
f 433 1638 1635
f 493 1695 1698
f 527 1732 1729
f 543 1752 1745
f 485 1690 1687
f 572 1777 1774
f 557 1759 1762
f 515 1717 1720
f 428 1630 1632
f 591 2191 2189
f 587 1885 1883
f 588 1901 1903
f 594 2279 2281
f 597 2315 2317
f 600 2171 2173
f 634 2160 2158
f 619 2016 2012
f 639 2214 2210
f 602 1919 1924
f 624 2137 2135
f 608 1978 1973
f 610 1991 1996
f 627 2225 2227
f 630 2302 2304
f 635 2178 2176
f 615 2153 2155
f 617 2009 2014
f 637 2207 2212
f 604 1926 1922
f 416 1857 1864
f 408 1803 1810
f 406 1786 1795
f 412 1822 1831
f 415 1840 1849
f 424 1876 1887
f 492 2182 2193
f 582 2312 2321
f 565 2276 2285
f 514 1898 1907
f 461 2091 2098
f 453 2037 2044
f 451 1952 1961
f 457 2056 2067
f 460 2074 2083
f 475 2128 2139
f 439 1966 1975
f 496 1988 1997
f 533 2222 2231
f 551 2293 2298
f 579 2185 2190
f 483 1879 1884
f 426 1893 1900
f 521 2271 2278
f 566 2307 2314
f 489 2163 2170
f 578 2150 2159
f 560 2006 2015
f 518 2204 2213
f 429 1911 1918
f 547 2131 2136
f 465 1969 1977
f 441 1983 1990
f 504 2217 2224
f 537 2290 2301
f 550 2168 2177
f 476 2145 2152
f 444 2001 2008
f 502 2199 2206
f 526 1916 1925
f 481 1808 1817
f 420 1789 1797
f 510 1825 1833
f 555 1843 1851
f 571 1862 1871
f 540 1933 1941
f 473 2110 2119
f 447 2020 2029
f 507 2236 2247
f 534 2257 2262
f 469 2042 2051
f 435 1947 1954
f 498 2059 2064
f 529 2077 2085
f 545 2096 2105
f 487 2113 2121
f 574 2023 2031
f 562 2239 2244
f 520 2254 2265
f 432 1930 1939
f 589 1818 1814
f 583 1798 1793
f 586 1834 1829
f 593 1852 1847
f 596 1872 1868
f 599 1942 1937
f 633 2120 2124
f 620 2030 2034
f 640 2248 2250
f 603 2263 2261
f 622 2052 2050
f 607 1955 1960
f 612 2065 2063
f 626 2086 2081
f 629 2106 2102
f 631 2122 2117
f 614 2032 2027
f 618 2245 2243
f 641 2266 2268
f 605 1940 1944
f 409 1813 1804
f 405 1792 1785
f 411 1828 1821
f 414 1846 1839
f 417 1867 1858
f 431 1936 1929
f 488 2123 2114
f 575 2033 2024
f 563 2249 2240
f 519 2260 2253
f 454 2049 2038
f 450 1959 1951
f 456 2062 2055
f 459 2080 2073
f 462 2101 2092
f 472 2116 2109
f 446 2026 2019
f 506 2242 2235
f 535 2267 2258
f 541 1943 1934
f 570 1869 1861
f 480 1815 1807
f 421 1799 1790
f 511 1835 1826
f 556 1853 1844
f 484 1889 1880
f 580 2195 2186
f 567 2319 2308
f 522 2283 2272
f 427 1905 1894
f 544 2103 2095
f 468 2046 2041
f 436 1957 1948
f 499 2069 2060
f 530 2087 2078
f 548 2141 2132
f 466 1979 1970
f 442 1993 1984
f 505 2229 2218
f 536 2296 2289
f 491 2188 2181
f 423 1882 1875
f 513 1902 1897
f 564 2280 2275
f 581 2316 2311
f 549 2172 2167
f 477 2157 2146
f 445 2011 2002
f 503 2209 2200
f 525 1923 1915
f 474 2134 2127
f 438 1972 1965
f 495 1995 1987
f 532 2226 2221
f 552 2303 2294
f 490 2175 2164
f 577 2154 2149
f 559 2013 2005
f 517 2211 2203
f 430 1921 1912
f 590 1865 1870
f 584 1811 1816
f 585 1796 1800
f 592 1832 1836
f 595 1850 1854
f 598 1888 1890
f 636 2194 2196
f 621 2322 2320
f 642 2286 2284
f 601 1908 1906
f 623 2099 2104
f 611 2045 2047
f 609 1962 1958
f 625 2068 2070
f 628 2084 2088
f 632 2140 2142
f 613 1976 1980
f 616 1998 1994
f 638 2232 2230
f 606 2299 2297
f 407 2330 2329
f 403 2324 2323
f 404 2325 2326
f 410 2332 2333
f 413 2335 2336
f 422 2344 2345
f 486 2410 2409
f 573 2497 2496
f 561 2486 2485
f 512 2434 2435
f 452 2375 2374
f 448 2369 2368
f 449 2370 2371
f 455 2377 2378
f 458 2380 2381
f 470 2393 2392
f 437 2359 2360
f 494 2415 2416
f 531 2455 2456
f 539 2461 2460
f 568 2489 2488
f 478 2399 2398
f 419 2341 2340
f 509 2431 2430
f 554 2476 2475
f 482 2405 2404
f 576 2500 2501
f 558 2481 2482
f 516 2439 2440
f 425 2348 2347
f 542 2465 2464
f 463 2383 2384
f 434 2356 2355
f 497 2420 2419
f 528 2452 2451
f 546 2471 2470
f 464 2386 2385
f 440 2363 2362
f 500 2422 2423
f 524 2445 2446
f 479 2400 2401
f 418 2338 2339
f 508 2428 2429
f 553 2473 2474
f 569 2490 2491
f 538 2458 2459
f 471 2394 2395
f 443 2366 2365
f 501 2425 2424
f 523 2444 2443
f 467 2389 2390
f 433 2353 2354
f 493 2414 2413
f 527 2449 2450
f 543 2466 2467
f 485 2407 2408
f 572 2494 2495
f 557 2480 2479
f 515 2438 2437
f 428 2351 2350
f 591 2510 2511
f 587 2504 2505
f 588 2508 2507
f 594 2514 2513
f 597 2517 2516
f 600 2520 2519
f 634 2554 2556
f 619 2539 2540
f 639 2560 2561
f 602 2523 2521
f 624 2543 2544
f 608 2527 2529
f 610 2532 2530
f 627 2547 2546
f 630 2550 2549
f 635 2552 2553
f 615 2535 2534
f 617 2538 2536
f 637 2558 2557
f 604 2524 2525
f 167 1607 647
f 164 1603 644
f 163 1604 643
f 165 1610 645
f 166 1613 646
f 169 1622 649
f 192 1686 672
f 222 1773 702
f 216 1761 696
f 199 1712 679
f 182 1652 662
f 179 1648 659
f 178 1649 658
f 180 1655 660
f 181 1658 661
f 186 1670 666
f 174 1637 654
f 193 1694 673
f 205 1731 685
f 212 1739 692
f 221 1768 701
f 189 1678 669
f 170 1619 650
f 202 1709 682
f 217 1754 697
f 191 1682 671
f 220 1776 700
f 214 1758 694
f 200 1716 680
f 171 1625 651
f 210 1742 690
f 183 1663 663
f 175 1634 655
f 196 1697 676
f 207 1728 687
f 211 1746 691
f 187 1664 667
f 176 1640 656
f 195 1700 675
f 203 1724 683
f 188 1679 668
f 168 1618 648
f 198 1708 678
f 213 1753 693
f 218 1769 698
f 208 1738 688
f 185 1671 665
f 177 1643 657
f 197 1701 677
f 206 1723 686
f 184 1667 664
f 173 1633 653
f 194 1693 674
f 204 1727 684
f 209 1743 689
f 190 1685 670
f 219 1772 699
f 215 1757 695
f 201 1715 681
f 172 1628 652
f 357 2187 837
f 255 1881 735
f 262 1899 742
f 388 2277 868
f 400 2313 880
f 352 2169 832
f 347 2156 827
f 298 2010 778
f 364 2208 844
f 269 1917 749
f 339 2133 819
f 285 1971 765
f 293 1989 773
f 370 2223 850
f 396 2300 876
f 353 2174 833
f 346 2151 826
f 299 2007 779
f 365 2205 845
f 268 1920 748
f 249 1855 729
f 231 1801 711
f 226 1784 706
f 238 1820 718
f 244 1838 724
f 257 1874 737
f 359 2180 839
f 402 2310 882
f 390 2274 870
f 264 1896 744
f 327 2089 807
f 309 2035 789
f 282 1950 762
f 317 2054 797
f 322 2072 802
f 341 2126 821
f 286 1964 766
f 294 1986 774
f 372 2220 852
f 394 2291 874
f 358 2183 838
f 256 1877 736
f 261 1891 741
f 387 2269 867
f 399 2305 879
f 351 2161 831
f 348 2148 828
f 300 2004 780
f 366 2202 846
f 267 1909 747
f 340 2129 820
f 287 1967 767
f 291 1981 771
f 369 2215 849
f 395 2288 875
f 354 2166 834
f 345 2143 825
f 297 1999 777
f 363 2197 843
f 270 1914 750
f 234 1806 714
f 227 1787 707
f 239 1823 719
f 245 1841 725
f 252 1860 732
f 275 1931 755
f 334 2108 814
f 304 2018 784
f 377 2234 857
f 382 2255 862
f 312 2040 792
f 279 1945 759
f 316 2057 796
f 323 2075 803
f 330 2094 810
f 335 2111 815
f 305 2021 785
f 376 2237 856
f 383 2252 863
f 274 1928 754
f 232 1812 712
f 225 1791 705
f 237 1827 717
f 243 1845 723
f 250 1866 730
f 273 1935 753
f 336 2118 816
f 306 2028 786
f 378 2246 858
f 381 2259 861
f 311 2048 791
f 281 1953 761
f 315 2061 795
f 321 2079 801
f 328 2100 808
f 333 2115 813
f 303 2025 783
f 375 2241 855
f 384 2264 864
f 276 1938 756
f 229 1802 709
f 223 1783 703
f 235 1819 715
f 241 1837 721
f 247 1856 727
f 271 1927 751
f 332 2112 812
f 302 2022 782
f 374 2238 854
f 379 2251 859
f 307 2036 787
f 278 1949 758
f 313 2053 793
f 319 2071 799
f 325 2090 805
f 331 2107 811
f 301 2017 781
f 373 2233 853
f 380 2256 860
f 272 1932 752
f 248 1859 728
f 230 1805 710
f 224 1788 704
f 236 1824 716
f 242 1842 722
f 254 1878 734
f 356 2184 836
f 397 2306 877
f 385 2270 865
f 259 1892 739
f 326 2093 806
f 308 2039 788
f 277 1946 757
f 314 2058 794
f 320 2076 800
f 338 2130 818
f 284 1968 764
f 289 1982 769
f 367 2216 847
f 391 2287 871
f 355 2179 835
f 253 1873 733
f 260 1895 740
f 386 2273 866
f 398 2309 878
f 350 2165 830
f 343 2144 823
f 295 2000 775
f 361 2198 841
f 266 1913 746
f 337 2125 817
f 283 1963 763
f 290 1985 770
f 368 2219 848
f 392 2292 872
f 349 2162 829
f 344 2147 824
f 296 2003 776
f 362 2201 842
f 265 1910 745
f 251 1863 731
f 233 1809 713
f 228 1794 708
f 240 1830 720
f 246 1848 726
f 258 1886 738
f 360 2192 840
f 401 2318 881
f 389 2282 869
f 263 1904 743
f 329 2097 809
f 310 2043 790
f 280 1956 760
f 318 2066 798
f 324 2082 804
f 342 2138 822
f 288 1974 768
f 292 1992 772
f 371 2228 851
f 393 2295 873
f 409 2331 1269
f 405 2327 1245
f 411 2328 1252
f 414 2334 1288
f 417 2337 1306
f 431 2346 1336
f 488 2412 1551
f 575 2499 1473
f 563 2487 1599
f 519 2436 1354
f 454 2376 1479
f 450 2372 1401
f 456 2373 1408
f 459 2379 1492
f 462 2382 1504
f 472 2396 1533
f 446 2361 1414
f 506 2418 1444
f 535 2457 1594
f 541 2463 1383
f 570 2492 1323
f 480 2402 1275
f 421 2343 1263
f 511 2433 1299
f 556 2478 1317
f 484 2406 1341
f 580 2502 1564
f 567 2484 1462
f 522 2442 1588
f 427 2349 1347
f 544 2468 1521
f 468 2387 1420
f 436 2358 1395
f 499 2421 1497
f 530 2454 1515
f 548 2472 1557
f 466 2388 1425
f 442 2364 1431
f 505 2426 1570
f 536 2448 1372
f 491 2403 1282
f 423 2342 1258
f 513 2432 1294
f 564 2477 1312
f 581 2493 1330
f 549 2462 1378
f 477 2397 1540
f 445 2367 1449
f 503 2427 1575
f 525 2447 1365
f 474 2391 1486
f 438 2357 1390
f 495 2417 1437
f 532 2453 1510
f 552 2469 1528
f 490 2411 1546
f 577 2498 1468
f 559 2483 1455
f 517 2441 1581
f 430 2352 1359
f 590 2509 1272
f 584 2503 1248
f 585 2506 1253
f 592 2512 1289
f 595 2515 1307
f 598 2518 1337
f 636 2555 1554
f 621 2541 1476
f 642 2562 1602
f 601 2522 1355
f 623 2542 1482
f 611 2528 1404
f 609 2531 1409
f 625 2545 1493
f 628 2548 1505
f 632 2551 1536
f 613 2533 1415
f 616 2537 1445
f 638 2559 1595
f 606 2526 1386
f 407 1616 909
f 403 1608 891
f 404 1606 886
f 410 1612 898
f 413 1615 904
f 422 1624 922
f 486 1692 1060
f 573 1782 1240
f 561 1765 1204
f 512 1714 1102
f 452 1661 999
f 448 1653 981
f 449 1651 976
f 455 1657 988
f 458 1660 994
f 470 1675 1024
f 437 1639 952
f 494 1696 1066
f 531 1733 1138
f 539 1751 1179
f 568 1779 1233
f 478 1683 1041
f 419 1626 927
f 509 1721 1119
f 554 1766 1209
f 482 1689 1053
f 576 1778 1228
f 558 1760 1192
f 516 1718 1108
f 425 1629 933
f 542 1747 1167
f 463 1665 1005
f 434 1641 957
f 497 1704 1083
f 528 1737 1150
f 546 1750 1174
f 464 1676 1029
f 440 1644 963
f 500 1702 1077
f 524 1726 1126
f 479 1681 1036
f 418 1620 915
f 508 1710 1095
f 553 1755 1185
f 569 1771 1216
f 538 1740 1155
f 471 1673 1018
f 443 1647 970
f 501 1707 1090
f 523 1734 1143
f 467 1669 1012
f 433 1635 945
f 493 1698 1071
f 527 1729 1131
f 543 1745 1162
f 485 1687 1047
f 572 1774 1221
f 557 1762 1197
f 515 1720 1114
f 428 1632 940
f 591 2189 1284
f 587 1883 1260
f 588 1903 1296
f 594 2281 1314
f 597 2317 1332
f 600 2173 1380
f 634 2158 1542
f 619 2012 1451
f 639 2210 1577
f 602 1924 1367
f 624 2135 1488
f 608 1973 1392
f 610 1996 1439
f 627 2227 1512
f 630 2304 1530
f 635 2176 1548
f 615 2155 1470
f 617 2014 1457
f 637 2212 1583
f 604 1922 1361
f 416 1864 1270
f 408 1810 1246
f 406 1795 1251
f 412 1831 1287
f 415 1849 1305
f 424 1887 1335
f 492 2193 1552
f 582 2321 1474
f 565 2285 1600
f 514 1907 1353
f 461 2098 1480
f 453 2044 1402
f 451 1961 1407
f 457 2067 1491
f 460 2083 1503
f 475 2139 1534
f 439 1975 1413
f 496 1997 1443
f 533 2231 1593
f 551 2298 1384
f 579 2190 1324
f 483 1884 1276
f 426 1900 1264
f 521 2278 1300
f 566 2314 1318
f 489 2170 1342
f 578 2159 1563
f 560 2015 1461
f 518 2213 1587
f 429 1918 1348
f 547 2136 1522
f 465 1977 1419
f 441 1990 1396
f 504 2224 1498
f 537 2301 1516
f 550 2177 1558
f 476 2152 1426
f 444 2008 1432
f 502 2206 1569
f 526 1925 1371
f 481 1817 1281
f 420 1797 1257
f 510 1833 1293
f 555 1851 1311
f 571 1871 1329
f 540 1941 1377
f 473 2119 1539
f 447 2029 1450
f 507 2247 1576
f 534 2262 1366
f 469 2051 1485
f 435 1954 1389
f 498 2064 1438
f 529 2085 1509
f 545 2105 1527
f 487 2121 1545
f 574 2031 1467
f 562 2244 1456
f 520 2265 1582
f 432 1939 1360
f 589 1814 1271
f 583 1793 1247
f 586 1829 1254
f 593 1847 1290
f 596 1868 1308
f 599 1937 1338
f 633 2124 1553
f 620 2034 1475
f 640 2250 1601
f 603 2261 1356
f 622 2050 1481
f 607 1960 1403
f 612 2063 1410
f 626 2081 1494
f 629 2102 1506
f 631 2117 1535
f 614 2027 1416
f 618 2243 1446
f 641 2268 1596
f 605 1944 1385
f 409 1804 894
f 405 1785 887
f 411 1821 899
f 414 1839 905
f 417 1858 912
f 431 1929 941
f 488 2114 1050
f 575 2024 1224
f 563 2240 1200
f 519 2253 1115
f 454 2038 984
f 450 1951 977
f 456 2055 989
f 459 2073 995
f 462 2092 1002
f 472 2109 1019
f 446 2019 971
f 506 2235 1091
f 535 2258 1146
f 541 1934 1158
f 570 1861 1217
f 480 1807 1037
f 421 1790 918
f 511 1826 1098
f 556 1844 1188
f 484 1880 1044
f 580 2186 1236
f 567 2308 1212
f 522 2272 1122
f 427 1894 930
f 544 2095 1163
f 468 2041 1013
f 436 1948 948
f 499 2060 1074
f 530 2078 1134
f 548 2132 1170
f 466 1970 1008
f 442 1984 960
f 505 2218 1086
f 536 2289 1151
f 491 2181 1061
f 423 1875 923
f 513 1897 1103
f 564 2275 1205
f 581 2311 1241
f 549 2167 1175
f 477 2146 1032
f 445 2002 966
f 503 2200 1080
f 525 1915 1127
f 474 2127 1025
f 438 1965 953
f 495 1987 1067
f 532 2221 1139
f 552 2294 1182
f 490 2164 1056
f 577 2149 1229
f 559 2005 1193
f 517 2203 1109
f 430 1912 936
f 590 1870 1325
f 584 1816 1277
f 585 1800 1265
f 592 1836 1301
f 595 1854 1319
f 598 1890 1343
f 636 2196 1566
f 621 2320 1464
f 642 2284 1590
f 601 1906 1349
f 623 2104 1523
f 611 2047 1422
f 609 1958 1397
f 625 2070 1499
f 628 2088 1517
f 632 2142 1559
f 613 1980 1427
f 616 1994 1433
f 638 2230 1572
f 606 2297 1374
f 407 2329 892
f 403 2323 885
f 404 2326 897
f 410 2333 903
f 413 2336 910
f 422 2345 939
f 486 2409 1048
f 573 2496 1222
f 561 2485 1198
f 512 2435 1113
f 452 2374 982
f 448 2368 975
f 449 2371 987
f 455 2378 993
f 458 2381 1000
f 470 2392 1017
f 437 2360 969
f 494 2416 1089
f 531 2456 1144
f 539 2460 1156
f 568 2488 1215
f 478 2398 1035
f 419 2340 916
f 509 2430 1096
f 554 2475 1186
f 482 2404 1042
f 576 2501 1234
f 558 2482 1210
f 516 2440 1120
f 425 2347 928
f 542 2464 1161
f 463 2384 1011
f 434 2355 946
f 497 2419 1072
f 528 2451 1132
f 546 2470 1168
f 464 2385 1006
f 440 2362 958
f 500 2423 1084
f 524 2446 1149
f 479 2401 1059
f 418 2339 921
f 508 2429 1101
f 553 2474 1203
f 569 2491 1239
f 538 2459 1173
f 471 2395 1030
f 443 2365 964
f 501 2424 1078
f 523 2443 1125
f 467 2390 1023
f 433 2354 951
f 493 2413 1065
f 527 2450 1137
f 543 2467 1180
f 485 2408 1054
f 572 2495 1227
f 557 2479 1191
f 515 2437 1107
f 428 2350 934
f 591 2511 1326
f 587 2505 1278
f 588 2507 1266
f 594 2513 1302
f 597 2516 1320
f 600 2519 1344
f 634 2556 1565
f 619 2540 1463
f 639 2561 1589
f 602 2521 1350
f 624 2544 1524
f 608 2529 1421
f 610 2530 1398
f 627 2546 1500
f 630 2549 1518
f 635 2553 1560
f 615 2534 1428
f 617 2536 1434
f 637 2557 1571
f 604 2525 1373
f 164 1609 889
f 163 1605 883
f 165 1611 895
f 166 1614 901
f 167 1617 907
f 172 1631 937
f 190 1688 1045
f 219 1775 1219
f 215 1763 1195
f 201 1719 1111
f 179 1654 979
f 178 1650 973
f 180 1656 985
f 181 1659 991
f 182 1662 997
f 185 1672 1015
f 177 1646 967
f 197 1706 1087
f 206 1735 1141
f 208 1741 1153
f 218 1770 1213
f 188 1680 1033
f 168 1621 913
f 198 1711 1093
f 213 1756 1183
f 189 1684 1039
f 221 1780 1231
f 217 1767 1207
f 202 1722 1117
f 170 1627 925
f 209 1744 1159
f 184 1668 1009
f 173 1636 943
f 194 1699 1069
f 204 1730 1129
f 210 1748 1165
f 183 1666 1003
f 175 1642 955
f 196 1705 1081
f 207 1736 1147
f 192 1691 1057
f 169 1623 919
f 199 1713 1099
f 216 1764 1201
f 222 1781 1237
f 211 1749 1171
f 187 1677 1027
f 176 1645 961
f 195 1703 1075
f 203 1725 1123
f 186 1674 1021
f 174 1638 949
f 193 1695 1063
f 205 1732 1135
f 212 1752 1177
f 191 1690 1051
f 220 1777 1225
f 214 1759 1189
f 200 1717 1105
f 171 1630 931
f 358 2191 1322
f 256 1885 1274
f 261 1901 1262
f 387 2279 1298
f 399 2315 1316
f 351 2171 1340
f 348 2160 1561
f 300 2016 1459
f 366 2214 1585
f 267 1919 1346
f 340 2137 1520
f 287 1978 1417
f 291 1991 1394
f 369 2225 1496
f 395 2302 1514
f 354 2178 1556
f 345 2153 1424
f 297 2009 1430
f 363 2207 1567
f 270 1926 1369
f 247 1857 908
f 229 1803 890
f 223 1786 884
f 235 1822 896
f 241 1840 902
f 253 1876 920
f 355 2182 1058
f 398 2312 1238
f 386 2276 1202
f 260 1898 1100
f 325 2091 998
f 307 2037 980
f 278 1952 974
f 313 2056 986
f 319 2074 992
f 337 2128 1022
f 283 1966 950
f 290 1988 1064
f 368 2222 1136
f 392 2293 1178
f 356 2185 1232
f 254 1879 1040
f 259 1893 926
f 385 2271 1118
f 397 2307 1208
f 349 2163 1052
f 344 2150 1226
f 296 2006 1190
f 362 2204 1106
f 265 1911 932
f 338 2131 1166
f 284 1969 1004
f 289 1983 956
f 367 2217 1082
f 391 2290 1148
f 350 2168 1172
f 343 2145 1028
f 295 2001 962
f 361 2199 1076
f 266 1916 1124
f 230 1808 1034
f 224 1789 914
f 236 1825 1094
f 242 1843 1184
f 248 1862 1214
f 272 1933 1154
f 331 2110 1016
f 301 2020 968
f 373 2236 1088
f 380 2257 1142
f 308 2042 1010
f 277 1947 944
f 314 2059 1070
f 320 2077 1130
f 326 2096 1160
f 332 2113 1046
f 302 2023 1220
f 374 2239 1196
f 379 2254 1112
f 271 1930 938
f 234 1818 1279
f 227 1798 1255
f 239 1834 1291
f 245 1852 1309
f 252 1872 1327
f 275 1942 1375
f 334 2120 1537
f 304 2030 1448
f 377 2248 1574
f 382 2263 1364
f 312 2052 1483
f 279 1955 1387
f 316 2065 1436
f 323 2086 1507
f 330 2106 1525
f 335 2122 1543
f 305 2032 1465
f 376 2245 1454
f 383 2266 1580
f 274 1940 1358
f 232 1813 1267
f 225 1792 1243
f 237 1828 1250
f 243 1846 1286
f 250 1867 1304
f 273 1936 1334
f 336 2123 1549
f 306 2033 1471
f 378 2249 1597
f 381 2260 1352
f 311 2049 1477
f 281 1959 1399
f 315 2062 1406
f 321 2080 1490
f 328 2101 1502
f 333 2116 1531
f 303 2026 1412
f 375 2242 1442
f 384 2267 1592
f 276 1943 1381
f 251 1869 1321
f 233 1815 1273
f 228 1799 1261
f 240 1835 1297
f 246 1853 1315
f 258 1889 1339
f 360 2195 1562
f 401 2319 1460
f 389 2283 1586
f 263 1905 1345
f 329 2103 1519
f 310 2046 1418
f 280 1957 1393
f 318 2069 1495
f 324 2087 1513
f 342 2141 1555
f 288 1979 1423
f 292 1993 1429
f 371 2229 1568
f 393 2296 1370
f 357 2188 1280
f 255 1882 1256
f 262 1902 1292
f 388 2280 1310
f 400 2316 1328
f 352 2172 1376
f 347 2157 1538
f 298 2011 1447
f 364 2209 1573
f 269 1923 1363
f 339 2134 1484
f 285 1972 1388
f 293 1995 1435
f 370 2226 1508
f 396 2303 1526
f 353 2175 1544
f 346 2154 1466
f 299 2013 1453
f 365 2211 1579
f 268 1921 1357
f 249 1865 1268
f 231 1811 1244
f 226 1796 1249
f 238 1832 1285
f 244 1850 1303
f 257 1888 1333
f 359 2194 1550
f 402 2322 1472
f 390 2286 1598
f 264 1908 1351
f 327 2099 1478
f 309 2045 1400
f 282 1962 1405
f 317 2068 1489
f 322 2084 1501
f 341 2140 1532
f 286 1976 1411
f 294 1998 1441
f 372 2232 1591
f 394 2299 1382
f 416 2330 911
f 408 2324 893
f 406 2325 888
f 412 2332 900
f 415 2335 906
f 424 2344 924
f 492 2410 1062
f 582 2497 1242
f 565 2486 1206
f 514 2434 1104
f 461 2375 1001
f 453 2369 983
f 451 2370 978
f 457 2377 990
f 460 2380 996
f 475 2393 1026
f 439 2359 954
f 496 2415 1068
f 533 2455 1140
f 551 2461 1181
f 579 2489 1235
f 483 2399 1043
f 426 2341 929
f 521 2431 1121
f 566 2476 1211
f 489 2405 1055
f 578 2500 1230
f 560 2481 1194
f 518 2439 1110
f 429 2348 935
f 547 2465 1169
f 465 2383 1007
f 441 2356 959
f 504 2420 1085
f 537 2452 1152
f 550 2471 1176
f 476 2386 1031
f 444 2363 965
f 502 2422 1079
f 526 2445 1128
f 481 2400 1038
f 420 2338 917
f 510 2428 1097
f 555 2473 1187
f 571 2490 1218
f 540 2458 1157
f 473 2394 1020
f 447 2366 972
f 507 2425 1092
f 534 2444 1145
f 469 2389 1014
f 435 2353 947
f 498 2414 1073
f 529 2449 1133
f 545 2466 1164
f 487 2407 1049
f 574 2494 1223
f 562 2480 1199
f 520 2438 1116
f 432 2351 942
f 589 2510 1283
f 583 2504 1259
f 586 2508 1295
f 593 2514 1313
f 596 2517 1331
f 599 2520 1379
f 633 2554 1541
f 620 2539 1452
f 640 2560 1578
f 603 2523 1368
f 622 2543 1487
f 607 2527 1391
f 612 2532 1440
f 626 2547 1511
f 629 2550 1529
f 631 2552 1547
f 614 2535 1469
f 618 2538 1458
f 641 2558 1584
f 605 2524 1362
f 164 1607 1609
f 163 1603 1605
f 165 1604 1611
f 166 1610 1614
f 167 1613 1617
f 172 1622 1631
f 190 1686 1688
f 219 1773 1775
f 215 1761 1763
f 201 1712 1719
f 179 1652 1654
f 178 1648 1650
f 180 1649 1656
f 181 1655 1659
f 182 1658 1662
f 185 1670 1672
f 177 1637 1646
f 197 1694 1706
f 206 1731 1735
f 208 1739 1741
f 218 1768 1770
f 188 1678 1680
f 168 1619 1621
f 198 1709 1711
f 213 1754 1756
f 189 1682 1684
f 221 1776 1780
f 217 1758 1767
f 202 1716 1722
f 170 1625 1627
f 209 1742 1744
f 184 1663 1668
f 173 1634 1636
f 194 1697 1699
f 204 1728 1730
f 210 1746 1748
f 183 1664 1666
f 175 1640 1642
f 196 1700 1705
f 207 1724 1736
f 192 1679 1691
f 169 1618 1623
f 199 1708 1713
f 216 1753 1764
f 222 1769 1781
f 211 1738 1749
f 187 1671 1677
f 176 1643 1645
f 195 1701 1703
f 203 1723 1725
f 186 1667 1674
f 174 1633 1638
f 193 1693 1695
f 205 1727 1732
f 212 1743 1752
f 191 1685 1690
f 220 1772 1777
f 214 1757 1759
f 200 1715 1717
f 171 1628 1630
f 358 2187 2191
f 256 1881 1885
f 261 1899 1901
f 387 2277 2279
f 399 2313 2315
f 351 2169 2171
f 348 2156 2160
f 300 2010 2016
f 366 2208 2214
f 267 1917 1919
f 340 2133 2137
f 287 1971 1978
f 291 1989 1991
f 369 2223 2225
f 395 2300 2302
f 354 2174 2178
f 345 2151 2153
f 297 2007 2009
f 363 2205 2207
f 270 1920 1926
f 247 1855 1857
f 229 1801 1803
f 223 1784 1786
f 235 1820 1822
f 241 1838 1840
f 253 1874 1876
f 355 2180 2182
f 398 2310 2312
f 386 2274 2276
f 260 1896 1898
f 325 2089 2091
f 307 2035 2037
f 278 1950 1952
f 313 2054 2056
f 319 2072 2074
f 337 2126 2128
f 283 1964 1966
f 290 1986 1988
f 368 2220 2222
f 392 2291 2293
f 356 2183 2185
f 254 1877 1879
f 259 1891 1893
f 385 2269 2271
f 397 2305 2307
f 349 2161 2163
f 344 2148 2150
f 296 2004 2006
f 362 2202 2204
f 265 1909 1911
f 338 2129 2131
f 284 1967 1969
f 289 1981 1983
f 367 2215 2217
f 391 2288 2290
f 350 2166 2168
f 343 2143 2145
f 295 1999 2001
f 361 2197 2199
f 266 1914 1916
f 230 1806 1808
f 224 1787 1789
f 236 1823 1825
f 242 1841 1843
f 248 1860 1862
f 272 1931 1933
f 331 2108 2110
f 301 2018 2020
f 373 2234 2236
f 380 2255 2257
f 308 2040 2042
f 277 1945 1947
f 314 2057 2059
f 320 2075 2077
f 326 2094 2096
f 332 2111 2113
f 302 2021 2023
f 374 2237 2239
f 379 2252 2254
f 271 1928 1930
f 234 1812 1818
f 227 1791 1798
f 239 1827 1834
f 245 1845 1852
f 252 1866 1872
f 275 1935 1942
f 334 2118 2120
f 304 2028 2030
f 377 2246 2248
f 382 2259 2263
f 312 2048 2052
f 279 1953 1955
f 316 2061 2065
f 323 2079 2086
f 330 2100 2106
f 335 2115 2122
f 305 2025 2032
f 376 2241 2245
f 383 2264 2266
f 274 1938 1940
f 232 1802 1813
f 225 1783 1792
f 237 1819 1828
f 243 1837 1846
f 250 1856 1867
f 273 1927 1936
f 336 2112 2123
f 306 2022 2033
f 378 2238 2249
f 381 2251 2260
f 311 2036 2049
f 281 1949 1959
f 315 2053 2062
f 321 2071 2080
f 328 2090 2101
f 333 2107 2116
f 303 2017 2026
f 375 2233 2242
f 384 2256 2267
f 276 1932 1943
f 251 1859 1869
f 233 1805 1815
f 228 1788 1799
f 240 1824 1835
f 246 1842 1853
f 258 1878 1889
f 360 2184 2195
f 401 2306 2319
f 389 2270 2283
f 263 1892 1905
f 329 2093 2103
f 310 2039 2046
f 280 1946 1957
f 318 2058 2069
f 324 2076 2087
f 342 2130 2141
f 288 1968 1979
f 292 1982 1993
f 371 2216 2229
f 393 2287 2296
f 357 2179 2188
f 255 1873 1882
f 262 1895 1902
f 388 2273 2280
f 400 2309 2316
f 352 2165 2172
f 347 2144 2157
f 298 2000 2011
f 364 2198 2209
f 269 1913 1923
f 339 2125 2134
f 285 1963 1972
f 293 1985 1995
f 370 2219 2226
f 396 2292 2303
f 353 2162 2175
f 346 2147 2154
f 299 2003 2013
f 365 2201 2211
f 268 1910 1921
f 249 1863 1865
f 231 1809 1811
f 226 1794 1796
f 238 1830 1832
f 244 1848 1850
f 257 1886 1888
f 359 2192 2194
f 402 2318 2322
f 390 2282 2286
f 264 1904 1908
f 327 2097 2099
f 309 2043 2045
f 282 1956 1962
f 317 2066 2068
f 322 2082 2084
f 341 2138 2140
f 286 1974 1976
f 294 1992 1998
f 372 2228 2232
f 394 2295 2299
f 416 2331 2330
f 408 2327 2324
f 406 2328 2325
f 412 2334 2332
f 415 2337 2335
f 424 2346 2344
f 492 2412 2410
f 582 2499 2497
f 565 2487 2486
f 514 2436 2434
f 461 2376 2375
f 453 2372 2369
f 451 2373 2370
f 457 2379 2377
f 460 2382 2380
f 475 2396 2393
f 439 2361 2359
f 496 2418 2415
f 533 2457 2455
f 551 2463 2461
f 579 2492 2489
f 483 2402 2399
f 426 2343 2341
f 521 2433 2431
f 566 2478 2476
f 489 2406 2405
f 578 2502 2500
f 560 2484 2481
f 518 2442 2439
f 429 2349 2348
f 547 2468 2465
f 465 2387 2383
f 441 2358 2356
f 504 2421 2420
f 537 2454 2452
f 550 2472 2471
f 476 2388 2386
f 444 2364 2363
f 502 2426 2422
f 526 2448 2445
f 481 2403 2400
f 420 2342 2338
f 510 2432 2428
f 555 2477 2473
f 571 2493 2490
f 540 2462 2458
f 473 2397 2394
f 447 2367 2366
f 507 2427 2425
f 534 2447 2444
f 469 2391 2389
f 435 2357 2353
f 498 2417 2414
f 529 2453 2449
f 545 2469 2466
f 487 2411 2407
f 574 2498 2494
f 562 2483 2480
f 520 2441 2438
f 432 2352 2351
f 589 2509 2510
f 583 2503 2504
f 586 2506 2508
f 593 2512 2514
f 596 2515 2517
f 599 2518 2520
f 633 2555 2554
f 620 2541 2539
f 640 2562 2560
f 603 2522 2523
f 622 2542 2543
f 607 2528 2527
f 612 2531 2532
f 626 2545 2547
f 629 2548 2550
f 631 2551 2552
f 614 2533 2535
f 618 2537 2538
f 641 2559 2558
f 605 2526 2524
f 164 644 1607
f 163 643 1603
f 165 645 1604
f 166 646 1610
f 167 647 1613
f 172 652 1622
f 190 670 1686
f 219 699 1773
f 215 695 1761
f 201 681 1712
f 179 659 1652
f 178 658 1648
f 180 660 1649
f 181 661 1655
f 182 662 1658
f 185 665 1670
f 177 657 1637
f 197 677 1694
f 206 686 1731
f 208 688 1739
f 218 698 1768
f 188 668 1678
f 168 648 1619
f 198 678 1709
f 213 693 1754
f 189 669 1682
f 221 701 1776
f 217 697 1758
f 202 682 1716
f 170 650 1625
f 209 689 1742
f 184 664 1663
f 173 653 1634
f 194 674 1697
f 204 684 1728
f 210 690 1746
f 183 663 1664
f 175 655 1640
f 196 676 1700
f 207 687 1724
f 192 672 1679
f 169 649 1618
f 199 679 1708
f 216 696 1753
f 222 702 1769
f 211 691 1738
f 187 667 1671
f 176 656 1643
f 195 675 1701
f 203 683 1723
f 186 666 1667
f 174 654 1633
f 193 673 1693
f 205 685 1727
f 212 692 1743
f 191 671 1685
f 220 700 1772
f 214 694 1757
f 200 680 1715
f 171 651 1628
f 358 838 2187
f 256 736 1881
f 261 741 1899
f 387 867 2277
f 399 879 2313
f 351 831 2169
f 348 828 2156
f 300 780 2010
f 366 846 2208
f 267 747 1917
f 340 820 2133
f 287 767 1971
f 291 771 1989
f 369 849 2223
f 395 875 2300
f 354 834 2174
f 345 825 2151
f 297 777 2007
f 363 843 2205
f 270 750 1920
f 247 727 1855
f 229 709 1801
f 223 703 1784
f 235 715 1820
f 241 721 1838
f 253 733 1874
f 355 835 2180
f 398 878 2310
f 386 866 2274
f 260 740 1896
f 325 805 2089
f 307 787 2035
f 278 758 1950
f 313 793 2054
f 319 799 2072
f 337 817 2126
f 283 763 1964
f 290 770 1986
f 368 848 2220
f 392 872 2291
f 356 836 2183
f 254 734 1877
f 259 739 1891
f 385 865 2269
f 397 877 2305
f 349 829 2161
f 344 824 2148
f 296 776 2004
f 362 842 2202
f 265 745 1909
f 338 818 2129
f 284 764 1967
f 289 769 1981
f 367 847 2215
f 391 871 2288
f 350 830 2166
f 343 823 2143
f 295 775 1999
f 361 841 2197
f 266 746 1914
f 230 710 1806
f 224 704 1787
f 236 716 1823
f 242 722 1841
f 248 728 1860
f 272 752 1931
f 331 811 2108
f 301 781 2018
f 373 853 2234
f 380 860 2255
f 308 788 2040
f 277 757 1945
f 314 794 2057
f 320 800 2075
f 326 806 2094
f 332 812 2111
f 302 782 2021
f 374 854 2237
f 379 859 2252
f 271 751 1928
f 234 714 1812
f 227 707 1791
f 239 719 1827
f 245 725 1845
f 252 732 1866
f 275 755 1935
f 334 814 2118
f 304 784 2028
f 377 857 2246
f 382 862 2259
f 312 792 2048
f 279 759 1953
f 316 796 2061
f 323 803 2079
f 330 810 2100
f 335 815 2115
f 305 785 2025
f 376 856 2241
f 383 863 2264
f 274 754 1938
f 232 712 1802
f 225 705 1783
f 237 717 1819
f 243 723 1837
f 250 730 1856
f 273 753 1927
f 336 816 2112
f 306 786 2022
f 378 858 2238
f 381 861 2251
f 311 791 2036
f 281 761 1949
f 315 795 2053
f 321 801 2071
f 328 808 2090
f 333 813 2107
f 303 783 2017
f 375 855 2233
f 384 864 2256
f 276 756 1932
f 251 731 1859
f 233 713 1805
f 228 708 1788
f 240 720 1824
f 246 726 1842
f 258 738 1878
f 360 840 2184
f 401 881 2306
f 389 869 2270
f 263 743 1892
f 329 809 2093
f 310 790 2039
f 280 760 1946
f 318 798 2058
f 324 804 2076
f 342 822 2130
f 288 768 1968
f 292 772 1982
f 371 851 2216
f 393 873 2287
f 357 837 2179
f 255 735 1873
f 262 742 1895
f 388 868 2273
f 400 880 2309
f 352 832 2165
f 347 827 2144
f 298 778 2000
f 364 844 2198
f 269 749 1913
f 339 819 2125
f 285 765 1963
f 293 773 1985
f 370 850 2219
f 396 876 2292
f 353 833 2162
f 346 826 2147
f 299 779 2003
f 365 845 2201
f 268 748 1910
f 249 729 1863
f 231 711 1809
f 226 706 1794
f 238 718 1830
f 244 724 1848
f 257 737 1886
f 359 839 2192
f 402 882 2318
f 390 870 2282
f 264 744 1904
f 327 807 2097
f 309 789 2043
f 282 762 1956
f 317 797 2066
f 322 802 2082
f 341 821 2138
f 286 766 1974
f 294 774 1992
f 372 852 2228
f 394 874 2295
f 416 1270 2331
f 408 1246 2327
f 406 1251 2328
f 412 1287 2334
f 415 1305 2337
f 424 1335 2346
f 492 1552 2412
f 582 1474 2499
f 565 1600 2487
f 514 1353 2436
f 461 1480 2376
f 453 1402 2372
f 451 1407 2373
f 457 1491 2379
f 460 1503 2382
f 475 1534 2396
f 439 1413 2361
f 496 1443 2418
f 533 1593 2457
f 551 1384 2463
f 579 1324 2492
f 483 1276 2402
f 426 1264 2343
f 521 1300 2433
f 566 1318 2478
f 489 1342 2406
f 578 1563 2502
f 560 1461 2484
f 518 1587 2442
f 429 1348 2349
f 547 1522 2468
f 465 1419 2387
f 441 1396 2358
f 504 1498 2421
f 537 1516 2454
f 550 1558 2472
f 476 1426 2388
f 444 1432 2364
f 502 1569 2426
f 526 1371 2448
f 481 1281 2403
f 420 1257 2342
f 510 1293 2432
f 555 1311 2477
f 571 1329 2493
f 540 1377 2462
f 473 1539 2397
f 447 1450 2367
f 507 1576 2427
f 534 1366 2447
f 469 1485 2391
f 435 1389 2357
f 498 1438 2417
f 529 1509 2453
f 545 1527 2469
f 487 1545 2411
f 574 1467 2498
f 562 1456 2483
f 520 1582 2441
f 432 1360 2352
f 589 1271 2509
f 583 1247 2503
f 586 1254 2506
f 593 1290 2512
f 596 1308 2515
f 599 1338 2518
f 633 1553 2555
f 620 1475 2541
f 640 1601 2562
f 603 1356 2522
f 622 1481 2542
f 607 1403 2528
f 612 1410 2531
f 626 1494 2545
f 629 1506 2548
f 631 1535 2551
f 614 1416 2533
f 618 1446 2537
f 641 1596 2559
f 605 1385 2526
f 167 907 1616
f 164 889 1608
f 163 883 1606
f 165 895 1612
f 166 901 1615
f 169 919 1624
f 192 1057 1692
f 222 1237 1782
f 216 1201 1765
f 199 1099 1714
f 182 997 1661
f 179 979 1653
f 178 973 1651
f 180 985 1657
f 181 991 1660
f 186 1021 1675
f 174 949 1639
f 193 1063 1696
f 205 1135 1733
f 212 1177 1751
f 221 1231 1779
f 189 1039 1683
f 170 925 1626
f 202 1117 1721
f 217 1207 1766
f 191 1051 1689
f 220 1225 1778
f 214 1189 1760
f 200 1105 1718
f 171 931 1629
f 210 1165 1747
f 183 1003 1665
f 175 955 1641
f 196 1081 1704
f 207 1147 1737
f 211 1171 1750
f 187 1027 1676
f 176 961 1644
f 195 1075 1702
f 203 1123 1726
f 188 1033 1681
f 168 913 1620
f 198 1093 1710
f 213 1183 1755
f 218 1213 1771
f 208 1153 1740
f 185 1015 1673
f 177 967 1647
f 197 1087 1707
f 206 1141 1734
f 184 1009 1669
f 173 943 1635
f 194 1069 1698
f 204 1129 1729
f 209 1159 1745
f 190 1045 1687
f 219 1219 1774
f 215 1195 1762
f 201 1111 1720
f 172 937 1632
f 357 1280 2189
f 255 1256 1883
f 262 1292 1903
f 388 1310 2281
f 400 1328 2317
f 352 1376 2173
f 347 1538 2158
f 298 1447 2012
f 364 1573 2210
f 269 1363 1924
f 339 1484 2135
f 285 1388 1973
f 293 1435 1996
f 370 1508 2227
f 396 1526 2304
f 353 1544 2176
f 346 1466 2155
f 299 1453 2014
f 365 1579 2212
f 268 1357 1922
f 249 1268 1864
f 231 1244 1810
f 226 1249 1795
f 238 1285 1831
f 244 1303 1849
f 257 1333 1887
f 359 1550 2193
f 402 1472 2321
f 390 1598 2285
f 264 1351 1907
f 327 1478 2098
f 309 1400 2044
f 282 1405 1961
f 317 1489 2067
f 322 1501 2083
f 341 1532 2139
f 286 1411 1975
f 294 1441 1997
f 372 1591 2231
f 394 1382 2298
f 358 1322 2190
f 256 1274 1884
f 261 1262 1900
f 387 1298 2278
f 399 1316 2314
f 351 1340 2170
f 348 1561 2159
f 300 1459 2015
f 366 1585 2213
f 267 1346 1918
f 340 1520 2136
f 287 1417 1977
f 291 1394 1990
f 369 1496 2224
f 395 1514 2301
f 354 1556 2177
f 345 1424 2152
f 297 1430 2008
f 363 1567 2206
f 270 1369 1925
f 234 1279 1817
f 227 1255 1797
f 239 1291 1833
f 245 1309 1851
f 252 1327 1871
f 275 1375 1941
f 334 1537 2119
f 304 1448 2029
f 377 1574 2247
f 382 1364 2262
f 312 1483 2051
f 279 1387 1954
f 316 1436 2064
f 323 1507 2085
f 330 1525 2105
f 335 1543 2121
f 305 1465 2031
f 376 1454 2244
f 383 1580 2265
f 274 1358 1939
f 232 1267 1814
f 225 1243 1793
f 237 1250 1829
f 243 1286 1847
f 250 1304 1868
f 273 1334 1937
f 336 1549 2124
f 306 1471 2034
f 378 1597 2250
f 381 1352 2261
f 311 1477 2050
f 281 1399 1960
f 315 1406 2063
f 321 1490 2081
f 328 1502 2102
f 333 1531 2117
f 303 1412 2027
f 375 1442 2243
f 384 1592 2268
f 276 1381 1944
f 229 890 1804
f 223 884 1785
f 235 896 1821
f 241 902 1839
f 247 908 1858
f 271 938 1929
f 332 1046 2114
f 302 1220 2024
f 374 1196 2240
f 379 1112 2253
f 307 980 2038
f 278 974 1951
f 313 986 2055
f 319 992 2073
f 325 998 2092
f 331 1016 2109
f 301 968 2019
f 373 1088 2235
f 380 1142 2258
f 272 1154 1934
f 248 1214 1861
f 230 1034 1807
f 224 914 1790
f 236 1094 1826
f 242 1184 1844
f 254 1040 1880
f 356 1232 2186
f 397 1208 2308
f 385 1118 2272
f 259 926 1894
f 326 1160 2095
f 308 1010 2041
f 277 944 1948
f 314 1070 2060
f 320 1130 2078
f 338 1166 2132
f 284 1004 1970
f 289 956 1984
f 367 1082 2218
f 391 1148 2289
f 355 1058 2181
f 253 920 1875
f 260 1100 1897
f 386 1202 2275
f 398 1238 2311
f 350 1172 2167
f 343 1028 2146
f 295 962 2002
f 361 1076 2200
f 266 1124 1915
f 337 1022 2127
f 283 950 1965
f 290 1064 1987
f 368 1136 2221
f 392 1178 2294
f 349 1052 2164
f 344 1226 2149
f 296 1190 2005
f 362 1106 2203
f 265 932 1912
f 251 1321 1870
f 233 1273 1816
f 228 1261 1800
f 240 1297 1836
f 246 1315 1854
f 258 1339 1890
f 360 1562 2196
f 401 1460 2320
f 389 1586 2284
f 263 1345 1906
f 329 1519 2104
f 310 1418 2047
f 280 1393 1958
f 318 1495 2070
f 324 1513 2088
f 342 1555 2142
f 288 1423 1980
f 292 1429 1994
f 371 1568 2230
f 393 1370 2297
f 409 894 2329
f 405 887 2323
f 411 899 2326
f 414 905 2333
f 417 912 2336
f 431 941 2345
f 488 1050 2409
f 575 1224 2496
f 563 1200 2485
f 519 1115 2435
f 454 984 2374
f 450 977 2368
f 456 989 2371
f 459 995 2378
f 462 1002 2381
f 472 1019 2392
f 446 971 2360
f 506 1091 2416
f 535 1146 2456
f 541 1158 2460
f 570 1217 2488
f 480 1037 2398
f 421 918 2340
f 511 1098 2430
f 556 1188 2475
f 484 1044 2404
f 580 1236 2501
f 567 1212 2482
f 522 1122 2440
f 427 930 2347
f 544 1163 2464
f 468 1013 2384
f 436 948 2355
f 499 1074 2419
f 530 1134 2451
f 548 1170 2470
f 466 1008 2385
f 442 960 2362
f 505 1086 2423
f 536 1151 2446
f 491 1061 2401
f 423 923 2339
f 513 1103 2429
f 564 1205 2474
f 581 1241 2491
f 549 1175 2459
f 477 1032 2395
f 445 966 2365
f 503 1080 2424
f 525 1127 2443
f 474 1025 2390
f 438 953 2354
f 495 1067 2413
f 532 1139 2450
f 552 1182 2467
f 490 1056 2408
f 577 1229 2495
f 559 1193 2479
f 517 1109 2437
f 430 936 2350
f 590 1325 2511
f 584 1277 2505
f 585 1265 2507
f 592 1301 2513
f 595 1319 2516
f 598 1343 2519
f 636 1566 2556
f 621 1464 2540
f 642 1590 2561
f 601 1349 2521
f 623 1523 2544
f 611 1422 2529
f 609 1397 2530
f 625 1499 2546
f 628 1517 2549
f 632 1559 2553
f 613 1427 2534
f 616 1433 2536
f 638 1572 2557
f 606 1374 2525
f 407 892 1609
f 403 885 1605
f 404 897 1611
f 410 903 1614
f 413 910 1617
f 422 939 1631
f 486 1048 1688
f 573 1222 1775
f 561 1198 1763
f 512 1113 1719
f 452 982 1654
f 448 975 1650
f 449 987 1656
f 455 993 1659
f 458 1000 1662
f 470 1017 1672
f 437 969 1646
f 494 1089 1706
f 531 1144 1735
f 539 1156 1741
f 568 1215 1770
f 478 1035 1680
f 419 916 1621
f 509 1096 1711
f 554 1186 1756
f 482 1042 1684
f 576 1234 1780
f 558 1210 1767
f 516 1120 1722
f 425 928 1627
f 542 1161 1744
f 463 1011 1668
f 434 946 1636
f 497 1072 1699
f 528 1132 1730
f 546 1168 1748
f 464 1006 1666
f 440 958 1642
f 500 1084 1705
f 524 1149 1736
f 479 1059 1691
f 418 921 1623
f 508 1101 1713
f 553 1203 1764
f 569 1239 1781
f 538 1173 1749
f 471 1030 1677
f 443 964 1645
f 501 1078 1703
f 523 1125 1725
f 467 1023 1674
f 433 951 1638
f 493 1065 1695
f 527 1137 1732
f 543 1180 1752
f 485 1054 1690
f 572 1227 1777
f 557 1191 1759
f 515 1107 1717
f 428 934 1630
f 591 1326 2191
f 587 1278 1885
f 588 1266 1901
f 594 1302 2279
f 597 1320 2315
f 600 1344 2171
f 634 1565 2160
f 619 1463 2016
f 639 1589 2214
f 602 1350 1919
f 624 1524 2137
f 608 1421 1978
f 610 1398 1991
f 627 1500 2225
f 630 1518 2302
f 635 1560 2178
f 615 1428 2153
f 617 1434 2009
f 637 1571 2207
f 604 1373 1926
f 416 911 1857
f 408 893 1803
f 406 888 1786
f 412 900 1822
f 415 906 1840
f 424 924 1876
f 492 1062 2182
f 582 1242 2312
f 565 1206 2276
f 514 1104 1898
f 461 1001 2091
f 453 983 2037
f 451 978 1952
f 457 990 2056
f 460 996 2074
f 475 1026 2128
f 439 954 1966
f 496 1068 1988
f 533 1140 2222
f 551 1181 2293
f 579 1235 2185
f 483 1043 1879
f 426 929 1893
f 521 1121 2271
f 566 1211 2307
f 489 1055 2163
f 578 1230 2150
f 560 1194 2006
f 518 1110 2204
f 429 935 1911
f 547 1169 2131
f 465 1007 1969
f 441 959 1983
f 504 1085 2217
f 537 1152 2290
f 550 1176 2168
f 476 1031 2145
f 444 965 2001
f 502 1079 2199
f 526 1128 1916
f 481 1038 1808
f 420 917 1789
f 510 1097 1825
f 555 1187 1843
f 571 1218 1862
f 540 1157 1933
f 473 1020 2110
f 447 972 2020
f 507 1092 2236
f 534 1145 2257
f 469 1014 2042
f 435 947 1947
f 498 1073 2059
f 529 1133 2077
f 545 1164 2096
f 487 1049 2113
f 574 1223 2023
f 562 1199 2239
f 520 1116 2254
f 432 942 1930
f 589 1283 1818
f 583 1259 1798
f 586 1295 1834
f 593 1313 1852
f 596 1331 1872
f 599 1379 1942
f 633 1541 2120
f 620 1452 2030
f 640 1578 2248
f 603 1368 2263
f 622 1487 2052
f 607 1391 1955
f 612 1440 2065
f 626 1511 2086
f 629 1529 2106
f 631 1547 2122
f 614 1469 2032
f 618 1458 2245
f 641 1584 2266
f 605 1362 1940
f 409 1269 1813
f 405 1245 1792
f 411 1252 1828
f 414 1288 1846
f 417 1306 1867
f 431 1336 1936
f 488 1551 2123
f 575 1473 2033
f 563 1599 2249
f 519 1354 2260
f 454 1479 2049
f 450 1401 1959
f 456 1408 2062
f 459 1492 2080
f 462 1504 2101
f 472 1533 2116
f 446 1414 2026
f 506 1444 2242
f 535 1594 2267
f 541 1383 1943
f 570 1323 1869
f 480 1275 1815
f 421 1263 1799
f 511 1299 1835
f 556 1317 1853
f 484 1341 1889
f 580 1564 2195
f 567 1462 2319
f 522 1588 2283
f 427 1347 1905
f 544 1521 2103
f 468 1420 2046
f 436 1395 1957
f 499 1497 2069
f 530 1515 2087
f 548 1557 2141
f 466 1425 1979
f 442 1431 1993
f 505 1570 2229
f 536 1372 2296
f 491 1282 2188
f 423 1258 1882
f 513 1294 1902
f 564 1312 2280
f 581 1330 2316
f 549 1378 2172
f 477 1540 2157
f 445 1449 2011
f 503 1575 2209
f 525 1365 1923
f 474 1486 2134
f 438 1390 1972
f 495 1437 1995
f 532 1510 2226
f 552 1528 2303
f 490 1546 2175
f 577 1468 2154
f 559 1455 2013
f 517 1581 2211
f 430 1359 1921
f 590 1272 1865
f 584 1248 1811
f 585 1253 1796
f 592 1289 1832
f 595 1307 1850
f 598 1337 1888
f 636 1554 2194
f 621 1476 2322
f 642 1602 2286
f 601 1355 1908
f 623 1482 2099
f 611 1404 2045
f 609 1409 1962
f 625 1493 2068
f 628 1505 2084
f 632 1536 2140
f 613 1415 1976
f 616 1445 1998
f 638 1595 2232
f 606 1386 2299
f 407 909 2330
f 403 891 2324
f 404 886 2325
f 410 898 2332
f 413 904 2335
f 422 922 2344
f 486 1060 2410
f 573 1240 2497
f 561 1204 2486
f 512 1102 2434
f 452 999 2375
f 448 981 2369
f 449 976 2370
f 455 988 2377
f 458 994 2380
f 470 1024 2393
f 437 952 2359
f 494 1066 2415
f 531 1138 2455
f 539 1179 2461
f 568 1233 2489
f 478 1041 2399
f 419 927 2341
f 509 1119 2431
f 554 1209 2476
f 482 1053 2405
f 576 1228 2500
f 558 1192 2481
f 516 1108 2439
f 425 933 2348
f 542 1167 2465
f 463 1005 2383
f 434 957 2356
f 497 1083 2420
f 528 1150 2452
f 546 1174 2471
f 464 1029 2386
f 440 963 2363
f 500 1077 2422
f 524 1126 2445
f 479 1036 2400
f 418 915 2338
f 508 1095 2428
f 553 1185 2473
f 569 1216 2490
f 538 1155 2458
f 471 1018 2394
f 443 970 2366
f 501 1090 2425
f 523 1143 2444
f 467 1012 2389
f 433 945 2353
f 493 1071 2414
f 527 1131 2449
f 543 1162 2466
f 485 1047 2407
f 572 1221 2494
f 557 1197 2480
f 515 1114 2438
f 428 940 2351
f 591 1284 2510
f 587 1260 2504
f 588 1296 2508
f 594 1314 2514
f 597 1332 2517
f 600 1380 2520
f 634 1542 2554
f 619 1451 2539
f 639 1577 2560
f 602 1367 2523
f 624 1488 2543
f 608 1392 2527
f 610 1439 2532
f 627 1512 2547
f 630 1530 2550
f 635 1548 2552
f 615 1470 2535
f 617 1457 2538
f 637 1583 2558
f 604 1361 2524
f 167 1616 1607
f 164 1608 1603
f 163 1606 1604
f 165 1612 1610
f 166 1615 1613
f 169 1624 1622
f 192 1692 1686
f 222 1782 1773
f 216 1765 1761
f 199 1714 1712
f 182 1661 1652
f 179 1653 1648
f 178 1651 1649
f 180 1657 1655
f 181 1660 1658
f 186 1675 1670
f 174 1639 1637
f 193 1696 1694
f 205 1733 1731
f 212 1751 1739
f 221 1779 1768
f 189 1683 1678
f 170 1626 1619
f 202 1721 1709
f 217 1766 1754
f 191 1689 1682
f 220 1778 1776
f 214 1760 1758
f 200 1718 1716
f 171 1629 1625
f 210 1747 1742
f 183 1665 1663
f 175 1641 1634
f 196 1704 1697
f 207 1737 1728
f 211 1750 1746
f 187 1676 1664
f 176 1644 1640
f 195 1702 1700
f 203 1726 1724
f 188 1681 1679
f 168 1620 1618
f 198 1710 1708
f 213 1755 1753
f 218 1771 1769
f 208 1740 1738
f 185 1673 1671
f 177 1647 1643
f 197 1707 1701
f 206 1734 1723
f 184 1669 1667
f 173 1635 1633
f 194 1698 1693
f 204 1729 1727
f 209 1745 1743
f 190 1687 1685
f 219 1774 1772
f 215 1762 1757
f 201 1720 1715
f 172 1632 1628
f 357 2189 2187
f 255 1883 1881
f 262 1903 1899
f 388 2281 2277
f 400 2317 2313
f 352 2173 2169
f 347 2158 2156
f 298 2012 2010
f 364 2210 2208
f 269 1924 1917
f 339 2135 2133
f 285 1973 1971
f 293 1996 1989
f 370 2227 2223
f 396 2304 2300
f 353 2176 2174
f 346 2155 2151
f 299 2014 2007
f 365 2212 2205
f 268 1922 1920
f 249 1864 1855
f 231 1810 1801
f 226 1795 1784
f 238 1831 1820
f 244 1849 1838
f 257 1887 1874
f 359 2193 2180
f 402 2321 2310
f 390 2285 2274
f 264 1907 1896
f 327 2098 2089
f 309 2044 2035
f 282 1961 1950
f 317 2067 2054
f 322 2083 2072
f 341 2139 2126
f 286 1975 1964
f 294 1997 1986
f 372 2231 2220
f 394 2298 2291
f 358 2190 2183
f 256 1884 1877
f 261 1900 1891
f 387 2278 2269
f 399 2314 2305
f 351 2170 2161
f 348 2159 2148
f 300 2015 2004
f 366 2213 2202
f 267 1918 1909
f 340 2136 2129
f 287 1977 1967
f 291 1990 1981
f 369 2224 2215
f 395 2301 2288
f 354 2177 2166
f 345 2152 2143
f 297 2008 1999
f 363 2206 2197
f 270 1925 1914
f 234 1817 1806
f 227 1797 1787
f 239 1833 1823
f 245 1851 1841
f 252 1871 1860
f 275 1941 1931
f 334 2119 2108
f 304 2029 2018
f 377 2247 2234
f 382 2262 2255
f 312 2051 2040
f 279 1954 1945
f 316 2064 2057
f 323 2085 2075
f 330 2105 2094
f 335 2121 2111
f 305 2031 2021
f 376 2244 2237
f 383 2265 2252
f 274 1939 1928
f 232 1814 1812
f 225 1793 1791
f 237 1829 1827
f 243 1847 1845
f 250 1868 1866
f 273 1937 1935
f 336 2124 2118
f 306 2034 2028
f 378 2250 2246
f 381 2261 2259
f 311 2050 2048
f 281 1960 1953
f 315 2063 2061
f 321 2081 2079
f 328 2102 2100
f 333 2117 2115
f 303 2027 2025
f 375 2243 2241
f 384 2268 2264
f 276 1944 1938
f 229 1804 1802
f 223 1785 1783
f 235 1821 1819
f 241 1839 1837
f 247 1858 1856
f 271 1929 1927
f 332 2114 2112
f 302 2024 2022
f 374 2240 2238
f 379 2253 2251
f 307 2038 2036
f 278 1951 1949
f 313 2055 2053
f 319 2073 2071
f 325 2092 2090
f 331 2109 2107
f 301 2019 2017
f 373 2235 2233
f 380 2258 2256
f 272 1934 1932
f 248 1861 1859
f 230 1807 1805
f 224 1790 1788
f 236 1826 1824
f 242 1844 1842
f 254 1880 1878
f 356 2186 2184
f 397 2308 2306
f 385 2272 2270
f 259 1894 1892
f 326 2095 2093
f 308 2041 2039
f 277 1948 1946
f 314 2060 2058
f 320 2078 2076
f 338 2132 2130
f 284 1970 1968
f 289 1984 1982
f 367 2218 2216
f 391 2289 2287
f 355 2181 2179
f 253 1875 1873
f 260 1897 1895
f 386 2275 2273
f 398 2311 2309
f 350 2167 2165
f 343 2146 2144
f 295 2002 2000
f 361 2200 2198
f 266 1915 1913
f 337 2127 2125
f 283 1965 1963
f 290 1987 1985
f 368 2221 2219
f 392 2294 2292
f 349 2164 2162
f 344 2149 2147
f 296 2005 2003
f 362 2203 2201
f 265 1912 1910
f 251 1870 1863
f 233 1816 1809
f 228 1800 1794
f 240 1836 1830
f 246 1854 1848
f 258 1890 1886
f 360 2196 2192
f 401 2320 2318
f 389 2284 2282
f 263 1906 1904
f 329 2104 2097
f 310 2047 2043
f 280 1958 1956
f 318 2070 2066
f 324 2088 2082
f 342 2142 2138
f 288 1980 1974
f 292 1994 1992
f 371 2230 2228
f 393 2297 2295
f 409 2329 2331
f 405 2323 2327
f 411 2326 2328
f 414 2333 2334
f 417 2336 2337
f 431 2345 2346
f 488 2409 2412
f 575 2496 2499
f 563 2485 2487
f 519 2435 2436
f 454 2374 2376
f 450 2368 2372
f 456 2371 2373
f 459 2378 2379
f 462 2381 2382
f 472 2392 2396
f 446 2360 2361
f 506 2416 2418
f 535 2456 2457
f 541 2460 2463
f 570 2488 2492
f 480 2398 2402
f 421 2340 2343
f 511 2430 2433
f 556 2475 2478
f 484 2404 2406
f 580 2501 2502
f 567 2482 2484
f 522 2440 2442
f 427 2347 2349
f 544 2464 2468
f 468 2384 2387
f 436 2355 2358
f 499 2419 2421
f 530 2451 2454
f 548 2470 2472
f 466 2385 2388
f 442 2362 2364
f 505 2423 2426
f 536 2446 2448
f 491 2401 2403
f 423 2339 2342
f 513 2429 2432
f 564 2474 2477
f 581 2491 2493
f 549 2459 2462
f 477 2395 2397
f 445 2365 2367
f 503 2424 2427
f 525 2443 2447
f 474 2390 2391
f 438 2354 2357
f 495 2413 2417
f 532 2450 2453
f 552 2467 2469
f 490 2408 2411
f 577 2495 2498
f 559 2479 2483
f 517 2437 2441
f 430 2350 2352
f 590 2511 2509
f 584 2505 2503
f 585 2507 2506
f 592 2513 2512
f 595 2516 2515
f 598 2519 2518
f 636 2556 2555
f 621 2540 2541
f 642 2561 2562
f 601 2521 2522
f 623 2544 2542
f 611 2529 2528
f 609 2530 2531
f 625 2546 2545
f 628 2549 2548
f 632 2553 2551
f 613 2534 2533
f 616 2536 2537
f 638 2557 2559
f 606 2525 2526
f 1607 644 647
f 1603 643 644
f 1604 645 643
f 1610 646 645
f 1613 647 646
f 1622 652 649
f 1686 670 672
f 1773 699 702
f 1761 695 696
f 1712 681 679
f 1652 659 662
f 1648 658 659
f 1649 660 658
f 1655 661 660
f 1658 662 661
f 1670 665 666
f 1637 657 654
f 1694 677 673
f 1731 686 685
f 1739 688 692
f 1768 698 701
f 1678 668 669
f 1619 648 650
f 1709 678 682
f 1754 693 697
f 1682 669 671
f 1776 701 700
f 1758 697 694
f 1716 682 680
f 1625 650 651
f 1742 689 690
f 1663 664 663
f 1634 653 655
f 1697 674 676
f 1728 684 687
f 1746 690 691
f 1664 663 667
f 1640 655 656
f 1700 676 675
f 1724 687 683
f 1679 672 668
f 1618 649 648
f 1708 679 678
f 1753 696 693
f 1769 702 698
f 1738 691 688
f 1671 667 665
f 1643 656 657
f 1701 675 677
f 1723 683 686
f 1667 666 664
f 1633 654 653
f 1693 673 674
f 1727 685 684
f 1743 692 689
f 1685 671 670
f 1772 700 699
f 1757 694 695
f 1715 680 681
f 1628 651 652
f 2187 838 837
f 1881 736 735
f 1899 741 742
f 2277 867 868
f 2313 879 880
f 2169 831 832
f 2156 828 827
f 2010 780 778
f 2208 846 844
f 1917 747 749
f 2133 820 819
f 1971 767 765
f 1989 771 773
f 2223 849 850
f 2300 875 876
f 2174 834 833
f 2151 825 826
f 2007 777 779
f 2205 843 845
f 1920 750 748
f 1855 727 729
f 1801 709 711
f 1784 703 706
f 1820 715 718
f 1838 721 724
f 1874 733 737
f 2180 835 839
f 2310 878 882
f 2274 866 870
f 1896 740 744
f 2089 805 807
f 2035 787 789
f 1950 758 762
f 2054 793 797
f 2072 799 802
f 2126 817 821
f 1964 763 766
f 1986 770 774
f 2220 848 852
f 2291 872 874
f 2183 836 838
f 1877 734 736
f 1891 739 741
f 2269 865 867
f 2305 877 879
f 2161 829 831
f 2148 824 828
f 2004 776 780
f 2202 842 846
f 1909 745 747
f 2129 818 820
f 1967 764 767
f 1981 769 771
f 2215 847 849
f 2288 871 875
f 2166 830 834
f 2143 823 825
f 1999 775 777
f 2197 841 843
f 1914 746 750
f 1806 710 714
f 1787 704 707
f 1823 716 719
f 1841 722 725
f 1860 728 732
f 1931 752 755
f 2108 811 814
f 2018 781 784
f 2234 853 857
f 2255 860 862
f 2040 788 792
f 1945 757 759
f 2057 794 796
f 2075 800 803
f 2094 806 810
f 2111 812 815
f 2021 782 785
f 2237 854 856
f 2252 859 863
f 1928 751 754
f 1812 714 712
f 1791 707 705
f 1827 719 717
f 1845 725 723
f 1866 732 730
f 1935 755 753
f 2118 814 816
f 2028 784 786
f 2246 857 858
f 2259 862 861
f 2048 792 791
f 1953 759 761
f 2061 796 795
f 2079 803 801
f 2100 810 808
f 2115 815 813
f 2025 785 783
f 2241 856 855
f 2264 863 864
f 1938 754 756
f 1802 712 709
f 1783 705 703
f 1819 717 715
f 1837 723 721
f 1856 730 727
f 1927 753 751
f 2112 816 812
f 2022 786 782
f 2238 858 854
f 2251 861 859
f 2036 791 787
f 1949 761 758
f 2053 795 793
f 2071 801 799
f 2090 808 805
f 2107 813 811
f 2017 783 781
f 2233 855 853
f 2256 864 860
f 1932 756 752
f 1859 731 728
f 1805 713 710
f 1788 708 704
f 1824 720 716
f 1842 726 722
f 1878 738 734
f 2184 840 836
f 2306 881 877
f 2270 869 865
f 1892 743 739
f 2093 809 806
f 2039 790 788
f 1946 760 757
f 2058 798 794
f 2076 804 800
f 2130 822 818
f 1968 768 764
f 1982 772 769
f 2216 851 847
f 2287 873 871
f 2179 837 835
f 1873 735 733
f 1895 742 740
f 2273 868 866
f 2309 880 878
f 2165 832 830
f 2144 827 823
f 2000 778 775
f 2198 844 841
f 1913 749 746
f 2125 819 817
f 1963 765 763
f 1985 773 770
f 2219 850 848
f 2292 876 872
f 2162 833 829
f 2147 826 824
f 2003 779 776
f 2201 845 842
f 1910 748 745
f 1863 729 731
f 1809 711 713
f 1794 706 708
f 1830 718 720
f 1848 724 726
f 1886 737 738
f 2192 839 840
f 2318 882 881
f 2282 870 869
f 1904 744 743
f 2097 807 809
f 2043 789 790
f 1956 762 760
f 2066 797 798
f 2082 802 804
f 2138 821 822
f 1974 766 768
f 1992 774 772
f 2228 852 851
f 2295 874 873
f 2331 1270 1269
f 2327 1246 1245
f 2328 1251 1252
f 2334 1287 1288
f 2337 1305 1306
f 2346 1335 1336
f 2412 1552 1551
f 2499 1474 1473
f 2487 1600 1599
f 2436 1353 1354
f 2376 1480 1479
f 2372 1402 1401
f 2373 1407 1408
f 2379 1491 1492
f 2382 1503 1504
f 2396 1534 1533
f 2361 1413 1414
f 2418 1443 1444
f 2457 1593 1594
f 2463 1384 1383
f 2492 1324 1323
f 2402 1276 1275
f 2343 1264 1263
f 2433 1300 1299
f 2478 1318 1317
f 2406 1342 1341
f 2502 1563 1564
f 2484 1461 1462
f 2442 1587 1588
f 2349 1348 1347
f 2468 1522 1521
f 2387 1419 1420
f 2358 1396 1395
f 2421 1498 1497
f 2454 1516 1515
f 2472 1558 1557
f 2388 1426 1425
f 2364 1432 1431
f 2426 1569 1570
f 2448 1371 1372
f 2403 1281 1282
f 2342 1257 1258
f 2432 1293 1294
f 2477 1311 1312
f 2493 1329 1330
f 2462 1377 1378
f 2397 1539 1540
f 2367 1450 1449
f 2427 1576 1575
f 2447 1366 1365
f 2391 1485 1486
f 2357 1389 1390
f 2417 1438 1437
f 2453 1509 1510
f 2469 1527 1528
f 2411 1545 1546
f 2498 1467 1468
f 2483 1456 1455
f 2441 1582 1581
f 2352 1360 1359
f 2509 1271 1272
f 2503 1247 1248
f 2506 1254 1253
f 2512 1290 1289
f 2515 1308 1307
f 2518 1338 1337
f 2555 1553 1554
f 2541 1475 1476
f 2562 1601 1602
f 2522 1356 1355
f 2542 1481 1482
f 2528 1403 1404
f 2531 1410 1409
f 2545 1494 1493
f 2548 1506 1505
f 2551 1535 1536
f 2533 1416 1415
f 2537 1446 1445
f 2559 1596 1595
f 2526 1385 1386
f 1616 907 909
f 1608 889 891
f 1606 883 886
f 1612 895 898
f 1615 901 904
f 1624 919 922
f 1692 1057 1060
f 1782 1237 1240
f 1765 1201 1204
f 1714 1099 1102
f 1661 997 999
f 1653 979 981
f 1651 973 976
f 1657 985 988
f 1660 991 994
f 1675 1021 1024
f 1639 949 952
f 1696 1063 1066
f 1733 1135 1138
f 1751 1177 1179
f 1779 1231 1233
f 1683 1039 1041
f 1626 925 927
f 1721 1117 1119
f 1766 1207 1209
f 1689 1051 1053
f 1778 1225 1228
f 1760 1189 1192
f 1718 1105 1108
f 1629 931 933
f 1747 1165 1167
f 1665 1003 1005
f 1641 955 957
f 1704 1081 1083
f 1737 1147 1150
f 1750 1171 1174
f 1676 1027 1029
f 1644 961 963
f 1702 1075 1077
f 1726 1123 1126
f 1681 1033 1036
f 1620 913 915
f 1710 1093 1095
f 1755 1183 1185
f 1771 1213 1216
f 1740 1153 1155
f 1673 1015 1018
f 1647 967 970
f 1707 1087 1090
f 1734 1141 1143
f 1669 1009 1012
f 1635 943 945
f 1698 1069 1071
f 1729 1129 1131
f 1745 1159 1162
f 1687 1045 1047
f 1774 1219 1221
f 1762 1195 1197
f 1720 1111 1114
f 1632 937 940
f 2189 1280 1284
f 1883 1256 1260
f 1903 1292 1296
f 2281 1310 1314
f 2317 1328 1332
f 2173 1376 1380
f 2158 1538 1542
f 2012 1447 1451
f 2210 1573 1577
f 1924 1363 1367
f 2135 1484 1488
f 1973 1388 1392
f 1996 1435 1439
f 2227 1508 1512
f 2304 1526 1530
f 2176 1544 1548
f 2155 1466 1470
f 2014 1453 1457
f 2212 1579 1583
f 1922 1357 1361
f 1864 1268 1270
f 1810 1244 1246
f 1795 1249 1251
f 1831 1285 1287
f 1849 1303 1305
f 1887 1333 1335
f 2193 1550 1552
f 2321 1472 1474
f 2285 1598 1600
f 1907 1351 1353
f 2098 1478 1480
f 2044 1400 1402
f 1961 1405 1407
f 2067 1489 1491
f 2083 1501 1503
f 2139 1532 1534
f 1975 1411 1413
f 1997 1441 1443
f 2231 1591 1593
f 2298 1382 1384
f 2190 1322 1324
f 1884 1274 1276
f 1900 1262 1264
f 2278 1298 1300
f 2314 1316 1318
f 2170 1340 1342
f 2159 1561 1563
f 2015 1459 1461
f 2213 1585 1587
f 1918 1346 1348
f 2136 1520 1522
f 1977 1417 1419
f 1990 1394 1396
f 2224 1496 1498
f 2301 1514 1516
f 2177 1556 1558
f 2152 1424 1426
f 2008 1430 1432
f 2206 1567 1569
f 1925 1369 1371
f 1817 1279 1281
f 1797 1255 1257
f 1833 1291 1293
f 1851 1309 1311
f 1871 1327 1329
f 1941 1375 1377
f 2119 1537 1539
f 2029 1448 1450
f 2247 1574 1576
f 2262 1364 1366
f 2051 1483 1485
f 1954 1387 1389
f 2064 1436 1438
f 2085 1507 1509
f 2105 1525 1527
f 2121 1543 1545
f 2031 1465 1467
f 2244 1454 1456
f 2265 1580 1582
f 1939 1358 1360
f 1814 1267 1271
f 1793 1243 1247
f 1829 1250 1254
f 1847 1286 1290
f 1868 1304 1308
f 1937 1334 1338
f 2124 1549 1553
f 2034 1471 1475
f 2250 1597 1601
f 2261 1352 1356
f 2050 1477 1481
f 1960 1399 1403
f 2063 1406 1410
f 2081 1490 1494
f 2102 1502 1506
f 2117 1531 1535
f 2027 1412 1416
f 2243 1442 1446
f 2268 1592 1596
f 1944 1381 1385
f 1804 890 894
f 1785 884 887
f 1821 896 899
f 1839 902 905
f 1858 908 912
f 1929 938 941
f 2114 1046 1050
f 2024 1220 1224
f 2240 1196 1200
f 2253 1112 1115
f 2038 980 984
f 1951 974 977
f 2055 986 989
f 2073 992 995
f 2092 998 1002
f 2109 1016 1019
f 2019 968 971
f 2235 1088 1091
f 2258 1142 1146
f 1934 1154 1158
f 1861 1214 1217
f 1807 1034 1037
f 1790 914 918
f 1826 1094 1098
f 1844 1184 1188
f 1880 1040 1044
f 2186 1232 1236
f 2308 1208 1212
f 2272 1118 1122
f 1894 926 930
f 2095 1160 1163
f 2041 1010 1013
f 1948 944 948
f 2060 1070 1074
f 2078 1130 1134
f 2132 1166 1170
f 1970 1004 1008
f 1984 956 960
f 2218 1082 1086
f 2289 1148 1151
f 2181 1058 1061
f 1875 920 923
f 1897 1100 1103
f 2275 1202 1205
f 2311 1238 1241
f 2167 1172 1175
f 2146 1028 1032
f 2002 962 966
f 2200 1076 1080
f 1915 1124 1127
f 2127 1022 1025
f 1965 950 953
f 1987 1064 1067
f 2221 1136 1139
f 2294 1178 1182
f 2164 1052 1056
f 2149 1226 1229
f 2005 1190 1193
f 2203 1106 1109
f 1912 932 936
f 1870 1321 1325
f 1816 1273 1277
f 1800 1261 1265
f 1836 1297 1301
f 1854 1315 1319
f 1890 1339 1343
f 2196 1562 1566
f 2320 1460 1464
f 2284 1586 1590
f 1906 1345 1349
f 2104 1519 1523
f 2047 1418 1422
f 1958 1393 1397
f 2070 1495 1499
f 2088 1513 1517
f 2142 1555 1559
f 1980 1423 1427
f 1994 1429 1433
f 2230 1568 1572
f 2297 1370 1374
f 2329 894 892
f 2323 887 885
f 2326 899 897
f 2333 905 903
f 2336 912 910
f 2345 941 939
f 2409 1050 1048
f 2496 1224 1222
f 2485 1200 1198
f 2435 1115 1113
f 2374 984 982
f 2368 977 975
f 2371 989 987
f 2378 995 993
f 2381 1002 1000
f 2392 1019 1017
f 2360 971 969
f 2416 1091 1089
f 2456 1146 1144
f 2460 1158 1156
f 2488 1217 1215
f 2398 1037 1035
f 2340 918 916
f 2430 1098 1096
f 2475 1188 1186
f 2404 1044 1042
f 2501 1236 1234
f 2482 1212 1210
f 2440 1122 1120
f 2347 930 928
f 2464 1163 1161
f 2384 1013 1011
f 2355 948 946
f 2419 1074 1072
f 2451 1134 1132
f 2470 1170 1168
f 2385 1008 1006
f 2362 960 958
f 2423 1086 1084
f 2446 1151 1149
f 2401 1061 1059
f 2339 923 921
f 2429 1103 1101
f 2474 1205 1203
f 2491 1241 1239
f 2459 1175 1173
f 2395 1032 1030
f 2365 966 964
f 2424 1080 1078
f 2443 1127 1125
f 2390 1025 1023
f 2354 953 951
f 2413 1067 1065
f 2450 1139 1137
f 2467 1182 1180
f 2408 1056 1054
f 2495 1229 1227
f 2479 1193 1191
f 2437 1109 1107
f 2350 936 934
f 2511 1325 1326
f 2505 1277 1278
f 2507 1265 1266
f 2513 1301 1302
f 2516 1319 1320
f 2519 1343 1344
f 2556 1566 1565
f 2540 1464 1463
f 2561 1590 1589
f 2521 1349 1350
f 2544 1523 1524
f 2529 1422 1421
f 2530 1397 1398
f 2546 1499 1500
f 2549 1517 1518
f 2553 1559 1560
f 2534 1427 1428
f 2536 1433 1434
f 2557 1572 1571
f 2525 1374 1373
f 1609 892 889
f 1605 885 883
f 1611 897 895
f 1614 903 901
f 1617 910 907
f 1631 939 937
f 1688 1048 1045
f 1775 1222 1219
f 1763 1198 1195
f 1719 1113 1111
f 1654 982 979
f 1650 975 973
f 1656 987 985
f 1659 993 991
f 1662 1000 997
f 1672 1017 1015
f 1646 969 967
f 1706 1089 1087
f 1735 1144 1141
f 1741 1156 1153
f 1770 1215 1213
f 1680 1035 1033
f 1621 916 913
f 1711 1096 1093
f 1756 1186 1183
f 1684 1042 1039
f 1780 1234 1231
f 1767 1210 1207
f 1722 1120 1117
f 1627 928 925
f 1744 1161 1159
f 1668 1011 1009
f 1636 946 943
f 1699 1072 1069
f 1730 1132 1129
f 1748 1168 1165
f 1666 1006 1003
f 1642 958 955
f 1705 1084 1081
f 1736 1149 1147
f 1691 1059 1057
f 1623 921 919
f 1713 1101 1099
f 1764 1203 1201
f 1781 1239 1237
f 1749 1173 1171
f 1677 1030 1027
f 1645 964 961
f 1703 1078 1075
f 1725 1125 1123
f 1674 1023 1021
f 1638 951 949
f 1695 1065 1063
f 1732 1137 1135
f 1752 1180 1177
f 1690 1054 1051
f 1777 1227 1225
f 1759 1191 1189
f 1717 1107 1105
f 1630 934 931
f 2191 1326 1322
f 1885 1278 1274
f 1901 1266 1262
f 2279 1302 1298
f 2315 1320 1316
f 2171 1344 1340
f 2160 1565 1561
f 2016 1463 1459
f 2214 1589 1585
f 1919 1350 1346
f 2137 1524 1520
f 1978 1421 1417
f 1991 1398 1394
f 2225 1500 1496
f 2302 1518 1514
f 2178 1560 1556
f 2153 1428 1424
f 2009 1434 1430
f 2207 1571 1567
f 1926 1373 1369
f 1857 911 908
f 1803 893 890
f 1786 888 884
f 1822 900 896
f 1840 906 902
f 1876 924 920
f 2182 1062 1058
f 2312 1242 1238
f 2276 1206 1202
f 1898 1104 1100
f 2091 1001 998
f 2037 983 980
f 1952 978 974
f 2056 990 986
f 2074 996 992
f 2128 1026 1022
f 1966 954 950
f 1988 1068 1064
f 2222 1140 1136
f 2293 1181 1178
f 2185 1235 1232
f 1879 1043 1040
f 1893 929 926
f 2271 1121 1118
f 2307 1211 1208
f 2163 1055 1052
f 2150 1230 1226
f 2006 1194 1190
f 2204 1110 1106
f 1911 935 932
f 2131 1169 1166
f 1969 1007 1004
f 1983 959 956
f 2217 1085 1082
f 2290 1152 1148
f 2168 1176 1172
f 2145 1031 1028
f 2001 965 962
f 2199 1079 1076
f 1916 1128 1124
f 1808 1038 1034
f 1789 917 914
f 1825 1097 1094
f 1843 1187 1184
f 1862 1218 1214
f 1933 1157 1154
f 2110 1020 1016
f 2020 972 968
f 2236 1092 1088
f 2257 1145 1142
f 2042 1014 1010
f 1947 947 944
f 2059 1073 1070
f 2077 1133 1130
f 2096 1164 1160
f 2113 1049 1046
f 2023 1223 1220
f 2239 1199 1196
f 2254 1116 1112
f 1930 942 938
f 1818 1283 1279
f 1798 1259 1255
f 1834 1295 1291
f 1852 1313 1309
f 1872 1331 1327
f 1942 1379 1375
f 2120 1541 1537
f 2030 1452 1448
f 2248 1578 1574
f 2263 1368 1364
f 2052 1487 1483
f 1955 1391 1387
f 2065 1440 1436
f 2086 1511 1507
f 2106 1529 1525
f 2122 1547 1543
f 2032 1469 1465
f 2245 1458 1454
f 2266 1584 1580
f 1940 1362 1358
f 1813 1269 1267
f 1792 1245 1243
f 1828 1252 1250
f 1846 1288 1286
f 1867 1306 1304
f 1936 1336 1334
f 2123 1551 1549
f 2033 1473 1471
f 2249 1599 1597
f 2260 1354 1352
f 2049 1479 1477
f 1959 1401 1399
f 2062 1408 1406
f 2080 1492 1490
f 2101 1504 1502
f 2116 1533 1531
f 2026 1414 1412
f 2242 1444 1442
f 2267 1594 1592
f 1943 1383 1381
f 1869 1323 1321
f 1815 1275 1273
f 1799 1263 1261
f 1835 1299 1297
f 1853 1317 1315
f 1889 1341 1339
f 2195 1564 1562
f 2319 1462 1460
f 2283 1588 1586
f 1905 1347 1345
f 2103 1521 1519
f 2046 1420 1418
f 1957 1395 1393
f 2069 1497 1495
f 2087 1515 1513
f 2141 1557 1555
f 1979 1425 1423
f 1993 1431 1429
f 2229 1570 1568
f 2296 1372 1370
f 2188 1282 1280
f 1882 1258 1256
f 1902 1294 1292
f 2280 1312 1310
f 2316 1330 1328
f 2172 1378 1376
f 2157 1540 1538
f 2011 1449 1447
f 2209 1575 1573
f 1923 1365 1363
f 2134 1486 1484
f 1972 1390 1388
f 1995 1437 1435
f 2226 1510 1508
f 2303 1528 1526
f 2175 1546 1544
f 2154 1468 1466
f 2013 1455 1453
f 2211 1581 1579
f 1921 1359 1357
f 1865 1272 1268
f 1811 1248 1244
f 1796 1253 1249
f 1832 1289 1285
f 1850 1307 1303
f 1888 1337 1333
f 2194 1554 1550
f 2322 1476 1472
f 2286 1602 1598
f 1908 1355 1351
f 2099 1482 1478
f 2045 1404 1400
f 1962 1409 1405
f 2068 1493 1489
f 2084 1505 1501
f 2140 1536 1532
f 1976 1415 1411
f 1998 1445 1441
f 2232 1595 1591
f 2299 1386 1382
f 2330 909 911
f 2324 891 893
f 2325 886 888
f 2332 898 900
f 2335 904 906
f 2344 922 924
f 2410 1060 1062
f 2497 1240 1242
f 2486 1204 1206
f 2434 1102 1104
f 2375 999 1001
f 2369 981 983
f 2370 976 978
f 2377 988 990
f 2380 994 996
f 2393 1024 1026
f 2359 952 954
f 2415 1066 1068
f 2455 1138 1140
f 2461 1179 1181
f 2489 1233 1235
f 2399 1041 1043
f 2341 927 929
f 2431 1119 1121
f 2476 1209 1211
f 2405 1053 1055
f 2500 1228 1230
f 2481 1192 1194
f 2439 1108 1110
f 2348 933 935
f 2465 1167 1169
f 2383 1005 1007
f 2356 957 959
f 2420 1083 1085
f 2452 1150 1152
f 2471 1174 1176
f 2386 1029 1031
f 2363 963 965
f 2422 1077 1079
f 2445 1126 1128
f 2400 1036 1038
f 2338 915 917
f 2428 1095 1097
f 2473 1185 1187
f 2490 1216 1218
f 2458 1155 1157
f 2394 1018 1020
f 2366 970 972
f 2425 1090 1092
f 2444 1143 1145
f 2389 1012 1014
f 2353 945 947
f 2414 1071 1073
f 2449 1131 1133
f 2466 1162 1164
f 2407 1047 1049
f 2494 1221 1223
f 2480 1197 1199
f 2438 1114 1116
f 2351 940 942
f 2510 1284 1283
f 2504 1260 1259
f 2508 1296 1295
f 2514 1314 1313
f 2517 1332 1331
f 2520 1380 1379
f 2554 1542 1541
f 2539 1451 1452
f 2560 1577 1578
f 2523 1367 1368
f 2543 1488 1487
f 2527 1392 1391
f 2532 1439 1440
f 2547 1512 1511
f 2550 1530 1529
f 2552 1548 1547
f 2535 1470 1469
f 2538 1457 1458
f 2558 1583 1584
f 2524 1361 1362
f 1607 1616 1609
f 1603 1608 1605
f 1604 1606 1611
f 1610 1612 1614
f 1613 1615 1617
f 1622 1624 1631
f 1686 1692 1688
f 1773 1782 1775
f 1761 1765 1763
f 1712 1714 1719
f 1652 1661 1654
f 1648 1653 1650
f 1649 1651 1656
f 1655 1657 1659
f 1658 1660 1662
f 1670 1675 1672
f 1637 1639 1646
f 1694 1696 1706
f 1731 1733 1735
f 1739 1751 1741
f 1768 1779 1770
f 1678 1683 1680
f 1619 1626 1621
f 1709 1721 1711
f 1754 1766 1756
f 1682 1689 1684
f 1776 1778 1780
f 1758 1760 1767
f 1716 1718 1722
f 1625 1629 1627
f 1742 1747 1744
f 1663 1665 1668
f 1634 1641 1636
f 1697 1704 1699
f 1728 1737 1730
f 1746 1750 1748
f 1664 1676 1666
f 1640 1644 1642
f 1700 1702 1705
f 1724 1726 1736
f 1679 1681 1691
f 1618 1620 1623
f 1708 1710 1713
f 1753 1755 1764
f 1769 1771 1781
f 1738 1740 1749
f 1671 1673 1677
f 1643 1647 1645
f 1701 1707 1703
f 1723 1734 1725
f 1667 1669 1674
f 1633 1635 1638
f 1693 1698 1695
f 1727 1729 1732
f 1743 1745 1752
f 1685 1687 1690
f 1772 1774 1777
f 1757 1762 1759
f 1715 1720 1717
f 1628 1632 1630
f 2187 2189 2191
f 1881 1883 1885
f 1899 1903 1901
f 2277 2281 2279
f 2313 2317 2315
f 2169 2173 2171
f 2156 2158 2160
f 2010 2012 2016
f 2208 2210 2214
f 1917 1924 1919
f 2133 2135 2137
f 1971 1973 1978
f 1989 1996 1991
f 2223 2227 2225
f 2300 2304 2302
f 2174 2176 2178
f 2151 2155 2153
f 2007 2014 2009
f 2205 2212 2207
f 1920 1922 1926
f 1855 1864 1857
f 1801 1810 1803
f 1784 1795 1786
f 1820 1831 1822
f 1838 1849 1840
f 1874 1887 1876
f 2180 2193 2182
f 2310 2321 2312
f 2274 2285 2276
f 1896 1907 1898
f 2089 2098 2091
f 2035 2044 2037
f 1950 1961 1952
f 2054 2067 2056
f 2072 2083 2074
f 2126 2139 2128
f 1964 1975 1966
f 1986 1997 1988
f 2220 2231 2222
f 2291 2298 2293
f 2183 2190 2185
f 1877 1884 1879
f 1891 1900 1893
f 2269 2278 2271
f 2305 2314 2307
f 2161 2170 2163
f 2148 2159 2150
f 2004 2015 2006
f 2202 2213 2204
f 1909 1918 1911
f 2129 2136 2131
f 1967 1977 1969
f 1981 1990 1983
f 2215 2224 2217
f 2288 2301 2290
f 2166 2177 2168
f 2143 2152 2145
f 1999 2008 2001
f 2197 2206 2199
f 1914 1925 1916
f 1806 1817 1808
f 1787 1797 1789
f 1823 1833 1825
f 1841 1851 1843
f 1860 1871 1862
f 1931 1941 1933
f 2108 2119 2110
f 2018 2029 2020
f 2234 2247 2236
f 2255 2262 2257
f 2040 2051 2042
f 1945 1954 1947
f 2057 2064 2059
f 2075 2085 2077
f 2094 2105 2096
f 2111 2121 2113
f 2021 2031 2023
f 2237 2244 2239
f 2252 2265 2254
f 1928 1939 1930
f 1812 1814 1818
f 1791 1793 1798
f 1827 1829 1834
f 1845 1847 1852
f 1866 1868 1872
f 1935 1937 1942
f 2118 2124 2120
f 2028 2034 2030
f 2246 2250 2248
f 2259 2261 2263
f 2048 2050 2052
f 1953 1960 1955
f 2061 2063 2065
f 2079 2081 2086
f 2100 2102 2106
f 2115 2117 2122
f 2025 2027 2032
f 2241 2243 2245
f 2264 2268 2266
f 1938 1944 1940
f 1802 1804 1813
f 1783 1785 1792
f 1819 1821 1828
f 1837 1839 1846
f 1856 1858 1867
f 1927 1929 1936
f 2112 2114 2123
f 2022 2024 2033
f 2238 2240 2249
f 2251 2253 2260
f 2036 2038 2049
f 1949 1951 1959
f 2053 2055 2062
f 2071 2073 2080
f 2090 2092 2101
f 2107 2109 2116
f 2017 2019 2026
f 2233 2235 2242
f 2256 2258 2267
f 1932 1934 1943
f 1859 1861 1869
f 1805 1807 1815
f 1788 1790 1799
f 1824 1826 1835
f 1842 1844 1853
f 1878 1880 1889
f 2184 2186 2195
f 2306 2308 2319
f 2270 2272 2283
f 1892 1894 1905
f 2093 2095 2103
f 2039 2041 2046
f 1946 1948 1957
f 2058 2060 2069
f 2076 2078 2087
f 2130 2132 2141
f 1968 1970 1979
f 1982 1984 1993
f 2216 2218 2229
f 2287 2289 2296
f 2179 2181 2188
f 1873 1875 1882
f 1895 1897 1902
f 2273 2275 2280
f 2309 2311 2316
f 2165 2167 2172
f 2144 2146 2157
f 2000 2002 2011
f 2198 2200 2209
f 1913 1915 1923
f 2125 2127 2134
f 1963 1965 1972
f 1985 1987 1995
f 2219 2221 2226
f 2292 2294 2303
f 2162 2164 2175
f 2147 2149 2154
f 2003 2005 2013
f 2201 2203 2211
f 1910 1912 1921
f 1863 1870 1865
f 1809 1816 1811
f 1794 1800 1796
f 1830 1836 1832
f 1848 1854 1850
f 1886 1890 1888
f 2192 2196 2194
f 2318 2320 2322
f 2282 2284 2286
f 1904 1906 1908
f 2097 2104 2099
f 2043 2047 2045
f 1956 1958 1962
f 2066 2070 2068
f 2082 2088 2084
f 2138 2142 2140
f 1974 1980 1976
f 1992 1994 1998
f 2228 2230 2232
f 2295 2297 2299
f 2331 2329 2330
f 2327 2323 2324
f 2328 2326 2325
f 2334 2333 2332
f 2337 2336 2335
f 2346 2345 2344
f 2412 2409 2410
f 2499 2496 2497
f 2487 2485 2486
f 2436 2435 2434
f 2376 2374 2375
f 2372 2368 2369
f 2373 2371 2370
f 2379 2378 2377
f 2382 2381 2380
f 2396 2392 2393
f 2361 2360 2359
f 2418 2416 2415
f 2457 2456 2455
f 2463 2460 2461
f 2492 2488 2489
f 2402 2398 2399
f 2343 2340 2341
f 2433 2430 2431
f 2478 2475 2476
f 2406 2404 2405
f 2502 2501 2500
f 2484 2482 2481
f 2442 2440 2439
f 2349 2347 2348
f 2468 2464 2465
f 2387 2384 2383
f 2358 2355 2356
f 2421 2419 2420
f 2454 2451 2452
f 2472 2470 2471
f 2388 2385 2386
f 2364 2362 2363
f 2426 2423 2422
f 2448 2446 2445
f 2403 2401 2400
f 2342 2339 2338
f 2432 2429 2428
f 2477 2474 2473
f 2493 2491 2490
f 2462 2459 2458
f 2397 2395 2394
f 2367 2365 2366
f 2427 2424 2425
f 2447 2443 2444
f 2391 2390 2389
f 2357 2354 2353
f 2417 2413 2414
f 2453 2450 2449
f 2469 2467 2466
f 2411 2408 2407
f 2498 2495 2494
f 2483 2479 2480
f 2441 2437 2438
f 2352 2350 2351
f 2509 2511 2510
f 2503 2505 2504
f 2506 2507 2508
f 2512 2513 2514
f 2515 2516 2517
f 2518 2519 2520
f 2555 2556 2554
f 2541 2540 2539
f 2562 2561 2560
f 2522 2521 2523
f 2542 2544 2543
f 2528 2529 2527
f 2531 2530 2532
f 2545 2546 2547
f 2548 2549 2550
f 2551 2553 2552
f 2533 2534 2535
f 2537 2536 2538
f 2559 2557 2558
f 2526 2525 2524