v -0.132549 0.334159 -0.162073
v 0.123916 0.338127 -0.161830
v -0.292917 -0.516336 0.023789
v 0.293347 -0.514827 0.024123
v 0.000753 -0.426718 0.708596
v 0.000412 0.119048 0.352313
v 0.000211 -0.092612 -0.405377
v 0.000986 0.399595 -0.713769
v 0.297446 0.060810 -0.264273
v 0.307309 0.017361 0.283081
v -0.295309 0.063336 -0.269015
v -0.303761 0.030152 0.270712
v -0.003988 0.545807 -0.215515
v -0.074328 0.211995 0.001794
v -0.220503 0.677552 -0.417929
v -0.259741 0.184014 -0.248231
v -0.267068 0.095832 0.063098
v 0.064392 0.212349 0.004445
v 0.219701 0.683050 -0.420077
v 0.259884 0.178698 -0.242946
v 0.260864 0.083517 0.070440
v -0.000014 -0.578100 0.023229
v -0.209287 -0.646248 0.409694
v -0.173839 -0.473128 -0.294840
v -0.333323 -0.124755 -0.134204
v -0.320174 -0.160831 0.191943
v 0.209801 -0.646268 0.409933
v 0.174621 -0.473545 -0.294704
v 0.331882 -0.121897 -0.132503
v 0.322878 -0.162507 0.199092
v 0.001132 -0.015802 0.704630
v 0.306898 -0.180483 0.571720
v -0.307846 -0.178713 0.569182
v 0.202955 0.057215 0.388159
v -0.202723 0.059910 0.386631
v 0.000459 0.009919 -0.662857
v 0.192132 -0.011344 -0.375322
v -0.191174 -0.011239 -0.376577
v 0.303152 0.192686 -0.596454
v -0.302625 0.195141 -0.597739
v 0.321502 0.061297 0.003548
v -0.317546 0.086840 -0.011759
v -0.059590 0.465715 -0.183679
v -0.091389 0.275379 -0.110254
v -0.176276 0.478074 -0.257683
v -0.200576 0.273718 -0.197740
v -0.182317 0.197433 -0.077232
v 0.039984 0.479005 -0.178468
v 0.076309 0.277311 -0.105847
v 0.169945 0.482384 -0.260233
v 0.198245 0.275501 -0.195697
v 0.174530 0.195819 -0.073230
v -0.170487 -0.609671 0.030261
v -0.233594 -0.506777 0.180748
v -0.331056 -0.742130 -0.158956
v -0.354741 -0.359397 -0.069808
v -0.314641 -0.340004 0.106279
v 0.171113 -0.609598 0.029917
v 0.234317 -0.506092 0.181497
v 0.332828 -0.738894 -0.159331
v 0.357628 -0.355252 -0.069840
v 0.315720 -0.338618 0.108720
v -0.125811 -0.647489 0.669502
v 0.127669 -0.647087 0.670613
v 0.000606 -0.216225 0.768294
v 0.187008 -0.337019 0.699683
v -0.185822 -0.337232 0.699462
v -0.046288 0.156044 0.188678
v 0.042873 0.156154 0.189019
v 0.002143 0.096908 0.550761
v 0.094900 0.102598 0.389753
v -0.094034 0.103746 0.390637
v -0.064154 -0.237344 -0.367062
v 0.064584 -0.238067 -0.366224
v 0.000078 0.003077 -0.480350
v 0.088248 -0.041294 -0.398289
v -0.087508 -0.039265 -0.399242
v -0.125509 0.594407 -0.625802
v 0.125925 0.594233 -0.625708
v 0.001612 0.180138 -0.788586
v 0.201385 0.315681 -0.742717
v -0.199387 0.317136 -0.742774
v 0.301390 0.104678 -0.263582
v 0.297162 0.008893 -0.191999
v 0.264501 0.029312 -0.326971
v 0.289322 0.111072 -0.393290
v 0.313598 0.052912 -0.146988
v 0.296185 0.047028 0.197548
v 0.316938 -0.029191 0.263993
v 0.304376 -0.061866 0.397827
v 0.277012 0.019943 0.343085
v 0.316677 0.059525 0.164667
v -0.298925 0.110158 -0.269699
v -0.295058 0.005726 -0.196513
v -0.263227 0.028878 -0.329656
v -0.287406 0.113780 -0.396031
v -0.307927 0.061318 -0.155612
v -0.293402 0.064435 0.185698
v -0.313370 -0.017996 0.251930
v -0.302031 -0.056403 0.389216
v -0.274022 0.027431 0.334079
v -0.312331 0.081788 0.149383
v -0.020762 0.369084 -0.148339
v -0.068724 0.606689 -0.292255
v 0.014368 0.360659 -0.136811
v 0.061718 0.612359 -0.291394
v -0.168794 0.163372 0.048976
v -0.004855 0.224904 -0.029578
v -0.144806 0.132072 0.209890
v -0.322854 0.439807 -0.346863
v -0.000225 0.709111 -0.436550
v -0.280088 0.440295 -0.542243
v -0.262213 0.126918 -0.088460
v -0.286040 0.245740 -0.406952
v -0.303354 0.088954 -0.123127
v -0.239911 0.085889 0.215601
v -0.309223 0.077628 0.034903
v 0.161882 0.161599 0.052974
v 0.142923 0.131953 0.211489
v 0.326270 0.442809 -0.346638
v 0.279533 0.439098 -0.541536
v 0.262402 0.110382 -0.079078
v 0.286514 0.241968 -0.405308
v 0.313913 0.063808 -0.110296
v 0.241043 0.079184 0.222216
v 0.314697 0.047017 0.050122
v -0.087369 -0.587353 0.218866
v -0.078814 -0.619866 -0.158267
v 0.087504 -0.587316 0.218906
v 0.079630 -0.621233 -0.158771
v -0.296632 -0.384595 0.305613
v 0.000230 -0.657208 0.445495
v -0.322863 -0.454041 0.560331
v -0.329680 -0.334490 -0.249566
v 0.000315 -0.444536 -0.286115
v -0.187513 -0.190909 -0.325445
v -0.331377 -0.140685 0.020571
v -0.264026 -0.085242 -0.259429
v -0.313731 0.013602 -0.061517
v -0.318499 -0.201314 0.378948
v -0.310355 0.047270 0.092321
v 0.297524 -0.385111 0.308349
v 0.322752 -0.453920 0.560814
v 0.329030 -0.332281 -0.249812
v 0.188014 -0.190730 -0.324813
v 0.333942 -0.135971 0.025758
v 0.264520 -0.082042 -0.258031
v 0.317391 0.020538 -0.052304
v 0.320366 -0.204737 0.385032
v 0.316667 0.031639 0.106570
v 0.181808 -0.101002 0.693146
v -0.181256 -0.101156 0.693425
v 0.147468 0.041577 0.585142
v -0.145674 0.041947 0.586683
v 0.254225 -0.029377 0.513472
v -0.253192 -0.027313 0.510013
v 0.127337 0.012256 -0.526031
v -0.126833 0.012465 -0.527110
v 0.220022 0.067036 -0.730146
v -0.219292 0.067720 -0.731621
v 0.243325 0.060983 -0.498044
v -0.242437 0.061812 -0.499818
v -0.100472 0.394385 -0.169371
v -0.111598 0.309300 -0.136656
v -0.143099 0.396536 -0.198521
v -0.165375 0.310169 -0.176006
v -0.146640 0.262170 -0.130892
v 0.090141 0.398858 -0.171008
v 0.099164 0.313254 -0.134004
v 0.136610 0.400319 -0.201046
v 0.160167 0.313746 -0.175344
v 0.138100 0.265354 -0.128751
v -0.247458 -0.581676 0.029729
v -0.262236 -0.502891 0.090713
v -0.320060 -0.603244 -0.040189
v -0.329936 -0.463398 -0.020822
v -0.304741 -0.432724 0.060345
v 0.247991 -0.580982 0.029729
v 0.262348 -0.502109 0.091487
v 0.319571 -0.600777 -0.040899
v 0.331894 -0.460828 -0.020672
v 0.305116 -0.431242 0.061562
v -0.054674 -0.511941 0.688789
v 0.056232 -0.511739 0.689010
v 0.000755 -0.328153 0.730384
v 0.085858 -0.393735 0.710835
v -0.084506 -0.393801 0.711187
v -0.023052 0.129829 0.281354
v 0.022382 0.129807 0.281094
v 0.001342 0.114076 0.444266
v 0.041275 0.115111 0.373549
v -0.040320 0.115743 0.374601
v -0.025960 -0.152264 -0.393242
v 0.026474 -0.152637 -0.393111
v 0.000076 -0.023184 -0.426892
v 0.039794 -0.071189 -0.406224
v -0.039292 -0.069487 -0.406601
v -0.053042 0.480291 -0.672951
v 0.054394 0.480234 -0.673115
v 0.001361 0.300865 -0.759150
v 0.090060 0.366383 -0.729006
v -0.087949 0.366891 -0.728810
v 0.303040 0.080341 -0.265330
v 0.295879 0.038010 -0.231433
v 0.285192 0.048764 -0.293712
v 0.293541 0.080191 -0.318422
v 0.305515 0.056482 -0.212959
v 0.304326 0.035383 0.250117
v 0.313283 0.007396 0.281942
v 0.305167 -0.014201 0.331713
v 0.296622 0.014239 0.310947
v 0.314007 0.039423 0.235021
v -0.300759 0.084808 -0.270640
v -0.293577 0.038753 -0.236221
v -0.283542 0.049506 -0.297457
v -0.291835 0.082726 -0.322270
v -0.302310 0.060850 -0.219134
v -0.301050 0.050725 0.237855
v -0.309798 0.019315 0.268690
v -0.301638 -0.005692 0.320320
v -0.293370 0.024489 0.299930
v -0.309694 0.056779 0.221140
v -0.027068 0.519554 -0.207131
v 0.015495 0.527583 -0.201059
v -0.006905 0.484879 -0.190721
v -0.024462 0.575296 -0.244747
v 0.004058 0.471388 -0.180923
v 0.015142 0.581829 -0.242639
v -0.079051 0.239687 -0.072751
v -0.064662 0.184177 0.093813
v -0.037566 0.269961 -0.102188
v -0.121348 0.191779 0.029506
v -0.033226 0.222371 -0.022687
v -0.119568 0.179671 0.113744
v -0.222278 0.576846 -0.330327
v -0.189884 0.676375 -0.519760
v -0.142829 0.655383 -0.350245
v -0.415755 0.627763 -0.378357
v -0.146964 0.811677 -0.423235
v -0.282773 0.582266 -0.488906
v -0.233349 0.231842 -0.224386
v -0.283618 0.143317 -0.262857
v -0.255293 0.291381 -0.307239
v -0.258030 0.150140 -0.166998
v -0.271234 0.222485 -0.329224
v -0.283781 0.118537 -0.185068
v -0.226027 0.140114 -0.009726
v -0.288623 0.074225 0.129808
v -0.218329 0.130232 0.059689
v -0.269281 0.106875 -0.011283
v -0.253229 0.093876 0.136298
v -0.300142 0.075907 0.055631
v 0.064856 0.239930 -0.068835
v 0.058537 0.184721 0.095135
v 0.024306 0.268261 -0.095898
v 0.022937 0.221850 -0.020481
v 0.113292 0.192225 0.032567
v 0.116272 0.183376 0.114806
v 0.213954 0.581451 -0.333026
v 0.189369 0.676347 -0.519949
v 0.138258 0.658830 -0.351196
v 0.147825 0.812145 -0.423713
v 0.378394 0.637632 -0.389254
v 0.278264 0.579037 -0.487569
v 0.231622 0.228734 -0.220694
v 0.285112 0.138664 -0.256315
v 0.254654 0.287870 -0.305516
v 0.258345 0.141732 -0.159335
v 0.270823 0.217232 -0.326912
v 0.286934 0.107921 -0.175536
v 0.218546 0.133160 -0.004130
v 0.288499 0.056423 0.140578
v 0.212024 0.124662 0.065033
v 0.266737 0.086229 -0.001924
v 0.251731 0.084260 0.144027
v 0.301984 0.047617 0.068903
v -0.084709 -0.595857 0.026417
v 0.084991 -0.595540 0.025988
v -0.042964 -0.584682 0.120843
v -0.042518 -0.580914 -0.069677
v 0.043036 -0.584477 0.120738
v 0.042646 -0.580780 -0.070058
v -0.214221 -0.544111 0.288118
v -0.189694 -0.811410 0.574809
v -0.139079 -0.592160 0.318731
v -0.266604 -0.513897 0.364161
v -0.105201 -0.673060 0.439488
v -0.314362 -0.624037 0.510390
v -0.263757 -0.677530 -0.299017
v -0.112335 -0.342257 -0.325690
v -0.124970 -0.604655 -0.249061
v -0.271548 -0.438144 -0.291830
v -0.081720 -0.456668 -0.287475
v -0.188534 -0.322516 -0.313477
v -0.361949 -0.229206 -0.107114
v -0.305562 -0.043764 -0.160209
v -0.333248 -0.225206 -0.185551
v -0.343079 -0.129194 -0.059124
v -0.301437 -0.116514 -0.201883
v -0.320707 -0.049051 -0.093042
v -0.319417 -0.249425 0.151659
v -0.317476 -0.079927 0.225778
v -0.313717 -0.268880 0.246981
v -0.324320 -0.146288 0.104076
v -0.318655 -0.182614 0.283876
v -0.317536 -0.056633 0.141108
v 0.214603 -0.544287 0.288719
v 0.192175 -0.811337 0.574630
v 0.139201 -0.592331 0.318893
v 0.105742 -0.673390 0.439655
v 0.267225 -0.513840 0.365307
v 0.314534 -0.622850 0.510236
v 0.265443 -0.678179 -0.298686
v 0.112819 -0.342758 -0.325055
v 0.126453 -0.606108 -0.249457
v 0.082487 -0.457207 -0.287582
v 0.271696 -0.437599 -0.291899
v 0.188960 -0.322463 -0.313174
v 0.361628 -0.224832 -0.106979
v 0.306551 -0.039135 -0.157181
v 0.332949 -0.221494 -0.185269
v 0.343432 -0.124139 -0.056180
v 0.301658 -0.112322 -0.200284
v 0.322069 -0.042621 -0.088109
v 0.321121 -0.248965 0.156161
v 0.320746 -0.086980 0.235699
v 0.315691 -0.269837 0.251682
v 0.326947 -0.145517 0.110743
v 0.320643 -0.186637 0.290820
v 0.321614 -0.061148 0.151398
v 0.000674 -0.107067 0.773373
v 0.001726 0.052124 0.635011
v 0.091783 -0.058924 0.715260
v -0.090302 -0.059042 0.715972
v 0.084071 0.018958 0.656824
v -0.081601 0.018932 0.657786
v 0.263410 -0.260755 0.648946
v 0.309009 -0.116427 0.480205
v 0.310312 -0.302357 0.568421
v 0.321526 -0.203713 0.481101
v 0.257054 -0.143737 0.643735
v 0.283833 -0.092754 0.553325
v -0.263769 -0.260168 0.648559
v -0.308756 -0.112860 0.474809
v -0.310855 -0.301162 0.566849
v -0.320988 -0.201046 0.476497
v -0.257609 -0.143134 0.642988
v -0.284050 -0.090900 0.550212
v 0.151381 0.081725 0.395386
v 0.246089 0.034975 0.370460
v 0.175492 0.092456 0.305184
v 0.223927 0.068924 0.302768
v 0.179070 0.047803 0.482857
v 0.228333 0.019039 0.458409
v -0.151036 0.083335 0.395709
v -0.243997 0.039856 0.364607
v -0.175971 0.094584 0.303798
v -0.223491 0.073059 0.298674
v -0.178011 0.049321 0.482804
v -0.227543 0.021669 0.455964
v 0.000209 0.003973 -0.561890
v 0.001310 0.071950 -0.752766
v 0.078773 0.006735 -0.601724
v -0.078308 0.006806 -0.602264
v 0.106411 0.029193 -0.708723
v -0.105329 0.029905 -0.708630
v 0.141173 -0.023742 -0.387439
v 0.233886 0.007189 -0.355606
v 0.184053 -0.078946 -0.338425
v 0.224952 -0.039570 -0.310126
v 0.161608 0.006016 -0.448999
v 0.212576 0.023582 -0.434467
v -0.140327 -0.023059 -0.388796
v -0.232865 0.006628 -0.357389
v -0.183139 -0.078671 -0.339298
v -0.224045 -0.040864 -0.311256
v -0.160889 0.006274 -0.450364
v -0.211676 0.023829 -0.436095
v 0.294828 0.249285 -0.709187
v 0.290610 0.149988 -0.484468
v 0.288446 0.307067 -0.581076
v 0.292516 0.233035 -0.492163
v 0.303211 0.125008 -0.699420
v 0.282561 0.110631 -0.560718
v -0.293375 0.251993 -0.709433
v -0.289368 0.152508 -0.486343
v -0.287896 0.309250 -0.581824
v -0.291746 0.235807 -0.493663
v -0.303429 0.126446 -0.701112
v -0.281784 0.112351 -0.562286
v 0.319034 0.054826 -0.074042
v 0.319896 0.064815 0.084386
v 0.323064 0.055526 -0.051470
v 0.321877 0.054390 0.027878
v 0.318574 0.057475 -0.022851
v 0.317391 0.067778 0.056994
v -0.312057 0.069118 -0.085860
v -0.316948 0.093015 0.068201
v -0.312488 0.081085 -0.065330
v -0.316276 0.082824 0.012350
v -0.312993 0.063655 -0.035864
v -0.311877 0.096399 0.040632
v -0.074699 0.367408 -0.150198
v -0.104266 0.478546 -0.211322
v -0.034366 0.432896 -0.171981
v -0.064225 0.540795 -0.231144
v -0.135656 0.231890 -0.089180
v -0.053659 0.325743 -0.129963
v -0.127893 0.210559 -0.037835
v -0.198174 0.380549 -0.233155
v -0.128325 0.556995 -0.277614
v -0.266852 0.475815 -0.300421
v -0.186468 0.224448 -0.135143
v -0.240423 0.348966 -0.269646
v -0.225735 0.188473 -0.148581
v -0.176641 0.178310 -0.017706
v -0.226314 0.159694 -0.078113
v 0.057208 0.374465 -0.143239
v 0.097423 0.482004 -0.216851
v 0.021581 0.433451 -0.159079
v 0.054472 0.547876 -0.231493
v 0.124254 0.233503 -0.085790
v 0.040335 0.325149 -0.121243
v 0.116794 0.210889 -0.034094
v 0.194227 0.383718 -0.233594
v 0.121516 0.561685 -0.279873
v 0.262450 0.480245 -0.302279
v 0.181187 0.225187 -0.132115
v 0.240325 0.349723 -0.268442
v 0.222998 0.184125 -0.143467
v 0.168041 0.176191 -0.013365
v 0.221424 0.152433 -0.072245
v -0.202995 -0.553204 0.107294
v -0.236053 -0.718972 -0.023494
v -0.127626 -0.576336 0.115884
v -0.120809 -0.660207 -0.057187
v -0.282695 -0.430261 0.147209
v -0.167644 -0.560000 0.204806
v -0.266963 -0.454561 0.247539
v -0.362837 -0.520179 -0.118394
v -0.155793 -0.788009 -0.169470
v -0.356272 -0.534426 -0.238717
v -0.331051 -0.345454 0.019193
v -0.361492 -0.366469 -0.164629
v -0.344464 -0.238880 -0.022359
v -0.302139 -0.352246 0.200314
v -0.328959 -0.242060 0.062985
v 0.203256 -0.552720 0.107520
v 0.238441 -0.720088 -0.023967
v 0.127743 -0.575902 0.115761
v 0.121558 -0.662009 -0.057818
v 0.283658 -0.429214 0.148671
v 0.167899 -0.559869 0.205082
v 0.267945 -0.454175 0.249065
v 0.364097 -0.517348 -0.118945
v 0.158690 -0.789590 -0.169461
v 0.356153 -0.532236 -0.239064
v 0.333344 -0.342337 0.020606
v 0.360757 -0.363399 -0.164920
v 0.347585 -0.233617 -0.020557
v 0.302599 -0.352494 0.203261
v 0.331538 -0.238775 0.066479
v 0.000660 -0.610727 0.643670
v -0.174785 -0.490372 0.695225
v -0.053243 -0.685777 0.565049
v -0.286648 -0.626064 0.676356
v 0.176195 -0.489934 0.694899
v 0.054038 -0.686213 0.565439
v 0.287958 -0.624649 0.675379
v 0.095573 -0.271101 0.734010
v -0.094286 -0.271282 0.734089
v 0.097087 -0.156918 0.749579
v -0.095850 -0.157220 0.749660
v 0.281923 -0.410484 0.661669
v 0.190053 -0.206500 0.708131
v -0.281673 -0.410597 0.661999
v -0.189623 -0.206526 0.708409
v -0.001780 0.158320 0.184426
v -0.070874 0.126702 0.289929
v -0.022461 0.189131 0.083011
v -0.094597 0.148370 0.199173
v 0.070095 0.126327 0.289719
v 0.015849 0.189150 0.083580
v 0.091837 0.148805 0.199914
v 0.058416 0.101687 0.480751
v -0.055851 0.103137 0.483331
v 0.074961 0.074396 0.583141
v -0.071452 0.074628 0.584286
v 0.122119 0.113645 0.299487
v 0.120932 0.077671 0.492232
v -0.122882 0.114498 0.299247
v -0.119330 0.078873 0.494140
v 0.000229 -0.234477 -0.392940
v -0.079721 -0.139045 -0.379178
v -0.037001 -0.341518 -0.339277
v -0.127782 -0.223917 -0.345956
v 0.080325 -0.140094 -0.378630
v 0.037470 -0.341821 -0.339046
v 0.128284 -0.224476 -0.345210
v 0.047314 -0.004436 -0.440544
v -0.047129 -0.004032 -0.441381
v 0.059533 0.004248 -0.509739
v -0.059178 0.004360 -0.510380
v 0.134421 -0.114027 -0.361127
v 0.103651 -0.001053 -0.449291
v -0.133630 -0.112980 -0.361907
v -0.103173 -0.000860 -0.450564
v 0.000338 0.582953 -0.606611
v -0.160822 0.453842 -0.679004
v -0.067855 0.678601 -0.524367
v -0.220498 0.531808 -0.596860
v 0.161939 0.453143 -0.679055
v 0.068055 0.678588 -0.524463
v 0.220318 0.531150 -0.596920
v 0.119639 0.243090 -0.796230
v -0.116418 0.243917 -0.795112
v 0.127119 0.112427 -0.799498
v -0.124472 0.113988 -0.798712
v 0.249136 0.388715 -0.653682
v 0.240938 0.177730 -0.794587
v -0.248344 0.390424 -0.653841
v -0.238946 0.179382 -0.795713
v 0.297363 0.115592 -0.330878
v 0.309792 0.071805 -0.201278
v 0.288830 0.163045 -0.332384
v 0.306303 0.084471 -0.189770
v 0.280855 0.015425 -0.257981
v 0.306610 0.034515 -0.167461
v 0.283255 -0.026055 -0.220534
v 0.310480 0.010676 -0.124157
v 0.277024 0.067847 -0.364720
v 0.258119 -0.010868 -0.285291
v 0.251096 0.046705 -0.405101
v 0.291693 0.168135 -0.407038
v 0.273102 0.091025 -0.451125
v 0.317396 0.061184 -0.128838
v 0.314438 0.038596 -0.097946
v 0.288498 0.038097 0.271121
v 0.309126 0.047088 0.180076
v 0.275973 0.058756 0.214284
v 0.306456 0.047840 0.125301
v 0.313838 -0.053550 0.333319
v 0.316058 0.043978 0.220319
v 0.320047 -0.110960 0.318813
v 0.316237 0.009915 0.189140
v 0.290308 -0.015648 0.378726
v 0.316221 -0.123987 0.399960
v 0.286065 -0.052540 0.458821
v 0.263888 0.049450 0.292199
v 0.265816 -0.003364 0.422710
v 0.315642 0.052970 0.105792
v 0.315587 0.071716 0.142111
v -0.294688 0.120082 -0.334638
v -0.305702 0.080263 -0.208944
v -0.287457 0.167335 -0.336224
v -0.301862 0.095120 -0.199072
v -0.279227 0.013498 -0.261494
v -0.302949 0.036295 -0.173939
v -0.282454 -0.030850 -0.223051
v -0.307319 0.006574 -0.130241
v -0.275595 0.069029 -0.367625
v -0.257128 -0.013260 -0.287327
v -0.249995 0.047167 -0.407242
v -0.290138 0.171755 -0.409477
v -0.271976 0.092534 -0.453302
v -0.308736 0.078415 -0.139620
v -0.309828 0.042435 -0.106994
v -0.285853 0.049910 0.260937
v -0.305466 0.067830 0.166563
v -0.272813 0.071053 0.204031
v -0.302845 0.072346 0.111380
v -0.310412 -0.046248 0.322448
v -0.311201 0.061715 0.205401
v -0.317955 -0.103611 0.309828
v -0.311310 0.022681 0.175451
v -0.287528 -0.009261 0.369662
v -0.314552 -0.119033 0.392462
v -0.285165 -0.048487 0.453087
v -0.261530 0.057353 0.284339
v -0.264106 0.001024 0.416711
v -0.311560 0.079045 0.090773
v -0.309201 0.095461 0.125665
v -0.003146 0.378946 -0.148896
v -0.012492 0.286418 -0.113215
v -0.003212 0.626552 -0.295092
v -0.051682 0.677062 -0.359950
v 0.001995 0.284678 -0.109806
v 0.048140 0.678544 -0.359890
v -0.160035 0.149166 0.125711
v -0.207249 0.120961 0.134388
v -0.194185 0.108479 0.216213
v -0.340853 0.479895 -0.446812
v -0.282051 0.337051 -0.394335
v -0.293243 0.341220 -0.478104
v -0.287983 0.102715 -0.105024
v -0.294528 0.090542 -0.024503
v -0.308051 0.083445 -0.044172
v 0.156591 0.148987 0.128724
v 0.203797 0.116879 0.139106
v 0.192570 0.105891 0.219351
v 0.340324 0.482714 -0.445610
v 0.282354 0.334281 -0.393916
v 0.293639 0.339306 -0.476979
v 0.293638 0.082090 -0.092733
v 0.304138 0.053227 -0.008526
v 0.318505 0.051140 -0.028910
v 0.000061 -0.595528 0.223110
v -0.047221 -0.615694 0.329873
v 0.000068 -0.551788 -0.160045
v -0.040711 -0.535003 -0.228872
v 0.047392 -0.615810 0.329893
v 0.041450 -0.535474 -0.229039
v -0.304667 -0.429711 0.425182
v -0.313613 -0.295276 0.350145
v -0.317429 -0.312985 0.460144
v -0.258559 -0.265447 -0.296407
v -0.289649 -0.192713 -0.250042
v -0.234552 -0.141539 -0.296774
v -0.323133 -0.049061 -0.020117
v -0.319802 -0.048846 0.058270
v -0.312240 0.038646 0.012119
v 0.305726 -0.429926 0.427153
v 0.315315 -0.296834 0.354421
v 0.318757 -0.314314 0.463481
v 0.258087 -0.264633 -0.295612
v 0.289910 -0.189687 -0.249572
v 0.235014 -0.140051 -0.295941
v 0.325235 -0.041157 -0.012497
v 0.323286 -0.043979 0.067652
v 0.317628 0.035556 0.024640
v 0.165685 -0.019233 0.648862
v 0.234886 -0.058356 0.612113
v -0.164574 -0.019264 0.649663
v -0.234835 -0.057779 0.611420
v 0.208482 0.004063 0.558485
v -0.208092 0.005109 0.558671
v 0.167629 0.025656 -0.622730
v 0.192862 0.031862 -0.523808
v -0.167188 0.025912 -0.623890
v -0.192280 0.032257 -0.525260
v 0.244447 0.062693 -0.612592
v -0.244433 0.063265 -0.614304
v -0.119317 0.360616 -0.165812
v -0.122528 0.323424 -0.150093
v -0.136060 0.361389 -0.177499
v -0.146990 0.323976 -0.167722
v -0.137941 0.301416 -0.149268
v 0.109514 0.364758 -0.166233
v 0.112189 0.327489 -0.148857
v 0.128320 0.365229 -0.178559
v 0.140082 0.327844 -0.167478
v 0.129539 0.305320 -0.148046
v -0.275270 -0.548911 0.026428
v -0.278209 -0.509150 0.053150
v -0.300908 -0.548891 -0.004261
v -0.311339 -0.496793 0.003951
v -0.298798 -0.477947 0.039689
v 0.275731 -0.547716 0.026576
v 0.278538 -0.508003 0.053701
v 0.301340 -0.547095 -0.004335
v 0.312098 -0.494829 0.004232
v 0.298995 -0.476488 0.040445
v -0.023237 -0.462911 0.701423
v 0.024790 -0.462940 0.701184
v 0.000748 -0.382523 0.717897
v 0.038645 -0.412684 0.710931
v -0.037187 -0.412570 0.711454
v -0.010387 0.121634 0.322316
v 0.010727 0.121669 0.322008
v 0.000750 0.116188 0.390951
v 0.018235 0.117753 0.362879
v -0.017274 0.118060 0.363315
v -0.010932 -0.118507 -0.400020
v 0.011405 -0.118755 -0.399950
v 0.000163 -0.060392 -0.413409
v 0.017765 -0.083061 -0.406663
v -0.017344 -0.082435 -0.406827
v -0.022885 0.435048 -0.696166
v 0.024615 0.435065 -0.696333
v 0.001158 0.356121 -0.735049
v 0.040058 0.385700 -0.720582
v -0.038009 0.385996 -0.720649
v 0.300658 0.069654 -0.264932
v 0.296681 0.050706 -0.249607
v 0.292587 0.056020 -0.277505
v 0.295996 0.068805 -0.287630
v 0.301239 0.058862 -0.241696
v 0.306314 0.026661 0.269568
v 0.310316 0.013292 0.283316
v 0.306174 0.004410 0.304302
v 0.302953 0.014897 0.295404
v 0.310748 0.027509 0.262766
v -0.298480 0.073096 -0.269918
v -0.294355 0.052509 -0.254429
v -0.290794 0.057689 -0.281755
v -0.294078 0.071335 -0.291969
v -0.298786 0.062048 -0.247012
v -0.302844 0.040666 0.257188
v -0.306718 0.025926 0.270606
v -0.302674 0.015235 0.292329
v -0.299557 0.026541 0.283637
v -0.306983 0.042363 0.249771
v -0.014583 0.536168 -0.213845
v 0.005438 0.542698 -0.210788
v -0.005706 0.525698 -0.205540
v -0.011939 0.559303 -0.228398
v -0.000547 0.530056 -0.205567
v 0.002764 0.562795 -0.227167
v -0.076535 0.224782 -0.039973
v -0.070776 0.198478 0.047056
v -0.053372 0.234065 -0.059337
v -0.097815 0.203215 0.016323
v -0.052316 0.218530 -0.011736
v -0.095153 0.192924 0.058489
v -0.233351 0.629655 -0.372014
v -0.217232 0.702867 -0.467051
v -0.188985 0.684466 -0.381948
v -0.293692 0.630499 -0.404004
v -0.208339 0.800699 -0.421829
v -0.259290 0.637728 -0.454755
v -0.247039 0.208125 -0.237148
v -0.272289 0.162316 -0.256776
v -0.253694 0.232438 -0.278499
v -0.257789 0.165774 -0.207354
v -0.264326 0.203756 -0.289092
v -0.271026 0.146635 -0.216749
v -0.248455 0.114658 0.026761
v -0.282844 0.080755 0.098766
v -0.243625 0.112134 0.062320
v -0.272306 0.096900 0.027144
v -0.259638 0.095706 0.098905
v -0.291863 0.078541 0.063354
v 0.064071 0.224761 -0.037042
v 0.062983 0.199080 0.049019
v 0.040245 0.233694 -0.055734
v 0.041945 0.218384 -0.009111
v 0.088798 0.203889 0.019051
v 0.088314 0.194308 0.060524
v 0.225709 0.633759 -0.374488
v 0.216405 0.703774 -0.467552
v 0.185532 0.687767 -0.383349
v 0.208876 0.801396 -0.422216
v 0.280780 0.632150 -0.406533
v 0.256849 0.637927 -0.454908
v 0.246292 0.203619 -0.232632
v 0.273212 0.156886 -0.250819
v 0.252694 0.227668 -0.275365
v 0.258196 0.159600 -0.200723
v 0.264090 0.198512 -0.285374
v 0.272498 0.140000 -0.209233
v 0.240534 0.106040 0.032931
v 0.276496 0.067621 0.106391
v 0.237192 0.103968 0.068497
v 0.264385 0.083929 0.034424
v 0.255943 0.084620 0.106516
v 0.284615 0.061615 0.071629
v -0.042543 -0.584335 0.024461
v 0.042638 -0.583924 0.024149
v -0.021397 -0.582465 0.072058
v -0.021394 -0.575962 -0.024186
v 0.021449 -0.582055 0.071872
v 0.021359 -0.575951 -0.024328
v -0.209629 -0.582132 0.347873
v -0.213891 -0.766630 0.467472
v -0.170313 -0.612454 0.366721
v -0.243734 -0.582454 0.389952
v -0.160640 -0.676992 0.426615
v -0.257513 -0.656832 0.459518
v -0.212901 -0.560061 -0.289826
v -0.140986 -0.402829 -0.307712
v -0.154215 -0.545865 -0.276523
v -0.224572 -0.465967 -0.297551
v -0.125834 -0.467247 -0.290565
v -0.184168 -0.396449 -0.305755
v -0.353182 -0.168821 -0.121175
v -0.317169 -0.084193 -0.147321
v -0.334373 -0.172981 -0.158534
v -0.345515 -0.120796 -0.097060
v -0.317838 -0.124212 -0.169274
v -0.327225 -0.085527 -0.112545
v -0.320132 -0.204891 0.172601
v -0.319101 -0.119026 0.209711
v -0.318278 -0.214070 0.218915
v -0.321755 -0.152492 0.147489
v -0.319207 -0.171238 0.237437
v -0.319754 -0.108670 0.166060
v 0.210039 -0.582377 0.348279
v 0.214563 -0.766532 0.467585
v 0.170665 -0.612945 0.366828
v 0.161192 -0.677233 0.426777
v 0.244270 -0.582313 0.390519
v 0.258081 -0.656216 0.459596
v 0.213927 -0.560477 -0.289471
v 0.141641 -0.403260 -0.307548
v 0.155395 -0.546683 -0.276553
v 0.126710 -0.467894 -0.290785
v 0.225079 -0.466010 -0.297336
v 0.184697 -0.396597 -0.305517
v 0.350840 -0.166021 -0.120572
v 0.317316 -0.079668 -0.144660
v 0.333633 -0.169162 -0.157653
v 0.343559 -0.117990 -0.095272
v 0.317746 -0.119755 -0.167547
v 0.327145 -0.080874 -0.109365
v 0.322372 -0.205237 0.178357
v 0.322366 -0.122400 0.218279
v 0.319879 -0.216324 0.224887
v 0.324891 -0.152163 0.154394
v 0.321246 -0.174888 0.244621
v 0.323402 -0.110317 0.174611
v 0.000874 -0.059480 0.735020
v 0.001435 0.021533 0.672052
v 0.046163 -0.037027 0.714914
v -0.044247 -0.037096 0.715354
v 0.044371 0.002960 0.684194
v -0.041913 0.002927 0.684709
v 0.289020 -0.219927 0.612201
v 0.313416 -0.145545 0.527297
v 0.309039 -0.237596 0.571026
v 0.320343 -0.193486 0.528990
v 0.285386 -0.163582 0.610055
v 0.297727 -0.132637 0.565878
v -0.289887 -0.218782 0.610937
v -0.313557 -0.143154 0.523066
v -0.310013 -0.235958 0.568993
v -0.320895 -0.191164 0.525368
v -0.286414 -0.162355 0.608591
v -0.298356 -0.130854 0.562960
v 0.178344 0.069526 0.393567
v 0.225998 0.045432 0.380743
v 0.189960 0.074692 0.348371
v 0.213920 0.062966 0.344648
v 0.191253 0.051996 0.433936
v 0.215652 0.038944 0.424975
v -0.178016 0.071584 0.392996
v -0.224740 0.049118 0.376956
v -0.190433 0.077148 0.347430
v -0.213655 0.066339 0.341925
v -0.190722 0.054112 0.433241
v -0.214859 0.041715 0.422762
v 0.000274 0.003500 -0.611039
v 0.000876 0.035151 -0.710699
v 0.044622 -0.000238 -0.636857
v -0.044117 -0.000192 -0.637065
v 0.051020 0.018663 -0.687011
v -0.049840 0.019429 -0.686564
v 0.167443 -0.017724 -0.381769
v 0.214365 -0.002962 -0.366735
v 0.185074 -0.033891 -0.350184
v 0.207799 -0.023235 -0.340721
v 0.176881 -0.001576 -0.411629
v 0.201208 0.006231 -0.404271
v -0.166516 -0.017430 -0.383093
v -0.213406 -0.003170 -0.368132
v -0.184084 -0.033724 -0.351335
v -0.206774 -0.023500 -0.341789
v -0.176034 -0.001377 -0.413016
v -0.200307 0.006326 -0.405736
v 0.312720 0.217054 -0.661992
v 0.295687 0.170752 -0.537625
v 0.297894 0.247332 -0.594010
v 0.295895 0.216865 -0.541540
v 0.315453 0.158956 -0.656681
v 0.298951 0.146002 -0.585158
v -0.312193 0.219849 -0.662885
v -0.295032 0.173071 -0.539298
v -0.297474 0.249798 -0.595220
v -0.295287 0.219365 -0.543015
v -0.315604 0.161194 -0.658134
v -0.298145 0.148248 -0.586462
v 0.321010 0.058062 -0.035715
v 0.321197 0.063894 0.043709
v 0.322902 0.057859 -0.023688
v 0.322834 0.058859 0.015992
v 0.319676 0.060377 -0.009385
v 0.319411 0.064819 0.030450
v -0.314589 0.076939 -0.049278
v -0.319407 0.094329 0.027160
v -0.316219 0.081358 -0.038030
v -0.318562 0.085831 0.000460
v -0.314709 0.080565 -0.023820
v -0.315648 0.095939 0.014020
v -0.078509 0.431556 -0.173413
v -0.041316 0.497161 -0.195690
v -0.066753 0.416238 -0.167425
v -0.076128 0.477066 -0.191762
v -0.046610 0.450334 -0.178136
v -0.058722 0.508199 -0.203874
v -0.100780 0.292949 -0.123613
v -0.083973 0.257218 -0.094536
v -0.082611 0.320375 -0.131300
v -0.112561 0.251771 -0.099624
v -0.071884 0.300652 -0.120428
v -0.107222 0.237454 -0.079634
v -0.156722 0.435542 -0.225812
v -0.199656 0.525132 -0.292534
v -0.138455 0.478172 -0.234801
v -0.190792 0.431027 -0.246263
v -0.154576 0.520532 -0.268001
v -0.218976 0.477546 -0.279729
v -0.183702 0.293333 -0.186012
v -0.217347 0.253208 -0.210951
v -0.200616 0.327902 -0.217199
v -0.190906 0.245410 -0.165441
v -0.218989 0.309719 -0.232507
v -0.209524 0.226278 -0.175022
v -0.162369 0.226797 -0.106739
v -0.203507 0.168736 -0.044619
v -0.159132 0.214265 -0.081474
v -0.184351 0.209391 -0.106020
v -0.179785 0.187137 -0.048052
v -0.204819 0.179129 -0.076353
v 0.065747 0.437794 -0.174504
v 0.026493 0.506616 -0.189563
v 0.042515 0.431082 -0.157910
v 0.067604 0.480692 -0.196975
v 0.026939 0.462065 -0.167787
v 0.046056 0.516413 -0.203561
v 0.086552 0.296227 -0.119739
v 0.069044 0.257991 -0.090085
v 0.067269 0.324027 -0.125619
v 0.098999 0.253716 -0.096111
v 0.056800 0.302122 -0.113982
v 0.093574 0.238483 -0.076045
v 0.150583 0.439528 -0.228568
v 0.192602 0.529690 -0.295073
v 0.131585 0.482395 -0.238342
v 0.185601 0.434871 -0.247930
v 0.147635 0.525153 -0.270746
v 0.213261 0.481789 -0.281847
v 0.180587 0.296532 -0.184821
v 0.215080 0.252439 -0.208048
v 0.197640 0.330332 -0.216389
v 0.186900 0.246766 -0.162944
v 0.217176 0.310617 -0.230908
v 0.206352 0.225305 -0.171593
v 0.154024 0.228106 -0.103688
v 0.196134 0.164122 -0.039749
v 0.149701 0.214788 -0.077884
v 0.177778 0.209031 -0.102404
v 0.171282 0.185126 -0.043788
v 0.198466 0.174927 -0.071595
v -0.211634 -0.603105 0.031377
v -0.127400 -0.605487 0.028205
v -0.189539 -0.575428 0.067113
v -0.196486 -0.651273 -0.003238
v -0.149578 -0.582020 0.068737
v -0.148270 -0.640722 -0.010611
v -0.247125 -0.501313 0.133437
v -0.222378 -0.520521 0.232335
v -0.217658 -0.530302 0.144949
v -0.260401 -0.470666 0.165080
v -0.202652 -0.536879 0.193991
v -0.250199 -0.482084 0.214996
v -0.340825 -0.680837 -0.085189
v -0.300833 -0.741305 -0.244477
v -0.285388 -0.766014 -0.080820
v -0.362991 -0.626393 -0.141176
v -0.251645 -0.797056 -0.165454
v -0.356031 -0.651530 -0.216013
v -0.343666 -0.416746 -0.046187
v -0.362241 -0.295059 -0.090305
v -0.357408 -0.432977 -0.094081
v -0.341723 -0.352196 -0.024430
v -0.365152 -0.365290 -0.117284
v -0.349921 -0.295494 -0.045660
v -0.310382 -0.386174 0.082940
v -0.317819 -0.294309 0.129366
v -0.301226 -0.386194 0.127314
v -0.322369 -0.340889 0.062313
v -0.308144 -0.343373 0.151993
v -0.323706 -0.291778 0.084654
v 0.212295 -0.602858 0.031205
v 0.127828 -0.605486 0.027817
v 0.189799 -0.574925 0.067002
v 0.197713 -0.651762 -0.003682
v 0.149749 -0.581510 0.068465
v 0.149150 -0.641442 -0.011134
v 0.247355 -0.500760 0.134297
v 0.222897 -0.520323 0.233075
v 0.218010 -0.529806 0.145464
v 0.260942 -0.470031 0.166249
v 0.203052 -0.536591 0.194489
v 0.251105 -0.481485 0.216090
v 0.341831 -0.678518 -0.086014
v 0.303265 -0.738971 -0.243651
v 0.288247 -0.764676 -0.082092
v 0.363942 -0.623614 -0.141773
v 0.255821 -0.795543 -0.165403
v 0.356486 -0.648185 -0.215921
v 0.346752 -0.413463 -0.046150
v 0.365164 -0.289868 -0.090565
v 0.359628 -0.429718 -0.094450
v 0.344664 -0.348379 -0.023732
v 0.365396 -0.361646 -0.117532
v 0.353488 -0.290441 -0.045021
v 0.311078 -0.384695 0.084686
v 0.318878 -0.293491 0.132812
v 0.301983 -0.385175 0.129272
v 0.323719 -0.338754 0.064368
v 0.308350 -0.343247 0.154873
v 0.325141 -0.289871 0.087671
v -0.089924 -0.571024 0.676601
v -0.152639 -0.760561 0.670516
v -0.059828 -0.621233 0.649205
v -0.157332 -0.573751 0.689671
v -0.086512 -0.687098 0.624372
v -0.208766 -0.670967 0.704857
v 0.091535 -0.570705 0.677054
v 0.155427 -0.760440 0.672351
v 0.061280 -0.621220 0.649655
v 0.159080 -0.573041 0.689680
v 0.087929 -0.687368 0.625158
v 0.211157 -0.669016 0.704367
v 0.000714 -0.271581 0.745620
v 0.000447 -0.164510 0.825161
v 0.048326 -0.243152 0.749658
v -0.047017 -0.243292 0.749615
v 0.049013 -0.187378 0.769630
v -0.047854 -0.187490 0.769823
v 0.136438 -0.368803 0.707828
v 0.231339 -0.300001 0.680949
v 0.183323 -0.410682 0.695967
v 0.141477 -0.302426 0.717064
v 0.234496 -0.373745 0.683099
v 0.188694 -0.269206 0.704003
v -0.135308 -0.368908 0.708218
v -0.231169 -0.299801 0.681178
v -0.182635 -0.410743 0.697000
v -0.140455 -0.302486 0.717451
v -0.233780 -0.373824 0.683281
v -0.188125 -0.269177 0.704315
v -0.035100 0.142806 0.235637
v -0.056265 0.169829 0.141206
v -0.023739 0.157760 0.185500
v -0.058683 0.140650 0.239622
v -0.034051 0.172240 0.136636
v -0.069864 0.152998 0.193451
v 0.033032 0.142787 0.235629
v 0.051533 0.170143 0.141992
v 0.020212 0.157801 0.185665
v 0.056671 0.140617 0.239692
v 0.029080 0.172351 0.137146
v 0.066688 0.153252 0.193979
v 0.002150 0.112301 0.504750
v 0.001965 0.076635 0.593809
v 0.034410 0.104229 0.525085
v -0.030204 0.104601 0.525759
v 0.037575 0.086561 0.569684
v -0.033558 0.086686 0.570190
v 0.067137 0.110122 0.382610
v 0.123492 0.092946 0.394340
v 0.082401 0.114345 0.339167
v 0.078065 0.100804 0.435101
v 0.109454 0.106981 0.344502
v 0.107536 0.090613 0.440857
v -0.066234 0.111038 0.383762
v -0.122911 0.094297 0.395174
v -0.082266 0.115153 0.339627
v -0.076451 0.102020 0.436812
v -0.109424 0.108011 0.344834
v -0.106691 0.092000 0.443186
v -0.043818 -0.191821 -0.383233
v -0.086922 -0.287586 -0.346579
v -0.032333 -0.236397 -0.383074
v -0.073153 -0.188081 -0.372485
v -0.052288 -0.288234 -0.358898
v -0.096090 -0.233036 -0.355667
v 0.044317 -0.192395 -0.382831
v 0.087364 -0.288175 -0.345884
v 0.032772 -0.236859 -0.382751
v 0.073680 -0.188807 -0.371951
v 0.052695 -0.288758 -0.358311
v 0.096577 -0.233693 -0.354968
v 0.000035 -0.002347 -0.448921
v 0.000152 0.003671 -0.518346
v 0.025100 0.001708 -0.461265
v -0.024993 0.001820 -0.461698
v 0.028341 0.003202 -0.496467
v -0.028085 0.003253 -0.496827
v 0.063621 -0.057263 -0.403525
v 0.114295 -0.030312 -0.392585
v 0.084997 -0.091242 -0.387338
v 0.067749 -0.017511 -0.418952
v 0.110852 -0.077366 -0.379918
v 0.094488 -0.011257 -0.418276
v -0.062995 -0.055096 -0.404128
v -0.113510 -0.029197 -0.393895
v -0.084311 -0.089662 -0.388005
v -0.067351 -0.016498 -0.420028
v -0.109919 -0.075373 -0.380661
v -0.093992 -0.010609 -0.419645
v -0.087172 0.532582 -0.648347
v -0.156898 0.636342 -0.577413
v -0.061614 0.585078 -0.610370
v -0.145453 0.526674 -0.656170
v -0.096546 0.636500 -0.571856
v -0.180069 0.576101 -0.622775
v 0.088132 0.532691 -0.648665
v 0.156949 0.636548 -0.577684
v 0.062231 0.585053 -0.610431
v 0.146180 0.526335 -0.656115
v 0.096835 0.636497 -0.571962
v 0.180480 0.576290 -0.622968
v 0.001549 0.241030 -0.780172
v 0.001544 0.122327 -0.779284
v 0.062495 0.209850 -0.793584
v -0.059150 0.210515 -0.791501
v 0.064433 0.147890 -0.794482
v -0.061201 0.149225 -0.792437
v 0.145225 0.343116 -0.738271
v 0.253167 0.283748 -0.734143
v 0.179107 0.383101 -0.706600
v 0.169109 0.280296 -0.784197
v 0.227846 0.353036 -0.699624
v 0.228905 0.247975 -0.785163
v -0.143084 0.344032 -0.738047
v -0.251783 0.285883 -0.734910
v -0.177539 0.384159 -0.706515
v -0.166141 0.281415 -0.783542
v -0.226464 0.354661 -0.699753
v -0.226505 0.249769 -0.785529
v 0.303577 0.091914 -0.265001
v 0.294431 0.121929 -0.260303
v 0.299712 0.111690 -0.298020
v 0.306218 0.085774 -0.231352
v 0.294249 0.131913 -0.297023
v 0.303577 0.094992 -0.227529
v 0.296041 0.024293 -0.211833
v 0.299983 -0.008354 -0.172454
v 0.289242 0.011249 -0.224944
v 0.302287 0.022481 -0.179238
v 0.290890 -0.007110 -0.205776
v 0.304306 0.008335 -0.158616
v 0.275900 0.039690 -0.310560
v 0.250567 0.018184 -0.342223
v 0.272452 0.021564 -0.291728
v 0.270175 0.048394 -0.346704
v 0.260344 0.009784 -0.306281
v 0.257276 0.037935 -0.364540
v 0.291065 0.094406 -0.353858
v 0.288677 0.129923 -0.436616
v 0.294098 0.115400 -0.362574
v 0.283929 0.088363 -0.380468
v 0.292244 0.137197 -0.402431
v 0.282360 0.102845 -0.422949
v 0.309863 0.054297 -0.181056
v 0.316680 0.052976 -0.111214
v 0.312449 0.061183 -0.173279
v 0.310464 0.044843 -0.156745
v 0.315966 0.058438 -0.137821
v 0.313865 0.045612 -0.121999
v 0.300093 0.041573 0.224500
v 0.292608 0.051778 0.169680
v 0.292127 0.043731 0.234117
v 0.303506 0.045619 0.188722
v 0.286890 0.051544 0.206133
v 0.301477 0.048003 0.161751
v 0.315167 -0.007521 0.274751
v 0.318881 -0.055560 0.251000
v 0.315915 -0.043414 0.299281
v 0.315827 0.009896 0.241259
v 0.318615 -0.069035 0.289918
v 0.316930 -0.011099 0.227298
v 0.304474 -0.036703 0.362929
v 0.305555 -0.088724 0.436771
v 0.310054 -0.059920 0.366057
v 0.297248 -0.037160 0.390300
v 0.311006 -0.090572 0.401098
v 0.296571 -0.059258 0.428815
v 0.288161 0.015912 0.327305
v 0.263008 0.026365 0.357642
v 0.283433 0.029985 0.307238
v 0.283555 0.003184 0.362938
v 0.271148 0.035204 0.320083
v 0.271108 0.008716 0.381379
v 0.314986 0.050366 0.200998
v 0.318011 0.063565 0.124952
v 0.313349 0.051413 0.171877
v 0.319054 0.064829 0.198640
v 0.315759 0.056122 0.134392
v 0.317516 0.070163 0.156285
v -0.301078 0.097225 -0.270676
v -0.292553 0.126552 -0.266913
v -0.296788 0.117127 -0.302669
v -0.303349 0.092498 -0.238367
v -0.292284 0.136584 -0.302077
v -0.300591 0.101952 -0.235206
v -0.293544 0.023040 -0.216679
v -0.298537 -0.014471 -0.176752
v -0.287407 0.008627 -0.228905
v -0.299409 0.021630 -0.184685
v -0.289531 -0.011453 -0.209218
v -0.301815 0.005521 -0.163539
v -0.274433 0.039706 -0.313775
v -0.249419 0.017541 -0.344444
v -0.271013 0.020431 -0.294799
v -0.268821 0.048813 -0.349541
v -0.259146 0.008373 -0.308742
v -0.256070 0.038013 -0.366936
v -0.289268 0.097010 -0.357168
v -0.287130 0.132512 -0.438918
v -0.291781 0.118949 -0.365722
v -0.282261 0.090305 -0.383343
v -0.290168 0.140620 -0.404959
v -0.280908 0.104862 -0.425390
v -0.305393 0.060421 -0.188348
v -0.310026 0.064053 -0.121365
v -0.307096 0.070362 -0.181482
v -0.305790 0.049632 -0.164312
v -0.309005 0.070934 -0.147514
v -0.308613 0.052204 -0.130911
v -0.297218 0.058059 0.212733
v -0.290421 0.069910 0.157912
v -0.289748 0.058237 0.223451
v -0.300287 0.064994 0.176012
v -0.284373 0.066471 0.195260
v -0.298164 0.068943 0.148646
v -0.311591 0.003839 0.261721
v -0.315531 -0.045381 0.239968
v -0.312807 -0.033489 0.288031
v -0.311686 0.024462 0.227723
v -0.315782 -0.059721 0.279464
v -0.312686 0.001423 0.214481
v -0.301168 -0.030113 0.352611
v -0.304510 -0.084057 0.429983
v -0.306881 -0.053890 0.356085
v -0.294636 -0.031284 0.381382
v -0.309032 -0.085365 0.392984
v -0.295150 -0.054355 0.421723
v -0.284981 0.024735 0.317140
v -0.260406 0.032536 0.350116
v -0.280188 0.039386 0.297151
v -0.280797 0.010179 0.353996
v -0.267961 0.043043 0.311084
v -0.268909 0.014583 0.374027
v -0.310470 0.069847 0.186373
v -0.314209 0.088925 0.109239
v -0.309347 0.073016 0.157537
v -0.312783 0.083215 0.181790
v -0.311967 0.080427 0.119422
v -0.311835 0.092602 0.139859
v -0.011845 0.428798 -0.171213
v -0.028879 0.316315 -0.126873
v -0.022923 0.410238 -0.164881
v -0.035771 0.349742 -0.140041
v -0.010957 0.378496 -0.150822
v -0.016953 0.327409 -0.131357
v -0.042910 0.590695 -0.266042
v -0.101932 0.627858 -0.320487
v -0.068459 0.572829 -0.260861
v -0.099425 0.586092 -0.285915
v -0.036342 0.619755 -0.295435
v -0.063555 0.642406 -0.325251
v 0.009113 0.413987 -0.157887
v 0.018903 0.312178 -0.117392
v 0.018942 0.397430 -0.148863
v 0.025985 0.344893 -0.129093
v 0.004897 0.372362 -0.143811
v 0.008406 0.323076 -0.123787
v 0.034230 0.598912 -0.263362
v 0.096275 0.632032 -0.320806
v 0.059964 0.579996 -0.260258
v 0.092560 0.591263 -0.286785
v 0.029479 0.624903 -0.293336
v 0.058217 0.645844 -0.324757
v -0.144848 0.178218 0.040389
v -0.193355 0.147343 0.055339
v -0.148522 0.186435 0.005612
v -0.172899 0.170593 0.014475
v -0.164528 0.156285 0.086056
v -0.188582 0.141378 0.091993
v -0.017738 0.224380 -0.028512
v 0.007857 0.224023 -0.027062
v -0.012307 0.206693 0.027551
v 0.004077 0.206627 0.028022
v -0.009247 0.248516 -0.083120
v -0.001700 0.248116 -0.081913
v -0.130832 0.153494 0.162005
v -0.160263 0.112746 0.257381
v -0.119883 0.141546 0.204954
v -0.134529 0.122779 0.254053
v -0.153671 0.141211 0.167164
v -0.169540 0.120659 0.213698
v -0.446646 0.550135 -0.340441
v -0.262749 0.359854 -0.335720
v -0.314716 0.468706 -0.319833
v -0.265143 0.392964 -0.310017
v -0.357664 0.476173 -0.395231
v -0.290237 0.390985 -0.379922
v -0.070935 0.725793 -0.433577
v 0.071038 0.725585 -0.433621
v -0.035273 0.704006 -0.479288
v 0.035325 0.703972 -0.479336
v -0.031066 0.701508 -0.396846
v 0.029261 0.701829 -0.396872
v -0.283772 0.511435 -0.517600
v -0.280992 0.372692 -0.563385
v -0.255236 0.487163 -0.571224
v -0.262639 0.417494 -0.597421
v -0.305584 0.461445 -0.492338
v -0.292286 0.391488 -0.511349
v -0.259789 0.136606 -0.127355
v -0.265256 0.117545 -0.049949
v -0.243768 0.154060 -0.119392
v -0.245820 0.141523 -0.082167
v -0.275954 0.114462 -0.096340
v -0.279085 0.106933 -0.056687
v -0.279714 0.237988 -0.367737
v -0.289490 0.244743 -0.448655
v -0.285184 0.203939 -0.371253
v -0.288412 0.206868 -0.409897
v -0.284006 0.289024 -0.401246
v -0.289444 0.291897 -0.442899
v -0.295257 0.099569 -0.153716
v -0.308250 0.083847 -0.093652
v -0.302965 0.090612 -0.161587
v -0.307057 0.083990 -0.131586
v -0.297075 0.094644 -0.114169
v -0.304438 0.087451 -0.084034
v -0.245383 0.091255 0.174506
v -0.233375 0.079282 0.257603
v -0.257755 0.077628 0.210830
v -0.252771 0.071148 0.252625
v -0.224894 0.102223 0.175981
v -0.218626 0.096217 0.217421
v -0.305154 0.076168 0.045676
v -0.312938 0.079922 0.023780
v -0.306723 0.075106 0.073504
v -0.310878 0.077828 0.062805
v -0.306499 0.079231 0.006838
v -0.310211 0.079961 -0.004279
v 0.137467 0.177778 0.043879
v 0.186768 0.143923 0.059950
v 0.139683 0.185698 0.009438
v 0.164855 0.168535 0.018736
v 0.159181 0.155147 0.089634
v 0.183250 0.138578 0.096243
v 0.128789 0.155113 0.163748
v 0.158946 0.111477 0.258794
v 0.117682 0.141986 0.206048
v 0.133064 0.122236 0.254908
v 0.151392 0.141459 0.169503
v 0.167602 0.119449 0.215902
v 0.454912 0.560381 -0.342729
v 0.265382 0.358180 -0.334214
v 0.314952 0.473370 -0.320941
v 0.268621 0.393981 -0.308711
v 0.359989 0.480984 -0.394747
v 0.293812 0.389936 -0.378454
v 0.281651 0.510147 -0.516660
v 0.281234 0.371027 -0.562767
v 0.254657 0.486065 -0.570986
v 0.262898 0.416107 -0.597276
v 0.304447 0.461052 -0.491147
v 0.292295 0.390167 -0.510326
v 0.259883 0.125520 -0.118846
v 0.265409 0.095681 -0.039844
v 0.241866 0.145319 -0.112399
v 0.242991 0.129618 -0.074733
v 0.278893 0.095870 -0.085370
v 0.283034 0.081131 -0.044423
v 0.279461 0.233087 -0.366267
v 0.290220 0.241588 -0.447052
v 0.285995 0.199577 -0.368765
v 0.289491 0.203013 -0.407834
v 0.284072 0.285536 -0.400199
v 0.289871 0.289083 -0.441644
v 0.301513 0.081826 -0.142379
v 0.320579 0.056264 -0.080126
v 0.309116 0.074930 -0.150586
v 0.317363 0.062030 -0.119711
v 0.306024 0.069893 -0.100998
v 0.318600 0.055082 -0.069256
v 0.247142 0.082506 0.182768
v 0.232840 0.074554 0.261947
v 0.261191 0.067918 0.220073
v 0.253859 0.063821 0.259134
v 0.223428 0.096907 0.181378
v 0.217025 0.092297 0.221384
v 0.309210 0.045861 0.060211
v 0.319002 0.050087 0.039268
v 0.311039 0.047137 0.088215
v 0.315696 0.049623 0.077993
v 0.311645 0.047011 0.021576
v 0.317119 0.048449 0.010961
v -0.064774 -0.586073 0.169768
v -0.111685 -0.589166 0.268347
v -0.106923 -0.579541 0.166293
v -0.128940 -0.576430 0.213132
v -0.044045 -0.593602 0.222101
v -0.067840 -0.599312 0.273557
v -0.061598 -0.598424 -0.113331
v -0.097952 -0.629265 -0.207353
v -0.096704 -0.653112 -0.109045
v -0.113562 -0.690475 -0.163727
v -0.042646 -0.570101 -0.158869
v -0.060418 -0.577819 -0.197267
v 0.064879 -0.585950 0.169735
v 0.111824 -0.589256 0.268457
v 0.107065 -0.579332 0.166284
v 0.129115 -0.576359 0.213259
v 0.044167 -0.593580 0.222105
v 0.067968 -0.599429 0.273601
v 0.061997 -0.599046 -0.113824
v 0.099273 -0.630984 -0.207938
v 0.097382 -0.655143 -0.109646
v 0.114963 -0.692959 -0.164366
v 0.042955 -0.570596 -0.159235
v 0.061202 -0.578687 -0.197619
v -0.283176 -0.447467 0.335377
v -0.306520 -0.325481 0.275977
v -0.283101 -0.422259 0.277937
v -0.298219 -0.365983 0.251387
v -0.298557 -0.406719 0.363361
v -0.306399 -0.342001 0.329853
v -0.051599 -0.662425 0.444417
v 0.052084 -0.662665 0.444533
v -0.026171 -0.670865 0.504884
v 0.026755 -0.671060 0.504998
v -0.024648 -0.638104 0.387043
v 0.024979 -0.638264 0.387057
v -0.318284 -0.540528 0.543000
v -0.318720 -0.373112 0.566264
v -0.323156 -0.542374 0.621638
v -0.315662 -0.440684 0.621974
v -0.313592 -0.448153 0.491275
v -0.317769 -0.378574 0.506652
v -0.308994 -0.391205 -0.276128
v -0.333817 -0.278338 -0.216521
v -0.345906 -0.427417 -0.247057
v -0.350651 -0.356863 -0.210459
v -0.295636 -0.302401 -0.276438
v -0.309912 -0.256515 -0.249862
v -0.040187 -0.447811 -0.286267
v 0.040859 -0.448099 -0.286485
v -0.019260 -0.394374 -0.313581
v 0.019803 -0.394512 -0.313573
v -0.020170 -0.491179 -0.257841
v 0.020865 -0.491367 -0.257910
v -0.189188 -0.253875 -0.319772
v -0.185079 -0.132771 -0.331683
v -0.158555 -0.209913 -0.336193
v -0.159259 -0.151823 -0.343387
v -0.219704 -0.229489 -0.309045
v -0.213284 -0.167642 -0.312547
v -0.336757 -0.136680 -0.019810
v -0.327262 -0.143363 0.061851
v -0.338156 -0.187941 -0.000240
v -0.331570 -0.191153 0.041538
v -0.328597 -0.091627 0.000097
v -0.325300 -0.094656 0.040036
v -0.283455 -0.103193 -0.231874
v -0.243499 -0.062657 -0.284671
v -0.274094 -0.056409 -0.240218
v -0.257673 -0.040701 -0.268615
v -0.274562 -0.136360 -0.253332
v -0.251118 -0.113721 -0.278566
v -0.315599 -0.012413 -0.075453
v -0.312780 0.039875 -0.048339
v -0.311358 0.009335 -0.096249
v -0.311419 0.030385 -0.083837
v -0.317281 -0.010507 -0.040147
v -0.314142 0.022619 -0.025410
v -0.318558 -0.193136 0.331091
v -0.319080 -0.204616 0.427393
v -0.318584 -0.151204 0.342918
v -0.317779 -0.157828 0.387700
v -0.317384 -0.247640 0.366465
v -0.318245 -0.254550 0.417966
v -0.313969 -0.003122 0.116719
v -0.308093 0.093593 0.066668
v -0.310413 0.039362 0.134410
v -0.307147 0.094515 0.109867
v -0.314842 -0.001453 0.075515
v -0.310678 0.047910 0.051191
v 0.283974 -0.447634 0.337260
v 0.308559 -0.325706 0.279579
v 0.283812 -0.422423 0.280043
v 0.298802 -0.366544 0.254311
v 0.299622 -0.407120 0.365792
v 0.308332 -0.342513 0.333273
v 0.317600 -0.539567 0.542853
v 0.318569 -0.373703 0.567334
v 0.323261 -0.541428 0.621003
v 0.315630 -0.440547 0.621897
v 0.313893 -0.448171 0.492539
v 0.318747 -0.379128 0.508659
v 0.308445 -0.389773 -0.276153
v 0.333385 -0.275328 -0.216673
v 0.345465 -0.425405 -0.247562
v 0.350261 -0.354148 -0.210983
v 0.295571 -0.300649 -0.276652
v 0.309754 -0.253875 -0.249891
v 0.189587 -0.253704 -0.319301
v 0.185757 -0.132757 -0.330893
v 0.159099 -0.210112 -0.335606
v 0.159920 -0.152199 -0.342666
v 0.219934 -0.228831 -0.308496
v 0.213743 -0.166904 -0.311837
v 0.338392 -0.131788 -0.015605
v 0.330071 -0.140086 0.067854
v 0.340597 -0.183162 0.003135
v 0.334446 -0.186968 0.045765
v 0.330471 -0.087536 0.006415
v 0.328159 -0.090150 0.047256
v 0.283827 -0.099329 -0.230357
v 0.244115 -0.059976 -0.283304
v 0.274557 -0.051927 -0.238211
v 0.258386 -0.037560 -0.267064
v 0.274906 -0.133321 -0.252309
v 0.251595 -0.111375 -0.277506
v 0.318261 -0.003999 -0.068543
v 0.317321 0.040958 -0.037239
v 0.314854 0.013459 -0.089008
v 0.315578 0.030766 -0.074721
v 0.319714 0.001356 -0.031298
v 0.318023 0.029127 -0.014418
v 0.320475 -0.197037 0.337669
v 0.320672 -0.207516 0.432847
v 0.320341 -0.156534 0.350409
v 0.319516 -0.162145 0.394562
v 0.318969 -0.250303 0.371649
v 0.319817 -0.256813 0.422652
v 0.319003 -0.013298 0.128967
v 0.315959 0.069308 0.083068
v 0.315946 0.025407 0.148640
v 0.314214 0.070377 0.126236
v 0.319342 -0.004627 0.087313
v 0.317715 0.032829 0.064914
v 0.137541 -0.080004 0.707811
v 0.222109 -0.122482 0.671558
v 0.142138 -0.127923 0.723576
v 0.187328 -0.150656 0.704519
v 0.173718 -0.057747 0.673186
v 0.212701 -0.077928 0.655339
v -0.136500 -0.080194 0.708432
v -0.222131 -0.122348 0.671417
v -0.141086 -0.128267 0.723690
v -0.186742 -0.150864 0.704500
v -0.172991 -0.057809 0.673762
v -0.212580 -0.077750 0.655410
v 0.119148 0.032328 0.624492
v 0.165499 0.044872 0.534522
v 0.112177 0.059198 0.588337
v 0.135399 0.062534 0.542610
v 0.157176 0.014068 0.619869
v 0.179816 0.022807 0.574766
v -0.116838 0.032341 0.625704
v -0.164536 0.046012 0.536060
v -0.109464 0.059487 0.589880
v -0.133635 0.063487 0.544694
v -0.155670 0.014145 0.620995
v -0.178919 0.023459 0.575957
v 0.268627 -0.058852 0.535413
v 0.241631 -0.003331 0.488522
v 0.271984 -0.042441 0.487167
v 0.260122 -0.016194 0.466498
v 0.247545 -0.042748 0.563543
v 0.233317 -0.013574 0.537726
v -0.268172 -0.056927 0.532071
v -0.240227 -0.001126 0.485092
v -0.271113 -0.039407 0.482578
v -0.258739 -0.013052 0.461762
v -0.247037 -0.041599 0.561495
v -0.232389 -0.012252 0.535778
v 0.105708 0.010853 -0.564478
v 0.145469 0.010673 -0.487301
v 0.092927 0.006955 -0.519808
v 0.114229 0.005445 -0.485574
v 0.144453 0.019037 -0.571404
v 0.161229 0.020569 -0.527631
v -0.105244 0.010999 -0.565316
v -0.144873 0.010922 -0.488560
v -0.092484 0.007113 -0.520683
v -0.113725 0.005649 -0.486703
v -0.143982 0.019256 -0.572496
v -0.160683 0.020852 -0.528900
v 0.163587 0.045857 -0.723541
v 0.269901 0.093326 -0.724255
v 0.178376 0.087469 -0.770557
v 0.235668 0.115565 -0.771449
v 0.199685 0.032279 -0.681564
v 0.246859 0.055324 -0.679436
v -0.162831 0.046087 -0.724647
v -0.269659 0.094300 -0.725955
v -0.176986 0.088154 -0.771825
v -0.234392 0.116673 -0.773054
v -0.199334 0.032530 -0.682918
v -0.247156 0.055652 -0.681257
v 0.226585 0.041512 -0.465833
v 0.262427 0.083358 -0.530285
v 0.246315 0.054746 -0.449330
v 0.260543 0.076607 -0.476657
v 0.220595 0.045647 -0.513976
v 0.242671 0.064138 -0.552169
v -0.225679 0.042009 -0.467564
v -0.261685 0.084571 -0.532021
v -0.245281 0.055433 -0.451287
v -0.259622 0.077729 -0.478611
v -0.219929 0.046215 -0.515595
v -0.242089 0.064971 -0.553826
v -0.105671 0.351371 -0.153987
v -0.118694 0.398965 -0.181898
v -0.086593 0.383074 -0.159479
v -0.095060 0.440207 -0.182606
v -0.128249 0.283719 -0.132783
v -0.093619 0.337415 -0.142545
v -0.119564 0.267247 -0.116682
v -0.156803 0.354128 -0.189729
v -0.124974 0.438468 -0.204734
v -0.170547 0.390076 -0.215909
v -0.154324 0.282988 -0.152162
v -0.179198 0.342692 -0.202999
v -0.172282 0.264418 -0.157676
v -0.140555 0.245623 -0.110457
v -0.166217 0.242884 -0.131697
v 0.093469 0.356188 -0.152446
v 0.111484 0.402355 -0.185774
v 0.070955 0.390318 -0.156091
v 0.090305 0.441501 -0.191354
v 0.117652 0.287298 -0.130591
v 0.079004 0.342422 -0.138526
v 0.107038 0.270130 -0.113674
v 0.150619 0.357817 -0.190291
v 0.118012 0.442149 -0.209114
v 0.164845 0.393799 -0.216996
v 0.147976 0.286833 -0.150809
v 0.174623 0.345982 -0.202876
v 0.167494 0.267600 -0.155910
v 0.130217 0.248009 -0.107612
v 0.159472 0.245193 -0.129300
v -0.253697 -0.539649 0.061050
v -0.278322 -0.597780 -0.004881
v -0.223502 -0.563933 0.066054
v -0.242303 -0.636680 -0.001643
v -0.285917 -0.469282 0.077324
v -0.234656 -0.531781 0.100531
v -0.272290 -0.466941 0.119251
v -0.326792 -0.530220 -0.034631
v -0.283859 -0.667276 -0.039353
v -0.350316 -0.578176 -0.080640
v -0.316545 -0.444033 0.020168
v -0.345748 -0.490379 -0.065829
v -0.330813 -0.402201 -0.001989
v -0.293528 -0.428287 0.102242
v -0.319855 -0.391740 0.040404
v 0.253864 -0.538929 0.061469
v 0.278855 -0.596525 -0.005152
v 0.223756 -0.563495 0.066262
v 0.243395 -0.636398 -0.001979
v 0.285413 -0.468450 0.078502
v 0.234795 -0.531275 0.101070
v 0.272739 -0.466018 0.120344
v 0.327715 -0.527866 -0.034855
v 0.285072 -0.666173 -0.040007
v 0.351341 -0.575653 -0.081266
v 0.317802 -0.441900 0.020866
v 0.348218 -0.487694 -0.066170
v 0.333463 -0.399230 -0.001371
v 0.293928 -0.427162 0.103678
v 0.321467 -0.389446 0.041639
v 0.000785 -0.513097 0.687397
v -0.073511 -0.453814 0.702077
v -0.028784 -0.565551 0.669250
v -0.113102 -0.506214 0.692993
v 0.074881 -0.453882 0.701320
v 0.030288 -0.565444 0.669484
v 0.114493 -0.506019 0.692372
v 0.044269 -0.358114 0.721500
v -0.042815 -0.358173 0.721613
v 0.047477 -0.299636 0.736727
v -0.045920 -0.299890 0.736402
v 0.128701 -0.437055 0.700974
v 0.092107 -0.332006 0.722111
v -0.127434 -0.437213 0.701465
v -0.090766 -0.332149 0.722241
v -0.000333 0.130114 0.279583
v -0.032554 0.121321 0.327604
v -0.012300 0.143745 0.233298
v -0.046520 0.128857 0.285353
v 0.032768 0.121202 0.326900
v 0.010202 0.143755 0.233284
v 0.045820 0.128666 0.284998
v 0.023322 0.113745 0.410772
v -0.021540 0.114478 0.412029
v 0.028807 0.110651 0.467824
v -0.025926 0.112851 0.471515
v 0.056643 0.119202 0.332921
v 0.049507 0.108688 0.425111
v -0.056529 0.119655 0.333634
v -0.047778 0.109923 0.427210
v 0.000256 -0.153301 -0.396699
v -0.034161 -0.112019 -0.397855
v -0.014501 -0.190968 -0.394450
v -0.052607 -0.147524 -0.386635
v 0.034664 -0.112822 -0.397607
v 0.015030 -0.191191 -0.394327
v 0.053145 -0.148344 -0.386243
v 0.020370 -0.043058 -0.417336
v -0.020083 -0.042264 -0.417594
v 0.022428 -0.011640 -0.434549
v -0.022296 -0.011182 -0.434946
v 0.059413 -0.103368 -0.393284
v 0.042971 -0.027980 -0.418957
v -0.058832 -0.101991 -0.393761
v -0.042675 -0.026799 -0.419621
v 0.000681 0.483005 -0.670746
v -0.072419 0.424649 -0.700381
v -0.028546 0.532815 -0.641853
v -0.107505 0.471425 -0.677610
v 0.074198 0.424591 -0.700818
v 0.029542 0.532824 -0.641933
v 0.108799 0.471202 -0.677850
v 0.049120 0.331472 -0.746964
v -0.046612 0.331677 -0.746486
v 0.056544 0.272098 -0.773015
v -0.053612 0.272479 -0.772257
v 0.126601 0.406996 -0.705375
v 0.105055 0.306209 -0.761664
v -0.124891 0.407508 -0.705074
v -0.102398 0.306865 -0.761091
v 0.299193 0.081676 -0.293150
v 0.304460 0.067741 -0.237700
v 0.300741 0.095779 -0.296520
v 0.306261 0.076834 -0.234583
v 0.290403 0.042337 -0.262136
v 0.301336 0.047619 -0.220890
v 0.289219 0.027480 -0.244099
v 0.301502 0.035539 -0.200071
v 0.289231 0.064481 -0.307802
v 0.282368 0.032590 -0.276679
v 0.280630 0.057442 -0.327601
v 0.296586 0.096879 -0.325980
v 0.286182 0.075449 -0.342127
v 0.308386 0.064630 -0.206794
v 0.306143 0.045653 -0.189815
v 0.300430 0.025854 0.280451
v 0.309953 0.036883 0.242013
v 0.297229 0.035599 0.260011
v 0.306540 0.041936 0.215741
v 0.309904 -0.006567 0.307383
v 0.313616 0.027781 0.258731
v 0.313174 -0.022030 0.305536
v 0.314931 0.027951 0.254598
v 0.300728 0.000698 0.323856
v 0.309585 -0.031924 0.334655
v 0.298823 -0.016849 0.355493
v 0.292969 0.026859 0.293568
v 0.293368 0.000467 0.343609
v 0.311342 0.044551 0.207669
v 0.315447 0.042430 0.228082
v -0.296999 0.085184 -0.297632
v -0.302041 0.072298 -0.243502
v -0.298153 0.100300 -0.301117
v -0.303708 0.082618 -0.240957
v -0.288403 0.042890 -0.266397
v -0.298469 0.050026 -0.226401
v -0.287143 0.026502 -0.248335
v -0.298458 0.036529 -0.205662
v -0.287659 0.066176 -0.311589
v -0.280637 0.032100 -0.280369
v -0.279266 0.058444 -0.330878
v -0.294417 0.100357 -0.329841
v -0.284677 0.077244 -0.345463
v -0.304807 0.071046 -0.213683
v -0.302433 0.049061 -0.196236
v -0.297237 0.038517 0.268851
v -0.306185 0.053461 0.228839
v -0.294409 0.049284 0.248824
v -0.303143 0.060060 0.203074
v -0.306360 0.003510 0.295133
v -0.309806 0.042930 0.245276
v -0.309702 -0.012412 0.293450
v -0.311820 0.041641 0.239944
v -0.297331 0.010075 0.312638
v -0.306043 -0.024118 0.323356
v -0.295528 -0.009532 0.345101
v -0.289872 0.037901 0.282743
v -0.290187 0.008583 0.333352
v -0.307529 0.063906 0.194398
v -0.311078 0.060347 0.213930
v -0.012421 0.513170 -0.201601
v -0.027515 0.547457 -0.224969
v -0.025560 0.487090 -0.190975
v -0.043122 0.530742 -0.216397
v 0.007306 0.507166 -0.192329
v 0.016806 0.556171 -0.221740
v 0.016195 0.486204 -0.179829
v 0.030788 0.540493 -0.213264
v -0.002641 0.489419 -0.191182
v -0.013352 0.471170 -0.186175
v -0.005515 0.433714 -0.171579
v -0.004321 0.583665 -0.245076
v -0.044800 0.560458 -0.240234
v -0.016653 0.603263 -0.266875
v 0.011873 0.453696 -0.170080
v 0.001011 0.427430 -0.166345
v 0.034681 0.569064 -0.238129
v 0.008940 0.607090 -0.265399
v -0.056701 0.255545 -0.089212
v -0.100422 0.214173 -0.021271
v -0.062836 0.278560 -0.107919
v -0.103364 0.224693 -0.054271
v -0.048860 0.202703 0.037363
v -0.089334 0.180534 0.102613
v -0.042640 0.187250 0.087110
v -0.080079 0.166261 0.147546
v -0.033361 0.241772 -0.074242
v -0.044497 0.299203 -0.118544
v -0.022829 0.280752 -0.110206
v -0.119084 0.183642 0.069414
v -0.124401 0.200976 -0.006313
v -0.141487 0.170468 0.078500
v -0.029538 0.205417 0.030634
v -0.018794 0.246738 -0.081583
v -0.105723 0.161650 0.155011
v -0.138967 0.163720 0.119933
v -0.182639 0.619213 -0.341962
v -0.292038 0.589342 -0.355911
v -0.170777 0.566838 -0.303917
v -0.255274 0.530854 -0.315668
v -0.191987 0.798783 -0.482889
v -0.233411 0.626053 -0.505136
v -0.135203 0.693671 -0.525745
v -0.204578 0.600537 -0.560327
v -0.146293 0.724282 -0.387707
v -0.137634 0.602082 -0.313338
v -0.099560 0.674351 -0.356087
v -0.341211 0.620948 -0.445059
v -0.331879 0.540436 -0.335105
v -0.439235 0.589294 -0.434445
v -0.108039 0.735421 -0.478185
v -0.091083 0.719113 -0.392899
v -0.246710 0.556544 -0.540012
v -0.332239 0.540886 -0.470866
v -0.243837 0.261511 -0.264641
v -0.243547 0.186695 -0.196717
v -0.232694 0.287485 -0.248780
v -0.227587 0.207233 -0.185679
v -0.275493 0.178511 -0.296034
v -0.283056 0.129988 -0.224461
v -0.285272 0.156954 -0.299927
v -0.293258 0.115019 -0.230565
v -0.262941 0.256455 -0.320208
v -0.248824 0.323373 -0.289621
v -0.266634 0.317592 -0.352144
v -0.271699 0.132951 -0.176415
v -0.242806 0.169087 -0.157479
v -0.273762 0.121401 -0.136180
v -0.280337 0.193447 -0.333984
v -0.273805 0.276376 -0.361252
v -0.293900 0.106560 -0.192589
v -0.285769 0.108834 -0.145166
v -0.223127 0.134269 0.024610
v -0.249453 0.121368 -0.009189
v -0.201280 0.160008 -0.012488
v -0.226769 0.148766 -0.043852
v -0.271149 0.083442 0.133367
v -0.296296 0.074072 0.093413
v -0.278472 0.074499 0.165212
v -0.297519 0.071629 0.121491
v -0.238104 0.109509 0.098854
v -0.197711 0.153310 0.020648
v -0.213138 0.125786 0.096203
v -0.293015 0.082576 0.025217
v -0.248301 0.130173 -0.045445
v -0.284276 0.096886 -0.016471
v -0.263421 0.081901 0.170873
v -0.231500 0.106574 0.136540
v -0.302074 0.073739 0.083845
v -0.302063 0.079195 0.017411
v 0.042315 0.254874 -0.084151
v 0.089353 0.214497 -0.017993
v 0.048115 0.278386 -0.101593
v 0.090581 0.225264 -0.050719
v 0.040633 0.202791 0.039095
v 0.084067 0.181921 0.104034
v 0.036148 0.187410 0.088136
v 0.075851 0.166981 0.148541
v 0.020609 0.240969 -0.070299
v 0.031835 0.297162 -0.110150
v 0.011161 0.278410 -0.104411
v 0.021249 0.205306 0.031879
v 0.007295 0.245783 -0.078312
v 0.113361 0.185196 0.071819
v 0.114532 0.201049 -0.002833
v 0.136217 0.170960 0.081507
v 0.102420 0.163032 0.156182
v 0.137261 0.166410 0.122461
v 0.176426 0.623309 -0.343801
v 0.278092 0.594661 -0.360132
v 0.163844 0.571380 -0.306147
v 0.247152 0.535828 -0.318545
v 0.191987 0.798480 -0.483180
v 0.231658 0.625438 -0.504987
v 0.135242 0.693644 -0.525936
v 0.203978 0.600187 -0.560351
v 0.144272 0.726221 -0.388321
v 0.131335 0.606593 -0.314650
v 0.095757 0.676950 -0.356344
v 0.108247 0.735402 -0.478375
v 0.089381 0.720212 -0.393127
v 0.326427 0.605096 -0.440147
v 0.322658 0.547022 -0.338979
v 0.436363 0.603552 -0.433502
v 0.245090 0.555339 -0.539583
v 0.327913 0.540271 -0.469111
v 0.242503 0.258162 -0.261908
v 0.242725 0.181681 -0.191137
v 0.231327 0.286295 -0.246467
v 0.225401 0.203793 -0.181215
v 0.276049 0.173387 -0.291677
v 0.285177 0.123690 -0.216345
v 0.286564 0.152460 -0.294936
v 0.295483 0.109605 -0.222246
v 0.261883 0.251561 -0.318448
v 0.249214 0.322048 -0.287821
v 0.266703 0.314179 -0.351312
v 0.273572 0.123430 -0.167612
v 0.241547 0.162539 -0.151109
v 0.275949 0.108535 -0.126259
v 0.280787 0.188351 -0.330956
v 0.273169 0.271962 -0.360276
v 0.297779 0.095806 -0.182900
v 0.290071 0.093448 -0.134175
v 0.215553 0.128462 0.030031
v 0.243506 0.108469 -0.002267
v 0.193345 0.155934 -0.007616
v 0.220496 0.140732 -0.038017
v 0.270515 0.070115 0.142711
v 0.297924 0.049962 0.106173
v 0.280392 0.059704 0.175902
v 0.299959 0.049135 0.134416
v 0.233075 0.102477 0.104861
v 0.190182 0.149484 0.025446
v 0.208009 0.121065 0.101288
v 0.289600 0.058416 0.035567
v 0.244101 0.116076 -0.037995
v 0.287631 0.066466 -0.003620
v 0.265891 0.070185 0.180742
v 0.228257 0.100470 0.142375
v 0.305365 0.046887 0.097817
v 0.304011 0.048329 0.030732
v -0.064087 -0.585594 0.072198
v -0.062899 -0.595327 -0.020722
v -0.106891 -0.586128 0.071072
v -0.104265 -0.619227 -0.016385
v 0.064242 -0.584818 0.071803
v 0.063107 -0.595482 -0.021078
v 0.107105 -0.585386 0.070643
v 0.104796 -0.619657 -0.016896
v 0.000020 -0.584616 0.121173
v -0.085643 -0.582572 0.119169
v -0.021657 -0.588831 0.171378
v -0.000046 -0.565430 -0.072090
v -0.081495 -0.617786 -0.064407
v -0.022054 -0.561640 -0.117322
v 0.085735 -0.582314 0.119044
v 0.021758 -0.588722 0.171339
v 0.081922 -0.618667 -0.064891
v 0.022068 -0.561608 -0.117567
v -0.179632 -0.574891 0.305015
v -0.240193 -0.533988 0.327092
v -0.189900 -0.551725 0.247303
v -0.243020 -0.502340 0.268931
v -0.141312 -0.731271 0.498979
v -0.284631 -0.759964 0.548243
v -0.099022 -0.761981 0.580015
v -0.254155 -0.754587 0.654600
v -0.123841 -0.632281 0.377338
v -0.152815 -0.574060 0.259556
v -0.093977 -0.606220 0.326237
v -0.279147 -0.561651 0.431361
v -0.263907 -0.479037 0.303507
v -0.289301 -0.478864 0.397658
v -0.079423 -0.697554 0.505473
v -0.074405 -0.637845 0.384098
v -0.319788 -0.658116 0.604407
v -0.303353 -0.513821 0.466492
v -0.182682 -0.646820 -0.268170
v -0.277355 -0.549285 -0.299687
v -0.212101 -0.771475 -0.252890
v -0.325848 -0.620178 -0.276602
v -0.099005 -0.401601 -0.309299
v -0.150685 -0.336275 -0.319946
v -0.074400 -0.343095 -0.332095
v -0.121762 -0.282264 -0.337529
v -0.105024 -0.523206 -0.266520
v -0.128169 -0.720676 -0.240871
v -0.081782 -0.562098 -0.234917
v -0.226374 -0.377979 -0.300971
v -0.323505 -0.497579 -0.280182
v -0.264757 -0.345671 -0.291744
v -0.058645 -0.397491 -0.311713
v -0.061606 -0.502651 -0.260395
v -0.156111 -0.271431 -0.328882
v -0.224602 -0.299122 -0.305368
v -0.350235 -0.229752 -0.147447
v -0.358470 -0.170171 -0.082011
v -0.361760 -0.295165 -0.134448
v -0.356137 -0.233759 -0.064946
v -0.304418 -0.079441 -0.180276
v -0.314646 -0.047502 -0.127432
v -0.294480 -0.037650 -0.191637
v -0.305917 -0.013368 -0.143032
v -0.316273 -0.167475 -0.193433
v -0.349718 -0.291552 -0.176829
v -0.313575 -0.212185 -0.220200
v -0.331917 -0.087140 -0.076260
v -0.347560 -0.181322 -0.041446
v -0.331159 -0.090447 -0.038740
v -0.290018 -0.070367 -0.211351
v -0.296582 -0.154560 -0.225127
v -0.311564 -0.012096 -0.109299
v -0.323295 -0.049687 -0.057280
v -0.315877 -0.257842 0.198404
v -0.323107 -0.197903 0.127665
v -0.312476 -0.301032 0.175991
v -0.323775 -0.244347 0.106636
v -0.318864 -0.130508 0.253837
v -0.317218 -0.067778 0.183453
v -0.318034 -0.092050 0.267957
v -0.314827 -0.029234 0.199661
v -0.316973 -0.225541 0.266744
v -0.309097 -0.311099 0.224688
v -0.312587 -0.282198 0.297589
v -0.321056 -0.100665 0.123071
v -0.326841 -0.193674 0.084060
v -0.322800 -0.096824 0.081055
v -0.319193 -0.141079 0.298298
v -0.316599 -0.237449 0.315972
v -0.314200 -0.015450 0.158464
v -0.318407 -0.049929 0.099208
v 0.179854 -0.575376 0.305261
v 0.240749 -0.533990 0.327958
v 0.190226 -0.551757 0.247734
v 0.243691 -0.502172 0.269976
v 0.142218 -0.731634 0.499231
v 0.285581 -0.758070 0.547279
v 0.099578 -0.763247 0.580946
v 0.256721 -0.753155 0.653785
v 0.124163 -0.632633 0.377428
v 0.153023 -0.574148 0.259781
v 0.094072 -0.606334 0.326310
v 0.080070 -0.698035 0.505800
v 0.074735 -0.638146 0.384157
v 0.279675 -0.561249 0.432024
v 0.264615 -0.479006 0.304935
v 0.290053 -0.478849 0.399145
v 0.320173 -0.656040 0.603254
v 0.303645 -0.513436 0.467329
v 0.184605 -0.647999 -0.268107
v 0.277893 -0.549393 -0.299703
v 0.215829 -0.772386 -0.251938
v 0.326371 -0.618680 -0.276264
v 0.099639 -0.402104 -0.309091
v 0.151161 -0.336594 -0.319424
v 0.074870 -0.343581 -0.331490
v 0.122168 -0.282851 -0.336626
v 0.106046 -0.524032 -0.266696
v 0.130588 -0.723845 -0.242171
v 0.082808 -0.563081 -0.235215
v 0.059202 -0.397883 -0.311367
v 0.062422 -0.503206 -0.260514
v 0.226667 -0.377689 -0.300789
v 0.323120 -0.496344 -0.280192
v 0.264711 -0.344792 -0.291629
v 0.156563 -0.271677 -0.328278
v 0.224734 -0.298655 -0.304962
v 0.348696 -0.226460 -0.147099
v 0.358536 -0.164888 -0.081158
v 0.359823 -0.291938 -0.134296
v 0.359060 -0.227800 -0.064323
v 0.304828 -0.074699 -0.177925
v 0.315721 -0.041873 -0.123484
v 0.295167 -0.031738 -0.188673
v 0.307944 -0.008192 -0.138753
v 0.316138 -0.163622 -0.192463
v 0.348562 -0.288457 -0.176830
v 0.313506 -0.208845 -0.219804
v 0.332258 -0.081714 -0.072208
v 0.349221 -0.176051 -0.039241
v 0.332445 -0.084429 -0.033491
v 0.290544 -0.065976 -0.209318
v 0.296762 -0.150977 -0.224144
v 0.314370 -0.007102 -0.104305
v 0.324802 -0.040901 -0.050893
v 0.317452 -0.258458 0.203127
v 0.325676 -0.196650 0.133070
v 0.313660 -0.300858 0.179639
v 0.325933 -0.242395 0.110698
v 0.321290 -0.135921 0.262220
v 0.321106 -0.073080 0.193650
v 0.320851 -0.099185 0.277544
v 0.318800 -0.039638 0.211267
v 0.318977 -0.227928 0.272562
v 0.309869 -0.311951 0.228519
v 0.315263 -0.282916 0.302090
v 0.324557 -0.101062 0.131452
v 0.329574 -0.190954 0.088975
v 0.326123 -0.094208 0.088953
v 0.321044 -0.147063 0.306310
v 0.318513 -0.240050 0.321533
v 0.318704 -0.023380 0.170589
v 0.322339 -0.052133 0.109260
v 0.048015 -0.082265 0.745179
v -0.046527 -0.082345 0.745642
v 0.051092 -0.130325 0.781738
v -0.049905 -0.130411 0.782575
v 0.042385 0.036527 0.649677
v -0.039344 0.036552 0.650277
v 0.040103 0.063939 0.610996
v -0.036530 0.064028 0.611609
v 0.087967 -0.017332 0.687580
v 0.095727 -0.104801 0.740465
v 0.131393 -0.037748 0.683646
v -0.086050 -0.017399 0.688417
v -0.094534 -0.104946 0.741185
v -0.130054 -0.037863 0.684470
v 0.079743 0.049314 0.621821
v 0.125494 0.000014 0.656229
v -0.076727 0.049399 0.622921
v -0.123701 -0.000050 0.657262
v 0.291023 -0.284485 0.611907
v 0.261317 -0.198325 0.648184
v 0.270224 -0.330390 0.652940
v 0.228839 -0.234122 0.680215
v 0.317946 -0.156463 0.483571
v 0.300153 -0.105895 0.518598
v 0.313361 -0.122911 0.440212
v 0.297633 -0.082230 0.471645
v 0.320878 -0.249785 0.525081
v 0.301697 -0.356484 0.616367
v 0.319524 -0.312344 0.518299
v 0.318721 -0.162452 0.438885
v 0.321117 -0.257034 0.474139
v 0.275616 -0.116333 0.600818
v 0.227745 -0.174362 0.679716
v 0.246696 -0.097928 0.630612
v 0.285697 -0.072000 0.504871
v 0.262158 -0.076596 0.584906
v -0.291600 -0.283574 0.610980
v -0.261910 -0.197654 0.647612
v -0.270332 -0.330050 0.652902
v -0.228901 -0.233833 0.680285
v -0.317672 -0.153277 0.478457
v -0.300036 -0.103309 0.514154
v -0.312543 -0.118538 0.433804
v -0.297095 -0.078411 0.466046
v -0.321321 -0.247792 0.522093
v -0.301940 -0.356012 0.615881
v -0.318816 -0.311149 0.515686
v -0.317587 -0.158742 0.432857
v -0.319979 -0.255076 0.470110
v -0.276310 -0.115172 0.599105
v -0.227815 -0.174175 0.679573
v -0.247027 -0.097343 0.629853
v -0.285206 -0.069199 0.500319
v -0.262339 -0.075463 0.583032
v 0.164130 0.086489 0.349559
v 0.165122 0.065509 0.440287
v 0.137328 0.097416 0.348497
v 0.137088 0.078668 0.442864
v 0.236712 0.051862 0.339624
v 0.237297 0.027019 0.413038
v 0.255715 0.042514 0.331179
v 0.255748 0.016791 0.398288
v 0.201367 0.080262 0.305701
v 0.148939 0.103831 0.303096
v 0.184793 0.099207 0.261640
v 0.246436 0.058053 0.299608
v 0.209471 0.086631 0.262639
v 0.204764 0.032862 0.471939
v 0.150891 0.062994 0.489751
v 0.193530 0.027620 0.522506
v 0.248883 0.006811 0.442003
v 0.219289 0.011450 0.507302
v -0.164971 0.088235 0.349851
v -0.164316 0.067146 0.440442
v -0.137249 0.098847 0.348402
v -0.135996 0.080040 0.443771
v -0.234424 0.056709 0.333744
v -0.236044 0.030665 0.409048
v -0.252838 0.048808 0.323599
v -0.254103 0.021496 0.392646
v -0.201414 0.083315 0.303144
v -0.149689 0.105194 0.302494
v -0.185681 0.101512 0.259259
v -0.243868 0.064149 0.292537
v -0.210405 0.089935 0.259477
v -0.204107 0.034901 0.471010
v -0.149524 0.064231 0.490653
v -0.193091 0.029067 0.523081
v -0.247762 0.010224 0.437846
v -0.218707 0.013220 0.506191
v 0.037307 0.004062 -0.583563
v -0.036852 0.004105 -0.583836
v 0.032215 0.004223 -0.537123
v -0.031848 0.004274 -0.537432
v 0.057446 0.047051 -0.736502
v -0.055121 0.050338 -0.733477
v 0.062409 0.091098 -0.775085
v -0.059305 0.094209 -0.771149
v 0.094255 0.005612 -0.657513
v 0.067744 0.006179 -0.552739
v 0.122991 0.013977 -0.615167
v -0.093780 0.005569 -0.658027
v -0.067318 0.006276 -0.553319
v -0.122529 0.014086 -0.616020
v 0.118135 0.063389 -0.758931
v 0.147027 0.016098 -0.673108
v -0.116168 0.065108 -0.757919
v -0.146640 0.016043 -0.674096
v 0.160946 -0.046295 -0.360294
v 0.150463 -0.006462 -0.415846
v 0.135906 -0.060397 -0.370257
v 0.122516 -0.008261 -0.417364
v 0.228221 -0.012938 -0.330892
v 0.222858 0.015969 -0.393832
v 0.245667 -0.002148 -0.319634
v 0.241545 0.026823 -0.380459
v 0.205190 -0.057660 -0.323822
v 0.160158 -0.097392 -0.350600
v 0.208654 -0.110401 -0.317010
v 0.242845 -0.024440 -0.297654
v 0.228210 -0.086360 -0.301215
v 0.188417 0.013689 -0.443656
v 0.132993 0.001080 -0.450719
v 0.175404 0.018668 -0.484855
v 0.233527 0.034904 -0.421492
v 0.202764 0.029165 -0.477759
v -0.159985 -0.045551 -0.361472
v -0.149696 -0.006155 -0.417224
v -0.134905 -0.058885 -0.371251
v -0.121883 -0.007919 -0.418808
v -0.227245 -0.013970 -0.332367
v -0.221899 0.015950 -0.395510
v -0.244636 -0.003498 -0.321545
v -0.240519 0.026790 -0.382446
v -0.204216 -0.057923 -0.324711
v -0.159328 -0.096758 -0.351494
v -0.207969 -0.111069 -0.317880
v -0.241964 -0.026540 -0.299172
v -0.227543 -0.087878 -0.302268
v -0.187614 0.013933 -0.445124
v -0.132375 0.001326 -0.452036
v -0.174726 0.018965 -0.486251
v -0.232526 0.035202 -0.423349
v -0.201987 0.029536 -0.479313
v 0.294317 0.281367 -0.645931
v 0.308237 0.182525 -0.717095
v 0.268744 0.318144 -0.680829
v 0.276793 0.213708 -0.760305
v 0.293115 0.188534 -0.491761
v 0.288196 0.132648 -0.523609
v 0.291468 0.162049 -0.445258
v 0.283327 0.117934 -0.470248
v 0.292730 0.268989 -0.536948
v 0.274194 0.347097 -0.620360
v 0.289977 0.326605 -0.525847
v 0.291424 0.199383 -0.448528
v 0.291493 0.283099 -0.486776
v 0.299587 0.114434 -0.630672
v 0.281803 0.147351 -0.754934
v 0.282259 0.082753 -0.663081
v 0.275216 0.101968 -0.502157
v 0.269494 0.086087 -0.591780
v -0.293627 0.283972 -0.646670
v -0.307814 0.184883 -0.718321
v -0.267153 0.320219 -0.680629
v -0.275567 0.215910 -0.761535
v -0.292138 0.191268 -0.493492
v -0.287164 0.134776 -0.525285
v -0.290146 0.164964 -0.447452
v -0.282085 0.120001 -0.472295
v -0.292161 0.271404 -0.538106
v -0.273447 0.349011 -0.620636
v -0.289590 0.328610 -0.526816
v -0.290355 0.202557 -0.450451
v -0.290946 0.285610 -0.488048
v -0.299784 0.115938 -0.632287
v -0.281031 0.149028 -0.756492
v -0.282785 0.083437 -0.664950
v -0.274148 0.103624 -0.503989
v -0.269049 0.087271 -0.593394
v 0.321622 0.056849 -0.062687
v 0.318995 0.055316 -0.048077
v 0.319198 0.056945 -0.100834
v 0.316661 0.048786 -0.085727
v 0.321192 0.059144 0.055919
v 0.318592 0.068855 0.071495
v 0.318499 0.058431 0.095526
v 0.317746 0.071100 0.113595
v 0.323209 0.054878 -0.011867
v 0.320568 0.057411 -0.090533
v 0.321841 0.053187 -0.040181
v 0.319171 0.053889 0.067246
v 0.321044 0.051315 -0.000285
v 0.318155 0.062837 0.016365
v 0.316946 0.045379 -0.061088
v 0.317059 0.057682 0.001565
v 0.316424 0.071198 0.099050
v 0.316836 0.065021 0.041398
v -0.313104 0.076859 -0.075601
v -0.312840 0.066285 -0.060509
v -0.310750 0.073124 -0.112143
v -0.310870 0.057366 -0.096265
v -0.318074 0.087416 0.040076
v -0.314906 0.097979 0.054832
v -0.314981 0.085202 0.080011
v -0.313083 0.096813 0.097039
v -0.316203 0.081950 -0.026808
v -0.310286 0.079465 -0.102984
v -0.310551 0.083090 -0.054904
v -0.314685 0.081898 0.051752
v -0.313648 0.081068 -0.015470
v -0.313213 0.088091 0.001132
v -0.311810 0.050055 -0.071963
v -0.312504 0.055887 -0.011679
v -0.310487 0.098021 0.082488
v -0.309763 0.081617 0.026264
v -0.055022 0.398858 -0.159919
v -0.063666 0.348458 -0.140515
v -0.083465 0.513873 -0.220152
v -0.116114 0.516787 -0.243226
v -0.044201 0.377685 -0.151243
v -0.092824 0.548483 -0.252583
v -0.131586 0.220279 -0.065474
v -0.155830 0.204089 -0.054791
v -0.152251 0.194948 -0.025989
v -0.225400 0.424242 -0.266060
v -0.223078 0.367409 -0.250784
v -0.254927 0.413083 -0.286148
v -0.206626 0.206469 -0.140945
v -0.205615 0.191508 -0.108259
v -0.225617 0.173059 -0.112893
v 0.035582 0.407211 -0.149148
v 0.048144 0.351606 -0.132197
v 0.075479 0.518356 -0.224100
v 0.109328 0.521020 -0.247028
v 0.031747 0.376636 -0.139937
v 0.085242 0.553794 -0.254622
v 0.119908 0.221195 -0.061776
v 0.145933 0.204007 -0.050855
v 0.142547 0.194364 -0.022016
v 0.221871 0.427679 -0.267057
v 0.220991 0.369642 -0.250444
v 0.254822 0.415779 -0.286310
v 0.202472 0.204651 -0.136987
v 0.200539 0.188858 -0.103774
v 0.221982 0.167165 -0.107278
v -0.167604 -0.566268 0.111630
v -0.184305 -0.552499 0.153926
v -0.170168 -0.698492 -0.045316
v -0.195440 -0.787854 -0.080016
v -0.147176 -0.568509 0.160943
v -0.123949 -0.731919 -0.097356
v -0.273640 -0.438693 0.195538
v -0.292883 -0.392131 0.174368
v -0.286649 -0.403949 0.224439
v -0.368819 -0.540258 -0.179060
v -0.367042 -0.445573 -0.146341
v -0.362298 -0.445648 -0.199247
v -0.338846 -0.294233 -0.001985
v -0.330355 -0.292388 0.041179
v -0.335485 -0.241028 0.020175
v 0.167657 -0.566103 0.111754
v 0.184598 -0.552140 0.154194
v 0.171879 -0.700197 -0.046138
v 0.200190 -0.788915 -0.082028
v 0.147360 -0.568258 0.161045
v 0.124220 -0.736959 -0.098204
v 0.274838 -0.437845 0.197035
v 0.293792 -0.391496 0.176458
v 0.287687 -0.403621 0.226558
v 0.368663 -0.537246 -0.179415
v 0.367109 -0.442461 -0.146751
v 0.361873 -0.442978 -0.199711
v 0.341879 -0.289973 -0.000402
v 0.332538 -0.289240 0.043569
v 0.338702 -0.236369 0.022882
v -0.028601 -0.645549 0.611740
v 0.029605 -0.645998 0.611899
v -0.231561 -0.556433 0.698644
v -0.235475 -0.458087 0.688901
v 0.000274 -0.651623 0.563807
v -0.288076 -0.507220 0.670105
v 0.233344 -0.555460 0.698404
v 0.236752 -0.457658 0.688755
v 0.288688 -0.506463 0.669379
v 0.096402 -0.213267 0.742794
v 0.143632 -0.240069 0.724077
v -0.095312 -0.213397 0.743108
v -0.142675 -0.240211 0.724291
v 0.144154 -0.181565 0.728064
v -0.143124 -0.181869 0.728044
v -0.012914 0.173441 0.134313
v 0.007856 0.173466 0.134492
v -0.083259 0.136843 0.244477
v -0.096399 0.121863 0.294802
v -0.003316 0.189748 0.081826
v -0.108685 0.130932 0.249521
v 0.081339 0.136826 0.244700
v 0.095630 0.121291 0.294804
v 0.106988 0.130774 0.250007
v 0.068918 0.093615 0.539291
v 0.089678 0.090773 0.489224
v -0.065255 0.094222 0.540707
v -0.087705 0.092096 0.491750
v 0.103264 0.079504 0.545284
v -0.100480 0.080269 0.547271
v -0.017619 -0.285440 -0.375754
v 0.017978 -0.285776 -0.375476
v -0.102521 -0.179837 -0.363006
v -0.106924 -0.127419 -0.371059
v 0.000219 -0.340494 -0.343450
v -0.131445 -0.167636 -0.353592
v 0.103099 -0.180610 -0.362385
v 0.107628 -0.128580 -0.370391
v 0.132077 -0.168295 -0.352922
v 0.052978 0.002163 -0.472004
v 0.074625 -0.001329 -0.445380
v -0.052727 0.002311 -0.472756
v -0.074324 -0.001101 -0.446540
v 0.082995 0.002759 -0.480293
v -0.082604 0.002920 -0.481269
v -0.032170 0.630865 -0.567406
v 0.032569 0.630860 -0.567443
v -0.198523 0.504852 -0.653349
v -0.210523 0.427714 -0.674319
v 0.000107 0.671148 -0.523718
v -0.237695 0.465362 -0.633126
v 0.199047 0.504099 -0.653261
v 0.211395 0.426412 -0.674151
v 0.238388 0.464462 -0.633796
v 0.129800 0.175224 -0.818679
v 0.186934 0.211429 -0.815675
v -0.126571 0.176385 -0.818057
v -0.183990 0.212722 -0.815961
v 0.187581 0.143749 -0.805089
v -0.185545 0.144750 -0.806697
v 0.294435 0.137988 -0.332815
v 0.294028 0.139810 -0.367886
v 0.309566 0.077778 -0.195758
v 0.313813 0.066042 -0.165888
v 0.290918 0.168167 -0.369708
v 0.313918 0.068592 -0.158433
v 0.280957 -0.003461 -0.238778
v 0.270612 0.002331 -0.272041
v 0.307890 0.022880 -0.145591
v 0.311004 0.035375 -0.133408
v 0.270796 -0.019221 -0.252599
v 0.312484 0.025535 -0.110758
v 0.265436 0.057999 -0.385930
v 0.274319 0.079265 -0.405688
v 0.262051 0.067720 -0.428956
v 0.282508 0.048381 0.244012
v 0.277666 0.042784 0.282307
v 0.307436 0.048093 0.152535
v 0.312172 0.050824 0.143410
v 0.270335 0.055134 0.252950
v 0.311576 0.049299 0.115662
v 0.317549 -0.079700 0.327962
v 0.314985 -0.087342 0.364917
v 0.314939 0.035128 0.206553
v 0.315827 0.066740 0.184994
v 0.318652 -0.119464 0.359641
v 0.313320 0.065888 0.169606
v 0.287637 -0.033601 0.416850
v 0.279303 -0.011062 0.401178
v 0.275418 -0.026427 0.442446
v -0.292238 0.142591 -0.336641
v -0.291657 0.144099 -0.370818
v -0.304738 0.088289 -0.204231
v -0.307322 0.078675 -0.175037
v -0.289207 0.172692 -0.372426
v -0.305921 0.085343 -0.168537
v -0.279656 -0.006927 -0.241915
v -0.269360 -0.000043 -0.274806
v -0.304587 0.022541 -0.151832
v -0.306824 0.038156 -0.141009
v -0.269887 -0.022804 -0.254843
v -0.308628 0.025144 -0.118292
v -0.264109 0.058726 -0.388448
v -0.273082 0.080619 -0.408213
v -0.260877 0.068689 -0.431172
v -0.280209 0.060678 0.234337
v -0.275030 0.052680 0.273128
v -0.303832 0.070530 0.138862
v -0.308285 0.074276 0.129055
v -0.268073 0.065111 0.244426
v -0.307493 0.074804 0.101140
v -0.314450 -0.072721 0.317854
v -0.312144 -0.081604 0.355595
v -0.309401 0.053263 0.192064
v -0.309352 0.086421 0.168567
v -0.316421 -0.113719 0.351209
v -0.306388 0.086393 0.153609
v -0.285807 -0.028440 0.409500
v -0.277151 -0.005595 0.393673
v -0.273956 -0.022236 0.436451
v -0.008073 0.331550 -0.131549
v -0.000216 0.329757 -0.128778
v -0.005074 0.287371 -0.112691
v -0.023095 0.648703 -0.327326
v 0.017965 0.650141 -0.326946
v -0.001747 0.676297 -0.361303
v -0.183324 0.135140 0.130758
v -0.177725 0.128134 0.171693
v -0.201256 0.115093 0.174538
v -0.306126 0.406923 -0.422876
v -0.304261 0.404643 -0.465105
v -0.292992 0.345103 -0.434290
v -0.290893 0.097177 -0.064832
v -0.299321 0.090762 -0.074181
v -0.303415 0.084846 -0.033630
v 0.179564 0.133003 0.134489
v 0.174727 0.126749 0.174517
v 0.198757 0.111881 0.178464
v 0.308252 0.406512 -0.421543
v 0.304979 0.403899 -0.463593
v 0.293290 0.343003 -0.433540
v 0.298027 0.068996 -0.051064
v 0.312769 0.056030 -0.058562
v 0.313045 0.050470 -0.017985
v -0.022687 -0.604527 0.275938
v 0.022833 -0.604559 0.275946
v 0.000098 -0.618541 0.331039
v -0.020594 -0.550589 -0.195317
v 0.021073 -0.550819 -0.195468
v 0.000319 -0.525723 -0.227427
v -0.309177 -0.358543 0.386491
v -0.313339 -0.372331 0.445755
v -0.315453 -0.306590 0.404537
v -0.280415 -0.228242 -0.276620
v -0.244867 -0.200151 -0.294421
v -0.262530 -0.168783 -0.274960
v -0.321598 -0.048214 0.018424
v -0.316898 -0.005429 -0.003164
v -0.315861 -0.002119 0.035384
v 0.310396 -0.359462 0.389578
v 0.314512 -0.373074 0.448359
v 0.316781 -0.308221 0.408400
v 0.280342 -0.226237 -0.276291
v 0.245058 -0.198778 -0.293821
v 0.262810 -0.166564 -0.274243
v 0.324463 -0.042921 0.027070
v 0.319712 0.005468 0.007103
v 0.319919 -0.000251 0.046492
v 0.202731 -0.038791 0.634113
v 0.192057 -0.005075 0.607671
v 0.222273 -0.024400 0.588336
v -0.202283 -0.038589 0.634412
v -0.191265 -0.004779 0.608281
v -0.221807 -0.023757 0.587811
v 0.181820 0.030912 -0.572387
v 0.209304 0.042169 -0.622498
v 0.215293 0.046233 -0.566241
v -0.181363 0.031250 -0.573726
v -0.209113 0.042511 -0.624005
v -0.214909 0.046725 -0.567795
f 1 647 644
f 1 644 643
f 1 643 645
f 1 645 646
f 1 646 647
f 2 649 652
f 6 672 670
f 12 702 699
f 11 696 695
f 8 679 681
f 4 662 659
f 4 659 658
f 4 658 660
f 4 660 661
f 4 661 662
f 5 666 665
f 3 654 657
f 7 673 677
f 9 685 686
f 10 692 688
f 12 701 698
f 6 669 668
f 2 650 648
f 8 682 678
f 11 697 693
f 6 671 669
f 12 700 701
f 11 694 697
f 8 680 682
f 2 651 650
f 10 690 689
f 5 663 664
f 3 655 653
f 7 676 674
f 9 687 684
f 10 691 690
f 5 667 663
f 3 656 655
f 7 675 676
f 9 683 687
f 6 668 672
f 2 648 649
f 8 678 679
f 11 693 696
f 12 698 702
f 10 688 691
f 5 665 667
f 3 657 656
f 7 677 675
f 9 686 683
f 5 664 666
f 3 653 654
f 7 674 673
f 9 684 685
f 10 689 692
f 6 670 671
f 12 699 700
f 11 695 694
f 8 681 680
f 2 652 651
f 35 837 838
f 18 735 736
f 19 742 741
f 40 868 867
f 42 880 879
f 34 832 831
f 33 827 828
f 25 778 780
f 36 844 846
f 20 749 747
f 32 819 820
f 23 765 767
f 24 773 771
f 37 850 849
f 41 876 875
f 34 833 834
f 33 826 825
f 25 779 777
f 36 845 843
f 20 748 750
f 17 729 727
f 14 711 709
f 13 706 703
f 15 718 715
f 16 724 721
f 18 737 733
f 35 839 835
f 42 882 878
f 40 870 866
f 19 744 740
f 30 807 805
f 27 789 787
f 22 762 758
f 28 797 793
f 29 802 799
f 32 821 817
f 23 766 763
f 24 774 770
f 37 852 848
f 41 874 872
f 35 838 836
f 18 736 734
f 19 741 739
f 40 867 865
f 42 879 877
f 34 831 829
f 33 828 824
f 25 780 776
f 36 846 842
f 20 747 745
f 32 820 818
f 23 767 764
f 24 771 769
f 37 849 847
f 41 875 871
f 34 834 830
f 33 825 823
f 25 777 775
f 36 843 841
f 20 750 746
f 14 714 710
f 13 707 704
f 15 719 716
f 16 725 722
f 17 732 728
f 21 755 752
f 31 814 811
f 26 784 781
f 38 857 853
f 39 862 860
f 27 792 788
f 22 759 757
f 28 796 794
f 29 803 800
f 30 810 806
f 31 815 812
f 26 785 782
f 38 856 854
f 39 863 859
f 21 754 751
f 14 712 714
f 13 705 707
f 15 717 719
f 16 723 725
f 17 730 732
f 21 753 755
f 31 816 814
f 26 786 784
f 38 858 857
f 39 861 862
f 27 791 792
f 22 761 759
f 28 795 796
f 29 801 803
f 30 808 810
f 31 813 815
f 26 783 785
f 38 855 856
f 39 864 863
f 21 756 754
f 14 709 712
f 13 703 705
f 15 715 717
f 16 721 723
f 17 727 730
f 21 751 753
f 31 812 816
f 26 782 786
f 38 854 858
f 39 859 861
f 27 787 791
f 22 758 761
f 28 793 795
f 29 799 801
f 30 805 808
f 31 811 813
f 26 781 783
f 38 853 855
f 39 860 864
f 21 752 756
f 17 728 731
f 14 710 713
f 13 704 708
f 15 716 720
f 16 722 726
f 18 734 738
f 35 836 840
f 42 877 881
f 40 865 869
f 19 739 743
f 30 806 809
f 27 788 790
f 22 757 760
f 28 794 798
f 29 800 804
f 32 818 822
f 23 764 768
f 24 769 772
f 37 847 851
f 41 871 873
f 35 835 837
f 18 733 735
f 19 740 742
f 40 866 868
f 42 878 880
f 34 830 832
f 33 823 827
f 25 775 778
f 36 841 844
f 20 746 749
f 32 817 819
f 23 763 765
f 24 770 773
f 37 848 850
f 41 872 876
f 34 829 833
f 33 824 826
f 25 776 779
f 36 842 845
f 20 745 748
f 17 731 729
f 14 713 711
f 13 708 706
f 15 720 718
f 16 726 724
f 18 738 737
f 35 840 839
f 42 881 882
f 40 869 870
f 19 743 744
f 30 809 807
f 27 790 789
f 22 760 762
f 28 798 797
f 29 804 802
f 32 822 821
f 23 768 766
f 24 772 774
f 37 851 852
f 41 873 874
f 107 1269 1270
f 103 1245 1246
f 104 1252 1251
f 110 1288 1287
f 113 1306 1305
f 118 1336 1335
f 154 1551 1552
f 141 1473 1474
f 162 1599 1600
f 121 1354 1353
f 142 1479 1480
f 129 1401 1402
f 130 1408 1407
f 144 1492 1491
f 146 1504 1503
f 151 1533 1534
f 131 1414 1413
f 136 1444 1443
f 161 1594 1593
f 126 1383 1384
f 116 1323 1324
f 108 1275 1276
f 106 1263 1264
f 112 1299 1300
f 115 1317 1318
f 119 1341 1342
f 156 1564 1563
f 139 1462 1461
f 160 1588 1587
f 120 1347 1348
f 149 1521 1522
f 132 1420 1419
f 128 1395 1396
f 145 1497 1498
f 148 1515 1516
f 155 1557 1558
f 133 1425 1426
f 134 1431 1432
f 157 1570 1569
f 124 1372 1371
f 109 1282 1281
f 105 1258 1257
f 111 1294 1293
f 114 1312 1311
f 117 1330 1329
f 125 1378 1377
f 152 1540 1539
f 137 1449 1450
f 158 1575 1576
f 123 1365 1366
f 143 1486 1485
f 127 1390 1389
f 135 1437 1438
f 147 1510 1509
f 150 1528 1527
f 153 1546 1545
f 140 1468 1467
f 138 1455 1456
f 159 1581 1582
f 122 1359 1360
f 107 1272 1271
f 103 1248 1247
f 104 1253 1254
f 110 1289 1290
f 113 1307 1308
f 118 1337 1338
f 154 1554 1553
f 141 1476 1475
f 162 1602 1601
f 121 1355 1356
f 142 1482 1481
f 129 1404 1403
f 130 1409 1410
f 144 1493 1494
f 146 1505 1506
f 151 1536 1535
f 131 1415 1416
f 136 1445 1446
f 161 1595 1596
f 126 1386 1385
f 47 909 907
f 44 891 889
f 43 886 883
f 45 898 895
f 46 904 901
f 49 922 919
f 72 1060 1057
f 102 1240 1237
f 96 1204 1201
f 79 1102 1099
f 62 999 997
f 59 981 979
f 58 976 973
f 60 988 985
f 61 994 991
f 66 1024 1021
f 54 952 949
f 73 1066 1063
f 85 1138 1135
f 92 1179 1177
f 101 1233 1231
f 69 1041 1039
f 50 927 925
f 82 1119 1117
f 97 1209 1207
f 71 1053 1051
f 100 1228 1225
f 94 1192 1189
f 80 1108 1105
f 51 933 931
f 90 1167 1165
f 63 1005 1003
f 55 957 955
f 76 1083 1081
f 87 1150 1147
f 91 1174 1171
f 67 1029 1027
f 56 963 961
f 75 1077 1075
f 83 1126 1123
f 68 1036 1033
f 48 915 913
f 78 1095 1093
f 93 1185 1183
f 98 1216 1213
f 88 1155 1153
f 65 1018 1015
f 57 970 967
f 77 1090 1087
f 86 1143 1141
f 64 1012 1009
f 53 945 943
f 74 1071 1069
f 84 1131 1129
f 89 1162 1159
f 70 1047 1045
f 99 1221 1219
f 95 1197 1195
f 81 1114 1111
f 52 940 937
f 109 1284 1280
f 105 1260 1256
f 111 1296 1292
f 114 1314 1310
f 117 1332 1328
f 125 1380 1376
f 152 1542 1538
f 137 1451 1447
f 158 1577 1573
f 123 1367 1363
f 143 1488 1484
f 127 1392 1388
f 135 1439 1435
f 147 1512 1508
f 150 1530 1526
f 153 1548 1544
f 140 1470 1466
f 138 1457 1453
f 159 1583 1579
f 122 1361 1357
f 107 1270 1268
f 103 1246 1244
f 104 1251 1249
f 110 1287 1285
f 113 1305 1303
f 118 1335 1333
f 154 1552 1550
f 141 1474 1472
f 162 1600 1598
f 121 1353 1351
f 142 1480 1478
f 129 1402 1400
f 130 1407 1405
f 144 1491 1489
f 146 1503 1501
f 151 1534 1532
f 131 1413 1411
f 136 1443 1441
f 161 1593 1591
f 126 1384 1382
f 116 1324 1322
f 108 1276 1274
f 106 1264 1262
f 112 1300 1298
f 115 1318 1316
f 119 1342 1340
f 156 1563 1561
f 139 1461 1459
f 160 1587 1585
f 120 1348 1346
f 149 1522 1520
f 132 1419 1417
f 128 1396 1394
f 145 1498 1496
f 148 1516 1514
f 155 1558 1556
f 133 1426 1424
f 134 1432 1430
f 157 1569 1567
f 124 1371 1369
f 109 1281 1279
f 105 1257 1255
f 111 1293 1291
f 114 1311 1309
f 117 1329 1327
f 125 1377 1375
f 152 1539 1537
f 137 1450 1448
f 158 1576 1574
f 123 1366 1364
f 143 1485 1483
f 127 1389 1387
f 135 1438 1436
f 147 1509 1507
f 150 1527 1525
f 153 1545 1543
f 140 1467 1465
f 138 1456 1454
f 159 1582 1580
f 122 1360 1358
f 107 1271 1267
f 103 1247 1243
f 104 1254 1250
f 110 1290 1286
f 113 1308 1304
f 118 1338 1334
f 154 1553 1549
f 141 1475 1471
f 162 1601 1597
f 121 1356 1352
f 142 1481 1477
f 129 1403 1399
f 130 1410 1406
f 144 1494 1490
f 146 1506 1502
f 151 1535 1531
f 131 1416 1412
f 136 1446 1442
f 161 1596 1592
f 126 1385 1381
f 44 894 890
f 43 887 884
f 45 899 896
f 46 905 902
f 47 912 908
f 52 941 938
f 70 1050 1046
f 99 1224 1220
f 95 1200 1196
f 81 1115 1112
f 59 984 980
f 58 977 974
f 60 989 986
f 61 995 992
f 62 1002 998
f 65 1019 1016
f 57 971 968
f 77 1091 1088
f 86 1146 1142
f 88 1158 1154
f 98 1217 1214
f 68 1037 1034
f 48 918 914
f 78 1098 1094
f 93 1188 1184
f 69 1044 1040
f 101 1236 1232
f 97 1212 1208
f 82 1122 1118
f 50 930 926
f 89 1163 1160
f 64 1013 1010
f 53 948 944
f 74 1074 1070
f 84 1134 1130
f 90 1170 1166
f 63 1008 1004
f 55 960 956
f 76 1086 1082
f 87 1151 1148
f 72 1061 1058
f 49 923 920
f 79 1103 1100
f 96 1205 1202
f 102 1241 1238
f 91 1175 1172
f 67 1032 1028
f 56 966 962
f 75 1080 1076
f 83 1127 1124
f 66 1025 1022
f 54 953 950
f 73 1067 1064
f 85 1139 1136
f 92 1182 1178
f 71 1056 1052
f 100 1229 1226
f 94 1193 1190
f 80 1109 1106
f 51 936 932
f 116 1325 1321
f 108 1277 1273
f 106 1265 1261
f 112 1301 1297
f 115 1319 1315
f 119 1343 1339
f 156 1566 1562
f 139 1464 1460
f 160 1590 1586
f 120 1349 1345
f 149 1523 1519
f 132 1422 1418
f 128 1397 1393
f 145 1499 1495
f 148 1517 1513
f 155 1559 1555
f 133 1427 1423
f 134 1433 1429
f 157 1572 1568
f 124 1374 1370
f 44 892 894
f 43 885 887
f 45 897 899
f 46 903 905
f 47 910 912
f 52 939 941
f 70 1048 1050
f 99 1222 1224
f 95 1198 1200
f 81 1113 1115
f 59 982 984
f 58 975 977
f 60 987 989
f 61 993 995
f 62 1000 1002
f 65 1017 1019
f 57 969 971
f 77 1089 1091
f 86 1144 1146
f 88 1156 1158
f 98 1215 1217
f 68 1035 1037
f 48 916 918
f 78 1096 1098
f 93 1186 1188
f 69 1042 1044
f 101 1234 1236
f 97 1210 1212
f 82 1120 1122
f 50 928 930
f 89 1161 1163
f 64 1011 1013
f 53 946 948
f 74 1072 1074
f 84 1132 1134
f 90 1168 1170
f 63 1006 1008
f 55 958 960
f 76 1084 1086
f 87 1149 1151
f 72 1059 1061
f 49 921 923
f 79 1101 1103
f 96 1203 1205
f 102 1239 1241
f 91 1173 1175
f 67 1030 1032
f 56 964 966
f 75 1078 1080
f 83 1125 1127
f 66 1023 1025
f 54 951 953
f 73 1065 1067
f 85 1137 1139
f 92 1180 1182
f 71 1054 1056
f 100 1227 1229
f 94 1191 1193
f 80 1107 1109
f 51 934 936
f 116 1326 1325
f 108 1278 1277
f 106 1266 1265
f 112 1302 1301
f 115 1320 1319
f 119 1344 1343
f 156 1565 1566
f 139 1463 1464
f 160 1589 1590
f 120 1350 1349
f 149 1524 1523
f 132 1421 1422
f 128 1398 1397
f 145 1500 1499
f 148 1518 1517
f 155 1560 1559
f 133 1428 1427
f 134 1434 1433
f 157 1571 1572
f 124 1373 1374
f 44 889 892
f 43 883 885
f 45 895 897
f 46 901 903
f 47 907 910
f 52 937 939
f 70 1045 1048
f 99 1219 1222
f 95 1195 1198
f 81 1111 1113
f 59 979 982
f 58 973 975
f 60 985 987
f 61 991 993
f 62 997 1000
f 65 1015 1017
f 57 967 969
f 77 1087 1089
f 86 1141 1144
f 88 1153 1156
f 98 1213 1215
f 68 1033 1035
f 48 913 916
f 78 1093 1096
f 93 1183 1186
f 69 1039 1042
f 101 1231 1234
f 97 1207 1210
f 82 1117 1120
f 50 925 928
f 89 1159 1161
f 64 1009 1011
f 53 943 946
f 74 1069 1072
f 84 1129 1132
f 90 1165 1168
f 63 1003 1006
f 55 955 958
f 76 1081 1084
f 87 1147 1149
f 72 1057 1059
f 49 919 921
f 79 1099 1101
f 96 1201 1203
f 102 1237 1239
f 91 1171 1173
f 67 1027 1030
f 56 961 964
f 75 1075 1078
f 83 1123 1125
f 66 1021 1023
f 54 949 951
f 73 1063 1065
f 85 1135 1137
f 92 1177 1180
f 71 1051 1054
f 100 1225 1227
f 94 1189 1191
f 80 1105 1107
f 51 931 934
f 116 1322 1326
f 108 1274 1278
f 106 1262 1266
f 112 1298 1302
f 115 1316 1320
f 119 1340 1344
f 156 1561 1565
f 139 1459 1463
f 160 1585 1589
f 120 1346 1350
f 149 1520 1524
f 132 1417 1421
f 128 1394 1398
f 145 1496 1500
f 148 1514 1518
f 155 1556 1560
f 133 1424 1428
f 134 1430 1434
f 157 1567 1571
f 124 1369 1373
f 47 908 911
f 44 890 893
f 43 884 888
f 45 896 900
f 46 902 906
f 49 920 924
f 72 1058 1062
f 102 1238 1242
f 96 1202 1206
f 79 1100 1104
f 62 998 1001
f 59 980 983
f 58 974 978
f 60 986 990
f 61 992 996
f 66 1022 1026
f 54 950 954
f 73 1064 1068
f 85 1136 1140
f 92 1178 1181
f 101 1232 1235
f 69 1040 1043
f 50 926 929
f 82 1118 1121
f 97 1208 1211
f 71 1052 1055
f 100 1226 1230
f 94 1190 1194
f 80 1106 1110
f 51 932 935
f 90 1166 1169
f 63 1004 1007
f 55 956 959
f 76 1082 1085
f 87 1148 1152
f 91 1172 1176
f 67 1028 1031
f 56 962 965
f 75 1076 1079
f 83 1124 1128
f 68 1034 1038
f 48 914 917
f 78 1094 1097
f 93 1184 1187
f 98 1214 1218
f 88 1154 1157
f 65 1016 1020
f 57 968 972
f 77 1088 1092
f 86 1142 1145
f 64 1010 1014
f 53 944 947
f 74 1070 1073
f 84 1130 1133
f 89 1160 1164
f 70 1046 1049
f 99 1220 1223
f 95 1196 1199
f 81 1112 1116
f 52 938 942
f 109 1279 1283
f 105 1255 1259
f 111 1291 1295
f 114 1309 1313
f 117 1327 1331
f 125 1375 1379
f 152 1537 1541
f 137 1448 1452
f 158 1574 1578
f 123 1364 1368
f 143 1483 1487
f 127 1387 1391
f 135 1436 1440
f 147 1507 1511
f 150 1525 1529
f 153 1543 1547
f 140 1465 1469
f 138 1454 1458
f 159 1580 1584
f 122 1358 1362
f 107 1267 1269
f 103 1243 1245
f 104 1250 1252
f 110 1286 1288
f 113 1304 1306
f 118 1334 1336
f 154 1549 1551
f 141 1471 1473
f 162 1597 1599
f 121 1352 1354
f 142 1477 1479
f 129 1399 1401
f 130 1406 1408
f 144 1490 1492
f 146 1502 1504
f 151 1531 1533
f 131 1412 1414
f 136 1442 1444
f 161 1592 1594
f 126 1381 1383
f 116 1321 1323
f 108 1273 1275
f 106 1261 1263
f 112 1297 1299
f 115 1315 1317
f 119 1339 1341
f 156 1562 1564
f 139 1460 1462
f 160 1586 1588
f 120 1345 1347
f 149 1519 1521
f 132 1418 1420
f 128 1393 1395
f 145 1495 1497
f 148 1513 1515
f 155 1555 1557
f 133 1423 1425
f 134 1429 1431
f 157 1568 1570
f 124 1370 1372
f 109 1280 1282
f 105 1256 1258
f 111 1292 1294
f 114 1310 1312
f 117 1328 1330
f 125 1376 1378
f 152 1538 1540
f 137 1447 1449
f 158 1573 1575
f 123 1363 1365
f 143 1484 1486
f 127 1388 1390
f 135 1435 1437
f 147 1508 1510
f 150 1526 1528
f 153 1544 1546
f 140 1466 1468
f 138 1453 1455
f 159 1579 1581
f 122 1357 1359
f 107 1268 1272
f 103 1244 1248
f 104 1249 1253
f 110 1285 1289
f 113 1303 1307
f 118 1333 1337
f 154 1550 1554
f 141 1472 1476
f 162 1598 1602
f 121 1351 1355
f 142 1478 1482
f 129 1400 1404
f 130 1405 1409
f 144 1489 1493
f 146 1501 1505
f 151 1532 1536
f 131 1411 1415
f 136 1441 1445
f 161 1591 1595
f 126 1382 1386
f 47 911 909
f 44 893 891
f 43 888 886
f 45 900 898
f 46 906 904
f 49 924 922
f 72 1062 1060
f 102 1242 1240
f 96 1206 1204
f 79 1104 1102
f 62 1001 999
f 59 983 981
f 58 978 976
f 60 990 988
f 61 996 994
f 66 1026 1024
f 54 954 952
f 73 1068 1066
f 85 1140 1138
f 92 1181 1179
f 101 1235 1233
f 69 1043 1041
f 50 929 927
f 82 1121 1119
f 97 1211 1209
f 71 1055 1053
f 100 1230 1228
f 94 1194 1192
f 80 1110 1108
f 51 935 933
f 90 1169 1167
f 63 1007 1005
f 55 959 957
f 76 1085 1083
f 87 1152 1150
f 91 1176 1174
f 67 1031 1029
f 56 965 963
f 75 1079 1077
f 83 1128 1126
f 68 1038 1036
f 48 917 915
f 78 1097 1095
f 93 1187 1185
f 98 1218 1216
f 88 1157 1155
f 65 1020 1018
f 57 972 970
f 77 1092 1090
f 86 1145 1143
f 64 1014 1012
f 53 947 945
f 74 1073 1071
f 84 1133 1131
f 89 1164 1162
f 70 1049 1047
f 99 1223 1221
f 95 1199 1197
f 81 1116 1114
f 52 942 940
f 109 1283 1284
f 105 1259 1260
f 111 1295 1296
f 114 1313 1314
f 117 1331 1332
f 125 1379 1380
f 152 1541 1542
f 137 1452 1451
f 158 1578 1577
f 123 1368 1367
f 143 1487 1488
f 127 1391 1392
f 135 1440 1439
f 147 1511 1512
f 150 1529 1530
f 153 1547 1548
f 140 1469 1470
f 138 1458 1457
f 159 1584 1583
f 122 1362 1361
f 407 1609 1616
f 403 1605 1608
f 404 1611 1606
f 410 1614 1612
f 413 1617 1615
f 422 1631 1624
f 486 1688 1692
f 573 1775 1782
f 561 1763 1765
f 512 1719 1714
f 452 1654 1661
f 448 1650 1653
f 449 1656 1651
f 455 1659 1657
f 458 1662 1660
f 470 1672 1675
f 437 1646 1639
f 494 1706 1696
f 531 1735 1733
f 539 1741 1751
f 568 1770 1779
f 478 1680 1683
f 419 1621 1626
f 509 1711 1721
f 554 1756 1766
f 482 1684 1689
f 576 1780 1778
f 558 1767 1760
f 516 1722 1718
f 425 1627 1629
f 542 1744 1747
f 463 1668 1665
f 434 1636 1641
f 497 1699 1704
f 528 1730 1737
f 546 1748 1750
f 464 1666 1676
f 440 1642 1644
f 500 1705 1702
f 524 1736 1726
f 479 1691 1681
f 418 1623 1620
f 508 1713 1710
f 553 1764 1755
f 569 1781 1771
f 538 1749 1740
f 471 1677 1673
f 443 1645 1647
f 501 1703 1707
f 523 1725 1734
f 467 1674 1669
f 433 1638 1635
f 493 1695 1698
f 527 1732 1729
f 543 1752 1745
f 485 1690 1687
f 572 1777 1774
f 557 1759 1762
f 515 1717 1720
f 428 1630 1632
f 591 2191 2189
f 587 1885 1883
f 588 1901 1903
f 594 2279 2281
f 597 2315 2317
f 600 2171 2173
f 634 2160 2158
f 619 2016 2012
f 639 2214 2210
f 602 1919 1924
f 624 2137 2135
f 608 1978 1973
f 610 1991 1996
f 627 2225 2227
f 630 2302 2304
f 635 2178 2176
f 615 2153 2155
f 617 2009 2014
f 637 2207 2212
f 604 1926 1922
f 416 1857 1864
f 408 1803 1810
f 406 1786 1795
f 412 1822 1831
f 415 1840 1849
f 424 1876 1887
f 492 2182 2193
f 582 2312 2321
f 565 2276 2285
f 514 1898 1907
f 461 2091 2098
f 453 2037 2044
f 451 1952 1961
f 457 2056 2067
f 460 2074 2083
f 475 2128 2139
f 439 1966 1975
f 496 1988 1997
f 533 2222 2231
f 551 2293 2298
f 579 2185 2190
f 483 1879 1884
f 426 1893 1900
f 521 2271 2278
f 566 2307 2314
f 489 2163 2170
f 578 2150 2159
f 560 2006 2015
f 518 2204 2213
f 429 1911 1918
f 547 2131 2136
f 465 1969 1977
f 441 1983 1990
f 504 2217 2224
f 537 2290 2301
f 550 2168 2177
f 476 2145 2152
f 444 2001 2008
f 502 2199 2206
f 526 1916 1925
f 481 1808 1817
f 420 1789 1797
f 510 1825 1833
f 555 1843 1851
f 571 1862 1871
f 540 1933 1941
f 473 2110 2119
f 447 2020 2029
f 507 2236 2247
f 534 2257 2262
f 469 2042 2051
f 435 1947 1954
f 498 2059 2064
f 529 2077 2085
f 545 2096 2105
f 487 2113 2121
f 574 2023 2031
f 562 2239 2244
f 520 2254 2265
f 432 1930 1939
f 589 1818 1814
f 583 1798 1793
f 586 1834 1829
f 593 1852 1847
f 596 1872 1868
f 599 1942 1937
f 633 2120 2124
f 620 2030 2034
f 640 2248 2250
f 603 2263 2261
f 622 2052 2050
f 607 1955 1960
f 612 2065 2063
f 626 2086 2081
f 629 2106 2102
f 631 2122 2117
f 614 2032 2027
f 618 2245 2243
f 641 2266 2268
f 605 1940 1944
f 409 1813 1804
f 405 1792 1785
f 411 1828 1821
f 414 1846 1839
f 417 1867 1858
f 431 1936 1929
f 488 2123 2114
f 575 2033 2024
f 563 2249 2240
f 519 2260 2253
f 454 2049 2038
f 450 1959 1951
f 456 2062 2055
f 459 2080 2073
f 462 2101 2092
f 472 2116 2109
f 446 2026 2019
f 506 2242 2235
f 535 2267 2258
f 541 1943 1934
f 570 1869 1861
f 480 1815 1807
f 421 1799 1790
f 511 1835 1826
f 556 1853 1844
f 484 1889 1880
f 580 2195 2186
f 567 2319 2308
f 522 2283 2272
f 427 1905 1894
f 544 2103 2095
f 468 2046 2041
f 436 1957 1948
f 499 2069 2060
f 530 2087 2078
f 548 2141 2132
f 466 1979 1970
f 442 1993 1984
f 505 2229 2218
f 536 2296 2289
f 491 2188 2181
f 423 1882 1875
f 513 1902 1897
f 564 2280 2275
f 581 2316 2311
f 549 2172 2167
f 477 2157 2146
f 445 2011 2002
f 503 2209 2200
f 525 1923 1915
f 474 2134 2127
f 438 1972 1965
f 495 1995 1987
f 532 2226 2221
f 552 2303 2294
f 490 2175 2164
f 577 2154 2149
f 559 2013 2005
f 517 2211 2203
f 430 1921 1912
f 590 1865 1870
f 584 1811 1816
f 585 1796 1800
f 592 1832 1836
f 595 1850 1854
f 598 1888 1890
f 636 2194 2196
f 621 2322 2320
f 642 2286 2284
f 601 1908 1906
f 623 2099 2104
f 611 2045 2047
f 609 1962 1958
f 625 2068 2070
f 628 2084 2088
f 632 2140 2142
f 613 1976 1980
f 616 1998 1994
f 638 2232 2230
f 606 2299 2297
f 407 2330 2329
f 403 2324 2323
f 404 2325 2326
f 410 2332 2333
f 413 2335 2336
f 422 2344 2345
f 486 2410 2409
f 573 2497 2496
f 561 2486 2485
f 512 2434 2435
f 452 2375 2374
f 448 2369 2368
f 449 2370 2371
f 455 2377 2378
f 458 2380 2381
f 470 2393 2392
f 437 2359 2360
f 494 2415 2416
f 531 2455 2456
f 539 2461 2460
f 568 2489 2488
f 478 2399 2398
f 419 2341 2340
f 509 2431 2430
f 554 2476 2475
f 482 2405 2404
f 576 2500 2501
f 558 2481 2482
f 516 2439 2440
f 425 2348 2347
f 542 2465 2464
f 463 2383 2384
f 434 2356 2355
f 497 2420 2419
f 528 2452 2451
f 546 2471 2470
f 464 2386 2385
f 440 2363 2362
f 500 2422 2423
f 524 2445 2446
f 479 2400 2401
f 418 2338 2339
f 508 2428 2429
f 553 2473 2474
f 569 2490 2491
f 538 2458 2459
f 471 2394 2395
f 443 2366 2365
f 501 2425 2424
f 523 2444 2443
f 467 2389 2390
f 433 2353 2354
f 493 2414 2413
f 527 2449 2450
f 543 2466 2467
f 485 2407 2408
f 572 2494 2495
f 557 2480 2479
f 515 2438 2437
f 428 2351 2350
f 591 2510 2511
f 587 2504 2505
f 588 2508 2507
f 594 2514 2513
f 597 2517 2516
f 600 2520 2519
f 634 2554 2556
f 619 2539 2540
f 639 2560 2561
f 602 2523 2521
f 624 2543 2544
f 608 2527 2529
f 610 2532 2530
f 627 2547 2546
f 630 2550 2549
f 635 2552 2553
f 615 2535 2534
f 617 2538 2536
f 637 2558 2557
f 604 2524 2525
f 167 1607 647
f 164 1603 644
f 163 1604 643
f 165 1610 645
f 166 1613 646
f 169 1622 649
f 192 1686 672
f 222 1773 702
f 216 1761 696
f 199 1712 679
f 182 1652 662
f 179 1648 659
f 178 1649 658
f 180 1655 660
f 181 1658 661
f 186 1670 666
f 174 1637 654
f 193 1694 673
f 205 1731 685
f 212 1739 692
f 221 1768 701
f 189 1678 669
f 170 1619 650
f 202 1709 682
f 217 1754 697
f 191 1682 671
f 220 1776 700
f 214 1758 694
f 200 1716 680
f 171 1625 651
f 210 1742 690
f 183 1663 663
f 175 1634 655
f 196 1697 676
f 207 1728 687
f 211 1746 691
f 187 1664 667
f 176 1640 656
f 195 1700 675
f 203 1724 683
f 188 1679 668
f 168 1618 648
f 198 1708 678
f 213 1753 693
f 218 1769 698
f 208 1738 688
f 185 1671 665
f 177 1643 657
f 197 1701 677
f 206 1723 686
f 184 1667 664
f 173 1633 653
f 194 1693 674
f 204 1727 684
f 209 1743 689
f 190 1685 670
f 219 1772 699
f 215 1757 695
f 201 1715 681
f 172 1628 652
f 357 2187 837
f 255 1881 735
f 262 1899 742
f 388 2277 868
f 400 2313 880
f 352 2169 832
f 347 2156 827
f 298 2010 778
f 364 2208 844
f 269 1917 749
f 339 2133 819
f 285 1971 765
f 293 1989 773
f 370 2223 850
f 396 2300 876
f 353 2174 833
f 346 2151 826
f 299 2007 779
f 365 2205 845
f 268 1920 748
f 249 1855 729
f 231 1801 711
f 226 1784 706
f 238 1820 718
f 244 1838 724
f 257 1874 737
f 359 2180 839
f 402 2310 882
f 390 2274 870
f 264 1896 744
f 327 2089 807
f 309 2035 789
f 282 1950 762
f 317 2054 797
f 322 2072 802
f 341 2126 821
f 286 1964 766
f 294 1986 774
f 372 2220 852
f 394 2291 874
f 358 2183 838
f 256 1877 736
f 261 1891 741
f 387 2269 867
f 399 2305 879
f 351 2161 831
f 348 2148 828
f 300 2004 780
f 366 2202 846
f 267 1909 747
f 340 2129 820
f 287 1967 767
f 291 1981 771
f 369 2215 849
f 395 2288 875
f 354 2166 834
f 345 2143 825
f 297 1999 777
f 363 2197 843
f 270 1914 750
f 234 1806 714
f 227 1787 707
f 239 1823 719
f 245 1841 725
f 252 1860 732
f 275 1931 755
f 334 2108 814
f 304 2018 784
f 377 2234 857
f 382 2255 862
f 312 2040 792
f 279 1945 759
f 316 2057 796
f 323 2075 803
f 330 2094 810
f 335 2111 815
f 305 2021 785
f 376 2237 856
f 383 2252 863
f 274 1928 754
f 232 1812 712
f 225 1791 705
f 237 1827 717
f 243 1845 723
f 250 1866 730
f 273 1935 753
f 336 2118 816
f 306 2028 786
f 378 2246 858
f 381 2259 861
f 311 2048 791
f 281 1953 761
f 315 2061 795
f 321 2079 801
f 328 2100 808
f 333 2115 813
f 303 2025 783
f 375 2241 855
f 384 2264 864
f 276 1938 756
f 229 1802 709
f 223 1783 703
f 235 1819 715
f 241 1837 721
f 247 1856 727
f 271 1927 751
f 332 2112 812
f 302 2022 782
f 374 2238 854
f 379 2251 859
f 307 2036 787
f 278 1949 758
f 313 2053 793
f 319 2071 799
f 325 2090 805
f 331 2107 811
f 301 2017 781
f 373 2233 853
f 380 2256 860
f 272 1932 752
f 248 1859 728
f 230 1805 710
f 224 1788 704
f 236 1824 716
f 242 1842 722
f 254 1878 734
f 356 2184 836
f 397 2306 877
f 385 2270 865
f 259 1892 739
f 326 2093 806
f 308 2039 788
f 277 1946 757
f 314 2058 794
f 320 2076 800
f 338 2130 818
f 284 1968 764
f 289 1982 769
f 367 2216 847
f 391 2287 871
f 355 2179 835
f 253 1873 733
f 260 1895 740
f 386 2273 866
f 398 2309 878
f 350 2165 830
f 343 2144 823
f 295 2000 775
f 361 2198 841
f 266 1913 746
f 337 2125 817
f 283 1963 763
f 290 1985 770
f 368 2219 848
f 392 2292 872
f 349 2162 829
f 344 2147 824
f 296 2003 776
f 362 2201 842
f 265 1910 745
f 251 1863 731
f 233 1809 713
f 228 1794 708
f 240 1830 720
f 246 1848 726
f 258 1886 738
f 360 2192 840
f 401 2318 881
f 389 2282 869
f 263 1904 743
f 329 2097 809
f 310 2043 790
f 280 1956 760
f 318 2066 798
f 324 2082 804
f 342 2138 822
f 288 1974 768
f 292 1992 772
f 371 2228 851
f 393 2295 873
f 409 2331 1269
f 405 2327 1245
f 411 2328 1252
f 414 2334 1288
f 417 2337 1306
f 431 2346 1336
f 488 2412 1551
f 575 2499 1473
f 563 2487 1599
f 519 2436 1354
f 454 2376 1479
f 450 2372 1401
f 456 2373 1408
f 459 2379 1492
f 462 2382 1504
f 472 2396 1533
f 446 2361 1414
f 506 2418 1444
f 535 2457 1594
f 541 2463 1383
f 570 2492 1323
f 480 2402 1275
f 421 2343 1263
f 511 2433 1299
f 556 2478 1317
f 484 2406 1341
f 580 2502 1564
f 567 2484 1462
f 522 2442 1588
f 427 2349 1347
f 544 2468 1521
f 468 2387 1420
f 436 2358 1395
f 499 2421 1497
f 530 2454 1515
f 548 2472 1557
f 466 2388 1425
f 442 2364 1431
f 505 2426 1570
f 536 2448 1372
f 491 2403 1282
f 423 2342 1258
f 513 2432 1294
f 564 2477 1312
f 581 2493 1330
f 549 2462 1378
f 477 2397 1540
f 445 2367 1449
f 503 2427 1575
f 525 2447 1365
f 474 2391 1486
f 438 2357 1390
f 495 2417 1437
f 532 2453 1510
f 552 2469 1528
f 490 2411 1546
f 577 2498 1468
f 559 2483 1455
f 517 2441 1581
f 430 2352 1359
f 590 2509 1272
f 584 2503 1248
f 585 2506 1253
f 592 2512 1289
f 595 2515 1307
f 598 2518 1337
f 636 2555 1554
f 621 2541 1476
f 642 2562 1602
f 601 2522 1355
f 623 2542 1482
f 611 2528 1404
f 609 2531 1409
f 625 2545 1493
f 628 2548 1505
f 632 2551 1536
f 613 2533 1415
f 616 2537 1445
f 638 2559 1595
f 606 2526 1386
f 407 1616 909
f 403 1608 891
f 404 1606 886
f 410 1612 898
f 413 1615 904
f 422 1624 922
f 486 1692 1060
f 573 1782 1240
f 561 1765 1204
f 512 1714 1102
f 452 1661 999
f 448 1653 981
f 449 1651 976
f 455 1657 988
f 458 1660 994
f 470 1675 1024
f 437 1639 952
f 494 1696 1066
f 531 1733 1138
f 539 1751 1179
f 568 1779 1233
f 478 1683 1041
f 419 1626 927
f 509 1721 1119
f 554 1766 1209
f 482 1689 1053
f 576 1778 1228
f 558 1760 1192
f 516 1718 1108
f 425 1629 933
f 542 1747 1167
f 463 1665 1005
f 434 1641 957
f 497 1704 1083
f 528 1737 1150
f 546 1750 1174
f 464 1676 1029
f 440 1644 963
f 500 1702 1077
f 524 1726 1126
f 479 1681 1036
f 418 1620 915
f 508 1710 1095
f 553 1755 1185
f 569 1771 1216
f 538 1740 1155
f 471 1673 1018
f 443 1647 970
f 501 1707 1090
f 523 1734 1143
f 467 1669 1012
f 433 1635 945
f 493 1698 1071
f 527 1729 1131
f 543 1745 1162
f 485 1687 1047
f 572 1774 1221
f 557 1762 1197
f 515 1720 1114
f 428 1632 940
f 591 2189 1284
f 587 1883 1260
f 588 1903 1296
f 594 2281 1314
f 597 2317 1332
f 600 2173 1380
f 634 2158 1542
f 619 2012 1451
f 639 2210 1577
f 602 1924 1367
f 624 2135 1488
f 608 1973 1392
f 610 1996 1439
f 627 2227 1512
f 630 2304 1530
f 635 2176 1548
f 615 2155 1470
f 617 2014 1457
f 637 2212 1583
f 604 1922 1361
f 416 1864 1270
f 408 1810 1246
f 406 1795 1251
f 412 1831 1287
f 415 1849 1305
f 424 1887 1335
f 492 2193 1552
f 582 2321 1474
f 565 2285 1600
f 514 1907 1353
f 461 2098 1480
f 453 2044 1402
f 451 1961 1407
f 457 2067 1491
f 460 2083 1503
f 475 2139 1534
f 439 1975 1413
f 496 1997 1443
f 533 2231 1593
f 551 2298 1384
f 579 2190 1324
f 483 1884 1276
f 426 1900 1264
f 521 2278 1300
f 566 2314 1318
f 489 2170 1342
f 578 2159 1563
f 560 2015 1461
f 518 2213 1587
f 429 1918 1348
f 547 2136 1522
f 465 1977 1419
f 441 1990 1396
f 504 2224 1498
f 537 2301 1516
f 550 2177 1558
f 476 2152 1426
f 444 2008 1432
f 502 2206 1569
f 526 1925 1371
f 481 1817 1281
f 420 1797 1257
f 510 1833 1293
f 555 1851 1311
f 571 1871 1329
f 540 1941 1377
f 473 2119 1539
f 447 2029 1450
f 507 2247 1576
f 534 2262 1366
f 469 2051 1485
f 435 1954 1389
f 498 2064 1438
f 529 2085 1509
f 545 2105 1527
f 487 2121 1545
f 574 2031 1467
f 562 2244 1456
f 520 2265 1582
f 432 1939 1360
f 589 1814 1271
f 583 1793 1247
f 586 1829 1254
f 593 1847 1290
f 596 1868 1308
f 599 1937 1338
f 633 2124 1553
f 620 2034 1475
f 640 2250 1601
f 603 2261 1356
f 622 2050 1481
f 607 1960 1403
f 612 2063 1410
f 626 2081 1494
f 629 2102 1506
f 631 2117 1535
f 614 2027 1416
f 618 2243 1446
f 641 2268 1596
f 605 1944 1385
f 409 1804 894
f 405 1785 887
f 411 1821 899
f 414 1839 905
f 417 1858 912
f 431 1929 941
f 488 2114 1050
f 575 2024 1224
f 563 2240 1200
f 519 2253 1115
f 454 2038 984
f 450 1951 977
f 456 2055 989
f 459 2073 995
f 462 2092 1002
f 472 2109 1019
f 446 2019 971
f 506 2235 1091
f 535 2258 1146
f 541 1934 1158
f 570 1861 1217
f 480 1807 1037
f 421 1790 918
f 511 1826 1098
f 556 1844 1188
f 484 1880 1044
f 580 2186 1236
f 567 2308 1212
f 522 2272 1122
f 427 1894 930
f 544 2095 1163
f 468 2041 1013
f 436 1948 948
f 499 2060 1074
f 530 2078 1134
f 548 2132 1170
f 466 1970 1008
f 442 1984 960
f 505 2218 1086
f 536 2289 1151
f 491 2181 1061
f 423 1875 923
f 513 1897 1103
f 564 2275 1205
f 581 2311 1241
f 549 2167 1175
f 477 2146 1032
f 445 2002 966
f 503 2200 1080
f 525 1915 1127
f 474 2127 1025
f 438 1965 953
f 495 1987 1067
f 532 2221 1139
f 552 2294 1182
f 490 2164 1056
f 577 2149 1229
f 559 2005 1193
f 517 2203 1109
f 430 1912 936
f 590 1870 1325
f 584 1816 1277
f 585 1800 1265
f 592 1836 1301
f 595 1854 1319
f 598 1890 1343
f 636 2196 1566
f 621 2320 1464
f 642 2284 1590
f 601 1906 1349
f 623 2104 1523
f 611 2047 1422
f 609 1958 1397
f 625 2070 1499
f 628 2088 1517
f 632 2142 1559
f 613 1980 1427
f 616 1994 1433
f 638 2230 1572
f 606 2297 1374
f 407 2329 892
f 403 2323 885
f 404 2326 897
f 410 2333 903
f 413 2336 910
f 422 2345 939
f 486 2409 1048
f 573 2496 1222
f 561 2485 1198
f 512 2435 1113
f 452 2374 982
f 448 2368 975
f 449 2371 987
f 455 2378 993
f 458 2381 1000
f 470 2392 1017
f 437 2360 969
f 494 2416 1089
f 531 2456 1144
f 539 2460 1156
f 568 2488 1215
f 478 2398 1035
f 419 2340 916
f 509 2430 1096
f 554 2475 1186
f 482 2404 1042
f 576 2501 1234
f 558 2482 1210
f 516 2440 1120
f 425 2347 928
f 542 2464 1161
f 463 2384 1011
f 434 2355 946
f 497 2419 1072
f 528 2451 1132
f 546 2470 1168
f 464 2385 1006
f 440 2362 958
f 500 2423 1084
f 524 2446 1149
f 479 2401 1059
f 418 2339 921
f 508 2429 1101
f 553 2474 1203
f 569 2491 1239
f 538 2459 1173
f 471 2395 1030
f 443 2365 964
f 501 2424 1078
f 523 2443 1125
f 467 2390 1023
f 433 2354 951
f 493 2413 1065
f 527 2450 1137
f 543 2467 1180
f 485 2408 1054
f 572 2495 1227
f 557 2479 1191
f 515 2437 1107
f 428 2350 934
f 591 2511 1326
f 587 2505 1278
f 588 2507 1266
f 594 2513 1302
f 597 2516 1320
f 600 2519 1344
f 634 2556 1565
f 619 2540 1463
f 639 2561 1589
f 602 2521 1350
f 624 2544 1524
f 608 2529 1421
f 610 2530 1398
f 627 2546 1500
f 630 2549 1518
f 635 2553 1560
f 615 2534 1428
f 617 2536 1434
f 637 2557 1571
f 604 2525 1373
f 164 1609 889
f 163 1605 883
f 165 1611 895
f 166 1614 901
f 167 1617 907
f 172 1631 937
f 190 1688 1045
f 219 1775 1219
f 215 1763 1195
f 201 1719 1111
f 179 1654 979
f 178 1650 973
f 180 1656 985
f 181 1659 991
f 182 1662 997
f 185 1672 1015
f 177 1646 967
f 197 1706 1087
f 206 1735 1141
f 208 1741 1153
f 218 1770 1213
f 188 1680 1033
f 168 1621 913
f 198 1711 1093
f 213 1756 1183
f 189 1684 1039
f 221 1780 1231
f 217 1767 1207
f 202 1722 1117
f 170 1627 925
f 209 1744 1159
f 184 1668 1009
f 173 1636 943
f 194 1699 1069
f 204 1730 1129
f 210 1748 1165
f 183 1666 1003
f 175 1642 955
f 196 1705 1081
f 207 1736 1147
f 192 1691 1057
f 169 1623 919
f 199 1713 1099
f 216 1764 1201
f 222 1781 1237
f 211 1749 1171
f 187 1677 1027
f 176 1645 961
f 195 1703 1075
f 203 1725 1123
f 186 1674 1021
f 174 1638 949
f 193 1695 1063
f 205 1732 1135
f 212 1752 1177
f 191 1690 1051
f 220 1777 1225
f 214 1759 1189
f 200 1717 1105
f 171 1630 931
f 358 2191 1322
f 256 1885 1274
f 261 1901 1262
f 387 2279 1298
f 399 2315 1316
f 351 2171 1340
f 348 2160 1561
f 300 2016 1459
f 366 2214 1585
f 267 1919 1346
f 340 2137 1520
f 287 1978 1417
f 291 1991 1394
f 369 2225 1496
f 395 2302 1514
f 354 2178 1556
f 345 2153 1424
f 297 2009 1430
f 363 2207 1567
f 270 1926 1369
f 247 1857 908
f 229 1803 890
f 223 1786 884
f 235 1822 896
f 241 1840 902
f 253 1876 920
f 355 2182 1058
f 398 2312 1238
f 386 2276 1202
f 260 1898 1100
f 325 2091 998
f 307 2037 980
f 278 1952 974
f 313 2056 986
f 319 2074 992
f 337 2128 1022
f 283 1966 950
f 290 1988 1064
f 368 2222 1136
f 392 2293 1178
f 356 2185 1232
f 254 1879 1040
f 259 1893 926
f 385 2271 1118
f 397 2307 1208
f 349 2163 1052
f 344 2150 1226
f 296 2006 1190
f 362 2204 1106
f 265 1911 932
f 338 2131 1166
f 284 1969 1004
f 289 1983 956
f 367 2217 1082
f 391 2290 1148
f 350 2168 1172
f 343 2145 1028
f 295 2001 962
f 361 2199 1076
f 266 1916 1124
f 230 1808 1034
f 224 1789 914
f 236 1825 1094
f 242 1843 1184
f 248 1862 1214
f 272 1933 1154
f 331 2110 1016
f 301 2020 968
f 373 2236 1088
f 380 2257 1142
f 308 2042 1010
f 277 1947 944
f 314 2059 1070
f 320 2077 1130
f 326 2096 1160
f 332 2113 1046
f 302 2023 1220
f 374 2239 1196
f 379 2254 1112
f 271 1930 938
f 234 1818 1279
f 227 1798 1255
f 239 1834 1291
f 245 1852 1309
f 252 1872 1327
f 275 1942 1375
f 334 2120 1537
f 304 2030 1448
f 377 2248 1574
f 382 2263 1364
f 312 2052 1483
f 279 1955 1387
f 316 2065 1436
f 323 2086 1507
f 330 2106 1525
f 335 2122 1543
f 305 2032 1465
f 376 2245 1454
f 383 2266 1580
f 274 1940 1358
f 232 1813 1267
f 225 1792 1243
f 237 1828 1250
f 243 1846 1286
f 250 1867 1304
f 273 1936 1334
f 336 2123 1549
f 306 2033 1471
f 378 2249 1597
f 381 2260 1352
f 311 2049 1477
f 281 1959 1399
f 315 2062 1406
f 321 2080 1490
f 328 2101 1502
f 333 2116 1531
f 303 2026 1412
f 375 2242 1442
f 384 2267 1592
f 276 1943 1381
f 251 1869 1321
f 233 1815 1273
f 228 1799 1261
f 240 1835 1297
f 246 1853 1315
f 258 1889 1339
f 360 2195 1562
f 401 2319 1460
f 389 2283 1586
f 263 1905 1345
f 329 2103 1519
f 310 2046 1418
f 280 1957 1393
f 318 2069 1495
f 324 2087 1513
f 342 2141 1555
f 288 1979 1423
f 292 1993 1429
f 371 2229 1568
f 393 2296 1370
f 357 2188 1280
f 255 1882 1256
f 262 1902 1292
f 388 2280 1310
f 400 2316 1328
f 352 2172 1376
f 347 2157 1538
f 298 2011 1447
f 364 2209 1573
f 269 1923 1363
f 339 2134 1484
f 285 1972 1388
f 293 1995 1435
f 370 2226 1508
f 396 2303 1526
f 353 2175 1544
f 346 2154 1466
f 299 2013 1453
f 365 2211 1579
f 268 1921 1357
f 249 1865 1268
f 231 1811 1244
f 226 1796 1249
f 238 1832 1285
f 244 1850 1303
f 257 1888 1333
f 359 2194 1550
f 402 2322 1472
f 390 2286 1598
f 264 1908 1351
f 327 2099 1478
f 309 2045 1400
f 282 1962 1405
f 317 2068 1489
f 322 2084 1501
f 341 2140 1532
f 286 1976 1411
f 294 1998 1441
f 372 2232 1591
f 394 2299 1382
f 416 2330 911
f 408 2324 893
f 406 2325 888
f 412 2332 900
f 415 2335 906
f 424 2344 924
f 492 2410 1062
f 582 2497 1242
f 565 2486 1206
f 514 2434 1104
f 461 2375 1001
f 453 2369 983
f 451 2370 978
f 457 2377 990
f 460 2380 996
f 475 2393 1026
f 439 2359 954
f 496 2415 1068
f 533 2455 1140
f 551 2461 1181
f 579 2489 1235
f 483 2399 1043
f 426 2341 929
f 521 2431 1121
f 566 2476 1211
f 489 2405 1055
f 578 2500 1230
f 560 2481 1194
f 518 2439 1110
f 429 2348 935
f 547 2465 1169
f 465 2383 1007
f 441 2356 959
f 504 2420 1085
f 537 2452 1152
f 550 2471 1176
f 476 2386 1031
f 444 2363 965
f 502 2422 1079
f 526 2445 1128
f 481 2400 1038
f 420 2338 917
f 510 2428 1097
f 555 2473 1187
f 571 2490 1218
f 540 2458 1157
f 473 2394 1020
f 447 2366 972
f 507 2425 1092
f 534 2444 1145
f 469 2389 1014
f 435 2353 947
f 498 2414 1073
f 529 2449 1133
f 545 2466 1164
f 487 2407 1049
f 574 2494 1223
f 562 2480 1199
f 520 2438 1116
f 432 2351 942
f 589 2510 1283
f 583 2504 1259
f 586 2508 1295
f 593 2514 1313
f 596 2517 1331
f 599 2520 1379
f 633 2554 1541
f 620 2539 1452
f 640 2560 1578
f 603 2523 1368
f 622 2543 1487
f 607 2527 1391
f 612 2532 1440
f 626 2547 1511
f 629 2550 1529
f 631 2552 1547
f 614 2535 1469
f 618 2538 1458
f 641 2558 1584
f 605 2524 1362
f 164 1607 1609
f 163 1603 1605
f 165 1604 1611
f 166 1610 1614
f 167 1613 1617
f 172 1622 1631
f 190 1686 1688
f 219 1773 1775
f 215 1761 1763
f 201 1712 1719
f 179 1652 1654
f 178 1648 1650
f 180 1649 1656
f 181 1655 1659
f 182 1658 1662
f 185 1670 1672
f 177 1637 1646
f 197 1694 1706
f 206 1731 1735
f 208 1739 1741
f 218 1768 1770
f 188 1678 1680
f 168 1619 1621
f 198 1709 1711
f 213 1754 1756
f 189 1682 1684
f 221 1776 1780
f 217 1758 1767
f 202 1716 1722
f 170 1625 1627
f 209 1742 1744
f 184 1663 1668
f 173 1634 1636
f 194 1697 1699
f 204 1728 1730
f 210 1746 1748
f 183 1664 1666
f 175 1640 1642
f 196 1700 1705
f 207 1724 1736
f 192 1679 1691
f 169 1618 1623
f 199 1708 1713
f 216 1753 1764
f 222 1769 1781
f 211 1738 1749
f 187 1671 1677
f 176 1643 1645
f 195 1701 1703
f 203 1723 1725
f 186 1667 1674
f 174 1633 1638
f 193 1693 1695
f 205 1727 1732
f 212 1743 1752
f 191 1685 1690
f 220 1772 1777
f 214 1757 1759
f 200 1715 1717
f 171 1628 1630
f 358 2187 2191
f 256 1881 1885
f 261 1899 1901
f 387 2277 2279
f 399 2313 2315
f 351 2169 2171
f 348 2156 2160
f 300 2010 2016
f 366 2208 2214
f 267 1917 1919
f 340 2133 2137
f 287 1971 1978
f 291 1989 1991
f 369 2223 2225
f 395 2300 2302
f 354 2174 2178
f 345 2151 2153
f 297 2007 2009
f 363 2205 2207
f 270 1920 1926
f 247 1855 1857
f 229 1801 1803
f 223 1784 1786
f 235 1820 1822
f 241 1838 1840
f 253 1874 1876
f 355 2180 2182
f 398 2310 2312
f 386 2274 2276
f 260 1896 1898
f 325 2089 2091
f 307 2035 2037
f 278 1950 1952
f 313 2054 2056
f 319 2072 2074
f 337 2126 2128
f 283 1964 1966
f 290 1986 1988
f 368 2220 2222
f 392 2291 2293
f 356 2183 2185
f 254 1877 1879
f 259 1891 1893
f 385 2269 2271
f 397 2305 2307
f 349 2161 2163
f 344 2148 2150
f 296 2004 2006
f 362 2202 2204
f 265 1909 1911
f 338 2129 2131
f 284 1967 1969
f 289 1981 1983
f 367 2215 2217
f 391 2288 2290
f 350 2166 2168
f 343 2143 2145
f 295 1999 2001
f 361 2197 2199
f 266 1914 1916
f 230 1806 1808
f 224 1787 1789
f 236 1823 1825
f 242 1841 1843
f 248 1860 1862
f 272 1931 1933
f 331 2108 2110
f 301 2018 2020
f 373 2234 2236
f 380 2255 2257
f 308 2040 2042
f 277 1945 1947
f 314 2057 2059
f 320 2075 2077
f 326 2094 2096
f 332 2111 2113
f 302 2021 2023
f 374 2237 2239
f 379 2252 2254
f 271 1928 1930
f 234 1812 1818
f 227 1791 1798
f 239 1827 1834
f 245 1845 1852
f 252 1866 1872
f 275 1935 1942
f 334 2118 2120
f 304 2028 2030
f 377 2246 2248
f 382 2259 2263
f 312 2048 2052
f 279 1953 1955
f 316 2061 2065
f 323 2079 2086
f 330 2100 2106
f 335 2115 2122
f 305 2025 2032
f 376 2241 2245
f 383 2264 2266
f 274 1938 1940
f 232 1802 1813
f 225 1783 1792
f 237 1819 1828
f 243 1837 1846
f 250 1856 1867
f 273 1927 1936
f 336 2112 2123
f 306 2022 2033
f 378 2238 2249
f 381 2251 2260
f 311 2036 2049
f 281 1949 1959
f 315 2053 2062
f 321 2071 2080
f 328 2090 2101
f 333 2107 2116
f 303 2017 2026
f 375 2233 2242
f 384 2256 2267
f 276 1932 1943
f 251 1859 1869
f 233 1805 1815
f 228 1788 1799
f 240 1824 1835
f 246 1842 1853
f 258 1878 1889
f 360 2184 2195
f 401 2306 2319
f 389 2270 2283
f 263 1892 1905
f 329 2093 2103
f 310 2039 2046
f 280 1946 1957
f 318 2058 2069
f 324 2076 2087
f 342 2130 2141
f 288 1968 1979
f 292 1982 1993
f 371 2216 2229
f 393 2287 2296
f 357 2179 2188
f 255 1873 1882
f 262 1895 1902
f 388 2273 2280
f 400 2309 2316
f 352 2165 2172
f 347 2144 2157
f 298 2000 2011
f 364 2198 2209
f 269 1913 1923
f 339 2125 2134
f 285 1963 1972
f 293 1985 1995
f 370 2219 2226
f 396 2292 2303
f 353 2162 2175
f 346 2147 2154
f 299 2003 2013
f 365 2201 2211
f 268 1910 1921
f 249 1863 1865
f 231 1809 1811
f 226 1794 1796
f 238 1830 1832
f 244 1848 1850
f 257 1886 1888
f 359 2192 2194
f 402 2318 2322
f 390 2282 2286
f 264 1904 1908
f 327 2097 2099
f 309 2043 2045
f 282 1956 1962
f 317 2066 2068
f 322 2082 2084
f 341 2138 2140
f 286 1974 1976
f 294 1992 1998
f 372 2228 2232
f 394 2295 2299
f 416 2331 2330
f 408 2327 2324
f 406 2328 2325
f 412 2334 2332
f 415 2337 2335
f 424 2346 2344
f 492 2412 2410
f 582 2499 2497
f 565 2487 2486
f 514 2436 2434
f 461 2376 2375
f 453 2372 2369
f 451 2373 2370
f 457 2379 2377
f 460 2382 2380
f 475 2396 2393
f 439 2361 2359
f 496 2418 2415
f 533 2457 2455
f 551 2463 2461
f 579 2492 2489
f 483 2402 2399
f 426 2343 2341
f 521 2433 2431
f 566 2478 2476
f 489 2406 2405
f 578 2502 2500
f 560 2484 2481
f 518 2442 2439
f 429 2349 2348
f 547 2468 2465
f 465 2387 2383
f 441 2358 2356
f 504 2421 2420
f 537 2454 2452
f 550 2472 2471
f 476 2388 2386
f 444 2364 2363
f 502 2426 2422
f 526 2448 2445
f 481 2403 2400
f 420 2342 2338
f 510 2432 2428
f 555 2477 2473
f 571 2493 2490
f 540 2462 2458
f 473 2397 2394
f 447 2367 2366
f 507 2427 2425
f 534 2447 2444
f 469 2391 2389
f 435 2357 2353
f 498 2417 2414
f 529 2453 2449
f 545 2469 2466
f 487 2411 2407
f 574 2498 2494
f 562 2483 2480
f 520 2441 2438
f 432 2352 2351
f 589 2509 2510
f 583 2503 2504
f 586 2506 2508
f 593 2512 2514
f 596 2515 2517
f 599 2518 2520
f 633 2555 2554
f 620 2541 2539
f 640 2562 2560
f 603 2522 2523
f 622 2542 2543
f 607 2528 2527
f 612 2531 2532
f 626 2545 2547
f 629 2548 2550
f 631 2551 2552
f 614 2533 2535
f 618 2537 2538
f 641 2559 2558
f 605 2526 2524
f 164 644 1607
f 163 643 1603
f 165 645 1604
f 166 646 1610
f 167 647 1613
f 172 652 1622
f 190 670 1686
f 219 699 1773
f 215 695 1761
f 201 681 1712
f 179 659 1652
f 178 658 1648
f 180 660 1649
f 181 661 1655
f 182 662 1658
f 185 665 1670
f 177 657 1637
f 197 677 1694
f 206 686 1731
f 208 688 1739
f 218 698 1768
f 188 668 1678
f 168 648 1619
f 198 678 1709
f 213 693 1754
f 189 669 1682
f 221 701 1776
f 217 697 1758
f 202 682 1716
f 170 650 1625
f 209 689 1742
f 184 664 1663
f 173 653 1634
f 194 674 1697
f 204 684 1728
f 210 690 1746
f 183 663 1664
f 175 655 1640
f 196 676 1700
f 207 687 1724
f 192 672 1679
f 169 649 1618
f 199 679 1708
f 216 696 1753
f 222 702 1769
f 211 691 1738
f 187 667 1671
f 176 656 1643
f 195 675 1701
f 203 683 1723
f 186 666 1667
f 174 654 1633
f 193 673 1693
f 205 685 1727
f 212 692 1743
f 191 671 1685
f 220 700 1772
f 214 694 1757
f 200 680 1715
f 171 651 1628
f 358 838 2187
f 256 736 1881
f 261 741 1899
f 387 867 2277
f 399 879 2313
f 351 831 2169
f 348 828 2156
f 300 780 2010
f 366 846 2208
f 267 747 1917
f 340 820 2133
f 287 767 1971
f 291 771 1989
f 369 849 2223
f 395 875 2300
f 354 834 2174
f 345 825 2151
f 297 777 2007
f 363 843 2205
f 270 750 1920
f 247 727 1855
f 229 709 1801
f 223 703 1784
f 235 715 1820
f 241 721 1838
f 253 733 1874
f 355 835 2180
f 398 878 2310
f 386 866 2274
f 260 740 1896
f 325 805 2089
f 307 787 2035
f 278 758 1950
f 313 793 2054
f 319 799 2072
f 337 817 2126
f 283 763 1964
f 290 770 1986
f 368 848 2220
f 392 872 2291
f 356 836 2183
f 254 734 1877
f 259 739 1891
f 385 865 2269
f 397 877 2305
f 349 829 2161
f 344 824 2148
f 296 776 2004
f 362 842 2202
f 265 745 1909
f 338 818 2129
f 284 764 1967
f 289 769 1981
f 367 847 2215
f 391 871 2288
f 350 830 2166
f 343 823 2143
f 295 775 1999
f 361 841 2197
f 266 746 1914
f 230 710 1806
f 224 704 1787
f 236 716 1823
f 242 722 1841
f 248 728 1860
f 272 752 1931
f 331 811 2108
f 301 781 2018
f 373 853 2234
f 380 860 2255
f 308 788 2040
f 277 757 1945
f 314 794 2057
f 320 800 2075
f 326 806 2094
f 332 812 2111
f 302 782 2021
f 374 854 2237
f 379 859 2252
f 271 751 1928
f 234 714 1812
f 227 707 1791
f 239 719 1827
f 245 725 1845
f 252 732 1866
f 275 755 1935
f 334 814 2118
f 304 784 2028
f 377 857 2246
f 382 862 2259
f 312 792 2048
f 279 759 1953
f 316 796 2061
f 323 803 2079
f 330 810 2100
f 335 815 2115
f 305 785 2025
f 376 856 2241
f 383 863 2264
f 274 754 1938
f 232 712 1802
f 225 705 1783
f 237 717 1819
f 243 723 1837
f 250 730 1856
f 273 753 1927
f 336 816 2112
f 306 786 2022
f 378 858 2238
f 381 861 2251
f 311 791 2036
f 281 761 1949
f 315 795 2053
f 321 801 2071
f 328 808 2090
f 333 813 2107
f 303 783 2017
f 375 855 2233
f 384 864 2256
f 276 756 1932
f 251 731 1859
f 233 713 1805
f 228 708 1788
f 240 720 1824
f 246 726 1842
f 258 738 1878
f 360 840 2184
f 401 881 2306
f 389 869 2270
f 263 743 1892
f 329 809 2093
f 310 790 2039
f 280 760 1946
f 318 798 2058
f 324 804 2076
f 342 822 2130
f 288 768 1968
f 292 772 1982
f 371 851 2216
f 393 873 2287
f 357 837 2179
f 255 735 1873
f 262 742 1895
f 388 868 2273
f 400 880 2309
f 352 832 2165
f 347 827 2144
f 298 778 2000
f 364 844 2198
f 269 749 1913
f 339 819 2125
f 285 765 1963
f 293 773 1985
f 370 850 2219
f 396 876 2292
f 353 833 2162
f 346 826 2147
f 299 779 2003
f 365 845 2201
f 268 748 1910
f 249 729 1863
f 231 711 1809
f 226 706 1794
f 238 718 1830
f 244 724 1848
f 257 737 1886
f 359 839 2192
f 402 882 2318
f 390 870 2282
f 264 744 1904
f 327 807 2097
f 309 789 2043
f 282 762 1956
f 317 797 2066
f 322 802 2082
f 341 821 2138
f 286 766 1974
f 294 774 1992
f 372 852 2228
f 394 874 2295
f 416 1270 2331
f 408 1246 2327
f 406 1251 2328
f 412 1287 2334
f 415 1305 2337
f 424 1335 2346
f 492 1552 2412
f 582 1474 2499
f 565 1600 2487
f 514 1353 2436
f 461 1480 2376
f 453 1402 2372
f 451 1407 2373
f 457 1491 2379
f 460 1503 2382
f 475 1534 2396
f 439 1413 2361
f 496 1443 2418
f 533 1593 2457
f 551 1384 2463
f 579 1324 2492
f 483 1276 2402
f 426 1264 2343
f 521 1300 2433
f 566 1318 2478
f 489 1342 2406
f 578 1563 2502
f 560 1461 2484
f 518 1587 2442
f 429 1348 2349
f 547 1522 2468
f 465 1419 2387
f 441 1396 2358
f 504 1498 2421
f 537 1516 2454
f 550 1558 2472
f 476 1426 2388
f 444 1432 2364
f 502 1569 2426
f 526 1371 2448
f 481 1281 2403
f 420 1257 2342
f 510 1293 2432
f 555 1311 2477
f 571 1329 2493
f 540 1377 2462
f 473 1539 2397
f 447 1450 2367
f 507 1576 2427
f 534 1366 2447
f 469 1485 2391
f 435 1389 2357
f 498 1438 2417
f 529 1509 2453
f 545 1527 2469
f 487 1545 2411
f 574 1467 2498
f 562 1456 2483
f 520 1582 2441
f 432 1360 2352
f 589 1271 2509
f 583 1247 2503
f 586 1254 2506
f 593 1290 2512
f 596 1308 2515
f 599 1338 2518
f 633 1553 2555
f 620 1475 2541
f 640 1601 2562
f 603 1356 2522
f 622 1481 2542
f 607 1403 2528
f 612 1410 2531
f 626 1494 2545
f 629 1506 2548
f 631 1535 2551
f 614 1416 2533
f 618 1446 2537
f 641 1596 2559
f 605 1385 2526
f 167 907 1616
f 164 889 1608
f 163 883 1606
f 165 895 1612
f 166 901 1615
f 169 919 1624
f 192 1057 1692
f 222 1237 1782
f 216 1201 1765
f 199 1099 1714
f 182 997 1661
f 179 979 1653
f 178 973 1651
f 180 985 1657
f 181 991 1660
f 186 1021 1675
f 174 949 1639
f 193 1063 1696
f 205 1135 1733
f 212 1177 1751
f 221 1231 1779
f 189 1039 1683
f 170 925 1626
f 202 1117 1721
f 217 1207 1766
f 191 1051 1689
f 220 1225 1778
f 214 1189 1760
f 200 1105 1718
f 171 931 1629
f 210 1165 1747
f 183 1003 1665
f 175 955 1641
f 196 1081 1704
f 207 1147 1737
f 211 1171 1750
f 187 1027 1676
f 176 961 1644
f 195 1075 1702
f 203 1123 1726
f 188 1033 1681
f 168 913 1620
f 198 1093 1710
f 213 1183 1755
f 218 1213 1771
f 208 1153 1740
f 185 1015 1673
f 177 967 1647
f 197 1087 1707
f 206 1141 1734
f 184 1009 1669
f 173 943 1635
f 194 1069 1698
f 204 1129 1729
f 209 1159 1745
f 190 1045 1687
f 219 1219 1774
f 215 1195 1762
f 201 1111 1720
f 172 937 1632
f 357 1280 2189
f 255 1256 1883
f 262 1292 1903
f 388 1310 2281
f 400 1328 2317
f 352 1376 2173
f 347 1538 2158
f 298 1447 2012
f 364 1573 2210
f 269 1363 1924
f 339 1484 2135
f 285 1388 1973
f 293 1435 1996
f 370 1508 2227
f 396 1526 2304
f 353 1544 2176
f 346 1466 2155
f 299 1453 2014
f 365 1579 2212
f 268 1357 1922
f 249 1268 1864
f 231 1244 1810
f 226 1249 1795
f 238 1285 1831
f 244 1303 1849
f 257 1333 1887
f 359 1550 2193
f 402 1472 2321
f 390 1598 2285
f 264 1351 1907
f 327 1478 2098
f 309 1400 2044
f 282 1405 1961
f 317 1489 2067
f 322 1501 2083
f 341 1532 2139
f 286 1411 1975
f 294 1441 1997
f 372 1591 2231
f 394 1382 2298
f 358 1322 2190
f 256 1274 1884
f 261 1262 1900
f 387 1298 2278
f 399 1316 2314
f 351 1340 2170
f 348 1561 2159
f 300 1459 2015
f 366 1585 2213
f 267 1346 1918
f 340 1520 2136
f 287 1417 1977
f 291 1394 1990
f 369 1496 2224
f 395 1514 2301
f 354 1556 2177
f 345 1424 2152
f 297 1430 2008
f 363 1567 2206
f 270 1369 1925
f 234 1279 1817
f 227 1255 1797
f 239 1291 1833
f 245 1309 1851
f 252 1327 1871
f 275 1375 1941
f 334 1537 2119
f 304 1448 2029
f 377 1574 2247
f 382 1364 2262
f 312 1483 2051
f 279 1387 1954
f 316 1436 2064
f 323 1507 2085
f 330 1525 2105
f 335 1543 2121
f 305 1465 2031
f 376 1454 2244
f 383 1580 2265
f 274 1358 1939
f 232 1267 1814
f 225 1243 1793
f 237 1250 1829
f 243 1286 1847
f 250 1304 1868
f 273 1334 1937
f 336 1549 2124
f 306 1471 2034
f 378 1597 2250
f 381 1352 2261
f 311 1477 2050
f 281 1399 1960
f 315 1406 2063
f 321 1490 2081
f 328 1502 2102
f 333 1531 2117
f 303 1412 2027
f 375 1442 2243
f 384 1592 2268
f 276 1381 1944
f 229 890 1804
f 223 884 1785
f 235 896 1821
f 241 902 1839
f 247 908 1858
f 271 938 1929
f 332 1046 2114
f 302 1220 2024
f 374 1196 2240
f 379 1112 2253
f 307 980 2038
f 278 974 1951
f 313 986 2055
f 319 992 2073
f 325 998 2092
f 331 1016 2109
f 301 968 2019
f 373 1088 2235
f 380 1142 2258
f 272 1154 1934
f 248 1214 1861
f 230 1034 1807
f 224 914 1790
f 236 1094 1826
f 242 1184 1844
f 254 1040 1880
f 356 1232 2186
f 397 1208 2308
f 385 1118 2272
f 259 926 1894
f 326 1160 2095
f 308 1010 2041
f 277 944 1948
f 314 1070 2060
f 320 1130 2078
f 338 1166 2132
f 284 1004 1970
f 289 956 1984
f 367 1082 2218
f 391 1148 2289
f 355 1058 2181
f 253 920 1875
f 260 1100 1897
f 386 1202 2275
f 398 1238 2311
f 350 1172 2167
f 343 1028 2146
f 295 962 2002
f 361 1076 2200
f 266 1124 1915
f 337 1022 2127
f 283 950 1965
f 290 1064 1987
f 368 1136 2221
f 392 1178 2294
f 349 1052 2164
f 344 1226 2149
f 296 1190 2005
f 362 1106 2203
f 265 932 1912
f 251 1321 1870
f 233 1273 1816
f 228 1261 1800
f 240 1297 1836
f 246 1315 1854
f 258 1339 1890
f 360 1562 2196
f 401 1460 2320
f 389 1586 2284
f 263 1345 1906
f 329 1519 2104
f 310 1418 2047
f 280 1393 1958
f 318 1495 2070
f 324 1513 2088
f 342 1555 2142
f 288 1423 1980
f 292 1429 1994
f 371 1568 2230
f 393 1370 2297
f 409 894 2329
f 405 887 2323
f 411 899 2326
f 414 905 2333
f 417 912 2336
f 431 941 2345
f 488 1050 2409
f 575 1224 2496
f 563 1200 2485
f 519 1115 2435
f 454 984 2374
f 450 977 2368
f 456 989 2371
f 459 995 2378
f 462 1002 2381
f 472 1019 2392
f 446 971 2360
f 506 1091 2416
f 535 1146 2456
f 541 1158 2460
f 570 1217 2488
f 480 1037 2398
f 421 918 2340
f 511 1098 2430
f 556 1188 2475
f 484 1044 2404
f 580 1236 2501
f 567 1212 2482
f 522 1122 2440
f 427 930 2347
f 544 1163 2464
f 468 1013 2384
f 436 948 2355
f 499 1074 2419
f 530 1134 2451
f 548 1170 2470
f 466 1008 2385
f 442 960 2362
f 505 1086 2423
f 536 1151 2446
f 491 1061 2401
f 423 923 2339
f 513 1103 2429
f 564 1205 2474
f 581 1241 2491
f 549 1175 2459
f 477 1032 2395
f 445 966 2365
f 503 1080 2424
f 525 1127 2443
f 474 1025 2390
f 438 953 2354
f 495 1067 2413
f 532 1139 2450
f 552 1182 2467
f 490 1056 2408
f 577 1229 2495
f 559 1193 2479
f 517 1109 2437
f 430 936 2350
f 590 1325 2511
f 584 1277 2505
f 585 1265 2507
f 592 1301 2513
f 595 1319 2516
f 598 1343 2519
f 636 1566 2556
f 621 1464 2540
f 642 1590 2561
f 601 1349 2521
f 623 1523 2544
f 611 1422 2529
f 609 1397 2530
f 625 1499 2546
f 628 1517 2549
f 632 1559 2553
f 613 1427 2534
f 616 1433 2536
f 638 1572 2557
f 606 1374 2525
f 407 892 1609
f 403 885 1605
f 404 897 1611
f 410 903 1614
f 413 910 1617
f 422 939 1631
f 486 1048 1688
f 573 1222 1775
f 561 1198 1763
f 512 1113 1719
f 452 982 1654
f 448 975 1650
f 449 987 1656
f 455 993 1659
f 458 1000 1662
f 470 1017 1672
f 437 969 1646
f 494 1089 1706
f 531 1144 1735
f 539 1156 1741
f 568 1215 1770
f 478 1035 1680
f 419 916 1621
f 509 1096 1711
f 554 1186 1756
f 482 1042 1684
f 576 1234 1780
f 558 1210 1767
f 516 1120 1722
f 425 928 1627
f 542 1161 1744
f 463 1011 1668
f 434 946 1636
f 497 1072 1699
f 528 1132 1730
f 546 1168 1748
f 464 1006 1666
f 440 958 1642
f 500 1084 1705
f 524 1149 1736
f 479 1059 1691
f 418 921 1623
f 508 1101 1713
f 553 1203 1764
f 569 1239 1781
f 538 1173 1749
f 471 1030 1677
f 443 964 1645
f 501 1078 1703
f 523 1125 1725
f 467 1023 1674
f 433 951 1638
f 493 1065 1695
f 527 1137 1732
f 543 1180 1752
f 485 1054 1690
f 572 1227 1777
f 557 1191 1759
f 515 1107 1717
f 428 934 1630
f 591 1326 2191
f 587 1278 1885
f 588 1266 1901
f 594 1302 2279
f 597 1320 2315
f 600 1344 2171
f 634 1565 2160
f 619 1463 2016
f 639 1589 2214
f 602 1350 1919
f 624 1524 2137
f 608 1421 1978
f 610 1398 1991
f 627 1500 2225
f 630 1518 2302
f 635 1560 2178
f 615 1428 2153
f 617 1434 2009
f 637 1571 2207
f 604 1373 1926
f 416 911 1857
f 408 893 1803
f 406 888 1786
f 412 900 1822
f 415 906 1840
f 424 924 1876
f 492 1062 2182
f 582 1242 2312
f 565 1206 2276
f 514 1104 1898
f 461 1001 2091
f 453 983 2037
f 451 978 1952
f 457 990 2056
f 460 996 2074
f 475 1026 2128
f 439 954 1966
f 496 1068 1988
f 533 1140 2222
f 551 1181 2293
f 579 1235 2185
f 483 1043 1879
f 426 929 1893
f 521 1121 2271
f 566 1211 2307
f 489 1055 2163
f 578 1230 2150
f 560 1194 2006
f 518 1110 2204
f 429 935 1911
f 547 1169 2131
f 465 1007 1969
f 441 959 1983
f 504 1085 2217
f 537 1152 2290
f 550 1176 2168
f 476 1031 2145
f 444 965 2001
f 502 1079 2199
f 526 1128 1916
f 481 1038 1808
f 420 917 1789
f 510 1097 1825
f 555 1187 1843
f 571 1218 1862
f 540 1157 1933
f 473 1020 2110
f 447 972 2020
f 507 1092 2236
f 534 1145 2257
f 469 1014 2042
f 435 947 1947
f 498 1073 2059
f 529 1133 2077
f 545 1164 2096
f 487 1049 2113
f 574 1223 2023
f 562 1199 2239
f 520 1116 2254
f 432 942 1930
f 589 1283 1818
f 583 1259 1798
f 586 1295 1834
f 593 1313 1852
f 596 1331 1872
f 599 1379 1942
f 633 1541 2120
f 620 1452 2030
f 640 1578 2248
f 603 1368 2263
f 622 1487 2052
f 607 1391 1955
f 612 1440 2065
f 626 1511 2086
f 629 1529 2106
f 631 1547 2122
f 614 1469 2032
f 618 1458 2245
f 641 1584 2266
f 605 1362 1940
f 409 1269 1813
f 405 1245 1792
f 411 1252 1828
f 414 1288 1846
f 417 1306 1867
f 431 1336 1936
f 488 1551 2123
f 575 1473 2033
f 563 1599 2249
f 519 1354 2260
f 454 1479 2049
f 450 1401 1959
f 456 1408 2062
f 459 1492 2080
f 462 1504 2101
f 472 1533 2116
f 446 1414 2026
f 506 1444 2242
f 535 1594 2267
f 541 1383 1943
f 570 1323 1869
f 480 1275 1815
f 421 1263 1799
f 511 1299 1835
f 556 1317 1853
f 484 1341 1889
f 580 1564 2195
f 567 1462 2319
f 522 1588 2283
f 427 1347 1905
f 544 1521 2103
f 468 1420 2046
f 436 1395 1957
f 499 1497 2069
f 530 1515 2087
f 548 1557 2141
f 466 1425 1979
f 442 1431 1993
f 505 1570 2229
f 536 1372 2296
f 491 1282 2188
f 423 1258 1882
f 513 1294 1902
f 564 1312 2280
f 581 1330 2316
f 549 1378 2172
f 477 1540 2157
f 445 1449 2011
f 503 1575 2209
f 525 1365 1923
f 474 1486 2134
f 438 1390 1972
f 495 1437 1995
f 532 1510 2226
f 552 1528 2303
f 490 1546 2175
f 577 1468 2154
f 559 1455 2013
f 517 1581 2211
f 430 1359 1921
f 590 1272 1865
f 584 1248 1811
f 585 1253 1796
f 592 1289 1832
f 595 1307 1850
f 598 1337 1888
f 636 1554 2194
f 621 1476 2322
f 642 1602 2286
f 601 1355 1908
f 623 1482 2099
f 611 1404 2045
f 609 1409 1962
f 625 1493 2068
f 628 1505 2084
f 632 1536 2140
f 613 1415 1976
f 616 1445 1998
f 638 1595 2232
f 606 1386 2299
f 407 909 2330
f 403 891 2324
f 404 886 2325
f 410 898 2332
f 413 904 2335
f 422 922 2344
f 486 1060 2410
f 573 1240 2497
f 561 1204 2486
f 512 1102 2434
f 452 999 2375
f 448 981 2369
f 449 976 2370
f 455 988 2377
f 458 994 2380
f 470 1024 2393
f 437 952 2359
f 494 1066 2415
f 531 1138 2455
f 539 1179 2461
f 568 1233 2489
f 478 1041 2399
f 419 927 2341
f 509 1119 2431
f 554 1209 2476
f 482 1053 2405
f 576 1228 2500
f 558 1192 2481
f 516 1108 2439
f 425 933 2348
f 542 1167 2465
f 463 1005 2383
f 434 957 2356
f 497 1083 2420
f 528 1150 2452
f 546 1174 2471
f 464 1029 2386
f 440 963 2363
f 500 1077 2422
f 524 1126 2445
f 479 1036 2400
f 418 915 2338
f 508 1095 2428
f 553 1185 2473
f 569 1216 2490
f 538 1155 2458
f 471 1018 2394
f 443 970 2366
f 501 1090 2425
f 523 1143 2444
f 467 1012 2389
f 433 945 2353
f 493 1071 2414
f 527 1131 2449
f 543 1162 2466
f 485 1047 2407
f 572 1221 2494
f 557 1197 2480
f 515 1114 2438
f 428 940 2351
f 591 1284 2510
f 587 1260 2504
f 588 1296 2508
f 594 1314 2514
f 597 1332 2517
f 600 1380 2520
f 634 1542 2554
f 619 1451 2539
f 639 1577 2560
f 602 1367 2523
f 624 1488 2543
f 608 1392 2527
f 610 1439 2532
f 627 1512 2547
f 630 1530 2550
f 635 1548 2552
f 615 1470 2535
f 617 1457 2538
f 637 1583 2558
f 604 1361 2524
f 167 1616 1607
f 164 1608 1603
f 163 1606 1604
f 165 1612 1610
f 166 1615 1613
f 169 1624 1622
f 192 1692 1686
f 222 1782 1773
f 216 1765 1761
f 199 1714 1712
f 182 1661 1652
f 179 1653 1648
f 178 1651 1649
f 180 1657 1655
f 181 1660 1658
f 186 1675 1670
f 174 1639 1637
f 193 1696 1694
f 205 1733 1731
f 212 1751 1739
f 221 1779 1768
f 189 1683 1678
f 170 1626 1619
f 202 1721 1709
f 217 1766 1754
f 191 1689 1682
f 220 1778 1776
f 214 1760 1758
f 200 1718 1716
f 171 1629 1625
f 210 1747 1742
f 183 1665 1663
f 175 1641 1634
f 196 1704 1697
f 207 1737 1728
f 211 1750 1746
f 187 1676 1664
f 176 1644 1640
f 195 1702 1700
f 203 1726 1724
f 188 1681 1679
f 168 1620 1618
f 198 1710 1708
f 213 1755 1753
f 218 1771 1769
f 208 1740 1738
f 185 1673 1671
f 177 1647 1643
f 197 1707 1701
f 206 1734 1723
f 184 1669 1667
f 173 1635 1633
f 194 1698 1693
f 204 1729 1727
f 209 1745 1743
f 190 1687 1685
f 219 1774 1772
f 215 1762 1757
f 201 1720 1715
f 172 1632 1628
f 357 2189 2187
f 255 1883 1881
f 262 1903 1899
f 388 2281 2277
f 400 2317 2313
f 352 2173 2169
f 347 2158 2156
f 298 2012 2010
f 364 2210 2208
f 269 1924 1917
f 339 2135 2133
f 285 1973 1971
f 293 1996 1989
f 370 2227 2223
f 396 2304 2300
f 353 2176 2174
f 346 2155 2151
f 299 2014 2007
f 365 2212 2205
f 268 1922 1920
f 249 1864 1855
f 231 1810 1801
f 226 1795 1784
f 238 1831 1820
f 244 1849 1838
f 257 1887 1874
f 359 2193 2180
f 402 2321 2310
f 390 2285 2274
f 264 1907 1896
f 327 2098 2089
f 309 2044 2035
f 282 1961 1950
f 317 2067 2054
f 322 2083 2072
f 341 2139 2126
f 286 1975 1964
f 294 1997 1986
f 372 2231 2220
f 394 2298 2291
f 358 2190 2183
f 256 1884 1877
f 261 1900 1891
f 387 2278 2269
f 399 2314 2305
f 351 2170 2161
f 348 2159 2148
f 300 2015 2004
f 366 2213 2202
f 267 1918 1909
f 340 2136 2129
f 287 1977 1967
f 291 1990 1981
f 369 2224 2215
f 395 2301 2288
f 354 2177 2166
f 345 2152 2143
f 297 2008 1999
f 363 2206 2197
f 270 1925 1914
f 234 1817 1806
f 227 1797 1787
f 239 1833 1823
f 245 1851 1841
f 252 1871 1860
f 275 1941 1931
f 334 2119 2108
f 304 2029 2018
f 377 2247 2234
f 382 2262 2255
f 312 2051 2040
f 279 1954 1945
f 316 2064 2057
f 323 2085 2075
f 330 2105 2094
f 335 2121 2111
f 305 2031 2021
f 376 2244 2237
f 383 2265 2252
f 274 1939 1928
f 232 1814 1812
f 225 1793 1791
f 237 1829 1827
f 243 1847 1845
f 250 1868 1866
f 273 1937 1935
f 336 2124 2118
f 306 2034 2028
f 378 2250 2246
f 381 2261 2259
f 311 2050 2048
f 281 1960 1953
f 315 2063 2061
f 321 2081 2079
f 328 2102 2100
f 333 2117 2115
f 303 2027 2025
f 375 2243 2241
f 384 2268 2264
f 276 1944 1938
f 229 1804 1802
f 223 1785 1783
f 235 1821 1819
f 241 1839 1837
f 247 1858 1856
f 271 1929 1927
f 332 2114 2112
f 302 2024 2022
f 374 2240 2238
f 379 2253 2251
f 307 2038 2036
f 278 1951 1949
f 313 2055 2053
f 319 2073 2071
f 325 2092 2090
f 331 2109 2107
f 301 2019 2017
f 373 2235 2233
f 380 2258 2256
f 272 1934 1932
f 248 1861 1859
f 230 1807 1805
f 224 1790 1788
f 236 1826 1824
f 242 1844 1842
f 254 1880 1878
f 356 2186 2184
f 397 2308 2306
f 385 2272 2270
f 259 1894 1892
f 326 2095 2093
f 308 2041 2039
f 277 1948 1946
f 314 2060 2058
f 320 2078 2076
f 338 2132 2130
f 284 1970 1968
f 289 1984 1982
f 367 2218 2216
f 391 2289 2287
f 355 2181 2179
f 253 1875 1873
f 260 1897 1895
f 386 2275 2273
f 398 2311 2309
f 350 2167 2165
f 343 2146 2144
f 295 2002 2000
f 361 2200 2198
f 266 1915 1913
f 337 2127 2125
f 283 1965 1963
f 290 1987 1985
f 368 2221 2219
f 392 2294 2292
f 349 2164 2162
f 344 2149 2147
f 296 2005 2003
f 362 2203 2201
f 265 1912 1910
f 251 1870 1863
f 233 1816 1809
f 228 1800 1794
f 240 1836 1830
f 246 1854 1848
f 258 1890 1886
f 360 2196 2192
f 401 2320 2318
f 389 2284 2282
f 263 1906 1904
f 329 2104 2097
f 310 2047 2043
f 280 1958 1956
f 318 2070 2066
f 324 2088 2082
f 342 2142 2138
f 288 1980 1974
f 292 1994 1992
f 371 2230 2228
f 393 2297 2295
f 409 2329 2331
f 405 2323 2327
f 411 2326 2328
f 414 2333 2334
f 417 2336 2337
f 431 2345 2346
f 488 2409 2412
f 575 2496 2499
f 563 2485 2487
f 519 2435 2436
f 454 2374 2376
f 450 2368 2372
f 456 2371 2373
f 459 2378 2379
f 462 2381 2382
f 472 2392 2396
f 446 2360 2361
f 506 2416 2418
f 535 2456 2457
f 541 2460 2463
f 570 2488 2492
f 480 2398 2402
f 421 2340 2343
f 511 2430 2433
f 556 2475 2478
f 484 2404 2406
f 580 2501 2502
f 567 2482 2484
f 522 2440 2442
f 427 2347 2349
f 544 2464 2468
f 468 2384 2387
f 436 2355 2358
f 499 2419 2421
f 530 2451 2454
f 548 2470 2472
f 466 2385 2388
f 442 2362 2364
f 505 2423 2426
f 536 2446 2448
f 491 2401 2403
f 423 2339 2342
f 513 2429 2432
f 564 2474 2477
f 581 2491 2493
f 549 2459 2462
f 477 2395 2397
f 445 2365 2367
f 503 2424 2427
f 525 2443 2447
f 474 2390 2391
f 438 2354 2357
f 495 2413 2417
f 532 2450 2453
f 552 2467 2469
f 490 2408 2411
f 577 2495 2498
f 559 2479 2483
f 517 2437 2441
f 430 2350 2352
f 590 2511 2509
f 584 2505 2503
f 585 2507 2506
f 592 2513 2512
f 595 2516 2515
f 598 2519 2518
f 636 2556 2555
f 621 2540 2541
f 642 2561 2562
f 601 2521 2522
f 623 2544 2542
f 611 2529 2528
f 609 2530 2531
f 625 2546 2545
f 628 2549 2548
f 632 2553 2551
f 613 2534 2533
f 616 2536 2537
f 638 2557 2559
f 606 2525 2526
f 1607 644 647
f 1603 643 644
f 1604 645 643
f 1610 646 645
f 1613 647 646
f 1622 652 649
f 1686 670 672
f 1773 699 702
f 1761 695 696
f 1712 681 679
f 1652 659 662
f 1648 658 659
f 1649 660 658
f 1655 661 660
f 1658 662 661
f 1670 665 666
f 1637 657 654
f 1694 677 673
f 1731 686 685
f 1739 688 692
f 1768 698 701
f 1678 668 669
f 1619 648 650
f 1709 678 682
f 1754 693 697
f 1682 669 671
f 1776 701 700
f 1758 697 694
f 1716 682 680
f 1625 650 651
f 1742 689 690
f 1663 664 663
f 1634 653 655
f 1697 674 676
f 1728 684 687
f 1746 690 691
f 1664 663 667
f 1640 655 656
f 1700 676 675
f 1724 687 683
f 1679 672 668
f 1618 649 648
f 1708 679 678
f 1753 696 693
f 1769 702 698
f 1738 691 688
f 1671 667 665
f 1643 656 657
f 1701 675 677
f 1723 683 686
f 1667 666 664
f 1633 654 653
f 1693 673 674
f 1727 685 684
f 1743 692 689
f 1685 671 670
f 1772 700 699
f 1757 694 695
f 1715 680 681
f 1628 651 652
f 2187 838 837
f 1881 736 735
f 1899 741 742
f 2277 867 868
f 2313 879 880
f 2169 831 832
f 2156 828 827
f 2010 780 778
f 2208 846 844
f 1917 747 749
f 2133 820 819
f 1971 767 765
f 1989 771 773
f 2223 849 850
f 2300 875 876
f 2174 834 833
f 2151 825 826
f 2007 777 779
f 2205 843 845
f 1920 750 748
f 1855 727 729
f 1801 709 711
f 1784 703 706
f 1820 715 718
f 1838 721 724
f 1874 733 737
f 2180 835 839
f 2310 878 882
f 2274 866 870
f 1896 740 744
f 2089 805 807
f 2035 787 789
f 1950 758 762
f 2054 793 797
f 2072 799 802
f 2126 817 821
f 1964 763 766
f 1986 770 774
f 2220 848 852
f 2291 872 874
f 2183 836 838
f 1877 734 736
f 1891 739 741
f 2269 865 867
f 2305 877 879
f 2161 829 831
f 2148 824 828
f 2004 776 780
f 2202 842 846
f 1909 745 747
f 2129 818 820
f 1967 764 767
f 1981 769 771
f 2215 847 849
f 2288 871 875
f 2166 830 834
f 2143 823 825
f 1999 775 777
f 2197 841 843
f 1914 746 750
f 1806 710 714
f 1787 704 707
f 1823 716 719
f 1841 722 725
f 1860 728 732
f 1931 752 755
f 2108 811 814
f 2018 781 784
f 2234 853 857
f 2255 860 862
f 2040 788 792
f 1945 757 759
f 2057 794 796
f 2075 800 803
f 2094 806 810
f 2111 812 815
f 2021 782 785
f 2237 854 856
f 2252 859 863
f 1928 751 754
f 1812 714 712
f 1791 707 705
f 1827 719 717
f 1845 725 723
f 1866 732 730
f 1935 755 753
f 2118 814 816
f 2028 784 786
f 2246 857 858
f 2259 862 861
f 2048 792 791
f 1953 759 761
f 2061 796 795
f 2079 803 801
f 2100 810 808
f 2115 815 813
f 2025 785 783
f 2241 856 855
f 2264 863 864
f 1938 754 756
f 1802 712 709
f 1783 705 703
f 1819 717 715
f 1837 723 721
f 1856 730 727
f 1927 753 751
f 2112 816 812
f 2022 786 782
f 2238 858 854
f 2251 861 859
f 2036 791 787
f 1949 761 758
f 2053 795 793
f 2071 801 799
f 2090 808 805
f 2107 813 811
f 2017 783 781
f 2233 855 853
f 2256 864 860
f 1932 756 752
f 1859 731 728
f 1805 713 710
f 1788 708 704
f 1824 720 716
f 1842 726 722
f 1878 738 734
f 2184 840 836
f 2306 881 877
f 2270 869 865
f 1892 743 739
f 2093 809 806
f 2039 790 788
f 1946 760 757
f 2058 798 794
f 2076 804 800
f 2130 822 818
f 1968 768 764
f 1982 772 769
f 2216 851 847
f 2287 873 871
f 2179 837 835
f 1873 735 733
f 1895 742 740
f 2273 868 866
f 2309 880 878
f 2165 832 830
f 2144 827 823
f 2000 778 775
f 2198 844 841
f 1913 749 746
f 2125 819 817
f 1963 765 763
f 1985 773 770
f 2219 850 848
f 2292 876 872
f 2162 833 829
f 2147 826 824
f 2003 779 776
f 2201 845 842
f 1910 748 745
f 1863 729 731
f 1809 711 713
f 1794 706 708
f 1830 718 720
f 1848 724 726
f 1886 737 738
f 2192 839 840
f 2318 882 881
f 2282 870 869
f 1904 744 743
f 2097 807 809
f 2043 789 790
f 1956 762 760
f 2066 797 798
f 2082 802 804
f 2138 821 822
f 1974 766 768
f 1992 774 772
f 2228 852 851
f 2295 874 873
f 2331 1270 1269
f 2327 1246 1245
f 2328 1251 1252
f 2334 1287 1288
f 2337 1305 1306
f 2346 1335 1336
f 2412 1552 1551
f 2499 1474 1473
f 2487 1600 1599
f 2436 1353 1354
f 2376 1480 1479
f 2372 1402 1401
f 2373 1407 1408
f 2379 1491 1492
f 2382 1503 1504
f 2396 1534 1533
f 2361 1413 1414
f 2418 1443 1444
f 2457 1593 1594
f 2463 1384 1383
f 2492 1324 1323
f 2402 1276 1275
f 2343 1264 1263
f 2433 1300 1299
f 2478 1318 1317
f 2406 1342 1341
f 2502 1563 1564
f 2484 1461 1462
f 2442 1587 1588
f 2349 1348 1347
f 2468 1522 1521
f 2387 1419 1420
f 2358 1396 1395
f 2421 1498 1497
f 2454 1516 1515
f 2472 1558 1557
f 2388 1426 1425
f 2364 1432 1431
f 2426 1569 1570
f 2448 1371 1372
f 2403 1281 1282
f 2342 1257 1258
f 2432 1293 1294
f 2477 1311 1312
f 2493 1329 1330
f 2462 1377 1378
f 2397 1539 1540
f 2367 1450 1449
f 2427 1576 1575
f 2447 1366 1365
f 2391 1485 1486
f 2357 1389 1390
f 2417 1438 1437
f 2453 1509 1510
f 2469 1527 1528
f 2411 1545 1546
f 2498 1467 1468
f 2483 1456 1455
f 2441 1582 1581
f 2352 1360 1359
f 2509 1271 1272
f 2503 1247 1248
f 2506 1254 1253
f 2512 1290 1289
f 2515 1308 1307
f 2518 1338 1337
f 2555 1553 1554
f 2541 1475 1476
f 2562 1601 1602
f 2522 1356 1355
f 2542 1481 1482
f 2528 1403 1404
f 2531 1410 1409
f 2545 1494 1493
f 2548 1506 1505
f 2551 1535 1536
f 2533 1416 1415
f 2537 1446 1445
f 2559 1596 1595
f 2526 1385 1386
f 1616 907 909
f 1608 889 891
f 1606 883 886
f 1612 895 898
f 1615 901 904
f 1624 919 922
f 1692 1057 1060
f 1782 1237 1240
f 1765 1201 1204
f 1714 1099 1102
f 1661 997 999
f 1653 979 981
f 1651 973 976
f 1657 985 988
f 1660 991 994
f 1675 1021 1024
f 1639 949 952
f 1696 1063 1066
f 1733 1135 1138
f 1751 1177 1179
f 1779 1231 1233
f 1683 1039 1041
f 1626 925 927
f 1721 1117 1119
f 1766 1207 1209
f 1689 1051 1053
f 1778 1225 1228
f 1760 1189 1192
f 1718 1105 1108
f 1629 931 933
f 1747 1165 1167
f 1665 1003 1005
f 1641 955 957
f 1704 1081 1083
f 1737 1147 1150
f 1750 1171 1174
f 1676 1027 1029
f 1644 961 963
f 1702 1075 1077
f 1726 1123 1126
f 1681 1033 1036
f 1620 913 915
f 1710 1093 1095
f 1755 1183 1185
f 1771 1213 1216
f 1740 1153 1155
f 1673 1015 1018
f 1647 967 970
f 1707 1087 1090
f 1734 1141 1143
f 1669 1009 1012
f 1635 943 945
f 1698 1069 1071
f 1729 1129 1131
f 1745 1159 1162
f 1687 1045 1047
f 1774 1219 1221
f 1762 1195 1197
f 1720 1111 1114
f 1632 937 940
f 2189 1280 1284
f 1883 1256 1260
f 1903 1292 1296
f 2281 1310 1314
f 2317 1328 1332
f 2173 1376 1380
f 2158 1538 1542
f 2012 1447 1451
f 2210 1573 1577
f 1924 1363 1367
f 2135 1484 1488
f 1973 1388 1392
f 1996 1435 1439
f 2227 1508 1512
f 2304 1526 1530
f 2176 1544 1548
f 2155 1466 1470
f 2014 1453 1457
f 2212 1579 1583
f 1922 1357 1361
f 1864 1268 1270
f 1810 1244 1246
f 1795 1249 1251
f 1831 1285 1287
f 1849 1303 1305
f 1887 1333 1335
f 2193 1550 1552
f 2321 1472 1474
f 2285 1598 1600
f 1907 1351 1353
f 2098 1478 1480
f 2044 1400 1402
f 1961 1405 1407
f 2067 1489 1491
f 2083 1501 1503
f 2139 1532 1534
f 1975 1411 1413
f 1997 1441 1443
f 2231 1591 1593
f 2298 1382 1384
f 2190 1322 1324
f 1884 1274 1276
f 1900 1262 1264
f 2278 1298 1300
f 2314 1316 1318
f 2170 1340 1342
f 2159 1561 1563
f 2015 1459 1461
f 2213 1585 1587
f 1918 1346 1348
f 2136 1520 1522
f 1977 1417 1419
f 1990 1394 1396
f 2224 1496 1498
f 2301 1514 1516
f 2177 1556 1558
f 2152 1424 1426
f 2008 1430 1432
f 2206 1567 1569
f 1925 1369 1371
f 1817 1279 1281
f 1797 1255 1257
f 1833 1291 1293
f 1851 1309 1311
f 1871 1327 1329
f 1941 1375 1377
f 2119 1537 1539
f 2029 1448 1450
f 2247 1574 1576
f 2262 1364 1366
f 2051 1483 1485
f 1954 1387 1389
f 2064 1436 1438
f 2085 1507 1509
f 2105 1525 1527
f 2121 1543 1545
f 2031 1465 1467
f 2244 1454 1456
f 2265 1580 1582
f 1939 1358 1360
f 1814 1267 1271
f 1793 1243 1247
f 1829 1250 1254
f 1847 1286 1290
f 1868 1304 1308
f 1937 1334 1338
f 2124 1549 1553
f 2034 1471 1475
f 2250 1597 1601
f 2261 1352 1356
f 2050 1477 1481
f 1960 1399 1403
f 2063 1406 1410
f 2081 1490 1494
f 2102 1502 1506
f 2117 1531 1535
f 2027 1412 1416
f 2243 1442 1446
f 2268 1592 1596
f 1944 1381 1385
f 1804 890 894
f 1785 884 887
f 1821 896 899
f 1839 902 905
f 1858 908 912
f 1929 938 941
f 2114 1046 1050
f 2024 1220 1224
f 2240 1196 1200
f 2253 1112 1115
f 2038 980 984
f 1951 974 977
f 2055 986 989
f 2073 992 995
f 2092 998 1002
f 2109 1016 1019
f 2019 968 971
f 2235 1088 1091
f 2258 1142 1146
f 1934 1154 1158
f 1861 1214 1217
f 1807 1034 1037
f 1790 914 918
f 1826 1094 1098
f 1844 1184 1188
f 1880 1040 1044
f 2186 1232 1236
f 2308 1208 1212
f 2272 1118 1122
f 1894 926 930
f 2095 1160 1163
f 2041 1010 1013
f 1948 944 948
f 2060 1070 1074
f 2078 1130 1134
f 2132 1166 1170
f 1970 1004 1008
f 1984 956 960
f 2218 1082 1086
f 2289 1148 1151
f 2181 1058 1061
f 1875 920 923
f 1897 1100 1103
f 2275 1202 1205
f 2311 1238 1241
f 2167 1172 1175
f 2146 1028 1032
f 2002 962 966
f 2200 1076 1080
f 1915 1124 1127
f 2127 1022 1025
f 1965 950 953
f 1987 1064 1067
f 2221 1136 1139
f 2294 1178 1182
f 2164 1052 1056
f 2149 1226 1229
f 2005 1190 1193
f 2203 1106 1109
f 1912 932 936
f 1870 1321 1325
f 1816 1273 1277
f 1800 1261 1265
f 1836 1297 1301
f 1854 1315 1319
f 1890 1339 1343
f 2196 1562 1566
f 2320 1460 1464
f 2284 1586 1590
f 1906 1345 1349
f 2104 1519 1523
f 2047 1418 1422
f 1958 1393 1397
f 2070 1495 1499
f 2088 1513 1517
f 2142 1555 1559
f 1980 1423 1427
f 1994 1429 1433
f 2230 1568 1572
f 2297 1370 1374
f 2329 894 892
f 2323 887 885
f 2326 899 897
f 2333 905 903
f 2336 912 910
f 2345 941 939
f 2409 1050 1048
f 2496 1224 1222
f 2485 1200 1198
f 2435 1115 1113
f 2374 984 982
f 2368 977 975
f 2371 989 987
f 2378 995 993
f 2381 1002 1000
f 2392 1019 1017
f 2360 971 969
f 2416 1091 1089
f 2456 1146 1144
f 2460 1158 1156
f 2488 1217 1215
f 2398 1037 1035
f 2340 918 916
f 2430 1098 1096
f 2475 1188 1186
f 2404 1044 1042
f 2501 1236 1234
f 2482 1212 1210
f 2440 1122 1120
f 2347 930 928
f 2464 1163 1161
f 2384 1013 1011
f 2355 948 946
f 2419 1074 1072
f 2451 1134 1132
f 2470 1170 1168
f 2385 1008 1006
f 2362 960 958
f 2423 1086 1084
f 2446 1151 1149
f 2401 1061 1059
f 2339 923 921
f 2429 1103 1101
f 2474 1205 1203
f 2491 1241 1239
f 2459 1175 1173
f 2395 1032 1030
f 2365 966 964
f 2424 1080 1078
f 2443 1127 1125
f 2390 1025 1023
f 2354 953 951
f 2413 1067 1065
f 2450 1139 1137
f 2467 1182 1180
f 2408 1056 1054
f 2495 1229 1227
f 2479 1193 1191
f 2437 1109 1107
f 2350 936 934
f 2511 1325 1326
f 2505 1277 1278
f 2507 1265 1266
f 2513 1301 1302
f 2516 1319 1320
f 2519 1343 1344
f 2556 1566 1565
f 2540 1464 1463
f 2561 1590 1589
f 2521 1349 1350
f 2544 1523 1524
f 2529 1422 1421
f 2530 1397 1398
f 2546 1499 1500
f 2549 1517 1518
f 2553 1559 1560
f 2534 1427 1428
f 2536 1433 1434
f 2557 1572 1571
f 2525 1374 1373
f 1609 892 889
f 1605 885 883
f 1611 897 895
f 1614 903 901
f 1617 910 907
f 1631 939 937
f 1688 1048 1045
f 1775 1222 1219
f 1763 1198 1195
f 1719 1113 1111
f 1654 982 979
f 1650 975 973
f 1656 987 985
f 1659 993 991
f 1662 1000 997
f 1672 1017 1015
f 1646 969 967
f 1706 1089 1087
f 1735 1144 1141
f 1741 1156 1153
f 1770 1215 1213
f 1680 1035 1033
f 1621 916 913
f 1711 1096 1093
f 1756 1186 1183
f 1684 1042 1039
f 1780 1234 1231
f 1767 1210 1207
f 1722 1120 1117
f 1627 928 925
f 1744 1161 1159
f 1668 1011 1009
f 1636 946 943
f 1699 1072 1069
f 1730 1132 1129
f 1748 1168 1165
f 1666 1006 1003
f 1642 958 955
f 1705 1084 1081
f 1736 1149 1147
f 1691 1059 1057
f 1623 921 919
f 1713 1101 1099
f 1764 1203 1201
f 1781 1239 1237
f 1749 1173 1171
f 1677 1030 1027
f 1645 964 961
f 1703 1078 1075
f 1725 1125 1123
f 1674 1023 1021
f 1638 951 949
f 1695 1065 1063
f 1732 1137 1135
f 1752 1180 1177
f 1690 1054 1051
f 1777 1227 1225
f 1759 1191 1189
f 1717 1107 1105
f 1630 934 931
f 2191 1326 1322
f 1885 1278 1274
f 1901 1266 1262
f 2279 1302 1298
f 2315 1320 1316
f 2171 1344 1340
f 2160 1565 1561
f 2016 1463 1459
f 2214 1589 1585
f 1919 1350 1346
f 2137 1524 1520
f 1978 1421 1417
f 1991 1398 1394
f 2225 1500 1496
f 2302 1518 1514
f 2178 1560 1556
f 2153 1428 1424
f 2009 1434 1430
f 2207 1571 1567
f 1926 1373 1369
f 1857 911 908
f 1803 893 890
f 1786 888 884
f 1822 900 896
f 1840 906 902
f 1876 924 920
f 2182 1062 1058
f 2312 1242 1238
f 2276 1206 1202
f 1898 1104 1100
f 2091 1001 998
f 2037 983 980
f 1952 978 974
f 2056 990 986
f 2074 996 992
f 2128 1026 1022
f 1966 954 950
f 1988 1068 1064
f 2222 1140 1136
f 2293 1181 1178
f 2185 1235 1232
f 1879 1043 1040
f 1893 929 926
f 2271 1121 1118
f 2307 1211 1208
f 2163 1055 1052
f 2150 1230 1226
f 2006 1194 1190
f 2204 1110 1106
f 1911 935 932
f 2131 1169 1166
f 1969 1007 1004
f 1983 959 956
f 2217 1085 1082
f 2290 1152 1148
f 2168 1176 1172
f 2145 1031 1028
f 2001 965 962
f 2199 1079 1076
f 1916 1128 1124
f 1808 1038 1034
f 1789 917 914
f 1825 1097 1094
f 1843 1187 1184
f 1862 1218 1214
f 1933 1157 1154
f 2110 1020 1016
f 2020 972 968
f 2236 1092 1088
f 2257 1145 1142
f 2042 1014 1010
f 1947 947 944
f 2059 1073 1070
f 2077 1133 1130
f 2096 1164 1160
f 2113 1049 1046
f 2023 1223 1220
f 2239 1199 1196
f 2254 1116 1112
f 1930 942 938
f 1818 1283 1279
f 1798 1259 1255
f 1834 1295 1291
f 1852 1313 1309
f 1872 1331 1327
f 1942 1379 1375
f 2120 1541 1537
f 2030 1452 1448
f 2248 1578 1574
f 2263 1368 1364
f 2052 1487 1483
f 1955 1391 1387
f 2065 1440 1436
f 2086 1511 1507
f 2106 1529 1525
f 2122 1547 1543
f 2032 1469 1465
f 2245 1458 1454
f 2266 1584 1580
f 1940 1362 1358
f 1813 1269 1267
f 1792 1245 1243
f 1828 1252 1250
f 1846 1288 1286
f 1867 1306 1304
f 1936 1336 1334
f 2123 1551 1549
f 2033 1473 1471
f 2249 1599 1597
f 2260 1354 1352
f 2049 1479 1477
f 1959 1401 1399
f 2062 1408 1406
f 2080 1492 1490
f 2101 1504 1502
f 2116 1533 1531
f 2026 1414 1412
f 2242 1444 1442
f 2267 1594 1592
f 1943 1383 1381
f 1869 1323 1321
f 1815 1275 1273
f 1799 1263 1261
f 1835 1299 1297
f 1853 1317 1315
f 1889 1341 1339
f 2195 1564 1562
f 2319 1462 1460
f 2283 1588 1586
f 1905 1347 1345
f 2103 1521 1519
f 2046 1420 1418
f 1957 1395 1393
f 2069 1497 1495
f 2087 1515 1513
f 2141 1557 1555
f 1979 1425 1423
f 1993 1431 1429
f 2229 1570 1568
f 2296 1372 1370
f 2188 1282 1280
f 1882 1258 1256
f 1902 1294 1292
f 2280 1312 1310
f 2316 1330 1328
f 2172 1378 1376
f 2157 1540 1538
f 2011 1449 1447
f 2209 1575 1573
f 1923 1365 1363
f 2134 1486 1484
f 1972 1390 1388
f 1995 1437 1435
f 2226 1510 1508
f 2303 1528 1526
f 2175 1546 1544
f 2154 1468 1466
f 2013 1455 1453
f 2211 1581 1579
f 1921 1359 1357
f 1865 1272 1268
f 1811 1248 1244
f 1796 1253 1249
f 1832 1289 1285
f 1850 1307 1303
f 1888 1337 1333
f 2194 1554 1550
f 2322 1476 1472
f 2286 1602 1598
f 1908 1355 1351
f 2099 1482 1478
f 2045 1404 1400
f 1962 1409 1405
f 2068 1493 1489
f 2084 1505 1501
f 2140 1536 1532
f 1976 1415 1411
f 1998 1445 1441
f 2232 1595 1591
f 2299 1386 1382
f 2330 909 911
f 2324 891 893
f 2325 886 888
f 2332 898 900
f 2335 904 906
f 2344 922 924
f 2410 1060 1062
f 2497 1240 1242
f 2486 1204 1206
f 2434 1102 1104
f 2375 999 1001
f 2369 981 983
f 2370 976 978
f 2377 988 990
f 2380 994 996
f 2393 1024 1026
f 2359 952 954
f 2415 1066 1068
f 2455 1138 1140
f 2461 1179 1181
f 2489 1233 1235
f 2399 1041 1043
f 2341 927 929
f 2431 1119 1121
f 2476 1209 1211
f 2405 1053 1055
f 2500 1228 1230
f 2481 1192 1194
f 2439 1108 1110
f 2348 933 935
f 2465 1167 1169
f 2383 1005 1007
f 2356 957 959
f 2420 1083 1085
f 2452 1150 1152
f 2471 1174 1176
f 2386 1029 1031
f 2363 963 965
f 2422 1077 1079
f 2445 1126 1128
f 2400 1036 1038
f 2338 915 917
f 2428 1095 1097
f 2473 1185 1187
f 2490 1216 1218
f 2458 1155 1157
f 2394 1018 1020
f 2366 970 972
f 2425 1090 1092
f 2444 1143 1145
f 2389 1012 1014
f 2353 945 947
f 2414 1071 1073
f 2449 1131 1133
f 2466 1162 1164
f 2407 1047 1049
f 2494 1221 1223
f 2480 1197 1199
f 2438 1114 1116
f 2351 940 942
f 2510 1284 1283
f 2504 1260 1259
f 2508 1296 1295
f 2514 1314 1313
f 2517 1332 1331
f 2520 1380 1379
f 2554 1542 1541
f 2539 1451 1452
f 2560 1577 1578
f 2523 1367 1368
f 2543 1488 1487
f 2527 1392 1391
f 2532 1439 1440
f 2547 1512 1511
f 2550 1530 1529
f 2552 1548 1547
f 2535 1470 1469
f 2538 1457 1458
f 2558 1583 1584
f 2524 1361 1362
f 1607 1616 1609
f 1603 1608 1605
f 1604 1606 1611
f 1610 1612 1614
f 1613 1615 1617
f 1622 1624 1631
f 1686 1692 1688
f 1773 1782 1775
f 1761 1765 1763
f 1712 1714 1719
f 1652 1661 1654
f 1648 1653 1650
f 1649 1651 1656
f 1655 1657 1659
f 1658 1660 1662
f 1670 1675 1672
f 1637 1639 1646
f 1694 1696 1706
f 1731 1733 1735
f 1739 1751 1741
f 1768 1779 1770
f 1678 1683 1680
f 1619 1626 1621
f 1709 1721 1711
f 1754 1766 1756
f 1682 1689 1684
f 1776 1778 1780
f 1758 1760 1767
f 1716 1718 1722
f 1625 1629 1627
f 1742 1747 1744
f 1663 1665 1668
f 1634 1641 1636
f 1697 1704 1699
f 1728 1737 1730
f 1746 1750 1748
f 1664 1676 1666
f 1640 1644 1642
f 1700 1702 1705
f 1724 1726 1736
f 1679 1681 1691
f 1618 1620 1623
f 1708 1710 1713
f 1753 1755 1764
f 1769 1771 1781
f 1738 1740 1749
f 1671 1673 1677
f 1643 1647 1645
f 1701 1707 1703
f 1723 1734 1725
f 1667 1669 1674
f 1633 1635 1638
f 1693 1698 1695
f 1727 1729 1732
f 1743 1745 1752
f 1685 1687 1690
f 1772 1774 1777
f 1757 1762 1759
f 1715 1720 1717
f 1628 1632 1630
f 2187 2189 2191
f 1881 1883 1885
f 1899 1903 1901
f 2277 2281 2279
f 2313 2317 2315
f 2169 2173 2171
f 2156 2158 2160
f 2010 2012 2016
f 2208 2210 2214
f 1917 1924 1919
f 2133 2135 2137
f 1971 1973 1978
f 1989 1996 1991
f 2223 2227 2225
f 2300 2304 2302
f 2174 2176 2178
f 2151 2155 2153
f 2007 2014 2009
f 2205 2212 2207
f 1920 1922 1926
f 1855 1864 1857
f 1801 1810 1803
f 1784 1795 1786
f 1820 1831 1822
f 1838 1849 1840
f 1874 1887 1876
f 2180 2193 2182
f 2310 2321 2312
f 2274 2285 2276
f 1896 1907 1898
f 2089 2098 2091
f 2035 2044 2037
f 1950 1961 1952
f 2054 2067 2056
f 2072 2083 2074
f 2126 2139 2128
f 1964 1975 1966
f 1986 1997 1988
f 2220 2231 2222
f 2291 2298 2293
f 2183 2190 2185
f 1877 1884 1879
f 1891 1900 1893
f 2269 2278 2271
f 2305 2314 2307
f 2161 2170 2163
f 2148 2159 2150
f 2004 2015 2006
f 2202 2213 2204
f 1909 1918 1911
f 2129 2136 2131
f 1967 1977 1969
f 1981 1990 1983
f 2215 2224 2217
f 2288 2301 2290
f 2166 2177 2168
f 2143 2152 2145
f 1999 2008 2001
f 2197 2206 2199
f 1914 1925 1916
f 1806 1817 1808
f 1787 1797 1789
f 1823 1833 1825
f 1841 1851 1843
f 1860 1871 1862
f 1931 1941 1933
f 2108 2119 2110
f 2018 2029 2020
f 2234 2247 2236
f 2255 2262 2257
f 2040 2051 2042
f 1945 1954 1947
f 2057 2064 2059
f 2075 2085 2077
f 2094 2105 2096
f 2111 2121 2113
f 2021 2031 2023
f 2237 2244 2239
f 2252 2265 2254
f 1928 1939 1930
f 1812 1814 1818
f 1791 1793 1798
f 1827 1829 1834
f 1845 1847 1852
f 1866 1868 1872
f 1935 1937 1942
f 2118 2124 2120
f 2028 2034 2030
f 2246 2250 2248
f 2259 2261 2263
f 2048 2050 2052
f 1953 1960 1955
f 2061 2063 2065
f 2079 2081 2086
f 2100 2102 2106
f 2115 2117 2122
f 2025 2027 2032
f 2241 2243 2245
f 2264 2268 2266
f 1938 1944 1940
f 1802 1804 1813
f 1783 1785 1792
f 1819 1821 1828
f 1837 1839 1846
f 1856 1858 1867
f 1927 1929 1936
f 2112 2114 2123
f 2022 2024 2033
f 2238 2240 2249
f 2251 2253 2260
f 2036 2038 2049
f 1949 1951 1959
f 2053 2055 2062
f 2071 2073 2080
f 2090 2092 2101
f 2107 2109 2116
f 2017 2019 2026
f 2233 2235 2242
f 2256 2258 2267
f 1932 1934 1943
f 1859 1861 1869
f 1805 1807 1815
f 1788 1790 1799
f 1824 1826 1835
f 1842 1844 1853
f 1878 1880 1889
f 2184 2186 2195
f 2306 2308 2319
f 2270 2272 2283
f 1892 1894 1905
f 2093 2095 2103
f 2039 2041 2046
f 1946 1948 1957
f 2058 2060 2069
f 2076 2078 2087
f 2130 2132 2141
f 1968 1970 1979
f 1982 1984 1993
f 2216 2218 2229
f 2287 2289 2296
f 2179 2181 2188
f 1873 1875 1882
f 1895 1897 1902
f 2273 2275 2280
f 2309 2311 2316
f 2165 2167 2172
f 2144 2146 2157
f 2000 2002 2011
f 2198 2200 2209
f 1913 1915 1923
f 2125 2127 2134
f 1963 1965 1972
f 1985 1987 1995
f 2219 2221 2226
f 2292 2294 2303
f 2162 2164 2175
f 2147 2149 2154
f 2003 2005 2013
f 2201 2203 2211
f 1910 1912 1921
f 1863 1870 1865
f 1809 1816 1811
f 1794 1800 1796
f 1830 1836 1832
f 1848 1854 1850
f 1886 1890 1888
f 2192 2196 2194
f 2318 2320 2322
f 2282 2284 2286
f 1904 1906 1908
f 2097 2104 2099
f 2043 2047 2045
f 1956 1958 1962
f 2066 2070 2068
f 2082 2088 2084
f 2138 2142 2140
f 1974 1980 1976
f 1992 1994 1998
f 2228 2230 2232
f 2295 2297 2299
f 2331 2329 2330
f 2327 2323 2324
f 2328 2326 2325
f 2334 2333 2332
f 2337 2336 2335
f 2346 2345 2344
f 2412 2409 2410
f 2499 2496 2497
f 2487 2485 2486
f 2436 2435 2434
f 2376 2374 2375
f 2372 2368 2369
f 2373 2371 2370
f 2379 2378 2377
f 2382 2381 2380
f 2396 2392 2393
f 2361 2360 2359
f 2418 2416 2415
f 2457 2456 2455
f 2463 2460 2461
f 2492 2488 2489
f 2402 2398 2399
f 2343 2340 2341
f 2433 2430 2431
f 2478 2475 2476
f 2406 2404 2405
f 2502 2501 2500
f 2484 2482 2481
f 2442 2440 2439
f 2349 2347 2348
f 2468 2464 2465
f 2387 2384 2383
f 2358 2355 2356
f 2421 2419 2420
f 2454 2451 2452
f 2472 2470 2471
f 2388 2385 2386
f 2364 2362 2363
f 2426 2423 2422
f 2448 2446 2445
f 2403 2401 2400
f 2342 2339 2338
f 2432 2429 2428
f 2477 2474 2473
f 2493 2491 2490
f 2462 2459 2458
f 2397 2395 2394
f 2367 2365 2366
f 2427 2424 2425
f 2447 2443 2444
f 2391 2390 2389
f 2357 2354 2353
f 2417 2413 2414
f 2453 2450 2449
f 2469 2467 2466
f 2411 2408 2407
f 2498 2495 2494
f 2483 2479 2480
f 2441 2437 2438
f 2352 2350 2351
f 2509 2511 2510
f 2503 2505 2504
f 2506 2507 2508
f 2512 2513 2514
f 2515 2516 2517
f 2518 2519 2520
f 2555 2556 2554
f 2541 2540 2539
f 2562 2561 2560
f 2522 2521 2523
f 2542 2544 2543
f 2528 2529 2527
f 2531 2530 2532
f 2545 2546 2547
f 2548 2549 2550
f 2551 2553 2552
f 2533 2534 2535
f 2537 2536 2538
f 2559 2557 2558
f 2526 2525 2524