v -0.109096 0.332564 -0.150057
v 0.106589 0.336197 -0.150364
v -0.292164 -0.532077 0.011626
v 0.292604 -0.529604 0.012324
v 0.000431 -0.413438 0.712404
v 0.001244 0.116582 0.375489
v 0.000347 -0.090787 -0.406391
v 0.001538 0.410186 -0.712111
v 0.327747 0.051786 -0.255004
v 0.327442 0.014990 0.286914
v -0.321043 0.055691 -0.256590
v -0.340135 0.031225 0.264215
v 0.010177 0.566726 -0.215392
v -0.053775 0.213015 -0.021095
v -0.203974 0.661074 -0.414517
v -0.259950 0.152192 -0.223681
v -0.302397 0.060511 0.081153
v 0.044459 0.212534 -0.013414
v 0.203700 0.662596 -0.415335
v 0.261467 0.154565 -0.223810
v 0.292716 0.053276 0.084418
v -0.000097 -0.562900 0.012209
v -0.208873 -0.634360 0.420304
v -0.171064 -0.496887 -0.294948
v -0.333808 -0.105463 -0.118309
v -0.327676 -0.153422 0.182063
v 0.208432 -0.633914 0.419342
v 0.172054 -0.497002 -0.295681
v 0.331545 -0.104706 -0.118511
v 0.330143 -0.150993 0.188025
v 0.000998 -0.005725 0.697830
v 0.311939 -0.177746 0.553881
v -0.311763 -0.174857 0.555079
v 0.212773 0.045829 0.396259
v -0.214369 0.044451 0.399352
v 0.000207 0.011324 -0.666332
v 0.186507 -0.003976 -0.370575
v -0.185987 -0.002889 -0.372240
v 0.307377 0.185473 -0.597186
v -0.305530 0.187690 -0.598899
v 0.337257 0.033815 0.009316
v -0.356471 0.059086 -0.000072
v -0.033810 0.476292 -0.183904
v -0.064646 0.284870 -0.129135
v -0.157187 0.479515 -0.236681
v -0.183703 0.260298 -0.182456
v -0.180114 0.179947 -0.073303
v 0.027109 0.487110 -0.181233
v 0.049582 0.288160 -0.120780
v 0.154067 0.484163 -0.239401
v 0.184350 0.262478 -0.184480
v 0.176795 0.180497 -0.074657
v -0.169089 -0.604866 0.010387
v -0.229906 -0.501144 0.169393
v -0.321710 -0.752393 -0.155460
v -0.355703 -0.377535 -0.071967
v -0.313328 -0.345143 0.098304
v 0.168237 -0.604552 0.011876
v 0.230844 -0.500801 0.168599
v 0.322228 -0.751731 -0.154593
v 0.359852 -0.376910 -0.071289
v 0.314168 -0.344805 0.099957
v -0.130181 -0.633482 0.677574
v 0.131931 -0.633338 0.678671
v 0.000118 -0.214397 0.769239
v 0.194066 -0.334360 0.696776
v -0.192228 -0.334576 0.697913
v -0.040927 0.150064 0.200403
v 0.041169 0.148169 0.199791
v 0.000674 0.097801 0.545456
v 0.098876 0.098953 0.409868
v -0.097713 0.098835 0.410624
v -0.063230 -0.244975 -0.369589
v 0.064470 -0.246029 -0.370235
v -0.000643 0.012704 -0.477821
v 0.080309 -0.037543 -0.394351
v -0.079223 -0.036232 -0.394992
v -0.133622 0.604838 -0.616759
v 0.134125 0.604990 -0.617612
v 0.002708 0.182489 -0.793763
v 0.203751 0.319487 -0.739782
v -0.200653 0.318689 -0.741172
v 0.327453 0.050150 -0.254414
v 0.307053 0.055629 -0.169494
v 0.277662 0.043794 -0.317112
v 0.305440 0.089903 -0.391036
v 0.337115 0.043716 -0.134592
v 0.328743 0.014555 0.204511
v 0.325336 -0.011730 0.254561
v 0.315153 -0.059714 0.385718
v 0.293025 0.004294 0.340841
v 0.336018 0.034108 0.160959
v -0.332922 0.056734 -0.258827
v -0.311251 0.034514 -0.174201
v -0.268835 0.037635 -0.319419
v -0.298820 0.096073 -0.392107
v -0.358651 0.059987 -0.139834
v -0.343224 0.023129 0.193704
v -0.330510 -0.002601 0.233954
v -0.314451 -0.050392 0.372423
v -0.300280 0.007604 0.332016
v -0.352004 0.048653 0.142371
v 0.032020 0.432147 -0.176588
v -0.059799 0.599715 -0.270121
v -0.021783 0.419229 -0.161824
v 0.053890 0.604652 -0.271418
v -0.176574 0.152080 0.051207
v -0.005556 0.216485 -0.047054
v -0.152098 0.122845 0.227063
v -0.322555 0.467063 -0.330971
v -0.000997 0.697021 -0.428184
v -0.274402 0.444261 -0.540176
v -0.284163 0.082290 -0.065372
v -0.281777 0.227097 -0.399627
v -0.345295 0.025253 -0.101728
v -0.270706 0.056918 0.230703
v -0.352182 0.025935 0.047729
v 0.174289 0.151691 0.053776
v 0.150845 0.123523 0.226510
v 0.324067 0.467185 -0.332149
v 0.274274 0.445348 -0.540677
v 0.281593 0.075152 -0.062555
v 0.283231 0.225566 -0.397814
v 0.335459 0.018518 -0.095870
v 0.268195 0.055767 0.233892
v 0.341522 0.001670 0.059841
v -0.094597 -0.597145 0.206404
v -0.084067 -0.609260 -0.152684
v 0.094196 -0.596034 0.206535
v 0.083395 -0.609543 -0.152654
v -0.297489 -0.381407 0.301716
v -0.000063 -0.604809 0.462698
v -0.325520 -0.463796 0.560873
v -0.332218 -0.346422 -0.252112
v 0.000832 -0.446816 -0.282375
v -0.186346 -0.181756 -0.327895
v -0.337046 -0.132266 0.023650
v -0.258113 -0.061762 -0.246351
v -0.339460 0.048252 -0.042587
v -0.325886 -0.194744 0.365242
v -0.340827 0.034498 0.090200
v 0.299366 -0.381552 0.300856
v 0.323945 -0.461823 0.555333
v 0.332801 -0.347195 -0.250666
v 0.186929 -0.182947 -0.326815
v 0.336519 -0.128245 0.029116
v 0.258803 -0.058994 -0.245204
v 0.317080 0.058474 -0.035394
v 0.327617 -0.197720 0.368921
v 0.325241 0.037952 0.102481
v 0.187919 -0.091877 0.684793
v -0.185540 -0.092569 0.686144
v 0.145848 0.046158 0.576642
v -0.144661 0.045590 0.578690
v 0.260905 -0.030896 0.503417
v -0.259151 -0.030230 0.500968
v 0.125600 0.012345 -0.528076
v -0.127806 0.011448 -0.531354
v 0.213220 0.068790 -0.735430
v -0.212800 0.069817 -0.738244
v 0.249148 0.056432 -0.501488
v -0.248627 0.056925 -0.503725
v -0.077041 0.399302 -0.160650
v -0.084669 0.310958 -0.141033
v -0.121132 0.398860 -0.168542
v -0.144475 0.302244 -0.162561
v -0.127429 0.252231 -0.131809
v 0.070779 0.407183 -0.158034
v 0.078610 0.317064 -0.137173
v 0.120138 0.403602 -0.171204
v 0.145045 0.304840 -0.164156
v 0.125515 0.254482 -0.132891
v -0.245969 -0.591109 0.013072
v -0.257824 -0.507164 0.074369
v -0.318039 -0.632700 -0.043571
v -0.332351 -0.485577 -0.027640
v -0.302400 -0.443413 0.049055
v 0.244699 -0.589291 0.014866
v 0.259480 -0.505645 0.074035
v 0.317234 -0.628656 -0.043101
v 0.332978 -0.483119 -0.027518
v 0.304474 -0.442493 0.050334
v -0.057861 -0.492963 0.696075
v 0.058342 -0.493049 0.695200
v 0.000781 -0.322006 0.731935
v 0.090156 -0.385437 0.711932
v -0.088974 -0.385745 0.713520
v -0.020939 0.123261 0.300355
v 0.023083 0.122615 0.301579
v 0.000783 0.116226 0.459362
v 0.042632 0.112839 0.396994
v -0.041285 0.113798 0.396029
v -0.024794 -0.156375 -0.395458
v 0.026552 -0.157238 -0.396007
v -0.000442 -0.021302 -0.424276
v 0.036080 -0.068590 -0.405468
v -0.035415 -0.064598 -0.406019
v -0.055882 0.496827 -0.673091
v 0.057266 0.496055 -0.672489
v 0.002388 0.306046 -0.760296
v 0.092079 0.374185 -0.726229
v -0.089650 0.373246 -0.726308
v 0.337178 0.037615 -0.260518
v 0.321460 0.058617 -0.216068
v 0.309580 0.057245 -0.283164
v 0.320273 0.059269 -0.313465
v 0.335554 0.047730 -0.201804
v 0.328396 0.015638 0.251917
v 0.327434 0.013594 0.279692
v 0.319944 -0.012969 0.327839
v 0.314934 0.002427 0.310077
v 0.332721 0.030008 0.234984
v -0.332615 0.052949 -0.262066
v -0.319234 0.050844 -0.218048
v -0.299814 0.052730 -0.284771
v -0.308615 0.067945 -0.313535
v -0.340244 0.053897 -0.204714
v -0.341268 0.027244 0.233519
v -0.337346 0.040196 0.254728
v -0.327607 0.001379 0.309490
v -0.326505 0.012256 0.294368
v -0.344817 0.043277 0.210269
v -0.003502 0.540096 -0.199742
v -0.000763 0.546210 -0.205925
v 0.030088 0.544224 -0.203740
v -0.020727 0.571104 -0.227405
v -0.018205 0.535036 -0.204130
v 0.011061 0.575192 -0.232196
v -0.052007 0.247061 -0.101730
v -0.054210 0.184377 0.092115
v -0.008099 0.284238 -0.131203
v -0.113576 0.194187 0.017666
v -0.017183 0.217929 -0.042610
v -0.111414 0.187851 0.117565
v -0.205896 0.576352 -0.318382
v -0.187858 0.674378 -0.515355
v -0.131324 0.647506 -0.336830
v -0.414873 0.627659 -0.390699
v -0.150850 0.817797 -0.425023
v -0.271839 0.584288 -0.483887
v -0.221264 0.210197 -0.202313
v -0.303667 0.097267 -0.242991
v -0.241181 0.292720 -0.286019
v -0.271606 0.108934 -0.141072
v -0.265574 0.196851 -0.310494
v -0.311298 0.064422 -0.158728
v -0.240559 0.116168 0.001939
v -0.339686 0.026480 0.147112
v -0.242765 0.106143 0.072330
v -0.295573 0.066765 0.007545
v -0.294284 0.058898 0.155759
v -0.340862 0.026200 0.072349
v 0.033596 0.246085 -0.094852
v 0.050933 0.180913 0.091239
v -0.007505 0.276837 -0.118334
v 0.009062 0.210225 -0.047651
v 0.108267 0.195596 0.022878
v 0.109511 0.187171 0.118037
v 0.203829 0.578539 -0.321147
v 0.188487 0.674703 -0.515217
v 0.129533 0.651116 -0.339157
v 0.151430 0.817932 -0.425384
v 0.399797 0.631325 -0.393029
v 0.268780 0.584023 -0.486103
v 0.222832 0.212783 -0.204127
v 0.298866 0.098114 -0.241703
v 0.241849 0.292402 -0.286007
v 0.269891 0.107086 -0.141037
v 0.265524 0.195228 -0.310738
v 0.307374 0.061711 -0.157018
v 0.237255 0.111976 0.003937
v 0.326273 0.016457 0.153775
v 0.242884 0.100833 0.076358
v 0.288579 0.059396 0.011553
v 0.293242 0.052655 0.160465
v 0.328492 0.007612 0.081927
v -0.087657 -0.580317 0.011309
v 0.087878 -0.579197 0.011502
v -0.044076 -0.576349 0.105644
v -0.048968 -0.555832 -0.071270
v 0.044033 -0.575977 0.105708
v 0.048902 -0.555609 -0.070961
v -0.211103 -0.528723 0.293638
v -0.182048 -0.811457 0.573489
v -0.135314 -0.578306 0.324917
v -0.267691 -0.508000 0.368244
v -0.101193 -0.654384 0.452099
v -0.316257 -0.639351 0.516555
v -0.245877 -0.733135 -0.282164
v -0.111610 -0.351579 -0.326748
v -0.122437 -0.623535 -0.244099
v -0.268994 -0.464226 -0.294086
v -0.081442 -0.465442 -0.285325
v -0.189094 -0.329531 -0.316693
v -0.363097 -0.234308 -0.101641
v -0.302966 -0.007317 -0.135374
v -0.337002 -0.220267 -0.180098
v -0.340687 -0.121066 -0.047579
v -0.300657 -0.090911 -0.186677
v -0.321667 -0.014801 -0.070047
v -0.321272 -0.246961 0.143253
v -0.331473 -0.070504 0.210976
v -0.317011 -0.264226 0.237985
v -0.332062 -0.138905 0.099842
v -0.326062 -0.175111 0.270922
v -0.333455 -0.049235 0.132833
v 0.211324 -0.529334 0.291499
v 0.182529 -0.811023 0.573780
v 0.135056 -0.576653 0.325798
v 0.101247 -0.656945 0.452854
v 0.268608 -0.507760 0.367213
v 0.314023 -0.639327 0.512498
v 0.246823 -0.732674 -0.281655
v 0.112203 -0.352241 -0.326093
v 0.122256 -0.624390 -0.246167
v 0.082253 -0.466285 -0.285173
v 0.270474 -0.465412 -0.293224
v 0.188976 -0.331384 -0.316603
v 0.362904 -0.234084 -0.100563
v 0.301824 0.001429 -0.134781
v 0.336585 -0.219152 -0.179374
v 0.341629 -0.117069 -0.045569
v 0.299522 -0.084535 -0.185573
v 0.315588 -0.007931 -0.069454
v 0.322906 -0.246546 0.147248
v 0.330552 -0.070237 0.223529
v 0.318921 -0.264853 0.240323
v 0.333368 -0.136474 0.105886
v 0.328580 -0.174204 0.276829
v 0.330595 -0.047702 0.145005
v 0.000554 -0.104686 0.769819
v 0.000342 0.059720 0.624494
v 0.094305 -0.049947 0.708839
v -0.092469 -0.050919 0.710193
v 0.083835 0.028007 0.646579
v -0.081946 0.027896 0.647881
v 0.270233 -0.258295 0.638859
v 0.313996 -0.114407 0.460781
v 0.314866 -0.302872 0.556237
v 0.326219 -0.201047 0.463157
v 0.265842 -0.136279 0.630853
v 0.286749 -0.091364 0.534441
v -0.268984 -0.257918 0.641425
v -0.312142 -0.110745 0.457541
v -0.313697 -0.302947 0.558693
v -0.323540 -0.199596 0.461324
v -0.264014 -0.136018 0.633936
v -0.286370 -0.089138 0.534725
v 0.156636 0.075680 0.408709
v 0.259552 0.019264 0.373879
v 0.185566 0.080361 0.320414
v 0.240971 0.051187 0.313875
v 0.183153 0.044849 0.484767
v 0.234964 0.011402 0.455797
v -0.157527 0.073770 0.412545
v -0.262920 0.019370 0.370151
v -0.187691 0.077921 0.324824
v -0.243206 0.049252 0.313744
v -0.183037 0.043990 0.487629
v -0.237065 0.011141 0.457317
v -0.000089 0.002357 -0.563852
v 0.002056 0.072464 -0.758417
v 0.077247 0.000758 -0.607212
v -0.079553 -0.000155 -0.607939
v 0.101527 0.031817 -0.713167
v -0.100462 0.033926 -0.711406
v 0.130445 -0.016683 -0.380904
v 0.235376 0.019575 -0.349347
v 0.174482 -0.064590 -0.331369
v 0.216548 -0.025534 -0.302350
v 0.158289 0.009686 -0.447747
v 0.215658 0.026663 -0.432882
v -0.131309 -0.014338 -0.383287
v -0.233399 0.015662 -0.351169
v -0.173377 -0.062572 -0.331657
v -0.217262 -0.027345 -0.303970
v -0.158702 0.011675 -0.449153
v -0.215579 0.025798 -0.435477
v 0.296359 0.247989 -0.705930
v 0.299196 0.134851 -0.485750
v 0.289421 0.305417 -0.579008
v 0.294085 0.220774 -0.491270
v 0.301038 0.122232 -0.703235
v 0.287444 0.101717 -0.564324
v -0.294936 0.249339 -0.708015
v -0.296207 0.137960 -0.486648
v -0.288135 0.306689 -0.580847
v -0.292934 0.222782 -0.492489
v -0.301001 0.124536 -0.706359
v -0.287031 0.104411 -0.566955
v 0.336558 0.038680 -0.063009
v 0.337504 0.033560 0.084718
v 0.342432 0.017452 -0.041708
v 0.343590 0.013413 0.034213
v 0.327461 0.056705 -0.013667
v 0.328709 0.054703 0.056932
v -0.358550 0.062161 -0.071675
v -0.355857 0.054032 0.071551
v -0.355405 0.039738 -0.050786
v -0.355595 0.038444 0.022688
v -0.350497 0.074045 -0.021562
v -0.349623 0.073634 0.047522
v -0.036282 0.390385 -0.161075
v -0.088007 0.477228 -0.194369
v 0.030571 0.496550 -0.190459
v -0.051089 0.538964 -0.215264
v -0.120602 0.224541 -0.099646
v -0.008215 0.362836 -0.156364
v -0.114860 0.205899 -0.054435
v -0.177359 0.380035 -0.212770
v -0.111655 0.553454 -0.257980
v -0.249726 0.485219 -0.288636
v -0.178712 0.208346 -0.125978
v -0.220358 0.354009 -0.250246
v -0.226014 0.161252 -0.130337
v -0.178736 0.161998 -0.018059
v -0.235320 0.133899 -0.063803
v 0.024440 0.399621 -0.147292
v 0.082553 0.486607 -0.195196
v -0.035408 0.511699 -0.186106
v 0.043745 0.546424 -0.219483
v 0.113042 0.225832 -0.099759
v -0.006452 0.362686 -0.132335
v 0.106179 0.205886 -0.052437
v 0.177620 0.382758 -0.213917
v 0.108336 0.559058 -0.259432
v 0.249389 0.487050 -0.288080
v 0.177497 0.210098 -0.128155
v 0.221723 0.355033 -0.251981
v 0.225754 0.160494 -0.130970
v 0.175424 0.162453 -0.016589
v 0.231583 0.129757 -0.063330
v -0.198606 -0.546895 0.084502
v -0.225500 -0.748524 -0.032261
v -0.126939 -0.567954 0.095468
v -0.125389 -0.658309 -0.062784
v -0.278778 -0.431299 0.136036
v -0.166445 -0.552065 0.194344
v -0.264619 -0.449604 0.242694
v -0.362154 -0.555600 -0.121892
v -0.161939 -0.790610 -0.162022
v -0.354375 -0.584538 -0.246395
v -0.333016 -0.355992 0.013215
v -0.363398 -0.388223 -0.166817
v -0.346585 -0.242401 -0.021224
v -0.300554 -0.351619 0.192678
v -0.331684 -0.242318 0.058799
v 0.198207 -0.545311 0.085572
v 0.225947 -0.747969 -0.032637
v 0.126507 -0.566888 0.095831
v 0.124567 -0.657714 -0.062708
v 0.280055 -0.431625 0.135198
v 0.166440 -0.551695 0.194752
v 0.266668 -0.448626 0.244085
v 0.361531 -0.552210 -0.120847
v 0.161522 -0.790919 -0.161566
v 0.355116 -0.584470 -0.245314
v 0.335545 -0.354239 0.014614
v 0.362875 -0.388131 -0.165376
v 0.351261 -0.240201 -0.019998
v 0.301470 -0.352934 0.193647
v 0.334585 -0.240440 0.062416
v -0.000050 -0.552880 0.662328
v -0.180862 -0.487327 0.696375
v -0.056648 -0.629364 0.588137
v -0.285493 -0.638407 0.674884
v 0.182662 -0.487185 0.695602
v 0.057270 -0.630640 0.587645
v 0.288396 -0.639128 0.672756
v 0.100403 -0.267150 0.733194
v -0.097754 -0.268284 0.732865
v 0.100815 -0.153443 0.745767
v -0.099144 -0.153522 0.747831
v 0.289084 -0.415330 0.656577
v 0.198742 -0.200908 0.702642
v -0.286386 -0.415190 0.658913
v -0.195843 -0.201456 0.703963
v 0.001720 0.149244 0.195360
v -0.070602 0.118456 0.309869
v -0.015495 0.183049 0.078920
v -0.091208 0.143230 0.213066
v 0.072773 0.118089 0.310965
v 0.013806 0.180114 0.076818
v 0.091365 0.142911 0.212361
v 0.059049 0.105914 0.494258
v -0.058473 0.106195 0.492293
v 0.072158 0.078612 0.575152
v -0.070947 0.078195 0.575894
v 0.127461 0.103690 0.320909
v 0.121410 0.078577 0.497939
v -0.126848 0.104122 0.318762
v -0.121378 0.078842 0.500386
v 0.000695 -0.253468 -0.386048
v -0.075314 -0.136548 -0.380427
v -0.036748 -0.351809 -0.333760
v -0.126794 -0.223515 -0.349389
v 0.076725 -0.137586 -0.380636
v 0.038075 -0.352159 -0.334851
v 0.127125 -0.224808 -0.348081
v 0.043414 0.001435 -0.436979
v -0.043241 0.002435 -0.437623
v 0.057792 0.009952 -0.508459
v -0.059156 0.010680 -0.509441
v 0.127710 -0.106769 -0.358390
v 0.097981 0.006131 -0.445005
v -0.126053 -0.103803 -0.358534
v -0.097620 0.006847 -0.447194
v 0.000347 0.622783 -0.623158
v -0.168644 0.459273 -0.673863
v -0.070803 0.687585 -0.525280
v -0.224491 0.536797 -0.593044
v 0.169483 0.460040 -0.674162
v 0.071498 0.686956 -0.524589
v 0.224149 0.535567 -0.590323
v 0.118110 0.247363 -0.793923
v -0.112456 0.247022 -0.791663
v 0.122517 0.115945 -0.802343
v -0.118015 0.116729 -0.799347
v 0.252453 0.389935 -0.647221
v 0.238169 0.180968 -0.796688
v -0.250445 0.390182 -0.648607
v -0.233918 0.180520 -0.798988
v 0.319503 0.075261 -0.327402
v 0.339823 0.032764 -0.191369
v 0.298064 0.126679 -0.324399
v 0.332850 0.030016 -0.174935
v 0.293755 0.045153 -0.241314
v 0.326501 0.060301 -0.150359
v 0.280797 0.006597 -0.201850
v 0.314338 0.060331 -0.102093
v 0.294758 0.064644 -0.359451
v 0.259837 0.009635 -0.273607
v 0.260988 0.049700 -0.402314
v 0.300145 0.142389 -0.405040
v 0.285207 0.081348 -0.451707
v 0.340219 0.027266 -0.116989
v 0.326857 0.060533 -0.082790
v 0.311936 0.014507 0.272140
v 0.338177 0.018811 0.184095
v 0.309014 0.027389 0.222659
v 0.338547 0.007747 0.134841
v 0.323038 -0.045111 0.322459
v 0.326540 0.044015 0.213143
v 0.327881 -0.097660 0.303346
v 0.324647 0.018318 0.178939
v 0.303613 -0.022246 0.371826
v 0.324570 -0.117300 0.383504
v 0.293862 -0.055170 0.445633
v 0.286540 0.028069 0.296589
v 0.275384 -0.012506 0.416353
v 0.341627 0.016673 0.110158
v 0.327929 0.054210 0.133625
v -0.314645 0.087539 -0.327923
v -0.350280 0.040687 -0.197425
v -0.298241 0.126956 -0.325939
v -0.343118 0.031546 -0.179691
v -0.287998 0.032563 -0.244163
v -0.343334 0.060123 -0.154096
v -0.281384 -0.006296 -0.204903
v -0.329686 0.039186 -0.108322
v -0.285749 0.064126 -0.361364
v -0.255464 0.002937 -0.275344
v -0.256606 0.047506 -0.405061
v -0.297915 0.145505 -0.406040
v -0.282112 0.082394 -0.454349
v -0.355346 0.040637 -0.122999
v -0.353014 0.071077 -0.088862
v -0.325281 0.019397 0.261666
v -0.353916 0.033401 0.167461
v -0.319925 0.030101 0.217578
v -0.351311 0.024645 0.122136
v -0.325556 -0.032921 0.304381
v -0.339351 0.051704 0.187128
v -0.327438 -0.091538 0.290643
v -0.336039 0.022534 0.161617
v -0.308496 -0.014193 0.360983
v -0.322446 -0.111059 0.374290
v -0.294604 -0.050149 0.440098
v -0.292028 0.027478 0.290896
v -0.278377 -0.010280 0.410253
v -0.357327 0.036335 0.095733
v -0.345264 0.061294 0.116802
v 0.004470 0.434237 -0.171852
v 0.004892 0.304784 -0.128969
v -0.003736 0.613884 -0.273644
v -0.049779 0.665486 -0.344086
v -0.007066 0.299001 -0.131957
v 0.046644 0.666036 -0.343268
v -0.169066 0.144114 0.136102
v -0.231760 0.099483 0.149669
v -0.212707 0.089456 0.235558
v -0.343699 0.492819 -0.438113
v -0.273626 0.348390 -0.377214
v -0.284328 0.343103 -0.473510
v -0.328236 0.030141 -0.076327
v -0.336993 0.025093 -0.000795
v -0.348557 0.024475 -0.025811
v 0.168492 0.146176 0.136553
v 0.232173 0.097845 0.152043
v 0.211468 0.089952 0.234467
v 0.343872 0.495708 -0.439447
v 0.272943 0.346215 -0.378439
v 0.283475 0.341471 -0.474181
v 0.318163 0.029222 -0.072551
v 0.329675 0.006786 0.009235
v 0.340912 0.001432 -0.015940
v 0.000088 -0.589039 0.215169
v -0.047494 -0.594927 0.335179
v 0.000301 -0.523814 -0.148102
v -0.042704 -0.523570 -0.221893
v 0.047075 -0.595466 0.335745
v 0.043820 -0.523197 -0.222029
v -0.308885 -0.429982 0.424343
v -0.317776 -0.290980 0.341913
v -0.322899 -0.312618 0.452065
v -0.258445 -0.264787 -0.297612
v -0.291728 -0.178632 -0.246209
v -0.231168 -0.123312 -0.292926
v -0.331504 -0.027190 -0.006715
v -0.335999 -0.039817 0.060733
v -0.341143 0.042735 0.022373
v 0.309402 -0.431338 0.422550
v 0.319541 -0.292572 0.342898
v 0.323493 -0.313741 0.452715
v 0.261477 -0.265850 -0.298539
v 0.291640 -0.178663 -0.244945
v 0.231635 -0.123025 -0.291372
v 0.324692 -0.019435 -0.001108
v 0.329353 -0.033106 0.069708
v 0.320242 0.050396 0.031519
v 0.169040 -0.009464 0.639210
v 0.238922 -0.052552 0.597442
v -0.166254 -0.010812 0.641369
v -0.237703 -0.051950 0.600687
v 0.208886 0.004937 0.546778
v -0.208955 0.005033 0.549261
v 0.168904 0.013725 -0.632198
v 0.194279 0.026511 -0.528086
v -0.170190 0.015654 -0.635040
v -0.195931 0.028031 -0.530757
v 0.245944 0.055855 -0.619776
v -0.246705 0.056676 -0.623552
v -0.094707 0.361902 -0.153371
v -0.097613 0.322698 -0.145651
v -0.112523 0.361575 -0.154748
v -0.122922 0.319713 -0.152959
v -0.116029 0.296091 -0.144310
v 0.090863 0.368303 -0.151496
v 0.093185 0.327688 -0.144187
v 0.111406 0.366210 -0.156854
v 0.123940 0.322755 -0.155413
v 0.113647 0.299077 -0.144790
v -0.274965 -0.563539 0.011873
v -0.276086 -0.519818 0.038060
v -0.301099 -0.570766 -0.013434
v -0.311904 -0.516225 -0.005400
v -0.296977 -0.491609 0.027244
v 0.273521 -0.560489 0.013809
v 0.276862 -0.516346 0.037757
v 0.300552 -0.568069 -0.010739
v 0.311444 -0.513175 -0.003945
v 0.298707 -0.489261 0.027659
v -0.024532 -0.447597 0.704048
v 0.024927 -0.447687 0.702901
v 0.000536 -0.373976 0.720268
v 0.040590 -0.401594 0.713966
v -0.039353 -0.402696 0.714144
v -0.009492 0.117998 0.343898
v 0.011449 0.116844 0.345807
v 0.000793 0.115946 0.411870
v 0.018847 0.115813 0.387445
v -0.017028 0.115962 0.384963
v -0.010159 -0.117552 -0.401785
v 0.011041 -0.119468 -0.402451
v -0.000200 -0.056430 -0.412038
v 0.015751 -0.080456 -0.407049
v -0.015670 -0.079700 -0.406796
v -0.023101 0.447459 -0.694310
v 0.026034 0.448059 -0.694921
v 0.001764 0.364157 -0.732709
v 0.041346 0.394521 -0.717925
v -0.038337 0.394304 -0.717550
v 0.332780 0.046246 -0.257810
v 0.325863 0.055342 -0.237377
v 0.320858 0.055456 -0.267160
v 0.325303 0.052566 -0.279982
v 0.332683 0.049495 -0.231674
v 0.327384 0.016161 0.271235
v 0.331037 0.023316 0.292608
v 0.324483 0.003800 0.305270
v 0.322441 0.006246 0.295802
v 0.331128 0.023080 0.265494
v -0.326916 0.056754 -0.259724
v -0.319963 0.053295 -0.239910
v -0.311945 0.055525 -0.267991
v -0.315368 0.060285 -0.281425
v -0.329858 0.054452 -0.234021
v -0.340304 0.029344 0.250479
v -0.339516 0.038571 0.262611
v -0.337091 0.023298 0.285544
v -0.335440 0.022119 0.277672
v -0.342614 0.038439 0.240834
v 0.002008 0.553617 -0.206896
v 0.000936 0.556597 -0.212439
v 0.011330 0.550734 -0.205171
v -0.011462 0.561345 -0.212552
v -0.001328 0.549318 -0.208126
v 0.002394 0.566218 -0.219908
v -0.050041 0.224162 -0.075216
v -0.056488 0.200672 0.035466
v -0.022526 0.231323 -0.097847
v -0.083424 0.207449 -0.001382
v -0.030477 0.215288 -0.036429
v -0.082527 0.202445 0.049982
v -0.217197 0.623339 -0.365444
v -0.208107 0.695520 -0.465205
v -0.173967 0.674161 -0.377859
v -0.279012 0.629409 -0.401360
v -0.217438 0.793591 -0.423387
v -0.229056 0.629155 -0.449085
v -0.239990 0.182304 -0.212607
v -0.282951 0.124472 -0.233152
v -0.244246 0.212729 -0.254919
v -0.263650 0.128863 -0.181854
v -0.259582 0.174735 -0.265866
v -0.285768 0.105276 -0.191017
v -0.272252 0.087018 0.042373
v -0.327148 0.035920 0.118459
v -0.276171 0.082260 0.080187
v -0.299385 0.062886 0.043854
v -0.300859 0.058691 0.118909
v -0.327873 0.037281 0.081132
v 0.034391 0.224706 -0.063950
v 0.050037 0.197949 0.036917
v 0.008209 0.228821 -0.084426
v 0.021772 0.212338 -0.031518
v 0.074373 0.208650 0.004527
v 0.077001 0.201606 0.052863
v 0.215635 0.626460 -0.367250
v 0.209335 0.696575 -0.465910
v 0.173594 0.676129 -0.377752
v 0.217626 0.793083 -0.422594
v 0.273687 0.629918 -0.402464
v 0.229444 0.630187 -0.451092
v 0.242900 0.183844 -0.214119
v 0.281063 0.126112 -0.233124
v 0.245739 0.214062 -0.256525
v 0.264460 0.130445 -0.182176
v 0.260649 0.175094 -0.267315
v 0.284428 0.103140 -0.189419
v 0.269117 0.079755 0.045661
v 0.315416 0.029094 0.122002
v 0.270256 0.076908 0.082221
v 0.289886 0.056570 0.047252
v 0.297488 0.050294 0.123628
v 0.312792 0.029843 0.084591
v -0.044701 -0.568467 0.012413
v 0.044720 -0.566447 0.011870
v -0.022020 -0.570344 0.058696
v -0.023837 -0.554079 -0.031168
v 0.022047 -0.570347 0.057960
v 0.023560 -0.554293 -0.031060
v -0.205386 -0.555831 0.366605
v -0.215936 -0.768014 0.466869
v -0.165022 -0.584248 0.384263
v -0.245588 -0.572058 0.401171
v -0.156289 -0.668520 0.435807
v -0.267572 -0.663948 0.460133
v -0.206014 -0.598328 -0.289407
v -0.138632 -0.417359 -0.308151
v -0.149997 -0.573439 -0.276102
v -0.222213 -0.493752 -0.299821
v -0.123925 -0.483294 -0.289200
v -0.183312 -0.411848 -0.308189
v -0.356342 -0.161206 -0.110411
v -0.315358 -0.052884 -0.126043
v -0.338109 -0.158428 -0.147792
v -0.341255 -0.112573 -0.083358
v -0.317979 -0.099297 -0.153353
v -0.325442 -0.059076 -0.092804
v -0.324177 -0.200420 0.164456
v -0.330187 -0.110216 0.196891
v -0.323728 -0.208201 0.208942
v -0.329637 -0.144549 0.139375
v -0.327277 -0.163485 0.225593
v -0.330630 -0.100020 0.155718
v 0.206435 -0.555891 0.367044
v 0.214660 -0.767742 0.466648
v 0.164588 -0.585553 0.384985
v 0.155511 -0.669350 0.435802
v 0.244868 -0.570501 0.401384
v 0.266769 -0.663221 0.458600
v 0.207893 -0.599859 -0.289504
v 0.140753 -0.418229 -0.308286
v 0.151087 -0.573747 -0.277576
v 0.124852 -0.483096 -0.289454
v 0.223058 -0.494853 -0.299311
v 0.185013 -0.413957 -0.307663
v 0.356348 -0.161128 -0.109919
v 0.313348 -0.048431 -0.125576
v 0.336630 -0.158803 -0.147482
v 0.340575 -0.110534 -0.082764
v 0.317963 -0.096413 -0.153040
v 0.322512 -0.055294 -0.093017
v 0.326910 -0.198814 0.168847
v 0.331091 -0.107061 0.207183
v 0.325527 -0.208244 0.212736
v 0.330882 -0.142582 0.147130
v 0.328784 -0.162257 0.231478
v 0.331506 -0.097230 0.166474
v 0.000770 -0.051607 0.730340
v 0.000670 0.031125 0.662662
v 0.047064 -0.027473 0.708265
v -0.045102 -0.028188 0.709227
v 0.044554 0.012853 0.674907
v -0.042547 0.012501 0.675750
v 0.295141 -0.216154 0.597632
v 0.313952 -0.145062 0.505649
v 0.314223 -0.234868 0.555799
v 0.322128 -0.192730 0.509397
v 0.294772 -0.157459 0.594620
v 0.302051 -0.129948 0.546756
v -0.295230 -0.215488 0.601185
v -0.313979 -0.141810 0.505612
v -0.313933 -0.234205 0.558221
v -0.321072 -0.190618 0.509166
v -0.293624 -0.156263 0.597707
v -0.300979 -0.127344 0.546544
v 0.185422 0.060344 0.403753
v 0.237464 0.031852 0.386218
v 0.200325 0.062536 0.361212
v 0.227749 0.048055 0.356090
v 0.198231 0.044746 0.439177
v 0.223266 0.029063 0.428012
v -0.186628 0.059560 0.408765
v -0.239956 0.031369 0.385630
v -0.203510 0.059936 0.367279
v -0.229233 0.046667 0.356636
v -0.199537 0.044088 0.443508
v -0.225955 0.027640 0.430136
v -0.000631 -0.002557 -0.616008
v 0.001247 0.036871 -0.715033
v 0.042271 0.001558 -0.640158
v -0.042630 0.002029 -0.639892
v 0.049044 0.019493 -0.692216
v -0.047409 0.023479 -0.689133
v 0.157856 -0.009138 -0.376069
v 0.213199 0.005865 -0.361369
v 0.173933 -0.024206 -0.343748
v 0.200642 -0.014240 -0.334850
v 0.172071 0.004918 -0.407653
v 0.199657 0.012348 -0.400800
v -0.158867 -0.009076 -0.377688
v -0.211060 0.005261 -0.363369
v -0.174948 -0.022566 -0.344584
v -0.200656 -0.013597 -0.336795
v -0.172256 0.006005 -0.410297
v -0.199454 0.011752 -0.402091
v 0.313687 0.214464 -0.658467
v 0.301540 0.158782 -0.539135
v 0.300927 0.242562 -0.593383
v 0.299879 0.207209 -0.542403
v 0.315263 0.154423 -0.657311
v 0.303139 0.137762 -0.587956
v -0.313838 0.216271 -0.660839
v -0.299023 0.162071 -0.540260
v -0.299654 0.244323 -0.595808
v -0.297577 0.209068 -0.542562
v -0.315390 0.157262 -0.659811
v -0.300479 0.140599 -0.588656
v 0.337054 0.035453 -0.027920
v 0.337520 0.034363 0.047013
v 0.340656 0.024063 -0.015067
v 0.341858 0.023024 0.021588
v 0.332332 0.046561 -0.002154
v 0.333644 0.046098 0.033568
v -0.356548 0.061357 -0.036137
v -0.356658 0.057559 0.035101
v -0.356885 0.049255 -0.025486
v -0.357111 0.048353 0.009814
v -0.353601 0.069128 -0.012155
v -0.353427 0.067646 0.023308
v -0.056365 0.437434 -0.173396
v -0.014577 0.513735 -0.192113
v -0.031229 0.437570 -0.172673
v -0.061362 0.475705 -0.187504
v -0.005726 0.481881 -0.184367
v -0.042385 0.509349 -0.197118
v -0.074121 0.299538 -0.135681
v -0.057323 0.267975 -0.118372
v -0.049133 0.338106 -0.145378
v -0.089826 0.250975 -0.116291
v -0.037977 0.322216 -0.140707
v -0.084459 0.238663 -0.101685
v -0.137274 0.437102 -0.201532
v -0.182039 0.526403 -0.274935
v -0.119845 0.478240 -0.212480
v -0.170601 0.432552 -0.225569
v -0.135880 0.519333 -0.246778
v -0.200194 0.481281 -0.262592
v -0.164959 0.283029 -0.172933
v -0.202907 0.236156 -0.192200
v -0.180574 0.322267 -0.198657
v -0.177861 0.229123 -0.153776
v -0.200710 0.303411 -0.213674
v -0.200246 0.206318 -0.158807
v -0.152157 0.214509 -0.106585
v -0.210103 0.146978 -0.037353
v -0.150412 0.202061 -0.085155
v -0.179043 0.192185 -0.099579
v -0.180232 0.170187 -0.047227
v -0.207626 0.157012 -0.066833
v 0.047971 0.447607 -0.167506
v 0.007791 0.523747 -0.194363
v 0.022254 0.448779 -0.163253
v 0.053941 0.485778 -0.185759
v -0.002084 0.494900 -0.180031
v 0.034565 0.519080 -0.198752
v 0.063726 0.303875 -0.129487
v 0.040596 0.268672 -0.110454
v 0.034936 0.343585 -0.132846
v 0.079817 0.253064 -0.114463
v 0.022762 0.325225 -0.125143
v 0.072712 0.239830 -0.099266
v 0.135790 0.441051 -0.204749
v 0.179356 0.530406 -0.278343
v 0.117912 0.484307 -0.217419
v 0.170171 0.435964 -0.226826
v 0.134162 0.524434 -0.251873
v 0.198607 0.484697 -0.264131
v 0.166713 0.285343 -0.173714
v 0.203580 0.239476 -0.194423
v 0.181063 0.324362 -0.201309
v 0.177550 0.231141 -0.156201
v 0.199468 0.304755 -0.215238
v 0.200140 0.207637 -0.161004
v 0.148694 0.214722 -0.108348
v 0.206243 0.144470 -0.037043
v 0.145131 0.202584 -0.086340
v 0.176898 0.193258 -0.101326
v 0.175753 0.170175 -0.046467
v 0.205071 0.155742 -0.066993
v -0.208723 -0.606887 0.011609
v -0.129043 -0.594821 0.009337
v -0.184422 -0.568939 0.041603
v -0.194090 -0.660211 -0.016359
v -0.146880 -0.571630 0.044825
v -0.149461 -0.637393 -0.022874
v -0.242849 -0.500082 0.117859
v -0.219537 -0.511173 0.227939
v -0.213598 -0.524906 0.128037
v -0.256664 -0.468497 0.153204
v -0.198264 -0.529658 0.182683
v -0.247279 -0.476267 0.207750
v -0.329421 -0.704621 -0.087689
v -0.285853 -0.763651 -0.223605
v -0.275957 -0.772229 -0.088683
v -0.356904 -0.663001 -0.142998
v -0.250300 -0.795040 -0.158245
v -0.345739 -0.686344 -0.212151
v -0.345420 -0.437947 -0.051046
v -0.361044 -0.308581 -0.089150
v -0.357912 -0.459804 -0.098094
v -0.345917 -0.366934 -0.028512
v -0.363933 -0.386613 -0.118379
v -0.351788 -0.306142 -0.046404
v -0.307660 -0.394464 0.073452
v -0.316888 -0.295942 0.122147
v -0.298599 -0.390127 0.117571
v -0.321660 -0.348972 0.056112
v -0.305290 -0.345899 0.143955
v -0.323826 -0.295772 0.078448
v 0.208969 -0.603989 0.014156
v 0.128708 -0.594265 0.010754
v 0.183240 -0.568212 0.042481
v 0.193432 -0.659534 -0.014775
v 0.147135 -0.570516 0.045067
v 0.150433 -0.637576 -0.022653
v 0.243264 -0.499002 0.118067
v 0.218793 -0.511230 0.227519
v 0.214121 -0.523623 0.127907
v 0.257598 -0.468149 0.152694
v 0.199338 -0.527425 0.182954
v 0.248328 -0.475783 0.208743
v 0.330175 -0.702411 -0.087119
v 0.286749 -0.763406 -0.222794
v 0.275810 -0.772052 -0.088782
v 0.357415 -0.659973 -0.141331
v 0.250863 -0.794830 -0.158131
v 0.346496 -0.685794 -0.210811
v 0.349034 -0.437255 -0.050491
v 0.363939 -0.308384 -0.087813
v 0.361141 -0.457809 -0.097353
v 0.348468 -0.364925 -0.027956
v 0.364247 -0.386103 -0.117417
v 0.356073 -0.304599 -0.045748
v 0.310458 -0.392854 0.074506
v 0.319317 -0.295845 0.124506
v 0.298933 -0.389872 0.118416
v 0.324519 -0.348379 0.056296
v 0.306055 -0.345456 0.144894
v 0.327292 -0.294473 0.080116
v -0.094480 -0.550101 0.685640
v -0.155214 -0.759883 0.670200
v -0.062962 -0.581357 0.664173
v -0.163884 -0.569075 0.693775
v -0.088737 -0.654914 0.641631
v -0.216374 -0.685682 0.700901
v 0.095410 -0.549998 0.686715
v 0.157856 -0.759191 0.671828
v 0.064526 -0.581423 0.665435
v 0.165165 -0.569257 0.693439
v 0.088878 -0.654764 0.643151
v 0.217701 -0.684181 0.700583
v 0.000578 -0.267042 0.746488
v 0.000186 -0.170211 0.825885
v 0.050886 -0.239409 0.749334
v -0.048761 -0.239318 0.751625
v 0.051445 -0.186124 0.769755
v -0.051034 -0.186330 0.771526
v 0.143331 -0.363420 0.708124
v 0.240351 -0.298216 0.675766
v 0.190758 -0.408271 0.695810
v 0.147687 -0.298175 0.716040
v 0.243547 -0.374138 0.679115
v 0.196738 -0.265172 0.700370
v -0.141304 -0.364329 0.708494
v -0.237996 -0.297790 0.677822
v -0.188556 -0.408763 0.695857
v -0.145725 -0.299285 0.715382
v -0.240781 -0.374732 0.681105
v -0.195226 -0.265465 0.701568
v -0.031298 0.134390 0.251583
v -0.048773 0.165940 0.146354
v -0.019645 0.149730 0.196071
v -0.055408 0.133110 0.256504
v -0.027347 0.167398 0.139950
v -0.065152 0.147203 0.205436
v 0.033631 0.133265 0.252234
v 0.047676 0.163976 0.144772
v 0.020754 0.148900 0.195886
v 0.057024 0.131715 0.257002
v 0.027152 0.164347 0.140400
v 0.065777 0.145613 0.205752
v -0.000012 0.109968 0.504239
v 0.000612 0.081184 0.585264
v 0.031533 0.103644 0.522202
v -0.030469 0.103247 0.521900
v 0.035032 0.088795 0.562030
v -0.033498 0.088800 0.562694
v 0.070285 0.107782 0.407224
v 0.127224 0.087833 0.411144
v 0.085994 0.108201 0.362477
v 0.080582 0.102627 0.455297
v 0.114247 0.099583 0.366533
v 0.110766 0.091233 0.458153
v -0.068189 0.107939 0.405153
v -0.127072 0.087717 0.411151
v -0.084205 0.107751 0.360868
v -0.079259 0.101444 0.452384
v -0.112653 0.099718 0.366235
v -0.109184 0.089658 0.456198
v -0.042110 -0.199645 -0.386263
v -0.085426 -0.295836 -0.347329
v -0.032558 -0.251256 -0.383539
v -0.070304 -0.190850 -0.375481
v -0.051676 -0.299503 -0.355771
v -0.094740 -0.236993 -0.358790
v 0.043551 -0.199546 -0.387180
v 0.087508 -0.297487 -0.347448
v 0.033911 -0.251202 -0.384325
v 0.072840 -0.191048 -0.376345
v 0.052915 -0.300673 -0.356969
v 0.095575 -0.237998 -0.358900
v -0.000718 0.003367 -0.446252
v 0.001437 0.008554 -0.517757
v 0.023432 0.009729 -0.458511
v -0.023418 0.009868 -0.458405
v 0.026488 0.012018 -0.493065
v -0.027174 0.011974 -0.495148
v 0.057476 -0.052039 -0.401230
v 0.104218 -0.025296 -0.387559
v 0.078676 -0.085477 -0.385435
v 0.061611 -0.014060 -0.415085
v 0.102564 -0.070493 -0.375949
v 0.085826 -0.006734 -0.413997
v -0.057853 -0.051108 -0.402525
v -0.104634 -0.023259 -0.388591
v -0.077670 -0.083635 -0.386189
v -0.061650 -0.013005 -0.415466
v -0.101745 -0.068569 -0.376216
v -0.087535 -0.005001 -0.415078
v -0.094561 0.551908 -0.649335
v -0.160067 0.634929 -0.566035
v -0.067305 0.612029 -0.617191
v -0.151901 0.532538 -0.646540
v -0.100608 0.649731 -0.571566
v -0.190521 0.582705 -0.613589
v 0.093712 0.550510 -0.648281
v 0.159457 0.635561 -0.565615
v 0.067569 0.612394 -0.619078
v 0.152910 0.533826 -0.646997
v 0.102129 0.649895 -0.571211
v 0.191212 0.582120 -0.613291
v 0.003332 0.244823 -0.781290
v 0.002905 0.123385 -0.784728
v 0.061106 0.212975 -0.796252
v -0.055705 0.214600 -0.790703
v 0.062795 0.150539 -0.798949
v -0.057131 0.151692 -0.792585
v 0.148444 0.348661 -0.735118
v 0.254857 0.284337 -0.730517
v 0.184641 0.388361 -0.701990
v 0.168516 0.284722 -0.780686
v 0.231786 0.356196 -0.694735
v 0.228837 0.250820 -0.783632
v -0.144588 0.348835 -0.735671
v -0.252977 0.285524 -0.733656
v -0.182045 0.387719 -0.703194
v -0.164059 0.283723 -0.780266
v -0.229733 0.356367 -0.696217
v -0.224216 0.250438 -0.787018
v 0.338098 0.032599 -0.261111
v 0.315525 0.071787 -0.247575
v 0.324196 0.061591 -0.292391
v 0.337948 0.028352 -0.223794
v 0.313339 0.085124 -0.288150
v 0.332585 0.035203 -0.214681
v 0.315143 0.060442 -0.192299
v 0.300629 0.035865 -0.149889
v 0.301099 0.049950 -0.205016
v 0.318244 0.062982 -0.159424
v 0.293390 0.033630 -0.184123
v 0.310887 0.058159 -0.135474
v 0.294905 0.054593 -0.298721
v 0.257914 0.032537 -0.333960
v 0.285423 0.043413 -0.278510
v 0.286350 0.055609 -0.340396
v 0.267309 0.028604 -0.295156
v 0.269085 0.046032 -0.358448
v 0.312684 0.072957 -0.350371
v 0.301532 0.109797 -0.436140
v 0.312185 0.086247 -0.358352
v 0.301582 0.075490 -0.377711
v 0.306322 0.111879 -0.399765
v 0.296793 0.088189 -0.420646
v 0.336924 0.045232 -0.169019
v 0.337668 0.041623 -0.099715
v 0.340017 0.037056 -0.162396
v 0.332861 0.052856 -0.142954
v 0.339688 0.034569 -0.126242
v 0.334050 0.051970 -0.108650
v 0.328504 0.015299 0.228209
v 0.328850 0.014048 0.180167
v 0.323048 0.015901 0.238756
v 0.334062 0.015153 0.195636
v 0.321023 0.017462 0.214359
v 0.333952 0.012203 0.169015
v 0.325125 0.004725 0.267876
v 0.328133 -0.038279 0.238614
v 0.325511 -0.030392 0.288543
v 0.323288 0.033001 0.235383
v 0.326436 -0.053444 0.276291
v 0.325778 0.004487 0.217456
v 0.316474 -0.034925 0.354744
v 0.313425 -0.085971 0.421157
v 0.320288 -0.055411 0.354023
v 0.308170 -0.039622 0.381536
v 0.319531 -0.086170 0.385931
v 0.306135 -0.060431 0.415713
v 0.305516 0.000972 0.325286
v 0.278558 0.010897 0.357272
v 0.303460 0.011040 0.306681
v 0.297993 -0.008958 0.358881
v 0.291312 0.015360 0.321458
v 0.283748 -0.003723 0.377289
v 0.333061 0.033189 0.199299
v 0.336976 0.034631 0.122871
v 0.336989 0.025299 0.173142
v 0.332225 0.042296 0.188151
v 0.339091 0.024488 0.135644
v 0.332890 0.043587 0.147092
v -0.342334 0.039013 -0.266721
v -0.320798 0.073195 -0.251130
v -0.325078 0.071946 -0.295760
v -0.346173 0.035189 -0.229083
v -0.315705 0.090923 -0.290100
v -0.344347 0.033795 -0.220667
v -0.316171 0.045805 -0.196545
v -0.305793 0.016687 -0.153677
v -0.299470 0.031619 -0.209024
v -0.326937 0.047835 -0.164428
v -0.295300 0.014894 -0.189135
v -0.321116 0.036778 -0.140347
v -0.284274 0.046131 -0.302557
v -0.251769 0.026977 -0.335787
v -0.277430 0.033972 -0.281383
v -0.276354 0.051751 -0.340704
v -0.261516 0.021960 -0.297021
v -0.261819 0.042392 -0.361085
v -0.303524 0.080511 -0.350812
v -0.296719 0.114869 -0.438508
v -0.305786 0.095395 -0.360457
v -0.293237 0.078995 -0.379111
v -0.300053 0.118034 -0.402264
v -0.291627 0.091246 -0.423325
v -0.350288 0.056338 -0.173832
v -0.360409 0.061757 -0.106274
v -0.354188 0.049601 -0.167413
v -0.353530 0.063479 -0.146891
v -0.358198 0.050317 -0.132847
v -0.357450 0.067819 -0.113566
v -0.342967 0.024946 0.214016
v -0.342955 0.022683 0.172026
v -0.335027 0.022268 0.227492
v -0.349703 0.026538 0.180351
v -0.336405 0.022957 0.206603
v -0.349086 0.023708 0.159407
v -0.332415 0.020349 0.244010
v -0.330427 -0.033764 0.223528
v -0.327894 -0.016431 0.268160
v -0.332807 0.045130 0.209056
v -0.327585 -0.045406 0.259950
v -0.333274 0.011251 0.198051
v -0.319576 -0.024636 0.338688
v -0.312927 -0.080999 0.412566
v -0.321169 -0.045160 0.339278
v -0.311406 -0.030237 0.368307
v -0.318617 -0.078802 0.375868
v -0.306352 -0.053578 0.406618
v -0.314274 0.008243 0.312779
v -0.284048 0.010340 0.352333
v -0.313352 0.014289 0.295562
v -0.304590 -0.003163 0.348466
v -0.296950 0.015829 0.313255
v -0.289375 -0.000832 0.370445
v -0.348207 0.046132 0.177004
v -0.355298 0.051761 0.107041
v -0.353544 0.041308 0.154515
v -0.345757 0.052651 0.164658
v -0.356025 0.043252 0.119487
v -0.349409 0.056509 0.130382
v 0.045754 0.508430 -0.196047
v 0.008995 0.353696 -0.152551
v 0.069392 0.515791 -0.204077
v 0.021436 0.407118 -0.173643
v 0.021144 0.435785 -0.174215
v 0.013509 0.365258 -0.153507
v -0.036626 0.583455 -0.245450
v -0.089971 0.619394 -0.300137
v -0.057254 0.568967 -0.240657
v -0.086129 0.580244 -0.265275
v -0.032691 0.609759 -0.271558
v -0.057208 0.632422 -0.304209
v -0.035348 0.509923 -0.193783
v -0.012834 0.344331 -0.138555
v -0.032964 0.474195 -0.174963
v -0.017614 0.393639 -0.147036
v -0.013337 0.430717 -0.170124
v -0.011888 0.358153 -0.147303
v 0.028525 0.587779 -0.247719
v 0.087598 0.624107 -0.302958
v 0.050615 0.573808 -0.245178
v 0.083191 0.586052 -0.269225
v 0.025404 0.612392 -0.274789
v 0.053179 0.635626 -0.306878
v -0.144931 0.173511 0.036298
v -0.209210 0.128697 0.063589
v -0.146378 0.177553 -0.001504
v -0.178389 0.156342 0.014524
v -0.173506 0.148141 0.091251
v -0.205227 0.125313 0.102582
v -0.008860 0.218803 -0.043739
v 0.005522 0.210052 -0.053564
v -0.007456 0.198149 0.015966
v 0.003617 0.196078 0.013339
v 0.000193 0.247694 -0.098456
v -0.003020 0.242323 -0.107206
v -0.131714 0.152233 0.174656
v -0.170886 0.096730 0.279882
v -0.120525 0.135443 0.220217
v -0.139512 0.110993 0.273933
v -0.161855 0.135129 0.182075
v -0.181076 0.106908 0.232139
v -0.450213 0.574629 -0.341562
v -0.243792 0.389972 -0.313405
v -0.303651 0.487447 -0.308711
v -0.245015 0.415666 -0.291638
v -0.415222 0.501178 -0.371897
v -0.278883 0.424045 -0.361590
v -0.071568 0.713914 -0.427357
v 0.071574 0.714657 -0.427670
v -0.037123 0.699766 -0.475514
v 0.037450 0.699638 -0.475123
v -0.031131 0.686081 -0.384416
v 0.028928 0.685590 -0.384886
v -0.278338 0.516704 -0.513692
v -0.277958 0.374309 -0.562051
v -0.253827 0.490018 -0.566599
v -0.262486 0.420000 -0.594149
v -0.298259 0.469098 -0.487373
v -0.281832 0.396861 -0.509329
v -0.277939 0.092897 -0.102947
v -0.289890 0.074036 -0.029732
v -0.255225 0.117981 -0.097934
v -0.259906 0.106876 -0.063423
v -0.307136 0.055765 -0.070541
v -0.313545 0.048772 -0.032724
v -0.272380 0.214215 -0.354554
v -0.288528 0.227811 -0.444440
v -0.286323 0.173233 -0.362727
v -0.291224 0.182280 -0.405279
v -0.275681 0.282719 -0.389786
v -0.281916 0.285790 -0.437078
v -0.336609 0.028783 -0.127225
v -0.352182 0.029438 -0.075790
v -0.343522 0.029687 -0.140612
v -0.350700 0.031786 -0.113299
v -0.339719 0.023426 -0.088842
v -0.347753 0.023765 -0.063223
v -0.285333 0.058607 0.193734
v -0.257839 0.052291 0.272998
v -0.298681 0.042635 0.226059
v -0.282827 0.040114 0.263652
v -0.253870 0.076660 0.192731
v -0.242114 0.072208 0.234257
v -0.346244 0.025588 0.061155
v -0.354358 0.030727 0.035821
v -0.351516 0.026637 0.084974
v -0.355731 0.030890 0.072112
v -0.345461 0.024606 0.022750
v -0.349875 0.026228 0.011041
v 0.140996 0.174920 0.038891
v 0.208149 0.127019 0.065548
v 0.140887 0.179100 0.001126
v 0.174962 0.156698 0.016704
v 0.172217 0.149850 0.093305
v 0.204418 0.124739 0.104223
v 0.130718 0.154033 0.173810
v 0.168983 0.100371 0.275749
v 0.120019 0.135552 0.219487
v 0.141235 0.111871 0.274004
v 0.161085 0.137110 0.180007
v 0.180136 0.108527 0.230610
v 0.450796 0.580621 -0.341578
v 0.244076 0.388779 -0.314573
v 0.303487 0.488417 -0.308891
v 0.245528 0.415542 -0.290953
v 0.421735 0.505873 -0.372834
v 0.279119 0.423246 -0.362999
v 0.276919 0.516479 -0.514652
v 0.277726 0.373388 -0.561128
v 0.253889 0.490777 -0.567315
v 0.261575 0.419388 -0.593932
v 0.298495 0.469881 -0.488630
v 0.281843 0.396375 -0.509469
v 0.275313 0.091269 -0.100965
v 0.285921 0.065253 -0.025339
v 0.253508 0.116463 -0.097196
v 0.259022 0.102262 -0.061529
v 0.301088 0.052965 -0.065946
v 0.307122 0.038478 -0.026931
v 0.273003 0.213710 -0.355265
v 0.289169 0.227202 -0.444038
v 0.285979 0.171423 -0.361657
v 0.291640 0.178818 -0.403987
v 0.276014 0.280787 -0.389366
v 0.283290 0.283802 -0.436318
v 0.325116 0.026656 -0.123791
v 0.340057 0.014562 -0.069041
v 0.331350 0.026815 -0.135861
v 0.338362 0.020402 -0.106622
v 0.323524 0.013967 -0.081050
v 0.340767 0.005393 -0.057008
v 0.282758 0.054458 0.196891
v 0.254881 0.053870 0.272989
v 0.290977 0.041270 0.229649
v 0.278624 0.041346 0.267692
v 0.255677 0.072963 0.197393
v 0.242142 0.071229 0.236275
v 0.337950 0.001805 0.072780
v 0.343068 0.004496 0.047527
v 0.339358 0.005273 0.097098
v 0.343119 0.008003 0.085026
v 0.337245 0.001461 0.035641
v 0.340774 0.002505 0.021460
v -0.067062 -0.583274 0.155277
v -0.112930 -0.581605 0.265512
v -0.109169 -0.577125 0.151451
v -0.129324 -0.572135 0.203171
v -0.046006 -0.590055 0.213635
v -0.069019 -0.591540 0.270975
v -0.071843 -0.574292 -0.110497
v -0.098704 -0.632761 -0.199171
v -0.101127 -0.648215 -0.107911
v -0.106765 -0.701532 -0.157346
v -0.051561 -0.542565 -0.149664
v -0.067096 -0.561057 -0.189793
v 0.067082 -0.582830 0.157067
v 0.111839 -0.582374 0.265421
v 0.108635 -0.577887 0.149810
v 0.130000 -0.571834 0.203824
v 0.045838 -0.589484 0.214051
v 0.069128 -0.591563 0.271099
v 0.071904 -0.573955 -0.109807
v 0.098514 -0.633023 -0.199214
v 0.100940 -0.648200 -0.107695
v 0.106945 -0.701609 -0.157622
v 0.052571 -0.542097 -0.149914
v 0.067128 -0.561444 -0.190127
v -0.284362 -0.443595 0.334653
v -0.307460 -0.321351 0.269926
v -0.282952 -0.417312 0.274646
v -0.296863 -0.363203 0.245431
v -0.301932 -0.403842 0.360743
v -0.308911 -0.338957 0.324462
v -0.051903 -0.620761 0.460572
v 0.051285 -0.621043 0.461266
v -0.030327 -0.596617 0.527260
v 0.030005 -0.597387 0.527343
v -0.024895 -0.603875 0.398563
v 0.023932 -0.603074 0.398467
v -0.319093 -0.554417 0.546831
v -0.319419 -0.377645 0.561404
v -0.322874 -0.556144 0.623594
v -0.316996 -0.448363 0.619626
v -0.317161 -0.453814 0.492079
v -0.320991 -0.382528 0.503055
v -0.309809 -0.411725 -0.279028
v -0.337154 -0.281978 -0.214855
v -0.345469 -0.456971 -0.251340
v -0.352069 -0.375567 -0.212050
v -0.294957 -0.308200 -0.275729
v -0.312648 -0.254671 -0.248916
v -0.040559 -0.451528 -0.281545
v 0.041461 -0.452090 -0.282236
v -0.019044 -0.402510 -0.308233
v 0.019770 -0.402851 -0.309582
v -0.020496 -0.486198 -0.252101
v 0.021891 -0.487329 -0.252518
v -0.189101 -0.252741 -0.325298
v -0.178737 -0.118139 -0.328431
v -0.157516 -0.204991 -0.340126
v -0.154383 -0.142506 -0.343292
v -0.223627 -0.220391 -0.317482
v -0.211292 -0.153130 -0.312501
v -0.339965 -0.127953 -0.011965
v -0.334728 -0.135874 0.061750
v -0.341267 -0.184918 0.002347
v -0.336971 -0.186701 0.041366
v -0.335508 -0.077903 0.009342
v -0.334468 -0.084516 0.043256
v -0.280275 -0.076762 -0.217000
v -0.235784 -0.042331 -0.273194
v -0.268774 -0.031973 -0.223357
v -0.252161 -0.022111 -0.256294
v -0.273031 -0.115870 -0.245350
v -0.246994 -0.093417 -0.269776
v -0.330278 0.014887 -0.056214
v -0.347453 0.073590 -0.031104
v -0.336308 0.043804 -0.075594
v -0.347871 0.070742 -0.064329
v -0.334489 0.012358 -0.023519
v -0.340117 0.047271 -0.010156
v -0.325836 -0.186282 0.317502
v -0.324530 -0.200049 0.413192
v -0.327170 -0.142150 0.326096
v -0.324809 -0.148339 0.371099
v -0.324815 -0.242099 0.354985
v -0.324779 -0.251588 0.407095
v -0.335960 -0.006034 0.111215
v -0.345229 0.069365 0.070589
v -0.338177 0.030674 0.126032
v -0.344931 0.065094 0.104492
v -0.337263 -0.000405 0.076506
v -0.340876 0.038901 0.056236
v 0.285925 -0.443351 0.333564
v 0.309506 -0.322701 0.269929
v 0.283819 -0.418157 0.274646
v 0.298826 -0.364011 0.245418
v 0.303237 -0.404911 0.360582
v 0.311258 -0.339205 0.324621
v 0.317811 -0.553948 0.542338
v 0.319180 -0.377952 0.557790
v 0.324308 -0.557117 0.620103
v 0.318060 -0.449256 0.616413
v 0.316600 -0.454503 0.488212
v 0.321944 -0.382161 0.500635
v 0.311317 -0.411905 -0.278018
v 0.336788 -0.282050 -0.214147
v 0.345890 -0.456858 -0.250269
v 0.353408 -0.375472 -0.211782
v 0.296193 -0.309424 -0.275302
v 0.312702 -0.253064 -0.247358
v 0.191084 -0.252620 -0.323406
v 0.179899 -0.120209 -0.328507
v 0.157786 -0.206980 -0.339141
v 0.155385 -0.143984 -0.341873
v 0.224778 -0.221615 -0.315854
v 0.212394 -0.154648 -0.312140
v 0.339381 -0.123033 -0.008988
v 0.334044 -0.132362 0.067107
v 0.343355 -0.182038 0.005607
v 0.337485 -0.184830 0.045571
v 0.332396 -0.074034 0.012775
v 0.333247 -0.080214 0.049409
v 0.280382 -0.072627 -0.216391
v 0.236381 -0.040764 -0.272344
v 0.270091 -0.025563 -0.223094
v 0.255232 -0.017323 -0.255770
v 0.274149 -0.114279 -0.244031
v 0.247042 -0.093086 -0.269227
v 0.314542 0.032402 -0.050254
v 0.321252 0.061298 -0.025134
v 0.315882 0.058790 -0.068253
v 0.320946 0.062424 -0.058516
v 0.318270 0.028177 -0.017026
v 0.319233 0.056776 -0.002512
v 0.327140 -0.187702 0.322439
v 0.327476 -0.202630 0.416468
v 0.327905 -0.145414 0.334068
v 0.326979 -0.154471 0.378552
v 0.325296 -0.244031 0.358604
v 0.325579 -0.252694 0.408828
v 0.328418 -0.000726 0.123463
v 0.324125 0.062426 0.080179
v 0.325423 0.030675 0.140259
v 0.319104 0.073867 0.117387
v 0.326462 0.004770 0.086913
v 0.322133 0.047600 0.066886
v 0.141685 -0.071329 0.700212
v 0.229502 -0.113557 0.661020
v 0.146708 -0.121423 0.716448
v 0.193906 -0.143183 0.696151
v 0.178613 -0.047785 0.664222
v 0.218440 -0.069122 0.643364
v -0.139752 -0.071746 0.702146
v -0.227396 -0.114403 0.662911
v -0.144699 -0.121773 0.719415
v -0.191648 -0.144429 0.697694
v -0.176086 -0.048843 0.665712
v -0.216038 -0.069668 0.645910
v 0.118153 0.040258 0.614750
v 0.165556 0.045241 0.529730
v 0.109595 0.064517 0.580191
v 0.134000 0.064554 0.539255
v 0.157733 0.021393 0.609853
v 0.179151 0.024735 0.564466
v -0.116884 0.040151 0.616419
v -0.165360 0.044964 0.532199
v -0.108803 0.064095 0.581650
v -0.132775 0.064770 0.540922
v -0.155841 0.021115 0.612358
v -0.177878 0.024368 0.566607
v 0.273999 -0.058116 0.520267
v 0.247581 -0.008753 0.480977
v 0.279890 -0.045908 0.476129
v 0.269183 -0.022513 0.459548
v 0.252519 -0.040857 0.550212
v 0.237591 -0.014566 0.526929
v -0.271798 -0.057348 0.518911
v -0.248285 -0.007016 0.480065
v -0.280114 -0.042410 0.471677
v -0.267454 -0.019869 0.454561
v -0.249426 -0.040299 0.549777
v -0.236555 -0.014129 0.527720
v 0.104529 0.006624 -0.568802
v 0.143511 0.013196 -0.487733
v 0.090085 0.009511 -0.520615
v 0.110080 0.010073 -0.484307
v 0.144155 0.012324 -0.577272
v 0.161977 0.017737 -0.530582
v -0.105791 0.006123 -0.570833
v -0.144045 0.014244 -0.489463
v -0.092054 0.008643 -0.522761
v -0.111091 0.010032 -0.486892
v -0.146519 0.013554 -0.579906
v -0.162390 0.017806 -0.534185
v 0.157122 0.048297 -0.728474
v 0.264505 0.092513 -0.730248
v 0.172429 0.090995 -0.774372
v 0.230472 0.118167 -0.776160
v 0.193048 0.032089 -0.687052
v 0.240149 0.052909 -0.686063
v -0.156959 0.048562 -0.729971
v -0.264325 0.094957 -0.732832
v -0.169733 0.091145 -0.775914
v -0.228019 0.118883 -0.777761
v -0.193730 0.032978 -0.689634
v -0.241811 0.055114 -0.690276
v 0.231880 0.040412 -0.467176
v 0.269241 0.074664 -0.534566
v 0.255072 0.051416 -0.449529
v 0.270484 0.070277 -0.478734
v 0.225039 0.040809 -0.518053
v 0.247120 0.056810 -0.556934
v -0.230596 0.039867 -0.469416
v -0.267486 0.077182 -0.537322
v -0.252564 0.051870 -0.452391
v -0.267604 0.070629 -0.480801
v -0.224668 0.042230 -0.520602
v -0.246964 0.058612 -0.561188
v -0.078883 0.356565 -0.151770
v -0.098023 0.400902 -0.162196
v -0.056056 0.394383 -0.161058
v -0.080779 0.439069 -0.174998
v -0.106070 0.278352 -0.136558
v -0.062535 0.348316 -0.148600
v -0.097225 0.264668 -0.128075
v -0.135084 0.351647 -0.168043
v -0.106479 0.439924 -0.182090
v -0.150259 0.390068 -0.191605
v -0.134491 0.272718 -0.146298
v -0.158806 0.337944 -0.184233
v -0.155793 0.251451 -0.149756
v -0.123678 0.237654 -0.116625
v -0.153027 0.229975 -0.127220
v 0.071786 0.363321 -0.147134
v 0.093304 0.408340 -0.160351
v 0.047612 0.404145 -0.153483
v 0.074048 0.448316 -0.172407
v 0.100769 0.281545 -0.135915
v 0.053235 0.354866 -0.141564
v 0.089247 0.266475 -0.125667
v 0.134220 0.354717 -0.169889
v 0.102952 0.446211 -0.184913
v 0.148091 0.393259 -0.192393
v 0.133748 0.275798 -0.148076
v 0.157865 0.340358 -0.184636
v 0.155718 0.253278 -0.152131
v 0.118818 0.238471 -0.117511
v 0.151538 0.230677 -0.130392
v -0.250851 -0.545533 0.041916
v -0.278242 -0.619353 -0.012768
v -0.218691 -0.560627 0.040475
v -0.239298 -0.655591 -0.010286
v -0.281714 -0.478454 0.063017
v -0.230109 -0.530203 0.080504
v -0.267700 -0.469661 0.105449
v -0.328035 -0.556896 -0.041293
v -0.285290 -0.702058 -0.035378
v -0.349585 -0.612688 -0.083053
v -0.316109 -0.459517 0.010704
v -0.348226 -0.519430 -0.071155
v -0.332743 -0.418244 -0.007609
v -0.290144 -0.434834 0.091083
v -0.320131 -0.404191 0.031615
v 0.251143 -0.542555 0.042327
v 0.277377 -0.617837 -0.011643
v 0.218738 -0.559670 0.042496
v 0.239249 -0.653843 -0.009886
v 0.283037 -0.475484 0.064572
v 0.231506 -0.527846 0.079943
v 0.269900 -0.468461 0.105801
v 0.327094 -0.553305 -0.039943
v 0.285898 -0.699769 -0.033717
v 0.349303 -0.608809 -0.083042
v 0.317962 -0.458516 0.010952
v 0.348199 -0.515161 -0.070424
v 0.334874 -0.417067 -0.007867
v 0.291929 -0.433121 0.090387
v 0.321835 -0.402199 0.032576
v 0.000552 -0.490723 0.694305
v -0.077300 -0.442598 0.706002
v -0.030441 -0.531233 0.681547
v -0.118008 -0.495434 0.697005
v 0.078197 -0.441007 0.704454
v 0.031203 -0.532194 0.682583
v 0.119582 -0.494707 0.696785
v 0.046527 -0.350779 0.722859
v -0.045146 -0.350202 0.723579
v 0.049593 -0.295327 0.735922
v -0.048172 -0.295510 0.736437
v 0.134968 -0.429283 0.703057
v 0.097220 -0.325722 0.723229
v -0.132503 -0.430630 0.703139
v -0.095829 -0.326650 0.724114
v 0.000226 0.123694 0.299402
v -0.032318 0.117373 0.347791
v -0.008972 0.134412 0.249304
v -0.044534 0.121234 0.304492
v 0.033692 0.116710 0.350029
v 0.010972 0.134378 0.249017
v 0.046792 0.121708 0.305394
v 0.024314 0.114254 0.431362
v -0.022945 0.115639 0.433012
v 0.027906 0.113589 0.480087
v -0.027199 0.112584 0.478867
v 0.058818 0.113599 0.356002
v 0.050328 0.109482 0.444692
v -0.056598 0.113637 0.354565
v -0.049666 0.110600 0.445175
v 0.001012 -0.160046 -0.398402
v -0.031751 -0.110563 -0.398956
v -0.013942 -0.204460 -0.394039
v -0.050604 -0.148599 -0.388263
v 0.033213 -0.112006 -0.399377
v 0.015284 -0.204228 -0.393114
v 0.051367 -0.148899 -0.389737
v 0.018056 -0.040504 -0.415480
v -0.018786 -0.041275 -0.415511
v 0.019935 -0.007981 -0.431702
v -0.020436 -0.006851 -0.431738
v 0.055716 -0.100859 -0.393841
v 0.038366 -0.026809 -0.415798
v -0.054322 -0.099178 -0.394061
v -0.038391 -0.025015 -0.416434
v 0.000974 0.501235 -0.672157
v -0.074231 0.434938 -0.698239
v -0.031148 0.558355 -0.648631
v -0.112612 0.482884 -0.674505
v 0.077989 0.435125 -0.697293
v 0.031982 0.556974 -0.647506
v 0.114483 0.481489 -0.673736
v 0.050149 0.337648 -0.745337
v -0.046567 0.337347 -0.744802
v 0.057213 0.277013 -0.772939
v -0.052224 0.276989 -0.772776
v 0.130862 0.414716 -0.702011
v 0.106278 0.311712 -0.758699
v -0.128208 0.414811 -0.701845
v -0.101414 0.312175 -0.759266
v 0.331346 0.045452 -0.289571
v 0.337570 0.042248 -0.229311
v 0.335209 0.036427 -0.297130
v 0.340604 0.034516 -0.227268
v 0.316890 0.056814 -0.249181
v 0.329515 0.054816 -0.207598
v 0.308907 0.055348 -0.227472
v 0.324819 0.060213 -0.183204
v 0.314951 0.058106 -0.300279
v 0.302434 0.053426 -0.262269
v 0.302755 0.059633 -0.319018
v 0.322082 0.062835 -0.321789
v 0.308013 0.065394 -0.336738
v 0.339428 0.039303 -0.196737
v 0.331794 0.053692 -0.175758
v 0.322729 0.011193 0.281058
v 0.332444 0.021898 0.243570
v 0.321508 0.013294 0.260979
v 0.333304 0.019350 0.220059
v 0.324859 -0.002303 0.305148
v 0.329976 0.032053 0.261813
v 0.325831 -0.013899 0.298721
v 0.327344 0.034593 0.251070
v 0.318102 -0.005215 0.321752
v 0.322176 -0.026679 0.327208
v 0.312481 -0.020867 0.349530
v 0.313083 0.007906 0.292830
v 0.309082 -0.008580 0.339755
v 0.335205 0.024761 0.208856
v 0.330643 0.040295 0.227538
v -0.320427 0.063627 -0.289101
v -0.338166 0.051883 -0.232321
v -0.325523 0.064425 -0.293942
v -0.344245 0.044189 -0.231777
v -0.307822 0.049198 -0.251336
v -0.331459 0.053919 -0.210483
v -0.304142 0.043677 -0.229192
v -0.329627 0.053011 -0.186691
v -0.303257 0.061259 -0.301649
v -0.294189 0.043439 -0.265216
v -0.291367 0.057632 -0.322165
v -0.312527 0.076895 -0.322592
v -0.298182 0.068983 -0.337946
v -0.346666 0.049043 -0.200943
v -0.342249 0.057766 -0.178960
v -0.335181 0.022171 0.264032
v -0.345170 0.034969 0.221575
v -0.334226 0.022152 0.246874
v -0.348795 0.030745 0.201430
v -0.333712 0.018456 0.283606
v -0.339256 0.046099 0.232666
v -0.329867 0.002745 0.277072
v -0.336985 0.047324 0.221955
v -0.328380 0.008776 0.305517
v -0.327122 -0.013040 0.308996
v -0.319104 -0.009673 0.334733
v -0.325738 0.016254 0.279155
v -0.317103 0.000175 0.325075
v -0.349877 0.038730 0.187837
v -0.342511 0.049978 0.199363
v 0.018616 0.546804 -0.202162
v -0.019500 0.552599 -0.207975
v 0.019703 0.527875 -0.192582
v -0.027375 0.537000 -0.202715
v -0.016850 0.550453 -0.206905
v 0.010096 0.559183 -0.217928
v -0.021313 0.536371 -0.196558
v 0.019434 0.544155 -0.209986
v 0.005969 0.533887 -0.203764
v 0.047769 0.539238 -0.200394
v 0.018107 0.498794 -0.193706
v -0.005224 0.576327 -0.231547
v -0.035580 0.559232 -0.221214
v -0.015520 0.591634 -0.249836
v -0.042623 0.548181 -0.204286
v -0.007474 0.492478 -0.191221
v 0.027132 0.564946 -0.227980
v 0.006431 0.592951 -0.250292
v -0.024607 0.266401 -0.120019
v -0.083059 0.214962 -0.048019
v -0.030212 0.299101 -0.132033
v -0.082327 0.226291 -0.081947
v -0.034104 0.200312 0.024884
v -0.079588 0.186586 0.103030
v -0.032409 0.182601 0.083878
v -0.073906 0.165357 0.154976
v -0.011159 0.240185 -0.106007
v -0.006393 0.329043 -0.145590
v 0.001416 0.298209 -0.131770
v -0.114840 0.197624 0.067177
v -0.113851 0.198147 -0.022709
v -0.143513 0.172676 0.080441
v -0.018754 0.200203 0.019903
v -0.000652 0.247579 -0.100200
v -0.101767 0.162928 0.164122
v -0.140900 0.171198 0.129731
v -0.166967 0.612957 -0.330021
v -0.280132 0.591240 -0.351441
v -0.153546 0.564253 -0.286569
v -0.240359 0.535633 -0.304002
v -0.196632 0.797226 -0.483127
v -0.222038 0.623044 -0.500429
v -0.138302 0.695907 -0.522483
v -0.204572 0.602205 -0.554541
v -0.142717 0.718174 -0.380909
v -0.123779 0.596113 -0.295794
v -0.094018 0.665043 -0.340856
v -0.333222 0.627808 -0.436544
v -0.323579 0.550308 -0.331057
v -0.440139 0.589823 -0.429532
v -0.111290 0.734674 -0.476330
v -0.090103 0.710842 -0.383982
v -0.241848 0.558905 -0.536939
v -0.327427 0.547318 -0.465220
v -0.230211 0.250312 -0.242298
v -0.244282 0.156551 -0.172428
v -0.215656 0.279540 -0.228418
v -0.222342 0.181987 -0.165684
v -0.282250 0.143148 -0.275956
v -0.306831 0.081832 -0.200976
v -0.299441 0.115384 -0.285270
v -0.324473 0.059645 -0.210508
v -0.254739 0.245680 -0.298652
v -0.231725 0.330733 -0.267554
v -0.256264 0.328497 -0.330148
v -0.291448 0.085838 -0.149213
v -0.248878 0.135285 -0.134750
v -0.299854 0.067135 -0.109516
v -0.282130 0.158898 -0.319907
v -0.266264 0.268709 -0.343200
v -0.329033 0.045069 -0.169175
v -0.318194 0.046960 -0.117603
v -0.242579 0.110591 0.036649
v -0.269523 0.090445 0.006354
v -0.211002 0.140012 -0.005221
v -0.238495 0.122905 -0.031119
v -0.319868 0.039231 0.154098
v -0.341755 0.026007 0.110883
v -0.330036 0.027234 0.182468
v -0.346563 0.023709 0.135345
v -0.272561 0.080720 0.116499
v -0.211367 0.132918 0.027564
v -0.237967 0.102480 0.109952
v -0.326491 0.038628 0.044926
v -0.265254 0.097847 -0.028425
v -0.319302 0.043421 0.005074
v -0.310645 0.041694 0.189795
v -0.264541 0.079371 0.154625
v -0.346850 0.024883 0.097727
v -0.339436 0.026116 0.035595
v 0.006330 0.263059 -0.105924
v 0.069695 0.215994 -0.039245
v 0.013368 0.297615 -0.116937
v 0.068655 0.226344 -0.076249
v 0.028355 0.196887 0.024478
v 0.076809 0.183684 0.103327
v 0.031103 0.180126 0.082620
v 0.073250 0.163761 0.154507
v -0.005289 0.229684 -0.103407
v -0.006118 0.323071 -0.126337
v -0.010292 0.289726 -0.127741
v 0.014151 0.195181 0.014665
v -0.010995 0.232504 -0.121336
v 0.110811 0.199189 0.070390
v 0.105819 0.199577 -0.017962
v 0.140848 0.175795 0.082957
v 0.100697 0.161564 0.162913
v 0.141191 0.172720 0.128114
v 0.165417 0.616810 -0.332709
v 0.274815 0.592942 -0.353833
v 0.152288 0.568927 -0.290102
v 0.237307 0.537873 -0.305440
v 0.197247 0.796921 -0.484642
v 0.219722 0.623543 -0.501197
v 0.140168 0.695135 -0.522094
v 0.204255 0.601580 -0.554392
v 0.142480 0.720159 -0.381559
v 0.120524 0.600817 -0.298592
v 0.090782 0.667118 -0.343045
v 0.112192 0.734692 -0.475994
v 0.088636 0.710993 -0.383490
v 0.326234 0.626041 -0.440236
v 0.319157 0.552756 -0.331199
v 0.439034 0.597158 -0.430155
v 0.240851 0.558364 -0.535586
v 0.325388 0.548023 -0.466148
v 0.230851 0.251376 -0.244223
v 0.244518 0.156065 -0.173668
v 0.217417 0.281580 -0.229356
v 0.222360 0.183845 -0.167249
v 0.280494 0.142849 -0.275834
v 0.301576 0.081667 -0.199187
v 0.298570 0.112526 -0.281952
v 0.317103 0.058075 -0.206913
v 0.255017 0.244807 -0.299514
v 0.231808 0.330050 -0.269731
v 0.256392 0.327282 -0.331535
v 0.289158 0.084293 -0.148351
v 0.248737 0.133646 -0.134728
v 0.295101 0.067653 -0.107047
v 0.281988 0.157669 -0.319065
v 0.266183 0.267520 -0.344513
v 0.319140 0.046170 -0.166317
v 0.311839 0.045557 -0.114646
v 0.239646 0.106372 0.038966
v 0.263546 0.086874 0.008203
v 0.207597 0.137186 -0.004409
v 0.234374 0.121041 -0.030627
v 0.312955 0.031749 0.158566
v 0.330055 0.010549 0.118579
v 0.319718 0.020923 0.188662
v 0.330190 0.010608 0.144989
v 0.272770 0.073024 0.121603
v 0.208625 0.131450 0.029259
v 0.238594 0.099700 0.113273
v 0.311369 0.030074 0.047851
v 0.260903 0.094099 -0.026282
v 0.312176 0.029895 0.011728
v 0.304642 0.036477 0.193915
v 0.266216 0.073264 0.157941
v 0.335421 0.004918 0.108770
v 0.328755 0.005692 0.045153
v -0.065396 -0.573522 0.056811
v -0.067689 -0.575145 -0.030147
v -0.107191 -0.574361 0.051291
v -0.109708 -0.605792 -0.027849
v 0.065406 -0.572559 0.056085
v 0.068051 -0.575062 -0.029524
v 0.107554 -0.573798 0.051332
v 0.109342 -0.605342 -0.028232
v 0.000265 -0.575779 0.107273
v -0.086961 -0.574204 0.101542
v -0.022684 -0.582913 0.159338
v -0.000048 -0.539662 -0.071414
v -0.089378 -0.599579 -0.068610
v -0.026456 -0.534939 -0.110437
v 0.086439 -0.573715 0.101370
v 0.022858 -0.582840 0.159035
v 0.089760 -0.599498 -0.068798
v 0.026416 -0.534894 -0.109647
v -0.176503 -0.558682 0.312145
v -0.239202 -0.520985 0.333596
v -0.187274 -0.539783 0.244473
v -0.240472 -0.493211 0.268505
v -0.127966 -0.770880 0.500284
v -0.276524 -0.768694 0.546372
v -0.093393 -0.753167 0.606866
v -0.245181 -0.764552 0.648781
v -0.120221 -0.599840 0.393586
v -0.151095 -0.563043 0.257712
v -0.092669 -0.589843 0.330882
v -0.283010 -0.563424 0.436760
v -0.263048 -0.471964 0.303973
v -0.292297 -0.477530 0.399246
v -0.077014 -0.670196 0.522435
v -0.073078 -0.607148 0.397188
v -0.312145 -0.685272 0.612104
v -0.306286 -0.518745 0.469077
v -0.172286 -0.697093 -0.275256
v -0.272273 -0.596450 -0.302044
v -0.212624 -0.782776 -0.228447
v -0.313992 -0.671338 -0.275161
v -0.097811 -0.413379 -0.308918
v -0.151296 -0.345361 -0.322831
v -0.075128 -0.353617 -0.331169
v -0.121650 -0.288195 -0.341090
v -0.104645 -0.535721 -0.264322
v -0.125606 -0.738404 -0.221574
v -0.083144 -0.563524 -0.229237
v -0.226424 -0.393362 -0.303442
v -0.318662 -0.534880 -0.282960
v -0.264259 -0.357193 -0.293147
v -0.058594 -0.406093 -0.308729
v -0.062466 -0.504833 -0.255445
v -0.155476 -0.273955 -0.332783
v -0.226819 -0.302412 -0.309093
v -0.352730 -0.229689 -0.141814
v -0.352738 -0.173742 -0.073247
v -0.362998 -0.307331 -0.132316
v -0.356406 -0.240660 -0.060986
v -0.301384 -0.048938 -0.159852
v -0.311696 -0.008216 -0.101801
v -0.293857 -0.008033 -0.170540
v -0.314944 0.018250 -0.120518
v -0.318980 -0.149970 -0.183794
v -0.353539 -0.299747 -0.175650
v -0.316994 -0.202672 -0.215447
v -0.331367 -0.066026 -0.059444
v -0.346793 -0.180420 -0.035464
v -0.334965 -0.074497 -0.026242
v -0.286111 -0.041786 -0.192996
v -0.298424 -0.133634 -0.216409
v -0.323570 0.018013 -0.088020
v -0.326502 -0.021052 -0.038333
v -0.317314 -0.253938 0.189372
v -0.327775 -0.192734 0.122032
v -0.312360 -0.300611 0.167500
v -0.326293 -0.244004 0.100581
v -0.329348 -0.120755 0.239544
v -0.332897 -0.057396 0.171316
v -0.328731 -0.082026 0.251237
v -0.332356 -0.022244 0.185373
v -0.322128 -0.218439 0.256284
v -0.308852 -0.309333 0.216615
v -0.316137 -0.277723 0.288606
v -0.331368 -0.092848 0.117806
v -0.332599 -0.188681 0.080108
v -0.333440 -0.089232 0.080668
v -0.327567 -0.132510 0.282924
v -0.322636 -0.231600 0.305255
v -0.334191 -0.011404 0.148021
v -0.333768 -0.045172 0.096164
v 0.175657 -0.557882 0.311402
v 0.239456 -0.521357 0.333786
v 0.187498 -0.539537 0.243850
v 0.241513 -0.492662 0.268496
v 0.127436 -0.771022 0.500906
v 0.274158 -0.769437 0.543060
v 0.093651 -0.754118 0.607078
v 0.246990 -0.764814 0.647176
v 0.120513 -0.600744 0.394526
v 0.150695 -0.562834 0.257109
v 0.092844 -0.590475 0.332218
v 0.077767 -0.670559 0.523543
v 0.072814 -0.607335 0.396469
v 0.282309 -0.562722 0.435196
v 0.264185 -0.471998 0.303666
v 0.292720 -0.478276 0.398028
v 0.312744 -0.686288 0.607633
v 0.306211 -0.520098 0.466657
v 0.172709 -0.698175 -0.275813
v 0.273657 -0.595993 -0.302269
v 0.213437 -0.782875 -0.228558
v 0.315018 -0.671325 -0.274573
v 0.099665 -0.413194 -0.308528
v 0.151404 -0.346796 -0.321666
v 0.075079 -0.353613 -0.329556
v 0.121473 -0.289535 -0.339350
v 0.105223 -0.536027 -0.263997
v 0.126659 -0.738626 -0.222513
v 0.083670 -0.563057 -0.229190
v 0.058720 -0.406762 -0.309831
v 0.063346 -0.504227 -0.256036
v 0.227002 -0.394011 -0.302961
v 0.320013 -0.534646 -0.282604
v 0.265784 -0.358144 -0.292920
v 0.156549 -0.275257 -0.331783
v 0.226624 -0.303921 -0.308119
v 0.351908 -0.229493 -0.140880
v 0.358446 -0.170120 -0.072064
v 0.361975 -0.307174 -0.131811
v 0.358503 -0.238255 -0.059000
v 0.300077 -0.039726 -0.157719
v 0.308787 -0.001412 -0.101458
v 0.290988 0.005376 -0.167563
v 0.306776 0.035518 -0.116862
v 0.320071 -0.147232 -0.183114
v 0.352237 -0.300314 -0.174308
v 0.316920 -0.201362 -0.214650
v 0.329119 -0.061349 -0.057879
v 0.349433 -0.177674 -0.033519
v 0.330940 -0.065939 -0.022164
v 0.286550 -0.033234 -0.191115
v 0.298256 -0.132449 -0.215618
v 0.310411 0.036233 -0.082486
v 0.320692 -0.013252 -0.035487
v 0.321163 -0.253941 0.192296
v 0.329290 -0.191029 0.125183
v 0.314006 -0.300254 0.170096
v 0.328558 -0.242961 0.104498
v 0.329881 -0.120488 0.248397
v 0.330466 -0.057105 0.183260
v 0.329580 -0.082898 0.263279
v 0.328187 -0.024806 0.199945
v 0.324874 -0.219093 0.260303
v 0.310691 -0.309907 0.218590
v 0.318669 -0.278398 0.290915
v 0.332844 -0.088333 0.126019
v 0.333025 -0.187214 0.085270
v 0.332005 -0.083852 0.087625
v 0.328542 -0.134759 0.291366
v 0.324202 -0.232554 0.308715
v 0.328660 -0.010713 0.161855
v 0.330723 -0.037283 0.106276
v 0.049504 -0.076191 0.740887
v -0.047936 -0.076559 0.741577
v 0.054060 -0.128481 0.783295
v -0.052902 -0.128699 0.783717
v 0.041290 0.045013 0.639189
v -0.039787 0.044799 0.639585
v 0.038186 0.069896 0.601095
v -0.036960 0.069538 0.601684
v 0.089220 -0.007131 0.679064
v 0.099286 -0.098445 0.736796
v 0.134217 -0.027868 0.675006
v -0.087251 -0.007905 0.680837
v -0.097822 -0.098595 0.738465
v -0.132118 -0.028874 0.676954
v 0.078011 0.056346 0.611730
v 0.126392 0.009556 0.646731
v -0.076667 0.056259 0.612595
v -0.124480 0.008892 0.648526
v 0.298236 -0.283198 0.601934
v 0.271129 -0.192475 0.637507
v 0.276604 -0.331240 0.645484
v 0.238605 -0.229056 0.674153
v 0.321365 -0.154216 0.464298
v 0.303824 -0.104041 0.499740
v 0.321643 -0.117924 0.422718
v 0.304358 -0.081921 0.454525
v 0.323570 -0.247965 0.509328
v 0.304610 -0.359806 0.607089
v 0.324603 -0.312070 0.507154
v 0.325322 -0.157614 0.421834
v 0.326004 -0.254277 0.459682
v 0.282912 -0.110482 0.584502
v 0.236432 -0.166795 0.671065
v 0.253614 -0.090977 0.616279
v 0.290004 -0.073608 0.488106
v 0.265966 -0.073708 0.567578
v -0.297257 -0.283159 0.604320
v -0.269340 -0.192164 0.639711
v -0.274596 -0.331081 0.646899
v -0.235778 -0.228904 0.675010
v -0.319757 -0.151872 0.460968
v -0.303105 -0.101859 0.496870
v -0.318778 -0.114246 0.415532
v -0.304261 -0.077380 0.450140
v -0.320612 -0.248907 0.509009
v -0.304129 -0.358986 0.609692
v -0.321449 -0.312920 0.507526
v -0.323712 -0.153732 0.417317
v -0.324483 -0.253542 0.458949
v -0.280839 -0.109822 0.586154
v -0.234141 -0.167500 0.672289
v -0.251432 -0.090580 0.619539
v -0.292019 -0.069309 0.486558
v -0.263991 -0.072338 0.569447
v 0.172186 0.077278 0.364198
v 0.169666 0.060703 0.449274
v 0.143017 0.089637 0.367184
v 0.140912 0.075513 0.453378
v 0.251637 0.034520 0.345643
v 0.246947 0.015039 0.413715
v 0.272444 0.023803 0.334452
v 0.266715 0.004132 0.395773
v 0.216107 0.064251 0.321916
v 0.156125 0.093660 0.320322
v 0.199369 0.085401 0.276458
v 0.264260 0.039481 0.305746
v 0.228351 0.068881 0.276983
v 0.211111 0.027529 0.472007
v 0.152807 0.062616 0.493219
v 0.195313 0.026573 0.517587
v 0.257028 -0.002797 0.437628
v 0.222345 0.007071 0.500445
v -0.173586 0.074325 0.369912
v -0.171202 0.059625 0.453038
v -0.142833 0.088613 0.367691
v -0.140693 0.075783 0.457031
v -0.254009 0.033878 0.344892
v -0.249830 0.015184 0.412673
v -0.278549 0.022041 0.331185
v -0.271532 0.004406 0.391390
v -0.215707 0.063637 0.320313
v -0.157092 0.091942 0.324360
v -0.200016 0.083411 0.279354
v -0.268980 0.036136 0.304908
v -0.229706 0.067478 0.278135
v -0.210724 0.026606 0.473314
v -0.152761 0.061323 0.496081
v -0.195300 0.026021 0.519090
v -0.257910 -0.000843 0.434866
v -0.223214 0.008082 0.501004
v 0.036773 0.001513 -0.586666
v -0.037271 0.000286 -0.587456
v 0.030563 0.006227 -0.538230
v -0.032233 0.006242 -0.538972
v 0.055225 0.047580 -0.742689
v -0.051808 0.054343 -0.735640
v 0.061122 0.090146 -0.783315
v -0.055335 0.097296 -0.772952
v 0.090281 0.008038 -0.660913
v 0.066282 0.004605 -0.554819
v 0.122012 0.004947 -0.622474
v -0.089599 0.008748 -0.661469
v -0.066645 0.005304 -0.556142
v -0.123628 0.006158 -0.624345
v 0.113271 0.066206 -0.763485
v 0.140546 0.019677 -0.676575
v -0.110041 0.069978 -0.758658
v -0.141295 0.018880 -0.678364
v 0.149688 -0.036580 -0.353430
v 0.143045 -0.000139 -0.411513
v 0.125896 -0.052073 -0.365002
v 0.113100 -0.001924 -0.412594
v 0.225809 -0.000977 -0.323501
v 0.225282 0.022286 -0.389328
v 0.247101 0.013374 -0.309689
v 0.246704 0.034565 -0.375181
v 0.194916 -0.043321 -0.315973
v 0.152129 -0.086691 -0.346054
v 0.202268 -0.095120 -0.311687
v 0.240180 -0.009738 -0.288675
v 0.220334 -0.069227 -0.291919
v 0.187296 0.017201 -0.442326
v 0.127338 0.007437 -0.447183
v 0.175514 0.018632 -0.485307
v 0.238931 0.038390 -0.419406
v 0.205490 0.028315 -0.479124
v -0.150204 -0.034802 -0.354844
v -0.144239 0.000536 -0.414105
v -0.125998 -0.050910 -0.366461
v -0.114430 -0.001334 -0.414366
v -0.222896 -0.002852 -0.325752
v -0.224069 0.021274 -0.392037
v -0.243065 0.008733 -0.312118
v -0.243588 0.031389 -0.377468
v -0.194166 -0.041986 -0.316629
v -0.150662 -0.083943 -0.347175
v -0.201740 -0.093554 -0.311941
v -0.236713 -0.011125 -0.289745
v -0.219438 -0.066401 -0.292711
v -0.188396 0.017181 -0.444300
v -0.128574 0.007892 -0.449932
v -0.175738 0.019565 -0.488243
v -0.237153 0.035788 -0.422503
v -0.205834 0.028490 -0.481370
v 0.295891 0.280477 -0.641956
v 0.308461 0.180634 -0.716937
v 0.272101 0.318474 -0.676222
v 0.276955 0.214281 -0.760856
v 0.299490 0.172332 -0.492382
v 0.295729 0.121162 -0.525600
v 0.300503 0.141882 -0.443792
v 0.294511 0.104191 -0.471480
v 0.293211 0.261846 -0.537011
v 0.275969 0.347861 -0.617103
v 0.285713 0.325468 -0.524655
v 0.296916 0.179464 -0.448141
v 0.287911 0.276971 -0.484765
v 0.297951 0.108754 -0.633445
v 0.279172 0.147560 -0.758310
v 0.276997 0.079466 -0.667844
v 0.284931 0.091085 -0.504953
v 0.271968 0.078236 -0.596732
v -0.296458 0.281496 -0.645075
v -0.307554 0.182424 -0.719918
v -0.270356 0.318723 -0.677665
v -0.274169 0.214323 -0.763894
v -0.296350 0.175942 -0.493330
v -0.293707 0.123451 -0.527620
v -0.297428 0.144365 -0.446274
v -0.290422 0.107544 -0.473059
v -0.292398 0.264600 -0.538004
v -0.275320 0.348880 -0.618827
v -0.285127 0.327189 -0.525302
v -0.294416 0.182203 -0.448920
v -0.287484 0.278436 -0.484812
v -0.299753 0.110307 -0.638280
v -0.277466 0.148764 -0.760559
v -0.278736 0.081891 -0.672778
v -0.282218 0.094131 -0.506845
v -0.271634 0.081160 -0.600991
v 0.339832 0.027245 -0.052880
v 0.332432 0.047929 -0.038066
v 0.340870 0.029756 -0.090231
v 0.333011 0.050536 -0.073650
v 0.341326 0.023829 0.060017
v 0.332411 0.045437 0.071377
v 0.341299 0.023888 0.097948
v 0.332323 0.044726 0.109614
v 0.342684 0.014619 -0.004276
v 0.341873 0.021339 -0.079791
v 0.343744 0.010213 -0.029618
v 0.343041 0.013551 0.072160
v 0.343442 0.007270 0.008995
v 0.328536 0.055366 0.021844
v 0.326368 0.057961 -0.048480
v 0.322578 0.059465 0.009371
v 0.328776 0.058308 0.094114
v 0.324931 0.057687 0.044917
v -0.357129 0.050670 -0.061767
v -0.355234 0.070781 -0.045845
v -0.359879 0.050994 -0.096917
v -0.357414 0.070041 -0.080515
v -0.357019 0.046531 0.046898
v -0.353361 0.064487 0.058599
v -0.357074 0.044400 0.083889
v -0.351974 0.060106 0.094373
v -0.355901 0.039366 -0.014794
v -0.355327 0.040339 -0.086976
v -0.352687 0.029846 -0.038574
v -0.357026 0.036892 0.059398
v -0.353442 0.030058 -0.001447
v -0.349646 0.075265 0.012972
v -0.352908 0.073610 -0.055529
v -0.345745 0.074635 0.001904
v -0.348366 0.067078 0.081727
v -0.347300 0.074048 0.035653
v -0.007556 0.436900 -0.174146
v -0.019273 0.381127 -0.160207
v -0.069162 0.510612 -0.206826
v -0.098759 0.514525 -0.223954
v 0.016709 0.435425 -0.178063
v -0.077696 0.545817 -0.232564
v -0.116608 0.213851 -0.079458
v -0.148798 0.192513 -0.060238
v -0.147725 0.184486 -0.033798
v -0.204343 0.429075 -0.248601
v -0.202100 0.368632 -0.231956
v -0.232255 0.424140 -0.271138
v -0.203037 0.184693 -0.127590
v -0.205906 0.170565 -0.097156
v -0.231114 0.145378 -0.096837
v -0.004688 0.450218 -0.158606
v 0.001703 0.390188 -0.135700
v 0.063106 0.519414 -0.208944
v 0.096703 0.520789 -0.228223
v -0.021354 0.434973 -0.153794
v 0.073174 0.550730 -0.237402
v 0.108887 0.214654 -0.079077
v 0.143390 0.193358 -0.060611
v 0.142086 0.184589 -0.032492
v 0.203930 0.431766 -0.248472
v 0.202307 0.371009 -0.232955
v 0.232132 0.426457 -0.270657
v 0.202439 0.185997 -0.127814
v 0.203108 0.169736 -0.098214
v 0.228563 0.144063 -0.096442
v -0.164501 -0.558726 0.088875
v -0.181918 -0.544517 0.135348
v -0.170381 -0.707831 -0.052866
v -0.201820 -0.790352 -0.091220
v -0.146687 -0.561368 0.143388
v -0.127675 -0.750590 -0.094991
v -0.270861 -0.436611 0.186554
v -0.289391 -0.393004 0.166437
v -0.284601 -0.401327 0.218263
v -0.367151 -0.584518 -0.184132
v -0.367954 -0.477712 -0.149725
v -0.364769 -0.480494 -0.205337
v -0.342058 -0.301912 -0.004577
v -0.332314 -0.297372 0.035710
v -0.339069 -0.242451 0.018495
v 0.164061 -0.556088 0.088674
v 0.181091 -0.543982 0.136465
v 0.170994 -0.707465 -0.052141
v 0.202024 -0.790525 -0.091274
v 0.146470 -0.560854 0.145409
v 0.127908 -0.749378 -0.093736
v 0.271753 -0.436299 0.188305
v 0.290934 -0.393295 0.166114
v 0.284612 -0.402722 0.218603
v 0.367754 -0.580989 -0.181917
v 0.366933 -0.475794 -0.148617
v 0.364646 -0.479426 -0.203397
v 0.345344 -0.299460 -0.003435
v 0.335344 -0.295899 0.038154
v 0.342010 -0.240619 0.021312
v -0.033502 -0.570900 0.634301
v 0.034591 -0.570387 0.633100
v -0.238115 -0.562394 0.697675
v -0.241778 -0.461619 0.688184
v 0.000166 -0.561401 0.585353
v -0.291382 -0.516601 0.668387
v 0.241187 -0.562231 0.697152
v 0.244894 -0.461460 0.687432
v 0.293857 -0.515992 0.665926
v 0.100838 -0.210275 0.741665
v 0.149910 -0.235534 0.720952
v -0.099515 -0.209856 0.742442
v -0.147965 -0.236507 0.721511
v 0.149539 -0.176983 0.722517
v -0.147495 -0.177267 0.724470
v -0.008026 0.165222 0.138502
v 0.008952 0.164473 0.137691
v -0.081694 0.127886 0.261913
v -0.097552 0.112630 0.315368
v 0.000341 0.181660 0.077601
v -0.109752 0.122508 0.267223
v 0.083038 0.127342 0.262417
v 0.100014 0.111926 0.317521
v 0.111165 0.122491 0.267966
v 0.065704 0.095489 0.536486
v 0.090189 0.094438 0.499720
v -0.065002 0.095435 0.536547
v -0.090752 0.095092 0.501102
v 0.100327 0.082545 0.542263
v -0.099813 0.082166 0.543631
v -0.016636 -0.301419 -0.362548
v 0.018413 -0.302582 -0.362841
v -0.099588 -0.179008 -0.364771
v -0.100572 -0.121685 -0.370336
v 0.000268 -0.352362 -0.334850
v -0.127561 -0.161815 -0.354666
v 0.100751 -0.180336 -0.365477
v 0.103016 -0.123729 -0.370300
v 0.128391 -0.163943 -0.354066
v 0.049034 0.011321 -0.469222
v 0.068012 0.005418 -0.441167
v -0.050225 0.010287 -0.471174
v -0.070328 0.006173 -0.443314
v 0.078668 0.008692 -0.478823
v -0.079498 0.009797 -0.479954
v -0.037008 0.661929 -0.580464
v 0.035368 0.662248 -0.580927
v -0.209933 0.509482 -0.646632
v -0.217219 0.431227 -0.669514
v -0.000576 0.687510 -0.529081
v -0.240678 0.465182 -0.624502
v 0.211451 0.508814 -0.645140
v 0.218400 0.429789 -0.667985
v 0.242026 0.464852 -0.624061
v 0.127441 0.180276 -0.820761
v 0.184205 0.217111 -0.815583
v -0.118519 0.180415 -0.807919
v -0.179089 0.214828 -0.817863
v 0.182992 0.148189 -0.807953
v -0.178521 0.147697 -0.810796
v 0.310735 0.097790 -0.326725
v 0.308607 0.107564 -0.364117
v 0.337156 0.028822 -0.184812
v 0.339525 0.030935 -0.154489
v 0.298785 0.136457 -0.363865
v 0.336387 0.026368 -0.146120
v 0.286517 0.030491 -0.220372
v 0.277116 0.028190 -0.257305
v 0.319625 0.062447 -0.126062
v 0.327542 0.059715 -0.117106
v 0.270775 0.008444 -0.237193
v 0.320462 0.063457 -0.091948
v 0.279788 0.060272 -0.382153
v 0.289730 0.071903 -0.403267
v 0.273353 0.063996 -0.428163
v 0.311337 0.020005 0.248479
v 0.301369 0.019316 0.284115
v 0.338522 0.013288 0.159571
v 0.340270 0.017829 0.148133
v 0.297511 0.029697 0.258415
v 0.341310 0.011413 0.122437
v 0.325506 -0.068357 0.314004
v 0.324796 -0.079236 0.351352
v 0.324413 0.045219 0.197350
v 0.328080 0.050134 0.173625
v 0.325785 -0.109371 0.344175
v 0.320764 0.052996 0.157365
v 0.297635 -0.038433 0.407133
v 0.290303 -0.019614 0.393955
v 0.284304 -0.033369 0.433489
v -0.309320 0.104774 -0.329510
v -0.304047 0.114581 -0.365834
v -0.348902 0.032792 -0.189762
v -0.353926 0.039834 -0.160615
v -0.297870 0.139636 -0.366295
v -0.350146 0.032971 -0.151714
v -0.284302 0.015731 -0.223958
v -0.272382 0.017946 -0.259831
v -0.338196 0.056164 -0.130090
v -0.351664 0.067263 -0.120680
v -0.267375 -0.002187 -0.239521
v -0.343095 0.060009 -0.097347
v -0.272111 0.057307 -0.383510
v -0.282222 0.073173 -0.405766
v -0.268831 0.064213 -0.430018
v -0.323151 0.023612 0.240669
v -0.311460 0.020396 0.276568
v -0.353999 0.027692 0.145685
v -0.356951 0.034838 0.131829
v -0.305022 0.029785 0.252589
v -0.354733 0.028978 0.108960
v -0.326146 -0.059499 0.299254
v -0.323722 -0.071689 0.337729
v -0.336158 0.049545 0.174713
v -0.342299 0.056386 0.152309
v -0.325562 -0.102118 0.332480
v -0.342630 0.058157 0.139904
v -0.300637 -0.032722 0.397778
v -0.295104 -0.015732 0.386879
v -0.286303 -0.028951 0.426737
v 0.006749 0.368817 -0.151733
v -0.003475 0.366663 -0.150860
v -0.000697 0.304917 -0.130215
v -0.021866 0.637203 -0.306844
v 0.016397 0.637823 -0.307254
v -0.001069 0.662693 -0.344553
v -0.199503 0.120232 0.143308
v -0.191571 0.114215 0.188330
v -0.222531 0.094696 0.192011
v -0.293289 0.431614 -0.409584
v -0.286402 0.417926 -0.459242
v -0.281491 0.352007 -0.424381
v -0.335444 0.023724 -0.037824
v -0.342960 0.021548 -0.050815
v -0.344322 0.023074 -0.013497
v 0.199152 0.121163 0.144811
v 0.191003 0.116120 0.185983
v 0.223656 0.094318 0.193496
v 0.293856 0.431513 -0.412660
v 0.285984 0.417993 -0.462129
v 0.280723 0.350711 -0.425034
v 0.326740 0.013313 -0.029988
v 0.326550 0.012690 -0.041267
v 0.332612 0.003072 -0.004363
v -0.023129 -0.592107 0.273276
v 0.022889 -0.592197 0.273418
v 0.000360 -0.596144 0.336006
v -0.024724 -0.523671 -0.185979
v 0.024727 -0.522997 -0.186576
v -0.000159 -0.510231 -0.220144
v -0.312730 -0.356806 0.381832
v -0.318722 -0.373054 0.442161
v -0.320861 -0.302917 0.396652
v -0.280336 -0.221851 -0.275707
v -0.246654 -0.187658 -0.296709
v -0.263346 -0.152256 -0.272024
v -0.334670 -0.035212 0.026625
v -0.336296 0.009079 0.008803
v -0.337507 0.003322 0.041687
v 0.314505 -0.357456 0.380799
v 0.318414 -0.374033 0.440300
v 0.321929 -0.305095 0.397758
v 0.281620 -0.221694 -0.274819
v 0.248026 -0.187261 -0.297168
v 0.263239 -0.151680 -0.270689
v 0.327820 -0.027504 0.033173
v 0.322026 0.020145 0.016332
v 0.324173 0.012094 0.051045
v 0.206578 -0.030563 0.621795
v 0.193322 0.000018 0.595173
v 0.223659 -0.021806 0.573816
v -0.204449 -0.031296 0.625342
v -0.191606 0.000071 0.598335
v -0.223339 -0.021154 0.577625
v 0.183467 0.022787 -0.579899
v 0.210597 0.032429 -0.632279
v 0.218665 0.038234 -0.573317
v -0.185187 0.024193 -0.582625
v -0.212622 0.033282 -0.636462
v -0.219111 0.039472 -0.576240
f 1 647 644
f 1 644 643
f 1 643 645
f 1 645 646
f 1 646 647
f 2 649 652
f 6 672 670
f 12 702 699
f 11 696 695
f 8 679 681
f 4 662 659
f 4 659 658
f 4 658 660
f 4 660 661
f 4 661 662
f 5 666 665
f 3 654 657
f 7 673 677
f 9 685 686
f 10 692 688
f 12 701 698
f 6 669 668
f 2 650 648
f 8 682 678
f 11 697 693
f 6 671 669
f 12 700 701
f 11 694 697
f 8 680 682
f 2 651 650
f 10 690 689
f 5 663 664
f 3 655 653
f 7 676 674
f 9 687 684
f 10 691 690
f 5 667 663
f 3 656 655
f 7 675 676
f 9 683 687
f 6 668 672
f 2 648 649
f 8 678 679
f 11 693 696
f 12 698 702
f 10 688 691
f 5 665 667
f 3 657 656
f 7 677 675
f 9 686 683
f 5 664 666
f 3 653 654
f 7 674 673
f 9 684 685
f 10 689 692
f 6 670 671
f 12 699 700
f 11 695 694
f 8 681 680
f 2 652 651
f 35 837 838
f 18 735 736
f 19 742 741
f 40 868 867
f 42 880 879
f 34 832 831
f 33 827 828
f 25 778 780
f 36 844 846
f 20 749 747
f 32 819 820
f 23 765 767
f 24 773 771
f 37 850 849
f 41 876 875
f 34 833 834
f 33 826 825
f 25 779 777
f 36 845 843
f 20 748 750
f 17 729 727
f 14 711 709
f 13 706 703
f 15 718 715
f 16 724 721
f 18 737 733
f 35 839 835
f 42 882 878
f 40 870 866
f 19 744 740
f 30 807 805
f 27 789 787
f 22 762 758
f 28 797 793
f 29 802 799
f 32 821 817
f 23 766 763
f 24 774 770
f 37 852 848
f 41 874 872
f 35 838 836
f 18 736 734
f 19 741 739
f 40 867 865
f 42 879 877
f 34 831 829
f 33 828 824
f 25 780 776
f 36 846 842
f 20 747 745
f 32 820 818
f 23 767 764
f 24 771 769
f 37 849 847
f 41 875 871
f 34 834 830
f 33 825 823
f 25 777 775
f 36 843 841
f 20 750 746
f 14 714 710
f 13 707 704
f 15 719 716
f 16 725 722
f 17 732 728
f 21 755 752
f 31 814 811
f 26 784 781
f 38 857 853
f 39 862 860
f 27 792 788
f 22 759 757
f 28 796 794
f 29 803 800
f 30 810 806
f 31 815 812
f 26 785 782
f 38 856 854
f 39 863 859
f 21 754 751
f 14 712 714
f 13 705 707
f 15 717 719
f 16 723 725
f 17 730 732
f 21 753 755
f 31 816 814
f 26 786 784
f 38 858 857
f 39 861 862
f 27 791 792
f 22 761 759
f 28 795 796
f 29 801 803
f 30 808 810
f 31 813 815
f 26 783 785
f 38 855 856
f 39 864 863
f 21 756 754
f 14 709 712
f 13 703 705
f 15 715 717
f 16 721 723
f 17 727 730
f 21 751 753
f 31 812 816
f 26 782 786
f 38 854 858
f 39 859 861
f 27 787 791
f 22 758 761
f 28 793 795
f 29 799 801
f 30 805 808
f 31 811 813
f 26 781 783
f 38 853 855
f 39 860 864
f 21 752 756
f 17 728 731
f 14 710 713
f 13 704 708
f 15 716 720
f 16 722 726
f 18 734 738
f 35 836 840
f 42 877 881
f 40 865 869
f 19 739 743
f 30 806 809
f 27 788 790
f 22 757 760
f 28 794 798
f 29 800 804
f 32 818 822
f 23 764 768
f 24 769 772
f 37 847 851
f 41 871 873
f 35 835 837
f 18 733 735
f 19 740 742
f 40 866 868
f 42 878 880
f 34 830 832
f 33 823 827
f 25 775 778
f 36 841 844
f 20 746 749
f 32 817 819
f 23 763 765
f 24 770 773
f 37 848 850
f 41 872 876
f 34 829 833
f 33 824 826
f 25 776 779
f 36 842 845
f 20 745 748
f 17 731 729
f 14 713 711
f 13 708 706
f 15 720 718
f 16 726 724
f 18 738 737
f 35 840 839
f 42 881 882
f 40 869 870
f 19 743 744
f 30 809 807
f 27 790 789
f 22 760 762
f 28 798 797
f 29 804 802
f 32 822 821
f 23 768 766
f 24 772 774
f 37 851 852
f 41 873 874
f 107 1269 1270
f 103 1245 1246
f 104 1252 1251
f 110 1288 1287
f 113 1306 1305
f 118 1336 1335
f 154 1551 1552
f 141 1473 1474
f 162 1599 1600
f 121 1354 1353
f 142 1479 1480
f 129 1401 1402
f 130 1408 1407
f 144 1492 1491
f 146 1504 1503
f 151 1533 1534
f 131 1414 1413
f 136 1444 1443
f 161 1594 1593
f 126 1383 1384
f 116 1323 1324
f 108 1275 1276
f 106 1263 1264
f 112 1299 1300
f 115 1317 1318
f 119 1341 1342
f 156 1564 1563
f 139 1462 1461
f 160 1588 1587
f 120 1347 1348
f 149 1521 1522
f 132 1420 1419
f 128 1395 1396
f 145 1497 1498
f 148 1515 1516
f 155 1557 1558
f 133 1425 1426
f 134 1431 1432
f 157 1570 1569
f 124 1372 1371
f 109 1282 1281
f 105 1258 1257
f 111 1294 1293
f 114 1312 1311
f 117 1330 1329
f 125 1378 1377
f 152 1540 1539
f 137 1449 1450
f 158 1575 1576
f 123 1365 1366
f 143 1486 1485
f 127 1390 1389
f 135 1437 1438
f 147 1510 1509
f 150 1528 1527
f 153 1546 1545
f 140 1468 1467
f 138 1455 1456
f 159 1581 1582
f 122 1359 1360
f 107 1272 1271
f 103 1248 1247
f 104 1253 1254
f 110 1289 1290
f 113 1307 1308
f 118 1337 1338
f 154 1554 1553
f 141 1476 1475
f 162 1602 1601
f 121 1355 1356
f 142 1482 1481
f 129 1404 1403
f 130 1409 1410
f 144 1493 1494
f 146 1505 1506
f 151 1536 1535
f 131 1415 1416
f 136 1445 1446
f 161 1595 1596
f 126 1386 1385
f 47 909 907
f 44 891 889
f 43 886 883
f 45 898 895
f 46 904 901
f 49 922 919
f 72 1060 1057
f 102 1240 1237
f 96 1204 1201
f 79 1102 1099
f 62 999 997
f 59 981 979
f 58 976 973
f 60 988 985
f 61 994 991
f 66 1024 1021
f 54 952 949
f 73 1066 1063
f 85 1138 1135
f 92 1179 1177
f 101 1233 1231
f 69 1041 1039
f 50 927 925
f 82 1119 1117
f 97 1209 1207
f 71 1053 1051
f 100 1228 1225
f 94 1192 1189
f 80 1108 1105
f 51 933 931
f 90 1167 1165
f 63 1005 1003
f 55 957 955
f 76 1083 1081
f 87 1150 1147
f 91 1174 1171
f 67 1029 1027
f 56 963 961
f 75 1077 1075
f 83 1126 1123
f 68 1036 1033
f 48 915 913
f 78 1095 1093
f 93 1185 1183
f 98 1216 1213
f 88 1155 1153
f 65 1018 1015
f 57 970 967
f 77 1090 1087
f 86 1143 1141
f 64 1012 1009
f 53 945 943
f 74 1071 1069
f 84 1131 1129
f 89 1162 1159
f 70 1047 1045
f 99 1221 1219
f 95 1197 1195
f 81 1114 1111
f 52 940 937
f 109 1284 1280
f 105 1260 1256
f 111 1296 1292
f 114 1314 1310
f 117 1332 1328
f 125 1380 1376
f 152 1542 1538
f 137 1451 1447
f 158 1577 1573
f 123 1367 1363
f 143 1488 1484
f 127 1392 1388
f 135 1439 1435
f 147 1512 1508
f 150 1530 1526
f 153 1548 1544
f 140 1470 1466
f 138 1457 1453
f 159 1583 1579
f 122 1361 1357
f 107 1270 1268
f 103 1246 1244
f 104 1251 1249
f 110 1287 1285
f 113 1305 1303
f 118 1335 1333
f 154 1552 1550
f 141 1474 1472
f 162 1600 1598
f 121 1353 1351
f 142 1480 1478
f 129 1402 1400
f 130 1407 1405
f 144 1491 1489
f 146 1503 1501
f 151 1534 1532
f 131 1413 1411
f 136 1443 1441
f 161 1593 1591
f 126 1384 1382
f 116 1324 1322
f 108 1276 1274
f 106 1264 1262
f 112 1300 1298
f 115 1318 1316
f 119 1342 1340
f 156 1563 1561
f 139 1461 1459
f 160 1587 1585
f 120 1348 1346
f 149 1522 1520
f 132 1419 1417
f 128 1396 1394
f 145 1498 1496
f 148 1516 1514
f 155 1558 1556
f 133 1426 1424
f 134 1432 1430
f 157 1569 1567
f 124 1371 1369
f 109 1281 1279
f 105 1257 1255
f 111 1293 1291
f 114 1311 1309
f 117 1329 1327
f 125 1377 1375
f 152 1539 1537
f 137 1450 1448
f 158 1576 1574
f 123 1366 1364
f 143 1485 1483
f 127 1389 1387
f 135 1438 1436
f 147 1509 1507
f 150 1527 1525
f 153 1545 1543
f 140 1467 1465
f 138 1456 1454
f 159 1582 1580
f 122 1360 1358
f 107 1271 1267
f 103 1247 1243
f 104 1254 1250
f 110 1290 1286
f 113 1308 1304
f 118 1338 1334
f 154 1553 1549
f 141 1475 1471
f 162 1601 1597
f 121 1356 1352
f 142 1481 1477
f 129 1403 1399
f 130 1410 1406
f 144 1494 1490
f 146 1506 1502
f 151 1535 1531
f 131 1416 1412
f 136 1446 1442
f 161 1596 1592
f 126 1385 1381
f 44 894 890
f 43 887 884
f 45 899 896
f 46 905 902
f 47 912 908
f 52 941 938
f 70 1050 1046
f 99 1224 1220
f 95 1200 1196
f 81 1115 1112
f 59 984 980
f 58 977 974
f 60 989 986
f 61 995 992
f 62 1002 998
f 65 1019 1016
f 57 971 968
f 77 1091 1088
f 86 1146 1142
f 88 1158 1154
f 98 1217 1214
f 68 1037 1034
f 48 918 914
f 78 1098 1094
f 93 1188 1184
f 69 1044 1040
f 101 1236 1232
f 97 1212 1208
f 82 1122 1118
f 50 930 926
f 89 1163 1160
f 64 1013 1010
f 53 948 944
f 74 1074 1070
f 84 1134 1130
f 90 1170 1166
f 63 1008 1004
f 55 960 956
f 76 1086 1082
f 87 1151 1148
f 72 1061 1058
f 49 923 920
f 79 1103 1100
f 96 1205 1202
f 102 1241 1238
f 91 1175 1172
f 67 1032 1028
f 56 966 962
f 75 1080 1076
f 83 1127 1124
f 66 1025 1022
f 54 953 950
f 73 1067 1064
f 85 1139 1136
f 92 1182 1178
f 71 1056 1052
f 100 1229 1226
f 94 1193 1190
f 80 1109 1106
f 51 936 932
f 116 1325 1321
f 108 1277 1273
f 106 1265 1261
f 112 1301 1297
f 115 1319 1315
f 119 1343 1339
f 156 1566 1562
f 139 1464 1460
f 160 1590 1586
f 120 1349 1345
f 149 1523 1519
f 132 1422 1418
f 128 1397 1393
f 145 1499 1495
f 148 1517 1513
f 155 1559 1555
f 133 1427 1423
f 134 1433 1429
f 157 1572 1568
f 124 1374 1370
f 44 892 894
f 43 885 887
f 45 897 899
f 46 903 905
f 47 910 912
f 52 939 941
f 70 1048 1050
f 99 1222 1224
f 95 1198 1200
f 81 1113 1115
f 59 982 984
f 58 975 977
f 60 987 989
f 61 993 995
f 62 1000 1002
f 65 1017 1019
f 57 969 971
f 77 1089 1091
f 86 1144 1146
f 88 1156 1158
f 98 1215 1217
f 68 1035 1037
f 48 916 918
f 78 1096 1098
f 93 1186 1188
f 69 1042 1044
f 101 1234 1236
f 97 1210 1212
f 82 1120 1122
f 50 928 930
f 89 1161 1163
f 64 1011 1013
f 53 946 948
f 74 1072 1074
f 84 1132 1134
f 90 1168 1170
f 63 1006 1008
f 55 958 960
f 76 1084 1086
f 87 1149 1151
f 72 1059 1061
f 49 921 923
f 79 1101 1103
f 96 1203 1205
f 102 1239 1241
f 91 1173 1175
f 67 1030 1032
f 56 964 966
f 75 1078 1080
f 83 1125 1127
f 66 1023 1025
f 54 951 953
f 73 1065 1067
f 85 1137 1139
f 92 1180 1182
f 71 1054 1056
f 100 1227 1229
f 94 1191 1193
f 80 1107 1109
f 51 934 936
f 116 1326 1325
f 108 1278 1277
f 106 1266 1265
f 112 1302 1301
f 115 1320 1319
f 119 1344 1343
f 156 1565 1566
f 139 1463 1464
f 160 1589 1590
f 120 1350 1349
f 149 1524 1523
f 132 1421 1422
f 128 1398 1397
f 145 1500 1499
f 148 1518 1517
f 155 1560 1559
f 133 1428 1427
f 134 1434 1433
f 157 1571 1572
f 124 1373 1374
f 44 889 892
f 43 883 885
f 45 895 897
f 46 901 903
f 47 907 910
f 52 937 939
f 70 1045 1048
f 99 1219 1222
f 95 1195 1198
f 81 1111 1113
f 59 979 982
f 58 973 975
f 60 985 987
f 61 991 993
f 62 997 1000
f 65 1015 1017
f 57 967 969
f 77 1087 1089
f 86 1141 1144
f 88 1153 1156
f 98 1213 1215
f 68 1033 1035
f 48 913 916
f 78 1093 1096
f 93 1183 1186
f 69 1039 1042
f 101 1231 1234
f 97 1207 1210
f 82 1117 1120
f 50 925 928
f 89 1159 1161
f 64 1009 1011
f 53 943 946
f 74 1069 1072
f 84 1129 1132
f 90 1165 1168
f 63 1003 1006
f 55 955 958
f 76 1081 1084
f 87 1147 1149
f 72 1057 1059
f 49 919 921
f 79 1099 1101
f 96 1201 1203
f 102 1237 1239
f 91 1171 1173
f 67 1027 1030
f 56 961 964
f 75 1075 1078
f 83 1123 1125
f 66 1021 1023
f 54 949 951
f 73 1063 1065
f 85 1135 1137
f 92 1177 1180
f 71 1051 1054
f 100 1225 1227
f 94 1189 1191
f 80 1105 1107
f 51 931 934
f 116 1322 1326
f 108 1274 1278
f 106 1262 1266
f 112 1298 1302
f 115 1316 1320
f 119 1340 1344
f 156 1561 1565
f 139 1459 1463
f 160 1585 1589
f 120 1346 1350
f 149 1520 1524
f 132 1417 1421
f 128 1394 1398
f 145 1496 1500
f 148 1514 1518
f 155 1556 1560
f 133 1424 1428
f 134 1430 1434
f 157 1567 1571
f 124 1369 1373
f 47 908 911
f 44 890 893
f 43 884 888
f 45 896 900
f 46 902 906
f 49 920 924
f 72 1058 1062
f 102 1238 1242
f 96 1202 1206
f 79 1100 1104
f 62 998 1001
f 59 980 983
f 58 974 978
f 60 986 990
f 61 992 996
f 66 1022 1026
f 54 950 954
f 73 1064 1068
f 85 1136 1140
f 92 1178 1181
f 101 1232 1235
f 69 1040 1043
f 50 926 929
f 82 1118 1121
f 97 1208 1211
f 71 1052 1055
f 100 1226 1230
f 94 1190 1194
f 80 1106 1110
f 51 932 935
f 90 1166 1169
f 63 1004 1007
f 55 956 959
f 76 1082 1085
f 87 1148 1152
f 91 1172 1176
f 67 1028 1031
f 56 962 965
f 75 1076 1079
f 83 1124 1128
f 68 1034 1038
f 48 914 917
f 78 1094 1097
f 93 1184 1187
f 98 1214 1218
f 88 1154 1157
f 65 1016 1020
f 57 968 972
f 77 1088 1092
f 86 1142 1145
f 64 1010 1014
f 53 944 947
f 74 1070 1073
f 84 1130 1133
f 89 1160 1164
f 70 1046 1049
f 99 1220 1223
f 95 1196 1199
f 81 1112 1116
f 52 938 942
f 109 1279 1283
f 105 1255 1259
f 111 1291 1295
f 114 1309 1313
f 117 1327 1331
f 125 1375 1379
f 152 1537 1541
f 137 1448 1452
f 158 1574 1578
f 123 1364 1368
f 143 1483 1487
f 127 1387 1391
f 135 1436 1440
f 147 1507 1511
f 150 1525 1529
f 153 1543 1547
f 140 1465 1469
f 138 1454 1458
f 159 1580 1584
f 122 1358 1362
f 107 1267 1269
f 103 1243 1245
f 104 1250 1252
f 110 1286 1288
f 113 1304 1306
f 118 1334 1336
f 154 1549 1551
f 141 1471 1473
f 162 1597 1599
f 121 1352 1354
f 142 1477 1479
f 129 1399 1401
f 130 1406 1408
f 144 1490 1492
f 146 1502 1504
f 151 1531 1533
f 131 1412 1414
f 136 1442 1444
f 161 1592 1594
f 126 1381 1383
f 116 1321 1323
f 108 1273 1275
f 106 1261 1263
f 112 1297 1299
f 115 1315 1317
f 119 1339 1341
f 156 1562 1564
f 139 1460 1462
f 160 1586 1588
f 120 1345 1347
f 149 1519 1521
f 132 1418 1420
f 128 1393 1395
f 145 1495 1497
f 148 1513 1515
f 155 1555 1557
f 133 1423 1425
f 134 1429 1431
f 157 1568 1570
f 124 1370 1372
f 109 1280 1282
f 105 1256 1258
f 111 1292 1294
f 114 1310 1312
f 117 1328 1330
f 125 1376 1378
f 152 1538 1540
f 137 1447 1449
f 158 1573 1575
f 123 1363 1365
f 143 1484 1486
f 127 1388 1390
f 135 1435 1437
f 147 1508 1510
f 150 1526 1528
f 153 1544 1546
f 140 1466 1468
f 138 1453 1455
f 159 1579 1581
f 122 1357 1359
f 107 1268 1272
f 103 1244 1248
f 104 1249 1253
f 110 1285 1289
f 113 1303 1307
f 118 1333 1337
f 154 1550 1554
f 141 1472 1476
f 162 1598 1602
f 121 1351 1355
f 142 1478 1482
f 129 1400 1404
f 130 1405 1409
f 144 1489 1493
f 146 1501 1505
f 151 1532 1536
f 131 1411 1415
f 136 1441 1445
f 161 1591 1595
f 126 1382 1386
f 47 911 909
f 44 893 891
f 43 888 886
f 45 900 898
f 46 906 904
f 49 924 922
f 72 1062 1060
f 102 1242 1240
f 96 1206 1204
f 79 1104 1102
f 62 1001 999
f 59 983 981
f 58 978 976
f 60 990 988
f 61 996 994
f 66 1026 1024
f 54 954 952
f 73 1068 1066
f 85 1140 1138
f 92 1181 1179
f 101 1235 1233
f 69 1043 1041
f 50 929 927
f 82 1121 1119
f 97 1211 1209
f 71 1055 1053
f 100 1230 1228
f 94 1194 1192
f 80 1110 1108
f 51 935 933
f 90 1169 1167
f 63 1007 1005
f 55 959 957
f 76 1085 1083
f 87 1152 1150
f 91 1176 1174
f 67 1031 1029
f 56 965 963
f 75 1079 1077
f 83 1128 1126
f 68 1038 1036
f 48 917 915
f 78 1097 1095
f 93 1187 1185
f 98 1218 1216
f 88 1157 1155
f 65 1020 1018
f 57 972 970
f 77 1092 1090
f 86 1145 1143
f 64 1014 1012
f 53 947 945
f 74 1073 1071
f 84 1133 1131
f 89 1164 1162
f 70 1049 1047
f 99 1223 1221
f 95 1199 1197
f 81 1116 1114
f 52 942 940
f 109 1283 1284
f 105 1259 1260
f 111 1295 1296
f 114 1313 1314
f 117 1331 1332
f 125 1379 1380
f 152 1541 1542
f 137 1452 1451
f 158 1578 1577
f 123 1368 1367
f 143 1487 1488
f 127 1391 1392
f 135 1440 1439
f 147 1511 1512
f 150 1529 1530
f 153 1547 1548
f 140 1469 1470
f 138 1458 1457
f 159 1584 1583
f 122 1362 1361
f 407 1609 1616
f 403 1605 1608
f 404 1611 1606
f 410 1614 1612
f 413 1617 1615
f 422 1631 1624
f 486 1688 1692
f 573 1775 1782
f 561 1763 1765
f 512 1719 1714
f 452 1654 1661
f 448 1650 1653
f 449 1656 1651
f 455 1659 1657
f 458 1662 1660
f 470 1672 1675
f 437 1646 1639
f 494 1706 1696
f 531 1735 1733
f 539 1741 1751
f 568 1770 1779
f 478 1680 1683
f 419 1621 1626
f 509 1711 1721
f 554 1756 1766
f 482 1684 1689
f 576 1780 1778
f 558 1767 1760
f 516 1722 1718
f 425 1627 1629
f 542 1744 1747
f 463 1668 1665
f 434 1636 1641
f 497 1699 1704
f 528 1730 1737
f 546 1748 1750
f 464 1666 1676
f 440 1642 1644
f 500 1705 1702
f 524 1736 1726
f 479 1691 1681
f 418 1623 1620
f 508 1713 1710
f 553 1764 1755
f 569 1781 1771
f 538 1749 1740
f 471 1677 1673
f 443 1645 1647
f 501 1703 1707
f 523 1725 1734
f 467 1674 1669
f 433 1638 1635
f 493 1695 1698
f 527 1732 1729
f 543 1752 1745
f 485 1690 1687
f 572 1777 1774
f 557 1759 1762
f 515 1717 1720
f 428 1630 1632
f 591 2191 2189
f 587 1885 1883
f 588 1901 1903
f 594 2279 2281
f 597 2315 2317
f 600 2171 2173
f 634 2160 2158
f 619 2016 2012
f 639 2214 2210
f 602 1919 1924
f 624 2137 2135
f 608 1978 1973
f 610 1991 1996
f 627 2225 2227
f 630 2302 2304
f 635 2178 2176
f 615 2153 2155
f 617 2009 2014
f 637 2207 2212
f 604 1926 1922
f 416 1857 1864
f 408 1803 1810
f 406 1786 1795
f 412 1822 1831
f 415 1840 1849
f 424 1876 1887
f 492 2182 2193
f 582 2312 2321
f 565 2276 2285
f 514 1898 1907
f 461 2091 2098
f 453 2037 2044
f 451 1952 1961
f 457 2056 2067
f 460 2074 2083
f 475 2128 2139
f 439 1966 1975
f 496 1988 1997
f 533 2222 2231
f 551 2293 2298
f 579 2185 2190
f 483 1879 1884
f 426 1893 1900
f 521 2271 2278
f 566 2307 2314
f 489 2163 2170
f 578 2150 2159
f 560 2006 2015
f 518 2204 2213
f 429 1911 1918
f 547 2131 2136
f 465 1969 1977
f 441 1983 1990
f 504 2217 2224
f 537 2290 2301
f 550 2168 2177
f 476 2145 2152
f 444 2001 2008
f 502 2199 2206
f 526 1916 1925
f 481 1808 1817
f 420 1789 1797
f 510 1825 1833
f 555 1843 1851
f 571 1862 1871
f 540 1933 1941
f 473 2110 2119
f 447 2020 2029
f 507 2236 2247
f 534 2257 2262
f 469 2042 2051
f 435 1947 1954
f 498 2059 2064
f 529 2077 2085
f 545 2096 2105
f 487 2113 2121
f 574 2023 2031
f 562 2239 2244
f 520 2254 2265
f 432 1930 1939
f 589 1818 1814
f 583 1798 1793
f 586 1834 1829
f 593 1852 1847
f 596 1872 1868
f 599 1942 1937
f 633 2120 2124
f 620 2030 2034
f 640 2248 2250
f 603 2263 2261
f 622 2052 2050
f 607 1955 1960
f 612 2065 2063
f 626 2086 2081
f 629 2106 2102
f 631 2122 2117
f 614 2032 2027
f 618 2245 2243
f 641 2266 2268
f 605 1940 1944
f 409 1813 1804
f 405 1792 1785
f 411 1828 1821
f 414 1846 1839
f 417 1867 1858
f 431 1936 1929
f 488 2123 2114
f 575 2033 2024
f 563 2249 2240
f 519 2260 2253
f 454 2049 2038
f 450 1959 1951
f 456 2062 2055
f 459 2080 2073
f 462 2101 2092
f 472 2116 2109
f 446 2026 2019
f 506 2242 2235
f 535 2267 2258
f 541 1943 1934
f 570 1869 1861
f 480 1815 1807
f 421 1799 1790
f 511 1835 1826
f 556 1853 1844
f 484 1889 1880
f 580 2195 2186
f 567 2319 2308
f 522 2283 2272
f 427 1905 1894
f 544 2103 2095
f 468 2046 2041
f 436 1957 1948
f 499 2069 2060
f 530 2087 2078
f 548 2141 2132
f 466 1979 1970
f 442 1993 1984
f 505 2229 2218
f 536 2296 2289
f 491 2188 2181
f 423 1882 1875
f 513 1902 1897
f 564 2280 2275
f 581 2316 2311
f 549 2172 2167
f 477 2157 2146
f 445 2011 2002
f 503 2209 2200
f 525 1923 1915
f 474 2134 2127
f 438 1972 1965
f 495 1995 1987
f 532 2226 2221
f 552 2303 2294
f 490 2175 2164
f 577 2154 2149
f 559 2013 2005
f 517 2211 2203
f 430 1921 1912
f 590 1865 1870
f 584 1811 1816
f 585 1796 1800
f 592 1832 1836
f 595 1850 1854
f 598 1888 1890
f 636 2194 2196
f 621 2322 2320
f 642 2286 2284
f 601 1908 1906
f 623 2099 2104
f 611 2045 2047
f 609 1962 1958
f 625 2068 2070
f 628 2084 2088
f 632 2140 2142
f 613 1976 1980
f 616 1998 1994
f 638 2232 2230
f 606 2299 2297
f 407 2330 2329
f 403 2324 2323
f 404 2325 2326
f 410 2332 2333
f 413 2335 2336
f 422 2344 2345
f 486 2410 2409
f 573 2497 2496
f 561 2486 2485
f 512 2434 2435
f 452 2375 2374
f 448 2369 2368
f 449 2370 2371
f 455 2377 2378
f 458 2380 2381
f 470 2393 2392
f 437 2359 2360
f 494 2415 2416
f 531 2455 2456
f 539 2461 2460
f 568 2489 2488
f 478 2399 2398
f 419 2341 2340
f 509 2431 2430
f 554 2476 2475
f 482 2405 2404
f 576 2500 2501
f 558 2481 2482
f 516 2439 2440
f 425 2348 2347
f 542 2465 2464
f 463 2383 2384
f 434 2356 2355
f 497 2420 2419
f 528 2452 2451
f 546 2471 2470
f 464 2386 2385
f 440 2363 2362
f 500 2422 2423
f 524 2445 2446
f 479 2400 2401
f 418 2338 2339
f 508 2428 2429
f 553 2473 2474
f 569 2490 2491
f 538 2458 2459
f 471 2394 2395
f 443 2366 2365
f 501 2425 2424
f 523 2444 2443
f 467 2389 2390
f 433 2353 2354
f 493 2414 2413
f 527 2449 2450
f 543 2466 2467
f 485 2407 2408
f 572 2494 2495
f 557 2480 2479
f 515 2438 2437
f 428 2351 2350
f 591 2510 2511
f 587 2504 2505
f 588 2508 2507
f 594 2514 2513
f 597 2517 2516
f 600 2520 2519
f 634 2554 2556
f 619 2539 2540
f 639 2560 2561
f 602 2523 2521
f 624 2543 2544
f 608 2527 2529
f 610 2532 2530
f 627 2547 2546
f 630 2550 2549
f 635 2552 2553
f 615 2535 2534
f 617 2538 2536
f 637 2558 2557
f 604 2524 2525
f 167 1607 647
f 164 1603 644
f 163 1604 643
f 165 1610 645
f 166 1613 646
f 169 1622 649
f 192 1686 672
f 222 1773 702
f 216 1761 696
f 199 1712 679
f 182 1652 662
f 179 1648 659
f 178 1649 658
f 180 1655 660
f 181 1658 661
f 186 1670 666
f 174 1637 654
f 193 1694 673
f 205 1731 685
f 212 1739 692
f 221 1768 701
f 189 1678 669
f 170 1619 650
f 202 1709 682
f 217 1754 697
f 191 1682 671
f 220 1776 700
f 214 1758 694
f 200 1716 680
f 171 1625 651
f 210 1742 690
f 183 1663 663
f 175 1634 655
f 196 1697 676
f 207 1728 687
f 211 1746 691
f 187 1664 667
f 176 1640 656
f 195 1700 675
f 203 1724 683
f 188 1679 668
f 168 1618 648
f 198 1708 678
f 213 1753 693
f 218 1769 698
f 208 1738 688
f 185 1671 665
f 177 1643 657
f 197 1701 677
f 206 1723 686
f 184 1667 664
f 173 1633 653
f 194 1693 674
f 204 1727 684
f 209 1743 689
f 190 1685 670
f 219 1772 699
f 215 1757 695
f 201 1715 681
f 172 1628 652
f 357 2187 837
f 255 1881 735
f 262 1899 742
f 388 2277 868
f 400 2313 880
f 352 2169 832
f 347 2156 827
f 298 2010 778
f 364 2208 844
f 269 1917 749
f 339 2133 819
f 285 1971 765
f 293 1989 773
f 370 2223 850
f 396 2300 876
f 353 2174 833
f 346 2151 826
f 299 2007 779
f 365 2205 845
f 268 1920 748
f 249 1855 729
f 231 1801 711
f 226 1784 706
f 238 1820 718
f 244 1838 724
f 257 1874 737
f 359 2180 839
f 402 2310 882
f 390 2274 870
f 264 1896 744
f 327 2089 807
f 309 2035 789
f 282 1950 762
f 317 2054 797
f 322 2072 802
f 341 2126 821
f 286 1964 766
f 294 1986 774
f 372 2220 852
f 394 2291 874
f 358 2183 838
f 256 1877 736
f 261 1891 741
f 387 2269 867
f 399 2305 879
f 351 2161 831
f 348 2148 828
f 300 2004 780
f 366 2202 846
f 267 1909 747
f 340 2129 820
f 287 1967 767
f 291 1981 771
f 369 2215 849
f 395 2288 875
f 354 2166 834
f 345 2143 825
f 297 1999 777
f 363 2197 843
f 270 1914 750
f 234 1806 714
f 227 1787 707
f 239 1823 719
f 245 1841 725
f 252 1860 732
f 275 1931 755
f 334 2108 814
f 304 2018 784
f 377 2234 857
f 382 2255 862
f 312 2040 792
f 279 1945 759
f 316 2057 796
f 323 2075 803
f 330 2094 810
f 335 2111 815
f 305 2021 785
f 376 2237 856
f 383 2252 863
f 274 1928 754
f 232 1812 712
f 225 1791 705
f 237 1827 717
f 243 1845 723
f 250 1866 730
f 273 1935 753
f 336 2118 816
f 306 2028 786
f 378 2246 858
f 381 2259 861
f 311 2048 791
f 281 1953 761
f 315 2061 795
f 321 2079 801
f 328 2100 808
f 333 2115 813
f 303 2025 783
f 375 2241 855
f 384 2264 864
f 276 1938 756
f 229 1802 709
f 223 1783 703
f 235 1819 715
f 241 1837 721
f 247 1856 727
f 271 1927 751
f 332 2112 812
f 302 2022 782
f 374 2238 854
f 379 2251 859
f 307 2036 787
f 278 1949 758
f 313 2053 793
f 319 2071 799
f 325 2090 805
f 331 2107 811
f 301 2017 781
f 373 2233 853
f 380 2256 860
f 272 1932 752
f 248 1859 728
f 230 1805 710
f 224 1788 704
f 236 1824 716
f 242 1842 722
f 254 1878 734
f 356 2184 836
f 397 2306 877
f 385 2270 865
f 259 1892 739
f 326 2093 806
f 308 2039 788
f 277 1946 757
f 314 2058 794
f 320 2076 800
f 338 2130 818
f 284 1968 764
f 289 1982 769
f 367 2216 847
f 391 2287 871
f 355 2179 835
f 253 1873 733
f 260 1895 740
f 386 2273 866
f 398 2309 878
f 350 2165 830
f 343 2144 823
f 295 2000 775
f 361 2198 841
f 266 1913 746
f 337 2125 817
f 283 1963 763
f 290 1985 770
f 368 2219 848
f 392 2292 872
f 349 2162 829
f 344 2147 824
f 296 2003 776
f 362 2201 842
f 265 1910 745
f 251 1863 731
f 233 1809 713
f 228 1794 708
f 240 1830 720
f 246 1848 726
f 258 1886 738
f 360 2192 840
f 401 2318 881
f 389 2282 869
f 263 1904 743
f 329 2097 809
f 310 2043 790
f 280 1956 760
f 318 2066 798
f 324 2082 804
f 342 2138 822
f 288 1974 768
f 292 1992 772
f 371 2228 851
f 393 2295 873
f 409 2331 1269
f 405 2327 1245
f 411 2328 1252
f 414 2334 1288
f 417 2337 1306
f 431 2346 1336
f 488 2412 1551
f 575 2499 1473
f 563 2487 1599
f 519 2436 1354
f 454 2376 1479
f 450 2372 1401
f 456 2373 1408
f 459 2379 1492
f 462 2382 1504
f 472 2396 1533
f 446 2361 1414
f 506 2418 1444
f 535 2457 1594
f 541 2463 1383
f 570 2492 1323
f 480 2402 1275
f 421 2343 1263
f 511 2433 1299
f 556 2478 1317
f 484 2406 1341
f 580 2502 1564
f 567 2484 1462
f 522 2442 1588
f 427 2349 1347
f 544 2468 1521
f 468 2387 1420
f 436 2358 1395
f 499 2421 1497
f 530 2454 1515
f 548 2472 1557
f 466 2388 1425
f 442 2364 1431
f 505 2426 1570
f 536 2448 1372
f 491 2403 1282
f 423 2342 1258
f 513 2432 1294
f 564 2477 1312
f 581 2493 1330
f 549 2462 1378
f 477 2397 1540
f 445 2367 1449
f 503 2427 1575
f 525 2447 1365
f 474 2391 1486
f 438 2357 1390
f 495 2417 1437
f 532 2453 1510
f 552 2469 1528
f 490 2411 1546
f 577 2498 1468
f 559 2483 1455
f 517 2441 1581
f 430 2352 1359
f 590 2509 1272
f 584 2503 1248
f 585 2506 1253
f 592 2512 1289
f 595 2515 1307
f 598 2518 1337
f 636 2555 1554
f 621 2541 1476
f 642 2562 1602
f 601 2522 1355
f 623 2542 1482
f 611 2528 1404
f 609 2531 1409
f 625 2545 1493
f 628 2548 1505
f 632 2551 1536
f 613 2533 1415
f 616 2537 1445
f 638 2559 1595
f 606 2526 1386
f 407 1616 909
f 403 1608 891
f 404 1606 886
f 410 1612 898
f 413 1615 904
f 422 1624 922
f 486 1692 1060
f 573 1782 1240
f 561 1765 1204
f 512 1714 1102
f 452 1661 999
f 448 1653 981
f 449 1651 976
f 455 1657 988
f 458 1660 994
f 470 1675 1024
f 437 1639 952
f 494 1696 1066
f 531 1733 1138
f 539 1751 1179
f 568 1779 1233
f 478 1683 1041
f 419 1626 927
f 509 1721 1119
f 554 1766 1209
f 482 1689 1053
f 576 1778 1228
f 558 1760 1192
f 516 1718 1108
f 425 1629 933
f 542 1747 1167
f 463 1665 1005
f 434 1641 957
f 497 1704 1083
f 528 1737 1150
f 546 1750 1174
f 464 1676 1029
f 440 1644 963
f 500 1702 1077
f 524 1726 1126
f 479 1681 1036
f 418 1620 915
f 508 1710 1095
f 553 1755 1185
f 569 1771 1216
f 538 1740 1155
f 471 1673 1018
f 443 1647 970
f 501 1707 1090
f 523 1734 1143
f 467 1669 1012
f 433 1635 945
f 493 1698 1071
f 527 1729 1131
f 543 1745 1162
f 485 1687 1047
f 572 1774 1221
f 557 1762 1197
f 515 1720 1114
f 428 1632 940
f 591 2189 1284
f 587 1883 1260
f 588 1903 1296
f 594 2281 1314
f 597 2317 1332
f 600 2173 1380
f 634 2158 1542
f 619 2012 1451
f 639 2210 1577
f 602 1924 1367
f 624 2135 1488
f 608 1973 1392
f 610 1996 1439
f 627 2227 1512
f 630 2304 1530
f 635 2176 1548
f 615 2155 1470
f 617 2014 1457
f 637 2212 1583
f 604 1922 1361
f 416 1864 1270
f 408 1810 1246
f 406 1795 1251
f 412 1831 1287
f 415 1849 1305
f 424 1887 1335
f 492 2193 1552
f 582 2321 1474
f 565 2285 1600
f 514 1907 1353
f 461 2098 1480
f 453 2044 1402
f 451 1961 1407
f 457 2067 1491
f 460 2083 1503
f 475 2139 1534
f 439 1975 1413
f 496 1997 1443
f 533 2231 1593
f 551 2298 1384
f 579 2190 1324
f 483 1884 1276
f 426 1900 1264
f 521 2278 1300
f 566 2314 1318
f 489 2170 1342
f 578 2159 1563
f 560 2015 1461
f 518 2213 1587
f 429 1918 1348
f 547 2136 1522
f 465 1977 1419
f 441 1990 1396
f 504 2224 1498
f 537 2301 1516
f 550 2177 1558
f 476 2152 1426
f 444 2008 1432
f 502 2206 1569
f 526 1925 1371
f 481 1817 1281
f 420 1797 1257
f 510 1833 1293
f 555 1851 1311
f 571 1871 1329
f 540 1941 1377
f 473 2119 1539
f 447 2029 1450
f 507 2247 1576
f 534 2262 1366
f 469 2051 1485
f 435 1954 1389
f 498 2064 1438
f 529 2085 1509
f 545 2105 1527
f 487 2121 1545
f 574 2031 1467
f 562 2244 1456
f 520 2265 1582
f 432 1939 1360
f 589 1814 1271
f 583 1793 1247
f 586 1829 1254
f 593 1847 1290
f 596 1868 1308
f 599 1937 1338
f 633 2124 1553
f 620 2034 1475
f 640 2250 1601
f 603 2261 1356
f 622 2050 1481
f 607 1960 1403
f 612 2063 1410
f 626 2081 1494
f 629 2102 1506
f 631 2117 1535
f 614 2027 1416
f 618 2243 1446
f 641 2268 1596
f 605 1944 1385
f 409 1804 894
f 405 1785 887
f 411 1821 899
f 414 1839 905
f 417 1858 912
f 431 1929 941
f 488 2114 1050
f 575 2024 1224
f 563 2240 1200
f 519 2253 1115
f 454 2038 984
f 450 1951 977
f 456 2055 989
f 459 2073 995
f 462 2092 1002
f 472 2109 1019
f 446 2019 971
f 506 2235 1091
f 535 2258 1146
f 541 1934 1158
f 570 1861 1217
f 480 1807 1037
f 421 1790 918
f 511 1826 1098
f 556 1844 1188
f 484 1880 1044
f 580 2186 1236
f 567 2308 1212
f 522 2272 1122
f 427 1894 930
f 544 2095 1163
f 468 2041 1013
f 436 1948 948
f 499 2060 1074
f 530 2078 1134
f 548 2132 1170
f 466 1970 1008
f 442 1984 960
f 505 2218 1086
f 536 2289 1151
f 491 2181 1061
f 423 1875 923
f 513 1897 1103
f 564 2275 1205
f 581 2311 1241
f 549 2167 1175
f 477 2146 1032
f 445 2002 966
f 503 2200 1080
f 525 1915 1127
f 474 2127 1025
f 438 1965 953
f 495 1987 1067
f 532 2221 1139
f 552 2294 1182
f 490 2164 1056
f 577 2149 1229
f 559 2005 1193
f 517 2203 1109
f 430 1912 936
f 590 1870 1325
f 584 1816 1277
f 585 1800 1265
f 592 1836 1301
f 595 1854 1319
f 598 1890 1343
f 636 2196 1566
f 621 2320 1464
f 642 2284 1590
f 601 1906 1349
f 623 2104 1523
f 611 2047 1422
f 609 1958 1397
f 625 2070 1499
f 628 2088 1517
f 632 2142 1559
f 613 1980 1427
f 616 1994 1433
f 638 2230 1572
f 606 2297 1374
f 407 2329 892
f 403 2323 885
f 404 2326 897
f 410 2333 903
f 413 2336 910
f 422 2345 939
f 486 2409 1048
f 573 2496 1222
f 561 2485 1198
f 512 2435 1113
f 452 2374 982
f 448 2368 975
f 449 2371 987
f 455 2378 993
f 458 2381 1000
f 470 2392 1017
f 437 2360 969
f 494 2416 1089
f 531 2456 1144
f 539 2460 1156
f 568 2488 1215
f 478 2398 1035
f 419 2340 916
f 509 2430 1096
f 554 2475 1186
f 482 2404 1042
f 576 2501 1234
f 558 2482 1210
f 516 2440 1120
f 425 2347 928
f 542 2464 1161
f 463 2384 1011
f 434 2355 946
f 497 2419 1072
f 528 2451 1132
f 546 2470 1168
f 464 2385 1006
f 440 2362 958
f 500 2423 1084
f 524 2446 1149
f 479 2401 1059
f 418 2339 921
f 508 2429 1101
f 553 2474 1203
f 569 2491 1239
f 538 2459 1173
f 471 2395 1030
f 443 2365 964
f 501 2424 1078
f 523 2443 1125
f 467 2390 1023
f 433 2354 951
f 493 2413 1065
f 527 2450 1137
f 543 2467 1180
f 485 2408 1054
f 572 2495 1227
f 557 2479 1191
f 515 2437 1107
f 428 2350 934
f 591 2511 1326
f 587 2505 1278
f 588 2507 1266
f 594 2513 1302
f 597 2516 1320
f 600 2519 1344
f 634 2556 1565
f 619 2540 1463
f 639 2561 1589
f 602 2521 1350
f 624 2544 1524
f 608 2529 1421
f 610 2530 1398
f 627 2546 1500
f 630 2549 1518
f 635 2553 1560
f 615 2534 1428
f 617 2536 1434
f 637 2557 1571
f 604 2525 1373
f 164 1609 889
f 163 1605 883
f 165 1611 895
f 166 1614 901
f 167 1617 907
f 172 1631 937
f 190 1688 1045
f 219 1775 1219
f 215 1763 1195
f 201 1719 1111
f 179 1654 979
f 178 1650 973
f 180 1656 985
f 181 1659 991
f 182 1662 997
f 185 1672 1015
f 177 1646 967
f 197 1706 1087
f 206 1735 1141
f 208 1741 1153
f 218 1770 1213
f 188 1680 1033
f 168 1621 913
f 198 1711 1093
f 213 1756 1183
f 189 1684 1039
f 221 1780 1231
f 217 1767 1207
f 202 1722 1117
f 170 1627 925
f 209 1744 1159
f 184 1668 1009
f 173 1636 943
f 194 1699 1069
f 204 1730 1129
f 210 1748 1165
f 183 1666 1003
f 175 1642 955
f 196 1705 1081
f 207 1736 1147
f 192 1691 1057
f 169 1623 919
f 199 1713 1099
f 216 1764 1201
f 222 1781 1237
f 211 1749 1171
f 187 1677 1027
f 176 1645 961
f 195 1703 1075
f 203 1725 1123
f 186 1674 1021
f 174 1638 949
f 193 1695 1063
f 205 1732 1135
f 212 1752 1177
f 191 1690 1051
f 220 1777 1225
f 214 1759 1189
f 200 1717 1105
f 171 1630 931
f 358 2191 1322
f 256 1885 1274
f 261 1901 1262
f 387 2279 1298
f 399 2315 1316
f 351 2171 1340
f 348 2160 1561
f 300 2016 1459
f 366 2214 1585
f 267 1919 1346
f 340 2137 1520
f 287 1978 1417
f 291 1991 1394
f 369 2225 1496
f 395 2302 1514
f 354 2178 1556
f 345 2153 1424
f 297 2009 1430
f 363 2207 1567
f 270 1926 1369
f 247 1857 908
f 229 1803 890
f 223 1786 884
f 235 1822 896
f 241 1840 902
f 253 1876 920
f 355 2182 1058
f 398 2312 1238
f 386 2276 1202
f 260 1898 1100
f 325 2091 998
f 307 2037 980
f 278 1952 974
f 313 2056 986
f 319 2074 992
f 337 2128 1022
f 283 1966 950
f 290 1988 1064
f 368 2222 1136
f 392 2293 1178
f 356 2185 1232
f 254 1879 1040
f 259 1893 926
f 385 2271 1118
f 397 2307 1208
f 349 2163 1052
f 344 2150 1226
f 296 2006 1190
f 362 2204 1106
f 265 1911 932
f 338 2131 1166
f 284 1969 1004
f 289 1983 956
f 367 2217 1082
f 391 2290 1148
f 350 2168 1172
f 343 2145 1028
f 295 2001 962
f 361 2199 1076
f 266 1916 1124
f 230 1808 1034
f 224 1789 914
f 236 1825 1094
f 242 1843 1184
f 248 1862 1214
f 272 1933 1154
f 331 2110 1016
f 301 2020 968
f 373 2236 1088
f 380 2257 1142
f 308 2042 1010
f 277 1947 944
f 314 2059 1070
f 320 2077 1130
f 326 2096 1160
f 332 2113 1046
f 302 2023 1220
f 374 2239 1196
f 379 2254 1112
f 271 1930 938
f 234 1818 1279
f 227 1798 1255
f 239 1834 1291
f 245 1852 1309
f 252 1872 1327
f 275 1942 1375
f 334 2120 1537
f 304 2030 1448
f 377 2248 1574
f 382 2263 1364
f 312 2052 1483
f 279 1955 1387
f 316 2065 1436
f 323 2086 1507
f 330 2106 1525
f 335 2122 1543
f 305 2032 1465
f 376 2245 1454
f 383 2266 1580
f 274 1940 1358
f 232 1813 1267
f 225 1792 1243
f 237 1828 1250
f 243 1846 1286
f 250 1867 1304
f 273 1936 1334
f 336 2123 1549
f 306 2033 1471
f 378 2249 1597
f 381 2260 1352
f 311 2049 1477
f 281 1959 1399
f 315 2062 1406
f 321 2080 1490
f 328 2101 1502
f 333 2116 1531
f 303 2026 1412
f 375 2242 1442
f 384 2267 1592
f 276 1943 1381
f 251 1869 1321
f 233 1815 1273
f 228 1799 1261
f 240 1835 1297
f 246 1853 1315
f 258 1889 1339
f 360 2195 1562
f 401 2319 1460
f 389 2283 1586
f 263 1905 1345
f 329 2103 1519
f 310 2046 1418
f 280 1957 1393
f 318 2069 1495
f 324 2087 1513
f 342 2141 1555
f 288 1979 1423
f 292 1993 1429
f 371 2229 1568
f 393 2296 1370
f 357 2188 1280
f 255 1882 1256
f 262 1902 1292
f 388 2280 1310
f 400 2316 1328
f 352 2172 1376
f 347 2157 1538
f 298 2011 1447
f 364 2209 1573
f 269 1923 1363
f 339 2134 1484
f 285 1972 1388
f 293 1995 1435
f 370 2226 1508
f 396 2303 1526
f 353 2175 1544
f 346 2154 1466
f 299 2013 1453
f 365 2211 1579
f 268 1921 1357
f 249 1865 1268
f 231 1811 1244
f 226 1796 1249
f 238 1832 1285
f 244 1850 1303
f 257 1888 1333
f 359 2194 1550
f 402 2322 1472
f 390 2286 1598
f 264 1908 1351
f 327 2099 1478
f 309 2045 1400
f 282 1962 1405
f 317 2068 1489
f 322 2084 1501
f 341 2140 1532
f 286 1976 1411
f 294 1998 1441
f 372 2232 1591
f 394 2299 1382
f 416 2330 911
f 408 2324 893
f 406 2325 888
f 412 2332 900
f 415 2335 906
f 424 2344 924
f 492 2410 1062
f 582 2497 1242
f 565 2486 1206
f 514 2434 1104
f 461 2375 1001
f 453 2369 983
f 451 2370 978
f 457 2377 990
f 460 2380 996
f 475 2393 1026
f 439 2359 954
f 496 2415 1068
f 533 2455 1140
f 551 2461 1181
f 579 2489 1235
f 483 2399 1043
f 426 2341 929
f 521 2431 1121
f 566 2476 1211
f 489 2405 1055
f 578 2500 1230
f 560 2481 1194
f 518 2439 1110
f 429 2348 935
f 547 2465 1169
f 465 2383 1007
f 441 2356 959
f 504 2420 1085
f 537 2452 1152
f 550 2471 1176
f 476 2386 1031
f 444 2363 965
f 502 2422 1079
f 526 2445 1128
f 481 2400 1038
f 420 2338 917
f 510 2428 1097
f 555 2473 1187
f 571 2490 1218
f 540 2458 1157
f 473 2394 1020
f 447 2366 972
f 507 2425 1092
f 534 2444 1145
f 469 2389 1014
f 435 2353 947
f 498 2414 1073
f 529 2449 1133
f 545 2466 1164
f 487 2407 1049
f 574 2494 1223
f 562 2480 1199
f 520 2438 1116
f 432 2351 942
f 589 2510 1283
f 583 2504 1259
f 586 2508 1295
f 593 2514 1313
f 596 2517 1331
f 599 2520 1379
f 633 2554 1541
f 620 2539 1452
f 640 2560 1578
f 603 2523 1368
f 622 2543 1487
f 607 2527 1391
f 612 2532 1440
f 626 2547 1511
f 629 2550 1529
f 631 2552 1547
f 614 2535 1469
f 618 2538 1458
f 641 2558 1584
f 605 2524 1362
f 164 1607 1609
f 163 1603 1605
f 165 1604 1611
f 166 1610 1614
f 167 1613 1617
f 172 1622 1631
f 190 1686 1688
f 219 1773 1775
f 215 1761 1763
f 201 1712 1719
f 179 1652 1654
f 178 1648 1650
f 180 1649 1656
f 181 1655 1659
f 182 1658 1662
f 185 1670 1672
f 177 1637 1646
f 197 1694 1706
f 206 1731 1735
f 208 1739 1741
f 218 1768 1770
f 188 1678 1680
f 168 1619 1621
f 198 1709 1711
f 213 1754 1756
f 189 1682 1684
f 221 1776 1780
f 217 1758 1767
f 202 1716 1722
f 170 1625 1627
f 209 1742 1744
f 184 1663 1668
f 173 1634 1636
f 194 1697 1699
f 204 1728 1730
f 210 1746 1748
f 183 1664 1666
f 175 1640 1642
f 196 1700 1705
f 207 1724 1736
f 192 1679 1691
f 169 1618 1623
f 199 1708 1713
f 216 1753 1764
f 222 1769 1781
f 211 1738 1749
f 187 1671 1677
f 176 1643 1645
f 195 1701 1703
f 203 1723 1725
f 186 1667 1674
f 174 1633 1638
f 193 1693 1695
f 205 1727 1732
f 212 1743 1752
f 191 1685 1690
f 220 1772 1777
f 214 1757 1759
f 200 1715 1717
f 171 1628 1630
f 358 2187 2191
f 256 1881 1885
f 261 1899 1901
f 387 2277 2279
f 399 2313 2315
f 351 2169 2171
f 348 2156 2160
f 300 2010 2016
f 366 2208 2214
f 267 1917 1919
f 340 2133 2137
f 287 1971 1978
f 291 1989 1991
f 369 2223 2225
f 395 2300 2302
f 354 2174 2178
f 345 2151 2153
f 297 2007 2009
f 363 2205 2207
f 270 1920 1926
f 247 1855 1857
f 229 1801 1803
f 223 1784 1786
f 235 1820 1822
f 241 1838 1840
f 253 1874 1876
f 355 2180 2182
f 398 2310 2312
f 386 2274 2276
f 260 1896 1898
f 325 2089 2091
f 307 2035 2037
f 278 1950 1952
f 313 2054 2056
f 319 2072 2074
f 337 2126 2128
f 283 1964 1966
f 290 1986 1988
f 368 2220 2222
f 392 2291 2293
f 356 2183 2185
f 254 1877 1879
f 259 1891 1893
f 385 2269 2271
f 397 2305 2307
f 349 2161 2163
f 344 2148 2150
f 296 2004 2006
f 362 2202 2204
f 265 1909 1911
f 338 2129 2131
f 284 1967 1969
f 289 1981 1983
f 367 2215 2217
f 391 2288 2290
f 350 2166 2168
f 343 2143 2145
f 295 1999 2001
f 361 2197 2199
f 266 1914 1916
f 230 1806 1808
f 224 1787 1789
f 236 1823 1825
f 242 1841 1843
f 248 1860 1862
f 272 1931 1933
f 331 2108 2110
f 301 2018 2020
f 373 2234 2236
f 380 2255 2257
f 308 2040 2042
f 277 1945 1947
f 314 2057 2059
f 320 2075 2077
f 326 2094 2096
f 332 2111 2113
f 302 2021 2023
f 374 2237 2239
f 379 2252 2254
f 271 1928 1930
f 234 1812 1818
f 227 1791 1798
f 239 1827 1834
f 245 1845 1852
f 252 1866 1872
f 275 1935 1942
f 334 2118 2120
f 304 2028 2030
f 377 2246 2248
f 382 2259 2263
f 312 2048 2052
f 279 1953 1955
f 316 2061 2065
f 323 2079 2086
f 330 2100 2106
f 335 2115 2122
f 305 2025 2032
f 376 2241 2245
f 383 2264 2266
f 274 1938 1940
f 232 1802 1813
f 225 1783 1792
f 237 1819 1828
f 243 1837 1846
f 250 1856 1867
f 273 1927 1936
f 336 2112 2123
f 306 2022 2033
f 378 2238 2249
f 381 2251 2260
f 311 2036 2049
f 281 1949 1959
f 315 2053 2062
f 321 2071 2080
f 328 2090 2101
f 333 2107 2116
f 303 2017 2026
f 375 2233 2242
f 384 2256 2267
f 276 1932 1943
f 251 1859 1869
f 233 1805 1815
f 228 1788 1799
f 240 1824 1835
f 246 1842 1853
f 258 1878 1889
f 360 2184 2195
f 401 2306 2319
f 389 2270 2283
f 263 1892 1905
f 329 2093 2103
f 310 2039 2046
f 280 1946 1957
f 318 2058 2069
f 324 2076 2087
f 342 2130 2141
f 288 1968 1979
f 292 1982 1993
f 371 2216 2229
f 393 2287 2296
f 357 2179 2188
f 255 1873 1882
f 262 1895 1902
f 388 2273 2280
f 400 2309 2316
f 352 2165 2172
f 347 2144 2157
f 298 2000 2011
f 364 2198 2209
f 269 1913 1923
f 339 2125 2134
f 285 1963 1972
f 293 1985 1995
f 370 2219 2226
f 396 2292 2303
f 353 2162 2175
f 346 2147 2154
f 299 2003 2013
f 365 2201 2211
f 268 1910 1921
f 249 1863 1865
f 231 1809 1811
f 226 1794 1796
f 238 1830 1832
f 244 1848 1850
f 257 1886 1888
f 359 2192 2194
f 402 2318 2322
f 390 2282 2286
f 264 1904 1908
f 327 2097 2099
f 309 2043 2045
f 282 1956 1962
f 317 2066 2068
f 322 2082 2084
f 341 2138 2140
f 286 1974 1976
f 294 1992 1998
f 372 2228 2232
f 394 2295 2299
f 416 2331 2330
f 408 2327 2324
f 406 2328 2325
f 412 2334 2332
f 415 2337 2335
f 424 2346 2344
f 492 2412 2410
f 582 2499 2497
f 565 2487 2486
f 514 2436 2434
f 461 2376 2375
f 453 2372 2369
f 451 2373 2370
f 457 2379 2377
f 460 2382 2380
f 475 2396 2393
f 439 2361 2359
f 496 2418 2415
f 533 2457 2455
f 551 2463 2461
f 579 2492 2489
f 483 2402 2399
f 426 2343 2341
f 521 2433 2431
f 566 2478 2476
f 489 2406 2405
f 578 2502 2500
f 560 2484 2481
f 518 2442 2439
f 429 2349 2348
f 547 2468 2465
f 465 2387 2383
f 441 2358 2356
f 504 2421 2420
f 537 2454 2452
f 550 2472 2471
f 476 2388 2386
f 444 2364 2363
f 502 2426 2422
f 526 2448 2445
f 481 2403 2400
f 420 2342 2338
f 510 2432 2428
f 555 2477 2473
f 571 2493 2490
f 540 2462 2458
f 473 2397 2394
f 447 2367 2366
f 507 2427 2425
f 534 2447 2444
f 469 2391 2389
f 435 2357 2353
f 498 2417 2414
f 529 2453 2449
f 545 2469 2466
f 487 2411 2407
f 574 2498 2494
f 562 2483 2480
f 520 2441 2438
f 432 2352 2351
f 589 2509 2510
f 583 2503 2504
f 586 2506 2508
f 593 2512 2514
f 596 2515 2517
f 599 2518 2520
f 633 2555 2554
f 620 2541 2539
f 640 2562 2560
f 603 2522 2523
f 622 2542 2543
f 607 2528 2527
f 612 2531 2532
f 626 2545 2547
f 629 2548 2550
f 631 2551 2552
f 614 2533 2535
f 618 2537 2538
f 641 2559 2558
f 605 2526 2524
f 164 644 1607
f 163 643 1603
f 165 645 1604
f 166 646 1610
f 167 647 1613
f 172 652 1622
f 190 670 1686
f 219 699 1773
f 215 695 1761
f 201 681 1712
f 179 659 1652
f 178 658 1648
f 180 660 1649
f 181 661 1655
f 182 662 1658
f 185 665 1670
f 177 657 1637
f 197 677 1694
f 206 686 1731
f 208 688 1739
f 218 698 1768
f 188 668 1678
f 168 648 1619
f 198 678 1709
f 213 693 1754
f 189 669 1682
f 221 701 1776
f 217 697 1758
f 202 682 1716
f 170 650 1625
f 209 689 1742
f 184 664 1663
f 173 653 1634
f 194 674 1697
f 204 684 1728
f 210 690 1746
f 183 663 1664
f 175 655 1640
f 196 676 1700
f 207 687 1724
f 192 672 1679
f 169 649 1618
f 199 679 1708
f 216 696 1753
f 222 702 1769
f 211 691 1738
f 187 667 1671
f 176 656 1643
f 195 675 1701
f 203 683 1723
f 186 666 1667
f 174 654 1633
f 193 673 1693
f 205 685 1727
f 212 692 1743
f 191 671 1685
f 220 700 1772
f 214 694 1757
f 200 680 1715
f 171 651 1628
f 358 838 2187
f 256 736 1881
f 261 741 1899
f 387 867 2277
f 399 879 2313
f 351 831 2169
f 348 828 2156
f 300 780 2010
f 366 846 2208
f 267 747 1917
f 340 820 2133
f 287 767 1971
f 291 771 1989
f 369 849 2223
f 395 875 2300
f 354 834 2174
f 345 825 2151
f 297 777 2007
f 363 843 2205
f 270 750 1920
f 247 727 1855
f 229 709 1801
f 223 703 1784
f 235 715 1820
f 241 721 1838
f 253 733 1874
f 355 835 2180
f 398 878 2310
f 386 866 2274
f 260 740 1896
f 325 805 2089
f 307 787 2035
f 278 758 1950
f 313 793 2054
f 319 799 2072
f 337 817 2126
f 283 763 1964
f 290 770 1986
f 368 848 2220
f 392 872 2291
f 356 836 2183
f 254 734 1877
f 259 739 1891
f 385 865 2269
f 397 877 2305
f 349 829 2161
f 344 824 2148
f 296 776 2004
f 362 842 2202
f 265 745 1909
f 338 818 2129
f 284 764 1967
f 289 769 1981
f 367 847 2215
f 391 871 2288
f 350 830 2166
f 343 823 2143
f 295 775 1999
f 361 841 2197
f 266 746 1914
f 230 710 1806
f 224 704 1787
f 236 716 1823
f 242 722 1841
f 248 728 1860
f 272 752 1931
f 331 811 2108
f 301 781 2018
f 373 853 2234
f 380 860 2255
f 308 788 2040
f 277 757 1945
f 314 794 2057
f 320 800 2075
f 326 806 2094
f 332 812 2111
f 302 782 2021
f 374 854 2237
f 379 859 2252
f 271 751 1928
f 234 714 1812
f 227 707 1791
f 239 719 1827
f 245 725 1845
f 252 732 1866
f 275 755 1935
f 334 814 2118
f 304 784 2028
f 377 857 2246
f 382 862 2259
f 312 792 2048
f 279 759 1953
f 316 796 2061
f 323 803 2079
f 330 810 2100
f 335 815 2115
f 305 785 2025
f 376 856 2241
f 383 863 2264
f 274 754 1938
f 232 712 1802
f 225 705 1783
f 237 717 1819
f 243 723 1837
f 250 730 1856
f 273 753 1927
f 336 816 2112
f 306 786 2022
f 378 858 2238
f 381 861 2251
f 311 791 2036
f 281 761 1949
f 315 795 2053
f 321 801 2071
f 328 808 2090
f 333 813 2107
f 303 783 2017
f 375 855 2233
f 384 864 2256
f 276 756 1932
f 251 731 1859
f 233 713 1805
f 228 708 1788
f 240 720 1824
f 246 726 1842
f 258 738 1878
f 360 840 2184
f 401 881 2306
f 389 869 2270
f 263 743 1892
f 329 809 2093
f 310 790 2039
f 280 760 1946
f 318 798 2058
f 324 804 2076
f 342 822 2130
f 288 768 1968
f 292 772 1982
f 371 851 2216
f 393 873 2287
f 357 837 2179
f 255 735 1873
f 262 742 1895
f 388 868 2273
f 400 880 2309
f 352 832 2165
f 347 827 2144
f 298 778 2000
f 364 844 2198
f 269 749 1913
f 339 819 2125
f 285 765 1963
f 293 773 1985
f 370 850 2219
f 396 876 2292
f 353 833 2162
f 346 826 2147
f 299 779 2003
f 365 845 2201
f 268 748 1910
f 249 729 1863
f 231 711 1809
f 226 706 1794
f 238 718 1830
f 244 724 1848
f 257 737 1886
f 359 839 2192
f 402 882 2318
f 390 870 2282
f 264 744 1904
f 327 807 2097
f 309 789 2043
f 282 762 1956
f 317 797 2066
f 322 802 2082
f 341 821 2138
f 286 766 1974
f 294 774 1992
f 372 852 2228
f 394 874 2295
f 416 1270 2331
f 408 1246 2327
f 406 1251 2328
f 412 1287 2334
f 415 1305 2337
f 424 1335 2346
f 492 1552 2412
f 582 1474 2499
f 565 1600 2487
f 514 1353 2436
f 461 1480 2376
f 453 1402 2372
f 451 1407 2373
f 457 1491 2379
f 460 1503 2382
f 475 1534 2396
f 439 1413 2361
f 496 1443 2418
f 533 1593 2457
f 551 1384 2463
f 579 1324 2492
f 483 1276 2402
f 426 1264 2343
f 521 1300 2433
f 566 1318 2478
f 489 1342 2406
f 578 1563 2502
f 560 1461 2484
f 518 1587 2442
f 429 1348 2349
f 547 1522 2468
f 465 1419 2387
f 441 1396 2358
f 504 1498 2421
f 537 1516 2454
f 550 1558 2472
f 476 1426 2388
f 444 1432 2364
f 502 1569 2426
f 526 1371 2448
f 481 1281 2403
f 420 1257 2342
f 510 1293 2432
f 555 1311 2477
f 571 1329 2493
f 540 1377 2462
f 473 1539 2397
f 447 1450 2367
f 507 1576 2427
f 534 1366 2447
f 469 1485 2391
f 435 1389 2357
f 498 1438 2417
f 529 1509 2453
f 545 1527 2469
f 487 1545 2411
f 574 1467 2498
f 562 1456 2483
f 520 1582 2441
f 432 1360 2352
f 589 1271 2509
f 583 1247 2503
f 586 1254 2506
f 593 1290 2512
f 596 1308 2515
f 599 1338 2518
f 633 1553 2555
f 620 1475 2541
f 640 1601 2562
f 603 1356 2522
f 622 1481 2542
f 607 1403 2528
f 612 1410 2531
f 626 1494 2545
f 629 1506 2548
f 631 1535 2551
f 614 1416 2533
f 618 1446 2537
f 641 1596 2559
f 605 1385 2526
f 167 907 1616
f 164 889 1608
f 163 883 1606
f 165 895 1612
f 166 901 1615
f 169 919 1624
f 192 1057 1692
f 222 1237 1782
f 216 1201 1765
f 199 1099 1714
f 182 997 1661
f 179 979 1653
f 178 973 1651
f 180 985 1657
f 181 991 1660
f 186 1021 1675
f 174 949 1639
f 193 1063 1696
f 205 1135 1733
f 212 1177 1751
f 221 1231 1779
f 189 1039 1683
f 170 925 1626
f 202 1117 1721
f 217 1207 1766
f 191 1051 1689
f 220 1225 1778
f 214 1189 1760
f 200 1105 1718
f 171 931 1629
f 210 1165 1747
f 183 1003 1665
f 175 955 1641
f 196 1081 1704
f 207 1147 1737
f 211 1171 1750
f 187 1027 1676
f 176 961 1644
f 195 1075 1702
f 203 1123 1726
f 188 1033 1681
f 168 913 1620
f 198 1093 1710
f 213 1183 1755
f 218 1213 1771
f 208 1153 1740
f 185 1015 1673
f 177 967 1647
f 197 1087 1707
f 206 1141 1734
f 184 1009 1669
f 173 943 1635
f 194 1069 1698
f 204 1129 1729
f 209 1159 1745
f 190 1045 1687
f 219 1219 1774
f 215 1195 1762
f 201 1111 1720
f 172 937 1632
f 357 1280 2189
f 255 1256 1883
f 262 1292 1903
f 388 1310 2281
f 400 1328 2317
f 352 1376 2173
f 347 1538 2158
f 298 1447 2012
f 364 1573 2210
f 269 1363 1924
f 339 1484 2135
f 285 1388 1973
f 293 1435 1996
f 370 1508 2227
f 396 1526 2304
f 353 1544 2176
f 346 1466 2155
f 299 1453 2014
f 365 1579 2212
f 268 1357 1922
f 249 1268 1864
f 231 1244 1810
f 226 1249 1795
f 238 1285 1831
f 244 1303 1849
f 257 1333 1887
f 359 1550 2193
f 402 1472 2321
f 390 1598 2285
f 264 1351 1907
f 327 1478 2098
f 309 1400 2044
f 282 1405 1961
f 317 1489 2067
f 322 1501 2083
f 341 1532 2139
f 286 1411 1975
f 294 1441 1997
f 372 1591 2231
f 394 1382 2298
f 358 1322 2190
f 256 1274 1884
f 261 1262 1900
f 387 1298 2278
f 399 1316 2314
f 351 1340 2170
f 348 1561 2159
f 300 1459 2015
f 366 1585 2213
f 267 1346 1918
f 340 1520 2136
f 287 1417 1977
f 291 1394 1990
f 369 1496 2224
f 395 1514 2301
f 354 1556 2177
f 345 1424 2152
f 297 1430 2008
f 363 1567 2206
f 270 1369 1925
f 234 1279 1817
f 227 1255 1797
f 239 1291 1833
f 245 1309 1851
f 252 1327 1871
f 275 1375 1941
f 334 1537 2119
f 304 1448 2029
f 377 1574 2247
f 382 1364 2262
f 312 1483 2051
f 279 1387 1954
f 316 1436 2064
f 323 1507 2085
f 330 1525 2105
f 335 1543 2121
f 305 1465 2031
f 376 1454 2244
f 383 1580 2265
f 274 1358 1939
f 232 1267 1814
f 225 1243 1793
f 237 1250 1829
f 243 1286 1847
f 250 1304 1868
f 273 1334 1937
f 336 1549 2124
f 306 1471 2034
f 378 1597 2250
f 381 1352 2261
f 311 1477 2050
f 281 1399 1960
f 315 1406 2063
f 321 1490 2081
f 328 1502 2102
f 333 1531 2117
f 303 1412 2027
f 375 1442 2243
f 384 1592 2268
f 276 1381 1944
f 229 890 1804
f 223 884 1785
f 235 896 1821
f 241 902 1839
f 247 908 1858
f 271 938 1929
f 332 1046 2114
f 302 1220 2024
f 374 1196 2240
f 379 1112 2253
f 307 980 2038
f 278 974 1951
f 313 986 2055
f 319 992 2073
f 325 998 2092
f 331 1016 2109
f 301 968 2019
f 373 1088 2235
f 380 1142 2258
f 272 1154 1934
f 248 1214 1861
f 230 1034 1807
f 224 914 1790
f 236 1094 1826
f 242 1184 1844
f 254 1040 1880
f 356 1232 2186
f 397 1208 2308
f 385 1118 2272
f 259 926 1894
f 326 1160 2095
f 308 1010 2041
f 277 944 1948
f 314 1070 2060
f 320 1130 2078
f 338 1166 2132
f 284 1004 1970
f 289 956 1984
f 367 1082 2218
f 391 1148 2289
f 355 1058 2181
f 253 920 1875
f 260 1100 1897
f 386 1202 2275
f 398 1238 2311
f 350 1172 2167
f 343 1028 2146
f 295 962 2002
f 361 1076 2200
f 266 1124 1915
f 337 1022 2127
f 283 950 1965
f 290 1064 1987
f 368 1136 2221
f 392 1178 2294
f 349 1052 2164
f 344 1226 2149
f 296 1190 2005
f 362 1106 2203
f 265 932 1912
f 251 1321 1870
f 233 1273 1816
f 228 1261 1800
f 240 1297 1836
f 246 1315 1854
f 258 1339 1890
f 360 1562 2196
f 401 1460 2320
f 389 1586 2284
f 263 1345 1906
f 329 1519 2104
f 310 1418 2047
f 280 1393 1958
f 318 1495 2070
f 324 1513 2088
f 342 1555 2142
f 288 1423 1980
f 292 1429 1994
f 371 1568 2230
f 393 1370 2297
f 409 894 2329
f 405 887 2323
f 411 899 2326
f 414 905 2333
f 417 912 2336
f 431 941 2345
f 488 1050 2409
f 575 1224 2496
f 563 1200 2485
f 519 1115 2435
f 454 984 2374
f 450 977 2368
f 456 989 2371
f 459 995 2378
f 462 1002 2381
f 472 1019 2392
f 446 971 2360
f 506 1091 2416
f 535 1146 2456
f 541 1158 2460
f 570 1217 2488
f 480 1037 2398
f 421 918 2340
f 511 1098 2430
f 556 1188 2475
f 484 1044 2404
f 580 1236 2501
f 567 1212 2482
f 522 1122 2440
f 427 930 2347
f 544 1163 2464
f 468 1013 2384
f 436 948 2355
f 499 1074 2419
f 530 1134 2451
f 548 1170 2470
f 466 1008 2385
f 442 960 2362
f 505 1086 2423
f 536 1151 2446
f 491 1061 2401
f 423 923 2339
f 513 1103 2429
f 564 1205 2474
f 581 1241 2491
f 549 1175 2459
f 477 1032 2395
f 445 966 2365
f 503 1080 2424
f 525 1127 2443
f 474 1025 2390
f 438 953 2354
f 495 1067 2413
f 532 1139 2450
f 552 1182 2467
f 490 1056 2408
f 577 1229 2495
f 559 1193 2479
f 517 1109 2437
f 430 936 2350
f 590 1325 2511
f 584 1277 2505
f 585 1265 2507
f 592 1301 2513
f 595 1319 2516
f 598 1343 2519
f 636 1566 2556
f 621 1464 2540
f 642 1590 2561
f 601 1349 2521
f 623 1523 2544
f 611 1422 2529
f 609 1397 2530
f 625 1499 2546
f 628 1517 2549
f 632 1559 2553
f 613 1427 2534
f 616 1433 2536
f 638 1572 2557
f 606 1374 2525
f 407 892 1609
f 403 885 1605
f 404 897 1611
f 410 903 1614
f 413 910 1617
f 422 939 1631
f 486 1048 1688
f 573 1222 1775
f 561 1198 1763
f 512 1113 1719
f 452 982 1654
f 448 975 1650
f 449 987 1656
f 455 993 1659
f 458 1000 1662
f 470 1017 1672
f 437 969 1646
f 494 1089 1706
f 531 1144 1735
f 539 1156 1741
f 568 1215 1770
f 478 1035 1680
f 419 916 1621
f 509 1096 1711
f 554 1186 1756
f 482 1042 1684
f 576 1234 1780
f 558 1210 1767
f 516 1120 1722
f 425 928 1627
f 542 1161 1744
f 463 1011 1668
f 434 946 1636
f 497 1072 1699
f 528 1132 1730
f 546 1168 1748
f 464 1006 1666
f 440 958 1642
f 500 1084 1705
f 524 1149 1736
f 479 1059 1691
f 418 921 1623
f 508 1101 1713
f 553 1203 1764
f 569 1239 1781
f 538 1173 1749
f 471 1030 1677
f 443 964 1645
f 501 1078 1703
f 523 1125 1725
f 467 1023 1674
f 433 951 1638
f 493 1065 1695
f 527 1137 1732
f 543 1180 1752
f 485 1054 1690
f 572 1227 1777
f 557 1191 1759
f 515 1107 1717
f 428 934 1630
f 591 1326 2191
f 587 1278 1885
f 588 1266 1901
f 594 1302 2279
f 597 1320 2315
f 600 1344 2171
f 634 1565 2160
f 619 1463 2016
f 639 1589 2214
f 602 1350 1919
f 624 1524 2137
f 608 1421 1978
f 610 1398 1991
f 627 1500 2225
f 630 1518 2302
f 635 1560 2178
f 615 1428 2153
f 617 1434 2009
f 637 1571 2207
f 604 1373 1926
f 416 911 1857
f 408 893 1803
f 406 888 1786
f 412 900 1822
f 415 906 1840
f 424 924 1876
f 492 1062 2182
f 582 1242 2312
f 565 1206 2276
f 514 1104 1898
f 461 1001 2091
f 453 983 2037
f 451 978 1952
f 457 990 2056
f 460 996 2074
f 475 1026 2128
f 439 954 1966
f 496 1068 1988
f 533 1140 2222
f 551 1181 2293
f 579 1235 2185
f 483 1043 1879
f 426 929 1893
f 521 1121 2271
f 566 1211 2307
f 489 1055 2163
f 578 1230 2150
f 560 1194 2006
f 518 1110 2204
f 429 935 1911
f 547 1169 2131
f 465 1007 1969
f 441 959 1983
f 504 1085 2217
f 537 1152 2290
f 550 1176 2168
f 476 1031 2145
f 444 965 2001
f 502 1079 2199
f 526 1128 1916
f 481 1038 1808
f 420 917 1789
f 510 1097 1825
f 555 1187 1843
f 571 1218 1862
f 540 1157 1933
f 473 1020 2110
f 447 972 2020
f 507 1092 2236
f 534 1145 2257
f 469 1014 2042
f 435 947 1947
f 498 1073 2059
f 529 1133 2077
f 545 1164 2096
f 487 1049 2113
f 574 1223 2023
f 562 1199 2239
f 520 1116 2254
f 432 942 1930
f 589 1283 1818
f 583 1259 1798
f 586 1295 1834
f 593 1313 1852
f 596 1331 1872
f 599 1379 1942
f 633 1541 2120
f 620 1452 2030
f 640 1578 2248
f 603 1368 2263
f 622 1487 2052
f 607 1391 1955
f 612 1440 2065
f 626 1511 2086
f 629 1529 2106
f 631 1547 2122
f 614 1469 2032
f 618 1458 2245
f 641 1584 2266
f 605 1362 1940
f 409 1269 1813
f 405 1245 1792
f 411 1252 1828
f 414 1288 1846
f 417 1306 1867
f 431 1336 1936
f 488 1551 2123
f 575 1473 2033
f 563 1599 2249
f 519 1354 2260
f 454 1479 2049
f 450 1401 1959
f 456 1408 2062
f 459 1492 2080
f 462 1504 2101
f 472 1533 2116
f 446 1414 2026
f 506 1444 2242
f 535 1594 2267
f 541 1383 1943
f 570 1323 1869
f 480 1275 1815
f 421 1263 1799
f 511 1299 1835
f 556 1317 1853
f 484 1341 1889
f 580 1564 2195
f 567 1462 2319
f 522 1588 2283
f 427 1347 1905
f 544 1521 2103
f 468 1420 2046
f 436 1395 1957
f 499 1497 2069
f 530 1515 2087
f 548 1557 2141
f 466 1425 1979
f 442 1431 1993
f 505 1570 2229
f 536 1372 2296
f 491 1282 2188
f 423 1258 1882
f 513 1294 1902
f 564 1312 2280
f 581 1330 2316
f 549 1378 2172
f 477 1540 2157
f 445 1449 2011
f 503 1575 2209
f 525 1365 1923
f 474 1486 2134
f 438 1390 1972
f 495 1437 1995
f 532 1510 2226
f 552 1528 2303
f 490 1546 2175
f 577 1468 2154
f 559 1455 2013
f 517 1581 2211
f 430 1359 1921
f 590 1272 1865
f 584 1248 1811
f 585 1253 1796
f 592 1289 1832
f 595 1307 1850
f 598 1337 1888
f 636 1554 2194
f 621 1476 2322
f 642 1602 2286
f 601 1355 1908
f 623 1482 2099
f 611 1404 2045
f 609 1409 1962
f 625 1493 2068
f 628 1505 2084
f 632 1536 2140
f 613 1415 1976
f 616 1445 1998
f 638 1595 2232
f 606 1386 2299
f 407 909 2330
f 403 891 2324
f 404 886 2325
f 410 898 2332
f 413 904 2335
f 422 922 2344
f 486 1060 2410
f 573 1240 2497
f 561 1204 2486
f 512 1102 2434
f 452 999 2375
f 448 981 2369
f 449 976 2370
f 455 988 2377
f 458 994 2380
f 470 1024 2393
f 437 952 2359
f 494 1066 2415
f 531 1138 2455
f 539 1179 2461
f 568 1233 2489
f 478 1041 2399
f 419 927 2341
f 509 1119 2431
f 554 1209 2476
f 482 1053 2405
f 576 1228 2500
f 558 1192 2481
f 516 1108 2439
f 425 933 2348
f 542 1167 2465
f 463 1005 2383
f 434 957 2356
f 497 1083 2420
f 528 1150 2452
f 546 1174 2471
f 464 1029 2386
f 440 963 2363
f 500 1077 2422
f 524 1126 2445
f 479 1036 2400
f 418 915 2338
f 508 1095 2428
f 553 1185 2473
f 569 1216 2490
f 538 1155 2458
f 471 1018 2394
f 443 970 2366
f 501 1090 2425
f 523 1143 2444
f 467 1012 2389
f 433 945 2353
f 493 1071 2414
f 527 1131 2449
f 543 1162 2466
f 485 1047 2407
f 572 1221 2494
f 557 1197 2480
f 515 1114 2438
f 428 940 2351
f 591 1284 2510
f 587 1260 2504
f 588 1296 2508
f 594 1314 2514
f 597 1332 2517
f 600 1380 2520
f 634 1542 2554
f 619 1451 2539
f 639 1577 2560
f 602 1367 2523
f 624 1488 2543
f 608 1392 2527
f 610 1439 2532
f 627 1512 2547
f 630 1530 2550
f 635 1548 2552
f 615 1470 2535
f 617 1457 2538
f 637 1583 2558
f 604 1361 2524
f 167 1616 1607
f 164 1608 1603
f 163 1606 1604
f 165 1612 1610
f 166 1615 1613
f 169 1624 1622
f 192 1692 1686
f 222 1782 1773
f 216 1765 1761
f 199 1714 1712
f 182 1661 1652
f 179 1653 1648
f 178 1651 1649
f 180 1657 1655
f 181 1660 1658
f 186 1675 1670
f 174 1639 1637
f 193 1696 1694
f 205 1733 1731
f 212 1751 1739
f 221 1779 1768
f 189 1683 1678
f 170 1626 1619
f 202 1721 1709
f 217 1766 1754
f 191 1689 1682
f 220 1778 1776
f 214 1760 1758
f 200 1718 1716
f 171 1629 1625
f 210 1747 1742
f 183 1665 1663
f 175 1641 1634
f 196 1704 1697
f 207 1737 1728
f 211 1750 1746
f 187 1676 1664
f 176 1644 1640
f 195 1702 1700
f 203 1726 1724
f 188 1681 1679
f 168 1620 1618
f 198 1710 1708
f 213 1755 1753
f 218 1771 1769
f 208 1740 1738
f 185 1673 1671
f 177 1647 1643
f 197 1707 1701
f 206 1734 1723
f 184 1669 1667
f 173 1635 1633
f 194 1698 1693
f 204 1729 1727
f 209 1745 1743
f 190 1687 1685
f 219 1774 1772
f 215 1762 1757
f 201 1720 1715
f 172 1632 1628
f 357 2189 2187
f 255 1883 1881
f 262 1903 1899
f 388 2281 2277
f 400 2317 2313
f 352 2173 2169
f 347 2158 2156
f 298 2012 2010
f 364 2210 2208
f 269 1924 1917
f 339 2135 2133
f 285 1973 1971
f 293 1996 1989
f 370 2227 2223
f 396 2304 2300
f 353 2176 2174
f 346 2155 2151
f 299 2014 2007
f 365 2212 2205
f 268 1922 1920
f 249 1864 1855
f 231 1810 1801
f 226 1795 1784
f 238 1831 1820
f 244 1849 1838
f 257 1887 1874
f 359 2193 2180
f 402 2321 2310
f 390 2285 2274
f 264 1907 1896
f 327 2098 2089
f 309 2044 2035
f 282 1961 1950
f 317 2067 2054
f 322 2083 2072
f 341 2139 2126
f 286 1975 1964
f 294 1997 1986
f 372 2231 2220
f 394 2298 2291
f 358 2190 2183
f 256 1884 1877
f 261 1900 1891
f 387 2278 2269
f 399 2314 2305
f 351 2170 2161
f 348 2159 2148
f 300 2015 2004
f 366 2213 2202
f 267 1918 1909
f 340 2136 2129
f 287 1977 1967
f 291 1990 1981
f 369 2224 2215
f 395 2301 2288
f 354 2177 2166
f 345 2152 2143
f 297 2008 1999
f 363 2206 2197
f 270 1925 1914
f 234 1817 1806
f 227 1797 1787
f 239 1833 1823
f 245 1851 1841
f 252 1871 1860
f 275 1941 1931
f 334 2119 2108
f 304 2029 2018
f 377 2247 2234
f 382 2262 2255
f 312 2051 2040
f 279 1954 1945
f 316 2064 2057
f 323 2085 2075
f 330 2105 2094
f 335 2121 2111
f 305 2031 2021
f 376 2244 2237
f 383 2265 2252
f 274 1939 1928
f 232 1814 1812
f 225 1793 1791
f 237 1829 1827
f 243 1847 1845
f 250 1868 1866
f 273 1937 1935
f 336 2124 2118
f 306 2034 2028
f 378 2250 2246
f 381 2261 2259
f 311 2050 2048
f 281 1960 1953
f 315 2063 2061
f 321 2081 2079
f 328 2102 2100
f 333 2117 2115
f 303 2027 2025
f 375 2243 2241
f 384 2268 2264
f 276 1944 1938
f 229 1804 1802
f 223 1785 1783
f 235 1821 1819
f 241 1839 1837
f 247 1858 1856
f 271 1929 1927
f 332 2114 2112
f 302 2024 2022
f 374 2240 2238
f 379 2253 2251
f 307 2038 2036
f 278 1951 1949
f 313 2055 2053
f 319 2073 2071
f 325 2092 2090
f 331 2109 2107
f 301 2019 2017
f 373 2235 2233
f 380 2258 2256
f 272 1934 1932
f 248 1861 1859
f 230 1807 1805
f 224 1790 1788
f 236 1826 1824
f 242 1844 1842
f 254 1880 1878
f 356 2186 2184
f 397 2308 2306
f 385 2272 2270
f 259 1894 1892
f 326 2095 2093
f 308 2041 2039
f 277 1948 1946
f 314 2060 2058
f 320 2078 2076
f 338 2132 2130
f 284 1970 1968
f 289 1984 1982
f 367 2218 2216
f 391 2289 2287
f 355 2181 2179
f 253 1875 1873
f 260 1897 1895
f 386 2275 2273
f 398 2311 2309
f 350 2167 2165
f 343 2146 2144
f 295 2002 2000
f 361 2200 2198
f 266 1915 1913
f 337 2127 2125
f 283 1965 1963
f 290 1987 1985
f 368 2221 2219
f 392 2294 2292
f 349 2164 2162
f 344 2149 2147
f 296 2005 2003
f 362 2203 2201
f 265 1912 1910
f 251 1870 1863
f 233 1816 1809
f 228 1800 1794
f 240 1836 1830
f 246 1854 1848
f 258 1890 1886
f 360 2196 2192
f 401 2320 2318
f 389 2284 2282
f 263 1906 1904
f 329 2104 2097
f 310 2047 2043
f 280 1958 1956
f 318 2070 2066
f 324 2088 2082
f 342 2142 2138
f 288 1980 1974
f 292 1994 1992
f 371 2230 2228
f 393 2297 2295
f 409 2329 2331
f 405 2323 2327
f 411 2326 2328
f 414 2333 2334
f 417 2336 2337
f 431 2345 2346
f 488 2409 2412
f 575 2496 2499
f 563 2485 2487
f 519 2435 2436
f 454 2374 2376
f 450 2368 2372
f 456 2371 2373
f 459 2378 2379
f 462 2381 2382
f 472 2392 2396
f 446 2360 2361
f 506 2416 2418
f 535 2456 2457
f 541 2460 2463
f 570 2488 2492
f 480 2398 2402
f 421 2340 2343
f 511 2430 2433
f 556 2475 2478
f 484 2404 2406
f 580 2501 2502
f 567 2482 2484
f 522 2440 2442
f 427 2347 2349
f 544 2464 2468
f 468 2384 2387
f 436 2355 2358
f 499 2419 2421
f 530 2451 2454
f 548 2470 2472
f 466 2385 2388
f 442 2362 2364
f 505 2423 2426
f 536 2446 2448
f 491 2401 2403
f 423 2339 2342
f 513 2429 2432
f 564 2474 2477
f 581 2491 2493
f 549 2459 2462
f 477 2395 2397
f 445 2365 2367
f 503 2424 2427
f 525 2443 2447
f 474 2390 2391
f 438 2354 2357
f 495 2413 2417
f 532 2450 2453
f 552 2467 2469
f 490 2408 2411
f 577 2495 2498
f 559 2479 2483
f 517 2437 2441
f 430 2350 2352
f 590 2511 2509
f 584 2505 2503
f 585 2507 2506
f 592 2513 2512
f 595 2516 2515
f 598 2519 2518
f 636 2556 2555
f 621 2540 2541
f 642 2561 2562
f 601 2521 2522
f 623 2544 2542
f 611 2529 2528
f 609 2530 2531
f 625 2546 2545
f 628 2549 2548
f 632 2553 2551
f 613 2534 2533
f 616 2536 2537
f 638 2557 2559
f 606 2525 2526
f 1607 644 647
f 1603 643 644
f 1604 645 643
f 1610 646 645
f 1613 647 646
f 1622 652 649
f 1686 670 672
f 1773 699 702
f 1761 695 696
f 1712 681 679
f 1652 659 662
f 1648 658 659
f 1649 660 658
f 1655 661 660
f 1658 662 661
f 1670 665 666
f 1637 657 654
f 1694 677 673
f 1731 686 685
f 1739 688 692
f 1768 698 701
f 1678 668 669
f 1619 648 650
f 1709 678 682
f 1754 693 697
f 1682 669 671
f 1776 701 700
f 1758 697 694
f 1716 682 680
f 1625 650 651
f 1742 689 690
f 1663 664 663
f 1634 653 655
f 1697 674 676
f 1728 684 687
f 1746 690 691
f 1664 663 667
f 1640 655 656
f 1700 676 675
f 1724 687 683
f 1679 672 668
f 1618 649 648
f 1708 679 678
f 1753 696 693
f 1769 702 698
f 1738 691 688
f 1671 667 665
f 1643 656 657
f 1701 675 677
f 1723 683 686
f 1667 666 664
f 1633 654 653
f 1693 673 674
f 1727 685 684
f 1743 692 689
f 1685 671 670
f 1772 700 699
f 1757 694 695
f 1715 680 681
f 1628 651 652
f 2187 838 837
f 1881 736 735
f 1899 741 742
f 2277 867 868
f 2313 879 880
f 2169 831 832
f 2156 828 827
f 2010 780 778
f 2208 846 844
f 1917 747 749
f 2133 820 819
f 1971 767 765
f 1989 771 773
f 2223 849 850
f 2300 875 876
f 2174 834 833
f 2151 825 826
f 2007 777 779
f 2205 843 845
f 1920 750 748
f 1855 727 729
f 1801 709 711
f 1784 703 706
f 1820 715 718
f 1838 721 724
f 1874 733 737
f 2180 835 839
f 2310 878 882
f 2274 866 870
f 1896 740 744
f 2089 805 807
f 2035 787 789
f 1950 758 762
f 2054 793 797
f 2072 799 802
f 2126 817 821
f 1964 763 766
f 1986 770 774
f 2220 848 852
f 2291 872 874
f 2183 836 838
f 1877 734 736
f 1891 739 741
f 2269 865 867
f 2305 877 879
f 2161 829 831
f 2148 824 828
f 2004 776 780
f 2202 842 846
f 1909 745 747
f 2129 818 820
f 1967 764 767
f 1981 769 771
f 2215 847 849
f 2288 871 875
f 2166 830 834
f 2143 823 825
f 1999 775 777
f 2197 841 843
f 1914 746 750
f 1806 710 714
f 1787 704 707
f 1823 716 719
f 1841 722 725
f 1860 728 732
f 1931 752 755
f 2108 811 814
f 2018 781 784
f 2234 853 857
f 2255 860 862
f 2040 788 792
f 1945 757 759
f 2057 794 796
f 2075 800 803
f 2094 806 810
f 2111 812 815
f 2021 782 785
f 2237 854 856
f 2252 859 863
f 1928 751 754
f 1812 714 712
f 1791 707 705
f 1827 719 717
f 1845 725 723
f 1866 732 730
f 1935 755 753
f 2118 814 816
f 2028 784 786
f 2246 857 858
f 2259 862 861
f 2048 792 791
f 1953 759 761
f 2061 796 795
f 2079 803 801
f 2100 810 808
f 2115 815 813
f 2025 785 783
f 2241 856 855
f 2264 863 864
f 1938 754 756
f 1802 712 709
f 1783 705 703
f 1819 717 715
f 1837 723 721
f 1856 730 727
f 1927 753 751
f 2112 816 812
f 2022 786 782
f 2238 858 854
f 2251 861 859
f 2036 791 787
f 1949 761 758
f 2053 795 793
f 2071 801 799
f 2090 808 805
f 2107 813 811
f 2017 783 781
f 2233 855 853
f 2256 864 860
f 1932 756 752
f 1859 731 728
f 1805 713 710
f 1788 708 704
f 1824 720 716
f 1842 726 722
f 1878 738 734
f 2184 840 836
f 2306 881 877
f 2270 869 865
f 1892 743 739
f 2093 809 806
f 2039 790 788
f 1946 760 757
f 2058 798 794
f 2076 804 800
f 2130 822 818
f 1968 768 764
f 1982 772 769
f 2216 851 847
f 2287 873 871
f 2179 837 835
f 1873 735 733
f 1895 742 740
f 2273 868 866
f 2309 880 878
f 2165 832 830
f 2144 827 823
f 2000 778 775
f 2198 844 841
f 1913 749 746
f 2125 819 817
f 1963 765 763
f 1985 773 770
f 2219 850 848
f 2292 876 872
f 2162 833 829
f 2147 826 824
f 2003 779 776
f 2201 845 842
f 1910 748 745
f 1863 729 731
f 1809 711 713
f 1794 706 708
f 1830 718 720
f 1848 724 726
f 1886 737 738
f 2192 839 840
f 2318 882 881
f 2282 870 869
f 1904 744 743
f 2097 807 809
f 2043 789 790
f 1956 762 760
f 2066 797 798
f 2082 802 804
f 2138 821 822
f 1974 766 768
f 1992 774 772
f 2228 852 851
f 2295 874 873
f 2331 1270 1269
f 2327 1246 1245
f 2328 1251 1252
f 2334 1287 1288
f 2337 1305 1306
f 2346 1335 1336
f 2412 1552 1551
f 2499 1474 1473
f 2487 1600 1599
f 2436 1353 1354
f 2376 1480 1479
f 2372 1402 1401
f 2373 1407 1408
f 2379 1491 1492
f 2382 1503 1504
f 2396 1534 1533
f 2361 1413 1414
f 2418 1443 1444
f 2457 1593 1594
f 2463 1384 1383
f 2492 1324 1323
f 2402 1276 1275
f 2343 1264 1263
f 2433 1300 1299
f 2478 1318 1317
f 2406 1342 1341
f 2502 1563 1564
f 2484 1461 1462
f 2442 1587 1588
f 2349 1348 1347
f 2468 1522 1521
f 2387 1419 1420
f 2358 1396 1395
f 2421 1498 1497
f 2454 1516 1515
f 2472 1558 1557
f 2388 1426 1425
f 2364 1432 1431
f 2426 1569 1570
f 2448 1371 1372
f 2403 1281 1282
f 2342 1257 1258
f 2432 1293 1294
f 2477 1311 1312
f 2493 1329 1330
f 2462 1377 1378
f 2397 1539 1540
f 2367 1450 1449
f 2427 1576 1575
f 2447 1366 1365
f 2391 1485 1486
f 2357 1389 1390
f 2417 1438 1437
f 2453 1509 1510
f 2469 1527 1528
f 2411 1545 1546
f 2498 1467 1468
f 2483 1456 1455
f 2441 1582 1581
f 2352 1360 1359
f 2509 1271 1272
f 2503 1247 1248
f 2506 1254 1253
f 2512 1290 1289
f 2515 1308 1307
f 2518 1338 1337
f 2555 1553 1554
f 2541 1475 1476
f 2562 1601 1602
f 2522 1356 1355
f 2542 1481 1482
f 2528 1403 1404
f 2531 1410 1409
f 2545 1494 1493
f 2548 1506 1505
f 2551 1535 1536
f 2533 1416 1415
f 2537 1446 1445
f 2559 1596 1595
f 2526 1385 1386
f 1616 907 909
f 1608 889 891
f 1606 883 886
f 1612 895 898
f 1615 901 904
f 1624 919 922
f 1692 1057 1060
f 1782 1237 1240
f 1765 1201 1204
f 1714 1099 1102
f 1661 997 999
f 1653 979 981
f 1651 973 976
f 1657 985 988
f 1660 991 994
f 1675 1021 1024
f 1639 949 952
f 1696 1063 1066
f 1733 1135 1138
f 1751 1177 1179
f 1779 1231 1233
f 1683 1039 1041
f 1626 925 927
f 1721 1117 1119
f 1766 1207 1209
f 1689 1051 1053
f 1778 1225 1228
f 1760 1189 1192
f 1718 1105 1108
f 1629 931 933
f 1747 1165 1167
f 1665 1003 1005
f 1641 955 957
f 1704 1081 1083
f 1737 1147 1150
f 1750 1171 1174
f 1676 1027 1029
f 1644 961 963
f 1702 1075 1077
f 1726 1123 1126
f 1681 1033 1036
f 1620 913 915
f 1710 1093 1095
f 1755 1183 1185
f 1771 1213 1216
f 1740 1153 1155
f 1673 1015 1018
f 1647 967 970
f 1707 1087 1090
f 1734 1141 1143
f 1669 1009 1012
f 1635 943 945
f 1698 1069 1071
f 1729 1129 1131
f 1745 1159 1162
f 1687 1045 1047
f 1774 1219 1221
f 1762 1195 1197
f 1720 1111 1114
f 1632 937 940
f 2189 1280 1284
f 1883 1256 1260
f 1903 1292 1296
f 2281 1310 1314
f 2317 1328 1332
f 2173 1376 1380
f 2158 1538 1542
f 2012 1447 1451
f 2210 1573 1577
f 1924 1363 1367
f 2135 1484 1488
f 1973 1388 1392
f 1996 1435 1439
f 2227 1508 1512
f 2304 1526 1530
f 2176 1544 1548
f 2155 1466 1470
f 2014 1453 1457
f 2212 1579 1583
f 1922 1357 1361
f 1864 1268 1270
f 1810 1244 1246
f 1795 1249 1251
f 1831 1285 1287
f 1849 1303 1305
f 1887 1333 1335
f 2193 1550 1552
f 2321 1472 1474
f 2285 1598 1600
f 1907 1351 1353
f 2098 1478 1480
f 2044 1400 1402
f 1961 1405 1407
f 2067 1489 1491
f 2083 1501 1503
f 2139 1532 1534
f 1975 1411 1413
f 1997 1441 1443
f 2231 1591 1593
f 2298 1382 1384
f 2190 1322 1324
f 1884 1274 1276
f 1900 1262 1264
f 2278 1298 1300
f 2314 1316 1318
f 2170 1340 1342
f 2159 1561 1563
f 2015 1459 1461
f 2213 1585 1587
f 1918 1346 1348
f 2136 1520 1522
f 1977 1417 1419
f 1990 1394 1396
f 2224 1496 1498
f 2301 1514 1516
f 2177 1556 1558
f 2152 1424 1426
f 2008 1430 1432
f 2206 1567 1569
f 1925 1369 1371
f 1817 1279 1281
f 1797 1255 1257
f 1833 1291 1293
f 1851 1309 1311
f 1871 1327 1329
f 1941 1375 1377
f 2119 1537 1539
f 2029 1448 1450
f 2247 1574 1576
f 2262 1364 1366
f 2051 1483 1485
f 1954 1387 1389
f 2064 1436 1438
f 2085 1507 1509
f 2105 1525 1527
f 2121 1543 1545
f 2031 1465 1467
f 2244 1454 1456
f 2265 1580 1582
f 1939 1358 1360
f 1814 1267 1271
f 1793 1243 1247
f 1829 1250 1254
f 1847 1286 1290
f 1868 1304 1308
f 1937 1334 1338
f 2124 1549 1553
f 2034 1471 1475
f 2250 1597 1601
f 2261 1352 1356
f 2050 1477 1481
f 1960 1399 1403
f 2063 1406 1410
f 2081 1490 1494
f 2102 1502 1506
f 2117 1531 1535
f 2027 1412 1416
f 2243 1442 1446
f 2268 1592 1596
f 1944 1381 1385
f 1804 890 894
f 1785 884 887
f 1821 896 899
f 1839 902 905
f 1858 908 912
f 1929 938 941
f 2114 1046 1050
f 2024 1220 1224
f 2240 1196 1200
f 2253 1112 1115
f 2038 980 984
f 1951 974 977
f 2055 986 989
f 2073 992 995
f 2092 998 1002
f 2109 1016 1019
f 2019 968 971
f 2235 1088 1091
f 2258 1142 1146
f 1934 1154 1158
f 1861 1214 1217
f 1807 1034 1037
f 1790 914 918
f 1826 1094 1098
f 1844 1184 1188
f 1880 1040 1044
f 2186 1232 1236
f 2308 1208 1212
f 2272 1118 1122
f 1894 926 930
f 2095 1160 1163
f 2041 1010 1013
f 1948 944 948
f 2060 1070 1074
f 2078 1130 1134
f 2132 1166 1170
f 1970 1004 1008
f 1984 956 960
f 2218 1082 1086
f 2289 1148 1151
f 2181 1058 1061
f 1875 920 923
f 1897 1100 1103
f 2275 1202 1205
f 2311 1238 1241
f 2167 1172 1175
f 2146 1028 1032
f 2002 962 966
f 2200 1076 1080
f 1915 1124 1127
f 2127 1022 1025
f 1965 950 953
f 1987 1064 1067
f 2221 1136 1139
f 2294 1178 1182
f 2164 1052 1056
f 2149 1226 1229
f 2005 1190 1193
f 2203 1106 1109
f 1912 932 936
f 1870 1321 1325
f 1816 1273 1277
f 1800 1261 1265
f 1836 1297 1301
f 1854 1315 1319
f 1890 1339 1343
f 2196 1562 1566
f 2320 1460 1464
f 2284 1586 1590
f 1906 1345 1349
f 2104 1519 1523
f 2047 1418 1422
f 1958 1393 1397
f 2070 1495 1499
f 2088 1513 1517
f 2142 1555 1559
f 1980 1423 1427
f 1994 1429 1433
f 2230 1568 1572
f 2297 1370 1374
f 2329 894 892
f 2323 887 885
f 2326 899 897
f 2333 905 903
f 2336 912 910
f 2345 941 939
f 2409 1050 1048
f 2496 1224 1222
f 2485 1200 1198
f 2435 1115 1113
f 2374 984 982
f 2368 977 975
f 2371 989 987
f 2378 995 993
f 2381 1002 1000
f 2392 1019 1017
f 2360 971 969
f 2416 1091 1089
f 2456 1146 1144
f 2460 1158 1156
f 2488 1217 1215
f 2398 1037 1035
f 2340 918 916
f 2430 1098 1096
f 2475 1188 1186
f 2404 1044 1042
f 2501 1236 1234
f 2482 1212 1210
f 2440 1122 1120
f 2347 930 928
f 2464 1163 1161
f 2384 1013 1011
f 2355 948 946
f 2419 1074 1072
f 2451 1134 1132
f 2470 1170 1168
f 2385 1008 1006
f 2362 960 958
f 2423 1086 1084
f 2446 1151 1149
f 2401 1061 1059
f 2339 923 921
f 2429 1103 1101
f 2474 1205 1203
f 2491 1241 1239
f 2459 1175 1173
f 2395 1032 1030
f 2365 966 964
f 2424 1080 1078
f 2443 1127 1125
f 2390 1025 1023
f 2354 953 951
f 2413 1067 1065
f 2450 1139 1137
f 2467 1182 1180
f 2408 1056 1054
f 2495 1229 1227
f 2479 1193 1191
f 2437 1109 1107
f 2350 936 934
f 2511 1325 1326
f 2505 1277 1278
f 2507 1265 1266
f 2513 1301 1302
f 2516 1319 1320
f 2519 1343 1344
f 2556 1566 1565
f 2540 1464 1463
f 2561 1590 1589
f 2521 1349 1350
f 2544 1523 1524
f 2529 1422 1421
f 2530 1397 1398
f 2546 1499 1500
f 2549 1517 1518
f 2553 1559 1560
f 2534 1427 1428
f 2536 1433 1434
f 2557 1572 1571
f 2525 1374 1373
f 1609 892 889
f 1605 885 883
f 1611 897 895
f 1614 903 901
f 1617 910 907
f 1631 939 937
f 1688 1048 1045
f 1775 1222 1219
f 1763 1198 1195
f 1719 1113 1111
f 1654 982 979
f 1650 975 973
f 1656 987 985
f 1659 993 991
f 1662 1000 997
f 1672 1017 1015
f 1646 969 967
f 1706 1089 1087
f 1735 1144 1141
f 1741 1156 1153
f 1770 1215 1213
f 1680 1035 1033
f 1621 916 913
f 1711 1096 1093
f 1756 1186 1183
f 1684 1042 1039
f 1780 1234 1231
f 1767 1210 1207
f 1722 1120 1117
f 1627 928 925
f 1744 1161 1159
f 1668 1011 1009
f 1636 946 943
f 1699 1072 1069
f 1730 1132 1129
f 1748 1168 1165
f 1666 1006 1003
f 1642 958 955
f 1705 1084 1081
f 1736 1149 1147
f 1691 1059 1057
f 1623 921 919
f 1713 1101 1099
f 1764 1203 1201
f 1781 1239 1237
f 1749 1173 1171
f 1677 1030 1027
f 1645 964 961
f 1703 1078 1075
f 1725 1125 1123
f 1674 1023 1021
f 1638 951 949
f 1695 1065 1063
f 1732 1137 1135
f 1752 1180 1177
f 1690 1054 1051
f 1777 1227 1225
f 1759 1191 1189
f 1717 1107 1105
f 1630 934 931
f 2191 1326 1322
f 1885 1278 1274
f 1901 1266 1262
f 2279 1302 1298
f 2315 1320 1316
f 2171 1344 1340
f 2160 1565 1561
f 2016 1463 1459
f 2214 1589 1585
f 1919 1350 1346
f 2137 1524 1520
f 1978 1421 1417
f 1991 1398 1394
f 2225 1500 1496
f 2302 1518 1514
f 2178 1560 1556
f 2153 1428 1424
f 2009 1434 1430
f 2207 1571 1567
f 1926 1373 1369
f 1857 911 908
f 1803 893 890
f 1786 888 884
f 1822 900 896
f 1840 906 902
f 1876 924 920
f 2182 1062 1058
f 2312 1242 1238
f 2276 1206 1202
f 1898 1104 1100
f 2091 1001 998
f 2037 983 980
f 1952 978 974
f 2056 990 986
f 2074 996 992
f 2128 1026 1022
f 1966 954 950
f 1988 1068 1064
f 2222 1140 1136
f 2293 1181 1178
f 2185 1235 1232
f 1879 1043 1040
f 1893 929 926
f 2271 1121 1118
f 2307 1211 1208
f 2163 1055 1052
f 2150 1230 1226
f 2006 1194 1190
f 2204 1110 1106
f 1911 935 932
f 2131 1169 1166
f 1969 1007 1004
f 1983 959 956
f 2217 1085 1082
f 2290 1152 1148
f 2168 1176 1172
f 2145 1031 1028
f 2001 965 962
f 2199 1079 1076
f 1916 1128 1124
f 1808 1038 1034
f 1789 917 914
f 1825 1097 1094
f 1843 1187 1184
f 1862 1218 1214
f 1933 1157 1154
f 2110 1020 1016
f 2020 972 968
f 2236 1092 1088
f 2257 1145 1142
f 2042 1014 1010
f 1947 947 944
f 2059 1073 1070
f 2077 1133 1130
f 2096 1164 1160
f 2113 1049 1046
f 2023 1223 1220
f 2239 1199 1196
f 2254 1116 1112
f 1930 942 938
f 1818 1283 1279
f 1798 1259 1255
f 1834 1295 1291
f 1852 1313 1309
f 1872 1331 1327
f 1942 1379 1375
f 2120 1541 1537
f 2030 1452 1448
f 2248 1578 1574
f 2263 1368 1364
f 2052 1487 1483
f 1955 1391 1387
f 2065 1440 1436
f 2086 1511 1507
f 2106 1529 1525
f 2122 1547 1543
f 2032 1469 1465
f 2245 1458 1454
f 2266 1584 1580
f 1940 1362 1358
f 1813 1269 1267
f 1792 1245 1243
f 1828 1252 1250
f 1846 1288 1286
f 1867 1306 1304
f 1936 1336 1334
f 2123 1551 1549
f 2033 1473 1471
f 2249 1599 1597
f 2260 1354 1352
f 2049 1479 1477
f 1959 1401 1399
f 2062 1408 1406
f 2080 1492 1490
f 2101 1504 1502
f 2116 1533 1531
f 2026 1414 1412
f 2242 1444 1442
f 2267 1594 1592
f 1943 1383 1381
f 1869 1323 1321
f 1815 1275 1273
f 1799 1263 1261
f 1835 1299 1297
f 1853 1317 1315
f 1889 1341 1339
f 2195 1564 1562
f 2319 1462 1460
f 2283 1588 1586
f 1905 1347 1345
f 2103 1521 1519
f 2046 1420 1418
f 1957 1395 1393
f 2069 1497 1495
f 2087 1515 1513
f 2141 1557 1555
f 1979 1425 1423
f 1993 1431 1429
f 2229 1570 1568
f 2296 1372 1370
f 2188 1282 1280
f 1882 1258 1256
f 1902 1294 1292
f 2280 1312 1310
f 2316 1330 1328
f 2172 1378 1376
f 2157 1540 1538
f 2011 1449 1447
f 2209 1575 1573
f 1923 1365 1363
f 2134 1486 1484
f 1972 1390 1388
f 1995 1437 1435
f 2226 1510 1508
f 2303 1528 1526
f 2175 1546 1544
f 2154 1468 1466
f 2013 1455 1453
f 2211 1581 1579
f 1921 1359 1357
f 1865 1272 1268
f 1811 1248 1244
f 1796 1253 1249
f 1832 1289 1285
f 1850 1307 1303
f 1888 1337 1333
f 2194 1554 1550
f 2322 1476 1472
f 2286 1602 1598
f 1908 1355 1351
f 2099 1482 1478
f 2045 1404 1400
f 1962 1409 1405
f 2068 1493 1489
f 2084 1505 1501
f 2140 1536 1532
f 1976 1415 1411
f 1998 1445 1441
f 2232 1595 1591
f 2299 1386 1382
f 2330 909 911
f 2324 891 893
f 2325 886 888
f 2332 898 900
f 2335 904 906
f 2344 922 924
f 2410 1060 1062
f 2497 1240 1242
f 2486 1204 1206
f 2434 1102 1104
f 2375 999 1001
f 2369 981 983
f 2370 976 978
f 2377 988 990
f 2380 994 996
f 2393 1024 1026
f 2359 952 954
f 2415 1066 1068
f 2455 1138 1140
f 2461 1179 1181
f 2489 1233 1235
f 2399 1041 1043
f 2341 927 929
f 2431 1119 1121
f 2476 1209 1211
f 2405 1053 1055
f 2500 1228 1230
f 2481 1192 1194
f 2439 1108 1110
f 2348 933 935
f 2465 1167 1169
f 2383 1005 1007
f 2356 957 959
f 2420 1083 1085
f 2452 1150 1152
f 2471 1174 1176
f 2386 1029 1031
f 2363 963 965
f 2422 1077 1079
f 2445 1126 1128
f 2400 1036 1038
f 2338 915 917
f 2428 1095 1097
f 2473 1185 1187
f 2490 1216 1218
f 2458 1155 1157
f 2394 1018 1020
f 2366 970 972
f 2425 1090 1092
f 2444 1143 1145
f 2389 1012 1014
f 2353 945 947
f 2414 1071 1073
f 2449 1131 1133
f 2466 1162 1164
f 2407 1047 1049
f 2494 1221 1223
f 2480 1197 1199
f 2438 1114 1116
f 2351 940 942
f 2510 1284 1283
f 2504 1260 1259
f 2508 1296 1295
f 2514 1314 1313
f 2517 1332 1331
f 2520 1380 1379
f 2554 1542 1541
f 2539 1451 1452
f 2560 1577 1578
f 2523 1367 1368
f 2543 1488 1487
f 2527 1392 1391
f 2532 1439 1440
f 2547 1512 1511
f 2550 1530 1529
f 2552 1548 1547
f 2535 1470 1469
f 2538 1457 1458
f 2558 1583 1584
f 2524 1361 1362
f 1607 1616 1609
f 1603 1608 1605
f 1604 1606 1611
f 1610 1612 1614
f 1613 1615 1617
f 1622 1624 1631
f 1686 1692 1688
f 1773 1782 1775
f 1761 1765 1763
f 1712 1714 1719
f 1652 1661 1654
f 1648 1653 1650
f 1649 1651 1656
f 1655 1657 1659
f 1658 1660 1662
f 1670 1675 1672
f 1637 1639 1646
f 1694 1696 1706
f 1731 1733 1735
f 1739 1751 1741
f 1768 1779 1770
f 1678 1683 1680
f 1619 1626 1621
f 1709 1721 1711
f 1754 1766 1756
f 1682 1689 1684
f 1776 1778 1780
f 1758 1760 1767
f 1716 1718 1722
f 1625 1629 1627
f 1742 1747 1744
f 1663 1665 1668
f 1634 1641 1636
f 1697 1704 1699
f 1728 1737 1730
f 1746 1750 1748
f 1664 1676 1666
f 1640 1644 1642
f 1700 1702 1705
f 1724 1726 1736
f 1679 1681 1691
f 1618 1620 1623
f 1708 1710 1713
f 1753 1755 1764
f 1769 1771 1781
f 1738 1740 1749
f 1671 1673 1677
f 1643 1647 1645
f 1701 1707 1703
f 1723 1734 1725
f 1667 1669 1674
f 1633 1635 1638
f 1693 1698 1695
f 1727 1729 1732
f 1743 1745 1752
f 1685 1687 1690
f 1772 1774 1777
f 1757 1762 1759
f 1715 1720 1717
f 1628 1632 1630
f 2187 2189 2191
f 1881 1883 1885
f 1899 1903 1901
f 2277 2281 2279
f 2313 2317 2315
f 2169 2173 2171
f 2156 2158 2160
f 2010 2012 2016
f 2208 2210 2214
f 1917 1924 1919
f 2133 2135 2137
f 1971 1973 1978
f 1989 1996 1991
f 2223 2227 2225
f 2300 2304 2302
f 2174 2176 2178
f 2151 2155 2153
f 2007 2014 2009
f 2205 2212 2207
f 1920 1922 1926
f 1855 1864 1857
f 1801 1810 1803
f 1784 1795 1786
f 1820 1831 1822
f 1838 1849 1840
f 1874 1887 1876
f 2180 2193 2182
f 2310 2321 2312
f 2274 2285 2276
f 1896 1907 1898
f 2089 2098 2091
f 2035 2044 2037
f 1950 1961 1952
f 2054 2067 2056
f 2072 2083 2074
f 2126 2139 2128
f 1964 1975 1966
f 1986 1997 1988
f 2220 2231 2222
f 2291 2298 2293
f 2183 2190 2185
f 1877 1884 1879
f 1891 1900 1893
f 2269 2278 2271
f 2305 2314 2307
f 2161 2170 2163
f 2148 2159 2150
f 2004 2015 2006
f 2202 2213 2204
f 1909 1918 1911
f 2129 2136 2131
f 1967 1977 1969
f 1981 1990 1983
f 2215 2224 2217
f 2288 2301 2290
f 2166 2177 2168
f 2143 2152 2145
f 1999 2008 2001
f 2197 2206 2199
f 1914 1925 1916
f 1806 1817 1808
f 1787 1797 1789
f 1823 1833 1825
f 1841 1851 1843
f 1860 1871 1862
f 1931 1941 1933
f 2108 2119 2110
f 2018 2029 2020
f 2234 2247 2236
f 2255 2262 2257
f 2040 2051 2042
f 1945 1954 1947
f 2057 2064 2059
f 2075 2085 2077
f 2094 2105 2096
f 2111 2121 2113
f 2021 2031 2023
f 2237 2244 2239
f 2252 2265 2254
f 1928 1939 1930
f 1812 1814 1818
f 1791 1793 1798
f 1827 1829 1834
f 1845 1847 1852
f 1866 1868 1872
f 1935 1937 1942
f 2118 2124 2120
f 2028 2034 2030
f 2246 2250 2248
f 2259 2261 2263
f 2048 2050 2052
f 1953 1960 1955
f 2061 2063 2065
f 2079 2081 2086
f 2100 2102 2106
f 2115 2117 2122
f 2025 2027 2032
f 2241 2243 2245
f 2264 2268 2266
f 1938 1944 1940
f 1802 1804 1813
f 1783 1785 1792
f 1819 1821 1828
f 1837 1839 1846
f 1856 1858 1867
f 1927 1929 1936
f 2112 2114 2123
f 2022 2024 2033
f 2238 2240 2249
f 2251 2253 2260
f 2036 2038 2049
f 1949 1951 1959
f 2053 2055 2062
f 2071 2073 2080
f 2090 2092 2101
f 2107 2109 2116
f 2017 2019 2026
f 2233 2235 2242
f 2256 2258 2267
f 1932 1934 1943
f 1859 1861 1869
f 1805 1807 1815
f 1788 1790 1799
f 1824 1826 1835
f 1842 1844 1853
f 1878 1880 1889
f 2184 2186 2195
f 2306 2308 2319
f 2270 2272 2283
f 1892 1894 1905
f 2093 2095 2103
f 2039 2041 2046
f 1946 1948 1957
f 2058 2060 2069
f 2076 2078 2087
f 2130 2132 2141
f 1968 1970 1979
f 1982 1984 1993
f 2216 2218 2229
f 2287 2289 2296
f 2179 2181 2188
f 1873 1875 1882
f 1895 1897 1902
f 2273 2275 2280
f 2309 2311 2316
f 2165 2167 2172
f 2144 2146 2157
f 2000 2002 2011
f 2198 2200 2209
f 1913 1915 1923
f 2125 2127 2134
f 1963 1965 1972
f 1985 1987 1995
f 2219 2221 2226
f 2292 2294 2303
f 2162 2164 2175
f 2147 2149 2154
f 2003 2005 2013
f 2201 2203 2211
f 1910 1912 1921
f 1863 1870 1865
f 1809 1816 1811
f 1794 1800 1796
f 1830 1836 1832
f 1848 1854 1850
f 1886 1890 1888
f 2192 2196 2194
f 2318 2320 2322
f 2282 2284 2286
f 1904 1906 1908
f 2097 2104 2099
f 2043 2047 2045
f 1956 1958 1962
f 2066 2070 2068
f 2082 2088 2084
f 2138 2142 2140
f 1974 1980 1976
f 1992 1994 1998
f 2228 2230 2232
f 2295 2297 2299
f 2331 2329 2330
f 2327 2323 2324
f 2328 2326 2325
f 2334 2333 2332
f 2337 2336 2335
f 2346 2345 2344
f 2412 2409 2410
f 2499 2496 2497
f 2487 2485 2486
f 2436 2435 2434
f 2376 2374 2375
f 2372 2368 2369
f 2373 2371 2370
f 2379 2378 2377
f 2382 2381 2380
f 2396 2392 2393
f 2361 2360 2359
f 2418 2416 2415
f 2457 2456 2455
f 2463 2460 2461
f 2492 2488 2489
f 2402 2398 2399
f 2343 2340 2341
f 2433 2430 2431
f 2478 2475 2476
f 2406 2404 2405
f 2502 2501 2500
f 2484 2482 2481
f 2442 2440 2439
f 2349 2347 2348
f 2468 2464 2465
f 2387 2384 2383
f 2358 2355 2356
f 2421 2419 2420
f 2454 2451 2452
f 2472 2470 2471
f 2388 2385 2386
f 2364 2362 2363
f 2426 2423 2422
f 2448 2446 2445
f 2403 2401 2400
f 2342 2339 2338
f 2432 2429 2428
f 2477 2474 2473
f 2493 2491 2490
f 2462 2459 2458
f 2397 2395 2394
f 2367 2365 2366
f 2427 2424 2425
f 2447 2443 2444
f 2391 2390 2389
f 2357 2354 2353
f 2417 2413 2414
f 2453 2450 2449
f 2469 2467 2466
f 2411 2408 2407
f 2498 2495 2494
f 2483 2479 2480
f 2441 2437 2438
f 2352 2350 2351
f 2509 2511 2510
f 2503 2505 2504
f 2506 2507 2508
f 2512 2513 2514
f 2515 2516 2517
f 2518 2519 2520
f 2555 2556 2554
f 2541 2540 2539
f 2562 2561 2560
f 2522 2521 2523
f 2542 2544 2543
f 2528 2529 2527
f 2531 2530 2532
f 2545 2546 2547
f 2548 2549 2550
f 2551 2553 2552
f 2533 2534 2535
f 2537 2536 2538
f 2559 2557 2558
f 2526 2525 2524