v -0.115011 0.329756 -0.151643
v 0.110062 0.336344 -0.151595
v -0.293778 -0.524924 0.014645
v 0.294188 -0.523956 0.015228
v 0.001065 -0.415250 0.711077
v 0.000944 0.116893 0.367382
v 0.000196 -0.090713 -0.406453
v 0.001502 0.408739 -0.712239
v 0.311493 0.056916 -0.257601
v 0.314064 0.014632 0.290281
v -0.310256 0.063123 -0.261631
v -0.318649 0.031497 0.272798
v 0.025037 0.548819 -0.210450
v -0.059472 0.213580 -0.016400
v -0.203179 0.659757 -0.413311
v -0.259996 0.159611 -0.233603
v -0.289493 0.069070 0.073454
v 0.051069 0.212001 -0.010948
v 0.203490 0.662070 -0.414872
v 0.259852 0.162263 -0.232398
v 0.283477 0.056420 0.079889
v -0.000268 -0.563240 0.015244
v -0.211576 -0.634173 0.420656
v -0.171720 -0.495092 -0.295076
v -0.332907 -0.110889 -0.123497
v -0.324318 -0.156228 0.183930
v 0.209401 -0.634938 0.420606
v 0.172863 -0.495270 -0.295427
v 0.331042 -0.105754 -0.121974
v 0.325281 -0.158276 0.191795
v 0.001246 -0.010092 0.701361
v 0.311711 -0.180578 0.556898
v -0.312071 -0.177846 0.556432
v 0.209006 0.050029 0.392738
v -0.210615 0.049194 0.394764
v 0.000264 0.011572 -0.665700
v 0.186823 -0.004100 -0.368724
v -0.184317 -0.004382 -0.370532
v 0.307870 0.186887 -0.597867
v -0.304940 0.189897 -0.597745
v 0.325504 0.036423 0.005776
v -0.331219 0.064462 -0.006682
v -0.043045 0.469652 -0.190067
v -0.072120 0.279692 -0.126567
v -0.161986 0.480387 -0.241468
v -0.189140 0.266115 -0.187782
v -0.181758 0.182421 -0.077204
v 0.032019 0.482271 -0.181583
v 0.053533 0.281594 -0.121187
v 0.160014 0.485367 -0.243503
v 0.188320 0.266370 -0.189059
v 0.175793 0.179504 -0.076802
v -0.169370 -0.602607 0.013282
v -0.232348 -0.498203 0.173874
v -0.323180 -0.750769 -0.153667
v -0.359977 -0.371419 -0.071501
v -0.313713 -0.343579 0.100998
v 0.169830 -0.602336 0.014472
v 0.232552 -0.497278 0.173084
v 0.324063 -0.749750 -0.154290
v 0.359748 -0.369928 -0.070654
v 0.315513 -0.341157 0.102333
v -0.130325 -0.633673 0.679444
v 0.133012 -0.633431 0.677132
v 0.000602 -0.215986 0.769755
v 0.194286 -0.335108 0.696837
v -0.191895 -0.335431 0.697594
v -0.043048 0.150813 0.195672
v 0.043324 0.149729 0.195500
v 0.001243 0.097244 0.547216
v 0.097312 0.099953 0.403006
v -0.096102 0.099867 0.407674
v -0.064210 -0.243084 -0.370087
v 0.064732 -0.243167 -0.369644
v -0.000577 0.011506 -0.476953
v 0.080746 -0.038282 -0.393306
v -0.081517 -0.034637 -0.394551
v -0.133435 0.604215 -0.617526
v 0.134510 0.605173 -0.617366
v 0.002165 0.181710 -0.794264
v 0.204029 0.317846 -0.738716
v -0.201166 0.318779 -0.740002
v 0.318340 0.060928 -0.262467
v 0.299876 0.048542 -0.175058
v 0.270570 0.040053 -0.318231
v 0.299272 0.095660 -0.393039
v 0.324776 0.050337 -0.140429
v 0.310959 0.021263 0.204243
v 0.316543 -0.010854 0.260210
v 0.308839 -0.059616 0.390382
v 0.284117 0.010980 0.342615
v 0.321152 0.038068 0.164476
v -0.320832 0.077052 -0.267147
v -0.299410 0.032037 -0.180418
v -0.265645 0.035275 -0.320641
v -0.296418 0.101206 -0.393956
v -0.331009 0.067034 -0.148325
v -0.320189 0.033174 0.192125
v -0.316337 -0.000489 0.241983
v -0.308992 -0.053577 0.380396
v -0.287145 0.013512 0.334292
v -0.328727 0.060111 0.145467
v 0.023500 0.418681 -0.171358
v -0.062762 0.604149 -0.281178
v -0.017783 0.403725 -0.158510
v 0.058397 0.607875 -0.279614
v -0.177927 0.153826 0.047522
v -0.004385 0.211831 -0.050798
v -0.151172 0.125514 0.221218
v -0.320704 0.463433 -0.333824
v -0.001248 0.695528 -0.430166
v -0.275434 0.444869 -0.538083
v -0.278735 0.088525 -0.075735
v -0.281726 0.234683 -0.402927
v -0.328818 0.033186 -0.113313
v -0.262684 0.063369 0.225639
v -0.330900 0.031152 0.043139
v 0.171787 0.152075 0.050503
v 0.149988 0.125879 0.220994
v 0.323921 0.467727 -0.333549
v 0.275767 0.443877 -0.538568
v 0.274850 0.085700 -0.070185
v 0.282974 0.232391 -0.402049
v 0.322878 0.021831 -0.103360
v 0.260377 0.062723 0.229781
v 0.328127 0.005482 0.058327
v -0.094771 -0.596671 0.209506
v -0.083742 -0.608082 -0.154819
v 0.094756 -0.596847 0.209796
v 0.084096 -0.608274 -0.154862
v -0.297853 -0.382160 0.302964
v 0.000340 -0.604960 0.464178
v -0.324152 -0.462271 0.559637
v -0.332894 -0.346119 -0.250305
v 0.000515 -0.444265 -0.283862
v -0.186843 -0.181470 -0.327660
v -0.335119 -0.135092 0.023331
v -0.257655 -0.068512 -0.248456
v -0.318873 0.044306 -0.048031
v -0.323429 -0.197364 0.368440
v -0.319781 0.040186 0.090007
v 0.300866 -0.380039 0.304995
v 0.321313 -0.462851 0.555143
v 0.333225 -0.346650 -0.249536
v 0.187710 -0.183121 -0.326807
v 0.335779 -0.129481 0.026878
v 0.259648 -0.061410 -0.245623
v 0.307074 0.063003 -0.042349
v 0.325040 -0.201118 0.375041
v 0.315130 0.034027 0.099557
v 0.187467 -0.095471 0.686069
v -0.185832 -0.095868 0.687508
v 0.146914 0.044605 0.580550
v -0.146137 0.044935 0.581600
v 0.258747 -0.031010 0.506014
v -0.257971 -0.030134 0.503019
v 0.126304 0.011310 -0.527510
v -0.127132 0.011717 -0.529162
v 0.215443 0.068910 -0.734972
v -0.214580 0.070007 -0.736988
v 0.249881 0.057174 -0.500373
v -0.246672 0.056590 -0.502533
v -0.083086 0.394822 -0.164298
v -0.092905 0.307013 -0.142079
v -0.125112 0.397372 -0.168674
v -0.151059 0.302404 -0.165218
v -0.134351 0.251866 -0.133493
v 0.075783 0.405166 -0.158165
v 0.082086 0.313037 -0.137046
v 0.123489 0.404031 -0.172342
v 0.147369 0.306062 -0.166711
v 0.127950 0.253411 -0.134076
v -0.246308 -0.585384 0.016020
v -0.260438 -0.499996 0.077029
v -0.318476 -0.623191 -0.041786
v -0.332513 -0.477383 -0.025024
v -0.304020 -0.438482 0.052634
v 0.246685 -0.584043 0.015779
v 0.261409 -0.500453 0.077890
v 0.318836 -0.622136 -0.041537
v 0.332306 -0.475763 -0.024713
v 0.305141 -0.436814 0.053508
v -0.056589 -0.493051 0.694591
v 0.059482 -0.493043 0.694579
v 0.000781 -0.323122 0.730957
v 0.090171 -0.385958 0.712291
v -0.088717 -0.385764 0.712493
v -0.020909 0.123376 0.294949
v 0.023473 0.124836 0.292860
v 0.001583 0.115483 0.455933
v 0.042663 0.113444 0.389356
v -0.040708 0.113813 0.391767
v -0.025992 -0.154364 -0.396304
v 0.025824 -0.155236 -0.395689
v -0.000212 -0.021821 -0.424437
v 0.036923 -0.068873 -0.405459
v -0.036941 -0.067231 -0.405243
v -0.055539 0.494182 -0.672481
v 0.058043 0.494366 -0.672860
v 0.001884 0.305189 -0.759178
v 0.092976 0.372745 -0.726736
v -0.089623 0.372718 -0.727102
v 0.320279 0.052764 -0.264402
v 0.308167 0.055865 -0.219931
v 0.296014 0.054118 -0.285624
v 0.305062 0.067672 -0.314827
v 0.320659 0.054823 -0.206585
v 0.310100 0.020593 0.254443
v 0.317370 0.014563 0.287655
v 0.310267 -0.013015 0.331470
v 0.301980 0.006153 0.311858
v 0.318851 0.034135 0.241410
v -0.320490 0.070015 -0.267537
v -0.305200 0.052597 -0.224004
v -0.292178 0.054075 -0.288238
v -0.303196 0.074440 -0.318019
v -0.322766 0.062637 -0.211687
v -0.319402 0.034457 0.238342
v -0.318702 0.039948 0.266935
v -0.311906 -0.000537 0.318370
v -0.307388 0.015934 0.298811
v -0.323523 0.051068 0.219220
v -0.001611 0.531736 -0.207607
v -0.006946 0.535423 -0.216875
v 0.038216 0.529874 -0.196721
v -0.015418 0.574133 -0.237366
v -0.007761 0.512052 -0.196982
v 0.013101 0.577158 -0.241036
v -0.059601 0.243507 -0.097774
v -0.056986 0.185804 0.090495
v -0.014172 0.281292 -0.118066
v -0.118622 0.193058 0.017526
v -0.018816 0.216948 -0.038777
v -0.115725 0.187821 0.113471
v -0.211846 0.575850 -0.322088
v -0.189075 0.674497 -0.514594
v -0.134727 0.650975 -0.343061
v -0.427171 0.622617 -0.382188
v -0.151362 0.817864 -0.425303
v -0.274861 0.584257 -0.480577
v -0.223646 0.218082 -0.211275
v -0.295422 0.109231 -0.253826
v -0.245917 0.298446 -0.291382
v -0.268268 0.118122 -0.153093
v -0.266082 0.205570 -0.318117
v -0.304350 0.071388 -0.171927
v -0.238932 0.121951 -0.003317
v -0.318079 0.034801 0.140304
v -0.238347 0.111288 0.067177
v -0.286236 0.074551 -0.000089
v -0.284351 0.065385 0.149154
v -0.323460 0.032192 0.066777
v 0.043876 0.239505 -0.094772
v 0.053477 0.183258 0.092558
v -0.005347 0.272178 -0.115798
v 0.010856 0.213985 -0.035798
v 0.110460 0.194734 0.021572
v 0.111033 0.189618 0.116264
v 0.207635 0.580125 -0.323120
v 0.188116 0.674665 -0.515102
v 0.132789 0.653220 -0.342720
v 0.151531 0.818002 -0.425865
v 0.408351 0.629561 -0.392119
v 0.271143 0.583659 -0.483326
v 0.223933 0.218257 -0.211891
v 0.294249 0.105654 -0.249550
v 0.245746 0.298096 -0.291353
v 0.266143 0.120238 -0.149534
v 0.266087 0.205279 -0.317308
v 0.298290 0.073388 -0.166497
v 0.231654 0.114527 -0.000639
v 0.309217 0.021349 0.150562
v 0.232645 0.104471 0.070935
v 0.280458 0.064096 0.005431
v 0.277429 0.058506 0.154122
v 0.321133 0.008551 0.079872
v -0.087559 -0.579927 0.013459
v 0.087580 -0.579929 0.014179
v -0.044875 -0.577460 0.109166
v -0.048773 -0.554649 -0.072554
v 0.043801 -0.576514 0.108294
v 0.048226 -0.554536 -0.072535
v -0.213823 -0.528241 0.294776
v -0.182495 -0.811036 0.573999
v -0.137627 -0.576101 0.328150
v -0.269328 -0.507671 0.369694
v -0.101570 -0.655731 0.452552
v -0.316449 -0.638748 0.516132
v -0.247309 -0.732231 -0.282716
v -0.112533 -0.349882 -0.327722
v -0.122302 -0.621930 -0.246671
v -0.271106 -0.463179 -0.292900
v -0.081857 -0.462856 -0.286588
v -0.189454 -0.329373 -0.316439
v -0.363264 -0.232560 -0.101909
v -0.302335 -0.018563 -0.144945
v -0.335839 -0.221949 -0.180864
v -0.341185 -0.123314 -0.050802
v -0.299733 -0.098324 -0.191216
v -0.316863 -0.021466 -0.077012
v -0.320564 -0.249370 0.145683
v -0.321707 -0.070671 0.215470
v -0.315644 -0.266505 0.240690
v -0.327263 -0.143276 0.101071
v -0.321725 -0.177627 0.274365
v -0.322144 -0.047541 0.135363
v 0.212832 -0.527121 0.295417
v 0.183272 -0.811388 0.574050
v 0.136644 -0.576712 0.328123
v 0.102226 -0.654669 0.453381
v 0.269559 -0.506936 0.369726
v 0.314272 -0.638082 0.512273
v 0.248671 -0.732493 -0.282064
v 0.112833 -0.349948 -0.327184
v 0.124046 -0.622547 -0.246645
v 0.082524 -0.463035 -0.285528
v 0.272257 -0.464055 -0.292878
v 0.189835 -0.330532 -0.315954
v 0.362454 -0.230852 -0.102219
v 0.299374 -0.000808 -0.140268
v 0.336346 -0.218788 -0.180563
v 0.342524 -0.118466 -0.050218
v 0.300155 -0.089972 -0.188884
v 0.313865 -0.013853 -0.076226
v 0.324002 -0.246440 0.149413
v 0.324106 -0.074072 0.227149
v 0.318434 -0.266789 0.244433
v 0.330411 -0.141436 0.106839
v 0.324266 -0.180701 0.282052
v 0.324123 -0.054508 0.145248
v 0.000406 -0.106955 0.772062
v 0.000819 0.056770 0.629539
v 0.094291 -0.054019 0.711721
v -0.092372 -0.054216 0.712653
v 0.084028 0.023936 0.651384
v -0.082110 0.023901 0.651952
v 0.270416 -0.260178 0.640427
v 0.312299 -0.116223 0.466952
v 0.314622 -0.304869 0.558375
v 0.323481 -0.203635 0.467755
v 0.265439 -0.139204 0.632966
v 0.286186 -0.093143 0.538913
v -0.269529 -0.259152 0.641293
v -0.310605 -0.112967 0.461827
v -0.314105 -0.303708 0.559421
v -0.323065 -0.200876 0.463838
v -0.264580 -0.138865 0.633864
v -0.286034 -0.090864 0.536546
v 0.156415 0.076795 0.406100
v 0.253182 0.026070 0.371736
v 0.182564 0.084145 0.313569
v 0.234939 0.057907 0.309019
v 0.181584 0.045419 0.483791
v 0.233247 0.013995 0.456815
v -0.155348 0.076343 0.407583
v -0.254401 0.026748 0.367844
v -0.183304 0.083071 0.317136
v -0.236101 0.056706 0.307703
v -0.182106 0.045353 0.485836
v -0.232502 0.014502 0.454677
v -0.000119 0.003506 -0.563199
v 0.001295 0.071754 -0.759658
v 0.078080 0.000299 -0.605942
v -0.079087 0.000387 -0.607417
v 0.102367 0.031585 -0.712535
v -0.101989 0.033031 -0.712060
v 0.130844 -0.016871 -0.379926
v 0.234200 0.015540 -0.348557
v 0.174978 -0.066102 -0.330092
v 0.217812 -0.028467 -0.300402
v 0.158832 0.010667 -0.445552
v 0.214829 0.026388 -0.431809
v -0.130989 -0.015109 -0.381754
v -0.230569 0.013058 -0.349765
v -0.172812 -0.064337 -0.330290
v -0.214782 -0.030469 -0.302317
v -0.158126 0.010125 -0.447889
v -0.211080 0.025435 -0.434422
v 0.296843 0.247160 -0.706035
v 0.298222 0.138322 -0.485452
v 0.288174 0.306497 -0.579185
v 0.293138 0.225394 -0.491692
v 0.301684 0.123961 -0.702180
v 0.290944 0.102319 -0.565049
v -0.295008 0.250229 -0.706855
v -0.295503 0.141762 -0.487434
v -0.287920 0.308756 -0.581292
v -0.292336 0.227934 -0.492972
v -0.301865 0.125489 -0.704687
v -0.287310 0.104445 -0.566291
v 0.325205 0.042716 -0.069658
v 0.323942 0.036354 0.083683
v 0.330784 0.017267 -0.046787
v 0.331664 0.013157 0.031963
v 0.315719 0.057600 -0.019438
v 0.316857 0.054188 0.053826
v -0.332032 0.065268 -0.079253
v -0.330559 0.065176 0.068562
v -0.334856 0.042867 -0.059155
v -0.334515 0.043937 0.017855
v -0.324793 0.075882 -0.027843
v -0.323503 0.080493 0.042692
v -0.047005 0.381404 -0.161089
v -0.091395 0.478583 -0.198717
v 0.012408 0.476555 -0.191272
v -0.054503 0.538455 -0.227079
v -0.126519 0.223178 -0.099930
v -0.021308 0.352077 -0.148359
v -0.120838 0.203611 -0.054168
v -0.181169 0.381146 -0.216890
v -0.118511 0.555656 -0.266594
v -0.253630 0.483855 -0.289416
v -0.180872 0.211386 -0.131591
v -0.224293 0.357512 -0.255617
v -0.226084 0.167413 -0.138155
v -0.182005 0.164870 -0.020578
v -0.233824 0.136895 -0.070109
v 0.028252 0.393006 -0.144347
v 0.089543 0.486344 -0.199396
v -0.027514 0.493302 -0.176305
v 0.048669 0.546036 -0.226420
v 0.115490 0.223800 -0.098872
v 0.000372 0.353918 -0.130010
v 0.109206 0.204433 -0.049956
v 0.180659 0.385043 -0.219711
v 0.114501 0.561114 -0.266323
v 0.252311 0.489226 -0.291299
v 0.178492 0.211569 -0.131993
v 0.224964 0.358752 -0.255688
v 0.225473 0.167558 -0.137307
v 0.174828 0.160859 -0.017886
v 0.230075 0.134637 -0.068324
v -0.200542 -0.542450 0.089724
v -0.225121 -0.747071 -0.031144
v -0.128377 -0.566885 0.100457
v -0.124354 -0.656910 -0.062957
v -0.281152 -0.429107 0.140261
v -0.167636 -0.549023 0.198604
v -0.266643 -0.448164 0.246094
v -0.364554 -0.545441 -0.119428
v -0.161074 -0.790582 -0.162745
v -0.356993 -0.580461 -0.242224
v -0.333666 -0.352500 0.015073
v -0.361794 -0.383349 -0.163246
v -0.347934 -0.241294 -0.021543
v -0.299622 -0.352454 0.196161
v -0.331172 -0.242819 0.060707
v 0.201049 -0.541808 0.089939
v 0.226964 -0.746328 -0.032060
v 0.128151 -0.565972 0.100043
v 0.124978 -0.656065 -0.062926
v 0.282168 -0.428144 0.141361
v 0.168321 -0.549262 0.198530
v 0.267923 -0.446467 0.246278
v 0.363520 -0.544274 -0.119430
v 0.161791 -0.790868 -0.161945
v 0.357230 -0.579896 -0.241767
v 0.335189 -0.349766 0.016575
v 0.362413 -0.382420 -0.163544
v 0.350555 -0.238030 -0.019692
v 0.302641 -0.351101 0.197309
v 0.334627 -0.239177 0.063305
v 0.000179 -0.548477 0.667944
v -0.180246 -0.487816 0.696361
v -0.057159 -0.629346 0.588828
v -0.285703 -0.638054 0.674839
v 0.183787 -0.487001 0.696170
v 0.057003 -0.630755 0.589155
v 0.289345 -0.636893 0.671652
v 0.099466 -0.268502 0.732285
v -0.098058 -0.267689 0.734682
v 0.100526 -0.155039 0.747436
v -0.100195 -0.154230 0.751447
v 0.289134 -0.415047 0.656578
v 0.197817 -0.203105 0.703118
v -0.286779 -0.415111 0.658775
v -0.196006 -0.202955 0.704756
v 0.000569 0.151059 0.189406
v -0.070192 0.118560 0.304650
v -0.017077 0.182767 0.077874
v -0.093729 0.144941 0.208574
v 0.072718 0.120356 0.301840
v 0.014127 0.181911 0.077799
v 0.092868 0.145689 0.207471
v 0.059604 0.106118 0.493528
v -0.056456 0.105353 0.492058
v 0.073164 0.076734 0.578730
v -0.071421 0.076967 0.579408
v 0.126901 0.106014 0.312773
v 0.122308 0.078808 0.497937
v -0.126187 0.105093 0.315126
v -0.120524 0.077965 0.499158
v 0.000660 -0.247810 -0.388145
v -0.076877 -0.135128 -0.380560
v -0.036815 -0.349815 -0.336519
v -0.126637 -0.222561 -0.349167
v 0.076879 -0.136886 -0.379452
v 0.037606 -0.349503 -0.335526
v 0.127871 -0.223793 -0.348809
v 0.043306 0.001994 -0.436448
v -0.043641 0.002616 -0.437422
v 0.057488 0.009711 -0.508798
v -0.058222 0.009277 -0.509589
v 0.127951 -0.105039 -0.358350
v 0.098195 0.005989 -0.444890
v -0.128121 -0.104056 -0.358917
v -0.098726 0.006819 -0.446696
v 0.000372 0.621904 -0.623758
v -0.168139 0.459416 -0.674587
v -0.071703 0.687814 -0.525409
v -0.224316 0.535265 -0.589611
v 0.169326 0.459495 -0.673897
v 0.070939 0.687649 -0.525551
v 0.225489 0.536772 -0.591821
v 0.119439 0.245474 -0.792136
v -0.114167 0.246836 -0.793184
v 0.123922 0.115429 -0.801390
v -0.120416 0.117375 -0.801680
v 0.251218 0.389937 -0.647669
v 0.239747 0.179368 -0.795622
v -0.249940 0.390729 -0.647249
v -0.236354 0.181171 -0.797408
v 0.310497 0.085412 -0.330771
v 0.328000 0.039950 -0.199113
v 0.294571 0.135609 -0.329351
v 0.321666 0.035375 -0.185149
v 0.286161 0.035428 -0.245459
v 0.314899 0.063886 -0.155761
v 0.281458 -0.003063 -0.206624
v 0.306190 0.060587 -0.107435
v 0.286162 0.065126 -0.360673
v 0.257690 0.003158 -0.275259
v 0.257689 0.048346 -0.401695
v 0.298262 0.148942 -0.406235
v 0.282688 0.083399 -0.451815
v 0.328299 0.029709 -0.124549
v 0.315845 0.063361 -0.088949
v 0.297020 0.022390 0.272142
v 0.321005 0.023965 0.185697
v 0.291498 0.036253 0.219441
v 0.321917 0.013563 0.133175
v 0.316895 -0.046397 0.328322
v 0.314323 0.048966 0.218366
v 0.322989 -0.101684 0.309943
v 0.315588 0.018321 0.180264
v 0.295728 -0.019405 0.374922
v 0.320441 -0.119062 0.389654
v 0.290954 -0.054046 0.450719
v 0.273796 0.035757 0.293923
v 0.271188 -0.009240 0.418582
v 0.328631 0.018822 0.110687
v 0.314482 0.058259 0.132910
v -0.308905 0.099282 -0.332492
v -0.333256 0.056044 -0.207004
v -0.293625 0.141413 -0.331894
v -0.326396 0.043200 -0.193830
v -0.281765 0.029900 -0.247672
v -0.322918 0.066928 -0.159443
v -0.277648 -0.013318 -0.209126
v -0.313453 0.040748 -0.114219
v -0.282876 0.065558 -0.363618
v -0.251733 -0.002652 -0.276662
v -0.253238 0.046265 -0.403905
v -0.296094 0.154279 -0.408069
v -0.279002 0.085007 -0.453543
v -0.335040 0.048151 -0.134869
v -0.324115 0.073770 -0.094678
v -0.303255 0.027631 0.261123
v -0.328762 0.041593 0.169292
v -0.300702 0.040114 0.211893
v -0.327883 0.033401 0.118702
v -0.316383 -0.035558 0.313585
v -0.317246 0.064347 0.195422
v -0.321852 -0.094233 0.297766
v -0.318074 0.029018 0.165553
v -0.297091 -0.013576 0.365745
v -0.319761 -0.112785 0.380528
v -0.290728 -0.051118 0.444152
v -0.277203 0.037389 0.287764
v -0.271378 -0.007776 0.412728
v -0.333465 0.044284 0.094132
v -0.320269 0.076424 0.117968
v 0.003699 0.416726 -0.170959
v 0.000581 0.293967 -0.133491
v -0.002911 0.622159 -0.280517
v -0.050523 0.669773 -0.349942
v -0.010484 0.286276 -0.138434
v 0.046745 0.670659 -0.350030
v -0.169545 0.146024 0.129659
v -0.226428 0.104825 0.142901
v -0.207504 0.094822 0.227042
v -0.343331 0.491416 -0.437549
v -0.272903 0.351501 -0.381417
v -0.282565 0.345733 -0.474401
v -0.318476 0.034393 -0.087066
v -0.322598 0.030027 -0.008584
v -0.330763 0.030771 -0.033683
v 0.170024 0.149129 0.134101
v 0.225795 0.100530 0.147498
v 0.207776 0.093873 0.228812
v 0.344033 0.494336 -0.438547
v 0.273602 0.350337 -0.381432
v 0.283688 0.343993 -0.474759
v 0.308202 0.038517 -0.081348
v 0.320570 0.010356 0.003615
v 0.327629 0.008954 -0.021265
v 0.000035 -0.589599 0.218738
v -0.047492 -0.595933 0.337810
v 0.000017 -0.522699 -0.151707
v -0.043124 -0.522331 -0.224782
v 0.047408 -0.595600 0.337313
v 0.043398 -0.523139 -0.224661
v -0.309154 -0.431764 0.424876
v -0.317729 -0.292930 0.343733
v -0.323362 -0.312605 0.453589
v -0.260384 -0.264876 -0.297201
v -0.291977 -0.182571 -0.246876
v -0.231712 -0.127343 -0.293312
v -0.325222 -0.035256 -0.011655
v -0.324583 -0.043324 0.059556
v -0.319986 0.043763 0.018672
v 0.309092 -0.431785 0.424638
v 0.319789 -0.293311 0.346965
v 0.322484 -0.314368 0.454702
v 0.260386 -0.266313 -0.297152
v 0.292914 -0.180080 -0.245640
v 0.233004 -0.126035 -0.291505
v 0.320951 -0.024074 -0.007616
v 0.324018 -0.037971 0.066549
v 0.310749 0.058017 0.025036
v 0.168427 -0.013712 0.642444
v 0.239136 -0.055776 0.601270
v -0.167347 -0.014256 0.643535
v -0.239018 -0.054674 0.602095
v 0.209894 0.003998 0.551013
v -0.209607 0.004394 0.551319
v 0.170455 0.014362 -0.632087
v 0.195569 0.028868 -0.526302
v -0.171073 0.014871 -0.634060
v -0.194081 0.027339 -0.529436
v 0.247496 0.056675 -0.619717
v -0.246530 0.057082 -0.621886
v -0.100484 0.359250 -0.154821
v -0.105062 0.319556 -0.147240
v -0.117951 0.358880 -0.155564
v -0.130122 0.317646 -0.155531
v -0.122267 0.294202 -0.145910
v 0.095853 0.366668 -0.153321
v 0.096816 0.325898 -0.145203
v 0.115086 0.365455 -0.157872
v 0.126989 0.323250 -0.157092
v 0.115737 0.296911 -0.145678
v -0.274988 -0.556320 0.016169
v -0.277628 -0.512474 0.042158
v -0.300836 -0.561994 -0.010624
v -0.312867 -0.508222 -0.003246
v -0.298557 -0.485031 0.031466
v 0.275984 -0.555449 0.015697
v 0.278905 -0.512209 0.042194
v 0.302458 -0.561552 -0.010643
v 0.312990 -0.507701 -0.002436
v 0.299506 -0.483761 0.031585
v -0.024000 -0.448660 0.703775
v 0.025850 -0.448944 0.704012
v 0.001010 -0.374236 0.719399
v 0.040730 -0.402758 0.713002
v -0.038840 -0.403238 0.712574
v -0.009625 0.118944 0.336084
v 0.011381 0.118731 0.335810
v 0.001064 0.116255 0.406046
v 0.019054 0.116306 0.378214
v -0.017101 0.116159 0.379928
v -0.010670 -0.118113 -0.402328
v 0.010502 -0.118733 -0.401601
v -0.000394 -0.059130 -0.412446
v 0.016746 -0.081367 -0.406448
v -0.016142 -0.081164 -0.406687
v -0.023229 0.446091 -0.695310
v 0.025921 0.446868 -0.695306
v 0.001352 0.362442 -0.733921
v 0.041881 0.392889 -0.718708
v -0.039113 0.393367 -0.718852
v 0.315302 0.057117 -0.260765
v 0.310623 0.056302 -0.241364
v 0.305199 0.057080 -0.269912
v 0.309049 0.060301 -0.282634
v 0.316518 0.055529 -0.235969
v 0.311255 0.019108 0.275368
v 0.315597 0.015389 0.290197
v 0.312120 0.003016 0.308456
v 0.308599 0.009624 0.299722
v 0.316550 0.024192 0.271637
v -0.315305 0.065989 -0.265312
v -0.309120 0.057671 -0.245143
v -0.302694 0.059361 -0.274222
v -0.307148 0.066808 -0.286436
v -0.315918 0.062330 -0.239785
v -0.319161 0.033311 0.257577
v -0.321528 0.039284 0.276668
v -0.316232 0.018751 0.293010
v -0.314369 0.022475 0.284680
v -0.321981 0.042975 0.251059
v 0.012297 0.547604 -0.209257
v -0.042409 0.548926 -0.253787
v 0.025305 0.539360 -0.203745
v 0.002618 0.561053 -0.224732
v 0.013434 0.542230 -0.209870
v 0.004781 0.564172 -0.232357
v -0.055590 0.224081 -0.070784
v -0.060065 0.201887 0.037112
v -0.030920 0.232564 -0.083641
v -0.087993 0.206491 -0.000755
v -0.035141 0.215163 -0.029540
v -0.087725 0.201930 0.049937
v -0.221484 0.623683 -0.366893
v -0.210101 0.696242 -0.463403
v -0.176426 0.674727 -0.381330
v -0.284979 0.628973 -0.397426
v -0.217203 0.793706 -0.422395
v -0.230499 0.627855 -0.446027
v -0.242028 0.190018 -0.222898
v -0.279227 0.132820 -0.244999
v -0.246719 0.220103 -0.263746
v -0.262411 0.137084 -0.192816
v -0.260981 0.182236 -0.276495
v -0.282150 0.112850 -0.202200
v -0.267913 0.093557 0.036416
v -0.307513 0.047336 0.109211
v -0.268380 0.089812 0.072678
v -0.289139 0.070974 0.036432
v -0.289191 0.065969 0.111203
v -0.310882 0.046774 0.073034
v 0.045879 0.222149 -0.063696
v 0.053773 0.200018 0.040492
v 0.018508 0.229703 -0.074784
v 0.027487 0.214083 -0.023725
v 0.079813 0.206910 0.004332
v 0.081454 0.202806 0.053696
v 0.217468 0.626778 -0.368817
v 0.209841 0.696405 -0.464132
v 0.174952 0.677927 -0.379576
v 0.217089 0.793579 -0.421653
v 0.276978 0.629706 -0.402627
v 0.229069 0.629176 -0.449810
v 0.242673 0.192442 -0.221968
v 0.277878 0.134217 -0.241098
v 0.246565 0.221841 -0.262782
v 0.261940 0.140837 -0.190904
v 0.261145 0.184367 -0.274468
v 0.279504 0.116236 -0.199891
v 0.258982 0.083719 0.039879
v 0.302500 0.032593 0.118188
v 0.260948 0.079077 0.076831
v 0.281385 0.059839 0.042485
v 0.282186 0.055778 0.116913
v 0.303224 0.032295 0.080810
v -0.044623 -0.568707 0.014642
v 0.044418 -0.568348 0.015004
v -0.022191 -0.570920 0.061030
v -0.023838 -0.553762 -0.030801
v 0.022415 -0.571250 0.061417
v 0.023052 -0.553692 -0.030741
v -0.208000 -0.555305 0.369845
v -0.215894 -0.767808 0.466894
v -0.166391 -0.585446 0.386087
v -0.247901 -0.571343 0.401876
v -0.157353 -0.668440 0.436753
v -0.268569 -0.664375 0.460893
v -0.206969 -0.597572 -0.289285
v -0.140391 -0.415392 -0.308272
v -0.150670 -0.571342 -0.277904
v -0.223561 -0.492642 -0.299434
v -0.124996 -0.481425 -0.290266
v -0.184000 -0.411635 -0.306790
v -0.356160 -0.161044 -0.112558
v -0.314084 -0.061573 -0.132030
v -0.336646 -0.162477 -0.150750
v -0.342969 -0.113298 -0.087067
v -0.317130 -0.107328 -0.158275
v -0.324630 -0.065669 -0.099157
v -0.322190 -0.202951 0.165804
v -0.322816 -0.111966 0.200619
v -0.320947 -0.209936 0.210631
v -0.325069 -0.149790 0.142440
v -0.323438 -0.164790 0.227691
v -0.322820 -0.103628 0.159672
v 0.208340 -0.556608 0.368522
v 0.215323 -0.767402 0.466015
v 0.166094 -0.585675 0.386592
v 0.157217 -0.668978 0.436438
v 0.246290 -0.571039 0.401770
v 0.266266 -0.661870 0.459242
v 0.208186 -0.598131 -0.289350
v 0.141235 -0.416289 -0.309403
v 0.151285 -0.571548 -0.277232
v 0.125715 -0.481032 -0.290937
v 0.223692 -0.493159 -0.298315
v 0.185192 -0.412127 -0.306995
v 0.353934 -0.161812 -0.113306
v 0.312370 -0.052857 -0.131726
v 0.336822 -0.158224 -0.150310
v 0.341205 -0.110537 -0.086771
v 0.317037 -0.100353 -0.156593
v 0.320987 -0.056785 -0.097899
v 0.325176 -0.202603 0.171921
v 0.324762 -0.116668 0.210667
v 0.323215 -0.211628 0.217224
v 0.327492 -0.148934 0.148985
v 0.324158 -0.169088 0.236523
v 0.325653 -0.106250 0.168341
v 0.000719 -0.055789 0.732874
v 0.001002 0.027184 0.667410
v 0.047127 -0.032196 0.711632
v -0.044854 -0.032356 0.712285
v 0.044523 0.008277 0.679335
v -0.042219 0.008162 0.679640
v 0.295413 -0.218714 0.599922
v 0.315365 -0.145832 0.511031
v 0.312703 -0.238398 0.557728
v 0.323661 -0.194139 0.513976
v 0.293518 -0.160458 0.597175
v 0.301930 -0.132589 0.550743
v -0.294958 -0.217689 0.601111
v -0.314000 -0.142766 0.507401
v -0.313458 -0.236017 0.558224
v -0.322894 -0.191137 0.512020
v -0.293195 -0.159286 0.597804
v -0.301258 -0.129923 0.549292
v 0.183011 0.064023 0.399684
v 0.232561 0.037559 0.383131
v 0.196967 0.066673 0.355586
v 0.222070 0.053853 0.350048
v 0.195559 0.047341 0.437178
v 0.220577 0.032810 0.426422
v -0.183936 0.063026 0.402652
v -0.233960 0.037087 0.383070
v -0.197799 0.065560 0.358339
v -0.224819 0.052159 0.351813
v -0.196300 0.046890 0.439302
v -0.221327 0.032334 0.426371
v -0.000062 -0.002651 -0.614986
v 0.000706 0.036679 -0.715139
v 0.042684 0.002310 -0.638809
v -0.042856 0.002057 -0.639681
v 0.048873 0.020202 -0.691099
v -0.048163 0.022886 -0.689437
v 0.159027 -0.010595 -0.374234
v 0.211675 0.004108 -0.359914
v 0.175706 -0.024853 -0.342339
v 0.201678 -0.015146 -0.332945
v 0.172495 0.004945 -0.406351
v 0.199651 0.012063 -0.399093
v -0.158427 -0.010245 -0.376859
v -0.208440 0.003020 -0.361763
v -0.174757 -0.024183 -0.343714
v -0.197812 -0.014596 -0.333776
v -0.171809 0.005211 -0.407796
v -0.197338 0.011295 -0.401794
v 0.314227 0.214639 -0.659137
v 0.301561 0.162310 -0.538903
v 0.300362 0.243434 -0.593662
v 0.298681 0.209963 -0.542140
v 0.315451 0.156125 -0.656609
v 0.304389 0.139495 -0.587377
v -0.313623 0.217575 -0.660765
v -0.299014 0.165021 -0.540114
v -0.299470 0.246322 -0.594414
v -0.297672 0.212724 -0.543441
v -0.316123 0.158497 -0.658892
v -0.300647 0.142601 -0.588329
v 0.325125 0.038937 -0.032270
v 0.325070 0.035965 0.043576
v 0.329117 0.026999 -0.020455
v 0.328691 0.025294 0.018929
v 0.321157 0.048715 -0.006317
v 0.320506 0.046991 0.031125
v -0.332216 0.064313 -0.043167
v -0.331122 0.064609 0.030671
v -0.333935 0.053797 -0.032262
v -0.333684 0.054144 0.005453
v -0.328526 0.072894 -0.017859
v -0.328423 0.073947 0.018781
v -0.063718 0.433153 -0.176630
v -0.021059 0.504047 -0.200692
v -0.041835 0.428605 -0.175664
v -0.067068 0.472988 -0.193967
v -0.016913 0.469731 -0.188395
v -0.047381 0.505828 -0.206048
v -0.081617 0.294106 -0.135837
v -0.065080 0.262969 -0.114500
v -0.057943 0.330609 -0.144846
v -0.097807 0.247215 -0.115070
v -0.047625 0.314782 -0.136117
v -0.093434 0.234741 -0.100564
v -0.141124 0.436933 -0.204385
v -0.187284 0.526558 -0.280477
v -0.124532 0.478738 -0.218360
v -0.174353 0.433146 -0.229020
v -0.142225 0.520605 -0.255327
v -0.204535 0.481538 -0.266503
v -0.170742 0.285130 -0.176184
v -0.205888 0.242855 -0.199034
v -0.184041 0.323769 -0.203007
v -0.181405 0.232731 -0.159646
v -0.204761 0.307676 -0.219286
v -0.202496 0.213008 -0.166513
v -0.156317 0.215405 -0.108915
v -0.209954 0.151605 -0.041831
v -0.154540 0.202812 -0.086402
v -0.182106 0.195212 -0.103980
v -0.182352 0.172805 -0.049818
v -0.209023 0.160746 -0.072082
v 0.054601 0.444680 -0.167858
v 0.011564 0.513516 -0.197996
v 0.027609 0.442229 -0.161820
v 0.060023 0.485404 -0.187106
v 0.003067 0.484370 -0.176839
v 0.039700 0.515524 -0.203134
v 0.066199 0.298520 -0.129158
v 0.048792 0.262779 -0.111050
v 0.039092 0.337606 -0.132030
v 0.083286 0.248705 -0.111614
v 0.026857 0.317765 -0.124492
v 0.077938 0.235771 -0.095801
v 0.139930 0.442642 -0.207897
v 0.184944 0.531669 -0.282084
v 0.122452 0.485475 -0.219630
v 0.173771 0.437993 -0.231618
v 0.139893 0.526865 -0.255152
v 0.202279 0.485989 -0.268039
v 0.169291 0.288478 -0.177765
v 0.206888 0.243208 -0.200714
v 0.185958 0.327463 -0.205538
v 0.180357 0.233060 -0.160700
v 0.204486 0.308911 -0.220491
v 0.201997 0.211879 -0.166649
v 0.150156 0.214708 -0.109116
v 0.203567 0.147183 -0.039748
v 0.146645 0.201742 -0.085072
v 0.177061 0.194357 -0.104250
v 0.174956 0.170342 -0.047956
v 0.203619 0.158186 -0.070530
v -0.209412 -0.602124 0.015077
v -0.129069 -0.592245 0.011165
v -0.185513 -0.563202 0.044854
v -0.194150 -0.657765 -0.014590
v -0.148088 -0.568529 0.047419
v -0.149054 -0.636532 -0.022249
v -0.245372 -0.495307 0.121291
v -0.221991 -0.509610 0.230757
v -0.215558 -0.520070 0.132386
v -0.258747 -0.465811 0.157714
v -0.201823 -0.526006 0.186738
v -0.248994 -0.473836 0.211254
v -0.331768 -0.698653 -0.086411
v -0.287186 -0.763288 -0.222562
v -0.276734 -0.772014 -0.088213
v -0.357732 -0.652388 -0.139988
v -0.251098 -0.794787 -0.158188
v -0.348234 -0.683296 -0.208896
v -0.348181 -0.431173 -0.049040
v -0.366632 -0.304113 -0.088834
v -0.361093 -0.451881 -0.095666
v -0.347112 -0.361480 -0.026596
v -0.367023 -0.381213 -0.116540
v -0.356115 -0.302276 -0.045858
v -0.309798 -0.390473 0.076412
v -0.317845 -0.296165 0.124345
v -0.298982 -0.388863 0.120643
v -0.323738 -0.345554 0.057006
v -0.306173 -0.345306 0.146267
v -0.324601 -0.294767 0.080080
v 0.209949 -0.601077 0.015291
v 0.129515 -0.591725 0.012378
v 0.186352 -0.563265 0.044952
v 0.194657 -0.657092 -0.014571
v 0.148674 -0.567614 0.048797
v 0.150049 -0.636312 -0.022082
v 0.245434 -0.494661 0.122217
v 0.221774 -0.508339 0.230928
v 0.216553 -0.520758 0.132651
v 0.259363 -0.465265 0.158397
v 0.201273 -0.525065 0.187326
v 0.249909 -0.474178 0.211979
v 0.332536 -0.697304 -0.087332
v 0.287681 -0.763111 -0.222263
v 0.278295 -0.771106 -0.088773
v 0.357957 -0.650482 -0.139672
v 0.251839 -0.794693 -0.157854
v 0.348652 -0.682210 -0.208722
v 0.348293 -0.429066 -0.048414
v 0.366169 -0.302144 -0.088846
v 0.360839 -0.450261 -0.095181
v 0.347317 -0.359434 -0.026013
v 0.366085 -0.379489 -0.116712
v 0.357519 -0.299505 -0.045137
v 0.310365 -0.389182 0.078194
v 0.320314 -0.293451 0.126686
v 0.300784 -0.386270 0.122114
v 0.324098 -0.344116 0.058536
v 0.308773 -0.343314 0.148197
v 0.325786 -0.292119 0.083051
v -0.093288 -0.550412 0.685096
v -0.155623 -0.760359 0.670465
v -0.063032 -0.579847 0.667286
v -0.162988 -0.569114 0.693640
v -0.088611 -0.654559 0.642340
v -0.216895 -0.685920 0.701212
v 0.095555 -0.550121 0.684892
v 0.159333 -0.758783 0.672811
v 0.064443 -0.580285 0.665843
v 0.166377 -0.568102 0.692275
v 0.088954 -0.654664 0.645444
v 0.220447 -0.684442 0.700042
v 0.000736 -0.268447 0.746009
v -0.000031 -0.170082 0.824790
v 0.051219 -0.240220 0.750621
v -0.049850 -0.241050 0.750677
v 0.051339 -0.186810 0.770341
v -0.050224 -0.187102 0.771064
v 0.143138 -0.364336 0.708274
v 0.239633 -0.299053 0.675932
v 0.191134 -0.408212 0.695501
v 0.147498 -0.299381 0.715688
v 0.242784 -0.374547 0.679801
v 0.196577 -0.266139 0.700826
v -0.140157 -0.364410 0.708540
v -0.238002 -0.298600 0.677034
v -0.188703 -0.408870 0.696641
v -0.144347 -0.299013 0.715976
v -0.239888 -0.374430 0.680247
v -0.193964 -0.266677 0.701279
v -0.032884 0.136027 0.246371
v -0.051384 0.167457 0.143347
v -0.019599 0.151102 0.191750
v -0.057204 0.133669 0.251725
v -0.029907 0.166438 0.137387
v -0.065655 0.148887 0.202318
v 0.034875 0.134152 0.246944
v 0.049900 0.166753 0.144111
v 0.021204 0.150350 0.192265
v 0.058433 0.134819 0.249935
v 0.028148 0.166110 0.137770
v 0.067187 0.148376 0.201107
v 0.001281 0.110155 0.503801
v 0.000826 0.079504 0.589019
v 0.032472 0.103035 0.523086
v -0.030319 0.104256 0.523850
v 0.035772 0.087436 0.565120
v -0.033829 0.087850 0.565228
v 0.069015 0.108565 0.397887
v 0.127298 0.089366 0.406574
v 0.085477 0.109091 0.353474
v 0.080410 0.102404 0.448425
v 0.113460 0.101202 0.358054
v 0.109983 0.090127 0.451518
v -0.067660 0.108278 0.401106
v -0.126296 0.088325 0.410300
v -0.083510 0.108617 0.356404
v -0.077777 0.101822 0.451170
v -0.112154 0.100801 0.360638
v -0.108676 0.089584 0.453495
v -0.043235 -0.195793 -0.387100
v -0.086703 -0.293188 -0.348528
v -0.032465 -0.246177 -0.384874
v -0.072053 -0.188433 -0.375893
v -0.052295 -0.296709 -0.358127
v -0.095817 -0.234491 -0.360086
v 0.044242 -0.197304 -0.386810
v 0.087626 -0.294120 -0.348488
v 0.033332 -0.247834 -0.384555
v 0.072699 -0.189299 -0.375424
v 0.053153 -0.297386 -0.356735
v 0.096515 -0.236146 -0.359312
v -0.000368 0.003812 -0.445008
v -0.000348 0.008879 -0.518182
v 0.022697 0.009955 -0.457367
v -0.023637 0.010292 -0.457986
v 0.026615 0.010504 -0.494525
v -0.027847 0.010604 -0.494661
v 0.058393 -0.052540 -0.400566
v 0.105763 -0.024377 -0.386817
v 0.080031 -0.086160 -0.385704
v 0.062325 -0.013447 -0.414565
v 0.102581 -0.069658 -0.376059
v 0.087350 -0.006095 -0.413831
v -0.058483 -0.051721 -0.401072
v -0.105434 -0.022274 -0.387297
v -0.079892 -0.084318 -0.385841
v -0.062735 -0.012468 -0.415513
v -0.102902 -0.068053 -0.375988
v -0.088060 -0.004474 -0.414764
v -0.092268 0.548129 -0.646730
v -0.160707 0.635296 -0.566927
v -0.067138 0.612786 -0.618505
v -0.154047 0.534781 -0.648447
v -0.102099 0.650523 -0.572627
v -0.190362 0.582282 -0.614310
v 0.094053 0.548603 -0.647126
v 0.160491 0.635714 -0.565936
v 0.068009 0.613237 -0.618646
v 0.154363 0.534125 -0.647827
v 0.101762 0.650335 -0.571813
v 0.191091 0.582420 -0.613193
v 0.002326 0.244246 -0.781729
v 0.001977 0.122355 -0.786513
v 0.062142 0.212260 -0.794500
v -0.057418 0.213030 -0.793811
v 0.063978 0.148720 -0.799697
v -0.058951 0.150496 -0.797732
v 0.148683 0.347547 -0.736284
v 0.255190 0.283844 -0.731030
v 0.184630 0.387827 -0.703073
v 0.169826 0.283105 -0.781400
v 0.232210 0.354751 -0.695289
v 0.229877 0.248804 -0.784535
v -0.144827 0.347824 -0.735835
v -0.253878 0.285285 -0.733213
v -0.182400 0.387725 -0.703669
v -0.165732 0.283617 -0.781917
v -0.230055 0.355847 -0.695814
v -0.225522 0.250009 -0.786480
v 0.328187 0.039389 -0.269301
v 0.307465 0.081587 -0.256086
v 0.314178 0.074688 -0.298011
v 0.326636 0.036631 -0.232789
v 0.306761 0.094903 -0.295151
v 0.321696 0.041507 -0.224843
v 0.305353 0.055634 -0.196730
v 0.297031 0.030305 -0.155706
v 0.294219 0.039936 -0.210523
v 0.309040 0.061907 -0.163407
v 0.291264 0.023544 -0.190098
v 0.304587 0.058046 -0.139984
v 0.284576 0.047988 -0.301870
v 0.253984 0.027590 -0.334040
v 0.278245 0.035861 -0.281026
v 0.277984 0.052322 -0.340295
v 0.262511 0.023187 -0.296717
v 0.262821 0.043305 -0.359059
v 0.302371 0.079148 -0.351780
v 0.297848 0.116112 -0.436825
v 0.305652 0.092949 -0.362325
v 0.293558 0.078422 -0.378263
v 0.301835 0.118088 -0.402633
v 0.292240 0.092035 -0.423121
v 0.323586 0.053208 -0.175083
v 0.325535 0.046518 -0.105571
v 0.327325 0.044694 -0.168419
v 0.320686 0.059058 -0.148125
v 0.327388 0.039783 -0.132932
v 0.321036 0.057051 -0.114195
v 0.310454 0.021631 0.229150
v 0.309573 0.021351 0.177287
v 0.303732 0.023706 0.238172
v 0.316693 0.021258 0.195338
v 0.302238 0.027001 0.212434
v 0.316188 0.018294 0.168756
v 0.315679 0.006328 0.274365
v 0.319719 -0.041295 0.243790
v 0.317521 -0.032482 0.295170
v 0.312270 0.038843 0.242535
v 0.320606 -0.056958 0.282833
v 0.315612 0.005628 0.222219
v 0.309775 -0.035014 0.359572
v 0.309953 -0.087196 0.426562
v 0.314479 -0.056118 0.359277
v 0.303324 -0.038124 0.385257
v 0.315132 -0.087454 0.392436
v 0.301430 -0.059811 0.421005
v 0.295115 0.007490 0.327450
v 0.270709 0.017248 0.358622
v 0.290366 0.018349 0.306966
v 0.289703 -0.003864 0.361278
v 0.279009 0.023470 0.320454
v 0.277389 0.001406 0.379032
v 0.319844 0.037383 0.204034
v 0.322706 0.037207 0.123290
v 0.322311 0.029881 0.175522
v 0.318143 0.047315 0.191835
v 0.324968 0.028846 0.137181
v 0.318134 0.047511 0.149185
v -0.322846 0.072024 -0.268463
v -0.309351 0.090104 -0.261597
v -0.316595 0.089092 -0.300973
v -0.333039 0.055427 -0.239755
v -0.306816 0.106124 -0.298080
v -0.324643 0.059089 -0.232286
v -0.303163 0.044438 -0.201733
v -0.298116 0.012278 -0.160428
v -0.291812 0.029092 -0.213882
v -0.310795 0.050486 -0.168962
v -0.288342 0.010240 -0.194506
v -0.306969 0.036801 -0.147459
v -0.279958 0.045396 -0.305634
v -0.249244 0.023322 -0.336956
v -0.273251 0.032335 -0.283472
v -0.273284 0.050418 -0.342798
v -0.257838 0.018484 -0.298225
v -0.258714 0.041374 -0.361395
v -0.299635 0.084923 -0.353647
v -0.295974 0.119283 -0.439341
v -0.302973 0.102672 -0.363640
v -0.290378 0.081987 -0.380669
v -0.298594 0.124527 -0.404139
v -0.288887 0.094643 -0.425239
v -0.327310 0.064678 -0.180739
v -0.332058 0.066518 -0.114278
v -0.332282 0.060505 -0.176891
v -0.326523 0.068803 -0.153676
v -0.333804 0.058551 -0.142259
v -0.327884 0.071417 -0.120908
v -0.319572 0.033466 0.215496
v -0.320229 0.032097 0.166561
v -0.312466 0.031206 0.226965
v -0.324933 0.035582 0.180484
v -0.313357 0.032638 0.202802
v -0.324768 0.033719 0.155649
v -0.316096 0.021998 0.254876
v -0.318859 -0.032891 0.229268
v -0.316905 -0.020058 0.278924
v -0.313074 0.054704 0.219598
v -0.319382 -0.047391 0.268643
v -0.316570 0.017841 0.204587
v -0.309282 -0.026643 0.346946
v -0.309391 -0.082219 0.418777
v -0.313696 -0.047696 0.347411
v -0.302760 -0.031308 0.375197
v -0.315481 -0.079083 0.382372
v -0.301273 -0.054957 0.412688
v -0.298336 0.012742 0.315424
v -0.273294 0.017908 0.351967
v -0.295181 0.022203 0.296532
v -0.292454 0.000551 0.351528
v -0.282807 0.025115 0.313047
v -0.279244 0.003843 0.372537
v -0.326474 0.056970 0.182922
v -0.329956 0.062657 0.106499
v -0.330843 0.050597 0.157435
v -0.322834 0.064838 0.170653
v -0.332473 0.052479 0.119529
v -0.325253 0.069772 0.132271
v 0.046499 0.496575 -0.190075
v 0.001441 0.342969 -0.144522
v 0.052278 0.495799 -0.204757
v 0.006862 0.391443 -0.162839
v 0.018171 0.421758 -0.172355
v 0.007895 0.354091 -0.151114
v -0.036569 0.587986 -0.255680
v -0.095487 0.624501 -0.310548
v -0.060106 0.571726 -0.251449
v -0.091139 0.584036 -0.275376
v -0.032855 0.616003 -0.281925
v -0.059488 0.638417 -0.313761
v -0.028699 0.484971 -0.183108
v -0.009911 0.333471 -0.136839
v -0.029337 0.459209 -0.167981
v -0.013703 0.382782 -0.143767
v -0.011110 0.413453 -0.167168
v -0.012124 0.345353 -0.148495
v 0.032224 0.591420 -0.256728
v 0.091201 0.626938 -0.310017
v 0.055614 0.576161 -0.251029
v 0.087439 0.588283 -0.274541
v 0.028641 0.618372 -0.282073
v 0.056248 0.639331 -0.314127
v -0.150191 0.174670 0.033963
v -0.207581 0.133022 0.058867
v -0.150813 0.178612 -0.002996
v -0.180098 0.158618 0.011699
v -0.174720 0.149921 0.087941
v -0.203972 0.128720 0.096878
v -0.007979 0.215423 -0.046884
v 0.001228 0.211939 -0.046545
v -0.008208 0.197476 0.015299
v 0.002083 0.196332 0.014719
v -0.002244 0.233625 -0.115204
v -0.007849 0.226920 -0.116848
v -0.134147 0.154131 0.168712
v -0.167420 0.102333 0.270107
v -0.121945 0.138151 0.215509
v -0.139609 0.113457 0.267352
v -0.162311 0.137742 0.175329
v -0.179543 0.111133 0.224605
v -0.447846 0.564632 -0.337789
v -0.244657 0.392153 -0.318285
v -0.304199 0.484949 -0.309246
v -0.246443 0.417946 -0.294526
v -0.407573 0.496089 -0.375596
v -0.278645 0.424698 -0.365964
v -0.072958 0.716153 -0.428876
v 0.071508 0.714728 -0.428557
v -0.038461 0.699552 -0.475571
v 0.036818 0.699460 -0.475582
v -0.031357 0.689558 -0.388924
v 0.029154 0.689245 -0.388947
v -0.279577 0.515586 -0.511456
v -0.277990 0.374637 -0.560831
v -0.254329 0.489941 -0.565450
v -0.263143 0.419583 -0.593176
v -0.299429 0.469730 -0.487214
v -0.282441 0.398124 -0.508772
v -0.272521 0.100470 -0.113355
v -0.283812 0.079002 -0.037046
v -0.252523 0.126769 -0.107799
v -0.257435 0.113029 -0.071454
v -0.298716 0.061874 -0.080401
v -0.302587 0.055358 -0.041442
v -0.273730 0.224396 -0.360136
v -0.287606 0.235791 -0.447324
v -0.283352 0.182722 -0.367069
v -0.289216 0.190614 -0.407624
v -0.275775 0.288417 -0.393655
v -0.281933 0.289575 -0.438590
v -0.323251 0.037595 -0.141064
v -0.332358 0.035058 -0.085491
v -0.328451 0.038272 -0.153099
v -0.333220 0.038200 -0.125008
v -0.325186 0.032416 -0.100298
v -0.330022 0.031528 -0.073159
v -0.275393 0.065377 0.186633
v -0.249592 0.059653 0.266286
v -0.284490 0.050557 0.220583
v -0.271459 0.049492 0.258669
v -0.246749 0.082008 0.186659
v -0.235686 0.078040 0.227498
v -0.327184 0.029762 0.055912
v -0.333179 0.036365 0.030449
v -0.329608 0.032371 0.081142
v -0.333726 0.036326 0.068261
v -0.327060 0.029047 0.017665
v -0.330974 0.030904 0.004959
v 0.140800 0.174312 0.037275
v 0.202403 0.129370 0.062577
v 0.141390 0.178051 0.000391
v 0.172886 0.156069 0.014942
v 0.170767 0.150229 0.090392
v 0.199860 0.126482 0.100026
v 0.131576 0.154745 0.168533
v 0.167047 0.103044 0.268862
v 0.120226 0.138425 0.214165
v 0.138453 0.116170 0.265622
v 0.160071 0.138756 0.176828
v 0.178559 0.111463 0.224599
v 0.450537 0.577376 -0.341199
v 0.246162 0.391612 -0.317595
v 0.304986 0.488693 -0.310844
v 0.247970 0.417908 -0.294993
v 0.417582 0.502311 -0.372481
v 0.279551 0.424281 -0.364274
v 0.278441 0.515134 -0.512749
v 0.278249 0.373647 -0.560503
v 0.254726 0.490125 -0.566538
v 0.263035 0.418367 -0.592466
v 0.299117 0.469461 -0.487699
v 0.282093 0.396564 -0.507945
v 0.270758 0.100965 -0.109168
v 0.278799 0.072701 -0.031979
v 0.250022 0.126586 -0.105626
v 0.253423 0.110088 -0.067626
v 0.293733 0.060028 -0.074053
v 0.299935 0.043849 -0.032858
v 0.274646 0.221825 -0.359924
v 0.288769 0.232493 -0.445651
v 0.285033 0.179036 -0.366147
v 0.290565 0.186638 -0.406322
v 0.276477 0.286298 -0.393673
v 0.282707 0.287771 -0.438704
v 0.316066 0.032110 -0.133111
v 0.327797 0.017570 -0.074783
v 0.320361 0.030200 -0.144579
v 0.325494 0.024104 -0.114472
v 0.320962 0.019803 -0.090088
v 0.325420 0.014503 -0.062018
v 0.270785 0.061260 0.191962
v 0.247321 0.060585 0.268502
v 0.278687 0.047889 0.226056
v 0.269515 0.048345 0.264572
v 0.246751 0.078533 0.190940
v 0.234799 0.077735 0.230005
v 0.323825 0.005995 0.069351
v 0.330446 0.007046 0.045783
v 0.324708 0.008742 0.096250
v 0.329188 0.009758 0.084596
v 0.325100 0.004761 0.031781
v 0.328646 0.005606 0.019388
v -0.067581 -0.583817 0.160037
v -0.113641 -0.581748 0.268950
v -0.110503 -0.575878 0.154340
v -0.131729 -0.571979 0.206236
v -0.047051 -0.590764 0.216111
v -0.069729 -0.591906 0.274170
v -0.071657 -0.572483 -0.112674
v -0.098752 -0.631778 -0.200792
v -0.100135 -0.647938 -0.109303
v -0.107322 -0.700055 -0.159253
v -0.051433 -0.540937 -0.152668
v -0.067109 -0.560359 -0.192413
v 0.067813 -0.583413 0.159711
v 0.113353 -0.581465 0.268767
v 0.110135 -0.576181 0.154537
v 0.131087 -0.572234 0.207135
v 0.046887 -0.589379 0.216923
v 0.069723 -0.590854 0.274064
v 0.071613 -0.572611 -0.112882
v 0.098879 -0.631677 -0.201684
v 0.100521 -0.647091 -0.109268
v 0.106373 -0.700562 -0.158966
v 0.051426 -0.541163 -0.152423
v 0.067232 -0.560420 -0.193064
v -0.286128 -0.443794 0.337102
v -0.308195 -0.324378 0.271199
v -0.283513 -0.418513 0.277423
v -0.297622 -0.365043 0.247315
v -0.301622 -0.405402 0.362207
v -0.309481 -0.340895 0.325537
v -0.051553 -0.620339 0.461908
v 0.051917 -0.620486 0.461720
v -0.029904 -0.596904 0.528115
v 0.030355 -0.597110 0.527802
v -0.025292 -0.602430 0.400448
v 0.024750 -0.603338 0.400468
v -0.317427 -0.552319 0.545574
v -0.319817 -0.378232 0.560724
v -0.322365 -0.556049 0.623947
v -0.317132 -0.447750 0.619494
v -0.318155 -0.453659 0.491437
v -0.323053 -0.381837 0.502853
v -0.311847 -0.410029 -0.277750
v -0.337329 -0.281954 -0.214692
v -0.347090 -0.453576 -0.249046
v -0.352251 -0.372710 -0.210351
v -0.296596 -0.308962 -0.275236
v -0.312820 -0.256788 -0.248248
v -0.040342 -0.448683 -0.284168
v 0.040312 -0.449367 -0.285055
v -0.019419 -0.398592 -0.310543
v 0.020119 -0.398873 -0.311001
v -0.020628 -0.485009 -0.255316
v 0.021197 -0.485102 -0.254810
v -0.190433 -0.251840 -0.323352
v -0.180493 -0.120105 -0.328435
v -0.158113 -0.205120 -0.338255
v -0.155088 -0.141956 -0.342208
v -0.223954 -0.221588 -0.314904
v -0.212417 -0.155097 -0.312444
v -0.338367 -0.129579 -0.013999
v -0.330660 -0.139317 0.061467
v -0.341193 -0.185329 0.001635
v -0.335307 -0.188672 0.040420
v -0.330383 -0.082755 0.006101
v -0.329399 -0.087854 0.042400
v -0.279330 -0.084938 -0.220782
v -0.234043 -0.047744 -0.273671
v -0.268177 -0.040579 -0.227901
v -0.249981 -0.028111 -0.257258
v -0.272504 -0.121427 -0.246117
v -0.246057 -0.097808 -0.270742
v -0.318273 0.011178 -0.061976
v -0.320751 0.073322 -0.036359
v -0.317566 0.043712 -0.080915
v -0.321264 0.072167 -0.069414
v -0.320614 0.007759 -0.029096
v -0.319757 0.044372 -0.015207
v -0.323110 -0.188495 0.320473
v -0.324994 -0.201199 0.416341
v -0.323047 -0.144576 0.331485
v -0.323375 -0.152583 0.375678
v -0.321610 -0.244895 0.357794
v -0.323492 -0.252542 0.409359
v -0.320265 -0.001183 0.112524
v -0.320743 0.080206 0.066281
v -0.317726 0.037735 0.126811
v -0.318957 0.076453 0.103394
v -0.321209 -0.000699 0.075515
v -0.320305 0.042886 0.054185
v 0.286013 -0.443090 0.337487
v 0.310142 -0.322260 0.273832
v 0.285510 -0.417464 0.277270
v 0.300097 -0.362523 0.249541
v 0.303262 -0.405042 0.362845
v 0.311147 -0.339885 0.327675
v 0.319685 -0.554178 0.543076
v 0.319300 -0.378935 0.558981
v 0.324164 -0.556238 0.619362
v 0.318802 -0.448270 0.616622
v 0.317749 -0.454192 0.489256
v 0.321297 -0.383166 0.501566
v 0.312720 -0.411498 -0.277413
v 0.336725 -0.280728 -0.214201
v 0.347579 -0.454042 -0.247692
v 0.352835 -0.372333 -0.209914
v 0.296857 -0.309749 -0.274867
v 0.312985 -0.254783 -0.247401
v 0.192054 -0.252472 -0.323938
v 0.181693 -0.121640 -0.328119
v 0.158570 -0.206351 -0.338739
v 0.156689 -0.144588 -0.342658
v 0.225363 -0.222779 -0.315588
v 0.213285 -0.156138 -0.311919
v 0.339916 -0.123990 -0.012160
v 0.332948 -0.135095 0.066411
v 0.343244 -0.181457 0.004296
v 0.337333 -0.184843 0.044587
v 0.330213 -0.075423 0.009250
v 0.329599 -0.082579 0.047002
v 0.281313 -0.077866 -0.218200
v 0.237043 -0.043081 -0.271058
v 0.270547 -0.032177 -0.225816
v 0.254926 -0.021924 -0.255408
v 0.273715 -0.116241 -0.244055
v 0.247969 -0.094646 -0.268742
v 0.309267 0.026383 -0.058101
v 0.310907 0.064869 -0.031192
v 0.306422 0.061246 -0.074839
v 0.311243 0.064814 -0.064896
v 0.312850 0.021983 -0.024934
v 0.308589 0.062571 -0.009080
v 0.324266 -0.191399 0.328047
v 0.324819 -0.204453 0.421876
v 0.324701 -0.149920 0.340821
v 0.323786 -0.157849 0.383896
v 0.323629 -0.246331 0.362351
v 0.324691 -0.254036 0.413155
v 0.320011 -0.006914 0.122610
v 0.314141 0.060012 0.075921
v 0.314601 0.028328 0.139712
v 0.307239 0.077769 0.114357
v 0.319717 -0.000334 0.083464
v 0.314487 0.038193 0.061813
v 0.141683 -0.074845 0.702794
v 0.229376 -0.117196 0.662574
v 0.146758 -0.123992 0.718579
v 0.193329 -0.146315 0.697335
v 0.178324 -0.052015 0.666426
v 0.218636 -0.073024 0.646163
v -0.139858 -0.075210 0.704040
v -0.227881 -0.117726 0.664249
v -0.145057 -0.124062 0.719947
v -0.191597 -0.146737 0.698738
v -0.176854 -0.052469 0.667592
v -0.217169 -0.073212 0.647502
v 0.118852 0.036611 0.618858
v 0.165950 0.045318 0.532121
v 0.110798 0.062155 0.584299
v 0.134643 0.064346 0.541401
v 0.158053 0.018463 0.613762
v 0.180116 0.024933 0.569071
v -0.117560 0.036869 0.620217
v -0.165717 0.044595 0.533517
v -0.109361 0.062550 0.585298
v -0.133879 0.064168 0.542434
v -0.157278 0.018332 0.614739
v -0.179879 0.024612 0.570186
v 0.272232 -0.059486 0.524706
v 0.245085 -0.007160 0.483196
v 0.276605 -0.044479 0.478975
v 0.265639 -0.019891 0.461715
v 0.251881 -0.042865 0.553423
v 0.236368 -0.015294 0.529828
v -0.270833 -0.057881 0.521145
v -0.244561 -0.006143 0.480078
v -0.275252 -0.043138 0.473873
v -0.263900 -0.018709 0.456027
v -0.249867 -0.041831 0.551736
v -0.234599 -0.014186 0.527992
v 0.105527 0.007645 -0.567700
v 0.143222 0.012784 -0.486126
v 0.091277 0.009121 -0.520008
v 0.110760 0.009819 -0.483538
v 0.145853 0.013078 -0.576516
v 0.162874 0.018147 -0.530014
v -0.105730 0.006678 -0.569285
v -0.143978 0.012605 -0.488117
v -0.091781 0.008718 -0.521474
v -0.111831 0.009307 -0.485687
v -0.146075 0.012937 -0.578890
v -0.162367 0.018009 -0.533051
v 0.159199 0.048392 -0.727684
v 0.266738 0.094296 -0.729387
v 0.174371 0.090494 -0.773420
v 0.232559 0.117864 -0.774859
v 0.194634 0.032610 -0.686259
v 0.242092 0.054193 -0.686351
v -0.158906 0.048602 -0.729587
v -0.265971 0.095033 -0.731415
v -0.172437 0.091673 -0.775127
v -0.230775 0.119025 -0.776876
v -0.194955 0.033678 -0.688482
v -0.242804 0.054676 -0.688291
v 0.230944 0.040587 -0.465800
v 0.269669 0.076784 -0.534194
v 0.253082 0.052707 -0.449058
v 0.268945 0.070219 -0.479291
v 0.224902 0.042287 -0.516696
v 0.248144 0.058591 -0.557084
v -0.228338 0.040589 -0.467718
v -0.267733 0.077363 -0.536590
v -0.249033 0.052777 -0.450495
v -0.265453 0.071863 -0.480096
v -0.223983 0.040977 -0.519386
v -0.247502 0.057264 -0.560305
v -0.085949 0.352181 -0.153192
v -0.102425 0.399246 -0.163091
v -0.065766 0.388940 -0.163673
v -0.085057 0.437598 -0.177524
v -0.112285 0.275640 -0.137963
v -0.071608 0.342624 -0.150202
v -0.103621 0.260358 -0.127186
v -0.140190 0.350758 -0.170086
v -0.109067 0.439647 -0.182125
v -0.153317 0.389651 -0.195450
v -0.140400 0.272535 -0.148991
v -0.163062 0.339121 -0.186690
v -0.160784 0.253204 -0.153572
v -0.129984 0.235754 -0.116959
v -0.157936 0.230947 -0.131653
v 0.075142 0.360469 -0.146931
v 0.099431 0.408035 -0.162799
v 0.052319 0.399228 -0.152805
v 0.080327 0.447964 -0.174267
v 0.103967 0.280118 -0.135557
v 0.056922 0.350449 -0.140196
v 0.092501 0.263307 -0.124590
v 0.138031 0.356413 -0.172520
v 0.107645 0.447033 -0.186715
v 0.153282 0.395323 -0.197614
v 0.136610 0.276743 -0.149217
v 0.162339 0.342881 -0.189894
v 0.158799 0.254687 -0.155047
v 0.120756 0.236358 -0.117279
v 0.153758 0.231441 -0.131966
v -0.251979 -0.539097 0.046554
v -0.277858 -0.612207 -0.010039
v -0.220526 -0.554375 0.044984
v -0.239956 -0.650493 -0.008615
v -0.284310 -0.471543 0.066627
v -0.232762 -0.525470 0.085285
v -0.271693 -0.465217 0.108833
v -0.329282 -0.548087 -0.038756
v -0.287279 -0.697169 -0.033174
v -0.350234 -0.602030 -0.081631
v -0.317104 -0.453628 0.013688
v -0.350037 -0.510593 -0.068219
v -0.333258 -0.412795 -0.006626
v -0.292198 -0.430568 0.093682
v -0.320609 -0.398763 0.034741
v 0.252338 -0.538307 0.045977
v 0.279166 -0.612191 -0.011161
v 0.221352 -0.554326 0.045587
v 0.240421 -0.649272 -0.010671
v 0.284913 -0.471570 0.068264
v 0.232632 -0.523434 0.084738
v 0.271479 -0.465179 0.108756
v 0.327908 -0.546212 -0.038225
v 0.288029 -0.696513 -0.033874
v 0.350340 -0.600984 -0.082890
v 0.318090 -0.452342 0.014067
v 0.348873 -0.508111 -0.068226
v 0.334910 -0.410874 -0.005554
v 0.292837 -0.428861 0.095905
v 0.322733 -0.397172 0.034857
v 0.001252 -0.491068 0.693927
v -0.076402 -0.442606 0.704378
v -0.029808 -0.532179 0.681821
v -0.116962 -0.495316 0.696048
v 0.078279 -0.442548 0.704743
v 0.031746 -0.532526 0.681470
v 0.119767 -0.495472 0.696808
v 0.046566 -0.351340 0.722657
v -0.044693 -0.351525 0.722443
v 0.049422 -0.295982 0.736762
v -0.047884 -0.296304 0.735585
v 0.134642 -0.430592 0.702501
v 0.096276 -0.327122 0.723139
v -0.131878 -0.430790 0.702844
v -0.094187 -0.327187 0.723106
v 0.001034 0.124257 0.291561
v -0.031641 0.116898 0.342699
v -0.011130 0.135964 0.243447
v -0.044844 0.122045 0.299113
v 0.034105 0.117204 0.340924
v 0.011636 0.136437 0.243541
v 0.047277 0.122852 0.298129
v 0.024035 0.114191 0.424610
v -0.021885 0.115196 0.427192
v 0.029210 0.113474 0.478145
v -0.026428 0.112465 0.478722
v 0.058108 0.114148 0.348708
v 0.050330 0.110297 0.438836
v -0.056815 0.114791 0.350339
v -0.048773 0.111639 0.445905
v 0.000255 -0.157273 -0.398807
v -0.032677 -0.110341 -0.399423
v -0.014211 -0.199706 -0.394176
v -0.051026 -0.146848 -0.389890
v 0.032715 -0.111669 -0.398227
v 0.015597 -0.200250 -0.394512
v 0.051688 -0.147171 -0.388671
v 0.018596 -0.042711 -0.415265
v -0.018616 -0.041666 -0.415230
v 0.020224 -0.007620 -0.431358
v -0.020705 -0.007160 -0.430659
v 0.055862 -0.098781 -0.393130
v 0.039055 -0.026095 -0.415685
v -0.055412 -0.098210 -0.394294
v -0.040039 -0.024661 -0.416467
v 0.001268 0.498583 -0.671753
v -0.074644 0.433739 -0.698428
v -0.030140 0.556378 -0.647287
v -0.112202 0.480780 -0.673900
v 0.077629 0.433487 -0.698309
v 0.032385 0.556164 -0.647052
v 0.114833 0.480944 -0.675012
v 0.050904 0.336890 -0.745749
v -0.046845 0.336688 -0.746554
v 0.057010 0.275812 -0.773286
v -0.052700 0.275863 -0.773049
v 0.131729 0.414155 -0.702285
v 0.106675 0.310414 -0.760001
v -0.128213 0.413440 -0.701903
v -0.102554 0.310535 -0.760246
v 0.312705 0.062685 -0.290271
v 0.321480 0.052138 -0.233515
v 0.316029 0.065332 -0.296756
v 0.326114 0.043765 -0.233958
v 0.301246 0.053211 -0.252641
v 0.315273 0.057187 -0.211763
v 0.298156 0.048395 -0.231618
v 0.313446 0.060518 -0.187796
v 0.300938 0.061292 -0.301400
v 0.291401 0.046160 -0.265707
v 0.291406 0.058765 -0.320968
v 0.308905 0.074078 -0.324549
v 0.296837 0.068711 -0.337575
v 0.325113 0.048089 -0.203258
v 0.318963 0.059632 -0.181343
v 0.305940 0.015605 0.282766
v 0.315393 0.025265 0.246517
v 0.304264 0.019387 0.261517
v 0.316781 0.023768 0.220780
v 0.315147 -0.002864 0.309519
v 0.320640 0.036029 0.272770
v 0.316261 -0.014862 0.304646
v 0.316754 0.039259 0.258992
v 0.306054 -0.003262 0.325656
v 0.314954 -0.027049 0.332831
v 0.303718 -0.019253 0.354282
v 0.299275 0.015080 0.293934
v 0.298495 -0.004903 0.343077
v 0.319442 0.029320 0.212984
v 0.317536 0.044863 0.235254
v -0.312499 0.073088 -0.294049
v -0.321945 0.064248 -0.238551
v -0.316418 0.079977 -0.299123
v -0.327738 0.063216 -0.238740
v -0.298673 0.051620 -0.255560
v -0.315945 0.060257 -0.216041
v -0.294666 0.042333 -0.234518
v -0.313834 0.056770 -0.191546
v -0.298122 0.063866 -0.304813
v -0.286587 0.042697 -0.268748
v -0.287375 0.058817 -0.324308
v -0.307627 0.085083 -0.327171
v -0.293585 0.071189 -0.340615
v -0.327927 0.062058 -0.208725
v -0.322440 0.064038 -0.185722
v -0.314074 0.026345 0.268377
v -0.323508 0.041724 0.227961
v -0.313533 0.029338 0.248748
v -0.324324 0.038612 0.204201
v -0.316638 0.014155 0.293920
v -0.320169 0.052610 0.245855
v -0.316651 0.001881 0.288065
v -0.316818 0.055025 0.233123
v -0.309495 0.008347 0.311429
v -0.313567 -0.015747 0.317708
v -0.305745 -0.009534 0.341614
v -0.305523 0.021904 0.281677
v -0.301407 0.002103 0.330652
v -0.326690 0.046848 0.193615
v -0.320657 0.060164 0.209341
v 0.027154 0.537795 -0.202245
v -0.010116 0.552960 -0.219097
v 0.010166 0.513013 -0.198354
v -0.027912 0.533396 -0.215211
v -0.015237 0.530161 -0.211307
v 0.003535 0.559334 -0.228673
v -0.013574 0.516476 -0.194466
v 0.020627 0.539843 -0.217456
v 0.019036 0.519000 -0.195217
v 0.040484 0.518750 -0.197400
v 0.022172 0.478967 -0.185263
v 0.000283 0.578850 -0.241487
v -0.034020 0.561242 -0.232229
v -0.013288 0.597050 -0.257874
v -0.032197 0.517578 -0.194056
v -0.000337 0.471453 -0.183089
v 0.028601 0.565680 -0.236175
v 0.008550 0.598498 -0.257400
v -0.033599 0.264153 -0.109743
v -0.087960 0.212382 -0.046434
v -0.039802 0.292883 -0.124738
v -0.089663 0.222370 -0.079913
v -0.038110 0.200859 0.026670
v -0.083700 0.190215 0.101657
v -0.035897 0.183710 0.082877
v -0.076889 0.167729 0.152393
v -0.012031 0.239860 -0.093356
v -0.016434 0.320711 -0.134578
v -0.002241 0.291479 -0.126129
v -0.118696 0.194820 0.064125
v -0.119311 0.197466 -0.023198
v -0.146756 0.171974 0.075798
v -0.020816 0.199799 0.019759
v -0.005588 0.241129 -0.101530
v -0.104956 0.164791 0.161595
v -0.146621 0.171942 0.123701
v -0.171731 0.615698 -0.334548
v -0.286460 0.588523 -0.350681
v -0.159107 0.565662 -0.293877
v -0.244732 0.534449 -0.306215
v -0.197226 0.796898 -0.484230
v -0.222824 0.622409 -0.499223
v -0.138749 0.695825 -0.522449
v -0.204802 0.601129 -0.552912
v -0.144422 0.720383 -0.385087
v -0.127608 0.600213 -0.302501
v -0.095757 0.669894 -0.348321
v -0.346419 0.631068 -0.429485
v -0.327468 0.546603 -0.329205
v -0.441941 0.584595 -0.427792
v -0.112019 0.734451 -0.476305
v -0.091591 0.713341 -0.387543
v -0.243183 0.557971 -0.533342
v -0.331410 0.546808 -0.462694
v -0.233736 0.256327 -0.249891
v -0.243628 0.165509 -0.183099
v -0.220164 0.286272 -0.234739
v -0.223332 0.190351 -0.174051
v -0.278000 0.151001 -0.286144
v -0.299173 0.090090 -0.212966
v -0.293973 0.126992 -0.293315
v -0.313065 0.072124 -0.222606
v -0.257474 0.252545 -0.305214
v -0.235315 0.334230 -0.273506
v -0.258591 0.332985 -0.335684
v -0.287082 0.091755 -0.161454
v -0.247672 0.143564 -0.144800
v -0.293834 0.074727 -0.120211
v -0.278879 0.167612 -0.326855
v -0.266118 0.275268 -0.349333
v -0.321877 0.043405 -0.182065
v -0.309246 0.054303 -0.129983
v -0.239529 0.116285 0.031778
v -0.265891 0.097794 -0.000028
v -0.210362 0.144309 -0.010184
v -0.237343 0.127580 -0.036898
v -0.303126 0.048236 0.146540
v -0.321833 0.032352 0.104015
v -0.310810 0.037777 0.175864
v -0.323680 0.032670 0.129644
v -0.266320 0.086617 0.110626
v -0.210241 0.138022 0.022547
v -0.234440 0.107794 0.104649
v -0.308666 0.047229 0.035043
v -0.260979 0.104941 -0.035783
v -0.305239 0.051734 -0.003860
v -0.296009 0.049947 0.182970
v -0.256120 0.084861 0.147148
v -0.326115 0.031096 0.093126
v -0.322939 0.030534 0.029128
v 0.015134 0.257012 -0.104820
v 0.077289 0.212541 -0.040445
v 0.019410 0.289763 -0.116276
v 0.075520 0.223148 -0.075285
v 0.032121 0.198390 0.028516
v 0.079060 0.185805 0.102153
v 0.032708 0.182848 0.083769
v 0.074945 0.166036 0.151040
v -0.000786 0.232546 -0.089773
v -0.000100 0.314551 -0.124746
v -0.009723 0.282600 -0.125613
v 0.015283 0.197790 0.019820
v -0.005316 0.234656 -0.101333
v 0.112135 0.197449 0.067566
v 0.109048 0.197745 -0.017669
v 0.141700 0.173645 0.079615
v 0.101003 0.163846 0.159705
v 0.142787 0.172886 0.126189
v 0.168595 0.618582 -0.335181
v 0.279028 0.593485 -0.353824
v 0.156443 0.570714 -0.294074
v 0.241028 0.539106 -0.307750
v 0.198075 0.797056 -0.483983
v 0.220363 0.622529 -0.500655
v 0.139697 0.695077 -0.521892
v 0.204646 0.601276 -0.553513
v 0.142851 0.721305 -0.383720
v 0.124578 0.603504 -0.303011
v 0.092612 0.670643 -0.347689
v 0.111686 0.734793 -0.476614
v 0.089611 0.713477 -0.387600
v 0.329035 0.626686 -0.437166
v 0.322985 0.553214 -0.332581
v 0.440480 0.593651 -0.429013
v 0.243137 0.558826 -0.534905
v 0.327036 0.547567 -0.465132
v 0.233277 0.257187 -0.249789
v 0.244396 0.167426 -0.182375
v 0.220771 0.286355 -0.235422
v 0.223216 0.190760 -0.173930
v 0.278118 0.151109 -0.283128
v 0.295310 0.090562 -0.208183
v 0.293435 0.121979 -0.290132
v 0.309657 0.064193 -0.216271
v 0.256572 0.252274 -0.305101
v 0.235328 0.335254 -0.274105
v 0.257440 0.332041 -0.336986
v 0.282618 0.097116 -0.157591
v 0.246747 0.144516 -0.142532
v 0.288535 0.077439 -0.115269
v 0.280682 0.165694 -0.324969
v 0.267217 0.274431 -0.348677
v 0.310137 0.051833 -0.176058
v 0.302539 0.055884 -0.124278
v 0.232343 0.108896 0.033947
v 0.258346 0.089672 0.004086
v 0.203578 0.138495 -0.007594
v 0.231272 0.122556 -0.034043
v 0.295098 0.038787 0.153396
v 0.317161 0.011840 0.116247
v 0.300447 0.031218 0.183937
v 0.316755 0.015332 0.142142
v 0.258249 0.079173 0.114303
v 0.203103 0.132460 0.026039
v 0.230846 0.102290 0.107927
v 0.302630 0.033147 0.043779
v 0.255786 0.098561 -0.031886
v 0.301827 0.036978 0.005738
v 0.288097 0.043960 0.189697
v 0.254927 0.078428 0.152421
v 0.321823 0.009409 0.105948
v 0.321450 0.007853 0.041743
v -0.065641 -0.572951 0.059204
v -0.067466 -0.574692 -0.029538
v -0.108239 -0.573229 0.054086
v -0.109182 -0.604411 -0.028090
v 0.065694 -0.573310 0.059558
v 0.067570 -0.574403 -0.029097
v 0.107769 -0.573252 0.055167
v 0.109492 -0.603130 -0.027670
v -0.000369 -0.577369 0.111321
v -0.087526 -0.575075 0.105741
v -0.022841 -0.584160 0.163013
v 0.000059 -0.539285 -0.073186
v -0.089495 -0.598396 -0.069978
v -0.026367 -0.533883 -0.113390
v 0.087232 -0.574370 0.105700
v 0.022803 -0.583959 0.162984
v 0.089711 -0.597968 -0.069710
v 0.026319 -0.533813 -0.113535
v -0.177960 -0.557160 0.315080
v -0.241238 -0.521360 0.336166
v -0.189967 -0.537789 0.247829
v -0.242972 -0.492251 0.270935
v -0.128031 -0.772048 0.500142
v -0.276284 -0.768058 0.546065
v -0.093850 -0.753952 0.607524
v -0.245443 -0.764210 0.648644
v -0.121302 -0.601170 0.394802
v -0.152828 -0.561730 0.260501
v -0.094002 -0.590191 0.334781
v -0.283762 -0.563612 0.437079
v -0.265138 -0.471360 0.306225
v -0.292960 -0.478132 0.399494
v -0.077068 -0.670833 0.523004
v -0.073244 -0.607296 0.398618
v -0.311966 -0.684638 0.611793
v -0.306781 -0.519909 0.469710
v -0.173775 -0.696203 -0.277084
v -0.274575 -0.593986 -0.302817
v -0.213176 -0.782912 -0.228619
v -0.316889 -0.670287 -0.273244
v -0.098677 -0.410472 -0.309879
v -0.150763 -0.343839 -0.321773
v -0.074859 -0.350147 -0.332533
v -0.121594 -0.286434 -0.340184
v -0.104184 -0.533172 -0.264818
v -0.126755 -0.738217 -0.223473
v -0.083311 -0.561954 -0.231434
v -0.226121 -0.392184 -0.302648
v -0.321532 -0.532049 -0.281290
v -0.266163 -0.357370 -0.293092
v -0.058140 -0.403079 -0.310838
v -0.062608 -0.502169 -0.258128
v -0.156341 -0.272933 -0.331457
v -0.226797 -0.302088 -0.308661
v -0.351453 -0.229662 -0.141653
v -0.355888 -0.172040 -0.074770
v -0.360432 -0.304884 -0.130928
v -0.358341 -0.238463 -0.061692
v -0.300924 -0.057204 -0.166302
v -0.311635 -0.019864 -0.111578
v -0.290527 -0.017173 -0.177391
v -0.307093 0.014106 -0.127481
v -0.318130 -0.155028 -0.186040
v -0.351313 -0.298384 -0.173906
v -0.317378 -0.204702 -0.216516
v -0.329711 -0.070750 -0.063981
v -0.347425 -0.181534 -0.036917
v -0.331348 -0.078158 -0.029667
v -0.284694 -0.050176 -0.197833
v -0.296721 -0.141455 -0.218142
v -0.313244 0.014046 -0.094333
v -0.322311 -0.028150 -0.044204
v -0.317100 -0.256969 0.192223
v -0.324913 -0.196619 0.122868
v -0.311621 -0.301785 0.171044
v -0.325617 -0.244747 0.102044
v -0.323540 -0.122195 0.243308
v -0.321561 -0.059816 0.175717
v -0.321313 -0.083038 0.255643
v -0.319522 -0.019623 0.189940
v -0.320243 -0.221914 0.258597
v -0.308164 -0.311220 0.219521
v -0.315273 -0.280198 0.291391
v -0.324665 -0.096964 0.119346
v -0.330882 -0.191131 0.081115
v -0.326827 -0.091749 0.080080
v -0.322502 -0.134159 0.287020
v -0.320195 -0.234149 0.307528
v -0.320012 -0.006690 0.150205
v -0.324141 -0.046886 0.096942
v 0.177715 -0.556905 0.314318
v 0.241041 -0.520435 0.335654
v 0.188635 -0.538056 0.247711
v 0.243523 -0.491144 0.271117
v 0.127746 -0.772152 0.499910
v 0.275048 -0.768615 0.542838
v 0.094659 -0.754771 0.607950
v 0.247924 -0.764361 0.646481
v 0.120669 -0.601133 0.394618
v 0.153590 -0.562456 0.259938
v 0.093595 -0.589420 0.334436
v 0.077493 -0.671525 0.523500
v 0.074211 -0.605781 0.398417
v 0.283511 -0.562688 0.435280
v 0.264508 -0.470781 0.306143
v 0.292921 -0.477621 0.399422
v 0.312959 -0.685638 0.607073
v 0.306706 -0.519598 0.468081
v 0.174834 -0.697401 -0.277280
v 0.276417 -0.596062 -0.302557
v 0.213920 -0.782837 -0.228609
v 0.317106 -0.669931 -0.272738
v 0.100070 -0.411259 -0.308640
v 0.152002 -0.344870 -0.322471
v 0.075714 -0.350587 -0.332851
v 0.122475 -0.287886 -0.340592
v 0.104380 -0.534387 -0.264910
v 0.127155 -0.738425 -0.224167
v 0.083971 -0.561834 -0.231026
v 0.059712 -0.404049 -0.310018
v 0.062921 -0.502992 -0.258091
v 0.227671 -0.393281 -0.302589
v 0.322036 -0.533108 -0.280878
v 0.266696 -0.357552 -0.292538
v 0.157179 -0.274061 -0.332362
v 0.227194 -0.303318 -0.308067
v 0.351215 -0.227691 -0.142251
v 0.359611 -0.167037 -0.074909
v 0.361115 -0.302890 -0.131015
v 0.359878 -0.235062 -0.061512
v 0.300038 -0.046786 -0.163454
v 0.306807 -0.007073 -0.108015
v 0.290924 -0.001918 -0.173682
v 0.301300 0.035252 -0.121460
v 0.318846 -0.149843 -0.185320
v 0.351838 -0.297063 -0.174230
v 0.317800 -0.202138 -0.216071
v 0.327358 -0.064108 -0.063230
v 0.349791 -0.176713 -0.035401
v 0.329492 -0.069794 -0.027638
v 0.285961 -0.039860 -0.194692
v 0.297520 -0.135268 -0.216448
v 0.304548 0.033227 -0.089533
v 0.318179 -0.019980 -0.042777
v 0.320289 -0.255926 0.196175
v 0.328072 -0.194956 0.127879
v 0.314953 -0.299252 0.172962
v 0.328155 -0.242041 0.106324
v 0.324028 -0.127867 0.253270
v 0.323353 -0.064710 0.185937
v 0.323150 -0.089350 0.268242
v 0.319633 -0.028049 0.203617
v 0.322207 -0.222290 0.264369
v 0.311283 -0.309496 0.222634
v 0.318059 -0.279594 0.294722
v 0.327389 -0.096599 0.126472
v 0.332061 -0.189360 0.085211
v 0.328221 -0.089620 0.086672
v 0.324613 -0.139235 0.297348
v 0.322867 -0.235115 0.312651
v 0.319683 -0.017488 0.163286
v 0.324888 -0.045392 0.105047
v 0.049448 -0.079466 0.743063
v -0.047812 -0.080031 0.743469
v 0.053859 -0.129950 0.783869
v -0.052318 -0.130485 0.785140
v 0.041673 0.041024 0.643973
v -0.039611 0.041083 0.643910
v 0.038741 0.066959 0.605359
v -0.036908 0.067083 0.605359
v 0.089339 -0.011797 0.683240
v 0.099524 -0.101454 0.738387
v 0.134139 -0.032150 0.678298
v -0.087243 -0.011965 0.683752
v -0.097369 -0.101919 0.739602
v -0.132486 -0.032357 0.679339
v 0.078706 0.053009 0.616163
v 0.126769 0.005296 0.650607
v -0.076739 0.053192 0.616948
v -0.125373 0.005485 0.651632
v 0.296800 -0.285279 0.602291
v 0.270108 -0.194888 0.638462
v 0.277000 -0.331867 0.645679
v 0.237512 -0.231161 0.673794
v 0.320643 -0.156660 0.469259
v 0.302568 -0.106397 0.503667
v 0.317314 -0.121118 0.428647
v 0.302610 -0.082256 0.460583
v 0.322258 -0.251493 0.512069
v 0.305330 -0.359982 0.607716
v 0.322846 -0.314676 0.508970
v 0.322027 -0.160608 0.426811
v 0.324344 -0.256461 0.463012
v 0.282735 -0.114222 0.587559
v 0.235750 -0.170186 0.671635
v 0.253515 -0.094175 0.619290
v 0.289173 -0.072693 0.493063
v 0.266637 -0.076095 0.572207
v -0.295635 -0.284773 0.603196
v -0.268954 -0.194743 0.639847
v -0.275810 -0.331464 0.647691
v -0.236088 -0.231265 0.675398
v -0.318961 -0.153535 0.464701
v -0.301259 -0.104073 0.500305
v -0.316326 -0.115740 0.421407
v -0.300610 -0.078236 0.454715
v -0.322124 -0.249142 0.510625
v -0.304401 -0.359649 0.609789
v -0.321946 -0.312737 0.508288
v -0.322154 -0.155705 0.420695
v -0.323834 -0.254119 0.460538
v -0.281772 -0.111945 0.587937
v -0.234332 -0.170717 0.673316
v -0.252468 -0.093140 0.620501
v -0.288187 -0.070922 0.488819
v -0.265859 -0.073721 0.571909
v 0.170226 0.080205 0.359428
v 0.168226 0.062624 0.445923
v 0.141947 0.091449 0.360565
v 0.139658 0.077304 0.450571
v 0.244643 0.042249 0.342612
v 0.243359 0.020136 0.413403
v 0.264329 0.031919 0.333208
v 0.262149 0.008235 0.396937
v 0.210372 0.070465 0.312440
v 0.155941 0.096206 0.315521
v 0.195022 0.089445 0.270805
v 0.257191 0.045983 0.302969
v 0.222740 0.074461 0.270511
v 0.208294 0.029415 0.471496
v 0.153013 0.062935 0.493108
v 0.195275 0.026343 0.518520
v 0.253952 0.000737 0.438903
v 0.222174 0.009189 0.502443
v -0.169543 0.078285 0.361924
v -0.168461 0.061744 0.448065
v -0.140954 0.089795 0.363001
v -0.139210 0.075790 0.454286
v -0.246079 0.041314 0.340155
v -0.243334 0.020157 0.410019
v -0.266435 0.031876 0.327578
v -0.263265 0.010302 0.391910
v -0.211219 0.069333 0.314330
v -0.154984 0.094758 0.317051
v -0.195940 0.088797 0.271234
v -0.259046 0.045145 0.299150
v -0.224521 0.072919 0.271857
v -0.208662 0.028890 0.472418
v -0.151657 0.061676 0.494161
v -0.196309 0.026495 0.521482
v -0.253910 0.002181 0.435060
v -0.221359 0.009188 0.501657
v 0.036103 0.001611 -0.586933
v -0.037069 0.001701 -0.586777
v 0.030955 0.006153 -0.537186
v -0.032059 0.006931 -0.537514
v 0.055213 0.047791 -0.741554
v -0.053326 0.052643 -0.737917
v 0.060892 0.090772 -0.782458
v -0.057712 0.095097 -0.777546
v 0.090482 0.008440 -0.660052
v 0.066389 0.005081 -0.553820
v 0.123501 0.005171 -0.621665
v -0.090942 0.008576 -0.660897
v -0.067901 0.005281 -0.556533
v -0.124172 0.005521 -0.623772
v 0.114285 0.066523 -0.762019
v 0.141971 0.019470 -0.676113
v -0.112607 0.068371 -0.761616
v -0.142185 0.019469 -0.677517
v 0.150603 -0.036685 -0.352387
v 0.143245 0.002344 -0.408666
v 0.127005 -0.053140 -0.364332
v 0.114137 -0.001887 -0.411382
v 0.224175 -0.002986 -0.322327
v 0.224284 0.021644 -0.388749
v 0.245611 0.009316 -0.311108
v 0.245003 0.032636 -0.375086
v 0.196091 -0.044882 -0.313694
v 0.153203 -0.087352 -0.346040
v 0.203263 -0.096541 -0.310518
v 0.239363 -0.012303 -0.287884
v 0.221566 -0.069923 -0.290594
v 0.188151 0.016893 -0.440067
v 0.128274 0.007446 -0.447018
v 0.175490 0.019218 -0.484986
v 0.238493 0.036564 -0.418673
v 0.205225 0.028869 -0.478203
v -0.149328 -0.035593 -0.353434
v -0.143747 0.000889 -0.412237
v -0.126309 -0.049589 -0.363965
v -0.115112 -0.001830 -0.413600
v -0.219854 -0.005831 -0.324488
v -0.220013 0.019711 -0.391041
v -0.239960 0.006105 -0.310957
v -0.240602 0.030584 -0.376745
v -0.194234 -0.045188 -0.315545
v -0.151825 -0.084675 -0.345870
v -0.201634 -0.097166 -0.312110
v -0.234036 -0.016541 -0.289875
v -0.218473 -0.071023 -0.293227
v -0.186397 0.016390 -0.443386
v -0.128698 0.007257 -0.449066
v -0.174862 0.019336 -0.486862
v -0.234313 0.035569 -0.421038
v -0.202780 0.028804 -0.480271
v 0.297072 0.279818 -0.642614
v 0.308206 0.180844 -0.717360
v 0.272110 0.317840 -0.677193
v 0.277177 0.212845 -0.760319
v 0.297561 0.177761 -0.492532
v 0.295719 0.123946 -0.525928
v 0.298719 0.146864 -0.445417
v 0.292282 0.107631 -0.471775
v 0.292045 0.265317 -0.536705
v 0.275081 0.348019 -0.616600
v 0.285241 0.327902 -0.525241
v 0.294441 0.186134 -0.448169
v 0.287346 0.280323 -0.485646
v 0.299935 0.111082 -0.633296
v 0.279910 0.147482 -0.757469
v 0.279565 0.081423 -0.667914
v 0.284289 0.093986 -0.505411
v 0.273166 0.080840 -0.596985
v -0.296056 0.282893 -0.643899
v -0.307543 0.183398 -0.719013
v -0.269618 0.319471 -0.676393
v -0.275473 0.215439 -0.762383
v -0.296082 0.180993 -0.493904
v -0.293216 0.126130 -0.527379
v -0.296317 0.151316 -0.447412
v -0.289711 0.109553 -0.473166
v -0.291373 0.267922 -0.536706
v -0.274723 0.350361 -0.619350
v -0.285101 0.329917 -0.525420
v -0.293383 0.189788 -0.449272
v -0.286627 0.282359 -0.486112
v -0.299926 0.111321 -0.636751
v -0.278902 0.149500 -0.759384
v -0.279661 0.081791 -0.670477
v -0.280992 0.095741 -0.506750
v -0.271778 0.081052 -0.599154
v 0.328543 0.030379 -0.058330
v 0.321144 0.051277 -0.043546
v 0.328551 0.034295 -0.096131
v 0.321312 0.053829 -0.079167
v 0.327877 0.025312 0.057966
v 0.320247 0.047580 0.069307
v 0.326746 0.027183 0.097918
v 0.319885 0.048490 0.108917
v 0.331724 0.014397 -0.007307
v 0.329620 0.022965 -0.085951
v 0.329932 0.010858 -0.034255
v 0.330191 0.015843 0.071920
v 0.331025 0.008088 0.005381
v 0.316728 0.057072 0.017002
v 0.315958 0.061869 -0.054701
v 0.311284 0.062754 0.003990
v 0.314955 0.058336 0.091716
v 0.313649 0.057632 0.039908
v -0.334107 0.054743 -0.069323
v -0.328718 0.073214 -0.053069
v -0.333867 0.056667 -0.106124
v -0.328253 0.073662 -0.087834
v -0.333184 0.054121 0.043104
v -0.327346 0.074911 0.055331
v -0.333171 0.053882 0.081103
v -0.325935 0.072636 0.093230
v -0.334777 0.044021 -0.020710
v -0.333592 0.045920 -0.096780
v -0.333982 0.035110 -0.046677
v -0.334129 0.044218 0.055953
v -0.333281 0.036104 -0.007734
v -0.323458 0.078234 0.006676
v -0.324395 0.074561 -0.061791
v -0.320787 0.076014 -0.003748
v -0.322569 0.079464 0.079414
v -0.320808 0.079013 0.030934
v -0.019038 0.426745 -0.175408
v -0.030927 0.370662 -0.157516
v -0.074679 0.510658 -0.215597
v -0.104906 0.516299 -0.231871
v 0.001197 0.420119 -0.173821
v -0.084037 0.546536 -0.244389
v -0.123969 0.212251 -0.079453
v -0.153569 0.192213 -0.062252
v -0.152030 0.184524 -0.035282
v -0.207567 0.430125 -0.252246
v -0.205681 0.371315 -0.236122
v -0.233411 0.426867 -0.274431
v -0.204053 0.190085 -0.134093
v -0.206174 0.173542 -0.103056
v -0.229755 0.151609 -0.104230
v -0.001034 0.441290 -0.153560
v 0.003351 0.383241 -0.134153
v 0.069666 0.518529 -0.214228
v 0.101911 0.522546 -0.231417
v -0.016837 0.424581 -0.148716
v 0.079067 0.553203 -0.242565
v 0.110435 0.213204 -0.076845
v 0.143746 0.191441 -0.060587
v 0.142208 0.183700 -0.031607
v 0.207594 0.433465 -0.253190
v 0.205600 0.373700 -0.238263
v 0.235580 0.428846 -0.274329
v 0.202382 0.190988 -0.133430
v 0.203023 0.171430 -0.101868
v 0.227561 0.150055 -0.102358
v -0.165441 -0.555608 0.094997
v -0.183046 -0.541933 0.141217
v -0.170226 -0.707029 -0.052501
v -0.201765 -0.790566 -0.091758
v -0.147866 -0.559987 0.148911
v -0.126594 -0.749079 -0.096191
v -0.272252 -0.434559 0.190766
v -0.290638 -0.391062 0.169228
v -0.285249 -0.401360 0.220884
v -0.366833 -0.572750 -0.178926
v -0.368125 -0.469118 -0.146604
v -0.364280 -0.474168 -0.200826
v -0.342969 -0.299571 -0.003456
v -0.332162 -0.295879 0.038127
v -0.338787 -0.241485 0.020001
v 0.165686 -0.554074 0.094333
v 0.183869 -0.541138 0.141277
v 0.171238 -0.706329 -0.052622
v 0.202612 -0.790402 -0.090972
v 0.148028 -0.559635 0.148609
v 0.126647 -0.748948 -0.095028
v 0.273263 -0.434364 0.191898
v 0.292644 -0.389972 0.170277
v 0.287498 -0.400205 0.221766
v 0.367126 -0.571702 -0.178428
v 0.367552 -0.468112 -0.146398
v 0.364623 -0.473372 -0.200568
v 0.344554 -0.296267 -0.002339
v 0.335447 -0.293113 0.040077
v 0.341768 -0.238334 0.021284
v -0.033365 -0.569836 0.635046
v 0.035022 -0.571444 0.636728
v -0.238887 -0.561782 0.698081
v -0.242054 -0.460763 0.687228
v -0.000113 -0.560673 0.588036
v -0.291574 -0.515750 0.668006
v 0.241720 -0.561554 0.697338
v 0.245065 -0.460615 0.687243
v 0.293998 -0.514517 0.665282
v 0.100331 -0.210662 0.742049
v 0.149355 -0.237154 0.721483
v -0.098879 -0.211027 0.742896
v -0.146824 -0.237501 0.721266
v 0.149394 -0.179053 0.723267
v -0.147561 -0.178772 0.725053
v -0.009603 0.166430 0.135278
v 0.008948 0.166257 0.134467
v -0.082744 0.129996 0.257124
v -0.097567 0.114013 0.310161
v -0.001365 0.182007 0.075966
v -0.110349 0.123707 0.261827
v 0.083237 0.130920 0.254894
v 0.098623 0.115079 0.307636
v 0.109900 0.124373 0.260491
v 0.066775 0.094849 0.538559
v 0.090987 0.093897 0.498994
v -0.064773 0.095180 0.538848
v -0.088334 0.092477 0.497501
v 0.101613 0.081675 0.544751
v -0.100054 0.081757 0.545249
v -0.016826 -0.297473 -0.365625
v 0.018104 -0.298364 -0.365748
v -0.100762 -0.175305 -0.366881
v -0.102530 -0.120832 -0.370111
v 0.000683 -0.348953 -0.338647
v -0.128390 -0.160633 -0.354616
v 0.101203 -0.178008 -0.364668
v 0.102953 -0.123743 -0.369888
v 0.129474 -0.162932 -0.354235
v 0.049626 0.010854 -0.468830
v 0.069357 0.005760 -0.441344
v -0.050503 0.011931 -0.469193
v -0.070265 0.007279 -0.442190
v 0.079257 0.009438 -0.477308
v -0.079860 0.009020 -0.478750
v -0.036105 0.662452 -0.580575
v 0.035621 0.662063 -0.580401
v -0.209581 0.508710 -0.646623
v -0.217014 0.430066 -0.669406
v -0.000503 0.687618 -0.528429
v -0.241102 0.466019 -0.624709
v 0.210630 0.509640 -0.646382
v 0.218538 0.430168 -0.668381
v 0.240647 0.464486 -0.622687
v 0.128116 0.178421 -0.819656
v 0.186113 0.215049 -0.815263
v -0.123305 0.179276 -0.820544
v -0.180442 0.215440 -0.816023
v 0.185017 0.147009 -0.806822
v -0.180968 0.147789 -0.808576
v 0.304799 0.107078 -0.331289
v 0.303743 0.114873 -0.367213
v 0.325819 0.034945 -0.193161
v 0.328296 0.035524 -0.161438
v 0.297134 0.144417 -0.368367
v 0.325480 0.031052 -0.153767
v 0.283112 0.019543 -0.225083
v 0.272781 0.019361 -0.260557
v 0.309900 0.063887 -0.130613
v 0.316062 0.064157 -0.122252
v 0.269926 -0.001026 -0.240492
v 0.311108 0.064842 -0.098216
v 0.273227 0.057411 -0.382125
v 0.282894 0.073152 -0.404241
v 0.269833 0.063930 -0.427750
v 0.294555 0.029264 0.247261
v 0.286943 0.027738 0.283425
v 0.321307 0.019004 0.158815
v 0.324299 0.021868 0.149379
v 0.283527 0.038478 0.256579
v 0.325086 0.015069 0.122223
v 0.320302 -0.072367 0.319095
v 0.318641 -0.082549 0.357194
v 0.311095 0.052420 0.200043
v 0.313445 0.056464 0.175562
v 0.322419 -0.113230 0.349926
v 0.311794 0.059280 0.156998
v 0.293086 -0.036250 0.411308
v 0.285220 -0.016760 0.397185
v 0.280853 -0.030082 0.436034
v -0.304111 0.117571 -0.334502
v -0.302492 0.121676 -0.370071
v -0.331273 0.046027 -0.203855
v -0.334422 0.051536 -0.172093
v -0.294779 0.151036 -0.370157
v -0.331892 0.042301 -0.164309
v -0.277703 0.011317 -0.227773
v -0.266379 0.015839 -0.262072
v -0.316572 0.059017 -0.135500
v -0.323869 0.070483 -0.126956
v -0.264700 -0.008455 -0.243089
v -0.319829 0.069094 -0.102189
v -0.269075 0.057019 -0.384149
v -0.279932 0.074615 -0.406242
v -0.266180 0.065333 -0.430107
v -0.302309 0.033304 0.237918
v -0.292548 0.030491 0.273941
v -0.328951 0.036876 0.144093
v -0.332067 0.043214 0.132162
v -0.290421 0.040357 0.249113
v -0.331313 0.036510 0.106482
v -0.318592 -0.062955 0.306401
v -0.317465 -0.073834 0.345067
v -0.316134 0.065283 0.181014
v -0.318968 0.070204 0.156742
v -0.320424 -0.106657 0.339237
v -0.317737 0.073234 0.142199
v -0.293444 -0.032312 0.403373
v -0.286709 -0.013612 0.389859
v -0.280276 -0.028284 0.430699
v 0.003319 0.355309 -0.155446
v -0.005757 0.351273 -0.154863
v -0.006746 0.290327 -0.142467
v -0.021266 0.643874 -0.312863
v 0.017962 0.643532 -0.314539
v -0.001362 0.667283 -0.351166
v -0.197772 0.124872 0.137870
v -0.189404 0.118984 0.179781
v -0.217963 0.100145 0.184059
v -0.293215 0.431207 -0.412592
v -0.286567 0.419344 -0.461059
v -0.280535 0.354439 -0.428259
v -0.321559 0.030761 -0.046978
v -0.326621 0.029924 -0.060374
v -0.326794 0.028676 -0.021393
v 0.196581 0.123657 0.140561
v 0.189454 0.119225 0.181797
v 0.218554 0.097482 0.188381
v 0.295353 0.432062 -0.412661
v 0.286450 0.418639 -0.462946
v 0.281329 0.353666 -0.428235
v 0.316688 0.020038 -0.037930
v 0.323405 0.013271 -0.048701
v 0.323785 0.007900 -0.008561
v -0.023156 -0.592627 0.276580
v 0.022978 -0.592318 0.277384
v 0.000275 -0.596948 0.338230
v -0.024408 -0.522633 -0.189619
v 0.025712 -0.522560 -0.189276
v 0.000433 -0.509113 -0.223347
v -0.313304 -0.358166 0.383390
v -0.318882 -0.373848 0.442551
v -0.319808 -0.305896 0.399001
v -0.282440 -0.223528 -0.275654
v -0.248435 -0.186701 -0.297348
v -0.262536 -0.155768 -0.271996
v -0.324975 -0.040056 0.023866
v -0.321285 0.004979 0.004997
v -0.321052 0.002571 0.039972
v 0.314256 -0.358047 0.384092
v 0.319317 -0.374831 0.442210
v 0.321889 -0.305516 0.400376
v 0.282268 -0.223371 -0.274668
v 0.248418 -0.189143 -0.296335
v 0.263989 -0.153423 -0.270298
v 0.323040 -0.029591 0.028833
v 0.315662 0.018456 0.009653
v 0.317841 0.009268 0.046461
v 0.206875 -0.034240 0.625922
v 0.193944 -0.001473 0.600438
v 0.224560 -0.023262 0.578379
v -0.205901 -0.034377 0.626849
v -0.193791 -0.001753 0.601600
v -0.224699 -0.022209 0.579671
v 0.184433 0.023812 -0.579589
v 0.212291 0.033619 -0.631260
v 0.219610 0.040201 -0.572264
v -0.184739 0.023044 -0.582067
v -0.213689 0.031613 -0.635357
v -0.219362 0.038678 -0.575421
f 1 647 644
f 1 644 643
f 1 643 645
f 1 645 646
f 1 646 647
f 2 649 652
f 6 672 670
f 12 702 699
f 11 696 695
f 8 679 681
f 4 662 659
f 4 659 658
f 4 658 660
f 4 660 661
f 4 661 662
f 5 666 665
f 3 654 657
f 7 673 677
f 9 685 686
f 10 692 688
f 12 701 698
f 6 669 668
f 2 650 648
f 8 682 678
f 11 697 693
f 6 671 669
f 12 700 701
f 11 694 697
f 8 680 682
f 2 651 650
f 10 690 689
f 5 663 664
f 3 655 653
f 7 676 674
f 9 687 684
f 10 691 690
f 5 667 663
f 3 656 655
f 7 675 676
f 9 683 687
f 6 668 672
f 2 648 649
f 8 678 679
f 11 693 696
f 12 698 702
f 10 688 691
f 5 665 667
f 3 657 656
f 7 677 675
f 9 686 683
f 5 664 666
f 3 653 654
f 7 674 673
f 9 684 685
f 10 689 692
f 6 670 671
f 12 699 700
f 11 695 694
f 8 681 680
f 2 652 651
f 35 837 838
f 18 735 736
f 19 742 741
f 40 868 867
f 42 880 879
f 34 832 831
f 33 827 828
f 25 778 780
f 36 844 846
f 20 749 747
f 32 819 820
f 23 765 767
f 24 773 771
f 37 850 849
f 41 876 875
f 34 833 834
f 33 826 825
f 25 779 777
f 36 845 843
f 20 748 750
f 17 729 727
f 14 711 709
f 13 706 703
f 15 718 715
f 16 724 721
f 18 737 733
f 35 839 835
f 42 882 878
f 40 870 866
f 19 744 740
f 30 807 805
f 27 789 787
f 22 762 758
f 28 797 793
f 29 802 799
f 32 821 817
f 23 766 763
f 24 774 770
f 37 852 848
f 41 874 872
f 35 838 836
f 18 736 734
f 19 741 739
f 40 867 865
f 42 879 877
f 34 831 829
f 33 828 824
f 25 780 776
f 36 846 842
f 20 747 745
f 32 820 818
f 23 767 764
f 24 771 769
f 37 849 847
f 41 875 871
f 34 834 830
f 33 825 823
f 25 777 775
f 36 843 841
f 20 750 746
f 14 714 710
f 13 707 704
f 15 719 716
f 16 725 722
f 17 732 728
f 21 755 752
f 31 814 811
f 26 784 781
f 38 857 853
f 39 862 860
f 27 792 788
f 22 759 757
f 28 796 794
f 29 803 800
f 30 810 806
f 31 815 812
f 26 785 782
f 38 856 854
f 39 863 859
f 21 754 751
f 14 712 714
f 13 705 707
f 15 717 719
f 16 723 725
f 17 730 732
f 21 753 755
f 31 816 814
f 26 786 784
f 38 858 857
f 39 861 862
f 27 791 792
f 22 761 759
f 28 795 796
f 29 801 803
f 30 808 810
f 31 813 815
f 26 783 785
f 38 855 856
f 39 864 863
f 21 756 754
f 14 709 712
f 13 703 705
f 15 715 717
f 16 721 723
f 17 727 730
f 21 751 753
f 31 812 816
f 26 782 786
f 38 854 858
f 39 859 861
f 27 787 791
f 22 758 761
f 28 793 795
f 29 799 801
f 30 805 808
f 31 811 813
f 26 781 783
f 38 853 855
f 39 860 864
f 21 752 756
f 17 728 731
f 14 710 713
f 13 704 708
f 15 716 720
f 16 722 726
f 18 734 738
f 35 836 840
f 42 877 881
f 40 865 869
f 19 739 743
f 30 806 809
f 27 788 790
f 22 757 760
f 28 794 798
f 29 800 804
f 32 818 822
f 23 764 768
f 24 769 772
f 37 847 851
f 41 871 873
f 35 835 837
f 18 733 735
f 19 740 742
f 40 866 868
f 42 878 880
f 34 830 832
f 33 823 827
f 25 775 778
f 36 841 844
f 20 746 749
f 32 817 819
f 23 763 765
f 24 770 773
f 37 848 850
f 41 872 876
f 34 829 833
f 33 824 826
f 25 776 779
f 36 842 845
f 20 745 748
f 17 731 729
f 14 713 711
f 13 708 706
f 15 720 718
f 16 726 724
f 18 738 737
f 35 840 839
f 42 881 882
f 40 869 870
f 19 743 744
f 30 809 807
f 27 790 789
f 22 760 762
f 28 798 797
f 29 804 802
f 32 822 821
f 23 768 766
f 24 772 774
f 37 851 852
f 41 873 874
f 107 1269 1270
f 103 1245 1246
f 104 1252 1251
f 110 1288 1287
f 113 1306 1305
f 118 1336 1335
f 154 1551 1552
f 141 1473 1474
f 162 1599 1600
f 121 1354 1353
f 142 1479 1480
f 129 1401 1402
f 130 1408 1407
f 144 1492 1491
f 146 1504 1503
f 151 1533 1534
f 131 1414 1413
f 136 1444 1443
f 161 1594 1593
f 126 1383 1384
f 116 1323 1324
f 108 1275 1276
f 106 1263 1264
f 112 1299 1300
f 115 1317 1318
f 119 1341 1342
f 156 1564 1563
f 139 1462 1461
f 160 1588 1587
f 120 1347 1348
f 149 1521 1522
f 132 1420 1419
f 128 1395 1396
f 145 1497 1498
f 148 1515 1516
f 155 1557 1558
f 133 1425 1426
f 134 1431 1432
f 157 1570 1569
f 124 1372 1371
f 109 1282 1281
f 105 1258 1257
f 111 1294 1293
f 114 1312 1311
f 117 1330 1329
f 125 1378 1377
f 152 1540 1539
f 137 1449 1450
f 158 1575 1576
f 123 1365 1366
f 143 1486 1485
f 127 1390 1389
f 135 1437 1438
f 147 1510 1509
f 150 1528 1527
f 153 1546 1545
f 140 1468 1467
f 138 1455 1456
f 159 1581 1582
f 122 1359 1360
f 107 1272 1271
f 103 1248 1247
f 104 1253 1254
f 110 1289 1290
f 113 1307 1308
f 118 1337 1338
f 154 1554 1553
f 141 1476 1475
f 162 1602 1601
f 121 1355 1356
f 142 1482 1481
f 129 1404 1403
f 130 1409 1410
f 144 1493 1494
f 146 1505 1506
f 151 1536 1535
f 131 1415 1416
f 136 1445 1446
f 161 1595 1596
f 126 1386 1385
f 47 909 907
f 44 891 889
f 43 886 883
f 45 898 895
f 46 904 901
f 49 922 919
f 72 1060 1057
f 102 1240 1237
f 96 1204 1201
f 79 1102 1099
f 62 999 997
f 59 981 979
f 58 976 973
f 60 988 985
f 61 994 991
f 66 1024 1021
f 54 952 949
f 73 1066 1063
f 85 1138 1135
f 92 1179 1177
f 101 1233 1231
f 69 1041 1039
f 50 927 925
f 82 1119 1117
f 97 1209 1207
f 71 1053 1051
f 100 1228 1225
f 94 1192 1189
f 80 1108 1105
f 51 933 931
f 90 1167 1165
f 63 1005 1003
f 55 957 955
f 76 1083 1081
f 87 1150 1147
f 91 1174 1171
f 67 1029 1027
f 56 963 961
f 75 1077 1075
f 83 1126 1123
f 68 1036 1033
f 48 915 913
f 78 1095 1093
f 93 1185 1183
f 98 1216 1213
f 88 1155 1153
f 65 1018 1015
f 57 970 967
f 77 1090 1087
f 86 1143 1141
f 64 1012 1009
f 53 945 943
f 74 1071 1069
f 84 1131 1129
f 89 1162 1159
f 70 1047 1045
f 99 1221 1219
f 95 1197 1195
f 81 1114 1111
f 52 940 937
f 109 1284 1280
f 105 1260 1256
f 111 1296 1292
f 114 1314 1310
f 117 1332 1328
f 125 1380 1376
f 152 1542 1538
f 137 1451 1447
f 158 1577 1573
f 123 1367 1363
f 143 1488 1484
f 127 1392 1388
f 135 1439 1435
f 147 1512 1508
f 150 1530 1526
f 153 1548 1544
f 140 1470 1466
f 138 1457 1453
f 159 1583 1579
f 122 1361 1357
f 107 1270 1268
f 103 1246 1244
f 104 1251 1249
f 110 1287 1285
f 113 1305 1303
f 118 1335 1333
f 154 1552 1550
f 141 1474 1472
f 162 1600 1598
f 121 1353 1351
f 142 1480 1478
f 129 1402 1400
f 130 1407 1405
f 144 1491 1489
f 146 1503 1501
f 151 1534 1532
f 131 1413 1411
f 136 1443 1441
f 161 1593 1591
f 126 1384 1382
f 116 1324 1322
f 108 1276 1274
f 106 1264 1262
f 112 1300 1298
f 115 1318 1316
f 119 1342 1340
f 156 1563 1561
f 139 1461 1459
f 160 1587 1585
f 120 1348 1346
f 149 1522 1520
f 132 1419 1417
f 128 1396 1394
f 145 1498 1496
f 148 1516 1514
f 155 1558 1556
f 133 1426 1424
f 134 1432 1430
f 157 1569 1567
f 124 1371 1369
f 109 1281 1279
f 105 1257 1255
f 111 1293 1291
f 114 1311 1309
f 117 1329 1327
f 125 1377 1375
f 152 1539 1537
f 137 1450 1448
f 158 1576 1574
f 123 1366 1364
f 143 1485 1483
f 127 1389 1387
f 135 1438 1436
f 147 1509 1507
f 150 1527 1525
f 153 1545 1543
f 140 1467 1465
f 138 1456 1454
f 159 1582 1580
f 122 1360 1358
f 107 1271 1267
f 103 1247 1243
f 104 1254 1250
f 110 1290 1286
f 113 1308 1304
f 118 1338 1334
f 154 1553 1549
f 141 1475 1471
f 162 1601 1597
f 121 1356 1352
f 142 1481 1477
f 129 1403 1399
f 130 1410 1406
f 144 1494 1490
f 146 1506 1502
f 151 1535 1531
f 131 1416 1412
f 136 1446 1442
f 161 1596 1592
f 126 1385 1381
f 44 894 890
f 43 887 884
f 45 899 896
f 46 905 902
f 47 912 908
f 52 941 938
f 70 1050 1046
f 99 1224 1220
f 95 1200 1196
f 81 1115 1112
f 59 984 980
f 58 977 974
f 60 989 986
f 61 995 992
f 62 1002 998
f 65 1019 1016
f 57 971 968
f 77 1091 1088
f 86 1146 1142
f 88 1158 1154
f 98 1217 1214
f 68 1037 1034
f 48 918 914
f 78 1098 1094
f 93 1188 1184
f 69 1044 1040
f 101 1236 1232
f 97 1212 1208
f 82 1122 1118
f 50 930 926
f 89 1163 1160
f 64 1013 1010
f 53 948 944
f 74 1074 1070
f 84 1134 1130
f 90 1170 1166
f 63 1008 1004
f 55 960 956
f 76 1086 1082
f 87 1151 1148
f 72 1061 1058
f 49 923 920
f 79 1103 1100
f 96 1205 1202
f 102 1241 1238
f 91 1175 1172
f 67 1032 1028
f 56 966 962
f 75 1080 1076
f 83 1127 1124
f 66 1025 1022
f 54 953 950
f 73 1067 1064
f 85 1139 1136
f 92 1182 1178
f 71 1056 1052
f 100 1229 1226
f 94 1193 1190
f 80 1109 1106
f 51 936 932
f 116 1325 1321
f 108 1277 1273
f 106 1265 1261
f 112 1301 1297
f 115 1319 1315
f 119 1343 1339
f 156 1566 1562
f 139 1464 1460
f 160 1590 1586
f 120 1349 1345
f 149 1523 1519
f 132 1422 1418
f 128 1397 1393
f 145 1499 1495
f 148 1517 1513
f 155 1559 1555
f 133 1427 1423
f 134 1433 1429
f 157 1572 1568
f 124 1374 1370
f 44 892 894
f 43 885 887
f 45 897 899
f 46 903 905
f 47 910 912
f 52 939 941
f 70 1048 1050
f 99 1222 1224
f 95 1198 1200
f 81 1113 1115
f 59 982 984
f 58 975 977
f 60 987 989
f 61 993 995
f 62 1000 1002
f 65 1017 1019
f 57 969 971
f 77 1089 1091
f 86 1144 1146
f 88 1156 1158
f 98 1215 1217
f 68 1035 1037
f 48 916 918
f 78 1096 1098
f 93 1186 1188
f 69 1042 1044
f 101 1234 1236
f 97 1210 1212
f 82 1120 1122
f 50 928 930
f 89 1161 1163
f 64 1011 1013
f 53 946 948
f 74 1072 1074
f 84 1132 1134
f 90 1168 1170
f 63 1006 1008
f 55 958 960
f 76 1084 1086
f 87 1149 1151
f 72 1059 1061
f 49 921 923
f 79 1101 1103
f 96 1203 1205
f 102 1239 1241
f 91 1173 1175
f 67 1030 1032
f 56 964 966
f 75 1078 1080
f 83 1125 1127
f 66 1023 1025
f 54 951 953
f 73 1065 1067
f 85 1137 1139
f 92 1180 1182
f 71 1054 1056
f 100 1227 1229
f 94 1191 1193
f 80 1107 1109
f 51 934 936
f 116 1326 1325
f 108 1278 1277
f 106 1266 1265
f 112 1302 1301
f 115 1320 1319
f 119 1344 1343
f 156 1565 1566
f 139 1463 1464
f 160 1589 1590
f 120 1350 1349
f 149 1524 1523
f 132 1421 1422
f 128 1398 1397
f 145 1500 1499
f 148 1518 1517
f 155 1560 1559
f 133 1428 1427
f 134 1434 1433
f 157 1571 1572
f 124 1373 1374
f 44 889 892
f 43 883 885
f 45 895 897
f 46 901 903
f 47 907 910
f 52 937 939
f 70 1045 1048
f 99 1219 1222
f 95 1195 1198
f 81 1111 1113
f 59 979 982
f 58 973 975
f 60 985 987
f 61 991 993
f 62 997 1000
f 65 1015 1017
f 57 967 969
f 77 1087 1089
f 86 1141 1144
f 88 1153 1156
f 98 1213 1215
f 68 1033 1035
f 48 913 916
f 78 1093 1096
f 93 1183 1186
f 69 1039 1042
f 101 1231 1234
f 97 1207 1210
f 82 1117 1120
f 50 925 928
f 89 1159 1161
f 64 1009 1011
f 53 943 946
f 74 1069 1072
f 84 1129 1132
f 90 1165 1168
f 63 1003 1006
f 55 955 958
f 76 1081 1084
f 87 1147 1149
f 72 1057 1059
f 49 919 921
f 79 1099 1101
f 96 1201 1203
f 102 1237 1239
f 91 1171 1173
f 67 1027 1030
f 56 961 964
f 75 1075 1078
f 83 1123 1125
f 66 1021 1023
f 54 949 951
f 73 1063 1065
f 85 1135 1137
f 92 1177 1180
f 71 1051 1054
f 100 1225 1227
f 94 1189 1191
f 80 1105 1107
f 51 931 934
f 116 1322 1326
f 108 1274 1278
f 106 1262 1266
f 112 1298 1302
f 115 1316 1320
f 119 1340 1344
f 156 1561 1565
f 139 1459 1463
f 160 1585 1589
f 120 1346 1350
f 149 1520 1524
f 132 1417 1421
f 128 1394 1398
f 145 1496 1500
f 148 1514 1518
f 155 1556 1560
f 133 1424 1428
f 134 1430 1434
f 157 1567 1571
f 124 1369 1373
f 47 908 911
f 44 890 893
f 43 884 888
f 45 896 900
f 46 902 906
f 49 920 924
f 72 1058 1062
f 102 1238 1242
f 96 1202 1206
f 79 1100 1104
f 62 998 1001
f 59 980 983
f 58 974 978
f 60 986 990
f 61 992 996
f 66 1022 1026
f 54 950 954
f 73 1064 1068
f 85 1136 1140
f 92 1178 1181
f 101 1232 1235
f 69 1040 1043
f 50 926 929
f 82 1118 1121
f 97 1208 1211
f 71 1052 1055
f 100 1226 1230
f 94 1190 1194
f 80 1106 1110
f 51 932 935
f 90 1166 1169
f 63 1004 1007
f 55 956 959
f 76 1082 1085
f 87 1148 1152
f 91 1172 1176
f 67 1028 1031
f 56 962 965
f 75 1076 1079
f 83 1124 1128
f 68 1034 1038
f 48 914 917
f 78 1094 1097
f 93 1184 1187
f 98 1214 1218
f 88 1154 1157
f 65 1016 1020
f 57 968 972
f 77 1088 1092
f 86 1142 1145
f 64 1010 1014
f 53 944 947
f 74 1070 1073
f 84 1130 1133
f 89 1160 1164
f 70 1046 1049
f 99 1220 1223
f 95 1196 1199
f 81 1112 1116
f 52 938 942
f 109 1279 1283
f 105 1255 1259
f 111 1291 1295
f 114 1309 1313
f 117 1327 1331
f 125 1375 1379
f 152 1537 1541
f 137 1448 1452
f 158 1574 1578
f 123 1364 1368
f 143 1483 1487
f 127 1387 1391
f 135 1436 1440
f 147 1507 1511
f 150 1525 1529
f 153 1543 1547
f 140 1465 1469
f 138 1454 1458
f 159 1580 1584
f 122 1358 1362
f 107 1267 1269
f 103 1243 1245
f 104 1250 1252
f 110 1286 1288
f 113 1304 1306
f 118 1334 1336
f 154 1549 1551
f 141 1471 1473
f 162 1597 1599
f 121 1352 1354
f 142 1477 1479
f 129 1399 1401
f 130 1406 1408
f 144 1490 1492
f 146 1502 1504
f 151 1531 1533
f 131 1412 1414
f 136 1442 1444
f 161 1592 1594
f 126 1381 1383
f 116 1321 1323
f 108 1273 1275
f 106 1261 1263
f 112 1297 1299
f 115 1315 1317
f 119 1339 1341
f 156 1562 1564
f 139 1460 1462
f 160 1586 1588
f 120 1345 1347
f 149 1519 1521
f 132 1418 1420
f 128 1393 1395
f 145 1495 1497
f 148 1513 1515
f 155 1555 1557
f 133 1423 1425
f 134 1429 1431
f 157 1568 1570
f 124 1370 1372
f 109 1280 1282
f 105 1256 1258
f 111 1292 1294
f 114 1310 1312
f 117 1328 1330
f 125 1376 1378
f 152 1538 1540
f 137 1447 1449
f 158 1573 1575
f 123 1363 1365
f 143 1484 1486
f 127 1388 1390
f 135 1435 1437
f 147 1508 1510
f 150 1526 1528
f 153 1544 1546
f 140 1466 1468
f 138 1453 1455
f 159 1579 1581
f 122 1357 1359
f 107 1268 1272
f 103 1244 1248
f 104 1249 1253
f 110 1285 1289
f 113 1303 1307
f 118 1333 1337
f 154 1550 1554
f 141 1472 1476
f 162 1598 1602
f 121 1351 1355
f 142 1478 1482
f 129 1400 1404
f 130 1405 1409
f 144 1489 1493
f 146 1501 1505
f 151 1532 1536
f 131 1411 1415
f 136 1441 1445
f 161 1591 1595
f 126 1382 1386
f 47 911 909
f 44 893 891
f 43 888 886
f 45 900 898
f 46 906 904
f 49 924 922
f 72 1062 1060
f 102 1242 1240
f 96 1206 1204
f 79 1104 1102
f 62 1001 999
f 59 983 981
f 58 978 976
f 60 990 988
f 61 996 994
f 66 1026 1024
f 54 954 952
f 73 1068 1066
f 85 1140 1138
f 92 1181 1179
f 101 1235 1233
f 69 1043 1041
f 50 929 927
f 82 1121 1119
f 97 1211 1209
f 71 1055 1053
f 100 1230 1228
f 94 1194 1192
f 80 1110 1108
f 51 935 933
f 90 1169 1167
f 63 1007 1005
f 55 959 957
f 76 1085 1083
f 87 1152 1150
f 91 1176 1174
f 67 1031 1029
f 56 965 963
f 75 1079 1077
f 83 1128 1126
f 68 1038 1036
f 48 917 915
f 78 1097 1095
f 93 1187 1185
f 98 1218 1216
f 88 1157 1155
f 65 1020 1018
f 57 972 970
f 77 1092 1090
f 86 1145 1143
f 64 1014 1012
f 53 947 945
f 74 1073 1071
f 84 1133 1131
f 89 1164 1162
f 70 1049 1047
f 99 1223 1221
f 95 1199 1197
f 81 1116 1114
f 52 942 940
f 109 1283 1284
f 105 1259 1260
f 111 1295 1296
f 114 1313 1314
f 117 1331 1332
f 125 1379 1380
f 152 1541 1542
f 137 1452 1451
f 158 1578 1577
f 123 1368 1367
f 143 1487 1488
f 127 1391 1392
f 135 1440 1439
f 147 1511 1512
f 150 1529 1530
f 153 1547 1548
f 140 1469 1470
f 138 1458 1457
f 159 1584 1583
f 122 1362 1361
f 407 1609 1616
f 403 1605 1608
f 404 1611 1606
f 410 1614 1612
f 413 1617 1615
f 422 1631 1624
f 486 1688 1692
f 573 1775 1782
f 561 1763 1765
f 512 1719 1714
f 452 1654 1661
f 448 1650 1653
f 449 1656 1651
f 455 1659 1657
f 458 1662 1660
f 470 1672 1675
f 437 1646 1639
f 494 1706 1696
f 531 1735 1733
f 539 1741 1751
f 568 1770 1779
f 478 1680 1683
f 419 1621 1626
f 509 1711 1721
f 554 1756 1766
f 482 1684 1689
f 576 1780 1778
f 558 1767 1760
f 516 1722 1718
f 425 1627 1629
f 542 1744 1747
f 463 1668 1665
f 434 1636 1641
f 497 1699 1704
f 528 1730 1737
f 546 1748 1750
f 464 1666 1676
f 440 1642 1644
f 500 1705 1702
f 524 1736 1726
f 479 1691 1681
f 418 1623 1620
f 508 1713 1710
f 553 1764 1755
f 569 1781 1771
f 538 1749 1740
f 471 1677 1673
f 443 1645 1647
f 501 1703 1707
f 523 1725 1734
f 467 1674 1669
f 433 1638 1635
f 493 1695 1698
f 527 1732 1729
f 543 1752 1745
f 485 1690 1687
f 572 1777 1774
f 557 1759 1762
f 515 1717 1720
f 428 1630 1632
f 591 2191 2189
f 587 1885 1883
f 588 1901 1903
f 594 2279 2281
f 597 2315 2317
f 600 2171 2173
f 634 2160 2158
f 619 2016 2012
f 639 2214 2210
f 602 1919 1924
f 624 2137 2135
f 608 1978 1973
f 610 1991 1996
f 627 2225 2227
f 630 2302 2304
f 635 2178 2176
f 615 2153 2155
f 617 2009 2014
f 637 2207 2212
f 604 1926 1922
f 416 1857 1864
f 408 1803 1810
f 406 1786 1795
f 412 1822 1831
f 415 1840 1849
f 424 1876 1887
f 492 2182 2193
f 582 2312 2321
f 565 2276 2285
f 514 1898 1907
f 461 2091 2098
f 453 2037 2044
f 451 1952 1961
f 457 2056 2067
f 460 2074 2083
f 475 2128 2139
f 439 1966 1975
f 496 1988 1997
f 533 2222 2231
f 551 2293 2298
f 579 2185 2190
f 483 1879 1884
f 426 1893 1900
f 521 2271 2278
f 566 2307 2314
f 489 2163 2170
f 578 2150 2159
f 560 2006 2015
f 518 2204 2213
f 429 1911 1918
f 547 2131 2136
f 465 1969 1977
f 441 1983 1990
f 504 2217 2224
f 537 2290 2301
f 550 2168 2177
f 476 2145 2152
f 444 2001 2008
f 502 2199 2206
f 526 1916 1925
f 481 1808 1817
f 420 1789 1797
f 510 1825 1833
f 555 1843 1851
f 571 1862 1871
f 540 1933 1941
f 473 2110 2119
f 447 2020 2029
f 507 2236 2247
f 534 2257 2262
f 469 2042 2051
f 435 1947 1954
f 498 2059 2064
f 529 2077 2085
f 545 2096 2105
f 487 2113 2121
f 574 2023 2031
f 562 2239 2244
f 520 2254 2265
f 432 1930 1939
f 589 1818 1814
f 583 1798 1793
f 586 1834 1829
f 593 1852 1847
f 596 1872 1868
f 599 1942 1937
f 633 2120 2124
f 620 2030 2034
f 640 2248 2250
f 603 2263 2261
f 622 2052 2050
f 607 1955 1960
f 612 2065 2063
f 626 2086 2081
f 629 2106 2102
f 631 2122 2117
f 614 2032 2027
f 618 2245 2243
f 641 2266 2268
f 605 1940 1944
f 409 1813 1804
f 405 1792 1785
f 411 1828 1821
f 414 1846 1839
f 417 1867 1858
f 431 1936 1929
f 488 2123 2114
f 575 2033 2024
f 563 2249 2240
f 519 2260 2253
f 454 2049 2038
f 450 1959 1951
f 456 2062 2055
f 459 2080 2073
f 462 2101 2092
f 472 2116 2109
f 446 2026 2019
f 506 2242 2235
f 535 2267 2258
f 541 1943 1934
f 570 1869 1861
f 480 1815 1807
f 421 1799 1790
f 511 1835 1826
f 556 1853 1844
f 484 1889 1880
f 580 2195 2186
f 567 2319 2308
f 522 2283 2272
f 427 1905 1894
f 544 2103 2095
f 468 2046 2041
f 436 1957 1948
f 499 2069 2060
f 530 2087 2078
f 548 2141 2132
f 466 1979 1970
f 442 1993 1984
f 505 2229 2218
f 536 2296 2289
f 491 2188 2181
f 423 1882 1875
f 513 1902 1897
f 564 2280 2275
f 581 2316 2311
f 549 2172 2167
f 477 2157 2146
f 445 2011 2002
f 503 2209 2200
f 525 1923 1915
f 474 2134 2127
f 438 1972 1965
f 495 1995 1987
f 532 2226 2221
f 552 2303 2294
f 490 2175 2164
f 577 2154 2149
f 559 2013 2005
f 517 2211 2203
f 430 1921 1912
f 590 1865 1870
f 584 1811 1816
f 585 1796 1800
f 592 1832 1836
f 595 1850 1854
f 598 1888 1890
f 636 2194 2196
f 621 2322 2320
f 642 2286 2284
f 601 1908 1906
f 623 2099 2104
f 611 2045 2047
f 609 1962 1958
f 625 2068 2070
f 628 2084 2088
f 632 2140 2142
f 613 1976 1980
f 616 1998 1994
f 638 2232 2230
f 606 2299 2297
f 407 2330 2329
f 403 2324 2323
f 404 2325 2326
f 410 2332 2333
f 413 2335 2336
f 422 2344 2345
f 486 2410 2409
f 573 2497 2496
f 561 2486 2485
f 512 2434 2435
f 452 2375 2374
f 448 2369 2368
f 449 2370 2371
f 455 2377 2378
f 458 2380 2381
f 470 2393 2392
f 437 2359 2360
f 494 2415 2416
f 531 2455 2456
f 539 2461 2460
f 568 2489 2488
f 478 2399 2398
f 419 2341 2340
f 509 2431 2430
f 554 2476 2475
f 482 2405 2404
f 576 2500 2501
f 558 2481 2482
f 516 2439 2440
f 425 2348 2347
f 542 2465 2464
f 463 2383 2384
f 434 2356 2355
f 497 2420 2419
f 528 2452 2451
f 546 2471 2470
f 464 2386 2385
f 440 2363 2362
f 500 2422 2423
f 524 2445 2446
f 479 2400 2401
f 418 2338 2339
f 508 2428 2429
f 553 2473 2474
f 569 2490 2491
f 538 2458 2459
f 471 2394 2395
f 443 2366 2365
f 501 2425 2424
f 523 2444 2443
f 467 2389 2390
f 433 2353 2354
f 493 2414 2413
f 527 2449 2450
f 543 2466 2467
f 485 2407 2408
f 572 2494 2495
f 557 2480 2479
f 515 2438 2437
f 428 2351 2350
f 591 2510 2511
f 587 2504 2505
f 588 2508 2507
f 594 2514 2513
f 597 2517 2516
f 600 2520 2519
f 634 2554 2556
f 619 2539 2540
f 639 2560 2561
f 602 2523 2521
f 624 2543 2544
f 608 2527 2529
f 610 2532 2530
f 627 2547 2546
f 630 2550 2549
f 635 2552 2553
f 615 2535 2534
f 617 2538 2536
f 637 2558 2557
f 604 2524 2525
f 167 1607 647
f 164 1603 644
f 163 1604 643
f 165 1610 645
f 166 1613 646
f 169 1622 649
f 192 1686 672
f 222 1773 702
f 216 1761 696
f 199 1712 679
f 182 1652 662
f 179 1648 659
f 178 1649 658
f 180 1655 660
f 181 1658 661
f 186 1670 666
f 174 1637 654
f 193 1694 673
f 205 1731 685
f 212 1739 692
f 221 1768 701
f 189 1678 669
f 170 1619 650
f 202 1709 682
f 217 1754 697
f 191 1682 671
f 220 1776 700
f 214 1758 694
f 200 1716 680
f 171 1625 651
f 210 1742 690
f 183 1663 663
f 175 1634 655
f 196 1697 676
f 207 1728 687
f 211 1746 691
f 187 1664 667
f 176 1640 656
f 195 1700 675
f 203 1724 683
f 188 1679 668
f 168 1618 648
f 198 1708 678
f 213 1753 693
f 218 1769 698
f 208 1738 688
f 185 1671 665
f 177 1643 657
f 197 1701 677
f 206 1723 686
f 184 1667 664
f 173 1633 653
f 194 1693 674
f 204 1727 684
f 209 1743 689
f 190 1685 670
f 219 1772 699
f 215 1757 695
f 201 1715 681
f 172 1628 652
f 357 2187 837
f 255 1881 735
f 262 1899 742
f 388 2277 868
f 400 2313 880
f 352 2169 832
f 347 2156 827
f 298 2010 778
f 364 2208 844
f 269 1917 749
f 339 2133 819
f 285 1971 765
f 293 1989 773
f 370 2223 850
f 396 2300 876
f 353 2174 833
f 346 2151 826
f 299 2007 779
f 365 2205 845
f 268 1920 748
f 249 1855 729
f 231 1801 711
f 226 1784 706
f 238 1820 718
f 244 1838 724
f 257 1874 737
f 359 2180 839
f 402 2310 882
f 390 2274 870
f 264 1896 744
f 327 2089 807
f 309 2035 789
f 282 1950 762
f 317 2054 797
f 322 2072 802
f 341 2126 821
f 286 1964 766
f 294 1986 774
f 372 2220 852
f 394 2291 874
f 358 2183 838
f 256 1877 736
f 261 1891 741
f 387 2269 867
f 399 2305 879
f 351 2161 831
f 348 2148 828
f 300 2004 780
f 366 2202 846
f 267 1909 747
f 340 2129 820
f 287 1967 767
f 291 1981 771
f 369 2215 849
f 395 2288 875
f 354 2166 834
f 345 2143 825
f 297 1999 777
f 363 2197 843
f 270 1914 750
f 234 1806 714
f 227 1787 707
f 239 1823 719
f 245 1841 725
f 252 1860 732
f 275 1931 755
f 334 2108 814
f 304 2018 784
f 377 2234 857
f 382 2255 862
f 312 2040 792
f 279 1945 759
f 316 2057 796
f 323 2075 803
f 330 2094 810
f 335 2111 815
f 305 2021 785
f 376 2237 856
f 383 2252 863
f 274 1928 754
f 232 1812 712
f 225 1791 705
f 237 1827 717
f 243 1845 723
f 250 1866 730
f 273 1935 753
f 336 2118 816
f 306 2028 786
f 378 2246 858
f 381 2259 861
f 311 2048 791
f 281 1953 761
f 315 2061 795
f 321 2079 801
f 328 2100 808
f 333 2115 813
f 303 2025 783
f 375 2241 855
f 384 2264 864
f 276 1938 756
f 229 1802 709
f 223 1783 703
f 235 1819 715
f 241 1837 721
f 247 1856 727
f 271 1927 751
f 332 2112 812
f 302 2022 782
f 374 2238 854
f 379 2251 859
f 307 2036 787
f 278 1949 758
f 313 2053 793
f 319 2071 799
f 325 2090 805
f 331 2107 811
f 301 2017 781
f 373 2233 853
f 380 2256 860
f 272 1932 752
f 248 1859 728
f 230 1805 710
f 224 1788 704
f 236 1824 716
f 242 1842 722
f 254 1878 734
f 356 2184 836
f 397 2306 877
f 385 2270 865
f 259 1892 739
f 326 2093 806
f 308 2039 788
f 277 1946 757
f 314 2058 794
f 320 2076 800
f 338 2130 818
f 284 1968 764
f 289 1982 769
f 367 2216 847
f 391 2287 871
f 355 2179 835
f 253 1873 733
f 260 1895 740
f 386 2273 866
f 398 2309 878
f 350 2165 830
f 343 2144 823
f 295 2000 775
f 361 2198 841
f 266 1913 746
f 337 2125 817
f 283 1963 763
f 290 1985 770
f 368 2219 848
f 392 2292 872
f 349 2162 829
f 344 2147 824
f 296 2003 776
f 362 2201 842
f 265 1910 745
f 251 1863 731
f 233 1809 713
f 228 1794 708
f 240 1830 720
f 246 1848 726
f 258 1886 738
f 360 2192 840
f 401 2318 881
f 389 2282 869
f 263 1904 743
f 329 2097 809
f 310 2043 790
f 280 1956 760
f 318 2066 798
f 324 2082 804
f 342 2138 822
f 288 1974 768
f 292 1992 772
f 371 2228 851
f 393 2295 873
f 409 2331 1269
f 405 2327 1245
f 411 2328 1252
f 414 2334 1288
f 417 2337 1306
f 431 2346 1336
f 488 2412 1551
f 575 2499 1473
f 563 2487 1599
f 519 2436 1354
f 454 2376 1479
f 450 2372 1401
f 456 2373 1408
f 459 2379 1492
f 462 2382 1504
f 472 2396 1533
f 446 2361 1414
f 506 2418 1444
f 535 2457 1594
f 541 2463 1383
f 570 2492 1323
f 480 2402 1275
f 421 2343 1263
f 511 2433 1299
f 556 2478 1317
f 484 2406 1341
f 580 2502 1564
f 567 2484 1462
f 522 2442 1588
f 427 2349 1347
f 544 2468 1521
f 468 2387 1420
f 436 2358 1395
f 499 2421 1497
f 530 2454 1515
f 548 2472 1557
f 466 2388 1425
f 442 2364 1431
f 505 2426 1570
f 536 2448 1372
f 491 2403 1282
f 423 2342 1258
f 513 2432 1294
f 564 2477 1312
f 581 2493 1330
f 549 2462 1378
f 477 2397 1540
f 445 2367 1449
f 503 2427 1575
f 525 2447 1365
f 474 2391 1486
f 438 2357 1390
f 495 2417 1437
f 532 2453 1510
f 552 2469 1528
f 490 2411 1546
f 577 2498 1468
f 559 2483 1455
f 517 2441 1581
f 430 2352 1359
f 590 2509 1272
f 584 2503 1248
f 585 2506 1253
f 592 2512 1289
f 595 2515 1307
f 598 2518 1337
f 636 2555 1554
f 621 2541 1476
f 642 2562 1602
f 601 2522 1355
f 623 2542 1482
f 611 2528 1404
f 609 2531 1409
f 625 2545 1493
f 628 2548 1505
f 632 2551 1536
f 613 2533 1415
f 616 2537 1445
f 638 2559 1595
f 606 2526 1386
f 407 1616 909
f 403 1608 891
f 404 1606 886
f 410 1612 898
f 413 1615 904
f 422 1624 922
f 486 1692 1060
f 573 1782 1240
f 561 1765 1204
f 512 1714 1102
f 452 1661 999
f 448 1653 981
f 449 1651 976
f 455 1657 988
f 458 1660 994
f 470 1675 1024
f 437 1639 952
f 494 1696 1066
f 531 1733 1138
f 539 1751 1179
f 568 1779 1233
f 478 1683 1041
f 419 1626 927
f 509 1721 1119
f 554 1766 1209
f 482 1689 1053
f 576 1778 1228
f 558 1760 1192
f 516 1718 1108
f 425 1629 933
f 542 1747 1167
f 463 1665 1005
f 434 1641 957
f 497 1704 1083
f 528 1737 1150
f 546 1750 1174
f 464 1676 1029
f 440 1644 963
f 500 1702 1077
f 524 1726 1126
f 479 1681 1036
f 418 1620 915
f 508 1710 1095
f 553 1755 1185
f 569 1771 1216
f 538 1740 1155
f 471 1673 1018
f 443 1647 970
f 501 1707 1090
f 523 1734 1143
f 467 1669 1012
f 433 1635 945
f 493 1698 1071
f 527 1729 1131
f 543 1745 1162
f 485 1687 1047
f 572 1774 1221
f 557 1762 1197
f 515 1720 1114
f 428 1632 940
f 591 2189 1284
f 587 1883 1260
f 588 1903 1296
f 594 2281 1314
f 597 2317 1332
f 600 2173 1380
f 634 2158 1542
f 619 2012 1451
f 639 2210 1577
f 602 1924 1367
f 624 2135 1488
f 608 1973 1392
f 610 1996 1439
f 627 2227 1512
f 630 2304 1530
f 635 2176 1548
f 615 2155 1470
f 617 2014 1457
f 637 2212 1583
f 604 1922 1361
f 416 1864 1270
f 408 1810 1246
f 406 1795 1251
f 412 1831 1287
f 415 1849 1305
f 424 1887 1335
f 492 2193 1552
f 582 2321 1474
f 565 2285 1600
f 514 1907 1353
f 461 2098 1480
f 453 2044 1402
f 451 1961 1407
f 457 2067 1491
f 460 2083 1503
f 475 2139 1534
f 439 1975 1413
f 496 1997 1443
f 533 2231 1593
f 551 2298 1384
f 579 2190 1324
f 483 1884 1276
f 426 1900 1264
f 521 2278 1300
f 566 2314 1318
f 489 2170 1342
f 578 2159 1563
f 560 2015 1461
f 518 2213 1587
f 429 1918 1348
f 547 2136 1522
f 465 1977 1419
f 441 1990 1396
f 504 2224 1498
f 537 2301 1516
f 550 2177 1558
f 476 2152 1426
f 444 2008 1432
f 502 2206 1569
f 526 1925 1371
f 481 1817 1281
f 420 1797 1257
f 510 1833 1293
f 555 1851 1311
f 571 1871 1329
f 540 1941 1377
f 473 2119 1539
f 447 2029 1450
f 507 2247 1576
f 534 2262 1366
f 469 2051 1485
f 435 1954 1389
f 498 2064 1438
f 529 2085 1509
f 545 2105 1527
f 487 2121 1545
f 574 2031 1467
f 562 2244 1456
f 520 2265 1582
f 432 1939 1360
f 589 1814 1271
f 583 1793 1247
f 586 1829 1254
f 593 1847 1290
f 596 1868 1308
f 599 1937 1338
f 633 2124 1553
f 620 2034 1475
f 640 2250 1601
f 603 2261 1356
f 622 2050 1481
f 607 1960 1403
f 612 2063 1410
f 626 2081 1494
f 629 2102 1506
f 631 2117 1535
f 614 2027 1416
f 618 2243 1446
f 641 2268 1596
f 605 1944 1385
f 409 1804 894
f 405 1785 887
f 411 1821 899
f 414 1839 905
f 417 1858 912
f 431 1929 941
f 488 2114 1050
f 575 2024 1224
f 563 2240 1200
f 519 2253 1115
f 454 2038 984
f 450 1951 977
f 456 2055 989
f 459 2073 995
f 462 2092 1002
f 472 2109 1019
f 446 2019 971
f 506 2235 1091
f 535 2258 1146
f 541 1934 1158
f 570 1861 1217
f 480 1807 1037
f 421 1790 918
f 511 1826 1098
f 556 1844 1188
f 484 1880 1044
f 580 2186 1236
f 567 2308 1212
f 522 2272 1122
f 427 1894 930
f 544 2095 1163
f 468 2041 1013
f 436 1948 948
f 499 2060 1074
f 530 2078 1134
f 548 2132 1170
f 466 1970 1008
f 442 1984 960
f 505 2218 1086
f 536 2289 1151
f 491 2181 1061
f 423 1875 923
f 513 1897 1103
f 564 2275 1205
f 581 2311 1241
f 549 2167 1175
f 477 2146 1032
f 445 2002 966
f 503 2200 1080
f 525 1915 1127
f 474 2127 1025
f 438 1965 953
f 495 1987 1067
f 532 2221 1139
f 552 2294 1182
f 490 2164 1056
f 577 2149 1229
f 559 2005 1193
f 517 2203 1109
f 430 1912 936
f 590 1870 1325
f 584 1816 1277
f 585 1800 1265
f 592 1836 1301
f 595 1854 1319
f 598 1890 1343
f 636 2196 1566
f 621 2320 1464
f 642 2284 1590
f 601 1906 1349
f 623 2104 1523
f 611 2047 1422
f 609 1958 1397
f 625 2070 1499
f 628 2088 1517
f 632 2142 1559
f 613 1980 1427
f 616 1994 1433
f 638 2230 1572
f 606 2297 1374
f 407 2329 892
f 403 2323 885
f 404 2326 897
f 410 2333 903
f 413 2336 910
f 422 2345 939
f 486 2409 1048
f 573 2496 1222
f 561 2485 1198
f 512 2435 1113
f 452 2374 982
f 448 2368 975
f 449 2371 987
f 455 2378 993
f 458 2381 1000
f 470 2392 1017
f 437 2360 969
f 494 2416 1089
f 531 2456 1144
f 539 2460 1156
f 568 2488 1215
f 478 2398 1035
f 419 2340 916
f 509 2430 1096
f 554 2475 1186
f 482 2404 1042
f 576 2501 1234
f 558 2482 1210
f 516 2440 1120
f 425 2347 928
f 542 2464 1161
f 463 2384 1011
f 434 2355 946
f 497 2419 1072
f 528 2451 1132
f 546 2470 1168
f 464 2385 1006
f 440 2362 958
f 500 2423 1084
f 524 2446 1149
f 479 2401 1059
f 418 2339 921
f 508 2429 1101
f 553 2474 1203
f 569 2491 1239
f 538 2459 1173
f 471 2395 1030
f 443 2365 964
f 501 2424 1078
f 523 2443 1125
f 467 2390 1023
f 433 2354 951
f 493 2413 1065
f 527 2450 1137
f 543 2467 1180
f 485 2408 1054
f 572 2495 1227
f 557 2479 1191
f 515 2437 1107
f 428 2350 934
f 591 2511 1326
f 587 2505 1278
f 588 2507 1266
f 594 2513 1302
f 597 2516 1320
f 600 2519 1344
f 634 2556 1565
f 619 2540 1463
f 639 2561 1589
f 602 2521 1350
f 624 2544 1524
f 608 2529 1421
f 610 2530 1398
f 627 2546 1500
f 630 2549 1518
f 635 2553 1560
f 615 2534 1428
f 617 2536 1434
f 637 2557 1571
f 604 2525 1373
f 164 1609 889
f 163 1605 883
f 165 1611 895
f 166 1614 901
f 167 1617 907
f 172 1631 937
f 190 1688 1045
f 219 1775 1219
f 215 1763 1195
f 201 1719 1111
f 179 1654 979
f 178 1650 973
f 180 1656 985
f 181 1659 991
f 182 1662 997
f 185 1672 1015
f 177 1646 967
f 197 1706 1087
f 206 1735 1141
f 208 1741 1153
f 218 1770 1213
f 188 1680 1033
f 168 1621 913
f 198 1711 1093
f 213 1756 1183
f 189 1684 1039
f 221 1780 1231
f 217 1767 1207
f 202 1722 1117
f 170 1627 925
f 209 1744 1159
f 184 1668 1009
f 173 1636 943
f 194 1699 1069
f 204 1730 1129
f 210 1748 1165
f 183 1666 1003
f 175 1642 955
f 196 1705 1081
f 207 1736 1147
f 192 1691 1057
f 169 1623 919
f 199 1713 1099
f 216 1764 1201
f 222 1781 1237
f 211 1749 1171
f 187 1677 1027
f 176 1645 961
f 195 1703 1075
f 203 1725 1123
f 186 1674 1021
f 174 1638 949
f 193 1695 1063
f 205 1732 1135
f 212 1752 1177
f 191 1690 1051
f 220 1777 1225
f 214 1759 1189
f 200 1717 1105
f 171 1630 931
f 358 2191 1322
f 256 1885 1274
f 261 1901 1262
f 387 2279 1298
f 399 2315 1316
f 351 2171 1340
f 348 2160 1561
f 300 2016 1459
f 366 2214 1585
f 267 1919 1346
f 340 2137 1520
f 287 1978 1417
f 291 1991 1394
f 369 2225 1496
f 395 2302 1514
f 354 2178 1556
f 345 2153 1424
f 297 2009 1430
f 363 2207 1567
f 270 1926 1369
f 247 1857 908
f 229 1803 890
f 223 1786 884
f 235 1822 896
f 241 1840 902
f 253 1876 920
f 355 2182 1058
f 398 2312 1238
f 386 2276 1202
f 260 1898 1100
f 325 2091 998
f 307 2037 980
f 278 1952 974
f 313 2056 986
f 319 2074 992
f 337 2128 1022
f 283 1966 950
f 290 1988 1064
f 368 2222 1136
f 392 2293 1178
f 356 2185 1232
f 254 1879 1040
f 259 1893 926
f 385 2271 1118
f 397 2307 1208
f 349 2163 1052
f 344 2150 1226
f 296 2006 1190
f 362 2204 1106
f 265 1911 932
f 338 2131 1166
f 284 1969 1004
f 289 1983 956
f 367 2217 1082
f 391 2290 1148
f 350 2168 1172
f 343 2145 1028
f 295 2001 962
f 361 2199 1076
f 266 1916 1124
f 230 1808 1034
f 224 1789 914
f 236 1825 1094
f 242 1843 1184
f 248 1862 1214
f 272 1933 1154
f 331 2110 1016
f 301 2020 968
f 373 2236 1088
f 380 2257 1142
f 308 2042 1010
f 277 1947 944
f 314 2059 1070
f 320 2077 1130
f 326 2096 1160
f 332 2113 1046
f 302 2023 1220
f 374 2239 1196
f 379 2254 1112
f 271 1930 938
f 234 1818 1279
f 227 1798 1255
f 239 1834 1291
f 245 1852 1309
f 252 1872 1327
f 275 1942 1375
f 334 2120 1537
f 304 2030 1448
f 377 2248 1574
f 382 2263 1364
f 312 2052 1483
f 279 1955 1387
f 316 2065 1436
f 323 2086 1507
f 330 2106 1525
f 335 2122 1543
f 305 2032 1465
f 376 2245 1454
f 383 2266 1580
f 274 1940 1358
f 232 1813 1267
f 225 1792 1243
f 237 1828 1250
f 243 1846 1286
f 250 1867 1304
f 273 1936 1334
f 336 2123 1549
f 306 2033 1471
f 378 2249 1597
f 381 2260 1352
f 311 2049 1477
f 281 1959 1399
f 315 2062 1406
f 321 2080 1490
f 328 2101 1502
f 333 2116 1531
f 303 2026 1412
f 375 2242 1442
f 384 2267 1592
f 276 1943 1381
f 251 1869 1321
f 233 1815 1273
f 228 1799 1261
f 240 1835 1297
f 246 1853 1315
f 258 1889 1339
f 360 2195 1562
f 401 2319 1460
f 389 2283 1586
f 263 1905 1345
f 329 2103 1519
f 310 2046 1418
f 280 1957 1393
f 318 2069 1495
f 324 2087 1513
f 342 2141 1555
f 288 1979 1423
f 292 1993 1429
f 371 2229 1568
f 393 2296 1370
f 357 2188 1280
f 255 1882 1256
f 262 1902 1292
f 388 2280 1310
f 400 2316 1328
f 352 2172 1376
f 347 2157 1538
f 298 2011 1447
f 364 2209 1573
f 269 1923 1363
f 339 2134 1484
f 285 1972 1388
f 293 1995 1435
f 370 2226 1508
f 396 2303 1526
f 353 2175 1544
f 346 2154 1466
f 299 2013 1453
f 365 2211 1579
f 268 1921 1357
f 249 1865 1268
f 231 1811 1244
f 226 1796 1249
f 238 1832 1285
f 244 1850 1303
f 257 1888 1333
f 359 2194 1550
f 402 2322 1472
f 390 2286 1598
f 264 1908 1351
f 327 2099 1478
f 309 2045 1400
f 282 1962 1405
f 317 2068 1489
f 322 2084 1501
f 341 2140 1532
f 286 1976 1411
f 294 1998 1441
f 372 2232 1591
f 394 2299 1382
f 416 2330 911
f 408 2324 893
f 406 2325 888
f 412 2332 900
f 415 2335 906
f 424 2344 924
f 492 2410 1062
f 582 2497 1242
f 565 2486 1206
f 514 2434 1104
f 461 2375 1001
f 453 2369 983
f 451 2370 978
f 457 2377 990
f 460 2380 996
f 475 2393 1026
f 439 2359 954
f 496 2415 1068
f 533 2455 1140
f 551 2461 1181
f 579 2489 1235
f 483 2399 1043
f 426 2341 929
f 521 2431 1121
f 566 2476 1211
f 489 2405 1055
f 578 2500 1230
f 560 2481 1194
f 518 2439 1110
f 429 2348 935
f 547 2465 1169
f 465 2383 1007
f 441 2356 959
f 504 2420 1085
f 537 2452 1152
f 550 2471 1176
f 476 2386 1031
f 444 2363 965
f 502 2422 1079
f 526 2445 1128
f 481 2400 1038
f 420 2338 917
f 510 2428 1097
f 555 2473 1187
f 571 2490 1218
f 540 2458 1157
f 473 2394 1020
f 447 2366 972
f 507 2425 1092
f 534 2444 1145
f 469 2389 1014
f 435 2353 947
f 498 2414 1073
f 529 2449 1133
f 545 2466 1164
f 487 2407 1049
f 574 2494 1223
f 562 2480 1199
f 520 2438 1116
f 432 2351 942
f 589 2510 1283
f 583 2504 1259
f 586 2508 1295
f 593 2514 1313
f 596 2517 1331
f 599 2520 1379
f 633 2554 1541
f 620 2539 1452
f 640 2560 1578
f 603 2523 1368
f 622 2543 1487
f 607 2527 1391
f 612 2532 1440
f 626 2547 1511
f 629 2550 1529
f 631 2552 1547
f 614 2535 1469
f 618 2538 1458
f 641 2558 1584
f 605 2524 1362
f 164 1607 1609
f 163 1603 1605
f 165 1604 1611
f 166 1610 1614
f 167 1613 1617
f 172 1622 1631
f 190 1686 1688
f 219 1773 1775
f 215 1761 1763
f 201 1712 1719
f 179 1652 1654
f 178 1648 1650
f 180 1649 1656
f 181 1655 1659
f 182 1658 1662
f 185 1670 1672
f 177 1637 1646
f 197 1694 1706
f 206 1731 1735
f 208 1739 1741
f 218 1768 1770
f 188 1678 1680
f 168 1619 1621
f 198 1709 1711
f 213 1754 1756
f 189 1682 1684
f 221 1776 1780
f 217 1758 1767
f 202 1716 1722
f 170 1625 1627
f 209 1742 1744
f 184 1663 1668
f 173 1634 1636
f 194 1697 1699
f 204 1728 1730
f 210 1746 1748
f 183 1664 1666
f 175 1640 1642
f 196 1700 1705
f 207 1724 1736
f 192 1679 1691
f 169 1618 1623
f 199 1708 1713
f 216 1753 1764
f 222 1769 1781
f 211 1738 1749
f 187 1671 1677
f 176 1643 1645
f 195 1701 1703
f 203 1723 1725
f 186 1667 1674
f 174 1633 1638
f 193 1693 1695
f 205 1727 1732
f 212 1743 1752
f 191 1685 1690
f 220 1772 1777
f 214 1757 1759
f 200 1715 1717
f 171 1628 1630
f 358 2187 2191
f 256 1881 1885
f 261 1899 1901
f 387 2277 2279
f 399 2313 2315
f 351 2169 2171
f 348 2156 2160
f 300 2010 2016
f 366 2208 2214
f 267 1917 1919
f 340 2133 2137
f 287 1971 1978
f 291 1989 1991
f 369 2223 2225
f 395 2300 2302
f 354 2174 2178
f 345 2151 2153
f 297 2007 2009
f 363 2205 2207
f 270 1920 1926
f 247 1855 1857
f 229 1801 1803
f 223 1784 1786
f 235 1820 1822
f 241 1838 1840
f 253 1874 1876
f 355 2180 2182
f 398 2310 2312
f 386 2274 2276
f 260 1896 1898
f 325 2089 2091
f 307 2035 2037
f 278 1950 1952
f 313 2054 2056
f 319 2072 2074
f 337 2126 2128
f 283 1964 1966
f 290 1986 1988
f 368 2220 2222
f 392 2291 2293
f 356 2183 2185
f 254 1877 1879
f 259 1891 1893
f 385 2269 2271
f 397 2305 2307
f 349 2161 2163
f 344 2148 2150
f 296 2004 2006
f 362 2202 2204
f 265 1909 1911
f 338 2129 2131
f 284 1967 1969
f 289 1981 1983
f 367 2215 2217
f 391 2288 2290
f 350 2166 2168
f 343 2143 2145
f 295 1999 2001
f 361 2197 2199
f 266 1914 1916
f 230 1806 1808
f 224 1787 1789
f 236 1823 1825
f 242 1841 1843
f 248 1860 1862
f 272 1931 1933
f 331 2108 2110
f 301 2018 2020
f 373 2234 2236
f 380 2255 2257
f 308 2040 2042
f 277 1945 1947
f 314 2057 2059
f 320 2075 2077
f 326 2094 2096
f 332 2111 2113
f 302 2021 2023
f 374 2237 2239
f 379 2252 2254
f 271 1928 1930
f 234 1812 1818
f 227 1791 1798
f 239 1827 1834
f 245 1845 1852
f 252 1866 1872
f 275 1935 1942
f 334 2118 2120
f 304 2028 2030
f 377 2246 2248
f 382 2259 2263
f 312 2048 2052
f 279 1953 1955
f 316 2061 2065
f 323 2079 2086
f 330 2100 2106
f 335 2115 2122
f 305 2025 2032
f 376 2241 2245
f 383 2264 2266
f 274 1938 1940
f 232 1802 1813
f 225 1783 1792
f 237 1819 1828
f 243 1837 1846
f 250 1856 1867
f 273 1927 1936
f 336 2112 2123
f 306 2022 2033
f 378 2238 2249
f 381 2251 2260
f 311 2036 2049
f 281 1949 1959
f 315 2053 2062
f 321 2071 2080
f 328 2090 2101
f 333 2107 2116
f 303 2017 2026
f 375 2233 2242
f 384 2256 2267
f 276 1932 1943
f 251 1859 1869
f 233 1805 1815
f 228 1788 1799
f 240 1824 1835
f 246 1842 1853
f 258 1878 1889
f 360 2184 2195
f 401 2306 2319
f 389 2270 2283
f 263 1892 1905
f 329 2093 2103
f 310 2039 2046
f 280 1946 1957
f 318 2058 2069
f 324 2076 2087
f 342 2130 2141
f 288 1968 1979
f 292 1982 1993
f 371 2216 2229
f 393 2287 2296
f 357 2179 2188
f 255 1873 1882
f 262 1895 1902
f 388 2273 2280
f 400 2309 2316
f 352 2165 2172
f 347 2144 2157
f 298 2000 2011
f 364 2198 2209
f 269 1913 1923
f 339 2125 2134
f 285 1963 1972
f 293 1985 1995
f 370 2219 2226
f 396 2292 2303
f 353 2162 2175
f 346 2147 2154
f 299 2003 2013
f 365 2201 2211
f 268 1910 1921
f 249 1863 1865
f 231 1809 1811
f 226 1794 1796
f 238 1830 1832
f 244 1848 1850
f 257 1886 1888
f 359 2192 2194
f 402 2318 2322
f 390 2282 2286
f 264 1904 1908
f 327 2097 2099
f 309 2043 2045
f 282 1956 1962
f 317 2066 2068
f 322 2082 2084
f 341 2138 2140
f 286 1974 1976
f 294 1992 1998
f 372 2228 2232
f 394 2295 2299
f 416 2331 2330
f 408 2327 2324
f 406 2328 2325
f 412 2334 2332
f 415 2337 2335
f 424 2346 2344
f 492 2412 2410
f 582 2499 2497
f 565 2487 2486
f 514 2436 2434
f 461 2376 2375
f 453 2372 2369
f 451 2373 2370
f 457 2379 2377
f 460 2382 2380
f 475 2396 2393
f 439 2361 2359
f 496 2418 2415
f 533 2457 2455
f 551 2463 2461
f 579 2492 2489
f 483 2402 2399
f 426 2343 2341
f 521 2433 2431
f 566 2478 2476
f 489 2406 2405
f 578 2502 2500
f 560 2484 2481
f 518 2442 2439
f 429 2349 2348
f 547 2468 2465
f 465 2387 2383
f 441 2358 2356
f 504 2421 2420
f 537 2454 2452
f 550 2472 2471
f 476 2388 2386
f 444 2364 2363
f 502 2426 2422
f 526 2448 2445
f 481 2403 2400
f 420 2342 2338
f 510 2432 2428
f 555 2477 2473
f 571 2493 2490
f 540 2462 2458
f 473 2397 2394
f 447 2367 2366
f 507 2427 2425
f 534 2447 2444
f 469 2391 2389
f 435 2357 2353
f 498 2417 2414
f 529 2453 2449
f 545 2469 2466
f 487 2411 2407
f 574 2498 2494
f 562 2483 2480
f 520 2441 2438
f 432 2352 2351
f 589 2509 2510
f 583 2503 2504
f 586 2506 2508
f 593 2512 2514
f 596 2515 2517
f 599 2518 2520
f 633 2555 2554
f 620 2541 2539
f 640 2562 2560
f 603 2522 2523
f 622 2542 2543
f 607 2528 2527
f 612 2531 2532
f 626 2545 2547
f 629 2548 2550
f 631 2551 2552
f 614 2533 2535
f 618 2537 2538
f 641 2559 2558
f 605 2526 2524
f 164 644 1607
f 163 643 1603
f 165 645 1604
f 166 646 1610
f 167 647 1613
f 172 652 1622
f 190 670 1686
f 219 699 1773
f 215 695 1761
f 201 681 1712
f 179 659 1652
f 178 658 1648
f 180 660 1649
f 181 661 1655
f 182 662 1658
f 185 665 1670
f 177 657 1637
f 197 677 1694
f 206 686 1731
f 208 688 1739
f 218 698 1768
f 188 668 1678
f 168 648 1619
f 198 678 1709
f 213 693 1754
f 189 669 1682
f 221 701 1776
f 217 697 1758
f 202 682 1716
f 170 650 1625
f 209 689 1742
f 184 664 1663
f 173 653 1634
f 194 674 1697
f 204 684 1728
f 210 690 1746
f 183 663 1664
f 175 655 1640
f 196 676 1700
f 207 687 1724
f 192 672 1679
f 169 649 1618
f 199 679 1708
f 216 696 1753
f 222 702 1769
f 211 691 1738
f 187 667 1671
f 176 656 1643
f 195 675 1701
f 203 683 1723
f 186 666 1667
f 174 654 1633
f 193 673 1693
f 205 685 1727
f 212 692 1743
f 191 671 1685
f 220 700 1772
f 214 694 1757
f 200 680 1715
f 171 651 1628
f 358 838 2187
f 256 736 1881
f 261 741 1899
f 387 867 2277
f 399 879 2313
f 351 831 2169
f 348 828 2156
f 300 780 2010
f 366 846 2208
f 267 747 1917
f 340 820 2133
f 287 767 1971
f 291 771 1989
f 369 849 2223
f 395 875 2300
f 354 834 2174
f 345 825 2151
f 297 777 2007
f 363 843 2205
f 270 750 1920
f 247 727 1855
f 229 709 1801
f 223 703 1784
f 235 715 1820
f 241 721 1838
f 253 733 1874
f 355 835 2180
f 398 878 2310
f 386 866 2274
f 260 740 1896
f 325 805 2089
f 307 787 2035
f 278 758 1950
f 313 793 2054
f 319 799 2072
f 337 817 2126
f 283 763 1964
f 290 770 1986
f 368 848 2220
f 392 872 2291
f 356 836 2183
f 254 734 1877
f 259 739 1891
f 385 865 2269
f 397 877 2305
f 349 829 2161
f 344 824 2148
f 296 776 2004
f 362 842 2202
f 265 745 1909
f 338 818 2129
f 284 764 1967
f 289 769 1981
f 367 847 2215
f 391 871 2288
f 350 830 2166
f 343 823 2143
f 295 775 1999
f 361 841 2197
f 266 746 1914
f 230 710 1806
f 224 704 1787
f 236 716 1823
f 242 722 1841
f 248 728 1860
f 272 752 1931
f 331 811 2108
f 301 781 2018
f 373 853 2234
f 380 860 2255
f 308 788 2040
f 277 757 1945
f 314 794 2057
f 320 800 2075
f 326 806 2094
f 332 812 2111
f 302 782 2021
f 374 854 2237
f 379 859 2252
f 271 751 1928
f 234 714 1812
f 227 707 1791
f 239 719 1827
f 245 725 1845
f 252 732 1866
f 275 755 1935
f 334 814 2118
f 304 784 2028
f 377 857 2246
f 382 862 2259
f 312 792 2048
f 279 759 1953
f 316 796 2061
f 323 803 2079
f 330 810 2100
f 335 815 2115
f 305 785 2025
f 376 856 2241
f 383 863 2264
f 274 754 1938
f 232 712 1802
f 225 705 1783
f 237 717 1819
f 243 723 1837
f 250 730 1856
f 273 753 1927
f 336 816 2112
f 306 786 2022
f 378 858 2238
f 381 861 2251
f 311 791 2036
f 281 761 1949
f 315 795 2053
f 321 801 2071
f 328 808 2090
f 333 813 2107
f 303 783 2017
f 375 855 2233
f 384 864 2256
f 276 756 1932
f 251 731 1859
f 233 713 1805
f 228 708 1788
f 240 720 1824
f 246 726 1842
f 258 738 1878
f 360 840 2184
f 401 881 2306
f 389 869 2270
f 263 743 1892
f 329 809 2093
f 310 790 2039
f 280 760 1946
f 318 798 2058
f 324 804 2076
f 342 822 2130
f 288 768 1968
f 292 772 1982
f 371 851 2216
f 393 873 2287
f 357 837 2179
f 255 735 1873
f 262 742 1895
f 388 868 2273
f 400 880 2309
f 352 832 2165
f 347 827 2144
f 298 778 2000
f 364 844 2198
f 269 749 1913
f 339 819 2125
f 285 765 1963
f 293 773 1985
f 370 850 2219
f 396 876 2292
f 353 833 2162
f 346 826 2147
f 299 779 2003
f 365 845 2201
f 268 748 1910
f 249 729 1863
f 231 711 1809
f 226 706 1794
f 238 718 1830
f 244 724 1848
f 257 737 1886
f 359 839 2192
f 402 882 2318
f 390 870 2282
f 264 744 1904
f 327 807 2097
f 309 789 2043
f 282 762 1956
f 317 797 2066
f 322 802 2082
f 341 821 2138
f 286 766 1974
f 294 774 1992
f 372 852 2228
f 394 874 2295
f 416 1270 2331
f 408 1246 2327
f 406 1251 2328
f 412 1287 2334
f 415 1305 2337
f 424 1335 2346
f 492 1552 2412
f 582 1474 2499
f 565 1600 2487
f 514 1353 2436
f 461 1480 2376
f 453 1402 2372
f 451 1407 2373
f 457 1491 2379
f 460 1503 2382
f 475 1534 2396
f 439 1413 2361
f 496 1443 2418
f 533 1593 2457
f 551 1384 2463
f 579 1324 2492
f 483 1276 2402
f 426 1264 2343
f 521 1300 2433
f 566 1318 2478
f 489 1342 2406
f 578 1563 2502
f 560 1461 2484
f 518 1587 2442
f 429 1348 2349
f 547 1522 2468
f 465 1419 2387
f 441 1396 2358
f 504 1498 2421
f 537 1516 2454
f 550 1558 2472
f 476 1426 2388
f 444 1432 2364
f 502 1569 2426
f 526 1371 2448
f 481 1281 2403
f 420 1257 2342
f 510 1293 2432
f 555 1311 2477
f 571 1329 2493
f 540 1377 2462
f 473 1539 2397
f 447 1450 2367
f 507 1576 2427
f 534 1366 2447
f 469 1485 2391
f 435 1389 2357
f 498 1438 2417
f 529 1509 2453
f 545 1527 2469
f 487 1545 2411
f 574 1467 2498
f 562 1456 2483
f 520 1582 2441
f 432 1360 2352
f 589 1271 2509
f 583 1247 2503
f 586 1254 2506
f 593 1290 2512
f 596 1308 2515
f 599 1338 2518
f 633 1553 2555
f 620 1475 2541
f 640 1601 2562
f 603 1356 2522
f 622 1481 2542
f 607 1403 2528
f 612 1410 2531
f 626 1494 2545
f 629 1506 2548
f 631 1535 2551
f 614 1416 2533
f 618 1446 2537
f 641 1596 2559
f 605 1385 2526
f 167 907 1616
f 164 889 1608
f 163 883 1606
f 165 895 1612
f 166 901 1615
f 169 919 1624
f 192 1057 1692
f 222 1237 1782
f 216 1201 1765
f 199 1099 1714
f 182 997 1661
f 179 979 1653
f 178 973 1651
f 180 985 1657
f 181 991 1660
f 186 1021 1675
f 174 949 1639
f 193 1063 1696
f 205 1135 1733
f 212 1177 1751
f 221 1231 1779
f 189 1039 1683
f 170 925 1626
f 202 1117 1721
f 217 1207 1766
f 191 1051 1689
f 220 1225 1778
f 214 1189 1760
f 200 1105 1718
f 171 931 1629
f 210 1165 1747
f 183 1003 1665
f 175 955 1641
f 196 1081 1704
f 207 1147 1737
f 211 1171 1750
f 187 1027 1676
f 176 961 1644
f 195 1075 1702
f 203 1123 1726
f 188 1033 1681
f 168 913 1620
f 198 1093 1710
f 213 1183 1755
f 218 1213 1771
f 208 1153 1740
f 185 1015 1673
f 177 967 1647
f 197 1087 1707
f 206 1141 1734
f 184 1009 1669
f 173 943 1635
f 194 1069 1698
f 204 1129 1729
f 209 1159 1745
f 190 1045 1687
f 219 1219 1774
f 215 1195 1762
f 201 1111 1720
f 172 937 1632
f 357 1280 2189
f 255 1256 1883
f 262 1292 1903
f 388 1310 2281
f 400 1328 2317
f 352 1376 2173
f 347 1538 2158
f 298 1447 2012
f 364 1573 2210
f 269 1363 1924
f 339 1484 2135
f 285 1388 1973
f 293 1435 1996
f 370 1508 2227
f 396 1526 2304
f 353 1544 2176
f 346 1466 2155
f 299 1453 2014
f 365 1579 2212
f 268 1357 1922
f 249 1268 1864
f 231 1244 1810
f 226 1249 1795
f 238 1285 1831
f 244 1303 1849
f 257 1333 1887
f 359 1550 2193
f 402 1472 2321
f 390 1598 2285
f 264 1351 1907
f 327 1478 2098
f 309 1400 2044
f 282 1405 1961
f 317 1489 2067
f 322 1501 2083
f 341 1532 2139
f 286 1411 1975
f 294 1441 1997
f 372 1591 2231
f 394 1382 2298
f 358 1322 2190
f 256 1274 1884
f 261 1262 1900
f 387 1298 2278
f 399 1316 2314
f 351 1340 2170
f 348 1561 2159
f 300 1459 2015
f 366 1585 2213
f 267 1346 1918
f 340 1520 2136
f 287 1417 1977
f 291 1394 1990
f 369 1496 2224
f 395 1514 2301
f 354 1556 2177
f 345 1424 2152
f 297 1430 2008
f 363 1567 2206
f 270 1369 1925
f 234 1279 1817
f 227 1255 1797
f 239 1291 1833
f 245 1309 1851
f 252 1327 1871
f 275 1375 1941
f 334 1537 2119
f 304 1448 2029
f 377 1574 2247
f 382 1364 2262
f 312 1483 2051
f 279 1387 1954
f 316 1436 2064
f 323 1507 2085
f 330 1525 2105
f 335 1543 2121
f 305 1465 2031
f 376 1454 2244
f 383 1580 2265
f 274 1358 1939
f 232 1267 1814
f 225 1243 1793
f 237 1250 1829
f 243 1286 1847
f 250 1304 1868
f 273 1334 1937
f 336 1549 2124
f 306 1471 2034
f 378 1597 2250
f 381 1352 2261
f 311 1477 2050
f 281 1399 1960
f 315 1406 2063
f 321 1490 2081
f 328 1502 2102
f 333 1531 2117
f 303 1412 2027
f 375 1442 2243
f 384 1592 2268
f 276 1381 1944
f 229 890 1804
f 223 884 1785
f 235 896 1821
f 241 902 1839
f 247 908 1858
f 271 938 1929
f 332 1046 2114
f 302 1220 2024
f 374 1196 2240
f 379 1112 2253
f 307 980 2038
f 278 974 1951
f 313 986 2055
f 319 992 2073
f 325 998 2092
f 331 1016 2109
f 301 968 2019
f 373 1088 2235
f 380 1142 2258
f 272 1154 1934
f 248 1214 1861
f 230 1034 1807
f 224 914 1790
f 236 1094 1826
f 242 1184 1844
f 254 1040 1880
f 356 1232 2186
f 397 1208 2308
f 385 1118 2272
f 259 926 1894
f 326 1160 2095
f 308 1010 2041
f 277 944 1948
f 314 1070 2060
f 320 1130 2078
f 338 1166 2132
f 284 1004 1970
f 289 956 1984
f 367 1082 2218
f 391 1148 2289
f 355 1058 2181
f 253 920 1875
f 260 1100 1897
f 386 1202 2275
f 398 1238 2311
f 350 1172 2167
f 343 1028 2146
f 295 962 2002
f 361 1076 2200
f 266 1124 1915
f 337 1022 2127
f 283 950 1965
f 290 1064 1987
f 368 1136 2221
f 392 1178 2294
f 349 1052 2164
f 344 1226 2149
f 296 1190 2005
f 362 1106 2203
f 265 932 1912
f 251 1321 1870
f 233 1273 1816
f 228 1261 1800
f 240 1297 1836
f 246 1315 1854
f 258 1339 1890
f 360 1562 2196
f 401 1460 2320
f 389 1586 2284
f 263 1345 1906
f 329 1519 2104
f 310 1418 2047
f 280 1393 1958
f 318 1495 2070
f 324 1513 2088
f 342 1555 2142
f 288 1423 1980
f 292 1429 1994
f 371 1568 2230
f 393 1370 2297
f 409 894 2329
f 405 887 2323
f 411 899 2326
f 414 905 2333
f 417 912 2336
f 431 941 2345
f 488 1050 2409
f 575 1224 2496
f 563 1200 2485
f 519 1115 2435
f 454 984 2374
f 450 977 2368
f 456 989 2371
f 459 995 2378
f 462 1002 2381
f 472 1019 2392
f 446 971 2360
f 506 1091 2416
f 535 1146 2456
f 541 1158 2460
f 570 1217 2488
f 480 1037 2398
f 421 918 2340
f 511 1098 2430
f 556 1188 2475
f 484 1044 2404
f 580 1236 2501
f 567 1212 2482
f 522 1122 2440
f 427 930 2347
f 544 1163 2464
f 468 1013 2384
f 436 948 2355
f 499 1074 2419
f 530 1134 2451
f 548 1170 2470
f 466 1008 2385
f 442 960 2362
f 505 1086 2423
f 536 1151 2446
f 491 1061 2401
f 423 923 2339
f 513 1103 2429
f 564 1205 2474
f 581 1241 2491
f 549 1175 2459
f 477 1032 2395
f 445 966 2365
f 503 1080 2424
f 525 1127 2443
f 474 1025 2390
f 438 953 2354
f 495 1067 2413
f 532 1139 2450
f 552 1182 2467
f 490 1056 2408
f 577 1229 2495
f 559 1193 2479
f 517 1109 2437
f 430 936 2350
f 590 1325 2511
f 584 1277 2505
f 585 1265 2507
f 592 1301 2513
f 595 1319 2516
f 598 1343 2519
f 636 1566 2556
f 621 1464 2540
f 642 1590 2561
f 601 1349 2521
f 623 1523 2544
f 611 1422 2529
f 609 1397 2530
f 625 1499 2546
f 628 1517 2549
f 632 1559 2553
f 613 1427 2534
f 616 1433 2536
f 638 1572 2557
f 606 1374 2525
f 407 892 1609
f 403 885 1605
f 404 897 1611
f 410 903 1614
f 413 910 1617
f 422 939 1631
f 486 1048 1688
f 573 1222 1775
f 561 1198 1763
f 512 1113 1719
f 452 982 1654
f 448 975 1650
f 449 987 1656
f 455 993 1659
f 458 1000 1662
f 470 1017 1672
f 437 969 1646
f 494 1089 1706
f 531 1144 1735
f 539 1156 1741
f 568 1215 1770
f 478 1035 1680
f 419 916 1621
f 509 1096 1711
f 554 1186 1756
f 482 1042 1684
f 576 1234 1780
f 558 1210 1767
f 516 1120 1722
f 425 928 1627
f 542 1161 1744
f 463 1011 1668
f 434 946 1636
f 497 1072 1699
f 528 1132 1730
f 546 1168 1748
f 464 1006 1666
f 440 958 1642
f 500 1084 1705
f 524 1149 1736
f 479 1059 1691
f 418 921 1623
f 508 1101 1713
f 553 1203 1764
f 569 1239 1781
f 538 1173 1749
f 471 1030 1677
f 443 964 1645
f 501 1078 1703
f 523 1125 1725
f 467 1023 1674
f 433 951 1638
f 493 1065 1695
f 527 1137 1732
f 543 1180 1752
f 485 1054 1690
f 572 1227 1777
f 557 1191 1759
f 515 1107 1717
f 428 934 1630
f 591 1326 2191
f 587 1278 1885
f 588 1266 1901
f 594 1302 2279
f 597 1320 2315
f 600 1344 2171
f 634 1565 2160
f 619 1463 2016
f 639 1589 2214
f 602 1350 1919
f 624 1524 2137
f 608 1421 1978
f 610 1398 1991
f 627 1500 2225
f 630 1518 2302
f 635 1560 2178
f 615 1428 2153
f 617 1434 2009
f 637 1571 2207
f 604 1373 1926
f 416 911 1857
f 408 893 1803
f 406 888 1786
f 412 900 1822
f 415 906 1840
f 424 924 1876
f 492 1062 2182
f 582 1242 2312
f 565 1206 2276
f 514 1104 1898
f 461 1001 2091
f 453 983 2037
f 451 978 1952
f 457 990 2056
f 460 996 2074
f 475 1026 2128
f 439 954 1966
f 496 1068 1988
f 533 1140 2222
f 551 1181 2293
f 579 1235 2185
f 483 1043 1879
f 426 929 1893
f 521 1121 2271
f 566 1211 2307
f 489 1055 2163
f 578 1230 2150
f 560 1194 2006
f 518 1110 2204
f 429 935 1911
f 547 1169 2131
f 465 1007 1969
f 441 959 1983
f 504 1085 2217
f 537 1152 2290
f 550 1176 2168
f 476 1031 2145
f 444 965 2001
f 502 1079 2199
f 526 1128 1916
f 481 1038 1808
f 420 917 1789
f 510 1097 1825
f 555 1187 1843
f 571 1218 1862
f 540 1157 1933
f 473 1020 2110
f 447 972 2020
f 507 1092 2236
f 534 1145 2257
f 469 1014 2042
f 435 947 1947
f 498 1073 2059
f 529 1133 2077
f 545 1164 2096
f 487 1049 2113
f 574 1223 2023
f 562 1199 2239
f 520 1116 2254
f 432 942 1930
f 589 1283 1818
f 583 1259 1798
f 586 1295 1834
f 593 1313 1852
f 596 1331 1872
f 599 1379 1942
f 633 1541 2120
f 620 1452 2030
f 640 1578 2248
f 603 1368 2263
f 622 1487 2052
f 607 1391 1955
f 612 1440 2065
f 626 1511 2086
f 629 1529 2106
f 631 1547 2122
f 614 1469 2032
f 618 1458 2245
f 641 1584 2266
f 605 1362 1940
f 409 1269 1813
f 405 1245 1792
f 411 1252 1828
f 414 1288 1846
f 417 1306 1867
f 431 1336 1936
f 488 1551 2123
f 575 1473 2033
f 563 1599 2249
f 519 1354 2260
f 454 1479 2049
f 450 1401 1959
f 456 1408 2062
f 459 1492 2080
f 462 1504 2101
f 472 1533 2116
f 446 1414 2026
f 506 1444 2242
f 535 1594 2267
f 541 1383 1943
f 570 1323 1869
f 480 1275 1815
f 421 1263 1799
f 511 1299 1835
f 556 1317 1853
f 484 1341 1889
f 580 1564 2195
f 567 1462 2319
f 522 1588 2283
f 427 1347 1905
f 544 1521 2103
f 468 1420 2046
f 436 1395 1957
f 499 1497 2069
f 530 1515 2087
f 548 1557 2141
f 466 1425 1979
f 442 1431 1993
f 505 1570 2229
f 536 1372 2296
f 491 1282 2188
f 423 1258 1882
f 513 1294 1902
f 564 1312 2280
f 581 1330 2316
f 549 1378 2172
f 477 1540 2157
f 445 1449 2011
f 503 1575 2209
f 525 1365 1923
f 474 1486 2134
f 438 1390 1972
f 495 1437 1995
f 532 1510 2226
f 552 1528 2303
f 490 1546 2175
f 577 1468 2154
f 559 1455 2013
f 517 1581 2211
f 430 1359 1921
f 590 1272 1865
f 584 1248 1811
f 585 1253 1796
f 592 1289 1832
f 595 1307 1850
f 598 1337 1888
f 636 1554 2194
f 621 1476 2322
f 642 1602 2286
f 601 1355 1908
f 623 1482 2099
f 611 1404 2045
f 609 1409 1962
f 625 1493 2068
f 628 1505 2084
f 632 1536 2140
f 613 1415 1976
f 616 1445 1998
f 638 1595 2232
f 606 1386 2299
f 407 909 2330
f 403 891 2324
f 404 886 2325
f 410 898 2332
f 413 904 2335
f 422 922 2344
f 486 1060 2410
f 573 1240 2497
f 561 1204 2486
f 512 1102 2434
f 452 999 2375
f 448 981 2369
f 449 976 2370
f 455 988 2377
f 458 994 2380
f 470 1024 2393
f 437 952 2359
f 494 1066 2415
f 531 1138 2455
f 539 1179 2461
f 568 1233 2489
f 478 1041 2399
f 419 927 2341
f 509 1119 2431
f 554 1209 2476
f 482 1053 2405
f 576 1228 2500
f 558 1192 2481
f 516 1108 2439
f 425 933 2348
f 542 1167 2465
f 463 1005 2383
f 434 957 2356
f 497 1083 2420
f 528 1150 2452
f 546 1174 2471
f 464 1029 2386
f 440 963 2363
f 500 1077 2422
f 524 1126 2445
f 479 1036 2400
f 418 915 2338
f 508 1095 2428
f 553 1185 2473
f 569 1216 2490
f 538 1155 2458
f 471 1018 2394
f 443 970 2366
f 501 1090 2425
f 523 1143 2444
f 467 1012 2389
f 433 945 2353
f 493 1071 2414
f 527 1131 2449
f 543 1162 2466
f 485 1047 2407
f 572 1221 2494
f 557 1197 2480
f 515 1114 2438
f 428 940 2351
f 591 1284 2510
f 587 1260 2504
f 588 1296 2508
f 594 1314 2514
f 597 1332 2517
f 600 1380 2520
f 634 1542 2554
f 619 1451 2539
f 639 1577 2560
f 602 1367 2523
f 624 1488 2543
f 608 1392 2527
f 610 1439 2532
f 627 1512 2547
f 630 1530 2550
f 635 1548 2552
f 615 1470 2535
f 617 1457 2538
f 637 1583 2558
f 604 1361 2524
f 167 1616 1607
f 164 1608 1603
f 163 1606 1604
f 165 1612 1610
f 166 1615 1613
f 169 1624 1622
f 192 1692 1686
f 222 1782 1773
f 216 1765 1761
f 199 1714 1712
f 182 1661 1652
f 179 1653 1648
f 178 1651 1649
f 180 1657 1655
f 181 1660 1658
f 186 1675 1670
f 174 1639 1637
f 193 1696 1694
f 205 1733 1731
f 212 1751 1739
f 221 1779 1768
f 189 1683 1678
f 170 1626 1619
f 202 1721 1709
f 217 1766 1754
f 191 1689 1682
f 220 1778 1776
f 214 1760 1758
f 200 1718 1716
f 171 1629 1625
f 210 1747 1742
f 183 1665 1663
f 175 1641 1634
f 196 1704 1697
f 207 1737 1728
f 211 1750 1746
f 187 1676 1664
f 176 1644 1640
f 195 1702 1700
f 203 1726 1724
f 188 1681 1679
f 168 1620 1618
f 198 1710 1708
f 213 1755 1753
f 218 1771 1769
f 208 1740 1738
f 185 1673 1671
f 177 1647 1643
f 197 1707 1701
f 206 1734 1723
f 184 1669 1667
f 173 1635 1633
f 194 1698 1693
f 204 1729 1727
f 209 1745 1743
f 190 1687 1685
f 219 1774 1772
f 215 1762 1757
f 201 1720 1715
f 172 1632 1628
f 357 2189 2187
f 255 1883 1881
f 262 1903 1899
f 388 2281 2277
f 400 2317 2313
f 352 2173 2169
f 347 2158 2156
f 298 2012 2010
f 364 2210 2208
f 269 1924 1917
f 339 2135 2133
f 285 1973 1971
f 293 1996 1989
f 370 2227 2223
f 396 2304 2300
f 353 2176 2174
f 346 2155 2151
f 299 2014 2007
f 365 2212 2205
f 268 1922 1920
f 249 1864 1855
f 231 1810 1801
f 226 1795 1784
f 238 1831 1820
f 244 1849 1838
f 257 1887 1874
f 359 2193 2180
f 402 2321 2310
f 390 2285 2274
f 264 1907 1896
f 327 2098 2089
f 309 2044 2035
f 282 1961 1950
f 317 2067 2054
f 322 2083 2072
f 341 2139 2126
f 286 1975 1964
f 294 1997 1986
f 372 2231 2220
f 394 2298 2291
f 358 2190 2183
f 256 1884 1877
f 261 1900 1891
f 387 2278 2269
f 399 2314 2305
f 351 2170 2161
f 348 2159 2148
f 300 2015 2004
f 366 2213 2202
f 267 1918 1909
f 340 2136 2129
f 287 1977 1967
f 291 1990 1981
f 369 2224 2215
f 395 2301 2288
f 354 2177 2166
f 345 2152 2143
f 297 2008 1999
f 363 2206 2197
f 270 1925 1914
f 234 1817 1806
f 227 1797 1787
f 239 1833 1823
f 245 1851 1841
f 252 1871 1860
f 275 1941 1931
f 334 2119 2108
f 304 2029 2018
f 377 2247 2234
f 382 2262 2255
f 312 2051 2040
f 279 1954 1945
f 316 2064 2057
f 323 2085 2075
f 330 2105 2094
f 335 2121 2111
f 305 2031 2021
f 376 2244 2237
f 383 2265 2252
f 274 1939 1928
f 232 1814 1812
f 225 1793 1791
f 237 1829 1827
f 243 1847 1845
f 250 1868 1866
f 273 1937 1935
f 336 2124 2118
f 306 2034 2028
f 378 2250 2246
f 381 2261 2259
f 311 2050 2048
f 281 1960 1953
f 315 2063 2061
f 321 2081 2079
f 328 2102 2100
f 333 2117 2115
f 303 2027 2025
f 375 2243 2241
f 384 2268 2264
f 276 1944 1938
f 229 1804 1802
f 223 1785 1783
f 235 1821 1819
f 241 1839 1837
f 247 1858 1856
f 271 1929 1927
f 332 2114 2112
f 302 2024 2022
f 374 2240 2238
f 379 2253 2251
f 307 2038 2036
f 278 1951 1949
f 313 2055 2053
f 319 2073 2071
f 325 2092 2090
f 331 2109 2107
f 301 2019 2017
f 373 2235 2233
f 380 2258 2256
f 272 1934 1932
f 248 1861 1859
f 230 1807 1805
f 224 1790 1788
f 236 1826 1824
f 242 1844 1842
f 254 1880 1878
f 356 2186 2184
f 397 2308 2306
f 385 2272 2270
f 259 1894 1892
f 326 2095 2093
f 308 2041 2039
f 277 1948 1946
f 314 2060 2058
f 320 2078 2076
f 338 2132 2130
f 284 1970 1968
f 289 1984 1982
f 367 2218 2216
f 391 2289 2287
f 355 2181 2179
f 253 1875 1873
f 260 1897 1895
f 386 2275 2273
f 398 2311 2309
f 350 2167 2165
f 343 2146 2144
f 295 2002 2000
f 361 2200 2198
f 266 1915 1913
f 337 2127 2125
f 283 1965 1963
f 290 1987 1985
f 368 2221 2219
f 392 2294 2292
f 349 2164 2162
f 344 2149 2147
f 296 2005 2003
f 362 2203 2201
f 265 1912 1910
f 251 1870 1863
f 233 1816 1809
f 228 1800 1794
f 240 1836 1830
f 246 1854 1848
f 258 1890 1886
f 360 2196 2192
f 401 2320 2318
f 389 2284 2282
f 263 1906 1904
f 329 2104 2097
f 310 2047 2043
f 280 1958 1956
f 318 2070 2066
f 324 2088 2082
f 342 2142 2138
f 288 1980 1974
f 292 1994 1992
f 371 2230 2228
f 393 2297 2295
f 409 2329 2331
f 405 2323 2327
f 411 2326 2328
f 414 2333 2334
f 417 2336 2337
f 431 2345 2346
f 488 2409 2412
f 575 2496 2499
f 563 2485 2487
f 519 2435 2436
f 454 2374 2376
f 450 2368 2372
f 456 2371 2373
f 459 2378 2379
f 462 2381 2382
f 472 2392 2396
f 446 2360 2361
f 506 2416 2418
f 535 2456 2457
f 541 2460 2463
f 570 2488 2492
f 480 2398 2402
f 421 2340 2343
f 511 2430 2433
f 556 2475 2478
f 484 2404 2406
f 580 2501 2502
f 567 2482 2484
f 522 2440 2442
f 427 2347 2349
f 544 2464 2468
f 468 2384 2387
f 436 2355 2358
f 499 2419 2421
f 530 2451 2454
f 548 2470 2472
f 466 2385 2388
f 442 2362 2364
f 505 2423 2426
f 536 2446 2448
f 491 2401 2403
f 423 2339 2342
f 513 2429 2432
f 564 2474 2477
f 581 2491 2493
f 549 2459 2462
f 477 2395 2397
f 445 2365 2367
f 503 2424 2427
f 525 2443 2447
f 474 2390 2391
f 438 2354 2357
f 495 2413 2417
f 532 2450 2453
f 552 2467 2469
f 490 2408 2411
f 577 2495 2498
f 559 2479 2483
f 517 2437 2441
f 430 2350 2352
f 590 2511 2509
f 584 2505 2503
f 585 2507 2506
f 592 2513 2512
f 595 2516 2515
f 598 2519 2518
f 636 2556 2555
f 621 2540 2541
f 642 2561 2562
f 601 2521 2522
f 623 2544 2542
f 611 2529 2528
f 609 2530 2531
f 625 2546 2545
f 628 2549 2548
f 632 2553 2551
f 613 2534 2533
f 616 2536 2537
f 638 2557 2559
f 606 2525 2526
f 1607 644 647
f 1603 643 644
f 1604 645 643
f 1610 646 645
f 1613 647 646
f 1622 652 649
f 1686 670 672
f 1773 699 702
f 1761 695 696
f 1712 681 679
f 1652 659 662
f 1648 658 659
f 1649 660 658
f 1655 661 660
f 1658 662 661
f 1670 665 666
f 1637 657 654
f 1694 677 673
f 1731 686 685
f 1739 688 692
f 1768 698 701
f 1678 668 669
f 1619 648 650
f 1709 678 682
f 1754 693 697
f 1682 669 671
f 1776 701 700
f 1758 697 694
f 1716 682 680
f 1625 650 651
f 1742 689 690
f 1663 664 663
f 1634 653 655
f 1697 674 676
f 1728 684 687
f 1746 690 691
f 1664 663 667
f 1640 655 656
f 1700 676 675
f 1724 687 683
f 1679 672 668
f 1618 649 648
f 1708 679 678
f 1753 696 693
f 1769 702 698
f 1738 691 688
f 1671 667 665
f 1643 656 657
f 1701 675 677
f 1723 683 686
f 1667 666 664
f 1633 654 653
f 1693 673 674
f 1727 685 684
f 1743 692 689
f 1685 671 670
f 1772 700 699
f 1757 694 695
f 1715 680 681
f 1628 651 652
f 2187 838 837
f 1881 736 735
f 1899 741 742
f 2277 867 868
f 2313 879 880
f 2169 831 832
f 2156 828 827
f 2010 780 778
f 2208 846 844
f 1917 747 749
f 2133 820 819
f 1971 767 765
f 1989 771 773
f 2223 849 850
f 2300 875 876
f 2174 834 833
f 2151 825 826
f 2007 777 779
f 2205 843 845
f 1920 750 748
f 1855 727 729
f 1801 709 711
f 1784 703 706
f 1820 715 718
f 1838 721 724
f 1874 733 737
f 2180 835 839
f 2310 878 882
f 2274 866 870
f 1896 740 744
f 2089 805 807
f 2035 787 789
f 1950 758 762
f 2054 793 797
f 2072 799 802
f 2126 817 821
f 1964 763 766
f 1986 770 774
f 2220 848 852
f 2291 872 874
f 2183 836 838
f 1877 734 736
f 1891 739 741
f 2269 865 867
f 2305 877 879
f 2161 829 831
f 2148 824 828
f 2004 776 780
f 2202 842 846
f 1909 745 747
f 2129 818 820
f 1967 764 767
f 1981 769 771
f 2215 847 849
f 2288 871 875
f 2166 830 834
f 2143 823 825
f 1999 775 777
f 2197 841 843
f 1914 746 750
f 1806 710 714
f 1787 704 707
f 1823 716 719
f 1841 722 725
f 1860 728 732
f 1931 752 755
f 2108 811 814
f 2018 781 784
f 2234 853 857
f 2255 860 862
f 2040 788 792
f 1945 757 759
f 2057 794 796
f 2075 800 803
f 2094 806 810
f 2111 812 815
f 2021 782 785
f 2237 854 856
f 2252 859 863
f 1928 751 754
f 1812 714 712
f 1791 707 705
f 1827 719 717
f 1845 725 723
f 1866 732 730
f 1935 755 753
f 2118 814 816
f 2028 784 786
f 2246 857 858
f 2259 862 861
f 2048 792 791
f 1953 759 761
f 2061 796 795
f 2079 803 801
f 2100 810 808
f 2115 815 813
f 2025 785 783
f 2241 856 855
f 2264 863 864
f 1938 754 756
f 1802 712 709
f 1783 705 703
f 1819 717 715
f 1837 723 721
f 1856 730 727
f 1927 753 751
f 2112 816 812
f 2022 786 782
f 2238 858 854
f 2251 861 859
f 2036 791 787
f 1949 761 758
f 2053 795 793
f 2071 801 799
f 2090 808 805
f 2107 813 811
f 2017 783 781
f 2233 855 853
f 2256 864 860
f 1932 756 752
f 1859 731 728
f 1805 713 710
f 1788 708 704
f 1824 720 716
f 1842 726 722
f 1878 738 734
f 2184 840 836
f 2306 881 877
f 2270 869 865
f 1892 743 739
f 2093 809 806
f 2039 790 788
f 1946 760 757
f 2058 798 794
f 2076 804 800
f 2130 822 818
f 1968 768 764
f 1982 772 769
f 2216 851 847
f 2287 873 871
f 2179 837 835
f 1873 735 733
f 1895 742 740
f 2273 868 866
f 2309 880 878
f 2165 832 830
f 2144 827 823
f 2000 778 775
f 2198 844 841
f 1913 749 746
f 2125 819 817
f 1963 765 763
f 1985 773 770
f 2219 850 848
f 2292 876 872
f 2162 833 829
f 2147 826 824
f 2003 779 776
f 2201 845 842
f 1910 748 745
f 1863 729 731
f 1809 711 713
f 1794 706 708
f 1830 718 720
f 1848 724 726
f 1886 737 738
f 2192 839 840
f 2318 882 881
f 2282 870 869
f 1904 744 743
f 2097 807 809
f 2043 789 790
f 1956 762 760
f 2066 797 798
f 2082 802 804
f 2138 821 822
f 1974 766 768
f 1992 774 772
f 2228 852 851
f 2295 874 873
f 2331 1270 1269
f 2327 1246 1245
f 2328 1251 1252
f 2334 1287 1288
f 2337 1305 1306
f 2346 1335 1336
f 2412 1552 1551
f 2499 1474 1473
f 2487 1600 1599
f 2436 1353 1354
f 2376 1480 1479
f 2372 1402 1401
f 2373 1407 1408
f 2379 1491 1492
f 2382 1503 1504
f 2396 1534 1533
f 2361 1413 1414
f 2418 1443 1444
f 2457 1593 1594
f 2463 1384 1383
f 2492 1324 1323
f 2402 1276 1275
f 2343 1264 1263
f 2433 1300 1299
f 2478 1318 1317
f 2406 1342 1341
f 2502 1563 1564
f 2484 1461 1462
f 2442 1587 1588
f 2349 1348 1347
f 2468 1522 1521
f 2387 1419 1420
f 2358 1396 1395
f 2421 1498 1497
f 2454 1516 1515
f 2472 1558 1557
f 2388 1426 1425
f 2364 1432 1431
f 2426 1569 1570
f 2448 1371 1372
f 2403 1281 1282
f 2342 1257 1258
f 2432 1293 1294
f 2477 1311 1312
f 2493 1329 1330
f 2462 1377 1378
f 2397 1539 1540
f 2367 1450 1449
f 2427 1576 1575
f 2447 1366 1365
f 2391 1485 1486
f 2357 1389 1390
f 2417 1438 1437
f 2453 1509 1510
f 2469 1527 1528
f 2411 1545 1546
f 2498 1467 1468
f 2483 1456 1455
f 2441 1582 1581
f 2352 1360 1359
f 2509 1271 1272
f 2503 1247 1248
f 2506 1254 1253
f 2512 1290 1289
f 2515 1308 1307
f 2518 1338 1337
f 2555 1553 1554
f 2541 1475 1476
f 2562 1601 1602
f 2522 1356 1355
f 2542 1481 1482
f 2528 1403 1404
f 2531 1410 1409
f 2545 1494 1493
f 2548 1506 1505
f 2551 1535 1536
f 2533 1416 1415
f 2537 1446 1445
f 2559 1596 1595
f 2526 1385 1386
f 1616 907 909
f 1608 889 891
f 1606 883 886
f 1612 895 898
f 1615 901 904
f 1624 919 922
f 1692 1057 1060
f 1782 1237 1240
f 1765 1201 1204
f 1714 1099 1102
f 1661 997 999
f 1653 979 981
f 1651 973 976
f 1657 985 988
f 1660 991 994
f 1675 1021 1024
f 1639 949 952
f 1696 1063 1066
f 1733 1135 1138
f 1751 1177 1179
f 1779 1231 1233
f 1683 1039 1041
f 1626 925 927
f 1721 1117 1119
f 1766 1207 1209
f 1689 1051 1053
f 1778 1225 1228
f 1760 1189 1192
f 1718 1105 1108
f 1629 931 933
f 1747 1165 1167
f 1665 1003 1005
f 1641 955 957
f 1704 1081 1083
f 1737 1147 1150
f 1750 1171 1174
f 1676 1027 1029
f 1644 961 963
f 1702 1075 1077
f 1726 1123 1126
f 1681 1033 1036
f 1620 913 915
f 1710 1093 1095
f 1755 1183 1185
f 1771 1213 1216
f 1740 1153 1155
f 1673 1015 1018
f 1647 967 970
f 1707 1087 1090
f 1734 1141 1143
f 1669 1009 1012
f 1635 943 945
f 1698 1069 1071
f 1729 1129 1131
f 1745 1159 1162
f 1687 1045 1047
f 1774 1219 1221
f 1762 1195 1197
f 1720 1111 1114
f 1632 937 940
f 2189 1280 1284
f 1883 1256 1260
f 1903 1292 1296
f 2281 1310 1314
f 2317 1328 1332
f 2173 1376 1380
f 2158 1538 1542
f 2012 1447 1451
f 2210 1573 1577
f 1924 1363 1367
f 2135 1484 1488
f 1973 1388 1392
f 1996 1435 1439
f 2227 1508 1512
f 2304 1526 1530
f 2176 1544 1548
f 2155 1466 1470
f 2014 1453 1457
f 2212 1579 1583
f 1922 1357 1361
f 1864 1268 1270
f 1810 1244 1246
f 1795 1249 1251
f 1831 1285 1287
f 1849 1303 1305
f 1887 1333 1335
f 2193 1550 1552
f 2321 1472 1474
f 2285 1598 1600
f 1907 1351 1353
f 2098 1478 1480
f 2044 1400 1402
f 1961 1405 1407
f 2067 1489 1491
f 2083 1501 1503
f 2139 1532 1534
f 1975 1411 1413
f 1997 1441 1443
f 2231 1591 1593
f 2298 1382 1384
f 2190 1322 1324
f 1884 1274 1276
f 1900 1262 1264
f 2278 1298 1300
f 2314 1316 1318
f 2170 1340 1342
f 2159 1561 1563
f 2015 1459 1461
f 2213 1585 1587
f 1918 1346 1348
f 2136 1520 1522
f 1977 1417 1419
f 1990 1394 1396
f 2224 1496 1498
f 2301 1514 1516
f 2177 1556 1558
f 2152 1424 1426
f 2008 1430 1432
f 2206 1567 1569
f 1925 1369 1371
f 1817 1279 1281
f 1797 1255 1257
f 1833 1291 1293
f 1851 1309 1311
f 1871 1327 1329
f 1941 1375 1377
f 2119 1537 1539
f 2029 1448 1450
f 2247 1574 1576
f 2262 1364 1366
f 2051 1483 1485
f 1954 1387 1389
f 2064 1436 1438
f 2085 1507 1509
f 2105 1525 1527
f 2121 1543 1545
f 2031 1465 1467
f 2244 1454 1456
f 2265 1580 1582
f 1939 1358 1360
f 1814 1267 1271
f 1793 1243 1247
f 1829 1250 1254
f 1847 1286 1290
f 1868 1304 1308
f 1937 1334 1338
f 2124 1549 1553
f 2034 1471 1475
f 2250 1597 1601
f 2261 1352 1356
f 2050 1477 1481
f 1960 1399 1403
f 2063 1406 1410
f 2081 1490 1494
f 2102 1502 1506
f 2117 1531 1535
f 2027 1412 1416
f 2243 1442 1446
f 2268 1592 1596
f 1944 1381 1385
f 1804 890 894
f 1785 884 887
f 1821 896 899
f 1839 902 905
f 1858 908 912
f 1929 938 941
f 2114 1046 1050
f 2024 1220 1224
f 2240 1196 1200
f 2253 1112 1115
f 2038 980 984
f 1951 974 977
f 2055 986 989
f 2073 992 995
f 2092 998 1002
f 2109 1016 1019
f 2019 968 971
f 2235 1088 1091
f 2258 1142 1146
f 1934 1154 1158
f 1861 1214 1217
f 1807 1034 1037
f 1790 914 918
f 1826 1094 1098
f 1844 1184 1188
f 1880 1040 1044
f 2186 1232 1236
f 2308 1208 1212
f 2272 1118 1122
f 1894 926 930
f 2095 1160 1163
f 2041 1010 1013
f 1948 944 948
f 2060 1070 1074
f 2078 1130 1134
f 2132 1166 1170
f 1970 1004 1008
f 1984 956 960
f 2218 1082 1086
f 2289 1148 1151
f 2181 1058 1061
f 1875 920 923
f 1897 1100 1103
f 2275 1202 1205
f 2311 1238 1241
f 2167 1172 1175
f 2146 1028 1032
f 2002 962 966
f 2200 1076 1080
f 1915 1124 1127
f 2127 1022 1025
f 1965 950 953
f 1987 1064 1067
f 2221 1136 1139
f 2294 1178 1182
f 2164 1052 1056
f 2149 1226 1229
f 2005 1190 1193
f 2203 1106 1109
f 1912 932 936
f 1870 1321 1325
f 1816 1273 1277
f 1800 1261 1265
f 1836 1297 1301
f 1854 1315 1319
f 1890 1339 1343
f 2196 1562 1566
f 2320 1460 1464
f 2284 1586 1590
f 1906 1345 1349
f 2104 1519 1523
f 2047 1418 1422
f 1958 1393 1397
f 2070 1495 1499
f 2088 1513 1517
f 2142 1555 1559
f 1980 1423 1427
f 1994 1429 1433
f 2230 1568 1572
f 2297 1370 1374
f 2329 894 892
f 2323 887 885
f 2326 899 897
f 2333 905 903
f 2336 912 910
f 2345 941 939
f 2409 1050 1048
f 2496 1224 1222
f 2485 1200 1198
f 2435 1115 1113
f 2374 984 982
f 2368 977 975
f 2371 989 987
f 2378 995 993
f 2381 1002 1000
f 2392 1019 1017
f 2360 971 969
f 2416 1091 1089
f 2456 1146 1144
f 2460 1158 1156
f 2488 1217 1215
f 2398 1037 1035
f 2340 918 916
f 2430 1098 1096
f 2475 1188 1186
f 2404 1044 1042
f 2501 1236 1234
f 2482 1212 1210
f 2440 1122 1120
f 2347 930 928
f 2464 1163 1161
f 2384 1013 1011
f 2355 948 946
f 2419 1074 1072
f 2451 1134 1132
f 2470 1170 1168
f 2385 1008 1006
f 2362 960 958
f 2423 1086 1084
f 2446 1151 1149
f 2401 1061 1059
f 2339 923 921
f 2429 1103 1101
f 2474 1205 1203
f 2491 1241 1239
f 2459 1175 1173
f 2395 1032 1030
f 2365 966 964
f 2424 1080 1078
f 2443 1127 1125
f 2390 1025 1023
f 2354 953 951
f 2413 1067 1065
f 2450 1139 1137
f 2467 1182 1180
f 2408 1056 1054
f 2495 1229 1227
f 2479 1193 1191
f 2437 1109 1107
f 2350 936 934
f 2511 1325 1326
f 2505 1277 1278
f 2507 1265 1266
f 2513 1301 1302
f 2516 1319 1320
f 2519 1343 1344
f 2556 1566 1565
f 2540 1464 1463
f 2561 1590 1589
f 2521 1349 1350
f 2544 1523 1524
f 2529 1422 1421
f 2530 1397 1398
f 2546 1499 1500
f 2549 1517 1518
f 2553 1559 1560
f 2534 1427 1428
f 2536 1433 1434
f 2557 1572 1571
f 2525 1374 1373
f 1609 892 889
f 1605 885 883
f 1611 897 895
f 1614 903 901
f 1617 910 907
f 1631 939 937
f 1688 1048 1045
f 1775 1222 1219
f 1763 1198 1195
f 1719 1113 1111
f 1654 982 979
f 1650 975 973
f 1656 987 985
f 1659 993 991
f 1662 1000 997
f 1672 1017 1015
f 1646 969 967
f 1706 1089 1087
f 1735 1144 1141
f 1741 1156 1153
f 1770 1215 1213
f 1680 1035 1033
f 1621 916 913
f 1711 1096 1093
f 1756 1186 1183
f 1684 1042 1039
f 1780 1234 1231
f 1767 1210 1207
f 1722 1120 1117
f 1627 928 925
f 1744 1161 1159
f 1668 1011 1009
f 1636 946 943
f 1699 1072 1069
f 1730 1132 1129
f 1748 1168 1165
f 1666 1006 1003
f 1642 958 955
f 1705 1084 1081
f 1736 1149 1147
f 1691 1059 1057
f 1623 921 919
f 1713 1101 1099
f 1764 1203 1201
f 1781 1239 1237
f 1749 1173 1171
f 1677 1030 1027
f 1645 964 961
f 1703 1078 1075
f 1725 1125 1123
f 1674 1023 1021
f 1638 951 949
f 1695 1065 1063
f 1732 1137 1135
f 1752 1180 1177
f 1690 1054 1051
f 1777 1227 1225
f 1759 1191 1189
f 1717 1107 1105
f 1630 934 931
f 2191 1326 1322
f 1885 1278 1274
f 1901 1266 1262
f 2279 1302 1298
f 2315 1320 1316
f 2171 1344 1340
f 2160 1565 1561
f 2016 1463 1459
f 2214 1589 1585
f 1919 1350 1346
f 2137 1524 1520
f 1978 1421 1417
f 1991 1398 1394
f 2225 1500 1496
f 2302 1518 1514
f 2178 1560 1556
f 2153 1428 1424
f 2009 1434 1430
f 2207 1571 1567
f 1926 1373 1369
f 1857 911 908
f 1803 893 890
f 1786 888 884
f 1822 900 896
f 1840 906 902
f 1876 924 920
f 2182 1062 1058
f 2312 1242 1238
f 2276 1206 1202
f 1898 1104 1100
f 2091 1001 998
f 2037 983 980
f 1952 978 974
f 2056 990 986
f 2074 996 992
f 2128 1026 1022
f 1966 954 950
f 1988 1068 1064
f 2222 1140 1136
f 2293 1181 1178
f 2185 1235 1232
f 1879 1043 1040
f 1893 929 926
f 2271 1121 1118
f 2307 1211 1208
f 2163 1055 1052
f 2150 1230 1226
f 2006 1194 1190
f 2204 1110 1106
f 1911 935 932
f 2131 1169 1166
f 1969 1007 1004
f 1983 959 956
f 2217 1085 1082
f 2290 1152 1148
f 2168 1176 1172
f 2145 1031 1028
f 2001 965 962
f 2199 1079 1076
f 1916 1128 1124
f 1808 1038 1034
f 1789 917 914
f 1825 1097 1094
f 1843 1187 1184
f 1862 1218 1214
f 1933 1157 1154
f 2110 1020 1016
f 2020 972 968
f 2236 1092 1088
f 2257 1145 1142
f 2042 1014 1010
f 1947 947 944
f 2059 1073 1070
f 2077 1133 1130
f 2096 1164 1160
f 2113 1049 1046
f 2023 1223 1220
f 2239 1199 1196
f 2254 1116 1112
f 1930 942 938
f 1818 1283 1279
f 1798 1259 1255
f 1834 1295 1291
f 1852 1313 1309
f 1872 1331 1327
f 1942 1379 1375
f 2120 1541 1537
f 2030 1452 1448
f 2248 1578 1574
f 2263 1368 1364
f 2052 1487 1483
f 1955 1391 1387
f 2065 1440 1436
f 2086 1511 1507
f 2106 1529 1525
f 2122 1547 1543
f 2032 1469 1465
f 2245 1458 1454
f 2266 1584 1580
f 1940 1362 1358
f 1813 1269 1267
f 1792 1245 1243
f 1828 1252 1250
f 1846 1288 1286
f 1867 1306 1304
f 1936 1336 1334
f 2123 1551 1549
f 2033 1473 1471
f 2249 1599 1597
f 2260 1354 1352
f 2049 1479 1477
f 1959 1401 1399
f 2062 1408 1406
f 2080 1492 1490
f 2101 1504 1502
f 2116 1533 1531
f 2026 1414 1412
f 2242 1444 1442
f 2267 1594 1592
f 1943 1383 1381
f 1869 1323 1321
f 1815 1275 1273
f 1799 1263 1261
f 1835 1299 1297
f 1853 1317 1315
f 1889 1341 1339
f 2195 1564 1562
f 2319 1462 1460
f 2283 1588 1586
f 1905 1347 1345
f 2103 1521 1519
f 2046 1420 1418
f 1957 1395 1393
f 2069 1497 1495
f 2087 1515 1513
f 2141 1557 1555
f 1979 1425 1423
f 1993 1431 1429
f 2229 1570 1568
f 2296 1372 1370
f 2188 1282 1280
f 1882 1258 1256
f 1902 1294 1292
f 2280 1312 1310
f 2316 1330 1328
f 2172 1378 1376
f 2157 1540 1538
f 2011 1449 1447
f 2209 1575 1573
f 1923 1365 1363
f 2134 1486 1484
f 1972 1390 1388
f 1995 1437 1435
f 2226 1510 1508
f 2303 1528 1526
f 2175 1546 1544
f 2154 1468 1466
f 2013 1455 1453
f 2211 1581 1579
f 1921 1359 1357
f 1865 1272 1268
f 1811 1248 1244
f 1796 1253 1249
f 1832 1289 1285
f 1850 1307 1303
f 1888 1337 1333
f 2194 1554 1550
f 2322 1476 1472
f 2286 1602 1598
f 1908 1355 1351
f 2099 1482 1478
f 2045 1404 1400
f 1962 1409 1405
f 2068 1493 1489
f 2084 1505 1501
f 2140 1536 1532
f 1976 1415 1411
f 1998 1445 1441
f 2232 1595 1591
f 2299 1386 1382
f 2330 909 911
f 2324 891 893
f 2325 886 888
f 2332 898 900
f 2335 904 906
f 2344 922 924
f 2410 1060 1062
f 2497 1240 1242
f 2486 1204 1206
f 2434 1102 1104
f 2375 999 1001
f 2369 981 983
f 2370 976 978
f 2377 988 990
f 2380 994 996
f 2393 1024 1026
f 2359 952 954
f 2415 1066 1068
f 2455 1138 1140
f 2461 1179 1181
f 2489 1233 1235
f 2399 1041 1043
f 2341 927 929
f 2431 1119 1121
f 2476 1209 1211
f 2405 1053 1055
f 2500 1228 1230
f 2481 1192 1194
f 2439 1108 1110
f 2348 933 935
f 2465 1167 1169
f 2383 1005 1007
f 2356 957 959
f 2420 1083 1085
f 2452 1150 1152
f 2471 1174 1176
f 2386 1029 1031
f 2363 963 965
f 2422 1077 1079
f 2445 1126 1128
f 2400 1036 1038
f 2338 915 917
f 2428 1095 1097
f 2473 1185 1187
f 2490 1216 1218
f 2458 1155 1157
f 2394 1018 1020
f 2366 970 972
f 2425 1090 1092
f 2444 1143 1145
f 2389 1012 1014
f 2353 945 947
f 2414 1071 1073
f 2449 1131 1133
f 2466 1162 1164
f 2407 1047 1049
f 2494 1221 1223
f 2480 1197 1199
f 2438 1114 1116
f 2351 940 942
f 2510 1284 1283
f 2504 1260 1259
f 2508 1296 1295
f 2514 1314 1313
f 2517 1332 1331
f 2520 1380 1379
f 2554 1542 1541
f 2539 1451 1452
f 2560 1577 1578
f 2523 1367 1368
f 2543 1488 1487
f 2527 1392 1391
f 2532 1439 1440
f 2547 1512 1511
f 2550 1530 1529
f 2552 1548 1547
f 2535 1470 1469
f 2538 1457 1458
f 2558 1583 1584
f 2524 1361 1362
f 1607 1616 1609
f 1603 1608 1605
f 1604 1606 1611
f 1610 1612 1614
f 1613 1615 1617
f 1622 1624 1631
f 1686 1692 1688
f 1773 1782 1775
f 1761 1765 1763
f 1712 1714 1719
f 1652 1661 1654
f 1648 1653 1650
f 1649 1651 1656
f 1655 1657 1659
f 1658 1660 1662
f 1670 1675 1672
f 1637 1639 1646
f 1694 1696 1706
f 1731 1733 1735
f 1739 1751 1741
f 1768 1779 1770
f 1678 1683 1680
f 1619 1626 1621
f 1709 1721 1711
f 1754 1766 1756
f 1682 1689 1684
f 1776 1778 1780
f 1758 1760 1767
f 1716 1718 1722
f 1625 1629 1627
f 1742 1747 1744
f 1663 1665 1668
f 1634 1641 1636
f 1697 1704 1699
f 1728 1737 1730
f 1746 1750 1748
f 1664 1676 1666
f 1640 1644 1642
f 1700 1702 1705
f 1724 1726 1736
f 1679 1681 1691
f 1618 1620 1623
f 1708 1710 1713
f 1753 1755 1764
f 1769 1771 1781
f 1738 1740 1749
f 1671 1673 1677
f 1643 1647 1645
f 1701 1707 1703
f 1723 1734 1725
f 1667 1669 1674
f 1633 1635 1638
f 1693 1698 1695
f 1727 1729 1732
f 1743 1745 1752
f 1685 1687 1690
f 1772 1774 1777
f 1757 1762 1759
f 1715 1720 1717
f 1628 1632 1630
f 2187 2189 2191
f 1881 1883 1885
f 1899 1903 1901
f 2277 2281 2279
f 2313 2317 2315
f 2169 2173 2171
f 2156 2158 2160
f 2010 2012 2016
f 2208 2210 2214
f 1917 1924 1919
f 2133 2135 2137
f 1971 1973 1978
f 1989 1996 1991
f 2223 2227 2225
f 2300 2304 2302
f 2174 2176 2178
f 2151 2155 2153
f 2007 2014 2009
f 2205 2212 2207
f 1920 1922 1926
f 1855 1864 1857
f 1801 1810 1803
f 1784 1795 1786
f 1820 1831 1822
f 1838 1849 1840
f 1874 1887 1876
f 2180 2193 2182
f 2310 2321 2312
f 2274 2285 2276
f 1896 1907 1898
f 2089 2098 2091
f 2035 2044 2037
f 1950 1961 1952
f 2054 2067 2056
f 2072 2083 2074
f 2126 2139 2128
f 1964 1975 1966
f 1986 1997 1988
f 2220 2231 2222
f 2291 2298 2293
f 2183 2190 2185
f 1877 1884 1879
f 1891 1900 1893
f 2269 2278 2271
f 2305 2314 2307
f 2161 2170 2163
f 2148 2159 2150
f 2004 2015 2006
f 2202 2213 2204
f 1909 1918 1911
f 2129 2136 2131
f 1967 1977 1969
f 1981 1990 1983
f 2215 2224 2217
f 2288 2301 2290
f 2166 2177 2168
f 2143 2152 2145
f 1999 2008 2001
f 2197 2206 2199
f 1914 1925 1916
f 1806 1817 1808
f 1787 1797 1789
f 1823 1833 1825
f 1841 1851 1843
f 1860 1871 1862
f 1931 1941 1933
f 2108 2119 2110
f 2018 2029 2020
f 2234 2247 2236
f 2255 2262 2257
f 2040 2051 2042
f 1945 1954 1947
f 2057 2064 2059
f 2075 2085 2077
f 2094 2105 2096
f 2111 2121 2113
f 2021 2031 2023
f 2237 2244 2239
f 2252 2265 2254
f 1928 1939 1930
f 1812 1814 1818
f 1791 1793 1798
f 1827 1829 1834
f 1845 1847 1852
f 1866 1868 1872
f 1935 1937 1942
f 2118 2124 2120
f 2028 2034 2030
f 2246 2250 2248
f 2259 2261 2263
f 2048 2050 2052
f 1953 1960 1955
f 2061 2063 2065
f 2079 2081 2086
f 2100 2102 2106
f 2115 2117 2122
f 2025 2027 2032
f 2241 2243 2245
f 2264 2268 2266
f 1938 1944 1940
f 1802 1804 1813
f 1783 1785 1792
f 1819 1821 1828
f 1837 1839 1846
f 1856 1858 1867
f 1927 1929 1936
f 2112 2114 2123
f 2022 2024 2033
f 2238 2240 2249
f 2251 2253 2260
f 2036 2038 2049
f 1949 1951 1959
f 2053 2055 2062
f 2071 2073 2080
f 2090 2092 2101
f 2107 2109 2116
f 2017 2019 2026
f 2233 2235 2242
f 2256 2258 2267
f 1932 1934 1943
f 1859 1861 1869
f 1805 1807 1815
f 1788 1790 1799
f 1824 1826 1835
f 1842 1844 1853
f 1878 1880 1889
f 2184 2186 2195
f 2306 2308 2319
f 2270 2272 2283
f 1892 1894 1905
f 2093 2095 2103
f 2039 2041 2046
f 1946 1948 1957
f 2058 2060 2069
f 2076 2078 2087
f 2130 2132 2141
f 1968 1970 1979
f 1982 1984 1993
f 2216 2218 2229
f 2287 2289 2296
f 2179 2181 2188
f 1873 1875 1882
f 1895 1897 1902
f 2273 2275 2280
f 2309 2311 2316
f 2165 2167 2172
f 2144 2146 2157
f 2000 2002 2011
f 2198 2200 2209
f 1913 1915 1923
f 2125 2127 2134
f 1963 1965 1972
f 1985 1987 1995
f 2219 2221 2226
f 2292 2294 2303
f 2162 2164 2175
f 2147 2149 2154
f 2003 2005 2013
f 2201 2203 2211
f 1910 1912 1921
f 1863 1870 1865
f 1809 1816 1811
f 1794 1800 1796
f 1830 1836 1832
f 1848 1854 1850
f 1886 1890 1888
f 2192 2196 2194
f 2318 2320 2322
f 2282 2284 2286
f 1904 1906 1908
f 2097 2104 2099
f 2043 2047 2045
f 1956 1958 1962
f 2066 2070 2068
f 2082 2088 2084
f 2138 2142 2140
f 1974 1980 1976
f 1992 1994 1998
f 2228 2230 2232
f 2295 2297 2299
f 2331 2329 2330
f 2327 2323 2324
f 2328 2326 2325
f 2334 2333 2332
f 2337 2336 2335
f 2346 2345 2344
f 2412 2409 2410
f 2499 2496 2497
f 2487 2485 2486
f 2436 2435 2434
f 2376 2374 2375
f 2372 2368 2369
f 2373 2371 2370
f 2379 2378 2377
f 2382 2381 2380
f 2396 2392 2393
f 2361 2360 2359
f 2418 2416 2415
f 2457 2456 2455
f 2463 2460 2461
f 2492 2488 2489
f 2402 2398 2399
f 2343 2340 2341
f 2433 2430 2431
f 2478 2475 2476
f 2406 2404 2405
f 2502 2501 2500
f 2484 2482 2481
f 2442 2440 2439
f 2349 2347 2348
f 2468 2464 2465
f 2387 2384 2383
f 2358 2355 2356
f 2421 2419 2420
f 2454 2451 2452
f 2472 2470 2471
f 2388 2385 2386
f 2364 2362 2363
f 2426 2423 2422
f 2448 2446 2445
f 2403 2401 2400
f 2342 2339 2338
f 2432 2429 2428
f 2477 2474 2473
f 2493 2491 2490
f 2462 2459 2458
f 2397 2395 2394
f 2367 2365 2366
f 2427 2424 2425
f 2447 2443 2444
f 2391 2390 2389
f 2357 2354 2353
f 2417 2413 2414
f 2453 2450 2449
f 2469 2467 2466
f 2411 2408 2407
f 2498 2495 2494
f 2483 2479 2480
f 2441 2437 2438
f 2352 2350 2351
f 2509 2511 2510
f 2503 2505 2504
f 2506 2507 2508
f 2512 2513 2514
f 2515 2516 2517
f 2518 2519 2520
f 2555 2556 2554
f 2541 2540 2539
f 2562 2561 2560
f 2522 2521 2523
f 2542 2544 2543
f 2528 2529 2527
f 2531 2530 2532
f 2545 2546 2547
f 2548 2549 2550
f 2551 2553 2552
f 2533 2534 2535
f 2537 2536 2538
f 2559 2557 2558
f 2526 2525 2524