v -0.113250 0.402023 -0.105165
v 0.114858 0.400664 -0.103977
v -0.284397 -0.578158 0.003510
v 0.282993 -0.575211 0.004755
v -0.001038 -0.413110 0.711392
v -0.001035 0.086121 0.423519
v -0.000975 -0.064892 -0.427928
v -0.000239 0.409229 -0.713949
v 0.458400 0.009257 -0.275131
v 0.492733 -0.002177 0.259478
v -0.452334 0.017369 -0.268917
v -0.501214 0.005492 0.260111
v 0.000921 0.631115 -0.040153
v -0.062222 0.238897 0.059941
v -0.203147 0.661281 -0.412794
v -0.324281 0.143651 -0.159394
v -0.350714 0.059967 0.119346
v 0.061817 0.238721 0.060578
v 0.202183 0.662304 -0.412425
v 0.322011 0.145189 -0.160324
v 0.348935 0.060545 0.120274
v 0.004716 -0.666389 0.014879
v -0.202711 -0.635798 0.414873
v -0.172293 -0.526172 -0.287108
v -0.344145 -0.114816 -0.110811
v -0.363983 -0.159535 0.171339
v 0.203028 -0.636066 0.414890
v 0.170969 -0.525818 -0.286842
v 0.342369 -0.112713 -0.109116
v 0.364717 -0.158539 0.172405
v -0.000554 0.009692 0.678003
v 0.310130 -0.178276 0.550174
v -0.310635 -0.176278 0.550068
v 0.231486 0.055021 0.407150
v -0.233191 0.055104 0.408072
v -0.000477 0.035284 -0.639315
v 0.203626 -0.017800 -0.388314
v -0.199475 -0.016219 -0.385416
v 0.316805 0.191765 -0.593750
v -0.316685 0.190953 -0.592568
v 0.556844 0.001646 0.027888
v -0.557401 0.010296 0.025881
v -0.012863 0.589633 -0.072955
v -0.075882 0.368975 -0.068201
v -0.136205 0.489834 -0.179263
v -0.206312 0.297441 -0.124843
v -0.206702 0.221292 -0.011902
v 0.030392 0.617797 -0.045535
v 0.081659 0.366652 -0.066975
v 0.138677 0.492079 -0.179528
v 0.205523 0.298979 -0.128525
v 0.207404 0.217979 -0.010209
v -0.139528 -0.657976 -0.002289
v -0.211321 -0.545513 0.137061
v -0.320891 -0.752408 -0.160140
v -0.357819 -0.405789 -0.063136
v -0.323941 -0.382030 0.095689
v 0.138477 -0.656757 -0.002983
v 0.212298 -0.544345 0.141634
v 0.320365 -0.753136 -0.159738
v 0.357766 -0.403191 -0.062594
v 0.323456 -0.382010 0.096698
v -0.128785 -0.634467 0.680808
v 0.130302 -0.632894 0.679311
v -0.000838 -0.212583 0.769019
v 0.191710 -0.337243 0.700521
v -0.189577 -0.337062 0.698329
v -0.033192 0.106061 0.288062
v 0.033836 0.105154 0.285327
v -0.000766 0.105195 0.511316
v 0.088245 0.100541 0.426500
v -0.087317 0.097849 0.426891
v -0.061627 -0.253354 -0.366522
v 0.059523 -0.253998 -0.365913
v 0.001827 -0.027053 -0.482746
v 0.069467 -0.047314 -0.433722
v -0.067740 -0.039566 -0.437092
v -0.128443 0.573522 -0.631513
v 0.131882 0.574907 -0.633597
v -0.000027 0.223097 -0.787559
v 0.193232 0.338502 -0.728116
v -0.192215 0.337069 -0.728754
v 0.430501 0.031631 -0.214146
v 0.420939 0.022167 -0.202773
v 0.355967 0.028628 -0.341219
v 0.367820 0.043467 -0.386788
v 0.509211 0.011439 -0.131714
v 0.468553 0.012906 0.213008
v 0.445136 -0.012446 0.206897
v 0.381975 -0.041499 0.356291
v 0.386130 0.008898 0.341993
v 0.543383 0.002406 0.148545
v -0.437616 0.025141 -0.214923
v -0.413176 0.022983 -0.200383
v -0.359578 0.024921 -0.340755
v -0.373516 0.043502 -0.388871
v -0.517708 0.013595 -0.130230
v -0.472694 0.012182 0.213812
v -0.444199 -0.008925 0.208340
v -0.379940 -0.041612 0.356287
v -0.388791 0.011990 0.340919
v -0.552096 0.011811 0.150215
v 0.005381 0.563406 -0.091446
v -0.001017 0.543341 -0.121530
v -0.026546 0.560426 -0.095021
v 0.005567 0.544209 -0.122436
v -0.188589 0.156932 0.109991
v -0.000891 0.277935 0.025559
v -0.146106 0.096677 0.283303
v -0.318378 0.474895 -0.315546
v -0.000129 0.686042 -0.411543
v -0.274538 0.442516 -0.540961
v -0.361123 0.074446 0.001079
v -0.312513 0.206977 -0.368885
v -0.499137 0.016087 -0.043373
v -0.309178 0.053036 0.262468
v -0.524440 0.000092 0.088966
v 0.187074 0.153023 0.113523
v 0.148795 0.095091 0.281562
v 0.320257 0.477229 -0.316476
v 0.274992 0.443715 -0.541084
v 0.361656 0.078323 -0.001115
v 0.311575 0.209919 -0.368724
v 0.503866 0.024549 -0.045244
v 0.309358 0.052676 0.264416
v 0.522220 0.004917 0.094113
v -0.049865 -0.601526 0.107354
v -0.081660 -0.661571 -0.093984
v 0.039495 -0.600769 0.109370
v 0.090328 -0.669182 -0.103761
v -0.311974 -0.412965 0.289355
v 0.000523 -0.591186 0.422025
v -0.323562 -0.468962 0.553630
v -0.334657 -0.360420 -0.251419
v -0.001522 -0.519543 -0.227292
v -0.176428 -0.187167 -0.336275
v -0.362539 -0.124680 0.042282
v -0.273825 -0.072899 -0.252402
v -0.474414 0.018439 -0.042801
v -0.349051 -0.194789 0.345982
v -0.499214 0.019322 0.092425
v 0.311852 -0.413664 0.288333
v 0.323772 -0.471357 0.552226
v 0.335305 -0.358604 -0.251795
v 0.179130 -0.186026 -0.338973
v 0.363181 -0.124179 0.041998
v 0.276165 -0.072724 -0.253961
v 0.474536 0.019859 -0.044403
v 0.348757 -0.197033 0.346062
v 0.501855 0.014543 0.091376
v 0.181254 -0.087450 0.689465
v -0.180142 -0.087003 0.689924
v 0.135975 0.057098 0.555922
v -0.135448 0.054081 0.555143
v 0.284456 -0.015376 0.497991
v -0.281047 -0.017661 0.495429
v 0.117182 -0.001432 -0.511533
v -0.116883 0.003143 -0.509716
v 0.213511 0.092627 -0.764192
v -0.214329 0.095109 -0.766432
v 0.294265 0.034919 -0.516133
v -0.293285 0.036343 -0.514989
v -0.063502 0.491012 -0.116990
v -0.092200 0.393596 -0.090053
v -0.114955 0.447242 -0.128298
v -0.155587 0.352913 -0.110796
v -0.148412 0.316616 -0.071335
v 0.064796 0.484569 -0.114126
v 0.093404 0.393005 -0.088531
v 0.116321 0.446748 -0.130074
v 0.155882 0.354057 -0.112035
v 0.148161 0.316242 -0.070430
v -0.226281 -0.636101 0.002704
v -0.244507 -0.555396 0.056668
v -0.309188 -0.666800 -0.043578
v -0.331084 -0.522467 -0.024217
v -0.302490 -0.487851 0.044760
v 0.226911 -0.635211 0.002487
v 0.243997 -0.554110 0.056607
v 0.310514 -0.667953 -0.043094
v 0.328660 -0.519858 -0.025270
v 0.301130 -0.486342 0.044805
v -0.059169 -0.489563 0.696345
v 0.057461 -0.490968 0.696531
v 0.001434 -0.321198 0.733432
v 0.087525 -0.383292 0.713860
v -0.089353 -0.384539 0.712400
v -0.015995 0.086946 0.396252
v 0.014520 0.085496 0.392167
v 0.000222 0.109079 0.456786
v 0.036034 0.096190 0.425900
v -0.034013 0.094653 0.427902
v -0.022218 -0.138342 -0.401843
v 0.021628 -0.136702 -0.402646
v 0.000423 -0.039729 -0.458369
v 0.029711 -0.053232 -0.436735
v -0.029363 -0.056710 -0.433078
v -0.053004 0.479141 -0.680115
v 0.056758 0.478857 -0.679868
v 0.000808 0.325096 -0.754332
v 0.088342 0.379871 -0.724284
v -0.086447 0.380702 -0.722386
v 0.455953 0.024573 -0.244857
v 0.441619 0.023289 -0.239476
v 0.421262 0.025800 -0.310617
v 0.425448 0.025175 -0.321817
v 0.480739 0.011065 -0.207501
v 0.489204 0.010489 0.242068
v 0.480669 0.001339 0.238424
v 0.443421 -0.009944 0.297371
v 0.449237 0.002277 0.298768
v 0.518573 0.006720 0.206939
v -0.464167 0.020889 -0.250240
v -0.439807 0.020015 -0.238607
v -0.413690 0.022444 -0.304614
v -0.430571 0.029570 -0.319842
v -0.484681 0.019527 -0.212876
v -0.498121 0.013558 0.244087
v -0.492347 0.003991 0.240362
v -0.445856 -0.005873 0.299611
v -0.453125 0.002671 0.302152
v -0.527915 0.014912 0.208499
v 0.005744 0.631670 -0.050379
v -0.014623 0.629901 -0.030695
v 0.014008 0.630528 -0.055430
v 0.002388 0.622798 -0.051594
v -0.004517 0.625951 -0.057449
v -0.005572 0.621444 -0.062242
v -0.068301 0.314979 -0.024085
v -0.051539 0.160969 0.167477
v -0.028366 0.384752 -0.074064
v -0.117288 0.198443 0.090241
v -0.024205 0.268151 0.034788
v -0.101519 0.139830 0.185175
v -0.176413 0.555527 -0.275403
v -0.186182 0.668104 -0.525163
v -0.092278 0.588016 -0.272085
v -0.394043 0.632580 -0.400137
v -0.154189 0.818823 -0.429634
v -0.266265 0.580971 -0.496611
v -0.257766 0.228529 -0.140845
v -0.392999 0.062255 -0.182268
v -0.241028 0.295704 -0.237413
v -0.345152 0.101624 -0.072002
v -0.311258 0.185769 -0.262821
v -0.424859 0.042546 -0.090115
v -0.275168 0.131629 0.057292
v -0.422475 0.023491 0.174788
v -0.263967 0.113109 0.119378
v -0.361380 0.066710 0.057960
v -0.332943 0.054863 0.187756
v -0.442616 0.026786 0.109320
v 0.069607 0.312891 -0.024852
v 0.051991 0.160597 0.167970
v 0.014198 0.389686 -0.068711
v 0.021036 0.268097 0.035259
v 0.118322 0.195784 0.091531
v 0.103130 0.139374 0.184841
v 0.179536 0.555754 -0.277390
v 0.187486 0.667747 -0.524966
v 0.088884 0.590287 -0.270564
v 0.153168 0.818278 -0.430160
v 0.390551 0.632789 -0.398607
v 0.267288 0.580458 -0.494291
v 0.258535 0.229672 -0.144976
v 0.391576 0.066135 -0.185699
v 0.242862 0.299829 -0.242354
v 0.344377 0.105298 -0.074402
v 0.309924 0.187729 -0.261492
v 0.424234 0.043409 -0.092666
v 0.275937 0.130083 0.057162
v 0.421371 0.025648 0.175078
v 0.266672 0.109762 0.121449
v 0.361039 0.068356 0.059699
v 0.331720 0.052087 0.189223
v 0.443246 0.028345 0.112437
v -0.053995 -0.657523 0.010683
v 0.057834 -0.652150 0.002734
v -0.016568 -0.649734 0.038319
v -0.032513 -0.654292 -0.006300
v 0.014123 -0.645769 0.033617
v 0.047129 -0.652976 -0.022129
v -0.196806 -0.551865 0.268172
v -0.180856 -0.811524 0.573232
v -0.116050 -0.584209 0.277758
v -0.271192 -0.528768 0.363426
v -0.098182 -0.640188 0.429773
v -0.313172 -0.644640 0.516046
v -0.257611 -0.713412 -0.287304
v -0.110595 -0.378678 -0.317082
v -0.112853 -0.684449 -0.219667
v -0.270787 -0.469614 -0.292928
v -0.081255 -0.521068 -0.250161
v -0.185512 -0.341974 -0.319290
v -0.364751 -0.257316 -0.088958
v -0.363552 -0.013248 -0.149666
v -0.340593 -0.238869 -0.175886
v -0.354836 -0.117974 -0.030059
v -0.314048 -0.100151 -0.186507
v -0.385978 -0.009039 -0.067360
v -0.343548 -0.272892 0.141985
v -0.395480 -0.050117 0.188030
v -0.342544 -0.291530 0.225428
v -0.365524 -0.137877 0.105938
v -0.359238 -0.179412 0.252341
v -0.406443 -0.032041 0.127317
v 0.197343 -0.553288 0.269342
v 0.182012 -0.811760 0.571816
v 0.115159 -0.582841 0.281362
v 0.098297 -0.640803 0.428647
v 0.268456 -0.528728 0.363342
v 0.312335 -0.645524 0.515704
v 0.256804 -0.719760 -0.286106
v 0.109121 -0.381186 -0.318593
v 0.112010 -0.684123 -0.220643
v 0.080828 -0.522155 -0.250320
v 0.271718 -0.472156 -0.294660
v 0.184669 -0.343413 -0.317564
v 0.363140 -0.257069 -0.088853
v 0.367641 -0.013136 -0.147812
v 0.340622 -0.237779 -0.174600
v 0.354969 -0.116298 -0.029024
v 0.314190 -0.098042 -0.186909
v 0.389214 -0.008238 -0.067741
v 0.345516 -0.271761 0.140369
v 0.396711 -0.049625 0.189380
v 0.342465 -0.289529 0.224805
v 0.365327 -0.137623 0.103979
v 0.359390 -0.181857 0.252462
v 0.410274 -0.030056 0.125497
v -0.000111 -0.095912 0.765065
v -0.001138 0.074943 0.590669
v 0.086598 -0.036584 0.705818
v -0.087871 -0.034741 0.705642
v 0.076352 0.049180 0.627779
v -0.077300 0.047712 0.627078
v 0.268943 -0.260564 0.644903
v 0.337378 -0.102108 0.443851
v 0.316642 -0.307547 0.553851
v 0.335764 -0.197799 0.448302
v 0.259149 -0.136512 0.631890
v 0.297646 -0.081783 0.527913
v -0.267954 -0.260271 0.644629
v -0.337501 -0.100257 0.443916
v -0.316230 -0.305962 0.553168
v -0.334571 -0.197284 0.448702
v -0.261052 -0.136220 0.635724
v -0.296395 -0.081442 0.529056
v 0.157472 0.077601 0.422846
v 0.310875 0.031703 0.378445
v 0.193523 0.076340 0.351988
v 0.275072 0.053771 0.336145
v 0.185084 0.055664 0.478557
v 0.260695 0.027117 0.455210
v -0.155789 0.078437 0.424052
v -0.311714 0.030343 0.379100
v -0.192010 0.076424 0.356997
v -0.272958 0.055061 0.334963
v -0.185098 0.056292 0.481463
v -0.261264 0.027004 0.455189
v 0.002154 -0.003822 -0.524231
v -0.000628 0.114866 -0.747374
v 0.068796 0.004741 -0.576101
v -0.068427 0.006494 -0.577228
v 0.095363 0.054155 -0.707635
v -0.095310 0.055308 -0.715095
v 0.129719 -0.035802 -0.410577
v 0.285544 0.003915 -0.369233
v 0.173318 -0.072501 -0.349826
v 0.239828 -0.043171 -0.318562
v 0.163186 -0.005915 -0.455680
v 0.250492 0.010090 -0.447221
v -0.127472 -0.032783 -0.407149
v -0.284437 0.004235 -0.367333
v -0.169587 -0.070826 -0.348061
v -0.235792 -0.041275 -0.318766
v -0.162705 -0.000985 -0.450936
v -0.250854 0.010810 -0.445725
v 0.285731 0.276468 -0.696825
v 0.330909 0.105876 -0.480591
v 0.291752 0.308853 -0.571266
v 0.315398 0.208486 -0.477439
v 0.305135 0.151667 -0.717468
v 0.311369 0.096250 -0.570881
v -0.285890 0.275801 -0.696697
v -0.332234 0.103242 -0.480324
v -0.292794 0.309685 -0.573176
v -0.315558 0.204852 -0.476637
v -0.305569 0.153572 -0.717420
v -0.312052 0.093950 -0.570981
v 0.534485 0.002512 -0.045234
v 0.562373 0.001361 0.088667
v 0.539371 0.003544 -0.005343
v 0.559283 -0.004802 0.062714
v 0.533604 0.013640 -0.010241
v 0.552607 0.012739 0.056095
v -0.540449 0.006331 -0.049722
v -0.563028 0.012402 0.088262
v -0.538586 -0.000019 -0.006528
v -0.555063 0.005334 0.063353
v -0.537916 0.018189 -0.010469
v -0.555697 0.015253 0.055545
v -0.031577 0.501103 -0.108901
v -0.058463 0.527507 -0.113014
v 0.012793 0.601734 -0.065058
v -0.006567 0.611191 -0.068327
v -0.138956 0.287701 -0.033332
v -0.016905 0.475812 -0.115251
v -0.129064 0.249724 0.015829
v -0.170798 0.411303 -0.168352
v -0.055599 0.519051 -0.148514
v -0.237299 0.493727 -0.256556
v -0.205807 0.251669 -0.063402
v -0.208783 0.373486 -0.210262
v -0.273490 0.179906 -0.064318
v -0.200903 0.191507 0.042716
v -0.279770 0.149847 -0.002751
v 0.031554 0.501950 -0.115744
v 0.064004 0.524628 -0.116733
v -0.010947 0.609917 -0.061238
v 0.015985 0.595557 -0.078927
v 0.138917 0.284275 -0.030712
v 0.027376 0.483500 -0.108429
v 0.128447 0.244022 0.021469
v 0.175409 0.412536 -0.170225
v 0.060219 0.516541 -0.152488
v 0.241353 0.497373 -0.258846
v 0.208776 0.250627 -0.062387
v 0.210898 0.376900 -0.213677
v 0.273206 0.178843 -0.063865
v 0.200203 0.187303 0.044656
v 0.278465 0.149767 -0.000165
v -0.161622 -0.600584 0.046265
v -0.214551 -0.754222 -0.038797
v -0.078085 -0.625311 0.038652
v -0.117803 -0.685915 -0.045001
v -0.277366 -0.477908 0.124263
v -0.128657 -0.582897 0.136738
v -0.266215 -0.486267 0.227893
v -0.360403 -0.577243 -0.118985
v -0.169130 -0.794394 -0.148505
v -0.353712 -0.579552 -0.244602
v -0.340343 -0.389469 0.020138
v -0.364586 -0.408903 -0.162748
v -0.356740 -0.258300 -0.005910
v -0.313491 -0.389850 0.180946
v -0.351568 -0.262510 0.067525
v 0.162009 -0.594823 0.050202
v 0.216128 -0.754101 -0.039578
v 0.070845 -0.621301 0.036371
v 0.121622 -0.691912 -0.052161
v 0.278147 -0.477504 0.122676
v 0.127087 -0.581664 0.139910
v 0.264517 -0.489326 0.227086
v 0.359643 -0.574642 -0.119157
v 0.169540 -0.793168 -0.151817
v 0.353978 -0.581724 -0.245321
v 0.341622 -0.386339 0.019322
v 0.365066 -0.406963 -0.161365
v 0.357579 -0.257772 -0.006443
v 0.313431 -0.391340 0.182367
v 0.350762 -0.261969 0.067411
v -0.000164 -0.552207 0.664087
v -0.180696 -0.487845 0.698389
v -0.056491 -0.627723 0.577441
v -0.287028 -0.642291 0.673446
v 0.180095 -0.489483 0.697348
v 0.057111 -0.627195 0.577702
v 0.287035 -0.641588 0.673497
v 0.096093 -0.268056 0.733901
v -0.096465 -0.268290 0.735421
v 0.096205 -0.149870 0.749018
v -0.094618 -0.150715 0.746542
v 0.287395 -0.420068 0.659565
v 0.189880 -0.203456 0.708045
v -0.286920 -0.419654 0.659726
v -0.190315 -0.203427 0.708398
v 0.000291 0.118003 0.288292
v -0.059823 0.089154 0.373141
v -0.013714 0.171828 0.157390
v -0.079896 0.100513 0.286203
v 0.059467 0.089372 0.368283
v 0.017681 0.171501 0.156614
v 0.082884 0.101376 0.281980
v 0.051849 0.116170 0.473799
v -0.051542 0.117027 0.475844
v 0.063556 0.095505 0.544724
v -0.063679 0.092736 0.544317
v 0.117601 0.092098 0.365329
v 0.114665 0.089616 0.486606
v -0.118831 0.087578 0.363962
v -0.115746 0.089407 0.488516
v 0.000811 -0.273389 -0.383633
v -0.065030 -0.116728 -0.395495
v -0.038780 -0.397659 -0.303734
v -0.119342 -0.224556 -0.362788
v 0.065343 -0.113726 -0.396165
v 0.036715 -0.393561 -0.302930
v 0.120163 -0.222935 -0.360535
v 0.036598 -0.034401 -0.465788
v -0.033971 -0.030665 -0.463180
v 0.044471 -0.017457 -0.488138
v -0.045503 -0.010939 -0.491959
v 0.113469 -0.093047 -0.380914
v 0.086648 -0.021794 -0.458231
v -0.110873 -0.090592 -0.380442
v -0.087107 -0.016028 -0.458980
v -0.000080 0.584919 -0.639508
v -0.161702 0.451812 -0.678383
v -0.068983 0.677244 -0.540692
v -0.228455 0.530092 -0.613640
v 0.165791 0.453079 -0.678208
v 0.071357 0.675779 -0.541568
v 0.230002 0.528425 -0.611309
v 0.107841 0.279962 -0.780553
v -0.107217 0.279921 -0.780604
v 0.112892 0.163708 -0.807198
v -0.112765 0.164032 -0.800153
v 0.248981 0.395603 -0.648115
v 0.227810 0.224638 -0.796470
v -0.246819 0.395678 -0.650399
v -0.228214 0.224489 -0.797021
v 0.389200 0.035244 -0.296114
v 0.491560 0.015823 -0.172396
v 0.361189 0.089755 -0.281577
v 0.474692 0.025172 -0.133226
v 0.386085 0.023300 -0.270847
v 0.473571 0.015135 -0.166316
v 0.339291 -0.009363 -0.224403
v 0.447808 0.019375 -0.125017
v 0.382874 0.028978 -0.378294
v 0.311942 -0.003905 -0.295850
v 0.331943 0.025619 -0.422782
v 0.344424 0.102583 -0.383186
v 0.343450 0.045754 -0.463586
v 0.515970 0.013379 -0.087735
v 0.504374 0.007317 -0.089661
v 0.431884 0.005626 0.276231
v 0.515303 0.008496 0.176959
v 0.391240 0.022816 0.238294
v 0.502573 0.015996 0.152129
v 0.413010 -0.028055 0.274340
v 0.514841 0.015173 0.176474
v 0.378758 -0.079922 0.265400
v 0.481697 0.008928 0.148291
v 0.394644 -0.008350 0.358165
v 0.361094 -0.099593 0.353002
v 0.342214 -0.039338 0.433737
v 0.355006 0.027921 0.308159
v 0.332710 0.003015 0.412658
v 0.550256 -0.003931 0.120325
v 0.542732 0.016885 0.118739
v -0.406809 0.033341 -0.306338
v -0.499199 0.023514 -0.174909
v -0.365030 0.083608 -0.282295
v -0.462269 0.027694 -0.124638
v -0.383447 0.022455 -0.271551
v -0.474758 0.021097 -0.170148
v -0.335992 -0.012034 -0.223807
v -0.442942 0.021185 -0.123613
v -0.383738 0.025038 -0.377881
v -0.311541 -0.004451 -0.295059
v -0.330463 0.021661 -0.421617
v -0.347106 0.097222 -0.382916
v -0.345374 0.044945 -0.463331
v -0.521803 0.006990 -0.087361
v -0.510785 0.019781 -0.089837
v -0.432503 0.009551 0.277522
v -0.526046 0.009226 0.182274
v -0.394878 0.022627 0.240979
v -0.505169 0.014819 0.151843
v -0.412610 -0.026144 0.277387
v -0.517769 0.016608 0.175953
v -0.377939 -0.081536 0.262628
v -0.479081 0.008135 0.148167
v -0.397452 -0.009220 0.356304
v -0.360251 -0.100252 0.351888
v -0.339538 -0.037202 0.432514
v -0.357483 0.025990 0.309182
v -0.334977 0.002490 0.411805
v -0.575242 0.021880 0.118043
v -0.546444 0.023947 0.116824
v 0.000817 0.574947 -0.098145
v -0.007398 0.427711 -0.082533
v 0.000027 0.543398 -0.108174
v -0.025011 0.587701 -0.258166
v -0.010319 0.417652 -0.091503
v 0.025202 0.587922 -0.256912
v -0.168106 0.118030 0.195233
v -0.246944 0.094626 0.196648
v -0.225012 0.084438 0.277467
v -0.342615 0.494104 -0.438665
v -0.256473 0.343175 -0.351805
v -0.288697 0.335346 -0.462650
v -0.453691 0.027871 -0.013316
v -0.461960 0.021523 0.050110
v -0.525957 -0.000123 0.029883
v 0.172895 0.118911 0.194737
v 0.252232 0.092317 0.198317
v 0.229466 0.082512 0.282215
v 0.344169 0.493849 -0.436513
v 0.256958 0.345835 -0.350003
v 0.289013 0.336497 -0.458703
v 0.452602 0.032992 -0.012031
v 0.457451 0.024537 0.053314
v 0.522923 0.010270 0.027486
v -0.006907 -0.608011 0.104403
v -0.037777 -0.582453 0.259256
v 0.005026 -0.630787 -0.079824
v -0.039911 -0.602279 -0.164331
v 0.035175 -0.585223 0.260877
v 0.043145 -0.602336 -0.165332
v -0.317311 -0.449045 0.414931
v -0.337387 -0.309537 0.326895
v -0.333236 -0.322467 0.440545
v -0.252474 -0.279061 -0.295758
v -0.296756 -0.195345 -0.247248
v -0.231079 -0.135439 -0.298423
v -0.404145 -0.009665 0.009086
v -0.409595 -0.017063 0.071928
v -0.502790 0.024807 0.028373
v 0.316959 -0.449445 0.415162
v 0.336853 -0.310538 0.326781
v 0.332703 -0.323097 0.440544
v 0.255225 -0.277268 -0.296912
v 0.297005 -0.194753 -0.247689
v 0.234185 -0.136814 -0.299484
v 0.404552 -0.007065 0.008503
v 0.410871 -0.014452 0.071901
v 0.497483 0.020383 0.028587
v 0.158252 -0.000393 0.626012
v 0.237170 -0.044798 0.595003
v -0.157393 -0.000724 0.626394
v -0.235002 -0.046643 0.593844
v 0.211802 0.015734 0.537345
v -0.210033 0.016252 0.537609
v 0.164430 0.010033 -0.632001
v 0.210361 0.017310 -0.532865
v -0.165503 0.008545 -0.632510
v -0.210641 0.016558 -0.531530
v 0.260826 0.060632 -0.634380
v -0.261768 0.059661 -0.637229
v -0.092678 0.439352 -0.110765
v -0.103359 0.399306 -0.098309
v -0.112729 0.423090 -0.115412
v -0.132997 0.379378 -0.105880
v -0.127957 0.363955 -0.091335
v 0.092401 0.437123 -0.110001
v 0.103467 0.397118 -0.096661
v 0.112363 0.423052 -0.115407
v 0.132550 0.378829 -0.107143
v 0.126903 0.364087 -0.091156
v -0.259831 -0.606981 0.004541
v -0.264882 -0.568017 0.026332
v -0.291961 -0.610463 -0.017340
v -0.308116 -0.558183 -0.005899
v -0.291771 -0.538186 0.020185
v 0.260136 -0.605589 0.004068
v 0.265002 -0.563472 0.027264
v 0.291800 -0.610165 -0.016160
v 0.308497 -0.558876 -0.010711
v 0.291331 -0.534152 0.021222
v -0.025271 -0.446749 0.704522
v 0.025088 -0.445240 0.705169
v -0.001215 -0.371486 0.718320
v 0.040429 -0.400660 0.712790
v -0.039444 -0.398773 0.711973
v -0.007537 0.084250 0.413335
v 0.008774 0.084534 0.410928
v 0.000044 0.096027 0.436261
v 0.013493 0.087916 0.425852
v -0.012696 0.088357 0.426929
v -0.010578 -0.085129 -0.415906
v 0.006812 -0.086437 -0.415643
v -0.000005 -0.049783 -0.443424
v 0.013267 -0.057247 -0.434972
v -0.013622 -0.061914 -0.430894
v -0.023242 0.439103 -0.700081
v 0.025624 0.439158 -0.699242
v 0.001020 0.370697 -0.731611
v 0.040152 0.397074 -0.718301
v -0.038834 0.395548 -0.719151
v 0.466016 0.013220 -0.264115
v 0.453422 0.013219 -0.256935
v 0.447107 0.016080 -0.292661
v 0.457779 -0.008384 -0.308555
v 0.471806 0.013808 -0.244947
v 0.498978 0.009226 0.254657
v 0.499224 0.009285 0.255268
v 0.473832 -0.002415 0.277101
v 0.478637 0.001568 0.278292
v 0.507642 0.006969 0.238025
v -0.462693 0.016191 -0.259640
v -0.446671 0.017755 -0.253997
v -0.441102 0.021939 -0.283921
v -0.441315 0.020375 -0.287406
v -0.466130 0.013626 -0.244456
v -0.501892 0.015711 0.254691
v -0.499374 0.004255 0.249892
v -0.486465 0.000159 0.279415
v -0.485239 0.005097 0.283226
v -0.511676 0.011623 0.233665
v 0.007049 0.631863 -0.040478
v -0.007268 0.632050 -0.038954
v 0.006578 0.630736 -0.049833
v 0.001451 0.628223 -0.045510
v -0.000956 0.633385 -0.051871
v -0.002447 0.627441 -0.046901
v -0.067235 0.276820 0.013270
v -0.057353 0.199447 0.111877
v -0.043522 0.302276 -0.005187
v -0.089173 0.219572 0.076238
v -0.041135 0.254306 0.046068
v -0.082156 0.185037 0.124476
v -0.197019 0.609134 -0.343631
v -0.208252 0.695169 -0.470884
v -0.153710 0.649165 -0.353061
v -0.264494 0.628765 -0.399181
v -0.218911 0.793718 -0.428670
v -0.226281 0.628984 -0.459353
v -0.290189 0.188071 -0.149974
v -0.359570 0.102165 -0.171651
v -0.281188 0.215432 -0.198382
v -0.333926 0.121196 -0.112820
v -0.315785 0.166595 -0.210060
v -0.371312 0.082421 -0.123008
v -0.311500 0.092885 0.088574
v -0.388064 0.035404 0.149286
v -0.305487 0.087140 0.120115
v -0.356798 0.065880 0.087241
v -0.341585 0.056498 0.152836
v -0.395900 0.036791 0.116403
v 0.065532 0.278572 0.013614
v 0.057844 0.199213 0.112341
v 0.038013 0.304690 -0.007174
v 0.038995 0.255602 0.045435
v 0.088709 0.217974 0.075815
v 0.082949 0.184437 0.124697
v 0.197813 0.609396 -0.342647
v 0.207543 0.695182 -0.469020
v 0.153859 0.651655 -0.355456
v 0.218519 0.793852 -0.427724
v 0.265568 0.628615 -0.400368
v 0.225519 0.629407 -0.458878
v 0.290023 0.190598 -0.153786
v 0.356262 0.102656 -0.170965
v 0.280128 0.217021 -0.199980
v 0.334039 0.125122 -0.116273
v 0.314074 0.165914 -0.209774
v 0.369461 0.085058 -0.124293
v 0.311917 0.092348 0.089525
v 0.385740 0.036650 0.152068
v 0.306415 0.085001 0.121722
v 0.356306 0.064234 0.088970
v 0.340036 0.056976 0.154647
v 0.397108 0.037929 0.119066
v -0.013904 -0.662201 0.016706
v 0.026394 -0.659914 0.013594
v -0.008008 -0.663572 0.024682
v -0.008049 -0.663573 0.006045
v 0.009307 -0.663551 0.024087
v 0.021643 -0.659115 0.001233
v -0.194001 -0.562523 0.358139
v -0.214729 -0.767769 0.467051
v -0.150950 -0.580663 0.367148
v -0.242344 -0.578345 0.403426
v -0.150095 -0.661891 0.424920
v -0.263445 -0.666373 0.459902
v -0.209128 -0.618203 -0.286243
v -0.140611 -0.448105 -0.298030
v -0.149746 -0.615452 -0.261863
v -0.225253 -0.508168 -0.296944
v -0.124534 -0.528537 -0.269085
v -0.183067 -0.431469 -0.303702
v -0.352886 -0.183553 -0.100288
v -0.341891 -0.052586 -0.124281
v -0.341315 -0.178041 -0.141771
v -0.351110 -0.115717 -0.069591
v -0.329336 -0.108994 -0.149439
v -0.352594 -0.052120 -0.083498
v -0.355169 -0.215445 0.157996
v -0.377263 -0.102473 0.181501
v -0.352566 -0.225907 0.198851
v -0.365465 -0.148703 0.137512
v -0.364385 -0.170579 0.212101
v -0.376642 -0.089273 0.149086
v 0.194408 -0.564749 0.359296
v 0.215203 -0.767274 0.467349
v 0.151375 -0.580841 0.367305
v 0.151635 -0.662382 0.424441
v 0.241381 -0.580408 0.401326
v 0.261630 -0.666484 0.458842
v 0.207764 -0.617715 -0.284433
v 0.138265 -0.449455 -0.298358
v 0.148837 -0.616541 -0.259881
v 0.123135 -0.528555 -0.268968
v 0.221791 -0.509415 -0.296190
v 0.181947 -0.434822 -0.304754
v 0.351729 -0.182649 -0.099353
v 0.342968 -0.050190 -0.123080
v 0.341521 -0.175450 -0.140226
v 0.350650 -0.114786 -0.067915
v 0.329732 -0.107566 -0.148821
v 0.353830 -0.050861 -0.083754
v 0.355243 -0.215469 0.157585
v 0.376106 -0.102034 0.180841
v 0.353202 -0.225032 0.197931
v 0.365535 -0.146756 0.136256
v 0.363159 -0.169547 0.209007
v 0.377835 -0.088766 0.145828
v -0.000147 -0.039087 0.719117
v -0.001547 0.048632 0.635542
v 0.043051 -0.010962 0.697874
v -0.042919 -0.011443 0.697063
v 0.039698 0.032501 0.656405
v -0.040723 0.032111 0.655831
v 0.296889 -0.216677 0.603529
v 0.321700 -0.140270 0.495108
v 0.312894 -0.238519 0.551424
v 0.324517 -0.191488 0.497560
v 0.292783 -0.157736 0.596948
v 0.304404 -0.126737 0.540295
v -0.294203 -0.218263 0.601616
v -0.322648 -0.138679 0.495694
v -0.312931 -0.239043 0.551821
v -0.324745 -0.190171 0.500096
v -0.291784 -0.157480 0.598582
v -0.304100 -0.125577 0.540125
v 0.193151 0.065773 0.416046
v 0.272118 0.044054 0.393841
v 0.213772 0.066735 0.382480
v 0.254349 0.056761 0.371400
v 0.208572 0.055241 0.443408
v 0.248478 0.042403 0.430896
v -0.191899 0.068260 0.418062
v -0.274860 0.044500 0.396968
v -0.216328 0.067540 0.385791
v -0.254545 0.057153 0.372374
v -0.208626 0.058199 0.446557
v -0.247473 0.043846 0.431605
v 0.000271 0.012034 -0.578682
v 0.000022 0.070181 -0.698737
v 0.037440 0.018665 -0.606225
v -0.039488 0.021455 -0.606924
v 0.043555 0.045947 -0.670635
v -0.044492 0.048267 -0.670570
v 0.164145 -0.027363 -0.397001
v 0.244048 -0.008770 -0.377412
v 0.186284 -0.041022 -0.367068
v 0.222067 -0.029886 -0.352789
v 0.183399 -0.011406 -0.421581
v 0.226950 -0.002997 -0.414919
v -0.162562 -0.024777 -0.394042
v -0.241703 -0.006809 -0.375489
v -0.181643 -0.038247 -0.363758
v -0.219109 -0.027635 -0.350417
v -0.181692 -0.006864 -0.418952
v -0.221791 0.000101 -0.413761
v 0.309817 0.235806 -0.652169
v 0.320258 0.147220 -0.533849
v 0.306734 0.248878 -0.586445
v 0.316531 0.200655 -0.531264
v 0.317391 0.176034 -0.657712
v 0.316048 0.139591 -0.586520
v -0.310183 0.234401 -0.653251
v -0.322506 0.147797 -0.535868
v -0.306663 0.248432 -0.585913
v -0.316653 0.200308 -0.532749
v -0.315607 0.176828 -0.655199
v -0.316159 0.139479 -0.588076
v 0.554377 0.001205 -0.009883
v 0.563605 0.002459 0.060481
v 0.545970 -0.000610 0.011972
v 0.560246 0.000386 0.047243
v 0.548890 0.005845 0.012187
v 0.558603 0.007098 0.043397
v -0.548187 0.005970 -0.009160
v -0.562629 0.010281 0.057990
v -0.552944 0.002928 0.010569
v -0.556887 0.006912 0.043785
v -0.549911 0.012538 0.008653
v -0.559133 0.012404 0.047167
v -0.036549 0.539147 -0.103467
v 0.002344 0.617954 -0.060439
v -0.017472 0.552262 -0.097438
v -0.033873 0.560234 -0.091991
v 0.001009 0.599123 -0.071034
v -0.011361 0.611676 -0.064631
v -0.082727 0.384796 -0.080858
v -0.071698 0.346053 -0.050109
v -0.052072 0.436835 -0.098615
v -0.108039 0.326043 -0.048792
v -0.043903 0.419471 -0.090285
v -0.102771 0.304657 -0.029895
v -0.122904 0.469180 -0.148769
v -0.154679 0.516048 -0.221495
v -0.094924 0.502217 -0.143133
v -0.158985 0.456595 -0.176706
v -0.099974 0.510431 -0.169293
v -0.184233 0.489789 -0.218510
v -0.179368 0.324409 -0.115770
v -0.230587 0.264524 -0.133018
v -0.185778 0.355092 -0.150306
v -0.207897 0.272079 -0.091494
v -0.206343 0.330127 -0.163792
v -0.237343 0.238438 -0.096868
v -0.175837 0.268630 -0.043253
v -0.241622 0.173746 0.021469
v -0.173144 0.253990 -0.021381
v -0.208183 0.234129 -0.037706
v -0.203936 0.206103 0.013880
v -0.242109 0.187298 -0.006659
v 0.032231 0.540742 -0.103996
v -0.000102 0.618942 -0.052345
v -0.010506 0.554938 -0.111032
v 0.041302 0.560730 -0.090603
v -0.034027 0.613929 -0.060886
v 0.023704 0.605305 -0.063073
v 0.086805 0.382873 -0.079017
v 0.073467 0.342923 -0.050527
v 0.058749 0.436091 -0.097690
v 0.107052 0.322724 -0.046061
v 0.053324 0.420945 -0.089236
v 0.103628 0.302655 -0.025577
v 0.125760 0.470515 -0.150092
v 0.156324 0.518945 -0.222741
v 0.097046 0.500674 -0.142045
v 0.161605 0.458261 -0.179465
v 0.103531 0.510178 -0.172355
v 0.186409 0.491651 -0.218703
v 0.180513 0.327991 -0.118998
v 0.229994 0.267922 -0.136662
v 0.184942 0.358332 -0.154267
v 0.205483 0.272843 -0.093750
v 0.206894 0.333287 -0.168396
v 0.236014 0.238910 -0.097892
v 0.175437 0.267222 -0.042492
v 0.242480 0.171873 0.023769
v 0.173694 0.249836 -0.019525
v 0.208402 0.233937 -0.036239
v 0.204673 0.203282 0.016446
v 0.242729 0.185242 -0.004416
v -0.185119 -0.653747 -0.000928
v -0.096119 -0.657285 0.001636
v -0.149108 -0.630082 0.019102
v -0.173488 -0.693810 -0.023083
v -0.107104 -0.637821 0.019023
v -0.130676 -0.679473 -0.022685
v -0.225597 -0.546448 0.092784
v -0.201079 -0.544501 0.197592
v -0.184465 -0.570978 0.091962
v -0.248695 -0.514014 0.133262
v -0.169471 -0.565131 0.138424
v -0.237792 -0.517236 0.185478
v -0.321042 -0.723062 -0.090763
v -0.293048 -0.750876 -0.233834
v -0.270863 -0.775373 -0.092824
v -0.353833 -0.676621 -0.143441
v -0.255599 -0.793406 -0.161088
v -0.345943 -0.681649 -0.216261
v -0.347041 -0.469860 -0.044312
v -0.364531 -0.335117 -0.080217
v -0.357827 -0.485866 -0.091194
v -0.351479 -0.397827 -0.019904
v -0.365279 -0.411804 -0.110702
v -0.358998 -0.331305 -0.035149
v -0.312592 -0.435951 0.071115
v -0.334743 -0.328002 0.120668
v -0.302379 -0.432781 0.110809
v -0.331071 -0.384533 0.057596
v -0.317197 -0.384210 0.137849
v -0.338619 -0.325328 0.081698
v 0.183892 -0.652137 -0.000061
v 0.096013 -0.653071 -0.004084
v 0.148098 -0.625838 0.018809
v 0.177018 -0.693300 -0.022817
v 0.101251 -0.635962 0.015385
v 0.130893 -0.677773 -0.028144
v 0.226835 -0.546776 0.094570
v 0.201390 -0.545657 0.199293
v 0.185693 -0.569629 0.093727
v 0.248025 -0.514782 0.133644
v 0.168123 -0.565550 0.142122
v 0.238975 -0.517014 0.187571
v 0.321555 -0.723214 -0.090050
v 0.292623 -0.751253 -0.232338
v 0.271423 -0.775437 -0.093959
v 0.354830 -0.677418 -0.144227
v 0.256017 -0.793332 -0.162014
v 0.345429 -0.682123 -0.215841
v 0.346363 -0.468193 -0.046028
v 0.363521 -0.330943 -0.078181
v 0.357058 -0.483286 -0.092165
v 0.349927 -0.393844 -0.019127
v 0.364942 -0.409078 -0.111415
v 0.360471 -0.328287 -0.033981
v 0.313624 -0.435977 0.069258
v 0.335190 -0.328161 0.120033
v 0.304011 -0.431965 0.109940
v 0.332846 -0.382198 0.056880
v 0.316844 -0.383277 0.136944
v 0.339506 -0.324485 0.082744
v -0.095059 -0.547229 0.687227
v -0.154947 -0.760536 0.670352
v -0.063317 -0.578502 0.666385
v -0.163015 -0.569770 0.695382
v -0.086029 -0.653598 0.641331
v -0.213804 -0.686906 0.701241
v 0.093450 -0.548892 0.685991
v 0.158677 -0.759716 0.671677
v 0.063801 -0.578719 0.666786
v 0.162706 -0.571778 0.695067
v 0.086839 -0.653481 0.644545
v 0.216615 -0.684824 0.700410
v 0.000810 -0.265674 0.747628
v 0.000238 -0.168281 0.825993
v 0.047084 -0.239198 0.751795
v -0.047047 -0.239359 0.751522
v 0.047280 -0.183378 0.769257
v -0.046396 -0.183711 0.770010
v 0.140194 -0.364894 0.709417
v 0.232597 -0.302118 0.678567
v 0.191769 -0.408732 0.697869
v 0.143381 -0.300465 0.717395
v 0.238264 -0.378045 0.680265
v 0.190556 -0.269240 0.702801
v -0.138530 -0.363531 0.707041
v -0.235006 -0.300469 0.679761
v -0.187792 -0.409555 0.696494
v -0.143166 -0.298809 0.715706
v -0.238407 -0.377101 0.680780
v -0.189492 -0.267510 0.701994
v -0.025406 0.096854 0.342815
v -0.043238 0.128234 0.226440
v -0.016614 0.113783 0.288220
v -0.045428 0.091313 0.336438
v -0.024361 0.132063 0.223535
v -0.054581 0.102001 0.286569
v 0.025257 0.097431 0.338537
v 0.045748 0.128275 0.224900
v 0.017249 0.112231 0.287269
v 0.047080 0.093384 0.330592
v 0.026990 0.132096 0.221879
v 0.057057 0.101943 0.283015
v 0.000105 0.112556 0.480096
v -0.000916 0.091015 0.548765
v 0.027804 0.108477 0.493910
v -0.027037 0.109454 0.492581
v 0.029679 0.099443 0.525911
v -0.031573 0.097857 0.527893
v 0.058504 0.102250 0.425506
v 0.118816 0.088696 0.426463
v 0.073973 0.094043 0.397343
v 0.070951 0.114392 0.451867
v 0.104041 0.093335 0.397383
v 0.102908 0.097252 0.454558
v -0.057538 0.099195 0.426050
v -0.118503 0.089219 0.427204
v -0.074915 0.092737 0.401455
v -0.071634 0.111167 0.452208
v -0.104741 0.091224 0.397277
v -0.102276 0.097267 0.455945
v -0.039080 -0.194931 -0.386041
v -0.083710 -0.313416 -0.342759
v -0.031187 -0.264870 -0.368744
v -0.064748 -0.182421 -0.384602
v -0.051527 -0.325969 -0.338237
v -0.090188 -0.239329 -0.365040
v 0.037550 -0.194496 -0.385324
v 0.082379 -0.315800 -0.341752
v 0.029595 -0.265205 -0.369134
v 0.062681 -0.182718 -0.383134
v 0.049480 -0.325539 -0.339436
v 0.089645 -0.240021 -0.363869
v 0.000815 -0.033095 -0.469506
v 0.000164 -0.017554 -0.496290
v 0.019507 -0.029563 -0.476488
v -0.017954 -0.027276 -0.473947
v 0.023067 -0.023253 -0.486119
v -0.019830 -0.021335 -0.488886
v 0.048655 -0.050845 -0.436550
v 0.095077 -0.041272 -0.424794
v 0.067226 -0.068888 -0.415958
v 0.053173 -0.039398 -0.451428
v 0.091347 -0.064942 -0.406998
v 0.078005 -0.033371 -0.446776
v -0.047901 -0.050371 -0.434870
v -0.096873 -0.039955 -0.419407
v -0.066029 -0.069887 -0.413302
v -0.052425 -0.034982 -0.449292
v -0.089027 -0.063955 -0.406222
v -0.077217 -0.028500 -0.444515
v -0.088255 0.525168 -0.659467
v -0.160387 0.623290 -0.585945
v -0.065170 0.581748 -0.635136
v -0.148387 0.514494 -0.659276
v -0.101098 0.629998 -0.591040
v -0.187723 0.562416 -0.629152
v 0.091297 0.524698 -0.658742
v 0.162453 0.623307 -0.587096
v 0.068057 0.583147 -0.636792
v 0.150402 0.513299 -0.655561
v 0.102648 0.630911 -0.589682
v 0.188624 0.560122 -0.628049
v -0.000413 0.276814 -0.776632
v -0.000769 0.167037 -0.779220
v 0.055146 0.251281 -0.786364
v -0.054373 0.250667 -0.786128
v 0.057099 0.195341 -0.791932
v -0.056196 0.194376 -0.791697
v 0.139754 0.359941 -0.727679
v 0.244686 0.310102 -0.719773
v 0.180144 0.392661 -0.700519
v 0.154871 0.308697 -0.760291
v 0.226385 0.368005 -0.691409
v 0.212653 0.282959 -0.764439
v -0.139375 0.359840 -0.728112
v -0.244496 0.309290 -0.722355
v -0.176725 0.392653 -0.699222
v -0.153285 0.308885 -0.759693
v -0.226024 0.366819 -0.693723
v -0.212312 0.283567 -0.766518
v 0.444069 0.028227 -0.229650
v 0.418067 0.039608 -0.199756
v 0.408118 0.033677 -0.254853
v 0.466052 0.022529 -0.190701
v 0.392051 0.042513 -0.242308
v 0.454252 0.026558 -0.174012
v 0.433891 0.024273 -0.221295
v 0.396155 0.009252 -0.176400
v 0.402207 0.022795 -0.235781
v 0.449544 0.021619 -0.184401
v 0.382376 0.011480 -0.213704
v 0.437843 0.020721 -0.164929
v 0.390362 0.027779 -0.326849
v 0.323012 0.015498 -0.356333
v 0.372056 0.026766 -0.305644
v 0.372880 0.026708 -0.363351
v 0.336720 0.016903 -0.318412
v 0.342427 0.027842 -0.379134
v 0.396958 0.030624 -0.350601
v 0.345376 0.063200 -0.434338
v 0.378326 0.039003 -0.343287
v 0.379800 0.030346 -0.385507
v 0.356794 0.059126 -0.387209
v 0.357979 0.044175 -0.428511
v 0.493392 0.011449 -0.170227
v 0.520143 0.006390 -0.087357
v 0.503876 0.015224 -0.153472
v 0.494388 0.010721 -0.151722
v 0.515407 0.011866 -0.110403
v 0.508941 0.003825 -0.112105
v 0.483484 0.010507 0.228812
v 0.451776 0.015717 0.196713
v 0.451552 0.006923 0.245857
v 0.503365 0.015547 0.197767
v 0.433131 0.011025 0.226916
v 0.487107 0.017945 0.182414
v 0.464386 -0.007490 0.219466
v 0.424776 -0.024389 0.196948
v 0.428060 -0.020759 0.239355
v 0.486513 0.005833 0.189453
v 0.408800 -0.033948 0.229484
v 0.465831 -0.000749 0.177651
v 0.411520 -0.020850 0.323225
v 0.357013 -0.068469 0.397760
v 0.396972 -0.038107 0.315946
v 0.391099 -0.022471 0.358331
v 0.370498 -0.062932 0.351551
v 0.362517 -0.043634 0.396176
v 0.418925 0.002456 0.319001
v 0.351066 0.018039 0.358807
v 0.410659 0.007950 0.307930
v 0.394321 0.001664 0.350679
v 0.372042 0.017685 0.325888
v 0.360857 0.007880 0.374858
v 0.539218 -0.000907 0.182177
v 0.554196 0.001959 0.119162
v 0.533623 0.001667 0.161650
v 0.533393 0.010891 0.160060
v 0.547759 -0.001062 0.134042
v 0.546695 0.008771 0.131793
v -0.452675 0.027765 -0.232103
v -0.416205 0.042348 -0.196995
v -0.421997 0.030074 -0.261183
v -0.464668 0.025760 -0.193509
v -0.401164 0.042296 -0.245964
v -0.450728 0.030930 -0.169518
v -0.429162 0.024907 -0.221929
v -0.390235 0.011260 -0.176739
v -0.398134 0.021640 -0.235833
v -0.447720 0.026760 -0.186743
v -0.375210 0.008564 -0.211463
v -0.428747 0.022836 -0.162778
v -0.388782 0.025023 -0.321084
v -0.324175 0.014019 -0.356316
v -0.370790 0.023605 -0.304864
v -0.375337 0.026697 -0.360246
v -0.335772 0.013036 -0.318548
v -0.347437 0.023801 -0.380270
v -0.402034 0.031428 -0.350713
v -0.349515 0.062853 -0.432901
v -0.390129 0.040734 -0.347073
v -0.384281 0.031149 -0.385078
v -0.360869 0.055320 -0.388657
v -0.358143 0.042550 -0.426805
v -0.507479 0.020267 -0.173984
v -0.533309 0.010548 -0.088735
v -0.523848 0.016766 -0.159865
v -0.498508 0.016040 -0.148978
v -0.529102 0.009918 -0.110245
v -0.518544 0.011793 -0.109142
v -0.486243 0.010119 0.229792
v -0.450599 0.018527 0.197071
v -0.454871 0.006971 0.244886
v -0.502521 0.012775 0.198409
v -0.436585 0.011485 0.229013
v -0.488614 0.017730 0.185040
v -0.469335 0.000768 0.223761
v -0.420413 -0.023944 0.195365
v -0.425593 -0.013976 0.241308
v -0.485245 0.004961 0.185163
v -0.403502 -0.032236 0.226439
v -0.462246 -0.001741 0.174555
v -0.411662 -0.020513 0.324280
v -0.355883 -0.066019 0.398274
v -0.395677 -0.034992 0.317497
v -0.392080 -0.021121 0.359905
v -0.369652 -0.067734 0.353644
v -0.362802 -0.042071 0.396897
v -0.420431 0.005194 0.319385
v -0.353309 0.019417 0.360858
v -0.410638 0.010633 0.306387
v -0.396099 0.001148 0.349828
v -0.374431 0.019327 0.325518
v -0.364072 0.007883 0.375351
v -0.540142 0.014230 0.175609
v -0.557661 0.012560 0.120915
v -0.538644 0.007653 0.166663
v -0.543119 0.018502 0.162339
v -0.558201 0.009684 0.139300
v -0.549943 0.017209 0.132293
v 0.019445 0.619227 -0.061540
v -0.004125 0.483333 -0.107680
v 0.026537 0.601108 -0.070360
v 0.004775 0.537539 -0.113612
v 0.009323 0.571913 -0.094130
v 0.006799 0.507461 -0.104010
v 0.008314 0.590253 -0.070282
v -0.027575 0.520574 -0.185483
v -0.000340 0.575974 -0.090665
v -0.020011 0.533595 -0.132665
v 0.004863 0.546352 -0.107832
v -0.002353 0.525102 -0.176203
v -0.018093 0.616265 -0.066132
v -0.005140 0.483159 -0.099104
v -0.013051 0.600624 -0.079295
v -0.002377 0.534282 -0.103920
v -0.016493 0.570169 -0.093550
v -0.019191 0.503748 -0.115704
v -0.008504 0.588538 -0.079592
v 0.023744 0.523937 -0.177047
v 0.010802 0.571351 -0.096233
v 0.026674 0.529586 -0.135557
v -0.003439 0.544592 -0.118093
v 0.007320 0.523703 -0.179621
v -0.151234 0.178812 0.100867
v -0.225484 0.136263 0.115444
v -0.158630 0.201181 0.063258
v -0.194127 0.176046 0.073098
v -0.178238 0.138447 0.151034
v -0.218209 0.122877 0.155140
v -0.010516 0.277402 0.028566
v 0.009197 0.275462 0.027922
v -0.005450 0.219523 0.092132
v 0.008001 0.219930 0.091439
v -0.005117 0.345375 -0.038168
v -0.000963 0.344995 -0.037141
v -0.121302 0.113297 0.237498
v -0.169490 0.088181 0.323636
v -0.111118 0.100757 0.285400
v -0.133678 0.092401 0.325543
v -0.156920 0.103503 0.240515
v -0.184043 0.092987 0.281520
v -0.452244 0.589373 -0.350064
v -0.229552 0.393736 -0.282010
v -0.296285 0.498841 -0.288686
v -0.235900 0.428617 -0.263337
v -0.428191 0.512150 -0.368805
v -0.272325 0.422843 -0.338926
v -0.068041 0.708101 -0.413664
v 0.066665 0.708826 -0.413099
v -0.033942 0.698163 -0.480400
v 0.035509 0.697423 -0.480758
v -0.024506 0.647132 -0.337112
v 0.024448 0.649001 -0.336836
v -0.276070 0.515029 -0.522852
v -0.278728 0.374118 -0.559238
v -0.253994 0.487843 -0.578031
v -0.259945 0.419466 -0.597867
v -0.298135 0.468351 -0.489079
v -0.284568 0.394378 -0.504170
v -0.355335 0.085394 -0.033136
v -0.363805 0.070239 0.030207
v -0.315420 0.124943 -0.030851
v -0.319327 0.113053 -0.000449
v -0.409789 0.042223 -0.002085
v -0.413611 0.039360 0.028314
v -0.310438 0.197942 -0.312764
v -0.315708 0.208183 -0.422160
v -0.336406 0.142387 -0.323088
v -0.332583 0.149029 -0.376287
v -0.287479 0.270090 -0.361047
v -0.297058 0.273103 -0.413889
v -0.468650 0.033272 -0.063751
v -0.525795 0.001049 -0.024020
v -0.480159 0.023979 -0.083755
v -0.509245 0.010848 -0.064289
v -0.484981 0.021699 -0.028055
v -0.515765 0.006607 -0.006122
v -0.321126 0.052363 0.225821
v -0.291905 0.052546 0.299391
v -0.351539 0.036860 0.252037
v -0.335207 0.038163 0.288258
v -0.279329 0.070249 0.231987
v -0.264816 0.068307 0.269356
v -0.488291 0.015787 0.102239
v -0.545745 0.001015 0.078522
v -0.513468 0.003606 0.120553
v -0.532918 -0.019157 0.103850
v -0.495755 0.012620 0.070470
v -0.527936 0.000523 0.059310
v 0.151798 0.175245 0.104420
v 0.228878 0.134318 0.119908
v 0.156619 0.195839 0.067333
v 0.194981 0.172757 0.076428
v 0.182026 0.135849 0.152223
v 0.221343 0.120190 0.156568
v 0.122897 0.107381 0.239652
v 0.170911 0.085705 0.320271
v 0.112391 0.098163 0.283928
v 0.133563 0.092090 0.324358
v 0.160774 0.102405 0.239839
v 0.187830 0.089729 0.282673
v 0.452951 0.589885 -0.351147
v 0.232410 0.395073 -0.284216
v 0.298620 0.501101 -0.291079
v 0.239877 0.430354 -0.265375
v 0.428447 0.511317 -0.370711
v 0.273072 0.424527 -0.341219
v 0.275642 0.513642 -0.520409
v 0.279223 0.374629 -0.555848
v 0.254606 0.486382 -0.575135
v 0.262925 0.418591 -0.594537
v 0.297257 0.468572 -0.487178
v 0.285434 0.393772 -0.501845
v 0.353791 0.089390 -0.035994
v 0.363458 0.071760 0.029788
v 0.315075 0.126633 -0.032531
v 0.319200 0.113338 -0.000441
v 0.408374 0.043183 -0.003473
v 0.411905 0.039698 0.029289
v 0.309918 0.202713 -0.315081
v 0.315705 0.211138 -0.420980
v 0.334073 0.147833 -0.323525
v 0.331544 0.152007 -0.374751
v 0.285857 0.272829 -0.357738
v 0.296263 0.273456 -0.413513
v 0.470672 0.034591 -0.068858
v 0.523437 0.013465 -0.026014
v 0.488440 0.025134 -0.087279
v 0.513214 0.017451 -0.062917
v 0.483750 0.030564 -0.027522
v 0.513857 0.018850 -0.007600
v 0.319943 0.054292 0.224835
v 0.293065 0.051918 0.299532
v 0.348877 0.036619 0.251305
v 0.334217 0.036333 0.287859
v 0.281026 0.069904 0.233476
v 0.268714 0.068315 0.272528
v 0.490038 0.015789 0.102993
v 0.544391 0.000270 0.075364
v 0.515498 0.010145 0.121755
v 0.539102 0.001736 0.105770
v 0.490336 0.015213 0.072284
v 0.525336 0.005211 0.060676
v -0.030872 -0.625387 0.058078
v -0.082072 -0.592127 0.192642
v -0.057795 -0.614774 0.060875
v -0.087176 -0.594170 0.124293
v -0.027593 -0.606846 0.104334
v -0.047298 -0.592812 0.180824
v -0.059188 -0.652765 -0.049400
v -0.097318 -0.680714 -0.157087
v -0.100556 -0.680368 -0.069585
v -0.117518 -0.720228 -0.122822
v -0.040655 -0.636812 -0.080412
v -0.061957 -0.636633 -0.127085
v 0.016141 -0.625331 0.052751
v 0.078998 -0.589921 0.195441
v 0.047861 -0.609784 0.062327
v 0.083055 -0.593282 0.130099
v 0.012543 -0.606649 0.103016
v 0.041155 -0.592185 0.184242
v 0.071934 -0.652276 -0.055834
v 0.100385 -0.684925 -0.159613
v 0.106129 -0.689194 -0.077904
v 0.122556 -0.726173 -0.127972
v 0.050752 -0.634877 -0.083758
v 0.069046 -0.636364 -0.133297
v -0.292399 -0.470027 0.325219
v -0.327961 -0.353305 0.256407
v -0.290712 -0.452359 0.261031
v -0.311870 -0.399253 0.232752
v -0.312549 -0.428797 0.350130
v -0.326819 -0.363385 0.311084
v -0.048723 -0.605727 0.425603
v 0.049733 -0.606092 0.425741
v -0.029394 -0.593232 0.501887
v 0.028200 -0.593354 0.501284
v -0.021427 -0.578423 0.340033
v 0.022581 -0.578939 0.339885
v -0.318396 -0.561936 0.541524
v -0.321249 -0.383944 0.556420
v -0.324018 -0.560705 0.619768
v -0.318663 -0.455569 0.617900
v -0.321429 -0.464860 0.483947
v -0.326731 -0.392136 0.494441
v -0.310869 -0.417280 -0.280111
v -0.340782 -0.300179 -0.213089
v -0.347040 -0.464065 -0.249811
v -0.353602 -0.391275 -0.209643
v -0.295273 -0.320287 -0.276730
v -0.315540 -0.271375 -0.250920
v -0.041063 -0.518882 -0.234579
v 0.039769 -0.515990 -0.235787
v -0.020497 -0.460043 -0.267019
v 0.018560 -0.460079 -0.264421
v -0.020737 -0.562365 -0.195984
v 0.020134 -0.563542 -0.193712
v -0.184530 -0.258380 -0.331710
v -0.171395 -0.123817 -0.342725
v -0.149033 -0.205324 -0.352661
v -0.141481 -0.136680 -0.359528
v -0.214783 -0.232752 -0.316272
v -0.203911 -0.160107 -0.318057
v -0.360667 -0.121779 0.006760
v -0.363488 -0.130200 0.073187
v -0.356954 -0.191574 0.022245
v -0.358383 -0.194543 0.056465
v -0.369774 -0.055130 0.030638
v -0.374469 -0.061247 0.062704
v -0.295099 -0.088530 -0.219821
v -0.255650 -0.057213 -0.285461
v -0.303596 -0.040090 -0.236153
v -0.286525 -0.030558 -0.268800
v -0.281625 -0.129512 -0.247194
v -0.254811 -0.106962 -0.276799
v -0.428860 0.007897 -0.055277
v -0.517604 0.025608 -0.029085
v -0.457951 0.019214 -0.083334
v -0.496710 0.026262 -0.067935
v -0.441487 0.007565 -0.017131
v -0.488377 0.020935 -0.005775
v -0.356133 -0.188107 0.297956
v -0.345027 -0.199192 0.397286
v -0.360499 -0.136718 0.301321
v -0.354864 -0.144219 0.350022
v -0.343971 -0.251287 0.339584
v -0.340740 -0.257540 0.393784
v -0.451775 -0.004241 0.110652
v -0.539804 0.029455 0.072754
v -0.493540 0.018087 0.120988
v -0.537776 0.033038 0.105869
v -0.456016 0.002845 0.080746
v -0.507099 0.023481 0.060724
v 0.292141 -0.471677 0.324231
v 0.327688 -0.351528 0.255769
v 0.290761 -0.456213 0.261101
v 0.311471 -0.401292 0.233137
v 0.313814 -0.430511 0.350501
v 0.325830 -0.364887 0.311198
v 0.319585 -0.562312 0.541634
v 0.320955 -0.387010 0.554902
v 0.323820 -0.560028 0.619322
v 0.318861 -0.455245 0.617189
v 0.321212 -0.465802 0.483565
v 0.327192 -0.392744 0.493222
v 0.311385 -0.417721 -0.278930
v 0.341173 -0.298192 -0.212121
v 0.346758 -0.464575 -0.250550
v 0.352907 -0.390745 -0.208656
v 0.295460 -0.320675 -0.274837
v 0.317394 -0.270764 -0.250839
v 0.184049 -0.260222 -0.330762
v 0.173803 -0.124712 -0.343625
v 0.149350 -0.204817 -0.351064
v 0.144824 -0.137745 -0.358948
v 0.214294 -0.232489 -0.315764
v 0.209269 -0.163008 -0.319201
v 0.359641 -0.119326 0.008142
v 0.364501 -0.129821 0.073620
v 0.359210 -0.189459 0.020607
v 0.358700 -0.195749 0.053747
v 0.370694 -0.054159 0.029464
v 0.374649 -0.059011 0.061064
v 0.294958 -0.086319 -0.220508
v 0.257525 -0.057378 -0.285738
v 0.302255 -0.037515 -0.235186
v 0.289148 -0.032165 -0.271420
v 0.282519 -0.128509 -0.246936
v 0.256247 -0.106114 -0.275766
v 0.431528 0.009888 -0.056503
v 0.509459 0.016200 -0.025715
v 0.460592 0.018118 -0.084210
v 0.492934 0.013525 -0.066945
v 0.442263 0.011063 -0.017693
v 0.487209 0.023599 -0.005327
v 0.357060 -0.189598 0.298234
v 0.343230 -0.200557 0.396049
v 0.361885 -0.137210 0.304141
v 0.355600 -0.143121 0.350851
v 0.345772 -0.253446 0.338026
v 0.340105 -0.259746 0.391334
v 0.452484 -0.003698 0.108862
v 0.538191 0.021436 0.074051
v 0.493989 0.016312 0.120074
v 0.530778 0.021733 0.103951
v 0.456032 0.000053 0.080092
v 0.505454 0.018899 0.061416
v 0.133429 -0.062633 0.698990
v 0.223648 -0.111980 0.667718
v 0.139726 -0.117625 0.721078
v 0.190829 -0.142760 0.709378
v 0.170197 -0.038796 0.660770
v 0.212921 -0.060869 0.646072
v -0.133023 -0.062920 0.698147
v -0.223605 -0.110939 0.668637
v -0.140689 -0.116719 0.722716
v -0.188679 -0.141631 0.711147
v -0.169145 -0.039317 0.661676
v -0.211827 -0.062471 0.646091
v 0.108335 0.057243 0.593478
v 0.161580 0.056808 0.516395
v 0.099211 0.078116 0.553713
v 0.125503 0.075571 0.519699
v 0.147415 0.032548 0.590879
v 0.174015 0.034220 0.549642
v -0.108865 0.056262 0.593684
v -0.163132 0.055680 0.518118
v -0.098721 0.078125 0.555587
v -0.125485 0.075933 0.519311
v -0.145515 0.030001 0.589942
v -0.171974 0.033621 0.547946
v 0.289673 -0.045207 0.513315
v 0.272802 0.007712 0.476498
v 0.314648 -0.028317 0.466391
v 0.306859 -0.004617 0.452282
v 0.259664 -0.030659 0.543925
v 0.248427 -0.002018 0.519583
v -0.288469 -0.045250 0.514222
v -0.271980 0.006110 0.477006
v -0.311702 -0.029977 0.466577
v -0.307346 -0.003462 0.452314
v -0.257329 -0.030883 0.542501
v -0.248101 -0.001645 0.519957
v 0.094236 -0.001512 -0.542938
v 0.142665 -0.003139 -0.485099
v 0.074512 -0.007489 -0.492767
v 0.098532 -0.010738 -0.475542
v 0.139059 0.006049 -0.566506
v 0.164491 0.007089 -0.528147
v -0.095095 0.000688 -0.545258
v -0.141513 0.002595 -0.484860
v -0.077055 -0.003749 -0.497597
v -0.099535 -0.004665 -0.479801
v -0.139905 0.004655 -0.564110
v -0.164887 0.007471 -0.525607
v 0.152015 0.062262 -0.758610
v 0.271700 0.124745 -0.756078
v 0.165983 0.125094 -0.806198
v 0.227880 0.159900 -0.797248
v 0.190696 0.039320 -0.703213
v 0.248104 0.067586 -0.708356
v -0.153641 0.064850 -0.760343
v -0.271129 0.125675 -0.756526
v -0.167992 0.128100 -0.805491
v -0.228684 0.161030 -0.797436
v -0.191939 0.041414 -0.707668
v -0.249946 0.069277 -0.709647
v 0.273691 0.021546 -0.482730
v 0.304753 0.061249 -0.546134
v 0.315315 0.026531 -0.467937
v 0.324202 0.042114 -0.493670
v 0.253820 0.027099 -0.529614
v 0.272610 0.049301 -0.570373
v -0.276029 0.021500 -0.481298
v -0.307649 0.058908 -0.546590
v -0.313397 0.027659 -0.465930
v -0.324894 0.040907 -0.492873
v -0.254923 0.026998 -0.530147
v -0.275839 0.048644 -0.571517
v -0.075899 0.444980 -0.107469
v -0.088871 0.467718 -0.118728
v -0.044380 0.499238 -0.111605
v -0.061016 0.515965 -0.111684
v -0.121994 0.352334 -0.079693
v -0.061181 0.443860 -0.103547
v -0.113201 0.341043 -0.065007
v -0.137142 0.400581 -0.123471
v -0.089992 0.488262 -0.127669
v -0.143327 0.428139 -0.147449
v -0.150373 0.333927 -0.088297
v -0.160101 0.378665 -0.134683
v -0.176345 0.302693 -0.087821
v -0.145902 0.303587 -0.053144
v -0.177948 0.284430 -0.065557
v 0.076426 0.442835 -0.106113
v 0.089301 0.466199 -0.119381
v 0.043131 0.495315 -0.111325
v 0.064264 0.511304 -0.112970
v 0.120338 0.351646 -0.075628
v 0.064866 0.441295 -0.103249
v 0.113758 0.339403 -0.063006
v 0.137568 0.401337 -0.125909
v 0.093516 0.488092 -0.128186
v 0.146580 0.430281 -0.148277
v 0.152650 0.333044 -0.089471
v 0.161306 0.380556 -0.137481
v 0.178923 0.302724 -0.090184
v 0.143501 0.301162 -0.050627
v 0.177646 0.281912 -0.065950
v -0.232891 -0.593714 0.027013
v -0.265208 -0.657303 -0.018638
v -0.193066 -0.614947 0.023486
v -0.223632 -0.688249 -0.018812
v -0.275353 -0.524053 0.054886
v -0.207160 -0.579607 0.054096
v -0.260231 -0.517015 0.089755
v -0.322195 -0.591836 -0.039606
v -0.273859 -0.725090 -0.040761
v -0.343558 -0.638104 -0.083415
v -0.314136 -0.500105 0.011326
v -0.345651 -0.549295 -0.066614
v -0.335394 -0.455494 -0.004361
v -0.289178 -0.480051 0.080878
v -0.323589 -0.442479 0.034099
v 0.232332 -0.592009 0.027856
v 0.265189 -0.655540 -0.018302
v 0.192101 -0.611846 0.025589
v 0.225202 -0.688784 -0.019041
v 0.275255 -0.523743 0.052197
v 0.205663 -0.578040 0.055950
v 0.259977 -0.517658 0.088855
v 0.322301 -0.591142 -0.040227
v 0.272791 -0.723910 -0.040447
v 0.343129 -0.636463 -0.082834
v 0.315650 -0.500141 0.010867
v 0.343495 -0.545119 -0.067395
v 0.336763 -0.453894 -0.003287
v 0.287724 -0.479614 0.082196
v 0.323852 -0.443216 0.033604
v -0.000646 -0.488179 0.697068
v -0.078284 -0.440051 0.705987
v -0.031279 -0.529255 0.683062
v -0.121144 -0.493399 0.701108
v 0.075655 -0.441332 0.704116
v 0.031549 -0.529577 0.683729
v 0.116663 -0.495331 0.697694
v 0.044755 -0.349089 0.722804
v -0.045673 -0.349452 0.723642
v 0.047924 -0.294641 0.737996
v -0.046198 -0.293268 0.740172
v 0.131486 -0.430150 0.703266
v 0.093006 -0.326837 0.723061
v -0.133622 -0.429240 0.702888
v -0.093093 -0.325076 0.724252
v 0.000047 0.089319 0.399679
v -0.023681 0.085533 0.409513
v -0.008392 0.108059 0.350216
v -0.034890 0.088679 0.379566
v 0.026543 0.085494 0.407418
v 0.006864 0.107597 0.349646
v 0.036058 0.087378 0.374449
v 0.020091 0.103756 0.443333
v -0.020203 0.101686 0.442754
v 0.022810 0.115078 0.467345
v -0.023944 0.113745 0.465451
v 0.047963 0.090920 0.400783
v 0.042342 0.110690 0.448000
v -0.048535 0.089960 0.403960
v -0.043160 0.108147 0.448731
v -0.000307 -0.140321 -0.403666
v -0.027193 -0.081332 -0.414134
v -0.013604 -0.202247 -0.391209
v -0.044587 -0.131055 -0.398330
v 0.024705 -0.082490 -0.417650
v 0.013392 -0.201863 -0.390070
v 0.044546 -0.129527 -0.401154
v 0.017634 -0.043292 -0.451928
v -0.014756 -0.047262 -0.445964
v 0.017387 -0.035387 -0.464446
v -0.015463 -0.036404 -0.460575
v 0.044124 -0.073117 -0.416637
v 0.032892 -0.042435 -0.452296
v -0.044730 -0.073939 -0.414374
v -0.032376 -0.042299 -0.449507
v 0.002222 0.483077 -0.681209
v -0.073216 0.429601 -0.700990
v -0.029769 0.530313 -0.660659
v -0.110031 0.469129 -0.680885
v 0.076389 0.427108 -0.701375
v 0.033075 0.530342 -0.659835
v 0.111269 0.468464 -0.678973
v 0.049005 0.350714 -0.741610
v -0.046208 0.350830 -0.740817
v 0.052046 0.302215 -0.765011
v -0.049823 0.303918 -0.765783
v 0.126430 0.413452 -0.702084
v 0.099445 0.330765 -0.749819
v -0.124385 0.413981 -0.700834
v -0.097077 0.331609 -0.749401
v 0.440429 0.051934 -0.280315
v 0.476065 0.015234 -0.227268
v 0.425850 0.035498 -0.267566
v 0.471399 0.020122 -0.209212
v 0.433570 0.024615 -0.275756
v 0.464460 0.018163 -0.225590
v 0.420185 0.027772 -0.257933
v 0.457814 0.021287 -0.206254
v 0.430119 0.017284 -0.322549
v 0.404851 0.029913 -0.292379
v 0.404445 0.023585 -0.346083
v 0.410972 0.030691 -0.309604
v 0.406070 0.026184 -0.350444
v 0.487539 0.013652 -0.189688
v 0.479292 0.011238 -0.188717
v 0.471791 0.006574 0.272048
v 0.508487 0.013575 0.223517
v 0.465676 0.006273 0.262474
v 0.503921 0.014516 0.208264
v 0.465708 -0.001621 0.268219
v 0.507436 0.008215 0.221069
v 0.449094 -0.013054 0.252703
v 0.495299 0.005282 0.203919
v 0.452248 -0.002538 0.303335
v 0.430278 -0.017567 0.287943
v 0.420831 -0.012380 0.327634
v 0.444583 0.004372 0.290107
v 0.424796 -0.002560 0.328174
v 0.522117 0.009191 0.193487
v 0.521467 0.008877 0.192978
v -0.451678 0.024847 -0.287546
v -0.480534 0.019373 -0.230792
v -0.436772 0.024016 -0.274544
v -0.479937 0.023334 -0.214862
v -0.426322 0.022571 -0.268871
v -0.463343 0.016086 -0.225248
v -0.415874 0.026336 -0.255343
v -0.455639 0.020637 -0.205721
v -0.428680 0.021245 -0.318262
v -0.402647 0.026680 -0.288881
v -0.403878 0.022557 -0.339304
v -0.419703 0.025569 -0.311699
v -0.412735 0.016905 -0.351212
v -0.504176 0.021762 -0.198873
v -0.479971 0.016470 -0.191970
v -0.477961 0.006811 0.271844
v -0.517590 0.016387 0.225493
v -0.466077 0.006973 0.258057
v -0.518859 0.014793 0.212321
v -0.468433 0.000094 0.269395
v -0.513059 0.011095 0.218843
v -0.449224 -0.006011 0.255875
v -0.504069 0.009447 0.204988
v -0.454423 -0.001388 0.304702
v -0.428136 -0.010495 0.289936
v -0.422704 -0.009262 0.328538
v -0.445644 0.005450 0.289385
v -0.424660 -0.000882 0.327030
v -0.529998 0.014856 0.193971
v -0.526638 0.015047 0.190871
v 0.013272 0.629327 -0.051808
v 0.001596 0.633426 -0.052816
v 0.011790 0.625844 -0.052154
v 0.000627 0.625059 -0.058076
v -0.008367 0.629204 -0.046504
v 0.029354 0.632346 -0.063310
v -0.019339 0.620597 -0.046359
v 0.008954 0.613014 -0.064210
v 0.005406 0.632482 -0.057250
v 0.019928 0.623129 -0.056321
v 0.006006 0.615997 -0.072102
v -0.011213 0.613846 -0.048872
v 0.003553 0.612386 -0.063305
v 0.002198 0.590524 -0.066406
v -0.010240 0.622198 -0.052783
v -0.000196 0.620946 -0.069751
v 0.004646 0.614745 -0.073660
v -0.015588 0.589367 -0.067642
v -0.045915 0.350699 -0.049106
v -0.092272 0.252033 0.032283
v -0.044826 0.391035 -0.077948
v -0.095718 0.281648 -0.001526
v -0.037027 0.209281 0.102617
v -0.074803 0.151395 0.174991
v -0.030788 0.167776 0.161614
v -0.064629 0.121848 0.230229
v -0.026888 0.324477 -0.023478
v -0.021899 0.439350 -0.116084
v -0.013647 0.413242 -0.078044
v -0.109451 0.169264 0.133979
v -0.123130 0.226547 0.048287
v -0.142112 0.153234 0.143784
v -0.019648 0.216924 0.095078
v -0.013394 0.341057 -0.032667
v -0.090469 0.114510 0.234998
v -0.132326 0.128811 0.190003
v -0.128637 0.571367 -0.277647
v -0.261584 0.586358 -0.335169
v -0.108760 0.523323 -0.213281
v -0.220878 0.531875 -0.269347
v -0.195536 0.796475 -0.482851
v -0.219079 0.618963 -0.512649
v -0.137464 0.685427 -0.532470
v -0.203715 0.592681 -0.569773
v -0.125055 0.686440 -0.350297
v -0.057739 0.519797 -0.197172
v -0.056513 0.596010 -0.264007
v -0.318366 0.622273 -0.451028
v -0.309810 0.555578 -0.316023
v -0.430603 0.595794 -0.444385
v -0.109497 0.730383 -0.479145
v -0.074591 0.673799 -0.343917
v -0.241079 0.554549 -0.549839
v -0.322943 0.547620 -0.475519
v -0.249128 0.261353 -0.186542
v -0.299145 0.163240 -0.105557
v -0.222325 0.299640 -0.173428
v -0.267185 0.202633 -0.100488
v -0.349019 0.118663 -0.220922
v -0.408985 0.053400 -0.136234
v -0.377279 0.073279 -0.230365
v -0.436116 0.039791 -0.149591
v -0.276386 0.241986 -0.250424
v -0.221154 0.342794 -0.224046
v -0.238596 0.327437 -0.292660
v -0.385733 0.063284 -0.078118
v -0.306569 0.140271 -0.066559
v -0.401206 0.048490 -0.036517
v -0.340766 0.131420 -0.272563
v -0.279403 0.259891 -0.304804
v -0.450476 0.038393 -0.105049
v -0.441268 0.036660 -0.050218
v -0.271850 0.123080 0.085904
v -0.317156 0.099862 0.058773
v -0.237035 0.161891 0.050814
v -0.278171 0.142028 0.025265
v -0.378167 0.035382 0.181765
v -0.431292 0.027440 0.142435
v -0.409045 0.021986 0.206728
v -0.465934 0.020106 0.164584
v -0.297373 0.081547 0.156136
v -0.231849 0.150243 0.080105
v -0.257791 0.103673 0.156705
v -0.404472 0.041550 0.086371
v -0.320276 0.106126 0.028015
v -0.411275 0.041115 0.055947
v -0.365857 0.036298 0.216115
v -0.288753 0.073657 0.194275
v -0.477139 0.019442 0.132212
v -0.452747 0.026428 0.079631
v 0.038600 0.353515 -0.051123
v 0.094946 0.250240 0.034562
v 0.042706 0.392822 -0.081471
v 0.098955 0.278474 0.000743
v 0.037279 0.209997 0.101577
v 0.075292 0.149967 0.177000
v 0.034014 0.168780 0.160423
v 0.067012 0.121705 0.230777
v 0.017580 0.326084 -0.024312
v 0.012514 0.449078 -0.108992
v -0.000930 0.412378 -0.085572
v 0.021482 0.216726 0.094773
v 0.004645 0.337795 -0.033612
v 0.110084 0.166847 0.135551
v 0.124313 0.221959 0.053043
v 0.143501 0.150957 0.144354
v 0.093444 0.112928 0.236521
v 0.134483 0.129876 0.190194
v 0.129780 0.573186 -0.278595
v 0.262015 0.587157 -0.335665
v 0.111480 0.522644 -0.213288
v 0.223548 0.534645 -0.272323
v 0.195794 0.796193 -0.482258
v 0.217756 0.619144 -0.511095
v 0.138004 0.685699 -0.532552
v 0.205574 0.591716 -0.568958
v 0.123669 0.686041 -0.347131
v 0.058957 0.522692 -0.199077
v 0.056482 0.596579 -0.261446
v 0.109567 0.728042 -0.479670
v 0.075902 0.674550 -0.342659
v 0.318713 0.622467 -0.448738
v 0.310703 0.558712 -0.318727
v 0.432017 0.597786 -0.441555
v 0.241131 0.552814 -0.546516
v 0.322594 0.546832 -0.472217
v 0.250543 0.264587 -0.190822
v 0.298454 0.163967 -0.109175
v 0.224527 0.301288 -0.179261
v 0.267474 0.201317 -0.101554
v 0.346786 0.119284 -0.220362
v 0.408285 0.054564 -0.138602
v 0.375200 0.078711 -0.232827
v 0.438587 0.038357 -0.155332
v 0.276006 0.244525 -0.251435
v 0.222385 0.345735 -0.228573
v 0.240902 0.329916 -0.295257
v 0.382434 0.065525 -0.081390
v 0.306135 0.142581 -0.068472
v 0.397258 0.049542 -0.039609
v 0.339402 0.136722 -0.271926
v 0.276689 0.264314 -0.305187
v 0.457475 0.036129 -0.110350
v 0.439499 0.038646 -0.050843
v 0.272162 0.120336 0.087910
v 0.317647 0.097732 0.058734
v 0.240252 0.157799 0.052673
v 0.279460 0.139454 0.028001
v 0.375820 0.035041 0.184760
v 0.431777 0.028543 0.143181
v 0.407801 0.021660 0.207661
v 0.464027 0.019910 0.164244
v 0.300861 0.079662 0.156473
v 0.234087 0.147534 0.083745
v 0.262312 0.099182 0.158983
v 0.403726 0.038392 0.088606
v 0.319337 0.106323 0.028019
v 0.410333 0.037292 0.058397
v 0.362969 0.035298 0.215964
v 0.291158 0.073462 0.194907
v 0.476289 0.020345 0.133809
v 0.452408 0.024611 0.082618
v -0.033494 -0.652755 0.024537
v -0.045872 -0.660727 0.001593
v -0.068166 -0.643977 0.021365
v -0.086275 -0.666360 -0.013636
v 0.033238 -0.647237 0.020332
v 0.054203 -0.657528 -0.009407
v 0.062854 -0.639126 0.016850
v 0.091245 -0.662819 -0.022164
v -0.001945 -0.651977 0.037103
v -0.044689 -0.637830 0.036927
v -0.012823 -0.631708 0.056121
v 0.012101 -0.653306 -0.008526
v -0.074640 -0.662219 -0.028028
v -0.014428 -0.642151 -0.041308
v 0.033941 -0.634548 0.031709
v -0.001438 -0.633663 0.051080
v 0.085016 -0.662115 -0.037487
v 0.029306 -0.642150 -0.043231
v -0.157364 -0.571951 0.278579
v -0.233177 -0.541318 0.323349
v -0.162623 -0.567311 0.200620
v -0.234490 -0.524542 0.247542
v -0.127760 -0.763813 0.496460
v -0.274600 -0.769922 0.545671
v -0.091096 -0.754155 0.602394
v -0.245724 -0.764833 0.648763
v -0.110360 -0.588826 0.362267
v -0.121115 -0.584169 0.200011
v -0.076159 -0.585303 0.270274
v -0.282530 -0.573725 0.437650
v -0.264159 -0.500756 0.292849
v -0.298572 -0.497744 0.393319
v -0.075925 -0.663648 0.505176
v -0.065986 -0.586650 0.349667
v -0.312686 -0.686353 0.607016
v -0.310772 -0.535013 0.466529
v -0.179786 -0.741379 -0.268361
v -0.275083 -0.589166 -0.301364
v -0.217550 -0.784313 -0.228282
v -0.317172 -0.657438 -0.275852
v -0.099741 -0.455346 -0.288059
v -0.148502 -0.364592 -0.320955
v -0.074374 -0.390059 -0.308838
v -0.117581 -0.300576 -0.343519
v -0.102194 -0.591843 -0.231658
v -0.127143 -0.758179 -0.186910
v -0.080205 -0.628498 -0.184555
v -0.224263 -0.406043 -0.302899
v -0.319927 -0.531249 -0.283338
v -0.262585 -0.367717 -0.292395
v -0.060813 -0.460474 -0.272317
v -0.062047 -0.571021 -0.210192
v -0.150613 -0.280538 -0.341922
v -0.221972 -0.313568 -0.310241
v -0.353321 -0.251364 -0.133529
v -0.356397 -0.188109 -0.058743
v -0.364862 -0.331712 -0.125358
v -0.360281 -0.261164 -0.047602
v -0.328734 -0.049128 -0.162620
v -0.374182 -0.009593 -0.107903
v -0.351099 -0.013350 -0.187183
v -0.403128 0.015156 -0.136103
v -0.326125 -0.165397 -0.181118
v -0.356940 -0.320979 -0.171605
v -0.322134 -0.219276 -0.214343
v -0.360034 -0.050984 -0.042474
v -0.357315 -0.189712 -0.018404
v -0.365148 -0.051885 -0.004670
v -0.314849 -0.045911 -0.200399
v -0.306215 -0.148492 -0.215135
v -0.416580 0.012305 -0.095450
v -0.395177 -0.009541 -0.027973
v -0.342781 -0.280765 0.181066
v -0.356332 -0.208372 0.122617
v -0.331187 -0.334879 0.160990
v -0.347931 -0.266583 0.103467
v -0.374663 -0.115143 0.219943
v -0.402430 -0.039680 0.156829
v -0.386024 -0.064568 0.221554
v -0.434686 -0.013734 0.165708
v -0.351102 -0.235238 0.241919
v -0.328812 -0.342782 0.205025
v -0.337810 -0.300769 0.273498
v -0.377284 -0.076855 0.118749
v -0.356011 -0.199436 0.087629
v -0.376208 -0.067184 0.090287
v -0.369327 -0.127509 0.258935
v -0.347052 -0.245084 0.288142
v -0.444634 -0.010451 0.138264
v -0.408928 -0.024585 0.099458
v 0.157091 -0.573380 0.280850
v 0.232683 -0.542624 0.323289
v 0.161346 -0.566932 0.206494
v 0.232833 -0.526766 0.249163
v 0.128124 -0.762644 0.496469
v 0.274515 -0.769369 0.544799
v 0.091583 -0.755931 0.602766
v 0.246831 -0.764445 0.647698
v 0.109269 -0.587890 0.363237
v 0.118480 -0.584320 0.204258
v 0.073314 -0.587828 0.270636
v 0.075965 -0.662956 0.505165
v 0.065350 -0.589057 0.349693
v 0.282502 -0.573856 0.435533
v 0.263574 -0.501953 0.290623
v 0.296216 -0.498699 0.391746
v 0.312443 -0.686161 0.607215
v 0.309066 -0.533240 0.464255
v 0.175275 -0.737374 -0.266621
v 0.274588 -0.592418 -0.302648
v 0.216570 -0.785557 -0.225883
v 0.316619 -0.661095 -0.275781
v 0.097462 -0.456302 -0.288136
v 0.147950 -0.366142 -0.319900
v 0.073524 -0.388397 -0.312026
v 0.116836 -0.300521 -0.342394
v 0.100946 -0.593161 -0.231869
v 0.129909 -0.757881 -0.191615
v 0.082956 -0.628634 -0.185262
v 0.057934 -0.456724 -0.277037
v 0.061731 -0.571012 -0.209805
v 0.224235 -0.406389 -0.303424
v 0.319554 -0.534374 -0.282354
v 0.263959 -0.369265 -0.293595
v 0.151893 -0.283025 -0.339154
v 0.222207 -0.313860 -0.310034
v 0.355235 -0.250495 -0.133823
v 0.357677 -0.184782 -0.058115
v 0.363992 -0.329718 -0.124314
v 0.361334 -0.257138 -0.046395
v 0.330647 -0.047246 -0.162173
v 0.377910 -0.008753 -0.107764
v 0.353863 -0.010526 -0.187578
v 0.408253 0.008824 -0.135967
v 0.325397 -0.162625 -0.178004
v 0.357974 -0.318604 -0.169856
v 0.321627 -0.218243 -0.214205
v 0.360525 -0.048887 -0.043284
v 0.358350 -0.187689 -0.017892
v 0.366119 -0.051603 -0.005566
v 0.316215 -0.041630 -0.199868
v 0.305551 -0.147368 -0.215922
v 0.418753 0.010714 -0.096026
v 0.397883 -0.007897 -0.029089
v 0.343663 -0.281040 0.180347
v 0.355974 -0.206668 0.122423
v 0.332393 -0.333699 0.161187
v 0.348271 -0.266252 0.104169
v 0.373172 -0.115614 0.219465
v 0.404401 -0.038974 0.154660
v 0.387094 -0.065780 0.226571
v 0.441019 -0.011706 0.165198
v 0.351357 -0.234953 0.241216
v 0.329712 -0.343332 0.206055
v 0.339415 -0.300952 0.274398
v 0.378430 -0.077559 0.116808
v 0.356473 -0.199781 0.088047
v 0.376735 -0.067382 0.089119
v 0.368369 -0.127846 0.262572
v 0.348945 -0.245760 0.289250
v 0.447317 -0.007116 0.136892
v 0.411584 -0.021954 0.099167
v 0.044792 -0.065007 0.734340
v -0.045270 -0.064541 0.733917
v 0.048598 -0.123255 0.776779
v -0.047556 -0.123109 0.771704
v 0.035583 0.065074 0.611568
v -0.038696 0.064286 0.612340
v 0.032736 0.084971 0.567588
v -0.034405 0.084354 0.567480
v 0.081256 0.012887 0.669373
v 0.091726 -0.091724 0.732790
v 0.125698 -0.013651 0.668154
v -0.083154 0.012804 0.668683
v -0.092297 -0.090649 0.733308
v -0.124938 -0.014811 0.668103
v 0.069870 0.074657 0.584498
v 0.116614 0.025262 0.630620
v -0.071341 0.074424 0.585476
v -0.117247 0.024627 0.631904
v 0.296938 -0.287191 0.602215
v 0.266157 -0.194922 0.642238
v 0.274666 -0.335322 0.649468
v 0.230977 -0.232561 0.677518
v 0.335246 -0.147060 0.445569
v 0.319812 -0.093391 0.487846
v 0.351697 -0.102859 0.398522
v 0.340995 -0.067651 0.440237
v 0.324689 -0.253340 0.499763
v 0.306246 -0.364771 0.609235
v 0.326164 -0.320795 0.498601
v 0.346449 -0.146854 0.398175
v 0.333818 -0.258870 0.444822
v 0.279854 -0.106706 0.581269
v 0.230608 -0.170157 0.678526
v 0.248798 -0.085362 0.615870
v 0.318121 -0.060471 0.478655
v 0.269506 -0.064915 0.563365
v -0.296186 -0.287154 0.603453
v -0.266619 -0.194445 0.644528
v -0.275680 -0.334754 0.648652
v -0.231515 -0.233252 0.678978
v -0.334881 -0.146243 0.449733
v -0.319125 -0.094445 0.488043
v -0.350773 -0.104906 0.399187
v -0.339559 -0.065941 0.440440
v -0.323830 -0.251872 0.499834
v -0.305099 -0.364330 0.609142
v -0.326691 -0.318966 0.498014
v -0.345178 -0.146886 0.397606
v -0.334339 -0.257981 0.445710
v -0.278292 -0.107156 0.582507
v -0.228622 -0.168660 0.677386
v -0.246780 -0.087658 0.617335
v -0.316885 -0.056675 0.478655
v -0.267399 -0.065765 0.563358
v 0.174303 0.076430 0.388606
v 0.169874 0.068348 0.450644
v 0.137026 0.085571 0.393116
v 0.136089 0.082606 0.456277
v 0.294929 0.043681 0.358931
v 0.286463 0.030598 0.415707
v 0.336431 0.030629 0.343957
v 0.324450 0.018746 0.398052
v 0.232906 0.066463 0.347148
v 0.152980 0.084803 0.359521
v 0.212135 0.077399 0.318047
v 0.316392 0.040268 0.322990
v 0.250904 0.067119 0.311250
v 0.223065 0.040691 0.469520
v 0.149356 0.071866 0.485481
v 0.197839 0.036706 0.508126
v 0.299253 0.017282 0.435595
v 0.236585 0.020946 0.494922
v -0.173757 0.077923 0.392619
v -0.173350 0.069634 0.453594
v -0.136112 0.085308 0.394018
v -0.134682 0.083196 0.454747
v -0.293694 0.042237 0.358730
v -0.287087 0.030990 0.417733
v -0.335994 0.029438 0.343562
v -0.324559 0.017410 0.396147
v -0.232668 0.068138 0.348879
v -0.152763 0.085160 0.363364
v -0.207978 0.080458 0.317139
v -0.316625 0.041533 0.322718
v -0.249952 0.067040 0.309644
v -0.222994 0.039966 0.468939
v -0.151830 0.072861 0.488660
v -0.198121 0.037366 0.508683
v -0.298686 0.016237 0.436411
v -0.234578 0.022286 0.494530
v 0.029731 0.001852 -0.544137
v -0.030378 0.004190 -0.551557
v 0.025456 -0.010991 -0.508246
v -0.023565 -0.009783 -0.508380
v 0.048762 0.087199 -0.729295
v -0.049979 0.088559 -0.728263
v 0.054221 0.138582 -0.772225
v -0.054987 0.137832 -0.774294
v 0.081121 0.022105 -0.641624
v 0.055072 -0.003800 -0.522677
v 0.112126 -0.001824 -0.605621
v -0.082850 0.025144 -0.643631
v -0.054840 -0.003041 -0.523194
v -0.112422 -0.001347 -0.606775
v 0.105479 0.103637 -0.769018
v 0.133036 0.015297 -0.683892
v -0.106005 0.106261 -0.766574
v -0.134860 0.019759 -0.685657
v 0.149390 -0.051868 -0.380846
v 0.143644 -0.017504 -0.428000
v 0.119071 -0.060216 -0.395004
v 0.108675 -0.026525 -0.436787
v 0.260080 -0.014985 -0.342300
v 0.267604 0.006055 -0.407518
v 0.299967 0.000873 -0.332136
v 0.308503 0.015728 -0.395299
v 0.204638 -0.060184 -0.332155
v 0.143905 -0.085580 -0.367335
v 0.202566 -0.104970 -0.323451
v 0.274360 -0.022474 -0.308896
v 0.228380 -0.082383 -0.301808
v 0.204830 0.001867 -0.452268
v 0.121949 -0.013841 -0.454207
v 0.187092 0.006361 -0.490118
v 0.294184 0.019381 -0.439319
v 0.229462 0.014301 -0.489513
v -0.146535 -0.048932 -0.376390
v -0.140925 -0.014307 -0.425277
v -0.116423 -0.056752 -0.393224
v -0.107376 -0.021987 -0.434525
v -0.255819 -0.012652 -0.341231
v -0.266076 0.007087 -0.405307
v -0.298666 0.000016 -0.331037
v -0.308641 0.013338 -0.395564
v -0.203474 -0.058045 -0.333492
v -0.139670 -0.083033 -0.367010
v -0.199782 -0.104154 -0.323886
v -0.273610 -0.022486 -0.305891
v -0.226548 -0.081355 -0.303094
v -0.203933 0.003706 -0.451092
v -0.121326 -0.007136 -0.454163
v -0.186466 0.007844 -0.487557
v -0.293569 0.016373 -0.437479
v -0.228877 0.014369 -0.487637
v 0.290646 0.293528 -0.632236
v 0.303218 0.215993 -0.715391
v 0.264495 0.334413 -0.668858
v 0.264509 0.252381 -0.751212
v 0.324668 0.152979 -0.481350
v 0.322203 0.102767 -0.527142
v 0.337897 0.104673 -0.433270
v 0.336606 0.068651 -0.475807
v 0.305700 0.260134 -0.525609
v 0.272973 0.353793 -0.613155
v 0.293856 0.322504 -0.513474
v 0.328484 0.153967 -0.429093
v 0.303116 0.268803 -0.466673
v 0.306625 0.122946 -0.638622
v 0.276691 0.188753 -0.768295
v 0.291215 0.096652 -0.688223
v 0.324512 0.067599 -0.512861
v 0.292603 0.081209 -0.609015
v -0.291102 0.295168 -0.634966
v -0.302758 0.214188 -0.715068
v -0.263636 0.335626 -0.671237
v -0.265028 0.251854 -0.752404
v -0.326107 0.147592 -0.479535
v -0.324748 0.102654 -0.528622
v -0.339528 0.101954 -0.430663
v -0.338502 0.067174 -0.475545
v -0.304240 0.258848 -0.526370
v -0.273990 0.354852 -0.615208
v -0.292736 0.322432 -0.515370
v -0.329615 0.151050 -0.428568
v -0.301799 0.265941 -0.468823
v -0.305114 0.124394 -0.638230
v -0.276388 0.188817 -0.767565
v -0.291650 0.098111 -0.692520
v -0.326525 0.065770 -0.513960
v -0.293727 0.079969 -0.611402
v 0.537301 0.002970 -0.024612
v 0.538502 0.005083 -0.027325
v 0.526676 0.007485 -0.067179
v 0.523683 0.003150 -0.067892
v 0.560282 -0.003367 0.072181
v 0.559198 0.007129 0.072451
v 0.558607 -0.004305 0.105024
v 0.559513 0.004526 0.103860
v 0.547940 -0.001853 0.029753
v 0.529241 0.009907 -0.046685
v 0.531731 0.005927 0.010403
v 0.558716 -0.003871 0.090106
v 0.539903 0.001190 0.045814
v 0.545781 0.010020 0.029365
v 0.519936 0.009243 -0.048859
v 0.522203 0.016880 0.010250
v 0.551281 0.013223 0.088481
v 0.535605 0.018755 0.041859
v -0.543732 0.001669 -0.026249
v -0.540478 0.013643 -0.029959
v -0.537332 0.003783 -0.068191
v -0.531966 0.014410 -0.071454
v -0.568449 0.011057 0.073637
v -0.559505 0.014046 0.072762
v -0.568848 0.015905 0.108661
v -0.552798 0.015331 0.100896
v -0.547742 0.002596 0.029519
v -0.532118 -0.000953 -0.045600
v -0.538537 0.000254 0.014090
v -0.574726 0.012763 0.097623
v -0.545259 0.001246 0.048772
v -0.548476 0.016657 0.026594
v -0.524972 0.021524 -0.048747
v -0.525625 0.022453 0.009173
v -0.552307 0.020892 0.086317
v -0.539054 0.024260 0.042569
v -0.007008 0.556630 -0.097775
v -0.022081 0.495493 -0.109726
v -0.031074 0.569316 -0.093163
v -0.062273 0.530919 -0.122432
v -0.000045 0.552786 -0.100988
v -0.026271 0.554982 -0.103658
v -0.134730 0.270446 -0.011005
v -0.168749 0.236922 0.002231
v -0.163664 0.220373 0.031576
v -0.193831 0.447140 -0.207816
v -0.193530 0.393201 -0.191219
v -0.224271 0.439615 -0.239023
v -0.240734 0.215893 -0.062389
v -0.242052 0.200957 -0.033801
v -0.277435 0.163727 -0.030841
v 0.008077 0.564999 -0.093318
v 0.035321 0.499442 -0.106650
v 0.037930 0.562951 -0.096600
v 0.064151 0.523502 -0.124744
v 0.012458 0.557698 -0.091405
v 0.032151 0.546848 -0.110304
v 0.134171 0.266014 -0.006326
v 0.168923 0.233221 0.007524
v 0.162428 0.215755 0.035604
v 0.196952 0.450811 -0.210159
v 0.196890 0.395277 -0.194246
v 0.226885 0.444125 -0.241373
v 0.239435 0.216748 -0.062842
v 0.241949 0.199338 -0.032885
v 0.278405 0.162880 -0.030782
v -0.119410 -0.614571 0.042146
v -0.140563 -0.588282 0.084195
v -0.162750 -0.723096 -0.051075
v -0.199516 -0.788649 -0.090997
v -0.095695 -0.602416 0.071434
v -0.141161 -0.735391 -0.086077
v -0.269523 -0.479620 0.169414
v -0.296468 -0.433842 0.153498
v -0.292125 -0.441854 0.205643
v -0.367203 -0.594402 -0.183470
v -0.367634 -0.497125 -0.143741
v -0.366145 -0.493353 -0.202831
v -0.350977 -0.327970 0.007158
v -0.344562 -0.326017 0.045179
v -0.353866 -0.260771 0.031469
v 0.113684 -0.608191 0.043281
v 0.137990 -0.582765 0.087104
v 0.165173 -0.725821 -0.052348
v 0.201497 -0.790498 -0.093488
v 0.091148 -0.596216 0.076898
v 0.142292 -0.744979 -0.088523
v 0.270767 -0.481461 0.171517
v 0.295722 -0.435137 0.153102
v 0.292908 -0.442288 0.205153
v 0.367397 -0.594212 -0.184651
v 0.369135 -0.496390 -0.144563
v 0.365217 -0.492120 -0.202850
v 0.352629 -0.324955 0.005011
v 0.346689 -0.323593 0.043985
v 0.355175 -0.258419 0.029577
v -0.033391 -0.572178 0.629956
v 0.036278 -0.569153 0.630320
v -0.239654 -0.566412 0.697116
v -0.240442 -0.463592 0.688528
v 0.000567 -0.566277 0.572342
v -0.291752 -0.522551 0.668616
v 0.237814 -0.564733 0.697027
v 0.240728 -0.463524 0.686185
v 0.293144 -0.523294 0.668167
v 0.096634 -0.208370 0.743845
v 0.144613 -0.237487 0.722872
v -0.095779 -0.208477 0.744431
v -0.142510 -0.237701 0.723459
v 0.144335 -0.175600 0.729916
v -0.142918 -0.175436 0.729006
v -0.007224 0.134171 0.221275
v 0.011005 0.134565 0.221190
v -0.071094 0.093625 0.331372
v -0.086638 0.088377 0.371145
v 0.001900 0.173097 0.155780
v -0.100030 0.092945 0.328526
v 0.071929 0.093719 0.327538
v 0.085416 0.092421 0.366737
v 0.098579 0.095603 0.327068
v 0.058616 0.106055 0.505304
v 0.081985 0.106397 0.481198
v -0.057296 0.107418 0.507146
v -0.082669 0.108988 0.486023
v 0.090472 0.096343 0.517158
v -0.090644 0.092722 0.517306
v -0.017414 -0.332772 -0.339944
v 0.015928 -0.332011 -0.340267
v -0.090860 -0.169405 -0.378375
v -0.086854 -0.103676 -0.390704
v -0.000681 -0.395805 -0.302929
v -0.116243 -0.152330 -0.373828
v 0.090956 -0.167240 -0.379839
v 0.089620 -0.102202 -0.389522
v 0.116417 -0.150903 -0.372794
v 0.039360 -0.027630 -0.473750
v 0.059911 -0.030125 -0.462073
v -0.039529 -0.021220 -0.478196
v -0.059324 -0.023548 -0.461959
v 0.067314 -0.018826 -0.474442
v -0.067558 -0.011529 -0.475663
v -0.033564 0.638585 -0.608425
v 0.036863 0.639574 -0.607197
v -0.203227 0.493480 -0.653519
v -0.211330 0.427998 -0.670195
v 0.001816 0.682629 -0.555333
v -0.238146 0.461074 -0.636319
v 0.204821 0.493270 -0.653936
v 0.212706 0.428967 -0.670775
v 0.238523 0.460669 -0.632429
v 0.114213 0.224952 -0.805788
v 0.168433 0.258215 -0.800666
v -0.114664 0.224701 -0.801659
v -0.168491 0.256449 -0.800426
v 0.174072 0.195274 -0.820137
v -0.173619 0.196322 -0.820440
v 0.371282 0.045175 -0.286874
v 0.363263 0.051365 -0.336954
v 0.485901 0.018387 -0.151646
v 0.504074 0.019037 -0.128173
v 0.350891 0.096809 -0.331911
v 0.501993 0.021464 -0.107767
v 0.365503 0.013432 -0.248247
v 0.350072 0.013081 -0.282164
v 0.465331 0.015787 -0.147516
v 0.488373 0.009627 -0.130582
v 0.326690 -0.007594 -0.258958
v 0.479509 0.014415 -0.106576
v 0.356015 0.028200 -0.401091
v 0.363108 0.034482 -0.417278
v 0.341647 0.031923 -0.445829
v 0.415450 0.008867 0.257930
v 0.393021 0.014999 0.290923
v 0.513014 0.012121 0.167372
v 0.532255 0.001610 0.151656
v 0.372529 0.023985 0.273138
v 0.527426 0.005386 0.139202
v 0.392961 -0.044518 0.266274
v 0.382325 -0.057642 0.309306
v 0.510424 0.024421 0.159669
v 0.530190 0.021093 0.146775
v 0.371085 -0.091490 0.308717
v 0.521290 0.028421 0.134260
v 0.367344 -0.020862 0.391849
v 0.364795 -0.006185 0.385730
v 0.339694 -0.015586 0.424646
v -0.384813 0.043943 -0.293447
v -0.372371 0.047865 -0.342068
v -0.480172 0.024119 -0.151101
v -0.514589 0.019149 -0.131652
v -0.355539 0.090057 -0.333029
v -0.494547 0.019666 -0.107637
v -0.360549 0.009083 -0.248246
v -0.348435 0.010049 -0.282830
v -0.463712 0.021308 -0.146960
v -0.495268 0.019633 -0.130159
v -0.323839 -0.009778 -0.258111
v -0.484343 0.022807 -0.110425
v -0.359408 0.027402 -0.400874
v -0.362064 0.032631 -0.415715
v -0.343419 0.031668 -0.444216
v -0.416273 0.014272 0.259725
v -0.395541 0.016750 0.290858
v -0.518730 0.011990 0.165020
v -0.541305 0.009667 0.147656
v -0.379078 0.023388 0.274398
v -0.534554 0.004646 0.135497
v -0.391385 -0.047336 0.268749
v -0.380895 -0.060617 0.311344
v -0.502390 0.014914 0.158684
v -0.536917 0.021367 0.144118
v -0.369416 -0.094365 0.306236
v -0.526569 0.032691 0.132259
v -0.367902 -0.021191 0.392346
v -0.369490 -0.002594 0.384964
v -0.337893 -0.016106 0.423015
v 0.003794 0.509769 -0.111538
v -0.005113 0.507641 -0.115500
v 0.004966 0.426690 -0.092910
v 0.008926 0.513587 -0.169435
v -0.008720 0.510848 -0.169154
v -0.000275 0.580235 -0.256673
v -0.208045 0.109089 0.196156
v -0.196133 0.098289 0.240044
v -0.235744 0.088498 0.237190
v -0.293701 0.427318 -0.399137
v -0.288186 0.414459 -0.453898
v -0.276431 0.344997 -0.409845
v -0.462168 0.021344 0.019847
v -0.494922 0.014008 0.007161
v -0.499540 0.008257 0.039159
v 0.212537 0.107773 0.198244
v 0.199964 0.098023 0.242952
v 0.241281 0.086081 0.239014
v 0.292777 0.428769 -0.396382
v 0.290781 0.415671 -0.449958
v 0.274163 0.346346 -0.406486
v 0.456593 0.028196 0.021717
v 0.492583 0.020942 0.008536
v 0.493857 0.016869 0.041045
v -0.019070 -0.590525 0.173580
v 0.008366 -0.590889 0.173042
v -0.001594 -0.579849 0.253335
v -0.018387 -0.620177 -0.121091
v 0.024557 -0.620327 -0.123001
v 0.001816 -0.595553 -0.156175
v -0.327455 -0.378609 0.369141
v -0.329081 -0.386726 0.430653
v -0.336342 -0.316943 0.383572
v -0.280148 -0.238679 -0.276278
v -0.243228 -0.203147 -0.297144
v -0.265521 -0.169031 -0.274509
v -0.408470 -0.011437 0.042634
v -0.451433 0.010064 0.017794
v -0.456864 0.007838 0.050588
v 0.326483 -0.375793 0.368883
v 0.326583 -0.388867 0.429977
v 0.336154 -0.318114 0.380970
v 0.281428 -0.236682 -0.274553
v 0.243215 -0.202822 -0.297195
v 0.266497 -0.167433 -0.272114
v 0.408620 -0.009930 0.041868
v 0.451029 0.011798 0.018010
v 0.455488 0.006122 0.050743
v 0.199703 -0.022586 0.615544
v 0.185788 0.010053 0.582474
v 0.223887 -0.010681 0.566666
v -0.196956 -0.021836 0.619056
v -0.183763 0.008112 0.582134
v -0.222397 -0.011221 0.568115
v 0.188387 0.017009 -0.579261
v 0.214852 0.037110 -0.641294
v 0.235538 0.034793 -0.583756
v -0.189684 0.016508 -0.580473
v -0.217976 0.033905 -0.644079
v -0.234843 0.032970 -0.581546
f 1 647 644
f 1 644 643
f 1 643 645
f 1 645 646
f 1 646 647
f 2 649 652
f 6 672 670
f 12 702 699
f 11 696 695
f 8 679 681
f 4 662 659
f 4 659 658
f 4 658 660
f 4 660 661
f 4 661 662
f 5 666 665
f 3 654 657
f 7 673 677
f 9 685 686
f 10 692 688
f 12 701 698
f 6 669 668
f 2 650 648
f 8 682 678
f 11 697 693
f 6 671 669
f 12 700 701
f 11 694 697
f 8 680 682
f 2 651 650
f 10 690 689
f 5 663 664
f 3 655 653
f 7 676 674
f 9 687 684
f 10 691 690
f 5 667 663
f 3 656 655
f 7 675 676
f 9 683 687
f 6 668 672
f 2 648 649
f 8 678 679
f 11 693 696
f 12 698 702
f 10 688 691
f 5 665 667
f 3 657 656
f 7 677 675
f 9 686 683
f 5 664 666
f 3 653 654
f 7 674 673
f 9 684 685
f 10 689 692
f 6 670 671
f 12 699 700
f 11 695 694
f 8 681 680
f 2 652 651
f 35 837 838
f 18 735 736
f 19 742 741
f 40 868 867
f 42 880 879
f 34 832 831
f 33 827 828
f 25 778 780
f 36 844 846
f 20 749 747
f 32 819 820
f 23 765 767
f 24 773 771
f 37 850 849
f 41 876 875
f 34 833 834
f 33 826 825
f 25 779 777
f 36 845 843
f 20 748 750
f 17 729 727
f 14 711 709
f 13 706 703
f 15 718 715
f 16 724 721
f 18 737 733
f 35 839 835
f 42 882 878
f 40 870 866
f 19 744 740
f 30 807 805
f 27 789 787
f 22 762 758
f 28 797 793
f 29 802 799
f 32 821 817
f 23 766 763
f 24 774 770
f 37 852 848
f 41 874 872
f 35 838 836
f 18 736 734
f 19 741 739
f 40 867 865
f 42 879 877
f 34 831 829
f 33 828 824
f 25 780 776
f 36 846 842
f 20 747 745
f 32 820 818
f 23 767 764
f 24 771 769
f 37 849 847
f 41 875 871
f 34 834 830
f 33 825 823
f 25 777 775
f 36 843 841
f 20 750 746
f 14 714 710
f 13 707 704
f 15 719 716
f 16 725 722
f 17 732 728
f 21 755 752
f 31 814 811
f 26 784 781
f 38 857 853
f 39 862 860
f 27 792 788
f 22 759 757
f 28 796 794
f 29 803 800
f 30 810 806
f 31 815 812
f 26 785 782
f 38 856 854
f 39 863 859
f 21 754 751
f 14 712 714
f 13 705 707
f 15 717 719
f 16 723 725
f 17 730 732
f 21 753 755
f 31 816 814
f 26 786 784
f 38 858 857
f 39 861 862
f 27 791 792
f 22 761 759
f 28 795 796
f 29 801 803
f 30 808 810
f 31 813 815
f 26 783 785
f 38 855 856
f 39 864 863
f 21 756 754
f 14 709 712
f 13 703 705
f 15 715 717
f 16 721 723
f 17 727 730
f 21 751 753
f 31 812 816
f 26 782 786
f 38 854 858
f 39 859 861
f 27 787 791
f 22 758 761
f 28 793 795
f 29 799 801
f 30 805 808
f 31 811 813
f 26 781 783
f 38 853 855
f 39 860 864
f 21 752 756
f 17 728 731
f 14 710 713
f 13 704 708
f 15 716 720
f 16 722 726
f 18 734 738
f 35 836 840
f 42 877 881
f 40 865 869
f 19 739 743
f 30 806 809
f 27 788 790
f 22 757 760
f 28 794 798
f 29 800 804
f 32 818 822
f 23 764 768
f 24 769 772
f 37 847 851
f 41 871 873
f 35 835 837
f 18 733 735
f 19 740 742
f 40 866 868
f 42 878 880
f 34 830 832
f 33 823 827
f 25 775 778
f 36 841 844
f 20 746 749
f 32 817 819
f 23 763 765
f 24 770 773
f 37 848 850
f 41 872 876
f 34 829 833
f 33 824 826
f 25 776 779
f 36 842 845
f 20 745 748
f 17 731 729
f 14 713 711
f 13 708 706
f 15 720 718
f 16 726 724
f 18 738 737
f 35 840 839
f 42 881 882
f 40 869 870
f 19 743 744
f 30 809 807
f 27 790 789
f 22 760 762
f 28 798 797
f 29 804 802
f 32 822 821
f 23 768 766
f 24 772 774
f 37 851 852
f 41 873 874
f 107 1269 1270
f 103 1245 1246
f 104 1252 1251
f 110 1288 1287
f 113 1306 1305
f 118 1336 1335
f 154 1551 1552
f 141 1473 1474
f 162 1599 1600
f 121 1354 1353
f 142 1479 1480
f 129 1401 1402
f 130 1408 1407
f 144 1492 1491
f 146 1504 1503
f 151 1533 1534
f 131 1414 1413
f 136 1444 1443
f 161 1594 1593
f 126 1383 1384
f 116 1323 1324
f 108 1275 1276
f 106 1263 1264
f 112 1299 1300
f 115 1317 1318
f 119 1341 1342
f 156 1564 1563
f 139 1462 1461
f 160 1588 1587
f 120 1347 1348
f 149 1521 1522
f 132 1420 1419
f 128 1395 1396
f 145 1497 1498
f 148 1515 1516
f 155 1557 1558
f 133 1425 1426
f 134 1431 1432
f 157 1570 1569
f 124 1372 1371
f 109 1282 1281
f 105 1258 1257
f 111 1294 1293
f 114 1312 1311
f 117 1330 1329
f 125 1378 1377
f 152 1540 1539
f 137 1449 1450
f 158 1575 1576
f 123 1365 1366
f 143 1486 1485
f 127 1390 1389
f 135 1437 1438
f 147 1510 1509
f 150 1528 1527
f 153 1546 1545
f 140 1468 1467
f 138 1455 1456
f 159 1581 1582
f 122 1359 1360
f 107 1272 1271
f 103 1248 1247
f 104 1253 1254
f 110 1289 1290
f 113 1307 1308
f 118 1337 1338
f 154 1554 1553
f 141 1476 1475
f 162 1602 1601
f 121 1355 1356
f 142 1482 1481
f 129 1404 1403
f 130 1409 1410
f 144 1493 1494
f 146 1505 1506
f 151 1536 1535
f 131 1415 1416
f 136 1445 1446
f 161 1595 1596
f 126 1386 1385
f 47 909 907
f 44 891 889
f 43 886 883
f 45 898 895
f 46 904 901
f 49 922 919
f 72 1060 1057
f 102 1240 1237
f 96 1204 1201
f 79 1102 1099
f 62 999 997
f 59 981 979
f 58 976 973
f 60 988 985
f 61 994 991
f 66 1024 1021
f 54 952 949
f 73 1066 1063
f 85 1138 1135
f 92 1179 1177
f 101 1233 1231
f 69 1041 1039
f 50 927 925
f 82 1119 1117
f 97 1209 1207
f 71 1053 1051
f 100 1228 1225
f 94 1192 1189
f 80 1108 1105
f 51 933 931
f 90 1167 1165
f 63 1005 1003
f 55 957 955
f 76 1083 1081
f 87 1150 1147
f 91 1174 1171
f 67 1029 1027
f 56 963 961
f 75 1077 1075
f 83 1126 1123
f 68 1036 1033
f 48 915 913
f 78 1095 1093
f 93 1185 1183
f 98 1216 1213
f 88 1155 1153
f 65 1018 1015
f 57 970 967
f 77 1090 1087
f 86 1143 1141
f 64 1012 1009
f 53 945 943
f 74 1071 1069
f 84 1131 1129
f 89 1162 1159
f 70 1047 1045
f 99 1221 1219
f 95 1197 1195
f 81 1114 1111
f 52 940 937
f 109 1284 1280
f 105 1260 1256
f 111 1296 1292
f 114 1314 1310
f 117 1332 1328
f 125 1380 1376
f 152 1542 1538
f 137 1451 1447
f 158 1577 1573
f 123 1367 1363
f 143 1488 1484
f 127 1392 1388
f 135 1439 1435
f 147 1512 1508
f 150 1530 1526
f 153 1548 1544
f 140 1470 1466
f 138 1457 1453
f 159 1583 1579
f 122 1361 1357
f 107 1270 1268
f 103 1246 1244
f 104 1251 1249
f 110 1287 1285
f 113 1305 1303
f 118 1335 1333
f 154 1552 1550
f 141 1474 1472
f 162 1600 1598
f 121 1353 1351
f 142 1480 1478
f 129 1402 1400
f 130 1407 1405
f 144 1491 1489
f 146 1503 1501
f 151 1534 1532
f 131 1413 1411
f 136 1443 1441
f 161 1593 1591
f 126 1384 1382
f 116 1324 1322
f 108 1276 1274
f 106 1264 1262
f 112 1300 1298
f 115 1318 1316
f 119 1342 1340
f 156 1563 1561
f 139 1461 1459
f 160 1587 1585
f 120 1348 1346
f 149 1522 1520
f 132 1419 1417
f 128 1396 1394
f 145 1498 1496
f 148 1516 1514
f 155 1558 1556
f 133 1426 1424
f 134 1432 1430
f 157 1569 1567
f 124 1371 1369
f 109 1281 1279
f 105 1257 1255
f 111 1293 1291
f 114 1311 1309
f 117 1329 1327
f 125 1377 1375
f 152 1539 1537
f 137 1450 1448
f 158 1576 1574
f 123 1366 1364
f 143 1485 1483
f 127 1389 1387
f 135 1438 1436
f 147 1509 1507
f 150 1527 1525
f 153 1545 1543
f 140 1467 1465
f 138 1456 1454
f 159 1582 1580
f 122 1360 1358
f 107 1271 1267
f 103 1247 1243
f 104 1254 1250
f 110 1290 1286
f 113 1308 1304
f 118 1338 1334
f 154 1553 1549
f 141 1475 1471
f 162 1601 1597
f 121 1356 1352
f 142 1481 1477
f 129 1403 1399
f 130 1410 1406
f 144 1494 1490
f 146 1506 1502
f 151 1535 1531
f 131 1416 1412
f 136 1446 1442
f 161 1596 1592
f 126 1385 1381
f 44 894 890
f 43 887 884
f 45 899 896
f 46 905 902
f 47 912 908
f 52 941 938
f 70 1050 1046
f 99 1224 1220
f 95 1200 1196
f 81 1115 1112
f 59 984 980
f 58 977 974
f 60 989 986
f 61 995 992
f 62 1002 998
f 65 1019 1016
f 57 971 968
f 77 1091 1088
f 86 1146 1142
f 88 1158 1154
f 98 1217 1214
f 68 1037 1034
f 48 918 914
f 78 1098 1094
f 93 1188 1184
f 69 1044 1040
f 101 1236 1232
f 97 1212 1208
f 82 1122 1118
f 50 930 926
f 89 1163 1160
f 64 1013 1010
f 53 948 944
f 74 1074 1070
f 84 1134 1130
f 90 1170 1166
f 63 1008 1004
f 55 960 956
f 76 1086 1082
f 87 1151 1148
f 72 1061 1058
f 49 923 920
f 79 1103 1100
f 96 1205 1202
f 102 1241 1238
f 91 1175 1172
f 67 1032 1028
f 56 966 962
f 75 1080 1076
f 83 1127 1124
f 66 1025 1022
f 54 953 950
f 73 1067 1064
f 85 1139 1136
f 92 1182 1178
f 71 1056 1052
f 100 1229 1226
f 94 1193 1190
f 80 1109 1106
f 51 936 932
f 116 1325 1321
f 108 1277 1273
f 106 1265 1261
f 112 1301 1297
f 115 1319 1315
f 119 1343 1339
f 156 1566 1562
f 139 1464 1460
f 160 1590 1586
f 120 1349 1345
f 149 1523 1519
f 132 1422 1418
f 128 1397 1393
f 145 1499 1495
f 148 1517 1513
f 155 1559 1555
f 133 1427 1423
f 134 1433 1429
f 157 1572 1568
f 124 1374 1370
f 44 892 894
f 43 885 887
f 45 897 899
f 46 903 905
f 47 910 912
f 52 939 941
f 70 1048 1050
f 99 1222 1224
f 95 1198 1200
f 81 1113 1115
f 59 982 984
f 58 975 977
f 60 987 989
f 61 993 995
f 62 1000 1002
f 65 1017 1019
f 57 969 971
f 77 1089 1091
f 86 1144 1146
f 88 1156 1158
f 98 1215 1217
f 68 1035 1037
f 48 916 918
f 78 1096 1098
f 93 1186 1188
f 69 1042 1044
f 101 1234 1236
f 97 1210 1212
f 82 1120 1122
f 50 928 930
f 89 1161 1163
f 64 1011 1013
f 53 946 948
f 74 1072 1074
f 84 1132 1134
f 90 1168 1170
f 63 1006 1008
f 55 958 960
f 76 1084 1086
f 87 1149 1151
f 72 1059 1061
f 49 921 923
f 79 1101 1103
f 96 1203 1205
f 102 1239 1241
f 91 1173 1175
f 67 1030 1032
f 56 964 966
f 75 1078 1080
f 83 1125 1127
f 66 1023 1025
f 54 951 953
f 73 1065 1067
f 85 1137 1139
f 92 1180 1182
f 71 1054 1056
f 100 1227 1229
f 94 1191 1193
f 80 1107 1109
f 51 934 936
f 116 1326 1325
f 108 1278 1277
f 106 1266 1265
f 112 1302 1301
f 115 1320 1319
f 119 1344 1343
f 156 1565 1566
f 139 1463 1464
f 160 1589 1590
f 120 1350 1349
f 149 1524 1523
f 132 1421 1422
f 128 1398 1397
f 145 1500 1499
f 148 1518 1517
f 155 1560 1559
f 133 1428 1427
f 134 1434 1433
f 157 1571 1572
f 124 1373 1374
f 44 889 892
f 43 883 885
f 45 895 897
f 46 901 903
f 47 907 910
f 52 937 939
f 70 1045 1048
f 99 1219 1222
f 95 1195 1198
f 81 1111 1113
f 59 979 982
f 58 973 975
f 60 985 987
f 61 991 993
f 62 997 1000
f 65 1015 1017
f 57 967 969
f 77 1087 1089
f 86 1141 1144
f 88 1153 1156
f 98 1213 1215
f 68 1033 1035
f 48 913 916
f 78 1093 1096
f 93 1183 1186
f 69 1039 1042
f 101 1231 1234
f 97 1207 1210
f 82 1117 1120
f 50 925 928
f 89 1159 1161
f 64 1009 1011
f 53 943 946
f 74 1069 1072
f 84 1129 1132
f 90 1165 1168
f 63 1003 1006
f 55 955 958
f 76 1081 1084
f 87 1147 1149
f 72 1057 1059
f 49 919 921
f 79 1099 1101
f 96 1201 1203
f 102 1237 1239
f 91 1171 1173
f 67 1027 1030
f 56 961 964
f 75 1075 1078
f 83 1123 1125
f 66 1021 1023
f 54 949 951
f 73 1063 1065
f 85 1135 1137
f 92 1177 1180
f 71 1051 1054
f 100 1225 1227
f 94 1189 1191
f 80 1105 1107
f 51 931 934
f 116 1322 1326
f 108 1274 1278
f 106 1262 1266
f 112 1298 1302
f 115 1316 1320
f 119 1340 1344
f 156 1561 1565
f 139 1459 1463
f 160 1585 1589
f 120 1346 1350
f 149 1520 1524
f 132 1417 1421
f 128 1394 1398
f 145 1496 1500
f 148 1514 1518
f 155 1556 1560
f 133 1424 1428
f 134 1430 1434
f 157 1567 1571
f 124 1369 1373
f 47 908 911
f 44 890 893
f 43 884 888
f 45 896 900
f 46 902 906
f 49 920 924
f 72 1058 1062
f 102 1238 1242
f 96 1202 1206
f 79 1100 1104
f 62 998 1001
f 59 980 983
f 58 974 978
f 60 986 990
f 61 992 996
f 66 1022 1026
f 54 950 954
f 73 1064 1068
f 85 1136 1140
f 92 1178 1181
f 101 1232 1235
f 69 1040 1043
f 50 926 929
f 82 1118 1121
f 97 1208 1211
f 71 1052 1055
f 100 1226 1230
f 94 1190 1194
f 80 1106 1110
f 51 932 935
f 90 1166 1169
f 63 1004 1007
f 55 956 959
f 76 1082 1085
f 87 1148 1152
f 91 1172 1176
f 67 1028 1031
f 56 962 965
f 75 1076 1079
f 83 1124 1128
f 68 1034 1038
f 48 914 917
f 78 1094 1097
f 93 1184 1187
f 98 1214 1218
f 88 1154 1157
f 65 1016 1020
f 57 968 972
f 77 1088 1092
f 86 1142 1145
f 64 1010 1014
f 53 944 947
f 74 1070 1073
f 84 1130 1133
f 89 1160 1164
f 70 1046 1049
f 99 1220 1223
f 95 1196 1199
f 81 1112 1116
f 52 938 942
f 109 1279 1283
f 105 1255 1259
f 111 1291 1295
f 114 1309 1313
f 117 1327 1331
f 125 1375 1379
f 152 1537 1541
f 137 1448 1452
f 158 1574 1578
f 123 1364 1368
f 143 1483 1487
f 127 1387 1391
f 135 1436 1440
f 147 1507 1511
f 150 1525 1529
f 153 1543 1547
f 140 1465 1469
f 138 1454 1458
f 159 1580 1584
f 122 1358 1362
f 107 1267 1269
f 103 1243 1245
f 104 1250 1252
f 110 1286 1288
f 113 1304 1306
f 118 1334 1336
f 154 1549 1551
f 141 1471 1473
f 162 1597 1599
f 121 1352 1354
f 142 1477 1479
f 129 1399 1401
f 130 1406 1408
f 144 1490 1492
f 146 1502 1504
f 151 1531 1533
f 131 1412 1414
f 136 1442 1444
f 161 1592 1594
f 126 1381 1383
f 116 1321 1323
f 108 1273 1275
f 106 1261 1263
f 112 1297 1299
f 115 1315 1317
f 119 1339 1341
f 156 1562 1564
f 139 1460 1462
f 160 1586 1588
f 120 1345 1347
f 149 1519 1521
f 132 1418 1420
f 128 1393 1395
f 145 1495 1497
f 148 1513 1515
f 155 1555 1557
f 133 1423 1425
f 134 1429 1431
f 157 1568 1570
f 124 1370 1372
f 109 1280 1282
f 105 1256 1258
f 111 1292 1294
f 114 1310 1312
f 117 1328 1330
f 125 1376 1378
f 152 1538 1540
f 137 1447 1449
f 158 1573 1575
f 123 1363 1365
f 143 1484 1486
f 127 1388 1390
f 135 1435 1437
f 147 1508 1510
f 150 1526 1528
f 153 1544 1546
f 140 1466 1468
f 138 1453 1455
f 159 1579 1581
f 122 1357 1359
f 107 1268 1272
f 103 1244 1248
f 104 1249 1253
f 110 1285 1289
f 113 1303 1307
f 118 1333 1337
f 154 1550 1554
f 141 1472 1476
f 162 1598 1602
f 121 1351 1355
f 142 1478 1482
f 129 1400 1404
f 130 1405 1409
f 144 1489 1493
f 146 1501 1505
f 151 1532 1536
f 131 1411 1415
f 136 1441 1445
f 161 1591 1595
f 126 1382 1386
f 47 911 909
f 44 893 891
f 43 888 886
f 45 900 898
f 46 906 904
f 49 924 922
f 72 1062 1060
f 102 1242 1240
f 96 1206 1204
f 79 1104 1102
f 62 1001 999
f 59 983 981
f 58 978 976
f 60 990 988
f 61 996 994
f 66 1026 1024
f 54 954 952
f 73 1068 1066
f 85 1140 1138
f 92 1181 1179
f 101 1235 1233
f 69 1043 1041
f 50 929 927
f 82 1121 1119
f 97 1211 1209
f 71 1055 1053
f 100 1230 1228
f 94 1194 1192
f 80 1110 1108
f 51 935 933
f 90 1169 1167
f 63 1007 1005
f 55 959 957
f 76 1085 1083
f 87 1152 1150
f 91 1176 1174
f 67 1031 1029
f 56 965 963
f 75 1079 1077
f 83 1128 1126
f 68 1038 1036
f 48 917 915
f 78 1097 1095
f 93 1187 1185
f 98 1218 1216
f 88 1157 1155
f 65 1020 1018
f 57 972 970
f 77 1092 1090
f 86 1145 1143
f 64 1014 1012
f 53 947 945
f 74 1073 1071
f 84 1133 1131
f 89 1164 1162
f 70 1049 1047
f 99 1223 1221
f 95 1199 1197
f 81 1116 1114
f 52 942 940
f 109 1283 1284
f 105 1259 1260
f 111 1295 1296
f 114 1313 1314
f 117 1331 1332
f 125 1379 1380
f 152 1541 1542
f 137 1452 1451
f 158 1578 1577
f 123 1368 1367
f 143 1487 1488
f 127 1391 1392
f 135 1440 1439
f 147 1511 1512
f 150 1529 1530
f 153 1547 1548
f 140 1469 1470
f 138 1458 1457
f 159 1584 1583
f 122 1362 1361
f 407 1609 1616
f 403 1605 1608
f 404 1611 1606
f 410 1614 1612
f 413 1617 1615
f 422 1631 1624
f 486 1688 1692
f 573 1775 1782
f 561 1763 1765
f 512 1719 1714
f 452 1654 1661
f 448 1650 1653
f 449 1656 1651
f 455 1659 1657
f 458 1662 1660
f 470 1672 1675
f 437 1646 1639
f 494 1706 1696
f 531 1735 1733
f 539 1741 1751
f 568 1770 1779
f 478 1680 1683
f 419 1621 1626
f 509 1711 1721
f 554 1756 1766
f 482 1684 1689
f 576 1780 1778
f 558 1767 1760
f 516 1722 1718
f 425 1627 1629
f 542 1744 1747
f 463 1668 1665
f 434 1636 1641
f 497 1699 1704
f 528 1730 1737
f 546 1748 1750
f 464 1666 1676
f 440 1642 1644
f 500 1705 1702
f 524 1736 1726
f 479 1691 1681
f 418 1623 1620
f 508 1713 1710
f 553 1764 1755
f 569 1781 1771
f 538 1749 1740
f 471 1677 1673
f 443 1645 1647
f 501 1703 1707
f 523 1725 1734
f 467 1674 1669
f 433 1638 1635
f 493 1695 1698
f 527 1732 1729
f 543 1752 1745
f 485 1690 1687
f 572 1777 1774
f 557 1759 1762
f 515 1717 1720
f 428 1630 1632
f 591 2191 2189
f 587 1885 1883
f 588 1901 1903
f 594 2279 2281
f 597 2315 2317
f 600 2171 2173
f 634 2160 2158
f 619 2016 2012
f 639 2214 2210
f 602 1919 1924
f 624 2137 2135
f 608 1978 1973
f 610 1991 1996
f 627 2225 2227
f 630 2302 2304
f 635 2178 2176
f 615 2153 2155
f 617 2009 2014
f 637 2207 2212
f 604 1926 1922
f 416 1857 1864
f 408 1803 1810
f 406 1786 1795
f 412 1822 1831
f 415 1840 1849
f 424 1876 1887
f 492 2182 2193
f 582 2312 2321
f 565 2276 2285
f 514 1898 1907
f 461 2091 2098
f 453 2037 2044
f 451 1952 1961
f 457 2056 2067
f 460 2074 2083
f 475 2128 2139
f 439 1966 1975
f 496 1988 1997
f 533 2222 2231
f 551 2293 2298
f 579 2185 2190
f 483 1879 1884
f 426 1893 1900
f 521 2271 2278
f 566 2307 2314
f 489 2163 2170
f 578 2150 2159
f 560 2006 2015
f 518 2204 2213
f 429 1911 1918
f 547 2131 2136
f 465 1969 1977
f 441 1983 1990
f 504 2217 2224
f 537 2290 2301
f 550 2168 2177
f 476 2145 2152
f 444 2001 2008
f 502 2199 2206
f 526 1916 1925
f 481 1808 1817
f 420 1789 1797
f 510 1825 1833
f 555 1843 1851
f 571 1862 1871
f 540 1933 1941
f 473 2110 2119
f 447 2020 2029
f 507 2236 2247
f 534 2257 2262
f 469 2042 2051
f 435 1947 1954
f 498 2059 2064
f 529 2077 2085
f 545 2096 2105
f 487 2113 2121
f 574 2023 2031
f 562 2239 2244
f 520 2254 2265
f 432 1930 1939
f 589 1818 1814
f 583 1798 1793
f 586 1834 1829
f 593 1852 1847
f 596 1872 1868
f 599 1942 1937
f 633 2120 2124
f 620 2030 2034
f 640 2248 2250
f 603 2263 2261
f 622 2052 2050
f 607 1955 1960
f 612 2065 2063
f 626 2086 2081
f 629 2106 2102
f 631 2122 2117
f 614 2032 2027
f 618 2245 2243
f 641 2266 2268
f 605 1940 1944
f 409 1813 1804
f 405 1792 1785
f 411 1828 1821
f 414 1846 1839
f 417 1867 1858
f 431 1936 1929
f 488 2123 2114
f 575 2033 2024
f 563 2249 2240
f 519 2260 2253
f 454 2049 2038
f 450 1959 1951
f 456 2062 2055
f 459 2080 2073
f 462 2101 2092
f 472 2116 2109
f 446 2026 2019
f 506 2242 2235
f 535 2267 2258
f 541 1943 1934
f 570 1869 1861
f 480 1815 1807
f 421 1799 1790
f 511 1835 1826
f 556 1853 1844
f 484 1889 1880
f 580 2195 2186
f 567 2319 2308
f 522 2283 2272
f 427 1905 1894
f 544 2103 2095
f 468 2046 2041
f 436 1957 1948
f 499 2069 2060
f 530 2087 2078
f 548 2141 2132
f 466 1979 1970
f 442 1993 1984
f 505 2229 2218
f 536 2296 2289
f 491 2188 2181
f 423 1882 1875
f 513 1902 1897
f 564 2280 2275
f 581 2316 2311
f 549 2172 2167
f 477 2157 2146
f 445 2011 2002
f 503 2209 2200
f 525 1923 1915
f 474 2134 2127
f 438 1972 1965
f 495 1995 1987
f 532 2226 2221
f 552 2303 2294
f 490 2175 2164
f 577 2154 2149
f 559 2013 2005
f 517 2211 2203
f 430 1921 1912
f 590 1865 1870
f 584 1811 1816
f 585 1796 1800
f 592 1832 1836
f 595 1850 1854
f 598 1888 1890
f 636 2194 2196
f 621 2322 2320
f 642 2286 2284
f 601 1908 1906
f 623 2099 2104
f 611 2045 2047
f 609 1962 1958
f 625 2068 2070
f 628 2084 2088
f 632 2140 2142
f 613 1976 1980
f 616 1998 1994
f 638 2232 2230
f 606 2299 2297
f 407 2330 2329
f 403 2324 2323
f 404 2325 2326
f 410 2332 2333
f 413 2335 2336
f 422 2344 2345
f 486 2410 2409
f 573 2497 2496
f 561 2486 2485
f 512 2434 2435
f 452 2375 2374
f 448 2369 2368
f 449 2370 2371
f 455 2377 2378
f 458 2380 2381
f 470 2393 2392
f 437 2359 2360
f 494 2415 2416
f 531 2455 2456
f 539 2461 2460
f 568 2489 2488
f 478 2399 2398
f 419 2341 2340
f 509 2431 2430
f 554 2476 2475
f 482 2405 2404
f 576 2500 2501
f 558 2481 2482
f 516 2439 2440
f 425 2348 2347
f 542 2465 2464
f 463 2383 2384
f 434 2356 2355
f 497 2420 2419
f 528 2452 2451
f 546 2471 2470
f 464 2386 2385
f 440 2363 2362
f 500 2422 2423
f 524 2445 2446
f 479 2400 2401
f 418 2338 2339
f 508 2428 2429
f 553 2473 2474
f 569 2490 2491
f 538 2458 2459
f 471 2394 2395
f 443 2366 2365
f 501 2425 2424
f 523 2444 2443
f 467 2389 2390
f 433 2353 2354
f 493 2414 2413
f 527 2449 2450
f 543 2466 2467
f 485 2407 2408
f 572 2494 2495
f 557 2480 2479
f 515 2438 2437
f 428 2351 2350
f 591 2510 2511
f 587 2504 2505
f 588 2508 2507
f 594 2514 2513
f 597 2517 2516
f 600 2520 2519
f 634 2554 2556
f 619 2539 2540
f 639 2560 2561
f 602 2523 2521
f 624 2543 2544
f 608 2527 2529
f 610 2532 2530
f 627 2547 2546
f 630 2550 2549
f 635 2552 2553
f 615 2535 2534
f 617 2538 2536
f 637 2558 2557
f 604 2524 2525
f 167 1607 647
f 164 1603 644
f 163 1604 643
f 165 1610 645
f 166 1613 646
f 169 1622 649
f 192 1686 672
f 222 1773 702
f 216 1761 696
f 199 1712 679
f 182 1652 662
f 179 1648 659
f 178 1649 658
f 180 1655 660
f 181 1658 661
f 186 1670 666
f 174 1637 654
f 193 1694 673
f 205 1731 685
f 212 1739 692
f 221 1768 701
f 189 1678 669
f 170 1619 650
f 202 1709 682
f 217 1754 697
f 191 1682 671
f 220 1776 700
f 214 1758 694
f 200 1716 680
f 171 1625 651
f 210 1742 690
f 183 1663 663
f 175 1634 655
f 196 1697 676
f 207 1728 687
f 211 1746 691
f 187 1664 667
f 176 1640 656
f 195 1700 675
f 203 1724 683
f 188 1679 668
f 168 1618 648
f 198 1708 678
f 213 1753 693
f 218 1769 698
f 208 1738 688
f 185 1671 665
f 177 1643 657
f 197 1701 677
f 206 1723 686
f 184 1667 664
f 173 1633 653
f 194 1693 674
f 204 1727 684
f 209 1743 689
f 190 1685 670
f 219 1772 699
f 215 1757 695
f 201 1715 681
f 172 1628 652
f 357 2187 837
f 255 1881 735
f 262 1899 742
f 388 2277 868
f 400 2313 880
f 352 2169 832
f 347 2156 827
f 298 2010 778
f 364 2208 844
f 269 1917 749
f 339 2133 819
f 285 1971 765
f 293 1989 773
f 370 2223 850
f 396 2300 876
f 353 2174 833
f 346 2151 826
f 299 2007 779
f 365 2205 845
f 268 1920 748
f 249 1855 729
f 231 1801 711
f 226 1784 706
f 238 1820 718
f 244 1838 724
f 257 1874 737
f 359 2180 839
f 402 2310 882
f 390 2274 870
f 264 1896 744
f 327 2089 807
f 309 2035 789
f 282 1950 762
f 317 2054 797
f 322 2072 802
f 341 2126 821
f 286 1964 766
f 294 1986 774
f 372 2220 852
f 394 2291 874
f 358 2183 838
f 256 1877 736
f 261 1891 741
f 387 2269 867
f 399 2305 879
f 351 2161 831
f 348 2148 828
f 300 2004 780
f 366 2202 846
f 267 1909 747
f 340 2129 820
f 287 1967 767
f 291 1981 771
f 369 2215 849
f 395 2288 875
f 354 2166 834
f 345 2143 825
f 297 1999 777
f 363 2197 843
f 270 1914 750
f 234 1806 714
f 227 1787 707
f 239 1823 719
f 245 1841 725
f 252 1860 732
f 275 1931 755
f 334 2108 814
f 304 2018 784
f 377 2234 857
f 382 2255 862
f 312 2040 792
f 279 1945 759
f 316 2057 796
f 323 2075 803
f 330 2094 810
f 335 2111 815
f 305 2021 785
f 376 2237 856
f 383 2252 863
f 274 1928 754
f 232 1812 712
f 225 1791 705
f 237 1827 717
f 243 1845 723
f 250 1866 730
f 273 1935 753
f 336 2118 816
f 306 2028 786
f 378 2246 858
f 381 2259 861
f 311 2048 791
f 281 1953 761
f 315 2061 795
f 321 2079 801
f 328 2100 808
f 333 2115 813
f 303 2025 783
f 375 2241 855
f 384 2264 864
f 276 1938 756
f 229 1802 709
f 223 1783 703
f 235 1819 715
f 241 1837 721
f 247 1856 727
f 271 1927 751
f 332 2112 812
f 302 2022 782
f 374 2238 854
f 379 2251 859
f 307 2036 787
f 278 1949 758
f 313 2053 793
f 319 2071 799
f 325 2090 805
f 331 2107 811
f 301 2017 781
f 373 2233 853
f 380 2256 860
f 272 1932 752
f 248 1859 728
f 230 1805 710
f 224 1788 704
f 236 1824 716
f 242 1842 722
f 254 1878 734
f 356 2184 836
f 397 2306 877
f 385 2270 865
f 259 1892 739
f 326 2093 806
f 308 2039 788
f 277 1946 757
f 314 2058 794
f 320 2076 800
f 338 2130 818
f 284 1968 764
f 289 1982 769
f 367 2216 847
f 391 2287 871
f 355 2179 835
f 253 1873 733
f 260 1895 740
f 386 2273 866
f 398 2309 878
f 350 2165 830
f 343 2144 823
f 295 2000 775
f 361 2198 841
f 266 1913 746
f 337 2125 817
f 283 1963 763
f 290 1985 770
f 368 2219 848
f 392 2292 872
f 349 2162 829
f 344 2147 824
f 296 2003 776
f 362 2201 842
f 265 1910 745
f 251 1863 731
f 233 1809 713
f 228 1794 708
f 240 1830 720
f 246 1848 726
f 258 1886 738
f 360 2192 840
f 401 2318 881
f 389 2282 869
f 263 1904 743
f 329 2097 809
f 310 2043 790
f 280 1956 760
f 318 2066 798
f 324 2082 804
f 342 2138 822
f 288 1974 768
f 292 1992 772
f 371 2228 851
f 393 2295 873
f 409 2331 1269
f 405 2327 1245
f 411 2328 1252
f 414 2334 1288
f 417 2337 1306
f 431 2346 1336
f 488 2412 1551
f 575 2499 1473
f 563 2487 1599
f 519 2436 1354
f 454 2376 1479
f 450 2372 1401
f 456 2373 1408
f 459 2379 1492
f 462 2382 1504
f 472 2396 1533
f 446 2361 1414
f 506 2418 1444
f 535 2457 1594
f 541 2463 1383
f 570 2492 1323
f 480 2402 1275
f 421 2343 1263
f 511 2433 1299
f 556 2478 1317
f 484 2406 1341
f 580 2502 1564
f 567 2484 1462
f 522 2442 1588
f 427 2349 1347
f 544 2468 1521
f 468 2387 1420
f 436 2358 1395
f 499 2421 1497
f 530 2454 1515
f 548 2472 1557
f 466 2388 1425
f 442 2364 1431
f 505 2426 1570
f 536 2448 1372
f 491 2403 1282
f 423 2342 1258
f 513 2432 1294
f 564 2477 1312
f 581 2493 1330
f 549 2462 1378
f 477 2397 1540
f 445 2367 1449
f 503 2427 1575
f 525 2447 1365
f 474 2391 1486
f 438 2357 1390
f 495 2417 1437
f 532 2453 1510
f 552 2469 1528
f 490 2411 1546
f 577 2498 1468
f 559 2483 1455
f 517 2441 1581
f 430 2352 1359
f 590 2509 1272
f 584 2503 1248
f 585 2506 1253
f 592 2512 1289
f 595 2515 1307
f 598 2518 1337
f 636 2555 1554
f 621 2541 1476
f 642 2562 1602
f 601 2522 1355
f 623 2542 1482
f 611 2528 1404
f 609 2531 1409
f 625 2545 1493
f 628 2548 1505
f 632 2551 1536
f 613 2533 1415
f 616 2537 1445
f 638 2559 1595
f 606 2526 1386
f 407 1616 909
f 403 1608 891
f 404 1606 886
f 410 1612 898
f 413 1615 904
f 422 1624 922
f 486 1692 1060
f 573 1782 1240
f 561 1765 1204
f 512 1714 1102
f 452 1661 999
f 448 1653 981
f 449 1651 976
f 455 1657 988
f 458 1660 994
f 470 1675 1024
f 437 1639 952
f 494 1696 1066
f 531 1733 1138
f 539 1751 1179
f 568 1779 1233
f 478 1683 1041
f 419 1626 927
f 509 1721 1119
f 554 1766 1209
f 482 1689 1053
f 576 1778 1228
f 558 1760 1192
f 516 1718 1108
f 425 1629 933
f 542 1747 1167
f 463 1665 1005
f 434 1641 957
f 497 1704 1083
f 528 1737 1150
f 546 1750 1174
f 464 1676 1029
f 440 1644 963
f 500 1702 1077
f 524 1726 1126
f 479 1681 1036
f 418 1620 915
f 508 1710 1095
f 553 1755 1185
f 569 1771 1216
f 538 1740 1155
f 471 1673 1018
f 443 1647 970
f 501 1707 1090
f 523 1734 1143
f 467 1669 1012
f 433 1635 945
f 493 1698 1071
f 527 1729 1131
f 543 1745 1162
f 485 1687 1047
f 572 1774 1221
f 557 1762 1197
f 515 1720 1114
f 428 1632 940
f 591 2189 1284
f 587 1883 1260
f 588 1903 1296
f 594 2281 1314
f 597 2317 1332
f 600 2173 1380
f 634 2158 1542
f 619 2012 1451
f 639 2210 1577
f 602 1924 1367
f 624 2135 1488
f 608 1973 1392
f 610 1996 1439
f 627 2227 1512
f 630 2304 1530
f 635 2176 1548
f 615 2155 1470
f 617 2014 1457
f 637 2212 1583
f 604 1922 1361
f 416 1864 1270
f 408 1810 1246
f 406 1795 1251
f 412 1831 1287
f 415 1849 1305
f 424 1887 1335
f 492 2193 1552
f 582 2321 1474
f 565 2285 1600
f 514 1907 1353
f 461 2098 1480
f 453 2044 1402
f 451 1961 1407
f 457 2067 1491
f 460 2083 1503
f 475 2139 1534
f 439 1975 1413
f 496 1997 1443
f 533 2231 1593
f 551 2298 1384
f 579 2190 1324
f 483 1884 1276
f 426 1900 1264
f 521 2278 1300
f 566 2314 1318
f 489 2170 1342
f 578 2159 1563
f 560 2015 1461
f 518 2213 1587
f 429 1918 1348
f 547 2136 1522
f 465 1977 1419
f 441 1990 1396
f 504 2224 1498
f 537 2301 1516
f 550 2177 1558
f 476 2152 1426
f 444 2008 1432
f 502 2206 1569
f 526 1925 1371
f 481 1817 1281
f 420 1797 1257
f 510 1833 1293
f 555 1851 1311
f 571 1871 1329
f 540 1941 1377
f 473 2119 1539
f 447 2029 1450
f 507 2247 1576
f 534 2262 1366
f 469 2051 1485
f 435 1954 1389
f 498 2064 1438
f 529 2085 1509
f 545 2105 1527
f 487 2121 1545
f 574 2031 1467
f 562 2244 1456
f 520 2265 1582
f 432 1939 1360
f 589 1814 1271
f 583 1793 1247
f 586 1829 1254
f 593 1847 1290
f 596 1868 1308
f 599 1937 1338
f 633 2124 1553
f 620 2034 1475
f 640 2250 1601
f 603 2261 1356
f 622 2050 1481
f 607 1960 1403
f 612 2063 1410
f 626 2081 1494
f 629 2102 1506
f 631 2117 1535
f 614 2027 1416
f 618 2243 1446
f 641 2268 1596
f 605 1944 1385
f 409 1804 894
f 405 1785 887
f 411 1821 899
f 414 1839 905
f 417 1858 912
f 431 1929 941
f 488 2114 1050
f 575 2024 1224
f 563 2240 1200
f 519 2253 1115
f 454 2038 984
f 450 1951 977
f 456 2055 989
f 459 2073 995
f 462 2092 1002
f 472 2109 1019
f 446 2019 971
f 506 2235 1091
f 535 2258 1146
f 541 1934 1158
f 570 1861 1217
f 480 1807 1037
f 421 1790 918
f 511 1826 1098
f 556 1844 1188
f 484 1880 1044
f 580 2186 1236
f 567 2308 1212
f 522 2272 1122
f 427 1894 930
f 544 2095 1163
f 468 2041 1013
f 436 1948 948
f 499 2060 1074
f 530 2078 1134
f 548 2132 1170
f 466 1970 1008
f 442 1984 960
f 505 2218 1086
f 536 2289 1151
f 491 2181 1061
f 423 1875 923
f 513 1897 1103
f 564 2275 1205
f 581 2311 1241
f 549 2167 1175
f 477 2146 1032
f 445 2002 966
f 503 2200 1080
f 525 1915 1127
f 474 2127 1025
f 438 1965 953
f 495 1987 1067
f 532 2221 1139
f 552 2294 1182
f 490 2164 1056
f 577 2149 1229
f 559 2005 1193
f 517 2203 1109
f 430 1912 936
f 590 1870 1325
f 584 1816 1277
f 585 1800 1265
f 592 1836 1301
f 595 1854 1319
f 598 1890 1343
f 636 2196 1566
f 621 2320 1464
f 642 2284 1590
f 601 1906 1349
f 623 2104 1523
f 611 2047 1422
f 609 1958 1397
f 625 2070 1499
f 628 2088 1517
f 632 2142 1559
f 613 1980 1427
f 616 1994 1433
f 638 2230 1572
f 606 2297 1374
f 407 2329 892
f 403 2323 885
f 404 2326 897
f 410 2333 903
f 413 2336 910
f 422 2345 939
f 486 2409 1048
f 573 2496 1222
f 561 2485 1198
f 512 2435 1113
f 452 2374 982
f 448 2368 975
f 449 2371 987
f 455 2378 993
f 458 2381 1000
f 470 2392 1017
f 437 2360 969
f 494 2416 1089
f 531 2456 1144
f 539 2460 1156
f 568 2488 1215
f 478 2398 1035
f 419 2340 916
f 509 2430 1096
f 554 2475 1186
f 482 2404 1042
f 576 2501 1234
f 558 2482 1210
f 516 2440 1120
f 425 2347 928
f 542 2464 1161
f 463 2384 1011
f 434 2355 946
f 497 2419 1072
f 528 2451 1132
f 546 2470 1168
f 464 2385 1006
f 440 2362 958
f 500 2423 1084
f 524 2446 1149
f 479 2401 1059
f 418 2339 921
f 508 2429 1101
f 553 2474 1203
f 569 2491 1239
f 538 2459 1173
f 471 2395 1030
f 443 2365 964
f 501 2424 1078
f 523 2443 1125
f 467 2390 1023
f 433 2354 951
f 493 2413 1065
f 527 2450 1137
f 543 2467 1180
f 485 2408 1054
f 572 2495 1227
f 557 2479 1191
f 515 2437 1107
f 428 2350 934
f 591 2511 1326
f 587 2505 1278
f 588 2507 1266
f 594 2513 1302
f 597 2516 1320
f 600 2519 1344
f 634 2556 1565
f 619 2540 1463
f 639 2561 1589
f 602 2521 1350
f 624 2544 1524
f 608 2529 1421
f 610 2530 1398
f 627 2546 1500
f 630 2549 1518
f 635 2553 1560
f 615 2534 1428
f 617 2536 1434
f 637 2557 1571
f 604 2525 1373
f 164 1609 889
f 163 1605 883
f 165 1611 895
f 166 1614 901
f 167 1617 907
f 172 1631 937
f 190 1688 1045
f 219 1775 1219
f 215 1763 1195
f 201 1719 1111
f 179 1654 979
f 178 1650 973
f 180 1656 985
f 181 1659 991
f 182 1662 997
f 185 1672 1015
f 177 1646 967
f 197 1706 1087
f 206 1735 1141
f 208 1741 1153
f 218 1770 1213
f 188 1680 1033
f 168 1621 913
f 198 1711 1093
f 213 1756 1183
f 189 1684 1039
f 221 1780 1231
f 217 1767 1207
f 202 1722 1117
f 170 1627 925
f 209 1744 1159
f 184 1668 1009
f 173 1636 943
f 194 1699 1069
f 204 1730 1129
f 210 1748 1165
f 183 1666 1003
f 175 1642 955
f 196 1705 1081
f 207 1736 1147
f 192 1691 1057
f 169 1623 919
f 199 1713 1099
f 216 1764 1201
f 222 1781 1237
f 211 1749 1171
f 187 1677 1027
f 176 1645 961
f 195 1703 1075
f 203 1725 1123
f 186 1674 1021
f 174 1638 949
f 193 1695 1063
f 205 1732 1135
f 212 1752 1177
f 191 1690 1051
f 220 1777 1225
f 214 1759 1189
f 200 1717 1105
f 171 1630 931
f 358 2191 1322
f 256 1885 1274
f 261 1901 1262
f 387 2279 1298
f 399 2315 1316
f 351 2171 1340
f 348 2160 1561
f 300 2016 1459
f 366 2214 1585
f 267 1919 1346
f 340 2137 1520
f 287 1978 1417
f 291 1991 1394
f 369 2225 1496
f 395 2302 1514
f 354 2178 1556
f 345 2153 1424
f 297 2009 1430
f 363 2207 1567
f 270 1926 1369
f 247 1857 908
f 229 1803 890
f 223 1786 884
f 235 1822 896
f 241 1840 902
f 253 1876 920
f 355 2182 1058
f 398 2312 1238
f 386 2276 1202
f 260 1898 1100
f 325 2091 998
f 307 2037 980
f 278 1952 974
f 313 2056 986
f 319 2074 992
f 337 2128 1022
f 283 1966 950
f 290 1988 1064
f 368 2222 1136
f 392 2293 1178
f 356 2185 1232
f 254 1879 1040
f 259 1893 926
f 385 2271 1118
f 397 2307 1208
f 349 2163 1052
f 344 2150 1226
f 296 2006 1190
f 362 2204 1106
f 265 1911 932
f 338 2131 1166
f 284 1969 1004
f 289 1983 956
f 367 2217 1082
f 391 2290 1148
f 350 2168 1172
f 343 2145 1028
f 295 2001 962
f 361 2199 1076
f 266 1916 1124
f 230 1808 1034
f 224 1789 914
f 236 1825 1094
f 242 1843 1184
f 248 1862 1214
f 272 1933 1154
f 331 2110 1016
f 301 2020 968
f 373 2236 1088
f 380 2257 1142
f 308 2042 1010
f 277 1947 944
f 314 2059 1070
f 320 2077 1130
f 326 2096 1160
f 332 2113 1046
f 302 2023 1220
f 374 2239 1196
f 379 2254 1112
f 271 1930 938
f 234 1818 1279
f 227 1798 1255
f 239 1834 1291
f 245 1852 1309
f 252 1872 1327
f 275 1942 1375
f 334 2120 1537
f 304 2030 1448
f 377 2248 1574
f 382 2263 1364
f 312 2052 1483
f 279 1955 1387
f 316 2065 1436
f 323 2086 1507
f 330 2106 1525
f 335 2122 1543
f 305 2032 1465
f 376 2245 1454
f 383 2266 1580
f 274 1940 1358
f 232 1813 1267
f 225 1792 1243
f 237 1828 1250
f 243 1846 1286
f 250 1867 1304
f 273 1936 1334
f 336 2123 1549
f 306 2033 1471
f 378 2249 1597
f 381 2260 1352
f 311 2049 1477
f 281 1959 1399
f 315 2062 1406
f 321 2080 1490
f 328 2101 1502
f 333 2116 1531
f 303 2026 1412
f 375 2242 1442
f 384 2267 1592
f 276 1943 1381
f 251 1869 1321
f 233 1815 1273
f 228 1799 1261
f 240 1835 1297
f 246 1853 1315
f 258 1889 1339
f 360 2195 1562
f 401 2319 1460
f 389 2283 1586
f 263 1905 1345
f 329 2103 1519
f 310 2046 1418
f 280 1957 1393
f 318 2069 1495
f 324 2087 1513
f 342 2141 1555
f 288 1979 1423
f 292 1993 1429
f 371 2229 1568
f 393 2296 1370
f 357 2188 1280
f 255 1882 1256
f 262 1902 1292
f 388 2280 1310
f 400 2316 1328
f 352 2172 1376
f 347 2157 1538
f 298 2011 1447
f 364 2209 1573
f 269 1923 1363
f 339 2134 1484
f 285 1972 1388
f 293 1995 1435
f 370 2226 1508
f 396 2303 1526
f 353 2175 1544
f 346 2154 1466
f 299 2013 1453
f 365 2211 1579
f 268 1921 1357
f 249 1865 1268
f 231 1811 1244
f 226 1796 1249
f 238 1832 1285
f 244 1850 1303
f 257 1888 1333
f 359 2194 1550
f 402 2322 1472
f 390 2286 1598
f 264 1908 1351
f 327 2099 1478
f 309 2045 1400
f 282 1962 1405
f 317 2068 1489
f 322 2084 1501
f 341 2140 1532
f 286 1976 1411
f 294 1998 1441
f 372 2232 1591
f 394 2299 1382
f 416 2330 911
f 408 2324 893
f 406 2325 888
f 412 2332 900
f 415 2335 906
f 424 2344 924
f 492 2410 1062
f 582 2497 1242
f 565 2486 1206
f 514 2434 1104
f 461 2375 1001
f 453 2369 983
f 451 2370 978
f 457 2377 990
f 460 2380 996
f 475 2393 1026
f 439 2359 954
f 496 2415 1068
f 533 2455 1140
f 551 2461 1181
f 579 2489 1235
f 483 2399 1043
f 426 2341 929
f 521 2431 1121
f 566 2476 1211
f 489 2405 1055
f 578 2500 1230
f 560 2481 1194
f 518 2439 1110
f 429 2348 935
f 547 2465 1169
f 465 2383 1007
f 441 2356 959
f 504 2420 1085
f 537 2452 1152
f 550 2471 1176
f 476 2386 1031
f 444 2363 965
f 502 2422 1079
f 526 2445 1128
f 481 2400 1038
f 420 2338 917
f 510 2428 1097
f 555 2473 1187
f 571 2490 1218
f 540 2458 1157
f 473 2394 1020
f 447 2366 972
f 507 2425 1092
f 534 2444 1145
f 469 2389 1014
f 435 2353 947
f 498 2414 1073
f 529 2449 1133
f 545 2466 1164
f 487 2407 1049
f 574 2494 1223
f 562 2480 1199
f 520 2438 1116
f 432 2351 942
f 589 2510 1283
f 583 2504 1259
f 586 2508 1295
f 593 2514 1313
f 596 2517 1331
f 599 2520 1379
f 633 2554 1541
f 620 2539 1452
f 640 2560 1578
f 603 2523 1368
f 622 2543 1487
f 607 2527 1391
f 612 2532 1440
f 626 2547 1511
f 629 2550 1529
f 631 2552 1547
f 614 2535 1469
f 618 2538 1458
f 641 2558 1584
f 605 2524 1362
f 164 1607 1609
f 163 1603 1605
f 165 1604 1611
f 166 1610 1614
f 167 1613 1617
f 172 1622 1631
f 190 1686 1688
f 219 1773 1775
f 215 1761 1763
f 201 1712 1719
f 179 1652 1654
f 178 1648 1650
f 180 1649 1656
f 181 1655 1659
f 182 1658 1662
f 185 1670 1672
f 177 1637 1646
f 197 1694 1706
f 206 1731 1735
f 208 1739 1741
f 218 1768 1770
f 188 1678 1680
f 168 1619 1621
f 198 1709 1711
f 213 1754 1756
f 189 1682 1684
f 221 1776 1780
f 217 1758 1767
f 202 1716 1722
f 170 1625 1627
f 209 1742 1744
f 184 1663 1668
f 173 1634 1636
f 194 1697 1699
f 204 1728 1730
f 210 1746 1748
f 183 1664 1666
f 175 1640 1642
f 196 1700 1705
f 207 1724 1736
f 192 1679 1691
f 169 1618 1623
f 199 1708 1713
f 216 1753 1764
f 222 1769 1781
f 211 1738 1749
f 187 1671 1677
f 176 1643 1645
f 195 1701 1703
f 203 1723 1725
f 186 1667 1674
f 174 1633 1638
f 193 1693 1695
f 205 1727 1732
f 212 1743 1752
f 191 1685 1690
f 220 1772 1777
f 214 1757 1759
f 200 1715 1717
f 171 1628 1630
f 358 2187 2191
f 256 1881 1885
f 261 1899 1901
f 387 2277 2279
f 399 2313 2315
f 351 2169 2171
f 348 2156 2160
f 300 2010 2016
f 366 2208 2214
f 267 1917 1919
f 340 2133 2137
f 287 1971 1978
f 291 1989 1991
f 369 2223 2225
f 395 2300 2302
f 354 2174 2178
f 345 2151 2153
f 297 2007 2009
f 363 2205 2207
f 270 1920 1926
f 247 1855 1857
f 229 1801 1803
f 223 1784 1786
f 235 1820 1822
f 241 1838 1840
f 253 1874 1876
f 355 2180 2182
f 398 2310 2312
f 386 2274 2276
f 260 1896 1898
f 325 2089 2091
f 307 2035 2037
f 278 1950 1952
f 313 2054 2056
f 319 2072 2074
f 337 2126 2128
f 283 1964 1966
f 290 1986 1988
f 368 2220 2222
f 392 2291 2293
f 356 2183 2185
f 254 1877 1879
f 259 1891 1893
f 385 2269 2271
f 397 2305 2307
f 349 2161 2163
f 344 2148 2150
f 296 2004 2006
f 362 2202 2204
f 265 1909 1911
f 338 2129 2131
f 284 1967 1969
f 289 1981 1983
f 367 2215 2217
f 391 2288 2290
f 350 2166 2168
f 343 2143 2145
f 295 1999 2001
f 361 2197 2199
f 266 1914 1916
f 230 1806 1808
f 224 1787 1789
f 236 1823 1825
f 242 1841 1843
f 248 1860 1862
f 272 1931 1933
f 331 2108 2110
f 301 2018 2020
f 373 2234 2236
f 380 2255 2257
f 308 2040 2042
f 277 1945 1947
f 314 2057 2059
f 320 2075 2077
f 326 2094 2096
f 332 2111 2113
f 302 2021 2023
f 374 2237 2239
f 379 2252 2254
f 271 1928 1930
f 234 1812 1818
f 227 1791 1798
f 239 1827 1834
f 245 1845 1852
f 252 1866 1872
f 275 1935 1942
f 334 2118 2120
f 304 2028 2030
f 377 2246 2248
f 382 2259 2263
f 312 2048 2052
f 279 1953 1955
f 316 2061 2065
f 323 2079 2086
f 330 2100 2106
f 335 2115 2122
f 305 2025 2032
f 376 2241 2245
f 383 2264 2266
f 274 1938 1940
f 232 1802 1813
f 225 1783 1792
f 237 1819 1828
f 243 1837 1846
f 250 1856 1867
f 273 1927 1936
f 336 2112 2123
f 306 2022 2033
f 378 2238 2249
f 381 2251 2260
f 311 2036 2049
f 281 1949 1959
f 315 2053 2062
f 321 2071 2080
f 328 2090 2101
f 333 2107 2116
f 303 2017 2026
f 375 2233 2242
f 384 2256 2267
f 276 1932 1943
f 251 1859 1869
f 233 1805 1815
f 228 1788 1799
f 240 1824 1835
f 246 1842 1853
f 258 1878 1889
f 360 2184 2195
f 401 2306 2319
f 389 2270 2283
f 263 1892 1905
f 329 2093 2103
f 310 2039 2046
f 280 1946 1957
f 318 2058 2069
f 324 2076 2087
f 342 2130 2141
f 288 1968 1979
f 292 1982 1993
f 371 2216 2229
f 393 2287 2296
f 357 2179 2188
f 255 1873 1882
f 262 1895 1902
f 388 2273 2280
f 400 2309 2316
f 352 2165 2172
f 347 2144 2157
f 298 2000 2011
f 364 2198 2209
f 269 1913 1923
f 339 2125 2134
f 285 1963 1972
f 293 1985 1995
f 370 2219 2226
f 396 2292 2303
f 353 2162 2175
f 346 2147 2154
f 299 2003 2013
f 365 2201 2211
f 268 1910 1921
f 249 1863 1865
f 231 1809 1811
f 226 1794 1796
f 238 1830 1832
f 244 1848 1850
f 257 1886 1888
f 359 2192 2194
f 402 2318 2322
f 390 2282 2286
f 264 1904 1908
f 327 2097 2099
f 309 2043 2045
f 282 1956 1962
f 317 2066 2068
f 322 2082 2084
f 341 2138 2140
f 286 1974 1976
f 294 1992 1998
f 372 2228 2232
f 394 2295 2299
f 416 2331 2330
f 408 2327 2324
f 406 2328 2325
f 412 2334 2332
f 415 2337 2335
f 424 2346 2344
f 492 2412 2410
f 582 2499 2497
f 565 2487 2486
f 514 2436 2434
f 461 2376 2375
f 453 2372 2369
f 451 2373 2370
f 457 2379 2377
f 460 2382 2380
f 475 2396 2393
f 439 2361 2359
f 496 2418 2415
f 533 2457 2455
f 551 2463 2461
f 579 2492 2489
f 483 2402 2399
f 426 2343 2341
f 521 2433 2431
f 566 2478 2476
f 489 2406 2405
f 578 2502 2500
f 560 2484 2481
f 518 2442 2439
f 429 2349 2348
f 547 2468 2465
f 465 2387 2383
f 441 2358 2356
f 504 2421 2420
f 537 2454 2452
f 550 2472 2471
f 476 2388 2386
f 444 2364 2363
f 502 2426 2422
f 526 2448 2445
f 481 2403 2400
f 420 2342 2338
f 510 2432 2428
f 555 2477 2473
f 571 2493 2490
f 540 2462 2458
f 473 2397 2394
f 447 2367 2366
f 507 2427 2425
f 534 2447 2444
f 469 2391 2389
f 435 2357 2353
f 498 2417 2414
f 529 2453 2449
f 545 2469 2466
f 487 2411 2407
f 574 2498 2494
f 562 2483 2480
f 520 2441 2438
f 432 2352 2351
f 589 2509 2510
f 583 2503 2504
f 586 2506 2508
f 593 2512 2514
f 596 2515 2517
f 599 2518 2520
f 633 2555 2554
f 620 2541 2539
f 640 2562 2560
f 603 2522 2523
f 622 2542 2543
f 607 2528 2527
f 612 2531 2532
f 626 2545 2547
f 629 2548 2550
f 631 2551 2552
f 614 2533 2535
f 618 2537 2538
f 641 2559 2558
f 605 2526 2524
f 164 644 1607
f 163 643 1603
f 165 645 1604
f 166 646 1610
f 167 647 1613
f 172 652 1622
f 190 670 1686
f 219 699 1773
f 215 695 1761
f 201 681 1712
f 179 659 1652
f 178 658 1648
f 180 660 1649
f 181 661 1655
f 182 662 1658
f 185 665 1670
f 177 657 1637
f 197 677 1694
f 206 686 1731
f 208 688 1739
f 218 698 1768
f 188 668 1678
f 168 648 1619
f 198 678 1709
f 213 693 1754
f 189 669 1682
f 221 701 1776
f 217 697 1758
f 202 682 1716
f 170 650 1625
f 209 689 1742
f 184 664 1663
f 173 653 1634
f 194 674 1697
f 204 684 1728
f 210 690 1746
f 183 663 1664
f 175 655 1640
f 196 676 1700
f 207 687 1724
f 192 672 1679
f 169 649 1618
f 199 679 1708
f 216 696 1753
f 222 702 1769
f 211 691 1738
f 187 667 1671
f 176 656 1643
f 195 675 1701
f 203 683 1723
f 186 666 1667
f 174 654 1633
f 193 673 1693
f 205 685 1727
f 212 692 1743
f 191 671 1685
f 220 700 1772
f 214 694 1757
f 200 680 1715
f 171 651 1628
f 358 838 2187
f 256 736 1881
f 261 741 1899
f 387 867 2277
f 399 879 2313
f 351 831 2169
f 348 828 2156
f 300 780 2010
f 366 846 2208
f 267 747 1917
f 340 820 2133
f 287 767 1971
f 291 771 1989
f 369 849 2223
f 395 875 2300
f 354 834 2174
f 345 825 2151
f 297 777 2007
f 363 843 2205
f 270 750 1920
f 247 727 1855
f 229 709 1801
f 223 703 1784
f 235 715 1820
f 241 721 1838
f 253 733 1874
f 355 835 2180
f 398 878 2310
f 386 866 2274
f 260 740 1896
f 325 805 2089
f 307 787 2035
f 278 758 1950
f 313 793 2054
f 319 799 2072
f 337 817 2126
f 283 763 1964
f 290 770 1986
f 368 848 2220
f 392 872 2291
f 356 836 2183
f 254 734 1877
f 259 739 1891
f 385 865 2269
f 397 877 2305
f 349 829 2161
f 344 824 2148
f 296 776 2004
f 362 842 2202
f 265 745 1909
f 338 818 2129
f 284 764 1967
f 289 769 1981
f 367 847 2215
f 391 871 2288
f 350 830 2166
f 343 823 2143
f 295 775 1999
f 361 841 2197
f 266 746 1914
f 230 710 1806
f 224 704 1787
f 236 716 1823
f 242 722 1841
f 248 728 1860
f 272 752 1931
f 331 811 2108
f 301 781 2018
f 373 853 2234
f 380 860 2255
f 308 788 2040
f 277 757 1945
f 314 794 2057
f 320 800 2075
f 326 806 2094
f 332 812 2111
f 302 782 2021
f 374 854 2237
f 379 859 2252
f 271 751 1928
f 234 714 1812
f 227 707 1791
f 239 719 1827
f 245 725 1845
f 252 732 1866
f 275 755 1935
f 334 814 2118
f 304 784 2028
f 377 857 2246
f 382 862 2259
f 312 792 2048
f 279 759 1953
f 316 796 2061
f 323 803 2079
f 330 810 2100
f 335 815 2115
f 305 785 2025
f 376 856 2241
f 383 863 2264
f 274 754 1938
f 232 712 1802
f 225 705 1783
f 237 717 1819
f 243 723 1837
f 250 730 1856
f 273 753 1927
f 336 816 2112
f 306 786 2022
f 378 858 2238
f 381 861 2251
f 311 791 2036
f 281 761 1949
f 315 795 2053
f 321 801 2071
f 328 808 2090
f 333 813 2107
f 303 783 2017
f 375 855 2233
f 384 864 2256
f 276 756 1932
f 251 731 1859
f 233 713 1805
f 228 708 1788
f 240 720 1824
f 246 726 1842
f 258 738 1878
f 360 840 2184
f 401 881 2306
f 389 869 2270
f 263 743 1892
f 329 809 2093
f 310 790 2039
f 280 760 1946
f 318 798 2058
f 324 804 2076
f 342 822 2130
f 288 768 1968
f 292 772 1982
f 371 851 2216
f 393 873 2287
f 357 837 2179
f 255 735 1873
f 262 742 1895
f 388 868 2273
f 400 880 2309
f 352 832 2165
f 347 827 2144
f 298 778 2000
f 364 844 2198
f 269 749 1913
f 339 819 2125
f 285 765 1963
f 293 773 1985
f 370 850 2219
f 396 876 2292
f 353 833 2162
f 346 826 2147
f 299 779 2003
f 365 845 2201
f 268 748 1910
f 249 729 1863
f 231 711 1809
f 226 706 1794
f 238 718 1830
f 244 724 1848
f 257 737 1886
f 359 839 2192
f 402 882 2318
f 390 870 2282
f 264 744 1904
f 327 807 2097
f 309 789 2043
f 282 762 1956
f 317 797 2066
f 322 802 2082
f 341 821 2138
f 286 766 1974
f 294 774 1992
f 372 852 2228
f 394 874 2295
f 416 1270 2331
f 408 1246 2327
f 406 1251 2328
f 412 1287 2334
f 415 1305 2337
f 424 1335 2346
f 492 1552 2412
f 582 1474 2499
f 565 1600 2487
f 514 1353 2436
f 461 1480 2376
f 453 1402 2372
f 451 1407 2373
f 457 1491 2379
f 460 1503 2382
f 475 1534 2396
f 439 1413 2361
f 496 1443 2418
f 533 1593 2457
f 551 1384 2463
f 579 1324 2492
f 483 1276 2402
f 426 1264 2343
f 521 1300 2433
f 566 1318 2478
f 489 1342 2406
f 578 1563 2502
f 560 1461 2484
f 518 1587 2442
f 429 1348 2349
f 547 1522 2468
f 465 1419 2387
f 441 1396 2358
f 504 1498 2421
f 537 1516 2454
f 550 1558 2472
f 476 1426 2388
f 444 1432 2364
f 502 1569 2426
f 526 1371 2448
f 481 1281 2403
f 420 1257 2342
f 510 1293 2432
f 555 1311 2477
f 571 1329 2493
f 540 1377 2462
f 473 1539 2397
f 447 1450 2367
f 507 1576 2427
f 534 1366 2447
f 469 1485 2391
f 435 1389 2357
f 498 1438 2417
f 529 1509 2453
f 545 1527 2469
f 487 1545 2411
f 574 1467 2498
f 562 1456 2483
f 520 1582 2441
f 432 1360 2352
f 589 1271 2509
f 583 1247 2503
f 586 1254 2506
f 593 1290 2512
f 596 1308 2515
f 599 1338 2518
f 633 1553 2555
f 620 1475 2541
f 640 1601 2562
f 603 1356 2522
f 622 1481 2542
f 607 1403 2528
f 612 1410 2531
f 626 1494 2545
f 629 1506 2548
f 631 1535 2551
f 614 1416 2533
f 618 1446 2537
f 641 1596 2559
f 605 1385 2526
f 167 907 1616
f 164 889 1608
f 163 883 1606
f 165 895 1612
f 166 901 1615
f 169 919 1624
f 192 1057 1692
f 222 1237 1782
f 216 1201 1765
f 199 1099 1714
f 182 997 1661
f 179 979 1653
f 178 973 1651
f 180 985 1657
f 181 991 1660
f 186 1021 1675
f 174 949 1639
f 193 1063 1696
f 205 1135 1733
f 212 1177 1751
f 221 1231 1779
f 189 1039 1683
f 170 925 1626
f 202 1117 1721
f 217 1207 1766
f 191 1051 1689
f 220 1225 1778
f 214 1189 1760
f 200 1105 1718
f 171 931 1629
f 210 1165 1747
f 183 1003 1665
f 175 955 1641
f 196 1081 1704
f 207 1147 1737
f 211 1171 1750
f 187 1027 1676
f 176 961 1644
f 195 1075 1702
f 203 1123 1726
f 188 1033 1681
f 168 913 1620
f 198 1093 1710
f 213 1183 1755
f 218 1213 1771
f 208 1153 1740
f 185 1015 1673
f 177 967 1647
f 197 1087 1707
f 206 1141 1734
f 184 1009 1669
f 173 943 1635
f 194 1069 1698
f 204 1129 1729
f 209 1159 1745
f 190 1045 1687
f 219 1219 1774
f 215 1195 1762
f 201 1111 1720
f 172 937 1632
f 357 1280 2189
f 255 1256 1883
f 262 1292 1903
f 388 1310 2281
f 400 1328 2317
f 352 1376 2173
f 347 1538 2158
f 298 1447 2012
f 364 1573 2210
f 269 1363 1924
f 339 1484 2135
f 285 1388 1973
f 293 1435 1996
f 370 1508 2227
f 396 1526 2304
f 353 1544 2176
f 346 1466 2155
f 299 1453 2014
f 365 1579 2212
f 268 1357 1922
f 249 1268 1864
f 231 1244 1810
f 226 1249 1795
f 238 1285 1831
f 244 1303 1849
f 257 1333 1887
f 359 1550 2193
f 402 1472 2321
f 390 1598 2285
f 264 1351 1907
f 327 1478 2098
f 309 1400 2044
f 282 1405 1961
f 317 1489 2067
f 322 1501 2083
f 341 1532 2139
f 286 1411 1975
f 294 1441 1997
f 372 1591 2231
f 394 1382 2298
f 358 1322 2190
f 256 1274 1884
f 261 1262 1900
f 387 1298 2278
f 399 1316 2314
f 351 1340 2170
f 348 1561 2159
f 300 1459 2015
f 366 1585 2213
f 267 1346 1918
f 340 1520 2136
f 287 1417 1977
f 291 1394 1990
f 369 1496 2224
f 395 1514 2301
f 354 1556 2177
f 345 1424 2152
f 297 1430 2008
f 363 1567 2206
f 270 1369 1925
f 234 1279 1817
f 227 1255 1797
f 239 1291 1833
f 245 1309 1851
f 252 1327 1871
f 275 1375 1941
f 334 1537 2119
f 304 1448 2029
f 377 1574 2247
f 382 1364 2262
f 312 1483 2051
f 279 1387 1954
f 316 1436 2064
f 323 1507 2085
f 330 1525 2105
f 335 1543 2121
f 305 1465 2031
f 376 1454 2244
f 383 1580 2265
f 274 1358 1939
f 232 1267 1814
f 225 1243 1793
f 237 1250 1829
f 243 1286 1847
f 250 1304 1868
f 273 1334 1937
f 336 1549 2124
f 306 1471 2034
f 378 1597 2250
f 381 1352 2261
f 311 1477 2050
f 281 1399 1960
f 315 1406 2063
f 321 1490 2081
f 328 1502 2102
f 333 1531 2117
f 303 1412 2027
f 375 1442 2243
f 384 1592 2268
f 276 1381 1944
f 229 890 1804
f 223 884 1785
f 235 896 1821
f 241 902 1839
f 247 908 1858
f 271 938 1929
f 332 1046 2114
f 302 1220 2024
f 374 1196 2240
f 379 1112 2253
f 307 980 2038
f 278 974 1951
f 313 986 2055
f 319 992 2073
f 325 998 2092
f 331 1016 2109
f 301 968 2019
f 373 1088 2235
f 380 1142 2258
f 272 1154 1934
f 248 1214 1861
f 230 1034 1807
f 224 914 1790
f 236 1094 1826
f 242 1184 1844
f 254 1040 1880
f 356 1232 2186
f 397 1208 2308
f 385 1118 2272
f 259 926 1894
f 326 1160 2095
f 308 1010 2041
f 277 944 1948
f 314 1070 2060
f 320 1130 2078
f 338 1166 2132
f 284 1004 1970
f 289 956 1984
f 367 1082 2218
f 391 1148 2289
f 355 1058 2181
f 253 920 1875
f 260 1100 1897
f 386 1202 2275
f 398 1238 2311
f 350 1172 2167
f 343 1028 2146
f 295 962 2002
f 361 1076 2200
f 266 1124 1915
f 337 1022 2127
f 283 950 1965
f 290 1064 1987
f 368 1136 2221
f 392 1178 2294
f 349 1052 2164
f 344 1226 2149
f 296 1190 2005
f 362 1106 2203
f 265 932 1912
f 251 1321 1870
f 233 1273 1816
f 228 1261 1800
f 240 1297 1836
f 246 1315 1854
f 258 1339 1890
f 360 1562 2196
f 401 1460 2320
f 389 1586 2284
f 263 1345 1906
f 329 1519 2104
f 310 1418 2047
f 280 1393 1958
f 318 1495 2070
f 324 1513 2088
f 342 1555 2142
f 288 1423 1980
f 292 1429 1994
f 371 1568 2230
f 393 1370 2297
f 409 894 2329
f 405 887 2323
f 411 899 2326
f 414 905 2333
f 417 912 2336
f 431 941 2345
f 488 1050 2409
f 575 1224 2496
f 563 1200 2485
f 519 1115 2435
f 454 984 2374
f 450 977 2368
f 456 989 2371
f 459 995 2378
f 462 1002 2381
f 472 1019 2392
f 446 971 2360
f 506 1091 2416
f 535 1146 2456
f 541 1158 2460
f 570 1217 2488
f 480 1037 2398
f 421 918 2340
f 511 1098 2430
f 556 1188 2475
f 484 1044 2404
f 580 1236 2501
f 567 1212 2482
f 522 1122 2440
f 427 930 2347
f 544 1163 2464
f 468 1013 2384
f 436 948 2355
f 499 1074 2419
f 530 1134 2451
f 548 1170 2470
f 466 1008 2385
f 442 960 2362
f 505 1086 2423
f 536 1151 2446
f 491 1061 2401
f 423 923 2339
f 513 1103 2429
f 564 1205 2474
f 581 1241 2491
f 549 1175 2459
f 477 1032 2395
f 445 966 2365
f 503 1080 2424
f 525 1127 2443
f 474 1025 2390
f 438 953 2354
f 495 1067 2413
f 532 1139 2450
f 552 1182 2467
f 490 1056 2408
f 577 1229 2495
f 559 1193 2479
f 517 1109 2437
f 430 936 2350
f 590 1325 2511
f 584 1277 2505
f 585 1265 2507
f 592 1301 2513
f 595 1319 2516
f 598 1343 2519
f 636 1566 2556
f 621 1464 2540
f 642 1590 2561
f 601 1349 2521
f 623 1523 2544
f 611 1422 2529
f 609 1397 2530
f 625 1499 2546
f 628 1517 2549
f 632 1559 2553
f 613 1427 2534
f 616 1433 2536
f 638 1572 2557
f 606 1374 2525
f 407 892 1609
f 403 885 1605
f 404 897 1611
f 410 903 1614
f 413 910 1617
f 422 939 1631
f 486 1048 1688
f 573 1222 1775
f 561 1198 1763
f 512 1113 1719
f 452 982 1654
f 448 975 1650
f 449 987 1656
f 455 993 1659
f 458 1000 1662
f 470 1017 1672
f 437 969 1646
f 494 1089 1706
f 531 1144 1735
f 539 1156 1741
f 568 1215 1770
f 478 1035 1680
f 419 916 1621
f 509 1096 1711
f 554 1186 1756
f 482 1042 1684
f 576 1234 1780
f 558 1210 1767
f 516 1120 1722
f 425 928 1627
f 542 1161 1744
f 463 1011 1668
f 434 946 1636
f 497 1072 1699
f 528 1132 1730
f 546 1168 1748
f 464 1006 1666
f 440 958 1642
f 500 1084 1705
f 524 1149 1736
f 479 1059 1691
f 418 921 1623
f 508 1101 1713
f 553 1203 1764
f 569 1239 1781
f 538 1173 1749
f 471 1030 1677
f 443 964 1645
f 501 1078 1703
f 523 1125 1725
f 467 1023 1674
f 433 951 1638
f 493 1065 1695
f 527 1137 1732
f 543 1180 1752
f 485 1054 1690
f 572 1227 1777
f 557 1191 1759
f 515 1107 1717
f 428 934 1630
f 591 1326 2191
f 587 1278 1885
f 588 1266 1901
f 594 1302 2279
f 597 1320 2315
f 600 1344 2171
f 634 1565 2160
f 619 1463 2016
f 639 1589 2214
f 602 1350 1919
f 624 1524 2137
f 608 1421 1978
f 610 1398 1991
f 627 1500 2225
f 630 1518 2302
f 635 1560 2178
f 615 1428 2153
f 617 1434 2009
f 637 1571 2207
f 604 1373 1926
f 416 911 1857
f 408 893 1803
f 406 888 1786
f 412 900 1822
f 415 906 1840
f 424 924 1876
f 492 1062 2182
f 582 1242 2312
f 565 1206 2276
f 514 1104 1898
f 461 1001 2091
f 453 983 2037
f 451 978 1952
f 457 990 2056
f 460 996 2074
f 475 1026 2128
f 439 954 1966
f 496 1068 1988
f 533 1140 2222
f 551 1181 2293
f 579 1235 2185
f 483 1043 1879
f 426 929 1893
f 521 1121 2271
f 566 1211 2307
f 489 1055 2163
f 578 1230 2150
f 560 1194 2006
f 518 1110 2204
f 429 935 1911
f 547 1169 2131
f 465 1007 1969
f 441 959 1983
f 504 1085 2217
f 537 1152 2290
f 550 1176 2168
f 476 1031 2145
f 444 965 2001
f 502 1079 2199
f 526 1128 1916
f 481 1038 1808
f 420 917 1789
f 510 1097 1825
f 555 1187 1843
f 571 1218 1862
f 540 1157 1933
f 473 1020 2110
f 447 972 2020
f 507 1092 2236
f 534 1145 2257
f 469 1014 2042
f 435 947 1947
f 498 1073 2059
f 529 1133 2077
f 545 1164 2096
f 487 1049 2113
f 574 1223 2023
f 562 1199 2239
f 520 1116 2254
f 432 942 1930
f 589 1283 1818
f 583 1259 1798
f 586 1295 1834
f 593 1313 1852
f 596 1331 1872
f 599 1379 1942
f 633 1541 2120
f 620 1452 2030
f 640 1578 2248
f 603 1368 2263
f 622 1487 2052
f 607 1391 1955
f 612 1440 2065
f 626 1511 2086
f 629 1529 2106
f 631 1547 2122
f 614 1469 2032
f 618 1458 2245
f 641 1584 2266
f 605 1362 1940
f 409 1269 1813
f 405 1245 1792
f 411 1252 1828
f 414 1288 1846
f 417 1306 1867
f 431 1336 1936
f 488 1551 2123
f 575 1473 2033
f 563 1599 2249
f 519 1354 2260
f 454 1479 2049
f 450 1401 1959
f 456 1408 2062
f 459 1492 2080
f 462 1504 2101
f 472 1533 2116
f 446 1414 2026
f 506 1444 2242
f 535 1594 2267
f 541 1383 1943
f 570 1323 1869
f 480 1275 1815
f 421 1263 1799
f 511 1299 1835
f 556 1317 1853
f 484 1341 1889
f 580 1564 2195
f 567 1462 2319
f 522 1588 2283
f 427 1347 1905
f 544 1521 2103
f 468 1420 2046
f 436 1395 1957
f 499 1497 2069
f 530 1515 2087
f 548 1557 2141
f 466 1425 1979
f 442 1431 1993
f 505 1570 2229
f 536 1372 2296
f 491 1282 2188
f 423 1258 1882
f 513 1294 1902
f 564 1312 2280
f 581 1330 2316
f 549 1378 2172
f 477 1540 2157
f 445 1449 2011
f 503 1575 2209
f 525 1365 1923
f 474 1486 2134
f 438 1390 1972
f 495 1437 1995
f 532 1510 2226
f 552 1528 2303
f 490 1546 2175
f 577 1468 2154
f 559 1455 2013
f 517 1581 2211
f 430 1359 1921
f 590 1272 1865
f 584 1248 1811
f 585 1253 1796
f 592 1289 1832
f 595 1307 1850
f 598 1337 1888
f 636 1554 2194
f 621 1476 2322
f 642 1602 2286
f 601 1355 1908
f 623 1482 2099
f 611 1404 2045
f 609 1409 1962
f 625 1493 2068
f 628 1505 2084
f 632 1536 2140
f 613 1415 1976
f 616 1445 1998
f 638 1595 2232
f 606 1386 2299
f 407 909 2330
f 403 891 2324
f 404 886 2325
f 410 898 2332
f 413 904 2335
f 422 922 2344
f 486 1060 2410
f 573 1240 2497
f 561 1204 2486
f 512 1102 2434
f 452 999 2375
f 448 981 2369
f 449 976 2370
f 455 988 2377
f 458 994 2380
f 470 1024 2393
f 437 952 2359
f 494 1066 2415
f 531 1138 2455
f 539 1179 2461
f 568 1233 2489
f 478 1041 2399
f 419 927 2341
f 509 1119 2431
f 554 1209 2476
f 482 1053 2405
f 576 1228 2500
f 558 1192 2481
f 516 1108 2439
f 425 933 2348
f 542 1167 2465
f 463 1005 2383
f 434 957 2356
f 497 1083 2420
f 528 1150 2452
f 546 1174 2471
f 464 1029 2386
f 440 963 2363
f 500 1077 2422
f 524 1126 2445
f 479 1036 2400
f 418 915 2338
f 508 1095 2428
f 553 1185 2473
f 569 1216 2490
f 538 1155 2458
f 471 1018 2394
f 443 970 2366
f 501 1090 2425
f 523 1143 2444
f 467 1012 2389
f 433 945 2353
f 493 1071 2414
f 527 1131 2449
f 543 1162 2466
f 485 1047 2407
f 572 1221 2494
f 557 1197 2480
f 515 1114 2438
f 428 940 2351
f 591 1284 2510
f 587 1260 2504
f 588 1296 2508
f 594 1314 2514
f 597 1332 2517
f 600 1380 2520
f 634 1542 2554
f 619 1451 2539
f 639 1577 2560
f 602 1367 2523
f 624 1488 2543
f 608 1392 2527
f 610 1439 2532
f 627 1512 2547
f 630 1530 2550
f 635 1548 2552
f 615 1470 2535
f 617 1457 2538
f 637 1583 2558
f 604 1361 2524
f 167 1616 1607
f 164 1608 1603
f 163 1606 1604
f 165 1612 1610
f 166 1615 1613
f 169 1624 1622
f 192 1692 1686
f 222 1782 1773
f 216 1765 1761
f 199 1714 1712
f 182 1661 1652
f 179 1653 1648
f 178 1651 1649
f 180 1657 1655
f 181 1660 1658
f 186 1675 1670
f 174 1639 1637
f 193 1696 1694
f 205 1733 1731
f 212 1751 1739
f 221 1779 1768
f 189 1683 1678
f 170 1626 1619
f 202 1721 1709
f 217 1766 1754
f 191 1689 1682
f 220 1778 1776
f 214 1760 1758
f 200 1718 1716
f 171 1629 1625
f 210 1747 1742
f 183 1665 1663
f 175 1641 1634
f 196 1704 1697
f 207 1737 1728
f 211 1750 1746
f 187 1676 1664
f 176 1644 1640
f 195 1702 1700
f 203 1726 1724
f 188 1681 1679
f 168 1620 1618
f 198 1710 1708
f 213 1755 1753
f 218 1771 1769
f 208 1740 1738
f 185 1673 1671
f 177 1647 1643
f 197 1707 1701
f 206 1734 1723
f 184 1669 1667
f 173 1635 1633
f 194 1698 1693
f 204 1729 1727
f 209 1745 1743
f 190 1687 1685
f 219 1774 1772
f 215 1762 1757
f 201 1720 1715
f 172 1632 1628
f 357 2189 2187
f 255 1883 1881
f 262 1903 1899
f 388 2281 2277
f 400 2317 2313
f 352 2173 2169
f 347 2158 2156
f 298 2012 2010
f 364 2210 2208
f 269 1924 1917
f 339 2135 2133
f 285 1973 1971
f 293 1996 1989
f 370 2227 2223
f 396 2304 2300
f 353 2176 2174
f 346 2155 2151
f 299 2014 2007
f 365 2212 2205
f 268 1922 1920
f 249 1864 1855
f 231 1810 1801
f 226 1795 1784
f 238 1831 1820
f 244 1849 1838
f 257 1887 1874
f 359 2193 2180
f 402 2321 2310
f 390 2285 2274
f 264 1907 1896
f 327 2098 2089
f 309 2044 2035
f 282 1961 1950
f 317 2067 2054
f 322 2083 2072
f 341 2139 2126
f 286 1975 1964
f 294 1997 1986
f 372 2231 2220
f 394 2298 2291
f 358 2190 2183
f 256 1884 1877
f 261 1900 1891
f 387 2278 2269
f 399 2314 2305
f 351 2170 2161
f 348 2159 2148
f 300 2015 2004
f 366 2213 2202
f 267 1918 1909
f 340 2136 2129
f 287 1977 1967
f 291 1990 1981
f 369 2224 2215
f 395 2301 2288
f 354 2177 2166
f 345 2152 2143
f 297 2008 1999
f 363 2206 2197
f 270 1925 1914
f 234 1817 1806
f 227 1797 1787
f 239 1833 1823
f 245 1851 1841
f 252 1871 1860
f 275 1941 1931
f 334 2119 2108
f 304 2029 2018
f 377 2247 2234
f 382 2262 2255
f 312 2051 2040
f 279 1954 1945
f 316 2064 2057
f 323 2085 2075
f 330 2105 2094
f 335 2121 2111
f 305 2031 2021
f 376 2244 2237
f 383 2265 2252
f 274 1939 1928
f 232 1814 1812
f 225 1793 1791
f 237 1829 1827
f 243 1847 1845
f 250 1868 1866
f 273 1937 1935
f 336 2124 2118
f 306 2034 2028
f 378 2250 2246
f 381 2261 2259
f 311 2050 2048
f 281 1960 1953
f 315 2063 2061
f 321 2081 2079
f 328 2102 2100
f 333 2117 2115
f 303 2027 2025
f 375 2243 2241
f 384 2268 2264
f 276 1944 1938
f 229 1804 1802
f 223 1785 1783
f 235 1821 1819
f 241 1839 1837
f 247 1858 1856
f 271 1929 1927
f 332 2114 2112
f 302 2024 2022
f 374 2240 2238
f 379 2253 2251
f 307 2038 2036
f 278 1951 1949
f 313 2055 2053
f 319 2073 2071
f 325 2092 2090
f 331 2109 2107
f 301 2019 2017
f 373 2235 2233
f 380 2258 2256
f 272 1934 1932
f 248 1861 1859
f 230 1807 1805
f 224 1790 1788
f 236 1826 1824
f 242 1844 1842
f 254 1880 1878
f 356 2186 2184
f 397 2308 2306
f 385 2272 2270
f 259 1894 1892
f 326 2095 2093
f 308 2041 2039
f 277 1948 1946
f 314 2060 2058
f 320 2078 2076
f 338 2132 2130
f 284 1970 1968
f 289 1984 1982
f 367 2218 2216
f 391 2289 2287
f 355 2181 2179
f 253 1875 1873
f 260 1897 1895
f 386 2275 2273
f 398 2311 2309
f 350 2167 2165
f 343 2146 2144
f 295 2002 2000
f 361 2200 2198
f 266 1915 1913
f 337 2127 2125
f 283 1965 1963
f 290 1987 1985
f 368 2221 2219
f 392 2294 2292
f 349 2164 2162
f 344 2149 2147
f 296 2005 2003
f 362 2203 2201
f 265 1912 1910
f 251 1870 1863
f 233 1816 1809
f 228 1800 1794
f 240 1836 1830
f 246 1854 1848
f 258 1890 1886
f 360 2196 2192
f 401 2320 2318
f 389 2284 2282
f 263 1906 1904
f 329 2104 2097
f 310 2047 2043
f 280 1958 1956
f 318 2070 2066
f 324 2088 2082
f 342 2142 2138
f 288 1980 1974
f 292 1994 1992
f 371 2230 2228
f 393 2297 2295
f 409 2329 2331
f 405 2323 2327
f 411 2326 2328
f 414 2333 2334
f 417 2336 2337
f 431 2345 2346
f 488 2409 2412
f 575 2496 2499
f 563 2485 2487
f 519 2435 2436
f 454 2374 2376
f 450 2368 2372
f 456 2371 2373
f 459 2378 2379
f 462 2381 2382
f 472 2392 2396
f 446 2360 2361
f 506 2416 2418
f 535 2456 2457
f 541 2460 2463
f 570 2488 2492
f 480 2398 2402
f 421 2340 2343
f 511 2430 2433
f 556 2475 2478
f 484 2404 2406
f 580 2501 2502
f 567 2482 2484
f 522 2440 2442
f 427 2347 2349
f 544 2464 2468
f 468 2384 2387
f 436 2355 2358
f 499 2419 2421
f 530 2451 2454
f 548 2470 2472
f 466 2385 2388
f 442 2362 2364
f 505 2423 2426
f 536 2446 2448
f 491 2401 2403
f 423 2339 2342
f 513 2429 2432
f 564 2474 2477
f 581 2491 2493
f 549 2459 2462
f 477 2395 2397
f 445 2365 2367
f 503 2424 2427
f 525 2443 2447
f 474 2390 2391
f 438 2354 2357
f 495 2413 2417
f 532 2450 2453
f 552 2467 2469
f 490 2408 2411
f 577 2495 2498
f 559 2479 2483
f 517 2437 2441
f 430 2350 2352
f 590 2511 2509
f 584 2505 2503
f 585 2507 2506
f 592 2513 2512
f 595 2516 2515
f 598 2519 2518
f 636 2556 2555
f 621 2540 2541
f 642 2561 2562
f 601 2521 2522
f 623 2544 2542
f 611 2529 2528
f 609 2530 2531
f 625 2546 2545
f 628 2549 2548
f 632 2553 2551
f 613 2534 2533
f 616 2536 2537
f 638 2557 2559
f 606 2525 2526
f 1607 644 647
f 1603 643 644
f 1604 645 643
f 1610 646 645
f 1613 647 646
f 1622 652 649
f 1686 670 672
f 1773 699 702
f 1761 695 696
f 1712 681 679
f 1652 659 662
f 1648 658 659
f 1649 660 658
f 1655 661 660
f 1658 662 661
f 1670 665 666
f 1637 657 654
f 1694 677 673
f 1731 686 685
f 1739 688 692
f 1768 698 701
f 1678 668 669
f 1619 648 650
f 1709 678 682
f 1754 693 697
f 1682 669 671
f 1776 701 700
f 1758 697 694
f 1716 682 680
f 1625 650 651
f 1742 689 690
f 1663 664 663
f 1634 653 655
f 1697 674 676
f 1728 684 687
f 1746 690 691
f 1664 663 667
f 1640 655 656
f 1700 676 675
f 1724 687 683
f 1679 672 668
f 1618 649 648
f 1708 679 678
f 1753 696 693
f 1769 702 698
f 1738 691 688
f 1671 667 665
f 1643 656 657
f 1701 675 677
f 1723 683 686
f 1667 666 664
f 1633 654 653
f 1693 673 674
f 1727 685 684
f 1743 692 689
f 1685 671 670
f 1772 700 699
f 1757 694 695
f 1715 680 681
f 1628 651 652
f 2187 838 837
f 1881 736 735
f 1899 741 742
f 2277 867 868
f 2313 879 880
f 2169 831 832
f 2156 828 827
f 2010 780 778
f 2208 846 844
f 1917 747 749
f 2133 820 819
f 1971 767 765
f 1989 771 773
f 2223 849 850
f 2300 875 876
f 2174 834 833
f 2151 825 826
f 2007 777 779
f 2205 843 845
f 1920 750 748
f 1855 727 729
f 1801 709 711
f 1784 703 706
f 1820 715 718
f 1838 721 724
f 1874 733 737
f 2180 835 839
f 2310 878 882
f 2274 866 870
f 1896 740 744
f 2089 805 807
f 2035 787 789
f 1950 758 762
f 2054 793 797
f 2072 799 802
f 2126 817 821
f 1964 763 766
f 1986 770 774
f 2220 848 852
f 2291 872 874
f 2183 836 838
f 1877 734 736
f 1891 739 741
f 2269 865 867
f 2305 877 879
f 2161 829 831
f 2148 824 828
f 2004 776 780
f 2202 842 846
f 1909 745 747
f 2129 818 820
f 1967 764 767
f 1981 769 771
f 2215 847 849
f 2288 871 875
f 2166 830 834
f 2143 823 825
f 1999 775 777
f 2197 841 843
f 1914 746 750
f 1806 710 714
f 1787 704 707
f 1823 716 719
f 1841 722 725
f 1860 728 732
f 1931 752 755
f 2108 811 814
f 2018 781 784
f 2234 853 857
f 2255 860 862
f 2040 788 792
f 1945 757 759
f 2057 794 796
f 2075 800 803
f 2094 806 810
f 2111 812 815
f 2021 782 785
f 2237 854 856
f 2252 859 863
f 1928 751 754
f 1812 714 712
f 1791 707 705
f 1827 719 717
f 1845 725 723
f 1866 732 730
f 1935 755 753
f 2118 814 816
f 2028 784 786
f 2246 857 858
f 2259 862 861
f 2048 792 791
f 1953 759 761
f 2061 796 795
f 2079 803 801
f 2100 810 808
f 2115 815 813
f 2025 785 783
f 2241 856 855
f 2264 863 864
f 1938 754 756
f 1802 712 709
f 1783 705 703
f 1819 717 715
f 1837 723 721
f 1856 730 727
f 1927 753 751
f 2112 816 812
f 2022 786 782
f 2238 858 854
f 2251 861 859
f 2036 791 787
f 1949 761 758
f 2053 795 793
f 2071 801 799
f 2090 808 805
f 2107 813 811
f 2017 783 781
f 2233 855 853
f 2256 864 860
f 1932 756 752
f 1859 731 728
f 1805 713 710
f 1788 708 704
f 1824 720 716
f 1842 726 722
f 1878 738 734
f 2184 840 836
f 2306 881 877
f 2270 869 865
f 1892 743 739
f 2093 809 806
f 2039 790 788
f 1946 760 757
f 2058 798 794
f 2076 804 800
f 2130 822 818
f 1968 768 764
f 1982 772 769
f 2216 851 847
f 2287 873 871
f 2179 837 835
f 1873 735 733
f 1895 742 740
f 2273 868 866
f 2309 880 878
f 2165 832 830
f 2144 827 823
f 2000 778 775
f 2198 844 841
f 1913 749 746
f 2125 819 817
f 1963 765 763
f 1985 773 770
f 2219 850 848
f 2292 876 872
f 2162 833 829
f 2147 826 824
f 2003 779 776
f 2201 845 842
f 1910 748 745
f 1863 729 731
f 1809 711 713
f 1794 706 708
f 1830 718 720
f 1848 724 726
f 1886 737 738
f 2192 839 840
f 2318 882 881
f 2282 870 869
f 1904 744 743
f 2097 807 809
f 2043 789 790
f 1956 762 760
f 2066 797 798
f 2082 802 804
f 2138 821 822
f 1974 766 768
f 1992 774 772
f 2228 852 851
f 2295 874 873
f 2331 1270 1269
f 2327 1246 1245
f 2328 1251 1252
f 2334 1287 1288
f 2337 1305 1306
f 2346 1335 1336
f 2412 1552 1551
f 2499 1474 1473
f 2487 1600 1599
f 2436 1353 1354
f 2376 1480 1479
f 2372 1402 1401
f 2373 1407 1408
f 2379 1491 1492
f 2382 1503 1504
f 2396 1534 1533
f 2361 1413 1414
f 2418 1443 1444
f 2457 1593 1594
f 2463 1384 1383
f 2492 1324 1323
f 2402 1276 1275
f 2343 1264 1263
f 2433 1300 1299
f 2478 1318 1317
f 2406 1342 1341
f 2502 1563 1564
f 2484 1461 1462
f 2442 1587 1588
f 2349 1348 1347
f 2468 1522 1521
f 2387 1419 1420
f 2358 1396 1395
f 2421 1498 1497
f 2454 1516 1515
f 2472 1558 1557
f 2388 1426 1425
f 2364 1432 1431
f 2426 1569 1570
f 2448 1371 1372
f 2403 1281 1282
f 2342 1257 1258
f 2432 1293 1294
f 2477 1311 1312
f 2493 1329 1330
f 2462 1377 1378
f 2397 1539 1540
f 2367 1450 1449
f 2427 1576 1575
f 2447 1366 1365
f 2391 1485 1486
f 2357 1389 1390
f 2417 1438 1437
f 2453 1509 1510
f 2469 1527 1528
f 2411 1545 1546
f 2498 1467 1468
f 2483 1456 1455
f 2441 1582 1581
f 2352 1360 1359
f 2509 1271 1272
f 2503 1247 1248
f 2506 1254 1253
f 2512 1290 1289
f 2515 1308 1307
f 2518 1338 1337
f 2555 1553 1554
f 2541 1475 1476
f 2562 1601 1602
f 2522 1356 1355
f 2542 1481 1482
f 2528 1403 1404
f 2531 1410 1409
f 2545 1494 1493
f 2548 1506 1505
f 2551 1535 1536
f 2533 1416 1415
f 2537 1446 1445
f 2559 1596 1595
f 2526 1385 1386
f 1616 907 909
f 1608 889 891
f 1606 883 886
f 1612 895 898
f 1615 901 904
f 1624 919 922
f 1692 1057 1060
f 1782 1237 1240
f 1765 1201 1204
f 1714 1099 1102
f 1661 997 999
f 1653 979 981
f 1651 973 976
f 1657 985 988
f 1660 991 994
f 1675 1021 1024
f 1639 949 952
f 1696 1063 1066
f 1733 1135 1138
f 1751 1177 1179
f 1779 1231 1233
f 1683 1039 1041
f 1626 925 927
f 1721 1117 1119
f 1766 1207 1209
f 1689 1051 1053
f 1778 1225 1228
f 1760 1189 1192
f 1718 1105 1108
f 1629 931 933
f 1747 1165 1167
f 1665 1003 1005
f 1641 955 957
f 1704 1081 1083
f 1737 1147 1150
f 1750 1171 1174
f 1676 1027 1029
f 1644 961 963
f 1702 1075 1077
f 1726 1123 1126
f 1681 1033 1036
f 1620 913 915
f 1710 1093 1095
f 1755 1183 1185
f 1771 1213 1216
f 1740 1153 1155
f 1673 1015 1018
f 1647 967 970
f 1707 1087 1090
f 1734 1141 1143
f 1669 1009 1012
f 1635 943 945
f 1698 1069 1071
f 1729 1129 1131
f 1745 1159 1162
f 1687 1045 1047
f 1774 1219 1221
f 1762 1195 1197
f 1720 1111 1114
f 1632 937 940
f 2189 1280 1284
f 1883 1256 1260
f 1903 1292 1296
f 2281 1310 1314
f 2317 1328 1332
f 2173 1376 1380
f 2158 1538 1542
f 2012 1447 1451
f 2210 1573 1577
f 1924 1363 1367
f 2135 1484 1488
f 1973 1388 1392
f 1996 1435 1439
f 2227 1508 1512
f 2304 1526 1530
f 2176 1544 1548
f 2155 1466 1470
f 2014 1453 1457
f 2212 1579 1583
f 1922 1357 1361
f 1864 1268 1270
f 1810 1244 1246
f 1795 1249 1251
f 1831 1285 1287
f 1849 1303 1305
f 1887 1333 1335
f 2193 1550 1552
f 2321 1472 1474
f 2285 1598 1600
f 1907 1351 1353
f 2098 1478 1480
f 2044 1400 1402
f 1961 1405 1407
f 2067 1489 1491
f 2083 1501 1503
f 2139 1532 1534
f 1975 1411 1413
f 1997 1441 1443
f 2231 1591 1593
f 2298 1382 1384
f 2190 1322 1324
f 1884 1274 1276
f 1900 1262 1264
f 2278 1298 1300
f 2314 1316 1318
f 2170 1340 1342
f 2159 1561 1563
f 2015 1459 1461
f 2213 1585 1587
f 1918 1346 1348
f 2136 1520 1522
f 1977 1417 1419
f 1990 1394 1396
f 2224 1496 1498
f 2301 1514 1516
f 2177 1556 1558
f 2152 1424 1426
f 2008 1430 1432
f 2206 1567 1569
f 1925 1369 1371
f 1817 1279 1281
f 1797 1255 1257
f 1833 1291 1293
f 1851 1309 1311
f 1871 1327 1329
f 1941 1375 1377
f 2119 1537 1539
f 2029 1448 1450
f 2247 1574 1576
f 2262 1364 1366
f 2051 1483 1485
f 1954 1387 1389
f 2064 1436 1438
f 2085 1507 1509
f 2105 1525 1527
f 2121 1543 1545
f 2031 1465 1467
f 2244 1454 1456
f 2265 1580 1582
f 1939 1358 1360
f 1814 1267 1271
f 1793 1243 1247
f 1829 1250 1254
f 1847 1286 1290
f 1868 1304 1308
f 1937 1334 1338
f 2124 1549 1553
f 2034 1471 1475
f 2250 1597 1601
f 2261 1352 1356
f 2050 1477 1481
f 1960 1399 1403
f 2063 1406 1410
f 2081 1490 1494
f 2102 1502 1506
f 2117 1531 1535
f 2027 1412 1416
f 2243 1442 1446
f 2268 1592 1596
f 1944 1381 1385
f 1804 890 894
f 1785 884 887
f 1821 896 899
f 1839 902 905
f 1858 908 912
f 1929 938 941
f 2114 1046 1050
f 2024 1220 1224
f 2240 1196 1200
f 2253 1112 1115
f 2038 980 984
f 1951 974 977
f 2055 986 989
f 2073 992 995
f 2092 998 1002
f 2109 1016 1019
f 2019 968 971
f 2235 1088 1091
f 2258 1142 1146
f 1934 1154 1158
f 1861 1214 1217
f 1807 1034 1037
f 1790 914 918
f 1826 1094 1098
f 1844 1184 1188
f 1880 1040 1044
f 2186 1232 1236
f 2308 1208 1212
f 2272 1118 1122
f 1894 926 930
f 2095 1160 1163
f 2041 1010 1013
f 1948 944 948
f 2060 1070 1074
f 2078 1130 1134
f 2132 1166 1170
f 1970 1004 1008
f 1984 956 960
f 2218 1082 1086
f 2289 1148 1151
f 2181 1058 1061
f 1875 920 923
f 1897 1100 1103
f 2275 1202 1205
f 2311 1238 1241
f 2167 1172 1175
f 2146 1028 1032
f 2002 962 966
f 2200 1076 1080
f 1915 1124 1127
f 2127 1022 1025
f 1965 950 953
f 1987 1064 1067
f 2221 1136 1139
f 2294 1178 1182
f 2164 1052 1056
f 2149 1226 1229
f 2005 1190 1193
f 2203 1106 1109
f 1912 932 936
f 1870 1321 1325
f 1816 1273 1277
f 1800 1261 1265
f 1836 1297 1301
f 1854 1315 1319
f 1890 1339 1343
f 2196 1562 1566
f 2320 1460 1464
f 2284 1586 1590
f 1906 1345 1349
f 2104 1519 1523
f 2047 1418 1422
f 1958 1393 1397
f 2070 1495 1499
f 2088 1513 1517
f 2142 1555 1559
f 1980 1423 1427
f 1994 1429 1433
f 2230 1568 1572
f 2297 1370 1374
f 2329 894 892
f 2323 887 885
f 2326 899 897
f 2333 905 903
f 2336 912 910
f 2345 941 939
f 2409 1050 1048
f 2496 1224 1222
f 2485 1200 1198
f 2435 1115 1113
f 2374 984 982
f 2368 977 975
f 2371 989 987
f 2378 995 993
f 2381 1002 1000
f 2392 1019 1017
f 2360 971 969
f 2416 1091 1089
f 2456 1146 1144
f 2460 1158 1156
f 2488 1217 1215
f 2398 1037 1035
f 2340 918 916
f 2430 1098 1096
f 2475 1188 1186
f 2404 1044 1042
f 2501 1236 1234
f 2482 1212 1210
f 2440 1122 1120
f 2347 930 928
f 2464 1163 1161
f 2384 1013 1011
f 2355 948 946
f 2419 1074 1072
f 2451 1134 1132
f 2470 1170 1168
f 2385 1008 1006
f 2362 960 958
f 2423 1086 1084
f 2446 1151 1149
f 2401 1061 1059
f 2339 923 921
f 2429 1103 1101
f 2474 1205 1203
f 2491 1241 1239
f 2459 1175 1173
f 2395 1032 1030
f 2365 966 964
f 2424 1080 1078
f 2443 1127 1125
f 2390 1025 1023
f 2354 953 951
f 2413 1067 1065
f 2450 1139 1137
f 2467 1182 1180
f 2408 1056 1054
f 2495 1229 1227
f 2479 1193 1191
f 2437 1109 1107
f 2350 936 934
f 2511 1325 1326
f 2505 1277 1278
f 2507 1265 1266
f 2513 1301 1302
f 2516 1319 1320
f 2519 1343 1344
f 2556 1566 1565
f 2540 1464 1463
f 2561 1590 1589
f 2521 1349 1350
f 2544 1523 1524
f 2529 1422 1421
f 2530 1397 1398
f 2546 1499 1500
f 2549 1517 1518
f 2553 1559 1560
f 2534 1427 1428
f 2536 1433 1434
f 2557 1572 1571
f 2525 1374 1373
f 1609 892 889
f 1605 885 883
f 1611 897 895
f 1614 903 901
f 1617 910 907
f 1631 939 937
f 1688 1048 1045
f 1775 1222 1219
f 1763 1198 1195
f 1719 1113 1111
f 1654 982 979
f 1650 975 973
f 1656 987 985
f 1659 993 991
f 1662 1000 997
f 1672 1017 1015
f 1646 969 967
f 1706 1089 1087
f 1735 1144 1141
f 1741 1156 1153
f 1770 1215 1213
f 1680 1035 1033
f 1621 916 913
f 1711 1096 1093
f 1756 1186 1183
f 1684 1042 1039
f 1780 1234 1231
f 1767 1210 1207
f 1722 1120 1117
f 1627 928 925
f 1744 1161 1159
f 1668 1011 1009
f 1636 946 943
f 1699 1072 1069
f 1730 1132 1129
f 1748 1168 1165
f 1666 1006 1003
f 1642 958 955
f 1705 1084 1081
f 1736 1149 1147
f 1691 1059 1057
f 1623 921 919
f 1713 1101 1099
f 1764 1203 1201
f 1781 1239 1237
f 1749 1173 1171
f 1677 1030 1027
f 1645 964 961
f 1703 1078 1075
f 1725 1125 1123
f 1674 1023 1021
f 1638 951 949
f 1695 1065 1063
f 1732 1137 1135
f 1752 1180 1177
f 1690 1054 1051
f 1777 1227 1225
f 1759 1191 1189
f 1717 1107 1105
f 1630 934 931
f 2191 1326 1322
f 1885 1278 1274
f 1901 1266 1262
f 2279 1302 1298
f 2315 1320 1316
f 2171 1344 1340
f 2160 1565 1561
f 2016 1463 1459
f 2214 1589 1585
f 1919 1350 1346
f 2137 1524 1520
f 1978 1421 1417
f 1991 1398 1394
f 2225 1500 1496
f 2302 1518 1514
f 2178 1560 1556
f 2153 1428 1424
f 2009 1434 1430
f 2207 1571 1567
f 1926 1373 1369
f 1857 911 908
f 1803 893 890
f 1786 888 884
f 1822 900 896
f 1840 906 902
f 1876 924 920
f 2182 1062 1058
f 2312 1242 1238
f 2276 1206 1202
f 1898 1104 1100
f 2091 1001 998
f 2037 983 980
f 1952 978 974
f 2056 990 986
f 2074 996 992
f 2128 1026 1022
f 1966 954 950
f 1988 1068 1064
f 2222 1140 1136
f 2293 1181 1178
f 2185 1235 1232
f 1879 1043 1040
f 1893 929 926
f 2271 1121 1118
f 2307 1211 1208
f 2163 1055 1052
f 2150 1230 1226
f 2006 1194 1190
f 2204 1110 1106
f 1911 935 932
f 2131 1169 1166
f 1969 1007 1004
f 1983 959 956
f 2217 1085 1082
f 2290 1152 1148
f 2168 1176 1172
f 2145 1031 1028
f 2001 965 962
f 2199 1079 1076
f 1916 1128 1124
f 1808 1038 1034
f 1789 917 914
f 1825 1097 1094
f 1843 1187 1184
f 1862 1218 1214
f 1933 1157 1154
f 2110 1020 1016
f 2020 972 968
f 2236 1092 1088
f 2257 1145 1142
f 2042 1014 1010
f 1947 947 944
f 2059 1073 1070
f 2077 1133 1130
f 2096 1164 1160
f 2113 1049 1046
f 2023 1223 1220
f 2239 1199 1196
f 2254 1116 1112
f 1930 942 938
f 1818 1283 1279
f 1798 1259 1255
f 1834 1295 1291
f 1852 1313 1309
f 1872 1331 1327
f 1942 1379 1375
f 2120 1541 1537
f 2030 1452 1448
f 2248 1578 1574
f 2263 1368 1364
f 2052 1487 1483
f 1955 1391 1387
f 2065 1440 1436
f 2086 1511 1507
f 2106 1529 1525
f 2122 1547 1543
f 2032 1469 1465
f 2245 1458 1454
f 2266 1584 1580
f 1940 1362 1358
f 1813 1269 1267
f 1792 1245 1243
f 1828 1252 1250
f 1846 1288 1286
f 1867 1306 1304
f 1936 1336 1334
f 2123 1551 1549
f 2033 1473 1471
f 2249 1599 1597
f 2260 1354 1352
f 2049 1479 1477
f 1959 1401 1399
f 2062 1408 1406
f 2080 1492 1490
f 2101 1504 1502
f 2116 1533 1531
f 2026 1414 1412
f 2242 1444 1442
f 2267 1594 1592
f 1943 1383 1381
f 1869 1323 1321
f 1815 1275 1273
f 1799 1263 1261
f 1835 1299 1297
f 1853 1317 1315
f 1889 1341 1339
f 2195 1564 1562
f 2319 1462 1460
f 2283 1588 1586
f 1905 1347 1345
f 2103 1521 1519
f 2046 1420 1418
f 1957 1395 1393
f 2069 1497 1495
f 2087 1515 1513
f 2141 1557 1555
f 1979 1425 1423
f 1993 1431 1429
f 2229 1570 1568
f 2296 1372 1370
f 2188 1282 1280
f 1882 1258 1256
f 1902 1294 1292
f 2280 1312 1310
f 2316 1330 1328
f 2172 1378 1376
f 2157 1540 1538
f 2011 1449 1447
f 2209 1575 1573
f 1923 1365 1363
f 2134 1486 1484
f 1972 1390 1388
f 1995 1437 1435
f 2226 1510 1508
f 2303 1528 1526
f 2175 1546 1544
f 2154 1468 1466
f 2013 1455 1453
f 2211 1581 1579
f 1921 1359 1357
f 1865 1272 1268
f 1811 1248 1244
f 1796 1253 1249
f 1832 1289 1285
f 1850 1307 1303
f 1888 1337 1333
f 2194 1554 1550
f 2322 1476 1472
f 2286 1602 1598
f 1908 1355 1351
f 2099 1482 1478
f 2045 1404 1400
f 1962 1409 1405
f 2068 1493 1489
f 2084 1505 1501
f 2140 1536 1532
f 1976 1415 1411
f 1998 1445 1441
f 2232 1595 1591
f 2299 1386 1382
f 2330 909 911
f 2324 891 893
f 2325 886 888
f 2332 898 900
f 2335 904 906
f 2344 922 924
f 2410 1060 1062
f 2497 1240 1242
f 2486 1204 1206
f 2434 1102 1104
f 2375 999 1001
f 2369 981 983
f 2370 976 978
f 2377 988 990
f 2380 994 996
f 2393 1024 1026
f 2359 952 954
f 2415 1066 1068
f 2455 1138 1140
f 2461 1179 1181
f 2489 1233 1235
f 2399 1041 1043
f 2341 927 929
f 2431 1119 1121
f 2476 1209 1211
f 2405 1053 1055
f 2500 1228 1230
f 2481 1192 1194
f 2439 1108 1110
f 2348 933 935
f 2465 1167 1169
f 2383 1005 1007
f 2356 957 959
f 2420 1083 1085
f 2452 1150 1152
f 2471 1174 1176
f 2386 1029 1031
f 2363 963 965
f 2422 1077 1079
f 2445 1126 1128
f 2400 1036 1038
f 2338 915 917
f 2428 1095 1097
f 2473 1185 1187
f 2490 1216 1218
f 2458 1155 1157
f 2394 1018 1020
f 2366 970 972
f 2425 1090 1092
f 2444 1143 1145
f 2389 1012 1014
f 2353 945 947
f 2414 1071 1073
f 2449 1131 1133
f 2466 1162 1164
f 2407 1047 1049
f 2494 1221 1223
f 2480 1197 1199
f 2438 1114 1116
f 2351 940 942
f 2510 1284 1283
f 2504 1260 1259
f 2508 1296 1295
f 2514 1314 1313
f 2517 1332 1331
f 2520 1380 1379
f 2554 1542 1541
f 2539 1451 1452
f 2560 1577 1578
f 2523 1367 1368
f 2543 1488 1487
f 2527 1392 1391
f 2532 1439 1440
f 2547 1512 1511
f 2550 1530 1529
f 2552 1548 1547
f 2535 1470 1469
f 2538 1457 1458
f 2558 1583 1584
f 2524 1361 1362
f 1607 1616 1609
f 1603 1608 1605
f 1604 1606 1611
f 1610 1612 1614
f 1613 1615 1617
f 1622 1624 1631
f 1686 1692 1688
f 1773 1782 1775
f 1761 1765 1763
f 1712 1714 1719
f 1652 1661 1654
f 1648 1653 1650
f 1649 1651 1656
f 1655 1657 1659
f 1658 1660 1662
f 1670 1675 1672
f 1637 1639 1646
f 1694 1696 1706
f 1731 1733 1735
f 1739 1751 1741
f 1768 1779 1770
f 1678 1683 1680
f 1619 1626 1621
f 1709 1721 1711
f 1754 1766 1756
f 1682 1689 1684
f 1776 1778 1780
f 1758 1760 1767
f 1716 1718 1722
f 1625 1629 1627
f 1742 1747 1744
f 1663 1665 1668
f 1634 1641 1636
f 1697 1704 1699
f 1728 1737 1730
f 1746 1750 1748
f 1664 1676 1666
f 1640 1644 1642
f 1700 1702 1705
f 1724 1726 1736
f 1679 1681 1691
f 1618 1620 1623
f 1708 1710 1713
f 1753 1755 1764
f 1769 1771 1781
f 1738 1740 1749
f 1671 1673 1677
f 1643 1647 1645
f 1701 1707 1703
f 1723 1734 1725
f 1667 1669 1674
f 1633 1635 1638
f 1693 1698 1695
f 1727 1729 1732
f 1743 1745 1752
f 1685 1687 1690
f 1772 1774 1777
f 1757 1762 1759
f 1715 1720 1717
f 1628 1632 1630
f 2187 2189 2191
f 1881 1883 1885
f 1899 1903 1901
f 2277 2281 2279
f 2313 2317 2315
f 2169 2173 2171
f 2156 2158 2160
f 2010 2012 2016
f 2208 2210 2214
f 1917 1924 1919
f 2133 2135 2137
f 1971 1973 1978
f 1989 1996 1991
f 2223 2227 2225
f 2300 2304 2302
f 2174 2176 2178
f 2151 2155 2153
f 2007 2014 2009
f 2205 2212 2207
f 1920 1922 1926
f 1855 1864 1857
f 1801 1810 1803
f 1784 1795 1786
f 1820 1831 1822
f 1838 1849 1840
f 1874 1887 1876
f 2180 2193 2182
f 2310 2321 2312
f 2274 2285 2276
f 1896 1907 1898
f 2089 2098 2091
f 2035 2044 2037
f 1950 1961 1952
f 2054 2067 2056
f 2072 2083 2074
f 2126 2139 2128
f 1964 1975 1966
f 1986 1997 1988
f 2220 2231 2222
f 2291 2298 2293
f 2183 2190 2185
f 1877 1884 1879
f 1891 1900 1893
f 2269 2278 2271
f 2305 2314 2307
f 2161 2170 2163
f 2148 2159 2150
f 2004 2015 2006
f 2202 2213 2204
f 1909 1918 1911
f 2129 2136 2131
f 1967 1977 1969
f 1981 1990 1983
f 2215 2224 2217
f 2288 2301 2290
f 2166 2177 2168
f 2143 2152 2145
f 1999 2008 2001
f 2197 2206 2199
f 1914 1925 1916
f 1806 1817 1808
f 1787 1797 1789
f 1823 1833 1825
f 1841 1851 1843
f 1860 1871 1862
f 1931 1941 1933
f 2108 2119 2110
f 2018 2029 2020
f 2234 2247 2236
f 2255 2262 2257
f 2040 2051 2042
f 1945 1954 1947
f 2057 2064 2059
f 2075 2085 2077
f 2094 2105 2096
f 2111 2121 2113
f 2021 2031 2023
f 2237 2244 2239
f 2252 2265 2254
f 1928 1939 1930
f 1812 1814 1818
f 1791 1793 1798
f 1827 1829 1834
f 1845 1847 1852
f 1866 1868 1872
f 1935 1937 1942
f 2118 2124 2120
f 2028 2034 2030
f 2246 2250 2248
f 2259 2261 2263
f 2048 2050 2052
f 1953 1960 1955
f 2061 2063 2065
f 2079 2081 2086
f 2100 2102 2106
f 2115 2117 2122
f 2025 2027 2032
f 2241 2243 2245
f 2264 2268 2266
f 1938 1944 1940
f 1802 1804 1813
f 1783 1785 1792
f 1819 1821 1828
f 1837 1839 1846
f 1856 1858 1867
f 1927 1929 1936
f 2112 2114 2123
f 2022 2024 2033
f 2238 2240 2249
f 2251 2253 2260
f 2036 2038 2049
f 1949 1951 1959
f 2053 2055 2062
f 2071 2073 2080
f 2090 2092 2101
f 2107 2109 2116
f 2017 2019 2026
f 2233 2235 2242
f 2256 2258 2267
f 1932 1934 1943
f 1859 1861 1869
f 1805 1807 1815
f 1788 1790 1799
f 1824 1826 1835
f 1842 1844 1853
f 1878 1880 1889
f 2184 2186 2195
f 2306 2308 2319
f 2270 2272 2283
f 1892 1894 1905
f 2093 2095 2103
f 2039 2041 2046
f 1946 1948 1957
f 2058 2060 2069
f 2076 2078 2087
f 2130 2132 2141
f 1968 1970 1979
f 1982 1984 1993
f 2216 2218 2229
f 2287 2289 2296
f 2179 2181 2188
f 1873 1875 1882
f 1895 1897 1902
f 2273 2275 2280
f 2309 2311 2316
f 2165 2167 2172
f 2144 2146 2157
f 2000 2002 2011
f 2198 2200 2209
f 1913 1915 1923
f 2125 2127 2134
f 1963 1965 1972
f 1985 1987 1995
f 2219 2221 2226
f 2292 2294 2303
f 2162 2164 2175
f 2147 2149 2154
f 2003 2005 2013
f 2201 2203 2211
f 1910 1912 1921
f 1863 1870 1865
f 1809 1816 1811
f 1794 1800 1796
f 1830 1836 1832
f 1848 1854 1850
f 1886 1890 1888
f 2192 2196 2194
f 2318 2320 2322
f 2282 2284 2286
f 1904 1906 1908
f 2097 2104 2099
f 2043 2047 2045
f 1956 1958 1962
f 2066 2070 2068
f 2082 2088 2084
f 2138 2142 2140
f 1974 1980 1976
f 1992 1994 1998
f 2228 2230 2232
f 2295 2297 2299
f 2331 2329 2330
f 2327 2323 2324
f 2328 2326 2325
f 2334 2333 2332
f 2337 2336 2335
f 2346 2345 2344
f 2412 2409 2410
f 2499 2496 2497
f 2487 2485 2486
f 2436 2435 2434
f 2376 2374 2375
f 2372 2368 2369
f 2373 2371 2370
f 2379 2378 2377
f 2382 2381 2380
f 2396 2392 2393
f 2361 2360 2359
f 2418 2416 2415
f 2457 2456 2455
f 2463 2460 2461
f 2492 2488 2489
f 2402 2398 2399
f 2343 2340 2341
f 2433 2430 2431
f 2478 2475 2476
f 2406 2404 2405
f 2502 2501 2500
f 2484 2482 2481
f 2442 2440 2439
f 2349 2347 2348
f 2468 2464 2465
f 2387 2384 2383
f 2358 2355 2356
f 2421 2419 2420
f 2454 2451 2452
f 2472 2470 2471
f 2388 2385 2386
f 2364 2362 2363
f 2426 2423 2422
f 2448 2446 2445
f 2403 2401 2400
f 2342 2339 2338
f 2432 2429 2428
f 2477 2474 2473
f 2493 2491 2490
f 2462 2459 2458
f 2397 2395 2394
f 2367 2365 2366
f 2427 2424 2425
f 2447 2443 2444
f 2391 2390 2389
f 2357 2354 2353
f 2417 2413 2414
f 2453 2450 2449
f 2469 2467 2466
f 2411 2408 2407
f 2498 2495 2494
f 2483 2479 2480
f 2441 2437 2438
f 2352 2350 2351
f 2509 2511 2510
f 2503 2505 2504
f 2506 2507 2508
f 2512 2513 2514
f 2515 2516 2517
f 2518 2519 2520
f 2555 2556 2554
f 2541 2540 2539
f 2562 2561 2560
f 2522 2521 2523
f 2542 2544 2543
f 2528 2529 2527
f 2531 2530 2532
f 2545 2546 2547
f 2548 2549 2550
f 2551 2553 2552
f 2533 2534 2535
f 2537 2536 2538
f 2559 2557 2558
f 2526 2525 2524