v -0.072672 0.354852 -0.157744
v 0.070438 0.351088 -0.174150
v -0.285331 -0.570610 0.003500
v 0.285437 -0.568396 0.005449
v -0.000237 -0.412810 0.711480
v -0.000469 0.118093 0.401614
v 0.000340 -0.063615 -0.412382
v 0.000850 0.411493 -0.709467
v 0.409393 0.028105 -0.250578
v 0.428275 0.021308 0.244367
v -0.416815 0.018969 -0.256399
v -0.444313 0.036525 0.242194
v -0.003488 0.601743 -0.097783
v -0.046412 0.193955 -0.024210
v -0.202825 0.663770 -0.411941
v -0.273652 0.116107 -0.183544
v -0.325653 0.038595 0.110602
v 0.053145 0.200968 -0.011019
v 0.205056 0.664398 -0.413523
v 0.270098 0.122442 -0.181956
v 0.329300 0.042931 0.115299
v 0.002308 -0.611197 0.005185
v -0.202051 -0.636604 0.417508
v -0.166726 -0.521987 -0.289689
v -0.334331 -0.093545 -0.111410
v -0.341526 -0.144397 0.177814
v 0.199464 -0.637075 0.417741
v 0.167771 -0.521402 -0.289807
v 0.335802 -0.094179 -0.111948
v 0.342513 -0.142191 0.177047
v -0.000475 0.010614 0.682650
v 0.309125 -0.174935 0.546733
v -0.308311 -0.174178 0.546740
v 0.220302 0.038911 0.398996
v -0.219864 0.038470 0.399487
v -0.001214 0.032915 -0.656259
v 0.187864 0.004174 -0.371293
v -0.185609 0.001526 -0.372210
v 0.312015 0.187735 -0.593901
v -0.308020 0.185037 -0.594583
v 0.478915 0.004953 0.026037
v -0.491531 0.042699 0.026143
v -0.016836 0.548005 -0.139943
v -0.043367 0.315407 -0.134621
v -0.124437 0.482748 -0.212240
v -0.156310 0.245763 -0.156464
v -0.163819 0.165880 -0.063744
v 0.015718 0.563999 -0.131741
v 0.049009 0.317231 -0.133842
v 0.128032 0.481303 -0.213910
v 0.157011 0.242043 -0.154528
v 0.165271 0.160760 -0.060322
v -0.162457 -0.639279 -0.004006
v -0.215054 -0.526227 0.147138
v -0.318543 -0.754419 -0.157213
v -0.359395 -0.399594 -0.068746
v -0.311245 -0.365669 0.094477
v 0.162974 -0.641066 -0.002806
v 0.214221 -0.528229 0.147424
v 0.319351 -0.753745 -0.156211
v 0.358326 -0.397851 -0.067964
v 0.310937 -0.365076 0.096131
v -0.126970 -0.634060 0.677685
v 0.130196 -0.635703 0.682463
v 0.000621 -0.211555 0.770365
v 0.194507 -0.336708 0.700337
v -0.191397 -0.336996 0.696860
v -0.046945 0.135130 0.257378
v 0.046605 0.132668 0.256709
v 0.000430 0.102325 0.523797
v 0.096250 0.104824 0.418712
v -0.095669 0.105440 0.423228
v -0.060273 -0.252053 -0.371314
v 0.059673 -0.249632 -0.369338
v 0.000308 0.032172 -0.452903
v 0.076289 -0.030893 -0.398683
v -0.076789 -0.031007 -0.401247
v -0.127460 0.592845 -0.623851
v 0.129616 0.595386 -0.623446
v 0.001557 0.204692 -0.784924
v 0.197586 0.329550 -0.733513
v -0.195876 0.330135 -0.735983
v 0.384157 0.035511 -0.230366
v 0.356756 0.047718 -0.167564
v 0.296848 0.045557 -0.313220
v 0.338165 0.064511 -0.389240
v 0.452333 0.019080 -0.113040
v 0.427320 -0.004699 0.206068
v 0.399503 0.001298 0.214626
v 0.353030 -0.037012 0.361412
v 0.359635 -0.011027 0.338595
v 0.462328 0.010478 0.137391
v -0.385481 0.026651 -0.226717
v -0.368109 0.039553 -0.176881
v -0.314889 0.059847 -0.326629
v -0.336480 0.063440 -0.389560
v -0.452606 0.018007 -0.114531
v -0.428022 0.014411 0.204840
v -0.402160 -0.000660 0.216594
v -0.354070 -0.036482 0.359953
v -0.359328 -0.011091 0.338259
v -0.484558 0.051612 0.135176
v 0.039040 0.532905 -0.155334
v -0.030207 0.544863 -0.172341
v -0.035067 0.512143 -0.167868
v 0.024218 0.549603 -0.182779
v -0.179909 0.165487 0.094302
v -0.009930 0.219486 -0.059865
v -0.153401 0.111721 0.258930
v -0.313570 0.466994 -0.323340
v 0.000052 0.690720 -0.413481
v -0.273233 0.445159 -0.542621
v -0.314850 0.055098 -0.021653
v -0.279859 0.193353 -0.382127
v -0.448762 0.011359 -0.043283
v -0.290926 0.027271 0.253433
v -0.459534 0.016976 0.088824
v 0.175763 0.152650 0.084579
v 0.152645 0.110931 0.260830
v 0.314292 0.465548 -0.324202
v 0.273560 0.445116 -0.538963
v 0.313332 0.064928 -0.025247
v 0.278021 0.195849 -0.377224
v 0.446766 0.011025 -0.046802
v 0.289067 0.028538 0.254981
v 0.470641 -0.009833 0.089287
v -0.076143 -0.591340 0.165689
v -0.090406 -0.642316 -0.120915
v 0.073327 -0.592326 0.161933
v 0.094351 -0.647811 -0.123047
v -0.292959 -0.394078 0.295551
v -0.000426 -0.603990 0.444636
v -0.322625 -0.473264 0.558079
v -0.332395 -0.361821 -0.251990
v 0.000263 -0.483775 -0.261434
v -0.180549 -0.183078 -0.329257
v -0.345588 -0.111253 0.035860
v -0.260662 -0.045797 -0.245777
v -0.416308 0.037736 -0.033285
v -0.334023 -0.186341 0.351094
v -0.435227 0.020939 0.092747
v 0.291858 -0.394152 0.294720
v 0.322168 -0.473666 0.555670
v 0.333985 -0.360847 -0.252157
v 0.181442 -0.181845 -0.331608
v 0.346180 -0.108390 0.033317
v 0.263106 -0.036618 -0.241455
v 0.407983 0.044258 -0.036358
v 0.333366 -0.186150 0.353541
v 0.426037 0.028734 0.088821
v 0.184111 -0.081670 0.681947
v -0.184240 -0.080886 0.682297
v 0.138875 0.057805 0.558486
v -0.137843 0.057039 0.559460
v 0.268413 -0.028476 0.493132
v -0.267740 -0.028978 0.493735
v 0.118823 0.005243 -0.521714
v -0.120008 0.006282 -0.525291
v 0.206406 0.074909 -0.748832
v -0.207673 0.077519 -0.750380
v 0.256334 0.056909 -0.503062
v -0.257933 0.054709 -0.505577
v -0.043422 0.449200 -0.161446
v -0.057789 0.344052 -0.146126
v -0.087377 0.416038 -0.174220
v -0.108565 0.306292 -0.157282
v -0.099321 0.257929 -0.131793
v 0.044597 0.455443 -0.172724
v 0.052600 0.339143 -0.163701
v 0.090216 0.413831 -0.180941
v 0.113504 0.302444 -0.163536
v 0.094256 0.248565 -0.142893
v -0.236175 -0.629213 0.001884
v -0.245946 -0.542263 0.057751
v -0.313885 -0.673420 -0.048558
v -0.327484 -0.517949 -0.030441
v -0.298856 -0.475178 0.042908
v 0.236743 -0.625578 0.001900
v 0.246509 -0.541716 0.057964
v 0.311942 -0.667282 -0.047356
v 0.330804 -0.517089 -0.027800
v 0.297548 -0.475064 0.044881
v -0.057633 -0.492072 0.695775
v 0.057818 -0.491090 0.696177
v 0.000582 -0.320882 0.732805
v 0.088457 -0.384878 0.713085
v -0.088587 -0.385417 0.713011
v -0.021406 0.119756 0.348301
v 0.023017 0.119385 0.347032
v -0.000584 0.114084 0.457844
v 0.040618 0.114821 0.413707
v -0.041154 0.115358 0.415843
v -0.021991 -0.145199 -0.398773
v 0.022194 -0.143028 -0.398490
v 0.002038 0.013210 -0.424569
v 0.033033 -0.042637 -0.408901
v -0.033147 -0.044910 -0.410084
v -0.053195 0.491510 -0.674794
v 0.056706 0.491926 -0.676123
v 0.000244 0.319212 -0.754802
v 0.088161 0.379430 -0.724607
v -0.087376 0.380484 -0.723430
v 0.413515 0.021318 -0.249218
v 0.390257 0.040640 -0.210904
v 0.359837 0.042232 -0.284127
v 0.381504 0.033254 -0.317397
v 0.432187 0.025753 -0.185950
v 0.435823 0.009550 0.227856
v 0.424251 0.024194 0.228926
v 0.403040 0.009180 0.295127
v 0.412406 0.009886 0.290387
v 0.445642 0.020084 0.192385
v -0.409348 0.011834 -0.241889
v -0.397798 0.032706 -0.220840
v -0.375015 0.037749 -0.295083
v -0.386470 0.019605 -0.320488
v -0.430177 0.018975 -0.193008
v -0.444982 0.026447 0.221124
v -0.434338 0.030793 0.229425
v -0.406953 0.010971 0.295705
v -0.411659 0.012662 0.289208
v -0.464430 0.046622 0.190260
v -0.002583 0.597841 -0.100973
v 0.007374 0.599776 -0.103018
v 0.020716 0.600758 -0.114206
v -0.016631 0.581153 -0.116135
v -0.001721 0.588237 -0.116106
v 0.002341 0.576081 -0.121011
v -0.031371 0.253528 -0.120791
v -0.057266 0.169325 0.126572
v 0.019721 0.316572 -0.168810
v -0.107508 0.184343 0.038824
v -0.012821 0.215553 -0.042753
v -0.107024 0.151597 0.144153
v -0.182093 0.565248 -0.291978
v -0.185896 0.673092 -0.519530
v -0.102865 0.608195 -0.287808
v -0.404235 0.630857 -0.399626
v -0.152705 0.818175 -0.427940
v -0.269251 0.585025 -0.490364
v -0.207969 0.183390 -0.167109
v -0.340162 0.062982 -0.205283
v -0.223457 0.265375 -0.258398
v -0.293638 0.080371 -0.097317
v -0.267046 0.158838 -0.280124
v -0.366462 0.038953 -0.111305
v -0.244865 0.096844 0.027132
v -0.393119 0.003280 0.171478
v -0.248770 0.092624 0.103514
v -0.329001 0.042881 0.045063
v -0.315259 0.029577 0.184682
v -0.409852 0.006360 0.111843
v 0.034225 0.251046 -0.108606
v 0.056173 0.164926 0.122651
v -0.012461 0.318466 -0.150776
v 0.002166 0.202960 -0.055506
v 0.110305 0.196670 0.045776
v 0.107705 0.158144 0.147430
v 0.181783 0.564687 -0.293871
v 0.185800 0.673798 -0.519277
v 0.103369 0.608380 -0.292426
v 0.153631 0.818899 -0.427338
v 0.388579 0.634168 -0.398345
v 0.266156 0.583142 -0.490016
v 0.207591 0.180616 -0.166880
v 0.335344 0.072762 -0.205148
v 0.231234 0.266730 -0.259083
v 0.290069 0.089769 -0.100114
v 0.263909 0.165620 -0.276269
v 0.359176 0.055487 -0.114835
v 0.247129 0.098204 0.031281
v 0.392388 0.004816 0.171181
v 0.246931 0.092583 0.105708
v 0.327711 0.053658 0.043527
v 0.312776 0.036859 0.183956
v 0.404954 0.012568 0.106074
v -0.084563 -0.620497 0.000773
v 0.088141 -0.620737 -0.000655
v -0.037562 -0.603191 0.063550
v -0.050043 -0.608238 -0.045067
v 0.038240 -0.603527 0.063131
v 0.058171 -0.610683 -0.045937
v -0.196028 -0.540959 0.278527
v -0.182985 -0.811254 0.574157
v -0.124951 -0.581583 0.302001
v -0.259867 -0.517586 0.364072
v -0.098758 -0.651327 0.441038
v -0.314693 -0.647071 0.516165
v -0.246405 -0.736300 -0.279441
v -0.109313 -0.370271 -0.321340
v -0.114410 -0.658107 -0.229145
v -0.266388 -0.482066 -0.294171
v -0.078194 -0.498476 -0.269268
v -0.184244 -0.343409 -0.315044
v -0.364677 -0.242976 -0.094636
v -0.331355 0.018249 -0.132792
v -0.339670 -0.225283 -0.178683
v -0.346389 -0.103970 -0.036686
v -0.303943 -0.075467 -0.181569
v -0.347723 0.014048 -0.061559
v -0.324027 -0.251130 0.142885
v -0.363238 -0.051320 0.201615
v -0.318808 -0.268174 0.230900
v -0.344857 -0.123494 0.103731
v -0.336490 -0.166195 0.260996
v -0.371635 -0.032308 0.134088
v 0.196348 -0.543981 0.278784
v 0.183359 -0.811083 0.573849
v 0.120562 -0.582901 0.301184
v 0.097926 -0.649623 0.442170
v 0.260016 -0.520258 0.366303
v 0.314595 -0.647254 0.515674
v 0.246360 -0.736260 -0.279438
v 0.108239 -0.369585 -0.321250
v 0.116940 -0.663755 -0.230559
v 0.080612 -0.499664 -0.271669
v 0.267125 -0.482081 -0.294964
v 0.183340 -0.343545 -0.316079
v 0.364841 -0.241153 -0.094918
v 0.330315 0.012292 -0.132437
v 0.339448 -0.222743 -0.176989
v 0.345052 -0.099857 -0.037571
v 0.305758 -0.076330 -0.181531
v 0.350191 0.011674 -0.062724
v 0.325532 -0.251537 0.141521
v 0.364984 -0.050335 0.198783
v 0.318532 -0.267017 0.231704
v 0.345962 -0.122001 0.100818
v 0.337488 -0.164158 0.260414
v 0.371220 -0.030525 0.130534
v -0.000338 -0.095434 0.765219
v 0.000129 0.072834 0.600196
v 0.091176 -0.037104 0.700671
v -0.091269 -0.037160 0.701244
v 0.078732 0.043205 0.629259
v -0.079675 0.043368 0.630370
v 0.271180 -0.259810 0.640052
v 0.321039 -0.098093 0.445092
v 0.316356 -0.307863 0.554189
v 0.326522 -0.196282 0.449702
v 0.264327 -0.131195 0.630044
v 0.288538 -0.081529 0.525910
v -0.274027 -0.258163 0.643634
v -0.321367 -0.099993 0.446003
v -0.314195 -0.307388 0.554551
v -0.327363 -0.194941 0.450874
v -0.264424 -0.130373 0.629509
v -0.291642 -0.081827 0.527249
v 0.156633 0.078251 0.415372
v 0.286637 -0.002308 0.371930
v 0.190648 0.070978 0.339442
v 0.255524 0.029544 0.324785
v 0.182016 0.050417 0.476986
v 0.245136 0.007874 0.449897
v -0.157257 0.080998 0.420480
v -0.288064 -0.002113 0.373204
v -0.188862 0.073681 0.338800
v -0.257619 0.029092 0.323521
v -0.180369 0.052010 0.478935
v -0.243554 0.007425 0.449568
v -0.001240 0.015493 -0.545090
v 0.001334 0.099966 -0.748108
v 0.068380 0.005794 -0.593994
v -0.069212 0.005802 -0.599134
v 0.092704 0.046895 -0.711200
v -0.094027 0.044925 -0.717892
v 0.127728 -0.017583 -0.386736
v 0.244558 0.030106 -0.347943
v 0.170761 -0.056850 -0.337357
v 0.223243 -0.010415 -0.305616
v 0.155628 0.009971 -0.445113
v 0.218996 0.030993 -0.433630
v -0.126672 -0.015780 -0.385610
v -0.247116 0.037168 -0.351001
v -0.167489 -0.059962 -0.334240
v -0.217979 -0.016167 -0.305096
v -0.156780 0.007969 -0.447464
v -0.219866 0.029365 -0.433971
v 0.292300 0.263465 -0.697991
v 0.314214 0.122866 -0.482479
v 0.288837 0.307112 -0.574512
v 0.298461 0.208181 -0.481571
v 0.302936 0.131431 -0.708070
v 0.297078 0.101024 -0.565261
v -0.291018 0.262704 -0.700882
v -0.307325 0.117676 -0.480748
v -0.288536 0.305486 -0.576580
v -0.295799 0.203173 -0.484604
v -0.303212 0.131522 -0.710684
v -0.294580 0.097109 -0.567886
v 0.466560 0.012021 -0.040735
v 0.478101 0.003087 0.082007
v 0.471389 0.000582 -0.004798
v 0.480473 -0.005688 0.057754
v 0.456116 0.027295 -0.007482
v 0.463568 0.021732 0.055779
v -0.472284 0.031303 -0.039613
v -0.493024 0.047321 0.080184
v -0.477362 0.026779 -0.004629
v -0.486728 0.035545 0.058151
v -0.470810 0.041926 -0.006293
v -0.481614 0.047697 0.052577
v -0.013206 0.460852 -0.158951
v -0.058276 0.509394 -0.167899
v 0.037195 0.572268 -0.114102
v -0.036175 0.568674 -0.129927
v -0.100599 0.231166 -0.104394
v 0.009166 0.431945 -0.168811
v -0.102367 0.211470 -0.047679
v -0.146170 0.383119 -0.188723
v -0.075403 0.534425 -0.197498
v -0.229376 0.483519 -0.268115
v -0.155225 0.193670 -0.111272
v -0.200383 0.343314 -0.219850
v -0.220412 0.135267 -0.097630
v -0.172971 0.158388 0.000850
v -0.234545 0.106547 -0.037742
v 0.024864 0.479356 -0.158902
v 0.063537 0.505222 -0.172059
v -0.016510 0.594260 -0.104968
v 0.029404 0.565932 -0.140035
v 0.096966 0.219466 -0.106571
v -0.009181 0.443408 -0.152020
v 0.105081 0.208087 -0.046339
v 0.148478 0.381463 -0.190654
v 0.075498 0.532257 -0.202064
v 0.227388 0.485483 -0.265941
v 0.158624 0.193230 -0.109111
v 0.199937 0.342589 -0.220406
v 0.219864 0.140375 -0.095625
v 0.173028 0.152840 0.001887
v 0.236380 0.112345 -0.034305
v -0.180342 -0.576875 0.053304
v -0.226904 -0.755836 -0.041641
v -0.110721 -0.593265 0.056979
v -0.132522 -0.682849 -0.055167
v -0.271599 -0.462188 0.122582
v -0.148507 -0.567958 0.155650
v -0.254923 -0.469831 0.231403
v -0.360584 -0.581834 -0.121758
v -0.168124 -0.792656 -0.153893
v -0.353024 -0.594406 -0.245183
v -0.331882 -0.376865 0.014446
v -0.365557 -0.408214 -0.164688
v -0.351402 -0.246117 -0.015176
v -0.296504 -0.369381 0.186370
v -0.335036 -0.243918 0.064528
v 0.179178 -0.577259 0.050867
v 0.226698 -0.756158 -0.041461
v 0.111419 -0.595791 0.053602
v 0.137007 -0.686104 -0.055538
v 0.269636 -0.459548 0.126030
v 0.148148 -0.569635 0.159636
v 0.253200 -0.469782 0.233630
v 0.360576 -0.579581 -0.120693
v 0.167206 -0.792901 -0.154005
v 0.353450 -0.595814 -0.244526
v 0.335945 -0.377092 0.013716
v 0.365633 -0.406790 -0.164124
v 0.350027 -0.245325 -0.014183
v 0.295340 -0.371052 0.185580
v 0.337274 -0.245389 0.061678
v 0.000216 -0.550997 0.660466
v -0.180773 -0.491944 0.698100
v -0.057317 -0.631240 0.582535
v -0.284318 -0.644761 0.675130
v 0.181050 -0.491512 0.696641
v 0.056928 -0.630203 0.582408
v 0.284612 -0.648011 0.674575
v 0.098436 -0.265344 0.732956
v -0.098291 -0.266028 0.731971
v 0.100598 -0.146631 0.746303
v -0.100628 -0.146047 0.747458
v 0.289113 -0.425862 0.658961
v 0.196877 -0.197329 0.704506
v -0.288315 -0.426273 0.660115
v -0.196181 -0.198124 0.704627
v 0.002379 0.135845 0.261010
v -0.071624 0.113360 0.350548
v -0.019597 0.192406 0.132956
v -0.096702 0.128527 0.257061
v 0.071329 0.113218 0.345941
v 0.011900 0.173544 0.117076
v 0.094450 0.128877 0.254388
v 0.054893 0.109254 0.479128
v -0.053743 0.108479 0.481632
v 0.066183 0.088628 0.551373
v -0.065529 0.088489 0.551941
v 0.127335 0.100254 0.347614
v 0.118335 0.088263 0.488514
v -0.128353 0.102071 0.345386
v -0.117993 0.090218 0.490855
v 0.000573 -0.260047 -0.382194
v -0.072120 -0.128800 -0.385379
v -0.034304 -0.377560 -0.323544
v -0.121544 -0.226196 -0.352288
v 0.071431 -0.127131 -0.385629
v 0.035174 -0.375641 -0.324764
v 0.120448 -0.227499 -0.353886
v 0.040536 0.018133 -0.429581
v -0.040988 0.008098 -0.436287
v 0.053549 0.017593 -0.491805
v -0.053585 0.012059 -0.497352
v 0.121555 -0.099797 -0.363581
v 0.093262 0.004858 -0.443269
v -0.120540 -0.097343 -0.363263
v -0.093626 0.004533 -0.445158
v -0.000093 0.607543 -0.633360
v -0.163548 0.460893 -0.673508
v -0.070017 0.685034 -0.530109
v -0.225981 0.542373 -0.608607
v 0.164123 0.459931 -0.674545
v 0.070169 0.684403 -0.529466
v 0.227698 0.542430 -0.605123
v 0.110717 0.264049 -0.787908
v -0.108890 0.264742 -0.782497
v 0.113950 0.140533 -0.799476
v -0.111779 0.143135 -0.790206
v 0.248486 0.397305 -0.647858
v 0.231615 0.198019 -0.800449
v -0.248531 0.396009 -0.648490
v -0.229689 0.200590 -0.801404
v 0.362464 0.052737 -0.317062
v 0.436553 0.017794 -0.163316
v 0.320915 0.095246 -0.302186
v 0.411986 0.026312 -0.137810
v 0.326425 0.052531 -0.235986
v 0.421645 0.039960 -0.143797
v 0.302337 0.017005 -0.198904
v 0.387038 0.046854 -0.105007
v 0.319046 0.034785 -0.368462
v 0.274295 0.024711 -0.270573
v 0.273200 0.046800 -0.401529
v 0.317518 0.116631 -0.395165
v 0.304839 0.069214 -0.454525
v 0.458220 0.010244 -0.078710
v 0.440377 0.033773 -0.075252
v 0.395721 -0.005098 0.270722
v 0.456449 0.001146 0.170947
v 0.366604 -0.003632 0.236181
v 0.458676 -0.009271 0.146485
v 0.375877 -0.018320 0.287325
v 0.441161 0.026537 0.166623
v 0.352760 -0.073757 0.275366
v 0.419491 0.015355 0.147013
v 0.364892 -0.012371 0.357709
v 0.340377 -0.095034 0.358617
v 0.318099 -0.043729 0.433696
v 0.331466 -0.010825 0.303980
v 0.309084 -0.018202 0.410254
v 0.475402 -0.006655 0.114419
v 0.454659 0.022005 0.110779
v -0.358222 0.043101 -0.310126
v -0.434456 0.007949 -0.164099
v -0.323783 0.090037 -0.299935
v -0.422000 0.009462 -0.130548
v -0.340409 0.048567 -0.248480
v -0.425773 0.032633 -0.147687
v -0.306775 0.024358 -0.205572
v -0.392408 0.036770 -0.104512
v -0.341594 0.049624 -0.372171
v -0.275795 0.038922 -0.275178
v -0.280342 0.057695 -0.407573
v -0.312417 0.108787 -0.389880
v -0.301308 0.073186 -0.454204
v -0.457802 0.013806 -0.078275
v -0.451953 0.036944 -0.076456
v -0.395100 -0.000460 0.267659
v -0.466931 0.037106 0.164617
v -0.367321 -0.004278 0.236301
v -0.450968 0.018676 0.145335
v -0.379152 -0.017520 0.285969
v -0.458379 0.045708 0.167323
v -0.351419 -0.073081 0.274243
v -0.425458 0.010691 0.150697
v -0.365193 -0.013371 0.356957
v -0.340630 -0.095284 0.360016
v -0.317800 -0.044873 0.431032
v -0.332773 -0.010346 0.303329
v -0.312585 -0.018524 0.412403
v -0.483041 0.038447 0.110768
v -0.474948 0.049291 0.108961
v 0.006836 0.534068 -0.157163
v 0.010297 0.361907 -0.160129
v -0.005920 0.549122 -0.168024
v -0.035903 0.613156 -0.280594
v -0.016233 0.357583 -0.184813
v 0.033256 0.612653 -0.283072
v -0.169638 0.130147 0.169598
v -0.238862 0.085589 0.181772
v -0.217056 0.075376 0.258210
v -0.342160 0.491616 -0.438096
v -0.267654 0.330325 -0.360735
v -0.281827 0.330346 -0.465345
v -0.394938 0.020529 -0.025272
v -0.413428 0.007604 0.050082
v -0.459080 0.016939 0.027923
v 0.169615 0.135082 0.174829
v 0.237446 0.085980 0.185651
v 0.217330 0.074285 0.262207
v 0.342139 0.494566 -0.437696
v 0.269803 0.332445 -0.359873
v 0.281671 0.331264 -0.464957
v 0.390021 0.032955 -0.031352
v 0.409067 0.018665 0.041648
v 0.469771 -0.005265 0.027179
v -0.001488 -0.595834 0.167311
v -0.044403 -0.593542 0.303590
v 0.004074 -0.582196 -0.100367
v -0.042563 -0.567892 -0.190712
v 0.040498 -0.595862 0.303966
v 0.048086 -0.569436 -0.190000
v -0.307209 -0.441025 0.420254
v -0.319107 -0.296161 0.333093
v -0.324007 -0.316718 0.446106
v -0.256502 -0.271081 -0.300749
v -0.291102 -0.178009 -0.246689
v -0.227456 -0.117694 -0.294885
v -0.361462 0.000977 0.008081
v -0.371125 -0.014840 0.072316
v -0.428685 0.025855 0.031688
v 0.306659 -0.440505 0.418557
v 0.318859 -0.294017 0.332459
v 0.326322 -0.317053 0.445042
v 0.255869 -0.272560 -0.298232
v 0.292022 -0.174308 -0.244958
v 0.228727 -0.115325 -0.293947
v 0.362200 0.007866 0.006633
v 0.368604 -0.004034 0.067142
v 0.422090 0.040837 0.033094
v 0.162496 0.004552 0.628894
v 0.235268 -0.046058 0.590998
v -0.161447 0.003325 0.629970
v -0.234047 -0.043379 0.591954
v 0.207355 0.011995 0.537488
v -0.206519 0.010550 0.539440
v 0.157334 0.012415 -0.633383
v 0.193703 0.027160 -0.527420
v -0.159484 0.013515 -0.637865
v -0.194173 0.024426 -0.530019
v 0.245188 0.057683 -0.624559
v -0.245279 0.055006 -0.627670
v -0.060298 0.395792 -0.159477
v -0.063913 0.350693 -0.153134
v -0.074695 0.384962 -0.163887
v -0.084613 0.332341 -0.157410
v -0.080525 0.311484 -0.148995
v 0.059627 0.396033 -0.176432
v 0.059146 0.345940 -0.171393
v 0.078739 0.380496 -0.176945
v 0.085864 0.327913 -0.171151
v 0.072375 0.304403 -0.168251
v -0.265320 -0.601100 0.001294
v -0.267282 -0.556505 0.025883
v -0.295423 -0.609593 -0.020647
v -0.308229 -0.553856 -0.010227
v -0.291312 -0.528885 0.020928
v 0.265909 -0.598243 0.004016
v 0.268071 -0.554908 0.027016
v 0.295425 -0.605526 -0.017368
v 0.308797 -0.553855 -0.008140
v 0.291653 -0.525955 0.021496
v -0.025930 -0.446510 0.705131
v 0.025995 -0.445843 0.704985
v 0.000492 -0.371049 0.721394
v 0.039408 -0.399609 0.714315
v -0.038610 -0.400409 0.713108
v -0.009740 0.118710 0.380620
v 0.010204 0.118256 0.379697
v -0.000409 0.117283 0.426212
v 0.017179 0.118073 0.407121
v -0.017522 0.117389 0.410804
v -0.008528 -0.097476 -0.407079
v 0.009756 -0.096914 -0.406793
v 0.001367 -0.026167 -0.416533
v 0.014942 -0.051234 -0.412327
v -0.013224 -0.053573 -0.412912
v -0.022305 0.446918 -0.695327
v 0.025244 0.447281 -0.694364
v 0.000753 0.370865 -0.729863
v 0.039833 0.399302 -0.715225
v -0.038219 0.399480 -0.716787
v 0.414362 0.025778 -0.250010
v 0.401348 0.034166 -0.233331
v 0.390187 0.033950 -0.267624
v 0.398750 0.027604 -0.282150
v 0.419568 0.028160 -0.223231
v 0.432364 0.017128 0.238826
v 0.428916 0.022666 0.236705
v 0.420422 0.019069 0.265054
v 0.423655 0.017008 0.265970
v 0.436372 0.021770 0.220708
v -0.414615 0.015368 -0.252193
v -0.409146 0.024785 -0.241063
v -0.400122 0.027755 -0.277125
v -0.418138 0.015070 -0.286717
v -0.425288 0.016678 -0.228456
v -0.447567 0.033263 0.236382
v -0.445853 0.039306 0.236763
v -0.432234 0.027956 0.267245
v -0.433894 0.028696 0.266626
v -0.455549 0.041988 0.218863
v -0.002043 0.606075 -0.098094
v 0.005710 0.603783 -0.106914
v 0.008264 0.605831 -0.103224
v -0.011073 0.600151 -0.095997
v 0.001351 0.600203 -0.105799
v -0.005492 0.592905 -0.095652
v -0.041384 0.208561 -0.094151
v -0.054480 0.179147 0.054259
v -0.010089 0.220256 -0.125561
v -0.074908 0.185752 0.003995
v -0.023211 0.203732 -0.036175
v -0.080709 0.170889 0.069037
v -0.200345 0.616645 -0.348522
v -0.208237 0.696171 -0.467655
v -0.162086 0.658481 -0.356053
v -0.269667 0.630274 -0.399176
v -0.218889 0.793449 -0.428681
v -0.227887 0.629344 -0.454483
v -0.241523 0.151112 -0.174584
v -0.307254 0.085017 -0.193456
v -0.238564 0.179177 -0.220758
v -0.281789 0.095999 -0.138257
v -0.267572 0.136547 -0.230424
v -0.317320 0.070767 -0.146373
v -0.287167 0.065385 0.071130
v -0.363005 0.016246 0.144530
v -0.286087 0.063033 0.108476
v -0.327970 0.041696 0.076396
v -0.320652 0.036115 0.145524
v -0.369349 0.016999 0.112712
v 0.042026 0.213872 -0.075429
v 0.057458 0.181487 0.055143
v 0.019909 0.238442 -0.095399
v 0.030211 0.205958 -0.030673
v 0.079709 0.197152 0.015369
v 0.083072 0.180216 0.072521
v 0.202148 0.615229 -0.350094
v 0.208297 0.696124 -0.468616
v 0.163216 0.659305 -0.357101
v 0.219145 0.792704 -0.428093
v 0.266289 0.628870 -0.400437
v 0.227185 0.629341 -0.454740
v 0.238736 0.153381 -0.175429
v 0.302583 0.094171 -0.191521
v 0.237426 0.182846 -0.219342
v 0.280093 0.106527 -0.139798
v 0.264933 0.143620 -0.226479
v 0.313844 0.083983 -0.147506
v 0.287538 0.070573 0.074603
v 0.360619 0.023370 0.144224
v 0.286796 0.066743 0.111835
v 0.328348 0.049581 0.078124
v 0.321420 0.040941 0.147791
v 0.365552 0.026882 0.109562
v -0.042136 -0.613580 0.004039
v 0.045961 -0.613701 0.003097
v -0.018886 -0.608404 0.031837
v -0.021100 -0.609365 -0.019773
v 0.022372 -0.609603 0.031091
v 0.027896 -0.610242 -0.020721
v -0.191959 -0.560906 0.362188
v -0.213863 -0.768814 0.467430
v -0.151834 -0.580776 0.373509
v -0.237405 -0.578381 0.401946
v -0.152177 -0.664873 0.430347
v -0.265295 -0.669208 0.460021
v -0.202319 -0.622267 -0.284691
v -0.136170 -0.439565 -0.302907
v -0.144219 -0.604792 -0.266521
v -0.218717 -0.516030 -0.298071
v -0.119877 -0.512972 -0.278122
v -0.179381 -0.432987 -0.305597
v -0.353081 -0.164358 -0.103775
v -0.322842 -0.026580 -0.118898
v -0.338141 -0.157142 -0.142643
v -0.341876 -0.099034 -0.073323
v -0.319763 -0.084573 -0.147635
v -0.332327 -0.028961 -0.081973
v -0.332625 -0.195433 0.162580
v -0.350425 -0.092830 0.189958
v -0.329830 -0.204524 0.203230
v -0.343189 -0.135556 0.140064
v -0.338875 -0.154471 0.217671
v -0.354386 -0.084142 0.156012
v 0.189004 -0.563436 0.362256
v 0.213415 -0.770074 0.467006
v 0.148152 -0.584015 0.373385
v 0.147493 -0.667634 0.429249
v 0.235303 -0.579388 0.400575
v 0.264811 -0.671873 0.460067
v 0.203729 -0.623970 -0.286172
v 0.136585 -0.438949 -0.303105
v 0.145711 -0.606283 -0.268631
v 0.122073 -0.512512 -0.280503
v 0.219353 -0.514987 -0.296718
v 0.178123 -0.431985 -0.305754
v 0.353502 -0.161660 -0.103973
v 0.325060 -0.032683 -0.121065
v 0.337863 -0.157888 -0.142953
v 0.342316 -0.096683 -0.073824
v 0.322500 -0.086472 -0.147436
v 0.334560 -0.031851 -0.083820
v 0.333611 -0.195421 0.161053
v 0.352565 -0.092239 0.188664
v 0.331236 -0.204569 0.202733
v 0.343984 -0.129672 0.137146
v 0.339352 -0.153292 0.216429
v 0.353426 -0.078553 0.150862
v 0.000047 -0.037889 0.720638
v -0.000184 0.048190 0.641854
v 0.044598 -0.012804 0.698601
v -0.044975 -0.012661 0.697952
v 0.041067 0.029677 0.659615
v -0.042090 0.029104 0.659380
v 0.298963 -0.216401 0.598218
v 0.312802 -0.137094 0.494272
v 0.313366 -0.236384 0.551831
v 0.320084 -0.189905 0.498510
v 0.294794 -0.154884 0.593934
v 0.299537 -0.123816 0.538708
v -0.297173 -0.214760 0.599247
v -0.315132 -0.137640 0.495059
v -0.312723 -0.237253 0.552337
v -0.320536 -0.187293 0.499934
v -0.294784 -0.152705 0.594219
v -0.299582 -0.125131 0.538417
v 0.189006 0.058733 0.407526
v 0.252935 0.016765 0.387134
v 0.204952 0.053620 0.369753
v 0.237807 0.033664 0.360829
v 0.200628 0.045020 0.436214
v 0.232978 0.023469 0.425154
v -0.187067 0.059945 0.411126
v -0.252546 0.015888 0.387823
v -0.204666 0.055420 0.372815
v -0.239284 0.030898 0.363286
v -0.201227 0.045468 0.440265
v -0.231331 0.022556 0.426079
v -0.001016 0.019547 -0.599134
v 0.000156 0.060143 -0.705716
v 0.035447 0.021420 -0.625989
v -0.038474 0.021908 -0.629000
v 0.042813 0.041498 -0.682276
v -0.044610 0.040800 -0.683663
v 0.156777 -0.007341 -0.380099
v 0.217032 0.015943 -0.360779
v 0.174166 -0.016236 -0.348654
v 0.204757 -0.002688 -0.338768
v 0.170754 0.008704 -0.407614
v 0.202163 0.018250 -0.400720
v -0.154921 -0.008489 -0.378880
v -0.218013 0.016924 -0.363288
v -0.170890 -0.019418 -0.346669
v -0.200244 -0.005687 -0.337652
v -0.169426 0.006844 -0.408452
v -0.202440 0.017303 -0.402578
v 0.312374 0.225187 -0.652485
v 0.310511 0.153045 -0.536765
v 0.302928 0.243851 -0.589085
v 0.305432 0.202877 -0.535180
v 0.316472 0.162803 -0.654652
v 0.312893 0.138706 -0.588347
v -0.311485 0.225873 -0.654627
v -0.305610 0.148942 -0.537385
v -0.300435 0.242864 -0.588440
v -0.300635 0.198197 -0.537851
v -0.315454 0.163931 -0.655793
v -0.304601 0.135804 -0.587339
v 0.475193 0.007404 -0.005598
v 0.480727 0.001587 0.054167
v 0.479555 0.001668 0.010724
v 0.481805 -0.000556 0.041643
v 0.471163 0.012645 0.009480
v 0.476793 0.009338 0.040738
v -0.482796 0.036995 -0.005515
v -0.495102 0.045903 0.052681
v -0.487557 0.036029 0.012112
v -0.492651 0.039714 0.041971
v -0.484348 0.042957 0.009296
v -0.491138 0.046903 0.038319
v -0.026461 0.507889 -0.158990
v -0.005027 0.577272 -0.117503
v -0.006991 0.519026 -0.154515
v -0.036272 0.529590 -0.153067
v 0.005925 0.556936 -0.131137
v -0.025679 0.561947 -0.131155
v -0.051630 0.332144 -0.139754
v -0.036229 0.289901 -0.128345
v -0.026816 0.387992 -0.150956
v -0.071524 0.267754 -0.120765
v -0.016182 0.369284 -0.151774
v -0.065774 0.247618 -0.107654
v -0.104488 0.449786 -0.188923
v -0.150461 0.521348 -0.246332
v -0.088739 0.491595 -0.187449
v -0.138037 0.437148 -0.205068
v -0.102013 0.515571 -0.208806
v -0.170993 0.480446 -0.240021
v -0.135018 0.276654 -0.156235
v -0.178487 0.214047 -0.158518
v -0.151591 0.317723 -0.173748
v -0.154384 0.217060 -0.133612
v -0.175539 0.290479 -0.180707
v -0.182781 0.186432 -0.130318
v -0.127835 0.207964 -0.103994
v -0.202794 0.129173 -0.019090
v -0.131075 0.197466 -0.082546
v -0.158740 0.176435 -0.089368
v -0.165504 0.159007 -0.034165
v -0.197314 0.134854 -0.050655
v 0.032354 0.515100 -0.158584
v 0.008905 0.595276 -0.103378
v 0.016475 0.537478 -0.149320
v 0.037952 0.532111 -0.153918
v -0.004520 0.595057 -0.104808
v 0.026689 0.568639 -0.127976
v 0.051279 0.331634 -0.148449
v 0.043878 0.292552 -0.120653
v 0.032718 0.398689 -0.150674
v 0.071316 0.256939 -0.128327
v 0.022297 0.382017 -0.136579
v 0.074264 0.244431 -0.107153
v 0.106152 0.447639 -0.190903
v 0.154936 0.519973 -0.249042
v 0.089522 0.489013 -0.189477
v 0.141160 0.437702 -0.206709
v 0.105662 0.512927 -0.213350
v 0.171993 0.481232 -0.239666
v 0.135928 0.273963 -0.157366
v 0.180888 0.212057 -0.158870
v 0.152771 0.314662 -0.172786
v 0.155336 0.214954 -0.131580
v 0.176880 0.290048 -0.179978
v 0.182692 0.186881 -0.127664
v 0.127577 0.200415 -0.105410
v 0.206471 0.127914 -0.012846
v 0.130021 0.189525 -0.081363
v 0.161711 0.173125 -0.087164
v 0.170340 0.155657 -0.029153
v 0.201446 0.137339 -0.044898
v -0.200659 -0.641770 0.000834
v -0.124160 -0.630856 -0.003338
v -0.170376 -0.607529 0.021974
v -0.192238 -0.688371 -0.023048
v -0.135341 -0.609367 0.021244
v -0.149898 -0.667555 -0.027843
v -0.228612 -0.531065 0.097431
v -0.204207 -0.530238 0.207014
v -0.195934 -0.551301 0.101160
v -0.244352 -0.496782 0.138345
v -0.181920 -0.549935 0.155250
v -0.234483 -0.500908 0.190286
v -0.321554 -0.724371 -0.094607
v -0.286773 -0.762885 -0.222492
v -0.273059 -0.774381 -0.095412
v -0.353755 -0.680249 -0.144277
v -0.252049 -0.793945 -0.158598
v -0.343261 -0.691994 -0.210692
v -0.345484 -0.464747 -0.050395
v -0.362925 -0.322080 -0.084585
v -0.357046 -0.484292 -0.096023
v -0.346888 -0.387702 -0.026472
v -0.363483 -0.405920 -0.114218
v -0.353611 -0.318613 -0.041303
v -0.304358 -0.421725 0.068965
v -0.316884 -0.309390 0.120407
v -0.293563 -0.415775 0.109668
v -0.320895 -0.369135 0.054760
v -0.303005 -0.367418 0.138212
v -0.325618 -0.309425 0.080531
v 0.200673 -0.641166 0.000103
v 0.127370 -0.631258 -0.004702
v 0.172365 -0.607814 0.021774
v 0.192294 -0.686683 -0.023059
v 0.136747 -0.611675 0.021195
v 0.153179 -0.668722 -0.027555
v 0.229240 -0.530463 0.098656
v 0.202456 -0.531252 0.207598
v 0.195868 -0.552304 0.099784
v 0.243738 -0.497371 0.137399
v 0.181725 -0.551368 0.154525
v 0.234850 -0.500075 0.191771
v 0.322130 -0.720971 -0.092997
v 0.287469 -0.762514 -0.222619
v 0.273763 -0.773553 -0.094144
v 0.353764 -0.678264 -0.142790
v 0.252608 -0.793976 -0.157882
v 0.343771 -0.691166 -0.209894
v 0.348698 -0.465439 -0.051044
v 0.365099 -0.321569 -0.082173
v 0.359148 -0.482625 -0.094878
v 0.349108 -0.387241 -0.027409
v 0.364565 -0.404907 -0.113807
v 0.356288 -0.317520 -0.040248
v 0.303668 -0.420628 0.069503
v 0.319187 -0.307997 0.119421
v 0.291695 -0.416663 0.112045
v 0.321252 -0.369474 0.054412
v 0.302162 -0.365649 0.139108
v 0.326373 -0.307801 0.077456
v -0.094078 -0.550440 0.686507
v -0.154865 -0.760806 0.670113
v -0.062150 -0.581804 0.662618
v -0.162107 -0.573881 0.694062
v -0.086132 -0.656525 0.640955
v -0.212100 -0.688464 0.700581
v 0.094981 -0.551000 0.687077
v 0.157169 -0.759763 0.671421
v 0.063182 -0.582019 0.665029
v 0.163146 -0.571404 0.696737
v 0.087633 -0.656232 0.641392
v 0.215372 -0.685773 0.701093
v -0.000230 -0.264367 0.749893
v -0.000988 -0.169143 0.825875
v 0.049709 -0.236719 0.750758
v -0.049863 -0.237357 0.752300
v 0.050740 -0.181803 0.768626
v -0.050219 -0.180908 0.770246
v 0.141972 -0.365804 0.709021
v 0.238609 -0.301527 0.675958
v 0.190501 -0.411886 0.697490
v 0.146616 -0.297703 0.715985
v 0.241329 -0.380673 0.679802
v 0.194033 -0.266099 0.700717
v -0.141083 -0.364392 0.708030
v -0.238422 -0.299615 0.677714
v -0.189692 -0.412451 0.697649
v -0.145684 -0.298923 0.715123
v -0.240489 -0.380031 0.680386
v -0.194712 -0.265930 0.700641
v -0.037046 0.118819 0.314889
v -0.055889 0.154539 0.196236
v -0.023474 0.137748 0.257988
v -0.060099 0.119301 0.309827
v -0.035132 0.157979 0.197661
v -0.071957 0.131141 0.260493
v 0.036042 0.122361 0.307467
v 0.052564 0.149150 0.193286
v 0.024364 0.134011 0.259633
v 0.059701 0.119045 0.307897
v 0.030391 0.151730 0.193717
v 0.069234 0.131385 0.253232
v 0.000652 0.111577 0.490418
v 0.000439 0.090509 0.560385
v 0.029153 0.106220 0.503862
v -0.028424 0.106881 0.504778
v 0.033158 0.097590 0.539649
v -0.032371 0.098311 0.540029
v 0.067064 0.112828 0.416106
v 0.126467 0.092978 0.418466
v 0.082514 0.108455 0.383247
v 0.077376 0.107469 0.451513
v 0.112492 0.101006 0.385365
v 0.107625 0.098542 0.454332
v -0.067835 0.111400 0.420864
v -0.125416 0.095475 0.423483
v -0.084285 0.108490 0.387523
v -0.075450 0.107750 0.455442
v -0.112511 0.102418 0.386307
v -0.106951 0.099207 0.458172
v -0.040864 -0.197212 -0.387186
v -0.083709 -0.308595 -0.346790
v -0.030854 -0.258482 -0.381785
v -0.067215 -0.188022 -0.380330
v -0.048430 -0.315357 -0.350620
v -0.090737 -0.241307 -0.360549
v 0.039252 -0.194370 -0.389235
v 0.082864 -0.307245 -0.346323
v 0.029218 -0.257704 -0.380825
v 0.066592 -0.187286 -0.379724
v 0.049135 -0.313567 -0.350487
v 0.090077 -0.240635 -0.360145
v 0.000243 0.024940 -0.434522
v 0.000733 0.021628 -0.495020
v 0.021366 0.027733 -0.441601
v -0.020856 0.023871 -0.446871
v 0.024555 0.027370 -0.471942
v -0.025647 0.020624 -0.477493
v 0.052902 -0.031207 -0.404563
v 0.099944 -0.024014 -0.392216
v 0.072211 -0.074078 -0.389703
v 0.058037 -0.003470 -0.415787
v 0.097589 -0.064508 -0.380365
v 0.084269 -0.007469 -0.416168
v -0.053373 -0.038615 -0.406769
v -0.100077 -0.023857 -0.394703
v -0.072464 -0.074981 -0.389807
v -0.057455 -0.008274 -0.419372
v -0.096802 -0.062627 -0.381297
v -0.084367 -0.008361 -0.419397
v -0.090076 0.540366 -0.650812
v -0.157396 0.632152 -0.573779
v -0.064223 0.600930 -0.627134
v -0.146129 0.526254 -0.650970
v -0.099666 0.645252 -0.580762
v -0.184282 0.576494 -0.620562
v 0.090490 0.540681 -0.650808
v 0.158373 0.632668 -0.573747
v 0.065561 0.600329 -0.623684
v 0.146167 0.526980 -0.648585
v 0.100090 0.642063 -0.578174
v 0.184748 0.578539 -0.618583
v 0.001265 0.262705 -0.773898
v 0.001076 0.149520 -0.775397
v 0.056786 0.235340 -0.785431
v -0.054512 0.234565 -0.784449
v 0.058104 0.174190 -0.788225
v -0.055473 0.174794 -0.784071
v 0.143338 0.357075 -0.731079
v 0.247976 0.299896 -0.725185
v 0.179871 0.394373 -0.701635
v 0.159660 0.296398 -0.769823
v 0.227299 0.364844 -0.692470
v 0.218330 0.266489 -0.777752
v -0.141149 0.357691 -0.729784
v -0.248096 0.298260 -0.726115
v -0.178645 0.392846 -0.701160
v -0.157115 0.297482 -0.769452
v -0.226505 0.365411 -0.693862
v -0.218905 0.267994 -0.777104
v 0.405530 0.022834 -0.240007
v 0.361937 0.051903 -0.220870
v 0.374760 0.045369 -0.274384
v 0.414587 0.020179 -0.197242
v 0.353423 0.060307 -0.266608
v 0.396909 0.030949 -0.184275
v 0.375955 0.046435 -0.190870
v 0.342625 0.035441 -0.149363
v 0.341213 0.050008 -0.199227
v 0.389184 0.044792 -0.155446
v 0.326939 0.037518 -0.181019
v 0.372541 0.043828 -0.136513
v 0.326768 0.044808 -0.300435
v 0.271106 0.039810 -0.331407
v 0.311619 0.050230 -0.272323
v 0.311581 0.042969 -0.341809
v 0.284135 0.041357 -0.290384
v 0.283958 0.045116 -0.357333
v 0.360370 0.043003 -0.351543
v 0.322143 0.093462 -0.433862
v 0.351670 0.062140 -0.354560
v 0.343072 0.040275 -0.380214
v 0.330649 0.089942 -0.395533
v 0.322190 0.068779 -0.421416
v 0.443343 0.022473 -0.148217
v 0.460293 0.014567 -0.077682
v 0.446374 0.016821 -0.135656
v 0.442477 0.026790 -0.129506
v 0.455941 0.013690 -0.097156
v 0.450878 0.024597 -0.095548
v 0.431561 0.000773 0.218615
v 0.418151 -0.007843 0.191971
v 0.412400 -0.005001 0.237105
v 0.444082 -0.002432 0.189546
v 0.399645 -0.006198 0.223146
v 0.444677 -0.007152 0.175217
v 0.413446 0.015051 0.222630
v 0.383081 -0.017759 0.206769
v 0.386329 -0.007649 0.250452
v 0.426896 0.023833 0.188178
v 0.373871 -0.031979 0.244279
v 0.410714 0.009117 0.179920
v 0.376362 -0.013573 0.326164
v 0.334001 -0.065687 0.400570
v 0.364555 -0.027989 0.325184
v 0.359651 -0.023153 0.359282
v 0.345382 -0.060639 0.360560
v 0.338485 -0.043146 0.397591
v 0.388499 -0.002094 0.315060
v 0.323764 -0.013405 0.355721
v 0.380626 -0.008830 0.303824
v 0.363726 -0.008689 0.349908
v 0.347328 -0.013197 0.321300
v 0.333836 -0.014312 0.372179
v 0.454543 0.014310 0.164937
v 0.471400 0.006315 0.109844
v 0.462468 0.004767 0.152780
v 0.452498 0.020494 0.150906
v 0.471047 0.001746 0.125519
v 0.459827 0.016205 0.123236
v -0.399609 0.014485 -0.233651
v -0.367248 0.043283 -0.216627
v -0.371044 0.032338 -0.267890
v -0.415020 0.011090 -0.194887
v -0.354034 0.051889 -0.263287
v -0.402726 0.017664 -0.179877
v -0.382578 0.039305 -0.198162
v -0.350302 0.032666 -0.154854
v -0.353610 0.043382 -0.212227
v -0.397577 0.037165 -0.163090
v -0.337705 0.035434 -0.190531
v -0.381813 0.035499 -0.141143
v -0.344720 0.050566 -0.310640
v -0.278425 0.054459 -0.337026
v -0.328428 0.054767 -0.286001
v -0.330297 0.056864 -0.350572
v -0.294437 0.056149 -0.297900
v -0.297705 0.060939 -0.366157
v -0.362941 0.034263 -0.355833
v -0.315261 0.087647 -0.428962
v -0.348803 0.052348 -0.349937
v -0.344888 0.048864 -0.386287
v -0.326954 0.083913 -0.390487
v -0.321810 0.070329 -0.424193
v -0.440292 0.018345 -0.155033
v -0.462709 0.023686 -0.075298
v -0.445006 0.011993 -0.137839
v -0.443162 0.024476 -0.132540
v -0.456090 0.015231 -0.096123
v -0.454578 0.027660 -0.095013
v -0.438550 0.022082 0.212569
v -0.411710 0.005605 0.189231
v -0.414363 0.007925 0.236212
v -0.451035 0.026357 0.185056
v -0.397546 0.002320 0.220976
v -0.439787 0.015251 0.174237
v -0.418496 0.017037 0.222457
v -0.383302 -0.024182 0.208909
v -0.388624 -0.008376 0.250769
v -0.434177 0.022375 0.189504
v -0.373995 -0.030392 0.243411
v -0.415341 0.005629 0.182831
v -0.377242 -0.010232 0.325318
v -0.334220 -0.066183 0.400336
v -0.366755 -0.028854 0.324443
v -0.360989 -0.022500 0.360846
v -0.344822 -0.059353 0.359388
v -0.338056 -0.044549 0.396626
v -0.384172 -0.000466 0.312954
v -0.325724 -0.016556 0.356141
v -0.377869 -0.006249 0.300622
v -0.361380 -0.009302 0.346333
v -0.347496 -0.015878 0.322508
v -0.333360 -0.015423 0.373495
v -0.473249 0.049215 0.159093
v -0.490036 0.048831 0.108235
v -0.479431 0.046516 0.148248
v -0.475700 0.051546 0.147652
v -0.486185 0.043289 0.123589
v -0.481114 0.057690 0.120094
v 0.028140 0.576265 -0.134634
v 0.033324 0.428619 -0.175541
v 0.039624 0.558946 -0.148389
v 0.032114 0.496638 -0.173864
v 0.023595 0.537913 -0.151100
v 0.026148 0.448135 -0.168689
v -0.020715 0.559701 -0.138870
v -0.046324 0.552023 -0.217904
v -0.034779 0.554795 -0.147663
v -0.045033 0.540134 -0.176502
v -0.015915 0.545693 -0.168421
v -0.025759 0.554131 -0.212731
v -0.017618 0.567570 -0.137872
v -0.037759 0.417128 -0.176376
v -0.025939 0.561061 -0.136123
v -0.031006 0.493089 -0.160710
v -0.017320 0.524826 -0.166793
v -0.025644 0.444140 -0.188325
v 0.009925 0.560088 -0.148235
v 0.043664 0.550808 -0.217905
v 0.028614 0.555890 -0.156999
v 0.046058 0.540847 -0.189566
v 0.004792 0.550672 -0.172021
v 0.020215 0.555835 -0.215296
v -0.147562 0.191137 0.076190
v -0.211879 0.126244 0.096034
v -0.141735 0.192447 0.024115
v -0.175305 0.160327 0.042960
v -0.175730 0.147914 0.129924
v -0.209396 0.121463 0.137210
v -0.012820 0.224841 -0.051561
v -0.009293 0.212191 -0.067322
v -0.012065 0.209564 0.041129
v -0.002742 0.196944 0.030731
v -0.011014 0.272592 -0.139655
v -0.016666 0.266879 -0.154713
v -0.131482 0.132380 0.208289
v -0.170800 0.092379 0.305425
v -0.124508 0.123903 0.257481
v -0.140900 0.105283 0.304166
v -0.161753 0.119464 0.213653
v -0.183972 0.095828 0.259885
v -0.453096 0.583564 -0.347528
v -0.231734 0.375131 -0.294629
v -0.290876 0.486537 -0.297515
v -0.230946 0.407534 -0.273462
v -0.421734 0.507600 -0.370917
v -0.273068 0.418420 -0.349599
v -0.069498 0.712287 -0.416263
v 0.067012 0.711991 -0.417263
v -0.036371 0.700220 -0.473255
v 0.035421 0.701071 -0.473436
v -0.027866 0.662040 -0.349196
v 0.025868 0.661230 -0.348176
v -0.275114 0.516441 -0.519760
v -0.276355 0.373718 -0.562350
v -0.253098 0.493348 -0.575103
v -0.261355 0.421269 -0.597551
v -0.296348 0.467960 -0.488957
v -0.279674 0.392197 -0.506837
v -0.305095 0.065130 -0.058585
v -0.324315 0.043818 0.015512
v -0.264634 0.089381 -0.059981
v -0.274224 0.078792 -0.028013
v -0.357297 0.033761 -0.020743
v -0.364576 0.028407 0.014459
v -0.271847 0.179110 -0.329468
v -0.290085 0.203231 -0.433321
v -0.296601 0.135068 -0.340779
v -0.297847 0.147394 -0.388866
v -0.271910 0.257218 -0.372009
v -0.280602 0.264552 -0.421619
v -0.412630 0.018286 -0.075327
v -0.465500 0.019144 -0.021137
v -0.439670 0.007544 -0.085875
v -0.457419 0.012182 -0.060231
v -0.428984 0.012966 -0.030072
v -0.456278 0.015384 -0.005497
v -0.304799 0.027920 0.219289
v -0.273691 0.026820 0.290465
v -0.329843 0.006245 0.245341
v -0.312409 0.006145 0.279306
v -0.268013 0.053699 0.222581
v -0.253058 0.051340 0.256860
v -0.438923 0.008067 0.103311
v -0.475173 0.028219 0.073999
v -0.457132 0.018341 0.117312
v -0.473195 0.028219 0.101220
v -0.442914 0.007483 0.073963
v -0.461486 0.017541 0.060479
v 0.146245 0.193477 0.075805
v 0.210181 0.120918 0.095688
v 0.141923 0.182086 0.022166
v 0.175483 0.151219 0.041595
v 0.174930 0.149171 0.131378
v 0.208097 0.118106 0.138394
v 0.131176 0.134789 0.209998
v 0.171966 0.090076 0.303792
v 0.122973 0.122462 0.257194
v 0.140692 0.105371 0.305323
v 0.161842 0.121530 0.218671
v 0.185774 0.094990 0.265294
v 0.451030 0.586921 -0.346262
v 0.228391 0.373150 -0.297684
v 0.288799 0.488205 -0.296260
v 0.232089 0.407522 -0.272379
v 0.426331 0.511937 -0.371311
v 0.272240 0.417513 -0.351807
v 0.274050 0.515884 -0.518403
v 0.277171 0.372714 -0.557880
v 0.252925 0.495239 -0.574837
v 0.260760 0.422773 -0.595191
v 0.295806 0.467993 -0.487291
v 0.280221 0.392550 -0.504491
v 0.302194 0.077523 -0.061504
v 0.321070 0.058041 0.009693
v 0.265904 0.101279 -0.061481
v 0.275042 0.086955 -0.027988
v 0.350839 0.046776 -0.027258
v 0.360626 0.040737 0.007141
v 0.267433 0.182410 -0.324205
v 0.290324 0.205782 -0.428612
v 0.294209 0.137988 -0.337968
v 0.298621 0.150336 -0.388451
v 0.272276 0.259085 -0.368691
v 0.281674 0.264995 -0.420565
v 0.405533 0.032970 -0.079718
v 0.466043 0.000901 -0.024103
v 0.428404 0.020276 -0.090762
v 0.454825 0.007760 -0.061575
v 0.426100 0.020410 -0.036977
v 0.459995 0.000688 -0.007598
v 0.302344 0.030291 0.220106
v 0.273838 0.028179 0.288600
v 0.327379 0.007897 0.247176
v 0.311457 0.005603 0.280160
v 0.264148 0.055462 0.222461
v 0.250811 0.052797 0.257980
v 0.444935 -0.000143 0.099875
v 0.477335 -0.007285 0.073973
v 0.467352 -0.011858 0.118590
v 0.473997 -0.009520 0.101808
v 0.447689 0.001275 0.069838
v 0.472196 -0.009466 0.060992
v -0.056024 -0.595924 0.109209
v -0.100638 -0.589799 0.230908
v -0.091473 -0.587800 0.103976
v -0.112746 -0.583981 0.163195
v -0.038549 -0.595033 0.165431
v -0.060989 -0.592340 0.233750
v -0.079435 -0.617038 -0.076438
v -0.100829 -0.661692 -0.174377
v -0.111559 -0.675164 -0.088157
v -0.120374 -0.714236 -0.137706
v -0.054451 -0.592632 -0.102953
v -0.070083 -0.602611 -0.153628
v 0.053367 -0.595577 0.101983
v 0.097275 -0.590646 0.229482
v 0.090031 -0.590140 0.100611
v 0.110955 -0.583446 0.161898
v 0.037462 -0.596477 0.166933
v 0.058415 -0.594709 0.231998
v 0.084179 -0.622257 -0.078222
v 0.101471 -0.666070 -0.176280
v 0.113841 -0.679438 -0.089782
v 0.119140 -0.720019 -0.138163
v 0.061658 -0.597135 -0.105284
v 0.074730 -0.607541 -0.155141
v -0.278344 -0.456055 0.328800
v -0.307765 -0.332265 0.261124
v -0.276986 -0.434998 0.266489
v -0.293097 -0.379030 0.238768
v -0.298992 -0.414959 0.355686
v -0.307500 -0.347594 0.316569
v -0.050514 -0.616553 0.444337
v 0.048811 -0.614690 0.444936
v -0.031138 -0.597227 0.515720
v 0.029696 -0.596084 0.517427
v -0.024234 -0.597820 0.374541
v 0.021379 -0.598638 0.374861
v -0.320001 -0.565116 0.546031
v -0.319548 -0.385922 0.558802
v -0.321455 -0.567541 0.624083
v -0.318328 -0.463084 0.621038
v -0.315585 -0.463431 0.488383
v -0.321616 -0.388946 0.498392
v -0.309846 -0.427203 -0.280907
v -0.339009 -0.294944 -0.214848
v -0.347122 -0.477193 -0.252364
v -0.355224 -0.394397 -0.213095
v -0.296227 -0.319404 -0.277283
v -0.314914 -0.264153 -0.249832
v -0.038042 -0.489019 -0.263401
v 0.040855 -0.488050 -0.263385
v -0.018665 -0.432521 -0.293367
v 0.018388 -0.431991 -0.294160
v -0.018732 -0.528749 -0.226535
v 0.025212 -0.528628 -0.227335
v -0.184320 -0.258943 -0.324143
v -0.173599 -0.115114 -0.330299
v -0.150873 -0.207267 -0.340341
v -0.147954 -0.138089 -0.346135
v -0.216545 -0.224193 -0.316095
v -0.206909 -0.151574 -0.315068
v -0.344235 -0.106369 -0.000946
v -0.345234 -0.118132 0.070433
v -0.345453 -0.176070 0.012346
v -0.342567 -0.179671 0.048776
v -0.348115 -0.046363 0.024386
v -0.350759 -0.053683 0.058321
v -0.283825 -0.061435 -0.213598
v -0.237048 -0.027987 -0.274631
v -0.281422 -0.007808 -0.223424
v -0.263617 0.002221 -0.256626
v -0.273874 -0.105868 -0.243559
v -0.244853 -0.083093 -0.269582
v -0.380483 0.028472 -0.047479
v -0.445697 0.041143 -0.019444
v -0.404528 0.038141 -0.068263
v -0.437780 0.041753 -0.053853
v -0.388491 0.022313 -0.013204
v -0.424752 0.031078 -0.000965
v -0.336038 -0.177272 0.304142
v -0.332187 -0.193111 0.401244
v -0.342591 -0.125608 0.309098
v -0.337573 -0.136829 0.357309
v -0.328672 -0.241147 0.344824
v -0.329227 -0.249768 0.396924
v -0.401208 -0.002486 0.114147
v -0.469606 0.041439 0.072350
v -0.429113 0.015878 0.121965
v -0.458648 0.038307 0.100379
v -0.402677 0.004027 0.083213
v -0.432707 0.023166 0.062964
v 0.276320 -0.456338 0.328526
v 0.305837 -0.331692 0.261999
v 0.273767 -0.435325 0.267879
v 0.293427 -0.378812 0.238402
v 0.298652 -0.417340 0.353057
v 0.306763 -0.346855 0.316513
v 0.318814 -0.564489 0.543753
v 0.320910 -0.387831 0.556409
v 0.323216 -0.569191 0.620776
v 0.319429 -0.462491 0.619444
v 0.316024 -0.463551 0.486614
v 0.323511 -0.392232 0.498057
v 0.309667 -0.427704 -0.280052
v 0.338595 -0.291280 -0.213995
v 0.346178 -0.475261 -0.252926
v 0.355191 -0.392416 -0.211331
v 0.295176 -0.317928 -0.276935
v 0.313878 -0.260211 -0.249791
v 0.185967 -0.261105 -0.327292
v 0.175168 -0.114245 -0.333128
v 0.152143 -0.209238 -0.341451
v 0.149729 -0.141280 -0.347669
v 0.217189 -0.227368 -0.316313
v 0.208777 -0.152865 -0.315500
v 0.345957 -0.102988 -0.002796
v 0.346150 -0.114874 0.067018
v 0.347867 -0.174836 0.009761
v 0.341936 -0.176059 0.046411
v 0.346791 -0.037718 0.020424
v 0.350971 -0.047412 0.052451
v 0.285252 -0.055091 -0.211594
v 0.242845 -0.020243 -0.273286
v 0.282493 -0.009704 -0.220040
v 0.267192 -0.001372 -0.254065
v 0.274676 -0.100631 -0.242348
v 0.245828 -0.074884 -0.267570
v 0.378854 0.034487 -0.048904
v 0.436322 0.038921 -0.020699
v 0.399220 0.047112 -0.071325
v 0.425348 0.040896 -0.056389
v 0.385655 0.031148 -0.013015
v 0.413840 0.042057 -0.000221
v 0.334261 -0.178268 0.304304
v 0.330541 -0.194430 0.402579
v 0.340717 -0.128981 0.312484
v 0.335260 -0.137418 0.355420
v 0.329557 -0.241231 0.344898
v 0.327813 -0.251075 0.396134
v 0.396460 0.002962 0.109204
v 0.447379 0.029140 0.070963
v 0.420915 0.018024 0.117679
v 0.444396 0.027012 0.099480
v 0.396290 0.013421 0.079378
v 0.424351 0.032209 0.060457
v 0.138983 -0.059556 0.694820
v 0.226901 -0.105785 0.660515
v 0.145864 -0.111806 0.716077
v 0.192727 -0.135062 0.697813
v 0.174123 -0.035532 0.657745
v 0.214543 -0.059201 0.640242
v -0.138025 -0.060425 0.695477
v -0.227062 -0.104582 0.659615
v -0.144246 -0.113212 0.716016
v -0.192748 -0.135713 0.697911
v -0.172962 -0.035138 0.659021
v -0.213696 -0.059697 0.640596
v 0.112015 0.054167 0.595940
v 0.162370 0.054717 0.519265
v 0.103054 0.075901 0.559079
v 0.128374 0.075443 0.524419
v 0.150707 0.035214 0.594658
v 0.173799 0.033961 0.551322
v -0.111541 0.052988 0.597913
v -0.160654 0.056236 0.518943
v -0.101461 0.075359 0.559607
v -0.127169 0.077247 0.526126
v -0.148635 0.032714 0.595728
v -0.171971 0.033549 0.551187
v 0.279214 -0.052979 0.511878
v 0.257828 -0.009266 0.473149
v 0.295179 -0.037784 0.467587
v 0.288624 -0.020697 0.451328
v 0.252258 -0.035294 0.540757
v 0.239755 -0.010517 0.516878
v -0.278862 -0.050472 0.510746
v -0.257123 -0.008777 0.473716
v -0.294904 -0.038860 0.466431
v -0.288935 -0.022915 0.451158
v -0.251467 -0.035422 0.540270
v -0.237607 -0.011915 0.519129
v 0.095456 -0.000494 -0.559722
v 0.138815 0.007392 -0.484058
v 0.084749 0.007969 -0.508375
v 0.105151 0.006649 -0.478255
v 0.135065 0.002939 -0.573623
v 0.155869 0.012512 -0.527848
v -0.097027 -0.001311 -0.564642
v -0.139518 0.006155 -0.485914
v -0.085959 0.006006 -0.514483
v -0.107855 0.007203 -0.483305
v -0.137129 0.004585 -0.578216
v -0.158175 0.011950 -0.531969
v 0.149637 0.052965 -0.743033
v 0.263569 0.099403 -0.740377
v 0.164570 0.103592 -0.792034
v 0.223630 0.130734 -0.786752
v 0.182144 0.032816 -0.696006
v 0.236538 0.054170 -0.696418
v -0.149397 0.053461 -0.747761
v -0.264226 0.101554 -0.740620
v -0.165200 0.105156 -0.793793
v -0.225222 0.133646 -0.787601
v -0.184703 0.036155 -0.699409
v -0.238535 0.055943 -0.697969
v 0.237210 0.042483 -0.467180
v 0.276715 0.074690 -0.535630
v 0.263391 0.051556 -0.449565
v 0.280091 0.065695 -0.477276
v 0.226786 0.041468 -0.518588
v 0.250369 0.058468 -0.560901
v -0.238918 0.042546 -0.468037
v -0.276719 0.072120 -0.538659
v -0.265383 0.054587 -0.455531
v -0.281202 0.066409 -0.481629
v -0.226303 0.039172 -0.520586
v -0.250502 0.054454 -0.562060
v -0.046056 0.399911 -0.156327
v -0.063279 0.433870 -0.165981
v -0.026365 0.459771 -0.159409
v -0.048677 0.487008 -0.164009
v -0.076771 0.296956 -0.140531
v -0.036248 0.397907 -0.153654
v -0.073746 0.283439 -0.132664
v -0.099131 0.364103 -0.167786
v -0.073889 0.464771 -0.174068
v -0.115484 0.398837 -0.182864
v -0.099356 0.275854 -0.142828
v -0.125189 0.340830 -0.170982
v -0.125985 0.246020 -0.138189
v -0.099462 0.243583 -0.119497
v -0.125776 0.223922 -0.120216
v 0.048356 0.403427 -0.170503
v 0.065431 0.434315 -0.177984
v 0.035063 0.468924 -0.167669
v 0.053936 0.487381 -0.171303
v 0.063157 0.283925 -0.161295
v 0.040363 0.405134 -0.160749
v 0.063975 0.270028 -0.146862
v 0.099991 0.360646 -0.176145
v 0.077440 0.463053 -0.180354
v 0.118000 0.397730 -0.184892
v 0.101522 0.273370 -0.153865
v 0.126756 0.337960 -0.173970
v 0.128912 0.244218 -0.141062
v 0.091528 0.230048 -0.127564
v 0.126992 0.218844 -0.123333
v -0.239476 -0.582369 0.025805
v -0.271216 -0.655891 -0.021054
v -0.205659 -0.598040 0.023388
v -0.235999 -0.689689 -0.017312
v -0.273875 -0.512941 0.052059
v -0.216020 -0.563057 0.058212
v -0.259007 -0.502580 0.090103
v -0.326114 -0.596258 -0.043882
v -0.278105 -0.727226 -0.046011
v -0.343367 -0.643073 -0.086824
v -0.313418 -0.494784 0.006631
v -0.346548 -0.550441 -0.071031
v -0.330261 -0.446518 -0.009246
v -0.283991 -0.466351 0.080827
v -0.316604 -0.431113 0.030731
v 0.239406 -0.579954 0.027001
v 0.272733 -0.652221 -0.018581
v 0.206602 -0.598023 0.023177
v 0.235310 -0.684811 -0.017491
v 0.274439 -0.511872 0.053218
v 0.216910 -0.563301 0.056366
v 0.256770 -0.502744 0.090512
v 0.325271 -0.589718 -0.042577
v 0.278579 -0.725136 -0.044197
v 0.344023 -0.639647 -0.084885
v 0.313215 -0.492189 0.007737
v 0.345719 -0.546634 -0.069810
v 0.332728 -0.445346 -0.007764
v 0.282673 -0.465484 0.081572
v 0.318014 -0.429754 0.030784
v -0.000511 -0.488586 0.693551
v -0.076687 -0.440930 0.705176
v -0.030494 -0.530578 0.680993
v -0.117135 -0.497338 0.698209
v 0.077684 -0.441779 0.705887
v 0.030124 -0.531029 0.682347
v 0.118707 -0.495968 0.698556
v 0.045855 -0.349137 0.723501
v -0.045333 -0.348646 0.724191
v 0.048120 -0.293022 0.737872
v -0.048345 -0.293866 0.737387
v 0.134282 -0.431661 0.703677
v 0.094955 -0.325273 0.723362
v -0.132897 -0.431850 0.703649
v -0.095357 -0.325447 0.723651
v 0.000212 0.119846 0.346084
v -0.032655 0.117531 0.386155
v -0.010057 0.123592 0.311748
v -0.046278 0.117060 0.350615
v 0.033553 0.117393 0.383976
v 0.013869 0.123976 0.310350
v 0.046182 0.116889 0.346179
v 0.021854 0.114747 0.436421
v -0.022857 0.117022 0.440110
v 0.026911 0.112482 0.469024
v -0.025880 0.111455 0.470922
v 0.057138 0.113781 0.382519
v 0.048108 0.112570 0.444319
v -0.057696 0.113500 0.389508
v -0.047742 0.113559 0.447885
v 0.000639 -0.146533 -0.401593
v -0.029300 -0.093166 -0.403725
v -0.014187 -0.202331 -0.392266
v -0.046857 -0.135778 -0.394399
v 0.029305 -0.088104 -0.403448
v 0.012502 -0.200210 -0.394021
v 0.046413 -0.136578 -0.393223
v 0.017787 -0.008499 -0.418633
v -0.015565 -0.011969 -0.420067
v 0.018943 0.017271 -0.425941
v -0.017840 0.011511 -0.429576
v 0.049871 -0.081219 -0.398243
v 0.035690 0.000474 -0.416629
v -0.050998 -0.083124 -0.397196
v -0.034063 -0.009663 -0.420573
v 0.000354 0.495930 -0.675643
v -0.072955 0.436113 -0.698638
v -0.028800 0.549171 -0.652365
v -0.108778 0.478462 -0.675125
v 0.074896 0.435030 -0.697343
v 0.032202 0.548320 -0.653213
v 0.111333 0.478708 -0.675172
v 0.047195 0.347230 -0.740941
v -0.044542 0.348034 -0.741715
v 0.052214 0.291942 -0.768100
v -0.050574 0.292200 -0.764794
v 0.126841 0.417179 -0.700607
v 0.100199 0.321756 -0.755682
v -0.125101 0.418183 -0.701160
v -0.099247 0.323223 -0.752650
v 0.408229 0.020267 -0.287493
v 0.426908 0.021416 -0.213375
v 0.394461 0.029536 -0.281848
v 0.425944 0.021194 -0.203035
v 0.373932 0.041104 -0.245775
v 0.417161 0.032237 -0.200317
v 0.359471 0.046325 -0.225029
v 0.405491 0.039469 -0.178557
v 0.378551 0.034565 -0.306066
v 0.343233 0.046563 -0.261499
v 0.342431 0.038574 -0.323340
v 0.380015 0.037581 -0.319192
v 0.356577 0.035451 -0.342262
v 0.436383 0.019700 -0.174774
v 0.435754 0.028781 -0.163757
v 0.424007 0.010435 0.259698
v 0.443650 0.015083 0.210090
v 0.418474 0.001307 0.250303
v 0.444085 0.005713 0.198564
v 0.412602 0.015396 0.260720
v 0.437155 0.023839 0.208470
v 0.401366 0.006843 0.256130
v 0.433123 0.026283 0.196344
v 0.411025 0.013664 0.295204
v 0.389067 -0.004419 0.291528
v 0.386017 -0.003063 0.325458
v 0.404680 0.001330 0.282391
v 0.394694 0.004317 0.323228
v 0.452156 0.009675 0.180178
v 0.445332 0.023119 0.179381
v -0.399391 0.011980 -0.279059
v -0.420544 0.013675 -0.216424
v -0.385048 0.018616 -0.273207
v -0.421001 0.010010 -0.204545
v -0.385867 0.036126 -0.258203
v -0.418566 0.023064 -0.206834
v -0.369440 0.040855 -0.235299
v -0.409706 0.030630 -0.184552
v -0.390903 0.024619 -0.313480
v -0.357136 0.044705 -0.272096
v -0.361275 0.039792 -0.333058
v -0.374266 0.027019 -0.314156
v -0.375939 0.023263 -0.354688
v -0.432996 0.014420 -0.178724
v -0.429153 0.025116 -0.170409
v -0.429210 0.019227 0.256417
v -0.457379 0.038473 0.205803
v -0.422865 0.012779 0.243631
v -0.456969 0.033577 0.194482
v -0.420775 0.023221 0.261810
v -0.454822 0.044739 0.207214
v -0.406768 0.009086 0.256444
v -0.446008 0.036640 0.197918
v -0.419585 0.021147 0.296592
v -0.391899 -0.000675 0.291411
v -0.389695 0.000639 0.326943
v -0.404220 0.004632 0.277675
v -0.388648 0.001100 0.321776
v -0.469756 0.043527 0.175273
v -0.465705 0.049688 0.177493
v 0.022316 0.605389 -0.091532
v -0.016806 0.603444 -0.097075
v 0.006612 0.589770 -0.108752
v -0.023795 0.599716 -0.100487
v 0.000756 0.602856 -0.104893
v 0.006124 0.592013 -0.108682
v -0.007731 0.598286 -0.102660
v 0.019107 0.595430 -0.111626
v 0.007767 0.595001 -0.117529
v 0.028829 0.591639 -0.115951
v 0.016700 0.578984 -0.132932
v -0.009963 0.579636 -0.115337
v -0.025679 0.580498 -0.117934
v -0.009796 0.561707 -0.138443
v -0.014793 0.592949 -0.114211
v 0.001056 0.576274 -0.131587
v 0.015219 0.576451 -0.131035
v -0.001427 0.560501 -0.143017
v -0.008322 0.285691 -0.154461
v -0.067883 0.200878 -0.048794
v -0.011578 0.336667 -0.151751
v -0.061600 0.228434 -0.085546
v -0.034045 0.191208 0.045320
v -0.080915 0.161189 0.134931
v -0.039084 0.178019 0.125894
v -0.081263 0.152026 0.199706
v 0.007301 0.243751 -0.126680
v 0.016233 0.387794 -0.173808
v 0.019531 0.346599 -0.156024
v -0.108111 0.166440 0.086854
v -0.105434 0.201876 -0.008532
v -0.140825 0.160816 0.109498
v -0.023900 0.203500 0.042253
v 0.006123 0.273735 -0.120307
v -0.104298 0.142864 0.201449
v -0.136664 0.144144 0.156511
v -0.138127 0.590474 -0.291396
v -0.263468 0.587773 -0.340586
v -0.119051 0.544957 -0.242525
v -0.216701 0.532444 -0.284419
v -0.194893 0.796274 -0.484776
v -0.219433 0.623176 -0.507012
v -0.137632 0.691088 -0.524658
v -0.203114 0.601725 -0.562056
v -0.130334 0.695792 -0.357139
v -0.070649 0.545247 -0.221557
v -0.068776 0.615076 -0.283430
v -0.325729 0.624621 -0.443287
v -0.309172 0.552354 -0.322110
v -0.435813 0.592278 -0.436035
v -0.110846 0.733180 -0.476340
v -0.082366 0.685694 -0.353807
v -0.240765 0.559995 -0.543972
v -0.324037 0.547174 -0.471283
v -0.211335 0.219587 -0.208538
v -0.247722 0.126371 -0.133941
v -0.193101 0.258617 -0.196297
v -0.214608 0.157228 -0.130353
v -0.300724 0.103904 -0.242491
v -0.352616 0.049927 -0.156884
v -0.330014 0.076506 -0.252777
v -0.381020 0.033238 -0.167632
v -0.245573 0.210126 -0.269844
v -0.213707 0.311785 -0.239484
v -0.251017 0.307673 -0.308850
v -0.331837 0.057389 -0.102276
v -0.256518 0.105897 -0.095840
v -0.344484 0.046226 -0.061108
v -0.294832 0.117764 -0.291350
v -0.261364 0.239159 -0.320559
v -0.398743 0.023680 -0.120529
v -0.379694 0.031903 -0.067654
v -0.247931 0.095187 0.064195
v -0.285566 0.069179 0.036757
v -0.207058 0.124706 0.017125
v -0.240246 0.099874 -0.006032
v -0.353827 0.012450 0.178026
v -0.404804 0.005170 0.142771
v -0.379053 0.000607 0.202816
v -0.423773 0.005735 0.161293
v -0.282718 0.061824 0.145491
v -0.211240 0.125585 0.056092
v -0.244565 0.089663 0.142283
v -0.374137 0.017268 0.082484
v -0.280427 0.073978 0.004772
v -0.370285 0.020650 0.049319
v -0.342992 0.005993 0.214948
v -0.277529 0.056943 0.185852
v -0.431818 0.008122 0.130401
v -0.413760 0.005483 0.082577
v 0.004011 0.280149 -0.142582
v 0.072815 0.213676 -0.034694
v 0.012074 0.340915 -0.133403
v 0.067664 0.229900 -0.081575
v 0.032090 0.181118 0.040003
v 0.081955 0.162535 0.133086
v 0.031437 0.166943 0.117987
v 0.076870 0.145740 0.193455
v -0.000276 0.247219 -0.121602
v -0.015580 0.392386 -0.150274
v -0.024064 0.346893 -0.184115
v 0.011343 0.187391 0.031455
v -0.031209 0.245512 -0.168644
v 0.110427 0.176730 0.095578
v 0.107532 0.202647 -0.003202
v 0.142534 0.173146 0.121693
v 0.104049 0.142368 0.200481
v 0.137735 0.151485 0.164460
v 0.141623 0.588864 -0.294576
v 0.258984 0.589495 -0.339712
v 0.120087 0.541377 -0.247519
v 0.215202 0.532284 -0.285106
v 0.195477 0.796281 -0.484292
v 0.218546 0.622638 -0.505874
v 0.138259 0.692605 -0.525410
v 0.202482 0.602429 -0.561850
v 0.131820 0.695036 -0.357687
v 0.079608 0.545548 -0.232094
v 0.067960 0.616714 -0.285287
v 0.110271 0.732576 -0.477147
v 0.079727 0.682815 -0.352917
v 0.319693 0.622792 -0.446441
v 0.305034 0.553209 -0.321354
v 0.435690 0.599687 -0.435557
v 0.239853 0.559520 -0.543819
v 0.322461 0.547956 -0.470131
v 0.212657 0.218022 -0.210166
v 0.247278 0.132565 -0.134337
v 0.194739 0.257714 -0.197027
v 0.213742 0.159446 -0.129369
v 0.295139 0.110311 -0.238338
v 0.345270 0.063058 -0.157486
v 0.326605 0.083020 -0.253739
v 0.373016 0.047721 -0.171946
v 0.245117 0.215579 -0.266789
v 0.215838 0.309708 -0.241246
v 0.250096 0.308271 -0.309588
v 0.326920 0.072679 -0.105645
v 0.255403 0.115102 -0.096659
v 0.339005 0.057875 -0.064653
v 0.291333 0.123382 -0.287314
v 0.257721 0.242997 -0.317112
v 0.389862 0.040217 -0.123908
v 0.374840 0.044530 -0.071597
v 0.248051 0.094375 0.067587
v 0.285646 0.075057 0.039824
v 0.209052 0.124975 0.020370
v 0.242313 0.104384 -0.002597
v 0.353233 0.017545 0.178355
v 0.398353 0.009214 0.137146
v 0.381659 -0.001554 0.204443
v 0.428739 -0.004382 0.159831
v 0.282203 0.062423 0.150402
v 0.211335 0.122408 0.057232
v 0.243810 0.089155 0.146685
v 0.368862 0.030272 0.077277
v 0.281151 0.081612 0.005804
v 0.368438 0.034781 0.044016
v 0.340897 0.013060 0.212705
v 0.276612 0.058427 0.188715
v 0.436121 -0.001117 0.129306
v 0.408415 0.015379 0.074685
v -0.059528 -0.609648 0.029889
v -0.068790 -0.620966 -0.023629
v -0.097645 -0.609690 0.025582
v -0.113270 -0.638593 -0.026911
v 0.061937 -0.609854 0.029956
v 0.074441 -0.621790 -0.024972
v 0.099767 -0.610538 0.024650
v 0.117666 -0.641233 -0.029130
v 0.000568 -0.605795 0.056847
v -0.075225 -0.600269 0.063125
v -0.018430 -0.599527 0.111162
v 0.003789 -0.600743 -0.042599
v -0.099071 -0.634384 -0.052706
v -0.024918 -0.593832 -0.068353
v 0.075867 -0.599952 0.061437
v 0.017760 -0.598757 0.109364
v 0.102661 -0.639273 -0.052984
v 0.034490 -0.595502 -0.068705
v -0.162339 -0.566272 0.293115
v -0.228581 -0.531230 0.326882
v -0.171187 -0.552603 0.218842
v -0.229535 -0.510170 0.255807
v -0.128877 -0.768830 0.499320
v -0.274905 -0.768926 0.546389
v -0.093262 -0.756279 0.603380
v -0.244656 -0.764569 0.648520
v -0.112324 -0.591410 0.377037
v -0.136159 -0.572898 0.229761
v -0.084181 -0.590994 0.303664
v -0.279960 -0.573080 0.434773
v -0.255037 -0.486859 0.296207
v -0.288393 -0.488857 0.394960
v -0.078055 -0.670673 0.514121
v -0.068527 -0.599397 0.374782
v -0.310980 -0.688503 0.611056
v -0.306846 -0.530169 0.469804
v -0.167848 -0.731144 -0.265157
v -0.268472 -0.613301 -0.303737
v -0.213656 -0.785673 -0.222780
v -0.313222 -0.677070 -0.273160
v -0.094658 -0.440394 -0.297623
v -0.145009 -0.360606 -0.320882
v -0.070616 -0.373975 -0.321707
v -0.116777 -0.298826 -0.339187
v -0.101390 -0.572737 -0.247069
v -0.123817 -0.749615 -0.200541
v -0.080838 -0.602595 -0.203821
v -0.223260 -0.410341 -0.302302
v -0.318827 -0.553490 -0.284375
v -0.261991 -0.370283 -0.294379
v -0.056122 -0.436491 -0.295721
v -0.060504 -0.543518 -0.234135
v -0.150543 -0.280731 -0.332811
v -0.223017 -0.312337 -0.309226
v -0.353342 -0.237153 -0.136893
v -0.354078 -0.170476 -0.065148
v -0.362892 -0.322529 -0.128656
v -0.358031 -0.244813 -0.054149
v -0.312231 -0.022972 -0.154633
v -0.339992 0.019001 -0.096969
v -0.320807 0.021523 -0.169914
v -0.360587 0.031603 -0.119054
v -0.320697 -0.145114 -0.179141
v -0.355711 -0.313815 -0.173008
v -0.318423 -0.204748 -0.213718
v -0.337341 -0.033936 -0.046258
v -0.351648 -0.173553 -0.025134
v -0.342835 -0.039818 -0.010954
v -0.298651 -0.017121 -0.188874
v -0.299700 -0.128580 -0.213142
v -0.370384 0.032137 -0.082589
v -0.354386 0.005817 -0.026799
v -0.320813 -0.259056 0.184719
v -0.336100 -0.190435 0.123111
v -0.311983 -0.313038 0.164036
v -0.330415 -0.247544 0.102773
v -0.347611 -0.105142 0.228133
v -0.368082 -0.041391 0.166904
v -0.356013 -0.059043 0.236010
v -0.391690 -0.016575 0.175987
v -0.327431 -0.215140 0.246877
v -0.307571 -0.320213 0.211337
v -0.318775 -0.281252 0.281976
v -0.353892 -0.072736 0.120958
v -0.337958 -0.183647 0.085422
v -0.352197 -0.062760 0.089617
v -0.346233 -0.116716 0.270077
v -0.328218 -0.229810 0.294994
v -0.397918 -0.009671 0.144202
v -0.372916 -0.024400 0.103458
v 0.159051 -0.567328 0.293672
v 0.226872 -0.533764 0.327722
v 0.171099 -0.556671 0.218556
v 0.228073 -0.509367 0.255863
v 0.129029 -0.767994 0.499796
v 0.273776 -0.769220 0.545343
v 0.094060 -0.756311 0.604138
v 0.245032 -0.765233 0.647974
v 0.108378 -0.593263 0.377588
v 0.135341 -0.575848 0.227029
v 0.081330 -0.592000 0.302491
v 0.075478 -0.669339 0.515912
v 0.066264 -0.599925 0.375125
v 0.278109 -0.572640 0.435609
v 0.251906 -0.486318 0.296346
v 0.287888 -0.491350 0.395404
v 0.311542 -0.689571 0.608752
v 0.303853 -0.530032 0.465542
v 0.168775 -0.731318 -0.265153
v 0.268752 -0.611001 -0.303256
v 0.213845 -0.785552 -0.223073
v 0.313947 -0.676340 -0.272953
v 0.095194 -0.438471 -0.299993
v 0.146010 -0.361855 -0.320678
v 0.071646 -0.373903 -0.322389
v 0.115323 -0.298076 -0.339777
v 0.102355 -0.572070 -0.247047
v 0.126008 -0.749549 -0.201752
v 0.085123 -0.604848 -0.204924
v 0.055746 -0.436556 -0.295728
v 0.063417 -0.545285 -0.232264
v 0.221492 -0.408939 -0.302944
v 0.318710 -0.553734 -0.284502
v 0.261884 -0.370576 -0.294007
v 0.150104 -0.282647 -0.333108
v 0.221890 -0.313444 -0.309198
v 0.352832 -0.235883 -0.136490
v 0.353667 -0.169147 -0.065057
v 0.362963 -0.320069 -0.127958
v 0.356743 -0.243866 -0.054417
v 0.314408 -0.030005 -0.155716
v 0.339583 0.013812 -0.099525
v 0.318122 0.011418 -0.166727
v 0.355807 0.033098 -0.117942
v 0.320860 -0.142765 -0.178792
v 0.353664 -0.311973 -0.172060
v 0.318114 -0.201209 -0.213294
v 0.340154 -0.031286 -0.046654
v 0.351750 -0.172325 -0.027347
v 0.344262 -0.032235 -0.011116
v 0.299227 -0.019883 -0.187721
v 0.299410 -0.124713 -0.212392
v 0.367116 0.037789 -0.083852
v 0.357947 0.011075 -0.026670
v 0.322308 -0.258823 0.185570
v 0.337086 -0.185496 0.120546
v 0.314256 -0.314835 0.162668
v 0.329784 -0.247944 0.101367
v 0.348895 -0.104812 0.228166
v 0.369557 -0.040305 0.163759
v 0.358553 -0.060286 0.235631
v 0.390512 -0.014377 0.173152
v 0.328003 -0.216952 0.247538
v 0.306984 -0.319047 0.210807
v 0.318901 -0.280309 0.281024
v 0.354122 -0.067877 0.118434
v 0.339223 -0.180896 0.083075
v 0.353118 -0.057709 0.086178
v 0.344311 -0.117162 0.268399
v 0.327941 -0.227734 0.294004
v 0.394959 -0.006746 0.140059
v 0.371661 -0.016927 0.098525
v 0.047746 -0.065037 0.733203
v -0.048228 -0.065199 0.733935
v 0.053099 -0.121879 0.776301
v -0.053888 -0.122182 0.777721
v 0.038263 0.060040 0.618534
v -0.038913 0.061167 0.618252
v 0.035707 0.081923 0.577446
v -0.035085 0.082051 0.577387
v 0.084895 0.008398 0.667549
v 0.097803 -0.088347 0.731728
v 0.130253 -0.013493 0.665807
v -0.085416 0.007445 0.668153
v -0.097395 -0.089797 0.731496
v -0.129642 -0.013606 0.667393
v 0.072875 0.069432 0.589683
v 0.120892 0.024780 0.632522
v -0.073330 0.069624 0.590629
v -0.121167 0.024069 0.634100
v 0.299347 -0.286867 0.602120
v 0.270512 -0.190531 0.638483
v 0.276904 -0.337101 0.646953
v 0.236874 -0.228425 0.673826
v 0.324816 -0.143840 0.448754
v 0.308181 -0.093699 0.486638
v 0.333373 -0.100196 0.402969
v 0.319593 -0.068329 0.440600
v 0.321012 -0.249986 0.501477
v 0.306709 -0.368392 0.609422
v 0.322557 -0.317804 0.500341
v 0.332958 -0.144968 0.403389
v 0.325831 -0.253490 0.450178
v 0.279186 -0.105258 0.578208
v 0.234960 -0.162295 0.672125
v 0.249283 -0.083724 0.611325
v 0.300453 -0.062474 0.476851
v 0.263904 -0.066991 0.560131
v -0.298111 -0.286773 0.601580
v -0.269827 -0.189565 0.637806
v -0.276079 -0.336016 0.646740
v -0.236398 -0.227911 0.674918
v -0.325698 -0.143318 0.449249
v -0.307997 -0.095401 0.485654
v -0.332559 -0.101041 0.402428
v -0.319683 -0.069232 0.439483
v -0.322290 -0.249287 0.500854
v -0.306567 -0.368423 0.609936
v -0.324148 -0.317219 0.501960
v -0.332353 -0.142524 0.403675
v -0.329190 -0.252399 0.449610
v -0.277587 -0.106384 0.577474
v -0.234806 -0.162631 0.671929
v -0.249492 -0.084590 0.613395
v -0.302284 -0.064747 0.477722
v -0.264125 -0.068332 0.561690
v 0.173182 0.074959 0.378079
v 0.169216 0.064935 0.447136
v 0.142930 0.088936 0.382137
v 0.138863 0.083918 0.453588
v 0.272706 0.011978 0.351149
v 0.264204 0.003772 0.409321
v 0.309612 -0.007844 0.336917
v 0.300345 -0.009903 0.391812
v 0.222445 0.050738 0.332842
v 0.158393 0.088561 0.345507
v 0.204974 0.071657 0.301351
v 0.291935 0.007627 0.314457
v 0.236517 0.050661 0.295574
v 0.213839 0.027298 0.465912
v 0.150835 0.072485 0.488569
v 0.194341 0.032429 0.507818
v 0.278443 -0.008603 0.430610
v 0.225502 0.010377 0.491414
v -0.173536 0.075805 0.379545
v -0.168678 0.067826 0.450159
v -0.142028 0.092506 0.383498
v -0.138242 0.085722 0.455690
v -0.273219 0.010741 0.350166
v -0.264496 0.000904 0.410259
v -0.310340 -0.008184 0.337743
v -0.301456 -0.011091 0.394327
v -0.222785 0.052944 0.331915
v -0.158400 0.090434 0.345487
v -0.204619 0.074662 0.299760
v -0.294028 0.005690 0.315190
v -0.237985 0.052292 0.294455
v -0.212856 0.026360 0.467216
v -0.149887 0.072098 0.488343
v -0.192093 0.031055 0.509845
v -0.278281 -0.007754 0.432614
v -0.225978 0.010125 0.495295
v 0.030940 0.012522 -0.569057
v -0.034379 0.012435 -0.571897
v 0.028092 0.019357 -0.516738
v -0.027345 0.017368 -0.519159
v 0.050328 0.075783 -0.730333
v -0.050591 0.074610 -0.733205
v 0.055541 0.122296 -0.769791
v -0.053752 0.120479 -0.768192
v 0.080439 0.020700 -0.653383
v 0.059681 0.008028 -0.541323
v 0.108823 -0.001219 -0.618373
v -0.081531 0.018249 -0.658303
v -0.062455 0.008075 -0.544825
v -0.111377 -0.000051 -0.624866
v 0.104964 0.089833 -0.759364
v 0.129885 0.016831 -0.683948
v -0.104699 0.088073 -0.762890
v -0.131420 0.018655 -0.689621
v 0.146450 -0.032559 -0.360957
v 0.139274 0.003014 -0.409647
v 0.121857 -0.048642 -0.370789
v 0.111435 -0.004531 -0.415360
v 0.233006 0.013574 -0.324337
v 0.230912 0.030418 -0.389244
v 0.259439 0.027274 -0.308347
v 0.258317 0.041808 -0.373251
v 0.194293 -0.031942 -0.319580
v 0.147811 -0.080933 -0.351592
v 0.199789 -0.086812 -0.314873
v 0.249588 0.006328 -0.288369
v 0.218403 -0.051867 -0.294026
v 0.187686 0.019151 -0.442236
v 0.124689 0.003387 -0.445459
v 0.173102 0.016224 -0.485096
v 0.247590 0.042660 -0.420025
v 0.205029 0.029606 -0.477900
v -0.144615 -0.032592 -0.358007
v -0.139734 -0.000151 -0.412518
v -0.118816 -0.044816 -0.369275
v -0.110079 -0.004215 -0.416536
v -0.233963 0.013906 -0.326885
v -0.233746 0.032964 -0.392687
v -0.262022 0.036319 -0.312782
v -0.263607 0.050698 -0.379200
v -0.191081 -0.037124 -0.318400
v -0.145105 -0.080103 -0.349725
v -0.195539 -0.088008 -0.312954
v -0.246775 0.009461 -0.291741
v -0.214894 -0.058272 -0.293678
v -0.188372 0.017453 -0.443890
v -0.123873 0.002566 -0.446560
v -0.175999 0.015562 -0.485628
v -0.250535 0.045319 -0.422146
v -0.208194 0.028009 -0.481638
v 0.294639 0.289916 -0.636186
v 0.307884 0.194484 -0.715710
v 0.267813 0.330459 -0.672882
v 0.272316 0.231926 -0.757935
v 0.307653 0.162454 -0.486134
v 0.307324 0.115778 -0.525444
v 0.318005 0.123879 -0.439253
v 0.311174 0.092276 -0.471431
v 0.295174 0.257645 -0.529822
v 0.272706 0.353610 -0.614537
v 0.284336 0.321367 -0.517679
v 0.306076 0.161002 -0.437354
v 0.288473 0.263649 -0.472897
v 0.302041 0.115197 -0.636759
v 0.278585 0.161233 -0.764572
v 0.280117 0.081964 -0.676418
v 0.295379 0.086572 -0.504691
v 0.275478 0.079846 -0.600820
v -0.294450 0.288148 -0.639042
v -0.307390 0.194424 -0.717569
v -0.267494 0.328510 -0.673476
v -0.270901 0.232767 -0.760081
v -0.302759 0.156282 -0.485280
v -0.301512 0.111298 -0.525662
v -0.308762 0.114263 -0.435502
v -0.307366 0.087534 -0.470234
v -0.292369 0.255752 -0.529113
v -0.273268 0.352337 -0.617140
v -0.284688 0.320488 -0.521487
v -0.300290 0.154088 -0.435738
v -0.288652 0.262653 -0.475618
v -0.300125 0.112088 -0.635955
v -0.277057 0.163311 -0.766329
v -0.278730 0.081953 -0.677532
v -0.294464 0.084125 -0.507968
v -0.275493 0.078929 -0.603226
v 0.471523 0.005938 -0.022201
v 0.462587 0.017768 -0.023897
v 0.464889 0.009109 -0.059114
v 0.456154 0.021675 -0.058476
v 0.481178 -0.002390 0.070014
v 0.476255 0.010067 0.068159
v 0.476890 -0.001064 0.097486
v 0.468051 0.013113 0.094920
v 0.478087 -0.005261 0.027522
v 0.466048 0.004926 -0.040053
v 0.470604 -0.003199 0.010714
v 0.478788 -0.006950 0.086374
v 0.476102 -0.006578 0.044828
v 0.461458 0.023778 0.025656
v 0.447451 0.029781 -0.039929
v 0.441696 0.036624 0.011540
v 0.460721 0.020728 0.082383
v 0.445691 0.033097 0.043686
v -0.477202 0.029248 -0.020788
v -0.473700 0.037797 -0.023385
v -0.467656 0.022410 -0.056470
v -0.463641 0.032835 -0.058576
v -0.492125 0.042133 0.069132
v -0.491611 0.050347 0.065053
v -0.491184 0.040077 0.096724
v -0.485507 0.050813 0.092517
v -0.485775 0.031599 0.029993
v -0.469425 0.020236 -0.038698
v -0.472297 0.024892 0.013266
v -0.486354 0.037281 0.085113
v -0.475255 0.026036 0.044595
v -0.479296 0.046621 0.023884
v -0.459549 0.040055 -0.039630
v -0.452974 0.038559 0.011374
v -0.483106 0.049378 0.079097
v -0.460999 0.038526 0.042724
v 0.009035 0.521060 -0.153261
v -0.001872 0.452305 -0.161942
v -0.047065 0.539326 -0.152452
v -0.070907 0.522623 -0.177634
v 0.022218 0.519447 -0.160968
v -0.050094 0.543122 -0.160104
v -0.101529 0.219466 -0.080670
v -0.134364 0.191180 -0.054919
v -0.138336 0.189693 -0.019065
v -0.178422 0.428911 -0.223058
v -0.176771 0.366212 -0.189357
v -0.213211 0.420352 -0.244514
v -0.186929 0.164618 -0.103438
v -0.191690 0.146945 -0.077855
v -0.227915 0.117818 -0.067361
v 0.001015 0.542061 -0.142771
v 0.004905 0.472187 -0.155611
v 0.046460 0.539850 -0.156340
v 0.072147 0.519822 -0.181137
v -0.016105 0.532436 -0.147156
v 0.049514 0.541191 -0.165918
v 0.103489 0.212378 -0.079190
v 0.136002 0.183620 -0.052492
v 0.138526 0.181301 -0.018941
v 0.179201 0.429917 -0.221779
v 0.175786 0.367656 -0.188434
v 0.212288 0.422995 -0.244948
v 0.189549 0.167401 -0.100062
v 0.195266 0.149274 -0.073778
v 0.229805 0.124156 -0.064623
v -0.144469 -0.585699 0.053373
v -0.161415 -0.565779 0.100410
v -0.175045 -0.724211 -0.053364
v -0.207723 -0.790377 -0.093734
v -0.127004 -0.578395 0.102405
v -0.142483 -0.757679 -0.087238
v -0.261689 -0.460618 0.175608
v -0.284291 -0.418288 0.155570
v -0.279495 -0.422369 0.209738
v -0.366555 -0.600736 -0.182866
v -0.366347 -0.499473 -0.147761
v -0.366300 -0.502268 -0.203987
v -0.343306 -0.312975 -0.000330
v -0.335169 -0.310067 0.037997
v -0.342201 -0.245322 0.024339
v 0.146750 -0.588706 0.049814
v 0.161960 -0.567746 0.097611
v 0.176349 -0.726351 -0.052049
v 0.208005 -0.790102 -0.093344
v 0.125297 -0.579583 0.095948
v 0.142404 -0.760031 -0.086991
v 0.259911 -0.460834 0.176655
v 0.284508 -0.416121 0.159074
v 0.277398 -0.423295 0.210507
v 0.366376 -0.599062 -0.181652
v 0.367605 -0.498977 -0.146842
v 0.366109 -0.500989 -0.204319
v 0.347580 -0.314074 -0.000802
v 0.336568 -0.308386 0.038134
v 0.344850 -0.244630 0.023501
v -0.034667 -0.571700 0.631148
v 0.033581 -0.570721 0.631023
v -0.236362 -0.569973 0.698339
v -0.241448 -0.468698 0.688146
v -0.001517 -0.562930 0.580132
v -0.291934 -0.529410 0.670244
v 0.237864 -0.571954 0.697773
v 0.242438 -0.470767 0.687370
v 0.291778 -0.529171 0.669184
v 0.099992 -0.206225 0.742751
v 0.148358 -0.233779 0.721795
v -0.098604 -0.205580 0.742522
v -0.148919 -0.233365 0.721635
v 0.148241 -0.170456 0.724980
v -0.148424 -0.169970 0.723653
v -0.012963 0.161012 0.196354
v 0.008010 0.155577 0.196753
v -0.085752 0.118788 0.307060
v -0.099649 0.109989 0.347610
v -0.005115 0.184771 0.122575
v -0.113401 0.113227 0.303393
v 0.084696 0.117706 0.305582
v 0.099591 0.109336 0.346965
v 0.111516 0.113454 0.307927
v 0.060688 0.101567 0.514154
v 0.086561 0.102230 0.485646
v -0.060017 0.101064 0.515432
v -0.085630 0.102664 0.488853
v 0.094168 0.091053 0.522292
v -0.093954 0.091438 0.521943
v -0.016755 -0.318323 -0.356808
v 0.017908 -0.318024 -0.354470
v -0.093643 -0.173803 -0.367552
v -0.095649 -0.113715 -0.373263
v 0.001541 -0.375560 -0.324903
v -0.121772 -0.157350 -0.357502
v 0.093725 -0.174504 -0.371609
v 0.096532 -0.116808 -0.376143
v 0.121717 -0.160875 -0.359876
v 0.047018 0.021818 -0.455005
v 0.064918 0.009232 -0.437439
v -0.046391 0.015440 -0.461530
v -0.066440 0.004992 -0.442938
v 0.075439 0.012558 -0.468204
v -0.076588 0.008746 -0.474528
v -0.034568 0.653940 -0.590964
v 0.037357 0.653756 -0.590824
v -0.201432 0.506522 -0.649594
v -0.212163 0.433147 -0.669665
v -0.000091 0.686694 -0.536350
v -0.238681 0.469167 -0.631369
v 0.202731 0.506937 -0.649292
v 0.212673 0.434564 -0.669273
v 0.239790 0.471457 -0.630217
v 0.119593 0.201740 -0.814374
v 0.174287 0.233018 -0.812037
v -0.114014 0.204484 -0.797050
v -0.173608 0.234764 -0.812236
v 0.173281 0.165805 -0.817964
v -0.174250 0.167884 -0.817599
v 0.343944 0.072587 -0.311556
v 0.336365 0.081880 -0.352653
v 0.425865 0.016515 -0.151338
v 0.445372 0.011929 -0.121671
v 0.318202 0.108116 -0.348835
v 0.440069 0.012647 -0.106396
v 0.311526 0.042035 -0.215157
v 0.297793 0.042878 -0.250706
v 0.405834 0.044209 -0.122642
v 0.433856 0.036924 -0.109204
v 0.288139 0.023224 -0.233072
v 0.416993 0.043019 -0.089767
v 0.297523 0.045770 -0.384209
v 0.312509 0.050716 -0.406487
v 0.288515 0.055540 -0.430004
v 0.383650 -0.008417 0.254608
v 0.366387 -0.010158 0.286909
v 0.459471 -0.006434 0.159987
v 0.470018 -0.004719 0.143104
v 0.350996 -0.007894 0.270577
v 0.469002 -0.010325 0.130275
v 0.362615 -0.041351 0.280938
v 0.355450 -0.050862 0.319527
v 0.434589 0.025057 0.155623
v 0.449136 0.025003 0.137749
v 0.347349 -0.087043 0.317103
v 0.439354 0.026508 0.126185
v 0.339133 -0.027214 0.391823
v 0.338683 -0.017864 0.385862
v 0.315197 -0.027816 0.422227
v -0.342721 0.063454 -0.305778
v -0.333749 0.074063 -0.350410
v -0.429921 0.008241 -0.147160
v -0.446334 0.008628 -0.120335
v -0.318207 0.102775 -0.346607
v -0.444212 0.007110 -0.102742
v -0.322543 0.044324 -0.226492
v -0.308922 0.055353 -0.260999
v -0.413131 0.037952 -0.126712
v -0.440848 0.033304 -0.111928
v -0.290433 0.033986 -0.239704
v -0.426211 0.038738 -0.090164
v -0.310033 0.059739 -0.390138
v -0.318896 0.058852 -0.409564
v -0.294074 0.061596 -0.432836
v -0.383627 -0.004083 0.254809
v -0.368035 -0.011163 0.289263
v -0.461236 0.027477 0.156651
v -0.480026 0.041977 0.136418
v -0.351812 -0.009493 0.268731
v -0.468414 0.029003 0.127642
v -0.362634 -0.038168 0.280865
v -0.354531 -0.049286 0.320745
v -0.446160 0.030897 0.156932
v -0.468806 0.049405 0.137003
v -0.348539 -0.083111 0.315763
v -0.453332 0.035395 0.127818
v -0.338283 -0.026948 0.392253
v -0.339231 -0.018402 0.385085
v -0.316662 -0.027359 0.422237
v 0.013078 0.453081 -0.169559
v -0.005607 0.455889 -0.187241
v -0.002880 0.362641 -0.173647
v -0.010385 0.555671 -0.213842
v 0.003940 0.555813 -0.211922
v -0.003262 0.608525 -0.280610
v -0.203172 0.110722 0.177462
v -0.193999 0.100988 0.221381
v -0.229404 0.079210 0.221726
v -0.290609 0.425972 -0.401197
v -0.285103 0.410537 -0.453619
v -0.278006 0.337587 -0.413057
v -0.406279 0.013072 0.013994
v -0.437312 0.010639 0.007097
v -0.441024 0.009141 0.041007
v 0.203709 0.110953 0.182310
v 0.194081 0.102497 0.222490
v 0.227811 0.078701 0.223907
v 0.289669 0.426233 -0.404136
v 0.284998 0.411914 -0.454284
v 0.278979 0.338560 -0.411922
v 0.400321 0.024199 0.005777
v 0.438441 0.009354 0.001048
v 0.450508 0.002475 0.039185
v -0.021408 -0.594868 0.235035
v 0.017509 -0.594633 0.233910
v -0.000648 -0.593993 0.304547
v -0.022675 -0.577699 -0.144186
v 0.030981 -0.578972 -0.143828
v 0.002259 -0.557363 -0.185934
v -0.311450 -0.364490 0.377175
v -0.316069 -0.381089 0.436696
v -0.322913 -0.306588 0.388823
v -0.280085 -0.224901 -0.277591
v -0.244527 -0.185904 -0.301047
v -0.259862 -0.147115 -0.272701
v -0.366803 -0.007337 0.040224
v -0.394677 0.013773 0.020240
v -0.399368 0.007663 0.050634
v 0.312593 -0.365277 0.375031
v 0.317977 -0.381654 0.435508
v 0.323055 -0.309273 0.387782
v 0.281787 -0.222822 -0.277522
v 0.245196 -0.186810 -0.299694
v 0.260903 -0.143898 -0.272033
v 0.365733 0.003036 0.037625
v 0.391545 0.030153 0.020611
v 0.395006 0.023333 0.050540
v 0.201576 -0.019200 0.615665
v 0.187265 0.010293 0.583974
v 0.220791 -0.015236 0.564536
v -0.199601 -0.021049 0.615687
v -0.185383 0.009292 0.583722
v -0.219896 -0.013818 0.565161
v 0.176798 0.019595 -0.580444
v 0.203015 0.034674 -0.634375
v 0.216607 0.040054 -0.574600
v -0.179751 0.019497 -0.582306
v -0.206864 0.032211 -0.639602
v -0.218069 0.037584 -0.577217
f 1 647 644
f 1 644 643
f 1 643 645
f 1 645 646
f 1 646 647
f 2 649 652
f 6 672 670
f 12 702 699
f 11 696 695
f 8 679 681
f 4 662 659
f 4 659 658
f 4 658 660
f 4 660 661
f 4 661 662
f 5 666 665
f 3 654 657
f 7 673 677
f 9 685 686
f 10 692 688
f 12 701 698
f 6 669 668
f 2 650 648
f 8 682 678
f 11 697 693
f 6 671 669
f 12 700 701
f 11 694 697
f 8 680 682
f 2 651 650
f 10 690 689
f 5 663 664
f 3 655 653
f 7 676 674
f 9 687 684
f 10 691 690
f 5 667 663
f 3 656 655
f 7 675 676
f 9 683 687
f 6 668 672
f 2 648 649
f 8 678 679
f 11 693 696
f 12 698 702
f 10 688 691
f 5 665 667
f 3 657 656
f 7 677 675
f 9 686 683
f 5 664 666
f 3 653 654
f 7 674 673
f 9 684 685
f 10 689 692
f 6 670 671
f 12 699 700
f 11 695 694
f 8 681 680
f 2 652 651
f 35 837 838
f 18 735 736
f 19 742 741
f 40 868 867
f 42 880 879
f 34 832 831
f 33 827 828
f 25 778 780
f 36 844 846
f 20 749 747
f 32 819 820
f 23 765 767
f 24 773 771
f 37 850 849
f 41 876 875
f 34 833 834
f 33 826 825
f 25 779 777
f 36 845 843
f 20 748 750
f 17 729 727
f 14 711 709
f 13 706 703
f 15 718 715
f 16 724 721
f 18 737 733
f 35 839 835
f 42 882 878
f 40 870 866
f 19 744 740
f 30 807 805
f 27 789 787
f 22 762 758
f 28 797 793
f 29 802 799
f 32 821 817
f 23 766 763
f 24 774 770
f 37 852 848
f 41 874 872
f 35 838 836
f 18 736 734
f 19 741 739
f 40 867 865
f 42 879 877
f 34 831 829
f 33 828 824
f 25 780 776
f 36 846 842
f 20 747 745
f 32 820 818
f 23 767 764
f 24 771 769
f 37 849 847
f 41 875 871
f 34 834 830
f 33 825 823
f 25 777 775
f 36 843 841
f 20 750 746
f 14 714 710
f 13 707 704
f 15 719 716
f 16 725 722
f 17 732 728
f 21 755 752
f 31 814 811
f 26 784 781
f 38 857 853
f 39 862 860
f 27 792 788
f 22 759 757
f 28 796 794
f 29 803 800
f 30 810 806
f 31 815 812
f 26 785 782
f 38 856 854
f 39 863 859
f 21 754 751
f 14 712 714
f 13 705 707
f 15 717 719
f 16 723 725
f 17 730 732
f 21 753 755
f 31 816 814
f 26 786 784
f 38 858 857
f 39 861 862
f 27 791 792
f 22 761 759
f 28 795 796
f 29 801 803
f 30 808 810
f 31 813 815
f 26 783 785
f 38 855 856
f 39 864 863
f 21 756 754
f 14 709 712
f 13 703 705
f 15 715 717
f 16 721 723
f 17 727 730
f 21 751 753
f 31 812 816
f 26 782 786
f 38 854 858
f 39 859 861
f 27 787 791
f 22 758 761
f 28 793 795
f 29 799 801
f 30 805 808
f 31 811 813
f 26 781 783
f 38 853 855
f 39 860 864
f 21 752 756
f 17 728 731
f 14 710 713
f 13 704 708
f 15 716 720
f 16 722 726
f 18 734 738
f 35 836 840
f 42 877 881
f 40 865 869
f 19 739 743
f 30 806 809
f 27 788 790
f 22 757 760
f 28 794 798
f 29 800 804
f 32 818 822
f 23 764 768
f 24 769 772
f 37 847 851
f 41 871 873
f 35 835 837
f 18 733 735
f 19 740 742
f 40 866 868
f 42 878 880
f 34 830 832
f 33 823 827
f 25 775 778
f 36 841 844
f 20 746 749
f 32 817 819
f 23 763 765
f 24 770 773
f 37 848 850
f 41 872 876
f 34 829 833
f 33 824 826
f 25 776 779
f 36 842 845
f 20 745 748
f 17 731 729
f 14 713 711
f 13 708 706
f 15 720 718
f 16 726 724
f 18 738 737
f 35 840 839
f 42 881 882
f 40 869 870
f 19 743 744
f 30 809 807
f 27 790 789
f 22 760 762
f 28 798 797
f 29 804 802
f 32 822 821
f 23 768 766
f 24 772 774
f 37 851 852
f 41 873 874
f 107 1269 1270
f 103 1245 1246
f 104 1252 1251
f 110 1288 1287
f 113 1306 1305
f 118 1336 1335
f 154 1551 1552
f 141 1473 1474
f 162 1599 1600
f 121 1354 1353
f 142 1479 1480
f 129 1401 1402
f 130 1408 1407
f 144 1492 1491
f 146 1504 1503
f 151 1533 1534
f 131 1414 1413
f 136 1444 1443
f 161 1594 1593
f 126 1383 1384
f 116 1323 1324
f 108 1275 1276
f 106 1263 1264
f 112 1299 1300
f 115 1317 1318
f 119 1341 1342
f 156 1564 1563
f 139 1462 1461
f 160 1588 1587
f 120 1347 1348
f 149 1521 1522
f 132 1420 1419
f 128 1395 1396
f 145 1497 1498
f 148 1515 1516
f 155 1557 1558
f 133 1425 1426
f 134 1431 1432
f 157 1570 1569
f 124 1372 1371
f 109 1282 1281
f 105 1258 1257
f 111 1294 1293
f 114 1312 1311
f 117 1330 1329
f 125 1378 1377
f 152 1540 1539
f 137 1449 1450
f 158 1575 1576
f 123 1365 1366
f 143 1486 1485
f 127 1390 1389
f 135 1437 1438
f 147 1510 1509
f 150 1528 1527
f 153 1546 1545
f 140 1468 1467
f 138 1455 1456
f 159 1581 1582
f 122 1359 1360
f 107 1272 1271
f 103 1248 1247
f 104 1253 1254
f 110 1289 1290
f 113 1307 1308
f 118 1337 1338
f 154 1554 1553
f 141 1476 1475
f 162 1602 1601
f 121 1355 1356
f 142 1482 1481
f 129 1404 1403
f 130 1409 1410
f 144 1493 1494
f 146 1505 1506
f 151 1536 1535
f 131 1415 1416
f 136 1445 1446
f 161 1595 1596
f 126 1386 1385
f 47 909 907
f 44 891 889
f 43 886 883
f 45 898 895
f 46 904 901
f 49 922 919
f 72 1060 1057
f 102 1240 1237
f 96 1204 1201
f 79 1102 1099
f 62 999 997
f 59 981 979
f 58 976 973
f 60 988 985
f 61 994 991
f 66 1024 1021
f 54 952 949
f 73 1066 1063
f 85 1138 1135
f 92 1179 1177
f 101 1233 1231
f 69 1041 1039
f 50 927 925
f 82 1119 1117
f 97 1209 1207
f 71 1053 1051
f 100 1228 1225
f 94 1192 1189
f 80 1108 1105
f 51 933 931
f 90 1167 1165
f 63 1005 1003
f 55 957 955
f 76 1083 1081
f 87 1150 1147
f 91 1174 1171
f 67 1029 1027
f 56 963 961
f 75 1077 1075
f 83 1126 1123
f 68 1036 1033
f 48 915 913
f 78 1095 1093
f 93 1185 1183
f 98 1216 1213
f 88 1155 1153
f 65 1018 1015
f 57 970 967
f 77 1090 1087
f 86 1143 1141
f 64 1012 1009
f 53 945 943
f 74 1071 1069
f 84 1131 1129
f 89 1162 1159
f 70 1047 1045
f 99 1221 1219
f 95 1197 1195
f 81 1114 1111
f 52 940 937
f 109 1284 1280
f 105 1260 1256
f 111 1296 1292
f 114 1314 1310
f 117 1332 1328
f 125 1380 1376
f 152 1542 1538
f 137 1451 1447
f 158 1577 1573
f 123 1367 1363
f 143 1488 1484
f 127 1392 1388
f 135 1439 1435
f 147 1512 1508
f 150 1530 1526
f 153 1548 1544
f 140 1470 1466
f 138 1457 1453
f 159 1583 1579
f 122 1361 1357
f 107 1270 1268
f 103 1246 1244
f 104 1251 1249
f 110 1287 1285
f 113 1305 1303
f 118 1335 1333
f 154 1552 1550
f 141 1474 1472
f 162 1600 1598
f 121 1353 1351
f 142 1480 1478
f 129 1402 1400
f 130 1407 1405
f 144 1491 1489
f 146 1503 1501
f 151 1534 1532
f 131 1413 1411
f 136 1443 1441
f 161 1593 1591
f 126 1384 1382
f 116 1324 1322
f 108 1276 1274
f 106 1264 1262
f 112 1300 1298
f 115 1318 1316
f 119 1342 1340
f 156 1563 1561
f 139 1461 1459
f 160 1587 1585
f 120 1348 1346
f 149 1522 1520
f 132 1419 1417
f 128 1396 1394
f 145 1498 1496
f 148 1516 1514
f 155 1558 1556
f 133 1426 1424
f 134 1432 1430
f 157 1569 1567
f 124 1371 1369
f 109 1281 1279
f 105 1257 1255
f 111 1293 1291
f 114 1311 1309
f 117 1329 1327
f 125 1377 1375
f 152 1539 1537
f 137 1450 1448
f 158 1576 1574
f 123 1366 1364
f 143 1485 1483
f 127 1389 1387
f 135 1438 1436
f 147 1509 1507
f 150 1527 1525
f 153 1545 1543
f 140 1467 1465
f 138 1456 1454
f 159 1582 1580
f 122 1360 1358
f 107 1271 1267
f 103 1247 1243
f 104 1254 1250
f 110 1290 1286
f 113 1308 1304
f 118 1338 1334
f 154 1553 1549
f 141 1475 1471
f 162 1601 1597
f 121 1356 1352
f 142 1481 1477
f 129 1403 1399
f 130 1410 1406
f 144 1494 1490
f 146 1506 1502
f 151 1535 1531
f 131 1416 1412
f 136 1446 1442
f 161 1596 1592
f 126 1385 1381
f 44 894 890
f 43 887 884
f 45 899 896
f 46 905 902
f 47 912 908
f 52 941 938
f 70 1050 1046
f 99 1224 1220
f 95 1200 1196
f 81 1115 1112
f 59 984 980
f 58 977 974
f 60 989 986
f 61 995 992
f 62 1002 998
f 65 1019 1016
f 57 971 968
f 77 1091 1088
f 86 1146 1142
f 88 1158 1154
f 98 1217 1214
f 68 1037 1034
f 48 918 914
f 78 1098 1094
f 93 1188 1184
f 69 1044 1040
f 101 1236 1232
f 97 1212 1208
f 82 1122 1118
f 50 930 926
f 89 1163 1160
f 64 1013 1010
f 53 948 944
f 74 1074 1070
f 84 1134 1130
f 90 1170 1166
f 63 1008 1004
f 55 960 956
f 76 1086 1082
f 87 1151 1148
f 72 1061 1058
f 49 923 920
f 79 1103 1100
f 96 1205 1202
f 102 1241 1238
f 91 1175 1172
f 67 1032 1028
f 56 966 962
f 75 1080 1076
f 83 1127 1124
f 66 1025 1022
f 54 953 950
f 73 1067 1064
f 85 1139 1136
f 92 1182 1178
f 71 1056 1052
f 100 1229 1226
f 94 1193 1190
f 80 1109 1106
f 51 936 932
f 116 1325 1321
f 108 1277 1273
f 106 1265 1261
f 112 1301 1297
f 115 1319 1315
f 119 1343 1339
f 156 1566 1562
f 139 1464 1460
f 160 1590 1586
f 120 1349 1345
f 149 1523 1519
f 132 1422 1418
f 128 1397 1393
f 145 1499 1495
f 148 1517 1513
f 155 1559 1555
f 133 1427 1423
f 134 1433 1429
f 157 1572 1568
f 124 1374 1370
f 44 892 894
f 43 885 887
f 45 897 899
f 46 903 905
f 47 910 912
f 52 939 941
f 70 1048 1050
f 99 1222 1224
f 95 1198 1200
f 81 1113 1115
f 59 982 984
f 58 975 977
f 60 987 989
f 61 993 995
f 62 1000 1002
f 65 1017 1019
f 57 969 971
f 77 1089 1091
f 86 1144 1146
f 88 1156 1158
f 98 1215 1217
f 68 1035 1037
f 48 916 918
f 78 1096 1098
f 93 1186 1188
f 69 1042 1044
f 101 1234 1236
f 97 1210 1212
f 82 1120 1122
f 50 928 930
f 89 1161 1163
f 64 1011 1013
f 53 946 948
f 74 1072 1074
f 84 1132 1134
f 90 1168 1170
f 63 1006 1008
f 55 958 960
f 76 1084 1086
f 87 1149 1151
f 72 1059 1061
f 49 921 923
f 79 1101 1103
f 96 1203 1205
f 102 1239 1241
f 91 1173 1175
f 67 1030 1032
f 56 964 966
f 75 1078 1080
f 83 1125 1127
f 66 1023 1025
f 54 951 953
f 73 1065 1067
f 85 1137 1139
f 92 1180 1182
f 71 1054 1056
f 100 1227 1229
f 94 1191 1193
f 80 1107 1109
f 51 934 936
f 116 1326 1325
f 108 1278 1277
f 106 1266 1265
f 112 1302 1301
f 115 1320 1319
f 119 1344 1343
f 156 1565 1566
f 139 1463 1464
f 160 1589 1590
f 120 1350 1349
f 149 1524 1523
f 132 1421 1422
f 128 1398 1397
f 145 1500 1499
f 148 1518 1517
f 155 1560 1559
f 133 1428 1427
f 134 1434 1433
f 157 1571 1572
f 124 1373 1374
f 44 889 892
f 43 883 885
f 45 895 897
f 46 901 903
f 47 907 910
f 52 937 939
f 70 1045 1048
f 99 1219 1222
f 95 1195 1198
f 81 1111 1113
f 59 979 982
f 58 973 975
f 60 985 987
f 61 991 993
f 62 997 1000
f 65 1015 1017
f 57 967 969
f 77 1087 1089
f 86 1141 1144
f 88 1153 1156
f 98 1213 1215
f 68 1033 1035
f 48 913 916
f 78 1093 1096
f 93 1183 1186
f 69 1039 1042
f 101 1231 1234
f 97 1207 1210
f 82 1117 1120
f 50 925 928
f 89 1159 1161
f 64 1009 1011
f 53 943 946
f 74 1069 1072
f 84 1129 1132
f 90 1165 1168
f 63 1003 1006
f 55 955 958
f 76 1081 1084
f 87 1147 1149
f 72 1057 1059
f 49 919 921
f 79 1099 1101
f 96 1201 1203
f 102 1237 1239
f 91 1171 1173
f 67 1027 1030
f 56 961 964
f 75 1075 1078
f 83 1123 1125
f 66 1021 1023
f 54 949 951
f 73 1063 1065
f 85 1135 1137
f 92 1177 1180
f 71 1051 1054
f 100 1225 1227
f 94 1189 1191
f 80 1105 1107
f 51 931 934
f 116 1322 1326
f 108 1274 1278
f 106 1262 1266
f 112 1298 1302
f 115 1316 1320
f 119 1340 1344
f 156 1561 1565
f 139 1459 1463
f 160 1585 1589
f 120 1346 1350
f 149 1520 1524
f 132 1417 1421
f 128 1394 1398
f 145 1496 1500
f 148 1514 1518
f 155 1556 1560
f 133 1424 1428
f 134 1430 1434
f 157 1567 1571
f 124 1369 1373
f 47 908 911
f 44 890 893
f 43 884 888
f 45 896 900
f 46 902 906
f 49 920 924
f 72 1058 1062
f 102 1238 1242
f 96 1202 1206
f 79 1100 1104
f 62 998 1001
f 59 980 983
f 58 974 978
f 60 986 990
f 61 992 996
f 66 1022 1026
f 54 950 954
f 73 1064 1068
f 85 1136 1140
f 92 1178 1181
f 101 1232 1235
f 69 1040 1043
f 50 926 929
f 82 1118 1121
f 97 1208 1211
f 71 1052 1055
f 100 1226 1230
f 94 1190 1194
f 80 1106 1110
f 51 932 935
f 90 1166 1169
f 63 1004 1007
f 55 956 959
f 76 1082 1085
f 87 1148 1152
f 91 1172 1176
f 67 1028 1031
f 56 962 965
f 75 1076 1079
f 83 1124 1128
f 68 1034 1038
f 48 914 917
f 78 1094 1097
f 93 1184 1187
f 98 1214 1218
f 88 1154 1157
f 65 1016 1020
f 57 968 972
f 77 1088 1092
f 86 1142 1145
f 64 1010 1014
f 53 944 947
f 74 1070 1073
f 84 1130 1133
f 89 1160 1164
f 70 1046 1049
f 99 1220 1223
f 95 1196 1199
f 81 1112 1116
f 52 938 942
f 109 1279 1283
f 105 1255 1259
f 111 1291 1295
f 114 1309 1313
f 117 1327 1331
f 125 1375 1379
f 152 1537 1541
f 137 1448 1452
f 158 1574 1578
f 123 1364 1368
f 143 1483 1487
f 127 1387 1391
f 135 1436 1440
f 147 1507 1511
f 150 1525 1529
f 153 1543 1547
f 140 1465 1469
f 138 1454 1458
f 159 1580 1584
f 122 1358 1362
f 107 1267 1269
f 103 1243 1245
f 104 1250 1252
f 110 1286 1288
f 113 1304 1306
f 118 1334 1336
f 154 1549 1551
f 141 1471 1473
f 162 1597 1599
f 121 1352 1354
f 142 1477 1479
f 129 1399 1401
f 130 1406 1408
f 144 1490 1492
f 146 1502 1504
f 151 1531 1533
f 131 1412 1414
f 136 1442 1444
f 161 1592 1594
f 126 1381 1383
f 116 1321 1323
f 108 1273 1275
f 106 1261 1263
f 112 1297 1299
f 115 1315 1317
f 119 1339 1341
f 156 1562 1564
f 139 1460 1462
f 160 1586 1588
f 120 1345 1347
f 149 1519 1521
f 132 1418 1420
f 128 1393 1395
f 145 1495 1497
f 148 1513 1515
f 155 1555 1557
f 133 1423 1425
f 134 1429 1431
f 157 1568 1570
f 124 1370 1372
f 109 1280 1282
f 105 1256 1258
f 111 1292 1294
f 114 1310 1312
f 117 1328 1330
f 125 1376 1378
f 152 1538 1540
f 137 1447 1449
f 158 1573 1575
f 123 1363 1365
f 143 1484 1486
f 127 1388 1390
f 135 1435 1437
f 147 1508 1510
f 150 1526 1528
f 153 1544 1546
f 140 1466 1468
f 138 1453 1455
f 159 1579 1581
f 122 1357 1359
f 107 1268 1272
f 103 1244 1248
f 104 1249 1253
f 110 1285 1289
f 113 1303 1307
f 118 1333 1337
f 154 1550 1554
f 141 1472 1476
f 162 1598 1602
f 121 1351 1355
f 142 1478 1482
f 129 1400 1404
f 130 1405 1409
f 144 1489 1493
f 146 1501 1505
f 151 1532 1536
f 131 1411 1415
f 136 1441 1445
f 161 1591 1595
f 126 1382 1386
f 47 911 909
f 44 893 891
f 43 888 886
f 45 900 898
f 46 906 904
f 49 924 922
f 72 1062 1060
f 102 1242 1240
f 96 1206 1204
f 79 1104 1102
f 62 1001 999
f 59 983 981
f 58 978 976
f 60 990 988
f 61 996 994
f 66 1026 1024
f 54 954 952
f 73 1068 1066
f 85 1140 1138
f 92 1181 1179
f 101 1235 1233
f 69 1043 1041
f 50 929 927
f 82 1121 1119
f 97 1211 1209
f 71 1055 1053
f 100 1230 1228
f 94 1194 1192
f 80 1110 1108
f 51 935 933
f 90 1169 1167
f 63 1007 1005
f 55 959 957
f 76 1085 1083
f 87 1152 1150
f 91 1176 1174
f 67 1031 1029
f 56 965 963
f 75 1079 1077
f 83 1128 1126
f 68 1038 1036
f 48 917 915
f 78 1097 1095
f 93 1187 1185
f 98 1218 1216
f 88 1157 1155
f 65 1020 1018
f 57 972 970
f 77 1092 1090
f 86 1145 1143
f 64 1014 1012
f 53 947 945
f 74 1073 1071
f 84 1133 1131
f 89 1164 1162
f 70 1049 1047
f 99 1223 1221
f 95 1199 1197
f 81 1116 1114
f 52 942 940
f 109 1283 1284
f 105 1259 1260
f 111 1295 1296
f 114 1313 1314
f 117 1331 1332
f 125 1379 1380
f 152 1541 1542
f 137 1452 1451
f 158 1578 1577
f 123 1368 1367
f 143 1487 1488
f 127 1391 1392
f 135 1440 1439
f 147 1511 1512
f 150 1529 1530
f 153 1547 1548
f 140 1469 1470
f 138 1458 1457
f 159 1584 1583
f 122 1362 1361
f 407 1609 1616
f 403 1605 1608
f 404 1611 1606
f 410 1614 1612
f 413 1617 1615
f 422 1631 1624
f 486 1688 1692
f 573 1775 1782
f 561 1763 1765
f 512 1719 1714
f 452 1654 1661
f 448 1650 1653
f 449 1656 1651
f 455 1659 1657
f 458 1662 1660
f 470 1672 1675
f 437 1646 1639
f 494 1706 1696
f 531 1735 1733
f 539 1741 1751
f 568 1770 1779
f 478 1680 1683
f 419 1621 1626
f 509 1711 1721
f 554 1756 1766
f 482 1684 1689
f 576 1780 1778
f 558 1767 1760
f 516 1722 1718
f 425 1627 1629
f 542 1744 1747
f 463 1668 1665
f 434 1636 1641
f 497 1699 1704
f 528 1730 1737
f 546 1748 1750
f 464 1666 1676
f 440 1642 1644
f 500 1705 1702
f 524 1736 1726
f 479 1691 1681
f 418 1623 1620
f 508 1713 1710
f 553 1764 1755
f 569 1781 1771
f 538 1749 1740
f 471 1677 1673
f 443 1645 1647
f 501 1703 1707
f 523 1725 1734
f 467 1674 1669
f 433 1638 1635
f 493 1695 1698
f 527 1732 1729
f 543 1752 1745
f 485 1690 1687
f 572 1777 1774
f 557 1759 1762
f 515 1717 1720
f 428 1630 1632
f 591 2191 2189
f 587 1885 1883
f 588 1901 1903
f 594 2279 2281
f 597 2315 2317
f 600 2171 2173
f 634 2160 2158
f 619 2016 2012
f 639 2214 2210
f 602 1919 1924
f 624 2137 2135
f 608 1978 1973
f 610 1991 1996
f 627 2225 2227
f 630 2302 2304
f 635 2178 2176
f 615 2153 2155
f 617 2009 2014
f 637 2207 2212
f 604 1926 1922
f 416 1857 1864
f 408 1803 1810
f 406 1786 1795
f 412 1822 1831
f 415 1840 1849
f 424 1876 1887
f 492 2182 2193
f 582 2312 2321
f 565 2276 2285
f 514 1898 1907
f 461 2091 2098
f 453 2037 2044
f 451 1952 1961
f 457 2056 2067
f 460 2074 2083
f 475 2128 2139
f 439 1966 1975
f 496 1988 1997
f 533 2222 2231
f 551 2293 2298
f 579 2185 2190
f 483 1879 1884
f 426 1893 1900
f 521 2271 2278
f 566 2307 2314
f 489 2163 2170
f 578 2150 2159
f 560 2006 2015
f 518 2204 2213
f 429 1911 1918
f 547 2131 2136
f 465 1969 1977
f 441 1983 1990
f 504 2217 2224
f 537 2290 2301
f 550 2168 2177
f 476 2145 2152
f 444 2001 2008
f 502 2199 2206
f 526 1916 1925
f 481 1808 1817
f 420 1789 1797
f 510 1825 1833
f 555 1843 1851
f 571 1862 1871
f 540 1933 1941
f 473 2110 2119
f 447 2020 2029
f 507 2236 2247
f 534 2257 2262
f 469 2042 2051
f 435 1947 1954
f 498 2059 2064
f 529 2077 2085
f 545 2096 2105
f 487 2113 2121
f 574 2023 2031
f 562 2239 2244
f 520 2254 2265
f 432 1930 1939
f 589 1818 1814
f 583 1798 1793
f 586 1834 1829
f 593 1852 1847
f 596 1872 1868
f 599 1942 1937
f 633 2120 2124
f 620 2030 2034
f 640 2248 2250
f 603 2263 2261
f 622 2052 2050
f 607 1955 1960
f 612 2065 2063
f 626 2086 2081
f 629 2106 2102
f 631 2122 2117
f 614 2032 2027
f 618 2245 2243
f 641 2266 2268
f 605 1940 1944
f 409 1813 1804
f 405 1792 1785
f 411 1828 1821
f 414 1846 1839
f 417 1867 1858
f 431 1936 1929
f 488 2123 2114
f 575 2033 2024
f 563 2249 2240
f 519 2260 2253
f 454 2049 2038
f 450 1959 1951
f 456 2062 2055
f 459 2080 2073
f 462 2101 2092
f 472 2116 2109
f 446 2026 2019
f 506 2242 2235
f 535 2267 2258
f 541 1943 1934
f 570 1869 1861
f 480 1815 1807
f 421 1799 1790
f 511 1835 1826
f 556 1853 1844
f 484 1889 1880
f 580 2195 2186
f 567 2319 2308
f 522 2283 2272
f 427 1905 1894
f 544 2103 2095
f 468 2046 2041
f 436 1957 1948
f 499 2069 2060
f 530 2087 2078
f 548 2141 2132
f 466 1979 1970
f 442 1993 1984
f 505 2229 2218
f 536 2296 2289
f 491 2188 2181
f 423 1882 1875
f 513 1902 1897
f 564 2280 2275
f 581 2316 2311
f 549 2172 2167
f 477 2157 2146
f 445 2011 2002
f 503 2209 2200
f 525 1923 1915
f 474 2134 2127
f 438 1972 1965
f 495 1995 1987
f 532 2226 2221
f 552 2303 2294
f 490 2175 2164
f 577 2154 2149
f 559 2013 2005
f 517 2211 2203
f 430 1921 1912
f 590 1865 1870
f 584 1811 1816
f 585 1796 1800
f 592 1832 1836
f 595 1850 1854
f 598 1888 1890
f 636 2194 2196
f 621 2322 2320
f 642 2286 2284
f 601 1908 1906
f 623 2099 2104
f 611 2045 2047
f 609 1962 1958
f 625 2068 2070
f 628 2084 2088
f 632 2140 2142
f 613 1976 1980
f 616 1998 1994
f 638 2232 2230
f 606 2299 2297
f 407 2330 2329
f 403 2324 2323
f 404 2325 2326
f 410 2332 2333
f 413 2335 2336
f 422 2344 2345
f 486 2410 2409
f 573 2497 2496
f 561 2486 2485
f 512 2434 2435
f 452 2375 2374
f 448 2369 2368
f 449 2370 2371
f 455 2377 2378
f 458 2380 2381
f 470 2393 2392
f 437 2359 2360
f 494 2415 2416
f 531 2455 2456
f 539 2461 2460
f 568 2489 2488
f 478 2399 2398
f 419 2341 2340
f 509 2431 2430
f 554 2476 2475
f 482 2405 2404
f 576 2500 2501
f 558 2481 2482
f 516 2439 2440
f 425 2348 2347
f 542 2465 2464
f 463 2383 2384
f 434 2356 2355
f 497 2420 2419
f 528 2452 2451
f 546 2471 2470
f 464 2386 2385
f 440 2363 2362
f 500 2422 2423
f 524 2445 2446
f 479 2400 2401
f 418 2338 2339
f 508 2428 2429
f 553 2473 2474
f 569 2490 2491
f 538 2458 2459
f 471 2394 2395
f 443 2366 2365
f 501 2425 2424
f 523 2444 2443
f 467 2389 2390
f 433 2353 2354
f 493 2414 2413
f 527 2449 2450
f 543 2466 2467
f 485 2407 2408
f 572 2494 2495
f 557 2480 2479
f 515 2438 2437
f 428 2351 2350
f 591 2510 2511
f 587 2504 2505
f 588 2508 2507
f 594 2514 2513
f 597 2517 2516
f 600 2520 2519
f 634 2554 2556
f 619 2539 2540
f 639 2560 2561
f 602 2523 2521
f 624 2543 2544
f 608 2527 2529
f 610 2532 2530
f 627 2547 2546
f 630 2550 2549
f 635 2552 2553
f 615 2535 2534
f 617 2538 2536
f 637 2558 2557
f 604 2524 2525
f 167 1607 647
f 164 1603 644
f 163 1604 643
f 165 1610 645
f 166 1613 646
f 169 1622 649
f 192 1686 672
f 222 1773 702
f 216 1761 696
f 199 1712 679
f 182 1652 662
f 179 1648 659
f 178 1649 658
f 180 1655 660
f 181 1658 661
f 186 1670 666
f 174 1637 654
f 193 1694 673
f 205 1731 685
f 212 1739 692
f 221 1768 701
f 189 1678 669
f 170 1619 650
f 202 1709 682
f 217 1754 697
f 191 1682 671
f 220 1776 700
f 214 1758 694
f 200 1716 680
f 171 1625 651
f 210 1742 690
f 183 1663 663
f 175 1634 655
f 196 1697 676
f 207 1728 687
f 211 1746 691
f 187 1664 667
f 176 1640 656
f 195 1700 675
f 203 1724 683
f 188 1679 668
f 168 1618 648
f 198 1708 678
f 213 1753 693
f 218 1769 698
f 208 1738 688
f 185 1671 665
f 177 1643 657
f 197 1701 677
f 206 1723 686
f 184 1667 664
f 173 1633 653
f 194 1693 674
f 204 1727 684
f 209 1743 689
f 190 1685 670
f 219 1772 699
f 215 1757 695
f 201 1715 681
f 172 1628 652
f 357 2187 837
f 255 1881 735
f 262 1899 742
f 388 2277 868
f 400 2313 880
f 352 2169 832
f 347 2156 827
f 298 2010 778
f 364 2208 844
f 269 1917 749
f 339 2133 819
f 285 1971 765
f 293 1989 773
f 370 2223 850
f 396 2300 876
f 353 2174 833
f 346 2151 826
f 299 2007 779
f 365 2205 845
f 268 1920 748
f 249 1855 729
f 231 1801 711
f 226 1784 706
f 238 1820 718
f 244 1838 724
f 257 1874 737
f 359 2180 839
f 402 2310 882
f 390 2274 870
f 264 1896 744
f 327 2089 807
f 309 2035 789
f 282 1950 762
f 317 2054 797
f 322 2072 802
f 341 2126 821
f 286 1964 766
f 294 1986 774
f 372 2220 852
f 394 2291 874
f 358 2183 838
f 256 1877 736
f 261 1891 741
f 387 2269 867
f 399 2305 879
f 351 2161 831
f 348 2148 828
f 300 2004 780
f 366 2202 846
f 267 1909 747
f 340 2129 820
f 287 1967 767
f 291 1981 771
f 369 2215 849
f 395 2288 875
f 354 2166 834
f 345 2143 825
f 297 1999 777
f 363 2197 843
f 270 1914 750
f 234 1806 714
f 227 1787 707
f 239 1823 719
f 245 1841 725
f 252 1860 732
f 275 1931 755
f 334 2108 814
f 304 2018 784
f 377 2234 857
f 382 2255 862
f 312 2040 792
f 279 1945 759
f 316 2057 796
f 323 2075 803
f 330 2094 810
f 335 2111 815
f 305 2021 785
f 376 2237 856
f 383 2252 863
f 274 1928 754
f 232 1812 712
f 225 1791 705
f 237 1827 717
f 243 1845 723
f 250 1866 730
f 273 1935 753
f 336 2118 816
f 306 2028 786
f 378 2246 858
f 381 2259 861
f 311 2048 791
f 281 1953 761
f 315 2061 795
f 321 2079 801
f 328 2100 808
f 333 2115 813
f 303 2025 783
f 375 2241 855
f 384 2264 864
f 276 1938 756
f 229 1802 709
f 223 1783 703
f 235 1819 715
f 241 1837 721
f 247 1856 727
f 271 1927 751
f 332 2112 812
f 302 2022 782
f 374 2238 854
f 379 2251 859
f 307 2036 787
f 278 1949 758
f 313 2053 793
f 319 2071 799
f 325 2090 805
f 331 2107 811
f 301 2017 781
f 373 2233 853
f 380 2256 860
f 272 1932 752
f 248 1859 728
f 230 1805 710
f 224 1788 704
f 236 1824 716
f 242 1842 722
f 254 1878 734
f 356 2184 836
f 397 2306 877
f 385 2270 865
f 259 1892 739
f 326 2093 806
f 308 2039 788
f 277 1946 757
f 314 2058 794
f 320 2076 800
f 338 2130 818
f 284 1968 764
f 289 1982 769
f 367 2216 847
f 391 2287 871
f 355 2179 835
f 253 1873 733
f 260 1895 740
f 386 2273 866
f 398 2309 878
f 350 2165 830
f 343 2144 823
f 295 2000 775
f 361 2198 841
f 266 1913 746
f 337 2125 817
f 283 1963 763
f 290 1985 770
f 368 2219 848
f 392 2292 872
f 349 2162 829
f 344 2147 824
f 296 2003 776
f 362 2201 842
f 265 1910 745
f 251 1863 731
f 233 1809 713
f 228 1794 708
f 240 1830 720
f 246 1848 726
f 258 1886 738
f 360 2192 840
f 401 2318 881
f 389 2282 869
f 263 1904 743
f 329 2097 809
f 310 2043 790
f 280 1956 760
f 318 2066 798
f 324 2082 804
f 342 2138 822
f 288 1974 768
f 292 1992 772
f 371 2228 851
f 393 2295 873
f 409 2331 1269
f 405 2327 1245
f 411 2328 1252
f 414 2334 1288
f 417 2337 1306
f 431 2346 1336
f 488 2412 1551
f 575 2499 1473
f 563 2487 1599
f 519 2436 1354
f 454 2376 1479
f 450 2372 1401
f 456 2373 1408
f 459 2379 1492
f 462 2382 1504
f 472 2396 1533
f 446 2361 1414
f 506 2418 1444
f 535 2457 1594
f 541 2463 1383
f 570 2492 1323
f 480 2402 1275
f 421 2343 1263
f 511 2433 1299
f 556 2478 1317
f 484 2406 1341
f 580 2502 1564
f 567 2484 1462
f 522 2442 1588
f 427 2349 1347
f 544 2468 1521
f 468 2387 1420
f 436 2358 1395
f 499 2421 1497
f 530 2454 1515
f 548 2472 1557
f 466 2388 1425
f 442 2364 1431
f 505 2426 1570
f 536 2448 1372
f 491 2403 1282
f 423 2342 1258
f 513 2432 1294
f 564 2477 1312
f 581 2493 1330
f 549 2462 1378
f 477 2397 1540
f 445 2367 1449
f 503 2427 1575
f 525 2447 1365
f 474 2391 1486
f 438 2357 1390
f 495 2417 1437
f 532 2453 1510
f 552 2469 1528
f 490 2411 1546
f 577 2498 1468
f 559 2483 1455
f 517 2441 1581
f 430 2352 1359
f 590 2509 1272
f 584 2503 1248
f 585 2506 1253
f 592 2512 1289
f 595 2515 1307
f 598 2518 1337
f 636 2555 1554
f 621 2541 1476
f 642 2562 1602
f 601 2522 1355
f 623 2542 1482
f 611 2528 1404
f 609 2531 1409
f 625 2545 1493
f 628 2548 1505
f 632 2551 1536
f 613 2533 1415
f 616 2537 1445
f 638 2559 1595
f 606 2526 1386
f 407 1616 909
f 403 1608 891
f 404 1606 886
f 410 1612 898
f 413 1615 904
f 422 1624 922
f 486 1692 1060
f 573 1782 1240
f 561 1765 1204
f 512 1714 1102
f 452 1661 999
f 448 1653 981
f 449 1651 976
f 455 1657 988
f 458 1660 994
f 470 1675 1024
f 437 1639 952
f 494 1696 1066
f 531 1733 1138
f 539 1751 1179
f 568 1779 1233
f 478 1683 1041
f 419 1626 927
f 509 1721 1119
f 554 1766 1209
f 482 1689 1053
f 576 1778 1228
f 558 1760 1192
f 516 1718 1108
f 425 1629 933
f 542 1747 1167
f 463 1665 1005
f 434 1641 957
f 497 1704 1083
f 528 1737 1150
f 546 1750 1174
f 464 1676 1029
f 440 1644 963
f 500 1702 1077
f 524 1726 1126
f 479 1681 1036
f 418 1620 915
f 508 1710 1095
f 553 1755 1185
f 569 1771 1216
f 538 1740 1155
f 471 1673 1018
f 443 1647 970
f 501 1707 1090
f 523 1734 1143
f 467 1669 1012
f 433 1635 945
f 493 1698 1071
f 527 1729 1131
f 543 1745 1162
f 485 1687 1047
f 572 1774 1221
f 557 1762 1197
f 515 1720 1114
f 428 1632 940
f 591 2189 1284
f 587 1883 1260
f 588 1903 1296
f 594 2281 1314
f 597 2317 1332
f 600 2173 1380
f 634 2158 1542
f 619 2012 1451
f 639 2210 1577
f 602 1924 1367
f 624 2135 1488
f 608 1973 1392
f 610 1996 1439
f 627 2227 1512
f 630 2304 1530
f 635 2176 1548
f 615 2155 1470
f 617 2014 1457
f 637 2212 1583
f 604 1922 1361
f 416 1864 1270
f 408 1810 1246
f 406 1795 1251
f 412 1831 1287
f 415 1849 1305
f 424 1887 1335
f 492 2193 1552
f 582 2321 1474
f 565 2285 1600
f 514 1907 1353
f 461 2098 1480
f 453 2044 1402
f 451 1961 1407
f 457 2067 1491
f 460 2083 1503
f 475 2139 1534
f 439 1975 1413
f 496 1997 1443
f 533 2231 1593
f 551 2298 1384
f 579 2190 1324
f 483 1884 1276
f 426 1900 1264
f 521 2278 1300
f 566 2314 1318
f 489 2170 1342
f 578 2159 1563
f 560 2015 1461
f 518 2213 1587
f 429 1918 1348
f 547 2136 1522
f 465 1977 1419
f 441 1990 1396
f 504 2224 1498
f 537 2301 1516
f 550 2177 1558
f 476 2152 1426
f 444 2008 1432
f 502 2206 1569
f 526 1925 1371
f 481 1817 1281
f 420 1797 1257
f 510 1833 1293
f 555 1851 1311
f 571 1871 1329
f 540 1941 1377
f 473 2119 1539
f 447 2029 1450
f 507 2247 1576
f 534 2262 1366
f 469 2051 1485
f 435 1954 1389
f 498 2064 1438
f 529 2085 1509
f 545 2105 1527
f 487 2121 1545
f 574 2031 1467
f 562 2244 1456
f 520 2265 1582
f 432 1939 1360
f 589 1814 1271
f 583 1793 1247
f 586 1829 1254
f 593 1847 1290
f 596 1868 1308
f 599 1937 1338
f 633 2124 1553
f 620 2034 1475
f 640 2250 1601
f 603 2261 1356
f 622 2050 1481
f 607 1960 1403
f 612 2063 1410
f 626 2081 1494
f 629 2102 1506
f 631 2117 1535
f 614 2027 1416
f 618 2243 1446
f 641 2268 1596
f 605 1944 1385
f 409 1804 894
f 405 1785 887
f 411 1821 899
f 414 1839 905
f 417 1858 912
f 431 1929 941
f 488 2114 1050
f 575 2024 1224
f 563 2240 1200
f 519 2253 1115
f 454 2038 984
f 450 1951 977
f 456 2055 989
f 459 2073 995
f 462 2092 1002
f 472 2109 1019
f 446 2019 971
f 506 2235 1091
f 535 2258 1146
f 541 1934 1158
f 570 1861 1217
f 480 1807 1037
f 421 1790 918
f 511 1826 1098
f 556 1844 1188
f 484 1880 1044
f 580 2186 1236
f 567 2308 1212
f 522 2272 1122
f 427 1894 930
f 544 2095 1163
f 468 2041 1013
f 436 1948 948
f 499 2060 1074
f 530 2078 1134
f 548 2132 1170
f 466 1970 1008
f 442 1984 960
f 505 2218 1086
f 536 2289 1151
f 491 2181 1061
f 423 1875 923
f 513 1897 1103
f 564 2275 1205
f 581 2311 1241
f 549 2167 1175
f 477 2146 1032
f 445 2002 966
f 503 2200 1080
f 525 1915 1127
f 474 2127 1025
f 438 1965 953
f 495 1987 1067
f 532 2221 1139
f 552 2294 1182
f 490 2164 1056
f 577 2149 1229
f 559 2005 1193
f 517 2203 1109
f 430 1912 936
f 590 1870 1325
f 584 1816 1277
f 585 1800 1265
f 592 1836 1301
f 595 1854 1319
f 598 1890 1343
f 636 2196 1566
f 621 2320 1464
f 642 2284 1590
f 601 1906 1349
f 623 2104 1523
f 611 2047 1422
f 609 1958 1397
f 625 2070 1499
f 628 2088 1517
f 632 2142 1559
f 613 1980 1427
f 616 1994 1433
f 638 2230 1572
f 606 2297 1374
f 407 2329 892
f 403 2323 885
f 404 2326 897
f 410 2333 903
f 413 2336 910
f 422 2345 939
f 486 2409 1048
f 573 2496 1222
f 561 2485 1198
f 512 2435 1113
f 452 2374 982
f 448 2368 975
f 449 2371 987
f 455 2378 993
f 458 2381 1000
f 470 2392 1017
f 437 2360 969
f 494 2416 1089
f 531 2456 1144
f 539 2460 1156
f 568 2488 1215
f 478 2398 1035
f 419 2340 916
f 509 2430 1096
f 554 2475 1186
f 482 2404 1042
f 576 2501 1234
f 558 2482 1210
f 516 2440 1120
f 425 2347 928
f 542 2464 1161
f 463 2384 1011
f 434 2355 946
f 497 2419 1072
f 528 2451 1132
f 546 2470 1168
f 464 2385 1006
f 440 2362 958
f 500 2423 1084
f 524 2446 1149
f 479 2401 1059
f 418 2339 921
f 508 2429 1101
f 553 2474 1203
f 569 2491 1239
f 538 2459 1173
f 471 2395 1030
f 443 2365 964
f 501 2424 1078
f 523 2443 1125
f 467 2390 1023
f 433 2354 951
f 493 2413 1065
f 527 2450 1137
f 543 2467 1180
f 485 2408 1054
f 572 2495 1227
f 557 2479 1191
f 515 2437 1107
f 428 2350 934
f 591 2511 1326
f 587 2505 1278
f 588 2507 1266
f 594 2513 1302
f 597 2516 1320
f 600 2519 1344
f 634 2556 1565
f 619 2540 1463
f 639 2561 1589
f 602 2521 1350
f 624 2544 1524
f 608 2529 1421
f 610 2530 1398
f 627 2546 1500
f 630 2549 1518
f 635 2553 1560
f 615 2534 1428
f 617 2536 1434
f 637 2557 1571
f 604 2525 1373
f 164 1609 889
f 163 1605 883
f 165 1611 895
f 166 1614 901
f 167 1617 907
f 172 1631 937
f 190 1688 1045
f 219 1775 1219
f 215 1763 1195
f 201 1719 1111
f 179 1654 979
f 178 1650 973
f 180 1656 985
f 181 1659 991
f 182 1662 997
f 185 1672 1015
f 177 1646 967
f 197 1706 1087
f 206 1735 1141
f 208 1741 1153
f 218 1770 1213
f 188 1680 1033
f 168 1621 913
f 198 1711 1093
f 213 1756 1183
f 189 1684 1039
f 221 1780 1231
f 217 1767 1207
f 202 1722 1117
f 170 1627 925
f 209 1744 1159
f 184 1668 1009
f 173 1636 943
f 194 1699 1069
f 204 1730 1129
f 210 1748 1165
f 183 1666 1003
f 175 1642 955
f 196 1705 1081
f 207 1736 1147
f 192 1691 1057
f 169 1623 919
f 199 1713 1099
f 216 1764 1201
f 222 1781 1237
f 211 1749 1171
f 187 1677 1027
f 176 1645 961
f 195 1703 1075
f 203 1725 1123
f 186 1674 1021
f 174 1638 949
f 193 1695 1063
f 205 1732 1135
f 212 1752 1177
f 191 1690 1051
f 220 1777 1225
f 214 1759 1189
f 200 1717 1105
f 171 1630 931
f 358 2191 1322
f 256 1885 1274
f 261 1901 1262
f 387 2279 1298
f 399 2315 1316
f 351 2171 1340
f 348 2160 1561
f 300 2016 1459
f 366 2214 1585
f 267 1919 1346
f 340 2137 1520
f 287 1978 1417
f 291 1991 1394
f 369 2225 1496
f 395 2302 1514
f 354 2178 1556
f 345 2153 1424
f 297 2009 1430
f 363 2207 1567
f 270 1926 1369
f 247 1857 908
f 229 1803 890
f 223 1786 884
f 235 1822 896
f 241 1840 902
f 253 1876 920
f 355 2182 1058
f 398 2312 1238
f 386 2276 1202
f 260 1898 1100
f 325 2091 998
f 307 2037 980
f 278 1952 974
f 313 2056 986
f 319 2074 992
f 337 2128 1022
f 283 1966 950
f 290 1988 1064
f 368 2222 1136
f 392 2293 1178
f 356 2185 1232
f 254 1879 1040
f 259 1893 926
f 385 2271 1118
f 397 2307 1208
f 349 2163 1052
f 344 2150 1226
f 296 2006 1190
f 362 2204 1106
f 265 1911 932
f 338 2131 1166
f 284 1969 1004
f 289 1983 956
f 367 2217 1082
f 391 2290 1148
f 350 2168 1172
f 343 2145 1028
f 295 2001 962
f 361 2199 1076
f 266 1916 1124
f 230 1808 1034
f 224 1789 914
f 236 1825 1094
f 242 1843 1184
f 248 1862 1214
f 272 1933 1154
f 331 2110 1016
f 301 2020 968
f 373 2236 1088
f 380 2257 1142
f 308 2042 1010
f 277 1947 944
f 314 2059 1070
f 320 2077 1130
f 326 2096 1160
f 332 2113 1046
f 302 2023 1220
f 374 2239 1196
f 379 2254 1112
f 271 1930 938
f 234 1818 1279
f 227 1798 1255
f 239 1834 1291
f 245 1852 1309
f 252 1872 1327
f 275 1942 1375
f 334 2120 1537
f 304 2030 1448
f 377 2248 1574
f 382 2263 1364
f 312 2052 1483
f 279 1955 1387
f 316 2065 1436
f 323 2086 1507
f 330 2106 1525
f 335 2122 1543
f 305 2032 1465
f 376 2245 1454
f 383 2266 1580
f 274 1940 1358
f 232 1813 1267
f 225 1792 1243
f 237 1828 1250
f 243 1846 1286
f 250 1867 1304
f 273 1936 1334
f 336 2123 1549
f 306 2033 1471
f 378 2249 1597
f 381 2260 1352
f 311 2049 1477
f 281 1959 1399
f 315 2062 1406
f 321 2080 1490
f 328 2101 1502
f 333 2116 1531
f 303 2026 1412
f 375 2242 1442
f 384 2267 1592
f 276 1943 1381
f 251 1869 1321
f 233 1815 1273
f 228 1799 1261
f 240 1835 1297
f 246 1853 1315
f 258 1889 1339
f 360 2195 1562
f 401 2319 1460
f 389 2283 1586
f 263 1905 1345
f 329 2103 1519
f 310 2046 1418
f 280 1957 1393
f 318 2069 1495
f 324 2087 1513
f 342 2141 1555
f 288 1979 1423
f 292 1993 1429
f 371 2229 1568
f 393 2296 1370
f 357 2188 1280
f 255 1882 1256
f 262 1902 1292
f 388 2280 1310
f 400 2316 1328
f 352 2172 1376
f 347 2157 1538
f 298 2011 1447
f 364 2209 1573
f 269 1923 1363
f 339 2134 1484
f 285 1972 1388
f 293 1995 1435
f 370 2226 1508
f 396 2303 1526
f 353 2175 1544
f 346 2154 1466
f 299 2013 1453
f 365 2211 1579
f 268 1921 1357
f 249 1865 1268
f 231 1811 1244
f 226 1796 1249
f 238 1832 1285
f 244 1850 1303
f 257 1888 1333
f 359 2194 1550
f 402 2322 1472
f 390 2286 1598
f 264 1908 1351
f 327 2099 1478
f 309 2045 1400
f 282 1962 1405
f 317 2068 1489
f 322 2084 1501
f 341 2140 1532
f 286 1976 1411
f 294 1998 1441
f 372 2232 1591
f 394 2299 1382
f 416 2330 911
f 408 2324 893
f 406 2325 888
f 412 2332 900
f 415 2335 906
f 424 2344 924
f 492 2410 1062
f 582 2497 1242
f 565 2486 1206
f 514 2434 1104
f 461 2375 1001
f 453 2369 983
f 451 2370 978
f 457 2377 990
f 460 2380 996
f 475 2393 1026
f 439 2359 954
f 496 2415 1068
f 533 2455 1140
f 551 2461 1181
f 579 2489 1235
f 483 2399 1043
f 426 2341 929
f 521 2431 1121
f 566 2476 1211
f 489 2405 1055
f 578 2500 1230
f 560 2481 1194
f 518 2439 1110
f 429 2348 935
f 547 2465 1169
f 465 2383 1007
f 441 2356 959
f 504 2420 1085
f 537 2452 1152
f 550 2471 1176
f 476 2386 1031
f 444 2363 965
f 502 2422 1079
f 526 2445 1128
f 481 2400 1038
f 420 2338 917
f 510 2428 1097
f 555 2473 1187
f 571 2490 1218
f 540 2458 1157
f 473 2394 1020
f 447 2366 972
f 507 2425 1092
f 534 2444 1145
f 469 2389 1014
f 435 2353 947
f 498 2414 1073
f 529 2449 1133
f 545 2466 1164
f 487 2407 1049
f 574 2494 1223
f 562 2480 1199
f 520 2438 1116
f 432 2351 942
f 589 2510 1283
f 583 2504 1259
f 586 2508 1295
f 593 2514 1313
f 596 2517 1331
f 599 2520 1379
f 633 2554 1541
f 620 2539 1452
f 640 2560 1578
f 603 2523 1368
f 622 2543 1487
f 607 2527 1391
f 612 2532 1440
f 626 2547 1511
f 629 2550 1529
f 631 2552 1547
f 614 2535 1469
f 618 2538 1458
f 641 2558 1584
f 605 2524 1362
f 164 1607 1609
f 163 1603 1605
f 165 1604 1611
f 166 1610 1614
f 167 1613 1617
f 172 1622 1631
f 190 1686 1688
f 219 1773 1775
f 215 1761 1763
f 201 1712 1719
f 179 1652 1654
f 178 1648 1650
f 180 1649 1656
f 181 1655 1659
f 182 1658 1662
f 185 1670 1672
f 177 1637 1646
f 197 1694 1706
f 206 1731 1735
f 208 1739 1741
f 218 1768 1770
f 188 1678 1680
f 168 1619 1621
f 198 1709 1711
f 213 1754 1756
f 189 1682 1684
f 221 1776 1780
f 217 1758 1767
f 202 1716 1722
f 170 1625 1627
f 209 1742 1744
f 184 1663 1668
f 173 1634 1636
f 194 1697 1699
f 204 1728 1730
f 210 1746 1748
f 183 1664 1666
f 175 1640 1642
f 196 1700 1705
f 207 1724 1736
f 192 1679 1691
f 169 1618 1623
f 199 1708 1713
f 216 1753 1764
f 222 1769 1781
f 211 1738 1749
f 187 1671 1677
f 176 1643 1645
f 195 1701 1703
f 203 1723 1725
f 186 1667 1674
f 174 1633 1638
f 193 1693 1695
f 205 1727 1732
f 212 1743 1752
f 191 1685 1690
f 220 1772 1777
f 214 1757 1759
f 200 1715 1717
f 171 1628 1630
f 358 2187 2191
f 256 1881 1885
f 261 1899 1901
f 387 2277 2279
f 399 2313 2315
f 351 2169 2171
f 348 2156 2160
f 300 2010 2016
f 366 2208 2214
f 267 1917 1919
f 340 2133 2137
f 287 1971 1978
f 291 1989 1991
f 369 2223 2225
f 395 2300 2302
f 354 2174 2178
f 345 2151 2153
f 297 2007 2009
f 363 2205 2207
f 270 1920 1926
f 247 1855 1857
f 229 1801 1803
f 223 1784 1786
f 235 1820 1822
f 241 1838 1840
f 253 1874 1876
f 355 2180 2182
f 398 2310 2312
f 386 2274 2276
f 260 1896 1898
f 325 2089 2091
f 307 2035 2037
f 278 1950 1952
f 313 2054 2056
f 319 2072 2074
f 337 2126 2128
f 283 1964 1966
f 290 1986 1988
f 368 2220 2222
f 392 2291 2293
f 356 2183 2185
f 254 1877 1879
f 259 1891 1893
f 385 2269 2271
f 397 2305 2307
f 349 2161 2163
f 344 2148 2150
f 296 2004 2006
f 362 2202 2204
f 265 1909 1911
f 338 2129 2131
f 284 1967 1969
f 289 1981 1983
f 367 2215 2217
f 391 2288 2290
f 350 2166 2168
f 343 2143 2145
f 295 1999 2001
f 361 2197 2199
f 266 1914 1916
f 230 1806 1808
f 224 1787 1789
f 236 1823 1825
f 242 1841 1843
f 248 1860 1862
f 272 1931 1933
f 331 2108 2110
f 301 2018 2020
f 373 2234 2236
f 380 2255 2257
f 308 2040 2042
f 277 1945 1947
f 314 2057 2059
f 320 2075 2077
f 326 2094 2096
f 332 2111 2113
f 302 2021 2023
f 374 2237 2239
f 379 2252 2254
f 271 1928 1930
f 234 1812 1818
f 227 1791 1798
f 239 1827 1834
f 245 1845 1852
f 252 1866 1872
f 275 1935 1942
f 334 2118 2120
f 304 2028 2030
f 377 2246 2248
f 382 2259 2263
f 312 2048 2052
f 279 1953 1955
f 316 2061 2065
f 323 2079 2086
f 330 2100 2106
f 335 2115 2122
f 305 2025 2032
f 376 2241 2245
f 383 2264 2266
f 274 1938 1940
f 232 1802 1813
f 225 1783 1792
f 237 1819 1828
f 243 1837 1846
f 250 1856 1867
f 273 1927 1936
f 336 2112 2123
f 306 2022 2033
f 378 2238 2249
f 381 2251 2260
f 311 2036 2049
f 281 1949 1959
f 315 2053 2062
f 321 2071 2080
f 328 2090 2101
f 333 2107 2116
f 303 2017 2026
f 375 2233 2242
f 384 2256 2267
f 276 1932 1943
f 251 1859 1869
f 233 1805 1815
f 228 1788 1799
f 240 1824 1835
f 246 1842 1853
f 258 1878 1889
f 360 2184 2195
f 401 2306 2319
f 389 2270 2283
f 263 1892 1905
f 329 2093 2103
f 310 2039 2046
f 280 1946 1957
f 318 2058 2069
f 324 2076 2087
f 342 2130 2141
f 288 1968 1979
f 292 1982 1993
f 371 2216 2229
f 393 2287 2296
f 357 2179 2188
f 255 1873 1882
f 262 1895 1902
f 388 2273 2280
f 400 2309 2316
f 352 2165 2172
f 347 2144 2157
f 298 2000 2011
f 364 2198 2209
f 269 1913 1923
f 339 2125 2134
f 285 1963 1972
f 293 1985 1995
f 370 2219 2226
f 396 2292 2303
f 353 2162 2175
f 346 2147 2154
f 299 2003 2013
f 365 2201 2211
f 268 1910 1921
f 249 1863 1865
f 231 1809 1811
f 226 1794 1796
f 238 1830 1832
f 244 1848 1850
f 257 1886 1888
f 359 2192 2194
f 402 2318 2322
f 390 2282 2286
f 264 1904 1908
f 327 2097 2099
f 309 2043 2045
f 282 1956 1962
f 317 2066 2068
f 322 2082 2084
f 341 2138 2140
f 286 1974 1976
f 294 1992 1998
f 372 2228 2232
f 394 2295 2299
f 416 2331 2330
f 408 2327 2324
f 406 2328 2325
f 412 2334 2332
f 415 2337 2335
f 424 2346 2344
f 492 2412 2410
f 582 2499 2497
f 565 2487 2486
f 514 2436 2434
f 461 2376 2375
f 453 2372 2369
f 451 2373 2370
f 457 2379 2377
f 460 2382 2380
f 475 2396 2393
f 439 2361 2359
f 496 2418 2415
f 533 2457 2455
f 551 2463 2461
f 579 2492 2489
f 483 2402 2399
f 426 2343 2341
f 521 2433 2431
f 566 2478 2476
f 489 2406 2405
f 578 2502 2500
f 560 2484 2481
f 518 2442 2439
f 429 2349 2348
f 547 2468 2465
f 465 2387 2383
f 441 2358 2356
f 504 2421 2420
f 537 2454 2452
f 550 2472 2471
f 476 2388 2386
f 444 2364 2363
f 502 2426 2422
f 526 2448 2445
f 481 2403 2400
f 420 2342 2338
f 510 2432 2428
f 555 2477 2473
f 571 2493 2490
f 540 2462 2458
f 473 2397 2394
f 447 2367 2366
f 507 2427 2425
f 534 2447 2444
f 469 2391 2389
f 435 2357 2353
f 498 2417 2414
f 529 2453 2449
f 545 2469 2466
f 487 2411 2407
f 574 2498 2494
f 562 2483 2480
f 520 2441 2438
f 432 2352 2351
f 589 2509 2510
f 583 2503 2504
f 586 2506 2508
f 593 2512 2514
f 596 2515 2517
f 599 2518 2520
f 633 2555 2554
f 620 2541 2539
f 640 2562 2560
f 603 2522 2523
f 622 2542 2543
f 607 2528 2527
f 612 2531 2532
f 626 2545 2547
f 629 2548 2550
f 631 2551 2552
f 614 2533 2535
f 618 2537 2538
f 641 2559 2558
f 605 2526 2524
f 164 644 1607
f 163 643 1603
f 165 645 1604
f 166 646 1610
f 167 647 1613
f 172 652 1622
f 190 670 1686
f 219 699 1773
f 215 695 1761
f 201 681 1712
f 179 659 1652
f 178 658 1648
f 180 660 1649
f 181 661 1655
f 182 662 1658
f 185 665 1670
f 177 657 1637
f 197 677 1694
f 206 686 1731
f 208 688 1739
f 218 698 1768
f 188 668 1678
f 168 648 1619
f 198 678 1709
f 213 693 1754
f 189 669 1682
f 221 701 1776
f 217 697 1758
f 202 682 1716
f 170 650 1625
f 209 689 1742
f 184 664 1663
f 173 653 1634
f 194 674 1697
f 204 684 1728
f 210 690 1746
f 183 663 1664
f 175 655 1640
f 196 676 1700
f 207 687 1724
f 192 672 1679
f 169 649 1618
f 199 679 1708
f 216 696 1753
f 222 702 1769
f 211 691 1738
f 187 667 1671
f 176 656 1643
f 195 675 1701
f 203 683 1723
f 186 666 1667
f 174 654 1633
f 193 673 1693
f 205 685 1727
f 212 692 1743
f 191 671 1685
f 220 700 1772
f 214 694 1757
f 200 680 1715
f 171 651 1628
f 358 838 2187
f 256 736 1881
f 261 741 1899
f 387 867 2277
f 399 879 2313
f 351 831 2169
f 348 828 2156
f 300 780 2010
f 366 846 2208
f 267 747 1917
f 340 820 2133
f 287 767 1971
f 291 771 1989
f 369 849 2223
f 395 875 2300
f 354 834 2174
f 345 825 2151
f 297 777 2007
f 363 843 2205
f 270 750 1920
f 247 727 1855
f 229 709 1801
f 223 703 1784
f 235 715 1820
f 241 721 1838
f 253 733 1874
f 355 835 2180
f 398 878 2310
f 386 866 2274
f 260 740 1896
f 325 805 2089
f 307 787 2035
f 278 758 1950
f 313 793 2054
f 319 799 2072
f 337 817 2126
f 283 763 1964
f 290 770 1986
f 368 848 2220
f 392 872 2291
f 356 836 2183
f 254 734 1877
f 259 739 1891
f 385 865 2269
f 397 877 2305
f 349 829 2161
f 344 824 2148
f 296 776 2004
f 362 842 2202
f 265 745 1909
f 338 818 2129
f 284 764 1967
f 289 769 1981
f 367 847 2215
f 391 871 2288
f 350 830 2166
f 343 823 2143
f 295 775 1999
f 361 841 2197
f 266 746 1914
f 230 710 1806
f 224 704 1787
f 236 716 1823
f 242 722 1841
f 248 728 1860
f 272 752 1931
f 331 811 2108
f 301 781 2018
f 373 853 2234
f 380 860 2255
f 308 788 2040
f 277 757 1945
f 314 794 2057
f 320 800 2075
f 326 806 2094
f 332 812 2111
f 302 782 2021
f 374 854 2237
f 379 859 2252
f 271 751 1928
f 234 714 1812
f 227 707 1791
f 239 719 1827
f 245 725 1845
f 252 732 1866
f 275 755 1935
f 334 814 2118
f 304 784 2028
f 377 857 2246
f 382 862 2259
f 312 792 2048
f 279 759 1953
f 316 796 2061
f 323 803 2079
f 330 810 2100
f 335 815 2115
f 305 785 2025
f 376 856 2241
f 383 863 2264
f 274 754 1938
f 232 712 1802
f 225 705 1783
f 237 717 1819
f 243 723 1837
f 250 730 1856
f 273 753 1927
f 336 816 2112
f 306 786 2022
f 378 858 2238
f 381 861 2251
f 311 791 2036
f 281 761 1949
f 315 795 2053
f 321 801 2071
f 328 808 2090
f 333 813 2107
f 303 783 2017
f 375 855 2233
f 384 864 2256
f 276 756 1932
f 251 731 1859
f 233 713 1805
f 228 708 1788
f 240 720 1824
f 246 726 1842
f 258 738 1878
f 360 840 2184
f 401 881 2306
f 389 869 2270
f 263 743 1892
f 329 809 2093
f 310 790 2039
f 280 760 1946
f 318 798 2058
f 324 804 2076
f 342 822 2130
f 288 768 1968
f 292 772 1982
f 371 851 2216
f 393 873 2287
f 357 837 2179
f 255 735 1873
f 262 742 1895
f 388 868 2273
f 400 880 2309
f 352 832 2165
f 347 827 2144
f 298 778 2000
f 364 844 2198
f 269 749 1913
f 339 819 2125
f 285 765 1963
f 293 773 1985
f 370 850 2219
f 396 876 2292
f 353 833 2162
f 346 826 2147
f 299 779 2003
f 365 845 2201
f 268 748 1910
f 249 729 1863
f 231 711 1809
f 226 706 1794
f 238 718 1830
f 244 724 1848
f 257 737 1886
f 359 839 2192
f 402 882 2318
f 390 870 2282
f 264 744 1904
f 327 807 2097
f 309 789 2043
f 282 762 1956
f 317 797 2066
f 322 802 2082
f 341 821 2138
f 286 766 1974
f 294 774 1992
f 372 852 2228
f 394 874 2295
f 416 1270 2331
f 408 1246 2327
f 406 1251 2328
f 412 1287 2334
f 415 1305 2337
f 424 1335 2346
f 492 1552 2412
f 582 1474 2499
f 565 1600 2487
f 514 1353 2436
f 461 1480 2376
f 453 1402 2372
f 451 1407 2373
f 457 1491 2379
f 460 1503 2382
f 475 1534 2396
f 439 1413 2361
f 496 1443 2418
f 533 1593 2457
f 551 1384 2463
f 579 1324 2492
f 483 1276 2402
f 426 1264 2343
f 521 1300 2433
f 566 1318 2478
f 489 1342 2406
f 578 1563 2502
f 560 1461 2484
f 518 1587 2442
f 429 1348 2349
f 547 1522 2468
f 465 1419 2387
f 441 1396 2358
f 504 1498 2421
f 537 1516 2454
f 550 1558 2472
f 476 1426 2388
f 444 1432 2364
f 502 1569 2426
f 526 1371 2448
f 481 1281 2403
f 420 1257 2342
f 510 1293 2432
f 555 1311 2477
f 571 1329 2493
f 540 1377 2462
f 473 1539 2397
f 447 1450 2367
f 507 1576 2427
f 534 1366 2447
f 469 1485 2391
f 435 1389 2357
f 498 1438 2417
f 529 1509 2453
f 545 1527 2469
f 487 1545 2411
f 574 1467 2498
f 562 1456 2483
f 520 1582 2441
f 432 1360 2352
f 589 1271 2509
f 583 1247 2503
f 586 1254 2506
f 593 1290 2512
f 596 1308 2515
f 599 1338 2518
f 633 1553 2555
f 620 1475 2541
f 640 1601 2562
f 603 1356 2522
f 622 1481 2542
f 607 1403 2528
f 612 1410 2531
f 626 1494 2545
f 629 1506 2548
f 631 1535 2551
f 614 1416 2533
f 618 1446 2537
f 641 1596 2559
f 605 1385 2526
f 167 907 1616
f 164 889 1608
f 163 883 1606
f 165 895 1612
f 166 901 1615
f 169 919 1624
f 192 1057 1692
f 222 1237 1782
f 216 1201 1765
f 199 1099 1714
f 182 997 1661
f 179 979 1653
f 178 973 1651
f 180 985 1657
f 181 991 1660
f 186 1021 1675
f 174 949 1639
f 193 1063 1696
f 205 1135 1733
f 212 1177 1751
f 221 1231 1779
f 189 1039 1683
f 170 925 1626
f 202 1117 1721
f 217 1207 1766
f 191 1051 1689
f 220 1225 1778
f 214 1189 1760
f 200 1105 1718
f 171 931 1629
f 210 1165 1747
f 183 1003 1665
f 175 955 1641
f 196 1081 1704
f 207 1147 1737
f 211 1171 1750
f 187 1027 1676
f 176 961 1644
f 195 1075 1702
f 203 1123 1726
f 188 1033 1681
f 168 913 1620
f 198 1093 1710
f 213 1183 1755
f 218 1213 1771
f 208 1153 1740
f 185 1015 1673
f 177 967 1647
f 197 1087 1707
f 206 1141 1734
f 184 1009 1669
f 173 943 1635
f 194 1069 1698
f 204 1129 1729
f 209 1159 1745
f 190 1045 1687
f 219 1219 1774
f 215 1195 1762
f 201 1111 1720
f 172 937 1632
f 357 1280 2189
f 255 1256 1883
f 262 1292 1903
f 388 1310 2281
f 400 1328 2317
f 352 1376 2173
f 347 1538 2158
f 298 1447 2012
f 364 1573 2210
f 269 1363 1924
f 339 1484 2135
f 285 1388 1973
f 293 1435 1996
f 370 1508 2227
f 396 1526 2304
f 353 1544 2176
f 346 1466 2155
f 299 1453 2014
f 365 1579 2212
f 268 1357 1922
f 249 1268 1864
f 231 1244 1810
f 226 1249 1795
f 238 1285 1831
f 244 1303 1849
f 257 1333 1887
f 359 1550 2193
f 402 1472 2321
f 390 1598 2285
f 264 1351 1907
f 327 1478 2098
f 309 1400 2044
f 282 1405 1961
f 317 1489 2067
f 322 1501 2083
f 341 1532 2139
f 286 1411 1975
f 294 1441 1997
f 372 1591 2231
f 394 1382 2298
f 358 1322 2190
f 256 1274 1884
f 261 1262 1900
f 387 1298 2278
f 399 1316 2314
f 351 1340 2170
f 348 1561 2159
f 300 1459 2015
f 366 1585 2213
f 267 1346 1918
f 340 1520 2136
f 287 1417 1977
f 291 1394 1990
f 369 1496 2224
f 395 1514 2301
f 354 1556 2177
f 345 1424 2152
f 297 1430 2008
f 363 1567 2206
f 270 1369 1925
f 234 1279 1817
f 227 1255 1797
f 239 1291 1833
f 245 1309 1851
f 252 1327 1871
f 275 1375 1941
f 334 1537 2119
f 304 1448 2029
f 377 1574 2247
f 382 1364 2262
f 312 1483 2051
f 279 1387 1954
f 316 1436 2064
f 323 1507 2085
f 330 1525 2105
f 335 1543 2121
f 305 1465 2031
f 376 1454 2244
f 383 1580 2265
f 274 1358 1939
f 232 1267 1814
f 225 1243 1793
f 237 1250 1829
f 243 1286 1847
f 250 1304 1868
f 273 1334 1937
f 336 1549 2124
f 306 1471 2034
f 378 1597 2250
f 381 1352 2261
f 311 1477 2050
f 281 1399 1960
f 315 1406 2063
f 321 1490 2081
f 328 1502 2102
f 333 1531 2117
f 303 1412 2027
f 375 1442 2243
f 384 1592 2268
f 276 1381 1944
f 229 890 1804
f 223 884 1785
f 235 896 1821
f 241 902 1839
f 247 908 1858
f 271 938 1929
f 332 1046 2114
f 302 1220 2024
f 374 1196 2240
f 379 1112 2253
f 307 980 2038
f 278 974 1951
f 313 986 2055
f 319 992 2073
f 325 998 2092
f 331 1016 2109
f 301 968 2019
f 373 1088 2235
f 380 1142 2258
f 272 1154 1934
f 248 1214 1861
f 230 1034 1807
f 224 914 1790
f 236 1094 1826
f 242 1184 1844
f 254 1040 1880
f 356 1232 2186
f 397 1208 2308
f 385 1118 2272
f 259 926 1894
f 326 1160 2095
f 308 1010 2041
f 277 944 1948
f 314 1070 2060
f 320 1130 2078
f 338 1166 2132
f 284 1004 1970
f 289 956 1984
f 367 1082 2218
f 391 1148 2289
f 355 1058 2181
f 253 920 1875
f 260 1100 1897
f 386 1202 2275
f 398 1238 2311
f 350 1172 2167
f 343 1028 2146
f 295 962 2002
f 361 1076 2200
f 266 1124 1915
f 337 1022 2127
f 283 950 1965
f 290 1064 1987
f 368 1136 2221
f 392 1178 2294
f 349 1052 2164
f 344 1226 2149
f 296 1190 2005
f 362 1106 2203
f 265 932 1912
f 251 1321 1870
f 233 1273 1816
f 228 1261 1800
f 240 1297 1836
f 246 1315 1854
f 258 1339 1890
f 360 1562 2196
f 401 1460 2320
f 389 1586 2284
f 263 1345 1906
f 329 1519 2104
f 310 1418 2047
f 280 1393 1958
f 318 1495 2070
f 324 1513 2088
f 342 1555 2142
f 288 1423 1980
f 292 1429 1994
f 371 1568 2230
f 393 1370 2297
f 409 894 2329
f 405 887 2323
f 411 899 2326
f 414 905 2333
f 417 912 2336
f 431 941 2345
f 488 1050 2409
f 575 1224 2496
f 563 1200 2485
f 519 1115 2435
f 454 984 2374
f 450 977 2368
f 456 989 2371
f 459 995 2378
f 462 1002 2381
f 472 1019 2392
f 446 971 2360
f 506 1091 2416
f 535 1146 2456
f 541 1158 2460
f 570 1217 2488
f 480 1037 2398
f 421 918 2340
f 511 1098 2430
f 556 1188 2475
f 484 1044 2404
f 580 1236 2501
f 567 1212 2482
f 522 1122 2440
f 427 930 2347
f 544 1163 2464
f 468 1013 2384
f 436 948 2355
f 499 1074 2419
f 530 1134 2451
f 548 1170 2470
f 466 1008 2385
f 442 960 2362
f 505 1086 2423
f 536 1151 2446
f 491 1061 2401
f 423 923 2339
f 513 1103 2429
f 564 1205 2474
f 581 1241 2491
f 549 1175 2459
f 477 1032 2395
f 445 966 2365
f 503 1080 2424
f 525 1127 2443
f 474 1025 2390
f 438 953 2354
f 495 1067 2413
f 532 1139 2450
f 552 1182 2467
f 490 1056 2408
f 577 1229 2495
f 559 1193 2479
f 517 1109 2437
f 430 936 2350
f 590 1325 2511
f 584 1277 2505
f 585 1265 2507
f 592 1301 2513
f 595 1319 2516
f 598 1343 2519
f 636 1566 2556
f 621 1464 2540
f 642 1590 2561
f 601 1349 2521
f 623 1523 2544
f 611 1422 2529
f 609 1397 2530
f 625 1499 2546
f 628 1517 2549
f 632 1559 2553
f 613 1427 2534
f 616 1433 2536
f 638 1572 2557
f 606 1374 2525
f 407 892 1609
f 403 885 1605
f 404 897 1611
f 410 903 1614
f 413 910 1617
f 422 939 1631
f 486 1048 1688
f 573 1222 1775
f 561 1198 1763
f 512 1113 1719
f 452 982 1654
f 448 975 1650
f 449 987 1656
f 455 993 1659
f 458 1000 1662
f 470 1017 1672
f 437 969 1646
f 494 1089 1706
f 531 1144 1735
f 539 1156 1741
f 568 1215 1770
f 478 1035 1680
f 419 916 1621
f 509 1096 1711
f 554 1186 1756
f 482 1042 1684
f 576 1234 1780
f 558 1210 1767
f 516 1120 1722
f 425 928 1627
f 542 1161 1744
f 463 1011 1668
f 434 946 1636
f 497 1072 1699
f 528 1132 1730
f 546 1168 1748
f 464 1006 1666
f 440 958 1642
f 500 1084 1705
f 524 1149 1736
f 479 1059 1691
f 418 921 1623
f 508 1101 1713
f 553 1203 1764
f 569 1239 1781
f 538 1173 1749
f 471 1030 1677
f 443 964 1645
f 501 1078 1703
f 523 1125 1725
f 467 1023 1674
f 433 951 1638
f 493 1065 1695
f 527 1137 1732
f 543 1180 1752
f 485 1054 1690
f 572 1227 1777
f 557 1191 1759
f 515 1107 1717
f 428 934 1630
f 591 1326 2191
f 587 1278 1885
f 588 1266 1901
f 594 1302 2279
f 597 1320 2315
f 600 1344 2171
f 634 1565 2160
f 619 1463 2016
f 639 1589 2214
f 602 1350 1919
f 624 1524 2137
f 608 1421 1978
f 610 1398 1991
f 627 1500 2225
f 630 1518 2302
f 635 1560 2178
f 615 1428 2153
f 617 1434 2009
f 637 1571 2207
f 604 1373 1926
f 416 911 1857
f 408 893 1803
f 406 888 1786
f 412 900 1822
f 415 906 1840
f 424 924 1876
f 492 1062 2182
f 582 1242 2312
f 565 1206 2276
f 514 1104 1898
f 461 1001 2091
f 453 983 2037
f 451 978 1952
f 457 990 2056
f 460 996 2074
f 475 1026 2128
f 439 954 1966
f 496 1068 1988
f 533 1140 2222
f 551 1181 2293
f 579 1235 2185
f 483 1043 1879
f 426 929 1893
f 521 1121 2271
f 566 1211 2307
f 489 1055 2163
f 578 1230 2150
f 560 1194 2006
f 518 1110 2204
f 429 935 1911
f 547 1169 2131
f 465 1007 1969
f 441 959 1983
f 504 1085 2217
f 537 1152 2290
f 550 1176 2168
f 476 1031 2145
f 444 965 2001
f 502 1079 2199
f 526 1128 1916
f 481 1038 1808
f 420 917 1789
f 510 1097 1825
f 555 1187 1843
f 571 1218 1862
f 540 1157 1933
f 473 1020 2110
f 447 972 2020
f 507 1092 2236
f 534 1145 2257
f 469 1014 2042
f 435 947 1947
f 498 1073 2059
f 529 1133 2077
f 545 1164 2096
f 487 1049 2113
f 574 1223 2023
f 562 1199 2239
f 520 1116 2254
f 432 942 1930
f 589 1283 1818
f 583 1259 1798
f 586 1295 1834
f 593 1313 1852
f 596 1331 1872
f 599 1379 1942
f 633 1541 2120
f 620 1452 2030
f 640 1578 2248
f 603 1368 2263
f 622 1487 2052
f 607 1391 1955
f 612 1440 2065
f 626 1511 2086
f 629 1529 2106
f 631 1547 2122
f 614 1469 2032
f 618 1458 2245
f 641 1584 2266
f 605 1362 1940
f 409 1269 1813
f 405 1245 1792
f 411 1252 1828
f 414 1288 1846
f 417 1306 1867
f 431 1336 1936
f 488 1551 2123
f 575 1473 2033
f 563 1599 2249
f 519 1354 2260
f 454 1479 2049
f 450 1401 1959
f 456 1408 2062
f 459 1492 2080
f 462 1504 2101
f 472 1533 2116
f 446 1414 2026
f 506 1444 2242
f 535 1594 2267
f 541 1383 1943
f 570 1323 1869
f 480 1275 1815
f 421 1263 1799
f 511 1299 1835
f 556 1317 1853
f 484 1341 1889
f 580 1564 2195
f 567 1462 2319
f 522 1588 2283
f 427 1347 1905
f 544 1521 2103
f 468 1420 2046
f 436 1395 1957
f 499 1497 2069
f 530 1515 2087
f 548 1557 2141
f 466 1425 1979
f 442 1431 1993
f 505 1570 2229
f 536 1372 2296
f 491 1282 2188
f 423 1258 1882
f 513 1294 1902
f 564 1312 2280
f 581 1330 2316
f 549 1378 2172
f 477 1540 2157
f 445 1449 2011
f 503 1575 2209
f 525 1365 1923
f 474 1486 2134
f 438 1390 1972
f 495 1437 1995
f 532 1510 2226
f 552 1528 2303
f 490 1546 2175
f 577 1468 2154
f 559 1455 2013
f 517 1581 2211
f 430 1359 1921
f 590 1272 1865
f 584 1248 1811
f 585 1253 1796
f 592 1289 1832
f 595 1307 1850
f 598 1337 1888
f 636 1554 2194
f 621 1476 2322
f 642 1602 2286
f 601 1355 1908
f 623 1482 2099
f 611 1404 2045
f 609 1409 1962
f 625 1493 2068
f 628 1505 2084
f 632 1536 2140
f 613 1415 1976
f 616 1445 1998
f 638 1595 2232
f 606 1386 2299
f 407 909 2330
f 403 891 2324
f 404 886 2325
f 410 898 2332
f 413 904 2335
f 422 922 2344
f 486 1060 2410
f 573 1240 2497
f 561 1204 2486
f 512 1102 2434
f 452 999 2375
f 448 981 2369
f 449 976 2370
f 455 988 2377
f 458 994 2380
f 470 1024 2393
f 437 952 2359
f 494 1066 2415
f 531 1138 2455
f 539 1179 2461
f 568 1233 2489
f 478 1041 2399
f 419 927 2341
f 509 1119 2431
f 554 1209 2476
f 482 1053 2405
f 576 1228 2500
f 558 1192 2481
f 516 1108 2439
f 425 933 2348
f 542 1167 2465
f 463 1005 2383
f 434 957 2356
f 497 1083 2420
f 528 1150 2452
f 546 1174 2471
f 464 1029 2386
f 440 963 2363
f 500 1077 2422
f 524 1126 2445
f 479 1036 2400
f 418 915 2338
f 508 1095 2428
f 553 1185 2473
f 569 1216 2490
f 538 1155 2458
f 471 1018 2394
f 443 970 2366
f 501 1090 2425
f 523 1143 2444
f 467 1012 2389
f 433 945 2353
f 493 1071 2414
f 527 1131 2449
f 543 1162 2466
f 485 1047 2407
f 572 1221 2494
f 557 1197 2480
f 515 1114 2438
f 428 940 2351
f 591 1284 2510
f 587 1260 2504
f 588 1296 2508
f 594 1314 2514
f 597 1332 2517
f 600 1380 2520
f 634 1542 2554
f 619 1451 2539
f 639 1577 2560
f 602 1367 2523
f 624 1488 2543
f 608 1392 2527
f 610 1439 2532
f 627 1512 2547
f 630 1530 2550
f 635 1548 2552
f 615 1470 2535
f 617 1457 2538
f 637 1583 2558
f 604 1361 2524
f 167 1616 1607
f 164 1608 1603
f 163 1606 1604
f 165 1612 1610
f 166 1615 1613
f 169 1624 1622
f 192 1692 1686
f 222 1782 1773
f 216 1765 1761
f 199 1714 1712
f 182 1661 1652
f 179 1653 1648
f 178 1651 1649
f 180 1657 1655
f 181 1660 1658
f 186 1675 1670
f 174 1639 1637
f 193 1696 1694
f 205 1733 1731
f 212 1751 1739
f 221 1779 1768
f 189 1683 1678
f 170 1626 1619
f 202 1721 1709
f 217 1766 1754
f 191 1689 1682
f 220 1778 1776
f 214 1760 1758
f 200 1718 1716
f 171 1629 1625
f 210 1747 1742
f 183 1665 1663
f 175 1641 1634
f 196 1704 1697
f 207 1737 1728
f 211 1750 1746
f 187 1676 1664
f 176 1644 1640
f 195 1702 1700
f 203 1726 1724
f 188 1681 1679
f 168 1620 1618
f 198 1710 1708
f 213 1755 1753
f 218 1771 1769
f 208 1740 1738
f 185 1673 1671
f 177 1647 1643
f 197 1707 1701
f 206 1734 1723
f 184 1669 1667
f 173 1635 1633
f 194 1698 1693
f 204 1729 1727
f 209 1745 1743
f 190 1687 1685
f 219 1774 1772
f 215 1762 1757
f 201 1720 1715
f 172 1632 1628
f 357 2189 2187
f 255 1883 1881
f 262 1903 1899
f 388 2281 2277
f 400 2317 2313
f 352 2173 2169
f 347 2158 2156
f 298 2012 2010
f 364 2210 2208
f 269 1924 1917
f 339 2135 2133
f 285 1973 1971
f 293 1996 1989
f 370 2227 2223
f 396 2304 2300
f 353 2176 2174
f 346 2155 2151
f 299 2014 2007
f 365 2212 2205
f 268 1922 1920
f 249 1864 1855
f 231 1810 1801
f 226 1795 1784
f 238 1831 1820
f 244 1849 1838
f 257 1887 1874
f 359 2193 2180
f 402 2321 2310
f 390 2285 2274
f 264 1907 1896
f 327 2098 2089
f 309 2044 2035
f 282 1961 1950
f 317 2067 2054
f 322 2083 2072
f 341 2139 2126
f 286 1975 1964
f 294 1997 1986
f 372 2231 2220
f 394 2298 2291
f 358 2190 2183
f 256 1884 1877
f 261 1900 1891
f 387 2278 2269
f 399 2314 2305
f 351 2170 2161
f 348 2159 2148
f 300 2015 2004
f 366 2213 2202
f 267 1918 1909
f 340 2136 2129
f 287 1977 1967
f 291 1990 1981
f 369 2224 2215
f 395 2301 2288
f 354 2177 2166
f 345 2152 2143
f 297 2008 1999
f 363 2206 2197
f 270 1925 1914
f 234 1817 1806
f 227 1797 1787
f 239 1833 1823
f 245 1851 1841
f 252 1871 1860
f 275 1941 1931
f 334 2119 2108
f 304 2029 2018
f 377 2247 2234
f 382 2262 2255
f 312 2051 2040
f 279 1954 1945
f 316 2064 2057
f 323 2085 2075
f 330 2105 2094
f 335 2121 2111
f 305 2031 2021
f 376 2244 2237
f 383 2265 2252
f 274 1939 1928
f 232 1814 1812
f 225 1793 1791
f 237 1829 1827
f 243 1847 1845
f 250 1868 1866
f 273 1937 1935
f 336 2124 2118
f 306 2034 2028
f 378 2250 2246
f 381 2261 2259
f 311 2050 2048
f 281 1960 1953
f 315 2063 2061
f 321 2081 2079
f 328 2102 2100
f 333 2117 2115
f 303 2027 2025
f 375 2243 2241
f 384 2268 2264
f 276 1944 1938
f 229 1804 1802
f 223 1785 1783
f 235 1821 1819
f 241 1839 1837
f 247 1858 1856
f 271 1929 1927
f 332 2114 2112
f 302 2024 2022
f 374 2240 2238
f 379 2253 2251
f 307 2038 2036
f 278 1951 1949
f 313 2055 2053
f 319 2073 2071
f 325 2092 2090
f 331 2109 2107
f 301 2019 2017
f 373 2235 2233
f 380 2258 2256
f 272 1934 1932
f 248 1861 1859
f 230 1807 1805
f 224 1790 1788
f 236 1826 1824
f 242 1844 1842
f 254 1880 1878
f 356 2186 2184
f 397 2308 2306
f 385 2272 2270
f 259 1894 1892
f 326 2095 2093
f 308 2041 2039
f 277 1948 1946
f 314 2060 2058
f 320 2078 2076
f 338 2132 2130
f 284 1970 1968
f 289 1984 1982
f 367 2218 2216
f 391 2289 2287
f 355 2181 2179
f 253 1875 1873
f 260 1897 1895
f 386 2275 2273
f 398 2311 2309
f 350 2167 2165
f 343 2146 2144
f 295 2002 2000
f 361 2200 2198
f 266 1915 1913
f 337 2127 2125
f 283 1965 1963
f 290 1987 1985
f 368 2221 2219
f 392 2294 2292
f 349 2164 2162
f 344 2149 2147
f 296 2005 2003
f 362 2203 2201
f 265 1912 1910
f 251 1870 1863
f 233 1816 1809
f 228 1800 1794
f 240 1836 1830
f 246 1854 1848
f 258 1890 1886
f 360 2196 2192
f 401 2320 2318
f 389 2284 2282
f 263 1906 1904
f 329 2104 2097
f 310 2047 2043
f 280 1958 1956
f 318 2070 2066
f 324 2088 2082
f 342 2142 2138
f 288 1980 1974
f 292 1994 1992
f 371 2230 2228
f 393 2297 2295
f 409 2329 2331
f 405 2323 2327
f 411 2326 2328
f 414 2333 2334
f 417 2336 2337
f 431 2345 2346
f 488 2409 2412
f 575 2496 2499
f 563 2485 2487
f 519 2435 2436
f 454 2374 2376
f 450 2368 2372
f 456 2371 2373
f 459 2378 2379
f 462 2381 2382
f 472 2392 2396
f 446 2360 2361
f 506 2416 2418
f 535 2456 2457
f 541 2460 2463
f 570 2488 2492
f 480 2398 2402
f 421 2340 2343
f 511 2430 2433
f 556 2475 2478
f 484 2404 2406
f 580 2501 2502
f 567 2482 2484
f 522 2440 2442
f 427 2347 2349
f 544 2464 2468
f 468 2384 2387
f 436 2355 2358
f 499 2419 2421
f 530 2451 2454
f 548 2470 2472
f 466 2385 2388
f 442 2362 2364
f 505 2423 2426
f 536 2446 2448
f 491 2401 2403
f 423 2339 2342
f 513 2429 2432
f 564 2474 2477
f 581 2491 2493
f 549 2459 2462
f 477 2395 2397
f 445 2365 2367
f 503 2424 2427
f 525 2443 2447
f 474 2390 2391
f 438 2354 2357
f 495 2413 2417
f 532 2450 2453
f 552 2467 2469
f 490 2408 2411
f 577 2495 2498
f 559 2479 2483
f 517 2437 2441
f 430 2350 2352
f 590 2511 2509
f 584 2505 2503
f 585 2507 2506
f 592 2513 2512
f 595 2516 2515
f 598 2519 2518
f 636 2556 2555
f 621 2540 2541
f 642 2561 2562
f 601 2521 2522
f 623 2544 2542
f 611 2529 2528
f 609 2530 2531
f 625 2546 2545
f 628 2549 2548
f 632 2553 2551
f 613 2534 2533
f 616 2536 2537
f 638 2557 2559
f 606 2525 2526
f 1607 644 647
f 1603 643 644
f 1604 645 643
f 1610 646 645
f 1613 647 646
f 1622 652 649
f 1686 670 672
f 1773 699 702
f 1761 695 696
f 1712 681 679
f 1652 659 662
f 1648 658 659
f 1649 660 658
f 1655 661 660
f 1658 662 661
f 1670 665 666
f 1637 657 654
f 1694 677 673
f 1731 686 685
f 1739 688 692
f 1768 698 701
f 1678 668 669
f 1619 648 650
f 1709 678 682
f 1754 693 697
f 1682 669 671
f 1776 701 700
f 1758 697 694
f 1716 682 680
f 1625 650 651
f 1742 689 690
f 1663 664 663
f 1634 653 655
f 1697 674 676
f 1728 684 687
f 1746 690 691
f 1664 663 667
f 1640 655 656
f 1700 676 675
f 1724 687 683
f 1679 672 668
f 1618 649 648
f 1708 679 678
f 1753 696 693
f 1769 702 698
f 1738 691 688
f 1671 667 665
f 1643 656 657
f 1701 675 677
f 1723 683 686
f 1667 666 664
f 1633 654 653
f 1693 673 674
f 1727 685 684
f 1743 692 689
f 1685 671 670
f 1772 700 699
f 1757 694 695
f 1715 680 681
f 1628 651 652
f 2187 838 837
f 1881 736 735
f 1899 741 742
f 2277 867 868
f 2313 879 880
f 2169 831 832
f 2156 828 827
f 2010 780 778
f 2208 846 844
f 1917 747 749
f 2133 820 819
f 1971 767 765
f 1989 771 773
f 2223 849 850
f 2300 875 876
f 2174 834 833
f 2151 825 826
f 2007 777 779
f 2205 843 845
f 1920 750 748
f 1855 727 729
f 1801 709 711
f 1784 703 706
f 1820 715 718
f 1838 721 724
f 1874 733 737
f 2180 835 839
f 2310 878 882
f 2274 866 870
f 1896 740 744
f 2089 805 807
f 2035 787 789
f 1950 758 762
f 2054 793 797
f 2072 799 802
f 2126 817 821
f 1964 763 766
f 1986 770 774
f 2220 848 852
f 2291 872 874
f 2183 836 838
f 1877 734 736
f 1891 739 741
f 2269 865 867
f 2305 877 879
f 2161 829 831
f 2148 824 828
f 2004 776 780
f 2202 842 846
f 1909 745 747
f 2129 818 820
f 1967 764 767
f 1981 769 771
f 2215 847 849
f 2288 871 875
f 2166 830 834
f 2143 823 825
f 1999 775 777
f 2197 841 843
f 1914 746 750
f 1806 710 714
f 1787 704 707
f 1823 716 719
f 1841 722 725
f 1860 728 732
f 1931 752 755
f 2108 811 814
f 2018 781 784
f 2234 853 857
f 2255 860 862
f 2040 788 792
f 1945 757 759
f 2057 794 796
f 2075 800 803
f 2094 806 810
f 2111 812 815
f 2021 782 785
f 2237 854 856
f 2252 859 863
f 1928 751 754
f 1812 714 712
f 1791 707 705
f 1827 719 717
f 1845 725 723
f 1866 732 730
f 1935 755 753
f 2118 814 816
f 2028 784 786
f 2246 857 858
f 2259 862 861
f 2048 792 791
f 1953 759 761
f 2061 796 795
f 2079 803 801
f 2100 810 808
f 2115 815 813
f 2025 785 783
f 2241 856 855
f 2264 863 864
f 1938 754 756
f 1802 712 709
f 1783 705 703
f 1819 717 715
f 1837 723 721
f 1856 730 727
f 1927 753 751
f 2112 816 812
f 2022 786 782
f 2238 858 854
f 2251 861 859
f 2036 791 787
f 1949 761 758
f 2053 795 793
f 2071 801 799
f 2090 808 805
f 2107 813 811
f 2017 783 781
f 2233 855 853
f 2256 864 860
f 1932 756 752
f 1859 731 728
f 1805 713 710
f 1788 708 704
f 1824 720 716
f 1842 726 722
f 1878 738 734
f 2184 840 836
f 2306 881 877
f 2270 869 865
f 1892 743 739
f 2093 809 806
f 2039 790 788
f 1946 760 757
f 2058 798 794
f 2076 804 800
f 2130 822 818
f 1968 768 764
f 1982 772 769
f 2216 851 847
f 2287 873 871
f 2179 837 835
f 1873 735 733
f 1895 742 740
f 2273 868 866
f 2309 880 878
f 2165 832 830
f 2144 827 823
f 2000 778 775
f 2198 844 841
f 1913 749 746
f 2125 819 817
f 1963 765 763
f 1985 773 770
f 2219 850 848
f 2292 876 872
f 2162 833 829
f 2147 826 824
f 2003 779 776
f 2201 845 842
f 1910 748 745
f 1863 729 731
f 1809 711 713
f 1794 706 708
f 1830 718 720
f 1848 724 726
f 1886 737 738
f 2192 839 840
f 2318 882 881
f 2282 870 869
f 1904 744 743
f 2097 807 809
f 2043 789 790
f 1956 762 760
f 2066 797 798
f 2082 802 804
f 2138 821 822
f 1974 766 768
f 1992 774 772
f 2228 852 851
f 2295 874 873
f 2331 1270 1269
f 2327 1246 1245
f 2328 1251 1252
f 2334 1287 1288
f 2337 1305 1306
f 2346 1335 1336
f 2412 1552 1551
f 2499 1474 1473
f 2487 1600 1599
f 2436 1353 1354
f 2376 1480 1479
f 2372 1402 1401
f 2373 1407 1408
f 2379 1491 1492
f 2382 1503 1504
f 2396 1534 1533
f 2361 1413 1414
f 2418 1443 1444
f 2457 1593 1594
f 2463 1384 1383
f 2492 1324 1323
f 2402 1276 1275
f 2343 1264 1263
f 2433 1300 1299
f 2478 1318 1317
f 2406 1342 1341
f 2502 1563 1564
f 2484 1461 1462
f 2442 1587 1588
f 2349 1348 1347
f 2468 1522 1521
f 2387 1419 1420
f 2358 1396 1395
f 2421 1498 1497
f 2454 1516 1515
f 2472 1558 1557
f 2388 1426 1425
f 2364 1432 1431
f 2426 1569 1570
f 2448 1371 1372
f 2403 1281 1282
f 2342 1257 1258
f 2432 1293 1294
f 2477 1311 1312
f 2493 1329 1330
f 2462 1377 1378
f 2397 1539 1540
f 2367 1450 1449
f 2427 1576 1575
f 2447 1366 1365
f 2391 1485 1486
f 2357 1389 1390
f 2417 1438 1437
f 2453 1509 1510
f 2469 1527 1528
f 2411 1545 1546
f 2498 1467 1468
f 2483 1456 1455
f 2441 1582 1581
f 2352 1360 1359
f 2509 1271 1272
f 2503 1247 1248
f 2506 1254 1253
f 2512 1290 1289
f 2515 1308 1307
f 2518 1338 1337
f 2555 1553 1554
f 2541 1475 1476
f 2562 1601 1602
f 2522 1356 1355
f 2542 1481 1482
f 2528 1403 1404
f 2531 1410 1409
f 2545 1494 1493
f 2548 1506 1505
f 2551 1535 1536
f 2533 1416 1415
f 2537 1446 1445
f 2559 1596 1595
f 2526 1385 1386
f 1616 907 909
f 1608 889 891
f 1606 883 886
f 1612 895 898
f 1615 901 904
f 1624 919 922
f 1692 1057 1060
f 1782 1237 1240
f 1765 1201 1204
f 1714 1099 1102
f 1661 997 999
f 1653 979 981
f 1651 973 976
f 1657 985 988
f 1660 991 994
f 1675 1021 1024
f 1639 949 952
f 1696 1063 1066
f 1733 1135 1138
f 1751 1177 1179
f 1779 1231 1233
f 1683 1039 1041
f 1626 925 927
f 1721 1117 1119
f 1766 1207 1209
f 1689 1051 1053
f 1778 1225 1228
f 1760 1189 1192
f 1718 1105 1108
f 1629 931 933
f 1747 1165 1167
f 1665 1003 1005
f 1641 955 957
f 1704 1081 1083
f 1737 1147 1150
f 1750 1171 1174
f 1676 1027 1029
f 1644 961 963
f 1702 1075 1077
f 1726 1123 1126
f 1681 1033 1036
f 1620 913 915
f 1710 1093 1095
f 1755 1183 1185
f 1771 1213 1216
f 1740 1153 1155
f 1673 1015 1018
f 1647 967 970
f 1707 1087 1090
f 1734 1141 1143
f 1669 1009 1012
f 1635 943 945
f 1698 1069 1071
f 1729 1129 1131
f 1745 1159 1162
f 1687 1045 1047
f 1774 1219 1221
f 1762 1195 1197
f 1720 1111 1114
f 1632 937 940
f 2189 1280 1284
f 1883 1256 1260
f 1903 1292 1296
f 2281 1310 1314
f 2317 1328 1332
f 2173 1376 1380
f 2158 1538 1542
f 2012 1447 1451
f 2210 1573 1577
f 1924 1363 1367
f 2135 1484 1488
f 1973 1388 1392
f 1996 1435 1439
f 2227 1508 1512
f 2304 1526 1530
f 2176 1544 1548
f 2155 1466 1470
f 2014 1453 1457
f 2212 1579 1583
f 1922 1357 1361
f 1864 1268 1270
f 1810 1244 1246
f 1795 1249 1251
f 1831 1285 1287
f 1849 1303 1305
f 1887 1333 1335
f 2193 1550 1552
f 2321 1472 1474
f 2285 1598 1600
f 1907 1351 1353
f 2098 1478 1480
f 2044 1400 1402
f 1961 1405 1407
f 2067 1489 1491
f 2083 1501 1503
f 2139 1532 1534
f 1975 1411 1413
f 1997 1441 1443
f 2231 1591 1593
f 2298 1382 1384
f 2190 1322 1324
f 1884 1274 1276
f 1900 1262 1264
f 2278 1298 1300
f 2314 1316 1318
f 2170 1340 1342
f 2159 1561 1563
f 2015 1459 1461
f 2213 1585 1587
f 1918 1346 1348
f 2136 1520 1522
f 1977 1417 1419
f 1990 1394 1396
f 2224 1496 1498
f 2301 1514 1516
f 2177 1556 1558
f 2152 1424 1426
f 2008 1430 1432
f 2206 1567 1569
f 1925 1369 1371
f 1817 1279 1281
f 1797 1255 1257
f 1833 1291 1293
f 1851 1309 1311
f 1871 1327 1329
f 1941 1375 1377
f 2119 1537 1539
f 2029 1448 1450
f 2247 1574 1576
f 2262 1364 1366
f 2051 1483 1485
f 1954 1387 1389
f 2064 1436 1438
f 2085 1507 1509
f 2105 1525 1527
f 2121 1543 1545
f 2031 1465 1467
f 2244 1454 1456
f 2265 1580 1582
f 1939 1358 1360
f 1814 1267 1271
f 1793 1243 1247
f 1829 1250 1254
f 1847 1286 1290
f 1868 1304 1308
f 1937 1334 1338
f 2124 1549 1553
f 2034 1471 1475
f 2250 1597 1601
f 2261 1352 1356
f 2050 1477 1481
f 1960 1399 1403
f 2063 1406 1410
f 2081 1490 1494
f 2102 1502 1506
f 2117 1531 1535
f 2027 1412 1416
f 2243 1442 1446
f 2268 1592 1596
f 1944 1381 1385
f 1804 890 894
f 1785 884 887
f 1821 896 899
f 1839 902 905
f 1858 908 912
f 1929 938 941
f 2114 1046 1050
f 2024 1220 1224
f 2240 1196 1200
f 2253 1112 1115
f 2038 980 984
f 1951 974 977
f 2055 986 989
f 2073 992 995
f 2092 998 1002
f 2109 1016 1019
f 2019 968 971
f 2235 1088 1091
f 2258 1142 1146
f 1934 1154 1158
f 1861 1214 1217
f 1807 1034 1037
f 1790 914 918
f 1826 1094 1098
f 1844 1184 1188
f 1880 1040 1044
f 2186 1232 1236
f 2308 1208 1212
f 2272 1118 1122
f 1894 926 930
f 2095 1160 1163
f 2041 1010 1013
f 1948 944 948
f 2060 1070 1074
f 2078 1130 1134
f 2132 1166 1170
f 1970 1004 1008
f 1984 956 960
f 2218 1082 1086
f 2289 1148 1151
f 2181 1058 1061
f 1875 920 923
f 1897 1100 1103
f 2275 1202 1205
f 2311 1238 1241
f 2167 1172 1175
f 2146 1028 1032
f 2002 962 966
f 2200 1076 1080
f 1915 1124 1127
f 2127 1022 1025
f 1965 950 953
f 1987 1064 1067
f 2221 1136 1139
f 2294 1178 1182
f 2164 1052 1056
f 2149 1226 1229
f 2005 1190 1193
f 2203 1106 1109
f 1912 932 936
f 1870 1321 1325
f 1816 1273 1277
f 1800 1261 1265
f 1836 1297 1301
f 1854 1315 1319
f 1890 1339 1343
f 2196 1562 1566
f 2320 1460 1464
f 2284 1586 1590
f 1906 1345 1349
f 2104 1519 1523
f 2047 1418 1422
f 1958 1393 1397
f 2070 1495 1499
f 2088 1513 1517
f 2142 1555 1559
f 1980 1423 1427
f 1994 1429 1433
f 2230 1568 1572
f 2297 1370 1374
f 2329 894 892
f 2323 887 885
f 2326 899 897
f 2333 905 903
f 2336 912 910
f 2345 941 939
f 2409 1050 1048
f 2496 1224 1222
f 2485 1200 1198
f 2435 1115 1113
f 2374 984 982
f 2368 977 975
f 2371 989 987
f 2378 995 993
f 2381 1002 1000
f 2392 1019 1017
f 2360 971 969
f 2416 1091 1089
f 2456 1146 1144
f 2460 1158 1156
f 2488 1217 1215
f 2398 1037 1035
f 2340 918 916
f 2430 1098 1096
f 2475 1188 1186
f 2404 1044 1042
f 2501 1236 1234
f 2482 1212 1210
f 2440 1122 1120
f 2347 930 928
f 2464 1163 1161
f 2384 1013 1011
f 2355 948 946
f 2419 1074 1072
f 2451 1134 1132
f 2470 1170 1168
f 2385 1008 1006
f 2362 960 958
f 2423 1086 1084
f 2446 1151 1149
f 2401 1061 1059
f 2339 923 921
f 2429 1103 1101
f 2474 1205 1203
f 2491 1241 1239
f 2459 1175 1173
f 2395 1032 1030
f 2365 966 964
f 2424 1080 1078
f 2443 1127 1125
f 2390 1025 1023
f 2354 953 951
f 2413 1067 1065
f 2450 1139 1137
f 2467 1182 1180
f 2408 1056 1054
f 2495 1229 1227
f 2479 1193 1191
f 2437 1109 1107
f 2350 936 934
f 2511 1325 1326
f 2505 1277 1278
f 2507 1265 1266
f 2513 1301 1302
f 2516 1319 1320
f 2519 1343 1344
f 2556 1566 1565
f 2540 1464 1463
f 2561 1590 1589
f 2521 1349 1350
f 2544 1523 1524
f 2529 1422 1421
f 2530 1397 1398
f 2546 1499 1500
f 2549 1517 1518
f 2553 1559 1560
f 2534 1427 1428
f 2536 1433 1434
f 2557 1572 1571
f 2525 1374 1373
f 1609 892 889
f 1605 885 883
f 1611 897 895
f 1614 903 901
f 1617 910 907
f 1631 939 937
f 1688 1048 1045
f 1775 1222 1219
f 1763 1198 1195
f 1719 1113 1111
f 1654 982 979
f 1650 975 973
f 1656 987 985
f 1659 993 991
f 1662 1000 997
f 1672 1017 1015
f 1646 969 967
f 1706 1089 1087
f 1735 1144 1141
f 1741 1156 1153
f 1770 1215 1213
f 1680 1035 1033
f 1621 916 913
f 1711 1096 1093
f 1756 1186 1183
f 1684 1042 1039
f 1780 1234 1231
f 1767 1210 1207
f 1722 1120 1117
f 1627 928 925
f 1744 1161 1159
f 1668 1011 1009
f 1636 946 943
f 1699 1072 1069
f 1730 1132 1129
f 1748 1168 1165
f 1666 1006 1003
f 1642 958 955
f 1705 1084 1081
f 1736 1149 1147
f 1691 1059 1057
f 1623 921 919
f 1713 1101 1099
f 1764 1203 1201
f 1781 1239 1237
f 1749 1173 1171
f 1677 1030 1027
f 1645 964 961
f 1703 1078 1075
f 1725 1125 1123
f 1674 1023 1021
f 1638 951 949
f 1695 1065 1063
f 1732 1137 1135
f 1752 1180 1177
f 1690 1054 1051
f 1777 1227 1225
f 1759 1191 1189
f 1717 1107 1105
f 1630 934 931
f 2191 1326 1322
f 1885 1278 1274
f 1901 1266 1262
f 2279 1302 1298
f 2315 1320 1316
f 2171 1344 1340
f 2160 1565 1561
f 2016 1463 1459
f 2214 1589 1585
f 1919 1350 1346
f 2137 1524 1520
f 1978 1421 1417
f 1991 1398 1394
f 2225 1500 1496
f 2302 1518 1514
f 2178 1560 1556
f 2153 1428 1424
f 2009 1434 1430
f 2207 1571 1567
f 1926 1373 1369
f 1857 911 908
f 1803 893 890
f 1786 888 884
f 1822 900 896
f 1840 906 902
f 1876 924 920
f 2182 1062 1058
f 2312 1242 1238
f 2276 1206 1202
f 1898 1104 1100
f 2091 1001 998
f 2037 983 980
f 1952 978 974
f 2056 990 986
f 2074 996 992
f 2128 1026 1022
f 1966 954 950
f 1988 1068 1064
f 2222 1140 1136
f 2293 1181 1178
f 2185 1235 1232
f 1879 1043 1040
f 1893 929 926
f 2271 1121 1118
f 2307 1211 1208
f 2163 1055 1052
f 2150 1230 1226
f 2006 1194 1190
f 2204 1110 1106
f 1911 935 932
f 2131 1169 1166
f 1969 1007 1004
f 1983 959 956
f 2217 1085 1082
f 2290 1152 1148
f 2168 1176 1172
f 2145 1031 1028
f 2001 965 962
f 2199 1079 1076
f 1916 1128 1124
f 1808 1038 1034
f 1789 917 914
f 1825 1097 1094
f 1843 1187 1184
f 1862 1218 1214
f 1933 1157 1154
f 2110 1020 1016
f 2020 972 968
f 2236 1092 1088
f 2257 1145 1142
f 2042 1014 1010
f 1947 947 944
f 2059 1073 1070
f 2077 1133 1130
f 2096 1164 1160
f 2113 1049 1046
f 2023 1223 1220
f 2239 1199 1196
f 2254 1116 1112
f 1930 942 938
f 1818 1283 1279
f 1798 1259 1255
f 1834 1295 1291
f 1852 1313 1309
f 1872 1331 1327
f 1942 1379 1375
f 2120 1541 1537
f 2030 1452 1448
f 2248 1578 1574
f 2263 1368 1364
f 2052 1487 1483
f 1955 1391 1387
f 2065 1440 1436
f 2086 1511 1507
f 2106 1529 1525
f 2122 1547 1543
f 2032 1469 1465
f 2245 1458 1454
f 2266 1584 1580
f 1940 1362 1358
f 1813 1269 1267
f 1792 1245 1243
f 1828 1252 1250
f 1846 1288 1286
f 1867 1306 1304
f 1936 1336 1334
f 2123 1551 1549
f 2033 1473 1471
f 2249 1599 1597
f 2260 1354 1352
f 2049 1479 1477
f 1959 1401 1399
f 2062 1408 1406
f 2080 1492 1490
f 2101 1504 1502
f 2116 1533 1531
f 2026 1414 1412
f 2242 1444 1442
f 2267 1594 1592
f 1943 1383 1381
f 1869 1323 1321
f 1815 1275 1273
f 1799 1263 1261
f 1835 1299 1297
f 1853 1317 1315
f 1889 1341 1339
f 2195 1564 1562
f 2319 1462 1460
f 2283 1588 1586
f 1905 1347 1345
f 2103 1521 1519
f 2046 1420 1418
f 1957 1395 1393
f 2069 1497 1495
f 2087 1515 1513
f 2141 1557 1555
f 1979 1425 1423
f 1993 1431 1429
f 2229 1570 1568
f 2296 1372 1370
f 2188 1282 1280
f 1882 1258 1256
f 1902 1294 1292
f 2280 1312 1310
f 2316 1330 1328
f 2172 1378 1376
f 2157 1540 1538
f 2011 1449 1447
f 2209 1575 1573
f 1923 1365 1363
f 2134 1486 1484
f 1972 1390 1388
f 1995 1437 1435
f 2226 1510 1508
f 2303 1528 1526
f 2175 1546 1544
f 2154 1468 1466
f 2013 1455 1453
f 2211 1581 1579
f 1921 1359 1357
f 1865 1272 1268
f 1811 1248 1244
f 1796 1253 1249
f 1832 1289 1285
f 1850 1307 1303
f 1888 1337 1333
f 2194 1554 1550
f 2322 1476 1472
f 2286 1602 1598
f 1908 1355 1351
f 2099 1482 1478
f 2045 1404 1400
f 1962 1409 1405
f 2068 1493 1489
f 2084 1505 1501
f 2140 1536 1532
f 1976 1415 1411
f 1998 1445 1441
f 2232 1595 1591
f 2299 1386 1382
f 2330 909 911
f 2324 891 893
f 2325 886 888
f 2332 898 900
f 2335 904 906
f 2344 922 924
f 2410 1060 1062
f 2497 1240 1242
f 2486 1204 1206
f 2434 1102 1104
f 2375 999 1001
f 2369 981 983
f 2370 976 978
f 2377 988 990
f 2380 994 996
f 2393 1024 1026
f 2359 952 954
f 2415 1066 1068
f 2455 1138 1140
f 2461 1179 1181
f 2489 1233 1235
f 2399 1041 1043
f 2341 927 929
f 2431 1119 1121
f 2476 1209 1211
f 2405 1053 1055
f 2500 1228 1230
f 2481 1192 1194
f 2439 1108 1110
f 2348 933 935
f 2465 1167 1169
f 2383 1005 1007
f 2356 957 959
f 2420 1083 1085
f 2452 1150 1152
f 2471 1174 1176
f 2386 1029 1031
f 2363 963 965
f 2422 1077 1079
f 2445 1126 1128
f 2400 1036 1038
f 2338 915 917
f 2428 1095 1097
f 2473 1185 1187
f 2490 1216 1218
f 2458 1155 1157
f 2394 1018 1020
f 2366 970 972
f 2425 1090 1092
f 2444 1143 1145
f 2389 1012 1014
f 2353 945 947
f 2414 1071 1073
f 2449 1131 1133
f 2466 1162 1164
f 2407 1047 1049
f 2494 1221 1223
f 2480 1197 1199
f 2438 1114 1116
f 2351 940 942
f 2510 1284 1283
f 2504 1260 1259
f 2508 1296 1295
f 2514 1314 1313
f 2517 1332 1331
f 2520 1380 1379
f 2554 1542 1541
f 2539 1451 1452
f 2560 1577 1578
f 2523 1367 1368
f 2543 1488 1487
f 2527 1392 1391
f 2532 1439 1440
f 2547 1512 1511
f 2550 1530 1529
f 2552 1548 1547
f 2535 1470 1469
f 2538 1457 1458
f 2558 1583 1584
f 2524 1361 1362
f 1607 1616 1609
f 1603 1608 1605
f 1604 1606 1611
f 1610 1612 1614
f 1613 1615 1617
f 1622 1624 1631
f 1686 1692 1688
f 1773 1782 1775
f 1761 1765 1763
f 1712 1714 1719
f 1652 1661 1654
f 1648 1653 1650
f 1649 1651 1656
f 1655 1657 1659
f 1658 1660 1662
f 1670 1675 1672
f 1637 1639 1646
f 1694 1696 1706
f 1731 1733 1735
f 1739 1751 1741
f 1768 1779 1770
f 1678 1683 1680
f 1619 1626 1621
f 1709 1721 1711
f 1754 1766 1756
f 1682 1689 1684
f 1776 1778 1780
f 1758 1760 1767
f 1716 1718 1722
f 1625 1629 1627
f 1742 1747 1744
f 1663 1665 1668
f 1634 1641 1636
f 1697 1704 1699
f 1728 1737 1730
f 1746 1750 1748
f 1664 1676 1666
f 1640 1644 1642
f 1700 1702 1705
f 1724 1726 1736
f 1679 1681 1691
f 1618 1620 1623
f 1708 1710 1713
f 1753 1755 1764
f 1769 1771 1781
f 1738 1740 1749
f 1671 1673 1677
f 1643 1647 1645
f 1701 1707 1703
f 1723 1734 1725
f 1667 1669 1674
f 1633 1635 1638
f 1693 1698 1695
f 1727 1729 1732
f 1743 1745 1752
f 1685 1687 1690
f 1772 1774 1777
f 1757 1762 1759
f 1715 1720 1717
f 1628 1632 1630
f 2187 2189 2191
f 1881 1883 1885
f 1899 1903 1901
f 2277 2281 2279
f 2313 2317 2315
f 2169 2173 2171
f 2156 2158 2160
f 2010 2012 2016
f 2208 2210 2214
f 1917 1924 1919
f 2133 2135 2137
f 1971 1973 1978
f 1989 1996 1991
f 2223 2227 2225
f 2300 2304 2302
f 2174 2176 2178
f 2151 2155 2153
f 2007 2014 2009
f 2205 2212 2207
f 1920 1922 1926
f 1855 1864 1857
f 1801 1810 1803
f 1784 1795 1786
f 1820 1831 1822
f 1838 1849 1840
f 1874 1887 1876
f 2180 2193 2182
f 2310 2321 2312
f 2274 2285 2276
f 1896 1907 1898
f 2089 2098 2091
f 2035 2044 2037
f 1950 1961 1952
f 2054 2067 2056
f 2072 2083 2074
f 2126 2139 2128
f 1964 1975 1966
f 1986 1997 1988
f 2220 2231 2222
f 2291 2298 2293
f 2183 2190 2185
f 1877 1884 1879
f 1891 1900 1893
f 2269 2278 2271
f 2305 2314 2307
f 2161 2170 2163
f 2148 2159 2150
f 2004 2015 2006
f 2202 2213 2204
f 1909 1918 1911
f 2129 2136 2131
f 1967 1977 1969
f 1981 1990 1983
f 2215 2224 2217
f 2288 2301 2290
f 2166 2177 2168
f 2143 2152 2145
f 1999 2008 2001
f 2197 2206 2199
f 1914 1925 1916
f 1806 1817 1808
f 1787 1797 1789
f 1823 1833 1825
f 1841 1851 1843
f 1860 1871 1862
f 1931 1941 1933
f 2108 2119 2110
f 2018 2029 2020
f 2234 2247 2236
f 2255 2262 2257
f 2040 2051 2042
f 1945 1954 1947
f 2057 2064 2059
f 2075 2085 2077
f 2094 2105 2096
f 2111 2121 2113
f 2021 2031 2023
f 2237 2244 2239
f 2252 2265 2254
f 1928 1939 1930
f 1812 1814 1818
f 1791 1793 1798
f 1827 1829 1834
f 1845 1847 1852
f 1866 1868 1872
f 1935 1937 1942
f 2118 2124 2120
f 2028 2034 2030
f 2246 2250 2248
f 2259 2261 2263
f 2048 2050 2052
f 1953 1960 1955
f 2061 2063 2065
f 2079 2081 2086
f 2100 2102 2106
f 2115 2117 2122
f 2025 2027 2032
f 2241 2243 2245
f 2264 2268 2266
f 1938 1944 1940
f 1802 1804 1813
f 1783 1785 1792
f 1819 1821 1828
f 1837 1839 1846
f 1856 1858 1867
f 1927 1929 1936
f 2112 2114 2123
f 2022 2024 2033
f 2238 2240 2249
f 2251 2253 2260
f 2036 2038 2049
f 1949 1951 1959
f 2053 2055 2062
f 2071 2073 2080
f 2090 2092 2101
f 2107 2109 2116
f 2017 2019 2026
f 2233 2235 2242
f 2256 2258 2267
f 1932 1934 1943
f 1859 1861 1869
f 1805 1807 1815
f 1788 1790 1799
f 1824 1826 1835
f 1842 1844 1853
f 1878 1880 1889
f 2184 2186 2195
f 2306 2308 2319
f 2270 2272 2283
f 1892 1894 1905
f 2093 2095 2103
f 2039 2041 2046
f 1946 1948 1957
f 2058 2060 2069
f 2076 2078 2087
f 2130 2132 2141
f 1968 1970 1979
f 1982 1984 1993
f 2216 2218 2229
f 2287 2289 2296
f 2179 2181 2188
f 1873 1875 1882
f 1895 1897 1902
f 2273 2275 2280
f 2309 2311 2316
f 2165 2167 2172
f 2144 2146 2157
f 2000 2002 2011
f 2198 2200 2209
f 1913 1915 1923
f 2125 2127 2134
f 1963 1965 1972
f 1985 1987 1995
f 2219 2221 2226
f 2292 2294 2303
f 2162 2164 2175
f 2147 2149 2154
f 2003 2005 2013
f 2201 2203 2211
f 1910 1912 1921
f 1863 1870 1865
f 1809 1816 1811
f 1794 1800 1796
f 1830 1836 1832
f 1848 1854 1850
f 1886 1890 1888
f 2192 2196 2194
f 2318 2320 2322
f 2282 2284 2286
f 1904 1906 1908
f 2097 2104 2099
f 2043 2047 2045
f 1956 1958 1962
f 2066 2070 2068
f 2082 2088 2084
f 2138 2142 2140
f 1974 1980 1976
f 1992 1994 1998
f 2228 2230 2232
f 2295 2297 2299
f 2331 2329 2330
f 2327 2323 2324
f 2328 2326 2325
f 2334 2333 2332
f 2337 2336 2335
f 2346 2345 2344
f 2412 2409 2410
f 2499 2496 2497
f 2487 2485 2486
f 2436 2435 2434
f 2376 2374 2375
f 2372 2368 2369
f 2373 2371 2370
f 2379 2378 2377
f 2382 2381 2380
f 2396 2392 2393
f 2361 2360 2359
f 2418 2416 2415
f 2457 2456 2455
f 2463 2460 2461
f 2492 2488 2489
f 2402 2398 2399
f 2343 2340 2341
f 2433 2430 2431
f 2478 2475 2476
f 2406 2404 2405
f 2502 2501 2500
f 2484 2482 2481
f 2442 2440 2439
f 2349 2347 2348
f 2468 2464 2465
f 2387 2384 2383
f 2358 2355 2356
f 2421 2419 2420
f 2454 2451 2452
f 2472 2470 2471
f 2388 2385 2386
f 2364 2362 2363
f 2426 2423 2422
f 2448 2446 2445
f 2403 2401 2400
f 2342 2339 2338
f 2432 2429 2428
f 2477 2474 2473
f 2493 2491 2490
f 2462 2459 2458
f 2397 2395 2394
f 2367 2365 2366
f 2427 2424 2425
f 2447 2443 2444
f 2391 2390 2389
f 2357 2354 2353
f 2417 2413 2414
f 2453 2450 2449
f 2469 2467 2466
f 2411 2408 2407
f 2498 2495 2494
f 2483 2479 2480
f 2441 2437 2438
f 2352 2350 2351
f 2509 2511 2510
f 2503 2505 2504
f 2506 2507 2508
f 2512 2513 2514
f 2515 2516 2517
f 2518 2519 2520
f 2555 2556 2554
f 2541 2540 2539
f 2562 2561 2560
f 2522 2521 2523
f 2542 2544 2543
f 2528 2529 2527
f 2531 2530 2532
f 2545 2546 2547
f 2548 2549 2550
f 2551 2553 2552
f 2533 2534 2535
f 2537 2536 2538
f 2559 2557 2558
f 2526 2525 2524