v -0.117266 0.330080 -0.152869
v 0.111373 0.335960 -0.152487
v -0.294094 -0.523008 0.015383
v 0.294150 -0.521966 0.016234
v 0.000411 -0.414797 0.710999
v 0.001529 0.116615 0.365499
v 0.000003 -0.089883 -0.406081
v 0.001379 0.408454 -0.712538
v 0.306403 0.059399 -0.259538
v 0.310100 0.016083 0.290062
v -0.304426 0.063626 -0.263752
v -0.313458 0.031928 0.275517
v 0.012175 0.552811 -0.220835
v -0.061026 0.213188 -0.015139
v -0.203549 0.659443 -0.413384
v -0.260665 0.165442 -0.238120
v -0.287045 0.070959 0.071578
v 0.050902 0.212308 -0.009221
v 0.203635 0.661451 -0.416318
v 0.259026 0.166145 -0.235315
v 0.279838 0.058196 0.078698
v -0.000023 -0.563350 0.015352
v -0.211180 -0.635414 0.420645
v -0.173111 -0.495029 -0.296211
v -0.332926 -0.113063 -0.125136
v -0.322038 -0.157873 0.185216
v 0.210671 -0.633832 0.420553
v 0.172900 -0.495333 -0.296496
v 0.330353 -0.105998 -0.123572
v 0.324921 -0.159247 0.192560
v 0.000934 -0.011488 0.702143
v 0.311949 -0.180678 0.558284
v -0.311743 -0.178700 0.557417
v 0.207776 0.051873 0.392026
v -0.209274 0.051213 0.394148
v -0.000061 0.011352 -0.665669
v 0.186547 -0.005016 -0.368305
v -0.183859 -0.004337 -0.369491
v 0.306448 0.188430 -0.596844
v -0.305468 0.190529 -0.598057
v 0.323216 0.038554 0.005191
v -0.323401 0.065859 -0.009105
v -0.044263 0.466796 -0.189621
v -0.074506 0.276696 -0.127427
v -0.164119 0.480267 -0.244723
v -0.190274 0.266483 -0.189802
v -0.183177 0.183866 -0.079193
v 0.032443 0.480686 -0.180448
v 0.056710 0.279136 -0.121425
v 0.161177 0.485017 -0.245788
v 0.189963 0.268683 -0.190774
v 0.176288 0.181396 -0.077178
v -0.170038 -0.602071 0.014250
v -0.232799 -0.498740 0.175113
v -0.324303 -0.749535 -0.153958
v -0.358103 -0.369722 -0.070139
v -0.313512 -0.342998 0.101586
v 0.170357 -0.601832 0.014086
v 0.234062 -0.497559 0.175647
v 0.324640 -0.749132 -0.154088
v 0.359383 -0.368185 -0.070039
v 0.315663 -0.340277 0.103582
v -0.129822 -0.633270 0.676572
v 0.132639 -0.632980 0.677679
v 0.000591 -0.215964 0.768779
v 0.195044 -0.335498 0.697706
v -0.191728 -0.335937 0.697458
v -0.043816 0.150841 0.193314
v 0.043048 0.150178 0.193684
v 0.001233 0.096983 0.548349
v 0.097213 0.100311 0.399890
v -0.096268 0.100581 0.403638
v -0.063803 -0.241141 -0.370023
v 0.064942 -0.242791 -0.369683
v -0.000623 0.011987 -0.477255
v 0.081124 -0.036736 -0.393660
v -0.081592 -0.034832 -0.394239
v -0.133898 0.604580 -0.617627
v 0.134884 0.604878 -0.617249
v 0.002367 0.180776 -0.794032
v 0.204202 0.317763 -0.739665
v -0.201483 0.318833 -0.740576
v 0.315259 0.065172 -0.265450
v 0.298229 0.040768 -0.178361
v 0.267924 0.037100 -0.319465
v 0.298153 0.097792 -0.392969
v 0.321521 0.053160 -0.143026
v 0.307424 0.024845 0.204522
v 0.314773 -0.011335 0.262416
v 0.307462 -0.060364 0.392656
v 0.281953 0.013210 0.343409
v 0.318968 0.040047 0.164229
v -0.316334 0.087071 -0.268435
v -0.295536 0.027703 -0.184535
v -0.264436 0.035402 -0.321754
v -0.295567 0.102910 -0.395499
v -0.318948 0.066445 -0.151478
v -0.314071 0.037793 0.191574
v -0.312180 -0.001239 0.245312
v -0.306210 -0.054365 0.382570
v -0.282691 0.015866 0.333915
v -0.323081 0.063584 0.145950
v 0.019617 0.411667 -0.168552
v -0.061771 0.604724 -0.281144
v -0.016245 0.396665 -0.156302
v 0.058344 0.608514 -0.281643
v -0.177847 0.154097 0.046140
v -0.004463 0.213174 -0.050504
v -0.150397 0.127569 0.217991
v -0.321014 0.463273 -0.335024
v -0.000259 0.696313 -0.430266
v -0.276079 0.444724 -0.538594
v -0.275807 0.092626 -0.077988
v -0.282714 0.237722 -0.403468
v -0.322812 0.035286 -0.118347
v -0.258296 0.066964 0.222891
v -0.325469 0.033475 0.041897
v 0.172068 0.152926 0.049886
v 0.149566 0.127881 0.218472
v 0.324905 0.467381 -0.334612
v 0.275376 0.444594 -0.538432
v 0.272363 0.089596 -0.072650
v 0.282157 0.234616 -0.402606
v 0.321137 0.023472 -0.106068
v 0.257878 0.065509 0.229014
v 0.326238 0.008274 0.057708
v -0.095118 -0.597634 0.209977
v -0.083617 -0.607665 -0.155780
v 0.095038 -0.597300 0.210653
v 0.083427 -0.607791 -0.155074
v -0.297340 -0.382409 0.303965
v 0.000114 -0.606128 0.464669
v -0.324640 -0.462948 0.559875
v -0.332754 -0.345790 -0.249777
v 0.000750 -0.443553 -0.284021
v -0.186941 -0.182716 -0.328046
v -0.333441 -0.137063 0.022473
v -0.257794 -0.070083 -0.248854
v -0.312674 0.042595 -0.051244
v -0.322058 -0.198643 0.370663
v -0.314336 0.043413 0.088995
v 0.299060 -0.381554 0.306105
v 0.324066 -0.462989 0.556837
v 0.333625 -0.344571 -0.249085
v 0.188682 -0.183425 -0.326914
v 0.335115 -0.131407 0.025881
v 0.259354 -0.064530 -0.246358
v 0.305609 0.061607 -0.044302
v 0.325293 -0.200492 0.376583
v 0.313740 0.033238 0.099681
v 0.187585 -0.097632 0.687336
v -0.185943 -0.097341 0.687906
v 0.147555 0.043972 0.581796
v -0.146074 0.044222 0.582753
v 0.258051 -0.030700 0.506714
v -0.256877 -0.029808 0.503863
v 0.127180 0.012105 -0.527050
v -0.127166 0.011343 -0.528818
v 0.216493 0.068973 -0.734665
v -0.215248 0.069932 -0.736530
v 0.249715 0.056434 -0.499892
v -0.246942 0.057076 -0.502375
v -0.086345 0.394393 -0.165438
v -0.095271 0.306048 -0.143007
v -0.127154 0.399403 -0.170366
v -0.151992 0.303551 -0.166730
v -0.136266 0.250784 -0.135258
v 0.077074 0.403830 -0.159582
v 0.084210 0.311755 -0.138179
v 0.126407 0.403527 -0.176897
v 0.150070 0.307210 -0.167570
v 0.129183 0.252823 -0.135077
v -0.246263 -0.584022 0.017044
v -0.260842 -0.500410 0.079266
v -0.318916 -0.620758 -0.041465
v -0.332815 -0.474704 -0.024643
v -0.304534 -0.436714 0.053394
v 0.247491 -0.582808 0.016479
v 0.261662 -0.498479 0.078660
v 0.318409 -0.620386 -0.041337
v 0.333744 -0.473897 -0.024675
v 0.306061 -0.434900 0.054507
v -0.056719 -0.493190 0.694634
v 0.059009 -0.493252 0.694431
v 0.000673 -0.322784 0.730666
v 0.089985 -0.386440 0.712381
v -0.087799 -0.386667 0.712312
v -0.020666 0.124297 0.292173
v 0.023323 0.123914 0.292272
v 0.001477 0.116271 0.454980
v 0.043125 0.113905 0.386224
v -0.040313 0.113889 0.389062
v -0.025192 -0.153630 -0.396830
v 0.025846 -0.153285 -0.396605
v -0.000237 -0.022911 -0.424375
v 0.037121 -0.067581 -0.405259
v -0.037056 -0.066524 -0.405949
v -0.056140 0.494797 -0.672951
v 0.057225 0.494510 -0.672744
v 0.002080 0.304871 -0.759006
v 0.093323 0.372241 -0.726997
v -0.089871 0.371773 -0.726346
v 0.315477 0.060132 -0.265120
v 0.303785 0.054553 -0.222153
v 0.291568 0.053719 -0.286952
v 0.301868 0.070750 -0.315651
v 0.315903 0.057032 -0.207949
v 0.308329 0.023875 0.254241
v 0.313779 0.014964 0.287150
v 0.307131 -0.012722 0.333473
v 0.300053 0.008819 0.313090
v 0.316360 0.034732 0.241574
v -0.313409 0.074071 -0.268748
v -0.299587 0.050665 -0.227325
v -0.290165 0.053461 -0.290933
v -0.301124 0.075936 -0.319291
v -0.314455 0.063199 -0.214976
v -0.312809 0.035816 0.238257
v -0.314008 0.039377 0.271234
v -0.307753 -0.001363 0.319367
v -0.301767 0.017153 0.300478
v -0.319235 0.053735 0.221663
v -0.001643 0.528098 -0.207821
v -0.003053 0.536654 -0.214441
v 0.039212 0.521559 -0.201701
v -0.016438 0.572798 -0.240758
v -0.010724 0.505138 -0.197378
v 0.012288 0.578819 -0.241280
v -0.060724 0.239916 -0.097861
v -0.058578 0.186297 0.090255
v -0.015808 0.276793 -0.118308
v -0.119245 0.191976 0.018297
v -0.023036 0.216991 -0.037794
v -0.116138 0.189065 0.113343
v -0.212371 0.575752 -0.322702
v -0.189205 0.674475 -0.514101
v -0.134196 0.651084 -0.343653
v -0.429143 0.622021 -0.381510
v -0.151182 0.817874 -0.425515
v -0.276691 0.583913 -0.479656
v -0.225535 0.219740 -0.214408
v -0.293301 0.115927 -0.256944
v -0.246809 0.299508 -0.293730
v -0.267292 0.122773 -0.156499
v -0.266271 0.209822 -0.321201
v -0.301404 0.075759 -0.176424
v -0.237815 0.123844 -0.004864
v -0.312469 0.040644 0.139022
v -0.238610 0.112180 0.065367
v -0.283261 0.078032 -0.002706
v -0.279705 0.069825 0.146350
v -0.317128 0.034687 0.065420
v 0.042076 0.238321 -0.091700
v 0.054296 0.183788 0.091668
v -0.002092 0.270528 -0.117251
v 0.014210 0.212895 -0.036942
v 0.110778 0.193317 0.022719
v 0.113521 0.188378 0.115524
v 0.209175 0.579799 -0.324747
v 0.188830 0.674968 -0.515038
v 0.132638 0.653235 -0.344361
v 0.151457 0.817757 -0.426099
v 0.414817 0.627888 -0.389249
v 0.271819 0.583375 -0.483040
v 0.223763 0.222559 -0.214689
v 0.291762 0.108398 -0.252502
v 0.245984 0.300387 -0.293384
v 0.265551 0.122938 -0.152594
v 0.266225 0.209660 -0.319114
v 0.296432 0.075274 -0.169872
v 0.230979 0.116257 -0.001456
v 0.304465 0.026717 0.148703
v 0.229396 0.107515 0.069156
v 0.278352 0.067073 0.004181
v 0.273952 0.063081 0.152876
v 0.318375 0.010340 0.078527
v -0.087766 -0.580287 0.014124
v 0.087696 -0.580271 0.014241
v -0.044659 -0.577080 0.111467
v -0.048398 -0.554402 -0.072950
v 0.044483 -0.577441 0.110386
v 0.048561 -0.554209 -0.072571
v -0.213609 -0.528058 0.296085
v -0.182205 -0.811204 0.573610
v -0.138336 -0.575444 0.327986
v -0.269677 -0.507986 0.370512
v -0.101616 -0.656487 0.453197
v -0.316128 -0.638769 0.515453
v -0.248231 -0.732501 -0.282590
v -0.112560 -0.349182 -0.326746
v -0.123197 -0.621758 -0.247064
v -0.271970 -0.462927 -0.292812
v -0.082107 -0.462407 -0.287483
v -0.190116 -0.328351 -0.316071
v -0.362855 -0.232306 -0.102314
v -0.300126 -0.022798 -0.146978
v -0.336291 -0.222060 -0.181704
v -0.341760 -0.124845 -0.052156
v -0.299710 -0.100295 -0.192161
v -0.316292 -0.029636 -0.081481
v -0.319794 -0.249424 0.147592
v -0.318762 -0.071225 0.217354
v -0.315700 -0.266156 0.241687
v -0.327180 -0.143531 0.101752
v -0.320489 -0.178734 0.276538
v -0.320376 -0.052011 0.135218
v 0.214564 -0.527991 0.295557
v 0.182702 -0.811394 0.573929
v 0.137786 -0.576792 0.327729
v 0.101876 -0.656882 0.453225
v 0.269581 -0.507400 0.370140
v 0.314313 -0.637412 0.512735
v 0.249001 -0.732255 -0.282094
v 0.113305 -0.349813 -0.326819
v 0.123753 -0.622219 -0.247474
v 0.082453 -0.463259 -0.287428
v 0.272741 -0.463987 -0.292754
v 0.190813 -0.329665 -0.315700
v 0.362682 -0.229760 -0.102040
v 0.299285 -0.004711 -0.143154
v 0.335303 -0.219729 -0.180684
v 0.341302 -0.118200 -0.051042
v 0.299706 -0.092973 -0.190040
v 0.312203 -0.013277 -0.077851
v 0.322425 -0.248193 0.151198
v 0.321188 -0.077310 0.229632
v 0.317423 -0.267906 0.246059
v 0.329506 -0.142378 0.106800
v 0.323109 -0.182095 0.283948
v 0.322974 -0.057023 0.146206
v 0.000531 -0.107767 0.772684
v 0.000939 0.055911 0.631073
v 0.094246 -0.055563 0.712747
v -0.092892 -0.055403 0.713501
v 0.084247 0.022642 0.652432
v -0.082604 0.022790 0.653191
v 0.270224 -0.260838 0.640887
v 0.311230 -0.116764 0.468868
v 0.314296 -0.304877 0.559558
v 0.323328 -0.204532 0.469337
v 0.264823 -0.140915 0.634165
v 0.286632 -0.093651 0.540955
v -0.269622 -0.259827 0.641921
v -0.311730 -0.112235 0.463192
v -0.313530 -0.303723 0.559352
v -0.324325 -0.200998 0.465698
v -0.264230 -0.139905 0.634594
v -0.285428 -0.091462 0.537943
v 0.154449 0.077947 0.401751
v 0.251389 0.028309 0.371483
v 0.182333 0.084675 0.313874
v 0.232784 0.060139 0.308163
v 0.181317 0.046249 0.483563
v 0.231008 0.015497 0.455882
v -0.155272 0.077305 0.407408
v -0.252085 0.028401 0.367928
v -0.182516 0.085297 0.313549
v -0.233249 0.059852 0.305507
v -0.180798 0.045724 0.485331
v -0.231495 0.015784 0.455345
v -0.000421 0.002982 -0.563209
v 0.001163 0.070715 -0.760632
v 0.078218 0.000555 -0.606074
v -0.078625 -0.000087 -0.607436
v 0.102957 0.031785 -0.711731
v -0.102173 0.033079 -0.712436
v 0.132601 -0.016760 -0.380540
v 0.233323 0.014108 -0.348058
v 0.176725 -0.066815 -0.330191
v 0.217264 -0.029231 -0.301126
v 0.159151 0.010196 -0.445575
v 0.214526 0.025395 -0.431816
v -0.131597 -0.015209 -0.381056
v -0.228774 0.011915 -0.349413
v -0.173667 -0.064743 -0.330556
v -0.213435 -0.030040 -0.301221
v -0.157438 0.010336 -0.447202
v -0.211670 0.025018 -0.433412
v 0.296653 0.248140 -0.706091
v 0.296689 0.139832 -0.485560
v 0.288290 0.306898 -0.579141
v 0.293509 0.226510 -0.492137
v 0.301989 0.124432 -0.702378
v 0.288267 0.104161 -0.564187
v -0.294913 0.250219 -0.706952
v -0.295194 0.143591 -0.487616
v -0.287592 0.309264 -0.580445
v -0.292388 0.229784 -0.493295
v -0.302012 0.125384 -0.704248
v -0.287012 0.104980 -0.566578
v 0.323109 0.044774 -0.071246
v 0.322208 0.038387 0.083612
v 0.331110 0.020486 -0.048220
v 0.329337 0.015816 0.032546
v 0.314507 0.059501 -0.021164
v 0.315511 0.053895 0.054022
v -0.322602 0.068061 -0.083173
v -0.324197 0.066684 0.067561
v -0.326211 0.046109 -0.062341
v -0.327368 0.046972 0.015608
v -0.316156 0.077700 -0.030743
v -0.317976 0.087185 0.040131
v -0.049336 0.378105 -0.159716
v -0.096069 0.477183 -0.203478
v 0.010337 0.469758 -0.185995
v -0.054321 0.539753 -0.225512
v -0.128196 0.222646 -0.101868
v -0.024693 0.347522 -0.146646
v -0.121552 0.202744 -0.054359
v -0.183379 0.381856 -0.219210
v -0.119036 0.555207 -0.269028
v -0.255079 0.484014 -0.290631
v -0.182879 0.212160 -0.133222
v -0.224637 0.357662 -0.257710
v -0.225905 0.170172 -0.141680
v -0.182062 0.165723 -0.021978
v -0.232089 0.141188 -0.072907
v 0.031114 0.390401 -0.144266
v 0.089306 0.485576 -0.200227
v -0.023794 0.485192 -0.171283
v 0.049135 0.544798 -0.228323
v 0.117073 0.223775 -0.099204
v 0.002394 0.351267 -0.128484
v 0.110597 0.203784 -0.050678
v 0.182791 0.385806 -0.219868
v 0.115408 0.560228 -0.268816
v 0.253323 0.488396 -0.291874
v 0.178597 0.212905 -0.133183
v 0.225651 0.359762 -0.257780
v 0.225229 0.170586 -0.140171
v 0.173321 0.162527 -0.019294
v 0.228891 0.137276 -0.069762
v -0.201251 -0.542279 0.091268
v -0.226173 -0.746963 -0.031539
v -0.129064 -0.567026 0.101807
v -0.123717 -0.656635 -0.062846
v -0.281204 -0.428428 0.140806
v -0.168960 -0.549685 0.199290
v -0.266382 -0.448074 0.247099
v -0.364149 -0.541856 -0.118722
v -0.161376 -0.790347 -0.162660
v -0.357748 -0.577939 -0.241088
v -0.333548 -0.351361 0.015560
v -0.362061 -0.381031 -0.163491
v -0.348190 -0.240828 -0.021187
v -0.300675 -0.351945 0.196377
v -0.330404 -0.242491 0.061214
v 0.202146 -0.541788 0.091245
v 0.227394 -0.746463 -0.031736
v 0.128337 -0.566629 0.101870
v 0.124704 -0.656649 -0.062657
v 0.282873 -0.426799 0.141720
v 0.169206 -0.549805 0.199568
v 0.267951 -0.447200 0.247394
v 0.364758 -0.541692 -0.119105
v 0.161404 -0.790916 -0.161978
v 0.357707 -0.578122 -0.241160
v 0.334914 -0.348423 0.016864
v 0.361888 -0.380259 -0.163395
v 0.351402 -0.236142 -0.019812
v 0.302772 -0.350386 0.198970
v 0.333437 -0.239572 0.063717
v 0.000690 -0.550526 0.666370
v -0.180709 -0.487661 0.696473
v -0.056602 -0.629684 0.589059
v -0.286428 -0.638145 0.674329
v 0.183498 -0.488117 0.695494
v 0.057585 -0.630303 0.589714
v 0.289398 -0.637732 0.671419
v 0.100011 -0.269163 0.733551
v -0.098032 -0.269582 0.733492
v 0.100293 -0.155976 0.747591
v -0.098655 -0.156504 0.747828
v 0.289305 -0.415862 0.656711
v 0.197254 -0.203855 0.703285
v -0.287585 -0.415663 0.658262
v -0.195917 -0.203978 0.704154
v -0.000282 0.150731 0.189094
v -0.069935 0.118844 0.302620
v -0.019160 0.182641 0.077572
v -0.094050 0.146677 0.206775
v 0.071718 0.121218 0.299901
v 0.014776 0.181307 0.077208
v 0.092998 0.145502 0.206048
v 0.059864 0.105846 0.491096
v -0.057768 0.105972 0.494254
v 0.073647 0.076093 0.579482
v -0.071627 0.076427 0.580710
v 0.126093 0.107293 0.309899
v 0.121796 0.078705 0.496660
v -0.125778 0.107379 0.311432
v -0.120807 0.078106 0.498497
v -0.000152 -0.246740 -0.388502
v -0.076821 -0.135140 -0.379719
v -0.037362 -0.347475 -0.337382
v -0.126910 -0.221939 -0.348793
v 0.077207 -0.136999 -0.379070
v 0.037982 -0.347791 -0.337210
v 0.127236 -0.223240 -0.347848
v 0.043015 0.002018 -0.436237
v -0.044439 0.002541 -0.437166
v 0.056867 0.009230 -0.508682
v -0.058522 0.009348 -0.509274
v 0.129012 -0.106097 -0.357762
v 0.097935 0.006686 -0.444668
v -0.127826 -0.104936 -0.358229
v -0.098345 0.006934 -0.446128
v 0.000541 0.621471 -0.623874
v -0.168220 0.459603 -0.675144
v -0.071096 0.687711 -0.526134
v -0.225138 0.534669 -0.590151
v 0.169894 0.458896 -0.673971
v 0.071319 0.687535 -0.526074
v 0.225428 0.534677 -0.590560
v 0.119596 0.245652 -0.796218
v -0.114669 0.245890 -0.792272
v 0.124089 0.115602 -0.801427
v -0.121306 0.116794 -0.801570
v 0.252067 0.389774 -0.646937
v 0.239480 0.179474 -0.795660
v -0.250697 0.391201 -0.647811
v -0.237047 0.180839 -0.796811
v 0.306618 0.091898 -0.331567
v 0.322789 0.044033 -0.201496
v 0.292221 0.137807 -0.331539
v 0.318322 0.035150 -0.189257
v 0.283393 0.031484 -0.247232
v 0.312219 0.061838 -0.157428
v 0.279853 -0.007134 -0.209253
v 0.304921 0.061164 -0.109942
v 0.283589 0.064714 -0.361843
v 0.255433 0.001501 -0.275497
v 0.255869 0.046959 -0.402340
v 0.296850 0.150341 -0.407787
v 0.281553 0.083256 -0.452066
v 0.326202 0.032878 -0.126920
v 0.312834 0.064611 -0.090734
v 0.294422 0.025166 0.273203
v 0.316575 0.026116 0.185637
v 0.289285 0.038771 0.220226
v 0.318492 0.016544 0.132631
v 0.314904 -0.047662 0.330285
v 0.312453 0.050843 0.219878
v 0.321372 -0.104254 0.312207
v 0.312974 0.019607 0.182501
v 0.294119 -0.018467 0.376858
v 0.319475 -0.120988 0.392125
v 0.288988 -0.054655 0.451725
v 0.270444 0.038760 0.292806
v 0.269302 -0.007742 0.419544
v 0.324160 0.021027 0.110956
v 0.313310 0.058656 0.133732
v -0.307250 0.101705 -0.334045
v -0.322363 0.063992 -0.208592
v -0.291869 0.146050 -0.333966
v -0.323844 0.051674 -0.198345
v -0.280034 0.027072 -0.250577
v -0.309098 0.059990 -0.164364
v -0.277784 -0.017132 -0.212095
v -0.306860 0.039661 -0.117349
v -0.282778 0.065641 -0.364538
v -0.251327 -0.003317 -0.277222
v -0.253473 0.046573 -0.403977
v -0.294828 0.157167 -0.408845
v -0.278580 0.085374 -0.453757
v -0.326294 0.050197 -0.138852
v -0.314267 0.074351 -0.098510
v -0.298041 0.030815 0.261382
v -0.322272 0.046064 0.169058
v -0.295433 0.044624 0.211412
v -0.323294 0.037247 0.118274
v -0.313035 -0.036555 0.317079
v -0.312057 0.065694 0.197820
v -0.318474 -0.097313 0.300405
v -0.312474 0.026753 0.166353
v -0.293460 -0.013007 0.367339
v -0.317648 -0.115443 0.382400
v -0.289814 -0.049912 0.445405
v -0.273732 0.039582 0.286805
v -0.269926 -0.005445 0.414730
v -0.326209 0.047563 0.093496
v -0.316194 0.079905 0.118172
v 0.006377 0.406983 -0.171277
v 0.000089 0.290037 -0.135675
v -0.000303 0.623823 -0.279730
v -0.049834 0.669643 -0.350634
v -0.010944 0.274920 -0.145975
v 0.047458 0.671927 -0.349829
v -0.170010 0.147067 0.128473
v -0.225125 0.105888 0.140729
v -0.204941 0.096917 0.223614
v -0.343166 0.490169 -0.438044
v -0.272559 0.352808 -0.382755
v -0.283143 0.347113 -0.475096
v -0.313297 0.037746 -0.091696
v -0.311013 0.038840 -0.014531
v -0.327179 0.033245 -0.037127
v 0.168864 0.147937 0.131869
v 0.223019 0.103195 0.145412
v 0.205287 0.096375 0.226582
v 0.343979 0.493956 -0.438453
v 0.273369 0.352317 -0.382499
v 0.284168 0.345257 -0.475193
v 0.307760 0.041288 -0.084097
v 0.319698 0.011660 0.001566
v 0.326068 0.011106 -0.022548
v -0.000053 -0.588576 0.219911
v -0.047888 -0.596557 0.337371
v 0.000124 -0.522637 -0.152758
v -0.043252 -0.521480 -0.225479
v 0.047583 -0.596019 0.337387
v 0.044025 -0.522305 -0.226110
v -0.308482 -0.431492 0.425784
v -0.317425 -0.293389 0.344736
v -0.321794 -0.313713 0.454466
v -0.259905 -0.265445 -0.297602
v -0.292421 -0.182959 -0.247603
v -0.231787 -0.128671 -0.293186
v -0.321358 -0.036724 -0.013901
v -0.321540 -0.042576 0.059014
v -0.314384 0.048470 0.016207
v 0.307983 -0.431343 0.425530
v 0.319063 -0.293851 0.348348
v 0.322164 -0.315196 0.456098
v 0.260623 -0.265945 -0.296362
v 0.293223 -0.179984 -0.246045
v 0.233165 -0.126891 -0.291415
v 0.319945 -0.025816 -0.009087
v 0.323185 -0.037804 0.065825
v 0.308782 0.057838 0.024651
v 0.168932 -0.015509 0.643588
v 0.239163 -0.055907 0.603086
v -0.167507 -0.015018 0.644742
v -0.238360 -0.055557 0.602922
v 0.209527 0.004113 0.551875
v -0.208770 0.003745 0.551599
v 0.171958 0.014265 -0.631624
v 0.195818 0.028769 -0.526116
v -0.170901 0.014693 -0.633576
v -0.194223 0.028171 -0.528601
v 0.247862 0.056929 -0.619097
v -0.246968 0.057625 -0.621647
v -0.103729 0.359327 -0.155919
v -0.106770 0.318956 -0.148176
v -0.120476 0.360379 -0.156805
v -0.132379 0.318431 -0.157381
v -0.124437 0.294037 -0.147438
v 0.096795 0.366410 -0.153150
v 0.098851 0.324960 -0.145910
v 0.117369 0.366133 -0.159881
v 0.128222 0.323032 -0.157706
v 0.118408 0.298536 -0.146388
v -0.276105 -0.554065 0.015494
v -0.278205 -0.510805 0.042181
v -0.301812 -0.559944 -0.010197
v -0.313246 -0.506849 -0.002226
v -0.299711 -0.482681 0.031908
v 0.275924 -0.553400 0.017218
v 0.278712 -0.510482 0.043221
v 0.302433 -0.559266 -0.010262
v 0.313459 -0.505066 -0.001991
v 0.299175 -0.481627 0.032962
v -0.024025 -0.447551 0.705506
v 0.026376 -0.448487 0.704239
v 0.000780 -0.374072 0.719619
v 0.040618 -0.402648 0.713057
v -0.037872 -0.402998 0.713046
v -0.009182 0.117302 0.335298
v 0.011846 0.118147 0.333026
v 0.001649 0.115922 0.404968
v 0.019390 0.116064 0.376097
v -0.016664 0.115216 0.378492
v -0.010819 -0.117574 -0.401487
v 0.011149 -0.117183 -0.402164
v 0.000253 -0.058190 -0.412554
v 0.016148 -0.079876 -0.407008
v -0.016707 -0.079695 -0.407256
v -0.023581 0.446092 -0.694765
v 0.025944 0.446274 -0.695572
v 0.001204 0.362349 -0.733530
v 0.041754 0.392997 -0.718833
v -0.038751 0.393113 -0.719026
v 0.311089 0.060690 -0.261909
v 0.305856 0.056606 -0.242834
v 0.300610 0.058293 -0.271583
v 0.304180 0.063262 -0.283823
v 0.311165 0.057679 -0.236861
v 0.309278 0.020688 0.275818
v 0.312471 0.016626 0.291036
v 0.308422 0.004319 0.308709
v 0.305750 0.011132 0.300214
v 0.313161 0.025798 0.270753
v -0.308517 0.068446 -0.265750
v -0.302673 0.057808 -0.247682
v -0.298870 0.060147 -0.275718
v -0.302962 0.068189 -0.287823
v -0.308827 0.063513 -0.241891
v -0.313270 0.034289 0.259153
v -0.316046 0.038190 0.280128
v -0.310648 0.018901 0.295360
v -0.308655 0.023304 0.285606
v -0.316482 0.043966 0.253956
v 0.009871 0.544508 -0.215691
v -0.028908 0.562606 -0.242014
v 0.030434 0.542820 -0.209433
v -0.001679 0.560804 -0.229488
v -0.001111 0.534415 -0.213607
v 0.000815 0.566889 -0.233098
v -0.058161 0.222893 -0.067326
v -0.062105 0.201398 0.037740
v -0.032086 0.232390 -0.083951
v -0.089000 0.205402 0.000858
v -0.039107 0.216465 -0.028125
v -0.088469 0.202515 0.050961
v -0.221411 0.624253 -0.366795
v -0.209705 0.696064 -0.463486
v -0.175803 0.675485 -0.380981
v -0.286338 0.629132 -0.397282
v -0.216571 0.794005 -0.421793
v -0.231936 0.628113 -0.445928
v -0.243139 0.193338 -0.226692
v -0.277480 0.138385 -0.248094
v -0.248230 0.223803 -0.266876
v -0.262553 0.142667 -0.196094
v -0.260868 0.187002 -0.279821
v -0.280486 0.118759 -0.206986
v -0.266441 0.095340 0.034160
v -0.304358 0.050235 0.108072
v -0.266256 0.091448 0.070179
v -0.286537 0.073491 0.034694
v -0.285408 0.069861 0.109130
v -0.306574 0.049005 0.071346
v 0.042862 0.223048 -0.057960
v 0.055121 0.200091 0.041090
v 0.015383 0.228633 -0.075426
v 0.028690 0.213774 -0.023454
v 0.080519 0.206660 0.006511
v 0.083281 0.202729 0.054468
v 0.219563 0.626569 -0.368770
v 0.209893 0.696239 -0.463890
v 0.175388 0.677517 -0.380891
v 0.217099 0.793400 -0.421456
v 0.279493 0.629921 -0.401582
v 0.228925 0.628169 -0.448507
v 0.242013 0.195784 -0.225120
v 0.276891 0.136440 -0.244181
v 0.247400 0.226562 -0.266295
v 0.261518 0.143620 -0.193059
v 0.260646 0.188191 -0.277338
v 0.278874 0.116232 -0.202817
v 0.257829 0.085118 0.039122
v 0.298580 0.033821 0.117404
v 0.256305 0.082913 0.075503
v 0.280574 0.059707 0.041731
v 0.278068 0.059373 0.115376
v 0.300399 0.033804 0.079165
v -0.044515 -0.568301 0.014787
v 0.044650 -0.568014 0.015466
v -0.022350 -0.571336 0.062473
v -0.023778 -0.553895 -0.030310
v 0.021968 -0.570370 0.062025
v 0.023086 -0.554066 -0.030602
v -0.208998 -0.556367 0.370511
v -0.216193 -0.767374 0.466084
v -0.167217 -0.584367 0.386138
v -0.247500 -0.571654 0.402626
v -0.157261 -0.668932 0.436846
v -0.268420 -0.663053 0.461207
v -0.207445 -0.596802 -0.289873
v -0.140904 -0.414769 -0.308889
v -0.151378 -0.570654 -0.278046
v -0.223785 -0.492567 -0.298948
v -0.125124 -0.480609 -0.290665
v -0.184467 -0.411253 -0.307227
v -0.355081 -0.163585 -0.113855
v -0.313752 -0.065729 -0.135889
v -0.336870 -0.164147 -0.151918
v -0.344356 -0.114300 -0.088459
v -0.317337 -0.108511 -0.159671
v -0.324036 -0.068890 -0.101423
v -0.321645 -0.202859 0.167255
v -0.320593 -0.114654 0.202268
v -0.321156 -0.210636 0.212047
v -0.323393 -0.149815 0.142926
v -0.321082 -0.167927 0.230185
v -0.321325 -0.104953 0.160228
v 0.209531 -0.554721 0.368109
v 0.215056 -0.767623 0.465598
v 0.166994 -0.584909 0.386173
v 0.156670 -0.669434 0.436586
v 0.247851 -0.569613 0.402334
v 0.267769 -0.662282 0.459668
v 0.208359 -0.597286 -0.290214
v 0.141807 -0.415685 -0.309585
v 0.151910 -0.571379 -0.278132
v 0.126273 -0.481574 -0.291485
v 0.224295 -0.493423 -0.298859
v 0.184629 -0.412208 -0.307384
v 0.354002 -0.160278 -0.114250
v 0.311900 -0.052680 -0.133161
v 0.334857 -0.160412 -0.150884
v 0.342076 -0.108788 -0.088148
v 0.315752 -0.101888 -0.158171
v 0.321496 -0.057862 -0.099374
v 0.324388 -0.203367 0.172765
v 0.324015 -0.116854 0.211773
v 0.322261 -0.213127 0.218527
v 0.326654 -0.150016 0.148928
v 0.323880 -0.170118 0.237491
v 0.325593 -0.104913 0.167827
v 0.000888 -0.056928 0.733383
v 0.000643 0.026115 0.668631
v 0.047282 -0.033407 0.712605
v -0.045600 -0.033292 0.712886
v 0.044514 0.007107 0.680521
v -0.042930 0.007068 0.680713
v 0.294827 -0.219709 0.601346
v 0.315978 -0.146966 0.513216
v 0.312470 -0.239228 0.559116
v 0.323463 -0.194747 0.515637
v 0.292197 -0.161984 0.598284
v 0.302028 -0.132728 0.552429
v -0.295301 -0.217873 0.601856
v -0.314788 -0.144011 0.509154
v -0.312912 -0.236873 0.558627
v -0.323564 -0.192262 0.512875
v -0.292657 -0.160052 0.598775
v -0.301362 -0.130787 0.550455
v 0.182171 0.065196 0.398445
v 0.230762 0.039447 0.382826
v 0.195200 0.068714 0.354134
v 0.220687 0.056176 0.349454
v 0.194583 0.048509 0.436308
v 0.218985 0.034552 0.425509
v -0.183404 0.064263 0.402789
v -0.231736 0.039213 0.381756
v -0.196304 0.068227 0.355485
v -0.221006 0.055482 0.348275
v -0.196021 0.047978 0.439636
v -0.220177 0.034501 0.426073
v -0.000476 -0.002897 -0.614967
v 0.000582 0.036231 -0.715410
v 0.042865 0.001644 -0.639003
v -0.043156 0.002176 -0.639105
v 0.049023 0.019994 -0.690695
v -0.048428 0.022387 -0.689638
v 0.160055 -0.009624 -0.374291
v 0.211092 0.003949 -0.359543
v 0.176684 -0.025616 -0.341998
v 0.201232 -0.014983 -0.332938
v 0.172670 0.004174 -0.406343
v 0.199161 0.010953 -0.398638
v -0.158501 -0.010405 -0.376690
v -0.208065 0.003205 -0.360642
v -0.173934 -0.025046 -0.343223
v -0.197377 -0.015747 -0.333693
v -0.170739 0.003995 -0.407784
v -0.196641 0.011047 -0.400687
v 0.313195 0.215323 -0.658360
v 0.300475 0.162989 -0.539061
v 0.299903 0.244683 -0.593345
v 0.299278 0.210562 -0.542786
v 0.315754 0.157054 -0.656433
v 0.304918 0.139739 -0.587940
v -0.313084 0.218260 -0.660390
v -0.299915 0.165656 -0.541148
v -0.299170 0.247154 -0.594059
v -0.298360 0.213600 -0.542964
v -0.315356 0.159019 -0.658188
v -0.303149 0.141948 -0.589409
v 0.323238 0.041370 -0.033696
v 0.323029 0.037671 0.043989
v 0.327342 0.028606 -0.021433
v 0.326793 0.026601 0.018193
v 0.319016 0.049900 -0.008439
v 0.319375 0.047595 0.030019
v -0.323128 0.066463 -0.045947
v -0.324279 0.067021 0.028727
v -0.325604 0.055668 -0.035190
v -0.325533 0.055898 0.002984
v -0.320276 0.075025 -0.020088
v -0.321482 0.077143 0.016192
v -0.066264 0.431106 -0.177400
v -0.021512 0.500793 -0.199854
v -0.043326 0.425679 -0.174241
v -0.069377 0.471846 -0.194364
v -0.018323 0.464726 -0.187131
v -0.048146 0.505098 -0.205279
v -0.084766 0.292246 -0.135922
v -0.066738 0.258893 -0.116150
v -0.061383 0.327043 -0.144447
v -0.099790 0.245974 -0.116875
v -0.050177 0.310552 -0.136598
v -0.094168 0.232791 -0.100737
v -0.143695 0.437497 -0.208461
v -0.187574 0.526793 -0.281622
v -0.126810 0.479135 -0.220974
v -0.176671 0.434610 -0.231672
v -0.144221 0.520083 -0.257798
v -0.206122 0.481826 -0.268139
v -0.171501 0.285623 -0.177983
v -0.208011 0.243640 -0.202757
v -0.187168 0.325722 -0.206431
v -0.182916 0.233531 -0.161388
v -0.205831 0.308381 -0.221659
v -0.203402 0.211962 -0.169068
v -0.157852 0.215696 -0.111041
v -0.209562 0.153470 -0.043514
v -0.155999 0.204009 -0.087791
v -0.183125 0.195589 -0.106230
v -0.182908 0.174038 -0.051142
v -0.208927 0.163136 -0.074250
v 0.054727 0.443240 -0.167989
v 0.013706 0.511935 -0.196900
v 0.029281 0.439581 -0.161122
v 0.059914 0.483542 -0.187607
v 0.004683 0.481587 -0.174811
v 0.040827 0.514034 -0.203766
v 0.069242 0.297041 -0.129750
v 0.047318 0.258484 -0.110390
v 0.041565 0.334866 -0.132450
v 0.087230 0.247553 -0.113474
v 0.028172 0.315399 -0.123869
v 0.080498 0.233561 -0.096727
v 0.141522 0.442128 -0.210298
v 0.185654 0.530891 -0.283853
v 0.124482 0.484063 -0.222774
v 0.174904 0.438549 -0.232083
v 0.140623 0.525925 -0.258099
v 0.204708 0.485790 -0.270015
v 0.171559 0.289343 -0.179257
v 0.207196 0.247052 -0.202907
v 0.186783 0.329156 -0.206889
v 0.180838 0.234294 -0.162231
v 0.205303 0.310768 -0.222221
v 0.202716 0.215198 -0.168390
v 0.150562 0.215855 -0.109980
v 0.203342 0.148565 -0.040676
v 0.148106 0.202434 -0.086690
v 0.177287 0.194005 -0.105339
v 0.175032 0.170983 -0.049302
v 0.202900 0.159916 -0.072302
v -0.210177 -0.600725 0.016096
v -0.129876 -0.591583 0.012662
v -0.186960 -0.561519 0.045365
v -0.194249 -0.656630 -0.014270
v -0.148691 -0.567602 0.049169
v -0.150080 -0.635805 -0.021903
v -0.246295 -0.495363 0.123938
v -0.221877 -0.508888 0.232180
v -0.216772 -0.520847 0.133724
v -0.259460 -0.465796 0.159025
v -0.202411 -0.526144 0.188522
v -0.249861 -0.473589 0.211946
v -0.333074 -0.696287 -0.085866
v -0.287648 -0.763231 -0.222419
v -0.278106 -0.771071 -0.088494
v -0.358312 -0.648372 -0.138915
v -0.251338 -0.794809 -0.157894
v -0.349129 -0.681332 -0.208211
v -0.349517 -0.428950 -0.048721
v -0.365378 -0.302851 -0.088353
v -0.359529 -0.448936 -0.094757
v -0.346965 -0.360002 -0.025984
v -0.365401 -0.378550 -0.116440
v -0.354548 -0.301077 -0.045145
v -0.309749 -0.389474 0.076695
v -0.317034 -0.295848 0.125433
v -0.299686 -0.386669 0.121515
v -0.322500 -0.344890 0.057873
v -0.305825 -0.344547 0.147650
v -0.323369 -0.294347 0.081489
v 0.210630 -0.600022 0.015784
v 0.129730 -0.591261 0.011891
v 0.186727 -0.561992 0.045965
v 0.194695 -0.656525 -0.013650
v 0.149089 -0.567850 0.048737
v 0.149763 -0.636089 -0.021618
v 0.246392 -0.494118 0.123538
v 0.222526 -0.508423 0.231674
v 0.217485 -0.520337 0.134661
v 0.260297 -0.464250 0.159522
v 0.202469 -0.525699 0.189181
v 0.250575 -0.472737 0.213067
v 0.333590 -0.695118 -0.087185
v 0.288066 -0.763066 -0.221984
v 0.279021 -0.770537 -0.088863
v 0.358361 -0.647155 -0.139418
v 0.252383 -0.794505 -0.157838
v 0.349326 -0.681240 -0.208316
v 0.348513 -0.426819 -0.048145
v 0.366321 -0.300373 -0.088381
v 0.360059 -0.447346 -0.094617
v 0.347604 -0.357095 -0.025514
v 0.365867 -0.376976 -0.116371
v 0.356707 -0.298080 -0.045062
v 0.310550 -0.387342 0.078772
v 0.319956 -0.293448 0.128013
v 0.300264 -0.385915 0.123568
v 0.324804 -0.342033 0.059349
v 0.307718 -0.342997 0.149696
v 0.326642 -0.291307 0.083466
v -0.093026 -0.550017 0.684736
v -0.156109 -0.759778 0.670732
v -0.063016 -0.579219 0.666127
v -0.162668 -0.568664 0.693038
v -0.087827 -0.653930 0.643461
v -0.215497 -0.685305 0.701371
v 0.096067 -0.550434 0.685236
v 0.158783 -0.758855 0.672667
v 0.064840 -0.580010 0.666316
v 0.166078 -0.569062 0.693041
v 0.089474 -0.654429 0.644916
v 0.220818 -0.685186 0.700287
v 0.001061 -0.268945 0.745830
v 0.000598 -0.169924 0.825129
v 0.050757 -0.241490 0.749889
v -0.048844 -0.241669 0.750646
v 0.051245 -0.187638 0.770167
v -0.049655 -0.187179 0.771753
v 0.142724 -0.364971 0.707317
v 0.239415 -0.299497 0.675964
v 0.191091 -0.409609 0.695459
v 0.147584 -0.299925 0.715459
v 0.243317 -0.374844 0.679332
v 0.196456 -0.267205 0.700793
v -0.140385 -0.364899 0.708272
v -0.237993 -0.299557 0.677211
v -0.188967 -0.409114 0.696168
v -0.145420 -0.300013 0.715870
v -0.240680 -0.374966 0.680316
v -0.194433 -0.267319 0.701066
v -0.032728 0.135845 0.243986
v -0.051965 0.168070 0.141936
v -0.021228 0.151066 0.190263
v -0.056748 0.134108 0.248252
v -0.030667 0.167337 0.136877
v -0.067810 0.149757 0.199398
v 0.034002 0.135597 0.243455
v 0.050258 0.166476 0.143544
v 0.020720 0.150304 0.190100
v 0.057192 0.134364 0.247734
v 0.028325 0.166089 0.136593
v 0.066410 0.148839 0.199621
v 0.001477 0.110251 0.504303
v 0.001182 0.078747 0.590794
v 0.032993 0.103505 0.523775
v -0.030288 0.103374 0.524562
v 0.036238 0.087262 0.566116
v -0.033862 0.087128 0.566715
v 0.069327 0.108699 0.395415
v 0.125910 0.089948 0.402740
v 0.084758 0.109730 0.351081
v 0.079677 0.101142 0.445839
v 0.112766 0.101196 0.356243
v 0.109843 0.090459 0.449460
v -0.067848 0.108596 0.397940
v -0.125530 0.090153 0.407209
v -0.083348 0.109316 0.353098
v -0.078660 0.101856 0.448949
v -0.111593 0.102416 0.358088
v -0.109623 0.091053 0.455472
v -0.042967 -0.194556 -0.387113
v -0.086611 -0.292384 -0.348387
v -0.032693 -0.244926 -0.384605
v -0.072055 -0.187896 -0.375077
v -0.052026 -0.294817 -0.358520
v -0.095989 -0.233140 -0.359555
v 0.044221 -0.195752 -0.385951
v 0.088087 -0.293181 -0.348278
v 0.033299 -0.245467 -0.385219
v 0.072659 -0.188832 -0.374334
v 0.053220 -0.295863 -0.357882
v 0.096186 -0.235592 -0.358180
v -0.000725 0.004150 -0.445523
v 0.000143 0.008980 -0.517437
v 0.022975 0.010089 -0.457401
v -0.024293 0.010234 -0.457765
v 0.026800 0.010144 -0.494478
v -0.027131 0.010779 -0.494611
v 0.058804 -0.053520 -0.400901
v 0.105557 -0.024317 -0.386778
v 0.079700 -0.086215 -0.384952
v 0.062435 -0.013488 -0.414579
v 0.103565 -0.069179 -0.374354
v 0.087407 -0.005971 -0.412888
v -0.059259 -0.052269 -0.401454
v -0.105881 -0.022757 -0.387278
v -0.080157 -0.083717 -0.385537
v -0.063149 -0.012874 -0.415420
v -0.103456 -0.068526 -0.375969
v -0.088457 -0.004157 -0.414641
v -0.092558 0.547764 -0.647512
v -0.160329 0.634726 -0.565870
v -0.067315 0.612640 -0.619404
v -0.152660 0.533078 -0.648166
v -0.101315 0.649620 -0.572287
v -0.190664 0.581738 -0.613325
v 0.093810 0.547414 -0.646912
v 0.160525 0.635066 -0.565829
v 0.068572 0.612714 -0.619038
v 0.155022 0.533845 -0.648109
v 0.101854 0.649909 -0.572066
v 0.191552 0.582617 -0.613874
v 0.001642 0.243217 -0.782071
v 0.001766 0.122052 -0.786787
v 0.062529 0.212316 -0.795465
v -0.058127 0.212437 -0.794440
v 0.063563 0.148583 -0.800151
v -0.060050 0.150058 -0.797971
v 0.148665 0.346694 -0.735784
v 0.255666 0.283575 -0.730981
v 0.184863 0.387286 -0.703005
v 0.170079 0.282780 -0.781481
v 0.231707 0.354726 -0.695257
v 0.229724 0.248967 -0.784464
v -0.145001 0.348176 -0.735972
v -0.253699 0.285268 -0.733246
v -0.181851 0.387856 -0.703015
v -0.166371 0.283448 -0.781714
v -0.230057 0.355737 -0.696010
v -0.226022 0.250632 -0.785571
v 0.322888 0.056047 -0.267998
v 0.304941 0.082814 -0.259611
v 0.311967 0.080110 -0.299178
v 0.322542 0.041895 -0.235542
v 0.303453 0.100516 -0.296711
v 0.318690 0.040436 -0.229579
v 0.301081 0.050707 -0.199385
v 0.296891 0.022466 -0.159590
v 0.290673 0.034107 -0.212612
v 0.306249 0.058138 -0.165935
v 0.289161 0.017380 -0.193770
v 0.302644 0.053180 -0.143175
v 0.281336 0.045727 -0.302910
v 0.252372 0.025450 -0.334953
v 0.275056 0.033244 -0.282646
v 0.275618 0.051065 -0.341224
v 0.260768 0.020760 -0.297496
v 0.260989 0.041082 -0.359474
v 0.299998 0.082159 -0.352145
v 0.296462 0.117603 -0.437269
v 0.303583 0.097159 -0.363439
v 0.291579 0.080201 -0.379090
v 0.299608 0.121453 -0.402243
v 0.291021 0.093310 -0.423083
v 0.319913 0.055815 -0.176654
v 0.322139 0.048696 -0.107510
v 0.323536 0.047726 -0.170999
v 0.317311 0.059862 -0.150336
v 0.324384 0.042808 -0.135182
v 0.317865 0.058654 -0.116264
v 0.307614 0.024266 0.230036
v 0.306862 0.024269 0.177745
v 0.301149 0.025898 0.238775
v 0.312555 0.024242 0.195041
v 0.300397 0.029564 0.212989
v 0.312605 0.020979 0.168389
v 0.313371 0.006914 0.276686
v 0.317975 -0.042809 0.246630
v 0.315561 -0.032001 0.296540
v 0.309984 0.042470 0.245520
v 0.318003 -0.057125 0.284736
v 0.313679 0.006124 0.224186
v 0.306966 -0.035696 0.360618
v 0.308945 -0.087965 0.428440
v 0.312106 -0.057052 0.361641
v 0.300922 -0.037620 0.386721
v 0.314075 -0.088451 0.394159
v 0.299760 -0.059591 0.422851
v 0.292206 0.009290 0.327950
v 0.268617 0.019466 0.358177
v 0.288279 0.021075 0.307448
v 0.288048 -0.001556 0.363044
v 0.276043 0.026479 0.319907
v 0.275366 0.003268 0.380422
v 0.316965 0.039322 0.204053
v 0.320795 0.039006 0.123886
v 0.318856 0.032037 0.176166
v 0.316331 0.050481 0.193752
v 0.321855 0.030714 0.136739
v 0.316786 0.049113 0.150153
v -0.316467 0.079884 -0.269585
v -0.305756 0.098961 -0.264049
v -0.310692 0.096627 -0.301955
v -0.321318 0.069882 -0.238069
v -0.303250 0.113207 -0.300296
v -0.319643 0.072081 -0.233526
v -0.297436 0.041493 -0.205658
v -0.295624 0.009054 -0.163184
v -0.288267 0.025504 -0.217636
v -0.303805 0.046799 -0.173290
v -0.286929 0.005793 -0.197316
v -0.301760 0.032357 -0.151233
v -0.278273 0.044594 -0.306460
v -0.248110 0.023549 -0.336763
v -0.271953 0.030263 -0.285405
v -0.273520 0.050074 -0.343934
v -0.257005 0.018029 -0.299036
v -0.257573 0.040554 -0.361710
v -0.299496 0.086259 -0.355449
v -0.293608 0.121409 -0.439089
v -0.301895 0.103895 -0.365373
v -0.290415 0.082857 -0.381891
v -0.297545 0.126704 -0.405011
v -0.287943 0.096065 -0.425132
v -0.316867 0.064751 -0.183635
v -0.321274 0.068131 -0.118372
v -0.320918 0.063148 -0.179586
v -0.314482 0.065423 -0.157593
v -0.323157 0.061303 -0.145975
v -0.316226 0.070669 -0.124473
v -0.313693 0.037553 0.215695
v -0.313372 0.038868 0.165471
v -0.305855 0.035633 0.226216
v -0.318625 0.040923 0.179576
v -0.306808 0.038304 0.201678
v -0.318824 0.038599 0.154827
v -0.311260 0.024006 0.258271
v -0.315599 -0.034802 0.231144
v -0.313205 -0.020457 0.281697
v -0.307489 0.054875 0.222821
v -0.315625 -0.049279 0.270514
v -0.312124 0.015189 0.206303
v -0.306065 -0.026363 0.348021
v -0.308948 -0.082620 0.421119
v -0.310741 -0.047892 0.349989
v -0.299616 -0.031216 0.376384
v -0.312412 -0.082137 0.384098
v -0.299368 -0.055126 0.414268
v -0.293449 0.014465 0.316345
v -0.269126 0.020710 0.351354
v -0.290026 0.024141 0.297094
v -0.288805 0.002107 0.352542
v -0.277935 0.027842 0.312046
v -0.275654 0.005378 0.373142
v -0.321212 0.059180 0.184959
v -0.323767 0.065747 0.107089
v -0.324089 0.053646 0.158340
v -0.317623 0.067557 0.172364
v -0.325445 0.055588 0.119659
v -0.319750 0.072584 0.132320
v 0.051192 0.495258 -0.195194
v -0.001807 0.337974 -0.143490
v 0.040190 0.486035 -0.187163
v 0.001964 0.385986 -0.157862
v 0.020007 0.414063 -0.172058
v 0.006448 0.348225 -0.150709
v -0.035571 0.588311 -0.256906
v -0.094361 0.624954 -0.311074
v -0.059764 0.570984 -0.252444
v -0.091011 0.584156 -0.276889
v -0.031042 0.616956 -0.282505
v -0.058303 0.638680 -0.314183
v -0.025446 0.474883 -0.181329
v -0.009917 0.329586 -0.135897
v -0.025831 0.450461 -0.163907
v -0.012939 0.378821 -0.141081
v -0.008887 0.404166 -0.167496
v -0.011830 0.338856 -0.148388
v 0.032025 0.592429 -0.258105
v 0.091904 0.627630 -0.311252
v 0.055224 0.575850 -0.253867
v 0.087464 0.587678 -0.277504
v 0.029039 0.619583 -0.281957
v 0.056203 0.640884 -0.313890
v -0.147515 0.173591 0.033293
v -0.207752 0.133398 0.056288
v -0.150172 0.178758 -0.003629
v -0.181235 0.159200 0.010600
v -0.173491 0.150430 0.085720
v -0.202855 0.129741 0.094277
v -0.012266 0.215795 -0.045479
v 0.003369 0.211189 -0.047447
v -0.009414 0.198802 0.014399
v 0.002541 0.196637 0.014199
v -0.004791 0.235271 -0.110869
v -0.004583 0.232971 -0.115388
v -0.133549 0.154961 0.166470
v -0.167112 0.103856 0.267289
v -0.121786 0.139347 0.212821
v -0.138398 0.116028 0.263681
v -0.162005 0.139065 0.173599
v -0.178313 0.112928 0.222047
v -0.446135 0.562711 -0.337035
v -0.245363 0.392831 -0.320570
v -0.305420 0.483969 -0.310819
v -0.247516 0.417707 -0.297479
v -0.405159 0.494001 -0.376524
v -0.277960 0.425009 -0.367473
v -0.072549 0.715848 -0.428743
v 0.072317 0.714983 -0.429920
v -0.037926 0.698952 -0.476521
v 0.037521 0.698882 -0.475906
v -0.030711 0.689383 -0.389640
v 0.029556 0.690028 -0.389040
v -0.280764 0.514966 -0.511096
v -0.278721 0.375338 -0.560583
v -0.254783 0.489821 -0.564573
v -0.262797 0.419821 -0.592711
v -0.299533 0.469464 -0.487178
v -0.281516 0.398467 -0.508631
v -0.272072 0.105279 -0.116860
v -0.279586 0.084382 -0.039971
v -0.251123 0.130927 -0.110748
v -0.255080 0.118031 -0.074100
v -0.296782 0.063170 -0.083525
v -0.298007 0.058987 -0.043873
v -0.274669 0.228016 -0.362131
v -0.287757 0.238130 -0.447457
v -0.284694 0.187139 -0.368935
v -0.289557 0.193877 -0.408666
v -0.276810 0.290388 -0.394342
v -0.283312 0.292261 -0.439468
v -0.319659 0.039109 -0.147007
v -0.326365 0.036497 -0.090587
v -0.322493 0.040610 -0.159001
v -0.324714 0.038904 -0.130062
v -0.320789 0.033477 -0.105720
v -0.323704 0.032095 -0.077741
v -0.270135 0.068879 0.184549
v -0.245303 0.063397 0.263303
v -0.281820 0.054029 0.220336
v -0.268092 0.052322 0.257206
v -0.243035 0.084794 0.183744
v -0.232443 0.081266 0.224463
v -0.321115 0.032638 0.053556
v -0.328520 0.039534 0.028087
v -0.324056 0.036612 0.079926
v -0.327758 0.041232 0.067448
v -0.322434 0.030997 0.015929
v -0.326211 0.032283 0.002237
v 0.142058 0.174268 0.037425
v 0.200949 0.130798 0.060341
v 0.142148 0.178241 -0.000530
v 0.172210 0.157660 0.013726
v 0.171137 0.150863 0.089389
v 0.198922 0.127832 0.098762
v 0.132764 0.155934 0.167358
v 0.166471 0.104250 0.267248
v 0.121209 0.139081 0.212362
v 0.138455 0.116582 0.263774
v 0.160926 0.139857 0.174477
v 0.177551 0.112497 0.222962
v 0.450386 0.573491 -0.339848
v 0.247399 0.392993 -0.320018
v 0.306811 0.487938 -0.311411
v 0.249799 0.418610 -0.296329
v 0.415678 0.500917 -0.373410
v 0.279832 0.425239 -0.366029
v 0.278345 0.516385 -0.512642
v 0.278074 0.374296 -0.560003
v 0.254838 0.490224 -0.565315
v 0.262846 0.418755 -0.591746
v 0.299375 0.470368 -0.487989
v 0.282536 0.396991 -0.508768
v 0.269152 0.104967 -0.112354
v 0.275685 0.076198 -0.033902
v 0.248943 0.128967 -0.107285
v 0.251077 0.113153 -0.070277
v 0.292178 0.063888 -0.076846
v 0.296027 0.050454 -0.036112
v 0.274954 0.226100 -0.361184
v 0.288766 0.234517 -0.446346
v 0.285213 0.183765 -0.367031
v 0.290208 0.189576 -0.407060
v 0.277235 0.289100 -0.394213
v 0.283462 0.289317 -0.439089
v 0.312190 0.039441 -0.136722
v 0.327424 0.018575 -0.076608
v 0.318230 0.032417 -0.147953
v 0.325279 0.025031 -0.117446
v 0.317693 0.024405 -0.093466
v 0.323301 0.016256 -0.064256
v 0.269831 0.064751 0.191870
v 0.245172 0.063821 0.267726
v 0.274572 0.051568 0.225148
v 0.265265 0.051863 0.262931
v 0.243765 0.082185 0.189199
v 0.232079 0.080756 0.228340
v 0.322291 0.007517 0.069123
v 0.327997 0.009842 0.045621
v 0.322691 0.011151 0.096258
v 0.325444 0.012726 0.084483
v 0.324429 0.007641 0.030478
v 0.326631 0.008032 0.017953
v -0.068083 -0.583384 0.161114
v -0.113983 -0.581602 0.269803
v -0.110384 -0.576507 0.156146
v -0.131678 -0.571413 0.207376
v -0.046728 -0.589357 0.217949
v -0.071045 -0.590600 0.274594
v -0.071439 -0.572482 -0.113393
v -0.098535 -0.631707 -0.201638
v -0.100575 -0.647268 -0.109667
v -0.107262 -0.699798 -0.159336
v -0.051626 -0.540537 -0.153036
v -0.066901 -0.560635 -0.193524
v 0.067912 -0.583445 0.160866
v 0.113939 -0.581279 0.269613
v 0.110391 -0.575663 0.156217
v 0.131891 -0.570876 0.207047
v 0.046870 -0.590043 0.217475
v 0.070510 -0.591317 0.274371
v 0.071382 -0.572135 -0.112911
v 0.098861 -0.631334 -0.201970
v 0.100833 -0.647170 -0.108832
v 0.106638 -0.700297 -0.159378
v 0.051254 -0.540833 -0.153470
v 0.066895 -0.559862 -0.193550
v -0.285042 -0.444264 0.337075
v -0.307546 -0.323857 0.272104
v -0.284113 -0.417873 0.277329
v -0.297990 -0.363982 0.248143
v -0.301565 -0.405585 0.362962
v -0.309327 -0.339926 0.326952
v -0.052453 -0.620618 0.462376
v 0.052036 -0.620911 0.462253
v -0.029611 -0.597135 0.528725
v 0.030723 -0.597002 0.529892
v -0.024799 -0.605190 0.400097
v 0.024872 -0.603825 0.401554
v -0.319536 -0.554330 0.546307
v -0.320637 -0.378302 0.561366
v -0.322528 -0.556987 0.623544
v -0.317400 -0.449064 0.619393
v -0.317955 -0.453757 0.492519
v -0.321376 -0.382330 0.503578
v -0.311973 -0.410157 -0.278063
v -0.337192 -0.282102 -0.214999
v -0.347278 -0.452341 -0.247515
v -0.352784 -0.371115 -0.209723
v -0.296251 -0.309049 -0.275239
v -0.312636 -0.256878 -0.248206
v -0.040912 -0.448352 -0.284974
v 0.041525 -0.448628 -0.284459
v -0.019180 -0.397664 -0.311317
v 0.020071 -0.397700 -0.311291
v -0.020536 -0.483930 -0.254892
v 0.021459 -0.484448 -0.255648
v -0.190722 -0.251782 -0.323086
v -0.180363 -0.121488 -0.328446
v -0.157759 -0.205164 -0.337908
v -0.155507 -0.143418 -0.342182
v -0.224926 -0.220760 -0.317449
v -0.212285 -0.156105 -0.312920
v -0.338367 -0.131322 -0.014829
v -0.329600 -0.139954 0.061351
v -0.340592 -0.186321 0.001700
v -0.333786 -0.189717 0.041111
v -0.328597 -0.085313 0.004968
v -0.326325 -0.088982 0.040714
v -0.280636 -0.087285 -0.221981
v -0.234147 -0.049323 -0.273812
v -0.267371 -0.041360 -0.228609
v -0.249133 -0.028964 -0.257259
v -0.273461 -0.122585 -0.247243
v -0.245964 -0.099368 -0.270524
v -0.313535 0.007228 -0.065475
v -0.312165 0.074181 -0.039386
v -0.310168 0.042829 -0.083740
v -0.311872 0.073054 -0.072061
v -0.316598 0.006204 -0.031164
v -0.312977 0.045270 -0.018043
v -0.321387 -0.189080 0.322870
v -0.323054 -0.202943 0.418065
v -0.321864 -0.146254 0.333921
v -0.321227 -0.154366 0.377693
v -0.320769 -0.245555 0.360018
v -0.322719 -0.253098 0.410873
v -0.317554 -0.004153 0.112350
v -0.314236 0.085990 0.064279
v -0.313575 0.034847 0.126897
v -0.310773 0.080893 0.102087
v -0.317794 0.002090 0.074359
v -0.314740 0.048447 0.052273
v 0.285788 -0.443527 0.338271
v 0.309756 -0.323765 0.275210
v 0.284850 -0.417597 0.279156
v 0.299134 -0.363278 0.251019
v 0.301756 -0.405558 0.364031
v 0.310424 -0.340897 0.329302
v 0.318220 -0.553307 0.543647
v 0.320477 -0.379205 0.559936
v 0.323873 -0.556034 0.619387
v 0.318220 -0.448058 0.616618
v 0.317627 -0.454149 0.490781
v 0.321701 -0.383165 0.503091
v 0.312576 -0.409996 -0.277523
v 0.337266 -0.280305 -0.214174
v 0.347706 -0.452208 -0.247304
v 0.352756 -0.370300 -0.209371
v 0.297090 -0.308448 -0.274271
v 0.313494 -0.254621 -0.247561
v 0.192079 -0.251870 -0.323116
v 0.181514 -0.121803 -0.327176
v 0.158369 -0.206110 -0.337339
v 0.156743 -0.144499 -0.341094
v 0.226501 -0.221721 -0.316255
v 0.213858 -0.156301 -0.311536
v 0.338587 -0.125664 -0.013276
v 0.332349 -0.136057 0.065902
v 0.343499 -0.180660 0.003342
v 0.336572 -0.185691 0.044339
v 0.328893 -0.078957 0.008084
v 0.328294 -0.084105 0.046188
v 0.281057 -0.081270 -0.219794
v 0.236723 -0.045231 -0.271608
v 0.269481 -0.033797 -0.225961
v 0.253394 -0.024019 -0.256238
v 0.274055 -0.118405 -0.245099
v 0.248144 -0.096159 -0.269235
v 0.307365 0.027761 -0.060068
v 0.309286 0.064409 -0.032768
v 0.305610 0.063294 -0.077651
v 0.308682 0.066064 -0.066991
v 0.310899 0.022795 -0.026020
v 0.307379 0.061655 -0.010422
v 0.325301 -0.191879 0.329713
v 0.324717 -0.205401 0.423155
v 0.323815 -0.151736 0.342141
v 0.324307 -0.158111 0.385348
v 0.323965 -0.246554 0.363971
v 0.324712 -0.254566 0.414471
v 0.318631 -0.009435 0.123033
v 0.312982 0.058651 0.075960
v 0.313111 0.027872 0.140495
v 0.304851 0.076707 0.115309
v 0.318066 -0.002968 0.083212
v 0.313874 0.035186 0.061043
v 0.141552 -0.076638 0.703822
v 0.229371 -0.119399 0.663724
v 0.145998 -0.125924 0.718287
v 0.193034 -0.148025 0.698221
v 0.178374 -0.053981 0.667424
v 0.218252 -0.074532 0.647500
v -0.140271 -0.076584 0.704706
v -0.228017 -0.118563 0.664615
v -0.144552 -0.126000 0.718527
v -0.191711 -0.147712 0.698625
v -0.177021 -0.053833 0.668460
v -0.217112 -0.074262 0.648430
v 0.119442 0.035430 0.620250
v 0.166035 0.044627 0.532410
v 0.111445 0.061595 0.585258
v 0.135200 0.064187 0.541844
v 0.158699 0.017230 0.615199
v 0.180327 0.023892 0.569905
v -0.117522 0.035601 0.621205
v -0.164715 0.044665 0.533893
v -0.109508 0.061736 0.586420
v -0.133335 0.064313 0.543142
v -0.157297 0.017498 0.616191
v -0.179113 0.023895 0.570294
v 0.271337 -0.059844 0.525424
v 0.244093 -0.006017 0.482870
v 0.276122 -0.043896 0.480159
v 0.263344 -0.018920 0.461393
v 0.249686 -0.043098 0.553901
v 0.235552 -0.014625 0.531105
v -0.270441 -0.058143 0.522871
v -0.244462 -0.005074 0.482056
v -0.274893 -0.041696 0.474999
v -0.263953 -0.017239 0.457802
v -0.250359 -0.041159 0.553600
v -0.234490 -0.013935 0.529654
v 0.105716 0.007368 -0.567185
v 0.144181 0.013064 -0.485985
v 0.091373 0.008985 -0.519957
v 0.111635 0.010699 -0.483290
v 0.146793 0.012145 -0.575884
v 0.162575 0.018902 -0.529871
v -0.106321 0.007385 -0.569186
v -0.143183 0.012843 -0.487760
v -0.091492 0.009050 -0.521237
v -0.111759 0.009759 -0.485543
v -0.146293 0.012358 -0.578225
v -0.161827 0.017675 -0.531980
v 0.159910 0.048031 -0.727406
v 0.267212 0.094392 -0.728979
v 0.175026 0.090430 -0.773260
v 0.233509 0.118048 -0.774763
v 0.195898 0.032838 -0.685789
v 0.243764 0.054630 -0.685277
v -0.159075 0.048830 -0.729381
v -0.266321 0.095139 -0.731070
v -0.173210 0.091414 -0.774825
v -0.231449 0.119096 -0.776521
v -0.195510 0.033559 -0.688429
v -0.243356 0.054960 -0.687963
v 0.230406 0.040226 -0.465910
v 0.268869 0.076721 -0.533700
v 0.252000 0.052633 -0.449170
v 0.267137 0.071372 -0.478312
v 0.225268 0.041827 -0.516489
v 0.248678 0.057879 -0.557664
v -0.228571 0.039964 -0.467927
v -0.267061 0.077399 -0.535792
v -0.249826 0.052296 -0.451454
v -0.265416 0.071803 -0.480325
v -0.223119 0.041969 -0.518312
v -0.246227 0.059370 -0.558599
v -0.088219 0.351168 -0.153608
v -0.105558 0.399466 -0.165335
v -0.067197 0.387314 -0.163476
v -0.089114 0.436565 -0.180006
v -0.115092 0.275386 -0.138411
v -0.074085 0.340710 -0.150415
v -0.107221 0.260186 -0.128690
v -0.140952 0.352154 -0.171510
v -0.113008 0.440140 -0.186451
v -0.155012 0.390567 -0.197614
v -0.140946 0.272775 -0.150057
v -0.164757 0.339641 -0.189621
v -0.161500 0.253181 -0.155089
v -0.132279 0.234886 -0.119250
v -0.160056 0.231001 -0.132668
v 0.078629 0.359082 -0.148733
v 0.099784 0.407429 -0.163875
v 0.054652 0.397906 -0.153603
v 0.080425 0.447493 -0.173780
v 0.105632 0.279340 -0.136897
v 0.059533 0.348746 -0.140714
v 0.095630 0.263146 -0.125966
v 0.139916 0.356447 -0.172611
v 0.109801 0.446309 -0.189473
v 0.154979 0.395511 -0.199060
v 0.138176 0.276056 -0.150442
v 0.164309 0.343890 -0.190217
v 0.159428 0.255300 -0.155171
v 0.122956 0.237199 -0.117423
v 0.154098 0.231583 -0.133022
v -0.252542 -0.536427 0.045967
v -0.278194 -0.610714 -0.010178
v -0.221278 -0.551584 0.045397
v -0.240788 -0.649483 -0.009071
v -0.284355 -0.470991 0.068721
v -0.233644 -0.524983 0.086629
v -0.271459 -0.464873 0.110515
v -0.328434 -0.544574 -0.038007
v -0.287897 -0.695783 -0.032931
v -0.350559 -0.598478 -0.081085
v -0.317418 -0.451715 0.014433
v -0.349739 -0.506884 -0.067289
v -0.334012 -0.410920 -0.005718
v -0.291765 -0.429337 0.094946
v -0.321042 -0.398002 0.034984
v 0.253070 -0.536322 0.046899
v 0.279473 -0.609806 -0.010941
v 0.221914 -0.553089 0.045266
v 0.241701 -0.649120 -0.009334
v 0.285311 -0.469170 0.068900
v 0.233810 -0.522799 0.085914
v 0.271937 -0.463375 0.111320
v 0.329410 -0.544558 -0.037666
v 0.287950 -0.695367 -0.033735
v 0.350541 -0.597543 -0.082461
v 0.317995 -0.449680 0.015069
v 0.348362 -0.505550 -0.067675
v 0.334738 -0.408441 -0.004955
v 0.293080 -0.427723 0.096594
v 0.321508 -0.395011 0.036615
v 0.000839 -0.491215 0.694459
v -0.076045 -0.442669 0.703525
v -0.029775 -0.532656 0.681631
v -0.117306 -0.495825 0.697042
v 0.079491 -0.442431 0.705026
v 0.032029 -0.532266 0.681940
v 0.120353 -0.495616 0.695831
v 0.046408 -0.351191 0.723041
v -0.044233 -0.350927 0.723175
v 0.049242 -0.296282 0.735092
v -0.047486 -0.297111 0.735173
v 0.135045 -0.431177 0.702439
v 0.096301 -0.328478 0.721543
v -0.132064 -0.430855 0.703256
v -0.093725 -0.327856 0.721764
v 0.001530 0.124758 0.290317
v -0.031147 0.116908 0.340654
v -0.009918 0.136650 0.241994
v -0.045252 0.122925 0.297490
v 0.033592 0.118116 0.338521
v 0.011591 0.136266 0.241809
v 0.046790 0.122682 0.295412
v 0.024578 0.114334 0.423654
v -0.021701 0.115976 0.426932
v 0.029199 0.113308 0.477082
v -0.026373 0.112801 0.477588
v 0.058087 0.115295 0.344749
v 0.051680 0.110172 0.437353
v -0.056393 0.114347 0.347148
v -0.049052 0.110818 0.441273
v 0.000518 -0.156484 -0.398027
v -0.032271 -0.108677 -0.400599
v -0.014558 -0.198970 -0.394317
v -0.051145 -0.145729 -0.389034
v 0.032275 -0.109886 -0.398708
v 0.014195 -0.199422 -0.394163
v 0.052171 -0.147411 -0.388997
v 0.018153 -0.041554 -0.415195
v -0.018409 -0.041856 -0.415381
v 0.019809 -0.008045 -0.431043
v -0.020995 -0.007531 -0.431612
v 0.055962 -0.099839 -0.392947
v 0.039039 -0.026705 -0.415408
v -0.055950 -0.098438 -0.394123
v -0.039435 -0.025227 -0.416000
v 0.000914 0.499376 -0.672760
v -0.074873 0.433698 -0.698295
v -0.030155 0.555727 -0.648013
v -0.112373 0.480489 -0.674473
v 0.077332 0.432941 -0.698073
v 0.032276 0.555851 -0.648088
v 0.114126 0.479889 -0.673949
v 0.050402 0.336113 -0.745110
v -0.046919 0.336265 -0.745333
v 0.057472 0.275514 -0.773855
v -0.053370 0.275788 -0.772225
v 0.131838 0.413243 -0.702484
v 0.107045 0.309895 -0.760345
v -0.128655 0.413523 -0.702152
v -0.102940 0.310373 -0.759410
v 0.308472 0.067930 -0.290923
v 0.315700 0.056758 -0.235338
v 0.311900 0.072507 -0.296827
v 0.320728 0.051845 -0.235090
v 0.297942 0.051561 -0.253265
v 0.310614 0.057871 -0.213608
v 0.293948 0.044232 -0.233498
v 0.309370 0.059161 -0.189351
v 0.296626 0.062217 -0.302811
v 0.287842 0.043589 -0.267722
v 0.287677 0.057728 -0.322250
v 0.306082 0.079778 -0.324687
v 0.294088 0.069387 -0.338988
v 0.320533 0.052168 -0.204915
v 0.315213 0.059878 -0.182654
v 0.303945 0.017656 0.283869
v 0.312792 0.027100 0.246652
v 0.302182 0.022670 0.262920
v 0.312507 0.026292 0.221161
v 0.311252 -0.002992 0.310476
v 0.316888 0.038533 0.274864
v 0.313393 -0.014523 0.306280
v 0.313283 0.041399 0.260894
v 0.303726 -0.001482 0.325870
v 0.310738 -0.028212 0.333663
v 0.301873 -0.018152 0.354760
v 0.297040 0.017619 0.295251
v 0.296739 -0.003497 0.343517
v 0.315995 0.031489 0.213160
v 0.314729 0.047197 0.235123
v -0.308135 0.076252 -0.295337
v -0.314511 0.066749 -0.240524
v -0.311102 0.085137 -0.299896
v -0.320097 0.069559 -0.239258
v -0.294925 0.051022 -0.257839
v -0.307310 0.058471 -0.219135
v -0.290938 0.040301 -0.238725
v -0.304759 0.053762 -0.196088
v -0.296006 0.065026 -0.306518
v -0.285004 0.041355 -0.271652
v -0.286602 0.058758 -0.325715
v -0.305747 0.087630 -0.328156
v -0.293127 0.072148 -0.342147
v -0.318637 0.065186 -0.211586
v -0.311172 0.060910 -0.189385
v -0.306927 0.027719 0.268497
v -0.317132 0.043402 0.229299
v -0.306373 0.032037 0.249447
v -0.317976 0.042135 0.205102
v -0.311972 0.013287 0.296150
v -0.314903 0.054216 0.250268
v -0.311951 0.001004 0.290879
v -0.311513 0.056316 0.237778
v -0.304490 0.009186 0.312541
v -0.310493 -0.016441 0.320063
v -0.301437 -0.009903 0.342737
v -0.299789 0.024352 0.282204
v -0.297244 0.003459 0.332273
v -0.321120 0.050501 0.194777
v -0.316053 0.062162 0.211954
v 0.024985 0.529488 -0.204821
v -0.011110 0.550300 -0.222724
v 0.006646 0.502400 -0.197115
v -0.027475 0.532011 -0.214137
v -0.015321 0.528480 -0.208356
v 0.003812 0.560435 -0.229266
v -0.013387 0.516209 -0.191925
v 0.022044 0.539415 -0.218154
v 0.013139 0.510915 -0.200595
v 0.037916 0.512840 -0.196764
v 0.023328 0.470012 -0.189949
v -0.001709 0.579352 -0.243659
v -0.034012 0.559708 -0.234658
v -0.012352 0.597566 -0.259074
v -0.029665 0.509179 -0.189771
v -0.000248 0.462548 -0.185037
v 0.029167 0.565977 -0.237790
v 0.009606 0.599310 -0.259027
v -0.035358 0.260370 -0.110394
v -0.089516 0.211198 -0.043224
v -0.041737 0.288212 -0.124884
v -0.090676 0.220234 -0.077459
v -0.040756 0.201002 0.027376
v -0.084362 0.190022 0.102130
v -0.037124 0.184483 0.082322
v -0.077228 0.168455 0.150562
v -0.016273 0.237801 -0.093127
v -0.018972 0.316266 -0.133402
v -0.004179 0.286582 -0.127363
v -0.118291 0.191032 0.063842
v -0.119516 0.195939 -0.021102
v -0.146354 0.171561 0.075510
v -0.023792 0.198850 0.019368
v -0.009445 0.242142 -0.100737
v -0.104027 0.165043 0.158860
v -0.145201 0.170897 0.122576
v -0.172293 0.615375 -0.335346
v -0.287598 0.588289 -0.350756
v -0.160731 0.565840 -0.295308
v -0.245731 0.533778 -0.307390
v -0.197393 0.797157 -0.483348
v -0.223489 0.622349 -0.498474
v -0.138888 0.696219 -0.522765
v -0.205406 0.601314 -0.552621
v -0.143945 0.720098 -0.384314
v -0.128129 0.598956 -0.305224
v -0.094983 0.669186 -0.348765
v -0.349991 0.630364 -0.429120
v -0.327660 0.546249 -0.329909
v -0.443465 0.582840 -0.426495
v -0.112086 0.734526 -0.477000
v -0.091553 0.712727 -0.388161
v -0.244555 0.557501 -0.532773
v -0.332629 0.545667 -0.462184
v -0.234913 0.258667 -0.253247
v -0.244413 0.168202 -0.186722
v -0.222092 0.287100 -0.237395
v -0.224251 0.190956 -0.177647
v -0.275967 0.155848 -0.289010
v -0.296701 0.096252 -0.217390
v -0.291502 0.131940 -0.295937
v -0.309561 0.079862 -0.226053
v -0.257951 0.255258 -0.308469
v -0.236386 0.335449 -0.276671
v -0.260345 0.334182 -0.337680
v -0.284957 0.099169 -0.165811
v -0.247355 0.147725 -0.147855
v -0.291226 0.078752 -0.124685
v -0.278072 0.173371 -0.329039
v -0.268176 0.277903 -0.351601
v -0.317109 0.050847 -0.187426
v -0.305403 0.058853 -0.134829
v -0.238877 0.117481 0.029538
v -0.263842 0.100346 -0.001992
v -0.210353 0.144955 -0.011715
v -0.235214 0.131191 -0.038968
v -0.300026 0.051931 0.145021
v -0.313620 0.038949 0.100849
v -0.305407 0.042262 0.175819
v -0.317727 0.037262 0.128714
v -0.263977 0.088496 0.107780
v -0.210260 0.138912 0.021162
v -0.232613 0.109331 0.101774
v -0.304188 0.050673 0.033294
v -0.259244 0.108072 -0.038616
v -0.301218 0.054287 -0.004908
v -0.289720 0.054627 0.181112
v -0.253237 0.087453 0.144247
v -0.320483 0.035734 0.091977
v -0.313547 0.036858 0.027089
v 0.016268 0.259217 -0.101370
v 0.077141 0.212589 -0.036106
v 0.020518 0.290079 -0.114670
v 0.076720 0.220847 -0.073666
v 0.032959 0.198141 0.028938
v 0.080448 0.188209 0.102746
v 0.032648 0.181863 0.083062
v 0.074663 0.166053 0.150401
v 0.003611 0.230927 -0.090111
v 0.000096 0.313450 -0.123683
v -0.010658 0.279891 -0.125905
v 0.016739 0.197046 0.020091
v -0.002859 0.229765 -0.104932
v 0.115825 0.196105 0.067298
v 0.109924 0.196819 -0.017159
v 0.143132 0.173033 0.078654
v 0.102462 0.164036 0.159464
v 0.144610 0.172398 0.124258
v 0.169375 0.618806 -0.336787
v 0.281887 0.592655 -0.354211
v 0.157334 0.570010 -0.295904
v 0.243218 0.538166 -0.309659
v 0.197463 0.796832 -0.483355
v 0.221711 0.622550 -0.499636
v 0.138928 0.695833 -0.523184
v 0.205129 0.601190 -0.553134
v 0.143042 0.721916 -0.384260
v 0.125278 0.603375 -0.305024
v 0.093452 0.671650 -0.348130
v 0.112082 0.734375 -0.477084
v 0.089338 0.713680 -0.387553
v 0.333908 0.628263 -0.435417
v 0.325227 0.552181 -0.332567
v 0.440879 0.591511 -0.428137
v 0.243090 0.558324 -0.534649
v 0.328573 0.547603 -0.464450
v 0.234319 0.261027 -0.252351
v 0.243530 0.170374 -0.184388
v 0.221301 0.289511 -0.237600
v 0.223085 0.193970 -0.176104
v 0.276496 0.154637 -0.285363
v 0.295058 0.089257 -0.212024
v 0.291168 0.125323 -0.292093
v 0.306259 0.064103 -0.220540
v 0.253889 0.254049 -0.308134
v 0.234921 0.337132 -0.276017
v 0.260679 0.333712 -0.337273
v 0.282735 0.096381 -0.160589
v 0.245810 0.147429 -0.145807
v 0.287192 0.080665 -0.118672
v 0.279702 0.169713 -0.326815
v 0.266636 0.277033 -0.350184
v 0.307769 0.052128 -0.179475
v 0.302613 0.057022 -0.126594
v 0.230846 0.109913 0.033588
v 0.256174 0.091395 0.002715
v 0.202886 0.139960 -0.008864
v 0.229714 0.124075 -0.035442
v 0.289805 0.044149 0.151147
v 0.313549 0.016347 0.114943
v 0.297740 0.033880 0.184366
v 0.313975 0.018210 0.142267
v 0.255924 0.081918 0.112465
v 0.202132 0.134491 0.025130
v 0.228519 0.105085 0.106570
v 0.301177 0.034689 0.042225
v 0.254142 0.100278 -0.033103
v 0.300633 0.039295 0.004111
v 0.283417 0.049239 0.187927
v 0.253591 0.081938 0.151707
v 0.319255 0.012691 0.106182
v 0.319552 0.009103 0.041395
v -0.065805 -0.574006 0.060644
v -0.067764 -0.574931 -0.029190
v -0.108093 -0.572082 0.055231
v -0.109596 -0.604045 -0.027453
v 0.065936 -0.573662 0.060298
v 0.067415 -0.574650 -0.029217
v 0.108207 -0.572241 0.055567
v 0.109391 -0.603756 -0.027154
v 0.000027 -0.577016 0.112234
v -0.087491 -0.575308 0.107041
v -0.022712 -0.583016 0.163370
v 0.000011 -0.539088 -0.073439
v -0.089409 -0.598227 -0.070415
v -0.026216 -0.533382 -0.113756
v 0.087468 -0.574564 0.106449
v 0.022789 -0.583036 0.163513
v 0.089277 -0.597761 -0.070006
v 0.026205 -0.533388 -0.113556
v -0.178686 -0.556956 0.315492
v -0.241329 -0.520688 0.336294
v -0.190408 -0.537990 0.248971
v -0.243180 -0.492032 0.271574
v -0.127915 -0.771333 0.499088
v -0.275993 -0.768161 0.545538
v -0.093642 -0.753676 0.607045
v -0.245862 -0.764175 0.648932
v -0.122156 -0.599958 0.394995
v -0.154231 -0.562074 0.261788
v -0.094193 -0.589709 0.334907
v -0.283760 -0.563257 0.437394
v -0.265613 -0.471282 0.306854
v -0.293257 -0.478442 0.400719
v -0.077244 -0.670457 0.523667
v -0.074086 -0.606182 0.399306
v -0.312228 -0.685010 0.610763
v -0.307120 -0.519781 0.469530
v -0.174068 -0.696489 -0.276823
v -0.275365 -0.594398 -0.302795
v -0.213305 -0.782763 -0.228928
v -0.317815 -0.669716 -0.272484
v -0.098837 -0.408848 -0.309878
v -0.151469 -0.343081 -0.321834
v -0.074982 -0.348971 -0.332971
v -0.121690 -0.285321 -0.339684
v -0.104513 -0.533354 -0.266503
v -0.127175 -0.737746 -0.223419
v -0.083541 -0.561513 -0.231849
v -0.227090 -0.392204 -0.302470
v -0.322432 -0.531337 -0.281275
v -0.266455 -0.357158 -0.292710
v -0.058477 -0.402143 -0.310687
v -0.062495 -0.500813 -0.258090
v -0.156331 -0.272367 -0.331536
v -0.227328 -0.302879 -0.308427
v -0.352781 -0.229238 -0.142581
v -0.357981 -0.171896 -0.075599
v -0.361713 -0.302959 -0.131522
v -0.357852 -0.237632 -0.061433
v -0.299602 -0.058377 -0.167283
v -0.309664 -0.024667 -0.114233
v -0.289535 -0.020210 -0.179719
v -0.303297 0.009112 -0.131351
v -0.318691 -0.155372 -0.187142
v -0.350976 -0.298083 -0.174139
v -0.317603 -0.205058 -0.217106
v -0.329484 -0.075296 -0.067126
v -0.347899 -0.181735 -0.037257
v -0.330281 -0.081397 -0.031564
v -0.284529 -0.051417 -0.198448
v -0.298415 -0.140427 -0.219245
v -0.309640 0.008314 -0.098661
v -0.321019 -0.034736 -0.047935
v -0.316659 -0.256179 0.193180
v -0.324457 -0.196496 0.124002
v -0.312312 -0.300707 0.171727
v -0.323826 -0.244838 0.103682
v -0.320849 -0.123863 0.245136
v -0.318697 -0.061955 0.176694
v -0.319079 -0.084380 0.258776
v -0.315854 -0.021922 0.190919
v -0.319324 -0.222606 0.260261
v -0.308943 -0.310366 0.220140
v -0.315283 -0.279555 0.292609
v -0.323327 -0.097299 0.120053
v -0.329515 -0.191216 0.081521
v -0.325402 -0.091390 0.079943
v -0.321193 -0.135958 0.289075
v -0.320068 -0.234535 0.309026
v -0.316494 -0.012108 0.151706
v -0.320571 -0.046743 0.096361
v 0.178736 -0.557172 0.315149
v 0.242396 -0.519768 0.336906
v 0.190372 -0.538450 0.249077
v 0.243891 -0.490750 0.272153
v 0.127317 -0.770924 0.500235
v 0.274789 -0.768717 0.543300
v 0.093911 -0.754439 0.607794
v 0.247305 -0.764676 0.646729
v 0.120675 -0.600539 0.395453
v 0.153615 -0.561565 0.261442
v 0.093647 -0.589436 0.334930
v 0.077322 -0.671460 0.523651
v 0.073929 -0.606690 0.398700
v 0.283391 -0.562037 0.435918
v 0.265645 -0.470787 0.307246
v 0.292524 -0.478185 0.400804
v 0.313009 -0.685669 0.607338
v 0.305989 -0.519265 0.468478
v 0.175097 -0.696572 -0.278557
v 0.276013 -0.594820 -0.302510
v 0.214091 -0.783002 -0.228484
v 0.318141 -0.669647 -0.272239
v 0.099716 -0.410140 -0.309672
v 0.151339 -0.344461 -0.321369
v 0.075506 -0.349217 -0.332216
v 0.122494 -0.286487 -0.339117
v 0.105411 -0.533494 -0.266085
v 0.127147 -0.738362 -0.224147
v 0.084043 -0.561790 -0.232003
v 0.059828 -0.402493 -0.310694
v 0.062908 -0.502263 -0.258371
v 0.228174 -0.393049 -0.302974
v 0.322494 -0.531165 -0.280630
v 0.267164 -0.357458 -0.292042
v 0.157395 -0.273119 -0.331295
v 0.227888 -0.302328 -0.308055
v 0.349734 -0.227849 -0.142225
v 0.359382 -0.165400 -0.075962
v 0.360776 -0.301692 -0.131139
v 0.361082 -0.232933 -0.061642
v 0.300727 -0.049478 -0.166034
v 0.306556 -0.008348 -0.110790
v 0.291284 -0.007924 -0.176386
v 0.301154 0.030773 -0.125140
v 0.317866 -0.151792 -0.185770
v 0.350533 -0.296464 -0.173931
v 0.317996 -0.202168 -0.216088
v 0.327268 -0.064259 -0.065083
v 0.351157 -0.175132 -0.036284
v 0.329250 -0.072326 -0.029258
v 0.285773 -0.043131 -0.196172
v 0.297830 -0.136478 -0.217177
v 0.304772 0.030550 -0.092788
v 0.317800 -0.020238 -0.044387
v 0.319252 -0.256378 0.197796
v 0.327440 -0.195516 0.128348
v 0.314079 -0.300017 0.174635
v 0.327791 -0.242644 0.106483
v 0.323584 -0.129365 0.255707
v 0.322190 -0.065729 0.187426
v 0.321386 -0.091344 0.271439
v 0.317566 -0.028185 0.205994
v 0.321514 -0.224729 0.265612
v 0.311669 -0.308868 0.223882
v 0.317681 -0.280433 0.296328
v 0.326550 -0.098413 0.126221
v 0.331286 -0.190089 0.085612
v 0.327466 -0.090954 0.085803
v 0.323917 -0.141015 0.298655
v 0.322624 -0.235423 0.314616
v 0.318397 -0.014345 0.163635
v 0.322437 -0.049293 0.105090
v 0.049390 -0.080686 0.743725
v -0.048073 -0.080678 0.744126
v 0.053156 -0.131091 0.784808
v -0.052317 -0.131108 0.785204
v 0.041791 0.039990 0.645124
v -0.040072 0.040060 0.645344
v 0.039133 0.066154 0.606554
v -0.037000 0.066235 0.606988
v 0.089423 -0.013069 0.684184
v 0.098872 -0.102523 0.738638
v 0.134379 -0.033885 0.679433
v -0.088006 -0.013206 0.684733
v -0.097453 -0.102764 0.739153
v -0.132866 -0.033903 0.680163
v 0.079169 0.051951 0.617326
v 0.127123 0.003912 0.651864
v -0.077134 0.052252 0.618142
v -0.125419 0.003987 0.652703
v 0.296253 -0.285871 0.603077
v 0.268890 -0.196588 0.639765
v 0.276664 -0.332261 0.645939
v 0.236929 -0.232355 0.674570
v 0.319600 -0.156951 0.471153
v 0.301461 -0.107280 0.505654
v 0.316294 -0.121893 0.430544
v 0.299960 -0.083255 0.462026
v 0.322172 -0.252223 0.513304
v 0.305066 -0.360666 0.608458
v 0.321857 -0.315077 0.509770
v 0.322076 -0.160725 0.428716
v 0.325870 -0.256976 0.464884
v 0.281666 -0.114193 0.589526
v 0.235662 -0.171858 0.672905
v 0.252735 -0.095015 0.621099
v 0.287471 -0.073676 0.494127
v 0.266066 -0.075746 0.573858
v -0.295452 -0.285181 0.603452
v -0.268854 -0.195492 0.640315
v -0.275852 -0.331840 0.647701
v -0.235704 -0.232150 0.675231
v -0.319175 -0.153326 0.465926
v -0.301665 -0.103512 0.501077
v -0.315598 -0.117183 0.423732
v -0.301122 -0.078187 0.455920
v -0.324275 -0.248728 0.512087
v -0.305026 -0.360335 0.609896
v -0.320894 -0.313805 0.509447
v -0.320822 -0.156998 0.421863
v -0.323972 -0.255413 0.461764
v -0.281576 -0.112801 0.588883
v -0.234202 -0.171171 0.673211
v -0.252331 -0.094155 0.621392
v -0.287364 -0.070258 0.490260
v -0.266129 -0.074353 0.573040
v 0.168668 0.080732 0.356663
v 0.167957 0.062617 0.444950
v 0.141686 0.092307 0.358429
v 0.139378 0.077279 0.449211
v 0.243239 0.044559 0.342268
v 0.242124 0.022189 0.412970
v 0.261171 0.034484 0.331939
v 0.260529 0.011145 0.397717
v 0.208472 0.072640 0.311488
v 0.154158 0.097131 0.311855
v 0.194112 0.091325 0.269165
v 0.254245 0.049346 0.301726
v 0.220486 0.077809 0.269281
v 0.207285 0.030340 0.471609
v 0.152323 0.062192 0.492072
v 0.194447 0.026589 0.519304
v 0.251831 0.002669 0.438881
v 0.220937 0.009447 0.502812
v -0.168888 0.081005 0.360002
v -0.167955 0.062492 0.447295
v -0.140505 0.092768 0.361198
v -0.138470 0.076952 0.452254
v -0.243008 0.044082 0.338609
v -0.242296 0.022627 0.410399
v -0.262449 0.034617 0.326050
v -0.261125 0.012041 0.392925
v -0.210111 0.072035 0.312203
v -0.153845 0.097479 0.313052
v -0.194863 0.089763 0.269144
v -0.255336 0.048756 0.297327
v -0.221076 0.076701 0.267572
v -0.208068 0.030504 0.472342
v -0.151019 0.062164 0.493457
v -0.194829 0.026937 0.520924
v -0.252844 0.003644 0.435443
v -0.220592 0.009926 0.501987
v 0.036187 0.001390 -0.586111
v -0.037366 0.001667 -0.586281
v 0.031205 0.006407 -0.537158
v -0.031654 0.006672 -0.537947
v 0.055666 0.047826 -0.741450
v -0.053543 0.051813 -0.738662
v 0.061166 0.090544 -0.782317
v -0.057821 0.094535 -0.777842
v 0.091124 0.007818 -0.659895
v 0.066533 0.005451 -0.554110
v 0.123617 0.005680 -0.621369
v -0.091120 0.007934 -0.661035
v -0.067216 0.004928 -0.554323
v -0.123582 0.004860 -0.623250
v 0.114605 0.066505 -0.761337
v 0.142958 0.019108 -0.675745
v -0.112849 0.068270 -0.761647
v -0.142796 0.019154 -0.678380
v 0.152151 -0.037278 -0.352394
v 0.144727 -0.000298 -0.410237
v 0.127115 -0.052546 -0.363850
v 0.115423 -0.001643 -0.411613
v 0.223699 -0.004967 -0.322818
v 0.223372 0.020117 -0.388978
v 0.243340 0.008266 -0.310733
v 0.243843 0.030216 -0.375931
v 0.196991 -0.045256 -0.314188
v 0.153722 -0.087110 -0.345355
v 0.203614 -0.096395 -0.309957
v 0.238295 -0.014183 -0.288682
v 0.221409 -0.070856 -0.291289
v 0.188180 0.016215 -0.440915
v 0.129431 0.007246 -0.446283
v 0.175773 0.019409 -0.484471
v 0.237258 0.035838 -0.418427
v 0.205342 0.028593 -0.477394
v -0.150307 -0.035802 -0.352468
v -0.143365 0.000091 -0.412027
v -0.126214 -0.049362 -0.364110
v -0.115408 -0.001161 -0.413588
v -0.219765 -0.006439 -0.323323
v -0.220105 0.018937 -0.390438
v -0.239952 0.004894 -0.312000
v -0.240856 0.029378 -0.377214
v -0.194274 -0.045899 -0.315434
v -0.152173 -0.085758 -0.345690
v -0.201568 -0.097794 -0.311488
v -0.233258 -0.016892 -0.288621
v -0.219377 -0.073313 -0.293161
v -0.186389 0.016642 -0.442433
v -0.128776 0.007176 -0.448640
v -0.174721 0.019471 -0.486496
v -0.234458 0.035241 -0.420541
v -0.203652 0.028131 -0.479308
v 0.296048 0.280883 -0.642264
v 0.308446 0.181487 -0.716840
v 0.272162 0.318343 -0.676600
v 0.277292 0.212835 -0.760530
v 0.297732 0.177864 -0.493002
v 0.295601 0.124395 -0.526476
v 0.298095 0.148131 -0.446530
v 0.290457 0.108302 -0.471789
v 0.292473 0.266588 -0.536293
v 0.275303 0.348050 -0.616756
v 0.285065 0.328737 -0.524788
v 0.293940 0.187839 -0.448881
v 0.287763 0.281806 -0.485778
v 0.300868 0.111717 -0.633544
v 0.280398 0.147892 -0.757020
v 0.280367 0.082063 -0.667558
v 0.282710 0.094571 -0.504731
v 0.273036 0.080862 -0.596949
v -0.295601 0.282801 -0.643812
v -0.307912 0.183607 -0.718553
v -0.269993 0.320601 -0.677536
v -0.275596 0.215108 -0.762315
v -0.295528 0.182918 -0.493993
v -0.292597 0.126852 -0.527631
v -0.295424 0.153954 -0.447730
v -0.289623 0.110547 -0.474068
v -0.291588 0.268896 -0.537430
v -0.274553 0.350496 -0.618034
v -0.284912 0.330600 -0.524845
v -0.292735 0.192378 -0.450081
v -0.287213 0.283899 -0.486641
v -0.300441 0.111741 -0.635717
v -0.279185 0.149427 -0.759083
v -0.279893 0.081652 -0.670344
v -0.280717 0.094778 -0.506737
v -0.271798 0.081489 -0.598657
v 0.326891 0.032631 -0.060049
v 0.318739 0.052890 -0.044945
v 0.326303 0.037182 -0.097763
v 0.317698 0.055872 -0.081462
v 0.325805 0.026804 0.058321
v 0.318417 0.047481 0.068549
v 0.323980 0.028555 0.097542
v 0.318113 0.048198 0.108611
v 0.330519 0.016016 -0.007803
v 0.330423 0.025129 -0.088471
v 0.328320 0.014020 -0.035620
v 0.327730 0.017540 0.071954
v 0.329440 0.010389 0.005248
v 0.314950 0.056076 0.016245
v 0.313510 0.063873 -0.056181
v 0.310133 0.061733 0.002488
v 0.314288 0.057622 0.092355
v 0.312080 0.057402 0.038974
v -0.325188 0.056742 -0.073083
v -0.319644 0.075398 -0.056389
v -0.324159 0.058646 -0.110198
v -0.317558 0.075585 -0.091412
v -0.325392 0.056357 0.042021
v -0.322118 0.079397 0.053656
v -0.325644 0.056581 0.080715
v -0.320853 0.075458 0.093125
v -0.327178 0.046419 -0.023126
v -0.326007 0.047487 -0.100733
v -0.327257 0.036394 -0.050261
v -0.327578 0.047917 0.054874
v -0.328122 0.037900 -0.011313
v -0.317035 0.082140 0.004319
v -0.315145 0.076948 -0.064740
v -0.312427 0.078717 -0.006027
v -0.317134 0.084962 0.078294
v -0.315687 0.085434 0.028384
v -0.021674 0.421202 -0.172905
v -0.034919 0.366471 -0.154878
v -0.075806 0.510689 -0.216714
v -0.107483 0.515338 -0.234792
v -0.004771 0.413018 -0.167657
v -0.084163 0.546103 -0.245441
v -0.124478 0.212431 -0.080559
v -0.153914 0.193910 -0.063411
v -0.152568 0.185573 -0.035676
v -0.209267 0.430752 -0.253475
v -0.207165 0.372195 -0.238621
v -0.235495 0.426796 -0.276622
v -0.204384 0.191112 -0.136301
v -0.206887 0.175980 -0.105119
v -0.229366 0.154369 -0.107385
v -0.000441 0.438652 -0.151031
v 0.007874 0.378847 -0.133013
v 0.069475 0.517559 -0.215233
v 0.102375 0.521602 -0.234587
v -0.014183 0.419331 -0.144906
v 0.079760 0.551433 -0.246260
v 0.113109 0.212552 -0.077709
v 0.144828 0.191334 -0.061482
v 0.143002 0.183942 -0.033531
v 0.209589 0.434124 -0.255045
v 0.207219 0.374995 -0.239751
v 0.236340 0.428331 -0.276411
v 0.202573 0.192995 -0.135652
v 0.202660 0.173773 -0.103614
v 0.226252 0.152786 -0.104008
v -0.165980 -0.553970 0.094524
v -0.183797 -0.541376 0.142724
v -0.169995 -0.706025 -0.052578
v -0.202271 -0.790649 -0.091495
v -0.148225 -0.559890 0.150415
v -0.126250 -0.749607 -0.096362
v -0.272834 -0.434900 0.192082
v -0.290839 -0.391061 0.170025
v -0.285508 -0.401185 0.221622
v -0.366953 -0.568891 -0.177586
v -0.367634 -0.465869 -0.146316
v -0.364550 -0.470842 -0.199582
v -0.343439 -0.297649 -0.003013
v -0.332768 -0.295205 0.038945
v -0.338880 -0.241752 0.019425
v 0.166371 -0.554498 0.095897
v 0.184536 -0.541435 0.143279
v 0.170949 -0.706372 -0.052942
v 0.203294 -0.790586 -0.091003
v 0.148532 -0.559238 0.150251
v 0.126574 -0.749047 -0.095015
v 0.274574 -0.432887 0.192321
v 0.294158 -0.389100 0.170810
v 0.287489 -0.400012 0.222398
v 0.366580 -0.568329 -0.177536
v 0.367688 -0.465344 -0.146342
v 0.364320 -0.470940 -0.199918
v 0.344776 -0.294892 -0.001725
v 0.334842 -0.292268 0.040557
v 0.341249 -0.237915 0.021440
v -0.033710 -0.570804 0.634996
v 0.035093 -0.570863 0.636450
v -0.238165 -0.562833 0.698127
v -0.242284 -0.461337 0.687766
v 0.001476 -0.560265 0.588228
v -0.291572 -0.516637 0.667638
v 0.243000 -0.562096 0.697338
v 0.246141 -0.461480 0.686138
v 0.294385 -0.515938 0.665208
v 0.100534 -0.211875 0.741589
v 0.149299 -0.238430 0.721124
v -0.098671 -0.212194 0.742311
v -0.147595 -0.237969 0.721767
v 0.148430 -0.180197 0.722858
v -0.147561 -0.179876 0.724172
v -0.010781 0.165661 0.134965
v 0.008365 0.165641 0.133887
v -0.083402 0.130712 0.255190
v -0.097139 0.114957 0.307478
v -0.002420 0.181410 0.075300
v -0.110694 0.123899 0.260497
v 0.083093 0.131123 0.253010
v 0.098223 0.114293 0.306440
v 0.109903 0.125304 0.258471
v 0.067545 0.094891 0.538380
v 0.091189 0.093996 0.497478
v -0.065166 0.094590 0.540294
v -0.089851 0.093129 0.499589
v 0.102218 0.081343 0.545041
v -0.100118 0.081524 0.546373
v -0.017578 -0.295639 -0.367840
v 0.018261 -0.295851 -0.366509
v -0.100817 -0.177024 -0.365285
v -0.102611 -0.120793 -0.370024
v 0.000763 -0.347012 -0.339293
v -0.128580 -0.161852 -0.353709
v 0.100954 -0.178304 -0.364194
v 0.103269 -0.123213 -0.368484
v 0.129643 -0.163897 -0.352681
v 0.049634 0.011496 -0.468346
v 0.069000 0.006450 -0.440803
v -0.050637 0.011672 -0.469302
v -0.070209 0.007588 -0.441959
v 0.079510 0.009182 -0.477120
v -0.080417 0.010055 -0.478420
v -0.035482 0.662151 -0.580853
v 0.036214 0.662099 -0.580737
v -0.209626 0.509247 -0.646588
v -0.217355 0.430738 -0.668971
v 0.000047 0.687875 -0.529192
v -0.240936 0.466321 -0.624893
v 0.210527 0.509191 -0.646197
v 0.218207 0.429342 -0.668959
v 0.241604 0.465568 -0.623786
v 0.127917 0.177981 -0.820418
v 0.185256 0.214912 -0.815725
v -0.124474 0.178518 -0.820107
v -0.181862 0.215806 -0.816048
v 0.184936 0.147134 -0.806712
v -0.182150 0.148054 -0.807976
v 0.302961 0.111481 -0.333258
v 0.301271 0.119232 -0.368029
v 0.321022 0.036118 -0.197278
v 0.323873 0.037790 -0.164774
v 0.294615 0.147991 -0.369380
v 0.322573 0.032217 -0.157127
v 0.280480 0.015589 -0.227246
v 0.270752 0.016829 -0.261853
v 0.308944 0.063079 -0.133271
v 0.313273 0.064021 -0.125230
v 0.268468 -0.003004 -0.240605
v 0.308798 0.065043 -0.100313
v 0.271169 0.056335 -0.383622
v 0.281402 0.073678 -0.404512
v 0.268887 0.063855 -0.428152
v 0.291870 0.031619 0.247390
v 0.283714 0.031210 0.283116
v 0.317161 0.021372 0.159375
v 0.320715 0.024049 0.149002
v 0.281312 0.041240 0.256709
v 0.321867 0.016677 0.122689
v 0.318078 -0.072377 0.322029
v 0.316252 -0.082512 0.358553
v 0.310181 0.052806 0.203182
v 0.311912 0.056948 0.177185
v 0.321036 -0.114607 0.352410
v 0.310955 0.058609 0.158744
v 0.291293 -0.035501 0.412587
v 0.284204 -0.014654 0.399586
v 0.279679 -0.029399 0.438162
v -0.301871 0.122290 -0.335588
v -0.301116 0.125579 -0.370832
v -0.326862 0.055549 -0.206816
v -0.324537 0.056962 -0.174847
v -0.294586 0.153311 -0.371811
v -0.326065 0.044717 -0.169500
v -0.277301 0.007891 -0.230390
v -0.266816 0.012512 -0.263668
v -0.307914 0.058946 -0.138680
v -0.312645 0.067881 -0.131056
v -0.263878 -0.011289 -0.243734
v -0.310914 0.068480 -0.105506
v -0.269199 0.056869 -0.385698
v -0.279199 0.075085 -0.406896
v -0.266449 0.064081 -0.430421
v -0.296649 0.037494 0.237650
v -0.287475 0.033655 0.274461
v -0.323061 0.042152 0.143436
v -0.324790 0.047912 0.131761
v -0.285105 0.043937 0.248525
v -0.325992 0.041775 0.105958
v -0.315965 -0.064077 0.310059
v -0.314436 -0.076279 0.347309
v -0.309032 0.066118 0.183196
v -0.313604 0.072188 0.157805
v -0.319463 -0.107952 0.341749
v -0.309253 0.072897 0.142594
v -0.290993 -0.031370 0.404725
v -0.283022 -0.011494 0.390408
v -0.279136 -0.026159 0.431326
v 0.005391 0.347997 -0.155797
v -0.003581 0.343186 -0.155995
v -0.002303 0.285764 -0.141538
v -0.020620 0.644878 -0.314471
v 0.018476 0.645638 -0.313577
v -0.000750 0.668366 -0.351052
v -0.196073 0.125989 0.135120
v -0.188414 0.120046 0.177882
v -0.215125 0.102057 0.181199
v -0.292907 0.431639 -0.413988
v -0.287281 0.418908 -0.461777
v -0.280632 0.355264 -0.428525
v -0.314438 0.034792 -0.050844
v -0.321421 0.030409 -0.064077
v -0.321479 0.027685 -0.023193
v 0.195651 0.125175 0.139074
v 0.188201 0.120242 0.179831
v 0.214584 0.101303 0.185093
v 0.294968 0.432544 -0.412980
v 0.286894 0.419535 -0.461935
v 0.281502 0.354909 -0.427960
v 0.313550 0.024298 -0.040704
v 0.320289 0.015823 -0.051588
v 0.324336 0.010292 -0.009875
v -0.023834 -0.592796 0.278113
v 0.023474 -0.593076 0.277822
v 0.000195 -0.597399 0.338494
v -0.024502 -0.522803 -0.190628
v 0.024835 -0.522124 -0.190452
v 0.000372 -0.509209 -0.224265
v -0.313691 -0.358317 0.383785
v -0.318225 -0.373731 0.443054
v -0.319787 -0.306008 0.399305
v -0.282190 -0.224029 -0.275674
v -0.249008 -0.188898 -0.298062
v -0.262624 -0.157299 -0.272042
v -0.322017 -0.039924 0.022179
v -0.317421 0.005063 0.002509
v -0.317135 0.005848 0.038116
v 0.313369 -0.358815 0.385402
v 0.317663 -0.374876 0.443338
v 0.321133 -0.307103 0.402302
v 0.282445 -0.223759 -0.273752
v 0.249243 -0.189597 -0.295303
v 0.264063 -0.153950 -0.270953
v 0.322545 -0.033868 0.027449
v 0.314742 0.015194 0.008670
v 0.316579 0.006046 0.045292
v 0.206677 -0.035184 0.627054
v 0.194252 -0.002559 0.601769
v 0.224725 -0.023616 0.580195
v -0.205964 -0.035103 0.627790
v -0.193661 -0.002124 0.602394
v -0.223780 -0.022777 0.579477
v 0.184991 0.024356 -0.577706
v 0.213525 0.033218 -0.631367
v 0.219988 0.040141 -0.571609
v -0.184594 0.023140 -0.580358
v -0.212938 0.033809 -0.633762
v -0.218078 0.040552 -0.573656
f 1 647 644
f 1 644 643
f 1 643 645
f 1 645 646
f 1 646 647
f 2 649 652
f 6 672 670
f 12 702 699
f 11 696 695
f 8 679 681
f 4 662 659
f 4 659 658
f 4 658 660
f 4 660 661
f 4 661 662
f 5 666 665
f 3 654 657
f 7 673 677
f 9 685 686
f 10 692 688
f 12 701 698
f 6 669 668
f 2 650 648
f 8 682 678
f 11 697 693
f 6 671 669
f 12 700 701
f 11 694 697
f 8 680 682
f 2 651 650
f 10 690 689
f 5 663 664
f 3 655 653
f 7 676 674
f 9 687 684
f 10 691 690
f 5 667 663
f 3 656 655
f 7 675 676
f 9 683 687
f 6 668 672
f 2 648 649
f 8 678 679
f 11 693 696
f 12 698 702
f 10 688 691
f 5 665 667
f 3 657 656
f 7 677 675
f 9 686 683
f 5 664 666
f 3 653 654
f 7 674 673
f 9 684 685
f 10 689 692
f 6 670 671
f 12 699 700
f 11 695 694
f 8 681 680
f 2 652 651
f 35 837 838
f 18 735 736
f 19 742 741
f 40 868 867
f 42 880 879
f 34 832 831
f 33 827 828
f 25 778 780
f 36 844 846
f 20 749 747
f 32 819 820
f 23 765 767
f 24 773 771
f 37 850 849
f 41 876 875
f 34 833 834
f 33 826 825
f 25 779 777
f 36 845 843
f 20 748 750
f 17 729 727
f 14 711 709
f 13 706 703
f 15 718 715
f 16 724 721
f 18 737 733
f 35 839 835
f 42 882 878
f 40 870 866
f 19 744 740
f 30 807 805
f 27 789 787
f 22 762 758
f 28 797 793
f 29 802 799
f 32 821 817
f 23 766 763
f 24 774 770
f 37 852 848
f 41 874 872
f 35 838 836
f 18 736 734
f 19 741 739
f 40 867 865
f 42 879 877
f 34 831 829
f 33 828 824
f 25 780 776
f 36 846 842
f 20 747 745
f 32 820 818
f 23 767 764
f 24 771 769
f 37 849 847
f 41 875 871
f 34 834 830
f 33 825 823
f 25 777 775
f 36 843 841
f 20 750 746
f 14 714 710
f 13 707 704
f 15 719 716
f 16 725 722
f 17 732 728
f 21 755 752
f 31 814 811
f 26 784 781
f 38 857 853
f 39 862 860
f 27 792 788
f 22 759 757
f 28 796 794
f 29 803 800
f 30 810 806
f 31 815 812
f 26 785 782
f 38 856 854
f 39 863 859
f 21 754 751
f 14 712 714
f 13 705 707
f 15 717 719
f 16 723 725
f 17 730 732
f 21 753 755
f 31 816 814
f 26 786 784
f 38 858 857
f 39 861 862
f 27 791 792
f 22 761 759
f 28 795 796
f 29 801 803
f 30 808 810
f 31 813 815
f 26 783 785
f 38 855 856
f 39 864 863
f 21 756 754
f 14 709 712
f 13 703 705
f 15 715 717
f 16 721 723
f 17 727 730
f 21 751 753
f 31 812 816
f 26 782 786
f 38 854 858
f 39 859 861
f 27 787 791
f 22 758 761
f 28 793 795
f 29 799 801
f 30 805 808
f 31 811 813
f 26 781 783
f 38 853 855
f 39 860 864
f 21 752 756
f 17 728 731
f 14 710 713
f 13 704 708
f 15 716 720
f 16 722 726
f 18 734 738
f 35 836 840
f 42 877 881
f 40 865 869
f 19 739 743
f 30 806 809
f 27 788 790
f 22 757 760
f 28 794 798
f 29 800 804
f 32 818 822
f 23 764 768
f 24 769 772
f 37 847 851
f 41 871 873
f 35 835 837
f 18 733 735
f 19 740 742
f 40 866 868
f 42 878 880
f 34 830 832
f 33 823 827
f 25 775 778
f 36 841 844
f 20 746 749
f 32 817 819
f 23 763 765
f 24 770 773
f 37 848 850
f 41 872 876
f 34 829 833
f 33 824 826
f 25 776 779
f 36 842 845
f 20 745 748
f 17 731 729
f 14 713 711
f 13 708 706
f 15 720 718
f 16 726 724
f 18 738 737
f 35 840 839
f 42 881 882
f 40 869 870
f 19 743 744
f 30 809 807
f 27 790 789
f 22 760 762
f 28 798 797
f 29 804 802
f 32 822 821
f 23 768 766
f 24 772 774
f 37 851 852
f 41 873 874
f 107 1269 1270
f 103 1245 1246
f 104 1252 1251
f 110 1288 1287
f 113 1306 1305
f 118 1336 1335
f 154 1551 1552
f 141 1473 1474
f 162 1599 1600
f 121 1354 1353
f 142 1479 1480
f 129 1401 1402
f 130 1408 1407
f 144 1492 1491
f 146 1504 1503
f 151 1533 1534
f 131 1414 1413
f 136 1444 1443
f 161 1594 1593
f 126 1383 1384
f 116 1323 1324
f 108 1275 1276
f 106 1263 1264
f 112 1299 1300
f 115 1317 1318
f 119 1341 1342
f 156 1564 1563
f 139 1462 1461
f 160 1588 1587
f 120 1347 1348
f 149 1521 1522
f 132 1420 1419
f 128 1395 1396
f 145 1497 1498
f 148 1515 1516
f 155 1557 1558
f 133 1425 1426
f 134 1431 1432
f 157 1570 1569
f 124 1372 1371
f 109 1282 1281
f 105 1258 1257
f 111 1294 1293
f 114 1312 1311
f 117 1330 1329
f 125 1378 1377
f 152 1540 1539
f 137 1449 1450
f 158 1575 1576
f 123 1365 1366
f 143 1486 1485
f 127 1390 1389
f 135 1437 1438
f 147 1510 1509
f 150 1528 1527
f 153 1546 1545
f 140 1468 1467
f 138 1455 1456
f 159 1581 1582
f 122 1359 1360
f 107 1272 1271
f 103 1248 1247
f 104 1253 1254
f 110 1289 1290
f 113 1307 1308
f 118 1337 1338
f 154 1554 1553
f 141 1476 1475
f 162 1602 1601
f 121 1355 1356
f 142 1482 1481
f 129 1404 1403
f 130 1409 1410
f 144 1493 1494
f 146 1505 1506
f 151 1536 1535
f 131 1415 1416
f 136 1445 1446
f 161 1595 1596
f 126 1386 1385
f 47 909 907
f 44 891 889
f 43 886 883
f 45 898 895
f 46 904 901
f 49 922 919
f 72 1060 1057
f 102 1240 1237
f 96 1204 1201
f 79 1102 1099
f 62 999 997
f 59 981 979
f 58 976 973
f 60 988 985
f 61 994 991
f 66 1024 1021
f 54 952 949
f 73 1066 1063
f 85 1138 1135
f 92 1179 1177
f 101 1233 1231
f 69 1041 1039
f 50 927 925
f 82 1119 1117
f 97 1209 1207
f 71 1053 1051
f 100 1228 1225
f 94 1192 1189
f 80 1108 1105
f 51 933 931
f 90 1167 1165
f 63 1005 1003
f 55 957 955
f 76 1083 1081
f 87 1150 1147
f 91 1174 1171
f 67 1029 1027
f 56 963 961
f 75 1077 1075
f 83 1126 1123
f 68 1036 1033
f 48 915 913
f 78 1095 1093
f 93 1185 1183
f 98 1216 1213
f 88 1155 1153
f 65 1018 1015
f 57 970 967
f 77 1090 1087
f 86 1143 1141
f 64 1012 1009
f 53 945 943
f 74 1071 1069
f 84 1131 1129
f 89 1162 1159
f 70 1047 1045
f 99 1221 1219
f 95 1197 1195
f 81 1114 1111
f 52 940 937
f 109 1284 1280
f 105 1260 1256
f 111 1296 1292
f 114 1314 1310
f 117 1332 1328
f 125 1380 1376
f 152 1542 1538
f 137 1451 1447
f 158 1577 1573
f 123 1367 1363
f 143 1488 1484
f 127 1392 1388
f 135 1439 1435
f 147 1512 1508
f 150 1530 1526
f 153 1548 1544
f 140 1470 1466
f 138 1457 1453
f 159 1583 1579
f 122 1361 1357
f 107 1270 1268
f 103 1246 1244
f 104 1251 1249
f 110 1287 1285
f 113 1305 1303
f 118 1335 1333
f 154 1552 1550
f 141 1474 1472
f 162 1600 1598
f 121 1353 1351
f 142 1480 1478
f 129 1402 1400
f 130 1407 1405
f 144 1491 1489
f 146 1503 1501
f 151 1534 1532
f 131 1413 1411
f 136 1443 1441
f 161 1593 1591
f 126 1384 1382
f 116 1324 1322
f 108 1276 1274
f 106 1264 1262
f 112 1300 1298
f 115 1318 1316
f 119 1342 1340
f 156 1563 1561
f 139 1461 1459
f 160 1587 1585
f 120 1348 1346
f 149 1522 1520
f 132 1419 1417
f 128 1396 1394
f 145 1498 1496
f 148 1516 1514
f 155 1558 1556
f 133 1426 1424
f 134 1432 1430
f 157 1569 1567
f 124 1371 1369
f 109 1281 1279
f 105 1257 1255
f 111 1293 1291
f 114 1311 1309
f 117 1329 1327
f 125 1377 1375
f 152 1539 1537
f 137 1450 1448
f 158 1576 1574
f 123 1366 1364
f 143 1485 1483
f 127 1389 1387
f 135 1438 1436
f 147 1509 1507
f 150 1527 1525
f 153 1545 1543
f 140 1467 1465
f 138 1456 1454
f 159 1582 1580
f 122 1360 1358
f 107 1271 1267
f 103 1247 1243
f 104 1254 1250
f 110 1290 1286
f 113 1308 1304
f 118 1338 1334
f 154 1553 1549
f 141 1475 1471
f 162 1601 1597
f 121 1356 1352
f 142 1481 1477
f 129 1403 1399
f 130 1410 1406
f 144 1494 1490
f 146 1506 1502
f 151 1535 1531
f 131 1416 1412
f 136 1446 1442
f 161 1596 1592
f 126 1385 1381
f 44 894 890
f 43 887 884
f 45 899 896
f 46 905 902
f 47 912 908
f 52 941 938
f 70 1050 1046
f 99 1224 1220
f 95 1200 1196
f 81 1115 1112
f 59 984 980
f 58 977 974
f 60 989 986
f 61 995 992
f 62 1002 998
f 65 1019 1016
f 57 971 968
f 77 1091 1088
f 86 1146 1142
f 88 1158 1154
f 98 1217 1214
f 68 1037 1034
f 48 918 914
f 78 1098 1094
f 93 1188 1184
f 69 1044 1040
f 101 1236 1232
f 97 1212 1208
f 82 1122 1118
f 50 930 926
f 89 1163 1160
f 64 1013 1010
f 53 948 944
f 74 1074 1070
f 84 1134 1130
f 90 1170 1166
f 63 1008 1004
f 55 960 956
f 76 1086 1082
f 87 1151 1148
f 72 1061 1058
f 49 923 920
f 79 1103 1100
f 96 1205 1202
f 102 1241 1238
f 91 1175 1172
f 67 1032 1028
f 56 966 962
f 75 1080 1076
f 83 1127 1124
f 66 1025 1022
f 54 953 950
f 73 1067 1064
f 85 1139 1136
f 92 1182 1178
f 71 1056 1052
f 100 1229 1226
f 94 1193 1190
f 80 1109 1106
f 51 936 932
f 116 1325 1321
f 108 1277 1273
f 106 1265 1261
f 112 1301 1297
f 115 1319 1315
f 119 1343 1339
f 156 1566 1562
f 139 1464 1460
f 160 1590 1586
f 120 1349 1345
f 149 1523 1519
f 132 1422 1418
f 128 1397 1393
f 145 1499 1495
f 148 1517 1513
f 155 1559 1555
f 133 1427 1423
f 134 1433 1429
f 157 1572 1568
f 124 1374 1370
f 44 892 894
f 43 885 887
f 45 897 899
f 46 903 905
f 47 910 912
f 52 939 941
f 70 1048 1050
f 99 1222 1224
f 95 1198 1200
f 81 1113 1115
f 59 982 984
f 58 975 977
f 60 987 989
f 61 993 995
f 62 1000 1002
f 65 1017 1019
f 57 969 971
f 77 1089 1091
f 86 1144 1146
f 88 1156 1158
f 98 1215 1217
f 68 1035 1037
f 48 916 918
f 78 1096 1098
f 93 1186 1188
f 69 1042 1044
f 101 1234 1236
f 97 1210 1212
f 82 1120 1122
f 50 928 930
f 89 1161 1163
f 64 1011 1013
f 53 946 948
f 74 1072 1074
f 84 1132 1134
f 90 1168 1170
f 63 1006 1008
f 55 958 960
f 76 1084 1086
f 87 1149 1151
f 72 1059 1061
f 49 921 923
f 79 1101 1103
f 96 1203 1205
f 102 1239 1241
f 91 1173 1175
f 67 1030 1032
f 56 964 966
f 75 1078 1080
f 83 1125 1127
f 66 1023 1025
f 54 951 953
f 73 1065 1067
f 85 1137 1139
f 92 1180 1182
f 71 1054 1056
f 100 1227 1229
f 94 1191 1193
f 80 1107 1109
f 51 934 936
f 116 1326 1325
f 108 1278 1277
f 106 1266 1265
f 112 1302 1301
f 115 1320 1319
f 119 1344 1343
f 156 1565 1566
f 139 1463 1464
f 160 1589 1590
f 120 1350 1349
f 149 1524 1523
f 132 1421 1422
f 128 1398 1397
f 145 1500 1499
f 148 1518 1517
f 155 1560 1559
f 133 1428 1427
f 134 1434 1433
f 157 1571 1572
f 124 1373 1374
f 44 889 892
f 43 883 885
f 45 895 897
f 46 901 903
f 47 907 910
f 52 937 939
f 70 1045 1048
f 99 1219 1222
f 95 1195 1198
f 81 1111 1113
f 59 979 982
f 58 973 975
f 60 985 987
f 61 991 993
f 62 997 1000
f 65 1015 1017
f 57 967 969
f 77 1087 1089
f 86 1141 1144
f 88 1153 1156
f 98 1213 1215
f 68 1033 1035
f 48 913 916
f 78 1093 1096
f 93 1183 1186
f 69 1039 1042
f 101 1231 1234
f 97 1207 1210
f 82 1117 1120
f 50 925 928
f 89 1159 1161
f 64 1009 1011
f 53 943 946
f 74 1069 1072
f 84 1129 1132
f 90 1165 1168
f 63 1003 1006
f 55 955 958
f 76 1081 1084
f 87 1147 1149
f 72 1057 1059
f 49 919 921
f 79 1099 1101
f 96 1201 1203
f 102 1237 1239
f 91 1171 1173
f 67 1027 1030
f 56 961 964
f 75 1075 1078
f 83 1123 1125
f 66 1021 1023
f 54 949 951
f 73 1063 1065
f 85 1135 1137
f 92 1177 1180
f 71 1051 1054
f 100 1225 1227
f 94 1189 1191
f 80 1105 1107
f 51 931 934
f 116 1322 1326
f 108 1274 1278
f 106 1262 1266
f 112 1298 1302
f 115 1316 1320
f 119 1340 1344
f 156 1561 1565
f 139 1459 1463
f 160 1585 1589
f 120 1346 1350
f 149 1520 1524
f 132 1417 1421
f 128 1394 1398
f 145 1496 1500
f 148 1514 1518
f 155 1556 1560
f 133 1424 1428
f 134 1430 1434
f 157 1567 1571
f 124 1369 1373
f 47 908 911
f 44 890 893
f 43 884 888
f 45 896 900
f 46 902 906
f 49 920 924
f 72 1058 1062
f 102 1238 1242
f 96 1202 1206
f 79 1100 1104
f 62 998 1001
f 59 980 983
f 58 974 978
f 60 986 990
f 61 992 996
f 66 1022 1026
f 54 950 954
f 73 1064 1068
f 85 1136 1140
f 92 1178 1181
f 101 1232 1235
f 69 1040 1043
f 50 926 929
f 82 1118 1121
f 97 1208 1211
f 71 1052 1055
f 100 1226 1230
f 94 1190 1194
f 80 1106 1110
f 51 932 935
f 90 1166 1169
f 63 1004 1007
f 55 956 959
f 76 1082 1085
f 87 1148 1152
f 91 1172 1176
f 67 1028 1031
f 56 962 965
f 75 1076 1079
f 83 1124 1128
f 68 1034 1038
f 48 914 917
f 78 1094 1097
f 93 1184 1187
f 98 1214 1218
f 88 1154 1157
f 65 1016 1020
f 57 968 972
f 77 1088 1092
f 86 1142 1145
f 64 1010 1014
f 53 944 947
f 74 1070 1073
f 84 1130 1133
f 89 1160 1164
f 70 1046 1049
f 99 1220 1223
f 95 1196 1199
f 81 1112 1116
f 52 938 942
f 109 1279 1283
f 105 1255 1259
f 111 1291 1295
f 114 1309 1313
f 117 1327 1331
f 125 1375 1379
f 152 1537 1541
f 137 1448 1452
f 158 1574 1578
f 123 1364 1368
f 143 1483 1487
f 127 1387 1391
f 135 1436 1440
f 147 1507 1511
f 150 1525 1529
f 153 1543 1547
f 140 1465 1469
f 138 1454 1458
f 159 1580 1584
f 122 1358 1362
f 107 1267 1269
f 103 1243 1245
f 104 1250 1252
f 110 1286 1288
f 113 1304 1306
f 118 1334 1336
f 154 1549 1551
f 141 1471 1473
f 162 1597 1599
f 121 1352 1354
f 142 1477 1479
f 129 1399 1401
f 130 1406 1408
f 144 1490 1492
f 146 1502 1504
f 151 1531 1533
f 131 1412 1414
f 136 1442 1444
f 161 1592 1594
f 126 1381 1383
f 116 1321 1323
f 108 1273 1275
f 106 1261 1263
f 112 1297 1299
f 115 1315 1317
f 119 1339 1341
f 156 1562 1564
f 139 1460 1462
f 160 1586 1588
f 120 1345 1347
f 149 1519 1521
f 132 1418 1420
f 128 1393 1395
f 145 1495 1497
f 148 1513 1515
f 155 1555 1557
f 133 1423 1425
f 134 1429 1431
f 157 1568 1570
f 124 1370 1372
f 109 1280 1282
f 105 1256 1258
f 111 1292 1294
f 114 1310 1312
f 117 1328 1330
f 125 1376 1378
f 152 1538 1540
f 137 1447 1449
f 158 1573 1575
f 123 1363 1365
f 143 1484 1486
f 127 1388 1390
f 135 1435 1437
f 147 1508 1510
f 150 1526 1528
f 153 1544 1546
f 140 1466 1468
f 138 1453 1455
f 159 1579 1581
f 122 1357 1359
f 107 1268 1272
f 103 1244 1248
f 104 1249 1253
f 110 1285 1289
f 113 1303 1307
f 118 1333 1337
f 154 1550 1554
f 141 1472 1476
f 162 1598 1602
f 121 1351 1355
f 142 1478 1482
f 129 1400 1404
f 130 1405 1409
f 144 1489 1493
f 146 1501 1505
f 151 1532 1536
f 131 1411 1415
f 136 1441 1445
f 161 1591 1595
f 126 1382 1386
f 47 911 909
f 44 893 891
f 43 888 886
f 45 900 898
f 46 906 904
f 49 924 922
f 72 1062 1060
f 102 1242 1240
f 96 1206 1204
f 79 1104 1102
f 62 1001 999
f 59 983 981
f 58 978 976
f 60 990 988
f 61 996 994
f 66 1026 1024
f 54 954 952
f 73 1068 1066
f 85 1140 1138
f 92 1181 1179
f 101 1235 1233
f 69 1043 1041
f 50 929 927
f 82 1121 1119
f 97 1211 1209
f 71 1055 1053
f 100 1230 1228
f 94 1194 1192
f 80 1110 1108
f 51 935 933
f 90 1169 1167
f 63 1007 1005
f 55 959 957
f 76 1085 1083
f 87 1152 1150
f 91 1176 1174
f 67 1031 1029
f 56 965 963
f 75 1079 1077
f 83 1128 1126
f 68 1038 1036
f 48 917 915
f 78 1097 1095
f 93 1187 1185
f 98 1218 1216
f 88 1157 1155
f 65 1020 1018
f 57 972 970
f 77 1092 1090
f 86 1145 1143
f 64 1014 1012
f 53 947 945
f 74 1073 1071
f 84 1133 1131
f 89 1164 1162
f 70 1049 1047
f 99 1223 1221
f 95 1199 1197
f 81 1116 1114
f 52 942 940
f 109 1283 1284
f 105 1259 1260
f 111 1295 1296
f 114 1313 1314
f 117 1331 1332
f 125 1379 1380
f 152 1541 1542
f 137 1452 1451
f 158 1578 1577
f 123 1368 1367
f 143 1487 1488
f 127 1391 1392
f 135 1440 1439
f 147 1511 1512
f 150 1529 1530
f 153 1547 1548
f 140 1469 1470
f 138 1458 1457
f 159 1584 1583
f 122 1362 1361
f 407 1609 1616
f 403 1605 1608
f 404 1611 1606
f 410 1614 1612
f 413 1617 1615
f 422 1631 1624
f 486 1688 1692
f 573 1775 1782
f 561 1763 1765
f 512 1719 1714
f 452 1654 1661
f 448 1650 1653
f 449 1656 1651
f 455 1659 1657
f 458 1662 1660
f 470 1672 1675
f 437 1646 1639
f 494 1706 1696
f 531 1735 1733
f 539 1741 1751
f 568 1770 1779
f 478 1680 1683
f 419 1621 1626
f 509 1711 1721
f 554 1756 1766
f 482 1684 1689
f 576 1780 1778
f 558 1767 1760
f 516 1722 1718
f 425 1627 1629
f 542 1744 1747
f 463 1668 1665
f 434 1636 1641
f 497 1699 1704
f 528 1730 1737
f 546 1748 1750
f 464 1666 1676
f 440 1642 1644
f 500 1705 1702
f 524 1736 1726
f 479 1691 1681
f 418 1623 1620
f 508 1713 1710
f 553 1764 1755
f 569 1781 1771
f 538 1749 1740
f 471 1677 1673
f 443 1645 1647
f 501 1703 1707
f 523 1725 1734
f 467 1674 1669
f 433 1638 1635
f 493 1695 1698
f 527 1732 1729
f 543 1752 1745
f 485 1690 1687
f 572 1777 1774
f 557 1759 1762
f 515 1717 1720
f 428 1630 1632
f 591 2191 2189
f 587 1885 1883
f 588 1901 1903
f 594 2279 2281
f 597 2315 2317
f 600 2171 2173
f 634 2160 2158
f 619 2016 2012
f 639 2214 2210
f 602 1919 1924
f 624 2137 2135
f 608 1978 1973
f 610 1991 1996
f 627 2225 2227
f 630 2302 2304
f 635 2178 2176
f 615 2153 2155
f 617 2009 2014
f 637 2207 2212
f 604 1926 1922
f 416 1857 1864
f 408 1803 1810
f 406 1786 1795
f 412 1822 1831
f 415 1840 1849
f 424 1876 1887
f 492 2182 2193
f 582 2312 2321
f 565 2276 2285
f 514 1898 1907
f 461 2091 2098
f 453 2037 2044
f 451 1952 1961
f 457 2056 2067
f 460 2074 2083
f 475 2128 2139
f 439 1966 1975
f 496 1988 1997
f 533 2222 2231
f 551 2293 2298
f 579 2185 2190
f 483 1879 1884
f 426 1893 1900
f 521 2271 2278
f 566 2307 2314
f 489 2163 2170
f 578 2150 2159
f 560 2006 2015
f 518 2204 2213
f 429 1911 1918
f 547 2131 2136
f 465 1969 1977
f 441 1983 1990
f 504 2217 2224
f 537 2290 2301
f 550 2168 2177
f 476 2145 2152
f 444 2001 2008
f 502 2199 2206
f 526 1916 1925
f 481 1808 1817
f 420 1789 1797
f 510 1825 1833
f 555 1843 1851
f 571 1862 1871
f 540 1933 1941
f 473 2110 2119
f 447 2020 2029
f 507 2236 2247
f 534 2257 2262
f 469 2042 2051
f 435 1947 1954
f 498 2059 2064
f 529 2077 2085
f 545 2096 2105
f 487 2113 2121
f 574 2023 2031
f 562 2239 2244
f 520 2254 2265
f 432 1930 1939
f 589 1818 1814
f 583 1798 1793
f 586 1834 1829
f 593 1852 1847
f 596 1872 1868
f 599 1942 1937
f 633 2120 2124
f 620 2030 2034
f 640 2248 2250
f 603 2263 2261
f 622 2052 2050
f 607 1955 1960
f 612 2065 2063
f 626 2086 2081
f 629 2106 2102
f 631 2122 2117
f 614 2032 2027
f 618 2245 2243
f 641 2266 2268
f 605 1940 1944
f 409 1813 1804
f 405 1792 1785
f 411 1828 1821
f 414 1846 1839
f 417 1867 1858
f 431 1936 1929
f 488 2123 2114
f 575 2033 2024
f 563 2249 2240
f 519 2260 2253
f 454 2049 2038
f 450 1959 1951
f 456 2062 2055
f 459 2080 2073
f 462 2101 2092
f 472 2116 2109
f 446 2026 2019
f 506 2242 2235
f 535 2267 2258
f 541 1943 1934
f 570 1869 1861
f 480 1815 1807
f 421 1799 1790
f 511 1835 1826
f 556 1853 1844
f 484 1889 1880
f 580 2195 2186
f 567 2319 2308
f 522 2283 2272
f 427 1905 1894
f 544 2103 2095
f 468 2046 2041
f 436 1957 1948
f 499 2069 2060
f 530 2087 2078
f 548 2141 2132
f 466 1979 1970
f 442 1993 1984
f 505 2229 2218
f 536 2296 2289
f 491 2188 2181
f 423 1882 1875
f 513 1902 1897
f 564 2280 2275
f 581 2316 2311
f 549 2172 2167
f 477 2157 2146
f 445 2011 2002
f 503 2209 2200
f 525 1923 1915
f 474 2134 2127
f 438 1972 1965
f 495 1995 1987
f 532 2226 2221
f 552 2303 2294
f 490 2175 2164
f 577 2154 2149
f 559 2013 2005
f 517 2211 2203
f 430 1921 1912
f 590 1865 1870
f 584 1811 1816
f 585 1796 1800
f 592 1832 1836
f 595 1850 1854
f 598 1888 1890
f 636 2194 2196
f 621 2322 2320
f 642 2286 2284
f 601 1908 1906
f 623 2099 2104
f 611 2045 2047
f 609 1962 1958
f 625 2068 2070
f 628 2084 2088
f 632 2140 2142
f 613 1976 1980
f 616 1998 1994
f 638 2232 2230
f 606 2299 2297
f 407 2330 2329
f 403 2324 2323
f 404 2325 2326
f 410 2332 2333
f 413 2335 2336
f 422 2344 2345
f 486 2410 2409
f 573 2497 2496
f 561 2486 2485
f 512 2434 2435
f 452 2375 2374
f 448 2369 2368
f 449 2370 2371
f 455 2377 2378
f 458 2380 2381
f 470 2393 2392
f 437 2359 2360
f 494 2415 2416
f 531 2455 2456
f 539 2461 2460
f 568 2489 2488
f 478 2399 2398
f 419 2341 2340
f 509 2431 2430
f 554 2476 2475
f 482 2405 2404
f 576 2500 2501
f 558 2481 2482
f 516 2439 2440
f 425 2348 2347
f 542 2465 2464
f 463 2383 2384
f 434 2356 2355
f 497 2420 2419
f 528 2452 2451
f 546 2471 2470
f 464 2386 2385
f 440 2363 2362
f 500 2422 2423
f 524 2445 2446
f 479 2400 2401
f 418 2338 2339
f 508 2428 2429
f 553 2473 2474
f 569 2490 2491
f 538 2458 2459
f 471 2394 2395
f 443 2366 2365
f 501 2425 2424
f 523 2444 2443
f 467 2389 2390
f 433 2353 2354
f 493 2414 2413
f 527 2449 2450
f 543 2466 2467
f 485 2407 2408
f 572 2494 2495
f 557 2480 2479
f 515 2438 2437
f 428 2351 2350
f 591 2510 2511
f 587 2504 2505
f 588 2508 2507
f 594 2514 2513
f 597 2517 2516
f 600 2520 2519
f 634 2554 2556
f 619 2539 2540
f 639 2560 2561
f 602 2523 2521
f 624 2543 2544
f 608 2527 2529
f 610 2532 2530
f 627 2547 2546
f 630 2550 2549
f 635 2552 2553
f 615 2535 2534
f 617 2538 2536
f 637 2558 2557
f 604 2524 2525
f 167 1607 647
f 164 1603 644
f 163 1604 643
f 165 1610 645
f 166 1613 646
f 169 1622 649
f 192 1686 672
f 222 1773 702
f 216 1761 696
f 199 1712 679
f 182 1652 662
f 179 1648 659
f 178 1649 658
f 180 1655 660
f 181 1658 661
f 186 1670 666
f 174 1637 654
f 193 1694 673
f 205 1731 685
f 212 1739 692
f 221 1768 701
f 189 1678 669
f 170 1619 650
f 202 1709 682
f 217 1754 697
f 191 1682 671
f 220 1776 700
f 214 1758 694
f 200 1716 680
f 171 1625 651
f 210 1742 690
f 183 1663 663
f 175 1634 655
f 196 1697 676
f 207 1728 687
f 211 1746 691
f 187 1664 667
f 176 1640 656
f 195 1700 675
f 203 1724 683
f 188 1679 668
f 168 1618 648
f 198 1708 678
f 213 1753 693
f 218 1769 698
f 208 1738 688
f 185 1671 665
f 177 1643 657
f 197 1701 677
f 206 1723 686
f 184 1667 664
f 173 1633 653
f 194 1693 674
f 204 1727 684
f 209 1743 689
f 190 1685 670
f 219 1772 699
f 215 1757 695
f 201 1715 681
f 172 1628 652
f 357 2187 837
f 255 1881 735
f 262 1899 742
f 388 2277 868
f 400 2313 880
f 352 2169 832
f 347 2156 827
f 298 2010 778
f 364 2208 844
f 269 1917 749
f 339 2133 819
f 285 1971 765
f 293 1989 773
f 370 2223 850
f 396 2300 876
f 353 2174 833
f 346 2151 826
f 299 2007 779
f 365 2205 845
f 268 1920 748
f 249 1855 729
f 231 1801 711
f 226 1784 706
f 238 1820 718
f 244 1838 724
f 257 1874 737
f 359 2180 839
f 402 2310 882
f 390 2274 870
f 264 1896 744
f 327 2089 807
f 309 2035 789
f 282 1950 762
f 317 2054 797
f 322 2072 802
f 341 2126 821
f 286 1964 766
f 294 1986 774
f 372 2220 852
f 394 2291 874
f 358 2183 838
f 256 1877 736
f 261 1891 741
f 387 2269 867
f 399 2305 879
f 351 2161 831
f 348 2148 828
f 300 2004 780
f 366 2202 846
f 267 1909 747
f 340 2129 820
f 287 1967 767
f 291 1981 771
f 369 2215 849
f 395 2288 875
f 354 2166 834
f 345 2143 825
f 297 1999 777
f 363 2197 843
f 270 1914 750
f 234 1806 714
f 227 1787 707
f 239 1823 719
f 245 1841 725
f 252 1860 732
f 275 1931 755
f 334 2108 814
f 304 2018 784
f 377 2234 857
f 382 2255 862
f 312 2040 792
f 279 1945 759
f 316 2057 796
f 323 2075 803
f 330 2094 810
f 335 2111 815
f 305 2021 785
f 376 2237 856
f 383 2252 863
f 274 1928 754
f 232 1812 712
f 225 1791 705
f 237 1827 717
f 243 1845 723
f 250 1866 730
f 273 1935 753
f 336 2118 816
f 306 2028 786
f 378 2246 858
f 381 2259 861
f 311 2048 791
f 281 1953 761
f 315 2061 795
f 321 2079 801
f 328 2100 808
f 333 2115 813
f 303 2025 783
f 375 2241 855
f 384 2264 864
f 276 1938 756
f 229 1802 709
f 223 1783 703
f 235 1819 715
f 241 1837 721
f 247 1856 727
f 271 1927 751
f 332 2112 812
f 302 2022 782
f 374 2238 854
f 379 2251 859
f 307 2036 787
f 278 1949 758
f 313 2053 793
f 319 2071 799
f 325 2090 805
f 331 2107 811
f 301 2017 781
f 373 2233 853
f 380 2256 860
f 272 1932 752
f 248 1859 728
f 230 1805 710
f 224 1788 704
f 236 1824 716
f 242 1842 722
f 254 1878 734
f 356 2184 836
f 397 2306 877
f 385 2270 865
f 259 1892 739
f 326 2093 806
f 308 2039 788
f 277 1946 757
f 314 2058 794
f 320 2076 800
f 338 2130 818
f 284 1968 764
f 289 1982 769
f 367 2216 847
f 391 2287 871
f 355 2179 835
f 253 1873 733
f 260 1895 740
f 386 2273 866
f 398 2309 878
f 350 2165 830
f 343 2144 823
f 295 2000 775
f 361 2198 841
f 266 1913 746
f 337 2125 817
f 283 1963 763
f 290 1985 770
f 368 2219 848
f 392 2292 872
f 349 2162 829
f 344 2147 824
f 296 2003 776
f 362 2201 842
f 265 1910 745
f 251 1863 731
f 233 1809 713
f 228 1794 708
f 240 1830 720
f 246 1848 726
f 258 1886 738
f 360 2192 840
f 401 2318 881
f 389 2282 869
f 263 1904 743
f 329 2097 809
f 310 2043 790
f 280 1956 760
f 318 2066 798
f 324 2082 804
f 342 2138 822
f 288 1974 768
f 292 1992 772
f 371 2228 851
f 393 2295 873
f 409 2331 1269
f 405 2327 1245
f 411 2328 1252
f 414 2334 1288
f 417 2337 1306
f 431 2346 1336
f 488 2412 1551
f 575 2499 1473
f 563 2487 1599
f 519 2436 1354
f 454 2376 1479
f 450 2372 1401
f 456 2373 1408
f 459 2379 1492
f 462 2382 1504
f 472 2396 1533
f 446 2361 1414
f 506 2418 1444
f 535 2457 1594
f 541 2463 1383
f 570 2492 1323
f 480 2402 1275
f 421 2343 1263
f 511 2433 1299
f 556 2478 1317
f 484 2406 1341
f 580 2502 1564
f 567 2484 1462
f 522 2442 1588
f 427 2349 1347
f 544 2468 1521
f 468 2387 1420
f 436 2358 1395
f 499 2421 1497
f 530 2454 1515
f 548 2472 1557
f 466 2388 1425
f 442 2364 1431
f 505 2426 1570
f 536 2448 1372
f 491 2403 1282
f 423 2342 1258
f 513 2432 1294
f 564 2477 1312
f 581 2493 1330
f 549 2462 1378
f 477 2397 1540
f 445 2367 1449
f 503 2427 1575
f 525 2447 1365
f 474 2391 1486
f 438 2357 1390
f 495 2417 1437
f 532 2453 1510
f 552 2469 1528
f 490 2411 1546
f 577 2498 1468
f 559 2483 1455
f 517 2441 1581
f 430 2352 1359
f 590 2509 1272
f 584 2503 1248
f 585 2506 1253
f 592 2512 1289
f 595 2515 1307
f 598 2518 1337
f 636 2555 1554
f 621 2541 1476
f 642 2562 1602
f 601 2522 1355
f 623 2542 1482
f 611 2528 1404
f 609 2531 1409
f 625 2545 1493
f 628 2548 1505
f 632 2551 1536
f 613 2533 1415
f 616 2537 1445
f 638 2559 1595
f 606 2526 1386
f 407 1616 909
f 403 1608 891
f 404 1606 886
f 410 1612 898
f 413 1615 904
f 422 1624 922
f 486 1692 1060
f 573 1782 1240
f 561 1765 1204
f 512 1714 1102
f 452 1661 999
f 448 1653 981
f 449 1651 976
f 455 1657 988
f 458 1660 994
f 470 1675 1024
f 437 1639 952
f 494 1696 1066
f 531 1733 1138
f 539 1751 1179
f 568 1779 1233
f 478 1683 1041
f 419 1626 927
f 509 1721 1119
f 554 1766 1209
f 482 1689 1053
f 576 1778 1228
f 558 1760 1192
f 516 1718 1108
f 425 1629 933
f 542 1747 1167
f 463 1665 1005
f 434 1641 957
f 497 1704 1083
f 528 1737 1150
f 546 1750 1174
f 464 1676 1029
f 440 1644 963
f 500 1702 1077
f 524 1726 1126
f 479 1681 1036
f 418 1620 915
f 508 1710 1095
f 553 1755 1185
f 569 1771 1216
f 538 1740 1155
f 471 1673 1018
f 443 1647 970
f 501 1707 1090
f 523 1734 1143
f 467 1669 1012
f 433 1635 945
f 493 1698 1071
f 527 1729 1131
f 543 1745 1162
f 485 1687 1047
f 572 1774 1221
f 557 1762 1197
f 515 1720 1114
f 428 1632 940
f 591 2189 1284
f 587 1883 1260
f 588 1903 1296
f 594 2281 1314
f 597 2317 1332
f 600 2173 1380
f 634 2158 1542
f 619 2012 1451
f 639 2210 1577
f 602 1924 1367
f 624 2135 1488
f 608 1973 1392
f 610 1996 1439
f 627 2227 1512
f 630 2304 1530
f 635 2176 1548
f 615 2155 1470
f 617 2014 1457
f 637 2212 1583
f 604 1922 1361
f 416 1864 1270
f 408 1810 1246
f 406 1795 1251
f 412 1831 1287
f 415 1849 1305
f 424 1887 1335
f 492 2193 1552
f 582 2321 1474
f 565 2285 1600
f 514 1907 1353
f 461 2098 1480
f 453 2044 1402
f 451 1961 1407
f 457 2067 1491
f 460 2083 1503
f 475 2139 1534
f 439 1975 1413
f 496 1997 1443
f 533 2231 1593
f 551 2298 1384
f 579 2190 1324
f 483 1884 1276
f 426 1900 1264
f 521 2278 1300
f 566 2314 1318
f 489 2170 1342
f 578 2159 1563
f 560 2015 1461
f 518 2213 1587
f 429 1918 1348
f 547 2136 1522
f 465 1977 1419
f 441 1990 1396
f 504 2224 1498
f 537 2301 1516
f 550 2177 1558
f 476 2152 1426
f 444 2008 1432
f 502 2206 1569
f 526 1925 1371
f 481 1817 1281
f 420 1797 1257
f 510 1833 1293
f 555 1851 1311
f 571 1871 1329
f 540 1941 1377
f 473 2119 1539
f 447 2029 1450
f 507 2247 1576
f 534 2262 1366
f 469 2051 1485
f 435 1954 1389
f 498 2064 1438
f 529 2085 1509
f 545 2105 1527
f 487 2121 1545
f 574 2031 1467
f 562 2244 1456
f 520 2265 1582
f 432 1939 1360
f 589 1814 1271
f 583 1793 1247
f 586 1829 1254
f 593 1847 1290
f 596 1868 1308
f 599 1937 1338
f 633 2124 1553
f 620 2034 1475
f 640 2250 1601
f 603 2261 1356
f 622 2050 1481
f 607 1960 1403
f 612 2063 1410
f 626 2081 1494
f 629 2102 1506
f 631 2117 1535
f 614 2027 1416
f 618 2243 1446
f 641 2268 1596
f 605 1944 1385
f 409 1804 894
f 405 1785 887
f 411 1821 899
f 414 1839 905
f 417 1858 912
f 431 1929 941
f 488 2114 1050
f 575 2024 1224
f 563 2240 1200
f 519 2253 1115
f 454 2038 984
f 450 1951 977
f 456 2055 989
f 459 2073 995
f 462 2092 1002
f 472 2109 1019
f 446 2019 971
f 506 2235 1091
f 535 2258 1146
f 541 1934 1158
f 570 1861 1217
f 480 1807 1037
f 421 1790 918
f 511 1826 1098
f 556 1844 1188
f 484 1880 1044
f 580 2186 1236
f 567 2308 1212
f 522 2272 1122
f 427 1894 930
f 544 2095 1163
f 468 2041 1013
f 436 1948 948
f 499 2060 1074
f 530 2078 1134
f 548 2132 1170
f 466 1970 1008
f 442 1984 960
f 505 2218 1086
f 536 2289 1151
f 491 2181 1061
f 423 1875 923
f 513 1897 1103
f 564 2275 1205
f 581 2311 1241
f 549 2167 1175
f 477 2146 1032
f 445 2002 966
f 503 2200 1080
f 525 1915 1127
f 474 2127 1025
f 438 1965 953
f 495 1987 1067
f 532 2221 1139
f 552 2294 1182
f 490 2164 1056
f 577 2149 1229
f 559 2005 1193
f 517 2203 1109
f 430 1912 936
f 590 1870 1325
f 584 1816 1277
f 585 1800 1265
f 592 1836 1301
f 595 1854 1319
f 598 1890 1343
f 636 2196 1566
f 621 2320 1464
f 642 2284 1590
f 601 1906 1349
f 623 2104 1523
f 611 2047 1422
f 609 1958 1397
f 625 2070 1499
f 628 2088 1517
f 632 2142 1559
f 613 1980 1427
f 616 1994 1433
f 638 2230 1572
f 606 2297 1374
f 407 2329 892
f 403 2323 885
f 404 2326 897
f 410 2333 903
f 413 2336 910
f 422 2345 939
f 486 2409 1048
f 573 2496 1222
f 561 2485 1198
f 512 2435 1113
f 452 2374 982
f 448 2368 975
f 449 2371 987
f 455 2378 993
f 458 2381 1000
f 470 2392 1017
f 437 2360 969
f 494 2416 1089
f 531 2456 1144
f 539 2460 1156
f 568 2488 1215
f 478 2398 1035
f 419 2340 916
f 509 2430 1096
f 554 2475 1186
f 482 2404 1042
f 576 2501 1234
f 558 2482 1210
f 516 2440 1120
f 425 2347 928
f 542 2464 1161
f 463 2384 1011
f 434 2355 946
f 497 2419 1072
f 528 2451 1132
f 546 2470 1168
f 464 2385 1006
f 440 2362 958
f 500 2423 1084
f 524 2446 1149
f 479 2401 1059
f 418 2339 921
f 508 2429 1101
f 553 2474 1203
f 569 2491 1239
f 538 2459 1173
f 471 2395 1030
f 443 2365 964
f 501 2424 1078
f 523 2443 1125
f 467 2390 1023
f 433 2354 951
f 493 2413 1065
f 527 2450 1137
f 543 2467 1180
f 485 2408 1054
f 572 2495 1227
f 557 2479 1191
f 515 2437 1107
f 428 2350 934
f 591 2511 1326
f 587 2505 1278
f 588 2507 1266
f 594 2513 1302
f 597 2516 1320
f 600 2519 1344
f 634 2556 1565
f 619 2540 1463
f 639 2561 1589
f 602 2521 1350
f 624 2544 1524
f 608 2529 1421
f 610 2530 1398
f 627 2546 1500
f 630 2549 1518
f 635 2553 1560
f 615 2534 1428
f 617 2536 1434
f 637 2557 1571
f 604 2525 1373
f 164 1609 889
f 163 1605 883
f 165 1611 895
f 166 1614 901
f 167 1617 907
f 172 1631 937
f 190 1688 1045
f 219 1775 1219
f 215 1763 1195
f 201 1719 1111
f 179 1654 979
f 178 1650 973
f 180 1656 985
f 181 1659 991
f 182 1662 997
f 185 1672 1015
f 177 1646 967
f 197 1706 1087
f 206 1735 1141
f 208 1741 1153
f 218 1770 1213
f 188 1680 1033
f 168 1621 913
f 198 1711 1093
f 213 1756 1183
f 189 1684 1039
f 221 1780 1231
f 217 1767 1207
f 202 1722 1117
f 170 1627 925
f 209 1744 1159
f 184 1668 1009
f 173 1636 943
f 194 1699 1069
f 204 1730 1129
f 210 1748 1165
f 183 1666 1003
f 175 1642 955
f 196 1705 1081
f 207 1736 1147
f 192 1691 1057
f 169 1623 919
f 199 1713 1099
f 216 1764 1201
f 222 1781 1237
f 211 1749 1171
f 187 1677 1027
f 176 1645 961
f 195 1703 1075
f 203 1725 1123
f 186 1674 1021
f 174 1638 949
f 193 1695 1063
f 205 1732 1135
f 212 1752 1177
f 191 1690 1051
f 220 1777 1225
f 214 1759 1189
f 200 1717 1105
f 171 1630 931
f 358 2191 1322
f 256 1885 1274
f 261 1901 1262
f 387 2279 1298
f 399 2315 1316
f 351 2171 1340
f 348 2160 1561
f 300 2016 1459
f 366 2214 1585
f 267 1919 1346
f 340 2137 1520
f 287 1978 1417
f 291 1991 1394
f 369 2225 1496
f 395 2302 1514
f 354 2178 1556
f 345 2153 1424
f 297 2009 1430
f 363 2207 1567
f 270 1926 1369
f 247 1857 908
f 229 1803 890
f 223 1786 884
f 235 1822 896
f 241 1840 902
f 253 1876 920
f 355 2182 1058
f 398 2312 1238
f 386 2276 1202
f 260 1898 1100
f 325 2091 998
f 307 2037 980
f 278 1952 974
f 313 2056 986
f 319 2074 992
f 337 2128 1022
f 283 1966 950
f 290 1988 1064
f 368 2222 1136
f 392 2293 1178
f 356 2185 1232
f 254 1879 1040
f 259 1893 926
f 385 2271 1118
f 397 2307 1208
f 349 2163 1052
f 344 2150 1226
f 296 2006 1190
f 362 2204 1106
f 265 1911 932
f 338 2131 1166
f 284 1969 1004
f 289 1983 956
f 367 2217 1082
f 391 2290 1148
f 350 2168 1172
f 343 2145 1028
f 295 2001 962
f 361 2199 1076
f 266 1916 1124
f 230 1808 1034
f 224 1789 914
f 236 1825 1094
f 242 1843 1184
f 248 1862 1214
f 272 1933 1154
f 331 2110 1016
f 301 2020 968
f 373 2236 1088
f 380 2257 1142
f 308 2042 1010
f 277 1947 944
f 314 2059 1070
f 320 2077 1130
f 326 2096 1160
f 332 2113 1046
f 302 2023 1220
f 374 2239 1196
f 379 2254 1112
f 271 1930 938
f 234 1818 1279
f 227 1798 1255
f 239 1834 1291
f 245 1852 1309
f 252 1872 1327
f 275 1942 1375
f 334 2120 1537
f 304 2030 1448
f 377 2248 1574
f 382 2263 1364
f 312 2052 1483
f 279 1955 1387
f 316 2065 1436
f 323 2086 1507
f 330 2106 1525
f 335 2122 1543
f 305 2032 1465
f 376 2245 1454
f 383 2266 1580
f 274 1940 1358
f 232 1813 1267
f 225 1792 1243
f 237 1828 1250
f 243 1846 1286
f 250 1867 1304
f 273 1936 1334
f 336 2123 1549
f 306 2033 1471
f 378 2249 1597
f 381 2260 1352
f 311 2049 1477
f 281 1959 1399
f 315 2062 1406
f 321 2080 1490
f 328 2101 1502
f 333 2116 1531
f 303 2026 1412
f 375 2242 1442
f 384 2267 1592
f 276 1943 1381
f 251 1869 1321
f 233 1815 1273
f 228 1799 1261
f 240 1835 1297
f 246 1853 1315
f 258 1889 1339
f 360 2195 1562
f 401 2319 1460
f 389 2283 1586
f 263 1905 1345
f 329 2103 1519
f 310 2046 1418
f 280 1957 1393
f 318 2069 1495
f 324 2087 1513
f 342 2141 1555
f 288 1979 1423
f 292 1993 1429
f 371 2229 1568
f 393 2296 1370
f 357 2188 1280
f 255 1882 1256
f 262 1902 1292
f 388 2280 1310
f 400 2316 1328
f 352 2172 1376
f 347 2157 1538
f 298 2011 1447
f 364 2209 1573
f 269 1923 1363
f 339 2134 1484
f 285 1972 1388
f 293 1995 1435
f 370 2226 1508
f 396 2303 1526
f 353 2175 1544
f 346 2154 1466
f 299 2013 1453
f 365 2211 1579
f 268 1921 1357
f 249 1865 1268
f 231 1811 1244
f 226 1796 1249
f 238 1832 1285
f 244 1850 1303
f 257 1888 1333
f 359 2194 1550
f 402 2322 1472
f 390 2286 1598
f 264 1908 1351
f 327 2099 1478
f 309 2045 1400
f 282 1962 1405
f 317 2068 1489
f 322 2084 1501
f 341 2140 1532
f 286 1976 1411
f 294 1998 1441
f 372 2232 1591
f 394 2299 1382
f 416 2330 911
f 408 2324 893
f 406 2325 888
f 412 2332 900
f 415 2335 906
f 424 2344 924
f 492 2410 1062
f 582 2497 1242
f 565 2486 1206
f 514 2434 1104
f 461 2375 1001
f 453 2369 983
f 451 2370 978
f 457 2377 990
f 460 2380 996
f 475 2393 1026
f 439 2359 954
f 496 2415 1068
f 533 2455 1140
f 551 2461 1181
f 579 2489 1235
f 483 2399 1043
f 426 2341 929
f 521 2431 1121
f 566 2476 1211
f 489 2405 1055
f 578 2500 1230
f 560 2481 1194
f 518 2439 1110
f 429 2348 935
f 547 2465 1169
f 465 2383 1007
f 441 2356 959
f 504 2420 1085
f 537 2452 1152
f 550 2471 1176
f 476 2386 1031
f 444 2363 965
f 502 2422 1079
f 526 2445 1128
f 481 2400 1038
f 420 2338 917
f 510 2428 1097
f 555 2473 1187
f 571 2490 1218
f 540 2458 1157
f 473 2394 1020
f 447 2366 972
f 507 2425 1092
f 534 2444 1145
f 469 2389 1014
f 435 2353 947
f 498 2414 1073
f 529 2449 1133
f 545 2466 1164
f 487 2407 1049
f 574 2494 1223
f 562 2480 1199
f 520 2438 1116
f 432 2351 942
f 589 2510 1283
f 583 2504 1259
f 586 2508 1295
f 593 2514 1313
f 596 2517 1331
f 599 2520 1379
f 633 2554 1541
f 620 2539 1452
f 640 2560 1578
f 603 2523 1368
f 622 2543 1487
f 607 2527 1391
f 612 2532 1440
f 626 2547 1511
f 629 2550 1529
f 631 2552 1547
f 614 2535 1469
f 618 2538 1458
f 641 2558 1584
f 605 2524 1362
f 164 1607 1609
f 163 1603 1605
f 165 1604 1611
f 166 1610 1614
f 167 1613 1617
f 172 1622 1631
f 190 1686 1688
f 219 1773 1775
f 215 1761 1763
f 201 1712 1719
f 179 1652 1654
f 178 1648 1650
f 180 1649 1656
f 181 1655 1659
f 182 1658 1662
f 185 1670 1672
f 177 1637 1646
f 197 1694 1706
f 206 1731 1735
f 208 1739 1741
f 218 1768 1770
f 188 1678 1680
f 168 1619 1621
f 198 1709 1711
f 213 1754 1756
f 189 1682 1684
f 221 1776 1780
f 217 1758 1767
f 202 1716 1722
f 170 1625 1627
f 209 1742 1744
f 184 1663 1668
f 173 1634 1636
f 194 1697 1699
f 204 1728 1730
f 210 1746 1748
f 183 1664 1666
f 175 1640 1642
f 196 1700 1705
f 207 1724 1736
f 192 1679 1691
f 169 1618 1623
f 199 1708 1713
f 216 1753 1764
f 222 1769 1781
f 211 1738 1749
f 187 1671 1677
f 176 1643 1645
f 195 1701 1703
f 203 1723 1725
f 186 1667 1674
f 174 1633 1638
f 193 1693 1695
f 205 1727 1732
f 212 1743 1752
f 191 1685 1690
f 220 1772 1777
f 214 1757 1759
f 200 1715 1717
f 171 1628 1630
f 358 2187 2191
f 256 1881 1885
f 261 1899 1901
f 387 2277 2279
f 399 2313 2315
f 351 2169 2171
f 348 2156 2160
f 300 2010 2016
f 366 2208 2214
f 267 1917 1919
f 340 2133 2137
f 287 1971 1978
f 291 1989 1991
f 369 2223 2225
f 395 2300 2302
f 354 2174 2178
f 345 2151 2153
f 297 2007 2009
f 363 2205 2207
f 270 1920 1926
f 247 1855 1857
f 229 1801 1803
f 223 1784 1786
f 235 1820 1822
f 241 1838 1840
f 253 1874 1876
f 355 2180 2182
f 398 2310 2312
f 386 2274 2276
f 260 1896 1898
f 325 2089 2091
f 307 2035 2037
f 278 1950 1952
f 313 2054 2056
f 319 2072 2074
f 337 2126 2128
f 283 1964 1966
f 290 1986 1988
f 368 2220 2222
f 392 2291 2293
f 356 2183 2185
f 254 1877 1879
f 259 1891 1893
f 385 2269 2271
f 397 2305 2307
f 349 2161 2163
f 344 2148 2150
f 296 2004 2006
f 362 2202 2204
f 265 1909 1911
f 338 2129 2131
f 284 1967 1969
f 289 1981 1983
f 367 2215 2217
f 391 2288 2290
f 350 2166 2168
f 343 2143 2145
f 295 1999 2001
f 361 2197 2199
f 266 1914 1916
f 230 1806 1808
f 224 1787 1789
f 236 1823 1825
f 242 1841 1843
f 248 1860 1862
f 272 1931 1933
f 331 2108 2110
f 301 2018 2020
f 373 2234 2236
f 380 2255 2257
f 308 2040 2042
f 277 1945 1947
f 314 2057 2059
f 320 2075 2077
f 326 2094 2096
f 332 2111 2113
f 302 2021 2023
f 374 2237 2239
f 379 2252 2254
f 271 1928 1930
f 234 1812 1818
f 227 1791 1798
f 239 1827 1834
f 245 1845 1852
f 252 1866 1872
f 275 1935 1942
f 334 2118 2120
f 304 2028 2030
f 377 2246 2248
f 382 2259 2263
f 312 2048 2052
f 279 1953 1955
f 316 2061 2065
f 323 2079 2086
f 330 2100 2106
f 335 2115 2122
f 305 2025 2032
f 376 2241 2245
f 383 2264 2266
f 274 1938 1940
f 232 1802 1813
f 225 1783 1792
f 237 1819 1828
f 243 1837 1846
f 250 1856 1867
f 273 1927 1936
f 336 2112 2123
f 306 2022 2033
f 378 2238 2249
f 381 2251 2260
f 311 2036 2049
f 281 1949 1959
f 315 2053 2062
f 321 2071 2080
f 328 2090 2101
f 333 2107 2116
f 303 2017 2026
f 375 2233 2242
f 384 2256 2267
f 276 1932 1943
f 251 1859 1869
f 233 1805 1815
f 228 1788 1799
f 240 1824 1835
f 246 1842 1853
f 258 1878 1889
f 360 2184 2195
f 401 2306 2319
f 389 2270 2283
f 263 1892 1905
f 329 2093 2103
f 310 2039 2046
f 280 1946 1957
f 318 2058 2069
f 324 2076 2087
f 342 2130 2141
f 288 1968 1979
f 292 1982 1993
f 371 2216 2229
f 393 2287 2296
f 357 2179 2188
f 255 1873 1882
f 262 1895 1902
f 388 2273 2280
f 400 2309 2316
f 352 2165 2172
f 347 2144 2157
f 298 2000 2011
f 364 2198 2209
f 269 1913 1923
f 339 2125 2134
f 285 1963 1972
f 293 1985 1995
f 370 2219 2226
f 396 2292 2303
f 353 2162 2175
f 346 2147 2154
f 299 2003 2013
f 365 2201 2211
f 268 1910 1921
f 249 1863 1865
f 231 1809 1811
f 226 1794 1796
f 238 1830 1832
f 244 1848 1850
f 257 1886 1888
f 359 2192 2194
f 402 2318 2322
f 390 2282 2286
f 264 1904 1908
f 327 2097 2099
f 309 2043 2045
f 282 1956 1962
f 317 2066 2068
f 322 2082 2084
f 341 2138 2140
f 286 1974 1976
f 294 1992 1998
f 372 2228 2232
f 394 2295 2299
f 416 2331 2330
f 408 2327 2324
f 406 2328 2325
f 412 2334 2332
f 415 2337 2335
f 424 2346 2344
f 492 2412 2410
f 582 2499 2497
f 565 2487 2486
f 514 2436 2434
f 461 2376 2375
f 453 2372 2369
f 451 2373 2370
f 457 2379 2377
f 460 2382 2380
f 475 2396 2393
f 439 2361 2359
f 496 2418 2415
f 533 2457 2455
f 551 2463 2461
f 579 2492 2489
f 483 2402 2399
f 426 2343 2341
f 521 2433 2431
f 566 2478 2476
f 489 2406 2405
f 578 2502 2500
f 560 2484 2481
f 518 2442 2439
f 429 2349 2348
f 547 2468 2465
f 465 2387 2383
f 441 2358 2356
f 504 2421 2420
f 537 2454 2452
f 550 2472 2471
f 476 2388 2386
f 444 2364 2363
f 502 2426 2422
f 526 2448 2445
f 481 2403 2400
f 420 2342 2338
f 510 2432 2428
f 555 2477 2473
f 571 2493 2490
f 540 2462 2458
f 473 2397 2394
f 447 2367 2366
f 507 2427 2425
f 534 2447 2444
f 469 2391 2389
f 435 2357 2353
f 498 2417 2414
f 529 2453 2449
f 545 2469 2466
f 487 2411 2407
f 574 2498 2494
f 562 2483 2480
f 520 2441 2438
f 432 2352 2351
f 589 2509 2510
f 583 2503 2504
f 586 2506 2508
f 593 2512 2514
f 596 2515 2517
f 599 2518 2520
f 633 2555 2554
f 620 2541 2539
f 640 2562 2560
f 603 2522 2523
f 622 2542 2543
f 607 2528 2527
f 612 2531 2532
f 626 2545 2547
f 629 2548 2550
f 631 2551 2552
f 614 2533 2535
f 618 2537 2538
f 641 2559 2558
f 605 2526 2524
f 164 644 1607
f 163 643 1603
f 165 645 1604
f 166 646 1610
f 167 647 1613
f 172 652 1622
f 190 670 1686
f 219 699 1773
f 215 695 1761
f 201 681 1712
f 179 659 1652
f 178 658 1648
f 180 660 1649
f 181 661 1655
f 182 662 1658
f 185 665 1670
f 177 657 1637
f 197 677 1694
f 206 686 1731
f 208 688 1739
f 218 698 1768
f 188 668 1678
f 168 648 1619
f 198 678 1709
f 213 693 1754
f 189 669 1682
f 221 701 1776
f 217 697 1758
f 202 682 1716
f 170 650 1625
f 209 689 1742
f 184 664 1663
f 173 653 1634
f 194 674 1697
f 204 684 1728
f 210 690 1746
f 183 663 1664
f 175 655 1640
f 196 676 1700
f 207 687 1724
f 192 672 1679
f 169 649 1618
f 199 679 1708
f 216 696 1753
f 222 702 1769
f 211 691 1738
f 187 667 1671
f 176 656 1643
f 195 675 1701
f 203 683 1723
f 186 666 1667
f 174 654 1633
f 193 673 1693
f 205 685 1727
f 212 692 1743
f 191 671 1685
f 220 700 1772
f 214 694 1757
f 200 680 1715
f 171 651 1628
f 358 838 2187
f 256 736 1881
f 261 741 1899
f 387 867 2277
f 399 879 2313
f 351 831 2169
f 348 828 2156
f 300 780 2010
f 366 846 2208
f 267 747 1917
f 340 820 2133
f 287 767 1971
f 291 771 1989
f 369 849 2223
f 395 875 2300
f 354 834 2174
f 345 825 2151
f 297 777 2007
f 363 843 2205
f 270 750 1920
f 247 727 1855
f 229 709 1801
f 223 703 1784
f 235 715 1820
f 241 721 1838
f 253 733 1874
f 355 835 2180
f 398 878 2310
f 386 866 2274
f 260 740 1896
f 325 805 2089
f 307 787 2035
f 278 758 1950
f 313 793 2054
f 319 799 2072
f 337 817 2126
f 283 763 1964
f 290 770 1986
f 368 848 2220
f 392 872 2291
f 356 836 2183
f 254 734 1877
f 259 739 1891
f 385 865 2269
f 397 877 2305
f 349 829 2161
f 344 824 2148
f 296 776 2004
f 362 842 2202
f 265 745 1909
f 338 818 2129
f 284 764 1967
f 289 769 1981
f 367 847 2215
f 391 871 2288
f 350 830 2166
f 343 823 2143
f 295 775 1999
f 361 841 2197
f 266 746 1914
f 230 710 1806
f 224 704 1787
f 236 716 1823
f 242 722 1841
f 248 728 1860
f 272 752 1931
f 331 811 2108
f 301 781 2018
f 373 853 2234
f 380 860 2255
f 308 788 2040
f 277 757 1945
f 314 794 2057
f 320 800 2075
f 326 806 2094
f 332 812 2111
f 302 782 2021
f 374 854 2237
f 379 859 2252
f 271 751 1928
f 234 714 1812
f 227 707 1791
f 239 719 1827
f 245 725 1845
f 252 732 1866
f 275 755 1935
f 334 814 2118
f 304 784 2028
f 377 857 2246
f 382 862 2259
f 312 792 2048
f 279 759 1953
f 316 796 2061
f 323 803 2079
f 330 810 2100
f 335 815 2115
f 305 785 2025
f 376 856 2241
f 383 863 2264
f 274 754 1938
f 232 712 1802
f 225 705 1783
f 237 717 1819
f 243 723 1837
f 250 730 1856
f 273 753 1927
f 336 816 2112
f 306 786 2022
f 378 858 2238
f 381 861 2251
f 311 791 2036
f 281 761 1949
f 315 795 2053
f 321 801 2071
f 328 808 2090
f 333 813 2107
f 303 783 2017
f 375 855 2233
f 384 864 2256
f 276 756 1932
f 251 731 1859
f 233 713 1805
f 228 708 1788
f 240 720 1824
f 246 726 1842
f 258 738 1878
f 360 840 2184
f 401 881 2306
f 389 869 2270
f 263 743 1892
f 329 809 2093
f 310 790 2039
f 280 760 1946
f 318 798 2058
f 324 804 2076
f 342 822 2130
f 288 768 1968
f 292 772 1982
f 371 851 2216
f 393 873 2287
f 357 837 2179
f 255 735 1873
f 262 742 1895
f 388 868 2273
f 400 880 2309
f 352 832 2165
f 347 827 2144
f 298 778 2000
f 364 844 2198
f 269 749 1913
f 339 819 2125
f 285 765 1963
f 293 773 1985
f 370 850 2219
f 396 876 2292
f 353 833 2162
f 346 826 2147
f 299 779 2003
f 365 845 2201
f 268 748 1910
f 249 729 1863
f 231 711 1809
f 226 706 1794
f 238 718 1830
f 244 724 1848
f 257 737 1886
f 359 839 2192
f 402 882 2318
f 390 870 2282
f 264 744 1904
f 327 807 2097
f 309 789 2043
f 282 762 1956
f 317 797 2066
f 322 802 2082
f 341 821 2138
f 286 766 1974
f 294 774 1992
f 372 852 2228
f 394 874 2295
f 416 1270 2331
f 408 1246 2327
f 406 1251 2328
f 412 1287 2334
f 415 1305 2337
f 424 1335 2346
f 492 1552 2412
f 582 1474 2499
f 565 1600 2487
f 514 1353 2436
f 461 1480 2376
f 453 1402 2372
f 451 1407 2373
f 457 1491 2379
f 460 1503 2382
f 475 1534 2396
f 439 1413 2361
f 496 1443 2418
f 533 1593 2457
f 551 1384 2463
f 579 1324 2492
f 483 1276 2402
f 426 1264 2343
f 521 1300 2433
f 566 1318 2478
f 489 1342 2406
f 578 1563 2502
f 560 1461 2484
f 518 1587 2442
f 429 1348 2349
f 547 1522 2468
f 465 1419 2387
f 441 1396 2358
f 504 1498 2421
f 537 1516 2454
f 550 1558 2472
f 476 1426 2388
f 444 1432 2364
f 502 1569 2426
f 526 1371 2448
f 481 1281 2403
f 420 1257 2342
f 510 1293 2432
f 555 1311 2477
f 571 1329 2493
f 540 1377 2462
f 473 1539 2397
f 447 1450 2367
f 507 1576 2427
f 534 1366 2447
f 469 1485 2391
f 435 1389 2357
f 498 1438 2417
f 529 1509 2453
f 545 1527 2469
f 487 1545 2411
f 574 1467 2498
f 562 1456 2483
f 520 1582 2441
f 432 1360 2352
f 589 1271 2509
f 583 1247 2503
f 586 1254 2506
f 593 1290 2512
f 596 1308 2515
f 599 1338 2518
f 633 1553 2555
f 620 1475 2541
f 640 1601 2562
f 603 1356 2522
f 622 1481 2542
f 607 1403 2528
f 612 1410 2531
f 626 1494 2545
f 629 1506 2548
f 631 1535 2551
f 614 1416 2533
f 618 1446 2537
f 641 1596 2559
f 605 1385 2526
f 167 907 1616
f 164 889 1608
f 163 883 1606
f 165 895 1612
f 166 901 1615
f 169 919 1624
f 192 1057 1692
f 222 1237 1782
f 216 1201 1765
f 199 1099 1714
f 182 997 1661
f 179 979 1653
f 178 973 1651
f 180 985 1657
f 181 991 1660
f 186 1021 1675
f 174 949 1639
f 193 1063 1696
f 205 1135 1733
f 212 1177 1751
f 221 1231 1779
f 189 1039 1683
f 170 925 1626
f 202 1117 1721
f 217 1207 1766
f 191 1051 1689
f 220 1225 1778
f 214 1189 1760
f 200 1105 1718
f 171 931 1629
f 210 1165 1747
f 183 1003 1665
f 175 955 1641
f 196 1081 1704
f 207 1147 1737
f 211 1171 1750
f 187 1027 1676
f 176 961 1644
f 195 1075 1702
f 203 1123 1726
f 188 1033 1681
f 168 913 1620
f 198 1093 1710
f 213 1183 1755
f 218 1213 1771
f 208 1153 1740
f 185 1015 1673
f 177 967 1647
f 197 1087 1707
f 206 1141 1734
f 184 1009 1669
f 173 943 1635
f 194 1069 1698
f 204 1129 1729
f 209 1159 1745
f 190 1045 1687
f 219 1219 1774
f 215 1195 1762
f 201 1111 1720
f 172 937 1632
f 357 1280 2189
f 255 1256 1883
f 262 1292 1903
f 388 1310 2281
f 400 1328 2317
f 352 1376 2173
f 347 1538 2158
f 298 1447 2012
f 364 1573 2210
f 269 1363 1924
f 339 1484 2135
f 285 1388 1973
f 293 1435 1996
f 370 1508 2227
f 396 1526 2304
f 353 1544 2176
f 346 1466 2155
f 299 1453 2014
f 365 1579 2212
f 268 1357 1922
f 249 1268 1864
f 231 1244 1810
f 226 1249 1795
f 238 1285 1831
f 244 1303 1849
f 257 1333 1887
f 359 1550 2193
f 402 1472 2321
f 390 1598 2285
f 264 1351 1907
f 327 1478 2098
f 309 1400 2044
f 282 1405 1961
f 317 1489 2067
f 322 1501 2083
f 341 1532 2139
f 286 1411 1975
f 294 1441 1997
f 372 1591 2231
f 394 1382 2298
f 358 1322 2190
f 256 1274 1884
f 261 1262 1900
f 387 1298 2278
f 399 1316 2314
f 351 1340 2170
f 348 1561 2159
f 300 1459 2015
f 366 1585 2213
f 267 1346 1918
f 340 1520 2136
f 287 1417 1977
f 291 1394 1990
f 369 1496 2224
f 395 1514 2301
f 354 1556 2177
f 345 1424 2152
f 297 1430 2008
f 363 1567 2206
f 270 1369 1925
f 234 1279 1817
f 227 1255 1797
f 239 1291 1833
f 245 1309 1851
f 252 1327 1871
f 275 1375 1941
f 334 1537 2119
f 304 1448 2029
f 377 1574 2247
f 382 1364 2262
f 312 1483 2051
f 279 1387 1954
f 316 1436 2064
f 323 1507 2085
f 330 1525 2105
f 335 1543 2121
f 305 1465 2031
f 376 1454 2244
f 383 1580 2265
f 274 1358 1939
f 232 1267 1814
f 225 1243 1793
f 237 1250 1829
f 243 1286 1847
f 250 1304 1868
f 273 1334 1937
f 336 1549 2124
f 306 1471 2034
f 378 1597 2250
f 381 1352 2261
f 311 1477 2050
f 281 1399 1960
f 315 1406 2063
f 321 1490 2081
f 328 1502 2102
f 333 1531 2117
f 303 1412 2027
f 375 1442 2243
f 384 1592 2268
f 276 1381 1944
f 229 890 1804
f 223 884 1785
f 235 896 1821
f 241 902 1839
f 247 908 1858
f 271 938 1929
f 332 1046 2114
f 302 1220 2024
f 374 1196 2240
f 379 1112 2253
f 307 980 2038
f 278 974 1951
f 313 986 2055
f 319 992 2073
f 325 998 2092
f 331 1016 2109
f 301 968 2019
f 373 1088 2235
f 380 1142 2258
f 272 1154 1934
f 248 1214 1861
f 230 1034 1807
f 224 914 1790
f 236 1094 1826
f 242 1184 1844
f 254 1040 1880
f 356 1232 2186
f 397 1208 2308
f 385 1118 2272
f 259 926 1894
f 326 1160 2095
f 308 1010 2041
f 277 944 1948
f 314 1070 2060
f 320 1130 2078
f 338 1166 2132
f 284 1004 1970
f 289 956 1984
f 367 1082 2218
f 391 1148 2289
f 355 1058 2181
f 253 920 1875
f 260 1100 1897
f 386 1202 2275
f 398 1238 2311
f 350 1172 2167
f 343 1028 2146
f 295 962 2002
f 361 1076 2200
f 266 1124 1915
f 337 1022 2127
f 283 950 1965
f 290 1064 1987
f 368 1136 2221
f 392 1178 2294
f 349 1052 2164
f 344 1226 2149
f 296 1190 2005
f 362 1106 2203
f 265 932 1912
f 251 1321 1870
f 233 1273 1816
f 228 1261 1800
f 240 1297 1836
f 246 1315 1854
f 258 1339 1890
f 360 1562 2196
f 401 1460 2320
f 389 1586 2284
f 263 1345 1906
f 329 1519 2104
f 310 1418 2047
f 280 1393 1958
f 318 1495 2070
f 324 1513 2088
f 342 1555 2142
f 288 1423 1980
f 292 1429 1994
f 371 1568 2230
f 393 1370 2297
f 409 894 2329
f 405 887 2323
f 411 899 2326
f 414 905 2333
f 417 912 2336
f 431 941 2345
f 488 1050 2409
f 575 1224 2496
f 563 1200 2485
f 519 1115 2435
f 454 984 2374
f 450 977 2368
f 456 989 2371
f 459 995 2378
f 462 1002 2381
f 472 1019 2392
f 446 971 2360
f 506 1091 2416
f 535 1146 2456
f 541 1158 2460
f 570 1217 2488
f 480 1037 2398
f 421 918 2340
f 511 1098 2430
f 556 1188 2475
f 484 1044 2404
f 580 1236 2501
f 567 1212 2482
f 522 1122 2440
f 427 930 2347
f 544 1163 2464
f 468 1013 2384
f 436 948 2355
f 499 1074 2419
f 530 1134 2451
f 548 1170 2470
f 466 1008 2385
f 442 960 2362
f 505 1086 2423
f 536 1151 2446
f 491 1061 2401
f 423 923 2339
f 513 1103 2429
f 564 1205 2474
f 581 1241 2491
f 549 1175 2459
f 477 1032 2395
f 445 966 2365
f 503 1080 2424
f 525 1127 2443
f 474 1025 2390
f 438 953 2354
f 495 1067 2413
f 532 1139 2450
f 552 1182 2467
f 490 1056 2408
f 577 1229 2495
f 559 1193 2479
f 517 1109 2437
f 430 936 2350
f 590 1325 2511
f 584 1277 2505
f 585 1265 2507
f 592 1301 2513
f 595 1319 2516
f 598 1343 2519
f 636 1566 2556
f 621 1464 2540
f 642 1590 2561
f 601 1349 2521
f 623 1523 2544
f 611 1422 2529
f 609 1397 2530
f 625 1499 2546
f 628 1517 2549
f 632 1559 2553
f 613 1427 2534
f 616 1433 2536
f 638 1572 2557
f 606 1374 2525
f 407 892 1609
f 403 885 1605
f 404 897 1611
f 410 903 1614
f 413 910 1617
f 422 939 1631
f 486 1048 1688
f 573 1222 1775
f 561 1198 1763
f 512 1113 1719
f 452 982 1654
f 448 975 1650
f 449 987 1656
f 455 993 1659
f 458 1000 1662
f 470 1017 1672
f 437 969 1646
f 494 1089 1706
f 531 1144 1735
f 539 1156 1741
f 568 1215 1770
f 478 1035 1680
f 419 916 1621
f 509 1096 1711
f 554 1186 1756
f 482 1042 1684
f 576 1234 1780
f 558 1210 1767
f 516 1120 1722
f 425 928 1627
f 542 1161 1744
f 463 1011 1668
f 434 946 1636
f 497 1072 1699
f 528 1132 1730
f 546 1168 1748
f 464 1006 1666
f 440 958 1642
f 500 1084 1705
f 524 1149 1736
f 479 1059 1691
f 418 921 1623
f 508 1101 1713
f 553 1203 1764
f 569 1239 1781
f 538 1173 1749
f 471 1030 1677
f 443 964 1645
f 501 1078 1703
f 523 1125 1725
f 467 1023 1674
f 433 951 1638
f 493 1065 1695
f 527 1137 1732
f 543 1180 1752
f 485 1054 1690
f 572 1227 1777
f 557 1191 1759
f 515 1107 1717
f 428 934 1630
f 591 1326 2191
f 587 1278 1885
f 588 1266 1901
f 594 1302 2279
f 597 1320 2315
f 600 1344 2171
f 634 1565 2160
f 619 1463 2016
f 639 1589 2214
f 602 1350 1919
f 624 1524 2137
f 608 1421 1978
f 610 1398 1991
f 627 1500 2225
f 630 1518 2302
f 635 1560 2178
f 615 1428 2153
f 617 1434 2009
f 637 1571 2207
f 604 1373 1926
f 416 911 1857
f 408 893 1803
f 406 888 1786
f 412 900 1822
f 415 906 1840
f 424 924 1876
f 492 1062 2182
f 582 1242 2312
f 565 1206 2276
f 514 1104 1898
f 461 1001 2091
f 453 983 2037
f 451 978 1952
f 457 990 2056
f 460 996 2074
f 475 1026 2128
f 439 954 1966
f 496 1068 1988
f 533 1140 2222
f 551 1181 2293
f 579 1235 2185
f 483 1043 1879
f 426 929 1893
f 521 1121 2271
f 566 1211 2307
f 489 1055 2163
f 578 1230 2150
f 560 1194 2006
f 518 1110 2204
f 429 935 1911
f 547 1169 2131
f 465 1007 1969
f 441 959 1983
f 504 1085 2217
f 537 1152 2290
f 550 1176 2168
f 476 1031 2145
f 444 965 2001
f 502 1079 2199
f 526 1128 1916
f 481 1038 1808
f 420 917 1789
f 510 1097 1825
f 555 1187 1843
f 571 1218 1862
f 540 1157 1933
f 473 1020 2110
f 447 972 2020
f 507 1092 2236
f 534 1145 2257
f 469 1014 2042
f 435 947 1947
f 498 1073 2059
f 529 1133 2077
f 545 1164 2096
f 487 1049 2113
f 574 1223 2023
f 562 1199 2239
f 520 1116 2254
f 432 942 1930
f 589 1283 1818
f 583 1259 1798
f 586 1295 1834
f 593 1313 1852
f 596 1331 1872
f 599 1379 1942
f 633 1541 2120
f 620 1452 2030
f 640 1578 2248
f 603 1368 2263
f 622 1487 2052
f 607 1391 1955
f 612 1440 2065
f 626 1511 2086
f 629 1529 2106
f 631 1547 2122
f 614 1469 2032
f 618 1458 2245
f 641 1584 2266
f 605 1362 1940
f 409 1269 1813
f 405 1245 1792
f 411 1252 1828
f 414 1288 1846
f 417 1306 1867
f 431 1336 1936
f 488 1551 2123
f 575 1473 2033
f 563 1599 2249
f 519 1354 2260
f 454 1479 2049
f 450 1401 1959
f 456 1408 2062
f 459 1492 2080
f 462 1504 2101
f 472 1533 2116
f 446 1414 2026
f 506 1444 2242
f 535 1594 2267
f 541 1383 1943
f 570 1323 1869
f 480 1275 1815
f 421 1263 1799
f 511 1299 1835
f 556 1317 1853
f 484 1341 1889
f 580 1564 2195
f 567 1462 2319
f 522 1588 2283
f 427 1347 1905
f 544 1521 2103
f 468 1420 2046
f 436 1395 1957
f 499 1497 2069
f 530 1515 2087
f 548 1557 2141
f 466 1425 1979
f 442 1431 1993
f 505 1570 2229
f 536 1372 2296
f 491 1282 2188
f 423 1258 1882
f 513 1294 1902
f 564 1312 2280
f 581 1330 2316
f 549 1378 2172
f 477 1540 2157
f 445 1449 2011
f 503 1575 2209
f 525 1365 1923
f 474 1486 2134
f 438 1390 1972
f 495 1437 1995
f 532 1510 2226
f 552 1528 2303
f 490 1546 2175
f 577 1468 2154
f 559 1455 2013
f 517 1581 2211
f 430 1359 1921
f 590 1272 1865
f 584 1248 1811
f 585 1253 1796
f 592 1289 1832
f 595 1307 1850
f 598 1337 1888
f 636 1554 2194
f 621 1476 2322
f 642 1602 2286
f 601 1355 1908
f 623 1482 2099
f 611 1404 2045
f 609 1409 1962
f 625 1493 2068
f 628 1505 2084
f 632 1536 2140
f 613 1415 1976
f 616 1445 1998
f 638 1595 2232
f 606 1386 2299
f 407 909 2330
f 403 891 2324
f 404 886 2325
f 410 898 2332
f 413 904 2335
f 422 922 2344
f 486 1060 2410
f 573 1240 2497
f 561 1204 2486
f 512 1102 2434
f 452 999 2375
f 448 981 2369
f 449 976 2370
f 455 988 2377
f 458 994 2380
f 470 1024 2393
f 437 952 2359
f 494 1066 2415
f 531 1138 2455
f 539 1179 2461
f 568 1233 2489
f 478 1041 2399
f 419 927 2341
f 509 1119 2431
f 554 1209 2476
f 482 1053 2405
f 576 1228 2500
f 558 1192 2481
f 516 1108 2439
f 425 933 2348
f 542 1167 2465
f 463 1005 2383
f 434 957 2356
f 497 1083 2420
f 528 1150 2452
f 546 1174 2471
f 464 1029 2386
f 440 963 2363
f 500 1077 2422
f 524 1126 2445
f 479 1036 2400
f 418 915 2338
f 508 1095 2428
f 553 1185 2473
f 569 1216 2490
f 538 1155 2458
f 471 1018 2394
f 443 970 2366
f 501 1090 2425
f 523 1143 2444
f 467 1012 2389
f 433 945 2353
f 493 1071 2414
f 527 1131 2449
f 543 1162 2466
f 485 1047 2407
f 572 1221 2494
f 557 1197 2480
f 515 1114 2438
f 428 940 2351
f 591 1284 2510
f 587 1260 2504
f 588 1296 2508
f 594 1314 2514
f 597 1332 2517
f 600 1380 2520
f 634 1542 2554
f 619 1451 2539
f 639 1577 2560
f 602 1367 2523
f 624 1488 2543
f 608 1392 2527
f 610 1439 2532
f 627 1512 2547
f 630 1530 2550
f 635 1548 2552
f 615 1470 2535
f 617 1457 2538
f 637 1583 2558
f 604 1361 2524
f 167 1616 1607
f 164 1608 1603
f 163 1606 1604
f 165 1612 1610
f 166 1615 1613
f 169 1624 1622
f 192 1692 1686
f 222 1782 1773
f 216 1765 1761
f 199 1714 1712
f 182 1661 1652
f 179 1653 1648
f 178 1651 1649
f 180 1657 1655
f 181 1660 1658
f 186 1675 1670
f 174 1639 1637
f 193 1696 1694
f 205 1733 1731
f 212 1751 1739
f 221 1779 1768
f 189 1683 1678
f 170 1626 1619
f 202 1721 1709
f 217 1766 1754
f 191 1689 1682
f 220 1778 1776
f 214 1760 1758
f 200 1718 1716
f 171 1629 1625
f 210 1747 1742
f 183 1665 1663
f 175 1641 1634
f 196 1704 1697
f 207 1737 1728
f 211 1750 1746
f 187 1676 1664
f 176 1644 1640
f 195 1702 1700
f 203 1726 1724
f 188 1681 1679
f 168 1620 1618
f 198 1710 1708
f 213 1755 1753
f 218 1771 1769
f 208 1740 1738
f 185 1673 1671
f 177 1647 1643
f 197 1707 1701
f 206 1734 1723
f 184 1669 1667
f 173 1635 1633
f 194 1698 1693
f 204 1729 1727
f 209 1745 1743
f 190 1687 1685
f 219 1774 1772
f 215 1762 1757
f 201 1720 1715
f 172 1632 1628
f 357 2189 2187
f 255 1883 1881
f 262 1903 1899
f 388 2281 2277
f 400 2317 2313
f 352 2173 2169
f 347 2158 2156
f 298 2012 2010
f 364 2210 2208
f 269 1924 1917
f 339 2135 2133
f 285 1973 1971
f 293 1996 1989
f 370 2227 2223
f 396 2304 2300
f 353 2176 2174
f 346 2155 2151
f 299 2014 2007
f 365 2212 2205
f 268 1922 1920
f 249 1864 1855
f 231 1810 1801
f 226 1795 1784
f 238 1831 1820
f 244 1849 1838
f 257 1887 1874
f 359 2193 2180
f 402 2321 2310
f 390 2285 2274
f 264 1907 1896
f 327 2098 2089
f 309 2044 2035
f 282 1961 1950
f 317 2067 2054
f 322 2083 2072
f 341 2139 2126
f 286 1975 1964
f 294 1997 1986
f 372 2231 2220
f 394 2298 2291
f 358 2190 2183
f 256 1884 1877
f 261 1900 1891
f 387 2278 2269
f 399 2314 2305
f 351 2170 2161
f 348 2159 2148
f 300 2015 2004
f 366 2213 2202
f 267 1918 1909
f 340 2136 2129
f 287 1977 1967
f 291 1990 1981
f 369 2224 2215
f 395 2301 2288
f 354 2177 2166
f 345 2152 2143
f 297 2008 1999
f 363 2206 2197
f 270 1925 1914
f 234 1817 1806
f 227 1797 1787
f 239 1833 1823
f 245 1851 1841
f 252 1871 1860
f 275 1941 1931
f 334 2119 2108
f 304 2029 2018
f 377 2247 2234
f 382 2262 2255
f 312 2051 2040
f 279 1954 1945
f 316 2064 2057
f 323 2085 2075
f 330 2105 2094
f 335 2121 2111
f 305 2031 2021
f 376 2244 2237
f 383 2265 2252
f 274 1939 1928
f 232 1814 1812
f 225 1793 1791
f 237 1829 1827
f 243 1847 1845
f 250 1868 1866
f 273 1937 1935
f 336 2124 2118
f 306 2034 2028
f 378 2250 2246
f 381 2261 2259
f 311 2050 2048
f 281 1960 1953
f 315 2063 2061
f 321 2081 2079
f 328 2102 2100
f 333 2117 2115
f 303 2027 2025
f 375 2243 2241
f 384 2268 2264
f 276 1944 1938
f 229 1804 1802
f 223 1785 1783
f 235 1821 1819
f 241 1839 1837
f 247 1858 1856
f 271 1929 1927
f 332 2114 2112
f 302 2024 2022
f 374 2240 2238
f 379 2253 2251
f 307 2038 2036
f 278 1951 1949
f 313 2055 2053
f 319 2073 2071
f 325 2092 2090
f 331 2109 2107
f 301 2019 2017
f 373 2235 2233
f 380 2258 2256
f 272 1934 1932
f 248 1861 1859
f 230 1807 1805
f 224 1790 1788
f 236 1826 1824
f 242 1844 1842
f 254 1880 1878
f 356 2186 2184
f 397 2308 2306
f 385 2272 2270
f 259 1894 1892
f 326 2095 2093
f 308 2041 2039
f 277 1948 1946
f 314 2060 2058
f 320 2078 2076
f 338 2132 2130
f 284 1970 1968
f 289 1984 1982
f 367 2218 2216
f 391 2289 2287
f 355 2181 2179
f 253 1875 1873
f 260 1897 1895
f 386 2275 2273
f 398 2311 2309
f 350 2167 2165
f 343 2146 2144
f 295 2002 2000
f 361 2200 2198
f 266 1915 1913
f 337 2127 2125
f 283 1965 1963
f 290 1987 1985
f 368 2221 2219
f 392 2294 2292
f 349 2164 2162
f 344 2149 2147
f 296 2005 2003
f 362 2203 2201
f 265 1912 1910
f 251 1870 1863
f 233 1816 1809
f 228 1800 1794
f 240 1836 1830
f 246 1854 1848
f 258 1890 1886
f 360 2196 2192
f 401 2320 2318
f 389 2284 2282
f 263 1906 1904
f 329 2104 2097
f 310 2047 2043
f 280 1958 1956
f 318 2070 2066
f 324 2088 2082
f 342 2142 2138
f 288 1980 1974
f 292 1994 1992
f 371 2230 2228
f 393 2297 2295
f 409 2329 2331
f 405 2323 2327
f 411 2326 2328
f 414 2333 2334
f 417 2336 2337
f 431 2345 2346
f 488 2409 2412
f 575 2496 2499
f 563 2485 2487
f 519 2435 2436
f 454 2374 2376
f 450 2368 2372
f 456 2371 2373
f 459 2378 2379
f 462 2381 2382
f 472 2392 2396
f 446 2360 2361
f 506 2416 2418
f 535 2456 2457
f 541 2460 2463
f 570 2488 2492
f 480 2398 2402
f 421 2340 2343
f 511 2430 2433
f 556 2475 2478
f 484 2404 2406
f 580 2501 2502
f 567 2482 2484
f 522 2440 2442
f 427 2347 2349
f 544 2464 2468
f 468 2384 2387
f 436 2355 2358
f 499 2419 2421
f 530 2451 2454
f 548 2470 2472
f 466 2385 2388
f 442 2362 2364
f 505 2423 2426
f 536 2446 2448
f 491 2401 2403
f 423 2339 2342
f 513 2429 2432
f 564 2474 2477
f 581 2491 2493
f 549 2459 2462
f 477 2395 2397
f 445 2365 2367
f 503 2424 2427
f 525 2443 2447
f 474 2390 2391
f 438 2354 2357
f 495 2413 2417
f 532 2450 2453
f 552 2467 2469
f 490 2408 2411
f 577 2495 2498
f 559 2479 2483
f 517 2437 2441
f 430 2350 2352
f 590 2511 2509
f 584 2505 2503
f 585 2507 2506
f 592 2513 2512
f 595 2516 2515
f 598 2519 2518
f 636 2556 2555
f 621 2540 2541
f 642 2561 2562
f 601 2521 2522
f 623 2544 2542
f 611 2529 2528
f 609 2530 2531
f 625 2546 2545
f 628 2549 2548
f 632 2553 2551
f 613 2534 2533
f 616 2536 2537
f 638 2557 2559
f 606 2525 2526
f 1607 644 647
f 1603 643 644
f 1604 645 643
f 1610 646 645
f 1613 647 646
f 1622 652 649
f 1686 670 672
f 1773 699 702
f 1761 695 696
f 1712 681 679
f 1652 659 662
f 1648 658 659
f 1649 660 658
f 1655 661 660
f 1658 662 661
f 1670 665 666
f 1637 657 654
f 1694 677 673
f 1731 686 685
f 1739 688 692
f 1768 698 701
f 1678 668 669
f 1619 648 650
f 1709 678 682
f 1754 693 697
f 1682 669 671
f 1776 701 700
f 1758 697 694
f 1716 682 680
f 1625 650 651
f 1742 689 690
f 1663 664 663
f 1634 653 655
f 1697 674 676
f 1728 684 687
f 1746 690 691
f 1664 663 667
f 1640 655 656
f 1700 676 675
f 1724 687 683
f 1679 672 668
f 1618 649 648
f 1708 679 678
f 1753 696 693
f 1769 702 698
f 1738 691 688
f 1671 667 665
f 1643 656 657
f 1701 675 677
f 1723 683 686
f 1667 666 664
f 1633 654 653
f 1693 673 674
f 1727 685 684
f 1743 692 689
f 1685 671 670
f 1772 700 699
f 1757 694 695
f 1715 680 681
f 1628 651 652
f 2187 838 837
f 1881 736 735
f 1899 741 742
f 2277 867 868
f 2313 879 880
f 2169 831 832
f 2156 828 827
f 2010 780 778
f 2208 846 844
f 1917 747 749
f 2133 820 819
f 1971 767 765
f 1989 771 773
f 2223 849 850
f 2300 875 876
f 2174 834 833
f 2151 825 826
f 2007 777 779
f 2205 843 845
f 1920 750 748
f 1855 727 729
f 1801 709 711
f 1784 703 706
f 1820 715 718
f 1838 721 724
f 1874 733 737
f 2180 835 839
f 2310 878 882
f 2274 866 870
f 1896 740 744
f 2089 805 807
f 2035 787 789
f 1950 758 762
f 2054 793 797
f 2072 799 802
f 2126 817 821
f 1964 763 766
f 1986 770 774
f 2220 848 852
f 2291 872 874
f 2183 836 838
f 1877 734 736
f 1891 739 741
f 2269 865 867
f 2305 877 879
f 2161 829 831
f 2148 824 828
f 2004 776 780
f 2202 842 846
f 1909 745 747
f 2129 818 820
f 1967 764 767
f 1981 769 771
f 2215 847 849
f 2288 871 875
f 2166 830 834
f 2143 823 825
f 1999 775 777
f 2197 841 843
f 1914 746 750
f 1806 710 714
f 1787 704 707
f 1823 716 719
f 1841 722 725
f 1860 728 732
f 1931 752 755
f 2108 811 814
f 2018 781 784
f 2234 853 857
f 2255 860 862
f 2040 788 792
f 1945 757 759
f 2057 794 796
f 2075 800 803
f 2094 806 810
f 2111 812 815
f 2021 782 785
f 2237 854 856
f 2252 859 863
f 1928 751 754
f 1812 714 712
f 1791 707 705
f 1827 719 717
f 1845 725 723
f 1866 732 730
f 1935 755 753
f 2118 814 816
f 2028 784 786
f 2246 857 858
f 2259 862 861
f 2048 792 791
f 1953 759 761
f 2061 796 795
f 2079 803 801
f 2100 810 808
f 2115 815 813
f 2025 785 783
f 2241 856 855
f 2264 863 864
f 1938 754 756
f 1802 712 709
f 1783 705 703
f 1819 717 715
f 1837 723 721
f 1856 730 727
f 1927 753 751
f 2112 816 812
f 2022 786 782
f 2238 858 854
f 2251 861 859
f 2036 791 787
f 1949 761 758
f 2053 795 793
f 2071 801 799
f 2090 808 805
f 2107 813 811
f 2017 783 781
f 2233 855 853
f 2256 864 860
f 1932 756 752
f 1859 731 728
f 1805 713 710
f 1788 708 704
f 1824 720 716
f 1842 726 722
f 1878 738 734
f 2184 840 836
f 2306 881 877
f 2270 869 865
f 1892 743 739
f 2093 809 806
f 2039 790 788
f 1946 760 757
f 2058 798 794
f 2076 804 800
f 2130 822 818
f 1968 768 764
f 1982 772 769
f 2216 851 847
f 2287 873 871
f 2179 837 835
f 1873 735 733
f 1895 742 740
f 2273 868 866
f 2309 880 878
f 2165 832 830
f 2144 827 823
f 2000 778 775
f 2198 844 841
f 1913 749 746
f 2125 819 817
f 1963 765 763
f 1985 773 770
f 2219 850 848
f 2292 876 872
f 2162 833 829
f 2147 826 824
f 2003 779 776
f 2201 845 842
f 1910 748 745
f 1863 729 731
f 1809 711 713
f 1794 706 708
f 1830 718 720
f 1848 724 726
f 1886 737 738
f 2192 839 840
f 2318 882 881
f 2282 870 869
f 1904 744 743
f 2097 807 809
f 2043 789 790
f 1956 762 760
f 2066 797 798
f 2082 802 804
f 2138 821 822
f 1974 766 768
f 1992 774 772
f 2228 852 851
f 2295 874 873
f 2331 1270 1269
f 2327 1246 1245
f 2328 1251 1252
f 2334 1287 1288
f 2337 1305 1306
f 2346 1335 1336
f 2412 1552 1551
f 2499 1474 1473
f 2487 1600 1599
f 2436 1353 1354
f 2376 1480 1479
f 2372 1402 1401
f 2373 1407 1408
f 2379 1491 1492
f 2382 1503 1504
f 2396 1534 1533
f 2361 1413 1414
f 2418 1443 1444
f 2457 1593 1594
f 2463 1384 1383
f 2492 1324 1323
f 2402 1276 1275
f 2343 1264 1263
f 2433 1300 1299
f 2478 1318 1317
f 2406 1342 1341
f 2502 1563 1564
f 2484 1461 1462
f 2442 1587 1588
f 2349 1348 1347
f 2468 1522 1521
f 2387 1419 1420
f 2358 1396 1395
f 2421 1498 1497
f 2454 1516 1515
f 2472 1558 1557
f 2388 1426 1425
f 2364 1432 1431
f 2426 1569 1570
f 2448 1371 1372
f 2403 1281 1282
f 2342 1257 1258
f 2432 1293 1294
f 2477 1311 1312
f 2493 1329 1330
f 2462 1377 1378
f 2397 1539 1540
f 2367 1450 1449
f 2427 1576 1575
f 2447 1366 1365
f 2391 1485 1486
f 2357 1389 1390
f 2417 1438 1437
f 2453 1509 1510
f 2469 1527 1528
f 2411 1545 1546
f 2498 1467 1468
f 2483 1456 1455
f 2441 1582 1581
f 2352 1360 1359
f 2509 1271 1272
f 2503 1247 1248
f 2506 1254 1253
f 2512 1290 1289
f 2515 1308 1307
f 2518 1338 1337
f 2555 1553 1554
f 2541 1475 1476
f 2562 1601 1602
f 2522 1356 1355
f 2542 1481 1482
f 2528 1403 1404
f 2531 1410 1409
f 2545 1494 1493
f 2548 1506 1505
f 2551 1535 1536
f 2533 1416 1415
f 2537 1446 1445
f 2559 1596 1595
f 2526 1385 1386
f 1616 907 909
f 1608 889 891
f 1606 883 886
f 1612 895 898
f 1615 901 904
f 1624 919 922
f 1692 1057 1060
f 1782 1237 1240
f 1765 1201 1204
f 1714 1099 1102
f 1661 997 999
f 1653 979 981
f 1651 973 976
f 1657 985 988
f 1660 991 994
f 1675 1021 1024
f 1639 949 952
f 1696 1063 1066
f 1733 1135 1138
f 1751 1177 1179
f 1779 1231 1233
f 1683 1039 1041
f 1626 925 927
f 1721 1117 1119
f 1766 1207 1209
f 1689 1051 1053
f 1778 1225 1228
f 1760 1189 1192
f 1718 1105 1108
f 1629 931 933
f 1747 1165 1167
f 1665 1003 1005
f 1641 955 957
f 1704 1081 1083
f 1737 1147 1150
f 1750 1171 1174
f 1676 1027 1029
f 1644 961 963
f 1702 1075 1077
f 1726 1123 1126
f 1681 1033 1036
f 1620 913 915
f 1710 1093 1095
f 1755 1183 1185
f 1771 1213 1216
f 1740 1153 1155
f 1673 1015 1018
f 1647 967 970
f 1707 1087 1090
f 1734 1141 1143
f 1669 1009 1012
f 1635 943 945
f 1698 1069 1071
f 1729 1129 1131
f 1745 1159 1162
f 1687 1045 1047
f 1774 1219 1221
f 1762 1195 1197
f 1720 1111 1114
f 1632 937 940
f 2189 1280 1284
f 1883 1256 1260
f 1903 1292 1296
f 2281 1310 1314
f 2317 1328 1332
f 2173 1376 1380
f 2158 1538 1542
f 2012 1447 1451
f 2210 1573 1577
f 1924 1363 1367
f 2135 1484 1488
f 1973 1388 1392
f 1996 1435 1439
f 2227 1508 1512
f 2304 1526 1530
f 2176 1544 1548
f 2155 1466 1470
f 2014 1453 1457
f 2212 1579 1583
f 1922 1357 1361
f 1864 1268 1270
f 1810 1244 1246
f 1795 1249 1251
f 1831 1285 1287
f 1849 1303 1305
f 1887 1333 1335
f 2193 1550 1552
f 2321 1472 1474
f 2285 1598 1600
f 1907 1351 1353
f 2098 1478 1480
f 2044 1400 1402
f 1961 1405 1407
f 2067 1489 1491
f 2083 1501 1503
f 2139 1532 1534
f 1975 1411 1413
f 1997 1441 1443
f 2231 1591 1593
f 2298 1382 1384
f 2190 1322 1324
f 1884 1274 1276
f 1900 1262 1264
f 2278 1298 1300
f 2314 1316 1318
f 2170 1340 1342
f 2159 1561 1563
f 2015 1459 1461
f 2213 1585 1587
f 1918 1346 1348
f 2136 1520 1522
f 1977 1417 1419
f 1990 1394 1396
f 2224 1496 1498
f 2301 1514 1516
f 2177 1556 1558
f 2152 1424 1426
f 2008 1430 1432
f 2206 1567 1569
f 1925 1369 1371
f 1817 1279 1281
f 1797 1255 1257
f 1833 1291 1293
f 1851 1309 1311
f 1871 1327 1329
f 1941 1375 1377
f 2119 1537 1539
f 2029 1448 1450
f 2247 1574 1576
f 2262 1364 1366
f 2051 1483 1485
f 1954 1387 1389
f 2064 1436 1438
f 2085 1507 1509
f 2105 1525 1527
f 2121 1543 1545
f 2031 1465 1467
f 2244 1454 1456
f 2265 1580 1582
f 1939 1358 1360
f 1814 1267 1271
f 1793 1243 1247
f 1829 1250 1254
f 1847 1286 1290
f 1868 1304 1308
f 1937 1334 1338
f 2124 1549 1553
f 2034 1471 1475
f 2250 1597 1601
f 2261 1352 1356
f 2050 1477 1481
f 1960 1399 1403
f 2063 1406 1410
f 2081 1490 1494
f 2102 1502 1506
f 2117 1531 1535
f 2027 1412 1416
f 2243 1442 1446
f 2268 1592 1596
f 1944 1381 1385
f 1804 890 894
f 1785 884 887
f 1821 896 899
f 1839 902 905
f 1858 908 912
f 1929 938 941
f 2114 1046 1050
f 2024 1220 1224
f 2240 1196 1200
f 2253 1112 1115
f 2038 980 984
f 1951 974 977
f 2055 986 989
f 2073 992 995
f 2092 998 1002
f 2109 1016 1019
f 2019 968 971
f 2235 1088 1091
f 2258 1142 1146
f 1934 1154 1158
f 1861 1214 1217
f 1807 1034 1037
f 1790 914 918
f 1826 1094 1098
f 1844 1184 1188
f 1880 1040 1044
f 2186 1232 1236
f 2308 1208 1212
f 2272 1118 1122
f 1894 926 930
f 2095 1160 1163
f 2041 1010 1013
f 1948 944 948
f 2060 1070 1074
f 2078 1130 1134
f 2132 1166 1170
f 1970 1004 1008
f 1984 956 960
f 2218 1082 1086
f 2289 1148 1151
f 2181 1058 1061
f 1875 920 923
f 1897 1100 1103
f 2275 1202 1205
f 2311 1238 1241
f 2167 1172 1175
f 2146 1028 1032
f 2002 962 966
f 2200 1076 1080
f 1915 1124 1127
f 2127 1022 1025
f 1965 950 953
f 1987 1064 1067
f 2221 1136 1139
f 2294 1178 1182
f 2164 1052 1056
f 2149 1226 1229
f 2005 1190 1193
f 2203 1106 1109
f 1912 932 936
f 1870 1321 1325
f 1816 1273 1277
f 1800 1261 1265
f 1836 1297 1301
f 1854 1315 1319
f 1890 1339 1343
f 2196 1562 1566
f 2320 1460 1464
f 2284 1586 1590
f 1906 1345 1349
f 2104 1519 1523
f 2047 1418 1422
f 1958 1393 1397
f 2070 1495 1499
f 2088 1513 1517
f 2142 1555 1559
f 1980 1423 1427
f 1994 1429 1433
f 2230 1568 1572
f 2297 1370 1374
f 2329 894 892
f 2323 887 885
f 2326 899 897
f 2333 905 903
f 2336 912 910
f 2345 941 939
f 2409 1050 1048
f 2496 1224 1222
f 2485 1200 1198
f 2435 1115 1113
f 2374 984 982
f 2368 977 975
f 2371 989 987
f 2378 995 993
f 2381 1002 1000
f 2392 1019 1017
f 2360 971 969
f 2416 1091 1089
f 2456 1146 1144
f 2460 1158 1156
f 2488 1217 1215
f 2398 1037 1035
f 2340 918 916
f 2430 1098 1096
f 2475 1188 1186
f 2404 1044 1042
f 2501 1236 1234
f 2482 1212 1210
f 2440 1122 1120
f 2347 930 928
f 2464 1163 1161
f 2384 1013 1011
f 2355 948 946
f 2419 1074 1072
f 2451 1134 1132
f 2470 1170 1168
f 2385 1008 1006
f 2362 960 958
f 2423 1086 1084
f 2446 1151 1149
f 2401 1061 1059
f 2339 923 921
f 2429 1103 1101
f 2474 1205 1203
f 2491 1241 1239
f 2459 1175 1173
f 2395 1032 1030
f 2365 966 964
f 2424 1080 1078
f 2443 1127 1125
f 2390 1025 1023
f 2354 953 951
f 2413 1067 1065
f 2450 1139 1137
f 2467 1182 1180
f 2408 1056 1054
f 2495 1229 1227
f 2479 1193 1191
f 2437 1109 1107
f 2350 936 934
f 2511 1325 1326
f 2505 1277 1278
f 2507 1265 1266
f 2513 1301 1302
f 2516 1319 1320
f 2519 1343 1344
f 2556 1566 1565
f 2540 1464 1463
f 2561 1590 1589
f 2521 1349 1350
f 2544 1523 1524
f 2529 1422 1421
f 2530 1397 1398
f 2546 1499 1500
f 2549 1517 1518
f 2553 1559 1560
f 2534 1427 1428
f 2536 1433 1434
f 2557 1572 1571
f 2525 1374 1373
f 1609 892 889
f 1605 885 883
f 1611 897 895
f 1614 903 901
f 1617 910 907
f 1631 939 937
f 1688 1048 1045
f 1775 1222 1219
f 1763 1198 1195
f 1719 1113 1111
f 1654 982 979
f 1650 975 973
f 1656 987 985
f 1659 993 991
f 1662 1000 997
f 1672 1017 1015
f 1646 969 967
f 1706 1089 1087
f 1735 1144 1141
f 1741 1156 1153
f 1770 1215 1213
f 1680 1035 1033
f 1621 916 913
f 1711 1096 1093
f 1756 1186 1183
f 1684 1042 1039
f 1780 1234 1231
f 1767 1210 1207
f 1722 1120 1117
f 1627 928 925
f 1744 1161 1159
f 1668 1011 1009
f 1636 946 943
f 1699 1072 1069
f 1730 1132 1129
f 1748 1168 1165
f 1666 1006 1003
f 1642 958 955
f 1705 1084 1081
f 1736 1149 1147
f 1691 1059 1057
f 1623 921 919
f 1713 1101 1099
f 1764 1203 1201
f 1781 1239 1237
f 1749 1173 1171
f 1677 1030 1027
f 1645 964 961
f 1703 1078 1075
f 1725 1125 1123
f 1674 1023 1021
f 1638 951 949
f 1695 1065 1063
f 1732 1137 1135
f 1752 1180 1177
f 1690 1054 1051
f 1777 1227 1225
f 1759 1191 1189
f 1717 1107 1105
f 1630 934 931
f 2191 1326 1322
f 1885 1278 1274
f 1901 1266 1262
f 2279 1302 1298
f 2315 1320 1316
f 2171 1344 1340
f 2160 1565 1561
f 2016 1463 1459
f 2214 1589 1585
f 1919 1350 1346
f 2137 1524 1520
f 1978 1421 1417
f 1991 1398 1394
f 2225 1500 1496
f 2302 1518 1514
f 2178 1560 1556
f 2153 1428 1424
f 2009 1434 1430
f 2207 1571 1567
f 1926 1373 1369
f 1857 911 908
f 1803 893 890
f 1786 888 884
f 1822 900 896
f 1840 906 902
f 1876 924 920
f 2182 1062 1058
f 2312 1242 1238
f 2276 1206 1202
f 1898 1104 1100
f 2091 1001 998
f 2037 983 980
f 1952 978 974
f 2056 990 986
f 2074 996 992
f 2128 1026 1022
f 1966 954 950
f 1988 1068 1064
f 2222 1140 1136
f 2293 1181 1178
f 2185 1235 1232
f 1879 1043 1040
f 1893 929 926
f 2271 1121 1118
f 2307 1211 1208
f 2163 1055 1052
f 2150 1230 1226
f 2006 1194 1190
f 2204 1110 1106
f 1911 935 932
f 2131 1169 1166
f 1969 1007 1004
f 1983 959 956
f 2217 1085 1082
f 2290 1152 1148
f 2168 1176 1172
f 2145 1031 1028
f 2001 965 962
f 2199 1079 1076
f 1916 1128 1124
f 1808 1038 1034
f 1789 917 914
f 1825 1097 1094
f 1843 1187 1184
f 1862 1218 1214
f 1933 1157 1154
f 2110 1020 1016
f 2020 972 968
f 2236 1092 1088
f 2257 1145 1142
f 2042 1014 1010
f 1947 947 944
f 2059 1073 1070
f 2077 1133 1130
f 2096 1164 1160
f 2113 1049 1046
f 2023 1223 1220
f 2239 1199 1196
f 2254 1116 1112
f 1930 942 938
f 1818 1283 1279
f 1798 1259 1255
f 1834 1295 1291
f 1852 1313 1309
f 1872 1331 1327
f 1942 1379 1375
f 2120 1541 1537
f 2030 1452 1448
f 2248 1578 1574
f 2263 1368 1364
f 2052 1487 1483
f 1955 1391 1387
f 2065 1440 1436
f 2086 1511 1507
f 2106 1529 1525
f 2122 1547 1543
f 2032 1469 1465
f 2245 1458 1454
f 2266 1584 1580
f 1940 1362 1358
f 1813 1269 1267
f 1792 1245 1243
f 1828 1252 1250
f 1846 1288 1286
f 1867 1306 1304
f 1936 1336 1334
f 2123 1551 1549
f 2033 1473 1471
f 2249 1599 1597
f 2260 1354 1352
f 2049 1479 1477
f 1959 1401 1399
f 2062 1408 1406
f 2080 1492 1490
f 2101 1504 1502
f 2116 1533 1531
f 2026 1414 1412
f 2242 1444 1442
f 2267 1594 1592
f 1943 1383 1381
f 1869 1323 1321
f 1815 1275 1273
f 1799 1263 1261
f 1835 1299 1297
f 1853 1317 1315
f 1889 1341 1339
f 2195 1564 1562
f 2319 1462 1460
f 2283 1588 1586
f 1905 1347 1345
f 2103 1521 1519
f 2046 1420 1418
f 1957 1395 1393
f 2069 1497 1495
f 2087 1515 1513
f 2141 1557 1555
f 1979 1425 1423
f 1993 1431 1429
f 2229 1570 1568
f 2296 1372 1370
f 2188 1282 1280
f 1882 1258 1256
f 1902 1294 1292
f 2280 1312 1310
f 2316 1330 1328
f 2172 1378 1376
f 2157 1540 1538
f 2011 1449 1447
f 2209 1575 1573
f 1923 1365 1363
f 2134 1486 1484
f 1972 1390 1388
f 1995 1437 1435
f 2226 1510 1508
f 2303 1528 1526
f 2175 1546 1544
f 2154 1468 1466
f 2013 1455 1453
f 2211 1581 1579
f 1921 1359 1357
f 1865 1272 1268
f 1811 1248 1244
f 1796 1253 1249
f 1832 1289 1285
f 1850 1307 1303
f 1888 1337 1333
f 2194 1554 1550
f 2322 1476 1472
f 2286 1602 1598
f 1908 1355 1351
f 2099 1482 1478
f 2045 1404 1400
f 1962 1409 1405
f 2068 1493 1489
f 2084 1505 1501
f 2140 1536 1532
f 1976 1415 1411
f 1998 1445 1441
f 2232 1595 1591
f 2299 1386 1382
f 2330 909 911
f 2324 891 893
f 2325 886 888
f 2332 898 900
f 2335 904 906
f 2344 922 924
f 2410 1060 1062
f 2497 1240 1242
f 2486 1204 1206
f 2434 1102 1104
f 2375 999 1001
f 2369 981 983
f 2370 976 978
f 2377 988 990
f 2380 994 996
f 2393 1024 1026
f 2359 952 954
f 2415 1066 1068
f 2455 1138 1140
f 2461 1179 1181
f 2489 1233 1235
f 2399 1041 1043
f 2341 927 929
f 2431 1119 1121
f 2476 1209 1211
f 2405 1053 1055
f 2500 1228 1230
f 2481 1192 1194
f 2439 1108 1110
f 2348 933 935
f 2465 1167 1169
f 2383 1005 1007
f 2356 957 959
f 2420 1083 1085
f 2452 1150 1152
f 2471 1174 1176
f 2386 1029 1031
f 2363 963 965
f 2422 1077 1079
f 2445 1126 1128
f 2400 1036 1038
f 2338 915 917
f 2428 1095 1097
f 2473 1185 1187
f 2490 1216 1218
f 2458 1155 1157
f 2394 1018 1020
f 2366 970 972
f 2425 1090 1092
f 2444 1143 1145
f 2389 1012 1014
f 2353 945 947
f 2414 1071 1073
f 2449 1131 1133
f 2466 1162 1164
f 2407 1047 1049
f 2494 1221 1223
f 2480 1197 1199
f 2438 1114 1116
f 2351 940 942
f 2510 1284 1283
f 2504 1260 1259
f 2508 1296 1295
f 2514 1314 1313
f 2517 1332 1331
f 2520 1380 1379
f 2554 1542 1541
f 2539 1451 1452
f 2560 1577 1578
f 2523 1367 1368
f 2543 1488 1487
f 2527 1392 1391
f 2532 1439 1440
f 2547 1512 1511
f 2550 1530 1529
f 2552 1548 1547
f 2535 1470 1469
f 2538 1457 1458
f 2558 1583 1584
f 2524 1361 1362
f 1607 1616 1609
f 1603 1608 1605
f 1604 1606 1611
f 1610 1612 1614
f 1613 1615 1617
f 1622 1624 1631
f 1686 1692 1688
f 1773 1782 1775
f 1761 1765 1763
f 1712 1714 1719
f 1652 1661 1654
f 1648 1653 1650
f 1649 1651 1656
f 1655 1657 1659
f 1658 1660 1662
f 1670 1675 1672
f 1637 1639 1646
f 1694 1696 1706
f 1731 1733 1735
f 1739 1751 1741
f 1768 1779 1770
f 1678 1683 1680
f 1619 1626 1621
f 1709 1721 1711
f 1754 1766 1756
f 1682 1689 1684
f 1776 1778 1780
f 1758 1760 1767
f 1716 1718 1722
f 1625 1629 1627
f 1742 1747 1744
f 1663 1665 1668
f 1634 1641 1636
f 1697 1704 1699
f 1728 1737 1730
f 1746 1750 1748
f 1664 1676 1666
f 1640 1644 1642
f 1700 1702 1705
f 1724 1726 1736
f 1679 1681 1691
f 1618 1620 1623
f 1708 1710 1713
f 1753 1755 1764
f 1769 1771 1781
f 1738 1740 1749
f 1671 1673 1677
f 1643 1647 1645
f 1701 1707 1703
f 1723 1734 1725
f 1667 1669 1674
f 1633 1635 1638
f 1693 1698 1695
f 1727 1729 1732
f 1743 1745 1752
f 1685 1687 1690
f 1772 1774 1777
f 1757 1762 1759
f 1715 1720 1717
f 1628 1632 1630
f 2187 2189 2191
f 1881 1883 1885
f 1899 1903 1901
f 2277 2281 2279
f 2313 2317 2315
f 2169 2173 2171
f 2156 2158 2160
f 2010 2012 2016
f 2208 2210 2214
f 1917 1924 1919
f 2133 2135 2137
f 1971 1973 1978
f 1989 1996 1991
f 2223 2227 2225
f 2300 2304 2302
f 2174 2176 2178
f 2151 2155 2153
f 2007 2014 2009
f 2205 2212 2207
f 1920 1922 1926
f 1855 1864 1857
f 1801 1810 1803
f 1784 1795 1786
f 1820 1831 1822
f 1838 1849 1840
f 1874 1887 1876
f 2180 2193 2182
f 2310 2321 2312
f 2274 2285 2276
f 1896 1907 1898
f 2089 2098 2091
f 2035 2044 2037
f 1950 1961 1952
f 2054 2067 2056
f 2072 2083 2074
f 2126 2139 2128
f 1964 1975 1966
f 1986 1997 1988
f 2220 2231 2222
f 2291 2298 2293
f 2183 2190 2185
f 1877 1884 1879
f 1891 1900 1893
f 2269 2278 2271
f 2305 2314 2307
f 2161 2170 2163
f 2148 2159 2150
f 2004 2015 2006
f 2202 2213 2204
f 1909 1918 1911
f 2129 2136 2131
f 1967 1977 1969
f 1981 1990 1983
f 2215 2224 2217
f 2288 2301 2290
f 2166 2177 2168
f 2143 2152 2145
f 1999 2008 2001
f 2197 2206 2199
f 1914 1925 1916
f 1806 1817 1808
f 1787 1797 1789
f 1823 1833 1825
f 1841 1851 1843
f 1860 1871 1862
f 1931 1941 1933
f 2108 2119 2110
f 2018 2029 2020
f 2234 2247 2236
f 2255 2262 2257
f 2040 2051 2042
f 1945 1954 1947
f 2057 2064 2059
f 2075 2085 2077
f 2094 2105 2096
f 2111 2121 2113
f 2021 2031 2023
f 2237 2244 2239
f 2252 2265 2254
f 1928 1939 1930
f 1812 1814 1818
f 1791 1793 1798
f 1827 1829 1834
f 1845 1847 1852
f 1866 1868 1872
f 1935 1937 1942
f 2118 2124 2120
f 2028 2034 2030
f 2246 2250 2248
f 2259 2261 2263
f 2048 2050 2052
f 1953 1960 1955
f 2061 2063 2065
f 2079 2081 2086
f 2100 2102 2106
f 2115 2117 2122
f 2025 2027 2032
f 2241 2243 2245
f 2264 2268 2266
f 1938 1944 1940
f 1802 1804 1813
f 1783 1785 1792
f 1819 1821 1828
f 1837 1839 1846
f 1856 1858 1867
f 1927 1929 1936
f 2112 2114 2123
f 2022 2024 2033
f 2238 2240 2249
f 2251 2253 2260
f 2036 2038 2049
f 1949 1951 1959
f 2053 2055 2062
f 2071 2073 2080
f 2090 2092 2101
f 2107 2109 2116
f 2017 2019 2026
f 2233 2235 2242
f 2256 2258 2267
f 1932 1934 1943
f 1859 1861 1869
f 1805 1807 1815
f 1788 1790 1799
f 1824 1826 1835
f 1842 1844 1853
f 1878 1880 1889
f 2184 2186 2195
f 2306 2308 2319
f 2270 2272 2283
f 1892 1894 1905
f 2093 2095 2103
f 2039 2041 2046
f 1946 1948 1957
f 2058 2060 2069
f 2076 2078 2087
f 2130 2132 2141
f 1968 1970 1979
f 1982 1984 1993
f 2216 2218 2229
f 2287 2289 2296
f 2179 2181 2188
f 1873 1875 1882
f 1895 1897 1902
f 2273 2275 2280
f 2309 2311 2316
f 2165 2167 2172
f 2144 2146 2157
f 2000 2002 2011
f 2198 2200 2209
f 1913 1915 1923
f 2125 2127 2134
f 1963 1965 1972
f 1985 1987 1995
f 2219 2221 2226
f 2292 2294 2303
f 2162 2164 2175
f 2147 2149 2154
f 2003 2005 2013
f 2201 2203 2211
f 1910 1912 1921
f 1863 1870 1865
f 1809 1816 1811
f 1794 1800 1796
f 1830 1836 1832
f 1848 1854 1850
f 1886 1890 1888
f 2192 2196 2194
f 2318 2320 2322
f 2282 2284 2286
f 1904 1906 1908
f 2097 2104 2099
f 2043 2047 2045
f 1956 1958 1962
f 2066 2070 2068
f 2082 2088 2084
f 2138 2142 2140
f 1974 1980 1976
f 1992 1994 1998
f 2228 2230 2232
f 2295 2297 2299
f 2331 2329 2330
f 2327 2323 2324
f 2328 2326 2325
f 2334 2333 2332
f 2337 2336 2335
f 2346 2345 2344
f 2412 2409 2410
f 2499 2496 2497
f 2487 2485 2486
f 2436 2435 2434
f 2376 2374 2375
f 2372 2368 2369
f 2373 2371 2370
f 2379 2378 2377
f 2382 2381 2380
f 2396 2392 2393
f 2361 2360 2359
f 2418 2416 2415
f 2457 2456 2455
f 2463 2460 2461
f 2492 2488 2489
f 2402 2398 2399
f 2343 2340 2341
f 2433 2430 2431
f 2478 2475 2476
f 2406 2404 2405
f 2502 2501 2500
f 2484 2482 2481
f 2442 2440 2439
f 2349 2347 2348
f 2468 2464 2465
f 2387 2384 2383
f 2358 2355 2356
f 2421 2419 2420
f 2454 2451 2452
f 2472 2470 2471
f 2388 2385 2386
f 2364 2362 2363
f 2426 2423 2422
f 2448 2446 2445
f 2403 2401 2400
f 2342 2339 2338
f 2432 2429 2428
f 2477 2474 2473
f 2493 2491 2490
f 2462 2459 2458
f 2397 2395 2394
f 2367 2365 2366
f 2427 2424 2425
f 2447 2443 2444
f 2391 2390 2389
f 2357 2354 2353
f 2417 2413 2414
f 2453 2450 2449
f 2469 2467 2466
f 2411 2408 2407
f 2498 2495 2494
f 2483 2479 2480
f 2441 2437 2438
f 2352 2350 2351
f 2509 2511 2510
f 2503 2505 2504
f 2506 2507 2508
f 2512 2513 2514
f 2515 2516 2517
f 2518 2519 2520
f 2555 2556 2554
f 2541 2540 2539
f 2562 2561 2560
f 2522 2521 2523
f 2542 2544 2543
f 2528 2529 2527
f 2531 2530 2532
f 2545 2546 2547
f 2548 2549 2550
f 2551 2553 2552
f 2533 2534 2535
f 2537 2536 2538
f 2559 2557 2558
f 2526 2525 2524