v -0.111708 0.330882 -0.151165
v 0.107348 0.336721 -0.151034
v -0.292283 -0.528200 0.013612
v 0.294470 -0.526241 0.013412
v 0.000836 -0.414579 0.710983
v 0.001010 0.117018 0.370640
v 0.000954 -0.091152 -0.406017
v 0.000809 0.409347 -0.711820
v 0.318610 0.054574 -0.257124
v 0.318350 0.014856 0.288055
v -0.315719 0.060609 -0.258956
v -0.328107 0.031764 0.270032
v 0.027379 0.564055 -0.191537
v -0.058993 0.214431 -0.019312
v -0.203649 0.660820 -0.414118
v -0.260636 0.156643 -0.229561
v -0.296601 0.062411 0.077849
v 0.047326 0.213198 -0.012323
v 0.203003 0.662729 -0.415104
v 0.258691 0.154759 -0.228449
v 0.287939 0.053348 0.082479
v -0.000239 -0.562766 0.013889
v -0.210152 -0.635574 0.420168
v -0.171474 -0.495226 -0.294819
v -0.332792 -0.108942 -0.121028
v -0.325094 -0.156643 0.182745
v 0.209315 -0.635148 0.419501
v 0.172944 -0.495990 -0.295369
v 0.331425 -0.103940 -0.120403
v 0.328352 -0.154866 0.189569
v 0.000943 -0.007935 0.699921
v 0.312040 -0.178482 0.555140
v -0.311684 -0.176830 0.555750
v 0.211823 0.047994 0.395055
v -0.212295 0.046800 0.395634
v 0.000352 0.011900 -0.665827
v 0.186127 -0.002235 -0.368336
v -0.185166 -0.004611 -0.371507
v 0.306830 0.186035 -0.596486
v -0.303889 0.189362 -0.598400
v 0.330543 0.036479 0.006902
v -0.342941 0.062227 -0.003925
v -0.038911 0.473758 -0.186499
v -0.068698 0.281668 -0.127668
v -0.158149 0.479833 -0.237788
v -0.187170 0.262436 -0.185172
v -0.181040 0.180362 -0.075367
v 0.029818 0.485517 -0.180640
v 0.051501 0.283405 -0.120273
v 0.157337 0.484984 -0.240959
v 0.188284 0.264907 -0.187141
v 0.176625 0.179735 -0.075816
v -0.169026 -0.603703 0.012486
v -0.231660 -0.499457 0.171908
v -0.322761 -0.751293 -0.154702
v -0.359066 -0.375567 -0.072352
v -0.313924 -0.342648 0.098460
v 0.169296 -0.602101 0.011496
v 0.231850 -0.499213 0.171410
v 0.323196 -0.750786 -0.153833
v 0.357767 -0.373055 -0.070533
v 0.315413 -0.342580 0.100695
v -0.129514 -0.633828 0.679129
v 0.131775 -0.632011 0.679368
v 0.000848 -0.215417 0.769102
v 0.195013 -0.334214 0.697020
v -0.191894 -0.334997 0.697733
v -0.042364 0.150457 0.197516
v 0.042202 0.148855 0.197300
v 0.000632 0.097085 0.547104
v 0.097567 0.100056 0.406853
v -0.096142 0.099388 0.406826
v -0.064386 -0.243362 -0.372834
v 0.064930 -0.244158 -0.370301
v -0.000666 0.011022 -0.477475
v 0.081151 -0.037841 -0.394300
v -0.081736 -0.035891 -0.395234
v -0.134538 0.605462 -0.617816
v 0.134374 0.604854 -0.617099
v 0.002945 0.181988 -0.792858
v 0.204590 0.318920 -0.739591
v -0.200272 0.318804 -0.740561
v 0.322400 0.053686 -0.259072
v 0.303441 0.052572 -0.171243
v 0.272855 0.042314 -0.317774
v 0.303091 0.093266 -0.392699
v 0.330152 0.047802 -0.138716
v 0.317917 0.016982 0.204425
v 0.320077 -0.010443 0.258358
v 0.311092 -0.061339 0.388915
v 0.288620 0.007695 0.341997
v 0.327934 0.038369 0.162454
v -0.327646 0.065106 -0.265331
v -0.303867 0.033194 -0.177491
v -0.266363 0.036442 -0.319393
v -0.296567 0.099133 -0.393685
v -0.347979 0.065709 -0.144997
v -0.332107 0.027163 0.193132
v -0.321542 0.001843 0.236944
v -0.310541 -0.053476 0.377264
v -0.292950 0.011066 0.332527
v -0.338725 0.054772 0.144593
v 0.029256 0.425560 -0.177125
v -0.063002 0.602561 -0.276184
v -0.021015 0.410899 -0.160496
v 0.056994 0.606111 -0.278434
v -0.177493 0.152445 0.049362
v -0.000262 0.213648 -0.050977
v -0.149955 0.125366 0.222888
v -0.321021 0.465095 -0.332751
v 0.000289 0.695985 -0.429712
v -0.275181 0.444438 -0.539337
v -0.282756 0.084570 -0.070455
v -0.281304 0.231968 -0.401417
v -0.336155 0.028848 -0.107965
v -0.266855 0.060104 0.227442
v -0.340387 0.026537 0.046195
v 0.172253 0.151913 0.051718
v 0.150120 0.124795 0.221508
v 0.323612 0.467696 -0.332294
v 0.275448 0.443843 -0.539019
v 0.274469 0.081875 -0.067463
v 0.283775 0.229027 -0.400282
v 0.326512 0.019770 -0.099080
v 0.265336 0.058440 0.232037
v 0.332980 0.003204 0.059086
v -0.094011 -0.597330 0.208020
v -0.084116 -0.608012 -0.153617
v 0.094684 -0.595950 0.208865
v 0.084534 -0.607652 -0.153503
v -0.297298 -0.381714 0.302153
v 0.000259 -0.605122 0.463685
v -0.324778 -0.462363 0.560140
v -0.332290 -0.346080 -0.251339
v 0.000195 -0.445583 -0.282595
v -0.187024 -0.181177 -0.327294
v -0.334764 -0.133582 0.023009
v -0.258070 -0.065871 -0.247707
v -0.327104 0.045514 -0.044884
v -0.324849 -0.195717 0.366316
v -0.327364 0.038013 0.091341
v 0.299081 -0.381648 0.302906
v 0.324273 -0.462625 0.556483
v 0.332784 -0.347672 -0.250742
v 0.187753 -0.183496 -0.327293
v 0.336405 -0.129712 0.027036
v 0.259641 -0.059961 -0.245635
v 0.310074 0.059746 -0.038223
v 0.326102 -0.199396 0.372217
v 0.317747 0.035055 0.100951
v 0.188339 -0.094360 0.685365
v -0.185812 -0.093710 0.687429
v 0.146001 0.045284 0.577809
v -0.145113 0.045791 0.581027
v 0.259003 -0.032103 0.503551
v -0.258935 -0.030197 0.501447
v 0.126366 0.011917 -0.527390
v -0.127173 0.011527 -0.530281
v 0.214134 0.068391 -0.734965
v -0.213885 0.070000 -0.737321
v 0.250411 0.056358 -0.501125
v -0.247132 0.055982 -0.503074
v -0.080768 0.397050 -0.162666
v -0.089547 0.308785 -0.141620
v -0.122812 0.396501 -0.167676
v -0.146733 0.301217 -0.163264
v -0.131567 0.251233 -0.132165
v 0.071736 0.406651 -0.156102
v 0.078470 0.314250 -0.136760
v 0.121741 0.403269 -0.172954
v 0.147624 0.307029 -0.164999
v 0.127937 0.254020 -0.133484
v -0.244754 -0.587665 0.015947
v -0.259087 -0.502532 0.076345
v -0.316509 -0.626947 -0.041905
v -0.331710 -0.481533 -0.026606
v -0.303494 -0.440620 0.051600
v 0.245301 -0.586400 0.015060
v 0.261064 -0.502792 0.077226
v 0.317431 -0.625282 -0.041819
v 0.332122 -0.478662 -0.025805
v 0.305189 -0.439941 0.051737
v -0.056885 -0.493391 0.694692
v 0.058384 -0.492564 0.695465
v 0.000732 -0.322253 0.731077
v 0.089882 -0.385295 0.712503
v -0.088019 -0.385597 0.712852
v -0.021821 0.123711 0.296604
v 0.023586 0.123409 0.297924
v 0.001243 0.116202 0.458586
v 0.042752 0.112989 0.391838
v -0.040048 0.113603 0.392526
v -0.025007 -0.155865 -0.395569
v 0.025477 -0.156345 -0.396547
v 0.000034 -0.021332 -0.423966
v 0.036754 -0.068251 -0.405139
v -0.036517 -0.067204 -0.405467
v -0.055402 0.494878 -0.672580
v 0.058000 0.495104 -0.672822
v 0.002774 0.305772 -0.759715
v 0.092985 0.372815 -0.726391
v -0.089207 0.372312 -0.727106
v 0.327471 0.044703 -0.262443
v 0.313762 0.057659 -0.218088
v 0.301512 0.054794 -0.283886
v 0.311327 0.063280 -0.314633
v 0.327547 0.051908 -0.204513
v 0.317873 0.018093 0.251452
v 0.319521 0.014620 0.283262
v 0.313861 -0.014035 0.330011
v 0.307819 0.004523 0.311166
v 0.324464 0.034492 0.239716
v -0.328355 0.061019 -0.265055
v -0.312076 0.052665 -0.221179
v -0.295220 0.054236 -0.285768
v -0.306144 0.071316 -0.315619
v -0.333102 0.060867 -0.208416
v -0.329407 0.029796 0.235574
v -0.327435 0.042135 0.263792
v -0.318225 -0.001005 0.314278
v -0.314040 0.014543 0.296724
v -0.333886 0.049634 0.215476
v -0.004162 0.536649 -0.206289
v -0.001764 0.540940 -0.212966
v 0.033866 0.542466 -0.205699
v -0.017390 0.573688 -0.236690
v -0.011977 0.528162 -0.200777
v 0.013801 0.576090 -0.238522
v -0.055727 0.244405 -0.101657
v -0.056827 0.187513 0.090492
v -0.014156 0.286301 -0.124051
v -0.115768 0.193594 0.017771
v -0.020960 0.218845 -0.038983
v -0.111492 0.188585 0.115055
v -0.208815 0.576424 -0.320081
v -0.188589 0.674283 -0.514955
v -0.133931 0.649791 -0.341124
v -0.422882 0.625137 -0.387404
v -0.151350 0.818224 -0.424947
v -0.273539 0.584281 -0.481837
v -0.221979 0.215251 -0.207143
v -0.299045 0.102999 -0.249366
v -0.242218 0.295895 -0.288364
v -0.269639 0.114001 -0.147147
v -0.264514 0.201905 -0.315009
v -0.306952 0.067249 -0.166103
v -0.240658 0.118729 -0.001779
v -0.324924 0.033500 0.142650
v -0.239688 0.108850 0.069283
v -0.290406 0.069270 0.003405
v -0.291353 0.061531 0.152991
v -0.326570 0.031706 0.067942
v 0.037137 0.242586 -0.092496
v 0.052975 0.182494 0.092365
v -0.003078 0.276940 -0.112621
v 0.011426 0.213255 -0.038561
v 0.107808 0.194449 0.022134
v 0.110655 0.188495 0.116005
v 0.204136 0.580495 -0.322227
v 0.188527 0.674562 -0.514761
v 0.131108 0.652599 -0.341675
v 0.151957 0.818095 -0.425017
v 0.404449 0.630099 -0.393528
v 0.270465 0.583255 -0.483838
v 0.224970 0.214917 -0.208194
v 0.296014 0.102798 -0.245780
v 0.246013 0.295656 -0.288593
v 0.265787 0.115442 -0.145919
v 0.265963 0.202029 -0.314107
v 0.300132 0.068212 -0.161094
v 0.234984 0.112851 0.001707
v 0.314913 0.019997 0.151874
v 0.236697 0.102712 0.071826
v 0.282389 0.061211 0.008021
v 0.286231 0.055282 0.157194
v 0.319995 0.009539 0.079060
v -0.087554 -0.580093 0.012325
v 0.087388 -0.579989 0.012890
v -0.044560 -0.576964 0.107612
v -0.048716 -0.555110 -0.071991
v 0.043956 -0.576442 0.108834
v 0.048768 -0.554516 -0.072380
v -0.212721 -0.528755 0.294157
v -0.182226 -0.811240 0.573973
v -0.136410 -0.576461 0.326718
v -0.268694 -0.508006 0.370493
v -0.101003 -0.655387 0.452515
v -0.315138 -0.639735 0.515576
v -0.246630 -0.732370 -0.282701
v -0.112117 -0.351093 -0.326230
v -0.122160 -0.622878 -0.245106
v -0.269625 -0.463557 -0.294145
v -0.082185 -0.463420 -0.286022
v -0.189030 -0.329554 -0.315844
v -0.363210 -0.234540 -0.101199
v -0.300707 -0.012413 -0.139660
v -0.338346 -0.220223 -0.180926
v -0.340628 -0.122094 -0.049444
v -0.300266 -0.094980 -0.189250
v -0.318131 -0.018052 -0.073774
v -0.322252 -0.249948 0.144841
v -0.324335 -0.069442 0.212762
v -0.316664 -0.266386 0.239384
v -0.329594 -0.140810 0.100574
v -0.323603 -0.176346 0.272544
v -0.324876 -0.051654 0.134230
v 0.212761 -0.528697 0.294506
v 0.183132 -0.811295 0.573700
v 0.136962 -0.576691 0.326249
v 0.101671 -0.656082 0.451952
v 0.268499 -0.507632 0.368352
v 0.314506 -0.638961 0.513153
v 0.248225 -0.732510 -0.282503
v 0.113097 -0.351640 -0.327997
v 0.123351 -0.622680 -0.245733
v 0.081952 -0.464689 -0.285606
v 0.272038 -0.464345 -0.293156
v 0.190183 -0.330228 -0.316433
v 0.362721 -0.232381 -0.101611
v 0.299055 0.001646 -0.137063
v 0.335757 -0.219730 -0.180042
v 0.342330 -0.117544 -0.048465
v 0.300569 -0.087846 -0.187578
v 0.312738 -0.009679 -0.072473
v 0.323859 -0.246972 0.148933
v 0.325415 -0.074971 0.226185
v 0.319588 -0.264254 0.242470
v 0.331450 -0.140621 0.106374
v 0.326584 -0.178497 0.279738
v 0.326582 -0.051518 0.145806
v 0.001037 -0.106084 0.771175
v 0.000522 0.057806 0.627767
v 0.094737 -0.052554 0.710528
v -0.092145 -0.052854 0.711399
v 0.083848 0.025864 0.648928
v -0.082063 0.025264 0.650335
v 0.271082 -0.258768 0.639616
v 0.312159 -0.116395 0.464912
v 0.314894 -0.303230 0.557495
v 0.324531 -0.202696 0.465463
v 0.265597 -0.138123 0.631680
v 0.286819 -0.092253 0.536998
v -0.269156 -0.258984 0.641813
v -0.312136 -0.111858 0.459648
v -0.314560 -0.302126 0.558610
v -0.323630 -0.199185 0.463149
v -0.263855 -0.137670 0.634378
v -0.286244 -0.090672 0.535945
v 0.156330 0.076430 0.407684
v 0.255453 0.023500 0.371870
v 0.184957 0.082399 0.318263
v 0.237937 0.054614 0.310677
v 0.182787 0.044804 0.485007
v 0.233817 0.012160 0.456090
v -0.157227 0.074275 0.412908
v -0.260370 0.022223 0.370165
v -0.185486 0.080249 0.320310
v -0.240070 0.052929 0.310887
v -0.181699 0.043733 0.485346
v -0.236022 0.012367 0.456340
v -0.000104 0.003086 -0.563936
v 0.001847 0.072819 -0.758786
v 0.077761 0.000970 -0.605766
v -0.078533 -0.000130 -0.608007
v 0.101893 0.031617 -0.712557
v -0.101248 0.033380 -0.712672
v 0.130515 -0.016355 -0.380606
v 0.234929 0.018273 -0.347434
v 0.174295 -0.065982 -0.330836
v 0.217319 -0.026845 -0.301715
v 0.158528 0.010683 -0.446693
v 0.214595 0.026714 -0.431578
v -0.131626 -0.015631 -0.382782
v -0.230502 0.014792 -0.350701
v -0.172886 -0.062566 -0.331699
v -0.214930 -0.029885 -0.302848
v -0.159094 0.009756 -0.449147
v -0.212584 0.025763 -0.435124
v 0.297046 0.247870 -0.706007
v 0.299787 0.135897 -0.485989
v 0.288642 0.305166 -0.579549
v 0.294404 0.222859 -0.491453
v 0.301142 0.123013 -0.702804
v 0.289111 0.102120 -0.564865
v -0.294831 0.249601 -0.708643
v -0.295279 0.139855 -0.486995
v -0.288230 0.307693 -0.580791
v -0.292174 0.226747 -0.491765
v -0.301374 0.124717 -0.705519
v -0.285643 0.105448 -0.566268
v 0.330494 0.040995 -0.067144
v 0.330557 0.036046 0.083824
v 0.336423 0.014594 -0.045276
v 0.336178 0.013956 0.033141
v 0.320800 0.059440 -0.016794
v 0.321571 0.056101 0.055412
v -0.345018 0.062536 -0.074627
v -0.341014 0.060448 0.069226
v -0.343936 0.042772 -0.054714
v -0.344233 0.040973 0.020337
v -0.336887 0.074249 -0.025025
v -0.334468 0.078131 0.045616
v -0.043180 0.384782 -0.160987
v -0.090809 0.477262 -0.194423
v 0.020228 0.484618 -0.190153
v -0.053211 0.540039 -0.221219
v -0.123465 0.224425 -0.100003
v -0.012301 0.357014 -0.154067
v -0.119487 0.204799 -0.054436
v -0.179117 0.381120 -0.214366
v -0.116629 0.554655 -0.262818
v -0.251720 0.484819 -0.288341
v -0.179703 0.211217 -0.128349
v -0.222341 0.355865 -0.252466
v -0.227359 0.165836 -0.134503
v -0.179302 0.162859 -0.019941
v -0.234586 0.134926 -0.067499
v 0.026393 0.395235 -0.146342
v 0.084843 0.486093 -0.196616
v -0.032816 0.501570 -0.182387
v 0.049356 0.545662 -0.224290
v 0.114060 0.224618 -0.099542
v -0.004865 0.357395 -0.130300
v 0.106386 0.205394 -0.050260
v 0.179184 0.383864 -0.217027
v 0.111761 0.560623 -0.264313
v 0.249584 0.488386 -0.289890
v 0.179334 0.211219 -0.129897
v 0.223284 0.356097 -0.253719
v 0.225817 0.163713 -0.134381
v 0.174842 0.161725 -0.017632
v 0.229715 0.132642 -0.066043
v -0.200067 -0.544588 0.087427
v -0.226257 -0.747944 -0.031899
v -0.127192 -0.568071 0.097769
v -0.124540 -0.657394 -0.062508
v -0.280525 -0.430543 0.138196
v -0.166608 -0.550071 0.197159
v -0.265730 -0.448640 0.244802
v -0.362903 -0.550917 -0.120916
v -0.161341 -0.790563 -0.162236
v -0.355704 -0.582090 -0.244760
v -0.333942 -0.352937 0.013918
v -0.362647 -0.385838 -0.164656
v -0.348521 -0.241068 -0.021348
v -0.300581 -0.352096 0.194111
v -0.332653 -0.241975 0.059480
v 0.199715 -0.543026 0.087861
v 0.225859 -0.746949 -0.031563
v 0.127188 -0.567177 0.098465
v 0.124402 -0.656679 -0.062619
v 0.281592 -0.429229 0.138891
v 0.166438 -0.549932 0.197350
v 0.266927 -0.447878 0.244767
v 0.364574 -0.549347 -0.120044
v 0.161687 -0.790962 -0.161482
v 0.356783 -0.582164 -0.243299
v 0.335281 -0.352180 0.015824
v 0.361892 -0.384795 -0.163822
v 0.349284 -0.238921 -0.019149
v 0.302102 -0.351334 0.195818
v 0.335530 -0.239734 0.062931
v -0.000115 -0.551443 0.664517
v -0.182071 -0.486736 0.697802
v -0.056580 -0.629810 0.588346
v -0.285893 -0.638520 0.674650
v 0.183417 -0.487570 0.695757
v 0.056895 -0.630715 0.588565
v 0.288283 -0.638255 0.672159
v 0.099584 -0.267791 0.732345
v -0.098034 -0.268370 0.732772
v 0.100872 -0.154467 0.747359
v -0.098820 -0.154705 0.747425
v 0.289353 -0.415136 0.656198
v 0.198196 -0.202502 0.702672
v -0.287258 -0.416591 0.658640
v -0.196101 -0.202353 0.704189
v 0.000382 0.150821 0.192171
v -0.070038 0.119292 0.308344
v -0.017816 0.184348 0.078591
v -0.092661 0.143642 0.212287
v 0.071525 0.119242 0.305625
v 0.014340 0.181346 0.077421
v 0.092706 0.143198 0.209673
v 0.058570 0.105963 0.492267
v -0.057123 0.106791 0.493330
v 0.072292 0.077638 0.576629
v -0.070957 0.077663 0.578560
v 0.127493 0.105667 0.315797
v 0.121668 0.079098 0.498050
v -0.125884 0.105443 0.317480
v -0.120110 0.078151 0.498618
v 0.000877 -0.250828 -0.387185
v -0.076866 -0.135733 -0.379475
v -0.037018 -0.350559 -0.335416
v -0.126344 -0.222366 -0.348208
v 0.076864 -0.136898 -0.379823
v 0.037770 -0.350357 -0.335145
v 0.127226 -0.224578 -0.348297
v 0.043378 0.001769 -0.436259
v -0.043274 0.003238 -0.437348
v 0.056366 0.008953 -0.509075
v -0.057626 0.009097 -0.510259
v 0.127850 -0.105644 -0.358318
v 0.097478 0.006093 -0.444309
v -0.127124 -0.101710 -0.358805
v -0.098225 0.006658 -0.447118
v 0.000337 0.622318 -0.623187
v -0.167593 0.459630 -0.674284
v -0.071115 0.688204 -0.525745
v -0.224243 0.536007 -0.591345
v 0.169851 0.460169 -0.673389
v 0.071439 0.687683 -0.525296
v 0.224656 0.535409 -0.590894
v 0.118479 0.246479 -0.792923
v -0.113838 0.246547 -0.792736
v 0.123490 0.115632 -0.801417
v -0.118914 0.117574 -0.801984
v 0.251391 0.390015 -0.646552
v 0.238860 0.179610 -0.796030
v -0.250885 0.390114 -0.648939
v -0.235433 0.180828 -0.797770
v 0.314978 0.079536 -0.329164
v 0.332251 0.035899 -0.194954
v 0.296918 0.129248 -0.327027
v 0.325317 0.032973 -0.181703
v 0.289785 0.040332 -0.242624
v 0.319533 0.063248 -0.153492
v 0.281513 0.003370 -0.203536
v 0.307693 0.060167 -0.104906
v 0.290216 0.065103 -0.359930
v 0.258263 0.008471 -0.273159
v 0.259979 0.049355 -0.401945
v 0.300049 0.145444 -0.406142
v 0.284923 0.082809 -0.451507
v 0.333293 0.026716 -0.122040
v 0.319677 0.064007 -0.086121
v 0.303306 0.018588 0.271899
v 0.328585 0.020960 0.185822
v 0.298608 0.032325 0.221047
v 0.327095 0.009696 0.133959
v 0.319321 -0.045792 0.326536
v 0.317426 0.047415 0.215997
v 0.324240 -0.100899 0.306975
v 0.318489 0.019329 0.180044
v 0.299037 -0.020463 0.373860
v 0.322291 -0.118386 0.386646
v 0.293095 -0.055120 0.448389
v 0.278565 0.032598 0.294858
v 0.274348 -0.011509 0.417804
v 0.333281 0.017330 0.110596
v 0.319966 0.059341 0.131895
v -0.312399 0.091730 -0.330911
v -0.342587 0.049764 -0.202801
v -0.295756 0.133436 -0.329842
v -0.334796 0.039944 -0.188896
v -0.283754 0.029680 -0.246512
v -0.332328 0.065487 -0.157070
v -0.279025 -0.009630 -0.207122
v -0.319655 0.042773 -0.110494
v -0.284526 0.065368 -0.362872
v -0.252963 -0.000133 -0.275794
v -0.254531 0.047361 -0.405193
v -0.296496 0.150624 -0.406218
v -0.278770 0.084898 -0.453408
v -0.345288 0.045959 -0.129318
v -0.337266 0.071740 -0.091618
v -0.312359 0.023691 0.261292
v -0.340570 0.036810 0.168133
v -0.308599 0.034947 0.214733
v -0.339931 0.029649 0.120342
v -0.320131 -0.032752 0.309841
v -0.325536 0.059992 0.191680
v -0.323160 -0.093221 0.294631
v -0.323959 0.024773 0.163882
v -0.300999 -0.015298 0.363509
v -0.322150 -0.111946 0.376892
v -0.292845 -0.049888 0.442546
v -0.283587 0.034526 0.289767
v -0.275470 -0.008097 0.411622
v -0.343927 0.040332 0.095628
v -0.328563 0.073586 0.117831
v 0.003218 0.421745 -0.172567
v 0.002652 0.300570 -0.130100
v -0.004077 0.620122 -0.277802
v -0.051278 0.667626 -0.347709
v -0.007899 0.290476 -0.133125
v 0.044743 0.669205 -0.346791
v -0.170037 0.145203 0.132820
v -0.229514 0.101397 0.146152
v -0.209828 0.091719 0.231267
v -0.343557 0.491978 -0.438589
v -0.272165 0.349127 -0.379798
v -0.283751 0.344526 -0.473841
v -0.322132 0.031266 -0.081142
v -0.325761 0.028331 -0.006067
v -0.338346 0.027119 -0.029756
v 0.169276 0.146952 0.135230
v 0.227731 0.099291 0.148418
v 0.209825 0.092548 0.230330
v 0.344836 0.495502 -0.438171
v 0.271680 0.350214 -0.379931
v 0.284436 0.342992 -0.474177
v 0.312769 0.030039 -0.077004
v 0.321248 0.008086 0.005404
v 0.331829 0.004858 -0.018359
v -0.000216 -0.588812 0.217174
v -0.047413 -0.596948 0.336024
v 0.000108 -0.523397 -0.150083
v -0.043552 -0.523273 -0.224420
v 0.047275 -0.596494 0.335504
v 0.043189 -0.523711 -0.224225
v -0.308237 -0.430929 0.424506
v -0.318032 -0.292171 0.342828
v -0.322566 -0.312817 0.453773
v -0.259263 -0.265648 -0.297285
v -0.292458 -0.180160 -0.246760
v -0.231137 -0.125157 -0.293109
v -0.326983 -0.032227 -0.008627
v -0.326509 -0.041641 0.061311
v -0.328540 0.043594 0.020753
v 0.308308 -0.430939 0.423108
v 0.319878 -0.292460 0.345205
v 0.322344 -0.314404 0.453438
v 0.260594 -0.266290 -0.296997
v 0.292525 -0.179395 -0.245528
v 0.233194 -0.125555 -0.292138
v 0.322179 -0.023386 -0.004610
v 0.325653 -0.035779 0.067270
v 0.315750 0.057835 0.029968
v 0.168337 -0.011544 0.640368
v 0.239352 -0.053882 0.599721
v -0.166918 -0.012217 0.642821
v -0.238194 -0.054433 0.600751
v 0.209820 0.004847 0.550102
v -0.208721 0.003794 0.549732
v 0.169029 0.014259 -0.632184
v 0.195253 0.027951 -0.527765
v -0.170733 0.014757 -0.634728
v -0.195781 0.028008 -0.530011
v 0.246205 0.056286 -0.619534
v -0.246493 0.057140 -0.622929
v -0.097958 0.360248 -0.154425
v -0.101103 0.320534 -0.146669
v -0.114780 0.359944 -0.155231
v -0.127262 0.318392 -0.154983
v -0.118932 0.294320 -0.145026
v 0.091562 0.367593 -0.152253
v 0.094454 0.326278 -0.144976
v 0.112967 0.365735 -0.158877
v 0.124989 0.322790 -0.155690
v 0.115228 0.299271 -0.145249
v -0.274258 -0.558661 0.015100
v -0.277064 -0.515058 0.039113
v -0.300934 -0.565916 -0.011642
v -0.311573 -0.511918 -0.003226
v -0.298922 -0.488081 0.030177
v 0.275029 -0.557298 0.014930
v 0.277638 -0.514639 0.039940
v 0.301868 -0.564692 -0.012072
v 0.312641 -0.509897 -0.003338
v 0.298673 -0.486439 0.029610
v -0.024217 -0.448266 0.703921
v 0.025413 -0.447894 0.704192
v 0.000536 -0.373587 0.719720
v 0.040505 -0.402600 0.712668
v -0.038741 -0.401977 0.713369
v -0.009684 0.118079 0.339660
v 0.011484 0.118272 0.339334
v 0.001632 0.116525 0.409957
v 0.018830 0.115856 0.381545
v -0.016924 0.116259 0.382152
v -0.010276 -0.118823 -0.401838
v 0.010892 -0.119119 -0.401858
v -0.000109 -0.058989 -0.411694
v 0.016326 -0.080370 -0.406779
v -0.016083 -0.081298 -0.406096
v -0.023451 0.446936 -0.695003
v 0.026152 0.445497 -0.695153
v 0.002425 0.362402 -0.733029
v 0.042035 0.393735 -0.718201
v -0.038048 0.393316 -0.717792
v 0.322400 0.051883 -0.259906
v 0.317035 0.056073 -0.239277
v 0.312120 0.056457 -0.268543
v 0.315644 0.056475 -0.281539
v 0.323506 0.053480 -0.233305
v 0.317922 0.017346 0.273139
v 0.320072 0.016668 0.290065
v 0.316337 0.004007 0.306714
v 0.313703 0.008436 0.297334
v 0.321907 0.025190 0.269193
v -0.322252 0.061946 -0.261824
v -0.314374 0.057248 -0.242656
v -0.306665 0.059002 -0.269624
v -0.311601 0.064693 -0.283715
v -0.323912 0.060238 -0.236556
v -0.329381 0.032093 0.254474
v -0.329154 0.039835 0.271246
v -0.324473 0.021510 0.291973
v -0.321713 0.021178 0.279932
v -0.331089 0.041792 0.247748
v 0.006866 0.555342 -0.207939
v -0.037116 0.536662 -0.250096
v 0.023771 0.551325 -0.197867
v -0.000521 0.564374 -0.220645
v 0.021041 0.559645 -0.189287
v 0.002568 0.564767 -0.226085
v -0.053555 0.225431 -0.072265
v -0.060256 0.201913 0.035784
v -0.031713 0.237352 -0.089874
v -0.086578 0.207806 -0.000982
v -0.037935 0.218169 -0.033165
v -0.085320 0.200635 0.048656
v -0.218961 0.624319 -0.366308
v -0.209949 0.695635 -0.463596
v -0.174667 0.674969 -0.379233
v -0.281512 0.629289 -0.399009
v -0.217325 0.793368 -0.422385
v -0.229897 0.627818 -0.447471
v -0.242291 0.186844 -0.218296
v -0.279684 0.127023 -0.240486
v -0.245582 0.216660 -0.260270
v -0.263949 0.133102 -0.187657
v -0.260361 0.177620 -0.272570
v -0.283715 0.109238 -0.197490
v -0.268911 0.089964 0.038110
v -0.315870 0.041221 0.113679
v -0.270814 0.086008 0.075266
v -0.295004 0.063990 0.041004
v -0.294447 0.062053 0.114673
v -0.315151 0.043691 0.075256
v 0.037035 0.225134 -0.062862
v 0.052304 0.199798 0.038636
v 0.012112 0.232233 -0.079735
v 0.025285 0.215036 -0.027014
v 0.076291 0.207977 0.004399
v 0.079403 0.200505 0.053452
v 0.215696 0.626604 -0.368191
v 0.209524 0.696730 -0.465313
v 0.173549 0.678172 -0.378435
v 0.217638 0.793226 -0.422552
v 0.275135 0.629897 -0.403507
v 0.228516 0.628944 -0.451405
v 0.242700 0.187939 -0.218356
v 0.278193 0.129229 -0.237950
v 0.247372 0.217873 -0.259586
v 0.262490 0.136486 -0.186181
v 0.261101 0.180565 -0.270730
v 0.280181 0.110404 -0.195337
v 0.264573 0.080213 0.042978
v 0.303600 0.033312 0.118507
v 0.265637 0.077628 0.079785
v 0.285554 0.054696 0.045393
v 0.290483 0.052418 0.120926
v 0.304989 0.030565 0.081481
v -0.044336 -0.568707 0.013520
v 0.044541 -0.568110 0.013841
v -0.021969 -0.570212 0.059084
v -0.023389 -0.553919 -0.030537
v 0.022059 -0.571036 0.060293
v 0.023544 -0.553331 -0.030705
v -0.207587 -0.556625 0.369308
v -0.215783 -0.767403 0.465968
v -0.165525 -0.585153 0.385965
v -0.245665 -0.572500 0.402165
v -0.156874 -0.669088 0.436691
v -0.267530 -0.663231 0.460750
v -0.206116 -0.597746 -0.289456
v -0.140216 -0.415913 -0.308390
v -0.150905 -0.571813 -0.277462
v -0.221948 -0.493127 -0.298546
v -0.124612 -0.481902 -0.290447
v -0.183054 -0.412318 -0.307488
v -0.356613 -0.162870 -0.111140
v -0.313032 -0.057058 -0.128889
v -0.337718 -0.161998 -0.149097
v -0.342387 -0.111481 -0.084800
v -0.317221 -0.104563 -0.155456
v -0.325056 -0.062176 -0.095928
v -0.324131 -0.202479 0.165484
v -0.324956 -0.111955 0.199499
v -0.322223 -0.211175 0.210048
v -0.326922 -0.149243 0.141667
v -0.324371 -0.164780 0.226012
v -0.325401 -0.102615 0.158077
v 0.205645 -0.556480 0.367771
v 0.215596 -0.768061 0.465942
v 0.165919 -0.585214 0.385759
v 0.156718 -0.668914 0.436699
v 0.245544 -0.572017 0.401183
v 0.266860 -0.663507 0.459600
v 0.207089 -0.599007 -0.290352
v 0.141083 -0.416613 -0.308395
v 0.151504 -0.572088 -0.277478
v 0.125267 -0.483041 -0.290490
v 0.224291 -0.494151 -0.299342
v 0.184386 -0.413094 -0.306723
v 0.355197 -0.160257 -0.112111
v 0.312183 -0.050071 -0.129035
v 0.334886 -0.160374 -0.148924
v 0.340920 -0.109387 -0.084932
v 0.316095 -0.099045 -0.154947
v 0.321084 -0.055058 -0.094440
v 0.327261 -0.200091 0.170247
v 0.327515 -0.112738 0.208734
v 0.324578 -0.210309 0.215377
v 0.329657 -0.146970 0.147446
v 0.326711 -0.166130 0.234274
v 0.327859 -0.102230 0.167193
v 0.001055 -0.053917 0.731875
v 0.000575 0.028947 0.665668
v 0.047068 -0.030147 0.710136
v -0.045182 -0.030261 0.710792
v 0.044228 0.010356 0.677224
v -0.042588 0.009985 0.677825
v 0.295560 -0.217981 0.598984
v 0.315884 -0.145103 0.508878
v 0.313391 -0.237201 0.556902
v 0.322866 -0.192974 0.511152
v 0.293479 -0.158530 0.595915
v 0.302078 -0.130934 0.548793
v -0.295075 -0.216621 0.601052
v -0.314752 -0.142798 0.506581
v -0.313348 -0.235486 0.557854
v -0.320789 -0.191479 0.509559
v -0.293542 -0.157277 0.598541
v -0.301006 -0.129941 0.548158
v 0.184726 0.061864 0.402742
v 0.235272 0.035349 0.384487
v 0.198957 0.064529 0.358680
v 0.224456 0.051419 0.351346
v 0.197483 0.046433 0.439230
v 0.222482 0.031431 0.427847
v -0.185293 0.060760 0.405323
v -0.237468 0.033342 0.384423
v -0.200355 0.063019 0.361737
v -0.227013 0.049347 0.354443
v -0.198053 0.044544 0.440027
v -0.224085 0.029888 0.426933
v -0.000350 -0.002940 -0.615582
v 0.001276 0.037148 -0.715140
v 0.042807 0.001718 -0.639273
v -0.042983 0.001697 -0.639826
v 0.048853 0.019893 -0.691408
v -0.047736 0.023243 -0.689462
v 0.158463 -0.011208 -0.375638
v 0.211724 0.005336 -0.360383
v 0.174840 -0.025307 -0.343862
v 0.200403 -0.013796 -0.333674
v 0.171915 0.004969 -0.407446
v 0.199363 0.012662 -0.399804
v -0.158511 -0.008851 -0.377070
v -0.208283 0.004099 -0.362539
v -0.175411 -0.024758 -0.344101
v -0.198672 -0.015313 -0.335409
v -0.171299 0.005057 -0.408795
v -0.197680 0.011698 -0.402097
v 0.313906 0.213572 -0.658809
v 0.302078 0.160955 -0.538484
v 0.300085 0.242887 -0.592482
v 0.300119 0.208220 -0.542317
v 0.315385 0.154847 -0.656439
v 0.304537 0.137819 -0.587975
v -0.313799 0.216261 -0.661931
v -0.298756 0.164586 -0.541068
v -0.299855 0.245379 -0.594677
v -0.297722 0.211827 -0.542978
v -0.315318 0.157448 -0.659325
v -0.300252 0.141657 -0.589359
v 0.330261 0.037779 -0.030416
v 0.330168 0.036073 0.044254
v 0.334091 0.026055 -0.018640
v 0.334569 0.024732 0.019643
v 0.325708 0.048757 -0.004610
v 0.327233 0.047514 0.032025
v -0.343502 0.061655 -0.039662
v -0.342518 0.061903 0.033033
v -0.344409 0.052276 -0.030005
v -0.343967 0.051326 0.007830
v -0.340660 0.069653 -0.014265
v -0.340202 0.070263 0.020899
v -0.060405 0.435219 -0.174217
v -0.018246 0.508857 -0.198044
v -0.037928 0.431564 -0.173443
v -0.063939 0.475149 -0.186939
v -0.012415 0.475717 -0.186197
v -0.045037 0.507952 -0.201870
v -0.078631 0.295953 -0.135381
v -0.061576 0.264322 -0.116891
v -0.053178 0.333709 -0.147137
v -0.094651 0.248437 -0.116219
v -0.040953 0.316663 -0.140556
v -0.090745 0.235655 -0.100165
v -0.138423 0.436213 -0.203014
v -0.184334 0.527021 -0.277489
v -0.121377 0.479555 -0.213169
v -0.171401 0.433571 -0.226445
v -0.140151 0.520184 -0.250513
v -0.201019 0.481993 -0.263854
v -0.167922 0.282731 -0.174563
v -0.204668 0.239892 -0.196546
v -0.182892 0.323412 -0.200942
v -0.178919 0.231376 -0.155854
v -0.202495 0.306039 -0.216430
v -0.201299 0.210570 -0.163053
v -0.154608 0.215180 -0.107813
v -0.209955 0.149559 -0.039949
v -0.152787 0.202792 -0.085194
v -0.180538 0.194672 -0.101564
v -0.181236 0.171890 -0.048379
v -0.207851 0.158031 -0.070580
v 0.049844 0.446621 -0.166837
v 0.013034 0.518629 -0.196950
v 0.024742 0.444640 -0.162705
v 0.056273 0.485324 -0.186098
v 0.001948 0.489313 -0.178912
v 0.040276 0.516828 -0.201228
v 0.065012 0.300648 -0.129085
v 0.042003 0.263428 -0.109181
v 0.035963 0.339998 -0.132377
v 0.080505 0.250213 -0.113135
v 0.022944 0.320844 -0.123271
v 0.073761 0.236219 -0.097232
v 0.136467 0.441975 -0.205226
v 0.181022 0.532100 -0.280023
v 0.119086 0.485272 -0.218011
v 0.171519 0.437227 -0.229199
v 0.135535 0.527024 -0.253134
v 0.200549 0.486309 -0.266266
v 0.167760 0.285522 -0.176009
v 0.207114 0.241198 -0.197317
v 0.184195 0.325511 -0.202809
v 0.181317 0.232375 -0.158472
v 0.204187 0.306613 -0.219032
v 0.201839 0.209327 -0.164365
v 0.149873 0.214896 -0.108544
v 0.205503 0.145478 -0.038546
v 0.146556 0.201635 -0.085131
v 0.176965 0.192906 -0.103042
v 0.175591 0.168002 -0.047828
v 0.204436 0.156456 -0.069094
v -0.208447 -0.603407 0.013693
v -0.129399 -0.593761 0.011021
v -0.185082 -0.565959 0.044363
v -0.193819 -0.658172 -0.015756
v -0.147676 -0.570497 0.047743
v -0.149754 -0.636559 -0.022697
v -0.243802 -0.496783 0.119445
v -0.220626 -0.509462 0.229117
v -0.214849 -0.522634 0.131283
v -0.258024 -0.467148 0.155915
v -0.200499 -0.526739 0.186138
v -0.248700 -0.474822 0.209019
v -0.330666 -0.700826 -0.086767
v -0.286614 -0.763441 -0.223123
v -0.276499 -0.771884 -0.088545
v -0.357619 -0.656870 -0.141226
v -0.250612 -0.794977 -0.158348
v -0.347099 -0.684022 -0.211122
v -0.347118 -0.434774 -0.050322
v -0.361398 -0.307346 -0.088601
v -0.358274 -0.455109 -0.096372
v -0.344581 -0.363284 -0.027808
v -0.365707 -0.383435 -0.116921
v -0.352750 -0.304033 -0.046258
v -0.309330 -0.391987 0.075029
v -0.318144 -0.296246 0.123046
v -0.299112 -0.388764 0.119385
v -0.322988 -0.346466 0.056129
v -0.305331 -0.345248 0.145214
v -0.324775 -0.294695 0.079030
v 0.209184 -0.602243 0.015035
v 0.128850 -0.591806 0.010725
v 0.184111 -0.564665 0.043030
v 0.194630 -0.657896 -0.014428
v 0.147883 -0.567486 0.046862
v 0.149984 -0.636806 -0.022821
v 0.244781 -0.497358 0.120758
v 0.221139 -0.508234 0.229673
v 0.215544 -0.523244 0.130584
v 0.258717 -0.465868 0.156566
v 0.200699 -0.526999 0.184946
v 0.248965 -0.473682 0.210032
v 0.331995 -0.699447 -0.086910
v 0.287261 -0.763325 -0.222632
v 0.277135 -0.771505 -0.088077
v 0.357310 -0.655029 -0.139825
v 0.251419 -0.794797 -0.157749
v 0.347933 -0.684022 -0.209049
v 0.349008 -0.432890 -0.049904
v 0.365667 -0.305030 -0.088057
v 0.360486 -0.453833 -0.095774
v 0.347014 -0.361860 -0.026387
v 0.365563 -0.382386 -0.116558
v 0.354975 -0.302371 -0.044509
v 0.310006 -0.390377 0.076534
v 0.320505 -0.293952 0.125278
v 0.301163 -0.387584 0.120122
v 0.325147 -0.345043 0.057106
v 0.308699 -0.343799 0.146251
v 0.327259 -0.293649 0.081626
v -0.093713 -0.549789 0.685993
v -0.154789 -0.760441 0.670509
v -0.062484 -0.580309 0.665298
v -0.162736 -0.569295 0.695314
v -0.087980 -0.654765 0.641889
v -0.215652 -0.686643 0.701724
v 0.095847 -0.549029 0.687332
v 0.158596 -0.759555 0.671610
v 0.065136 -0.578366 0.668096
v 0.165355 -0.568273 0.693896
v 0.089140 -0.654349 0.643826
v 0.219369 -0.686868 0.700428
v 0.000679 -0.268438 0.746096
v -0.000202 -0.170710 0.825225
v 0.050269 -0.240104 0.750139
v -0.049001 -0.240579 0.750397
v 0.051263 -0.185851 0.772203
v -0.050011 -0.186191 0.770756
v 0.142708 -0.364003 0.707780
v 0.239608 -0.297907 0.674859
v 0.191215 -0.408610 0.694722
v 0.148107 -0.298617 0.715014
v 0.243134 -0.373616 0.678917
v 0.197399 -0.265129 0.700405
v -0.140060 -0.363916 0.708661
v -0.237691 -0.298515 0.676981
v -0.188517 -0.408306 0.696210
v -0.146149 -0.298498 0.716262
v -0.240114 -0.374266 0.680305
v -0.194772 -0.265718 0.702134
v -0.032055 0.134002 0.250514
v -0.050715 0.167090 0.146046
v -0.020649 0.150214 0.193591
v -0.056884 0.132901 0.254059
v -0.029162 0.167266 0.139582
v -0.066124 0.147297 0.204484
v 0.033770 0.135176 0.247739
v 0.048989 0.164945 0.145082
v 0.020910 0.149914 0.192621
v 0.057794 0.133653 0.253097
v 0.027901 0.165178 0.138709
v 0.067115 0.147769 0.202184
v 0.000914 0.109508 0.504661
v 0.000621 0.079866 0.587880
v 0.032029 0.103166 0.522849
v -0.030920 0.103280 0.523629
v 0.035172 0.087987 0.563810
v -0.034066 0.087865 0.564708
v 0.069333 0.108203 0.401528
v 0.126908 0.089274 0.408324
v 0.084778 0.108131 0.356837
v 0.079943 0.102986 0.452689
v 0.112987 0.101078 0.361737
v 0.110374 0.090842 0.454570
v -0.066814 0.107638 0.401036
v -0.127293 0.087452 0.413215
v -0.083437 0.108568 0.358570
v -0.078173 0.101782 0.451760
v -0.112351 0.100432 0.363520
v -0.108951 0.089384 0.455935
v -0.043335 -0.197776 -0.387039
v -0.086607 -0.294840 -0.348498
v -0.032693 -0.248266 -0.382775
v -0.070993 -0.189379 -0.375791
v -0.052685 -0.298405 -0.358013
v -0.095455 -0.235290 -0.359318
v 0.044112 -0.197842 -0.387039
v 0.087399 -0.294825 -0.347454
v 0.033641 -0.249630 -0.384301
v 0.072656 -0.189845 -0.375738
v 0.053616 -0.298873 -0.356092
v 0.095801 -0.237350 -0.357877
v -0.000259 0.003949 -0.445558
v -0.000350 0.009134 -0.517824
v 0.022999 0.010135 -0.457650
v -0.023390 0.010301 -0.458231
v 0.026550 0.010266 -0.494149
v -0.027577 0.011309 -0.494509
v 0.057627 -0.053691 -0.399752
v 0.104475 -0.025979 -0.386561
v 0.078663 -0.085271 -0.384729
v 0.061890 -0.014095 -0.414785
v 0.102599 -0.068099 -0.374263
v 0.086336 -0.006801 -0.413161
v -0.058371 -0.050647 -0.401157
v -0.105534 -0.022699 -0.388295
v -0.079609 -0.083778 -0.385208
v -0.062283 -0.013160 -0.416405
v -0.102527 -0.065249 -0.376383
v -0.087560 -0.004866 -0.414687
v -0.093229 0.549713 -0.648593
v -0.160568 0.635283 -0.565662
v -0.067274 0.611946 -0.617669
v -0.153058 0.533337 -0.647455
v -0.101893 0.649899 -0.571933
v -0.191573 0.582683 -0.613019
v 0.094463 0.549085 -0.648111
v 0.160423 0.635615 -0.566541
v 0.068026 0.612669 -0.618294
v 0.153792 0.533497 -0.647411
v 0.101986 0.650588 -0.571685
v 0.189834 0.582130 -0.613095
v 0.002311 0.244337 -0.782803
v 0.002404 0.123065 -0.786478
v 0.062737 0.212747 -0.794664
v -0.056842 0.213050 -0.793950
v 0.063392 0.149110 -0.800009
v -0.058043 0.151387 -0.796684
v 0.148848 0.347986 -0.736230
v 0.254965 0.284672 -0.730460
v 0.184120 0.388024 -0.702169
v 0.168331 0.284417 -0.780106
v 0.231854 0.355478 -0.694543
v 0.228211 0.249893 -0.784085
v -0.144481 0.348292 -0.735370
v -0.253068 0.285405 -0.733922
v -0.181674 0.387599 -0.703179
v -0.164566 0.283462 -0.780860
v -0.230123 0.356581 -0.696664
v -0.225086 0.250337 -0.786729
v 0.329964 0.031742 -0.265858
v 0.311432 0.075784 -0.253126
v 0.320004 0.065359 -0.295574
v 0.330128 0.033994 -0.227142
v 0.309316 0.089861 -0.291682
v 0.324140 0.040317 -0.220625
v 0.309865 0.059039 -0.194363
v 0.298202 0.034403 -0.152240
v 0.296984 0.044820 -0.207200
v 0.312514 0.062279 -0.161176
v 0.292075 0.029150 -0.186909
v 0.306481 0.058025 -0.138009
v 0.288416 0.050708 -0.300226
v 0.256253 0.030324 -0.333726
v 0.282048 0.040188 -0.279732
v 0.282645 0.054242 -0.339396
v 0.265855 0.028021 -0.294140
v 0.266424 0.046183 -0.358419
v 0.306367 0.076197 -0.351264
v 0.299699 0.113236 -0.437486
v 0.309768 0.089776 -0.361085
v 0.298075 0.076958 -0.378412
v 0.304175 0.115324 -0.401128
v 0.295100 0.090276 -0.422778
v 0.329440 0.049739 -0.172608
v 0.330845 0.044797 -0.103704
v 0.332632 0.040466 -0.166151
v 0.325459 0.056740 -0.146116
v 0.333834 0.035824 -0.130631
v 0.325359 0.055504 -0.111770
v 0.317463 0.018386 0.228733
v 0.318486 0.015684 0.178753
v 0.310282 0.019262 0.237851
v 0.323462 0.017678 0.194861
v 0.310006 0.022217 0.213535
v 0.324626 0.013310 0.168684
v 0.318325 0.008276 0.272508
v 0.322424 -0.040628 0.242368
v 0.318936 -0.030403 0.292673
v 0.314243 0.037994 0.240296
v 0.321995 -0.056530 0.281345
v 0.318349 0.006587 0.220362
v 0.312099 -0.036161 0.357513
v 0.311913 -0.088492 0.424191
v 0.315731 -0.055797 0.358281
v 0.305294 -0.039438 0.383668
v 0.317612 -0.087310 0.389432
v 0.303770 -0.060285 0.419454
v 0.299686 0.004074 0.326035
v 0.273990 0.013507 0.358384
v 0.295977 0.014420 0.307637
v 0.293195 -0.006347 0.359503
v 0.283324 0.020318 0.320179
v 0.280651 -0.001327 0.378057
v 0.325701 0.037471 0.201871
v 0.328863 0.037464 0.123022
v 0.329132 0.028013 0.175207
v 0.323385 0.046446 0.190121
v 0.332056 0.027162 0.136511
v 0.325275 0.048603 0.149659
v -0.338414 0.051553 -0.269941
v -0.315222 0.081423 -0.257765
v -0.320561 0.079695 -0.299065
v -0.338489 0.044695 -0.234529
v -0.312512 0.095083 -0.295966
v -0.336157 0.043504 -0.228862
v -0.308486 0.044879 -0.199257
v -0.300623 0.015215 -0.156632
v -0.294139 0.030671 -0.211418
v -0.316789 0.050023 -0.166277
v -0.290014 0.015323 -0.190084
v -0.312509 0.035929 -0.144580
v -0.281606 0.047075 -0.303658
v -0.250283 0.025790 -0.336085
v -0.274489 0.032239 -0.281437
v -0.274020 0.050597 -0.341633
v -0.259652 0.020019 -0.298366
v -0.259986 0.042009 -0.359918
v -0.300426 0.083743 -0.352228
v -0.294756 0.118823 -0.437838
v -0.303626 0.099113 -0.361827
v -0.292082 0.080547 -0.379370
v -0.298490 0.121640 -0.403262
v -0.288451 0.094022 -0.424159
v -0.341893 0.063344 -0.177426
v -0.346687 0.063931 -0.110551
v -0.346513 0.057347 -0.172939
v -0.341877 0.069436 -0.150473
v -0.348337 0.056295 -0.138289
v -0.342697 0.070788 -0.118226
v -0.330372 0.027518 0.214532
v -0.332502 0.027057 0.169461
v -0.322184 0.026081 0.226649
v -0.336832 0.031316 0.180849
v -0.322868 0.028518 0.204736
v -0.337302 0.028089 0.157491
v -0.322024 0.025407 0.250819
v -0.323448 -0.028790 0.225428
v -0.321373 -0.017197 0.275030
v -0.321898 0.051631 0.214356
v -0.322877 -0.046631 0.264365
v -0.323243 0.018401 0.200704
v -0.313829 -0.025347 0.344131
v -0.310995 -0.082427 0.416525
v -0.316473 -0.045075 0.344199
v -0.306155 -0.032182 0.371966
v -0.317172 -0.079801 0.379749
v -0.303818 -0.055449 0.410681
v -0.303665 0.010501 0.314250
v -0.278959 0.014234 0.353629
v -0.302646 0.019075 0.295511
v -0.296164 -0.001222 0.349099
v -0.289505 0.021812 0.313105
v -0.283536 0.001855 0.371857
v -0.338840 0.053293 0.180460
v -0.340359 0.057997 0.107298
v -0.341542 0.045801 0.156775
v -0.333465 0.060492 0.167953
v -0.341853 0.048361 0.119191
v -0.334998 0.064475 0.132024
v 0.045434 0.502688 -0.194444
v 0.004699 0.350316 -0.149710
v 0.061482 0.505546 -0.204505
v 0.016575 0.400935 -0.169893
v 0.018970 0.425928 -0.173254
v 0.009901 0.360724 -0.152072
v -0.037221 0.586673 -0.253391
v -0.095692 0.622479 -0.306911
v -0.060083 0.571345 -0.245917
v -0.090729 0.581803 -0.271516
v -0.034063 0.615054 -0.276409
v -0.061078 0.636079 -0.310125
v -0.033715 0.497461 -0.191118
v -0.010909 0.338580 -0.135801
v -0.033255 0.466840 -0.172798
v -0.016807 0.388371 -0.145557
v -0.013801 0.420066 -0.169962
v -0.011819 0.350730 -0.147244
v 0.032300 0.589711 -0.255024
v 0.089809 0.626184 -0.308307
v 0.056046 0.575148 -0.249440
v 0.085899 0.587551 -0.273557
v 0.027230 0.616959 -0.278735
v 0.053941 0.639111 -0.310198
v -0.147364 0.174060 0.035150
v -0.208938 0.130718 0.061341
v -0.149345 0.178245 -0.003227
v -0.180422 0.157943 0.013631
v -0.173918 0.148818 0.088968
v -0.205325 0.127096 0.100115
v -0.008767 0.219416 -0.043632
v 0.004353 0.210621 -0.049368
v -0.006756 0.199468 0.015563
v 0.004588 0.196681 0.013875
v 0.001693 0.244307 -0.104910
v -0.005687 0.224478 -0.119152
v -0.131754 0.155012 0.169975
v -0.168550 0.100711 0.274166
v -0.120754 0.137396 0.217748
v -0.138847 0.114003 0.270117
v -0.161076 0.136758 0.177689
v -0.179757 0.109034 0.228213
v -0.449619 0.570505 -0.339783
v -0.244633 0.390290 -0.316300
v -0.304254 0.485574 -0.309512
v -0.245559 0.415586 -0.294134
v -0.411386 0.498286 -0.374206
v -0.278563 0.423514 -0.363725
v -0.071888 0.715509 -0.428277
v 0.072636 0.715113 -0.428321
v -0.037698 0.699497 -0.476116
v 0.038290 0.699280 -0.476077
v -0.031912 0.688391 -0.387070
v 0.029100 0.688044 -0.387688
v -0.278854 0.515787 -0.512349
v -0.277929 0.373987 -0.561246
v -0.253923 0.489712 -0.566308
v -0.262750 0.418578 -0.593078
v -0.298951 0.468853 -0.487886
v -0.282144 0.396696 -0.508371
v -0.276195 0.097813 -0.108473
v -0.285686 0.076765 -0.034207
v -0.254483 0.123203 -0.103336
v -0.259478 0.112128 -0.068433
v -0.303163 0.059045 -0.074834
v -0.306738 0.052335 -0.037266
v -0.275216 0.221265 -0.356959
v -0.287912 0.234069 -0.444534
v -0.285614 0.179199 -0.364298
v -0.289625 0.186825 -0.405138
v -0.275703 0.285454 -0.391137
v -0.282748 0.288633 -0.437763
v -0.327696 0.034124 -0.135228
v -0.341875 0.034017 -0.081111
v -0.334358 0.035968 -0.148705
v -0.341538 0.036437 -0.119837
v -0.331336 0.026972 -0.094218
v -0.337113 0.028184 -0.068235
v -0.281058 0.061883 0.190011
v -0.253060 0.057283 0.267959
v -0.290040 0.047258 0.222723
v -0.276418 0.047088 0.260289
v -0.251548 0.078434 0.190482
v -0.238601 0.075930 0.230747
v -0.335883 0.027789 0.057454
v -0.343749 0.032993 0.033245
v -0.340983 0.029152 0.082790
v -0.344329 0.032730 0.070735
v -0.335461 0.026590 0.020837
v -0.339647 0.027629 0.007869
v 0.139795 0.174296 0.038846
v 0.204099 0.128459 0.062937
v 0.140130 0.178142 0.001111
v 0.173232 0.155626 0.015821
v 0.170816 0.149785 0.092427
v 0.201743 0.125262 0.100863
v 0.131898 0.153423 0.170800
v 0.168799 0.101209 0.272810
v 0.121900 0.137161 0.215669
v 0.139272 0.114231 0.267884
v 0.161232 0.138421 0.178229
v 0.179424 0.109632 0.227407
v 0.451344 0.579117 -0.341327
v 0.244598 0.389583 -0.316166
v 0.303916 0.489365 -0.309770
v 0.247147 0.416280 -0.294045
v 0.420125 0.504797 -0.372321
v 0.279205 0.424534 -0.363821
v 0.277546 0.515402 -0.513644
v 0.277675 0.373112 -0.561538
v 0.254502 0.491046 -0.567290
v 0.262584 0.418437 -0.593518
v 0.298545 0.469477 -0.488272
v 0.282593 0.396379 -0.508640
v 0.270118 0.096872 -0.106242
v 0.279314 0.069095 -0.029391
v 0.250502 0.123017 -0.102495
v 0.253856 0.107298 -0.065286
v 0.294697 0.054433 -0.070578
v 0.298752 0.043323 -0.031926
v 0.275313 0.219517 -0.357036
v 0.289809 0.230249 -0.444202
v 0.286870 0.175974 -0.364355
v 0.293072 0.183167 -0.405498
v 0.275870 0.284468 -0.391976
v 0.282652 0.285704 -0.438007
v 0.315074 0.037017 -0.128796
v 0.332069 0.014925 -0.071146
v 0.324158 0.029079 -0.140226
v 0.330314 0.022247 -0.110857
v 0.322510 0.018705 -0.086829
v 0.329871 0.011422 -0.058616
v 0.278814 0.057097 0.195301
v 0.251130 0.058020 0.270145
v 0.284012 0.044992 0.227511
v 0.273118 0.045049 0.265438
v 0.250670 0.076158 0.193494
v 0.237848 0.075532 0.232452
v 0.328278 0.003100 0.070549
v 0.335655 0.004818 0.047270
v 0.331039 0.006035 0.096960
v 0.333092 0.007466 0.084919
v 0.329005 0.001282 0.033150
v 0.333372 0.001441 0.020735
v -0.067752 -0.582779 0.156916
v -0.112904 -0.581625 0.266911
v -0.108922 -0.576534 0.153594
v -0.130742 -0.572582 0.204060
v -0.046600 -0.589531 0.214866
v -0.069835 -0.591725 0.272104
v -0.071842 -0.573213 -0.112129
v -0.098416 -0.631970 -0.200921
v -0.100823 -0.648240 -0.109040
v -0.106894 -0.700316 -0.158108
v -0.051421 -0.541760 -0.151128
v -0.067095 -0.560838 -0.191450
v 0.066698 -0.584600 0.158426
v 0.112405 -0.582531 0.267343
v 0.110110 -0.575709 0.152575
v 0.129939 -0.571290 0.204796
v 0.046041 -0.590707 0.214860
v 0.069732 -0.592050 0.272891
v 0.071832 -0.573096 -0.112019
v 0.099113 -0.632843 -0.201257
v 0.101196 -0.647769 -0.108774
v 0.106311 -0.702008 -0.158369
v 0.051871 -0.542448 -0.151360
v 0.067657 -0.561146 -0.191829
v -0.285208 -0.442761 0.336775
v -0.308635 -0.322960 0.269383
v -0.283683 -0.417928 0.275266
v -0.297604 -0.364019 0.246529
v -0.301128 -0.404746 0.362298
v -0.309519 -0.339925 0.324620
v -0.052075 -0.620690 0.461356
v 0.051664 -0.620862 0.461333
v -0.030209 -0.596829 0.527961
v 0.030700 -0.597176 0.528295
v -0.024266 -0.604802 0.399765
v 0.024596 -0.602679 0.398961
v -0.318704 -0.553502 0.545641
v -0.319957 -0.377322 0.560888
v -0.322194 -0.557750 0.624665
v -0.317605 -0.449376 0.619970
v -0.317362 -0.453197 0.490368
v -0.321553 -0.381842 0.502730
v -0.310522 -0.411249 -0.278053
v -0.337076 -0.282212 -0.214965
v -0.346289 -0.455391 -0.249835
v -0.352216 -0.373989 -0.211256
v -0.295777 -0.309251 -0.275468
v -0.312517 -0.255693 -0.248201
v -0.040671 -0.450384 -0.284016
v 0.040798 -0.450153 -0.284025
v -0.019432 -0.399816 -0.309255
v 0.019753 -0.399778 -0.310005
v -0.020552 -0.485677 -0.253780
v 0.021435 -0.485763 -0.254028
v -0.190299 -0.251416 -0.323673
v -0.179622 -0.119387 -0.329463
v -0.157200 -0.205149 -0.338476
v -0.154355 -0.142173 -0.342351
v -0.224161 -0.220309 -0.316064
v -0.211677 -0.153463 -0.312812
v -0.337789 -0.128891 -0.013208
v -0.331715 -0.138011 0.061213
v -0.341464 -0.184277 0.001800
v -0.335981 -0.188045 0.041124
v -0.330317 -0.079188 0.007551
v -0.330748 -0.086903 0.044043
v -0.279846 -0.081251 -0.219124
v -0.234675 -0.045643 -0.273290
v -0.268722 -0.037041 -0.226167
v -0.251267 -0.025875 -0.256542
v -0.272698 -0.118219 -0.245073
v -0.246312 -0.095839 -0.270308
v -0.322528 0.013457 -0.059276
v -0.332503 0.071797 -0.034048
v -0.324387 0.049346 -0.076394
v -0.332539 0.069624 -0.065976
v -0.325246 0.011165 -0.026674
v -0.328151 0.043141 -0.012989
v -0.324759 -0.186927 0.318396
v -0.325241 -0.200280 0.415039
v -0.324970 -0.143041 0.329054
v -0.324046 -0.151800 0.373242
v -0.322456 -0.243372 0.356651
v -0.323979 -0.251636 0.407547
v -0.325865 -0.005761 0.113173
v -0.329872 0.078712 0.068829
v -0.325371 0.032417 0.127598
v -0.328859 0.075640 0.105217
v -0.326955 -0.001723 0.077057
v -0.327500 0.042663 0.054703
v 0.285130 -0.443306 0.335279
v 0.310717 -0.321845 0.271234
v 0.284112 -0.417200 0.276174
v 0.299063 -0.363295 0.248317
v 0.301890 -0.405377 0.361755
v 0.311295 -0.339523 0.326126
v 0.318203 -0.553640 0.542796
v 0.319715 -0.377554 0.558030
v 0.324119 -0.556462 0.619618
v 0.318788 -0.448108 0.615441
v 0.316675 -0.453436 0.488593
v 0.321702 -0.382115 0.501246
v 0.311624 -0.411733 -0.278328
v 0.336807 -0.281477 -0.215028
v 0.346670 -0.455176 -0.248815
v 0.352746 -0.373365 -0.210699
v 0.296267 -0.309841 -0.275163
v 0.313187 -0.255210 -0.248121
v 0.191012 -0.253918 -0.323246
v 0.180882 -0.122113 -0.328167
v 0.157795 -0.206331 -0.337970
v 0.155526 -0.144193 -0.342582
v 0.225017 -0.222351 -0.315320
v 0.212731 -0.156341 -0.312260
v 0.339451 -0.124842 -0.010580
v 0.333853 -0.134495 0.065629
v 0.344109 -0.181872 0.005078
v 0.339174 -0.184319 0.044178
v 0.329963 -0.073117 0.011457
v 0.329706 -0.081434 0.048777
v 0.281324 -0.073749 -0.216963
v 0.236273 -0.041723 -0.271251
v 0.270410 -0.026753 -0.223148
v 0.254737 -0.018419 -0.254501
v 0.273780 -0.115584 -0.244787
v 0.247841 -0.092997 -0.269675
v 0.310634 0.027650 -0.053787
v 0.315255 0.063341 -0.027952
v 0.309076 0.060708 -0.071832
v 0.314518 0.064035 -0.061200
v 0.314787 0.021868 -0.020871
v 0.312382 0.060156 -0.004724
v 0.326218 -0.190218 0.325845
v 0.325750 -0.203905 0.418825
v 0.325962 -0.148904 0.337618
v 0.326868 -0.155476 0.380536
v 0.325046 -0.244960 0.360558
v 0.324960 -0.253004 0.410997
v 0.322239 -0.005478 0.123381
v 0.318054 0.059277 0.077749
v 0.317614 0.029600 0.139541
v 0.311118 0.076762 0.115052
v 0.321721 0.002344 0.085538
v 0.316959 0.043132 0.065111
v 0.142166 -0.073745 0.701665
v 0.229853 -0.116092 0.661597
v 0.146519 -0.123184 0.717052
v 0.194492 -0.145570 0.696797
v 0.178463 -0.050135 0.665224
v 0.218638 -0.071409 0.645018
v -0.139036 -0.073611 0.702965
v -0.227743 -0.115707 0.663670
v -0.144504 -0.123321 0.718228
v -0.191964 -0.145841 0.698305
v -0.176212 -0.049989 0.666889
v -0.216452 -0.071216 0.647129
v 0.118712 0.038971 0.616984
v 0.166314 0.045295 0.531410
v 0.110121 0.063367 0.582052
v 0.133862 0.064325 0.540383
v 0.157378 0.020822 0.611751
v 0.178396 0.024179 0.565049
v -0.116848 0.037994 0.618904
v -0.164632 0.044760 0.531566
v -0.108662 0.063177 0.584149
v -0.132989 0.064038 0.541949
v -0.156522 0.019862 0.614236
v -0.178194 0.024325 0.567768
v 0.271646 -0.059995 0.521659
v 0.246338 -0.007871 0.481725
v 0.278232 -0.045188 0.477121
v 0.266825 -0.021271 0.459721
v 0.250231 -0.042617 0.550942
v 0.236314 -0.014480 0.528396
v -0.273303 -0.056960 0.521259
v -0.246637 -0.007577 0.480071
v -0.278204 -0.042786 0.472807
v -0.267528 -0.019355 0.455636
v -0.250042 -0.040735 0.551381
v -0.236373 -0.014172 0.528048
v 0.103992 0.006611 -0.568863
v 0.143308 0.013400 -0.487316
v 0.091421 0.008949 -0.519612
v 0.110563 0.010628 -0.484063
v 0.144748 0.013044 -0.577106
v 0.161922 0.016990 -0.530929
v -0.106015 0.007195 -0.569971
v -0.144136 0.012799 -0.488800
v -0.091666 0.008830 -0.521872
v -0.111637 0.009888 -0.485529
v -0.146577 0.013071 -0.579037
v -0.162325 0.017679 -0.533271
v 0.157862 0.048022 -0.727621
v 0.265352 0.093062 -0.729899
v 0.173293 0.090520 -0.773542
v 0.231360 0.117635 -0.775419
v 0.193587 0.032487 -0.686200
v 0.241114 0.053440 -0.686275
v -0.157833 0.048757 -0.730013
v -0.265668 0.094965 -0.731799
v -0.171291 0.091463 -0.775641
v -0.229990 0.118799 -0.776993
v -0.194805 0.033836 -0.689281
v -0.242909 0.055397 -0.689163
v 0.232319 0.041191 -0.465970
v 0.269263 0.076281 -0.534214
v 0.253372 0.053099 -0.449264
v 0.269876 0.070873 -0.478493
v 0.225633 0.041000 -0.517968
v 0.247500 0.057289 -0.557845
v -0.229812 0.040597 -0.469152
v -0.266664 0.077492 -0.536343
v -0.249854 0.052234 -0.451479
v -0.265356 0.071734 -0.480428
v -0.224085 0.041557 -0.520265
v -0.247003 0.057525 -0.560445
v -0.081982 0.353541 -0.151809
v -0.099927 0.399187 -0.162941
v -0.061044 0.391188 -0.161396
v -0.082895 0.437603 -0.174787
v -0.109588 0.277501 -0.136356
v -0.067644 0.344391 -0.149770
v -0.101382 0.262949 -0.126265
v -0.137739 0.350861 -0.168099
v -0.108551 0.438494 -0.182644
v -0.152039 0.390189 -0.193032
v -0.136963 0.271561 -0.146679
v -0.161084 0.338547 -0.185600
v -0.156881 0.250582 -0.151336
v -0.126852 0.236622 -0.116035
v -0.155639 0.230461 -0.129233
v 0.073573 0.361983 -0.146911
v 0.095445 0.407656 -0.162510
v 0.049517 0.401423 -0.153328
v 0.075831 0.447848 -0.173748
v 0.102306 0.281084 -0.136317
v 0.055153 0.352320 -0.140363
v 0.090860 0.265220 -0.125234
v 0.136525 0.356216 -0.168403
v 0.104986 0.446279 -0.185906
v 0.151325 0.394066 -0.196099
v 0.136277 0.275651 -0.148781
v 0.161246 0.341535 -0.186771
v 0.159007 0.254736 -0.153420
v 0.120159 0.237699 -0.117191
v 0.154586 0.232204 -0.130915
v -0.250927 -0.540956 0.045965
v -0.277600 -0.615492 -0.009956
v -0.219556 -0.559085 0.043888
v -0.239547 -0.652291 -0.010578
v -0.283160 -0.473942 0.065775
v -0.231143 -0.526290 0.083263
v -0.269610 -0.467589 0.107958
v -0.328197 -0.552044 -0.038996
v -0.285669 -0.698449 -0.034609
v -0.349825 -0.607226 -0.082915
v -0.316219 -0.455873 0.013024
v -0.347155 -0.513560 -0.069099
v -0.333687 -0.414702 -0.007908
v -0.290644 -0.432456 0.092683
v -0.319561 -0.401259 0.032885
v 0.251324 -0.540533 0.044678
v 0.278572 -0.614213 -0.012039
v 0.219885 -0.555190 0.042733
v 0.239761 -0.651108 -0.009594
v 0.284893 -0.473043 0.066239
v 0.232146 -0.526756 0.083645
v 0.270731 -0.466878 0.108295
v 0.329478 -0.549654 -0.039212
v 0.286437 -0.697760 -0.034116
v 0.350302 -0.604598 -0.082588
v 0.317687 -0.455220 0.012889
v 0.348510 -0.512076 -0.069166
v 0.334789 -0.414092 -0.006390
v 0.292405 -0.430497 0.093480
v 0.322014 -0.399093 0.034223
v 0.000971 -0.490931 0.693486
v -0.076728 -0.442051 0.704508
v -0.030599 -0.532250 0.681165
v -0.117590 -0.494589 0.697733
v 0.078410 -0.442457 0.704770
v 0.031592 -0.532296 0.681380
v 0.119254 -0.494899 0.696602
v 0.046830 -0.350833 0.722890
v -0.045184 -0.350547 0.723173
v 0.049698 -0.295784 0.737103
v -0.047777 -0.296138 0.736396
v 0.133474 -0.430242 0.702573
v 0.096293 -0.326528 0.723158
v -0.132925 -0.430424 0.703289
v -0.094288 -0.326864 0.722474
v 0.001594 0.123889 0.295671
v -0.032397 0.116949 0.345359
v -0.009016 0.135023 0.247208
v -0.045214 0.123122 0.301842
v 0.033845 0.116529 0.345168
v 0.012387 0.135905 0.244968
v 0.047052 0.121651 0.302002
v 0.024334 0.115381 0.430044
v -0.022378 0.115029 0.428984
v 0.028852 0.112853 0.479570
v -0.026204 0.113478 0.479523
v 0.058916 0.113417 0.351997
v 0.050596 0.110714 0.441018
v -0.056162 0.113716 0.351870
v -0.049117 0.110242 0.441735
v 0.000728 -0.158292 -0.398811
v -0.032394 -0.110984 -0.399351
v -0.014368 -0.202284 -0.393465
v -0.050701 -0.147675 -0.388881
v 0.033395 -0.111148 -0.398537
v 0.015180 -0.201827 -0.394270
v 0.051101 -0.147144 -0.390413
v 0.018748 -0.042935 -0.415299
v -0.018255 -0.041730 -0.415529
v 0.020472 -0.007536 -0.431118
v -0.020500 -0.006487 -0.431755
v 0.055628 -0.099009 -0.392827
v 0.038983 -0.026796 -0.415492
v -0.055695 -0.099068 -0.393560
v -0.039179 -0.024994 -0.416733
v 0.000266 0.500314 -0.672264
v -0.074339 0.434963 -0.697873
v -0.030960 0.558325 -0.648919
v -0.112517 0.482222 -0.673717
v 0.076943 0.434091 -0.698006
v 0.031155 0.557168 -0.647846
v 0.114328 0.482157 -0.673782
v 0.051287 0.336932 -0.745014
v -0.046298 0.336950 -0.745349
v 0.057330 0.276143 -0.773221
v -0.052089 0.275336 -0.773347
v 0.131386 0.413992 -0.702280
v 0.106315 0.311023 -0.759251
v -0.128997 0.414814 -0.702387
v -0.102276 0.310885 -0.759291
v 0.321351 0.053099 -0.290606
v 0.328575 0.047350 -0.231996
v 0.327505 0.046713 -0.297990
v 0.331810 0.038603 -0.231214
v 0.308671 0.055028 -0.250139
v 0.321799 0.057267 -0.209796
v 0.302540 0.051069 -0.229078
v 0.318038 0.061675 -0.185484
v 0.306769 0.059775 -0.301090
v 0.295630 0.048619 -0.264504
v 0.295395 0.059235 -0.320218
v 0.315418 0.067135 -0.324404
v 0.301971 0.066999 -0.337496
v 0.331024 0.043684 -0.200155
v 0.325040 0.058451 -0.178627
v 0.312663 0.013014 0.281586
v 0.322922 0.025021 0.245354
v 0.311317 0.016378 0.261153
v 0.322991 0.021486 0.219952
v 0.318232 -0.001775 0.308015
v 0.322768 0.037026 0.269840
v 0.319234 -0.013206 0.302508
v 0.319061 0.038571 0.255797
v 0.311041 -0.003379 0.323726
v 0.317071 -0.026623 0.331055
v 0.308399 -0.019436 0.352637
v 0.305442 0.011837 0.293663
v 0.302847 -0.006877 0.341568
v 0.326733 0.027197 0.210921
v 0.321964 0.044125 0.231452
v -0.317538 0.069008 -0.292189
v -0.331713 0.059134 -0.235982
v -0.321717 0.071880 -0.297129
v -0.337714 0.053580 -0.235727
v -0.302178 0.051341 -0.252472
v -0.324154 0.059236 -0.213415
v -0.297913 0.042186 -0.232505
v -0.321733 0.056695 -0.190178
v -0.300812 0.063762 -0.302825
v -0.289398 0.042747 -0.267319
v -0.288383 0.058761 -0.322058
v -0.310479 0.081125 -0.325058
v -0.295038 0.071003 -0.340006
v -0.339827 0.057391 -0.205516
v -0.334163 0.064351 -0.182830
v -0.322359 0.024664 0.266691
v -0.333851 0.038167 0.225522
v -0.322358 0.025707 0.247456
v -0.336178 0.033390 0.203276
v -0.323088 0.015877 0.290424
v -0.329193 0.050183 0.240605
v -0.321143 0.005248 0.284702
v -0.324669 0.052949 0.227777
v -0.316196 0.008364 0.309169
v -0.319196 -0.013865 0.314415
v -0.310837 -0.010869 0.338306
v -0.313213 0.019211 0.280599
v -0.307278 0.001851 0.328295
v -0.338582 0.042418 0.191745
v -0.330729 0.056631 0.205094
v 0.018057 0.540061 -0.203096
v -0.013619 0.554816 -0.219572
v 0.015507 0.521477 -0.196597
v -0.028315 0.535118 -0.213096
v -0.013887 0.538219 -0.206798
v 0.009888 0.557709 -0.224638
v -0.015601 0.533606 -0.195733
v 0.024072 0.542178 -0.214067
v 0.012618 0.528666 -0.197112
v 0.042539 0.526624 -0.201710
v 0.018380 0.484520 -0.188724
v -0.001638 0.578890 -0.239108
v -0.035200 0.560730 -0.231796
v -0.014583 0.596012 -0.255842
v -0.038966 0.534883 -0.201485
v -0.005618 0.482745 -0.189282
v 0.031379 0.565408 -0.232905
v 0.008584 0.597216 -0.256556
v -0.033338 0.266700 -0.115454
v -0.085000 0.213784 -0.046800
v -0.035282 0.295773 -0.130437
v -0.087413 0.223531 -0.078390
v -0.038796 0.202802 0.026857
v -0.081927 0.187430 0.101609
v -0.035189 0.185736 0.083264
v -0.074984 0.167262 0.151769
v -0.015831 0.243530 -0.096031
v -0.012222 0.326628 -0.141401
v -0.002708 0.297631 -0.127223
v -0.116344 0.195899 0.064053
v -0.117382 0.197652 -0.021903
v -0.145274 0.172203 0.077972
v -0.021614 0.201424 0.019335
v -0.005656 0.244089 -0.096237
v -0.102368 0.163478 0.161812
v -0.143347 0.171481 0.126116
v -0.169979 0.614903 -0.332733
v -0.283395 0.590226 -0.351253
v -0.157622 0.565538 -0.290076
v -0.241617 0.535699 -0.304353
v -0.197484 0.796841 -0.484095
v -0.221756 0.622935 -0.500195
v -0.138676 0.696587 -0.522660
v -0.204683 0.601550 -0.553293
v -0.143818 0.718703 -0.382963
v -0.127639 0.598113 -0.300618
v -0.095867 0.667628 -0.345881
v -0.338754 0.629705 -0.433546
v -0.325090 0.548784 -0.329295
v -0.440480 0.587099 -0.429822
v -0.111973 0.734422 -0.476263
v -0.091481 0.712223 -0.386390
v -0.242335 0.558376 -0.534322
v -0.328183 0.546331 -0.464494
v -0.231802 0.253615 -0.246357
v -0.243442 0.159481 -0.177943
v -0.218391 0.282879 -0.232433
v -0.223712 0.187471 -0.170040
v -0.278167 0.146330 -0.281728
v -0.301605 0.085791 -0.208437
v -0.296846 0.119731 -0.289888
v -0.319314 0.064303 -0.218008
v -0.255215 0.249049 -0.301918
v -0.233460 0.332054 -0.271713
v -0.258035 0.330167 -0.332969
v -0.289287 0.089601 -0.155868
v -0.248931 0.139536 -0.140011
v -0.296934 0.070259 -0.115253
v -0.280363 0.162770 -0.322833
v -0.266697 0.272577 -0.346502
v -0.323155 0.046695 -0.177086
v -0.313961 0.046138 -0.122724
v -0.240157 0.113300 0.033177
v -0.267247 0.094830 0.002780
v -0.210696 0.141507 -0.008038
v -0.237315 0.125974 -0.035542
v -0.311068 0.041947 0.150485
v -0.330394 0.028544 0.107115
v -0.318039 0.034655 0.178528
v -0.333836 0.027982 0.132470
v -0.266684 0.083236 0.111891
v -0.210048 0.136128 0.025248
v -0.237190 0.104869 0.107137
v -0.315067 0.041322 0.039228
v -0.264053 0.100653 -0.032503
v -0.311118 0.046527 0.000305
v -0.302183 0.045117 0.185676
v -0.260751 0.081910 0.149981
v -0.335900 0.027131 0.095120
v -0.327145 0.029516 0.031005
v 0.014923 0.263088 -0.102888
v 0.072168 0.213961 -0.039233
v 0.015647 0.293674 -0.115395
v 0.070704 0.224010 -0.074784
v 0.030965 0.197550 0.027909
v 0.078446 0.183282 0.102777
v 0.031481 0.180874 0.082423
v 0.073946 0.164122 0.152826
v -0.001297 0.234004 -0.093503
v -0.001733 0.319734 -0.123323
v -0.007734 0.285940 -0.123242
v 0.016041 0.195812 0.018511
v -0.006077 0.231346 -0.110727
v 0.112265 0.198578 0.068575
v 0.106016 0.197713 -0.016722
v 0.141846 0.174007 0.080468
v 0.101672 0.162723 0.162412
v 0.142896 0.172482 0.127358
v 0.165740 0.618600 -0.333427
v 0.275321 0.593759 -0.354055
v 0.153243 0.570338 -0.292114
v 0.238208 0.539847 -0.306752
v 0.197409 0.796048 -0.484042
v 0.221342 0.622867 -0.500733
v 0.138749 0.696189 -0.522419
v 0.204244 0.602498 -0.553521
v 0.142068 0.720739 -0.383652
v 0.122422 0.602774 -0.302422
v 0.091288 0.670170 -0.346240
v 0.111296 0.735266 -0.476575
v 0.088755 0.712939 -0.386196
v 0.328308 0.626977 -0.439495
v 0.320892 0.553652 -0.331595
v 0.439608 0.594758 -0.429528
v 0.241933 0.558388 -0.535583
v 0.326681 0.548132 -0.466416
v 0.233178 0.254207 -0.246203
v 0.243790 0.162678 -0.178346
v 0.219840 0.284241 -0.232915
v 0.222807 0.186371 -0.170621
v 0.279269 0.148782 -0.279688
v 0.297525 0.085970 -0.204733
v 0.296477 0.116818 -0.285944
v 0.311230 0.064079 -0.213020
v 0.257824 0.248954 -0.302119
v 0.232863 0.332463 -0.271634
v 0.260400 0.329851 -0.332878
v 0.284698 0.090232 -0.152941
v 0.246555 0.139573 -0.138941
v 0.289156 0.072494 -0.111373
v 0.281280 0.163331 -0.322159
v 0.267475 0.272012 -0.346343
v 0.313364 0.049714 -0.172115
v 0.305195 0.048645 -0.119030
v 0.236463 0.106156 0.036675
v 0.260291 0.086865 0.006344
v 0.206119 0.137147 -0.006084
v 0.232334 0.120375 -0.032552
v 0.299776 0.038142 0.154464
v 0.319822 0.012187 0.116016
v 0.307747 0.027571 0.185530
v 0.322971 0.011899 0.143999
v 0.265846 0.076089 0.117562
v 0.205624 0.131829 0.026775
v 0.234280 0.100770 0.109810
v 0.304785 0.029637 0.044749
v 0.256848 0.095446 -0.029292
v 0.302473 0.034206 0.007249
v 0.293598 0.041898 0.190448
v 0.260136 0.076162 0.155352
v 0.327018 0.006841 0.107378
v 0.323295 0.004551 0.043934
v -0.065994 -0.573765 0.057770
v -0.067890 -0.574936 -0.029334
v -0.107775 -0.573838 0.053695
v -0.109868 -0.604051 -0.028105
v 0.065578 -0.573340 0.058502
v 0.067864 -0.574407 -0.029713
v 0.108025 -0.571957 0.053730
v 0.109381 -0.603275 -0.028266
v -0.000213 -0.576712 0.109289
v -0.087501 -0.574427 0.103050
v -0.022738 -0.582997 0.161266
v -0.000199 -0.539844 -0.072422
v -0.089320 -0.597870 -0.069673
v -0.026423 -0.534090 -0.112511
v 0.086791 -0.574291 0.105331
v 0.022316 -0.583407 0.161756
v 0.089809 -0.597961 -0.070588
v 0.026356 -0.533988 -0.112553
v -0.176663 -0.556090 0.313838
v -0.240443 -0.521419 0.334843
v -0.188357 -0.538234 0.246529
v -0.241700 -0.492413 0.269163
v -0.128384 -0.771022 0.499614
v -0.275918 -0.768541 0.546420
v -0.093198 -0.754109 0.607339
v -0.245606 -0.763932 0.648830
v -0.119852 -0.599769 0.395092
v -0.152967 -0.562500 0.259526
v -0.093004 -0.589343 0.333201
v -0.283173 -0.563360 0.437519
v -0.264109 -0.471714 0.305354
v -0.293514 -0.477401 0.399989
v -0.077039 -0.670817 0.522736
v -0.073357 -0.606266 0.398588
v -0.311853 -0.685794 0.611902
v -0.308046 -0.519165 0.469369
v -0.172469 -0.696321 -0.276454
v -0.273353 -0.594208 -0.303049
v -0.212858 -0.782967 -0.228564
v -0.314827 -0.670281 -0.274218
v -0.098531 -0.412215 -0.308678
v -0.150240 -0.344888 -0.321597
v -0.074046 -0.351165 -0.332064
v -0.120728 -0.286929 -0.339610
v -0.104349 -0.534457 -0.264914
v -0.126626 -0.738138 -0.222150
v -0.083105 -0.562625 -0.230203
v -0.225855 -0.393067 -0.302589
v -0.320327 -0.533355 -0.281717
v -0.265731 -0.356975 -0.293690
v -0.058456 -0.405197 -0.309138
v -0.062233 -0.502082 -0.257133
v -0.155940 -0.273551 -0.331936
v -0.226336 -0.302218 -0.308407
v -0.353144 -0.230030 -0.141731
v -0.353598 -0.172472 -0.073744
v -0.362596 -0.306071 -0.131878
v -0.355358 -0.239337 -0.061360
v -0.300740 -0.053660 -0.163284
v -0.310909 -0.015611 -0.106342
v -0.290515 -0.010658 -0.173062
v -0.309698 0.016333 -0.122985
v -0.318818 -0.152830 -0.184381
v -0.352252 -0.299694 -0.174618
v -0.317333 -0.203708 -0.216090
v -0.328752 -0.064912 -0.060586
v -0.346093 -0.181415 -0.036382
v -0.331511 -0.074884 -0.027128
v -0.285389 -0.046138 -0.194711
v -0.297020 -0.137902 -0.216196
v -0.317029 0.017938 -0.090394
v -0.323957 -0.025391 -0.042107
v -0.317517 -0.256772 0.190950
v -0.326836 -0.194861 0.122016
v -0.312203 -0.301208 0.168417
v -0.326035 -0.245259 0.101933
v -0.326374 -0.121625 0.240778
v -0.325726 -0.058847 0.173569
v -0.325330 -0.081950 0.253858
v -0.324122 -0.019193 0.187536
v -0.321646 -0.221049 0.256518
v -0.309350 -0.310040 0.217939
v -0.316132 -0.278805 0.290075
v -0.327246 -0.096868 0.118558
v -0.330492 -0.190874 0.081364
v -0.330220 -0.089363 0.080840
v -0.324907 -0.132495 0.284452
v -0.322083 -0.232757 0.305525
v -0.325708 -0.009609 0.149169
v -0.325691 -0.046919 0.096630
v 0.177112 -0.557361 0.313273
v 0.240088 -0.520668 0.335182
v 0.188316 -0.538875 0.247487
v 0.242709 -0.490739 0.270195
v 0.127648 -0.771598 0.500291
v 0.274613 -0.768986 0.543503
v 0.093864 -0.754421 0.607490
v 0.247447 -0.764744 0.646455
v 0.120858 -0.600386 0.394100
v 0.152231 -0.563044 0.259561
v 0.094160 -0.588471 0.333250
v 0.078120 -0.672099 0.522955
v 0.072917 -0.606752 0.397468
v 0.282716 -0.563400 0.434938
v 0.264670 -0.471297 0.305319
v 0.293073 -0.477958 0.398778
v 0.312947 -0.685785 0.607697
v 0.306041 -0.519851 0.467123
v 0.173302 -0.697141 -0.276903
v 0.274004 -0.594496 -0.302376
v 0.213612 -0.782941 -0.228622
v 0.316472 -0.670466 -0.273776
v 0.100062 -0.411582 -0.309262
v 0.151786 -0.345262 -0.321446
v 0.075408 -0.352044 -0.330772
v 0.122200 -0.287625 -0.340645
v 0.104873 -0.534394 -0.264580
v 0.126729 -0.738431 -0.223021
v 0.083985 -0.563171 -0.230697
v 0.059088 -0.405219 -0.309468
v 0.062211 -0.503543 -0.257338
v 0.227624 -0.393825 -0.303582
v 0.320627 -0.533710 -0.281880
v 0.266174 -0.358168 -0.293200
v 0.156852 -0.274693 -0.331999
v 0.227350 -0.303376 -0.308666
v 0.351652 -0.228905 -0.141527
v 0.358531 -0.168677 -0.073753
v 0.362387 -0.305474 -0.131331
v 0.359549 -0.236649 -0.060374
v 0.300688 -0.043712 -0.162056
v 0.307104 -0.003902 -0.105343
v 0.291092 0.002811 -0.169835
v 0.302412 0.036907 -0.118700
v 0.317829 -0.149233 -0.183940
v 0.351038 -0.299063 -0.174123
v 0.317559 -0.202100 -0.215619
v 0.327603 -0.062499 -0.061125
v 0.349800 -0.177046 -0.033880
v 0.330006 -0.069755 -0.025286
v 0.287050 -0.036169 -0.193094
v 0.297789 -0.133291 -0.215946
v 0.306082 0.035178 -0.086139
v 0.319540 -0.017782 -0.040063
v 0.320724 -0.253793 0.194370
v 0.329527 -0.193317 0.126947
v 0.315200 -0.299237 0.171506
v 0.328446 -0.242573 0.105073
v 0.326172 -0.124265 0.251363
v 0.326182 -0.061864 0.184796
v 0.324901 -0.088790 0.267713
v 0.322221 -0.025431 0.202526
v 0.323612 -0.220971 0.262263
v 0.311332 -0.309079 0.220448
v 0.319383 -0.277641 0.292862
v 0.329346 -0.093697 0.126443
v 0.333201 -0.188749 0.085228
v 0.329860 -0.087546 0.086282
v 0.325761 -0.138241 0.294678
v 0.323781 -0.233654 0.311057
v 0.322088 -0.014805 0.162526
v 0.326773 -0.040906 0.105933
v 0.049869 -0.078142 0.741996
v -0.047698 -0.078487 0.742712
v 0.054287 -0.129631 0.783632
v -0.052839 -0.130242 0.784991
v 0.041399 0.042718 0.641642
v -0.040000 0.042396 0.642298
v 0.038354 0.068266 0.603505
v -0.036882 0.067694 0.604257
v 0.089448 -0.009819 0.681324
v 0.099709 -0.100338 0.737451
v 0.134439 -0.030338 0.676731
v -0.087151 -0.010501 0.682452
v -0.097117 -0.100701 0.738516
v -0.131930 -0.030845 0.678291
v 0.078360 0.054754 0.613990
v 0.126669 0.007584 0.648539
v -0.076540 0.054196 0.615480
v -0.124685 0.006672 0.650691
v 0.298128 -0.283444 0.601967
v 0.270298 -0.193986 0.637977
v 0.277395 -0.330574 0.645680
v 0.238138 -0.229661 0.673582
v 0.320477 -0.155722 0.466921
v 0.302446 -0.106661 0.501340
v 0.318152 -0.120977 0.425837
v 0.303194 -0.083433 0.459062
v 0.321921 -0.250390 0.510428
v 0.306042 -0.360214 0.607092
v 0.321523 -0.314037 0.507202
v 0.324719 -0.158419 0.423467
v 0.325191 -0.256078 0.461342
v 0.282320 -0.112178 0.586016
v 0.236800 -0.169143 0.671187
v 0.253457 -0.092561 0.618410
v 0.289440 -0.073341 0.491034
v 0.265707 -0.074517 0.570020
v -0.296928 -0.283275 0.604377
v -0.269177 -0.193698 0.639633
v -0.275682 -0.331636 0.646943
v -0.235821 -0.230574 0.675387
v -0.318827 -0.151707 0.462859
v -0.302253 -0.102765 0.498511
v -0.317480 -0.115240 0.418466
v -0.302699 -0.078676 0.451990
v -0.322506 -0.247750 0.509926
v -0.304530 -0.359611 0.609796
v -0.322144 -0.311831 0.507879
v -0.322904 -0.154498 0.418524
v -0.324976 -0.253443 0.459807
v -0.281772 -0.110640 0.587044
v -0.234104 -0.168824 0.672456
v -0.251733 -0.092270 0.619549
v -0.290679 -0.069113 0.487372
v -0.264557 -0.073398 0.570233
v 0.171284 0.078326 0.362868
v 0.169696 0.061275 0.448594
v 0.142223 0.090879 0.363310
v 0.140903 0.076848 0.453147
v 0.248037 0.038812 0.343287
v 0.245081 0.017583 0.413719
v 0.268867 0.028143 0.333184
v 0.264773 0.006775 0.396547
v 0.212230 0.068821 0.315377
v 0.156115 0.094579 0.317276
v 0.196671 0.087828 0.273308
v 0.261791 0.042203 0.304602
v 0.224655 0.072198 0.272377
v 0.210843 0.028046 0.473231
v 0.153173 0.062325 0.493919
v 0.195850 0.026233 0.519024
v 0.255633 -0.001051 0.438208
v 0.222510 0.008438 0.502165
v -0.171885 0.076624 0.365765
v -0.169217 0.060436 0.449132
v -0.142263 0.089448 0.365849
v -0.139250 0.075339 0.455476
v -0.251514 0.036926 0.343097
v -0.247026 0.017908 0.411703
v -0.272806 0.028839 0.329955
v -0.267764 0.008562 0.392797
v -0.213544 0.066332 0.317394
v -0.156161 0.093513 0.320145
v -0.198943 0.084609 0.276749
v -0.263998 0.041836 0.301153
v -0.227534 0.070918 0.275431
v -0.209730 0.027467 0.473356
v -0.151815 0.061376 0.494043
v -0.195040 0.026033 0.519473
v -0.257453 0.000356 0.435111
v -0.222665 0.008104 0.501212
v 0.036121 0.001672 -0.586547
v -0.036760 0.001601 -0.587217
v 0.030903 0.006071 -0.537622
v -0.032184 0.006715 -0.537856
v 0.055258 0.047811 -0.741924
v -0.052370 0.053985 -0.737085
v 0.061306 0.090742 -0.782424
v -0.056399 0.096918 -0.775319
v 0.090136 0.007973 -0.660417
v 0.065739 0.005446 -0.554830
v 0.122884 0.005141 -0.621708
v -0.090904 0.008315 -0.661079
v -0.067262 0.005598 -0.555451
v -0.123417 0.006037 -0.623727
v 0.113812 0.066189 -0.762082
v 0.140546 0.018876 -0.676016
v -0.111215 0.069017 -0.761929
v -0.142140 0.019460 -0.678292
v 0.150414 -0.037441 -0.352983
v 0.143283 -0.000458 -0.411297
v 0.126192 -0.053499 -0.364429
v 0.113799 -0.001859 -0.411554
v 0.224997 -0.001187 -0.323281
v 0.225254 0.022717 -0.389337
v 0.246511 0.013869 -0.309160
v 0.247008 0.033631 -0.374654
v 0.194990 -0.044547 -0.315225
v 0.151941 -0.087220 -0.345625
v 0.202461 -0.095917 -0.311520
v 0.238927 -0.010341 -0.288269
v 0.219733 -0.069986 -0.291849
v 0.187718 0.016824 -0.440923
v 0.127535 0.007473 -0.447238
v 0.175250 0.018823 -0.485400
v 0.239206 0.037450 -0.418931
v 0.205703 0.028154 -0.478491
v -0.150516 -0.035839 -0.353819
v -0.143744 0.000032 -0.413265
v -0.126496 -0.050083 -0.365476
v -0.115353 -0.000816 -0.414134
v -0.220311 -0.005040 -0.323526
v -0.221558 0.020010 -0.391642
v -0.241208 0.007131 -0.312691
v -0.241515 0.031149 -0.378095
v -0.194327 -0.044048 -0.315855
v -0.151812 -0.084637 -0.346414
v -0.200830 -0.094240 -0.311724
v -0.235832 -0.016382 -0.290697
v -0.218351 -0.069179 -0.292058
v -0.186899 0.016730 -0.443500
v -0.128133 0.006967 -0.449756
v -0.174718 0.019056 -0.487859
v -0.235608 0.035335 -0.420928
v -0.205002 0.029289 -0.481259
v 0.296893 0.279727 -0.642144
v 0.308282 0.180800 -0.717155
v 0.272305 0.318168 -0.675966
v 0.277112 0.213372 -0.760724
v 0.299006 0.175582 -0.492145
v 0.296090 0.121904 -0.526156
v 0.300528 0.143818 -0.446267
v 0.293381 0.105953 -0.471950
v 0.293094 0.263970 -0.535972
v 0.275519 0.347872 -0.618980
v 0.285891 0.326817 -0.524521
v 0.295873 0.182810 -0.448787
v 0.288277 0.278405 -0.485240
v 0.300150 0.110007 -0.632977
v 0.279739 0.147091 -0.757563
v 0.278537 0.080433 -0.668372
v 0.283999 0.092891 -0.505005
v 0.272643 0.080017 -0.597123
v -0.296848 0.281050 -0.644959
v -0.307391 0.182170 -0.719960
v -0.269742 0.319416 -0.678309
v -0.274518 0.214489 -0.763731
v -0.296534 0.179309 -0.493071
v -0.292364 0.125827 -0.527770
v -0.296072 0.149750 -0.446671
v -0.288800 0.109369 -0.473481
v -0.291428 0.267288 -0.537133
v -0.274885 0.348851 -0.618293
v -0.285179 0.328714 -0.525847
v -0.293665 0.186988 -0.448825
v -0.287071 0.281129 -0.485569
v -0.299096 0.110797 -0.637261
v -0.278085 0.148746 -0.760010
v -0.278529 0.082277 -0.671125
v -0.280256 0.095612 -0.505178
v -0.272002 0.081036 -0.599294
v 0.334178 0.027793 -0.056294
v 0.326084 0.050836 -0.041612
v 0.334637 0.031413 -0.094168
v 0.325579 0.053332 -0.076875
v 0.333485 0.025382 0.058289
v 0.326666 0.047079 0.069760
v 0.332452 0.026409 0.096805
v 0.325990 0.047781 0.109213
v 0.336839 0.014533 -0.005770
v 0.334122 0.020289 -0.083526
v 0.334362 0.008634 -0.031844
v 0.334356 0.014936 0.072744
v 0.335528 0.004743 0.008129
v 0.322400 0.056299 0.019195
v 0.319334 0.062738 -0.051834
v 0.315946 0.061409 0.006178
v 0.320572 0.058082 0.093256
v 0.318472 0.057787 0.042048
v -0.345042 0.052297 -0.065447
v -0.341363 0.069341 -0.049035
v -0.346937 0.054050 -0.102377
v -0.341972 0.070211 -0.084196
v -0.344227 0.050683 0.045872
v -0.338409 0.071270 0.057283
v -0.343762 0.049840 0.081655
v -0.335945 0.068300 0.094893
v -0.343907 0.042789 -0.016547
v -0.345014 0.043317 -0.092281
v -0.341764 0.034184 -0.042160
v -0.344105 0.041579 0.057419
v -0.342568 0.032951 -0.004219
v -0.336434 0.075084 0.009929
v -0.337217 0.072927 -0.058552
v -0.332046 0.073464 -0.000436
v -0.332619 0.078432 0.081865
v -0.330652 0.077871 0.033371
v -0.015071 0.429880 -0.174100
v -0.026172 0.374709 -0.158924
v -0.071987 0.511325 -0.208061
v -0.102750 0.515414 -0.225224
v 0.008456 0.426065 -0.176056
v -0.082268 0.545636 -0.238083
v -0.120622 0.213700 -0.079726
v -0.151391 0.192898 -0.061399
v -0.150335 0.185197 -0.034261
v -0.205588 0.429866 -0.250163
v -0.203346 0.370513 -0.234254
v -0.234159 0.425341 -0.273127
v -0.203917 0.189324 -0.130629
v -0.205414 0.171602 -0.100387
v -0.231275 0.149098 -0.101170
v -0.004325 0.445597 -0.156420
v 0.001813 0.385662 -0.133817
v 0.067829 0.519133 -0.210935
v 0.098257 0.522818 -0.228674
v -0.020949 0.429026 -0.151099
v 0.077421 0.552979 -0.239942
v 0.109584 0.213686 -0.077383
v 0.143486 0.191330 -0.060479
v 0.142433 0.184110 -0.032724
v 0.205729 0.432502 -0.251805
v 0.204809 0.372007 -0.236422
v 0.235428 0.426910 -0.273473
v 0.202942 0.187271 -0.131169
v 0.204032 0.170642 -0.099861
v 0.228360 0.146721 -0.100044
v -0.165517 -0.555064 0.090477
v -0.182392 -0.543091 0.139828
v -0.169295 -0.708203 -0.051003
v -0.202135 -0.790569 -0.091649
v -0.147724 -0.560607 0.147534
v -0.126979 -0.749469 -0.095842
v -0.271393 -0.435750 0.189040
v -0.290798 -0.392222 0.167479
v -0.285532 -0.400987 0.219421
v -0.367286 -0.577815 -0.181393
v -0.367716 -0.473450 -0.148684
v -0.364270 -0.477150 -0.203028
v -0.342959 -0.299872 -0.004218
v -0.333656 -0.295916 0.037259
v -0.339237 -0.242129 0.018866
v 0.164488 -0.556487 0.092686
v 0.183218 -0.541915 0.140135
v 0.170181 -0.706328 -0.052972
v 0.202633 -0.790353 -0.090709
v 0.147293 -0.559781 0.147806
v 0.127461 -0.749017 -0.094008
v 0.273081 -0.434685 0.189337
v 0.292469 -0.390999 0.168496
v 0.286025 -0.400401 0.220981
v 0.366714 -0.574939 -0.178617
v 0.367356 -0.471252 -0.146895
v 0.364930 -0.475751 -0.200755
v 0.344874 -0.298441 -0.002431
v 0.334801 -0.294451 0.039415
v 0.342014 -0.239768 0.021274
v -0.033223 -0.570763 0.633545
v 0.033786 -0.572574 0.634981
v -0.238128 -0.561892 0.698473
v -0.240980 -0.460702 0.687582
v -0.000147 -0.560416 0.586767
v -0.291013 -0.517913 0.668606
v 0.241833 -0.562925 0.697757
v 0.245930 -0.461397 0.686339
v 0.293805 -0.516246 0.665303
v 0.099925 -0.210339 0.740696
v 0.149324 -0.236285 0.721261
v -0.099784 -0.209817 0.744345
v -0.147181 -0.237163 0.720812
v 0.148514 -0.178197 0.722393
v -0.147040 -0.178557 0.723284
v -0.009550 0.166611 0.137087
v 0.008401 0.165791 0.135806
v -0.082341 0.128322 0.261424
v -0.096898 0.112260 0.315431
v -0.000503 0.182477 0.076055
v -0.109665 0.121468 0.267369
v 0.082671 0.129643 0.258060
v 0.098603 0.113317 0.310628
v 0.110458 0.123497 0.262856
v 0.065609 0.095171 0.537042
v 0.090622 0.094316 0.499665
v -0.065089 0.095753 0.538361
v -0.088633 0.093337 0.498068
v 0.100666 0.082032 0.543494
v -0.099777 0.082070 0.544166
v -0.017171 -0.300183 -0.363948
v 0.019143 -0.300387 -0.363414
v -0.099882 -0.178057 -0.364920
v -0.102080 -0.121008 -0.369690
v 0.000564 -0.350860 -0.337351
v -0.127951 -0.161225 -0.354444
v 0.100531 -0.178653 -0.364929
v 0.102813 -0.122997 -0.370263
v 0.128884 -0.163370 -0.353903
v 0.049747 0.011992 -0.468130
v 0.069007 0.006059 -0.441000
v -0.050294 0.010001 -0.469645
v -0.069766 0.006493 -0.442236
v 0.079243 0.009697 -0.477945
v -0.080506 0.010970 -0.479139
v -0.036084 0.662569 -0.580231
v 0.036992 0.662250 -0.579988
v -0.210200 0.509007 -0.645594
v -0.217064 0.430715 -0.669109
v 0.000687 0.687254 -0.528850
v -0.240441 0.465664 -0.624640
v 0.210664 0.509761 -0.645518
v 0.218826 0.430435 -0.667680
v 0.240870 0.465805 -0.622716
v 0.128173 0.179106 -0.819619
v 0.185039 0.216168 -0.815753
v -0.122219 0.178846 -0.821562
v -0.179534 0.215934 -0.816242
v 0.183903 0.147541 -0.807289
v -0.179993 0.148058 -0.808229
v 0.309329 0.100586 -0.330586
v 0.306246 0.111142 -0.366153
v 0.329593 0.032283 -0.189362
v 0.332350 0.032804 -0.159182
v 0.298683 0.140275 -0.366362
v 0.329540 0.027959 -0.150635
v 0.284059 0.025413 -0.222154
v 0.275004 0.025500 -0.258317
v 0.313532 0.064809 -0.128180
v 0.320067 0.063702 -0.120374
v 0.270159 0.003657 -0.238799
v 0.314176 0.065536 -0.094969
v 0.276287 0.059029 -0.381258
v 0.286888 0.073416 -0.404144
v 0.272078 0.064531 -0.427576
v 0.301127 0.024812 0.247706
v 0.293041 0.024843 0.284175
v 0.329263 0.014621 0.159506
v 0.331356 0.018889 0.148457
v 0.288602 0.034326 0.257633
v 0.332590 0.011584 0.122668
v 0.322086 -0.068054 0.318049
v 0.319929 -0.080467 0.353071
v 0.313834 0.049582 0.199468
v 0.317563 0.054607 0.174391
v 0.323923 -0.111719 0.348025
v 0.316593 0.057096 0.156615
v 0.295745 -0.036179 0.410152
v 0.287966 -0.017458 0.396466
v 0.283547 -0.031687 0.435388
v -0.306471 0.110353 -0.331425
v -0.302454 0.119521 -0.367468
v -0.340410 0.042258 -0.197327
v -0.345334 0.048446 -0.166670
v -0.295929 0.146574 -0.367743
v -0.340671 0.040695 -0.157927
v -0.280010 0.013703 -0.225618
v -0.268983 0.016095 -0.260719
v -0.325344 0.057493 -0.132929
v -0.337263 0.070331 -0.124224
v -0.266548 -0.005183 -0.240966
v -0.330127 0.066017 -0.099140
v -0.269503 0.057100 -0.384333
v -0.279691 0.074186 -0.405731
v -0.266627 0.064882 -0.430877
v -0.310636 0.029603 0.239004
v -0.298557 0.027100 0.274368
v -0.341406 0.031343 0.145120
v -0.344878 0.039038 0.132245
v -0.297783 0.036639 0.251075
v -0.343064 0.032228 0.107937
v -0.322484 -0.060593 0.303838
v -0.319883 -0.071674 0.340714
v -0.323529 0.060763 0.177473
v -0.326599 0.065918 0.154247
v -0.323524 -0.105527 0.336548
v -0.323801 0.066794 0.141553
v -0.296368 -0.032406 0.400357
v -0.290244 -0.013250 0.387195
v -0.283174 -0.027960 0.428919
v 0.004346 0.361574 -0.154978
v -0.004863 0.357122 -0.153480
v -0.000645 0.296110 -0.136925
v -0.022803 0.641049 -0.308760
v 0.016203 0.642172 -0.312106
v -0.002224 0.665501 -0.347622
v -0.198914 0.122160 0.140642
v -0.190639 0.116367 0.183848
v -0.220369 0.096695 0.188575
v -0.292760 0.431610 -0.411850
v -0.286959 0.418281 -0.462150
v -0.281355 0.352964 -0.426887
v -0.326828 0.026924 -0.043265
v -0.331754 0.025532 -0.055457
v -0.333845 0.024738 -0.016819
v 0.197357 0.122449 0.141339
v 0.190030 0.117407 0.183897
v 0.220688 0.096636 0.189813
v 0.294732 0.431888 -0.411794
v 0.287078 0.417788 -0.461692
v 0.279712 0.352710 -0.427084
v 0.316683 0.017073 -0.035117
v 0.325677 0.010240 -0.046613
v 0.328245 0.003713 -0.005256
v -0.023675 -0.592793 0.276168
v 0.023163 -0.593361 0.276128
v 0.000193 -0.596100 0.337756
v -0.024207 -0.523397 -0.187724
v 0.025253 -0.523208 -0.188027
v 0.000004 -0.509813 -0.222046
v -0.313255 -0.357546 0.382152
v -0.317788 -0.373176 0.441874
v -0.320272 -0.304474 0.397567
v -0.281802 -0.222523 -0.275282
v -0.247889 -0.186962 -0.297333
v -0.263125 -0.153758 -0.271638
v -0.327730 -0.037898 0.025123
v -0.326819 0.005409 0.006955
v -0.327253 0.001846 0.040966
v 0.313513 -0.358009 0.382765
v 0.317784 -0.373622 0.441143
v 0.321826 -0.305623 0.398545
v 0.281377 -0.223527 -0.274550
v 0.248785 -0.188915 -0.297061
v 0.264333 -0.152384 -0.271893
v 0.324907 -0.028507 0.030644
v 0.317473 0.018534 0.013387
v 0.320031 0.012847 0.048383
v 0.206839 -0.032479 0.624148
v 0.193418 -0.000263 0.597807
v 0.223883 -0.022398 0.576537
v -0.205082 -0.032756 0.626135
v -0.192262 -0.000760 0.600160
v -0.223704 -0.022036 0.577991
v 0.184860 0.021905 -0.578735
v 0.211810 0.031819 -0.633015
v 0.219285 0.038935 -0.572803
v -0.185684 0.023350 -0.582486
v -0.214035 0.032023 -0.636259
v -0.218499 0.039275 -0.574650
f 1 647 644
f 1 644 643
f 1 643 645
f 1 645 646
f 1 646 647
f 2 649 652
f 6 672 670
f 12 702 699
f 11 696 695
f 8 679 681
f 4 662 659
f 4 659 658
f 4 658 660
f 4 660 661
f 4 661 662
f 5 666 665
f 3 654 657
f 7 673 677
f 9 685 686
f 10 692 688
f 12 701 698
f 6 669 668
f 2 650 648
f 8 682 678
f 11 697 693
f 6 671 669
f 12 700 701
f 11 694 697
f 8 680 682
f 2 651 650
f 10 690 689
f 5 663 664
f 3 655 653
f 7 676 674
f 9 687 684
f 10 691 690
f 5 667 663
f 3 656 655
f 7 675 676
f 9 683 687
f 6 668 672
f 2 648 649
f 8 678 679
f 11 693 696
f 12 698 702
f 10 688 691
f 5 665 667
f 3 657 656
f 7 677 675
f 9 686 683
f 5 664 666
f 3 653 654
f 7 674 673
f 9 684 685
f 10 689 692
f 6 670 671
f 12 699 700
f 11 695 694
f 8 681 680
f 2 652 651
f 35 837 838
f 18 735 736
f 19 742 741
f 40 868 867
f 42 880 879
f 34 832 831
f 33 827 828
f 25 778 780
f 36 844 846
f 20 749 747
f 32 819 820
f 23 765 767
f 24 773 771
f 37 850 849
f 41 876 875
f 34 833 834
f 33 826 825
f 25 779 777
f 36 845 843
f 20 748 750
f 17 729 727
f 14 711 709
f 13 706 703
f 15 718 715
f 16 724 721
f 18 737 733
f 35 839 835
f 42 882 878
f 40 870 866
f 19 744 740
f 30 807 805
f 27 789 787
f 22 762 758
f 28 797 793
f 29 802 799
f 32 821 817
f 23 766 763
f 24 774 770
f 37 852 848
f 41 874 872
f 35 838 836
f 18 736 734
f 19 741 739
f 40 867 865
f 42 879 877
f 34 831 829
f 33 828 824
f 25 780 776
f 36 846 842
f 20 747 745
f 32 820 818
f 23 767 764
f 24 771 769
f 37 849 847
f 41 875 871
f 34 834 830
f 33 825 823
f 25 777 775
f 36 843 841
f 20 750 746
f 14 714 710
f 13 707 704
f 15 719 716
f 16 725 722
f 17 732 728
f 21 755 752
f 31 814 811
f 26 784 781
f 38 857 853
f 39 862 860
f 27 792 788
f 22 759 757
f 28 796 794
f 29 803 800
f 30 810 806
f 31 815 812
f 26 785 782
f 38 856 854
f 39 863 859
f 21 754 751
f 14 712 714
f 13 705 707
f 15 717 719
f 16 723 725
f 17 730 732
f 21 753 755
f 31 816 814
f 26 786 784
f 38 858 857
f 39 861 862
f 27 791 792
f 22 761 759
f 28 795 796
f 29 801 803
f 30 808 810
f 31 813 815
f 26 783 785
f 38 855 856
f 39 864 863
f 21 756 754
f 14 709 712
f 13 703 705
f 15 715 717
f 16 721 723
f 17 727 730
f 21 751 753
f 31 812 816
f 26 782 786
f 38 854 858
f 39 859 861
f 27 787 791
f 22 758 761
f 28 793 795
f 29 799 801
f 30 805 808
f 31 811 813
f 26 781 783
f 38 853 855
f 39 860 864
f 21 752 756
f 17 728 731
f 14 710 713
f 13 704 708
f 15 716 720
f 16 722 726
f 18 734 738
f 35 836 840
f 42 877 881
f 40 865 869
f 19 739 743
f 30 806 809
f 27 788 790
f 22 757 760
f 28 794 798
f 29 800 804
f 32 818 822
f 23 764 768
f 24 769 772
f 37 847 851
f 41 871 873
f 35 835 837
f 18 733 735
f 19 740 742
f 40 866 868
f 42 878 880
f 34 830 832
f 33 823 827
f 25 775 778
f 36 841 844
f 20 746 749
f 32 817 819
f 23 763 765
f 24 770 773
f 37 848 850
f 41 872 876
f 34 829 833
f 33 824 826
f 25 776 779
f 36 842 845
f 20 745 748
f 17 731 729
f 14 713 711
f 13 708 706
f 15 720 718
f 16 726 724
f 18 738 737
f 35 840 839
f 42 881 882
f 40 869 870
f 19 743 744
f 30 809 807
f 27 790 789
f 22 760 762
f 28 798 797
f 29 804 802
f 32 822 821
f 23 768 766
f 24 772 774
f 37 851 852
f 41 873 874
f 107 1269 1270
f 103 1245 1246
f 104 1252 1251
f 110 1288 1287
f 113 1306 1305
f 118 1336 1335
f 154 1551 1552
f 141 1473 1474
f 162 1599 1600
f 121 1354 1353
f 142 1479 1480
f 129 1401 1402
f 130 1408 1407
f 144 1492 1491
f 146 1504 1503
f 151 1533 1534
f 131 1414 1413
f 136 1444 1443
f 161 1594 1593
f 126 1383 1384
f 116 1323 1324
f 108 1275 1276
f 106 1263 1264
f 112 1299 1300
f 115 1317 1318
f 119 1341 1342
f 156 1564 1563
f 139 1462 1461
f 160 1588 1587
f 120 1347 1348
f 149 1521 1522
f 132 1420 1419
f 128 1395 1396
f 145 1497 1498
f 148 1515 1516
f 155 1557 1558
f 133 1425 1426
f 134 1431 1432
f 157 1570 1569
f 124 1372 1371
f 109 1282 1281
f 105 1258 1257
f 111 1294 1293
f 114 1312 1311
f 117 1330 1329
f 125 1378 1377
f 152 1540 1539
f 137 1449 1450
f 158 1575 1576
f 123 1365 1366
f 143 1486 1485
f 127 1390 1389
f 135 1437 1438
f 147 1510 1509
f 150 1528 1527
f 153 1546 1545
f 140 1468 1467
f 138 1455 1456
f 159 1581 1582
f 122 1359 1360
f 107 1272 1271
f 103 1248 1247
f 104 1253 1254
f 110 1289 1290
f 113 1307 1308
f 118 1337 1338
f 154 1554 1553
f 141 1476 1475
f 162 1602 1601
f 121 1355 1356
f 142 1482 1481
f 129 1404 1403
f 130 1409 1410
f 144 1493 1494
f 146 1505 1506
f 151 1536 1535
f 131 1415 1416
f 136 1445 1446
f 161 1595 1596
f 126 1386 1385
f 47 909 907
f 44 891 889
f 43 886 883
f 45 898 895
f 46 904 901
f 49 922 919
f 72 1060 1057
f 102 1240 1237
f 96 1204 1201
f 79 1102 1099
f 62 999 997
f 59 981 979
f 58 976 973
f 60 988 985
f 61 994 991
f 66 1024 1021
f 54 952 949
f 73 1066 1063
f 85 1138 1135
f 92 1179 1177
f 101 1233 1231
f 69 1041 1039
f 50 927 925
f 82 1119 1117
f 97 1209 1207
f 71 1053 1051
f 100 1228 1225
f 94 1192 1189
f 80 1108 1105
f 51 933 931
f 90 1167 1165
f 63 1005 1003
f 55 957 955
f 76 1083 1081
f 87 1150 1147
f 91 1174 1171
f 67 1029 1027
f 56 963 961
f 75 1077 1075
f 83 1126 1123
f 68 1036 1033
f 48 915 913
f 78 1095 1093
f 93 1185 1183
f 98 1216 1213
f 88 1155 1153
f 65 1018 1015
f 57 970 967
f 77 1090 1087
f 86 1143 1141
f 64 1012 1009
f 53 945 943
f 74 1071 1069
f 84 1131 1129
f 89 1162 1159
f 70 1047 1045
f 99 1221 1219
f 95 1197 1195
f 81 1114 1111
f 52 940 937
f 109 1284 1280
f 105 1260 1256
f 111 1296 1292
f 114 1314 1310
f 117 1332 1328
f 125 1380 1376
f 152 1542 1538
f 137 1451 1447
f 158 1577 1573
f 123 1367 1363
f 143 1488 1484
f 127 1392 1388
f 135 1439 1435
f 147 1512 1508
f 150 1530 1526
f 153 1548 1544
f 140 1470 1466
f 138 1457 1453
f 159 1583 1579
f 122 1361 1357
f 107 1270 1268
f 103 1246 1244
f 104 1251 1249
f 110 1287 1285
f 113 1305 1303
f 118 1335 1333
f 154 1552 1550
f 141 1474 1472
f 162 1600 1598
f 121 1353 1351
f 142 1480 1478
f 129 1402 1400
f 130 1407 1405
f 144 1491 1489
f 146 1503 1501
f 151 1534 1532
f 131 1413 1411
f 136 1443 1441
f 161 1593 1591
f 126 1384 1382
f 116 1324 1322
f 108 1276 1274
f 106 1264 1262
f 112 1300 1298
f 115 1318 1316
f 119 1342 1340
f 156 1563 1561
f 139 1461 1459
f 160 1587 1585
f 120 1348 1346
f 149 1522 1520
f 132 1419 1417
f 128 1396 1394
f 145 1498 1496
f 148 1516 1514
f 155 1558 1556
f 133 1426 1424
f 134 1432 1430
f 157 1569 1567
f 124 1371 1369
f 109 1281 1279
f 105 1257 1255
f 111 1293 1291
f 114 1311 1309
f 117 1329 1327
f 125 1377 1375
f 152 1539 1537
f 137 1450 1448
f 158 1576 1574
f 123 1366 1364
f 143 1485 1483
f 127 1389 1387
f 135 1438 1436
f 147 1509 1507
f 150 1527 1525
f 153 1545 1543
f 140 1467 1465
f 138 1456 1454
f 159 1582 1580
f 122 1360 1358
f 107 1271 1267
f 103 1247 1243
f 104 1254 1250
f 110 1290 1286
f 113 1308 1304
f 118 1338 1334
f 154 1553 1549
f 141 1475 1471
f 162 1601 1597
f 121 1356 1352
f 142 1481 1477
f 129 1403 1399
f 130 1410 1406
f 144 1494 1490
f 146 1506 1502
f 151 1535 1531
f 131 1416 1412
f 136 1446 1442
f 161 1596 1592
f 126 1385 1381
f 44 894 890
f 43 887 884
f 45 899 896
f 46 905 902
f 47 912 908
f 52 941 938
f 70 1050 1046
f 99 1224 1220
f 95 1200 1196
f 81 1115 1112
f 59 984 980
f 58 977 974
f 60 989 986
f 61 995 992
f 62 1002 998
f 65 1019 1016
f 57 971 968
f 77 1091 1088
f 86 1146 1142
f 88 1158 1154
f 98 1217 1214
f 68 1037 1034
f 48 918 914
f 78 1098 1094
f 93 1188 1184
f 69 1044 1040
f 101 1236 1232
f 97 1212 1208
f 82 1122 1118
f 50 930 926
f 89 1163 1160
f 64 1013 1010
f 53 948 944
f 74 1074 1070
f 84 1134 1130
f 90 1170 1166
f 63 1008 1004
f 55 960 956
f 76 1086 1082
f 87 1151 1148
f 72 1061 1058
f 49 923 920
f 79 1103 1100
f 96 1205 1202
f 102 1241 1238
f 91 1175 1172
f 67 1032 1028
f 56 966 962
f 75 1080 1076
f 83 1127 1124
f 66 1025 1022
f 54 953 950
f 73 1067 1064
f 85 1139 1136
f 92 1182 1178
f 71 1056 1052
f 100 1229 1226
f 94 1193 1190
f 80 1109 1106
f 51 936 932
f 116 1325 1321
f 108 1277 1273
f 106 1265 1261
f 112 1301 1297
f 115 1319 1315
f 119 1343 1339
f 156 1566 1562
f 139 1464 1460
f 160 1590 1586
f 120 1349 1345
f 149 1523 1519
f 132 1422 1418
f 128 1397 1393
f 145 1499 1495
f 148 1517 1513
f 155 1559 1555
f 133 1427 1423
f 134 1433 1429
f 157 1572 1568
f 124 1374 1370
f 44 892 894
f 43 885 887
f 45 897 899
f 46 903 905
f 47 910 912
f 52 939 941
f 70 1048 1050
f 99 1222 1224
f 95 1198 1200
f 81 1113 1115
f 59 982 984
f 58 975 977
f 60 987 989
f 61 993 995
f 62 1000 1002
f 65 1017 1019
f 57 969 971
f 77 1089 1091
f 86 1144 1146
f 88 1156 1158
f 98 1215 1217
f 68 1035 1037
f 48 916 918
f 78 1096 1098
f 93 1186 1188
f 69 1042 1044
f 101 1234 1236
f 97 1210 1212
f 82 1120 1122
f 50 928 930
f 89 1161 1163
f 64 1011 1013
f 53 946 948
f 74 1072 1074
f 84 1132 1134
f 90 1168 1170
f 63 1006 1008
f 55 958 960
f 76 1084 1086
f 87 1149 1151
f 72 1059 1061
f 49 921 923
f 79 1101 1103
f 96 1203 1205
f 102 1239 1241
f 91 1173 1175
f 67 1030 1032
f 56 964 966
f 75 1078 1080
f 83 1125 1127
f 66 1023 1025
f 54 951 953
f 73 1065 1067
f 85 1137 1139
f 92 1180 1182
f 71 1054 1056
f 100 1227 1229
f 94 1191 1193
f 80 1107 1109
f 51 934 936
f 116 1326 1325
f 108 1278 1277
f 106 1266 1265
f 112 1302 1301
f 115 1320 1319
f 119 1344 1343
f 156 1565 1566
f 139 1463 1464
f 160 1589 1590
f 120 1350 1349
f 149 1524 1523
f 132 1421 1422
f 128 1398 1397
f 145 1500 1499
f 148 1518 1517
f 155 1560 1559
f 133 1428 1427
f 134 1434 1433
f 157 1571 1572
f 124 1373 1374
f 44 889 892
f 43 883 885
f 45 895 897
f 46 901 903
f 47 907 910
f 52 937 939
f 70 1045 1048
f 99 1219 1222
f 95 1195 1198
f 81 1111 1113
f 59 979 982
f 58 973 975
f 60 985 987
f 61 991 993
f 62 997 1000
f 65 1015 1017
f 57 967 969
f 77 1087 1089
f 86 1141 1144
f 88 1153 1156
f 98 1213 1215
f 68 1033 1035
f 48 913 916
f 78 1093 1096
f 93 1183 1186
f 69 1039 1042
f 101 1231 1234
f 97 1207 1210
f 82 1117 1120
f 50 925 928
f 89 1159 1161
f 64 1009 1011
f 53 943 946
f 74 1069 1072
f 84 1129 1132
f 90 1165 1168
f 63 1003 1006
f 55 955 958
f 76 1081 1084
f 87 1147 1149
f 72 1057 1059
f 49 919 921
f 79 1099 1101
f 96 1201 1203
f 102 1237 1239
f 91 1171 1173
f 67 1027 1030
f 56 961 964
f 75 1075 1078
f 83 1123 1125
f 66 1021 1023
f 54 949 951
f 73 1063 1065
f 85 1135 1137
f 92 1177 1180
f 71 1051 1054
f 100 1225 1227
f 94 1189 1191
f 80 1105 1107
f 51 931 934
f 116 1322 1326
f 108 1274 1278
f 106 1262 1266
f 112 1298 1302
f 115 1316 1320
f 119 1340 1344
f 156 1561 1565
f 139 1459 1463
f 160 1585 1589
f 120 1346 1350
f 149 1520 1524
f 132 1417 1421
f 128 1394 1398
f 145 1496 1500
f 148 1514 1518
f 155 1556 1560
f 133 1424 1428
f 134 1430 1434
f 157 1567 1571
f 124 1369 1373
f 47 908 911
f 44 890 893
f 43 884 888
f 45 896 900
f 46 902 906
f 49 920 924
f 72 1058 1062
f 102 1238 1242
f 96 1202 1206
f 79 1100 1104
f 62 998 1001
f 59 980 983
f 58 974 978
f 60 986 990
f 61 992 996
f 66 1022 1026
f 54 950 954
f 73 1064 1068
f 85 1136 1140
f 92 1178 1181
f 101 1232 1235
f 69 1040 1043
f 50 926 929
f 82 1118 1121
f 97 1208 1211
f 71 1052 1055
f 100 1226 1230
f 94 1190 1194
f 80 1106 1110
f 51 932 935
f 90 1166 1169
f 63 1004 1007
f 55 956 959
f 76 1082 1085
f 87 1148 1152
f 91 1172 1176
f 67 1028 1031
f 56 962 965
f 75 1076 1079
f 83 1124 1128
f 68 1034 1038
f 48 914 917
f 78 1094 1097
f 93 1184 1187
f 98 1214 1218
f 88 1154 1157
f 65 1016 1020
f 57 968 972
f 77 1088 1092
f 86 1142 1145
f 64 1010 1014
f 53 944 947
f 74 1070 1073
f 84 1130 1133
f 89 1160 1164
f 70 1046 1049
f 99 1220 1223
f 95 1196 1199
f 81 1112 1116
f 52 938 942
f 109 1279 1283
f 105 1255 1259
f 111 1291 1295
f 114 1309 1313
f 117 1327 1331
f 125 1375 1379
f 152 1537 1541
f 137 1448 1452
f 158 1574 1578
f 123 1364 1368
f 143 1483 1487
f 127 1387 1391
f 135 1436 1440
f 147 1507 1511
f 150 1525 1529
f 153 1543 1547
f 140 1465 1469
f 138 1454 1458
f 159 1580 1584
f 122 1358 1362
f 107 1267 1269
f 103 1243 1245
f 104 1250 1252
f 110 1286 1288
f 113 1304 1306
f 118 1334 1336
f 154 1549 1551
f 141 1471 1473
f 162 1597 1599
f 121 1352 1354
f 142 1477 1479
f 129 1399 1401
f 130 1406 1408
f 144 1490 1492
f 146 1502 1504
f 151 1531 1533
f 131 1412 1414
f 136 1442 1444
f 161 1592 1594
f 126 1381 1383
f 116 1321 1323
f 108 1273 1275
f 106 1261 1263
f 112 1297 1299
f 115 1315 1317
f 119 1339 1341
f 156 1562 1564
f 139 1460 1462
f 160 1586 1588
f 120 1345 1347
f 149 1519 1521
f 132 1418 1420
f 128 1393 1395
f 145 1495 1497
f 148 1513 1515
f 155 1555 1557
f 133 1423 1425
f 134 1429 1431
f 157 1568 1570
f 124 1370 1372
f 109 1280 1282
f 105 1256 1258
f 111 1292 1294
f 114 1310 1312
f 117 1328 1330
f 125 1376 1378
f 152 1538 1540
f 137 1447 1449
f 158 1573 1575
f 123 1363 1365
f 143 1484 1486
f 127 1388 1390
f 135 1435 1437
f 147 1508 1510
f 150 1526 1528
f 153 1544 1546
f 140 1466 1468
f 138 1453 1455
f 159 1579 1581
f 122 1357 1359
f 107 1268 1272
f 103 1244 1248
f 104 1249 1253
f 110 1285 1289
f 113 1303 1307
f 118 1333 1337
f 154 1550 1554
f 141 1472 1476
f 162 1598 1602
f 121 1351 1355
f 142 1478 1482
f 129 1400 1404
f 130 1405 1409
f 144 1489 1493
f 146 1501 1505
f 151 1532 1536
f 131 1411 1415
f 136 1441 1445
f 161 1591 1595
f 126 1382 1386
f 47 911 909
f 44 893 891
f 43 888 886
f 45 900 898
f 46 906 904
f 49 924 922
f 72 1062 1060
f 102 1242 1240
f 96 1206 1204
f 79 1104 1102
f 62 1001 999
f 59 983 981
f 58 978 976
f 60 990 988
f 61 996 994
f 66 1026 1024
f 54 954 952
f 73 1068 1066
f 85 1140 1138
f 92 1181 1179
f 101 1235 1233
f 69 1043 1041
f 50 929 927
f 82 1121 1119
f 97 1211 1209
f 71 1055 1053
f 100 1230 1228
f 94 1194 1192
f 80 1110 1108
f 51 935 933
f 90 1169 1167
f 63 1007 1005
f 55 959 957
f 76 1085 1083
f 87 1152 1150
f 91 1176 1174
f 67 1031 1029
f 56 965 963
f 75 1079 1077
f 83 1128 1126
f 68 1038 1036
f 48 917 915
f 78 1097 1095
f 93 1187 1185
f 98 1218 1216
f 88 1157 1155
f 65 1020 1018
f 57 972 970
f 77 1092 1090
f 86 1145 1143
f 64 1014 1012
f 53 947 945
f 74 1073 1071
f 84 1133 1131
f 89 1164 1162
f 70 1049 1047
f 99 1223 1221
f 95 1199 1197
f 81 1116 1114
f 52 942 940
f 109 1283 1284
f 105 1259 1260
f 111 1295 1296
f 114 1313 1314
f 117 1331 1332
f 125 1379 1380
f 152 1541 1542
f 137 1452 1451
f 158 1578 1577
f 123 1368 1367
f 143 1487 1488
f 127 1391 1392
f 135 1440 1439
f 147 1511 1512
f 150 1529 1530
f 153 1547 1548
f 140 1469 1470
f 138 1458 1457
f 159 1584 1583
f 122 1362 1361
f 407 1609 1616
f 403 1605 1608
f 404 1611 1606
f 410 1614 1612
f 413 1617 1615
f 422 1631 1624
f 486 1688 1692
f 573 1775 1782
f 561 1763 1765
f 512 1719 1714
f 452 1654 1661
f 448 1650 1653
f 449 1656 1651
f 455 1659 1657
f 458 1662 1660
f 470 1672 1675
f 437 1646 1639
f 494 1706 1696
f 531 1735 1733
f 539 1741 1751
f 568 1770 1779
f 478 1680 1683
f 419 1621 1626
f 509 1711 1721
f 554 1756 1766
f 482 1684 1689
f 576 1780 1778
f 558 1767 1760
f 516 1722 1718
f 425 1627 1629
f 542 1744 1747
f 463 1668 1665
f 434 1636 1641
f 497 1699 1704
f 528 1730 1737
f 546 1748 1750
f 464 1666 1676
f 440 1642 1644
f 500 1705 1702
f 524 1736 1726
f 479 1691 1681
f 418 1623 1620
f 508 1713 1710
f 553 1764 1755
f 569 1781 1771
f 538 1749 1740
f 471 1677 1673
f 443 1645 1647
f 501 1703 1707
f 523 1725 1734
f 467 1674 1669
f 433 1638 1635
f 493 1695 1698
f 527 1732 1729
f 543 1752 1745
f 485 1690 1687
f 572 1777 1774
f 557 1759 1762
f 515 1717 1720
f 428 1630 1632
f 591 2191 2189
f 587 1885 1883
f 588 1901 1903
f 594 2279 2281
f 597 2315 2317
f 600 2171 2173
f 634 2160 2158
f 619 2016 2012
f 639 2214 2210
f 602 1919 1924
f 624 2137 2135
f 608 1978 1973
f 610 1991 1996
f 627 2225 2227
f 630 2302 2304
f 635 2178 2176
f 615 2153 2155
f 617 2009 2014
f 637 2207 2212
f 604 1926 1922
f 416 1857 1864
f 408 1803 1810
f 406 1786 1795
f 412 1822 1831
f 415 1840 1849
f 424 1876 1887
f 492 2182 2193
f 582 2312 2321
f 565 2276 2285
f 514 1898 1907
f 461 2091 2098
f 453 2037 2044
f 451 1952 1961
f 457 2056 2067
f 460 2074 2083
f 475 2128 2139
f 439 1966 1975
f 496 1988 1997
f 533 2222 2231
f 551 2293 2298
f 579 2185 2190
f 483 1879 1884
f 426 1893 1900
f 521 2271 2278
f 566 2307 2314
f 489 2163 2170
f 578 2150 2159
f 560 2006 2015
f 518 2204 2213
f 429 1911 1918
f 547 2131 2136
f 465 1969 1977
f 441 1983 1990
f 504 2217 2224
f 537 2290 2301
f 550 2168 2177
f 476 2145 2152
f 444 2001 2008
f 502 2199 2206
f 526 1916 1925
f 481 1808 1817
f 420 1789 1797
f 510 1825 1833
f 555 1843 1851
f 571 1862 1871
f 540 1933 1941
f 473 2110 2119
f 447 2020 2029
f 507 2236 2247
f 534 2257 2262
f 469 2042 2051
f 435 1947 1954
f 498 2059 2064
f 529 2077 2085
f 545 2096 2105
f 487 2113 2121
f 574 2023 2031
f 562 2239 2244
f 520 2254 2265
f 432 1930 1939
f 589 1818 1814
f 583 1798 1793
f 586 1834 1829
f 593 1852 1847
f 596 1872 1868
f 599 1942 1937
f 633 2120 2124
f 620 2030 2034
f 640 2248 2250
f 603 2263 2261
f 622 2052 2050
f 607 1955 1960
f 612 2065 2063
f 626 2086 2081
f 629 2106 2102
f 631 2122 2117
f 614 2032 2027
f 618 2245 2243
f 641 2266 2268
f 605 1940 1944
f 409 1813 1804
f 405 1792 1785
f 411 1828 1821
f 414 1846 1839
f 417 1867 1858
f 431 1936 1929
f 488 2123 2114
f 575 2033 2024
f 563 2249 2240
f 519 2260 2253
f 454 2049 2038
f 450 1959 1951
f 456 2062 2055
f 459 2080 2073
f 462 2101 2092
f 472 2116 2109
f 446 2026 2019
f 506 2242 2235
f 535 2267 2258
f 541 1943 1934
f 570 1869 1861
f 480 1815 1807
f 421 1799 1790
f 511 1835 1826
f 556 1853 1844
f 484 1889 1880
f 580 2195 2186
f 567 2319 2308
f 522 2283 2272
f 427 1905 1894
f 544 2103 2095
f 468 2046 2041
f 436 1957 1948
f 499 2069 2060
f 530 2087 2078
f 548 2141 2132
f 466 1979 1970
f 442 1993 1984
f 505 2229 2218
f 536 2296 2289
f 491 2188 2181
f 423 1882 1875
f 513 1902 1897
f 564 2280 2275
f 581 2316 2311
f 549 2172 2167
f 477 2157 2146
f 445 2011 2002
f 503 2209 2200
f 525 1923 1915
f 474 2134 2127
f 438 1972 1965
f 495 1995 1987
f 532 2226 2221
f 552 2303 2294
f 490 2175 2164
f 577 2154 2149
f 559 2013 2005
f 517 2211 2203
f 430 1921 1912
f 590 1865 1870
f 584 1811 1816
f 585 1796 1800
f 592 1832 1836
f 595 1850 1854
f 598 1888 1890
f 636 2194 2196
f 621 2322 2320
f 642 2286 2284
f 601 1908 1906
f 623 2099 2104
f 611 2045 2047
f 609 1962 1958
f 625 2068 2070
f 628 2084 2088
f 632 2140 2142
f 613 1976 1980
f 616 1998 1994
f 638 2232 2230
f 606 2299 2297
f 407 2330 2329
f 403 2324 2323
f 404 2325 2326
f 410 2332 2333
f 413 2335 2336
f 422 2344 2345
f 486 2410 2409
f 573 2497 2496
f 561 2486 2485
f 512 2434 2435
f 452 2375 2374
f 448 2369 2368
f 449 2370 2371
f 455 2377 2378
f 458 2380 2381
f 470 2393 2392
f 437 2359 2360
f 494 2415 2416
f 531 2455 2456
f 539 2461 2460
f 568 2489 2488
f 478 2399 2398
f 419 2341 2340
f 509 2431 2430
f 554 2476 2475
f 482 2405 2404
f 576 2500 2501
f 558 2481 2482
f 516 2439 2440
f 425 2348 2347
f 542 2465 2464
f 463 2383 2384
f 434 2356 2355
f 497 2420 2419
f 528 2452 2451
f 546 2471 2470
f 464 2386 2385
f 440 2363 2362
f 500 2422 2423
f 524 2445 2446
f 479 2400 2401
f 418 2338 2339
f 508 2428 2429
f 553 2473 2474
f 569 2490 2491
f 538 2458 2459
f 471 2394 2395
f 443 2366 2365
f 501 2425 2424
f 523 2444 2443
f 467 2389 2390
f 433 2353 2354
f 493 2414 2413
f 527 2449 2450
f 543 2466 2467
f 485 2407 2408
f 572 2494 2495
f 557 2480 2479
f 515 2438 2437
f 428 2351 2350
f 591 2510 2511
f 587 2504 2505
f 588 2508 2507
f 594 2514 2513
f 597 2517 2516
f 600 2520 2519
f 634 2554 2556
f 619 2539 2540
f 639 2560 2561
f 602 2523 2521
f 624 2543 2544
f 608 2527 2529
f 610 2532 2530
f 627 2547 2546
f 630 2550 2549
f 635 2552 2553
f 615 2535 2534
f 617 2538 2536
f 637 2558 2557
f 604 2524 2525
f 167 1607 647
f 164 1603 644
f 163 1604 643
f 165 1610 645
f 166 1613 646
f 169 1622 649
f 192 1686 672
f 222 1773 702
f 216 1761 696
f 199 1712 679
f 182 1652 662
f 179 1648 659
f 178 1649 658
f 180 1655 660
f 181 1658 661
f 186 1670 666
f 174 1637 654
f 193 1694 673
f 205 1731 685
f 212 1739 692
f 221 1768 701
f 189 1678 669
f 170 1619 650
f 202 1709 682
f 217 1754 697
f 191 1682 671
f 220 1776 700
f 214 1758 694
f 200 1716 680
f 171 1625 651
f 210 1742 690
f 183 1663 663
f 175 1634 655
f 196 1697 676
f 207 1728 687
f 211 1746 691
f 187 1664 667
f 176 1640 656
f 195 1700 675
f 203 1724 683
f 188 1679 668
f 168 1618 648
f 198 1708 678
f 213 1753 693
f 218 1769 698
f 208 1738 688
f 185 1671 665
f 177 1643 657
f 197 1701 677
f 206 1723 686
f 184 1667 664
f 173 1633 653
f 194 1693 674
f 204 1727 684
f 209 1743 689
f 190 1685 670
f 219 1772 699
f 215 1757 695
f 201 1715 681
f 172 1628 652
f 357 2187 837
f 255 1881 735
f 262 1899 742
f 388 2277 868
f 400 2313 880
f 352 2169 832
f 347 2156 827
f 298 2010 778
f 364 2208 844
f 269 1917 749
f 339 2133 819
f 285 1971 765
f 293 1989 773
f 370 2223 850
f 396 2300 876
f 353 2174 833
f 346 2151 826
f 299 2007 779
f 365 2205 845
f 268 1920 748
f 249 1855 729
f 231 1801 711
f 226 1784 706
f 238 1820 718
f 244 1838 724
f 257 1874 737
f 359 2180 839
f 402 2310 882
f 390 2274 870
f 264 1896 744
f 327 2089 807
f 309 2035 789
f 282 1950 762
f 317 2054 797
f 322 2072 802
f 341 2126 821
f 286 1964 766
f 294 1986 774
f 372 2220 852
f 394 2291 874
f 358 2183 838
f 256 1877 736
f 261 1891 741
f 387 2269 867
f 399 2305 879
f 351 2161 831
f 348 2148 828
f 300 2004 780
f 366 2202 846
f 267 1909 747
f 340 2129 820
f 287 1967 767
f 291 1981 771
f 369 2215 849
f 395 2288 875
f 354 2166 834
f 345 2143 825
f 297 1999 777
f 363 2197 843
f 270 1914 750
f 234 1806 714
f 227 1787 707
f 239 1823 719
f 245 1841 725
f 252 1860 732
f 275 1931 755
f 334 2108 814
f 304 2018 784
f 377 2234 857
f 382 2255 862
f 312 2040 792
f 279 1945 759
f 316 2057 796
f 323 2075 803
f 330 2094 810
f 335 2111 815
f 305 2021 785
f 376 2237 856
f 383 2252 863
f 274 1928 754
f 232 1812 712
f 225 1791 705
f 237 1827 717
f 243 1845 723
f 250 1866 730
f 273 1935 753
f 336 2118 816
f 306 2028 786
f 378 2246 858
f 381 2259 861
f 311 2048 791
f 281 1953 761
f 315 2061 795
f 321 2079 801
f 328 2100 808
f 333 2115 813
f 303 2025 783
f 375 2241 855
f 384 2264 864
f 276 1938 756
f 229 1802 709
f 223 1783 703
f 235 1819 715
f 241 1837 721
f 247 1856 727
f 271 1927 751
f 332 2112 812
f 302 2022 782
f 374 2238 854
f 379 2251 859
f 307 2036 787
f 278 1949 758
f 313 2053 793
f 319 2071 799
f 325 2090 805
f 331 2107 811
f 301 2017 781
f 373 2233 853
f 380 2256 860
f 272 1932 752
f 248 1859 728
f 230 1805 710
f 224 1788 704
f 236 1824 716
f 242 1842 722
f 254 1878 734
f 356 2184 836
f 397 2306 877
f 385 2270 865
f 259 1892 739
f 326 2093 806
f 308 2039 788
f 277 1946 757
f 314 2058 794
f 320 2076 800
f 338 2130 818
f 284 1968 764
f 289 1982 769
f 367 2216 847
f 391 2287 871
f 355 2179 835
f 253 1873 733
f 260 1895 740
f 386 2273 866
f 398 2309 878
f 350 2165 830
f 343 2144 823
f 295 2000 775
f 361 2198 841
f 266 1913 746
f 337 2125 817
f 283 1963 763
f 290 1985 770
f 368 2219 848
f 392 2292 872
f 349 2162 829
f 344 2147 824
f 296 2003 776
f 362 2201 842
f 265 1910 745
f 251 1863 731
f 233 1809 713
f 228 1794 708
f 240 1830 720
f 246 1848 726
f 258 1886 738
f 360 2192 840
f 401 2318 881
f 389 2282 869
f 263 1904 743
f 329 2097 809
f 310 2043 790
f 280 1956 760
f 318 2066 798
f 324 2082 804
f 342 2138 822
f 288 1974 768
f 292 1992 772
f 371 2228 851
f 393 2295 873
f 409 2331 1269
f 405 2327 1245
f 411 2328 1252
f 414 2334 1288
f 417 2337 1306
f 431 2346 1336
f 488 2412 1551
f 575 2499 1473
f 563 2487 1599
f 519 2436 1354
f 454 2376 1479
f 450 2372 1401
f 456 2373 1408
f 459 2379 1492
f 462 2382 1504
f 472 2396 1533
f 446 2361 1414
f 506 2418 1444
f 535 2457 1594
f 541 2463 1383
f 570 2492 1323
f 480 2402 1275
f 421 2343 1263
f 511 2433 1299
f 556 2478 1317
f 484 2406 1341
f 580 2502 1564
f 567 2484 1462
f 522 2442 1588
f 427 2349 1347
f 544 2468 1521
f 468 2387 1420
f 436 2358 1395
f 499 2421 1497
f 530 2454 1515
f 548 2472 1557
f 466 2388 1425
f 442 2364 1431
f 505 2426 1570
f 536 2448 1372
f 491 2403 1282
f 423 2342 1258
f 513 2432 1294
f 564 2477 1312
f 581 2493 1330
f 549 2462 1378
f 477 2397 1540
f 445 2367 1449
f 503 2427 1575
f 525 2447 1365
f 474 2391 1486
f 438 2357 1390
f 495 2417 1437
f 532 2453 1510
f 552 2469 1528
f 490 2411 1546
f 577 2498 1468
f 559 2483 1455
f 517 2441 1581
f 430 2352 1359
f 590 2509 1272
f 584 2503 1248
f 585 2506 1253
f 592 2512 1289
f 595 2515 1307
f 598 2518 1337
f 636 2555 1554
f 621 2541 1476
f 642 2562 1602
f 601 2522 1355
f 623 2542 1482
f 611 2528 1404
f 609 2531 1409
f 625 2545 1493
f 628 2548 1505
f 632 2551 1536
f 613 2533 1415
f 616 2537 1445
f 638 2559 1595
f 606 2526 1386
f 407 1616 909
f 403 1608 891
f 404 1606 886
f 410 1612 898
f 413 1615 904
f 422 1624 922
f 486 1692 1060
f 573 1782 1240
f 561 1765 1204
f 512 1714 1102
f 452 1661 999
f 448 1653 981
f 449 1651 976
f 455 1657 988
f 458 1660 994
f 470 1675 1024
f 437 1639 952
f 494 1696 1066
f 531 1733 1138
f 539 1751 1179
f 568 1779 1233
f 478 1683 1041
f 419 1626 927
f 509 1721 1119
f 554 1766 1209
f 482 1689 1053
f 576 1778 1228
f 558 1760 1192
f 516 1718 1108
f 425 1629 933
f 542 1747 1167
f 463 1665 1005
f 434 1641 957
f 497 1704 1083
f 528 1737 1150
f 546 1750 1174
f 464 1676 1029
f 440 1644 963
f 500 1702 1077
f 524 1726 1126
f 479 1681 1036
f 418 1620 915
f 508 1710 1095
f 553 1755 1185
f 569 1771 1216
f 538 1740 1155
f 471 1673 1018
f 443 1647 970
f 501 1707 1090
f 523 1734 1143
f 467 1669 1012
f 433 1635 945
f 493 1698 1071
f 527 1729 1131
f 543 1745 1162
f 485 1687 1047
f 572 1774 1221
f 557 1762 1197
f 515 1720 1114
f 428 1632 940
f 591 2189 1284
f 587 1883 1260
f 588 1903 1296
f 594 2281 1314
f 597 2317 1332
f 600 2173 1380
f 634 2158 1542
f 619 2012 1451
f 639 2210 1577
f 602 1924 1367
f 624 2135 1488
f 608 1973 1392
f 610 1996 1439
f 627 2227 1512
f 630 2304 1530
f 635 2176 1548
f 615 2155 1470
f 617 2014 1457
f 637 2212 1583
f 604 1922 1361
f 416 1864 1270
f 408 1810 1246
f 406 1795 1251
f 412 1831 1287
f 415 1849 1305
f 424 1887 1335
f 492 2193 1552
f 582 2321 1474
f 565 2285 1600
f 514 1907 1353
f 461 2098 1480
f 453 2044 1402
f 451 1961 1407
f 457 2067 1491
f 460 2083 1503
f 475 2139 1534
f 439 1975 1413
f 496 1997 1443
f 533 2231 1593
f 551 2298 1384
f 579 2190 1324
f 483 1884 1276
f 426 1900 1264
f 521 2278 1300
f 566 2314 1318
f 489 2170 1342
f 578 2159 1563
f 560 2015 1461
f 518 2213 1587
f 429 1918 1348
f 547 2136 1522
f 465 1977 1419
f 441 1990 1396
f 504 2224 1498
f 537 2301 1516
f 550 2177 1558
f 476 2152 1426
f 444 2008 1432
f 502 2206 1569
f 526 1925 1371
f 481 1817 1281
f 420 1797 1257
f 510 1833 1293
f 555 1851 1311
f 571 1871 1329
f 540 1941 1377
f 473 2119 1539
f 447 2029 1450
f 507 2247 1576
f 534 2262 1366
f 469 2051 1485
f 435 1954 1389
f 498 2064 1438
f 529 2085 1509
f 545 2105 1527
f 487 2121 1545
f 574 2031 1467
f 562 2244 1456
f 520 2265 1582
f 432 1939 1360
f 589 1814 1271
f 583 1793 1247
f 586 1829 1254
f 593 1847 1290
f 596 1868 1308
f 599 1937 1338
f 633 2124 1553
f 620 2034 1475
f 640 2250 1601
f 603 2261 1356
f 622 2050 1481
f 607 1960 1403
f 612 2063 1410
f 626 2081 1494
f 629 2102 1506
f 631 2117 1535
f 614 2027 1416
f 618 2243 1446
f 641 2268 1596
f 605 1944 1385
f 409 1804 894
f 405 1785 887
f 411 1821 899
f 414 1839 905
f 417 1858 912
f 431 1929 941
f 488 2114 1050
f 575 2024 1224
f 563 2240 1200
f 519 2253 1115
f 454 2038 984
f 450 1951 977
f 456 2055 989
f 459 2073 995
f 462 2092 1002
f 472 2109 1019
f 446 2019 971
f 506 2235 1091
f 535 2258 1146
f 541 1934 1158
f 570 1861 1217
f 480 1807 1037
f 421 1790 918
f 511 1826 1098
f 556 1844 1188
f 484 1880 1044
f 580 2186 1236
f 567 2308 1212
f 522 2272 1122
f 427 1894 930
f 544 2095 1163
f 468 2041 1013
f 436 1948 948
f 499 2060 1074
f 530 2078 1134
f 548 2132 1170
f 466 1970 1008
f 442 1984 960
f 505 2218 1086
f 536 2289 1151
f 491 2181 1061
f 423 1875 923
f 513 1897 1103
f 564 2275 1205
f 581 2311 1241
f 549 2167 1175
f 477 2146 1032
f 445 2002 966
f 503 2200 1080
f 525 1915 1127
f 474 2127 1025
f 438 1965 953
f 495 1987 1067
f 532 2221 1139
f 552 2294 1182
f 490 2164 1056
f 577 2149 1229
f 559 2005 1193
f 517 2203 1109
f 430 1912 936
f 590 1870 1325
f 584 1816 1277
f 585 1800 1265
f 592 1836 1301
f 595 1854 1319
f 598 1890 1343
f 636 2196 1566
f 621 2320 1464
f 642 2284 1590
f 601 1906 1349
f 623 2104 1523
f 611 2047 1422
f 609 1958 1397
f 625 2070 1499
f 628 2088 1517
f 632 2142 1559
f 613 1980 1427
f 616 1994 1433
f 638 2230 1572
f 606 2297 1374
f 407 2329 892
f 403 2323 885
f 404 2326 897
f 410 2333 903
f 413 2336 910
f 422 2345 939
f 486 2409 1048
f 573 2496 1222
f 561 2485 1198
f 512 2435 1113
f 452 2374 982
f 448 2368 975
f 449 2371 987
f 455 2378 993
f 458 2381 1000
f 470 2392 1017
f 437 2360 969
f 494 2416 1089
f 531 2456 1144
f 539 2460 1156
f 568 2488 1215
f 478 2398 1035
f 419 2340 916
f 509 2430 1096
f 554 2475 1186
f 482 2404 1042
f 576 2501 1234
f 558 2482 1210
f 516 2440 1120
f 425 2347 928
f 542 2464 1161
f 463 2384 1011
f 434 2355 946
f 497 2419 1072
f 528 2451 1132
f 546 2470 1168
f 464 2385 1006
f 440 2362 958
f 500 2423 1084
f 524 2446 1149
f 479 2401 1059
f 418 2339 921
f 508 2429 1101
f 553 2474 1203
f 569 2491 1239
f 538 2459 1173
f 471 2395 1030
f 443 2365 964
f 501 2424 1078
f 523 2443 1125
f 467 2390 1023
f 433 2354 951
f 493 2413 1065
f 527 2450 1137
f 543 2467 1180
f 485 2408 1054
f 572 2495 1227
f 557 2479 1191
f 515 2437 1107
f 428 2350 934
f 591 2511 1326
f 587 2505 1278
f 588 2507 1266
f 594 2513 1302
f 597 2516 1320
f 600 2519 1344
f 634 2556 1565
f 619 2540 1463
f 639 2561 1589
f 602 2521 1350
f 624 2544 1524
f 608 2529 1421
f 610 2530 1398
f 627 2546 1500
f 630 2549 1518
f 635 2553 1560
f 615 2534 1428
f 617 2536 1434
f 637 2557 1571
f 604 2525 1373
f 164 1609 889
f 163 1605 883
f 165 1611 895
f 166 1614 901
f 167 1617 907
f 172 1631 937
f 190 1688 1045
f 219 1775 1219
f 215 1763 1195
f 201 1719 1111
f 179 1654 979
f 178 1650 973
f 180 1656 985
f 181 1659 991
f 182 1662 997
f 185 1672 1015
f 177 1646 967
f 197 1706 1087
f 206 1735 1141
f 208 1741 1153
f 218 1770 1213
f 188 1680 1033
f 168 1621 913
f 198 1711 1093
f 213 1756 1183
f 189 1684 1039
f 221 1780 1231
f 217 1767 1207
f 202 1722 1117
f 170 1627 925
f 209 1744 1159
f 184 1668 1009
f 173 1636 943
f 194 1699 1069
f 204 1730 1129
f 210 1748 1165
f 183 1666 1003
f 175 1642 955
f 196 1705 1081
f 207 1736 1147
f 192 1691 1057
f 169 1623 919
f 199 1713 1099
f 216 1764 1201
f 222 1781 1237
f 211 1749 1171
f 187 1677 1027
f 176 1645 961
f 195 1703 1075
f 203 1725 1123
f 186 1674 1021
f 174 1638 949
f 193 1695 1063
f 205 1732 1135
f 212 1752 1177
f 191 1690 1051
f 220 1777 1225
f 214 1759 1189
f 200 1717 1105
f 171 1630 931
f 358 2191 1322
f 256 1885 1274
f 261 1901 1262
f 387 2279 1298
f 399 2315 1316
f 351 2171 1340
f 348 2160 1561
f 300 2016 1459
f 366 2214 1585
f 267 1919 1346
f 340 2137 1520
f 287 1978 1417
f 291 1991 1394
f 369 2225 1496
f 395 2302 1514
f 354 2178 1556
f 345 2153 1424
f 297 2009 1430
f 363 2207 1567
f 270 1926 1369
f 247 1857 908
f 229 1803 890
f 223 1786 884
f 235 1822 896
f 241 1840 902
f 253 1876 920
f 355 2182 1058
f 398 2312 1238
f 386 2276 1202
f 260 1898 1100
f 325 2091 998
f 307 2037 980
f 278 1952 974
f 313 2056 986
f 319 2074 992
f 337 2128 1022
f 283 1966 950
f 290 1988 1064
f 368 2222 1136
f 392 2293 1178
f 356 2185 1232
f 254 1879 1040
f 259 1893 926
f 385 2271 1118
f 397 2307 1208
f 349 2163 1052
f 344 2150 1226
f 296 2006 1190
f 362 2204 1106
f 265 1911 932
f 338 2131 1166
f 284 1969 1004
f 289 1983 956
f 367 2217 1082
f 391 2290 1148
f 350 2168 1172
f 343 2145 1028
f 295 2001 962
f 361 2199 1076
f 266 1916 1124
f 230 1808 1034
f 224 1789 914
f 236 1825 1094
f 242 1843 1184
f 248 1862 1214
f 272 1933 1154
f 331 2110 1016
f 301 2020 968
f 373 2236 1088
f 380 2257 1142
f 308 2042 1010
f 277 1947 944
f 314 2059 1070
f 320 2077 1130
f 326 2096 1160
f 332 2113 1046
f 302 2023 1220
f 374 2239 1196
f 379 2254 1112
f 271 1930 938
f 234 1818 1279
f 227 1798 1255
f 239 1834 1291
f 245 1852 1309
f 252 1872 1327
f 275 1942 1375
f 334 2120 1537
f 304 2030 1448
f 377 2248 1574
f 382 2263 1364
f 312 2052 1483
f 279 1955 1387
f 316 2065 1436
f 323 2086 1507
f 330 2106 1525
f 335 2122 1543
f 305 2032 1465
f 376 2245 1454
f 383 2266 1580
f 274 1940 1358
f 232 1813 1267
f 225 1792 1243
f 237 1828 1250
f 243 1846 1286
f 250 1867 1304
f 273 1936 1334
f 336 2123 1549
f 306 2033 1471
f 378 2249 1597
f 381 2260 1352
f 311 2049 1477
f 281 1959 1399
f 315 2062 1406
f 321 2080 1490
f 328 2101 1502
f 333 2116 1531
f 303 2026 1412
f 375 2242 1442
f 384 2267 1592
f 276 1943 1381
f 251 1869 1321
f 233 1815 1273
f 228 1799 1261
f 240 1835 1297
f 246 1853 1315
f 258 1889 1339
f 360 2195 1562
f 401 2319 1460
f 389 2283 1586
f 263 1905 1345
f 329 2103 1519
f 310 2046 1418
f 280 1957 1393
f 318 2069 1495
f 324 2087 1513
f 342 2141 1555
f 288 1979 1423
f 292 1993 1429
f 371 2229 1568
f 393 2296 1370
f 357 2188 1280
f 255 1882 1256
f 262 1902 1292
f 388 2280 1310
f 400 2316 1328
f 352 2172 1376
f 347 2157 1538
f 298 2011 1447
f 364 2209 1573
f 269 1923 1363
f 339 2134 1484
f 285 1972 1388
f 293 1995 1435
f 370 2226 1508
f 396 2303 1526
f 353 2175 1544
f 346 2154 1466
f 299 2013 1453
f 365 2211 1579
f 268 1921 1357
f 249 1865 1268
f 231 1811 1244
f 226 1796 1249
f 238 1832 1285
f 244 1850 1303
f 257 1888 1333
f 359 2194 1550
f 402 2322 1472
f 390 2286 1598
f 264 1908 1351
f 327 2099 1478
f 309 2045 1400
f 282 1962 1405
f 317 2068 1489
f 322 2084 1501
f 341 2140 1532
f 286 1976 1411
f 294 1998 1441
f 372 2232 1591
f 394 2299 1382
f 416 2330 911
f 408 2324 893
f 406 2325 888
f 412 2332 900
f 415 2335 906
f 424 2344 924
f 492 2410 1062
f 582 2497 1242
f 565 2486 1206
f 514 2434 1104
f 461 2375 1001
f 453 2369 983
f 451 2370 978
f 457 2377 990
f 460 2380 996
f 475 2393 1026
f 439 2359 954
f 496 2415 1068
f 533 2455 1140
f 551 2461 1181
f 579 2489 1235
f 483 2399 1043
f 426 2341 929
f 521 2431 1121
f 566 2476 1211
f 489 2405 1055
f 578 2500 1230
f 560 2481 1194
f 518 2439 1110
f 429 2348 935
f 547 2465 1169
f 465 2383 1007
f 441 2356 959
f 504 2420 1085
f 537 2452 1152
f 550 2471 1176
f 476 2386 1031
f 444 2363 965
f 502 2422 1079
f 526 2445 1128
f 481 2400 1038
f 420 2338 917
f 510 2428 1097
f 555 2473 1187
f 571 2490 1218
f 540 2458 1157
f 473 2394 1020
f 447 2366 972
f 507 2425 1092
f 534 2444 1145
f 469 2389 1014
f 435 2353 947
f 498 2414 1073
f 529 2449 1133
f 545 2466 1164
f 487 2407 1049
f 574 2494 1223
f 562 2480 1199
f 520 2438 1116
f 432 2351 942
f 589 2510 1283
f 583 2504 1259
f 586 2508 1295
f 593 2514 1313
f 596 2517 1331
f 599 2520 1379
f 633 2554 1541
f 620 2539 1452
f 640 2560 1578
f 603 2523 1368
f 622 2543 1487
f 607 2527 1391
f 612 2532 1440
f 626 2547 1511
f 629 2550 1529
f 631 2552 1547
f 614 2535 1469
f 618 2538 1458
f 641 2558 1584
f 605 2524 1362
f 164 1607 1609
f 163 1603 1605
f 165 1604 1611
f 166 1610 1614
f 167 1613 1617
f 172 1622 1631
f 190 1686 1688
f 219 1773 1775
f 215 1761 1763
f 201 1712 1719
f 179 1652 1654
f 178 1648 1650
f 180 1649 1656
f 181 1655 1659
f 182 1658 1662
f 185 1670 1672
f 177 1637 1646
f 197 1694 1706
f 206 1731 1735
f 208 1739 1741
f 218 1768 1770
f 188 1678 1680
f 168 1619 1621
f 198 1709 1711
f 213 1754 1756
f 189 1682 1684
f 221 1776 1780
f 217 1758 1767
f 202 1716 1722
f 170 1625 1627
f 209 1742 1744
f 184 1663 1668
f 173 1634 1636
f 194 1697 1699
f 204 1728 1730
f 210 1746 1748
f 183 1664 1666
f 175 1640 1642
f 196 1700 1705
f 207 1724 1736
f 192 1679 1691
f 169 1618 1623
f 199 1708 1713
f 216 1753 1764
f 222 1769 1781
f 211 1738 1749
f 187 1671 1677
f 176 1643 1645
f 195 1701 1703
f 203 1723 1725
f 186 1667 1674
f 174 1633 1638
f 193 1693 1695
f 205 1727 1732
f 212 1743 1752
f 191 1685 1690
f 220 1772 1777
f 214 1757 1759
f 200 1715 1717
f 171 1628 1630
f 358 2187 2191
f 256 1881 1885
f 261 1899 1901
f 387 2277 2279
f 399 2313 2315
f 351 2169 2171
f 348 2156 2160
f 300 2010 2016
f 366 2208 2214
f 267 1917 1919
f 340 2133 2137
f 287 1971 1978
f 291 1989 1991
f 369 2223 2225
f 395 2300 2302
f 354 2174 2178
f 345 2151 2153
f 297 2007 2009
f 363 2205 2207
f 270 1920 1926
f 247 1855 1857
f 229 1801 1803
f 223 1784 1786
f 235 1820 1822
f 241 1838 1840
f 253 1874 1876
f 355 2180 2182
f 398 2310 2312
f 386 2274 2276
f 260 1896 1898
f 325 2089 2091
f 307 2035 2037
f 278 1950 1952
f 313 2054 2056
f 319 2072 2074
f 337 2126 2128
f 283 1964 1966
f 290 1986 1988
f 368 2220 2222
f 392 2291 2293
f 356 2183 2185
f 254 1877 1879
f 259 1891 1893
f 385 2269 2271
f 397 2305 2307
f 349 2161 2163
f 344 2148 2150
f 296 2004 2006
f 362 2202 2204
f 265 1909 1911
f 338 2129 2131
f 284 1967 1969
f 289 1981 1983
f 367 2215 2217
f 391 2288 2290
f 350 2166 2168
f 343 2143 2145
f 295 1999 2001
f 361 2197 2199
f 266 1914 1916
f 230 1806 1808
f 224 1787 1789
f 236 1823 1825
f 242 1841 1843
f 248 1860 1862
f 272 1931 1933
f 331 2108 2110
f 301 2018 2020
f 373 2234 2236
f 380 2255 2257
f 308 2040 2042
f 277 1945 1947
f 314 2057 2059
f 320 2075 2077
f 326 2094 2096
f 332 2111 2113
f 302 2021 2023
f 374 2237 2239
f 379 2252 2254
f 271 1928 1930
f 234 1812 1818
f 227 1791 1798
f 239 1827 1834
f 245 1845 1852
f 252 1866 1872
f 275 1935 1942
f 334 2118 2120
f 304 2028 2030
f 377 2246 2248
f 382 2259 2263
f 312 2048 2052
f 279 1953 1955
f 316 2061 2065
f 323 2079 2086
f 330 2100 2106
f 335 2115 2122
f 305 2025 2032
f 376 2241 2245
f 383 2264 2266
f 274 1938 1940
f 232 1802 1813
f 225 1783 1792
f 237 1819 1828
f 243 1837 1846
f 250 1856 1867
f 273 1927 1936
f 336 2112 2123
f 306 2022 2033
f 378 2238 2249
f 381 2251 2260
f 311 2036 2049
f 281 1949 1959
f 315 2053 2062
f 321 2071 2080
f 328 2090 2101
f 333 2107 2116
f 303 2017 2026
f 375 2233 2242
f 384 2256 2267
f 276 1932 1943
f 251 1859 1869
f 233 1805 1815
f 228 1788 1799
f 240 1824 1835
f 246 1842 1853
f 258 1878 1889
f 360 2184 2195
f 401 2306 2319
f 389 2270 2283
f 263 1892 1905
f 329 2093 2103
f 310 2039 2046
f 280 1946 1957
f 318 2058 2069
f 324 2076 2087
f 342 2130 2141
f 288 1968 1979
f 292 1982 1993
f 371 2216 2229
f 393 2287 2296
f 357 2179 2188
f 255 1873 1882
f 262 1895 1902
f 388 2273 2280
f 400 2309 2316
f 352 2165 2172
f 347 2144 2157
f 298 2000 2011
f 364 2198 2209
f 269 1913 1923
f 339 2125 2134
f 285 1963 1972
f 293 1985 1995
f 370 2219 2226
f 396 2292 2303
f 353 2162 2175
f 346 2147 2154
f 299 2003 2013
f 365 2201 2211
f 268 1910 1921
f 249 1863 1865
f 231 1809 1811
f 226 1794 1796
f 238 1830 1832
f 244 1848 1850
f 257 1886 1888
f 359 2192 2194
f 402 2318 2322
f 390 2282 2286
f 264 1904 1908
f 327 2097 2099
f 309 2043 2045
f 282 1956 1962
f 317 2066 2068
f 322 2082 2084
f 341 2138 2140
f 286 1974 1976
f 294 1992 1998
f 372 2228 2232
f 394 2295 2299
f 416 2331 2330
f 408 2327 2324
f 406 2328 2325
f 412 2334 2332
f 415 2337 2335
f 424 2346 2344
f 492 2412 2410
f 582 2499 2497
f 565 2487 2486
f 514 2436 2434
f 461 2376 2375
f 453 2372 2369
f 451 2373 2370
f 457 2379 2377
f 460 2382 2380
f 475 2396 2393
f 439 2361 2359
f 496 2418 2415
f 533 2457 2455
f 551 2463 2461
f 579 2492 2489
f 483 2402 2399
f 426 2343 2341
f 521 2433 2431
f 566 2478 2476
f 489 2406 2405
f 578 2502 2500
f 560 2484 2481
f 518 2442 2439
f 429 2349 2348
f 547 2468 2465
f 465 2387 2383
f 441 2358 2356
f 504 2421 2420
f 537 2454 2452
f 550 2472 2471
f 476 2388 2386
f 444 2364 2363
f 502 2426 2422
f 526 2448 2445
f 481 2403 2400
f 420 2342 2338
f 510 2432 2428
f 555 2477 2473
f 571 2493 2490
f 540 2462 2458
f 473 2397 2394
f 447 2367 2366
f 507 2427 2425
f 534 2447 2444
f 469 2391 2389
f 435 2357 2353
f 498 2417 2414
f 529 2453 2449
f 545 2469 2466
f 487 2411 2407
f 574 2498 2494
f 562 2483 2480
f 520 2441 2438
f 432 2352 2351
f 589 2509 2510
f 583 2503 2504
f 586 2506 2508
f 593 2512 2514
f 596 2515 2517
f 599 2518 2520
f 633 2555 2554
f 620 2541 2539
f 640 2562 2560
f 603 2522 2523
f 622 2542 2543
f 607 2528 2527
f 612 2531 2532
f 626 2545 2547
f 629 2548 2550
f 631 2551 2552
f 614 2533 2535
f 618 2537 2538
f 641 2559 2558
f 605 2526 2524
f 164 644 1607
f 163 643 1603
f 165 645 1604
f 166 646 1610
f 167 647 1613
f 172 652 1622
f 190 670 1686
f 219 699 1773
f 215 695 1761
f 201 681 1712
f 179 659 1652
f 178 658 1648
f 180 660 1649
f 181 661 1655
f 182 662 1658
f 185 665 1670
f 177 657 1637
f 197 677 1694
f 206 686 1731
f 208 688 1739
f 218 698 1768
f 188 668 1678
f 168 648 1619
f 198 678 1709
f 213 693 1754
f 189 669 1682
f 221 701 1776
f 217 697 1758
f 202 682 1716
f 170 650 1625
f 209 689 1742
f 184 664 1663
f 173 653 1634
f 194 674 1697
f 204 684 1728
f 210 690 1746
f 183 663 1664
f 175 655 1640
f 196 676 1700
f 207 687 1724
f 192 672 1679
f 169 649 1618
f 199 679 1708
f 216 696 1753
f 222 702 1769
f 211 691 1738
f 187 667 1671
f 176 656 1643
f 195 675 1701
f 203 683 1723
f 186 666 1667
f 174 654 1633
f 193 673 1693
f 205 685 1727
f 212 692 1743
f 191 671 1685
f 220 700 1772
f 214 694 1757
f 200 680 1715
f 171 651 1628
f 358 838 2187
f 256 736 1881
f 261 741 1899
f 387 867 2277
f 399 879 2313
f 351 831 2169
f 348 828 2156
f 300 780 2010
f 366 846 2208
f 267 747 1917
f 340 820 2133
f 287 767 1971
f 291 771 1989
f 369 849 2223
f 395 875 2300
f 354 834 2174
f 345 825 2151
f 297 777 2007
f 363 843 2205
f 270 750 1920
f 247 727 1855
f 229 709 1801
f 223 703 1784
f 235 715 1820
f 241 721 1838
f 253 733 1874
f 355 835 2180
f 398 878 2310
f 386 866 2274
f 260 740 1896
f 325 805 2089
f 307 787 2035
f 278 758 1950
f 313 793 2054
f 319 799 2072
f 337 817 2126
f 283 763 1964
f 290 770 1986
f 368 848 2220
f 392 872 2291
f 356 836 2183
f 254 734 1877
f 259 739 1891
f 385 865 2269
f 397 877 2305
f 349 829 2161
f 344 824 2148
f 296 776 2004
f 362 842 2202
f 265 745 1909
f 338 818 2129
f 284 764 1967
f 289 769 1981
f 367 847 2215
f 391 871 2288
f 350 830 2166
f 343 823 2143
f 295 775 1999
f 361 841 2197
f 266 746 1914
f 230 710 1806
f 224 704 1787
f 236 716 1823
f 242 722 1841
f 248 728 1860
f 272 752 1931
f 331 811 2108
f 301 781 2018
f 373 853 2234
f 380 860 2255
f 308 788 2040
f 277 757 1945
f 314 794 2057
f 320 800 2075
f 326 806 2094
f 332 812 2111
f 302 782 2021
f 374 854 2237
f 379 859 2252
f 271 751 1928
f 234 714 1812
f 227 707 1791
f 239 719 1827
f 245 725 1845
f 252 732 1866
f 275 755 1935
f 334 814 2118
f 304 784 2028
f 377 857 2246
f 382 862 2259
f 312 792 2048
f 279 759 1953
f 316 796 2061
f 323 803 2079
f 330 810 2100
f 335 815 2115
f 305 785 2025
f 376 856 2241
f 383 863 2264
f 274 754 1938
f 232 712 1802
f 225 705 1783
f 237 717 1819
f 243 723 1837
f 250 730 1856
f 273 753 1927
f 336 816 2112
f 306 786 2022
f 378 858 2238
f 381 861 2251
f 311 791 2036
f 281 761 1949
f 315 795 2053
f 321 801 2071
f 328 808 2090
f 333 813 2107
f 303 783 2017
f 375 855 2233
f 384 864 2256
f 276 756 1932
f 251 731 1859
f 233 713 1805
f 228 708 1788
f 240 720 1824
f 246 726 1842
f 258 738 1878
f 360 840 2184
f 401 881 2306
f 389 869 2270
f 263 743 1892
f 329 809 2093
f 310 790 2039
f 280 760 1946
f 318 798 2058
f 324 804 2076
f 342 822 2130
f 288 768 1968
f 292 772 1982
f 371 851 2216
f 393 873 2287
f 357 837 2179
f 255 735 1873
f 262 742 1895
f 388 868 2273
f 400 880 2309
f 352 832 2165
f 347 827 2144
f 298 778 2000
f 364 844 2198
f 269 749 1913
f 339 819 2125
f 285 765 1963
f 293 773 1985
f 370 850 2219
f 396 876 2292
f 353 833 2162
f 346 826 2147
f 299 779 2003
f 365 845 2201
f 268 748 1910
f 249 729 1863
f 231 711 1809
f 226 706 1794
f 238 718 1830
f 244 724 1848
f 257 737 1886
f 359 839 2192
f 402 882 2318
f 390 870 2282
f 264 744 1904
f 327 807 2097
f 309 789 2043
f 282 762 1956
f 317 797 2066
f 322 802 2082
f 341 821 2138
f 286 766 1974
f 294 774 1992
f 372 852 2228
f 394 874 2295
f 416 1270 2331
f 408 1246 2327
f 406 1251 2328
f 412 1287 2334
f 415 1305 2337
f 424 1335 2346
f 492 1552 2412
f 582 1474 2499
f 565 1600 2487
f 514 1353 2436
f 461 1480 2376
f 453 1402 2372
f 451 1407 2373
f 457 1491 2379
f 460 1503 2382
f 475 1534 2396
f 439 1413 2361
f 496 1443 2418
f 533 1593 2457
f 551 1384 2463
f 579 1324 2492
f 483 1276 2402
f 426 1264 2343
f 521 1300 2433
f 566 1318 2478
f 489 1342 2406
f 578 1563 2502
f 560 1461 2484
f 518 1587 2442
f 429 1348 2349
f 547 1522 2468
f 465 1419 2387
f 441 1396 2358
f 504 1498 2421
f 537 1516 2454
f 550 1558 2472
f 476 1426 2388
f 444 1432 2364
f 502 1569 2426
f 526 1371 2448
f 481 1281 2403
f 420 1257 2342
f 510 1293 2432
f 555 1311 2477
f 571 1329 2493
f 540 1377 2462
f 473 1539 2397
f 447 1450 2367
f 507 1576 2427
f 534 1366 2447
f 469 1485 2391
f 435 1389 2357
f 498 1438 2417
f 529 1509 2453
f 545 1527 2469
f 487 1545 2411
f 574 1467 2498
f 562 1456 2483
f 520 1582 2441
f 432 1360 2352
f 589 1271 2509
f 583 1247 2503
f 586 1254 2506
f 593 1290 2512
f 596 1308 2515
f 599 1338 2518
f 633 1553 2555
f 620 1475 2541
f 640 1601 2562
f 603 1356 2522
f 622 1481 2542
f 607 1403 2528
f 612 1410 2531
f 626 1494 2545
f 629 1506 2548
f 631 1535 2551
f 614 1416 2533
f 618 1446 2537
f 641 1596 2559
f 605 1385 2526
f 167 907 1616
f 164 889 1608
f 163 883 1606
f 165 895 1612
f 166 901 1615
f 169 919 1624
f 192 1057 1692
f 222 1237 1782
f 216 1201 1765
f 199 1099 1714
f 182 997 1661
f 179 979 1653
f 178 973 1651
f 180 985 1657
f 181 991 1660
f 186 1021 1675
f 174 949 1639
f 193 1063 1696
f 205 1135 1733
f 212 1177 1751
f 221 1231 1779
f 189 1039 1683
f 170 925 1626
f 202 1117 1721
f 217 1207 1766
f 191 1051 1689
f 220 1225 1778
f 214 1189 1760
f 200 1105 1718
f 171 931 1629
f 210 1165 1747
f 183 1003 1665
f 175 955 1641
f 196 1081 1704
f 207 1147 1737
f 211 1171 1750
f 187 1027 1676
f 176 961 1644
f 195 1075 1702
f 203 1123 1726
f 188 1033 1681
f 168 913 1620
f 198 1093 1710
f 213 1183 1755
f 218 1213 1771
f 208 1153 1740
f 185 1015 1673
f 177 967 1647
f 197 1087 1707
f 206 1141 1734
f 184 1009 1669
f 173 943 1635
f 194 1069 1698
f 204 1129 1729
f 209 1159 1745
f 190 1045 1687
f 219 1219 1774
f 215 1195 1762
f 201 1111 1720
f 172 937 1632
f 357 1280 2189
f 255 1256 1883
f 262 1292 1903
f 388 1310 2281
f 400 1328 2317
f 352 1376 2173
f 347 1538 2158
f 298 1447 2012
f 364 1573 2210
f 269 1363 1924
f 339 1484 2135
f 285 1388 1973
f 293 1435 1996
f 370 1508 2227
f 396 1526 2304
f 353 1544 2176
f 346 1466 2155
f 299 1453 2014
f 365 1579 2212
f 268 1357 1922
f 249 1268 1864
f 231 1244 1810
f 226 1249 1795
f 238 1285 1831
f 244 1303 1849
f 257 1333 1887
f 359 1550 2193
f 402 1472 2321
f 390 1598 2285
f 264 1351 1907
f 327 1478 2098
f 309 1400 2044
f 282 1405 1961
f 317 1489 2067
f 322 1501 2083
f 341 1532 2139
f 286 1411 1975
f 294 1441 1997
f 372 1591 2231
f 394 1382 2298
f 358 1322 2190
f 256 1274 1884
f 261 1262 1900
f 387 1298 2278
f 399 1316 2314
f 351 1340 2170
f 348 1561 2159
f 300 1459 2015
f 366 1585 2213
f 267 1346 1918
f 340 1520 2136
f 287 1417 1977
f 291 1394 1990
f 369 1496 2224
f 395 1514 2301
f 354 1556 2177
f 345 1424 2152
f 297 1430 2008
f 363 1567 2206
f 270 1369 1925
f 234 1279 1817
f 227 1255 1797
f 239 1291 1833
f 245 1309 1851
f 252 1327 1871
f 275 1375 1941
f 334 1537 2119
f 304 1448 2029
f 377 1574 2247
f 382 1364 2262
f 312 1483 2051
f 279 1387 1954
f 316 1436 2064
f 323 1507 2085
f 330 1525 2105
f 335 1543 2121
f 305 1465 2031
f 376 1454 2244
f 383 1580 2265
f 274 1358 1939
f 232 1267 1814
f 225 1243 1793
f 237 1250 1829
f 243 1286 1847
f 250 1304 1868
f 273 1334 1937
f 336 1549 2124
f 306 1471 2034
f 378 1597 2250
f 381 1352 2261
f 311 1477 2050
f 281 1399 1960
f 315 1406 2063
f 321 1490 2081
f 328 1502 2102
f 333 1531 2117
f 303 1412 2027
f 375 1442 2243
f 384 1592 2268
f 276 1381 1944
f 229 890 1804
f 223 884 1785
f 235 896 1821
f 241 902 1839
f 247 908 1858
f 271 938 1929
f 332 1046 2114
f 302 1220 2024
f 374 1196 2240
f 379 1112 2253
f 307 980 2038
f 278 974 1951
f 313 986 2055
f 319 992 2073
f 325 998 2092
f 331 1016 2109
f 301 968 2019
f 373 1088 2235
f 380 1142 2258
f 272 1154 1934
f 248 1214 1861
f 230 1034 1807
f 224 914 1790
f 236 1094 1826
f 242 1184 1844
f 254 1040 1880
f 356 1232 2186
f 397 1208 2308
f 385 1118 2272
f 259 926 1894
f 326 1160 2095
f 308 1010 2041
f 277 944 1948
f 314 1070 2060
f 320 1130 2078
f 338 1166 2132
f 284 1004 1970
f 289 956 1984
f 367 1082 2218
f 391 1148 2289
f 355 1058 2181
f 253 920 1875
f 260 1100 1897
f 386 1202 2275
f 398 1238 2311
f 350 1172 2167
f 343 1028 2146
f 295 962 2002
f 361 1076 2200
f 266 1124 1915
f 337 1022 2127
f 283 950 1965
f 290 1064 1987
f 368 1136 2221
f 392 1178 2294
f 349 1052 2164
f 344 1226 2149
f 296 1190 2005
f 362 1106 2203
f 265 932 1912
f 251 1321 1870
f 233 1273 1816
f 228 1261 1800
f 240 1297 1836
f 246 1315 1854
f 258 1339 1890
f 360 1562 2196
f 401 1460 2320
f 389 1586 2284
f 263 1345 1906
f 329 1519 2104
f 310 1418 2047
f 280 1393 1958
f 318 1495 2070
f 324 1513 2088
f 342 1555 2142
f 288 1423 1980
f 292 1429 1994
f 371 1568 2230
f 393 1370 2297
f 409 894 2329
f 405 887 2323
f 411 899 2326
f 414 905 2333
f 417 912 2336
f 431 941 2345
f 488 1050 2409
f 575 1224 2496
f 563 1200 2485
f 519 1115 2435
f 454 984 2374
f 450 977 2368
f 456 989 2371
f 459 995 2378
f 462 1002 2381
f 472 1019 2392
f 446 971 2360
f 506 1091 2416
f 535 1146 2456
f 541 1158 2460
f 570 1217 2488
f 480 1037 2398
f 421 918 2340
f 511 1098 2430
f 556 1188 2475
f 484 1044 2404
f 580 1236 2501
f 567 1212 2482
f 522 1122 2440
f 427 930 2347
f 544 1163 2464
f 468 1013 2384
f 436 948 2355
f 499 1074 2419
f 530 1134 2451
f 548 1170 2470
f 466 1008 2385
f 442 960 2362
f 505 1086 2423
f 536 1151 2446
f 491 1061 2401
f 423 923 2339
f 513 1103 2429
f 564 1205 2474
f 581 1241 2491
f 549 1175 2459
f 477 1032 2395
f 445 966 2365
f 503 1080 2424
f 525 1127 2443
f 474 1025 2390
f 438 953 2354
f 495 1067 2413
f 532 1139 2450
f 552 1182 2467
f 490 1056 2408
f 577 1229 2495
f 559 1193 2479
f 517 1109 2437
f 430 936 2350
f 590 1325 2511
f 584 1277 2505
f 585 1265 2507
f 592 1301 2513
f 595 1319 2516
f 598 1343 2519
f 636 1566 2556
f 621 1464 2540
f 642 1590 2561
f 601 1349 2521
f 623 1523 2544
f 611 1422 2529
f 609 1397 2530
f 625 1499 2546
f 628 1517 2549
f 632 1559 2553
f 613 1427 2534
f 616 1433 2536
f 638 1572 2557
f 606 1374 2525
f 407 892 1609
f 403 885 1605
f 404 897 1611
f 410 903 1614
f 413 910 1617
f 422 939 1631
f 486 1048 1688
f 573 1222 1775
f 561 1198 1763
f 512 1113 1719
f 452 982 1654
f 448 975 1650
f 449 987 1656
f 455 993 1659
f 458 1000 1662
f 470 1017 1672
f 437 969 1646
f 494 1089 1706
f 531 1144 1735
f 539 1156 1741
f 568 1215 1770
f 478 1035 1680
f 419 916 1621
f 509 1096 1711
f 554 1186 1756
f 482 1042 1684
f 576 1234 1780
f 558 1210 1767
f 516 1120 1722
f 425 928 1627
f 542 1161 1744
f 463 1011 1668
f 434 946 1636
f 497 1072 1699
f 528 1132 1730
f 546 1168 1748
f 464 1006 1666
f 440 958 1642
f 500 1084 1705
f 524 1149 1736
f 479 1059 1691
f 418 921 1623
f 508 1101 1713
f 553 1203 1764
f 569 1239 1781
f 538 1173 1749
f 471 1030 1677
f 443 964 1645
f 501 1078 1703
f 523 1125 1725
f 467 1023 1674
f 433 951 1638
f 493 1065 1695
f 527 1137 1732
f 543 1180 1752
f 485 1054 1690
f 572 1227 1777
f 557 1191 1759
f 515 1107 1717
f 428 934 1630
f 591 1326 2191
f 587 1278 1885
f 588 1266 1901
f 594 1302 2279
f 597 1320 2315
f 600 1344 2171
f 634 1565 2160
f 619 1463 2016
f 639 1589 2214
f 602 1350 1919
f 624 1524 2137
f 608 1421 1978
f 610 1398 1991
f 627 1500 2225
f 630 1518 2302
f 635 1560 2178
f 615 1428 2153
f 617 1434 2009
f 637 1571 2207
f 604 1373 1926
f 416 911 1857
f 408 893 1803
f 406 888 1786
f 412 900 1822
f 415 906 1840
f 424 924 1876
f 492 1062 2182
f 582 1242 2312
f 565 1206 2276
f 514 1104 1898
f 461 1001 2091
f 453 983 2037
f 451 978 1952
f 457 990 2056
f 460 996 2074
f 475 1026 2128
f 439 954 1966
f 496 1068 1988
f 533 1140 2222
f 551 1181 2293
f 579 1235 2185
f 483 1043 1879
f 426 929 1893
f 521 1121 2271
f 566 1211 2307
f 489 1055 2163
f 578 1230 2150
f 560 1194 2006
f 518 1110 2204
f 429 935 1911
f 547 1169 2131
f 465 1007 1969
f 441 959 1983
f 504 1085 2217
f 537 1152 2290
f 550 1176 2168
f 476 1031 2145
f 444 965 2001
f 502 1079 2199
f 526 1128 1916
f 481 1038 1808
f 420 917 1789
f 510 1097 1825
f 555 1187 1843
f 571 1218 1862
f 540 1157 1933
f 473 1020 2110
f 447 972 2020
f 507 1092 2236
f 534 1145 2257
f 469 1014 2042
f 435 947 1947
f 498 1073 2059
f 529 1133 2077
f 545 1164 2096
f 487 1049 2113
f 574 1223 2023
f 562 1199 2239
f 520 1116 2254
f 432 942 1930
f 589 1283 1818
f 583 1259 1798
f 586 1295 1834
f 593 1313 1852
f 596 1331 1872
f 599 1379 1942
f 633 1541 2120
f 620 1452 2030
f 640 1578 2248
f 603 1368 2263
f 622 1487 2052
f 607 1391 1955
f 612 1440 2065
f 626 1511 2086
f 629 1529 2106
f 631 1547 2122
f 614 1469 2032
f 618 1458 2245
f 641 1584 2266
f 605 1362 1940
f 409 1269 1813
f 405 1245 1792
f 411 1252 1828
f 414 1288 1846
f 417 1306 1867
f 431 1336 1936
f 488 1551 2123
f 575 1473 2033
f 563 1599 2249
f 519 1354 2260
f 454 1479 2049
f 450 1401 1959
f 456 1408 2062
f 459 1492 2080
f 462 1504 2101
f 472 1533 2116
f 446 1414 2026
f 506 1444 2242
f 535 1594 2267
f 541 1383 1943
f 570 1323 1869
f 480 1275 1815
f 421 1263 1799
f 511 1299 1835
f 556 1317 1853
f 484 1341 1889
f 580 1564 2195
f 567 1462 2319
f 522 1588 2283
f 427 1347 1905
f 544 1521 2103
f 468 1420 2046
f 436 1395 1957
f 499 1497 2069
f 530 1515 2087
f 548 1557 2141
f 466 1425 1979
f 442 1431 1993
f 505 1570 2229
f 536 1372 2296
f 491 1282 2188
f 423 1258 1882
f 513 1294 1902
f 564 1312 2280
f 581 1330 2316
f 549 1378 2172
f 477 1540 2157
f 445 1449 2011
f 503 1575 2209
f 525 1365 1923
f 474 1486 2134
f 438 1390 1972
f 495 1437 1995
f 532 1510 2226
f 552 1528 2303
f 490 1546 2175
f 577 1468 2154
f 559 1455 2013
f 517 1581 2211
f 430 1359 1921
f 590 1272 1865
f 584 1248 1811
f 585 1253 1796
f 592 1289 1832
f 595 1307 1850
f 598 1337 1888
f 636 1554 2194
f 621 1476 2322
f 642 1602 2286
f 601 1355 1908
f 623 1482 2099
f 611 1404 2045
f 609 1409 1962
f 625 1493 2068
f 628 1505 2084
f 632 1536 2140
f 613 1415 1976
f 616 1445 1998
f 638 1595 2232
f 606 1386 2299
f 407 909 2330
f 403 891 2324
f 404 886 2325
f 410 898 2332
f 413 904 2335
f 422 922 2344
f 486 1060 2410
f 573 1240 2497
f 561 1204 2486
f 512 1102 2434
f 452 999 2375
f 448 981 2369
f 449 976 2370
f 455 988 2377
f 458 994 2380
f 470 1024 2393
f 437 952 2359
f 494 1066 2415
f 531 1138 2455
f 539 1179 2461
f 568 1233 2489
f 478 1041 2399
f 419 927 2341
f 509 1119 2431
f 554 1209 2476
f 482 1053 2405
f 576 1228 2500
f 558 1192 2481
f 516 1108 2439
f 425 933 2348
f 542 1167 2465
f 463 1005 2383
f 434 957 2356
f 497 1083 2420
f 528 1150 2452
f 546 1174 2471
f 464 1029 2386
f 440 963 2363
f 500 1077 2422
f 524 1126 2445
f 479 1036 2400
f 418 915 2338
f 508 1095 2428
f 553 1185 2473
f 569 1216 2490
f 538 1155 2458
f 471 1018 2394
f 443 970 2366
f 501 1090 2425
f 523 1143 2444
f 467 1012 2389
f 433 945 2353
f 493 1071 2414
f 527 1131 2449
f 543 1162 2466
f 485 1047 2407
f 572 1221 2494
f 557 1197 2480
f 515 1114 2438
f 428 940 2351
f 591 1284 2510
f 587 1260 2504
f 588 1296 2508
f 594 1314 2514
f 597 1332 2517
f 600 1380 2520
f 634 1542 2554
f 619 1451 2539
f 639 1577 2560
f 602 1367 2523
f 624 1488 2543
f 608 1392 2527
f 610 1439 2532
f 627 1512 2547
f 630 1530 2550
f 635 1548 2552
f 615 1470 2535
f 617 1457 2538
f 637 1583 2558
f 604 1361 2524
f 167 1616 1607
f 164 1608 1603
f 163 1606 1604
f 165 1612 1610
f 166 1615 1613
f 169 1624 1622
f 192 1692 1686
f 222 1782 1773
f 216 1765 1761
f 199 1714 1712
f 182 1661 1652
f 179 1653 1648
f 178 1651 1649
f 180 1657 1655
f 181 1660 1658
f 186 1675 1670
f 174 1639 1637
f 193 1696 1694
f 205 1733 1731
f 212 1751 1739
f 221 1779 1768
f 189 1683 1678
f 170 1626 1619
f 202 1721 1709
f 217 1766 1754
f 191 1689 1682
f 220 1778 1776
f 214 1760 1758
f 200 1718 1716
f 171 1629 1625
f 210 1747 1742
f 183 1665 1663
f 175 1641 1634
f 196 1704 1697
f 207 1737 1728
f 211 1750 1746
f 187 1676 1664
f 176 1644 1640
f 195 1702 1700
f 203 1726 1724
f 188 1681 1679
f 168 1620 1618
f 198 1710 1708
f 213 1755 1753
f 218 1771 1769
f 208 1740 1738
f 185 1673 1671
f 177 1647 1643
f 197 1707 1701
f 206 1734 1723
f 184 1669 1667
f 173 1635 1633
f 194 1698 1693
f 204 1729 1727
f 209 1745 1743
f 190 1687 1685
f 219 1774 1772
f 215 1762 1757
f 201 1720 1715
f 172 1632 1628
f 357 2189 2187
f 255 1883 1881
f 262 1903 1899
f 388 2281 2277
f 400 2317 2313
f 352 2173 2169
f 347 2158 2156
f 298 2012 2010
f 364 2210 2208
f 269 1924 1917
f 339 2135 2133
f 285 1973 1971
f 293 1996 1989
f 370 2227 2223
f 396 2304 2300
f 353 2176 2174
f 346 2155 2151
f 299 2014 2007
f 365 2212 2205
f 268 1922 1920
f 249 1864 1855
f 231 1810 1801
f 226 1795 1784
f 238 1831 1820
f 244 1849 1838
f 257 1887 1874
f 359 2193 2180
f 402 2321 2310
f 390 2285 2274
f 264 1907 1896
f 327 2098 2089
f 309 2044 2035
f 282 1961 1950
f 317 2067 2054
f 322 2083 2072
f 341 2139 2126
f 286 1975 1964
f 294 1997 1986
f 372 2231 2220
f 394 2298 2291
f 358 2190 2183
f 256 1884 1877
f 261 1900 1891
f 387 2278 2269
f 399 2314 2305
f 351 2170 2161
f 348 2159 2148
f 300 2015 2004
f 366 2213 2202
f 267 1918 1909
f 340 2136 2129
f 287 1977 1967
f 291 1990 1981
f 369 2224 2215
f 395 2301 2288
f 354 2177 2166
f 345 2152 2143
f 297 2008 1999
f 363 2206 2197
f 270 1925 1914
f 234 1817 1806
f 227 1797 1787
f 239 1833 1823
f 245 1851 1841
f 252 1871 1860
f 275 1941 1931
f 334 2119 2108
f 304 2029 2018
f 377 2247 2234
f 382 2262 2255
f 312 2051 2040
f 279 1954 1945
f 316 2064 2057
f 323 2085 2075
f 330 2105 2094
f 335 2121 2111
f 305 2031 2021
f 376 2244 2237
f 383 2265 2252
f 274 1939 1928
f 232 1814 1812
f 225 1793 1791
f 237 1829 1827
f 243 1847 1845
f 250 1868 1866
f 273 1937 1935
f 336 2124 2118
f 306 2034 2028
f 378 2250 2246
f 381 2261 2259
f 311 2050 2048
f 281 1960 1953
f 315 2063 2061
f 321 2081 2079
f 328 2102 2100
f 333 2117 2115
f 303 2027 2025
f 375 2243 2241
f 384 2268 2264
f 276 1944 1938
f 229 1804 1802
f 223 1785 1783
f 235 1821 1819
f 241 1839 1837
f 247 1858 1856
f 271 1929 1927
f 332 2114 2112
f 302 2024 2022
f 374 2240 2238
f 379 2253 2251
f 307 2038 2036
f 278 1951 1949
f 313 2055 2053
f 319 2073 2071
f 325 2092 2090
f 331 2109 2107
f 301 2019 2017
f 373 2235 2233
f 380 2258 2256
f 272 1934 1932
f 248 1861 1859
f 230 1807 1805
f 224 1790 1788
f 236 1826 1824
f 242 1844 1842
f 254 1880 1878
f 356 2186 2184
f 397 2308 2306
f 385 2272 2270
f 259 1894 1892
f 326 2095 2093
f 308 2041 2039
f 277 1948 1946
f 314 2060 2058
f 320 2078 2076
f 338 2132 2130
f 284 1970 1968
f 289 1984 1982
f 367 2218 2216
f 391 2289 2287
f 355 2181 2179
f 253 1875 1873
f 260 1897 1895
f 386 2275 2273
f 398 2311 2309
f 350 2167 2165
f 343 2146 2144
f 295 2002 2000
f 361 2200 2198
f 266 1915 1913
f 337 2127 2125
f 283 1965 1963
f 290 1987 1985
f 368 2221 2219
f 392 2294 2292
f 349 2164 2162
f 344 2149 2147
f 296 2005 2003
f 362 2203 2201
f 265 1912 1910
f 251 1870 1863
f 233 1816 1809
f 228 1800 1794
f 240 1836 1830
f 246 1854 1848
f 258 1890 1886
f 360 2196 2192
f 401 2320 2318
f 389 2284 2282
f 263 1906 1904
f 329 2104 2097
f 310 2047 2043
f 280 1958 1956
f 318 2070 2066
f 324 2088 2082
f 342 2142 2138
f 288 1980 1974
f 292 1994 1992
f 371 2230 2228
f 393 2297 2295
f 409 2329 2331
f 405 2323 2327
f 411 2326 2328
f 414 2333 2334
f 417 2336 2337
f 431 2345 2346
f 488 2409 2412
f 575 2496 2499
f 563 2485 2487
f 519 2435 2436
f 454 2374 2376
f 450 2368 2372
f 456 2371 2373
f 459 2378 2379
f 462 2381 2382
f 472 2392 2396
f 446 2360 2361
f 506 2416 2418
f 535 2456 2457
f 541 2460 2463
f 570 2488 2492
f 480 2398 2402
f 421 2340 2343
f 511 2430 2433
f 556 2475 2478
f 484 2404 2406
f 580 2501 2502
f 567 2482 2484
f 522 2440 2442
f 427 2347 2349
f 544 2464 2468
f 468 2384 2387
f 436 2355 2358
f 499 2419 2421
f 530 2451 2454
f 548 2470 2472
f 466 2385 2388
f 442 2362 2364
f 505 2423 2426
f 536 2446 2448
f 491 2401 2403
f 423 2339 2342
f 513 2429 2432
f 564 2474 2477
f 581 2491 2493
f 549 2459 2462
f 477 2395 2397
f 445 2365 2367
f 503 2424 2427
f 525 2443 2447
f 474 2390 2391
f 438 2354 2357
f 495 2413 2417
f 532 2450 2453
f 552 2467 2469
f 490 2408 2411
f 577 2495 2498
f 559 2479 2483
f 517 2437 2441
f 430 2350 2352
f 590 2511 2509
f 584 2505 2503
f 585 2507 2506
f 592 2513 2512
f 595 2516 2515
f 598 2519 2518
f 636 2556 2555
f 621 2540 2541
f 642 2561 2562
f 601 2521 2522
f 623 2544 2542
f 611 2529 2528
f 609 2530 2531
f 625 2546 2545
f 628 2549 2548
f 632 2553 2551
f 613 2534 2533
f 616 2536 2537
f 638 2557 2559
f 606 2525 2526
f 1607 644 647
f 1603 643 644
f 1604 645 643
f 1610 646 645
f 1613 647 646
f 1622 652 649
f 1686 670 672
f 1773 699 702
f 1761 695 696
f 1712 681 679
f 1652 659 662
f 1648 658 659
f 1649 660 658
f 1655 661 660
f 1658 662 661
f 1670 665 666
f 1637 657 654
f 1694 677 673
f 1731 686 685
f 1739 688 692
f 1768 698 701
f 1678 668 669
f 1619 648 650
f 1709 678 682
f 1754 693 697
f 1682 669 671
f 1776 701 700
f 1758 697 694
f 1716 682 680
f 1625 650 651
f 1742 689 690
f 1663 664 663
f 1634 653 655
f 1697 674 676
f 1728 684 687
f 1746 690 691
f 1664 663 667
f 1640 655 656
f 1700 676 675
f 1724 687 683
f 1679 672 668
f 1618 649 648
f 1708 679 678
f 1753 696 693
f 1769 702 698
f 1738 691 688
f 1671 667 665
f 1643 656 657
f 1701 675 677
f 1723 683 686
f 1667 666 664
f 1633 654 653
f 1693 673 674
f 1727 685 684
f 1743 692 689
f 1685 671 670
f 1772 700 699
f 1757 694 695
f 1715 680 681
f 1628 651 652
f 2187 838 837
f 1881 736 735
f 1899 741 742
f 2277 867 868
f 2313 879 880
f 2169 831 832
f 2156 828 827
f 2010 780 778
f 2208 846 844
f 1917 747 749
f 2133 820 819
f 1971 767 765
f 1989 771 773
f 2223 849 850
f 2300 875 876
f 2174 834 833
f 2151 825 826
f 2007 777 779
f 2205 843 845
f 1920 750 748
f 1855 727 729
f 1801 709 711
f 1784 703 706
f 1820 715 718
f 1838 721 724
f 1874 733 737
f 2180 835 839
f 2310 878 882
f 2274 866 870
f 1896 740 744
f 2089 805 807
f 2035 787 789
f 1950 758 762
f 2054 793 797
f 2072 799 802
f 2126 817 821
f 1964 763 766
f 1986 770 774
f 2220 848 852
f 2291 872 874
f 2183 836 838
f 1877 734 736
f 1891 739 741
f 2269 865 867
f 2305 877 879
f 2161 829 831
f 2148 824 828
f 2004 776 780
f 2202 842 846
f 1909 745 747
f 2129 818 820
f 1967 764 767
f 1981 769 771
f 2215 847 849
f 2288 871 875
f 2166 830 834
f 2143 823 825
f 1999 775 777
f 2197 841 843
f 1914 746 750
f 1806 710 714
f 1787 704 707
f 1823 716 719
f 1841 722 725
f 1860 728 732
f 1931 752 755
f 2108 811 814
f 2018 781 784
f 2234 853 857
f 2255 860 862
f 2040 788 792
f 1945 757 759
f 2057 794 796
f 2075 800 803
f 2094 806 810
f 2111 812 815
f 2021 782 785
f 2237 854 856
f 2252 859 863
f 1928 751 754
f 1812 714 712
f 1791 707 705
f 1827 719 717
f 1845 725 723
f 1866 732 730
f 1935 755 753
f 2118 814 816
f 2028 784 786
f 2246 857 858
f 2259 862 861
f 2048 792 791
f 1953 759 761
f 2061 796 795
f 2079 803 801
f 2100 810 808
f 2115 815 813
f 2025 785 783
f 2241 856 855
f 2264 863 864
f 1938 754 756
f 1802 712 709
f 1783 705 703
f 1819 717 715
f 1837 723 721
f 1856 730 727
f 1927 753 751
f 2112 816 812
f 2022 786 782
f 2238 858 854
f 2251 861 859
f 2036 791 787
f 1949 761 758
f 2053 795 793
f 2071 801 799
f 2090 808 805
f 2107 813 811
f 2017 783 781
f 2233 855 853
f 2256 864 860
f 1932 756 752
f 1859 731 728
f 1805 713 710
f 1788 708 704
f 1824 720 716
f 1842 726 722
f 1878 738 734
f 2184 840 836
f 2306 881 877
f 2270 869 865
f 1892 743 739
f 2093 809 806
f 2039 790 788
f 1946 760 757
f 2058 798 794
f 2076 804 800
f 2130 822 818
f 1968 768 764
f 1982 772 769
f 2216 851 847
f 2287 873 871
f 2179 837 835
f 1873 735 733
f 1895 742 740
f 2273 868 866
f 2309 880 878
f 2165 832 830
f 2144 827 823
f 2000 778 775
f 2198 844 841
f 1913 749 746
f 2125 819 817
f 1963 765 763
f 1985 773 770
f 2219 850 848
f 2292 876 872
f 2162 833 829
f 2147 826 824
f 2003 779 776
f 2201 845 842
f 1910 748 745
f 1863 729 731
f 1809 711 713
f 1794 706 708
f 1830 718 720
f 1848 724 726
f 1886 737 738
f 2192 839 840
f 2318 882 881
f 2282 870 869
f 1904 744 743
f 2097 807 809
f 2043 789 790
f 1956 762 760
f 2066 797 798
f 2082 802 804
f 2138 821 822
f 1974 766 768
f 1992 774 772
f 2228 852 851
f 2295 874 873
f 2331 1270 1269
f 2327 1246 1245
f 2328 1251 1252
f 2334 1287 1288
f 2337 1305 1306
f 2346 1335 1336
f 2412 1552 1551
f 2499 1474 1473
f 2487 1600 1599
f 2436 1353 1354
f 2376 1480 1479
f 2372 1402 1401
f 2373 1407 1408
f 2379 1491 1492
f 2382 1503 1504
f 2396 1534 1533
f 2361 1413 1414
f 2418 1443 1444
f 2457 1593 1594
f 2463 1384 1383
f 2492 1324 1323
f 2402 1276 1275
f 2343 1264 1263
f 2433 1300 1299
f 2478 1318 1317
f 2406 1342 1341
f 2502 1563 1564
f 2484 1461 1462
f 2442 1587 1588
f 2349 1348 1347
f 2468 1522 1521
f 2387 1419 1420
f 2358 1396 1395
f 2421 1498 1497
f 2454 1516 1515
f 2472 1558 1557
f 2388 1426 1425
f 2364 1432 1431
f 2426 1569 1570
f 2448 1371 1372
f 2403 1281 1282
f 2342 1257 1258
f 2432 1293 1294
f 2477 1311 1312
f 2493 1329 1330
f 2462 1377 1378
f 2397 1539 1540
f 2367 1450 1449
f 2427 1576 1575
f 2447 1366 1365
f 2391 1485 1486
f 2357 1389 1390
f 2417 1438 1437
f 2453 1509 1510
f 2469 1527 1528
f 2411 1545 1546
f 2498 1467 1468
f 2483 1456 1455
f 2441 1582 1581
f 2352 1360 1359
f 2509 1271 1272
f 2503 1247 1248
f 2506 1254 1253
f 2512 1290 1289
f 2515 1308 1307
f 2518 1338 1337
f 2555 1553 1554
f 2541 1475 1476
f 2562 1601 1602
f 2522 1356 1355
f 2542 1481 1482
f 2528 1403 1404
f 2531 1410 1409
f 2545 1494 1493
f 2548 1506 1505
f 2551 1535 1536
f 2533 1416 1415
f 2537 1446 1445
f 2559 1596 1595
f 2526 1385 1386
f 1616 907 909
f 1608 889 891
f 1606 883 886
f 1612 895 898
f 1615 901 904
f 1624 919 922
f 1692 1057 1060
f 1782 1237 1240
f 1765 1201 1204
f 1714 1099 1102
f 1661 997 999
f 1653 979 981
f 1651 973 976
f 1657 985 988
f 1660 991 994
f 1675 1021 1024
f 1639 949 952
f 1696 1063 1066
f 1733 1135 1138
f 1751 1177 1179
f 1779 1231 1233
f 1683 1039 1041
f 1626 925 927
f 1721 1117 1119
f 1766 1207 1209
f 1689 1051 1053
f 1778 1225 1228
f 1760 1189 1192
f 1718 1105 1108
f 1629 931 933
f 1747 1165 1167
f 1665 1003 1005
f 1641 955 957
f 1704 1081 1083
f 1737 1147 1150
f 1750 1171 1174
f 1676 1027 1029
f 1644 961 963
f 1702 1075 1077
f 1726 1123 1126
f 1681 1033 1036
f 1620 913 915
f 1710 1093 1095
f 1755 1183 1185
f 1771 1213 1216
f 1740 1153 1155
f 1673 1015 1018
f 1647 967 970
f 1707 1087 1090
f 1734 1141 1143
f 1669 1009 1012
f 1635 943 945
f 1698 1069 1071
f 1729 1129 1131
f 1745 1159 1162
f 1687 1045 1047
f 1774 1219 1221
f 1762 1195 1197
f 1720 1111 1114
f 1632 937 940
f 2189 1280 1284
f 1883 1256 1260
f 1903 1292 1296
f 2281 1310 1314
f 2317 1328 1332
f 2173 1376 1380
f 2158 1538 1542
f 2012 1447 1451
f 2210 1573 1577
f 1924 1363 1367
f 2135 1484 1488
f 1973 1388 1392
f 1996 1435 1439
f 2227 1508 1512
f 2304 1526 1530
f 2176 1544 1548
f 2155 1466 1470
f 2014 1453 1457
f 2212 1579 1583
f 1922 1357 1361
f 1864 1268 1270
f 1810 1244 1246
f 1795 1249 1251
f 1831 1285 1287
f 1849 1303 1305
f 1887 1333 1335
f 2193 1550 1552
f 2321 1472 1474
f 2285 1598 1600
f 1907 1351 1353
f 2098 1478 1480
f 2044 1400 1402
f 1961 1405 1407
f 2067 1489 1491
f 2083 1501 1503
f 2139 1532 1534
f 1975 1411 1413
f 1997 1441 1443
f 2231 1591 1593
f 2298 1382 1384
f 2190 1322 1324
f 1884 1274 1276
f 1900 1262 1264
f 2278 1298 1300
f 2314 1316 1318
f 2170 1340 1342
f 2159 1561 1563
f 2015 1459 1461
f 2213 1585 1587
f 1918 1346 1348
f 2136 1520 1522
f 1977 1417 1419
f 1990 1394 1396
f 2224 1496 1498
f 2301 1514 1516
f 2177 1556 1558
f 2152 1424 1426
f 2008 1430 1432
f 2206 1567 1569
f 1925 1369 1371
f 1817 1279 1281
f 1797 1255 1257
f 1833 1291 1293
f 1851 1309 1311
f 1871 1327 1329
f 1941 1375 1377
f 2119 1537 1539
f 2029 1448 1450
f 2247 1574 1576
f 2262 1364 1366
f 2051 1483 1485
f 1954 1387 1389
f 2064 1436 1438
f 2085 1507 1509
f 2105 1525 1527
f 2121 1543 1545
f 2031 1465 1467
f 2244 1454 1456
f 2265 1580 1582
f 1939 1358 1360
f 1814 1267 1271
f 1793 1243 1247
f 1829 1250 1254
f 1847 1286 1290
f 1868 1304 1308
f 1937 1334 1338
f 2124 1549 1553
f 2034 1471 1475
f 2250 1597 1601
f 2261 1352 1356
f 2050 1477 1481
f 1960 1399 1403
f 2063 1406 1410
f 2081 1490 1494
f 2102 1502 1506
f 2117 1531 1535
f 2027 1412 1416
f 2243 1442 1446
f 2268 1592 1596
f 1944 1381 1385
f 1804 890 894
f 1785 884 887
f 1821 896 899
f 1839 902 905
f 1858 908 912
f 1929 938 941
f 2114 1046 1050
f 2024 1220 1224
f 2240 1196 1200
f 2253 1112 1115
f 2038 980 984
f 1951 974 977
f 2055 986 989
f 2073 992 995
f 2092 998 1002
f 2109 1016 1019
f 2019 968 971
f 2235 1088 1091
f 2258 1142 1146
f 1934 1154 1158
f 1861 1214 1217
f 1807 1034 1037
f 1790 914 918
f 1826 1094 1098
f 1844 1184 1188
f 1880 1040 1044
f 2186 1232 1236
f 2308 1208 1212
f 2272 1118 1122
f 1894 926 930
f 2095 1160 1163
f 2041 1010 1013
f 1948 944 948
f 2060 1070 1074
f 2078 1130 1134
f 2132 1166 1170
f 1970 1004 1008
f 1984 956 960
f 2218 1082 1086
f 2289 1148 1151
f 2181 1058 1061
f 1875 920 923
f 1897 1100 1103
f 2275 1202 1205
f 2311 1238 1241
f 2167 1172 1175
f 2146 1028 1032
f 2002 962 966
f 2200 1076 1080
f 1915 1124 1127
f 2127 1022 1025
f 1965 950 953
f 1987 1064 1067
f 2221 1136 1139
f 2294 1178 1182
f 2164 1052 1056
f 2149 1226 1229
f 2005 1190 1193
f 2203 1106 1109
f 1912 932 936
f 1870 1321 1325
f 1816 1273 1277
f 1800 1261 1265
f 1836 1297 1301
f 1854 1315 1319
f 1890 1339 1343
f 2196 1562 1566
f 2320 1460 1464
f 2284 1586 1590
f 1906 1345 1349
f 2104 1519 1523
f 2047 1418 1422
f 1958 1393 1397
f 2070 1495 1499
f 2088 1513 1517
f 2142 1555 1559
f 1980 1423 1427
f 1994 1429 1433
f 2230 1568 1572
f 2297 1370 1374
f 2329 894 892
f 2323 887 885
f 2326 899 897
f 2333 905 903
f 2336 912 910
f 2345 941 939
f 2409 1050 1048
f 2496 1224 1222
f 2485 1200 1198
f 2435 1115 1113
f 2374 984 982
f 2368 977 975
f 2371 989 987
f 2378 995 993
f 2381 1002 1000
f 2392 1019 1017
f 2360 971 969
f 2416 1091 1089
f 2456 1146 1144
f 2460 1158 1156
f 2488 1217 1215
f 2398 1037 1035
f 2340 918 916
f 2430 1098 1096
f 2475 1188 1186
f 2404 1044 1042
f 2501 1236 1234
f 2482 1212 1210
f 2440 1122 1120
f 2347 930 928
f 2464 1163 1161
f 2384 1013 1011
f 2355 948 946
f 2419 1074 1072
f 2451 1134 1132
f 2470 1170 1168
f 2385 1008 1006
f 2362 960 958
f 2423 1086 1084
f 2446 1151 1149
f 2401 1061 1059
f 2339 923 921
f 2429 1103 1101
f 2474 1205 1203
f 2491 1241 1239
f 2459 1175 1173
f 2395 1032 1030
f 2365 966 964
f 2424 1080 1078
f 2443 1127 1125
f 2390 1025 1023
f 2354 953 951
f 2413 1067 1065
f 2450 1139 1137
f 2467 1182 1180
f 2408 1056 1054
f 2495 1229 1227
f 2479 1193 1191
f 2437 1109 1107
f 2350 936 934
f 2511 1325 1326
f 2505 1277 1278
f 2507 1265 1266
f 2513 1301 1302
f 2516 1319 1320
f 2519 1343 1344
f 2556 1566 1565
f 2540 1464 1463
f 2561 1590 1589
f 2521 1349 1350
f 2544 1523 1524
f 2529 1422 1421
f 2530 1397 1398
f 2546 1499 1500
f 2549 1517 1518
f 2553 1559 1560
f 2534 1427 1428
f 2536 1433 1434
f 2557 1572 1571
f 2525 1374 1373
f 1609 892 889
f 1605 885 883
f 1611 897 895
f 1614 903 901
f 1617 910 907
f 1631 939 937
f 1688 1048 1045
f 1775 1222 1219
f 1763 1198 1195
f 1719 1113 1111
f 1654 982 979
f 1650 975 973
f 1656 987 985
f 1659 993 991
f 1662 1000 997
f 1672 1017 1015
f 1646 969 967
f 1706 1089 1087
f 1735 1144 1141
f 1741 1156 1153
f 1770 1215 1213
f 1680 1035 1033
f 1621 916 913
f 1711 1096 1093
f 1756 1186 1183
f 1684 1042 1039
f 1780 1234 1231
f 1767 1210 1207
f 1722 1120 1117
f 1627 928 925
f 1744 1161 1159
f 1668 1011 1009
f 1636 946 943
f 1699 1072 1069
f 1730 1132 1129
f 1748 1168 1165
f 1666 1006 1003
f 1642 958 955
f 1705 1084 1081
f 1736 1149 1147
f 1691 1059 1057
f 1623 921 919
f 1713 1101 1099
f 1764 1203 1201
f 1781 1239 1237
f 1749 1173 1171
f 1677 1030 1027
f 1645 964 961
f 1703 1078 1075
f 1725 1125 1123
f 1674 1023 1021
f 1638 951 949
f 1695 1065 1063
f 1732 1137 1135
f 1752 1180 1177
f 1690 1054 1051
f 1777 1227 1225
f 1759 1191 1189
f 1717 1107 1105
f 1630 934 931
f 2191 1326 1322
f 1885 1278 1274
f 1901 1266 1262
f 2279 1302 1298
f 2315 1320 1316
f 2171 1344 1340
f 2160 1565 1561
f 2016 1463 1459
f 2214 1589 1585
f 1919 1350 1346
f 2137 1524 1520
f 1978 1421 1417
f 1991 1398 1394
f 2225 1500 1496
f 2302 1518 1514
f 2178 1560 1556
f 2153 1428 1424
f 2009 1434 1430
f 2207 1571 1567
f 1926 1373 1369
f 1857 911 908
f 1803 893 890
f 1786 888 884
f 1822 900 896
f 1840 906 902
f 1876 924 920
f 2182 1062 1058
f 2312 1242 1238
f 2276 1206 1202
f 1898 1104 1100
f 2091 1001 998
f 2037 983 980
f 1952 978 974
f 2056 990 986
f 2074 996 992
f 2128 1026 1022
f 1966 954 950
f 1988 1068 1064
f 2222 1140 1136
f 2293 1181 1178
f 2185 1235 1232
f 1879 1043 1040
f 1893 929 926
f 2271 1121 1118
f 2307 1211 1208
f 2163 1055 1052
f 2150 1230 1226
f 2006 1194 1190
f 2204 1110 1106
f 1911 935 932
f 2131 1169 1166
f 1969 1007 1004
f 1983 959 956
f 2217 1085 1082
f 2290 1152 1148
f 2168 1176 1172
f 2145 1031 1028
f 2001 965 962
f 2199 1079 1076
f 1916 1128 1124
f 1808 1038 1034
f 1789 917 914
f 1825 1097 1094
f 1843 1187 1184
f 1862 1218 1214
f 1933 1157 1154
f 2110 1020 1016
f 2020 972 968
f 2236 1092 1088
f 2257 1145 1142
f 2042 1014 1010
f 1947 947 944
f 2059 1073 1070
f 2077 1133 1130
f 2096 1164 1160
f 2113 1049 1046
f 2023 1223 1220
f 2239 1199 1196
f 2254 1116 1112
f 1930 942 938
f 1818 1283 1279
f 1798 1259 1255
f 1834 1295 1291
f 1852 1313 1309
f 1872 1331 1327
f 1942 1379 1375
f 2120 1541 1537
f 2030 1452 1448
f 2248 1578 1574
f 2263 1368 1364
f 2052 1487 1483
f 1955 1391 1387
f 2065 1440 1436
f 2086 1511 1507
f 2106 1529 1525
f 2122 1547 1543
f 2032 1469 1465
f 2245 1458 1454
f 2266 1584 1580
f 1940 1362 1358
f 1813 1269 1267
f 1792 1245 1243
f 1828 1252 1250
f 1846 1288 1286
f 1867 1306 1304
f 1936 1336 1334
f 2123 1551 1549
f 2033 1473 1471
f 2249 1599 1597
f 2260 1354 1352
f 2049 1479 1477
f 1959 1401 1399
f 2062 1408 1406
f 2080 1492 1490
f 2101 1504 1502
f 2116 1533 1531
f 2026 1414 1412
f 2242 1444 1442
f 2267 1594 1592
f 1943 1383 1381
f 1869 1323 1321
f 1815 1275 1273
f 1799 1263 1261
f 1835 1299 1297
f 1853 1317 1315
f 1889 1341 1339
f 2195 1564 1562
f 2319 1462 1460
f 2283 1588 1586
f 1905 1347 1345
f 2103 1521 1519
f 2046 1420 1418
f 1957 1395 1393
f 2069 1497 1495
f 2087 1515 1513
f 2141 1557 1555
f 1979 1425 1423
f 1993 1431 1429
f 2229 1570 1568
f 2296 1372 1370
f 2188 1282 1280
f 1882 1258 1256
f 1902 1294 1292
f 2280 1312 1310
f 2316 1330 1328
f 2172 1378 1376
f 2157 1540 1538
f 2011 1449 1447
f 2209 1575 1573
f 1923 1365 1363
f 2134 1486 1484
f 1972 1390 1388
f 1995 1437 1435
f 2226 1510 1508
f 2303 1528 1526
f 2175 1546 1544
f 2154 1468 1466
f 2013 1455 1453
f 2211 1581 1579
f 1921 1359 1357
f 1865 1272 1268
f 1811 1248 1244
f 1796 1253 1249
f 1832 1289 1285
f 1850 1307 1303
f 1888 1337 1333
f 2194 1554 1550
f 2322 1476 1472
f 2286 1602 1598
f 1908 1355 1351
f 2099 1482 1478
f 2045 1404 1400
f 1962 1409 1405
f 2068 1493 1489
f 2084 1505 1501
f 2140 1536 1532
f 1976 1415 1411
f 1998 1445 1441
f 2232 1595 1591
f 2299 1386 1382
f 2330 909 911
f 2324 891 893
f 2325 886 888
f 2332 898 900
f 2335 904 906
f 2344 922 924
f 2410 1060 1062
f 2497 1240 1242
f 2486 1204 1206
f 2434 1102 1104
f 2375 999 1001
f 2369 981 983
f 2370 976 978
f 2377 988 990
f 2380 994 996
f 2393 1024 1026
f 2359 952 954
f 2415 1066 1068
f 2455 1138 1140
f 2461 1179 1181
f 2489 1233 1235
f 2399 1041 1043
f 2341 927 929
f 2431 1119 1121
f 2476 1209 1211
f 2405 1053 1055
f 2500 1228 1230
f 2481 1192 1194
f 2439 1108 1110
f 2348 933 935
f 2465 1167 1169
f 2383 1005 1007
f 2356 957 959
f 2420 1083 1085
f 2452 1150 1152
f 2471 1174 1176
f 2386 1029 1031
f 2363 963 965
f 2422 1077 1079
f 2445 1126 1128
f 2400 1036 1038
f 2338 915 917
f 2428 1095 1097
f 2473 1185 1187
f 2490 1216 1218
f 2458 1155 1157
f 2394 1018 1020
f 2366 970 972
f 2425 1090 1092
f 2444 1143 1145
f 2389 1012 1014
f 2353 945 947
f 2414 1071 1073
f 2449 1131 1133
f 2466 1162 1164
f 2407 1047 1049
f 2494 1221 1223
f 2480 1197 1199
f 2438 1114 1116
f 2351 940 942
f 2510 1284 1283
f 2504 1260 1259
f 2508 1296 1295
f 2514 1314 1313
f 2517 1332 1331
f 2520 1380 1379
f 2554 1542 1541
f 2539 1451 1452
f 2560 1577 1578
f 2523 1367 1368
f 2543 1488 1487
f 2527 1392 1391
f 2532 1439 1440
f 2547 1512 1511
f 2550 1530 1529
f 2552 1548 1547
f 2535 1470 1469
f 2538 1457 1458
f 2558 1583 1584
f 2524 1361 1362
f 1607 1616 1609
f 1603 1608 1605
f 1604 1606 1611
f 1610 1612 1614
f 1613 1615 1617
f 1622 1624 1631
f 1686 1692 1688
f 1773 1782 1775
f 1761 1765 1763
f 1712 1714 1719
f 1652 1661 1654
f 1648 1653 1650
f 1649 1651 1656
f 1655 1657 1659
f 1658 1660 1662
f 1670 1675 1672
f 1637 1639 1646
f 1694 1696 1706
f 1731 1733 1735
f 1739 1751 1741
f 1768 1779 1770
f 1678 1683 1680
f 1619 1626 1621
f 1709 1721 1711
f 1754 1766 1756
f 1682 1689 1684
f 1776 1778 1780
f 1758 1760 1767
f 1716 1718 1722
f 1625 1629 1627
f 1742 1747 1744
f 1663 1665 1668
f 1634 1641 1636
f 1697 1704 1699
f 1728 1737 1730
f 1746 1750 1748
f 1664 1676 1666
f 1640 1644 1642
f 1700 1702 1705
f 1724 1726 1736
f 1679 1681 1691
f 1618 1620 1623
f 1708 1710 1713
f 1753 1755 1764
f 1769 1771 1781
f 1738 1740 1749
f 1671 1673 1677
f 1643 1647 1645
f 1701 1707 1703
f 1723 1734 1725
f 1667 1669 1674
f 1633 1635 1638
f 1693 1698 1695
f 1727 1729 1732
f 1743 1745 1752
f 1685 1687 1690
f 1772 1774 1777
f 1757 1762 1759
f 1715 1720 1717
f 1628 1632 1630
f 2187 2189 2191
f 1881 1883 1885
f 1899 1903 1901
f 2277 2281 2279
f 2313 2317 2315
f 2169 2173 2171
f 2156 2158 2160
f 2010 2012 2016
f 2208 2210 2214
f 1917 1924 1919
f 2133 2135 2137
f 1971 1973 1978
f 1989 1996 1991
f 2223 2227 2225
f 2300 2304 2302
f 2174 2176 2178
f 2151 2155 2153
f 2007 2014 2009
f 2205 2212 2207
f 1920 1922 1926
f 1855 1864 1857
f 1801 1810 1803
f 1784 1795 1786
f 1820 1831 1822
f 1838 1849 1840
f 1874 1887 1876
f 2180 2193 2182
f 2310 2321 2312
f 2274 2285 2276
f 1896 1907 1898
f 2089 2098 2091
f 2035 2044 2037
f 1950 1961 1952
f 2054 2067 2056
f 2072 2083 2074
f 2126 2139 2128
f 1964 1975 1966
f 1986 1997 1988
f 2220 2231 2222
f 2291 2298 2293
f 2183 2190 2185
f 1877 1884 1879
f 1891 1900 1893
f 2269 2278 2271
f 2305 2314 2307
f 2161 2170 2163
f 2148 2159 2150
f 2004 2015 2006
f 2202 2213 2204
f 1909 1918 1911
f 2129 2136 2131
f 1967 1977 1969
f 1981 1990 1983
f 2215 2224 2217
f 2288 2301 2290
f 2166 2177 2168
f 2143 2152 2145
f 1999 2008 2001
f 2197 2206 2199
f 1914 1925 1916
f 1806 1817 1808
f 1787 1797 1789
f 1823 1833 1825
f 1841 1851 1843
f 1860 1871 1862
f 1931 1941 1933
f 2108 2119 2110
f 2018 2029 2020
f 2234 2247 2236
f 2255 2262 2257
f 2040 2051 2042
f 1945 1954 1947
f 2057 2064 2059
f 2075 2085 2077
f 2094 2105 2096
f 2111 2121 2113
f 2021 2031 2023
f 2237 2244 2239
f 2252 2265 2254
f 1928 1939 1930
f 1812 1814 1818
f 1791 1793 1798
f 1827 1829 1834
f 1845 1847 1852
f 1866 1868 1872
f 1935 1937 1942
f 2118 2124 2120
f 2028 2034 2030
f 2246 2250 2248
f 2259 2261 2263
f 2048 2050 2052
f 1953 1960 1955
f 2061 2063 2065
f 2079 2081 2086
f 2100 2102 2106
f 2115 2117 2122
f 2025 2027 2032
f 2241 2243 2245
f 2264 2268 2266
f 1938 1944 1940
f 1802 1804 1813
f 1783 1785 1792
f 1819 1821 1828
f 1837 1839 1846
f 1856 1858 1867
f 1927 1929 1936
f 2112 2114 2123
f 2022 2024 2033
f 2238 2240 2249
f 2251 2253 2260
f 2036 2038 2049
f 1949 1951 1959
f 2053 2055 2062
f 2071 2073 2080
f 2090 2092 2101
f 2107 2109 2116
f 2017 2019 2026
f 2233 2235 2242
f 2256 2258 2267
f 1932 1934 1943
f 1859 1861 1869
f 1805 1807 1815
f 1788 1790 1799
f 1824 1826 1835
f 1842 1844 1853
f 1878 1880 1889
f 2184 2186 2195
f 2306 2308 2319
f 2270 2272 2283
f 1892 1894 1905
f 2093 2095 2103
f 2039 2041 2046
f 1946 1948 1957
f 2058 2060 2069
f 2076 2078 2087
f 2130 2132 2141
f 1968 1970 1979
f 1982 1984 1993
f 2216 2218 2229
f 2287 2289 2296
f 2179 2181 2188
f 1873 1875 1882
f 1895 1897 1902
f 2273 2275 2280
f 2309 2311 2316
f 2165 2167 2172
f 2144 2146 2157
f 2000 2002 2011
f 2198 2200 2209
f 1913 1915 1923
f 2125 2127 2134
f 1963 1965 1972
f 1985 1987 1995
f 2219 2221 2226
f 2292 2294 2303
f 2162 2164 2175
f 2147 2149 2154
f 2003 2005 2013
f 2201 2203 2211
f 1910 1912 1921
f 1863 1870 1865
f 1809 1816 1811
f 1794 1800 1796
f 1830 1836 1832
f 1848 1854 1850
f 1886 1890 1888
f 2192 2196 2194
f 2318 2320 2322
f 2282 2284 2286
f 1904 1906 1908
f 2097 2104 2099
f 2043 2047 2045
f 1956 1958 1962
f 2066 2070 2068
f 2082 2088 2084
f 2138 2142 2140
f 1974 1980 1976
f 1992 1994 1998
f 2228 2230 2232
f 2295 2297 2299
f 2331 2329 2330
f 2327 2323 2324
f 2328 2326 2325
f 2334 2333 2332
f 2337 2336 2335
f 2346 2345 2344
f 2412 2409 2410
f 2499 2496 2497
f 2487 2485 2486
f 2436 2435 2434
f 2376 2374 2375
f 2372 2368 2369
f 2373 2371 2370
f 2379 2378 2377
f 2382 2381 2380
f 2396 2392 2393
f 2361 2360 2359
f 2418 2416 2415
f 2457 2456 2455
f 2463 2460 2461
f 2492 2488 2489
f 2402 2398 2399
f 2343 2340 2341
f 2433 2430 2431
f 2478 2475 2476
f 2406 2404 2405
f 2502 2501 2500
f 2484 2482 2481
f 2442 2440 2439
f 2349 2347 2348
f 2468 2464 2465
f 2387 2384 2383
f 2358 2355 2356
f 2421 2419 2420
f 2454 2451 2452
f 2472 2470 2471
f 2388 2385 2386
f 2364 2362 2363
f 2426 2423 2422
f 2448 2446 2445
f 2403 2401 2400
f 2342 2339 2338
f 2432 2429 2428
f 2477 2474 2473
f 2493 2491 2490
f 2462 2459 2458
f 2397 2395 2394
f 2367 2365 2366
f 2427 2424 2425
f 2447 2443 2444
f 2391 2390 2389
f 2357 2354 2353
f 2417 2413 2414
f 2453 2450 2449
f 2469 2467 2466
f 2411 2408 2407
f 2498 2495 2494
f 2483 2479 2480
f 2441 2437 2438
f 2352 2350 2351
f 2509 2511 2510
f 2503 2505 2504
f 2506 2507 2508
f 2512 2513 2514
f 2515 2516 2517
f 2518 2519 2520
f 2555 2556 2554
f 2541 2540 2539
f 2562 2561 2560
f 2522 2521 2523
f 2542 2544 2543
f 2528 2529 2527
f 2531 2530 2532
f 2545 2546 2547
f 2548 2549 2550
f 2551 2553 2552
f 2533 2534 2535
f 2537 2536 2538
f 2559 2557 2558
f 2526 2525 2524